interaction,inputA,inputB,output,channel,error,modeA,signA,modeB,signB,referenceStability,eigenProductStability,productCount,zeroProductCount
1,wave,wave,wave,u*dx(u),0,1,1,1,1,0,0,0,1024
1,wave,wave,wave,v*dy(u),0.592907660756006,15,1,16,1,1.62905022804694e-10,2.92663355772049e-08,1024,0
1,wave,wave,wave,w*dz(u),0.593366062732564,16,1,15,1,1.37419344236056e-05,0.000168929676030327,1024,0
1,wave,wave,wave,u*dx(v),0,1,1,1,1,0,0,0,1024
1,wave,wave,wave,v*dy(v),0.590251816639646,15,1,16,1,1.62904800760089e-10,3.9033023147006e-08,1024,0
1,wave,wave,wave,w*dz(v),0.590637347413935,16,1,15,1,1.37419344234946e-05,0.000168919907692411,1024,0
1,wave,wave,wave,u*dx(w),0,1,1,1,1,0,0,0,1024
1,wave,wave,wave,v*dy(w),0.0014326699801559,16,1,16,1,5.82348613775707e-11,3.90401400096607e-08,1024,0
1,wave,wave,wave,w*dz(w),0.00143266905882691,16,1,16,1,5.82345283106633e-11,3.90419498952355e-08,1024,0
1,wave,wave,wave,u*dx(eta),0,1,1,1,1,0,0,0,1024
1,wave,wave,wave,v*dy(eta),0.0827006983302952,16,1,16,1,3.82782139318749e-10,2.92680629732089e-08,1024,0
1,wave,wave,wave,w*dz(eta),0.0827005271922261,16,1,16,1,3.82781695229539e-10,2.92698483228548e-08,1024,0
1,wave,wave,wave,w*eta*dlogN2,0.0688053530336887,16,1,16,1,6.30698826498133e-11,2.92489006348262e-08,1024,0
1,wave,apv,wave,u*dx(u),0,1,1,-1,0,0,0,0,96
1,wave,apv,wave,v*dy(u),0.00342333313616875,16,1,2,0,4.48764579078004e-14,3.34060481432716e-07,96,0
1,wave,apv,wave,w*dz(u),0.00982462105283406,16,1,2,0,7.09876601945325e-13,4.84022761716084e-07,96,0
1,wave,apv,wave,u*dx(v),0,1,1,-1,0,0,0,0,96
1,wave,apv,wave,v*dy(v),0,1,1,-1,0,0,0,0,96
1,wave,apv,wave,w*dz(v),0,1,1,-1,0,0,0,0,96
1,wave,apv,wave,u*dx(w),0,1,1,-1,0,0,0,0,96
1,wave,apv,wave,v*dy(w),0,1,1,-1,0,0,0,0,96
1,wave,apv,wave,w*dz(w),0,1,1,-1,0,0,0,0,96
1,wave,apv,wave,u*dx(eta),0,1,1,-1,0,0,0,0,96
1,wave,apv,wave,v*dy(eta),0.00102027375035239,16,1,2,0,6.5447647301653e-13,4.97378586983288e-07,96,0
1,wave,apv,wave,w*dz(eta),0.000412769069433228,16,1,2,0,7.65087948551013e-09,6.51734369583323e-07,96,0
1,wave,apv,wave,w*eta*dlogN2,0.0112734067305033,16,1,2,0,4.08562073062058e-13,4.8855244372259e-07,96,0
1,apv,wave,wave,u*dx(u),0,-1,0,1,1,0,0,0,96
1,apv,wave,wave,v*dy(u),0.00342339232039732,2,0,16,1,4.45225425585655e-14,3.34067867913234e-07,96,0
1,apv,wave,wave,w*dz(u),0,-1,0,1,1,0,0,0,96
1,apv,wave,wave,u*dx(v),0,-1,0,1,1,0,0,0,96
1,apv,wave,wave,v*dy(v),0.00336583262587126,2,0,16,1,4.33737206436903e-14,3.12550309005575e-07,96,0
1,apv,wave,wave,w*dz(v),0,-1,0,1,1,0,0,0,96
1,apv,wave,wave,u*dx(w),0,-1,0,1,1,0,0,0,96
1,apv,wave,wave,v*dy(w),7.10407618793408e-05,2,0,15,1,9.99200722162641e-16,2.2249170483768e-07,96,0
1,apv,wave,wave,w*dz(w),0,-1,0,1,1,0,0,0,96
1,apv,wave,wave,u*dx(eta),0,-1,0,1,1,0,0,0,96
1,apv,wave,wave,v*dy(eta),0.000413527389227442,2,0,16,1,1.24344978758018e-14,3.72067340946612e-07,96,0
1,apv,wave,wave,w*dz(eta),0,-1,0,1,1,0,0,0,96
1,apv,wave,wave,w*eta*dlogN2,0,-1,0,1,1,0,0,0,96
1,wave,boundary,wave,u*dx(u),0,1,1,1,0,0,0,0,64
1,wave,boundary,wave,v*dy(u),0.00259210806808904,16,1,2,0,1.79245194470678e-14,1.70569909071268e-07,64,0
1,wave,boundary,wave,w*dz(u),0.00500885344720588,16,1,2,0,4.60124106483145e-13,3.15945533594666e-07,64,0
1,wave,boundary,wave,u*dx(v),0,1,1,1,0,0,0,0,64
1,wave,boundary,wave,v*dy(v),0,1,1,1,0,0,0,0,64
1,wave,boundary,wave,w*dz(v),0,1,1,1,0,0,0,0,64
1,wave,boundary,wave,u*dx(w),0,1,1,1,0,0,0,0,64
1,wave,boundary,wave,v*dy(w),0,1,1,1,0,0,0,0,64
1,wave,boundary,wave,w*dz(w),0,1,1,1,0,0,0,0,64
1,wave,boundary,wave,u*dx(eta),0,1,1,1,0,0,0,0,64
1,wave,boundary,wave,v*dy(eta),0.000528808325474088,16,1,2,0,1.70308211977499e-13,2.15514016410623e-07,64,0
1,wave,boundary,wave,w*dz(eta),0.000347931301126566,15,1,2,0,6.39997166373973e-10,1.21002882602639e-07,64,0
1,wave,boundary,wave,w*eta*dlogN2,0.0112898549555324,16,1,2,0,3.07531777821168e-13,2.85148780920785e-07,64,0
1,boundary,wave,wave,u*dx(u),0,1,0,1,1,0,0,0,64
1,boundary,wave,wave,v*dy(u),0.00167348966774942,2,0,16,1,1.09324636096937e-14,8.85089837045357e-08,64,0
1,boundary,wave,wave,w*dz(u),0,1,0,1,1,0,0,0,64
1,boundary,wave,wave,u*dx(v),0,1,0,1,1,0,0,0,64
1,boundary,wave,wave,v*dy(v),0.00162301437283378,2,0,16,1,1.07408606871164e-14,8.26744941395674e-08,64,0
1,boundary,wave,wave,w*dz(v),0,1,0,1,1,0,0,0,64
1,boundary,wave,wave,u*dx(w),0,1,0,1,1,0,0,0,64
1,boundary,wave,wave,v*dy(w),2.59628807410963e-05,2,0,15,1,4.44089209850063e-16,8.40924526679387e-08,64,0
1,boundary,wave,wave,w*dz(w),0,1,0,1,1,0,0,0,64
1,boundary,wave,wave,u*dx(eta),0,1,0,1,1,0,0,0,64
1,boundary,wave,wave,v*dy(eta),0.000235424731446125,2,0,15,1,2.22044604925031e-15,7.28773247304915e-08,64,0
1,boundary,wave,wave,w*dz(eta),0,1,0,1,1,0,0,0,64
1,boundary,wave,wave,w*eta*dlogN2,0,1,0,1,1,0,0,0,64
1,apv,boundary,wave,u*dx(u),0,-1,0,1,0,0,0,0,6
1,apv,boundary,wave,v*dy(u),0.000565314971358391,-1,0,2,0,4.70509078922101e-15,2.8838749424715e-07,6,0
1,apv,boundary,wave,w*dz(u),0,-1,0,1,0,0,0,0,6
1,apv,boundary,wave,u*dx(v),0,-1,0,1,0,0,0,0,6
1,apv,boundary,wave,v*dy(v),0,-1,0,1,0,0,0,0,6
1,apv,boundary,wave,w*dz(v),0,-1,0,1,0,0,0,0,6
1,apv,boundary,wave,u*dx(w),0,-1,0,1,0,0,0,0,6
1,apv,boundary,wave,v*dy(w),0,-1,0,1,0,0,0,0,6
1,apv,boundary,wave,w*dz(w),0,-1,0,1,0,0,0,0,6
1,apv,boundary,wave,u*dx(eta),0,-1,0,1,0,0,0,0,6
1,apv,boundary,wave,v*dy(eta),2.40702938435723e-05,-1,0,2,0,4.55191440096314e-14,2.73371327574878e-07,6,0
1,apv,boundary,wave,w*dz(eta),0,-1,0,1,0,0,0,0,6
1,apv,boundary,wave,w*eta*dlogN2,0,-1,0,1,0,0,0,0,6
1,boundary,apv,wave,u*dx(u),0,1,0,-1,0,0,0,0,6
1,boundary,apv,wave,v*dy(u),0.000396502180586161,2,0,-1,0,2.72086748564583e-15,3.41272126496652e-07,6,0
1,boundary,apv,wave,w*dz(u),0,1,0,-1,0,0,0,0,6
1,boundary,apv,wave,u*dx(v),0,1,0,-1,0,0,0,0,6
1,boundary,apv,wave,v*dy(v),0,1,0,-1,0,0,0,0,6
1,boundary,apv,wave,w*dz(v),0,1,0,-1,0,0,0,0,6
1,boundary,apv,wave,u*dx(w),0,1,0,-1,0,0,0,0,6
1,boundary,apv,wave,v*dy(w),0,1,0,-1,0,0,0,0,6
1,boundary,apv,wave,w*dz(w),0,1,0,-1,0,0,0,0,6
1,boundary,apv,wave,u*dx(eta),0,1,0,-1,0,0,0,0,6
1,boundary,apv,wave,v*dy(eta),5.08544293041383e-05,2,0,1,0,4.10782519111308e-14,5.7413481302504e-07,6,0
1,boundary,apv,wave,w*dz(eta),0,1,0,-1,0,0,0,0,6
1,boundary,apv,wave,w*eta*dlogN2,0,1,0,-1,0,0,0,0,6
1,boundary,boundary,wave,u*dx(u),0,1,0,1,0,0,0,0,4
1,boundary,boundary,wave,v*dy(u),0.000449382957529901,2,0,1,0,2.60924280809554e-15,5.57023332025563e-07,4,0
1,boundary,boundary,wave,w*dz(u),0,1,0,1,0,0,0,0,4
1,boundary,boundary,wave,u*dx(v),0,1,0,1,0,0,0,0,4
1,boundary,boundary,wave,v*dy(v),0,1,0,1,0,0,0,0,4
1,boundary,boundary,wave,w*dz(v),0,1,0,1,0,0,0,0,4
1,boundary,boundary,wave,u*dx(w),0,1,0,1,0,0,0,0,4
1,boundary,boundary,wave,v*dy(w),0,1,0,1,0,0,0,0,4
1,boundary,boundary,wave,w*dz(w),0,1,0,1,0,0,0,0,4
1,boundary,boundary,wave,u*dx(eta),0,1,0,1,0,0,0,0,4
1,boundary,boundary,wave,v*dy(eta),4.76912843565286e-05,2,0,1,0,9.2148511043888e-14,5.05004714157486e-07,4,0
1,boundary,boundary,wave,w*dz(eta),0,1,0,1,0,0,0,0,4
1,boundary,boundary,wave,w*eta*dlogN2,0,1,0,1,0,0,0,0,4
2,wave,wave,wave,u*dx(u),0.591604404045196,15,1,16,1,1.62907465295348e-10,3.90574153019685e-08,1024,0
2,wave,wave,wave,v*dy(u),0,1,1,1,1,0,0,0,1024
2,wave,wave,wave,w*dz(u),0.592026178039323,16,1,15,1,2.86757555509887e-05,0.000324344502903529,1024,0
2,wave,wave,wave,u*dx(v),0.592243164735675,15,1,16,1,1.62907465295348e-10,2.92815903746302e-08,1024,0
2,wave,wave,wave,v*dy(v),0,1,1,1,1,0,0,0,1024
2,wave,wave,wave,w*dz(v),0.592682602006717,16,1,15,1,2.86757555508776e-05,0.00032435428190003,1024,0
2,wave,wave,wave,u*dx(w),0.00123252166805,16,1,16,1,5.82337511545461e-11,3.90647495462915e-08,1024,0
2,wave,wave,wave,v*dy(w),0,1,1,1,1,0,0,0,1024
2,wave,wave,wave,w*dz(w),0.00123252068552706,16,1,16,1,5.82334180876387e-11,3.90646626158286e-08,1024,0
2,wave,wave,wave,u*dx(eta),0.07129529245919,16,1,16,1,3.82777476382046e-10,2.92835927728774e-08,1024,0
2,wave,wave,wave,v*dy(eta),0,1,1,1,1,0,0,0,1024
2,wave,wave,wave,w*dz(eta),0.0712951092994058,16,1,16,1,3.82776810248231e-10,2.92833960413574e-08,1024,0
2,wave,wave,wave,w*eta*dlogN2,0.0609356606340275,16,1,16,1,6.3069327538301e-11,2.92631434639645e-08,1024,0
2,wave,apv,wave,u*dx(u),0,1,1,-1,0,0,0,0,96
2,wave,apv,wave,v*dy(u),0,1,1,-1,0,0,0,0,96
2,wave,apv,wave,w*dz(u),0,1,1,-1,0,0,0,0,96
2,wave,apv,wave,u*dx(v),0.0034067044535835,16,1,2,0,4.4284834235006e-14,3.2720127859438e-07,96,0
2,wave,apv,wave,v*dy(v),0,1,1,-1,0,0,0,0,96
2,wave,apv,wave,w*dz(v),0.00981417401300677,16,1,2,0,7.09876601945325e-13,4.83779708626564e-07,96,0
2,wave,apv,wave,u*dx(w),0,1,1,-1,0,0,0,0,96
2,wave,apv,wave,v*dy(w),0,1,1,-1,0,0,0,0,96
2,wave,apv,wave,w*dz(w),0,1,1,-1,0,0,0,0,96
2,wave,apv,wave,u*dx(eta),0.000887957821128042,16,1,2,0,6.54587495318992e-13,4.97377750430239e-07,96,0
2,wave,apv,wave,v*dy(eta),0,1,1,-1,0,0,0,0,96
2,wave,apv,wave,w*dz(eta),0.000364369068064404,16,1,2,0,7.65087948551013e-09,6.51734369583323e-07,96,0
2,wave,apv,wave,w*eta*dlogN2,0.00989245776396795,16,1,2,0,4.08562073062058e-13,4.8855244372259e-07,96,0
2,apv,wave,wave,u*dx(u),0.00339069712583586,2,0,16,1,4.42206187573874e-14,3.20479574565035e-07,96,0
2,apv,wave,wave,v*dy(u),0,-1,0,1,1,0,0,0,96
2,apv,wave,wave,w*dz(u),0,-1,0,1,1,0,0,0,96
2,apv,wave,wave,u*dx(v),0.00340677752293252,2,0,16,1,4.45535883577723e-14,3.27210256524673e-07,96,0
2,apv,wave,wave,v*dy(v),0,-1,0,1,1,0,0,0,96
2,apv,wave,wave,w*dz(v),0,-1,0,1,1,0,0,0,96
2,apv,wave,wave,u*dx(w),6.11255912057824e-05,2,0,15,1,9.99200722162641e-16,2.22434809016292e-07,96,0
2,apv,wave,wave,v*dy(w),0,-1,0,1,1,0,0,0,96
2,apv,wave,wave,w*dz(w),0,-1,0,1,1,0,0,0,96
2,apv,wave,wave,u*dx(eta),0.0003650175553473,2,0,16,1,1.25455201782643e-14,3.5497364456534e-07,96,0
2,apv,wave,wave,v*dy(eta),0,-1,0,1,1,0,0,0,96
2,apv,wave,wave,w*dz(eta),0,-1,0,1,1,0,0,0,96
2,apv,wave,wave,w*eta*dlogN2,0,-1,0,1,1,0,0,0,96
2,wave,boundary,wave,u*dx(u),0,1,1,1,0,0,0,0,64
2,wave,boundary,wave,v*dy(u),0,1,1,1,0,0,0,0,64
2,wave,boundary,wave,w*dz(u),0,1,1,1,0,0,0,0,64
2,wave,boundary,wave,u*dx(v),0.00279857948594625,16,-1,2,0,2.11559251119189e-14,1.73114941909516e-07,64,0
2,wave,boundary,wave,v*dy(v),0,1,1,1,0,0,0,0,64
2,wave,boundary,wave,w*dz(v),0.0054379706566594,16,1,2,0,5.18856500594835e-13,4.02995599890765e-07,64,0
2,wave,boundary,wave,u*dx(w),0,1,1,1,0,0,0,0,64
2,wave,boundary,wave,v*dy(w),0,1,1,1,0,0,0,0,64
2,wave,boundary,wave,w*dz(w),0,1,1,1,0,0,0,0,64
2,wave,boundary,wave,u*dx(eta),0.000497833839374849,16,1,2,0,2.1405099914773e-13,3.243087562943e-07,64,0
2,wave,boundary,wave,v*dy(eta),0,1,1,1,0,0,0,0,64
2,wave,boundary,wave,w*dz(eta),0.000330422856776944,15,1,2,0,9.57863788286772e-10,1.31249577872694e-07,64,0
2,wave,boundary,wave,w*eta*dlogN2,0.00890266251837604,16,1,2,0,3.03979064142368e-13,4.04928464647902e-07,64,0
2,boundary,wave,wave,u*dx(u),0.00164426353055842,2,0,16,1,1.09123154121105e-14,8.26948869381283e-08,64,0
2,boundary,wave,wave,v*dy(u),0,1,0,1,1,0,0,0,64
2,boundary,wave,wave,w*dz(u),0,1,0,1,1,0,0,0,64
2,boundary,wave,wave,u*dx(v),0.00165866266056452,2,0,16,1,1.09250990836873e-14,8.31464237572164e-08,64,0
2,boundary,wave,wave,v*dy(v),0,1,0,1,1,0,0,0,64
2,boundary,wave,wave,w*dz(v),0,1,0,1,1,0,0,0,64
2,boundary,wave,wave,u*dx(w),2.23385454559755e-05,2,0,15,1,4.44089209850063e-16,8.41154805808486e-08,64,0
2,boundary,wave,wave,v*dy(w),0,1,0,1,1,0,0,0,64
2,boundary,wave,wave,w*dz(w),0,1,0,1,1,0,0,0,64
2,boundary,wave,wave,u*dx(eta),0.000209832705818076,2,0,15,1,2.1094237467878e-15,7.28910281022621e-08,64,0
2,boundary,wave,wave,v*dy(eta),0,1,0,1,1,0,0,0,64
2,boundary,wave,wave,w*dz(eta),0,1,0,1,1,0,0,0,64
2,boundary,wave,wave,w*eta*dlogN2,0,1,0,1,1,0,0,0,64
2,apv,boundary,wave,u*dx(u),0,-1,0,1,0,0,0,0,6
2,apv,boundary,wave,v*dy(u),0,-1,0,1,0,0,0,0,6
2,apv,boundary,wave,w*dz(u),0,-1,0,1,0,0,0,0,6
2,apv,boundary,wave,u*dx(v),0.000590158365386903,2,0,2,0,5.80229355497784e-15,2.67775430495831e-07,6,0
2,apv,boundary,wave,v*dy(v),0,-1,0,1,0,0,0,0,6
2,apv,boundary,wave,w*dz(v),0,-1,0,1,0,0,0,0,6
2,apv,boundary,wave,u*dx(w),0,-1,0,1,0,0,0,0,6
2,apv,boundary,wave,v*dy(w),0,-1,0,1,0,0,0,0,6
2,apv,boundary,wave,w*dz(w),0,-1,0,1,0,0,0,0,6
2,apv,boundary,wave,u*dx(eta),2.39283029349366e-05,2,0,2,0,5.6843418860808e-14,3.48750239131945e-07,6,0
2,apv,boundary,wave,v*dy(eta),0,-1,0,1,0,0,0,0,6
2,apv,boundary,wave,w*dz(eta),0,-1,0,1,0,0,0,0,6
2,apv,boundary,wave,w*eta*dlogN2,0,-1,0,1,0,0,0,0,6
2,boundary,apv,wave,u*dx(u),0,1,0,-1,0,0,0,0,6
2,boundary,apv,wave,v*dy(u),0,1,0,-1,0,0,0,0,6
2,boundary,apv,wave,w*dz(u),0,1,0,-1,0,0,0,0,6
2,boundary,apv,wave,u*dx(v),0.000395981005606497,2,0,-1,0,2.61282030343397e-15,3.30513364232843e-07,6,0
2,boundary,apv,wave,v*dy(v),0,1,0,-1,0,0,0,0,6
2,boundary,apv,wave,w*dz(v),0,1,0,-1,0,0,0,0,6
2,boundary,apv,wave,u*dx(w),0,1,0,-1,0,0,0,0,6
2,boundary,apv,wave,v*dy(w),0,1,0,-1,0,0,0,0,6
2,boundary,apv,wave,w*dz(w),0,1,0,-1,0,0,0,0,6
2,boundary,apv,wave,u*dx(eta),4.43148265404585e-05,2,0,1,0,4.10782519111308e-14,5.7413481302504e-07,6,0
2,boundary,apv,wave,v*dy(eta),0,1,0,-1,0,0,0,0,6
2,boundary,apv,wave,w*dz(eta),0,1,0,-1,0,0,0,0,6
2,boundary,apv,wave,w*eta*dlogN2,0,1,0,-1,0,0,0,0,6
2,boundary,boundary,wave,u*dx(u),0,1,0,1,0,0,0,0,4
2,boundary,boundary,wave,v*dy(u),0,1,0,1,0,0,0,0,4
2,boundary,boundary,wave,w*dz(u),0,1,0,1,0,0,0,0,4
2,boundary,boundary,wave,u*dx(v),0.000398758051645146,2,0,1,0,2.83873856794999e-15,3.11825912424624e-07,4,0
2,boundary,boundary,wave,v*dy(v),0,1,0,1,0,0,0,0,4
2,boundary,boundary,wave,w*dz(v),0,1,0,1,0,0,0,0,4
2,boundary,boundary,wave,u*dx(w),0,1,0,1,0,0,0,0,4
2,boundary,boundary,wave,v*dy(w),0,1,0,1,0,0,0,0,4
2,boundary,boundary,wave,w*dz(w),0,1,0,1,0,0,0,0,4
2,boundary,boundary,wave,u*dx(eta),4.25362728255854e-05,2,0,1,0,8.32667268468867e-14,6.57926760516681e-07,4,0
2,boundary,boundary,wave,v*dy(eta),0,1,0,1,0,0,0,0,4
2,boundary,boundary,wave,w*dz(eta),0,1,0,1,0,0,0,0,4
2,boundary,boundary,wave,w*eta*dlogN2,0,1,0,1,0,0,0,0,4
3,wave,wave,wave,u*dx(u),0.592907775432422,15,1,16,1,1.6290213622483e-10,3.90368051217393e-08,1024,0
3,wave,wave,wave,v*dy(u),0.592907775432422,15,-1,16,1,1.62902358269434e-10,3.90355180401869e-08,1024,0
3,wave,wave,wave,w*dz(u),0.593366964085975,16,1,15,1,6.20212520785479e-06,0.000143971998159742,1024,0
3,wave,wave,wave,u*dx(v),0.592239138109327,15,-1,16,1,1.62902358269434e-10,3.90392282945129e-08,1024,0
3,wave,wave,wave,v*dy(v),0.592239138109327,15,-1,16,1,1.6290213622483e-10,3.90379412129604e-08,1024,0
3,wave,wave,wave,w*dz(v),0.592679270610804,16,1,15,1,6.20212520785479e-06,0.000143971995736347,1024,0
3,wave,wave,wave,u*dx(w),0.000716489024158508,16,1,16,1,5.82355275113855e-11,3.90471746047893e-08,1024,0
3,wave,wave,wave,v*dy(w),0.000716489024158508,16,1,16,1,5.82355275113855e-11,3.90458873011923e-08,1024,0
3,wave,wave,wave,w*dz(w),0.000716488678917944,16,1,16,1,5.82353054667806e-11,3.9047730937547e-08,1024,0
3,wave,wave,wave,u*dx(eta),0.0416476219871648,16,1,16,1,3.8278757941157e-10,2.92713671079525e-08,1024,0
3,wave,wave,wave,v*dy(eta),0.0416476219871648,16,1,16,1,3.82787357366965e-10,2.92700795823109e-08,1024,0
3,wave,wave,wave,w*dz(eta),0.0416475570244365,16,1,16,1,3.82787246344662e-10,2.92717680094867e-08,1024,0
3,wave,wave,wave,w*eta*dlogN2,0.0389124777595909,16,1,16,1,6.30701046944182e-11,2.92509081400993e-08,1024,0
3,wave,apv,wave,u*dx(u),0.00342345175986139,16,1,2,0,4.48082289378648e-14,3.34082240709994e-07,96,0
3,wave,apv,wave,v*dy(u),0.00342345175986146,16,1,2,0,4.45750231194346e-14,3.34082241150241e-07,96,0
3,wave,apv,wave,w*dz(u),0.00982460752506158,16,1,2,0,7.09876601945325e-13,4.84152197208607e-07,96,0
3,wave,apv,wave,u*dx(v),0.00339123638984862,16,1,2,0,4.45907470050407e-14,3.25433656220859e-07,96,0
3,wave,apv,wave,v*dy(v),0.0033912363898489,16,1,2,0,4.45927174683202e-14,3.2543365714957e-07,96,0
3,wave,apv,wave,w*dz(v),0.00981394646898368,16,1,2,0,7.09876601945325e-13,4.83779708626564e-07,96,0
3,wave,apv,wave,u*dx(w),0,1,1,-1,0,0,0,0,96
3,wave,apv,wave,v*dy(w),0,1,1,-1,0,0,0,0,96
3,wave,apv,wave,w*dz(w),0,1,1,-1,0,0,0,0,96
3,wave,apv,wave,u*dx(eta),0.000536588468713936,16,1,2,0,6.54587495318992e-13,4.97377750430239e-07,96,0
3,wave,apv,wave,v*dy(eta),0.000536588468713933,16,1,2,0,6.5447647301653e-13,4.97378586983288e-07,96,0
3,wave,apv,wave,w*dz(eta),0.000231436494102996,16,1,2,0,7.65087948551013e-09,6.51734369583323e-07,96,0
3,wave,apv,wave,w*eta*dlogN2,0.0061377564534578,16,1,2,0,4.08562073062058e-13,4.8855244372259e-07,96,0
3,apv,wave,wave,u*dx(u),0.00342349614907205,2,0,16,1,4.50216680339567e-14,3.34087801762221e-07,96,0
3,apv,wave,wave,v*dy(u),0.00342349614907213,2,0,16,1,4.50552549519693e-14,3.34087801705831e-07,96,0
3,apv,wave,wave,w*dz(u),0,-1,0,1,1,0,0,0,96
3,apv,wave,wave,u*dx(v),0.00339128042258421,2,0,16,1,4.4007153537615e-14,3.25439072189392e-07,96,0
3,apv,wave,wave,v*dy(v),0.00339128042258418,2,0,16,1,4.40732733914616e-14,3.25439072127357e-07,96,0
3,apv,wave,wave,w*dz(v),0,-1,0,1,1,0,0,0,96
3,apv,wave,wave,u*dx(w),3.5544010960376e-05,2,0,15,1,6.66133814775094e-16,2.22520933457204e-07,96,0
3,apv,wave,wave,v*dy(w),3.55440109603762e-05,2,0,15,1,6.66133814775094e-16,2.22520933457204e-07,96,0
3,apv,wave,wave,w*dz(w),0,-1,0,1,1,0,0,0,96
3,apv,wave,wave,u*dx(eta),0.000231807954542589,2,0,16,1,1.24344978758018e-14,2.75271238254066e-07,96,0
3,apv,wave,wave,v*dy(eta),0.000231807954542583,2,0,16,1,1.24344978758018e-14,2.75271238183814e-07,96,0
3,apv,wave,wave,w*dz(eta),0,-1,0,1,1,0,0,0,96
3,apv,wave,wave,w*eta*dlogN2,0,-1,0,1,1,0,0,0,96
3,wave,boundary,wave,u*dx(u),0.00232637441102947,16,1,2,0,1.53757999531016e-14,1.42680458469075e-07,64,0
3,wave,boundary,wave,v*dy(u),0.00232637441102941,16,1,2,0,1.53559283188435e-14,1.42680446868336e-07,64,0
3,wave,boundary,wave,w*dz(u),0.00452570666735426,16,1,2,0,4.0332918293135e-13,2.50977177084131e-07,64,0
3,wave,boundary,wave,u*dx(v),0.00228457760018697,16,1,2,0,1.53140721416187e-14,1.28742804634131e-07,64,0
3,wave,boundary,wave,v*dy(v),0.00228457760018717,16,1,2,0,1.54007603983292e-14,1.28742793908469e-07,64,0
3,wave,boundary,wave,w*dz(v),0.00452059476277777,16,1,2,0,4.02810655172666e-13,2.13169890850295e-07,64,0
3,wave,boundary,wave,u*dx(w),0,1,1,1,0,0,0,0,64
3,wave,boundary,wave,v*dy(w),0,1,1,1,0,0,0,0,64
3,wave,boundary,wave,w*dz(w),0,1,1,1,0,0,0,0,64
3,wave,boundary,wave,u*dx(eta),0.000252351701561205,16,1,2,0,1.36335387423969e-13,1.55368227838792e-07,64,0
3,wave,boundary,wave,v*dy(eta),0.000252351701561197,16,1,2,0,1.36335387423969e-13,1.55366940646218e-07,64,0
3,wave,boundary,wave,w*dz(eta),0.000184690164676632,15,1,2,0,4.5326520314859e-10,1.01666901897168e-07,64,0
3,wave,boundary,wave,w*eta*dlogN2,0.00666431218138485,16,1,2,0,3.05866443284231e-13,2.13359288125936e-07,64,0
3,boundary,wave,wave,u*dx(u),0.00167357670573056,2,0,16,1,1.11405598068895e-14,9.04031530656208e-08,64,0
3,boundary,wave,wave,v*dy(u),0.00167357670573063,2,0,16,1,1.11814891891998e-14,9.04031531977057e-08,64,0
3,boundary,wave,wave,w*dz(u),0,1,0,1,1,0,0,0,64
3,boundary,wave,wave,u*dx(v),0.00164269499624368,2,0,16,1,1.08997964898646e-14,8.26817665444679e-08,64,0
3,boundary,wave,wave,v*dy(v),0.0016426949962437,2,0,16,1,1.09007150099508e-14,8.26817664334456e-08,64,0
3,boundary,wave,wave,w*dz(v),0,1,0,1,1,0,0,0,64
3,boundary,wave,wave,u*dx(w),1.29890049292977e-05,2,0,15,1,6.66133814775094e-16,8.40983590544297e-08,64,0
3,boundary,wave,wave,v*dy(w),1.29890049292976e-05,2,0,15,1,4.44089209850063e-16,8.40983590544297e-08,64,0
3,boundary,wave,wave,w*dz(w),0,1,0,1,1,0,0,0,64
3,boundary,wave,wave,u*dx(eta),0.000137030519024821,2,0,15,1,2.22044604925031e-15,7.28797459048636e-08,64,0
3,boundary,wave,wave,v*dy(eta),0.000137030519024822,2,0,15,1,2.22044604925031e-15,7.28797457938413e-08,64,0
3,boundary,wave,wave,w*dz(eta),0,1,0,1,1,0,0,0,64
3,boundary,wave,wave,w*eta*dlogN2,0,1,0,1,1,0,0,0,64
3,apv,boundary,wave,u*dx(u),0.000525310166659016,-1,0,2,0,4.14765075805772e-15,3.09074029690237e-07,6,0
3,apv,boundary,wave,v*dy(u),0.000525310166659007,-1,0,2,0,4.13128995090329e-15,3.09074029742594e-07,6,0
3,apv,boundary,wave,w*dz(u),0,-1,0,1,0,0,0,0,6
3,apv,boundary,wave,u*dx(v),0.000524611882690339,-1,0,2,0,4.20472079683232e-15,2.91042544731113e-07,6,0
3,apv,boundary,wave,v*dy(v),0.000524611882690334,-1,0,2,0,4.13082188834119e-15,2.91042544731113e-07,6,0
3,apv,boundary,wave,w*dz(v),0,-1,0,1,0,0,0,0,6
3,apv,boundary,wave,u*dx(w),0,-1,0,1,0,0,0,0,6
3,apv,boundary,wave,v*dy(w),0,-1,0,1,0,0,0,0,6
3,apv,boundary,wave,w*dz(w),0,-1,0,1,0,0,0,0,6
3,apv,boundary,wave,u*dx(eta),1.10864658327739e-05,-1,0,2,0,3.50830475781549e-14,2.40172792320692e-07,6,0
3,apv,boundary,wave,v*dy(eta),1.10864658327881e-05,-1,0,2,0,3.49720252756924e-14,2.40172792320692e-07,6,0
3,apv,boundary,wave,w*dz(eta),0,-1,0,1,0,0,0,0,6
3,apv,boundary,wave,w*eta*dlogN2,0,-1,0,1,0,0,0,0,6
3,boundary,apv,wave,u*dx(u),0.000396506674744929,2,0,-1,0,2.71525653114339e-15,3.41594635407641e-07,6,0
3,boundary,apv,wave,v*dy(u),0.000396506674744896,2,0,-1,0,2.66059082897242e-15,3.4159463537642e-07,6,0
3,boundary,apv,wave,w*dz(u),0,1,0,-1,0,0,0,0,6
3,boundary,apv,wave,u*dx(v),0.000395977281960246,2,0,-1,0,2.57256613893971e-15,3.30513364232843e-07,6,0
3,boundary,apv,wave,v*dy(v),0.000395977281960277,2,0,-1,0,2.57093186562268e-15,3.30513364232843e-07,6,0
3,boundary,apv,wave,w*dz(v),0,1,0,-1,0,0,0,0,6
3,boundary,apv,wave,u*dx(w),0,1,0,-1,0,0,0,0,6
3,boundary,apv,wave,v*dy(w),0,1,0,-1,0,0,0,0,6
3,boundary,apv,wave,w*dz(w),0,1,0,-1,0,0,0,0,6
3,boundary,apv,wave,u*dx(eta),2.69215511562537e-05,2,0,1,0,4.10782519111308e-14,5.7413481302504e-07,6,0
3,boundary,apv,wave,v*dy(eta),2.69215511562552e-05,2,0,1,0,4.10782519111308e-14,5.7413481302504e-07,6,0
3,boundary,apv,wave,w*dz(eta),0,1,0,-1,0,0,0,0,6
3,boundary,apv,wave,w*eta*dlogN2,0,1,0,-1,0,0,0,0,6
3,boundary,boundary,wave,u*dx(u),0.000483436581946398,2,0,1,0,2.70410240132712e-15,7.60464614791054e-07,4,0
3,boundary,boundary,wave,v*dy(u),0.000483436581946363,2,0,1,0,2.73300374641206e-15,7.60464615001323e-07,4,0
3,boundary,boundary,wave,w*dz(u),0,1,0,1,0,0,0,0,4
3,boundary,boundary,wave,u*dx(v),0.000482780789345291,2,0,1,0,2.44991384017882e-15,6.31223163738426e-07,4,0
3,boundary,boundary,wave,v*dy(v),0.000482780789345208,2,0,1,0,2.44378154147823e-15,6.31223163516381e-07,4,0
3,boundary,boundary,wave,w*dz(v),0,1,0,1,0,0,0,0,4
3,boundary,boundary,wave,u*dx(w),0,1,0,1,0,0,0,0,4
3,boundary,boundary,wave,v*dy(w),0,1,0,1,0,0,0,0,4
3,boundary,boundary,wave,w*dz(w),0,1,0,1,0,0,0,0,4
3,boundary,boundary,wave,u*dx(eta),2.41035943803459e-05,2,0,1,0,9.98090499138016e-14,3.66895691605862e-07,4,0
3,boundary,boundary,wave,v*dy(eta),2.4103594380288e-05,2,0,1,0,9.95870053088765e-14,3.66895691716884e-07,4,0
3,boundary,boundary,wave,w*dz(eta),0,1,0,1,0,0,0,0,4
3,boundary,boundary,wave,w*eta*dlogN2,0,1,0,1,0,0,0,0,4
4,wave,wave,wave,u*dx(u),0.591600597928692,15,1,16,1,1.62899693734175e-10,3.90066164923653e-08,1024,0
4,wave,wave,wave,v*dy(u),0,1,1,1,1,0,0,0,1024
4,wave,wave,wave,w*dz(u),0.592023916259353,16,1,15,1,3.48233084557226e-06,8.08144439312652e-05,1024,0
4,wave,wave,wave,u*dx(v),0.592907626133706,15,1,16,1,1.62899693734175e-10,2.92525045297864e-08,1024,0
4,wave,wave,wave,v*dy(v),0,1,1,1,1,0,0,0,1024
4,wave,wave,wave,w*dz(v),0.593367477514975,16,1,15,1,3.48233084568328e-06,8.08241988319303e-05,1024,0
4,wave,wave,wave,u*dx(w),0.00100301499748753,16,1,16,1,5.82365267121077e-11,3.90137393502243e-08,1024,0
4,wave,wave,wave,v*dy(w),0,1,1,1,1,0,0,0,1024
4,wave,wave,wave,w*dz(w),0.00100301468163391,16,1,16,1,5.82367487567126e-11,3.90141667860888e-08,1024,0
4,wave,wave,wave,u*dx(eta),0.0581498657287347,16,1,16,1,3.82792797459786e-10,2.92542380320171e-08,1024,0
4,wave,wave,wave,v*dy(eta),0,1,1,1,1,0,0,0,1024
4,wave,wave,wave,w*dz(eta),0.0581498066048947,16,1,16,1,3.82792797459786e-10,2.92545038194092e-08,1024,0
4,wave,wave,wave,w*eta*dlogN2,0.0515247771197634,16,1,16,1,6.30704377613256e-11,2.9233773957138e-08,1024,0
4,wave,apv,wave,u*dx(u),0,1,1,-1,0,0,0,0,96
4,wave,apv,wave,v*dy(u),0,1,1,-1,0,0,0,0,96
4,wave,apv,wave,w*dz(u),0,1,1,-1,0,0,0,0,96
4,wave,apv,wave,u*dx(v),0.00342341377257527,16,1,2,0,4.47863377369091e-14,3.34075210316652e-07,96,0
4,wave,apv,wave,v*dy(v),0,1,1,-1,0,0,0,0,96
4,wave,apv,wave,w*dz(v),0.00982461185395285,16,1,2,0,7.09876601945325e-13,4.84110826937688e-07,96,0
4,wave,apv,wave,u*dx(w),0,1,1,-1,0,0,0,0,96
4,wave,apv,wave,v*dy(w),0,1,1,-1,0,0,0,0,96
4,wave,apv,wave,w*dz(w),0,1,1,-1,0,0,0,0,96
4,wave,apv,wave,u*dx(eta),0.000733909914726895,16,1,2,0,6.54587495318992e-13,4.97377750430239e-07,96,0
4,wave,apv,wave,v*dy(eta),0,1,1,-1,0,0,0,0,96
4,wave,apv,wave,w*dz(eta),0.000307179461629746,16,1,2,0,7.65087948551013e-09,6.51734369583323e-07,96,0
4,wave,apv,wave,w*eta*dlogN2,0.00826520521098204,16,1,2,0,4.08562073062058e-13,4.8855244372259e-07,96,0
4,apv,wave,wave,u*dx(u),0.00338218808385989,2,0,16,1,4.46149828690578e-14,3.19289341949752e-07,96,0
4,apv,wave,wave,v*dy(u),0,-1,0,1,1,0,0,0,96
4,apv,wave,wave,w*dz(u),0,-1,0,1,1,0,0,0,96
4,apv,wave,wave,u*dx(v),0.00342344277325359,2,0,16,1,4.46565606766816e-14,3.34078836007598e-07,96,0
4,apv,wave,wave,v*dy(v),0,-1,0,1,1,0,0,0,96
4,apv,wave,wave,w*dz(v),0,-1,0,1,1,0,0,0,96
4,apv,wave,wave,u*dx(w),4.97510626480918e-05,2,0,15,1,1.22124532708767e-15,2.22590732956718e-07,96,0
4,apv,wave,wave,v*dy(w),0,-1,0,1,1,0,0,0,96
4,apv,wave,wave,w*dz(w),0,-1,0,1,1,0,0,0,96
4,apv,wave,wave,u*dx(eta),0.000307706272197415,2,0,16,1,1.24344978758018e-14,3.27645375273551e-07,96,0
4,apv,wave,wave,v*dy(eta),0,-1,0,1,1,0,0,0,96
4,apv,wave,wave,w*dz(eta),0,-1,0,1,1,0,0,0,96
4,apv,wave,wave,w*eta*dlogN2,0,-1,0,1,1,0,0,0,96
4,wave,boundary,wave,u*dx(u),0,1,1,1,0,0,0,0,64
4,wave,boundary,wave,v*dy(u),0,1,1,1,0,0,0,0,64
4,wave,boundary,wave,w*dz(u),0,1,1,1,0,0,0,0,64
4,wave,boundary,wave,u*dx(v),0.002071919500737,16,1,2,0,1.33781387931236e-14,1.19851109262449e-07,64,0
4,wave,boundary,wave,v*dy(v),0,1,1,1,0,0,0,0,64
4,wave,boundary,wave,w*dz(v),0.00406432832410609,16,1,2,0,3.51435566787225e-13,2.07573308975667e-07,64,0
4,wave,boundary,wave,u*dx(w),0,1,1,1,0,0,0,0,64
4,wave,boundary,wave,v*dy(w),0,1,1,1,0,0,0,0,64
4,wave,boundary,wave,w*dz(w),0,1,1,1,0,0,0,0,64
4,wave,boundary,wave,u*dx(eta),0.000310944568932175,16,1,2,0,1.0813572259849e-13,1.22199320995442e-07,64,0
4,wave,boundary,wave,v*dy(eta),0,1,1,1,0,0,0,0,64
4,wave,boundary,wave,w*dz(eta),0.000217453469319384,15,1,2,0,3.337095044742e-10,8.48120700336352e-08,64,0
4,wave,boundary,wave,w*eta*dlogN2,0.00963281289939276,16,1,2,0,3.0053737276603e-13,1.65730206669323e-07,64,0
4,boundary,wave,wave,u*dx(u),0.00163556993581558,2,0,16,1,1.06981456609645e-14,8.26513710805443e-08,64,0
4,boundary,wave,wave,v*dy(u),0,1,0,1,1,0,0,0,64
4,boundary,wave,wave,w*dz(u),0,1,0,1,1,0,0,0,64
4,boundary,wave,wave,u*dx(v),0.00167353820884925,2,0,16,1,1.1299089326622e-14,8.85202865563936e-08,64,0
4,boundary,wave,wave,v*dy(v),0,1,0,1,1,0,0,0,64
4,boundary,wave,wave,w*dz(v),0,1,0,1,1,0,0,0,64
4,boundary,wave,wave,u*dx(w),1.81812761983001e-05,2,0,15,1,4.44089209850063e-16,8.40650715705493e-08,64,0
4,boundary,wave,wave,v*dy(w),0,1,0,1,1,0,0,0,64
4,boundary,wave,wave,w*dz(w),0,1,0,1,1,0,0,0,64
4,boundary,wave,wave,u*dx(eta),0.000179032815242684,2,0,15,1,2.22044604925031e-15,7.28630237256667e-08,64,0
4,boundary,wave,wave,v*dy(eta),0,1,0,1,1,0,0,0,64
4,boundary,wave,wave,w*dz(eta),0,1,0,1,1,0,0,0,64
4,boundary,wave,wave,w*eta*dlogN2,0,1,0,1,1,0,0,0,64
4,apv,boundary,wave,u*dx(u),0,-1,0,1,0,0,0,0,6
4,apv,boundary,wave,v*dy(u),0,-1,0,1,0,0,0,0,6
4,apv,boundary,wave,w*dz(u),0,-1,0,1,0,0,0,0,6
4,apv,boundary,wave,u*dx(v),0.000477905495211243,-1,0,2,0,3.42114050375336e-15,3.22624495440637e-07,6,0
4,apv,boundary,wave,v*dy(v),0,-1,0,1,0,0,0,0,6
4,apv,boundary,wave,w*dz(v),0,-1,0,1,0,0,0,0,6
4,apv,boundary,wave,u*dx(w),0,-1,0,1,0,0,0,0,6
4,apv,boundary,wave,v*dy(w),0,-1,0,1,0,0,0,0,6
4,apv,boundary,wave,w*dz(w),0,-1,0,1,0,0,0,0,6
4,apv,boundary,wave,u*dx(eta),1.39403688804734e-05,-1,0,2,0,2.57571741713036e-14,2.72721889071903e-07,6,0
4,apv,boundary,wave,v*dy(eta),0,-1,0,1,0,0,0,0,6
4,apv,boundary,wave,w*dz(eta),0,-1,0,1,0,0,0,0,6
4,apv,boundary,wave,w*eta*dlogN2,0,-1,0,1,0,0,0,0,6
4,boundary,apv,wave,u*dx(u),0,1,0,-1,0,0,0,0,6
4,boundary,apv,wave,v*dy(u),0,1,0,-1,0,0,0,0,6
4,boundary,apv,wave,w*dz(u),0,1,0,-1,0,0,0,0,6
4,boundary,apv,wave,u*dx(v),0.000396505236580496,2,0,-1,0,2.80947693372753e-15,3.41491453798904e-07,6,0
4,boundary,apv,wave,v*dy(v),0,1,0,-1,0,0,0,0,6
4,boundary,apv,wave,w*dz(v),0,1,0,-1,0,0,0,0,6
4,boundary,apv,wave,u*dx(w),0,1,0,-1,0,0,0,0,6
4,boundary,apv,wave,v*dy(w),0,1,0,-1,0,0,0,0,6
4,boundary,apv,wave,w*dz(w),0,1,0,-1,0,0,0,0,6
4,boundary,apv,wave,u*dx(eta),3.66978344209738e-05,2,0,1,0,4.10782519111308e-14,5.7413481302504e-07,6,0
4,boundary,apv,wave,v*dy(eta),0,1,0,-1,0,0,0,0,6
4,boundary,apv,wave,w*dz(eta),0,1,0,-1,0,0,0,0,6
4,boundary,apv,wave,w*eta*dlogN2,0,1,0,-1,0,0,0,0,6
4,boundary,boundary,wave,u*dx(u),0,1,0,1,0,0,0,0,4
4,boundary,boundary,wave,v*dy(u),0,1,0,1,0,0,0,0,4
4,boundary,boundary,wave,w*dz(u),0,1,0,1,0,0,0,0,4
4,boundary,boundary,wave,u*dx(v),0.000495063357242374,2,0,1,0,2.57945687784608e-15,9.31932923123228e-07,4,0
4,boundary,boundary,wave,v*dy(v),0,1,0,1,0,0,0,0,4
4,boundary,boundary,wave,w*dz(v),0,1,0,1,0,0,0,0,4
4,boundary,boundary,wave,u*dx(w),0,1,0,1,0,0,0,0,4
4,boundary,boundary,wave,v*dy(w),0,1,0,1,0,0,0,0,4
4,boundary,boundary,wave,w*dz(w),0,1,0,1,0,0,0,0,4
4,boundary,boundary,wave,u*dx(eta),3.14451286840658e-05,2,0,1,0,1.04249942012302e-13,2.71833223357588e-07,4,0
4,boundary,boundary,wave,v*dy(eta),0,1,0,1,0,0,0,0,4
4,boundary,boundary,wave,w*dz(eta),0,1,0,1,0,0,0,0,4
4,boundary,boundary,wave,w*eta*dlogN2,0,1,0,1,0,0,0,0,4
5,wave,wave,inertial,u*dx(u),0.00171411501807114,16,-1,14,1,1.62894586708262e-10,3.89917673704332e-08,1024,0
5,wave,wave,inertial,v*dy(u),0.00171411501807157,16,-1,14,1,1.62894808752867e-10,3.89904801778584e-08,1024,0
5,wave,wave,inertial,w*dz(u),0.00644518579843605,2,1,1,1,1.24243459931339e-06,2.88136265083061e-05,1024,0
5,wave,wave,inertial,u*dx(v),0.00171411501807128,14,1,16,1,1.62894364663657e-10,3.89904801778584e-08,1024,0
5,wave,wave,inertial,v*dy(v),0.00171411501807109,14,-1,16,1,1.62894586708262e-10,3.89891929852837e-08,1024,0
5,wave,wave,inertial,w*dz(v),0.006445185798436,2,1,1,1,1.24243459920237e-06,2.88136277952766e-05,1024,0
5,wave,wave,mda,u*dx(eta),0.00550303417488069,16,1,16,1,3.82803011511612e-10,1.17075287253669e-07,1024,0
5,wave,wave,mda,v*dy(eta),0.00550303417488072,16,1,16,1,3.82803011511612e-10,1.17075331983493e-07,1024,0
5,wave,wave,mda,w*dz(eta),0.00550303417488072,16,1,16,1,3.82802789467007e-10,1.2568264227035e-07,1024,0
5,wave,wave,mda,w*eta*dlogN2,0.0347274530894403,16,1,16,1,6.30711038951404e-11,2.92261852496978e-08,1024,0
5,wave,apv,inertial,u*dx(u),0.000633679345045936,16,1,1,0,1.53210777398272e-14,2.29537776598179e-07,96,0
5,wave,apv,inertial,v*dy(u),0.000633679345045954,16,1,1,0,1.57651669496772e-14,2.29537783914939e-07,96,0
5,wave,apv,inertial,w*dz(u),0.000406244145731233,15,1,2,0,7.09876601945325e-13,4.83779708737586e-07,96,0
5,wave,apv,inertial,u*dx(v),0.000633679345045945,16,1,1,0,1.53210777398272e-14,2.29537776874578e-07,96,0
5,wave,apv,inertial,v*dy(v),0.000633679345045926,16,1,1,0,1.55431223447522e-14,2.29537784040794e-07,96,0
5,wave,apv,inertial,w*dz(v),0.00040624414573127,15,1,2,0,7.09876601945325e-13,4.83779708626564e-07,96,0
5,wave,apv,mda,u*dx(eta),0.000298553929124155,16,1,2,0,6.16062756364499e-13,2.86326941161523e-07,96,0
5,wave,apv,mda,v*dy(eta),0.000298553929124619,16,1,2,0,6.16062756364499e-13,2.86326143576979e-07,96,0
5,wave,apv,mda,w*dz(eta),0.000254788483039469,3,1,-1,0,7.65084773313163e-09,0.00887346012292194,96,0
5,wave,apv,mda,w*eta*dlogN2,0.00455092144925419,16,1,2,0,4.08562073062058e-13,4.88552443500545e-07,96,0
5,apv,wave,inertial,u*dx(u),0.000633679345045948,1,0,16,1,1.53210777398272e-14,2.29537776602343e-07,96,0
5,apv,wave,inertial,v*dy(u),0.000633679345045921,1,0,16,1,1.55431223447522e-14,2.29537776629602e-07,96,0
5,apv,wave,inertial,w*dz(u),0,-1,0,1,1,0,0,0,96
5,apv,wave,inertial,u*dx(v),0.000633679345045922,1,0,16,1,1.55431223447522e-14,2.29537784057076e-07,96,0
5,apv,wave,inertial,v*dy(v),0.000633679345045907,1,0,16,1,1.55431223447522e-14,2.29537784043032e-07,96,0
5,apv,wave,inertial,w*dz(v),0,-1,0,1,1,0,0,0,96
5,apv,wave,mda,u*dx(eta),0.000216637502984683,1,0,15,1,1.26565424807268e-14,4.2848062319451e-07,96,0
5,apv,wave,mda,v*dy(eta),0.000216637502984664,1,0,15,1,1.25455201782643e-14,4.28480623150006e-07,96,0
5,apv,wave,mda,w*dz(eta),0,-1,0,1,1,0,0,0,96
5,apv,wave,mda,w*eta*dlogN2,0,-1,0,1,1,0,0,0,96
5,wave,boundary,inertial,u*dx(u),0.000381034446551968,16,1,2,0,3.13476982872236e-15,8.26407233756044e-08,64,0
5,wave,boundary,inertial,v*dy(u),0.000381034446551971,16,1,2,0,3.11266010043977e-15,8.26394361830296e-08,64,0
5,wave,boundary,inertial,w*dz(u),0.00015232548840843,15,1,2,0,1.08246744900953e-13,1.08163918821624e-07,64,0
5,wave,boundary,inertial,u*dx(v),0.000381034446551999,16,1,2,0,3.11676433342638e-15,8.2640723264582e-08,64,0
5,wave,boundary,inertial,v*dy(v),0.000381034446551932,16,1,2,0,3.14343571399017e-15,8.26394364050742e-08,64,0
5,wave,boundary,inertial,w*dz(v),0.00015232548840837,15,1,2,0,1.08024700296028e-13,1.08163918710602e-07,64,0
5,wave,boundary,mda,u*dx(eta),2.06787191408511e-05,16,1,2,0,9.02251041973409e-15,1.64731997376322e-07,64,0
5,wave,boundary,mda,v*dy(eta),2.06787191409113e-05,16,1,2,0,9.03196970445551e-15,1.64732048446581e-07,64,0
5,wave,boundary,mda,w*dz(eta),0.000138185468849969,15,1,2,0,1.95271132596986e-10,0.00311478407340478,64,0
5,wave,boundary,mda,w*eta*dlogN2,0.0061766592811433,16,1,2,0,2.85327317328665e-13,1.12330440060759e-07,64,0
5,boundary,wave,inertial,u*dx(u),0.000381034446551965,2,0,16,1,3.13439869950052e-15,8.26407234866267e-08,64,0
5,boundary,wave,inertial,v*dy(u),0.000381034446551946,2,0,16,1,3.14326500057283e-15,8.26407234866267e-08,64,0
5,boundary,wave,inertial,w*dz(u),0,1,0,1,1,0,0,0,64
5,boundary,wave,inertial,u*dx(v),0.000381034446551899,2,0,16,1,3.15114590348473e-15,8.26394362940519e-08,64,0
5,boundary,wave,inertial,v*dy(v),0.000381034446551895,2,0,16,1,3.14956881711556e-15,8.26394364050742e-08,64,0
5,boundary,wave,inertial,w*dz(v),0,1,0,1,1,0,0,0,64
5,boundary,wave,mda,u*dx(eta),0.000138428240779139,2,0,15,1,3.84352289298789e-15,5.08836458271305e-07,64,0
5,boundary,wave,mda,v*dy(eta),0.000138428240779025,2,0,15,1,4.07215391732248e-15,5.08836458239466e-07,64,0
5,boundary,wave,mda,w*dz(eta),0,1,0,1,1,0,0,0,64
5,boundary,wave,mda,w*eta*dlogN2,0,1,0,1,1,0,0,0,64
5,apv,boundary,inertial,u*dx(u),1.63686738164119e-05,2,0,2,0,8.76784349132253e-16,3.30513363788754e-07,6,0
5,apv,boundary,inertial,v*dy(u),1.63686738163991e-05,2,0,2,0,8.76381847443301e-16,3.30513364010798e-07,6,0
5,apv,boundary,inertial,w*dz(u),0,-1,0,1,0,0,0,0,6
5,apv,boundary,inertial,u*dx(v),1.63686738154332e-05,2,0,2,0,8.74437176366674e-16,3.30513364232843e-07,6,0
5,apv,boundary,inertial,v*dy(v),1.63686738154332e-05,2,0,2,0,7.89876761265669e-16,3.30513364232843e-07,6,0
5,apv,boundary,inertial,w*dz(v),0,-1,0,1,0,0,0,0,6
5,apv,boundary,mda,u*dx(eta),2.4442094701631e-06,2,0,1,0,4.64289732887365e-15,4.30115538823545e-07,6,0
5,apv,boundary,mda,v*dy(eta),2.44420947026192e-06,2,0,1,0,4.46574108139774e-15,4.30115538823545e-07,6,0
5,apv,boundary,mda,w*dz(eta),0,-1,0,1,0,0,0,0,6
5,apv,boundary,mda,w*eta*dlogN2,0,-1,0,1,0,0,0,0,6
5,boundary,apv,inertial,u*dx(u),1.63686738164261e-05,2,0,2,0,8.76784349132253e-16,3.30513363788754e-07,6,0
5,boundary,apv,inertial,v*dy(u),1.63686738164196e-05,2,0,2,0,7.82404124214996e-16,3.30513364010798e-07,6,0
5,boundary,apv,inertial,w*dz(u),0,1,0,-1,0,0,0,0,6
5,boundary,apv,inertial,u*dx(v),1.63686738154397e-05,2,0,2,0,9.6774281237846e-16,3.30513364232843e-07,6,0
5,boundary,apv,inertial,v*dy(v),1.63686738154397e-05,2,0,2,0,1.02404806209135e-15,3.30513364232843e-07,6,0
5,boundary,apv,inertial,w*dz(v),0,1,0,-1,0,0,0,0,6
5,boundary,apv,mda,u*dx(eta),1.0117299825744e-05,1,0,2,0,1.35447209004269e-14,3.47817728154922e-07,6,0
5,boundary,apv,mda,v*dy(eta),1.01172998256192e-05,1,0,2,0,1.35447209004269e-14,3.4781772860194e-07,6,0
5,boundary,apv,mda,w*dz(eta),0,1,0,-1,0,0,0,0,6
5,boundary,apv,mda,w*eta*dlogN2,0,1,0,-1,0,0,0,0,6
5,boundary,boundary,inertial,u*dx(u),1.68210320406266e-05,1,0,2,0,9.76925159087985e-16,8.65168623631618e-07,4,0
5,boundary,boundary,inertial,v*dy(u),1.68210320406688e-05,1,0,2,0,1.03660988037274e-15,8.65168623631618e-07,4,0
5,boundary,boundary,inertial,w*dz(u),0,1,0,1,0,0,0,0,4
5,boundary,boundary,inertial,u*dx(v),1.68210320407344e-05,1,0,2,0,3.43250990113741e-16,8.65168623853663e-07,4,0
5,boundary,boundary,inertial,v*dy(v),1.68210320407435e-05,1,0,2,0,3.77721166054438e-16,8.65168623631618e-07,4,0
5,boundary,boundary,inertial,w*dz(v),0,1,0,1,0,0,0,0,4
5,boundary,boundary,mda,u*dx(eta),3.33259935918556e-06,1,0,2,0,2.09832151654155e-14,2.30470169821526e-06,4,0
5,boundary,boundary,mda,v*dy(eta),3.33259935914946e-06,1,0,2,0,2.09832151654155e-14,2.30470169813477e-06,4,0
5,boundary,boundary,mda,w*dz(eta),0,1,0,1,0,0,0,0,4
5,boundary,boundary,mda,w*eta*dlogN2,0,1,0,1,0,0,0,0,4
6,wave,wave,wave,u*dx(u),0,1,1,1,1,0,0,0,1024
6,wave,wave,wave,v*dy(u),0.591613157066139,15,1,16,1,1.62906577116928e-10,1.95283597070883e-08,1024,0
6,wave,wave,wave,w*dz(u),0.592037904465323,16,1,15,1,1.37418213486118e-05,0.000168932215671491,1024,0
6,wave,wave,wave,u*dx(v),0,1,1,1,1,0,0,0,1024
6,wave,wave,wave,v*dy(v),0.590263876160693,15,1,16,1,1.62906577116928e-10,2.92950473879117e-08,1024,0
6,wave,wave,wave,w*dz(v),0.590652016404357,16,1,15,1,1.37418213485008e-05,0.000168922447333797,1024,0
6,wave,wave,wave,u*dx(w),0,1,1,1,1,0,0,0,1024
6,wave,wave,wave,v*dy(w),0.00174855214095701,16,1,16,1,5.82329739984289e-11,2.93021997777032e-08,1024,0
6,wave,wave,wave,w*dz(w),0.00174855156711603,16,1,16,1,5.82328629761264e-11,3.90564074415067e-08,1024,0
6,wave,wave,wave,u*dx(eta),0,1,1,1,1,0,0,0,1024
6,wave,wave,wave,v*dy(eta),0.100575200440544,16,1,16,1,3.82771925266923e-10,1.95299384442293e-08,1024,0
6,wave,wave,wave,w*dz(eta),0.100575094469327,16,1,16,1,3.82771925266923e-10,2.9284283442621e-08,1024,0
6,wave,wave,wave,w*eta*dlogN2,0.080748418745829,16,1,16,1,6.3069327538301e-11,2.92633173248902e-08,1024,0
6,wave,apv,wave,u*dx(u),0,1,1,-1,0,0,0,0,96
6,wave,apv,wave,v*dy(u),0.00339997115043806,16,1,2,0,4.41861262994332e-14,3.22447311496291e-07,96,0
6,wave,apv,wave,w*dz(u),0.0098044355831604,16,1,2,0,7.09876601945325e-13,4.83791095295949e-07,96,0
6,wave,apv,wave,u*dx(v),0,1,1,-1,0,0,0,0,96
6,wave,apv,wave,v*dy(v),0,1,1,-1,0,0,0,0,96
6,wave,apv,wave,w*dz(v),0,1,1,-1,0,0,0,0,96
6,wave,apv,wave,u*dx(w),0,1,1,-1,0,0,0,0,96
6,wave,apv,wave,v*dy(w),0,1,1,-1,0,0,0,0,96
6,wave,apv,wave,w*dz(w),0,1,1,-1,0,0,0,0,96
6,wave,apv,wave,u*dx(eta),0,1,1,-1,0,0,0,0,96
6,wave,apv,wave,v*dy(eta),0.00122605257438017,16,1,2,0,6.54365450714067e-13,4.97383537578777e-07,96,0
6,wave,apv,wave,w*dz(eta),0.000487359720856239,16,1,2,0,7.65078556064225e-09,6.51733974788016e-07,96,0
6,wave,apv,wave,w*eta*dlogN2,0.0133977962604958,16,1,2,0,4.08562073062058e-13,4.88564767198163e-07,96,0
6,apv,wave,wave,u*dx(u),0,-1,0,1,1,0,0,0,96
6,apv,wave,wave,v*dy(u),0.00340000114239,2,0,16,1,4.4264235649497e-14,3.22450897682036e-07,96,0
6,apv,wave,wave,w*dz(u),0,-1,0,1,1,0,0,0,96
6,apv,wave,wave,u*dx(v),0,-1,0,1,1,0,0,0,96
6,apv,wave,wave,v*dy(v),0.00337556473654316,2,0,16,1,4.37036606460228e-14,3.12733279646947e-07,96,0
6,apv,wave,wave,w*dz(v),0,-1,0,1,1,0,0,0,96
6,apv,wave,wave,u*dx(w),0,-1,0,1,1,0,0,0,96
6,apv,wave,wave,v*dy(w),8.66787815564425e-05,2,0,15,1,9.99200722162641e-16,2.2249170483768e-07,96,0
6,apv,wave,wave,w*dz(w),0,-1,0,1,1,0,0,0,96
6,apv,wave,wave,u*dx(eta),0,-1,0,1,1,0,0,0,96
6,apv,wave,wave,v*dy(eta),0.000488291557161994,2,0,16,1,1.24344978758018e-14,3.90898981591328e-07,96,0
6,apv,wave,wave,w*dz(eta),0,-1,0,1,1,0,0,0,96
6,apv,wave,wave,w*eta*dlogN2,0,-1,0,1,1,0,0,0,96
6,wave,boundary,wave,u*dx(u),0,1,1,1,0,0,0,0,64
6,wave,boundary,wave,v*dy(u),0.00256273709857589,16,1,2,0,1.7618741379177e-14,1.54445085314468e-07,64,0
6,wave,boundary,wave,w*dz(u),0.00499809760321003,16,1,2,0,4.59199408459798e-13,2.84948982076649e-07,64,0
6,wave,boundary,wave,u*dx(v),0,1,1,1,0,0,0,0,64
6,wave,boundary,wave,v*dy(v),0,1,1,1,0,0,0,0,64
6,wave,boundary,wave,w*dz(v),0,1,1,1,0,0,0,0,64
6,wave,boundary,wave,u*dx(w),0,1,1,1,0,0,0,0,64
6,wave,boundary,wave,v*dy(w),0,1,1,1,0,0,0,0,64
6,wave,boundary,wave,w*dz(w),0,1,1,1,0,0,0,0,64
6,wave,boundary,wave,u*dx(eta),0,1,1,1,0,0,0,0,64
6,wave,boundary,wave,v*dy(eta),0.000635618225125722,16,1,2,0,1.70197189675036e-13,2.15514950552276e-07,64,0
6,wave,boundary,wave,w*dz(eta),0.000405001504646821,15,1,2,0,6.39953867676013e-10,1.21002814434945e-07,64,0
6,wave,boundary,wave,w*eta*dlogN2,0.0134445425297057,16,1,2,0,3.07642800123631e-13,2.85145346667903e-07,64,0
6,boundary,wave,wave,u*dx(u),0,1,0,1,1,0,0,0,64
6,boundary,wave,wave,v*dy(u),0.00204777915074011,2,0,16,1,1.29578152438577e-14,1.10740263680219e-07,64,0
6,boundary,wave,wave,w*dz(u),0,1,0,1,1,0,0,0,64
6,boundary,wave,wave,u*dx(v),0,1,0,1,1,0,0,0,64
6,boundary,wave,wave,v*dy(v),0.00202247107587379,2,0,16,1,1.27341289991213e-14,1.04717875260008e-07,64,0
6,boundary,wave,wave,w*dz(v),0,1,0,1,1,0,0,0,64
6,boundary,wave,wave,u*dx(w),0,1,0,1,1,0,0,0,64
6,boundary,wave,wave,v*dy(w),3.98254221761168e-05,2,0,15,1,4.44089209850063e-16,1.08896539230408e-07,64,0
6,boundary,wave,wave,w*dz(w),0,1,0,1,1,0,0,0,64
6,boundary,wave,wave,u*dx(eta),0,1,0,1,1,0,0,0,64
6,boundary,wave,wave,v*dy(eta),0.000333853237061303,2,0,15,1,3.10862446895044e-15,9.56819969921696e-08,64,0
6,boundary,wave,wave,w*dz(eta),0,1,0,1,1,0,0,0,64
6,boundary,wave,wave,w*eta*dlogN2,0,1,0,1,1,0,0,0,64
6,apv,boundary,wave,u*dx(u),0,-1,0,1,0,0,0,0,6
6,apv,boundary,wave,v*dy(u),0.000563882231781708,-1,0,2,0,4.77655537792051e-15,2.71792975237162e-07,6,0
6,apv,boundary,wave,w*dz(u),0,-1,0,1,0,0,0,0,6
6,apv,boundary,wave,u*dx(v),0,-1,0,1,0,0,0,0,6
6,apv,boundary,wave,v*dy(v),0,-1,0,1,0,0,0,0,6
6,apv,boundary,wave,w*dz(v),0,-1,0,1,0,0,0,0,6
6,apv,boundary,wave,u*dx(w),0,-1,0,1,0,0,0,0,6
6,apv,boundary,wave,v*dy(w),0,-1,0,1,0,0,0,0,6
6,apv,boundary,wave,w*dz(w),0,-1,0,1,0,0,0,0,6
6,apv,boundary,wave,u*dx(eta),0,-1,0,1,0,0,0,0,6
6,apv,boundary,wave,v*dy(eta),2.91591449222993e-05,-1,0,2,0,4.55191440096314e-14,2.73371327574878e-07,6,0
6,apv,boundary,wave,w*dz(eta),0,-1,0,1,0,0,0,0,6
6,apv,boundary,wave,w*eta*dlogN2,0,-1,0,1,0,0,0,0,6
6,boundary,apv,wave,u*dx(u),0,1,0,-1,0,0,0,0,6
6,boundary,apv,wave,v*dy(u),0.000476686594897989,2,0,-1,0,3.26867999284345e-15,3.06847080633332e-07,6,0
6,boundary,apv,wave,w*dz(u),0,1,0,-1,0,0,0,0,6
6,boundary,apv,wave,u*dx(v),0,1,0,-1,0,0,0,0,6
6,boundary,apv,wave,v*dy(v),0,1,0,-1,0,0,0,0,6
6,boundary,apv,wave,w*dz(v),0,1,0,-1,0,0,0,0,6
6,boundary,apv,wave,u*dx(w),0,1,0,-1,0,0,0,0,6
6,boundary,apv,wave,v*dy(w),0,1,0,-1,0,0,0,0,6
6,boundary,apv,wave,w*dz(w),0,1,0,-1,0,0,0,0,6
6,boundary,apv,wave,u*dx(eta),0,1,0,-1,0,0,0,0,6
6,boundary,apv,wave,v*dy(eta),6.1408063583666e-05,2,0,1,0,4.5852210917019e-14,5.91101836477925e-07,6,0
6,boundary,apv,wave,w*dz(eta),0,1,0,-1,0,0,0,0,6
6,boundary,apv,wave,w*eta*dlogN2,0,1,0,-1,0,0,0,0,6
6,boundary,boundary,wave,u*dx(u),0,1,0,1,0,0,0,0,4
6,boundary,boundary,wave,v*dy(u),0.000503431867445487,2,0,1,0,2.52029627077562e-15,4.53819537138401e-07,4,0
6,boundary,boundary,wave,w*dz(u),0,1,0,1,0,0,0,0,4
6,boundary,boundary,wave,u*dx(v),0,1,0,1,0,0,0,0,4
6,boundary,boundary,wave,v*dy(v),0,1,0,1,0,0,0,0,4
6,boundary,boundary,wave,w*dz(v),0,1,0,1,0,0,0,0,4
6,boundary,boundary,wave,u*dx(w),0,1,0,1,0,0,0,0,4
6,boundary,boundary,wave,v*dy(w),0,1,0,1,0,0,0,0,4
6,boundary,boundary,wave,w*dz(w),0,1,0,1,0,0,0,0,4
6,boundary,boundary,wave,u*dx(eta),0,1,0,1,0,0,0,0,4
6,boundary,boundary,wave,v*dy(eta),5.33856249956237e-05,2,0,1,0,8.85957973650875e-14,4.13761679042671e-07,4,0
6,boundary,boundary,wave,w*dz(eta),0,1,0,1,0,0,0,0,4
6,boundary,boundary,wave,w*eta*dlogN2,0,1,0,1,0,0,0,0,4
7,wave,wave,wave,u*dx(u),0,1,1,1,1,0,0,0,1024
7,wave,wave,wave,v*dy(u),0.591613157066139,15,1,16,1,1.62906577116928e-10,1.95283597070883e-08,1024,0
7,wave,wave,wave,w*dz(u),0.592037904465323,16,1,15,1,1.37418213486118e-05,0.000168932215671491,1024,0
7,wave,wave,wave,u*dx(v),0,1,1,1,1,0,0,0,1024
7,wave,wave,wave,v*dy(v),0.590263876160693,15,1,16,1,1.62906577116928e-10,2.92950473879117e-08,1024,0
7,wave,wave,wave,w*dz(v),0.590652016404357,16,1,15,1,1.37418213485008e-05,0.000168922447333797,1024,0
7,wave,wave,wave,u*dx(w),0,1,1,1,1,0,0,0,1024
7,wave,wave,wave,v*dy(w),0.00174855214095701,16,1,16,1,5.82329739984289e-11,2.93021997777032e-08,1024,0
7,wave,wave,wave,w*dz(w),0.00174855156711603,16,1,16,1,5.82328629761264e-11,3.90564074415067e-08,1024,0
7,wave,wave,wave,u*dx(eta),0,1,1,1,1,0,0,0,1024
7,wave,wave,wave,v*dy(eta),0.100575200440544,16,1,16,1,3.82771925266923e-10,1.95299384442293e-08,1024,0
7,wave,wave,wave,w*dz(eta),0.100575094469327,16,1,16,1,3.82771925266923e-10,2.9284283442621e-08,1024,0
7,wave,wave,wave,w*eta*dlogN2,0.080748418745829,16,1,16,1,6.3069327538301e-11,2.92633173248902e-08,1024,0
7,wave,apv,wave,u*dx(u),0,1,1,-1,0,0,0,0,96
7,wave,apv,wave,v*dy(u),0.00339997115043806,16,1,2,0,4.41861262994332e-14,3.22447311496291e-07,96,0
7,wave,apv,wave,w*dz(u),0.0098044355831604,16,1,2,0,7.09876601945325e-13,4.83791095295949e-07,96,0
7,wave,apv,wave,u*dx(v),0,1,1,-1,0,0,0,0,96
7,wave,apv,wave,v*dy(v),0,1,1,-1,0,0,0,0,96
7,wave,apv,wave,w*dz(v),0,1,1,-1,0,0,0,0,96
7,wave,apv,wave,u*dx(w),0,1,1,-1,0,0,0,0,96
7,wave,apv,wave,v*dy(w),0,1,1,-1,0,0,0,0,96
7,wave,apv,wave,w*dz(w),0,1,1,-1,0,0,0,0,96
7,wave,apv,wave,u*dx(eta),0,1,1,-1,0,0,0,0,96
7,wave,apv,wave,v*dy(eta),0.00122605257438017,16,1,2,0,6.54365450714067e-13,4.97383537578777e-07,96,0
7,wave,apv,wave,w*dz(eta),0.000487359720856239,16,1,2,0,7.65078556064225e-09,6.51733974788016e-07,96,0
7,wave,apv,wave,w*eta*dlogN2,0.0133977962604958,16,1,2,0,4.08562073062058e-13,4.88564767198163e-07,96,0
7,apv,wave,wave,u*dx(u),0,-1,0,1,1,0,0,0,96
7,apv,wave,wave,v*dy(u),0.00340000114239,2,0,16,1,4.4264235649497e-14,3.22450897682036e-07,96,0
7,apv,wave,wave,w*dz(u),0,-1,0,1,1,0,0,0,96
7,apv,wave,wave,u*dx(v),0,-1,0,1,1,0,0,0,96
7,apv,wave,wave,v*dy(v),0.00337556473654316,2,0,16,1,4.37036606460228e-14,3.12733279646947e-07,96,0
7,apv,wave,wave,w*dz(v),0,-1,0,1,1,0,0,0,96
7,apv,wave,wave,u*dx(w),0,-1,0,1,1,0,0,0,96
7,apv,wave,wave,v*dy(w),8.66787815564425e-05,2,0,15,1,9.99200722162641e-16,2.2249170483768e-07,96,0
7,apv,wave,wave,w*dz(w),0,-1,0,1,1,0,0,0,96
7,apv,wave,wave,u*dx(eta),0,-1,0,1,1,0,0,0,96
7,apv,wave,wave,v*dy(eta),0.000488291557161994,2,0,16,1,1.24344978758018e-14,3.90898981591328e-07,96,0
7,apv,wave,wave,w*dz(eta),0,-1,0,1,1,0,0,0,96
7,apv,wave,wave,w*eta*dlogN2,0,-1,0,1,1,0,0,0,96
7,wave,boundary,wave,u*dx(u),0,1,1,1,0,0,0,0,64
7,wave,boundary,wave,v*dy(u),0.00256273709857589,16,1,2,0,1.7618741379177e-14,1.54445085314468e-07,64,0
7,wave,boundary,wave,w*dz(u),0.00499809760321003,16,1,2,0,4.59199408459798e-13,2.84948982076649e-07,64,0
7,wave,boundary,wave,u*dx(v),0,1,1,1,0,0,0,0,64
7,wave,boundary,wave,v*dy(v),0,1,1,1,0,0,0,0,64
7,wave,boundary,wave,w*dz(v),0,1,1,1,0,0,0,0,64
7,wave,boundary,wave,u*dx(w),0,1,1,1,0,0,0,0,64
7,wave,boundary,wave,v*dy(w),0,1,1,1,0,0,0,0,64
7,wave,boundary,wave,w*dz(w),0,1,1,1,0,0,0,0,64
7,wave,boundary,wave,u*dx(eta),0,1,1,1,0,0,0,0,64
7,wave,boundary,wave,v*dy(eta),0.000635618225125722,16,1,2,0,1.70197189675036e-13,2.15514950552276e-07,64,0
7,wave,boundary,wave,w*dz(eta),0.000405001504646821,15,1,2,0,6.39953867676013e-10,1.21002814434945e-07,64,0
7,wave,boundary,wave,w*eta*dlogN2,0.0134445425297057,16,1,2,0,3.07642800123631e-13,2.85145346667903e-07,64,0
7,boundary,wave,wave,u*dx(u),0,1,0,1,1,0,0,0,64
7,boundary,wave,wave,v*dy(u),0.00204777915074011,2,0,16,1,1.29578152438577e-14,1.10740263680219e-07,64,0
7,boundary,wave,wave,w*dz(u),0,1,0,1,1,0,0,0,64
7,boundary,wave,wave,u*dx(v),0,1,0,1,1,0,0,0,64
7,boundary,wave,wave,v*dy(v),0.00202247107587379,2,0,16,1,1.27341289991213e-14,1.04717875260008e-07,64,0
7,boundary,wave,wave,w*dz(v),0,1,0,1,1,0,0,0,64
7,boundary,wave,wave,u*dx(w),0,1,0,1,1,0,0,0,64
7,boundary,wave,wave,v*dy(w),3.98254221761168e-05,2,0,15,1,4.44089209850063e-16,1.08896539230408e-07,64,0
7,boundary,wave,wave,w*dz(w),0,1,0,1,1,0,0,0,64
7,boundary,wave,wave,u*dx(eta),0,1,0,1,1,0,0,0,64
7,boundary,wave,wave,v*dy(eta),0.000333853237061303,2,0,15,1,3.10862446895044e-15,9.56819969921696e-08,64,0
7,boundary,wave,wave,w*dz(eta),0,1,0,1,1,0,0,0,64
7,boundary,wave,wave,w*eta*dlogN2,0,1,0,1,1,0,0,0,64
7,apv,boundary,wave,u*dx(u),0,-1,0,1,0,0,0,0,6
7,apv,boundary,wave,v*dy(u),0.000563882231781708,-1,0,2,0,4.77655537792051e-15,2.71792975237162e-07,6,0
7,apv,boundary,wave,w*dz(u),0,-1,0,1,0,0,0,0,6
7,apv,boundary,wave,u*dx(v),0,-1,0,1,0,0,0,0,6
7,apv,boundary,wave,v*dy(v),0,-1,0,1,0,0,0,0,6
7,apv,boundary,wave,w*dz(v),0,-1,0,1,0,0,0,0,6
7,apv,boundary,wave,u*dx(w),0,-1,0,1,0,0,0,0,6
7,apv,boundary,wave,v*dy(w),0,-1,0,1,0,0,0,0,6
7,apv,boundary,wave,w*dz(w),0,-1,0,1,0,0,0,0,6
7,apv,boundary,wave,u*dx(eta),0,-1,0,1,0,0,0,0,6
7,apv,boundary,wave,v*dy(eta),2.91591449222993e-05,-1,0,2,0,4.55191440096314e-14,2.73371327574878e-07,6,0
7,apv,boundary,wave,w*dz(eta),0,-1,0,1,0,0,0,0,6
7,apv,boundary,wave,w*eta*dlogN2,0,-1,0,1,0,0,0,0,6
7,boundary,apv,wave,u*dx(u),0,1,0,-1,0,0,0,0,6
7,boundary,apv,wave,v*dy(u),0.000476686594897989,2,0,-1,0,3.26867999284345e-15,3.06847080633332e-07,6,0
7,boundary,apv,wave,w*dz(u),0,1,0,-1,0,0,0,0,6
7,boundary,apv,wave,u*dx(v),0,1,0,-1,0,0,0,0,6
7,boundary,apv,wave,v*dy(v),0,1,0,-1,0,0,0,0,6
7,boundary,apv,wave,w*dz(v),0,1,0,-1,0,0,0,0,6
7,boundary,apv,wave,u*dx(w),0,1,0,-1,0,0,0,0,6
7,boundary,apv,wave,v*dy(w),0,1,0,-1,0,0,0,0,6
7,boundary,apv,wave,w*dz(w),0,1,0,-1,0,0,0,0,6
7,boundary,apv,wave,u*dx(eta),0,1,0,-1,0,0,0,0,6
7,boundary,apv,wave,v*dy(eta),6.1408063583666e-05,2,0,1,0,4.5852210917019e-14,5.91101836477925e-07,6,0
7,boundary,apv,wave,w*dz(eta),0,1,0,-1,0,0,0,0,6
7,boundary,apv,wave,w*eta*dlogN2,0,1,0,-1,0,0,0,0,6
7,boundary,boundary,wave,u*dx(u),0,1,0,1,0,0,0,0,4
7,boundary,boundary,wave,v*dy(u),0.000503431867445487,2,0,1,0,2.52029627077562e-15,4.53819537138401e-07,4,0
7,boundary,boundary,wave,w*dz(u),0,1,0,1,0,0,0,0,4
7,boundary,boundary,wave,u*dx(v),0,1,0,1,0,0,0,0,4
7,boundary,boundary,wave,v*dy(v),0,1,0,1,0,0,0,0,4
7,boundary,boundary,wave,w*dz(v),0,1,0,1,0,0,0,0,4
7,boundary,boundary,wave,u*dx(w),0,1,0,1,0,0,0,0,4
7,boundary,boundary,wave,v*dy(w),0,1,0,1,0,0,0,0,4
7,boundary,boundary,wave,w*dz(w),0,1,0,1,0,0,0,0,4
7,boundary,boundary,wave,u*dx(eta),0,1,0,1,0,0,0,0,4
7,boundary,boundary,wave,v*dy(eta),5.33856249956237e-05,2,0,1,0,8.85957973650875e-14,4.13761679042671e-07,4,0
7,boundary,boundary,wave,w*dz(eta),0,1,0,1,0,0,0,0,4
7,boundary,boundary,wave,w*eta*dlogN2,0,1,0,1,0,0,0,0,4
8,wave,wave,wave,u*dx(u),0.591603345189947,15,1,16,1,1.62903912581669e-10,3.9051654465716e-08,1024,0
8,wave,wave,wave,v*dy(u),0.591603345189947,15,1,16,1,1.62903912581669e-10,2.92975425031372e-08,1024,0
8,wave,wave,wave,w*dz(u),0.592027865250528,16,1,15,1,6.20184804756008e-06,0.000143966920864047,1024,0
8,wave,wave,wave,u*dx(v),0.592242104667397,15,1,16,1,1.62903690537064e-10,3.9054077416445e-08,1024,0
8,wave,wave,wave,v*dy(v),0.592242104667397,15,1,16,1,1.62903690537064e-10,2.92999653428438e-08,1024,0
8,wave,wave,wave,w*dz(v),0.59268429133431,16,1,15,1,6.20184804756008e-06,0.00014396691844043,1024,0
8,wave,wave,wave,u*dx(w),0.00123252128003714,16,1,16,1,5.82335291099412e-11,3.90620596979474e-08,1024,0
8,wave,wave,wave,v*dy(w),0.00123252128003714,16,1,16,1,5.82335291099412e-11,2.93079477353686e-08,1024,0
8,wave,wave,wave,w*dz(w),0.00123252107402424,16,1,16,1,5.82336401322436e-11,3.9062188372796e-08,1024,0
8,wave,wave,wave,u*dx(eta),0.0712952200944338,16,1,16,1,3.82777254337441e-10,2.92860676820439e-08,1024,0
8,wave,wave,wave,v*dy(eta),0.0712952200944338,16,1,16,1,3.82777143315138e-10,1.95319554974205e-08,1024,0
8,wave,wave,wave,w*dz(eta),0.0712951816899623,16,1,16,1,3.82776921270533e-10,2.92862031292529e-08,1024,0
8,wave,wave,wave,w*eta*dlogN2,0.0609356606278019,16,1,16,1,6.3069327538301e-11,2.92653250522079e-08,1024,0
8,wave,apv,wave,u*dx(u),0.00339065311703012,16,1,2,0,4.43159623669289e-14,3.20474270938081e-07,96,0
8,wave,apv,wave,v*dy(u),0.00339065311703039,16,1,2,0,4.40109855833943e-14,3.20474272930603e-07,96,0
8,wave,apv,wave,w*dz(u),0.00980413232632137,16,1,2,0,7.09876601945325e-13,4.83791095295949e-07,96,0
8,wave,apv,wave,u*dx(v),0.00340673332763653,16,1,2,0,4.47661250116212e-14,3.27204810717194e-07,96,0
8,wave,apv,wave,v*dy(v),0.00340673332763653,16,1,2,0,4.41009983565543e-14,3.27204812312381e-07,96,0
8,wave,apv,wave,w*dz(v),0.00981416742554065,16,1,2,0,7.096545573404e-13,4.83791095295949e-07,96,0
8,wave,apv,wave,u*dx(w),0,1,1,-1,0,0,0,0,96
8,wave,apv,wave,v*dy(w),0,1,1,-1,0,0,0,0,96
8,wave,apv,wave,w*dz(w),0,1,1,-1,0,0,0,0,96
8,wave,apv,wave,u*dx(eta),0.000887957309333633,16,1,2,0,6.54587495318992e-13,4.9737971685726e-07,96,0
8,wave,apv,wave,v*dy(eta),0.000887957309333645,16,1,2,0,6.54365450714067e-13,4.97383537578777e-07,96,0
8,wave,apv,wave,w*dz(eta),0.000364366919318606,16,1,2,0,7.65078556064225e-09,6.51733974788016e-07,96,0
8,wave,apv,wave,w*eta*dlogN2,0.00989248497137586,16,1,2,0,4.08562073062058e-13,4.88564767198163e-07,96,0
8,apv,wave,wave,u*dx(u),0,-1,0,1,1,0,0,0,96
8,apv,wave,wave,v*dy(u),0.00339066837337451,2,0,16,1,4.40339183730254e-14,3.20476108393936e-07,96,0
8,apv,wave,wave,w*dz(u),0,-1,0,1,1,0,0,0,96
8,apv,wave,wave,u*dx(v),0,-1,0,1,1,0,0,0,96
8,apv,wave,wave,v*dy(v),0.00340674864863211,2,0,16,1,4.44266547466078e-14,3.27206696511271e-07,96,0
8,apv,wave,wave,w*dz(v),0,-1,0,1,1,0,0,0,96
8,apv,wave,wave,u*dx(w),0,-1,0,1,1,0,0,0,96
8,apv,wave,wave,v*dy(w),6.11256771683914e-05,2,0,15,1,6.66133814775094e-16,2.22520933457204e-07,96,0
8,apv,wave,wave,w*dz(w),0,-1,0,1,1,0,0,0,96
8,apv,wave,wave,u*dx(eta),0,-1,0,1,1,0,0,0,96
8,apv,wave,wave,v*dy(eta),0.000365019706153653,2,0,16,1,1.24344978758018e-14,3.54988193852306e-07,96,0
8,apv,wave,wave,w*dz(eta),0,-1,0,1,1,0,0,0,96
8,apv,wave,wave,w*eta*dlogN2,0,-1,0,1,1,0,0,0,96
8,wave,boundary,wave,u*dx(u),0.00228680979242405,16,1,2,0,1.52782625953587e-14,1.2608838280465e-07,64,0
8,wave,boundary,wave,v*dy(u),0.00228680979242409,16,1,2,0,1.52190170680517e-14,1.26088369152877e-07,64,0
8,wave,boundary,wave,w*dz(u),0.00451591166816873,16,1,2,0,4.02701645765003e-13,2.13170777363381e-07,64,0
8,wave,boundary,wave,u*dx(v),0.00230624192795502,16,1,2,0,1.5362690717934e-14,1.34462562853763e-07,64,0
8,wave,boundary,wave,v*dy(v),0.00230624192795486,16,1,2,0,1.5060487339739e-14,1.34462547912748e-07,64,0
8,wave,boundary,wave,w*dz(v),0.00452071229134888,16,1,2,0,4.02984984196947e-13,2.20381369636398e-07,64,0
8,wave,boundary,wave,u*dx(w),0,1,1,1,0,0,0,0,64
8,wave,boundary,wave,v*dy(w),0,1,1,1,0,0,0,0,64
8,wave,boundary,wave,w*dz(w),0,1,1,1,0,0,0,0,64
8,wave,boundary,wave,u*dx(eta),0.000417163845846474,16,1,2,0,1.36224365121507e-13,1.55405703416989e-07,64,0
8,wave,boundary,wave,v*dy(eta),0.000417163845846447,16,1,2,0,1.36002320516582e-13,1.53564283844609e-07,64,0
8,wave,boundary,wave,w*dz(eta),0.000282693606589183,15,1,2,0,4.53216131290901e-10,1.01666896790142e-07,64,0
8,wave,boundary,wave,w*eta*dlogN2,0.0107582970904264,16,1,2,0,3.05866443284231e-13,2.13358371303762e-07,64,0
8,boundary,wave,wave,u*dx(u),0,1,0,1,1,0,0,0,64
8,boundary,wave,wave,v*dy(u),0.00203631641391255,2,0,16,1,1.27709217102287e-14,1.05599675380712e-07,64,0
8,boundary,wave,wave,w*dz(u),0,1,0,1,1,0,0,0,64
8,boundary,wave,wave,u*dx(v),0,1,0,1,1,0,0,0,64
8,boundary,wave,wave,v*dy(v),0.00205382734229066,2,0,16,1,1.29439172876795e-14,1.12803227494482e-07,64,0
8,boundary,wave,wave,w*dz(v),0,1,0,1,1,0,0,0,64
8,boundary,wave,wave,u*dx(w),0,1,0,1,1,0,0,0,64
8,boundary,wave,wave,v*dy(w),2.80827361133329e-05,2,0,15,1,8.88178419700125e-16,1.08902740825201e-07,64,0
8,boundary,wave,wave,w*dz(w),0,1,0,1,1,0,0,0,64
8,boundary,wave,wave,u*dx(eta),0,1,0,1,1,0,0,0,64
8,boundary,wave,wave,v*dy(eta),0.000255517628194495,2,0,15,1,2.99760216648792e-15,9.5684950518482e-08,64,0
8,boundary,wave,wave,w*dz(eta),0,1,0,1,1,0,0,0,64
8,boundary,wave,wave,w*eta*dlogN2,0,1,0,1,1,0,0,0,64
8,apv,boundary,wave,u*dx(u),0,-1,0,1,0,0,0,0,6
8,apv,boundary,wave,v*dy(u),0.000523954128665334,-1,0,2,0,3.92073923403369e-15,2.91042544287023e-07,6,0
8,apv,boundary,wave,w*dz(u),0,-1,0,1,0,0,0,0,6
8,apv,boundary,wave,u*dx(v),0,-1,0,1,0,0,0,0,6
8,apv,boundary,wave,v*dy(v),0.000524616817353971,-1,0,2,0,3.84926726833992e-15,2.91042544731113e-07,6,0
8,apv,boundary,wave,w*dz(v),0,-1,0,1,0,0,0,0,6
8,apv,boundary,wave,u*dx(w),0,-1,0,1,0,0,0,0,6
8,apv,boundary,wave,v*dy(w),0,-1,0,1,0,0,0,0,6
8,apv,boundary,wave,w*dz(w),0,-1,0,1,0,0,0,0,6
8,apv,boundary,wave,u*dx(eta),0,-1,0,1,0,0,0,0,6
8,apv,boundary,wave,v*dy(eta),1.88709830103827e-05,-1,0,2,0,3.49720252756924e-14,2.40172792320692e-07,6,0
8,apv,boundary,wave,w*dz(eta),0,-1,0,1,0,0,0,0,6
8,apv,boundary,wave,w*eta*dlogN2,0,-1,0,1,0,0,0,0,6
8,boundary,apv,wave,u*dx(u),0,1,0,-1,0,0,0,0,6
8,boundary,apv,wave,v*dy(u),0.000476671857086628,2,0,-1,0,3.59343560433668e-15,3.06847080633332e-07,6,0
8,boundary,apv,wave,w*dz(u),0,1,0,-1,0,0,0,0,6
8,boundary,apv,wave,u*dx(v),0,1,0,-1,0,0,0,0,6
8,boundary,apv,wave,v*dy(v),0.00047727559265088,2,0,-1,0,3.30193399897888e-15,3.06847081077422e-07,6,0
8,boundary,apv,wave,w*dz(v),0,1,0,-1,0,0,0,0,6
8,boundary,apv,wave,u*dx(w),0,1,0,-1,0,0,0,0,6
8,boundary,apv,wave,v*dy(w),0,1,0,-1,0,0,0,0,6
8,boundary,apv,wave,w*dz(w),0,1,0,-1,0,0,0,0,6
8,boundary,apv,wave,u*dx(eta),0,1,0,-1,0,0,0,0,6
8,boundary,apv,wave,v*dy(eta),4.45765651741042e-05,2,0,1,0,4.5852210917019e-14,5.91101836477925e-07,6,0
8,boundary,apv,wave,w*dz(eta),0,1,0,-1,0,0,0,0,6
8,boundary,apv,wave,w*eta*dlogN2,0,1,0,-1,0,0,0,0,6
8,boundary,boundary,wave,u*dx(u),0,1,0,1,0,0,0,0,4
8,boundary,boundary,wave,v*dy(u),0.00049735767495623,2,0,1,0,2.49627879536254e-15,5.53034544825692e-07,4,0
8,boundary,boundary,wave,w*dz(u),0,1,0,1,0,0,0,0,4
8,boundary,boundary,wave,u*dx(v),0,1,0,1,0,0,0,0,4
8,boundary,boundary,wave,v*dy(v),0.000497992827665556,2,0,1,0,2.42770010164931e-15,5.96587408196549e-07,4,0
8,boundary,boundary,wave,w*dz(v),0,1,0,1,0,0,0,0,4
8,boundary,boundary,wave,u*dx(w),0,1,0,1,0,0,0,0,4
8,boundary,boundary,wave,v*dy(w),0,1,0,1,0,0,0,0,4
8,boundary,boundary,wave,w*dz(w),0,1,0,1,0,0,0,0,4
8,boundary,boundary,wave,u*dx(eta),0,1,0,1,0,0,0,0,4
8,boundary,boundary,wave,v*dy(eta),3.60466974197177e-05,2,0,1,0,8.870681966755e-14,3.02299367087923e-07,4,0
8,boundary,boundary,wave,w*dz(eta),0,1,0,1,0,0,0,0,4
8,boundary,boundary,wave,w*eta*dlogN2,0,1,0,1,0,0,0,0,4
9,wave,wave,wave,u*dx(u),0.592907038640633,15,1,16,1,1.62909019607582e-10,3.90722652010567e-08,1024,0
9,wave,wave,wave,v*dy(u),0,1,1,1,1,0,0,0,1024
9,wave,wave,wave,w*dz(u),0.593366344340066,16,1,15,1,2.86753763454328e-05,0.000324328673664276,1024,0
9,wave,wave,wave,u*dx(v),0.592238404098479,15,1,16,1,1.62909019607582e-10,2.92964400516738e-08,1024,0
9,wave,wave,wave,v*dy(v),0,1,1,1,1,0,0,0,1024
9,wave,wave,wave,w*dz(v),0.592678653991163,16,1,15,1,2.86753763456549e-05,0.000324338452660555,1024,0
9,wave,wave,wave,u*dx(w),0.000716489874200817,16,1,16,1,5.82319747977067e-11,3.90796348614941e-08,1024,0
9,wave,wave,wave,v*dy(w),0,1,1,1,1,0,0,0,1024
9,wave,wave,wave,w*dz(w),0.000716489528954028,16,1,16,1,5.82317527531018e-11,3.90791204951668e-08,1024,0
9,wave,wave,wave,u*dx(eta),0.0416475471395921,16,1,16,1,3.82767040285614e-10,2.92982936800357e-08,1024,0
9,wave,wave,wave,v*dy(eta),0,1,1,1,1,0,0,0,1024
9,wave,wave,wave,w*dz(eta),0.0416474821770488,16,1,16,1,3.82766707218707e-10,2.92978310501013e-08,1024,0
9,wave,wave,wave,w*eta*dlogN2,0.0389126771810245,16,1,16,1,6.30686614044862e-11,2.92775602650508e-08,1024,0
9,wave,apv,wave,u*dx(u),0,1,1,-1,0,0,0,0,96
9,wave,apv,wave,v*dy(u),0,1,1,-1,0,0,0,0,96
9,wave,apv,wave,w*dz(u),0,1,1,-1,0,0,0,0,96
9,wave,apv,wave,u*dx(v),0.00339126515785608,16,1,2,0,4.40176475825756e-14,3.25437187036259e-07,96,0
9,wave,apv,wave,v*dy(v),0,1,1,-1,0,0,0,0,96
9,wave,apv,wave,w*dz(v),0.00981393989517208,16,1,2,0,7.096545573404e-13,4.83791095295949e-07,96,0
9,wave,apv,wave,u*dx(w),0,1,1,-1,0,0,0,0,96
9,wave,apv,wave,v*dy(w),0,1,1,-1,0,0,0,0,96
9,wave,apv,wave,w*dz(w),0,1,1,-1,0,0,0,0,96
9,wave,apv,wave,u*dx(eta),0.000536588426490655,16,1,2,0,6.54587495318992e-13,4.9737971685726e-07,96,0
9,wave,apv,wave,v*dy(eta),0,1,1,-1,0,0,0,0,96
9,wave,apv,wave,w*dz(eta),0.00023143507282571,16,1,2,0,7.65078556064225e-09,6.51733974788016e-07,96,0
9,wave,apv,wave,w*eta*dlogN2,0.0061377773945764,16,1,2,0,4.08562073062058e-13,4.88564767198163e-07,96,0
9,apv,wave,wave,u*dx(u),0,-1,0,1,1,0,0,0,96
9,apv,wave,wave,v*dy(u),0,-1,0,1,1,0,0,0,96
9,apv,wave,wave,w*dz(u),0,-1,0,1,1,0,0,0,96
9,apv,wave,wave,u*dx(v),0,-1,0,1,1,0,0,0,96
9,apv,wave,wave,v*dy(v),0,-1,0,1,1,0,0,0,96
9,apv,wave,wave,w*dz(v),0,-1,0,1,1,0,0,0,96
9,apv,wave,wave,u*dx(w),0,-1,0,1,1,0,0,0,96
9,apv,wave,wave,v*dy(w),0,-1,0,1,1,0,0,0,96
9,apv,wave,wave,w*dz(w),0,-1,0,1,1,0,0,0,96
9,apv,wave,wave,u*dx(eta),0,-1,0,1,1,0,0,0,96
9,apv,wave,wave,v*dy(eta),0,-1,0,1,1,0,0,0,96
9,apv,wave,wave,w*dz(eta),0,-1,0,1,1,0,0,0,96
9,apv,wave,wave,w*eta*dlogN2,0,-1,0,1,1,0,0,0,96
9,wave,boundary,wave,u*dx(u),0,1,1,1,0,0,0,0,64
9,wave,boundary,wave,v*dy(u),0,1,1,1,0,0,0,0,64
9,wave,boundary,wave,w*dz(u),0,1,1,1,0,0,0,0,64
9,wave,boundary,wave,u*dx(v),0.00277268101004384,16,1,2,0,2.08640390364401e-14,1.72987632837689e-07,64,0
9,wave,boundary,wave,v*dy(v),0,1,1,1,0,0,0,0,64
9,wave,boundary,wave,w*dz(v),0.00543772335582217,16,1,2,0,5.18775330868221e-13,4.02997116011328e-07,64,0
9,wave,boundary,wave,u*dx(w),0,1,1,1,0,0,0,0,64
9,wave,boundary,wave,v*dy(w),0,1,1,1,0,0,0,0,64
9,wave,boundary,wave,w*dz(w),0,1,1,1,0,0,0,0,64
9,wave,boundary,wave,u*dx(eta),0.000299353931748931,16,1,2,0,2.14162021450193e-13,3.24310606480971e-07,64,0
9,wave,boundary,wave,v*dy(eta),0,1,1,1,0,0,0,0,64
9,wave,boundary,wave,w*dz(eta),0.000216271702761686,15,1,2,0,9.57804946466467e-10,1.31249408674705e-07,64,0
9,wave,boundary,wave,w*eta*dlogN2,0.00546328617352735,16,1,2,0,3.0409008644483e-13,4.04922620433901e-07,64,0
9,boundary,wave,wave,u*dx(u),0,1,0,1,1,0,0,0,64
9,boundary,wave,wave,v*dy(u),0,1,0,1,1,0,0,0,64
9,boundary,wave,wave,w*dz(u),0,1,0,1,1,0,0,0,64
9,boundary,wave,wave,u*dx(v),0,1,0,1,1,0,0,0,64
9,boundary,wave,wave,v*dy(v),0,1,0,1,1,0,0,0,64
9,boundary,wave,wave,w*dz(v),0,1,0,1,1,0,0,0,64
9,boundary,wave,wave,u*dx(w),0,1,0,1,1,0,0,0,64
9,boundary,wave,wave,v*dy(w),0,1,0,1,1,0,0,0,64
9,boundary,wave,wave,w*dz(w),0,1,0,1,1,0,0,0,64
9,boundary,wave,wave,u*dx(eta),0,1,0,1,1,0,0,0,64
9,boundary,wave,wave,v*dy(eta),0,1,0,1,1,0,0,0,64
9,boundary,wave,wave,w*dz(eta),0,1,0,1,1,0,0,0,64
9,boundary,wave,wave,w*eta*dlogN2,0,1,0,1,1,0,0,0,64
9,apv,boundary,wave,u*dx(u),0,-1,0,1,0,0,0,0,6
9,apv,boundary,wave,v*dy(u),0,-1,0,1,0,0,0,0,6
9,apv,boundary,wave,w*dz(u),0,-1,0,1,0,0,0,0,6
9,apv,boundary,wave,u*dx(v),0,-1,0,1,0,0,0,0,6
9,apv,boundary,wave,v*dy(v),0,-1,0,1,0,0,0,0,6
9,apv,boundary,wave,w*dz(v),0,-1,0,1,0,0,0,0,6
9,apv,boundary,wave,u*dx(w),0,-1,0,1,0,0,0,0,6
9,apv,boundary,wave,v*dy(w),0,-1,0,1,0,0,0,0,6
9,apv,boundary,wave,w*dz(w),0,-1,0,1,0,0,0,0,6
9,apv,boundary,wave,u*dx(eta),0,-1,0,1,0,0,0,0,6
9,apv,boundary,wave,v*dy(eta),0,-1,0,1,0,0,0,0,6
9,apv,boundary,wave,w*dz(eta),0,-1,0,1,0,0,0,0,6
9,apv,boundary,wave,w*eta*dlogN2,0,-1,0,1,0,0,0,0,6
9,boundary,apv,wave,u*dx(u),0,1,0,-1,0,0,0,0,6
9,boundary,apv,wave,v*dy(u),0,1,0,-1,0,0,0,0,6
9,boundary,apv,wave,w*dz(u),0,1,0,-1,0,0,0,0,6
9,boundary,apv,wave,u*dx(v),0,1,0,-1,0,0,0,0,6
9,boundary,apv,wave,v*dy(v),0,1,0,-1,0,0,0,0,6
9,boundary,apv,wave,w*dz(v),0,1,0,-1,0,0,0,0,6
9,boundary,apv,wave,u*dx(w),0,1,0,-1,0,0,0,0,6
9,boundary,apv,wave,v*dy(w),0,1,0,-1,0,0,0,0,6
9,boundary,apv,wave,w*dz(w),0,1,0,-1,0,0,0,0,6
9,boundary,apv,wave,u*dx(eta),0,1,0,-1,0,0,0,0,6
9,boundary,apv,wave,v*dy(eta),0,1,0,-1,0,0,0,0,6
9,boundary,apv,wave,w*dz(eta),0,1,0,-1,0,0,0,0,6
9,boundary,apv,wave,w*eta*dlogN2,0,1,0,-1,0,0,0,0,6
9,boundary,boundary,wave,u*dx(u),0,1,0,1,0,0,0,0,4
9,boundary,boundary,wave,v*dy(u),0,1,0,1,0,0,0,0,4
9,boundary,boundary,wave,w*dz(u),0,1,0,1,0,0,0,0,4
9,boundary,boundary,wave,u*dx(v),0,1,0,1,0,0,0,0,4
9,boundary,boundary,wave,v*dy(v),0,1,0,1,0,0,0,0,4
9,boundary,boundary,wave,w*dz(v),0,1,0,1,0,0,0,0,4
9,boundary,boundary,wave,u*dx(w),0,1,0,1,0,0,0,0,4
9,boundary,boundary,wave,v*dy(w),0,1,0,1,0,0,0,0,4
9,boundary,boundary,wave,w*dz(w),0,1,0,1,0,0,0,0,4
9,boundary,boundary,wave,u*dx(eta),0,1,0,1,0,0,0,0,4
9,boundary,boundary,wave,v*dy(eta),0,1,0,1,0,0,0,0,4
9,boundary,boundary,wave,w*dz(eta),0,1,0,1,0,0,0,0,4
9,boundary,boundary,wave,w*eta*dlogN2,0,1,0,1,0,0,0,0,4
10,wave,wave,wave,u*dx(u),0.591603345189947,15,1,16,1,1.62903912581669e-10,3.9051654465716e-08,1024,0
10,wave,wave,wave,v*dy(u),0.591603345189947,15,1,16,1,1.62903912581669e-10,2.92975425031372e-08,1024,0
10,wave,wave,wave,w*dz(u),0.592027865250528,16,1,15,1,6.20184804756008e-06,0.000143966920864047,1024,0
10,wave,wave,wave,u*dx(v),0.592242104667397,15,1,16,1,1.62903690537064e-10,3.9054077416445e-08,1024,0
10,wave,wave,wave,v*dy(v),0.592242104667397,15,1,16,1,1.62903690537064e-10,2.92999653428438e-08,1024,0
10,wave,wave,wave,w*dz(v),0.59268429133431,16,1,15,1,6.20184804756008e-06,0.00014396691844043,1024,0
10,wave,wave,wave,u*dx(w),0.00123252128003714,16,1,16,1,5.82335291099412e-11,3.90620596979474e-08,1024,0
10,wave,wave,wave,v*dy(w),0.00123252128003714,16,1,16,1,5.82335291099412e-11,2.93079477353686e-08,1024,0
10,wave,wave,wave,w*dz(w),0.00123252107402424,16,1,16,1,5.82336401322436e-11,3.9062188372796e-08,1024,0
10,wave,wave,wave,u*dx(eta),0.0712952200944338,16,1,16,1,3.82777254337441e-10,2.92860676820439e-08,1024,0
10,wave,wave,wave,v*dy(eta),0.0712952200944338,16,1,16,1,3.82777143315138e-10,1.95319554974205e-08,1024,0
10,wave,wave,wave,w*dz(eta),0.0712951816899623,16,1,16,1,3.82776921270533e-10,2.92862031292529e-08,1024,0
10,wave,wave,wave,w*eta*dlogN2,0.0609356606278019,16,1,16,1,6.3069327538301e-11,2.92653250522079e-08,1024,0
10,wave,apv,wave,u*dx(u),0.00339065311703012,16,1,2,0,4.43159623669289e-14,3.20474270938081e-07,96,0
10,wave,apv,wave,v*dy(u),0.00339065311703039,16,1,2,0,4.40109855833943e-14,3.20474272930603e-07,96,0
10,wave,apv,wave,w*dz(u),0.00980413232632137,16,1,2,0,7.09876601945325e-13,4.83791095295949e-07,96,0
10,wave,apv,wave,u*dx(v),0.00340673332763653,16,1,2,0,4.47661250116212e-14,3.27204810717194e-07,96,0
10,wave,apv,wave,v*dy(v),0.00340673332763653,16,1,2,0,4.41009983565543e-14,3.27204812312381e-07,96,0
10,wave,apv,wave,w*dz(v),0.00981416742554065,16,1,2,0,7.096545573404e-13,4.83791095295949e-07,96,0
10,wave,apv,wave,u*dx(w),0,1,1,-1,0,0,0,0,96
10,wave,apv,wave,v*dy(w),0,1,1,-1,0,0,0,0,96
10,wave,apv,wave,w*dz(w),0,1,1,-1,0,0,0,0,96
10,wave,apv,wave,u*dx(eta),0.000887957309333633,16,1,2,0,6.54587495318992e-13,4.9737971685726e-07,96,0
10,wave,apv,wave,v*dy(eta),0.000887957309333645,16,1,2,0,6.54365450714067e-13,4.97383537578777e-07,96,0
10,wave,apv,wave,w*dz(eta),0.000364366919318606,16,1,2,0,7.65078556064225e-09,6.51733974788016e-07,96,0
10,wave,apv,wave,w*eta*dlogN2,0.00989248497137586,16,1,2,0,4.08562073062058e-13,4.88564767198163e-07,96,0
10,apv,wave,wave,u*dx(u),0,-1,0,1,1,0,0,0,96
10,apv,wave,wave,v*dy(u),0.00339066837337451,2,0,16,1,4.40339183730254e-14,3.20476108393936e-07,96,0
10,apv,wave,wave,w*dz(u),0,-1,0,1,1,0,0,0,96
10,apv,wave,wave,u*dx(v),0,-1,0,1,1,0,0,0,96
10,apv,wave,wave,v*dy(v),0.00340674864863211,2,0,16,1,4.44266547466078e-14,3.27206696511271e-07,96,0
10,apv,wave,wave,w*dz(v),0,-1,0,1,1,0,0,0,96
10,apv,wave,wave,u*dx(w),0,-1,0,1,1,0,0,0,96
10,apv,wave,wave,v*dy(w),6.11256771683914e-05,2,0,15,1,6.66133814775094e-16,2.22520933457204e-07,96,0
10,apv,wave,wave,w*dz(w),0,-1,0,1,1,0,0,0,96
10,apv,wave,wave,u*dx(eta),0,-1,0,1,1,0,0,0,96
10,apv,wave,wave,v*dy(eta),0.000365019706153653,2,0,16,1,1.24344978758018e-14,3.54988193852306e-07,96,0
10,apv,wave,wave,w*dz(eta),0,-1,0,1,1,0,0,0,96
10,apv,wave,wave,w*eta*dlogN2,0,-1,0,1,1,0,0,0,96
10,wave,boundary,wave,u*dx(u),0.00228680979242405,16,1,2,0,1.52782625953587e-14,1.2608838280465e-07,64,0
10,wave,boundary,wave,v*dy(u),0.00228680979242409,16,1,2,0,1.52190170680517e-14,1.26088369152877e-07,64,0
10,wave,boundary,wave,w*dz(u),0.00451591166816873,16,1,2,0,4.02701645765003e-13,2.13170777363381e-07,64,0
10,wave,boundary,wave,u*dx(v),0.00230624192795502,16,1,2,0,1.5362690717934e-14,1.34462562853763e-07,64,0
10,wave,boundary,wave,v*dy(v),0.00230624192795486,16,1,2,0,1.5060487339739e-14,1.34462547912748e-07,64,0
10,wave,boundary,wave,w*dz(v),0.00452071229134888,16,1,2,0,4.02984984196947e-13,2.20381369636398e-07,64,0
10,wave,boundary,wave,u*dx(w),0,1,1,1,0,0,0,0,64
10,wave,boundary,wave,v*dy(w),0,1,1,1,0,0,0,0,64
10,wave,boundary,wave,w*dz(w),0,1,1,1,0,0,0,0,64
10,wave,boundary,wave,u*dx(eta),0.000417163845846474,16,1,2,0,1.36224365121507e-13,1.55405703416989e-07,64,0
10,wave,boundary,wave,v*dy(eta),0.000417163845846447,16,1,2,0,1.36002320516582e-13,1.53564283844609e-07,64,0
10,wave,boundary,wave,w*dz(eta),0.000282693606589183,15,1,2,0,4.53216131290901e-10,1.01666896790142e-07,64,0
10,wave,boundary,wave,w*eta*dlogN2,0.0107582970904264,16,1,2,0,3.05866443284231e-13,2.13358371303762e-07,64,0
10,boundary,wave,wave,u*dx(u),0,1,0,1,1,0,0,0,64
10,boundary,wave,wave,v*dy(u),0.00203631641391255,2,0,16,1,1.27709217102287e-14,1.05599675380712e-07,64,0
10,boundary,wave,wave,w*dz(u),0,1,0,1,1,0,0,0,64
10,boundary,wave,wave,u*dx(v),0,1,0,1,1,0,0,0,64
10,boundary,wave,wave,v*dy(v),0.00205382734229066,2,0,16,1,1.29439172876795e-14,1.12803227494482e-07,64,0
10,boundary,wave,wave,w*dz(v),0,1,0,1,1,0,0,0,64
10,boundary,wave,wave,u*dx(w),0,1,0,1,1,0,0,0,64
10,boundary,wave,wave,v*dy(w),2.80827361133329e-05,2,0,15,1,8.88178419700125e-16,1.08902740825201e-07,64,0
10,boundary,wave,wave,w*dz(w),0,1,0,1,1,0,0,0,64
10,boundary,wave,wave,u*dx(eta),0,1,0,1,1,0,0,0,64
10,boundary,wave,wave,v*dy(eta),0.000255517628194495,2,0,15,1,2.99760216648792e-15,9.5684950518482e-08,64,0
10,boundary,wave,wave,w*dz(eta),0,1,0,1,1,0,0,0,64
10,boundary,wave,wave,w*eta*dlogN2,0,1,0,1,1,0,0,0,64
10,apv,boundary,wave,u*dx(u),0,-1,0,1,0,0,0,0,6
10,apv,boundary,wave,v*dy(u),0.000523954128665334,-1,0,2,0,3.92073923403369e-15,2.91042544287023e-07,6,0
10,apv,boundary,wave,w*dz(u),0,-1,0,1,0,0,0,0,6
10,apv,boundary,wave,u*dx(v),0,-1,0,1,0,0,0,0,6
10,apv,boundary,wave,v*dy(v),0.000524616817353971,-1,0,2,0,3.84926726833992e-15,2.91042544731113e-07,6,0
10,apv,boundary,wave,w*dz(v),0,-1,0,1,0,0,0,0,6
10,apv,boundary,wave,u*dx(w),0,-1,0,1,0,0,0,0,6
10,apv,boundary,wave,v*dy(w),0,-1,0,1,0,0,0,0,6
10,apv,boundary,wave,w*dz(w),0,-1,0,1,0,0,0,0,6
10,apv,boundary,wave,u*dx(eta),0,-1,0,1,0,0,0,0,6
10,apv,boundary,wave,v*dy(eta),1.88709830103827e-05,-1,0,2,0,3.49720252756924e-14,2.40172792320692e-07,6,0
10,apv,boundary,wave,w*dz(eta),0,-1,0,1,0,0,0,0,6
10,apv,boundary,wave,w*eta*dlogN2,0,-1,0,1,0,0,0,0,6
10,boundary,apv,wave,u*dx(u),0,1,0,-1,0,0,0,0,6
10,boundary,apv,wave,v*dy(u),0.000476671857086628,2,0,-1,0,3.59343560433668e-15,3.06847080633332e-07,6,0
10,boundary,apv,wave,w*dz(u),0,1,0,-1,0,0,0,0,6
10,boundary,apv,wave,u*dx(v),0,1,0,-1,0,0,0,0,6
10,boundary,apv,wave,v*dy(v),0.00047727559265088,2,0,-1,0,3.30193399897888e-15,3.06847081077422e-07,6,0
10,boundary,apv,wave,w*dz(v),0,1,0,-1,0,0,0,0,6
10,boundary,apv,wave,u*dx(w),0,1,0,-1,0,0,0,0,6
10,boundary,apv,wave,v*dy(w),0,1,0,-1,0,0,0,0,6
10,boundary,apv,wave,w*dz(w),0,1,0,-1,0,0,0,0,6
10,boundary,apv,wave,u*dx(eta),0,1,0,-1,0,0,0,0,6
10,boundary,apv,wave,v*dy(eta),4.45765651741042e-05,2,0,1,0,4.5852210917019e-14,5.91101836477925e-07,6,0
10,boundary,apv,wave,w*dz(eta),0,1,0,-1,0,0,0,0,6
10,boundary,apv,wave,w*eta*dlogN2,0,1,0,-1,0,0,0,0,6
10,boundary,boundary,wave,u*dx(u),0,1,0,1,0,0,0,0,4
10,boundary,boundary,wave,v*dy(u),0.00049735767495623,2,0,1,0,2.49627879536254e-15,5.53034544825692e-07,4,0
10,boundary,boundary,wave,w*dz(u),0,1,0,1,0,0,0,0,4
10,boundary,boundary,wave,u*dx(v),0,1,0,1,0,0,0,0,4
10,boundary,boundary,wave,v*dy(v),0.000497992827665556,2,0,1,0,2.42770010164931e-15,5.96587408196549e-07,4,0
10,boundary,boundary,wave,w*dz(v),0,1,0,1,0,0,0,0,4
10,boundary,boundary,wave,u*dx(w),0,1,0,1,0,0,0,0,4
10,boundary,boundary,wave,v*dy(w),0,1,0,1,0,0,0,0,4
10,boundary,boundary,wave,w*dz(w),0,1,0,1,0,0,0,0,4
10,boundary,boundary,wave,u*dx(eta),0,1,0,1,0,0,0,0,4
10,boundary,boundary,wave,v*dy(eta),3.60466974197177e-05,2,0,1,0,8.870681966755e-14,3.02299367087923e-07,4,0
10,boundary,boundary,wave,w*dz(eta),0,1,0,1,0,0,0,0,4
10,boundary,boundary,wave,w*eta*dlogN2,0,1,0,1,0,0,0,0,4
11,wave,wave,wave,u*dx(u),0.591600597928692,16,1,15,1,1.62899693734175e-10,3.90066164923653e-08,1024,0
11,wave,wave,wave,v*dy(u),0.591600597928692,16,1,15,1,1.62899693734175e-10,2.92525046408088e-08,1024,0
11,wave,wave,wave,w*dz(u),0.592025603402097,16,1,15,1,1.24237100862512e-06,2.88124227920683e-05,1024,0
11,wave,wave,wave,u*dx(v),0.592907626133706,16,1,15,1,1.6289947168957e-10,3.90053291887682e-08,1024,0
11,wave,wave,wave,v*dy(v),0.592907626133706,16,1,15,1,1.6289947168957e-10,2.92512173372117e-08,1024,0
11,wave,wave,wave,w*dz(v),0.59336916900297,16,1,15,1,1.24237100906921e-06,2.88124240792609e-05,1024,0
11,wave,wave,wave,u*dx(w),0.00100301468163391,16,1,16,1,5.82367487567126e-11,3.90141667860888e-08,1024,0
11,wave,wave,wave,v*dy(w),0.00100301468163391,16,1,16,1,5.82361936452003e-11,2.92600546014654e-08,1024,0
11,wave,wave,wave,w*dz(w),0.00100301499748753,16,1,16,1,5.82365267121077e-11,3.90141461359406e-08,1024,0
11,wave,wave,wave,u*dx(eta),0.0581498066048947,16,1,16,1,3.82792575415181e-10,2.92613319130552e-08,1024,0
11,wave,wave,wave,v*dy(eta),0.0581498066048947,16,1,16,1,3.82792686437483e-10,1.95072199504764e-08,1024,0
11,wave,wave,wave,w*dz(eta),0.0581498657287347,16,1,16,1,3.82792908482088e-10,2.92614732444463e-08,1024,0
11,wave,wave,wave,w*eta*dlogN2,0.0515247771197635,16,1,16,1,6.30704377613256e-11,2.92406021618064e-08,1024,0
11,wave,apv,wave,u*dx(u),0.00338218808385995,16,1,2,0,4.45207898535371e-14,3.19289342101746e-07,96,0
11,wave,apv,wave,v*dy(u),0.00338218808386024,16,1,2,0,4.42655300621589e-14,3.1928934187318e-07,96,0
11,wave,apv,wave,w*dz(u),0.00980397762021263,16,1,2,0,7.09876601945325e-13,4.83791095295949e-07,96,0
11,wave,apv,wave,u*dx(v),0.00342344277325254,16,1,2,0,4.45888255272837e-14,3.34078835587579e-07,96,0
11,wave,apv,wave,v*dy(v),0.00342344277325362,16,1,2,0,4.45957935438598e-14,3.34078836157921e-07,96,0
11,wave,apv,wave,w*dz(v),0.009824605244805,16,1,2,0,7.096545573404e-13,4.84122040065795e-07,96,0
11,wave,apv,wave,u*dx(w),0,1,1,-1,0,0,0,0,96
11,wave,apv,wave,v*dy(w),0,1,1,-1,0,0,0,0,96
11,wave,apv,wave,w*dz(w),0,1,1,-1,0,0,0,0,96
11,wave,apv,wave,u*dx(eta),0.000733909633524444,16,1,2,0,6.54587495318992e-13,4.9737971685726e-07,96,0
11,wave,apv,wave,v*dy(eta),0.000733909633524452,16,1,2,0,6.54365450714067e-13,4.97383537578777e-07,96,0
11,wave,apv,wave,w*dz(eta),0.000307177617943417,16,1,2,0,7.65078556064225e-09,6.51733974788016e-07,96,0
11,wave,apv,wave,w*eta*dlogN2,0.00826523010814225,16,1,2,0,4.08562073062058e-13,4.88564767198163e-07,96,0
11,apv,wave,wave,u*dx(u),0,-1,0,1,1,0,0,0,96
11,apv,wave,wave,v*dy(u),0.00338215938895234,2,0,16,1,4.42990784205861e-14,3.19285905338709e-07,96,0
11,apv,wave,wave,w*dz(u),0,-1,0,1,1,0,0,0,96
11,apv,wave,wave,u*dx(v),0,-1,0,1,1,0,0,0,96
11,apv,wave,wave,v*dy(v),0.00342341377257514,2,0,16,1,4.43580992189532e-14,3.34075210621475e-07,96,0
11,apv,wave,wave,w*dz(v),0,-1,0,1,1,0,0,0,96
11,apv,wave,wave,u*dx(w),0,-1,0,1,1,0,0,0,96
11,apv,wave,wave,v*dy(w),4.97511326238892e-05,2,0,15,1,8.88178419700125e-16,2.22673703698106e-07,96,0
11,apv,wave,wave,w*dz(w),0,-1,0,1,1,0,0,0,96
11,apv,wave,wave,u*dx(eta),0,-1,0,1,1,0,0,0,96
11,apv,wave,wave,v*dy(eta),0.000307708118010991,2,0,16,1,1.25455201782643e-14,3.27658558224122e-07,96,0
11,apv,wave,wave,w*dz(eta),0,-1,0,1,1,0,0,0,96
11,apv,wave,wave,w*eta*dlogN2,0,-1,0,1,1,0,0,0,96
11,wave,boundary,wave,u*dx(u),0.00163556993581563,16,1,2,0,1.06956745577138e-14,8.26513710805443e-08,64,0
11,wave,boundary,wave,v*dy(u),0.00163556993581605,16,1,2,0,1.09192199397926e-14,7.46808685748962e-08,64,0
11,wave,boundary,wave,w*dz(u),0.00333933543573748,16,1,2,0,2.72700925945272e-13,1.08167251600122e-07,64,0
11,wave,boundary,wave,u*dx(v),0.00167353820884942,16,1,2,0,1.11438051592409e-14,9.03634468832727e-08,64,0
11,wave,boundary,wave,v*dy(v),0.00167353820884932,16,1,2,0,1.12689966197873e-14,8.85202865620726e-08,64,0
11,wave,boundary,wave,w*dz(v),0.00334651443090257,16,1,2,0,2.73161787362331e-13,1.56802324708784e-07,64,0
11,wave,boundary,wave,u*dx(w),0,1,1,1,0,0,0,0,64
11,wave,boundary,wave,v*dy(w),0,1,1,1,0,0,0,0,64
11,wave,boundary,wave,w*dz(w),0,1,1,1,0,0,0,0,64
11,wave,boundary,wave,u*dx(eta),0.000257431582054638,16,1,2,0,9.79216707719388e-14,8.8634003136967e-08,64,0
11,wave,boundary,wave,v*dy(eta),0.000257431582054626,16,1,2,0,9.76996261670138e-14,7.8879891840522e-08,64,0
11,wave,boundary,wave,w*dz(eta),0.000178669007673883,15,1,2,0,2.05208072756591e-10,6.27774341399601e-08,64,0
11,wave,boundary,wave,w*eta*dlogN2,0.0106191629306517,16,1,2,0,2.8554936193359e-13,1.12335603263958e-07,64,0
11,boundary,wave,wave,u*dx(u),0,1,0,1,1,0,0,0,64
11,boundary,wave,wave,v*dy(u),0.002025728991647,2,0,16,1,1.28991102084601e-14,1.04700655589873e-07,64,0
11,boundary,wave,wave,w*dz(u),0,1,0,1,1,0,0,0,64
11,boundary,wave,wave,u*dx(v),0,1,0,1,1,0,0,0,64
11,boundary,wave,wave,v*dy(v),0.00207191950073695,2,0,16,1,1.31616613368331e-14,1.19851096795847e-07,64,0
11,boundary,wave,wave,w*dz(v),0,1,0,1,1,0,0,0,64
11,boundary,wave,wave,u*dx(w),0,1,0,1,1,0,0,0,64
11,boundary,wave,wave,v*dy(w),2.28565187135435e-05,2,0,15,1,4.44089209850063e-16,1.0885623169532e-07,64,0
11,boundary,wave,wave,w*dz(w),0,1,0,1,1,0,0,0,64
11,boundary,wave,wave,u*dx(eta),0,1,0,1,1,0,0,0,64
11,boundary,wave,wave,v*dy(eta),0.000218021816798127,2,0,15,1,2.99760216648792e-15,9.56630390458457e-08,64,0
11,boundary,wave,wave,w*dz(eta),0,1,0,1,1,0,0,0,64
11,boundary,wave,wave,w*eta*dlogN2,0,1,0,1,1,0,0,0,64
11,apv,boundary,wave,u*dx(u),0,-1,0,1,0,0,0,0,6
11,apv,boundary,wave,v*dy(u),0.000395473739916898,-1,0,2,0,2.62601881264853e-15,3.30513364010798e-07,6,0
11,apv,boundary,wave,w*dz(u),0,-1,0,1,0,0,0,0,6
11,apv,boundary,wave,u*dx(v),0,-1,0,1,0,0,0,0,6
11,apv,boundary,wave,v*dy(v),0.000396505236580509,-1,0,2,0,2.75603673518447e-15,3.41491453792494e-07,6,0
11,apv,boundary,wave,w*dz(v),0,-1,0,1,0,0,0,0,6
11,apv,boundary,wave,u*dx(w),0,-1,0,1,0,0,0,0,6
11,apv,boundary,wave,v*dy(w),0,-1,0,1,0,0,0,0,6
11,apv,boundary,wave,w*dz(w),0,-1,0,1,0,0,0,0,6
11,apv,boundary,wave,u*dx(eta),0,-1,0,1,0,0,0,0,6
11,apv,boundary,wave,v*dy(eta),1.1654208259431e-05,-1,0,2,0,1.55136166866944e-14,3.23847392014187e-07,6,0
11,apv,boundary,wave,w*dz(eta),0,-1,0,1,0,0,0,0,6
11,apv,boundary,wave,w*eta*dlogN2,0,-1,0,1,0,0,0,0,6
11,boundary,apv,wave,u*dx(u),0,1,0,-1,0,0,0,0,6
11,boundary,apv,wave,v*dy(u),0.000476666033681265,2,0,-1,0,3.19476925836929e-15,3.06847080633332e-07,6,0
11,boundary,apv,wave,w*dz(u),0,1,0,-1,0,0,0,0,6
11,boundary,apv,wave,u*dx(v),0,1,0,-1,0,0,0,0,6
11,boundary,apv,wave,v*dy(v),0.000477905495211208,2,0,-1,0,3.37729574029839e-15,3.22624495486068e-07,6,0
11,boundary,apv,wave,w*dz(v),0,1,0,-1,0,0,0,0,6
11,boundary,apv,wave,u*dx(w),0,1,0,-1,0,0,0,0,6
11,boundary,apv,wave,v*dy(w),0,1,0,-1,0,0,0,0,6
11,boundary,apv,wave,w*dz(w),0,1,0,-1,0,0,0,0,6
11,boundary,apv,wave,u*dx(eta),0,1,0,-1,0,0,0,0,6
11,boundary,apv,wave,v*dy(eta),3.69007198057293e-05,2,0,1,0,4.5852210917019e-14,5.91101836477925e-07,6,0
11,boundary,apv,wave,w*dz(eta),0,1,0,-1,0,0,0,0,6
11,boundary,apv,wave,w*eta*dlogN2,0,1,0,-1,0,0,0,0,6
11,boundary,boundary,wave,u*dx(u),0,1,0,1,0,0,0,0,4
11,boundary,boundary,wave,v*dy(u),0.000493751384195259,1,0,2,0,2.3483839780347e-15,7.31569203438198e-07,4,0
11,boundary,boundary,wave,w*dz(u),0,1,0,1,0,0,0,0,4
11,boundary,boundary,wave,u*dx(v),0,1,0,1,0,0,0,0,4
11,boundary,boundary,wave,v*dy(v),0.000495063357242356,1,0,2,0,2.54834223204136e-15,9.31932923125988e-07,4,0
11,boundary,boundary,wave,w*dz(v),0,1,0,1,0,0,0,0,4
11,boundary,boundary,wave,u*dx(w),0,1,0,1,0,0,0,0,4
11,boundary,boundary,wave,v*dy(w),0,1,0,1,0,0,0,0,4
11,boundary,boundary,wave,w*dz(w),0,1,0,1,0,0,0,0,4
11,boundary,boundary,wave,u*dx(eta),0,1,0,1,0,0,0,0,4
11,boundary,boundary,wave,v*dy(eta),2.24884179922962e-05,2,0,1,0,6.51700915454967e-14,3.95766869054626e-07,4,0
11,boundary,boundary,wave,w*dz(eta),0,1,0,1,0,0,0,0,4
11,boundary,boundary,wave,w*eta*dlogN2,0,1,0,1,0,0,0,0,4
12,wave,wave,inertial,u*dx(u),0.00171417515468252,16,1,14,1,1.6290124804641e-10,3.90214658363419e-08,1024,0
12,wave,wave,inertial,v*dy(u),0,1,1,1,1,0,0,0,1024
12,wave,wave,inertial,w*dz(u),0.0107737630684854,2,1,1,1,3.48212129896996e-06,8.08103419887019e-05,1024,0
12,wave,wave,inertial,u*dx(v),0.00171417515468254,16,1,14,1,1.6290124804641e-10,2.92673537627408e-08,1024,0
12,wave,wave,inertial,v*dy(v),0,1,1,1,1,0,0,0,1024
12,wave,wave,inertial,w*dz(v),0.0107737630684856,2,1,1,1,3.48212129896996e-06,8.08200968889228e-05,1024,0
12,wave,wave,mda,u*dx(eta),0.00550312702479294,16,1,16,1,3.82782583407959e-10,1.17072391135185e-07,1024,0
12,wave,wave,mda,v*dy(eta),0,1,1,1,1,0,0,0,1024
12,wave,wave,mda,w*dz(eta),0.0055031270247929,16,1,16,1,3.82782583407959e-10,1.2568491909633e-07,1024,0
12,wave,wave,mda,w*eta*dlogN2,0.0347279896769984,16,1,16,1,6.30696606052084e-11,2.92481905361797e-08,1024,0
12,wave,apv,inertial,u*dx(u),0,1,1,-1,0,0,0,0,96
12,wave,apv,inertial,v*dy(u),0,1,1,-1,0,0,0,0,96
12,wave,apv,inertial,w*dz(u),0,1,1,-1,0,0,0,0,96
12,wave,apv,inertial,u*dx(v),0.000633681315410443,16,1,1,0,1.55431223447522e-14,2.29540359386281e-07,96,0
12,wave,apv,inertial,v*dy(v),0,1,1,-1,0,0,0,0,96
12,wave,apv,inertial,w*dz(v),0.000406243088231356,15,1,2,0,7.096545573404e-13,4.83791095295949e-07,96,0
12,wave,apv,mda,u*dx(eta),0.000298556116642294,16,1,2,0,6.16062756364499e-13,2.86485866041334e-07,96,0
12,wave,apv,mda,v*dy(eta),0,1,1,-1,0,0,0,0,96
12,wave,apv,mda,w*dz(eta),0.000254787595319554,3,1,-1,0,7.65075403030835e-09,0.00887300861630928,96,0
12,wave,apv,mda,w*eta*dlogN2,0.00455096353594028,16,1,2,0,4.08562073062058e-13,4.88564767309185e-07,96,0
12,apv,wave,inertial,u*dx(u),0,-1,0,1,1,0,0,0,96
12,apv,wave,inertial,v*dy(u),0,-1,0,1,1,0,0,0,96
12,apv,wave,inertial,w*dz(u),0,-1,0,1,1,0,0,0,96
12,apv,wave,inertial,u*dx(v),0,-1,0,1,1,0,0,0,96
12,apv,wave,inertial,v*dy(v),0,-1,0,1,1,0,0,0,96
12,apv,wave,inertial,w*dz(v),0,-1,0,1,1,0,0,0,96
12,apv,wave,mda,u*dx(eta),0,-1,0,1,1,0,0,0,96
12,apv,wave,mda,v*dy(eta),0,-1,0,1,1,0,0,0,96
12,apv,wave,mda,w*dz(eta),0,-1,0,1,1,0,0,0,96
12,apv,wave,mda,w*eta*dlogN2,0,-1,0,1,1,0,0,0,96
12,wave,boundary,inertial,u*dx(u),0,1,1,1,0,0,0,0,64
12,wave,boundary,inertial,v*dy(u),0,1,1,1,0,0,0,0,64
12,wave,boundary,inertial,w*dz(u),0,1,1,1,0,0,0,0,64
12,wave,boundary,inertial,u*dx(v),0.000466506385916509,16,1,2,0,3.40357227034133e-15,1.04703192116418e-07,64,0
12,wave,boundary,inertial,v*dy(v),0,1,1,1,0,0,0,0,64
12,wave,boundary,inertial,w*dz(v),0.000187365984750795,15,1,2,0,1.34781075189494e-13,1.64452114370661e-07,64,0
12,wave,boundary,mda,u*dx(eta),2.61790457387719e-05,16,1,2,0,1.34941457351037e-14,1.64814827452453e-07,64,0
12,wave,boundary,mda,v*dy(eta),0,1,1,1,0,0,0,0,64
12,wave,boundary,mda,w*dz(eta),0.000168090767984825,15,1,2,0,2.91585644518477e-10,0.00388192961840086,64,0
12,wave,boundary,mda,w*eta*dlogN2,0.00537584486468504,16,1,2,0,3.00759417370955e-13,1.65731692480797e-07,64,0
12,boundary,wave,inertial,u*dx(u),0,1,0,1,1,0,0,0,64
12,boundary,wave,inertial,v*dy(u),0,1,0,1,1,0,0,0,64
12,boundary,wave,inertial,w*dz(u),0,1,0,1,1,0,0,0,64
12,boundary,wave,inertial,u*dx(v),0,1,0,1,1,0,0,0,64
12,boundary,wave,inertial,v*dy(v),0,1,0,1,1,0,0,0,64
12,boundary,wave,inertial,w*dz(v),0,1,0,1,1,0,0,0,64
12,boundary,wave,mda,u*dx(eta),0,1,0,1,1,0,0,0,64
12,boundary,wave,mda,v*dy(eta),0,1,0,1,1,0,0,0,64
12,boundary,wave,mda,w*dz(eta),0,1,0,1,1,0,0,0,64
12,boundary,wave,mda,w*eta*dlogN2,0,1,0,1,1,0,0,0,64
12,apv,boundary,inertial,u*dx(u),0,-1,0,1,0,0,0,0,6
12,apv,boundary,inertial,v*dy(u),0,-1,0,1,0,0,0,0,6
12,apv,boundary,inertial,w*dz(u),0,-1,0,1,0,0,0,0,6
12,apv,boundary,inertial,u*dx(v),0,-1,0,1,0,0,0,0,6
12,apv,boundary,inertial,v*dy(v),0,-1,0,1,0,0,0,0,6
12,apv,boundary,inertial,w*dz(v),0,-1,0,1,0,0,0,0,6
12,apv,boundary,mda,u*dx(eta),0,-1,0,1,0,0,0,0,6
12,apv,boundary,mda,v*dy(eta),0,-1,0,1,0,0,0,0,6
12,apv,boundary,mda,w*dz(eta),0,-1,0,1,0,0,0,0,6
12,apv,boundary,mda,w*eta*dlogN2,0,-1,0,1,0,0,0,0,6
12,boundary,apv,inertial,u*dx(u),0,1,0,-1,0,0,0,0,6
12,boundary,apv,inertial,v*dy(u),0,1,0,-1,0,0,0,0,6
12,boundary,apv,inertial,w*dz(u),0,1,0,-1,0,0,0,0,6
12,boundary,apv,inertial,u*dx(v),0,1,0,-1,0,0,0,0,6
12,boundary,apv,inertial,v*dy(v),0,1,0,-1,0,0,0,0,6
12,boundary,apv,inertial,w*dz(v),0,1,0,-1,0,0,0,0,6
12,boundary,apv,mda,u*dx(eta),0,1,0,-1,0,0,0,0,6
12,boundary,apv,mda,v*dy(eta),0,1,0,-1,0,0,0,0,6
12,boundary,apv,mda,w*dz(eta),0,1,0,-1,0,0,0,0,6
12,boundary,apv,mda,w*eta*dlogN2,0,1,0,-1,0,0,0,0,6
12,boundary,boundary,inertial,u*dx(u),0,1,0,1,0,0,0,0,4
12,boundary,boundary,inertial,v*dy(u),0,1,0,1,0,0,0,0,4
12,boundary,boundary,inertial,w*dz(u),0,1,0,1,0,0,0,0,4
12,boundary,boundary,inertial,u*dx(v),0,1,0,1,0,0,0,0,4
12,boundary,boundary,inertial,v*dy(v),0,1,0,1,0,0,0,0,4
12,boundary,boundary,inertial,w*dz(v),0,1,0,1,0,0,0,0,4
12,boundary,boundary,mda,u*dx(eta),0,1,0,1,0,0,0,0,4
12,boundary,boundary,mda,v*dy(eta),0,1,0,1,0,0,0,0,4
12,boundary,boundary,mda,w*dz(eta),0,1,0,1,0,0,0,0,4
12,boundary,boundary,mda,w*eta*dlogN2,0,1,0,1,0,0,0,0,4
13,wave,wave,wave,u*dx(u),0.591600597928692,16,1,15,1,1.62899693734175e-10,3.90066164923653e-08,1024,0
13,wave,wave,wave,v*dy(u),0.591600597928692,16,1,15,1,1.62899693734175e-10,2.92525046408088e-08,1024,0
13,wave,wave,wave,w*dz(u),0.592025603402097,16,1,15,1,1.24237100862512e-06,2.88124227920683e-05,1024,0
13,wave,wave,wave,u*dx(v),0.592907626133706,16,1,15,1,1.6289947168957e-10,3.90053291887682e-08,1024,0
13,wave,wave,wave,v*dy(v),0.592907626133706,16,1,15,1,1.6289947168957e-10,2.92512173372117e-08,1024,0
13,wave,wave,wave,w*dz(v),0.59336916900297,16,1,15,1,1.24237100906921e-06,2.88124240792609e-05,1024,0
13,wave,wave,wave,u*dx(w),0.00100301468163391,16,1,16,1,5.82367487567126e-11,3.90141667860888e-08,1024,0
13,wave,wave,wave,v*dy(w),0.00100301468163391,16,1,16,1,5.82361936452003e-11,2.92600546014654e-08,1024,0
13,wave,wave,wave,w*dz(w),0.00100301499748753,16,1,16,1,5.82365267121077e-11,3.90141461359406e-08,1024,0
13,wave,wave,wave,u*dx(eta),0.0581498066048947,16,1,16,1,3.82792575415181e-10,2.92613319130552e-08,1024,0
13,wave,wave,wave,v*dy(eta),0.0581498066048947,16,1,16,1,3.82792686437483e-10,1.95072199504764e-08,1024,0
13,wave,wave,wave,w*dz(eta),0.0581498657287347,16,1,16,1,3.82792908482088e-10,2.92614732444463e-08,1024,0
13,wave,wave,wave,w*eta*dlogN2,0.0515247771197635,16,1,16,1,6.30704377613256e-11,2.92406021618064e-08,1024,0
13,wave,apv,wave,u*dx(u),0.00338218808385995,16,1,2,0,4.45207898535371e-14,3.19289342101746e-07,96,0
13,wave,apv,wave,v*dy(u),0.00338218808386024,16,1,2,0,4.42655300621589e-14,3.1928934187318e-07,96,0
13,wave,apv,wave,w*dz(u),0.00980397762021263,16,1,2,0,7.09876601945325e-13,4.83791095295949e-07,96,0
13,wave,apv,wave,u*dx(v),0.00342344277325254,16,1,2,0,4.45888255272837e-14,3.34078835587579e-07,96,0
13,wave,apv,wave,v*dy(v),0.00342344277325362,16,1,2,0,4.45957935438598e-14,3.34078836157921e-07,96,0
13,wave,apv,wave,w*dz(v),0.009824605244805,16,1,2,0,7.096545573404e-13,4.84122040065795e-07,96,0
13,wave,apv,wave,u*dx(w),0,1,1,-1,0,0,0,0,96
13,wave,apv,wave,v*dy(w),0,1,1,-1,0,0,0,0,96
13,wave,apv,wave,w*dz(w),0,1,1,-1,0,0,0,0,96
13,wave,apv,wave,u*dx(eta),0.000733909633524444,16,1,2,0,6.54587495318992e-13,4.9737971685726e-07,96,0
13,wave,apv,wave,v*dy(eta),0.000733909633524452,16,1,2,0,6.54365450714067e-13,4.97383537578777e-07,96,0
13,wave,apv,wave,w*dz(eta),0.000307177617943417,16,1,2,0,7.65078556064225e-09,6.51733974788016e-07,96,0
13,wave,apv,wave,w*eta*dlogN2,0.00826523010814225,16,1,2,0,4.08562073062058e-13,4.88564767198163e-07,96,0
13,apv,wave,wave,u*dx(u),0,-1,0,1,1,0,0,0,96
13,apv,wave,wave,v*dy(u),0.00338215938895234,2,0,16,1,4.42990784205861e-14,3.19285905338709e-07,96,0
13,apv,wave,wave,w*dz(u),0,-1,0,1,1,0,0,0,96
13,apv,wave,wave,u*dx(v),0,-1,0,1,1,0,0,0,96
13,apv,wave,wave,v*dy(v),0.00342341377257514,2,0,16,1,4.43580992189532e-14,3.34075210621475e-07,96,0
13,apv,wave,wave,w*dz(v),0,-1,0,1,1,0,0,0,96
13,apv,wave,wave,u*dx(w),0,-1,0,1,1,0,0,0,96
13,apv,wave,wave,v*dy(w),4.97511326238892e-05,2,0,15,1,8.88178419700125e-16,2.22673703698106e-07,96,0
13,apv,wave,wave,w*dz(w),0,-1,0,1,1,0,0,0,96
13,apv,wave,wave,u*dx(eta),0,-1,0,1,1,0,0,0,96
13,apv,wave,wave,v*dy(eta),0.000307708118010991,2,0,16,1,1.25455201782643e-14,3.27658558224122e-07,96,0
13,apv,wave,wave,w*dz(eta),0,-1,0,1,1,0,0,0,96
13,apv,wave,wave,w*eta*dlogN2,0,-1,0,1,1,0,0,0,96
13,wave,boundary,wave,u*dx(u),0.00163556993581563,16,1,2,0,1.06956745577138e-14,8.26513710805443e-08,64,0
13,wave,boundary,wave,v*dy(u),0.00163556993581605,16,1,2,0,1.09192199397926e-14,7.46808685748962e-08,64,0
13,wave,boundary,wave,w*dz(u),0.00333933543573748,16,1,2,0,2.72700925945272e-13,1.08167251600122e-07,64,0
13,wave,boundary,wave,u*dx(v),0.00167353820884942,16,1,2,0,1.11438051592409e-14,9.03634468832727e-08,64,0
13,wave,boundary,wave,v*dy(v),0.00167353820884932,16,1,2,0,1.12689966197873e-14,8.85202865620726e-08,64,0
13,wave,boundary,wave,w*dz(v),0.00334651443090257,16,1,2,0,2.73161787362331e-13,1.56802324708784e-07,64,0
13,wave,boundary,wave,u*dx(w),0,1,1,1,0,0,0,0,64
13,wave,boundary,wave,v*dy(w),0,1,1,1,0,0,0,0,64
13,wave,boundary,wave,w*dz(w),0,1,1,1,0,0,0,0,64
13,wave,boundary,wave,u*dx(eta),0.000257431582054638,16,1,2,0,9.79216707719388e-14,8.8634003136967e-08,64,0
13,wave,boundary,wave,v*dy(eta),0.000257431582054626,16,1,2,0,9.76996261670138e-14,7.8879891840522e-08,64,0
13,wave,boundary,wave,w*dz(eta),0.000178669007673883,15,1,2,0,2.05208072756591e-10,6.27774341399601e-08,64,0
13,wave,boundary,wave,w*eta*dlogN2,0.0106191629306517,16,1,2,0,2.8554936193359e-13,1.12335603263958e-07,64,0
13,boundary,wave,wave,u*dx(u),0,1,0,1,1,0,0,0,64
13,boundary,wave,wave,v*dy(u),0.002025728991647,2,0,16,1,1.28991102084601e-14,1.04700655589873e-07,64,0
13,boundary,wave,wave,w*dz(u),0,1,0,1,1,0,0,0,64
13,boundary,wave,wave,u*dx(v),0,1,0,1,1,0,0,0,64
13,boundary,wave,wave,v*dy(v),0.00207191950073695,2,0,16,1,1.31616613368331e-14,1.19851096795847e-07,64,0
13,boundary,wave,wave,w*dz(v),0,1,0,1,1,0,0,0,64
13,boundary,wave,wave,u*dx(w),0,1,0,1,1,0,0,0,64
13,boundary,wave,wave,v*dy(w),2.28565187135435e-05,2,0,15,1,4.44089209850063e-16,1.0885623169532e-07,64,0
13,boundary,wave,wave,w*dz(w),0,1,0,1,1,0,0,0,64
13,boundary,wave,wave,u*dx(eta),0,1,0,1,1,0,0,0,64
13,boundary,wave,wave,v*dy(eta),0.000218021816798127,2,0,15,1,2.99760216648792e-15,9.56630390458457e-08,64,0
13,boundary,wave,wave,w*dz(eta),0,1,0,1,1,0,0,0,64
13,boundary,wave,wave,w*eta*dlogN2,0,1,0,1,1,0,0,0,64
13,apv,boundary,wave,u*dx(u),0,-1,0,1,0,0,0,0,6
13,apv,boundary,wave,v*dy(u),0.000395473739916898,-1,0,2,0,2.62601881264853e-15,3.30513364010798e-07,6,0
13,apv,boundary,wave,w*dz(u),0,-1,0,1,0,0,0,0,6
13,apv,boundary,wave,u*dx(v),0,-1,0,1,0,0,0,0,6
13,apv,boundary,wave,v*dy(v),0.000396505236580509,-1,0,2,0,2.75603673518447e-15,3.41491453792494e-07,6,0
13,apv,boundary,wave,w*dz(v),0,-1,0,1,0,0,0,0,6
13,apv,boundary,wave,u*dx(w),0,-1,0,1,0,0,0,0,6
13,apv,boundary,wave,v*dy(w),0,-1,0,1,0,0,0,0,6
13,apv,boundary,wave,w*dz(w),0,-1,0,1,0,0,0,0,6
13,apv,boundary,wave,u*dx(eta),0,-1,0,1,0,0,0,0,6
13,apv,boundary,wave,v*dy(eta),1.1654208259431e-05,-1,0,2,0,1.55136166866944e-14,3.23847392014187e-07,6,0
13,apv,boundary,wave,w*dz(eta),0,-1,0,1,0,0,0,0,6
13,apv,boundary,wave,w*eta*dlogN2,0,-1,0,1,0,0,0,0,6
13,boundary,apv,wave,u*dx(u),0,1,0,-1,0,0,0,0,6
13,boundary,apv,wave,v*dy(u),0.000476666033681265,2,0,-1,0,3.19476925836929e-15,3.06847080633332e-07,6,0
13,boundary,apv,wave,w*dz(u),0,1,0,-1,0,0,0,0,6
13,boundary,apv,wave,u*dx(v),0,1,0,-1,0,0,0,0,6
13,boundary,apv,wave,v*dy(v),0.000477905495211208,2,0,-1,0,3.37729574029839e-15,3.22624495486068e-07,6,0
13,boundary,apv,wave,w*dz(v),0,1,0,-1,0,0,0,0,6
13,boundary,apv,wave,u*dx(w),0,1,0,-1,0,0,0,0,6
13,boundary,apv,wave,v*dy(w),0,1,0,-1,0,0,0,0,6
13,boundary,apv,wave,w*dz(w),0,1,0,-1,0,0,0,0,6
13,boundary,apv,wave,u*dx(eta),0,1,0,-1,0,0,0,0,6
13,boundary,apv,wave,v*dy(eta),3.69007198057293e-05,2,0,1,0,4.5852210917019e-14,5.91101836477925e-07,6,0
13,boundary,apv,wave,w*dz(eta),0,1,0,-1,0,0,0,0,6
13,boundary,apv,wave,w*eta*dlogN2,0,1,0,-1,0,0,0,0,6
13,boundary,boundary,wave,u*dx(u),0,1,0,1,0,0,0,0,4
13,boundary,boundary,wave,v*dy(u),0.000493751384195259,1,0,2,0,2.3483839780347e-15,7.31569203438198e-07,4,0
13,boundary,boundary,wave,w*dz(u),0,1,0,1,0,0,0,0,4
13,boundary,boundary,wave,u*dx(v),0,1,0,1,0,0,0,0,4
13,boundary,boundary,wave,v*dy(v),0.000495063357242356,1,0,2,0,2.54834223204136e-15,9.31932923125988e-07,4,0
13,boundary,boundary,wave,w*dz(v),0,1,0,1,0,0,0,0,4
13,boundary,boundary,wave,u*dx(w),0,1,0,1,0,0,0,0,4
13,boundary,boundary,wave,v*dy(w),0,1,0,1,0,0,0,0,4
13,boundary,boundary,wave,w*dz(w),0,1,0,1,0,0,0,0,4
13,boundary,boundary,wave,u*dx(eta),0,1,0,1,0,0,0,0,4
13,boundary,boundary,wave,v*dy(eta),2.24884179922962e-05,2,0,1,0,6.51700915454967e-14,3.95766869054626e-07,4,0
13,boundary,boundary,wave,w*dz(eta),0,1,0,1,0,0,0,0,4
13,boundary,boundary,wave,w*eta*dlogN2,0,1,0,1,0,0,0,0,4
14,wave,wave,wave,u*dx(u),0,1,1,1,1,0,0,0,1024
14,wave,wave,wave,v*dy(u),0.592907660756006,15,1,16,1,1.62905022804694e-10,2.92663355772049e-08,1024,0
14,wave,wave,wave,w*dz(u),0.593366062732564,16,1,15,1,1.37419344236056e-05,0.000168929676030327,1024,0
14,wave,wave,wave,u*dx(v),0,1,1,1,1,0,0,0,1024
14,wave,wave,wave,v*dy(v),0.590251816639646,15,1,16,1,1.62904800760089e-10,3.9033023147006e-08,1024,0
14,wave,wave,wave,w*dz(v),0.590637347413935,16,1,15,1,1.37419344234946e-05,0.000168919907692411,1024,0
14,wave,wave,wave,u*dx(w),0,1,1,1,1,0,0,0,1024
14,wave,wave,wave,v*dy(w),0.0014326699801559,16,1,16,1,5.82348613775707e-11,3.90401400096607e-08,1024,0
14,wave,wave,wave,w*dz(w),0.00143266905882691,16,1,16,1,5.82345283106633e-11,3.90419498952355e-08,1024,0
14,wave,wave,wave,u*dx(eta),0,1,1,1,1,0,0,0,1024
14,wave,wave,wave,v*dy(eta),0.0827006983302952,16,1,16,1,3.82782139318749e-10,2.92680629732089e-08,1024,0
14,wave,wave,wave,w*dz(eta),0.0827005271922261,16,1,16,1,3.82781695229539e-10,2.92698483228548e-08,1024,0
14,wave,wave,wave,w*eta*dlogN2,0.0688053530336887,16,1,16,1,6.30698826498133e-11,2.92489006348262e-08,1024,0
14,wave,apv,wave,u*dx(u),0,1,1,-1,0,0,0,0,96
14,wave,apv,wave,v*dy(u),0.00342333313616875,16,1,2,0,4.48764579078004e-14,3.34060481432716e-07,96,0
14,wave,apv,wave,w*dz(u),0.00982462105283406,16,1,2,0,7.09876601945325e-13,4.84022761716084e-07,96,0
14,wave,apv,wave,u*dx(v),0,1,1,-1,0,0,0,0,96
14,wave,apv,wave,v*dy(v),0,1,1,-1,0,0,0,0,96
14,wave,apv,wave,w*dz(v),0,1,1,-1,0,0,0,0,96
14,wave,apv,wave,u*dx(w),0,1,1,-1,0,0,0,0,96
14,wave,apv,wave,v*dy(w),0,1,1,-1,0,0,0,0,96
14,wave,apv,wave,w*dz(w),0,1,1,-1,0,0,0,0,96
14,wave,apv,wave,u*dx(eta),0,1,1,-1,0,0,0,0,96
14,wave,apv,wave,v*dy(eta),0.00102027375035239,16,1,2,0,6.5447647301653e-13,4.97378586983288e-07,96,0
14,wave,apv,wave,w*dz(eta),0.000412769069433228,16,1,2,0,7.65087948551013e-09,6.51734369583323e-07,96,0
14,wave,apv,wave,w*eta*dlogN2,0.0112734067305033,16,1,2,0,4.08562073062058e-13,4.8855244372259e-07,96,0
14,apv,wave,wave,u*dx(u),0,-1,0,1,1,0,0,0,96
14,apv,wave,wave,v*dy(u),0.00342339232039732,2,0,16,1,4.45225425585655e-14,3.34067867913234e-07,96,0
14,apv,wave,wave,w*dz(u),0,-1,0,1,1,0,0,0,96
14,apv,wave,wave,u*dx(v),0,-1,0,1,1,0,0,0,96
14,apv,wave,wave,v*dy(v),0.00336583262587126,2,0,16,1,4.33737206436903e-14,3.12550309005575e-07,96,0
14,apv,wave,wave,w*dz(v),0,-1,0,1,1,0,0,0,96
14,apv,wave,wave,u*dx(w),0,-1,0,1,1,0,0,0,96
14,apv,wave,wave,v*dy(w),7.10407618793408e-05,2,0,15,1,9.99200722162641e-16,2.2249170483768e-07,96,0
14,apv,wave,wave,w*dz(w),0,-1,0,1,1,0,0,0,96
14,apv,wave,wave,u*dx(eta),0,-1,0,1,1,0,0,0,96
14,apv,wave,wave,v*dy(eta),0.000413527389227442,2,0,16,1,1.24344978758018e-14,3.72067340946612e-07,96,0
14,apv,wave,wave,w*dz(eta),0,-1,0,1,1,0,0,0,96
14,apv,wave,wave,w*eta*dlogN2,0,-1,0,1,1,0,0,0,96
14,wave,boundary,wave,u*dx(u),0,1,1,1,0,0,0,0,64
14,wave,boundary,wave,v*dy(u),0.00259210806808904,16,1,2,0,1.79245194470678e-14,1.70569909071268e-07,64,0
14,wave,boundary,wave,w*dz(u),0.00500885344720588,16,1,2,0,4.60124106483145e-13,3.15945533594666e-07,64,0
14,wave,boundary,wave,u*dx(v),0,1,1,1,0,0,0,0,64
14,wave,boundary,wave,v*dy(v),0,1,1,1,0,0,0,0,64
14,wave,boundary,wave,w*dz(v),0,1,1,1,0,0,0,0,64
14,wave,boundary,wave,u*dx(w),0,1,1,1,0,0,0,0,64
14,wave,boundary,wave,v*dy(w),0,1,1,1,0,0,0,0,64
14,wave,boundary,wave,w*dz(w),0,1,1,1,0,0,0,0,64
14,wave,boundary,wave,u*dx(eta),0,1,1,1,0,0,0,0,64
14,wave,boundary,wave,v*dy(eta),0.000528808325474088,16,1,2,0,1.70308211977499e-13,2.15514016410623e-07,64,0
14,wave,boundary,wave,w*dz(eta),0.000347931301126566,15,1,2,0,6.39997166373973e-10,1.21002882602639e-07,64,0
14,wave,boundary,wave,w*eta*dlogN2,0.0112898549555324,16,1,2,0,3.07531777821168e-13,2.85148780920785e-07,64,0
14,boundary,wave,wave,u*dx(u),0,1,0,1,1,0,0,0,64
14,boundary,wave,wave,v*dy(u),0.00167348966774942,2,0,16,1,1.09324636096937e-14,8.85089837045357e-08,64,0
14,boundary,wave,wave,w*dz(u),0,1,0,1,1,0,0,0,64
14,boundary,wave,wave,u*dx(v),0,1,0,1,1,0,0,0,64
14,boundary,wave,wave,v*dy(v),0.00162301437283378,2,0,16,1,1.07408606871164e-14,8.26744941395674e-08,64,0
14,boundary,wave,wave,w*dz(v),0,1,0,1,1,0,0,0,64
14,boundary,wave,wave,u*dx(w),0,1,0,1,1,0,0,0,64
14,boundary,wave,wave,v*dy(w),2.59628807410963e-05,2,0,15,1,4.44089209850063e-16,8.40924526679387e-08,64,0
14,boundary,wave,wave,w*dz(w),0,1,0,1,1,0,0,0,64
14,boundary,wave,wave,u*dx(eta),0,1,0,1,1,0,0,0,64
14,boundary,wave,wave,v*dy(eta),0.000235424731446125,2,0,15,1,2.22044604925031e-15,7.28773247304915e-08,64,0
14,boundary,wave,wave,w*dz(eta),0,1,0,1,1,0,0,0,64
14,boundary,wave,wave,w*eta*dlogN2,0,1,0,1,1,0,0,0,64
14,apv,boundary,wave,u*dx(u),0,-1,0,1,0,0,0,0,6
14,apv,boundary,wave,v*dy(u),0.000565314971358391,-1,0,2,0,4.70509078922101e-15,2.8838749424715e-07,6,0
14,apv,boundary,wave,w*dz(u),0,-1,0,1,0,0,0,0,6
14,apv,boundary,wave,u*dx(v),0,-1,0,1,0,0,0,0,6
14,apv,boundary,wave,v*dy(v),0,-1,0,1,0,0,0,0,6
14,apv,boundary,wave,w*dz(v),0,-1,0,1,0,0,0,0,6
14,apv,boundary,wave,u*dx(w),0,-1,0,1,0,0,0,0,6
14,apv,boundary,wave,v*dy(w),0,-1,0,1,0,0,0,0,6
14,apv,boundary,wave,w*dz(w),0,-1,0,1,0,0,0,0,6
14,apv,boundary,wave,u*dx(eta),0,-1,0,1,0,0,0,0,6
14,apv,boundary,wave,v*dy(eta),2.40702938435723e-05,-1,0,2,0,4.55191440096314e-14,2.73371327574878e-07,6,0
14,apv,boundary,wave,w*dz(eta),0,-1,0,1,0,0,0,0,6
14,apv,boundary,wave,w*eta*dlogN2,0,-1,0,1,0,0,0,0,6
14,boundary,apv,wave,u*dx(u),0,1,0,-1,0,0,0,0,6
14,boundary,apv,wave,v*dy(u),0.000396502180586161,2,0,-1,0,2.72086748564583e-15,3.41272126496652e-07,6,0
14,boundary,apv,wave,w*dz(u),0,1,0,-1,0,0,0,0,6
14,boundary,apv,wave,u*dx(v),0,1,0,-1,0,0,0,0,6
14,boundary,apv,wave,v*dy(v),0,1,0,-1,0,0,0,0,6
14,boundary,apv,wave,w*dz(v),0,1,0,-1,0,0,0,0,6
14,boundary,apv,wave,u*dx(w),0,1,0,-1,0,0,0,0,6
14,boundary,apv,wave,v*dy(w),0,1,0,-1,0,0,0,0,6
14,boundary,apv,wave,w*dz(w),0,1,0,-1,0,0,0,0,6
14,boundary,apv,wave,u*dx(eta),0,1,0,-1,0,0,0,0,6
14,boundary,apv,wave,v*dy(eta),5.08544293041383e-05,2,0,1,0,4.10782519111308e-14,5.7413481302504e-07,6,0
14,boundary,apv,wave,w*dz(eta),0,1,0,-1,0,0,0,0,6
14,boundary,apv,wave,w*eta*dlogN2,0,1,0,-1,0,0,0,0,6
14,boundary,boundary,wave,u*dx(u),0,1,0,1,0,0,0,0,4
14,boundary,boundary,wave,v*dy(u),0.000449382957529901,2,0,1,0,2.60924280809554e-15,5.57023332025563e-07,4,0
14,boundary,boundary,wave,w*dz(u),0,1,0,1,0,0,0,0,4
14,boundary,boundary,wave,u*dx(v),0,1,0,1,0,0,0,0,4
14,boundary,boundary,wave,v*dy(v),0,1,0,1,0,0,0,0,4
14,boundary,boundary,wave,w*dz(v),0,1,0,1,0,0,0,0,4
14,boundary,boundary,wave,u*dx(w),0,1,0,1,0,0,0,0,4
14,boundary,boundary,wave,v*dy(w),0,1,0,1,0,0,0,0,4
14,boundary,boundary,wave,w*dz(w),0,1,0,1,0,0,0,0,4
14,boundary,boundary,wave,u*dx(eta),0,1,0,1,0,0,0,0,4
14,boundary,boundary,wave,v*dy(eta),4.76912843565286e-05,2,0,1,0,9.2148511043888e-14,5.05004714157486e-07,4,0
14,boundary,boundary,wave,w*dz(eta),0,1,0,1,0,0,0,0,4
14,boundary,boundary,wave,w*eta*dlogN2,0,1,0,1,0,0,0,0,4
15,wave,wave,wave,u*dx(u),0.592907775432422,15,1,16,1,1.6290213622483e-10,3.90368051217393e-08,1024,0
15,wave,wave,wave,v*dy(u),0.592907775432422,15,-1,16,1,1.62902358269434e-10,3.90355180401869e-08,1024,0
15,wave,wave,wave,w*dz(u),0.593366964085975,16,1,15,1,6.20212520785479e-06,0.000143971998159742,1024,0
15,wave,wave,wave,u*dx(v),0.592239138109327,15,-1,16,1,1.62902358269434e-10,3.90392282945129e-08,1024,0
15,wave,wave,wave,v*dy(v),0.592239138109327,15,-1,16,1,1.6290213622483e-10,3.90379412129604e-08,1024,0
15,wave,wave,wave,w*dz(v),0.592679270610804,16,1,15,1,6.20212520785479e-06,0.000143971995736347,1024,0
15,wave,wave,wave,u*dx(w),0.000716489024158508,16,1,16,1,5.82355275113855e-11,3.90471746047893e-08,1024,0
15,wave,wave,wave,v*dy(w),0.000716489024158508,16,1,16,1,5.82355275113855e-11,3.90458873011923e-08,1024,0
15,wave,wave,wave,w*dz(w),0.000716488678917944,16,1,16,1,5.82353054667806e-11,3.9047730937547e-08,1024,0
15,wave,wave,wave,u*dx(eta),0.0416476219871648,16,1,16,1,3.8278757941157e-10,2.92713671079525e-08,1024,0
15,wave,wave,wave,v*dy(eta),0.0416476219871648,16,1,16,1,3.82787357366965e-10,2.92700795823109e-08,1024,0
15,wave,wave,wave,w*dz(eta),0.0416475570244365,16,1,16,1,3.82787246344662e-10,2.92717680094867e-08,1024,0
15,wave,wave,wave,w*eta*dlogN2,0.0389124777595909,16,1,16,1,6.30701046944182e-11,2.92509081400993e-08,1024,0
15,wave,apv,wave,u*dx(u),0.00342345175986139,16,1,2,0,4.48082289378648e-14,3.34082240709994e-07,96,0
15,wave,apv,wave,v*dy(u),0.00342345175986146,16,1,2,0,4.45750231194346e-14,3.34082241150241e-07,96,0
15,wave,apv,wave,w*dz(u),0.00982460752506158,16,1,2,0,7.09876601945325e-13,4.84152197208607e-07,96,0
15,wave,apv,wave,u*dx(v),0.00339123638984862,16,1,2,0,4.45907470050407e-14,3.25433656220859e-07,96,0
15,wave,apv,wave,v*dy(v),0.0033912363898489,16,1,2,0,4.45927174683202e-14,3.2543365714957e-07,96,0
15,wave,apv,wave,w*dz(v),0.00981394646898368,16,1,2,0,7.09876601945325e-13,4.83779708626564e-07,96,0
15,wave,apv,wave,u*dx(w),0,1,1,-1,0,0,0,0,96
15,wave,apv,wave,v*dy(w),0,1,1,-1,0,0,0,0,96
15,wave,apv,wave,w*dz(w),0,1,1,-1,0,0,0,0,96
15,wave,apv,wave,u*dx(eta),0.000536588468713936,16,1,2,0,6.54587495318992e-13,4.97377750430239e-07,96,0
15,wave,apv,wave,v*dy(eta),0.000536588468713933,16,1,2,0,6.5447647301653e-13,4.97378586983288e-07,96,0
15,wave,apv,wave,w*dz(eta),0.000231436494102996,16,1,2,0,7.65087948551013e-09,6.51734369583323e-07,96,0
15,wave,apv,wave,w*eta*dlogN2,0.0061377564534578,16,1,2,0,4.08562073062058e-13,4.8855244372259e-07,96,0
15,apv,wave,wave,u*dx(u),0.00342349614907205,2,0,16,1,4.50216680339567e-14,3.34087801762221e-07,96,0
15,apv,wave,wave,v*dy(u),0.00342349614907213,2,0,16,1,4.50552549519693e-14,3.34087801705831e-07,96,0
15,apv,wave,wave,w*dz(u),0,-1,0,1,1,0,0,0,96
15,apv,wave,wave,u*dx(v),0.00339128042258421,2,0,16,1,4.4007153537615e-14,3.25439072189392e-07,96,0
15,apv,wave,wave,v*dy(v),0.00339128042258418,2,0,16,1,4.40732733914616e-14,3.25439072127357e-07,96,0
15,apv,wave,wave,w*dz(v),0,-1,0,1,1,0,0,0,96
15,apv,wave,wave,u*dx(w),3.5544010960376e-05,2,0,15,1,6.66133814775094e-16,2.22520933457204e-07,96,0
15,apv,wave,wave,v*dy(w),3.55440109603762e-05,2,0,15,1,6.66133814775094e-16,2.22520933457204e-07,96,0
15,apv,wave,wave,w*dz(w),0,-1,0,1,1,0,0,0,96
15,apv,wave,wave,u*dx(eta),0.000231807954542589,2,0,16,1,1.24344978758018e-14,2.75271238254066e-07,96,0
15,apv,wave,wave,v*dy(eta),0.000231807954542583,2,0,16,1,1.24344978758018e-14,2.75271238183814e-07,96,0
15,apv,wave,wave,w*dz(eta),0,-1,0,1,1,0,0,0,96
15,apv,wave,wave,w*eta*dlogN2,0,-1,0,1,1,0,0,0,96
15,wave,boundary,wave,u*dx(u),0.00232637441102947,16,1,2,0,1.53757999531016e-14,1.42680458469075e-07,64,0
15,wave,boundary,wave,v*dy(u),0.00232637441102941,16,1,2,0,1.53559283188435e-14,1.42680446868336e-07,64,0
15,wave,boundary,wave,w*dz(u),0.00452570666735426,16,1,2,0,4.0332918293135e-13,2.50977177084131e-07,64,0
15,wave,boundary,wave,u*dx(v),0.00228457760018697,16,1,2,0,1.53140721416187e-14,1.28742804634131e-07,64,0
15,wave,boundary,wave,v*dy(v),0.00228457760018717,16,1,2,0,1.54007603983292e-14,1.28742793908469e-07,64,0
15,wave,boundary,wave,w*dz(v),0.00452059476277777,16,1,2,0,4.02810655172666e-13,2.13169890850295e-07,64,0
15,wave,boundary,wave,u*dx(w),0,1,1,1,0,0,0,0,64
15,wave,boundary,wave,v*dy(w),0,1,1,1,0,0,0,0,64
15,wave,boundary,wave,w*dz(w),0,1,1,1,0,0,0,0,64
15,wave,boundary,wave,u*dx(eta),0.000252351701561205,16,1,2,0,1.36335387423969e-13,1.55368227838792e-07,64,0
15,wave,boundary,wave,v*dy(eta),0.000252351701561197,16,1,2,0,1.36335387423969e-13,1.55366940646218e-07,64,0
15,wave,boundary,wave,w*dz(eta),0.000184690164676632,15,1,2,0,4.5326520314859e-10,1.01666901897168e-07,64,0
15,wave,boundary,wave,w*eta*dlogN2,0.00666431218138485,16,1,2,0,3.05866443284231e-13,2.13359288125936e-07,64,0
15,boundary,wave,wave,u*dx(u),0.00167357670573056,2,0,16,1,1.11405598068895e-14,9.04031530656208e-08,64,0
15,boundary,wave,wave,v*dy(u),0.00167357670573063,2,0,16,1,1.11814891891998e-14,9.04031531977057e-08,64,0
15,boundary,wave,wave,w*dz(u),0,1,0,1,1,0,0,0,64
15,boundary,wave,wave,u*dx(v),0.00164269499624368,2,0,16,1,1.08997964898646e-14,8.26817665444679e-08,64,0
15,boundary,wave,wave,v*dy(v),0.0016426949962437,2,0,16,1,1.09007150099508e-14,8.26817664334456e-08,64,0
15,boundary,wave,wave,w*dz(v),0,1,0,1,1,0,0,0,64
15,boundary,wave,wave,u*dx(w),1.29890049292977e-05,2,0,15,1,6.66133814775094e-16,8.40983590544297e-08,64,0
15,boundary,wave,wave,v*dy(w),1.29890049292976e-05,2,0,15,1,4.44089209850063e-16,8.40983590544297e-08,64,0
15,boundary,wave,wave,w*dz(w),0,1,0,1,1,0,0,0,64
15,boundary,wave,wave,u*dx(eta),0.000137030519024821,2,0,15,1,2.22044604925031e-15,7.28797459048636e-08,64,0
15,boundary,wave,wave,v*dy(eta),0.000137030519024822,2,0,15,1,2.22044604925031e-15,7.28797457938413e-08,64,0
15,boundary,wave,wave,w*dz(eta),0,1,0,1,1,0,0,0,64
15,boundary,wave,wave,w*eta*dlogN2,0,1,0,1,1,0,0,0,64
15,apv,boundary,wave,u*dx(u),0.000525310166659016,-1,0,2,0,4.14765075805772e-15,3.09074029690237e-07,6,0
15,apv,boundary,wave,v*dy(u),0.000525310166659007,-1,0,2,0,4.13128995090329e-15,3.09074029742594e-07,6,0
15,apv,boundary,wave,w*dz(u),0,-1,0,1,0,0,0,0,6
15,apv,boundary,wave,u*dx(v),0.000524611882690339,-1,0,2,0,4.20472079683232e-15,2.91042544731113e-07,6,0
15,apv,boundary,wave,v*dy(v),0.000524611882690334,-1,0,2,0,4.13082188834119e-15,2.91042544731113e-07,6,0
15,apv,boundary,wave,w*dz(v),0,-1,0,1,0,0,0,0,6
15,apv,boundary,wave,u*dx(w),0,-1,0,1,0,0,0,0,6
15,apv,boundary,wave,v*dy(w),0,-1,0,1,0,0,0,0,6
15,apv,boundary,wave,w*dz(w),0,-1,0,1,0,0,0,0,6
15,apv,boundary,wave,u*dx(eta),1.10864658327739e-05,-1,0,2,0,3.50830475781549e-14,2.40172792320692e-07,6,0
15,apv,boundary,wave,v*dy(eta),1.10864658327881e-05,-1,0,2,0,3.49720252756924e-14,2.40172792320692e-07,6,0
15,apv,boundary,wave,w*dz(eta),0,-1,0,1,0,0,0,0,6
15,apv,boundary,wave,w*eta*dlogN2,0,-1,0,1,0,0,0,0,6
15,boundary,apv,wave,u*dx(u),0.000396506674744929,2,0,-1,0,2.71525653114339e-15,3.41594635407641e-07,6,0
15,boundary,apv,wave,v*dy(u),0.000396506674744896,2,0,-1,0,2.66059082897242e-15,3.4159463537642e-07,6,0
15,boundary,apv,wave,w*dz(u),0,1,0,-1,0,0,0,0,6
15,boundary,apv,wave,u*dx(v),0.000395977281960246,2,0,-1,0,2.57256613893971e-15,3.30513364232843e-07,6,0
15,boundary,apv,wave,v*dy(v),0.000395977281960277,2,0,-1,0,2.57093186562268e-15,3.30513364232843e-07,6,0
15,boundary,apv,wave,w*dz(v),0,1,0,-1,0,0,0,0,6
15,boundary,apv,wave,u*dx(w),0,1,0,-1,0,0,0,0,6
15,boundary,apv,wave,v*dy(w),0,1,0,-1,0,0,0,0,6
15,boundary,apv,wave,w*dz(w),0,1,0,-1,0,0,0,0,6
15,boundary,apv,wave,u*dx(eta),2.69215511562537e-05,2,0,1,0,4.10782519111308e-14,5.7413481302504e-07,6,0
15,boundary,apv,wave,v*dy(eta),2.69215511562552e-05,2,0,1,0,4.10782519111308e-14,5.7413481302504e-07,6,0
15,boundary,apv,wave,w*dz(eta),0,1,0,-1,0,0,0,0,6
15,boundary,apv,wave,w*eta*dlogN2,0,1,0,-1,0,0,0,0,6
15,boundary,boundary,wave,u*dx(u),0.000483436581946398,2,0,1,0,2.70410240132712e-15,7.60464614791054e-07,4,0
15,boundary,boundary,wave,v*dy(u),0.000483436581946363,2,0,1,0,2.73300374641206e-15,7.60464615001323e-07,4,0
15,boundary,boundary,wave,w*dz(u),0,1,0,1,0,0,0,0,4
15,boundary,boundary,wave,u*dx(v),0.000482780789345291,2,0,1,0,2.44991384017882e-15,6.31223163738426e-07,4,0
15,boundary,boundary,wave,v*dy(v),0.000482780789345208,2,0,1,0,2.44378154147823e-15,6.31223163516381e-07,4,0
15,boundary,boundary,wave,w*dz(v),0,1,0,1,0,0,0,0,4
15,boundary,boundary,wave,u*dx(w),0,1,0,1,0,0,0,0,4
15,boundary,boundary,wave,v*dy(w),0,1,0,1,0,0,0,0,4
15,boundary,boundary,wave,w*dz(w),0,1,0,1,0,0,0,0,4
15,boundary,boundary,wave,u*dx(eta),2.41035943803459e-05,2,0,1,0,9.98090499138016e-14,3.66895691605862e-07,4,0
15,boundary,boundary,wave,v*dy(eta),2.4103594380288e-05,2,0,1,0,9.95870053088765e-14,3.66895691716884e-07,4,0
15,boundary,boundary,wave,w*dz(eta),0,1,0,1,0,0,0,0,4
15,boundary,boundary,wave,w*eta*dlogN2,0,1,0,1,0,0,0,0,4
16,wave,wave,wave,u*dx(u),0.591604404045196,15,1,16,1,1.62907465295348e-10,3.90574153019685e-08,1024,0
16,wave,wave,wave,v*dy(u),0,1,1,1,1,0,0,0,1024
16,wave,wave,wave,w*dz(u),0.592026178039323,16,1,15,1,2.86757555509887e-05,0.000324344502903529,1024,0
16,wave,wave,wave,u*dx(v),0.592243164735675,15,1,16,1,1.62907465295348e-10,2.92815903746302e-08,1024,0
16,wave,wave,wave,v*dy(v),0,1,1,1,1,0,0,0,1024
16,wave,wave,wave,w*dz(v),0.592682602006717,16,1,15,1,2.86757555508776e-05,0.00032435428190003,1024,0
16,wave,wave,wave,u*dx(w),0.00123252166805,16,1,16,1,5.82337511545461e-11,3.90647495462915e-08,1024,0
16,wave,wave,wave,v*dy(w),0,1,1,1,1,0,0,0,1024
16,wave,wave,wave,w*dz(w),0.00123252068552706,16,1,16,1,5.82334180876387e-11,3.90646626158286e-08,1024,0
16,wave,wave,wave,u*dx(eta),0.07129529245919,16,1,16,1,3.82777476382046e-10,2.92835927728774e-08,1024,0
16,wave,wave,wave,v*dy(eta),0,1,1,1,1,0,0,0,1024
16,wave,wave,wave,w*dz(eta),0.0712951092994058,16,1,16,1,3.82776810248231e-10,2.92833960413574e-08,1024,0
16,wave,wave,wave,w*eta*dlogN2,0.0609356606340275,16,1,16,1,6.3069327538301e-11,2.92631434639645e-08,1024,0
16,wave,apv,wave,u*dx(u),0,1,1,-1,0,0,0,0,96
16,wave,apv,wave,v*dy(u),0,1,1,-1,0,0,0,0,96
16,wave,apv,wave,w*dz(u),0,1,1,-1,0,0,0,0,96
16,wave,apv,wave,u*dx(v),0.0034067044535835,16,1,2,0,4.4284834235006e-14,3.2720127859438e-07,96,0
16,wave,apv,wave,v*dy(v),0,1,1,-1,0,0,0,0,96
16,wave,apv,wave,w*dz(v),0.00981417401300677,16,1,2,0,7.09876601945325e-13,4.83779708626564e-07,96,0
16,wave,apv,wave,u*dx(w),0,1,1,-1,0,0,0,0,96
16,wave,apv,wave,v*dy(w),0,1,1,-1,0,0,0,0,96
16,wave,apv,wave,w*dz(w),0,1,1,-1,0,0,0,0,96
16,wave,apv,wave,u*dx(eta),0.000887957821128042,16,1,2,0,6.54587495318992e-13,4.97377750430239e-07,96,0
16,wave,apv,wave,v*dy(eta),0,1,1,-1,0,0,0,0,96
16,wave,apv,wave,w*dz(eta),0.000364369068064404,16,1,2,0,7.65087948551013e-09,6.51734369583323e-07,96,0
16,wave,apv,wave,w*eta*dlogN2,0.00989245776396795,16,1,2,0,4.08562073062058e-13,4.8855244372259e-07,96,0
16,apv,wave,wave,u*dx(u),0.00339069712583586,2,0,16,1,4.42206187573874e-14,3.20479574565035e-07,96,0
16,apv,wave,wave,v*dy(u),0,-1,0,1,1,0,0,0,96
16,apv,wave,wave,w*dz(u),0,-1,0,1,1,0,0,0,96
16,apv,wave,wave,u*dx(v),0.00340677752293252,2,0,16,1,4.45535883577723e-14,3.27210256524673e-07,96,0
16,apv,wave,wave,v*dy(v),0,-1,0,1,1,0,0,0,96
16,apv,wave,wave,w*dz(v),0,-1,0,1,1,0,0,0,96
16,apv,wave,wave,u*dx(w),6.11255912057824e-05,2,0,15,1,9.99200722162641e-16,2.22434809016292e-07,96,0
16,apv,wave,wave,v*dy(w),0,-1,0,1,1,0,0,0,96
16,apv,wave,wave,w*dz(w),0,-1,0,1,1,0,0,0,96
16,apv,wave,wave,u*dx(eta),0.0003650175553473,2,0,16,1,1.25455201782643e-14,3.5497364456534e-07,96,0
16,apv,wave,wave,v*dy(eta),0,-1,0,1,1,0,0,0,96
16,apv,wave,wave,w*dz(eta),0,-1,0,1,1,0,0,0,96
16,apv,wave,wave,w*eta*dlogN2,0,-1,0,1,1,0,0,0,96
16,wave,boundary,wave,u*dx(u),0,1,1,1,0,0,0,0,64
16,wave,boundary,wave,v*dy(u),0,1,1,1,0,0,0,0,64
16,wave,boundary,wave,w*dz(u),0,1,1,1,0,0,0,0,64
16,wave,boundary,wave,u*dx(v),0.00279857948594625,16,-1,2,0,2.11559251119189e-14,1.73114941909516e-07,64,0
16,wave,boundary,wave,v*dy(v),0,1,1,1,0,0,0,0,64
16,wave,boundary,wave,w*dz(v),0.0054379706566594,16,1,2,0,5.18856500594835e-13,4.02995599890765e-07,64,0
16,wave,boundary,wave,u*dx(w),0,1,1,1,0,0,0,0,64
16,wave,boundary,wave,v*dy(w),0,1,1,1,0,0,0,0,64
16,wave,boundary,wave,w*dz(w),0,1,1,1,0,0,0,0,64
16,wave,boundary,wave,u*dx(eta),0.000497833839374849,16,1,2,0,2.1405099914773e-13,3.243087562943e-07,64,0
16,wave,boundary,wave,v*dy(eta),0,1,1,1,0,0,0,0,64
16,wave,boundary,wave,w*dz(eta),0.000330422856776944,15,1,2,0,9.57863788286772e-10,1.31249577872694e-07,64,0
16,wave,boundary,wave,w*eta*dlogN2,0.00890266251837604,16,1,2,0,3.03979064142368e-13,4.04928464647902e-07,64,0
16,boundary,wave,wave,u*dx(u),0.00164426353055842,2,0,16,1,1.09123154121105e-14,8.26948869381283e-08,64,0
16,boundary,wave,wave,v*dy(u),0,1,0,1,1,0,0,0,64
16,boundary,wave,wave,w*dz(u),0,1,0,1,1,0,0,0,64
16,boundary,wave,wave,u*dx(v),0.00165866266056452,2,0,16,1,1.09250990836873e-14,8.31464237572164e-08,64,0
16,boundary,wave,wave,v*dy(v),0,1,0,1,1,0,0,0,64
16,boundary,wave,wave,w*dz(v),0,1,0,1,1,0,0,0,64
16,boundary,wave,wave,u*dx(w),2.23385454559755e-05,2,0,15,1,4.44089209850063e-16,8.41154805808486e-08,64,0
16,boundary,wave,wave,v*dy(w),0,1,0,1,1,0,0,0,64
16,boundary,wave,wave,w*dz(w),0,1,0,1,1,0,0,0,64
16,boundary,wave,wave,u*dx(eta),0.000209832705818076,2,0,15,1,2.1094237467878e-15,7.28910281022621e-08,64,0
16,boundary,wave,wave,v*dy(eta),0,1,0,1,1,0,0,0,64
16,boundary,wave,wave,w*dz(eta),0,1,0,1,1,0,0,0,64
16,boundary,wave,wave,w*eta*dlogN2,0,1,0,1,1,0,0,0,64
16,apv,boundary,wave,u*dx(u),0,-1,0,1,0,0,0,0,6
16,apv,boundary,wave,v*dy(u),0,-1,0,1,0,0,0,0,6
16,apv,boundary,wave,w*dz(u),0,-1,0,1,0,0,0,0,6
16,apv,boundary,wave,u*dx(v),0.000590158365386903,2,0,2,0,5.80229355497784e-15,2.67775430495831e-07,6,0
16,apv,boundary,wave,v*dy(v),0,-1,0,1,0,0,0,0,6
16,apv,boundary,wave,w*dz(v),0,-1,0,1,0,0,0,0,6
16,apv,boundary,wave,u*dx(w),0,-1,0,1,0,0,0,0,6
16,apv,boundary,wave,v*dy(w),0,-1,0,1,0,0,0,0,6
16,apv,boundary,wave,w*dz(w),0,-1,0,1,0,0,0,0,6
16,apv,boundary,wave,u*dx(eta),2.39283029349366e-05,2,0,2,0,5.6843418860808e-14,3.48750239131945e-07,6,0
16,apv,boundary,wave,v*dy(eta),0,-1,0,1,0,0,0,0,6
16,apv,boundary,wave,w*dz(eta),0,-1,0,1,0,0,0,0,6
16,apv,boundary,wave,w*eta*dlogN2,0,-1,0,1,0,0,0,0,6
16,boundary,apv,wave,u*dx(u),0,1,0,-1,0,0,0,0,6
16,boundary,apv,wave,v*dy(u),0,1,0,-1,0,0,0,0,6
16,boundary,apv,wave,w*dz(u),0,1,0,-1,0,0,0,0,6
16,boundary,apv,wave,u*dx(v),0.000395981005606497,2,0,-1,0,2.61282030343397e-15,3.30513364232843e-07,6,0
16,boundary,apv,wave,v*dy(v),0,1,0,-1,0,0,0,0,6
16,boundary,apv,wave,w*dz(v),0,1,0,-1,0,0,0,0,6
16,boundary,apv,wave,u*dx(w),0,1,0,-1,0,0,0,0,6
16,boundary,apv,wave,v*dy(w),0,1,0,-1,0,0,0,0,6
16,boundary,apv,wave,w*dz(w),0,1,0,-1,0,0,0,0,6
16,boundary,apv,wave,u*dx(eta),4.43148265404585e-05,2,0,1,0,4.10782519111308e-14,5.7413481302504e-07,6,0
16,boundary,apv,wave,v*dy(eta),0,1,0,-1,0,0,0,0,6
16,boundary,apv,wave,w*dz(eta),0,1,0,-1,0,0,0,0,6
16,boundary,apv,wave,w*eta*dlogN2,0,1,0,-1,0,0,0,0,6
16,boundary,boundary,wave,u*dx(u),0,1,0,1,0,0,0,0,4
16,boundary,boundary,wave,v*dy(u),0,1,0,1,0,0,0,0,4
16,boundary,boundary,wave,w*dz(u),0,1,0,1,0,0,0,0,4
16,boundary,boundary,wave,u*dx(v),0.000398758051645146,2,0,1,0,2.83873856794999e-15,3.11825912424624e-07,4,0
16,boundary,boundary,wave,v*dy(v),0,1,0,1,0,0,0,0,4
16,boundary,boundary,wave,w*dz(v),0,1,0,1,0,0,0,0,4
16,boundary,boundary,wave,u*dx(w),0,1,0,1,0,0,0,0,4
16,boundary,boundary,wave,v*dy(w),0,1,0,1,0,0,0,0,4
16,boundary,boundary,wave,w*dz(w),0,1,0,1,0,0,0,0,4
16,boundary,boundary,wave,u*dx(eta),4.25362728255854e-05,2,0,1,0,8.32667268468867e-14,6.57926760516681e-07,4,0
16,boundary,boundary,wave,v*dy(eta),0,1,0,1,0,0,0,0,4
16,boundary,boundary,wave,w*dz(eta),0,1,0,1,0,0,0,0,4
16,boundary,boundary,wave,w*eta*dlogN2,0,1,0,1,0,0,0,0,4
17,wave,wave,inertial,u*dx(u),0.00171411501807114,16,-1,14,1,1.62894586708262e-10,3.89917673704332e-08,1024,0
17,wave,wave,inertial,v*dy(u),0.00171411501807157,16,-1,14,1,1.62894808752867e-10,3.89904801778584e-08,1024,0
17,wave,wave,inertial,w*dz(u),0.00644518579843605,2,1,1,1,1.24243459931339e-06,2.88136265083061e-05,1024,0
17,wave,wave,inertial,u*dx(v),0.00171411501807128,14,1,16,1,1.62894364663657e-10,3.89904801778584e-08,1024,0
17,wave,wave,inertial,v*dy(v),0.00171411501807109,14,-1,16,1,1.62894586708262e-10,3.89891929852837e-08,1024,0
17,wave,wave,inertial,w*dz(v),0.006445185798436,2,1,1,1,1.24243459920237e-06,2.88136277952766e-05,1024,0
17,wave,wave,mda,u*dx(eta),0.00550303417488069,16,1,16,1,3.82803011511612e-10,1.17075287253669e-07,1024,0
17,wave,wave,mda,v*dy(eta),0.00550303417488072,16,1,16,1,3.82803011511612e-10,1.17075331983493e-07,1024,0
17,wave,wave,mda,w*dz(eta),0.00550303417488072,16,1,16,1,3.82802789467007e-10,1.2568264227035e-07,1024,0
17,wave,wave,mda,w*eta*dlogN2,0.0347274530894403,16,1,16,1,6.30711038951404e-11,2.92261852496978e-08,1024,0
17,wave,apv,inertial,u*dx(u),0.000633679345045936,16,1,1,0,1.53210777398272e-14,2.29537776598179e-07,96,0
17,wave,apv,inertial,v*dy(u),0.000633679345045954,16,1,1,0,1.57651669496772e-14,2.29537783914939e-07,96,0
17,wave,apv,inertial,w*dz(u),0.000406244145731233,15,1,2,0,7.09876601945325e-13,4.83779708737586e-07,96,0
17,wave,apv,inertial,u*dx(v),0.000633679345045945,16,1,1,0,1.53210777398272e-14,2.29537776874578e-07,96,0
17,wave,apv,inertial,v*dy(v),0.000633679345045926,16,1,1,0,1.55431223447522e-14,2.29537784040794e-07,96,0
17,wave,apv,inertial,w*dz(v),0.00040624414573127,15,1,2,0,7.09876601945325e-13,4.83779708626564e-07,96,0
17,wave,apv,mda,u*dx(eta),0.000298553929124155,16,1,2,0,6.16062756364499e-13,2.86326941161523e-07,96,0
17,wave,apv,mda,v*dy(eta),0.000298553929124619,16,1,2,0,6.16062756364499e-13,2.86326143576979e-07,96,0
17,wave,apv,mda,w*dz(eta),0.000254788483039469,3,1,-1,0,7.65084773313163e-09,0.00887346012292194,96,0
17,wave,apv,mda,w*eta*dlogN2,0.00455092144925419,16,1,2,0,4.08562073062058e-13,4.88552443500545e-07,96,0
17,apv,wave,inertial,u*dx(u),0.000633679345045948,1,0,16,1,1.53210777398272e-14,2.29537776602343e-07,96,0
17,apv,wave,inertial,v*dy(u),0.000633679345045921,1,0,16,1,1.55431223447522e-14,2.29537776629602e-07,96,0
17,apv,wave,inertial,w*dz(u),0,-1,0,1,1,0,0,0,96
17,apv,wave,inertial,u*dx(v),0.000633679345045922,1,0,16,1,1.55431223447522e-14,2.29537784057076e-07,96,0
17,apv,wave,inertial,v*dy(v),0.000633679345045907,1,0,16,1,1.55431223447522e-14,2.29537784043032e-07,96,0
17,apv,wave,inertial,w*dz(v),0,-1,0,1,1,0,0,0,96
17,apv,wave,mda,u*dx(eta),0.000216637502984683,1,0,15,1,1.26565424807268e-14,4.2848062319451e-07,96,0
17,apv,wave,mda,v*dy(eta),0.000216637502984664,1,0,15,1,1.25455201782643e-14,4.28480623150006e-07,96,0
17,apv,wave,mda,w*dz(eta),0,-1,0,1,1,0,0,0,96
17,apv,wave,mda,w*eta*dlogN2,0,-1,0,1,1,0,0,0,96
17,wave,boundary,inertial,u*dx(u),0.000381034446551968,16,1,2,0,3.13476982872236e-15,8.26407233756044e-08,64,0
17,wave,boundary,inertial,v*dy(u),0.000381034446551971,16,1,2,0,3.11266010043977e-15,8.26394361830296e-08,64,0
17,wave,boundary,inertial,w*dz(u),0.00015232548840843,15,1,2,0,1.08246744900953e-13,1.08163918821624e-07,64,0
17,wave,boundary,inertial,u*dx(v),0.000381034446551999,16,1,2,0,3.11676433342638e-15,8.2640723264582e-08,64,0
17,wave,boundary,inertial,v*dy(v),0.000381034446551932,16,1,2,0,3.14343571399017e-15,8.26394364050742e-08,64,0
17,wave,boundary,inertial,w*dz(v),0.00015232548840837,15,1,2,0,1.08024700296028e-13,1.08163918710602e-07,64,0
17,wave,boundary,mda,u*dx(eta),2.06787191408511e-05,16,1,2,0,9.02251041973409e-15,1.64731997376322e-07,64,0
17,wave,boundary,mda,v*dy(eta),2.06787191409113e-05,16,1,2,0,9.03196970445551e-15,1.64732048446581e-07,64,0
17,wave,boundary,mda,w*dz(eta),0.000138185468849969,15,1,2,0,1.95271132596986e-10,0.00311478407340478,64,0
17,wave,boundary,mda,w*eta*dlogN2,0.0061766592811433,16,1,2,0,2.85327317328665e-13,1.12330440060759e-07,64,0
17,boundary,wave,inertial,u*dx(u),0.000381034446551965,2,0,16,1,3.13439869950052e-15,8.26407234866267e-08,64,0
17,boundary,wave,inertial,v*dy(u),0.000381034446551946,2,0,16,1,3.14326500057283e-15,8.26407234866267e-08,64,0
17,boundary,wave,inertial,w*dz(u),0,1,0,1,1,0,0,0,64
17,boundary,wave,inertial,u*dx(v),0.000381034446551899,2,0,16,1,3.15114590348473e-15,8.26394362940519e-08,64,0
17,boundary,wave,inertial,v*dy(v),0.000381034446551895,2,0,16,1,3.14956881711556e-15,8.26394364050742e-08,64,0
17,boundary,wave,inertial,w*dz(v),0,1,0,1,1,0,0,0,64
17,boundary,wave,mda,u*dx(eta),0.000138428240779139,2,0,15,1,3.84352289298789e-15,5.08836458271305e-07,64,0
17,boundary,wave,mda,v*dy(eta),0.000138428240779025,2,0,15,1,4.07215391732248e-15,5.08836458239466e-07,64,0
17,boundary,wave,mda,w*dz(eta),0,1,0,1,1,0,0,0,64
17,boundary,wave,mda,w*eta*dlogN2,0,1,0,1,1,0,0,0,64
17,apv,boundary,inertial,u*dx(u),1.63686738164119e-05,2,0,2,0,8.76784349132253e-16,3.30513363788754e-07,6,0
17,apv,boundary,inertial,v*dy(u),1.63686738163991e-05,2,0,2,0,8.76381847443301e-16,3.30513364010798e-07,6,0
17,apv,boundary,inertial,w*dz(u),0,-1,0,1,0,0,0,0,6
17,apv,boundary,inertial,u*dx(v),1.63686738154332e-05,2,0,2,0,8.74437176366674e-16,3.30513364232843e-07,6,0
17,apv,boundary,inertial,v*dy(v),1.63686738154332e-05,2,0,2,0,7.89876761265669e-16,3.30513364232843e-07,6,0
17,apv,boundary,inertial,w*dz(v),0,-1,0,1,0,0,0,0,6
17,apv,boundary,mda,u*dx(eta),2.4442094701631e-06,2,0,1,0,4.64289732887365e-15,4.30115538823545e-07,6,0
17,apv,boundary,mda,v*dy(eta),2.44420947026192e-06,2,0,1,0,4.46574108139774e-15,4.30115538823545e-07,6,0
17,apv,boundary,mda,w*dz(eta),0,-1,0,1,0,0,0,0,6
17,apv,boundary,mda,w*eta*dlogN2,0,-1,0,1,0,0,0,0,6
17,boundary,apv,inertial,u*dx(u),1.63686738164261e-05,2,0,2,0,8.76784349132253e-16,3.30513363788754e-07,6,0
17,boundary,apv,inertial,v*dy(u),1.63686738164196e-05,2,0,2,0,7.82404124214996e-16,3.30513364010798e-07,6,0
17,boundary,apv,inertial,w*dz(u),0,1,0,-1,0,0,0,0,6
17,boundary,apv,inertial,u*dx(v),1.63686738154397e-05,2,0,2,0,9.6774281237846e-16,3.30513364232843e-07,6,0
17,boundary,apv,inertial,v*dy(v),1.63686738154397e-05,2,0,2,0,1.02404806209135e-15,3.30513364232843e-07,6,0
17,boundary,apv,inertial,w*dz(v),0,1,0,-1,0,0,0,0,6
17,boundary,apv,mda,u*dx(eta),1.0117299825744e-05,1,0,2,0,1.35447209004269e-14,3.47817728154922e-07,6,0
17,boundary,apv,mda,v*dy(eta),1.01172998256192e-05,1,0,2,0,1.35447209004269e-14,3.4781772860194e-07,6,0
17,boundary,apv,mda,w*dz(eta),0,1,0,-1,0,0,0,0,6
17,boundary,apv,mda,w*eta*dlogN2,0,1,0,-1,0,0,0,0,6
17,boundary,boundary,inertial,u*dx(u),1.68210320406266e-05,1,0,2,0,9.76925159087985e-16,8.65168623631618e-07,4,0
17,boundary,boundary,inertial,v*dy(u),1.68210320406688e-05,1,0,2,0,1.03660988037274e-15,8.65168623631618e-07,4,0
17,boundary,boundary,inertial,w*dz(u),0,1,0,1,0,0,0,0,4
17,boundary,boundary,inertial,u*dx(v),1.68210320407344e-05,1,0,2,0,3.43250990113741e-16,8.65168623853663e-07,4,0
17,boundary,boundary,inertial,v*dy(v),1.68210320407435e-05,1,0,2,0,3.77721166054438e-16,8.65168623631618e-07,4,0
17,boundary,boundary,inertial,w*dz(v),0,1,0,1,0,0,0,0,4
17,boundary,boundary,mda,u*dx(eta),3.33259935918556e-06,1,0,2,0,2.09832151654155e-14,2.30470169821526e-06,4,0
17,boundary,boundary,mda,v*dy(eta),3.33259935914946e-06,1,0,2,0,2.09832151654155e-14,2.30470169813477e-06,4,0
17,boundary,boundary,mda,w*dz(eta),0,1,0,1,0,0,0,0,4
17,boundary,boundary,mda,w*eta*dlogN2,0,1,0,1,0,0,0,0,4
18,wave,wave,wave,u*dx(u),0.591600597928692,15,1,16,1,1.62899693734175e-10,3.90066164923653e-08,1024,0
18,wave,wave,wave,v*dy(u),0,1,1,1,1,0,0,0,1024
18,wave,wave,wave,w*dz(u),0.592023916259353,16,1,15,1,3.48233084557226e-06,8.08144439312652e-05,1024,0
18,wave,wave,wave,u*dx(v),0.592907626133706,15,1,16,1,1.62899693734175e-10,2.92525045297864e-08,1024,0
18,wave,wave,wave,v*dy(v),0,1,1,1,1,0,0,0,1024
18,wave,wave,wave,w*dz(v),0.593367477514975,16,1,15,1,3.48233084568328e-06,8.08241988319303e-05,1024,0
18,wave,wave,wave,u*dx(w),0.00100301499748753,16,1,16,1,5.82365267121077e-11,3.90137393502243e-08,1024,0
18,wave,wave,wave,v*dy(w),0,1,1,1,1,0,0,0,1024
18,wave,wave,wave,w*dz(w),0.00100301468163391,16,1,16,1,5.82367487567126e-11,3.90141667860888e-08,1024,0
18,wave,wave,wave,u*dx(eta),0.0581498657287347,16,1,16,1,3.82792797459786e-10,2.92542380320171e-08,1024,0
18,wave,wave,wave,v*dy(eta),0,1,1,1,1,0,0,0,1024
18,wave,wave,wave,w*dz(eta),0.0581498066048947,16,1,16,1,3.82792797459786e-10,2.92545038194092e-08,1024,0
18,wave,wave,wave,w*eta*dlogN2,0.0515247771197634,16,1,16,1,6.30704377613256e-11,2.9233773957138e-08,1024,0
18,wave,apv,wave,u*dx(u),0,1,1,-1,0,0,0,0,96
18,wave,apv,wave,v*dy(u),0,1,1,-1,0,0,0,0,96
18,wave,apv,wave,w*dz(u),0,1,1,-1,0,0,0,0,96
18,wave,apv,wave,u*dx(v),0.00342341377257527,16,1,2,0,4.47863377369091e-14,3.34075210316652e-07,96,0
18,wave,apv,wave,v*dy(v),0,1,1,-1,0,0,0,0,96
18,wave,apv,wave,w*dz(v),0.00982461185395285,16,1,2,0,7.09876601945325e-13,4.84110826937688e-07,96,0
18,wave,apv,wave,u*dx(w),0,1,1,-1,0,0,0,0,96
18,wave,apv,wave,v*dy(w),0,1,1,-1,0,0,0,0,96
18,wave,apv,wave,w*dz(w),0,1,1,-1,0,0,0,0,96
18,wave,apv,wave,u*dx(eta),0.000733909914726895,16,1,2,0,6.54587495318992e-13,4.97377750430239e-07,96,0
18,wave,apv,wave,v*dy(eta),0,1,1,-1,0,0,0,0,96
18,wave,apv,wave,w*dz(eta),0.000307179461629746,16,1,2,0,7.65087948551013e-09,6.51734369583323e-07,96,0
18,wave,apv,wave,w*eta*dlogN2,0.00826520521098204,16,1,2,0,4.08562073062058e-13,4.8855244372259e-07,96,0
18,apv,wave,wave,u*dx(u),0.00338218808385989,2,0,16,1,4.46149828690578e-14,3.19289341949752e-07,96,0
18,apv,wave,wave,v*dy(u),0,-1,0,1,1,0,0,0,96
18,apv,wave,wave,w*dz(u),0,-1,0,1,1,0,0,0,96
18,apv,wave,wave,u*dx(v),0.00342344277325359,2,0,16,1,4.46565606766816e-14,3.34078836007598e-07,96,0
18,apv,wave,wave,v*dy(v),0,-1,0,1,1,0,0,0,96
18,apv,wave,wave,w*dz(v),0,-1,0,1,1,0,0,0,96
18,apv,wave,wave,u*dx(w),4.97510626480918e-05,2,0,15,1,1.22124532708767e-15,2.22590732956718e-07,96,0
18,apv,wave,wave,v*dy(w),0,-1,0,1,1,0,0,0,96
18,apv,wave,wave,w*dz(w),0,-1,0,1,1,0,0,0,96
18,apv,wave,wave,u*dx(eta),0.000307706272197415,2,0,16,1,1.24344978758018e-14,3.27645375273551e-07,96,0
18,apv,wave,wave,v*dy(eta),0,-1,0,1,1,0,0,0,96
18,apv,wave,wave,w*dz(eta),0,-1,0,1,1,0,0,0,96
18,apv,wave,wave,w*eta*dlogN2,0,-1,0,1,1,0,0,0,96
18,wave,boundary,wave,u*dx(u),0,1,1,1,0,0,0,0,64
18,wave,boundary,wave,v*dy(u),0,1,1,1,0,0,0,0,64
18,wave,boundary,wave,w*dz(u),0,1,1,1,0,0,0,0,64
18,wave,boundary,wave,u*dx(v),0.002071919500737,16,1,2,0,1.33781387931236e-14,1.19851109262449e-07,64,0
18,wave,boundary,wave,v*dy(v),0,1,1,1,0,0,0,0,64
18,wave,boundary,wave,w*dz(v),0.00406432832410609,16,1,2,0,3.51435566787225e-13,2.07573308975667e-07,64,0
18,wave,boundary,wave,u*dx(w),0,1,1,1,0,0,0,0,64
18,wave,boundary,wave,v*dy(w),0,1,1,1,0,0,0,0,64
18,wave,boundary,wave,w*dz(w),0,1,1,1,0,0,0,0,64
18,wave,boundary,wave,u*dx(eta),0.000310944568932175,16,1,2,0,1.0813572259849e-13,1.22199320995442e-07,64,0
18,wave,boundary,wave,v*dy(eta),0,1,1,1,0,0,0,0,64
18,wave,boundary,wave,w*dz(eta),0.000217453469319384,15,1,2,0,3.337095044742e-10,8.48120700336352e-08,64,0
18,wave,boundary,wave,w*eta*dlogN2,0.00963281289939276,16,1,2,0,3.0053737276603e-13,1.65730206669323e-07,64,0
18,boundary,wave,wave,u*dx(u),0.00163556993581558,2,0,16,1,1.06981456609645e-14,8.26513710805443e-08,64,0
18,boundary,wave,wave,v*dy(u),0,1,0,1,1,0,0,0,64
18,boundary,wave,wave,w*dz(u),0,1,0,1,1,0,0,0,64
18,boundary,wave,wave,u*dx(v),0.00167353820884925,2,0,16,1,1.1299089326622e-14,8.85202865563936e-08,64,0
18,boundary,wave,wave,v*dy(v),0,1,0,1,1,0,0,0,64
18,boundary,wave,wave,w*dz(v),0,1,0,1,1,0,0,0,64
18,boundary,wave,wave,u*dx(w),1.81812761983001e-05,2,0,15,1,4.44089209850063e-16,8.40650715705493e-08,64,0
18,boundary,wave,wave,v*dy(w),0,1,0,1,1,0,0,0,64
18,boundary,wave,wave,w*dz(w),0,1,0,1,1,0,0,0,64
18,boundary,wave,wave,u*dx(eta),0.000179032815242684,2,0,15,1,2.22044604925031e-15,7.28630237256667e-08,64,0
18,boundary,wave,wave,v*dy(eta),0,1,0,1,1,0,0,0,64
18,boundary,wave,wave,w*dz(eta),0,1,0,1,1,0,0,0,64
18,boundary,wave,wave,w*eta*dlogN2,0,1,0,1,1,0,0,0,64
18,apv,boundary,wave,u*dx(u),0,-1,0,1,0,0,0,0,6
18,apv,boundary,wave,v*dy(u),0,-1,0,1,0,0,0,0,6
18,apv,boundary,wave,w*dz(u),0,-1,0,1,0,0,0,0,6
18,apv,boundary,wave,u*dx(v),0.000477905495211243,-1,0,2,0,3.42114050375336e-15,3.22624495440637e-07,6,0
18,apv,boundary,wave,v*dy(v),0,-1,0,1,0,0,0,0,6
18,apv,boundary,wave,w*dz(v),0,-1,0,1,0,0,0,0,6
18,apv,boundary,wave,u*dx(w),0,-1,0,1,0,0,0,0,6
18,apv,boundary,wave,v*dy(w),0,-1,0,1,0,0,0,0,6
18,apv,boundary,wave,w*dz(w),0,-1,0,1,0,0,0,0,6
18,apv,boundary,wave,u*dx(eta),1.39403688804734e-05,-1,0,2,0,2.57571741713036e-14,2.72721889071903e-07,6,0
18,apv,boundary,wave,v*dy(eta),0,-1,0,1,0,0,0,0,6
18,apv,boundary,wave,w*dz(eta),0,-1,0,1,0,0,0,0,6
18,apv,boundary,wave,w*eta*dlogN2,0,-1,0,1,0,0,0,0,6
18,boundary,apv,wave,u*dx(u),0,1,0,-1,0,0,0,0,6
18,boundary,apv,wave,v*dy(u),0,1,0,-1,0,0,0,0,6
18,boundary,apv,wave,w*dz(u),0,1,0,-1,0,0,0,0,6
18,boundary,apv,wave,u*dx(v),0.000396505236580496,2,0,-1,0,2.80947693372753e-15,3.41491453798904e-07,6,0
18,boundary,apv,wave,v*dy(v),0,1,0,-1,0,0,0,0,6
18,boundary,apv,wave,w*dz(v),0,1,0,-1,0,0,0,0,6
18,boundary,apv,wave,u*dx(w),0,1,0,-1,0,0,0,0,6
18,boundary,apv,wave,v*dy(w),0,1,0,-1,0,0,0,0,6
18,boundary,apv,wave,w*dz(w),0,1,0,-1,0,0,0,0,6
18,boundary,apv,wave,u*dx(eta),3.66978344209738e-05,2,0,1,0,4.10782519111308e-14,5.7413481302504e-07,6,0
18,boundary,apv,wave,v*dy(eta),0,1,0,-1,0,0,0,0,6
18,boundary,apv,wave,w*dz(eta),0,1,0,-1,0,0,0,0,6
18,boundary,apv,wave,w*eta*dlogN2,0,1,0,-1,0,0,0,0,6
18,boundary,boundary,wave,u*dx(u),0,1,0,1,0,0,0,0,4
18,boundary,boundary,wave,v*dy(u),0,1,0,1,0,0,0,0,4
18,boundary,boundary,wave,w*dz(u),0,1,0,1,0,0,0,0,4
18,boundary,boundary,wave,u*dx(v),0.000495063357242374,2,0,1,0,2.57945687784608e-15,9.31932923123228e-07,4,0
18,boundary,boundary,wave,v*dy(v),0,1,0,1,0,0,0,0,4
18,boundary,boundary,wave,w*dz(v),0,1,0,1,0,0,0,0,4
18,boundary,boundary,wave,u*dx(w),0,1,0,1,0,0,0,0,4
18,boundary,boundary,wave,v*dy(w),0,1,0,1,0,0,0,0,4
18,boundary,boundary,wave,w*dz(w),0,1,0,1,0,0,0,0,4
18,boundary,boundary,wave,u*dx(eta),3.14451286840658e-05,2,0,1,0,1.04249942012302e-13,2.71833223357588e-07,4,0
18,boundary,boundary,wave,v*dy(eta),0,1,0,1,0,0,0,0,4
18,boundary,boundary,wave,w*dz(eta),0,1,0,1,0,0,0,0,4
18,boundary,boundary,wave,w*eta*dlogN2,0,1,0,1,0,0,0,0,4
19,wave,wave,wave,u*dx(u),0.591612762268819,15,1,16,1,1.62909907786002e-10,3.91024537194085e-08,1024,0
19,wave,wave,wave,v*dy(u),0,1,1,1,1,0,0,0,1024
19,wave,wave,wave,w*dz(u),0.592037625671452,16,1,15,1,2.86751751263914e-05,0.000324320270373324,1024,0
19,wave,wave,wave,u*dx(v),0.590263484258241,15,1,16,1,1.62909685741397e-10,2.93266284590032e-08,1024,0
19,wave,wave,wave,v*dy(v),0,1,1,1,1,0,0,0,1024
19,wave,wave,wave,w*dz(v),0.590651740616409,16,1,15,1,2.86751751266134e-05,0.000324330049369381,1024,0
19,wave,wave,wave,u*dx(w),0.00174855318966164,16,1,16,1,5.82307535523796e-11,3.91099229668512e-08,1024,0
19,wave,wave,wave,v*dy(w),0,1,1,1,1,0,0,0,1024
19,wave,wave,wave,w*dz(w),0.00174855263831916,16,1,16,1,5.82309755969845e-11,3.91125558607541e-08,1024,0
19,wave,wave,wave,u*dx(eta),0.100575103521629,16,1,16,1,3.82761489170491e-10,2.93285865593518e-08,1024,0
19,wave,wave,wave,v*dy(eta),0,1,1,1,1,0,0,0,1024
19,wave,wave,wave,w*dz(eta),0.100575001706309,16,1,16,1,3.82761378148189e-10,2.93312646393318e-08,1024,0
19,wave,wave,wave,w*eta*dlogN2,0.0807485090441822,16,1,16,1,6.30682173152763e-11,2.93109990723295e-08,1024,0
19,wave,apv,wave,u*dx(u),0,1,1,-1,0,0,0,0,96
19,wave,apv,wave,v*dy(u),0,1,1,-1,0,0,0,0,96
19,wave,apv,wave,w*dz(u),0,1,1,-1,0,0,0,0,96
19,wave,apv,wave,u*dx(v),0.00337555013298022,16,1,2,0,4.38462857623813e-14,3.12733433924183e-07,96,0
19,wave,apv,wave,v*dy(v),0,1,1,-1,0,0,0,0,96
19,wave,apv,wave,w*dz(v),0.0097833761843474,16,1,2,0,7.09876601945325e-13,4.83822918839749e-07,96,0
19,wave,apv,wave,u*dx(w),0,1,1,-1,0,0,0,0,96
19,wave,apv,wave,v*dy(w),0,1,1,-1,0,0,0,0,96
19,wave,apv,wave,w*dz(w),0,1,1,-1,0,0,0,0,96
19,wave,apv,wave,u*dx(eta),0.0012260520042833,16,1,2,0,6.54587495318992e-13,4.97382226294363e-07,96,0
19,wave,apv,wave,v*dy(eta),0,1,1,-1,0,0,0,0,96
19,wave,apv,wave,w*dz(eta),0.000487358247449622,16,1,2,0,7.65073582265074e-09,6.51733799816867e-07,96,0
19,wave,apv,wave,w*eta*dlogN2,0.013397812848533,16,1,2,0,4.0867309536452e-13,4.88597093228904e-07,96,0
19,apv,wave,wave,u*dx(u),0.00340001525631495,2,0,16,1,4.4273683711159e-14,3.22452645993627e-07,96,0
19,apv,wave,wave,v*dy(u),0,-1,0,1,1,0,0,0,96
19,apv,wave,wave,w*dz(u),0,-1,0,1,1,0,0,0,96
19,apv,wave,wave,u*dx(v),0.00337557875601303,2,0,16,1,4.37390194654643e-14,3.12733024011273e-07,96,0
19,apv,wave,wave,v*dy(v),0,-1,0,1,1,0,0,0,96
19,apv,wave,wave,w*dz(v),0,-1,0,1,1,0,0,0,96
19,apv,wave,wave,u*dx(w),8.66787218947371e-05,2,0,15,1,9.99200722162641e-16,2.22434809016292e-07,96,0
19,apv,wave,wave,v*dy(w),0,-1,0,1,1,0,0,0,96
19,apv,wave,wave,w*dz(w),0,-1,0,1,1,0,0,0,96
19,apv,wave,wave,u*dx(eta),0.000488290196308,2,0,16,1,1.25455201782643e-14,3.90891001254724e-07,96,0
19,apv,wave,wave,v*dy(eta),0,-1,0,1,1,0,0,0,96
19,apv,wave,wave,w*dz(eta),0,-1,0,1,1,0,0,0,96
19,apv,wave,wave,w*eta*dlogN2,0,-1,0,1,1,0,0,0,96
19,wave,boundary,wave,u*dx(u),0,1,1,1,0,0,0,0,64
19,wave,boundary,wave,v*dy(u),0,1,1,1,0,0,0,0,64
19,wave,boundary,wave,w*dz(u),0,1,1,1,0,0,0,0,64
19,wave,boundary,wave,u*dx(v),0.002757736052792,16,1,2,0,2.0635645586747e-14,1.69581465628367e-07,64,0
19,wave,boundary,wave,v*dy(v),0,1,1,1,0,0,0,0,64
19,wave,boundary,wave,w*dz(v),0.00541996216887723,16,1,2,0,5.17380540115631e-13,4.03023675654701e-07,64,0
19,wave,boundary,wave,u*dx(w),0,1,1,1,0,0,0,0,64
19,wave,boundary,wave,v*dy(w),0,1,1,1,0,0,0,0,64
19,wave,boundary,wave,w*dz(w),0,1,1,1,0,0,0,0,64
19,wave,boundary,wave,u*dx(eta),0.000689107482746636,16,1,2,0,2.1405099914773e-13,3.24311593358217e-07,64,0
19,wave,boundary,wave,v*dy(eta),0,1,1,1,0,0,0,0,64
19,wave,boundary,wave,w*dz(eta),0.000430908128744318,15,1,2,0,9.57774304310988e-10,1.31249263568556e-07,64,0
19,wave,boundary,wave,w*eta*dlogN2,0.0121417912300121,16,1,2,0,3.03979064142368e-13,4.04945280307878e-07,64,0
19,boundary,wave,wave,u*dx(u),0.00229955629234691,2,0,16,1,1.50882299872465e-14,1.32015989001086e-07,64,0
19,boundary,wave,wave,v*dy(u),0,1,0,1,1,0,0,0,64
19,boundary,wave,wave,w*dz(u),0,1,0,1,1,0,0,0,64
19,boundary,wave,wave,u*dx(v),0.00227147769067189,2,0,16,1,1.53768762998143e-14,1.19964714305262e-07,64,0
19,boundary,wave,wave,v*dy(v),0,1,0,1,1,0,0,0,64
19,boundary,wave,wave,w*dz(v),0,1,0,1,1,0,0,0,64
19,boundary,wave,wave,u*dx(w),4.53598254287097e-05,2,0,15,1,4.44089209850063e-16,1.29567822582111e-07,64,0
19,boundary,wave,wave,v*dy(w),0,1,0,1,1,0,0,0,64
19,boundary,wave,wave,w*dz(w),0,1,0,1,1,0,0,0,64
19,boundary,wave,wave,u*dx(eta),0.000370463800884048,2,0,15,1,2.99760216648792e-15,1.13993894546027e-07,64,0
19,boundary,wave,wave,v*dy(eta),0,1,0,1,1,0,0,0,64
19,boundary,wave,wave,w*dz(eta),0,1,0,1,1,0,0,0,64
19,boundary,wave,wave,w*eta*dlogN2,0,1,0,1,1,0,0,0,64
19,apv,boundary,wave,u*dx(u),0,-1,0,1,0,0,0,0,6
19,apv,boundary,wave,v*dy(u),0,-1,0,1,0,0,0,0,6
19,apv,boundary,wave,w*dz(u),0,-1,0,1,0,0,0,0,6
19,apv,boundary,wave,u*dx(v),0.000587534075940702,2,0,2,0,5.6188066918603e-15,2.67775430495831e-07,6,0
19,apv,boundary,wave,v*dy(v),0,-1,0,1,0,0,0,0,6
19,apv,boundary,wave,w*dz(v),0,-1,0,1,0,0,0,0,6
19,apv,boundary,wave,u*dx(w),0,-1,0,1,0,0,0,0,6
19,apv,boundary,wave,v*dy(w),0,-1,0,1,0,0,0,0,6
19,apv,boundary,wave,w*dz(w),0,-1,0,1,0,0,0,0,6
19,apv,boundary,wave,u*dx(eta),3.30410997697294e-05,2,0,2,0,5.6843418860808e-14,3.48750239131945e-07,6,0
19,apv,boundary,wave,v*dy(eta),0,-1,0,1,0,0,0,0,6
19,apv,boundary,wave,w*dz(eta),0,-1,0,1,0,0,0,0,6
19,apv,boundary,wave,w*eta*dlogN2,0,-1,0,1,0,0,0,0,6
19,boundary,apv,wave,u*dx(u),0,1,0,-1,0,0,0,0,6
19,boundary,apv,wave,v*dy(u),0,1,0,-1,0,0,0,0,6
19,boundary,apv,wave,w*dz(u),0,1,0,-1,0,0,0,0,6
19,boundary,apv,wave,u*dx(v),0.00052258280239633,2,0,-1,0,3.93230243480577e-15,2.91042544731113e-07,6,0
19,boundary,apv,wave,v*dy(v),0,1,0,-1,0,0,0,0,6
19,boundary,apv,wave,w*dz(v),0,1,0,-1,0,0,0,0,6
19,boundary,apv,wave,u*dx(w),0,1,0,-1,0,0,0,0,6
19,boundary,apv,wave,v*dy(w),0,1,0,-1,0,0,0,0,6
19,boundary,apv,wave,w*dz(w),0,1,0,-1,0,0,0,0,6
19,boundary,apv,wave,u*dx(eta),5.99709974371625e-05,2,0,1,0,4.89608353859694e-14,6.05243798412758e-07,6,0
19,boundary,apv,wave,v*dy(eta),0,1,0,-1,0,0,0,0,6
19,boundary,apv,wave,w*dz(eta),0,1,0,-1,0,0,0,0,6
19,boundary,apv,wave,w*eta*dlogN2,0,1,0,-1,0,0,0,0,6
19,boundary,boundary,wave,u*dx(u),0,1,0,1,0,0,0,0,4
19,boundary,boundary,wave,v*dy(u),0,1,0,1,0,0,0,0,4
19,boundary,boundary,wave,w*dz(u),0,1,0,1,0,0,0,0,4
19,boundary,boundary,wave,u*dx(v),0.000511472185219434,2,0,1,0,2.81232057837609e-15,2.89220650318001e-07,4,0
19,boundary,boundary,wave,v*dy(v),0,1,0,1,0,0,0,0,4
19,boundary,boundary,wave,w*dz(v),0,1,0,1,0,0,0,0,4
19,boundary,boundary,wave,u*dx(w),0,1,0,1,0,0,0,0,4
19,boundary,boundary,wave,v*dy(w),0,1,0,1,0,0,0,0,4
19,boundary,boundary,wave,w*dz(w),0,1,0,1,0,0,0,0,4
19,boundary,boundary,wave,u*dx(eta),5.31183375424352e-05,2,0,1,0,8.17124146124115e-14,5.02618368813934e-07,4,0
19,boundary,boundary,wave,v*dy(eta),0,1,0,1,0,0,0,0,4
19,boundary,boundary,wave,w*dz(eta),0,1,0,1,0,0,0,0,4
19,boundary,boundary,wave,w*eta*dlogN2,0,1,0,1,0,0,0,0,4
20,wave,wave,wave,u*dx(u),0.592906201846017,15,-1,16,1,1.62904800760089e-10,3.90818427620232e-08,1024,0
20,wave,wave,wave,v*dy(u),0.592906201846017,16,-1,15,1,1.62904800760089e-10,3.90842656017298e-08,1024,0
20,wave,wave,wave,w*dz(u),0.593367472579309,16,1,15,1,6.20170097265227e-06,0.000143964226817062,1024,0
20,wave,wave,wave,u*dx(v),0.590250368488579,16,-1,15,1,1.62905022804694e-10,3.90842658237744e-08,1024,0
20,wave,wave,wave,v*dy(v),0.590250368488579,16,-1,15,1,1.62904578715484e-10,3.90866887745034e-08,1024,0
20,wave,wave,wave,w*dz(v),0.590638754444752,16,1,15,1,6.20170097276329e-06,0.000143964224393667,1024,0
20,wave,wave,wave,u*dx(w),0.0014326703876873,16,1,16,1,5.82327519538239e-11,3.90923480253491e-08,1024,0
20,wave,wave,wave,v*dy(w),0.0014326703876873,16,1,16,1,5.82326409315215e-11,3.90947710871004e-08,1024,0
20,wave,wave,wave,w*dz(w),0.0014326703876873,16,1,16,1,5.82328629761264e-11,3.90956238494056e-08,1024,0
20,wave,wave,wave,u*dx(eta),0.0827005348215406,16,1,16,1,3.8277181424462e-10,2.93163603393154e-08,1024,0
20,wave,wave,wave,v*dy(eta),0.0827005348215406,16,1,16,1,3.82771703222318e-10,2.93187836231112e-08,1024,0
20,wave,wave,wave,w*dz(eta),0.0827005348215405,16,1,16,1,3.82771481177713e-10,2.93196363854165e-08,1024,0
20,wave,wave,wave,w*eta*dlogN2,0.068805453411772,16,1,16,1,6.30689944713936e-11,2.92987637484643e-08,1024,0
20,wave,apv,wave,u*dx(u),0.0034233775242826,16,1,2,0,4.4675574616711e-14,3.34066042537843e-07,96,0
20,wave,apv,wave,v*dy(u),0.00342337752428226,16,1,2,0,4.4279140534415e-14,3.34066042385438e-07,96,0
20,wave,apv,wave,w*dz(u),0.00982461093728323,16,1,2,0,7.09876601945325e-13,4.84065663807267e-07,96,0
20,wave,apv,wave,u*dx(v),0.00336581805624148,16,1,2,0,4.3685839794967e-14,3.12550463328222e-07,96,0
20,wave,apv,wave,v*dy(v),0.00336581805624145,16,1,2,0,4.34220502158793e-14,3.12550461903913e-07,96,0
20,wave,apv,wave,w*dz(v),0.00978301044943525,16,1,2,0,7.09876601945325e-13,4.83822918839749e-07,96,0
20,wave,apv,wave,u*dx(w),0,1,1,-1,0,0,0,0,96
20,wave,apv,wave,v*dy(w),0,1,1,-1,0,0,0,0,96
20,wave,apv,wave,w*dz(w),0,1,1,-1,0,0,0,0,96
20,wave,apv,wave,u*dx(eta),0.00102027263911554,16,1,2,0,6.54587495318992e-13,4.97382226294363e-07,96,0
20,wave,apv,wave,v*dy(eta),0.00102027263911553,16,1,2,0,6.54254428411605e-13,4.97381351660664e-07,96,0
20,wave,apv,wave,w*dz(eta),0.00041276539642801,16,1,2,0,7.65073582265074e-09,6.51733799816867e-07,96,0
20,wave,apv,wave,w*eta*dlogN2,0.0112734509666611,16,1,2,0,4.0867309536452e-13,4.88597093228904e-07,96,0
20,apv,wave,wave,u*dx(u),0.00342337752428261,2,0,16,1,4.46873763520549e-14,3.34066042548082e-07,96,0
20,apv,wave,wave,v*dy(u),0.00342337752428266,2,0,16,1,4.46917359635992e-14,3.34066042539735e-07,96,0
20,apv,wave,wave,w*dz(u),0,-1,0,1,1,0,0,0,96
20,apv,wave,wave,u*dx(v),0.00336581805624145,2,0,16,1,4.34613349974807e-14,3.12550461944258e-07,96,0
20,apv,wave,wave,v*dy(v),0.0033658180562415,2,0,16,1,4.34832999307945e-14,3.1255046188406e-07,96,0
20,apv,wave,wave,w*dz(v),0,-1,0,1,1,0,0,0,96
20,apv,wave,wave,u*dx(w),7.10408128378327e-05,2,0,15,1,6.66133814775094e-16,2.22520933457204e-07,96,0
20,apv,wave,wave,v*dy(w),7.10408128378333e-05,2,0,15,1,6.66133814775094e-16,2.22520933457204e-07,96,0
20,apv,wave,wave,w*dz(w),0,-1,0,1,1,0,0,0,96
20,apv,wave,wave,u*dx(eta),0.000413528614537773,2,0,16,1,1.24344978758018e-14,3.7207512233923e-07,96,0
20,apv,wave,wave,v*dy(eta),0.000413528614537777,2,0,16,1,1.24344978758018e-14,3.72075122459908e-07,96,0
20,apv,wave,wave,w*dz(eta),0,-1,0,1,1,0,0,0,96
20,apv,wave,wave,w*eta*dlogN2,0,-1,0,1,1,0,0,0,96
20,wave,boundary,wave,u*dx(u),0.002326277616068,16,1,2,0,1.5390481089788e-14,1.42655155983527e-07,64,0
20,wave,boundary,wave,v*dy(u),0.00232627761606796,16,1,2,0,1.52735842534106e-14,1.42655160646151e-07,64,0
20,wave,boundary,wave,w*dz(u),0.00452570798106398,16,1,2,0,4.03240521314331e-13,2.50894538059092e-07,64,0
20,wave,boundary,wave,u*dx(v),0.00225817960208492,16,1,2,0,1.48183184929381e-14,1.21298276645199e-07,64,0
20,wave,boundary,wave,v*dy(v),0.00225817960208488,16,1,2,0,1.49085236771745e-14,1.21300699595928e-07,64,0
20,wave,boundary,wave,w*dz(v),0.00450581904783396,16,1,2,0,4.01901442239251e-13,2.13196974629959e-07,64,0
20,wave,boundary,wave,u*dx(w),0,1,1,1,0,0,0,0,64
20,wave,boundary,wave,v*dy(w),0,1,1,1,0,0,0,0,64
20,wave,boundary,wave,w*dz(w),0,1,1,1,0,0,0,0,64
20,wave,boundary,wave,u*dx(eta),0.000479137342960001,16,1,2,0,1.36224365121507e-13,1.55448000360714e-07,64,0
20,wave,boundary,wave,v*dy(eta),0.000479137342959981,16,1,2,0,1.36224365121507e-13,1.55450423422465e-07,64,0
20,wave,boundary,wave,w*dz(eta),0.000317105439416276,15,1,2,0,4.53190152072125e-10,1.01666832175162e-07,64,0
20,wave,boundary,wave,w*eta*dlogN2,0.0122657778603227,16,1,2,0,3.05644398679306e-13,2.13383637204245e-07,64,0
20,boundary,wave,wave,u*dx(u),0.00232627761606799,2,0,16,1,1.54076141890915e-14,1.4265515603702e-07,64,0
20,boundary,wave,wave,v*dy(u),0.002326277616068,2,0,16,1,1.54238327692187e-14,1.42655155975994e-07,64,0
20,boundary,wave,wave,w*dz(u),0,1,0,1,1,0,0,0,64
20,boundary,wave,wave,u*dx(v),0.00225817960208488,2,0,16,1,1.48900794567916e-14,1.2130069970695e-07,64,0
20,boundary,wave,wave,v*dy(v),0.00225817960208487,2,0,16,1,1.49328909585307e-14,1.2130069970695e-07,64,0
20,boundary,wave,wave,w*dz(v),0,1,0,1,1,0,0,0,64
20,boundary,wave,wave,u*dx(w),3.7174779126021e-05,2,0,15,1,4.44089209850063e-16,1.29552077732242e-07,64,0
20,boundary,wave,wave,v*dy(w),3.7174779126021e-05,2,0,15,1,6.66133814775094e-16,1.29552077732242e-07,64,0
20,boundary,wave,wave,w*dz(w),0,1,0,1,1,0,0,0,64
20,boundary,wave,wave,u*dx(eta),0.000318142489303309,2,0,15,1,3.33066907387547e-15,1.13984836125347e-07,64,0
20,boundary,wave,wave,v*dy(eta),0.000318142489303322,2,0,15,1,3.33066907387547e-15,1.13984836125347e-07,64,0
20,boundary,wave,wave,w*dz(eta),0,1,0,1,1,0,0,0,64
20,boundary,wave,wave,w*eta*dlogN2,0,1,0,1,1,0,0,0,64
20,apv,boundary,wave,u*dx(u),0.000525304139855304,-1,0,2,0,3.9553340377943e-15,3.08769684310735e-07,6,0
20,apv,boundary,wave,v*dy(u),0.000525304139855303,-1,0,2,0,3.92734491987475e-15,3.08769684229836e-07,6,0
20,apv,boundary,wave,w*dz(u),0,-1,0,1,0,0,0,0,6
20,apv,boundary,wave,u*dx(v),0.000522557680058483,-1,0,2,0,4.21135647056954e-15,2.91042544731113e-07,6,0
20,apv,boundary,wave,v*dy(v),0.000522557680058459,-1,0,2,0,4.2153803721139e-15,2.91042544731113e-07,6,0
20,apv,boundary,wave,w*dz(v),0,-1,0,1,0,0,0,0,6
20,apv,boundary,wave,u*dx(w),0,-1,0,1,0,0,0,0,6
20,apv,boundary,wave,v*dy(w),0,-1,0,1,0,0,0,0,6
20,apv,boundary,wave,w*dz(w),0,-1,0,1,0,0,0,0,6
20,apv,boundary,wave,u*dx(eta),2.18355468497453e-05,-1,0,2,0,3.50830475781549e-14,2.40172792320692e-07,6,0
20,apv,boundary,wave,v*dy(eta),2.18355468497452e-05,-1,0,2,0,3.49720252756924e-14,2.40172792320692e-07,6,0
20,apv,boundary,wave,w*dz(eta),0,-1,0,1,0,0,0,0,6
20,apv,boundary,wave,w*eta*dlogN2,0,-1,0,1,0,0,0,0,6
20,boundary,apv,wave,u*dx(u),0.000525304139855349,2,0,-1,0,3.95375305215105e-15,3.08769684326343e-07,6,0
20,boundary,apv,wave,v*dy(u),0.000525304139855332,2,0,-1,0,3.94693935728752e-15,3.08769684331456e-07,6,0
20,boundary,apv,wave,w*dz(u),0,1,0,-1,0,0,0,0,6
20,boundary,apv,wave,u*dx(v),0.000522557680058489,2,0,-1,0,4.22772973411563e-15,2.91042544731113e-07,6,0
20,boundary,apv,wave,v*dy(v),0.00052255768005849,2,0,-1,0,4.20289945541007e-15,2.91042544509068e-07,6,0
20,boundary,apv,wave,w*dz(v),0,1,0,-1,0,0,0,0,6
20,boundary,apv,wave,u*dx(w),0,1,0,-1,0,0,0,0,6
20,boundary,apv,wave,v*dy(w),0,1,0,-1,0,0,0,0,6
20,boundary,apv,wave,w*dz(w),0,1,0,-1,0,0,0,0,6
20,boundary,apv,wave,u*dx(eta),4.9954537677853e-05,2,0,1,0,4.89608353859694e-14,6.05243798412758e-07,6,0
20,boundary,apv,wave,v*dy(eta),4.99545376779257e-05,2,0,1,0,4.89608353859694e-14,6.05243798301736e-07,6,0
20,boundary,apv,wave,w*dz(eta),0,1,0,-1,0,0,0,0,6
20,boundary,apv,wave,w*eta*dlogN2,0,1,0,-1,0,0,0,0,6
20,boundary,boundary,wave,u*dx(u),0.000467028299656293,2,0,1,0,2.61968358193822e-15,5.99653979304181e-07,4,0
20,boundary,boundary,wave,v*dy(u),0.000467028299656242,2,0,1,0,2.58824894665044e-15,5.9965397944165e-07,4,0
20,boundary,boundary,wave,w*dz(u),0,1,0,1,0,0,0,0,4
20,boundary,boundary,wave,u*dx(v),0.000464569099538348,2,0,1,0,2.46713566064859e-15,4.91259867896332e-07,4,0
20,boundary,boundary,wave,v*dy(v),0.000464569099538304,1,0,2,0,2.45172306831809e-15,4.91259867896332e-07,4,0
20,boundary,boundary,wave,w*dz(v),0,1,0,1,0,0,0,0,4
20,boundary,boundary,wave,u*dx(w),0,1,0,1,0,0,0,0,4
20,boundary,boundary,wave,v*dy(w),0,1,0,1,0,0,0,0,4
20,boundary,boundary,wave,w*dz(w),0,1,0,1,0,0,0,0,4
20,boundary,boundary,wave,u*dx(eta),3.73078057349783e-05,2,0,1,0,7.4273920347423e-14,2.96784445388908e-07,4,0
20,boundary,boundary,wave,v*dy(eta),3.73078057349674e-05,2,0,1,0,7.4273920347423e-14,2.96784445364028e-07,4,0
20,boundary,boundary,wave,w*dz(eta),0,1,0,1,0,0,0,0,4
20,boundary,boundary,wave,w*eta*dlogN2,0,1,0,1,0,0,0,0,4
21,wave,wave,wave,u*dx(u),0,1,1,1,1,0,0,0,1024
21,wave,wave,wave,v*dy(u),0.592906482101361,15,1,16,1,1.62907243250743e-10,2.93150831387479e-08,1024,0
21,wave,wave,wave,w*dz(u),0.59336719471043,16,1,15,1,1.37417613453872e-05,0.000168933563639229,1024,0
21,wave,wave,wave,u*dx(v),0,1,1,1,1,0,0,0,1024
21,wave,wave,wave,v*dy(v),0.592237848264683,15,1,16,1,1.62907465295348e-10,3.90817708195712e-08,1024,0
21,wave,wave,wave,w*dz(v),0.59267950328237,16,1,15,1,1.37417613451651e-05,0.000168923795301312,1024,0
21,wave,wave,wave,u*dx(w),0,1,1,1,1,0,0,0,1024
21,wave,wave,wave,v*dy(w),0.000716489776512815,16,1,16,1,5.82318637754042e-11,3.9089023129435e-08,1024,0
21,wave,wave,wave,w*dz(w),0.000716489661430536,16,1,16,1,5.82317527531018e-11,3.90898429181163e-08,1024,0
21,wave,wave,wave,u*dx(eta),0,1,1,1,1,0,0,0,1024
21,wave,wave,wave,v*dy(eta),0.0416475239604705,16,1,16,1,3.82766263129497e-10,2.93167666809424e-08,1024,0
21,wave,wave,wave,w*dz(eta),0.04164750230629,16,1,16,1,3.82766485174102e-10,2.93177169208292e-08,1024,0
21,wave,wave,wave,w*eta*dlogN2,0.0389126812494024,16,1,16,1,6.30689944713936e-11,2.92967564652358e-08,1024,0
21,wave,apv,wave,u*dx(u),0,1,1,-1,0,0,0,0,96
21,wave,apv,wave,v*dy(u),0.00342349614907207,16,1,2,0,4.46355826213277e-14,3.34087801531103e-07,96,0
21,wave,apv,wave,w*dz(u),0.00982459740851489,16,1,2,0,7.09876601945325e-13,4.84195122670037e-07,96,0
21,wave,apv,wave,u*dx(v),0,1,1,-1,0,0,0,0,96
21,wave,apv,wave,v*dy(v),0,1,1,-1,0,0,0,0,96
21,wave,apv,wave,w*dz(v),0,1,1,-1,0,0,0,0,96
21,wave,apv,wave,u*dx(w),0,1,1,-1,0,0,0,0,96
21,wave,apv,wave,v*dy(w),0,1,1,-1,0,0,0,0,96
21,wave,apv,wave,w*dz(w),0,1,1,-1,0,0,0,0,96
21,wave,apv,wave,u*dx(eta),0,1,1,-1,0,0,0,0,96
21,wave,apv,wave,v*dy(eta),0.000536588404075932,16,1,2,0,6.54254428411605e-13,4.97381351660664e-07,96,0
21,wave,apv,wave,w*dz(eta),0.000231434318674181,16,1,2,0,7.65073582265074e-09,6.51733799816867e-07,96,0
21,wave,apv,wave,w*eta*dlogN2,0.00613778850604625,16,1,2,0,4.0867309536452e-13,4.88597093228904e-07,96,0
21,apv,wave,wave,u*dx(u),0,-1,0,1,1,0,0,0,96
21,apv,wave,wave,v*dy(u),0.00342351094555249,2,0,16,1,4.49476549162231e-14,3.34089624793329e-07,96,0
21,apv,wave,wave,w*dz(u),0,-1,0,1,1,0,0,0,96
21,apv,wave,wave,u*dx(v),0,-1,0,1,1,0,0,0,96
21,apv,wave,wave,v*dy(v),0.00339129510024432,2,0,16,1,4.4010786350192e-14,3.25440848107646e-07,96,0
21,apv,wave,wave,w*dz(v),0,-1,0,1,1,0,0,0,96
21,apv,wave,wave,u*dx(w),0,-1,0,1,1,0,0,0,96
21,apv,wave,wave,v*dy(w),3.55439854449977e-05,2,0,15,1,9.99200722162641e-16,2.2249170483768e-07,96,0
21,apv,wave,wave,w*dz(w),0,-1,0,1,1,0,0,0,96
21,apv,wave,wave,u*dx(eta),0,-1,0,1,1,0,0,0,96
21,apv,wave,wave,v*dy(eta),0.000231807228360881,2,0,16,1,1.24344978758018e-14,2.75265584554468e-07,96,0
21,apv,wave,wave,w*dz(eta),0,-1,0,1,1,0,0,0,96
21,apv,wave,wave,w*eta*dlogN2,0,-1,0,1,1,0,0,0,96
21,wave,boundary,wave,u*dx(u),0,1,1,1,0,0,0,0,64
21,wave,boundary,wave,v*dy(u),0.00259229246348384,16,1,2,0,1.76701175110508e-14,1.70671812748948e-07,64,0
21,wave,boundary,wave,w*dz(u),0.0050088641126247,16,1,2,0,4.59840523240139e-13,3.16057573224175e-07,64,0
21,wave,boundary,wave,u*dx(v),0,1,1,1,0,0,0,0,64
21,wave,boundary,wave,v*dy(v),0,1,1,1,0,0,0,0,64
21,wave,boundary,wave,w*dz(v),0,1,1,1,0,0,0,0,64
21,wave,boundary,wave,u*dx(w),0,1,1,1,0,0,0,0,64
21,wave,boundary,wave,v*dy(w),0,1,1,1,0,0,0,0,64
21,wave,boundary,wave,w*dz(w),0,1,1,1,0,0,0,0,64
21,wave,boundary,wave,u*dx(eta),0,1,1,1,0,0,0,0,64
21,wave,boundary,wave,v*dy(eta),0.000277578263394986,16,1,2,0,1.70308211977499e-13,2.15515498225294e-07,64,0
21,wave,boundary,wave,w*dz(eta),0.000202793292291109,15,1,2,0,6.39930775037101e-10,1.21002718955765e-07,64,0
21,wave,boundary,wave,w*eta*dlogN2,0.00610180330572924,16,1,2,0,3.07420755518706e-13,2.85169281077913e-07,64,0
21,boundary,wave,wave,u*dx(u),0,1,0,1,1,0,0,0,64
21,boundary,wave,wave,v*dy(u),0.00232642023209566,2,0,16,1,1.53910790486517e-14,1.42689563444444e-07,64,0
21,boundary,wave,wave,w*dz(u),0,1,0,1,1,0,0,0,64
21,boundary,wave,wave,u*dx(v),0,1,0,1,1,0,0,0,64
21,boundary,wave,wave,v*dy(v),0.00228462375724868,2,0,16,1,1.52332147490208e-14,1.28751011159422e-07,64,0
21,boundary,wave,wave,w*dz(v),0,1,0,1,1,0,0,0,64
21,boundary,wave,wave,u*dx(w),0,1,0,1,1,0,0,0,64
21,boundary,wave,wave,v*dy(w),1.85983947931739e-05,2,0,15,1,4.44089209850063e-16,1.2954546246835e-07,64,0
21,boundary,wave,wave,w*dz(w),0,1,0,1,1,0,0,0,64
21,boundary,wave,wave,u*dx(eta),0,1,0,1,1,0,0,0,64
21,boundary,wave,wave,v*dy(eta),0.000185249850931242,2,0,15,1,3.21964677141295e-15,1.13981266425256e-07,64,0
21,boundary,wave,wave,w*dz(eta),0,1,0,1,1,0,0,0,64
21,boundary,wave,wave,w*eta*dlogN2,0,1,0,1,1,0,0,0,64
21,apv,boundary,wave,u*dx(u),0,-1,0,1,0,0,0,0,6
21,apv,boundary,wave,v*dy(u),0.000565321454218184,-1,0,2,0,5.42608566509453e-15,2.88667121091234e-07,6,0
21,apv,boundary,wave,w*dz(u),0,-1,0,1,0,0,0,0,6
21,apv,boundary,wave,u*dx(v),0,-1,0,1,0,0,0,0,6
21,apv,boundary,wave,v*dy(v),0,-1,0,1,0,0,0,0,6
21,apv,boundary,wave,w*dz(v),0,-1,0,1,0,0,0,0,6
21,apv,boundary,wave,u*dx(w),0,-1,0,1,0,0,0,0,6
21,apv,boundary,wave,v*dy(w),0,-1,0,1,0,0,0,0,6
21,apv,boundary,wave,w*dz(w),0,-1,0,1,0,0,0,0,6
21,apv,boundary,wave,u*dx(eta),0,-1,0,1,0,0,0,0,6
21,apv,boundary,wave,v*dy(eta),1.26257032024973e-05,2,0,2,0,4.55191440096314e-14,2.73371327574878e-07,6,0
21,apv,boundary,wave,w*dz(eta),0,-1,0,1,0,0,0,0,6
21,apv,boundary,wave,w*eta*dlogN2,0,-1,0,1,0,0,0,0,6
21,boundary,apv,wave,u*dx(u),0,1,0,-1,0,0,0,0,6
21,boundary,apv,wave,v*dy(u),0.000525310166659013,2,0,-1,0,4.09566552628206e-15,3.09074029757678e-07,6,0
21,boundary,apv,wave,w*dz(u),0,1,0,-1,0,0,0,0,6
21,boundary,apv,wave,u*dx(v),0,1,0,-1,0,0,0,0,6
21,boundary,apv,wave,v*dy(v),0,1,0,-1,0,0,0,0,6
21,boundary,apv,wave,w*dz(v),0,1,0,-1,0,0,0,0,6
21,boundary,apv,wave,u*dx(w),0,1,0,-1,0,0,0,0,6
21,boundary,apv,wave,v*dy(w),0,1,0,-1,0,0,0,0,6
21,boundary,apv,wave,w*dz(w),0,1,0,-1,0,0,0,0,6
21,boundary,apv,wave,u*dx(eta),0,1,0,-1,0,0,0,0,6
21,boundary,apv,wave,v*dy(eta),2.63717158334108e-05,2,0,1,0,4.89608353859694e-14,6.05243798301736e-07,6,0
21,boundary,apv,wave,w*dz(eta),0,1,0,-1,0,0,0,0,6
21,boundary,apv,wave,w*eta*dlogN2,0,1,0,-1,0,0,0,0,6
21,boundary,boundary,wave,u*dx(u),0,1,0,1,0,0,0,0,4
21,boundary,boundary,wave,v*dy(u),0.000510239373528365,2,0,1,0,2.70995325865849e-15,4.80987168306602e-07,4,0
21,boundary,boundary,wave,w*dz(u),0,1,0,1,0,0,0,0,4
21,boundary,boundary,wave,u*dx(v),0,1,0,1,0,0,0,0,4
21,boundary,boundary,wave,v*dy(v),0,1,0,1,0,0,0,0,4
21,boundary,boundary,wave,w*dz(v),0,1,0,1,0,0,0,0,4
21,boundary,boundary,wave,u*dx(w),0,1,0,1,0,0,0,0,4
21,boundary,boundary,wave,v*dy(w),0,1,0,1,0,0,0,0,4
21,boundary,boundary,wave,w*dz(w),0,1,0,1,0,0,0,0,4
21,boundary,boundary,wave,u*dx(eta),0,1,0,1,0,0,0,0,4
21,boundary,boundary,wave,v*dy(eta),2.13661936868524e-05,2,0,1,0,8.07132138902489e-14,2.77818630545212e-07,4,0
21,boundary,boundary,wave,w*dz(eta),0,1,0,1,0,0,0,0,4
21,boundary,boundary,wave,w*eta*dlogN2,0,1,0,1,0,0,0,0,4
22,wave,wave,wave,u*dx(u),0.591599478505952,15,1,16,1,1.62909907786002e-10,3.91024537194085e-08,1024,0
22,wave,wave,wave,v*dy(u),0,1,1,1,1,0,0,0,1024
22,wave,wave,wave,w*dz(u),0.592022976873359,16,1,15,1,2.86751751263914e-05,0.000324320270373324,1024,0
22,wave,wave,wave,u*dx(v),0.592906498396767,15,1,16,1,1.62909685741397e-10,2.93266284590032e-08,1024,0
22,wave,wave,wave,v*dy(v),0,1,1,1,1,0,0,0,1024
22,wave,wave,wave,w*dz(v),0.593366528931004,16,1,15,1,2.86751751266134e-05,0.000324330049369381,1024,0
22,wave,wave,wave,u*dx(w),0.00100301681942071,16,1,16,1,5.82307535523796e-11,3.91099229668512e-08,1024,0
22,wave,wave,wave,v*dy(w),0,1,1,1,1,0,0,0,1024
22,wave,wave,wave,w*dz(w),0.00100301650355838,16,1,16,1,5.82309755969845e-11,3.91125558607541e-08,1024,0
22,wave,wave,wave,u*dx(eta),0.0581497030910949,16,1,16,1,3.82761489170491e-10,2.93285865593518e-08,1024,0
22,wave,wave,wave,v*dy(eta),0,1,1,1,1,0,0,0,1024
22,wave,wave,wave,w*dz(eta),0.058149643967522,16,1,16,1,3.82761378148189e-10,2.93312646393318e-08,1024,0
22,wave,wave,wave,w*eta*dlogN2,0.0515250999853592,16,1,16,1,6.30682173152763e-11,2.93109990723295e-08,1024,0
22,wave,apv,wave,u*dx(u),0,1,1,-1,0,0,0,0,96
22,wave,apv,wave,v*dy(u),0,1,1,-1,0,0,0,0,96
22,wave,apv,wave,w*dz(u),0,1,1,-1,0,0,0,0,96
22,wave,apv,wave,u*dx(v),0.0034234581614352,16,1,2,0,4.44545814128057e-14,3.3408077107901e-07,96,0
22,wave,apv,wave,v*dy(v),0,1,1,-1,0,0,0,0,96
22,wave,apv,wave,w*dz(v),0.00982460173772464,16,1,2,0,7.09876601945325e-13,4.84153744203156e-07,96,0
22,wave,apv,wave,u*dx(w),0,1,1,-1,0,0,0,0,96
22,wave,apv,wave,v*dy(w),0,1,1,-1,0,0,0,0,96
22,wave,apv,wave,w*dz(w),0,1,1,-1,0,0,0,0,96
22,wave,apv,wave,u*dx(eta),0.000733909484301358,16,1,2,0,6.54587495318992e-13,4.97382226294363e-07,96,0
22,wave,apv,wave,v*dy(eta),0,1,1,-1,0,0,0,0,96
22,wave,apv,wave,w*dz(eta),0.000307176639656059,16,1,2,0,7.65073582265074e-09,6.51733799816867e-07,96,0
22,wave,apv,wave,w*eta*dlogN2,0.00826524331869377,16,1,2,0,4.0867309536452e-13,4.88597093228904e-07,96,0
22,apv,wave,wave,u*dx(u),0.00338223200496662,2,0,16,1,4.38999536865637e-14,3.19294636619273e-07,96,0
22,apv,wave,wave,v*dy(u),0,-1,0,1,1,0,0,0,96
22,apv,wave,wave,w*dz(u),0,-1,0,1,1,0,0,0,96
22,apv,wave,wave,u*dx(v),0.0034234871623538,2,0,16,1,4.45686898514811e-14,3.34084425621404e-07,96,0
22,apv,wave,wave,v*dy(v),0,-1,0,1,1,0,0,0,96
22,apv,wave,wave,w*dz(v),0,-1,0,1,1,0,0,0,96
22,apv,wave,wave,u*dx(w),4.97509555322914e-05,2,0,15,1,9.99200722162641e-16,2.22434809016292e-07,96,0
22,apv,wave,wave,v*dy(w),0,-1,0,1,1,0,0,0,96
22,apv,wave,wave,w*dz(w),0,-1,0,1,1,0,0,0,96
22,apv,wave,wave,u*dx(eta),0.000307703446953042,2,0,16,1,1.25455201782643e-14,3.27625000240539e-07,96,0
22,apv,wave,wave,v*dy(eta),0,-1,0,1,1,0,0,0,96
22,apv,wave,wave,w*dz(eta),0,-1,0,1,1,0,0,0,96
22,apv,wave,wave,w*eta*dlogN2,0,-1,0,1,1,0,0,0,96
22,wave,boundary,wave,u*dx(u),0,1,1,1,0,0,0,0,64
22,wave,boundary,wave,v*dy(u),0,1,1,1,0,0,0,0,64
22,wave,boundary,wave,w*dz(u),0,1,1,1,0,0,0,0,64
22,wave,boundary,wave,u*dx(v),0.00282233925768755,16,1,2,0,2.10661993873065e-14,1.94785338168863e-07,64,0
22,wave,boundary,wave,v*dy(v),0,1,1,1,0,0,0,0,64
22,wave,boundary,wave,w*dz(v),0.00544414773901989,16,1,2,0,5.19144692764264e-13,4.2632802094396e-07,64,0
22,wave,boundary,wave,u*dx(w),0,1,1,1,0,0,0,0,64
22,wave,boundary,wave,v*dy(w),0,1,1,1,0,0,0,0,64
22,wave,boundary,wave,w*dz(w),0,1,1,1,0,0,0,0,64
22,wave,boundary,wave,u*dx(eta),0.000410709151572712,16,1,2,0,2.1405099914773e-13,3.24311593358217e-07,64,0
22,wave,boundary,wave,v*dy(eta),0,1,1,1,0,0,0,0,64
22,wave,boundary,wave,w*dz(eta),0.000282204926410968,15,1,2,0,9.57774304310988e-10,1.31249263568556e-07,64,0
22,wave,boundary,wave,w*eta*dlogN2,0.00740594824875285,16,1,2,0,3.03979064142368e-13,4.04945280307878e-07,64,0
22,boundary,wave,wave,u*dx(u),0.00227510899552615,2,0,16,1,1.52637327474262e-14,1.2172134943442e-07,64,0
22,boundary,wave,wave,v*dy(u),0,1,0,1,1,0,0,0,64
22,boundary,wave,wave,w*dz(u),0,1,0,1,1,0,0,0,64
22,boundary,wave,wave,u*dx(v),0.0023263892235196,2,0,16,1,1.52180252972604e-14,1.42681487935056e-07,64,0
22,boundary,wave,wave,v*dy(v),0,1,0,1,1,0,0,0,64
22,boundary,wave,wave,w*dz(v),0,1,0,1,1,0,0,0,64
22,boundary,wave,wave,u*dx(w),2.60327353816515e-05,2,0,15,1,4.44089209850063e-16,1.29567822582111e-07,64,0
22,boundary,wave,wave,v*dy(w),0,1,0,1,1,0,0,0,64
22,boundary,wave,wave,w*dz(w),0,1,0,1,1,0,0,0,64
22,boundary,wave,wave,u*dx(eta),0.000242004176478228,2,0,15,1,2.99760216648792e-15,1.13993894546027e-07,64,0
22,boundary,wave,wave,v*dy(eta),0,1,0,1,1,0,0,0,64
22,boundary,wave,wave,w*dz(eta),0,1,0,1,1,0,0,0,64
22,boundary,wave,wave,w*eta*dlogN2,0,1,0,1,1,0,0,0,64
22,apv,boundary,wave,u*dx(u),0,-1,0,1,0,0,0,0,6
22,apv,boundary,wave,v*dy(u),0,-1,0,1,0,0,0,0,6
22,apv,boundary,wave,w*dz(u),0,-1,0,1,0,0,0,0,6
22,apv,boundary,wave,u*dx(v),0.000591099171658956,2,0,2,0,5.93863574535852e-15,3.03454850203084e-07,6,0
22,apv,boundary,wave,v*dy(v),0,-1,0,1,0,0,0,0,6
22,apv,boundary,wave,w*dz(v),0,-1,0,1,0,0,0,0,6
22,apv,boundary,wave,u*dx(w),0,-1,0,1,0,0,0,0,6
22,apv,boundary,wave,v*dy(w),0,-1,0,1,0,0,0,0,6
22,apv,boundary,wave,w*dz(w),0,-1,0,1,0,0,0,0,6
22,apv,boundary,wave,u*dx(eta),2.00948932248737e-05,1,0,1,0,5.6843418860808e-14,3.48750239131945e-07,6,0
22,apv,boundary,wave,v*dy(eta),0,-1,0,1,0,0,0,0,6
22,apv,boundary,wave,w*dz(eta),0,-1,0,1,0,0,0,0,6
22,apv,boundary,wave,w*eta*dlogN2,0,-1,0,1,0,0,0,0,6
22,boundary,apv,wave,u*dx(u),0,1,0,-1,0,0,0,0,6
22,boundary,apv,wave,v*dy(u),0,1,0,-1,0,0,0,0,6
22,boundary,apv,wave,w*dz(u),0,1,0,-1,0,0,0,0,6
22,boundary,apv,wave,u*dx(v),0.000525308238030997,2,0,-1,0,3.9473858817906e-15,3.08976647615183e-07,6,0
22,boundary,apv,wave,v*dy(v),0,1,0,-1,0,0,0,0,6
22,boundary,apv,wave,w*dz(v),0,1,0,-1,0,0,0,0,6
22,boundary,apv,wave,u*dx(w),0,1,0,-1,0,0,0,0,6
22,boundary,apv,wave,v*dy(w),0,1,0,-1,0,0,0,0,6
22,boundary,apv,wave,w*dz(w),0,1,0,-1,0,0,0,0,6
22,boundary,apv,wave,u*dx(eta),3.60007623076676e-05,2,0,1,0,4.89608353859694e-14,6.05243798412758e-07,6,0
22,boundary,apv,wave,v*dy(eta),0,1,0,-1,0,0,0,0,6
22,boundary,apv,wave,w*dz(eta),0,1,0,-1,0,0,0,0,6
22,boundary,apv,wave,w*eta*dlogN2,0,1,0,-1,0,0,0,0,6
22,boundary,boundary,wave,u*dx(u),0,1,0,1,0,0,0,0,4
22,boundary,boundary,wave,v*dy(u),0,1,0,1,0,0,0,0,4
22,boundary,boundary,wave,w*dz(u),0,1,0,1,0,0,0,0,4
22,boundary,boundary,wave,u*dx(v),0.000514134318872688,2,0,1,0,2.94014794894817e-15,2.91639193018727e-07,4,0
22,boundary,boundary,wave,v*dy(v),0,1,0,1,0,0,0,0,4
22,boundary,boundary,wave,w*dz(v),0,1,0,1,0,0,0,0,4
22,boundary,boundary,wave,u*dx(w),0,1,0,1,0,0,0,0,4
22,boundary,boundary,wave,v*dy(w),0,1,0,1,0,0,0,0,4
22,boundary,boundary,wave,w*dz(w),0,1,0,1,0,0,0,0,4
22,boundary,boundary,wave,u*dx(eta),3.16513353361648e-05,2,0,1,0,8.17124146124115e-14,5.02618368813934e-07,4,0
22,boundary,boundary,wave,v*dy(eta),0,1,0,1,0,0,0,0,4
22,boundary,boundary,wave,w*dz(eta),0,1,0,1,0,0,0,0,4
22,boundary,boundary,wave,w*eta*dlogN2,0,1,0,1,0,0,0,0,4
23,wave,wave,inertial,u*dx(u),0.00171420706399109,14,-1,16,1,1.62904800760089e-10,3.90818427620232e-08,1024,0
23,wave,wave,inertial,v*dy(u),0.0017142070639907,16,-1,14,1,1.62904800760089e-10,3.90842656017298e-08,1024,0
23,wave,wave,inertial,w*dz(u),0.014366491506718,2,1,1,1,6.20170097265227e-06,0.000143964226817284,1024,0
23,wave,wave,inertial,u*dx(v),0.00171420706399104,16,-1,14,1,1.62905022804694e-10,3.90842658237744e-08,1024,0
23,wave,wave,inertial,v*dy(v),0.00171420706399059,16,1,14,1,1.62904578715484e-10,3.90866887745034e-08,1024,0
23,wave,wave,inertial,w*dz(v),0.0143664915067178,2,1,1,1,6.20170097276329e-06,0.000143964224393667,1024,0
23,wave,wave,mda,u*dx(eta),0.0055031762901235,16,1,16,1,3.82771703222318e-10,1.17073305606019e-07,1024,0
23,wave,wave,mda,v*dy(eta),0.00550317629012347,16,1,16,1,3.82771592200015e-10,1.1707328458288e-07,1024,0
23,wave,wave,mda,w*dz(eta),0.00550317629012351,16,1,16,1,3.82771592200015e-10,1.25699734590792e-07,1024,0
23,wave,wave,mda,w*eta*dlogN2,0.034728274389112,16,1,16,1,6.30689944713936e-11,2.9298763637442e-08,1024,0
23,wave,apv,inertial,u*dx(u),0.000633682360865101,16,1,1,0,1.53210777398272e-14,2.2954175048891e-07,96,0
23,wave,apv,inertial,v*dy(u),0.000633682360865061,16,1,1,0,1.57651669496772e-14,2.2954174578964e-07,96,0
23,wave,apv,inertial,w*dz(u),0.000406242527091285,15,1,2,0,7.09876601945325e-13,4.83822918839749e-07,96,0
23,wave,apv,inertial,u*dx(v),0.000633682360865084,16,1,1,0,1.53210777398272e-14,2.29541750459772e-07,96,0
23,wave,apv,inertial,v*dy(v),0.000633682360865101,16,1,1,0,1.55431223447522e-14,2.29541745646095e-07,96,0
23,wave,apv,inertial,w*dz(v),0.000406242527091281,15,1,2,0,7.09876601945325e-13,4.83822918839749e-07,96,0
23,wave,apv,mda,u*dx(eta),0.000298557277345948,16,1,2,0,6.16173778666962e-13,2.86580941279807e-07,96,0
23,wave,apv,mda,v*dy(eta),0.000298557277346422,16,1,2,0,6.15840711759574e-13,2.86582439861283e-07,96,0
23,wave,apv,mda,w*dz(eta),0.000254787123978265,3,1,-1,0,7.65070384822764e-09,0.00887276885012837,96,0
23,wave,apv,mda,w*eta*dlogN2,0.00455098586743249,16,1,2,0,4.08451050759595e-13,4.88597093228904e-07,96,0
23,apv,wave,inertial,u*dx(u),0.000633682360865092,1,0,16,1,1.53210777398272e-14,2.2954175038279e-07,96,0
23,apv,wave,inertial,v*dy(u),0.000633682360865083,1,0,16,1,1.55431223447522e-14,2.29541750465033e-07,96,0
23,apv,wave,inertial,w*dz(u),0,-1,0,1,1,0,0,0,96
23,apv,wave,inertial,u*dx(v),0.000633682360865081,1,0,16,1,1.55431223447522e-14,2.29541745621792e-07,96,0
23,apv,wave,inertial,v*dy(v),0.000633682360865055,1,0,16,1,1.55431223447522e-14,2.29541745650948e-07,96,0
23,apv,wave,inertial,w*dz(v),0,-1,0,1,1,0,0,0,96
23,apv,wave,mda,u*dx(eta),0.00021663768753411,1,0,15,1,1.24344978758018e-14,4.28454191623119e-07,96,0
23,apv,wave,mda,v*dy(eta),0.000216637687534162,1,0,15,1,1.26565424807268e-14,4.28454191544514e-07,96,0
23,apv,wave,mda,w*dz(eta),0,-1,0,1,1,0,0,0,96
23,apv,wave,mda,w*eta*dlogN2,0,-1,0,1,1,0,0,0,96
23,wave,boundary,inertial,u*dx(u),0.000519763547806503,16,1,2,0,3.57619127528378e-15,1.21298276867243e-07,64,0
23,wave,boundary,inertial,v*dy(u),0.000519763547806534,16,1,2,0,3.61478610183858e-15,1.21300699595928e-07,64,0
23,wave,boundary,inertial,w*dz(u),0.00021038695088001,15,1,2,0,1.66755498298699e-13,2.13196974629959e-07,64,0
23,wave,boundary,inertial,u*dx(v),0.000519763547806492,16,1,2,0,3.55041819601709e-15,1.21298276534176e-07,64,0
23,wave,boundary,inertial,v*dy(v),0.000519763547806503,16,1,2,0,3.62354443287613e-15,1.21300699595928e-07,64,0
23,wave,boundary,inertial,w*dz(v),0.000210386950879979,15,1,2,0,1.66755498298699e-13,2.13196974629959e-07,64,0
23,wave,boundary,mda,u*dx(eta),3.02722824049711e-05,16,1,2,0,1.76481566912926e-14,1.65326679790745e-07,64,0
23,wave,boundary,mda,v*dy(eta),3.02722824048806e-05,16,1,2,0,1.76477390144679e-14,1.65326656142994e-07,64,0
23,wave,boundary,mda,w*dz(eta),0.000186597070732625,15,1,2,0,3.91564336510442e-10,0.00435291040828832,64,0
23,wave,boundary,mda,w*eta*dlogN2,0.0048585795142832,16,1,2,0,3.05866443284231e-13,2.13383637204245e-07,64,0
23,boundary,wave,inertial,u*dx(u),0.000519763547806477,2,0,16,1,3.57273413418937e-15,1.21298276867243e-07,64,0
23,boundary,wave,inertial,v*dy(u),0.000519763547806461,2,0,16,1,3.57702959165243e-15,1.21298276867243e-07,64,0
23,boundary,wave,inertial,w*dz(u),0,1,0,1,1,0,0,0,64
23,boundary,wave,inertial,u*dx(v),0.000519763547806535,2,0,16,1,3.59350612923092e-15,1.2130069970695e-07,64,0
23,boundary,wave,inertial,v*dy(v),0.000519763547806504,2,0,16,1,3.59695427080451e-15,1.21300699595928e-07,64,0
23,boundary,wave,inertial,w*dz(v),0,1,0,1,1,0,0,0,64
23,boundary,wave,mda,u*dx(eta),0.000187052777195024,2,0,15,1,3.33066907387547e-15,5.211184484382e-07,64,0
23,boundary,wave,mda,v*dy(eta),0.000187052777195059,2,0,15,1,3.33066907387547e-15,5.21118448678845e-07,64,0
23,boundary,wave,mda,w*dz(eta),0,1,0,1,1,0,0,0,64
23,boundary,wave,mda,w*eta*dlogN2,0,1,0,1,1,0,0,0,64
23,apv,boundary,inertial,u*dx(u),2.39039305553661e-05,2,0,2,0,1.02725537174449e-15,2.91042544287023e-07,6,0
23,apv,boundary,inertial,v*dy(u),2.39039305553642e-05,2,0,2,0,9.64529039114962e-16,2.91042544287023e-07,6,0
23,apv,boundary,inertial,w*dz(u),0,-1,0,1,0,0,0,0,6
23,apv,boundary,inertial,u*dx(v),2.39039305552586e-05,2,0,2,0,8.60703560713145e-16,2.91042544731113e-07,6,0
23,apv,boundary,inertial,v*dy(v),2.39039305552495e-05,2,0,2,0,9.1793481189866e-16,2.91042544731113e-07,6,0
23,apv,boundary,inertial,w*dz(v),0,-1,0,1,0,0,0,0,6
23,apv,boundary,mda,u*dx(eta),2.73162660285664e-06,2,0,1,0,8.99352728753527e-15,4.27283112669109e-07,6,0
23,apv,boundary,mda,v*dy(eta),2.73162660301279e-06,2,0,1,0,8.99352728753527e-15,4.27283112639209e-07,6,0
23,apv,boundary,mda,w*dz(eta),0,-1,0,1,0,0,0,0,6
23,apv,boundary,mda,w*eta*dlogN2,0,-1,0,1,0,0,0,0,6
23,boundary,apv,inertial,u*dx(u),2.39039305553641e-05,2,0,2,0,9.27030487368987e-16,2.91042544509068e-07,6,0
23,boundary,apv,inertial,v*dy(u),2.39039305553655e-05,2,0,2,0,9.76006842668599e-16,2.91042544287023e-07,6,0
23,boundary,apv,inertial,w*dz(u),0,1,0,-1,0,0,0,0,6
23,boundary,apv,inertial,u*dx(v),2.39039305552495e-05,2,0,2,0,8.92421317138557e-16,2.91042544731113e-07,6,0
23,boundary,apv,inertial,v*dy(v),2.39039305552623e-05,2,0,2,0,8.49184379405315e-16,2.91042544509068e-07,6,0
23,boundary,apv,inertial,w*dz(v),0,1,0,-1,0,0,0,0,6
23,boundary,apv,mda,u*dx(eta),1.18947257525694e-05,1,0,2,0,2.26485497023532e-14,3.43345422612489e-07,6,0
23,boundary,apv,mda,v*dy(eta),1.18947257527791e-05,1,0,2,0,2.26485497023532e-14,3.43345422537088e-07,6,0
23,boundary,apv,mda,w*dz(eta),0,1,0,-1,0,0,0,0,6
23,boundary,apv,mda,w*eta*dlogN2,0,1,0,-1,0,0,0,0,6
23,boundary,boundary,inertial,u*dx(u),1.59462450685529e-05,2,0,1,0,4.75450330227488e-16,4.91259867896332e-07,4,0
23,boundary,boundary,inertial,v*dy(u),1.59462450685409e-05,1,0,2,0,5.26933692872498e-16,4.91259867896332e-07,4,0
23,boundary,boundary,inertial,w*dz(u),0,1,0,1,0,0,0,0,4
23,boundary,boundary,inertial,u*dx(v),1.59462450686608e-05,2,0,1,0,1.04341254125375e-15,4.91259867896332e-07,4,0
23,boundary,boundary,inertial,v*dy(v),1.59462450686943e-05,2,0,1,0,1.13430172877978e-15,4.91259867896332e-07,4,0
23,boundary,boundary,inertial,w*dz(v),0,1,0,1,0,0,0,0,4
23,boundary,boundary,mda,u*dx(eta),2.99085660590131e-06,1,0,2,0,1.49880108324396e-14,1.08982644462342e-06,4,0
23,boundary,boundary,mda,v*dy(eta),2.99085660600692e-06,1,0,2,0,1.48769885299771e-14,1.08982644498764e-06,4,0
23,boundary,boundary,mda,w*dz(eta),0,1,0,1,0,0,0,0,4
23,boundary,boundary,mda,w*eta*dlogN2,0,1,0,1,0,0,0,0,4
24,wave,wave,wave,u*dx(u),0.591603345189947,16,1,15,1,1.62903912581669e-10,3.9051654465716e-08,1024,0
24,wave,wave,wave,v*dy(u),0,1,1,1,1,0,0,0,1024
24,wave,wave,wave,w*dz(u),0.592028760484271,16,1,15,1,3.48201010669236e-06,8.08081655148118e-05,1024,0
24,wave,wave,wave,u*dx(v),0.592242104667397,16,1,15,1,1.62903690537064e-10,2.92975422810926e-08,1024,0
24,wave,wave,wave,v*dy(v),0,1,1,1,1,0,0,0,1024
24,wave,wave,wave,w*dz(v),0.592685187691012,16,1,15,1,3.4820101069144e-06,8.08179204154769e-05,1024,0
24,wave,wave,wave,u*dx(w),0.00123252107402424,16,1,16,1,5.82337511545461e-11,3.90589126597618e-08,1024,0
24,wave,wave,wave,v*dy(w),0,1,1,1,1,0,0,0,1024
24,wave,wave,wave,w*dz(w),0.00123252128003714,16,1,16,1,5.82335291099412e-11,3.9062059919992e-08,1024,0
24,wave,wave,wave,u*dx(eta),0.0712951816899623,16,1,16,1,3.82776921270533e-10,2.92992317074692e-08,1024,0
24,wave,wave,wave,v*dy(eta),0,1,1,1,1,0,0,0,1024
24,wave,wave,wave,w*dz(eta),0.0712952200944338,16,1,16,1,3.82777032292836e-10,2.93023723063612e-08,1024,0
24,wave,wave,wave,w*eta*dlogN2,0.060935660627802,16,1,16,1,6.30694385606034e-11,2.92816294544807e-08,1024,0
24,wave,apv,wave,u*dx(u),0,1,1,-1,0,0,0,0,96
24,wave,apv,wave,v*dy(u),0,1,1,-1,0,0,0,0,96
24,wave,apv,wave,w*dz(u),0,1,1,-1,0,0,0,0,96
24,wave,apv,wave,u*dx(v),0.00340674864863189,16,1,2,0,4.44248591454169e-14,3.27206696983672e-07,96,0
24,wave,apv,wave,v*dy(v),0,1,1,-1,0,0,0,0,96
24,wave,apv,wave,w*dz(v),0.00981416392996559,16,1,2,0,7.09876601945325e-13,4.83822918839749e-07,96,0
24,wave,apv,wave,u*dx(w),0,1,1,-1,0,0,0,0,96
24,wave,apv,wave,v*dy(w),0,1,1,-1,0,0,0,0,96
24,wave,apv,wave,w*dz(w),0,1,1,-1,0,0,0,0,96
24,wave,apv,wave,u*dx(eta),0.000887957037753405,16,1,2,0,6.54587495318992e-13,4.97382226294363e-07,96,0
24,wave,apv,wave,v*dy(eta),0,1,1,-1,0,0,0,0,96
24,wave,apv,wave,w*dz(eta),0.000364365779162863,16,1,2,0,7.65073582265074e-09,6.51733799816867e-07,96,0
24,wave,apv,wave,w*eta*dlogN2,0.00989249940774227,16,1,2,0,4.0867309536452e-13,4.88597093228904e-07,96,0
24,apv,wave,wave,u*dx(u),0.00339065311703011,2,0,16,1,4.43467484162912e-14,3.20474270941639e-07,96,0
24,apv,wave,wave,v*dy(u),0,-1,0,1,1,0,0,0,96
24,apv,wave,wave,w*dz(u),0,-1,0,1,1,0,0,0,96
24,apv,wave,wave,u*dx(v),0.00340673332763658,2,0,16,1,4.40732895311876e-14,3.27204812295762e-07,96,0
24,apv,wave,wave,v*dy(v),0,-1,0,1,1,0,0,0,96
24,apv,wave,wave,w*dz(v),0,-1,0,1,1,0,0,0,96
24,apv,wave,wave,u*dx(w),6.11257227786085e-05,2,0,15,1,1.22124532708767e-15,2.22590732956718e-07,96,0
24,apv,wave,wave,v*dy(w),0,-1,0,1,1,0,0,0,96
24,apv,wave,wave,w*dz(w),0,-1,0,1,1,0,0,0,96
24,apv,wave,wave,u*dx(eta),0.000365020847394992,2,0,16,1,1.24344978758018e-14,3.54995848496057e-07,96,0
24,apv,wave,wave,v*dy(eta),0,-1,0,1,1,0,0,0,96
24,apv,wave,wave,w*dz(eta),0,-1,0,1,1,0,0,0,96
24,apv,wave,wave,w*eta*dlogN2,0,-1,0,1,1,0,0,0,96
24,wave,boundary,wave,u*dx(u),0,1,1,1,0,0,0,0,64
24,wave,boundary,wave,v*dy(u),0,1,1,1,0,0,0,0,64
24,wave,boundary,wave,w*dz(u),0,1,1,1,0,0,0,0,64
24,wave,boundary,wave,u*dx(v),0.00205382734229052,16,1,2,0,1.29885343555098e-14,1.12803222988277e-07,64,0
24,wave,boundary,wave,v*dy(v),0,1,1,1,0,0,0,0,64
24,wave,boundary,wave,w*dz(v),0.00405987539677294,16,1,2,0,3.51242172018149e-13,1.80483035179893e-07,64,0
24,wave,boundary,wave,u*dx(w),0,1,1,1,0,0,0,0,64
24,wave,boundary,wave,v*dy(w),0,1,1,1,0,0,0,0,64
24,wave,boundary,wave,w*dz(w),0,1,1,1,0,0,0,0,64
24,wave,boundary,wave,u*dx(eta),0.000375719666272998,16,1,2,0,1.08357767203415e-13,1.22265138569055e-07,64,0
24,wave,boundary,wave,v*dy(eta),0,1,1,1,0,0,0,0,64
24,wave,boundary,wave,w*dz(eta),0.000254837333245273,15,1,2,0,3.33638894289834e-10,8.48120528251783e-08,64,0
24,wave,boundary,wave,w*eta*dlogN2,0.0115214514048704,16,1,2,0,3.0053737276603e-13,1.65758229808688e-07,64,0
24,boundary,wave,wave,u*dx(u),0.00228680979242405,2,0,16,1,1.52336531367468e-14,1.26088382851017e-07,64,0
24,boundary,wave,wave,v*dy(u),0,1,0,1,1,0,0,0,64
24,boundary,wave,wave,w*dz(u),0,1,0,1,1,0,0,0,64
24,boundary,wave,wave,u*dx(v),0.00230624192795489,2,0,16,1,1.50493111136493e-14,1.34462548013485e-07,64,0
24,boundary,wave,wave,v*dy(v),0,1,0,1,1,0,0,0,64
24,boundary,wave,wave,w*dz(v),0,1,0,1,1,0,0,0,64
24,boundary,wave,wave,u*dx(w),3.19856151608278e-05,2,0,15,1,3.33066907387547e-16,1.29519530545075e-07,64,0
24,boundary,wave,wave,v*dy(w),0,1,0,1,1,0,0,0,64
24,boundary,wave,wave,w*dz(w),0,1,0,1,1,0,0,0,64
24,boundary,wave,wave,u*dx(eta),0.000283600828169428,2,0,15,1,3.10862446895044e-15,1.13969312431905e-07,64,0
24,boundary,wave,wave,v*dy(eta),0,1,0,1,1,0,0,0,64
24,boundary,wave,wave,w*dz(eta),0,1,0,1,1,0,0,0,64
24,boundary,wave,wave,w*eta*dlogN2,0,1,0,1,1,0,0,0,64
24,apv,boundary,wave,u*dx(u),0,-1,0,1,0,0,0,0,6
24,apv,boundary,wave,v*dy(u),0,-1,0,1,0,0,0,0,6
24,apv,boundary,wave,w*dz(u),0,-1,0,1,0,0,0,0,6
24,apv,boundary,wave,u*dx(v),0.000477275592650881,-1,0,2,0,3.33808696051404e-15,3.06847081077422e-07,6,0
24,apv,boundary,wave,v*dy(v),0,-1,0,1,0,0,0,0,6
24,apv,boundary,wave,w*dz(v),0,-1,0,1,0,0,0,0,6
24,apv,boundary,wave,u*dx(w),0,-1,0,1,0,0,0,0,6
24,apv,boundary,wave,v*dy(w),0,-1,0,1,0,0,0,0,6
24,apv,boundary,wave,w*dz(w),0,-1,0,1,0,0,0,0,6
24,apv,boundary,wave,u*dx(eta),1.70444921387933e-05,-1,0,2,0,2.57571741713036e-14,2.72721889071903e-07,6,0
24,apv,boundary,wave,v*dy(eta),0,-1,0,1,0,0,0,0,6
24,apv,boundary,wave,w*dz(eta),0,-1,0,1,0,0,0,0,6
24,apv,boundary,wave,w*eta*dlogN2,0,-1,0,1,0,0,0,0,6
24,boundary,apv,wave,u*dx(u),0,1,0,-1,0,0,0,0,6
24,boundary,apv,wave,v*dy(u),0,1,0,-1,0,0,0,0,6
24,boundary,apv,wave,w*dz(u),0,1,0,-1,0,0,0,0,6
24,boundary,apv,wave,u*dx(v),0.000524616817353999,2,0,-1,0,3.86651955227807e-15,2.91042544731113e-07,6,0
24,boundary,apv,wave,v*dy(v),0,1,0,-1,0,0,0,0,6
24,boundary,apv,wave,w*dz(v),0,1,0,-1,0,0,0,0,6
24,boundary,apv,wave,u*dx(w),0,1,0,-1,0,0,0,0,6
24,boundary,apv,wave,v*dy(w),0,1,0,-1,0,0,0,0,6
24,boundary,apv,wave,w*dz(w),0,1,0,-1,0,0,0,0,6
24,boundary,apv,wave,u*dx(eta),4.35088920584979e-05,2,0,1,0,4.89608353859694e-14,6.05243798412758e-07,6,0
24,boundary,apv,wave,v*dy(eta),0,1,0,-1,0,0,0,0,6
24,boundary,apv,wave,w*dz(eta),0,1,0,-1,0,0,0,0,6
24,boundary,apv,wave,w*eta*dlogN2,0,1,0,-1,0,0,0,0,6
24,boundary,boundary,wave,u*dx(u),0,1,0,1,0,0,0,0,4
24,boundary,boundary,wave,v*dy(u),0,1,0,1,0,0,0,0,4
24,boundary,boundary,wave,w*dz(u),0,1,0,1,0,0,0,0,4
24,boundary,boundary,wave,u*dx(v),0.00049799282766557,1,0,2,0,2.4817392582506e-15,5.9658740821516e-07,4,0
24,boundary,boundary,wave,v*dy(v),0,1,0,1,0,0,0,0,4
24,boundary,boundary,wave,w*dz(v),0,1,0,1,0,0,0,0,4
24,boundary,boundary,wave,u*dx(w),0,1,0,1,0,0,0,0,4
24,boundary,boundary,wave,v*dy(w),0,1,0,1,0,0,0,0,4
24,boundary,boundary,wave,w*dz(w),0,1,0,1,0,0,0,0,4
24,boundary,boundary,wave,u*dx(eta),2.89447935975762e-05,2,0,1,0,6.38378239159465e-14,2.37518915131454e-07,4,0
24,boundary,boundary,wave,v*dy(eta),0,1,0,1,0,0,0,0,4
24,boundary,boundary,wave,w*dz(eta),0,1,0,1,0,0,0,0,4
24,boundary,boundary,wave,w*eta*dlogN2,0,1,0,1,0,0,0,0,4
25,wave,wave,wave,u*dx(u),0.592907775432422,16,1,15,1,1.6290213622483e-10,3.90368052327617e-08,1024,0
25,wave,wave,wave,v*dy(u),0.592907775432422,16,1,15,1,1.62902358269434e-10,3.90392281834906e-08,1024,0
25,wave,wave,wave,w*dz(u),0.593369553098212,16,1,15,1,1.24233726528367e-06,2.8811784154481e-05,1024,0
25,wave,wave,wave,u*dx(v),0.592239138109327,16,1,15,1,1.62902358269434e-10,3.90355179291646e-08,1024,0
25,wave,wave,wave,v*dy(v),0.592239138109327,16,-1,15,1,1.6290213622483e-10,3.90379412129604e-08,1024,0
25,wave,wave,wave,w*dz(v),0.592681856194197,16,1,15,1,1.24233726528367e-06,2.88117854414516e-05,1024,0
25,wave,wave,wave,u*dx(w),0.000716488678917944,16,1,16,1,5.8235416489083e-11,3.90444550024682e-08,1024,0
25,wave,wave,wave,v*dy(w),0.000716488678917945,16,1,16,1,5.82353054667806e-11,3.90468780642195e-08,1024,0
25,wave,wave,wave,w*dz(w),0.000716489024158509,16,1,16,1,5.82351944444781e-11,3.90475816125502e-08,1024,0
25,wave,wave,wave,u*dx(eta),0.0416475570244365,16,1,16,1,3.8278713532236e-10,2.92916247923714e-08,1024,0
25,wave,wave,wave,v*dy(eta),0.0416475570244365,16,1,16,1,3.82787024300058e-10,2.92940478541226e-08,1024,0
25,wave,wave,wave,w*dz(eta),0.0416476219871648,16,1,16,1,3.82787468389267e-10,2.92949063895875e-08,1024,0
25,wave,wave,wave,w*eta*dlogN2,0.0389124777595908,16,1,16,1,6.30697716275108e-11,2.92740408580627e-08,1024,0
25,wave,apv,wave,u*dx(u),0.00342349614907202,16,1,2,0,4.50160842077672e-14,3.34087801731409e-07,96,0
25,wave,apv,wave,v*dy(u),0.00342349614907207,16,1,2,0,4.46355826213277e-14,3.34087801531103e-07,96,0
25,wave,apv,wave,w*dz(u),0.00982459740851489,16,1,2,0,7.09876601945325e-13,4.84195122670037e-07,96,0
25,wave,apv,wave,u*dx(v),0.00339128042258431,16,1,2,0,4.41407614553812e-14,3.25439072644921e-07,96,0
25,wave,apv,wave,v*dy(v),0.00339128042258419,16,1,2,0,4.40391890021919e-14,3.25439072181292e-07,96,0
25,wave,apv,wave,w*dz(v),0.00981393640684196,16,1,2,0,7.09876601945325e-13,4.83822918839749e-07,96,0
25,wave,apv,wave,u*dx(w),0,1,1,-1,0,0,0,0,96
25,wave,apv,wave,v*dy(w),0,1,1,-1,0,0,0,0,96
25,wave,apv,wave,w*dz(w),0,1,1,-1,0,0,0,0,96
25,wave,apv,wave,u*dx(eta),0.000536588404075946,16,1,2,0,6.54587495318992e-13,4.97382226294363e-07,96,0
25,wave,apv,wave,v*dy(eta),0.000536588404075932,16,1,2,0,6.54254428411605e-13,4.97381351660664e-07,96,0
25,wave,apv,wave,w*dz(eta),0.000231434318674181,16,1,2,0,7.65073582265074e-09,6.51733799816867e-07,96,0
25,wave,apv,wave,w*eta*dlogN2,0.00613778850604625,16,1,2,0,4.0867309536452e-13,4.88597093228904e-07,96,0
25,apv,wave,wave,u*dx(u),0.00342345175986135,2,0,16,1,4.48590372462166e-14,3.34082240707384e-07,96,0
25,apv,wave,wave,v*dy(u),0.00342345175986145,2,0,16,1,4.48556341667435e-14,3.34082240672645e-07,96,0
25,apv,wave,wave,w*dz(u),0,-1,0,1,1,0,0,0,96
25,apv,wave,wave,u*dx(v),0.00339123638984887,2,0,16,1,4.46571586881411e-14,3.25433657227723e-07,96,0
25,apv,wave,wave,v*dy(v),0.00339123638984886,2,0,16,1,4.46003089674042e-14,3.25433657177436e-07,96,0
25,apv,wave,wave,w*dz(v),0,-1,0,1,1,0,0,0,96
25,apv,wave,wave,u*dx(w),3.55440875007433e-05,2,0,15,1,1.11022302462516e-15,2.22673703476062e-07,96,0
25,apv,wave,wave,v*dy(w),3.55440875007438e-05,2,0,15,1,8.88178419700125e-16,2.22673703698106e-07,96,0
25,apv,wave,wave,w*dz(w),0,-1,0,1,1,0,0,0,96
25,apv,wave,wave,u*dx(eta),0.000231810133078286,2,0,16,1,1.25455201782643e-14,2.75288089605774e-07,96,0
25,apv,wave,wave,v*dy(eta),0.000231810133078281,2,0,16,1,1.25455201782643e-14,2.75288089664601e-07,96,0
25,apv,wave,wave,w*dz(eta),0,-1,0,1,1,0,0,0,96
25,apv,wave,wave,w*eta*dlogN2,0,-1,0,1,1,0,0,0,96
25,wave,boundary,wave,u*dx(u),0.0016735767057306,16,1,2,0,1.11422545572213e-14,9.04031530674865e-08,64,0
25,wave,boundary,wave,v*dy(u),0.00167357670573035,16,1,2,0,1.11347176475616e-14,9.04052373317764e-08,64,0
25,wave,boundary,wave,w*dz(u),0.00334651445592269,16,1,2,0,2.7324041475017e-13,1.56827442944639e-07,64,0
25,wave,boundary,wave,u*dx(v),0.0016426949962438,16,1,2,0,1.09058488987414e-14,8.26793434827167e-08,64,0
25,wave,boundary,wave,v*dy(v),0.0016426949962437,16,1,2,0,1.08936005763973e-14,8.26817665444679e-08,64,0
25,wave,boundary,wave,w*dz(v),0.00334282664344703,16,1,2,0,2.72923219046611e-13,1.08194687431507e-07,64,0
25,wave,boundary,wave,u*dx(w),0,1,1,1,0,0,0,0,64
25,wave,boundary,wave,v*dy(w),0,1,1,1,0,0,0,0,64
25,wave,boundary,wave,w*dz(w),0,1,1,1,0,0,0,0,64
25,wave,boundary,wave,u*dx(eta),0.00018895031396366,16,1,2,0,9.79216707719388e-14,8.86671295274866e-08,64,0
25,wave,boundary,wave,v*dy(eta),0.000188950313963664,16,1,2,0,9.79216707719388e-14,8.86695524782155e-08,64,0
25,wave,boundary,wave,w*dz(eta),0.000136758163193824,15,1,2,0,2.05187644652938e-10,6.27774006112247e-08,64,0
25,wave,boundary,wave,w*eta*dlogN2,0.00791644623800345,16,1,2,0,2.85438339631128e-13,1.123640872569e-07,64,0
25,boundary,wave,wave,u*dx(u),0.00232637441102944,2,0,16,1,1.53879228466069e-14,1.4268045848263e-07,64,0
25,boundary,wave,wave,v*dy(u),0.00232637441102944,2,0,16,1,1.54180469889397e-14,1.42680458506117e-07,64,0
25,boundary,wave,wave,w*dz(u),0,1,0,1,1,0,0,0,64
25,boundary,wave,wave,u*dx(v),0.00228457760018717,2,0,16,1,1.54807012787988e-14,1.28742793936518e-07,64,0
25,boundary,wave,wave,v*dy(v),0.00228457760018713,2,0,16,1,1.53305676432653e-14,1.28742793920024e-07,64,0
25,boundary,wave,wave,w*dz(v),0,1,0,1,1,0,0,0,64
25,boundary,wave,wave,u*dx(w),1.85985731458318e-05,2,0,15,1,4.44089209850063e-16,1.29506811719082e-07,64,0
25,boundary,wave,wave,v*dy(w),1.85985731458312e-05,2,0,15,1,4.44089209850063e-16,1.29506811719082e-07,64,0
25,boundary,wave,wave,w*dz(w),0,1,0,1,1,0,0,0,64
25,boundary,wave,wave,u*dx(eta),0.000185250616456421,2,0,15,1,3.21964677141295e-15,1.13964775616537e-07,64,0
25,boundary,wave,wave,v*dy(eta),0.000185250616456431,2,0,15,1,3.33066907387547e-15,1.13964775616537e-07,64,0
25,boundary,wave,wave,w*dz(eta),0,1,0,1,1,0,0,0,64
25,boundary,wave,wave,w*eta*dlogN2,0,1,0,1,1,0,0,0,64
25,apv,boundary,wave,u*dx(u),0.000396506674744914,-1,0,2,0,2.66983207216757e-15,3.41594635305456e-07,6,0
25,apv,boundary,wave,v*dy(u),0.000396506674744898,-1,0,2,0,2.67382591570781e-15,3.41594635439981e-07,6,0
25,apv,boundary,wave,w*dz(u),0,-1,0,1,0,0,0,0,6
25,apv,boundary,wave,u*dx(v),0.000395977281960291,-1,0,2,0,2.57810537237163e-15,3.30513364232843e-07,6,0
25,apv,boundary,wave,v*dy(v),0.000395977281960273,-1,0,2,0,2.58245866349681e-15,3.30513364232843e-07,6,0
25,apv,boundary,wave,w*dz(v),0,-1,0,1,0,0,0,0,6
25,apv,boundary,wave,u*dx(w),0,-1,0,1,0,0,0,0,6
25,apv,boundary,wave,v*dy(w),0,-1,0,1,0,0,0,0,6
25,apv,boundary,wave,w*dz(w),0,-1,0,1,0,0,0,0,6
25,apv,boundary,wave,u*dx(eta),8.37263213995138e-06,-1,0,2,0,1.36557432028894e-14,3.23847391792143e-07,6,0
25,apv,boundary,wave,v*dy(eta),8.37263213995042e-06,-1,0,2,0,1.36557432028894e-14,3.23847392014187e-07,6,0
25,apv,boundary,wave,w*dz(eta),0,-1,0,1,0,0,0,0,6
25,apv,boundary,wave,w*eta*dlogN2,0,-1,0,1,0,0,0,0,6
25,boundary,apv,wave,u*dx(u),0.000525310166659064,2,0,-1,0,4.09132772068356e-15,3.09074029762215e-07,6,0
25,boundary,apv,wave,v*dy(u),0.000525310166659013,2,0,-1,0,4.09566552628206e-15,3.09074029757678e-07,6,0
25,boundary,apv,wave,w*dz(u),0,1,0,-1,0,0,0,0,6
25,boundary,apv,wave,u*dx(v),0.000524611882690359,2,0,-1,0,4.15394118953239e-15,2.91042544731113e-07,6,0
25,boundary,apv,wave,v*dy(v),0.000524611882690343,2,0,-1,0,4.15796491632878e-15,2.91042544509068e-07,6,0
25,boundary,apv,wave,w*dz(v),0,1,0,-1,0,0,0,0,6
25,boundary,apv,wave,u*dx(w),0,1,0,-1,0,0,0,0,6
25,boundary,apv,wave,v*dy(w),0,1,0,-1,0,0,0,0,6
25,boundary,apv,wave,w*dz(w),0,1,0,-1,0,0,0,0,6
25,boundary,apv,wave,u*dx(eta),2.63717158334066e-05,2,0,1,0,4.89608353859694e-14,6.05243798412758e-07,6,0
25,boundary,apv,wave,v*dy(eta),2.63717158334108e-05,2,0,1,0,4.89608353859694e-14,6.05243798301736e-07,6,0
25,boundary,apv,wave,w*dz(eta),0,1,0,-1,0,0,0,0,6
25,boundary,apv,wave,w*eta*dlogN2,0,1,0,-1,0,0,0,0,6
25,boundary,boundary,wave,u*dx(u),0.000483436581946388,1,0,2,0,2.76813707732244e-15,7.60464614871672e-07,4,0
25,boundary,boundary,wave,v*dy(u),0.000483436581946382,1,0,2,0,2.76587545569603e-15,7.60464614776083e-07,4,0
25,boundary,boundary,wave,w*dz(u),0,1,0,1,0,0,0,0,4
25,boundary,boundary,wave,u*dx(v),0.000482780789345271,1,0,2,0,2.44692125970946e-15,6.31223163516381e-07,4,0
25,boundary,boundary,wave,v*dy(v),0.000482780789345215,1,0,2,0,2.41076287197409e-15,6.31223163738426e-07,4,0
25,boundary,boundary,wave,w*dz(v),0,1,0,1,0,0,0,0,4
25,boundary,boundary,wave,u*dx(w),0,1,0,1,0,0,0,0,4
25,boundary,boundary,wave,v*dy(w),0,1,0,1,0,0,0,0,4
25,boundary,boundary,wave,w*dz(w),0,1,0,1,0,0,0,0,4
25,boundary,boundary,wave,u*dx(eta),1.35191058198871e-05,2,0,1,0,4.2632564145606e-14,4.55951510547337e-07,4,0
25,boundary,boundary,wave,v*dy(eta),1.35191058198863e-05,2,0,1,0,4.27435864480685e-14,4.55951510547337e-07,4,0
25,boundary,boundary,wave,w*dz(eta),0,1,0,1,0,0,0,0,4
25,boundary,boundary,wave,w*eta*dlogN2,0,1,0,1,0,0,0,0,4
26,wave,wave,wave,u*dx(u),0.591612762268819,16,1,15,1,1.62909907786002e-10,3.91024537194085e-08,1024,0
26,wave,wave,wave,v*dy(u),0.591612762268818,16,1,15,1,1.62909907786002e-10,2.93266286810479e-08,1024,0
26,wave,wave,wave,w*dz(u),0.592039312899534,16,1,15,-1,6.20142377372179e-06,0.00014395914952825,1024,0
26,wave,wave,wave,u*dx(v),0.590263484258241,16,1,15,1,1.62909685741397e-10,3.91048767811597e-08,1024,0
26,wave,wave,wave,v*dy(v),0.590263484258241,16,1,15,1,1.62909907786002e-10,2.93290518538214e-08,1024,0
26,wave,wave,wave,w*dz(v),0.590653423395497,16,1,15,1,6.20142377372179e-06,0.000143959147104633,1024,0
26,wave,wave,wave,u*dx(w),0.00174855263831916,16,1,16,1,5.82309755969845e-11,3.91125557497318e-08,1024,0
26,wave,wave,wave,v*dy(w),0.00174855263831917,16,1,16,1,5.8231086619287e-11,2.93367307113712e-08,1024,0
26,wave,wave,wave,w*dz(w),0.00174855318966164,16,1,16,1,5.82308645746821e-11,3.91131990129523e-08,1024,0
26,wave,wave,wave,u*dx(eta),0.100575001706309,16,1,16,1,3.82761267125886e-10,2.93366732018185e-08,1024,0
26,wave,wave,wave,v*dy(eta),0.100575001706309,16,1,16,1,3.82761267125886e-10,1.95608480524356e-08,1024,0
26,wave,wave,wave,w*dz(eta),0.100575103521629,16,1,16,1,3.82761489170491e-10,2.93372711679396e-08,1024,0
26,wave,wave,wave,w*eta*dlogN2,0.0807485090441823,16,1,16,1,6.30684393598813e-11,2.93164075237939e-08,1024,0
26,wave,apv,wave,u*dx(u),0.00340001525631491,16,1,2,0,4.43350813768161e-14,3.22452645945818e-07,96,0
26,wave,apv,wave,v*dy(u),0.00340001525631512,16,1,2,0,4.44328306064793e-14,3.22452646415554e-07,96,0
26,wave,apv,wave,w*dz(u),0.00980442551944585,16,1,2,0,7.09876601945325e-13,4.83837541587206e-07,96,0
26,wave,apv,wave,u*dx(v),0.0033755787560129,16,1,2,0,4.37824481253648e-14,3.12733021313953e-07,96,0
26,wave,apv,wave,v*dy(v),0.00337557875601307,16,1,2,0,4.38006766089877e-14,3.12733023939242e-07,96,0
26,wave,apv,wave,w*dz(v),0.00978336964466411,16,1,2,0,7.09876601945325e-13,4.83837541143117e-07,96,0
26,wave,apv,wave,u*dx(w),0,1,1,-1,0,0,0,0,96
26,wave,apv,wave,v*dy(w),0,1,1,-1,0,0,0,0,96
26,wave,apv,wave,w*dz(w),0,1,1,-1,0,0,0,0,96
26,wave,apv,wave,u*dx(eta),0.00122605092983572,16,1,2,0,6.54143406109142e-13,4.97383013331465e-07,96,0
26,wave,apv,wave,v*dy(eta),0.00122605092983573,16,1,2,0,6.54254428411605e-13,4.97385170161735e-07,96,0
26,wave,apv,wave,w*dz(eta),0.000487355470639685,16,1,2,0,7.65064123164905e-09,6.51733401912935e-07,96,0
26,wave,apv,wave,w*eta*dlogN2,0.0133978441100648,16,1,2,0,4.08784117666983e-13,4.88612645233033e-07,96,0
26,apv,wave,wave,u*dx(u),0,-1,0,1,1,0,0,0,96
26,apv,wave,wave,v*dy(u),0.00339998644043496,2,0,16,1,4.4226335026701e-14,3.22449157593768e-07,96,0
26,apv,wave,wave,w*dz(u),0,-1,0,1,1,0,0,0,96
26,apv,wave,wave,u*dx(v),0,-1,0,1,1,0,0,0,96
26,apv,wave,wave,v*dy(v),0.00337555013298027,2,0,16,-1,4.38144711440463e-14,3.1273343122005e-07,96,0
26,apv,wave,wave,w*dz(v),0,-1,0,1,1,0,0,0,96
26,apv,wave,wave,u*dx(w),0,-1,0,1,1,0,0,0,96
26,apv,wave,wave,v*dy(w),8.66788437017484e-05,2,0,15,1,6.66133814775094e-16,2.22520933457204e-07,96,0
26,apv,wave,wave,w*dz(w),0,-1,0,1,1,0,0,0,96
26,apv,wave,wave,u*dx(eta),0,-1,0,1,1,0,0,0,96
26,apv,wave,wave,v*dy(eta),0.000488292974713489,2,0,16,1,1.24344978758018e-14,3.90907223720182e-07,96,0
26,apv,wave,wave,w*dz(eta),0,-1,0,1,1,0,0,0,96
26,apv,wave,wave,w*eta*dlogN2,0,-1,0,1,1,0,0,0,96
26,wave,boundary,wave,u*dx(u),0.00229955629234691,16,1,2,0,1.51321508108736e-14,1.32015989051886e-07,64,0
26,wave,boundary,wave,v*dy(u),0.00229955629234673,16,1,2,0,1.46484662930084e-14,1.32015986060933e-07,64,0
26,wave,boundary,wave,w*dz(u),0.00451606655912719,16,1,2,0,4.02596357730324e-13,2.18601602676067e-07,64,0
26,wave,boundary,wave,u*dx(v),0.00227147769067206,16,1,2,0,1.49832355620064e-14,1.21294071564471e-07,64,0
26,wave,boundary,wave,v*dy(v),0.00227147769067188,16,1,2,0,1.53327925324705e-14,1.19964714352494e-07,64,0
26,wave,boundary,wave,w*dz(v),0.00450600880246406,16,1,2,0,4.01916437184909e-13,2.13201107879257e-07,64,0
26,wave,boundary,wave,u*dx(w),0,1,1,1,0,0,0,0,64
26,wave,boundary,wave,v*dy(w),0,1,1,1,0,0,0,0,64
26,wave,boundary,wave,w*dz(w),0,1,1,1,0,0,0,0,64
26,wave,boundary,wave,u*dx(eta),0.000575426254546858,16,1,2,0,1.36335387423969e-13,1.55490715858519e-07,64,0
26,wave,boundary,wave,v*dy(eta),0.000575426254546833,16,1,2,0,1.36224365121507e-13,1.53564939320283e-07,64,0
26,wave,boundary,wave,w*dz(eta),0.00036922445589672,15,1,2,0,4.53141302259041e-10,1.01666770446762e-07,64,0
26,wave,boundary,wave,w*eta*dlogN2,0.0145855480758696,16,1,2,0,3.05755420981768e-13,2.13385990877057e-07,64,0
26,boundary,wave,wave,u*dx(u),0,1,0,1,1,0,0,0,64
26,boundary,wave,wave,v*dy(u),0.00279076236726114,2,0,16,1,2.06850872454821e-14,1.71934514290433e-07,64,0
26,boundary,wave,wave,w*dz(u),0,1,0,1,1,0,0,0,64
26,boundary,wave,wave,u*dx(v),0,1,0,1,1,0,0,0,64
26,boundary,wave,wave,v*dy(v),0.0027577360527921,2,0,16,1,2.05699709148225e-14,1.69581472180297e-07,64,0
26,boundary,wave,wave,w*dz(v),0,1,0,1,1,0,0,0,64
26,boundary,wave,wave,u*dx(w),0,1,0,1,1,0,0,0,64
26,boundary,wave,wave,v*dy(w),5.87295072373621e-05,2,0,15,1,4.44089209850063e-16,1.86908836741217e-07,64,0
26,boundary,wave,wave,w*dz(w),0,1,0,1,1,0,0,0,64
26,boundary,wave,wave,u*dx(eta),0,1,0,1,1,0,0,0,64
26,boundary,wave,wave,v*dy(eta),0.000433468734887915,2,0,15,1,3.21964677141295e-15,1.59302004920647e-07,64,0
26,boundary,wave,wave,w*dz(eta),0,1,0,1,1,0,0,0,64
26,boundary,wave,wave,w*eta*dlogN2,0,1,0,1,1,0,0,0,64
26,apv,boundary,wave,u*dx(u),0,-1,0,1,0,0,0,0,6
26,apv,boundary,wave,v*dy(u),0.000523970437410121,-1,0,2,0,4.04969571702655e-15,2.91042544287023e-07,6,0
26,apv,boundary,wave,w*dz(u),0,-1,0,1,0,0,0,0,6
26,apv,boundary,wave,u*dx(v),0,-1,0,1,0,0,0,0,6
26,apv,boundary,wave,v*dy(v),0.000522582802396334,-1,0,2,0,3.91618069450869e-15,2.91042544731113e-07,6,0
26,apv,boundary,wave,w*dz(v),0,-1,0,1,0,0,0,0,6
26,apv,boundary,wave,u*dx(w),0,-1,0,1,0,0,0,0,6
26,apv,boundary,wave,v*dy(w),0,-1,0,1,0,0,0,0,6
26,apv,boundary,wave,w*dz(w),0,-1,0,1,0,0,0,0,6
26,apv,boundary,wave,u*dx(eta),0,-1,0,1,0,0,0,0,6
26,apv,boundary,wave,v*dy(eta),2.64460343804466e-05,-1,0,2,0,3.49720252756924e-14,2.40172792320692e-07,6,0
26,apv,boundary,wave,w*dz(eta),0,-1,0,1,0,0,0,0,6
26,apv,boundary,wave,w*eta*dlogN2,0,-1,0,1,0,0,0,0,6
26,boundary,apv,wave,u*dx(u),0,1,0,-1,0,0,0,0,6
26,boundary,apv,wave,v*dy(u),0.000589349266661592,2,0,2,0,5.74580301686861e-15,2.67775430606854e-07,6,0
26,boundary,apv,wave,w*dz(u),0,1,0,-1,0,0,0,0,6
26,boundary,apv,wave,u*dx(v),0,1,0,-1,0,0,0,0,6
26,boundary,apv,wave,v*dy(v),0.000587534075940702,2,0,2,0,5.63042732254294e-15,2.67775430606854e-07,6,0
26,boundary,apv,wave,w*dz(v),0,1,0,-1,0,0,0,0,6
26,boundary,apv,wave,u*dx(w),0,1,0,-1,0,0,0,0,6
26,boundary,apv,wave,v*dy(w),0,1,0,-1,0,0,0,0,6
26,boundary,apv,wave,w*dz(w),0,1,0,-1,0,0,0,0,6
26,boundary,apv,wave,u*dx(eta),0,1,0,-1,0,0,0,0,6
26,boundary,apv,wave,v*dy(eta),5.19967266819166e-05,2,0,2,0,5.75095526755831e-14,6.35408188731645e-07,6,0
26,boundary,apv,wave,w*dz(eta),0,1,0,-1,0,0,0,0,6
26,boundary,apv,wave,w*eta*dlogN2,0,1,0,-1,0,0,0,0,6
26,boundary,boundary,wave,u*dx(u),0,1,0,1,0,0,0,0,4
26,boundary,boundary,wave,v*dy(u),0.00051282760509046,1,0,2,0,2.85695243732299e-15,2.89220650429023e-07,4,0
26,boundary,boundary,wave,w*dz(u),0,1,0,1,0,0,0,0,4
26,boundary,boundary,wave,u*dx(v),0,1,0,1,0,0,0,0,4
26,boundary,boundary,wave,v*dy(v),0.000511472185219444,1,0,2,0,2.81213164122606e-15,2.89220650429023e-07,4,0
26,boundary,boundary,wave,w*dz(v),0,1,0,1,0,0,0,0,4
26,boundary,boundary,wave,u*dx(w),0,1,0,1,0,0,0,0,4
26,boundary,boundary,wave,v*dy(w),0,1,0,1,0,0,0,0,4
26,boundary,boundary,wave,w*dz(w),0,1,0,1,0,0,0,0,4
26,boundary,boundary,wave,u*dx(eta),0,1,0,1,0,0,0,0,4
26,boundary,boundary,wave,v*dy(eta),2.85847585829112e-05,2,0,1,0,2.76445533131664e-14,2.99451448415589e-07,4,0
26,boundary,boundary,wave,w*dz(eta),0,1,0,1,0,0,0,0,4
26,boundary,boundary,wave,w*eta*dlogN2,0,1,0,1,0,0,0,0,4
27,wave,wave,wave,u*dx(u),0.592905465050058,16,1,15,1,1.62911240053631e-10,3.9123065898039e-08,1024,0
27,wave,wave,wave,v*dy(u),0,1,1,1,1,0,0,0,1024
27,wave,wave,wave,w*dz(u),0.593366852833248,16,1,15,1,2.86747958908595e-05,0.000324304426164268,1024,0
27,wave,wave,wave,u*dx(v),0.590249642695944,16,1,15,1,1.62911684142841e-10,2.93472407486561e-08,1024,0
27,wave,wave,wave,v*dy(v),0,1,1,1,1,0,0,0,1024
27,wave,wave,wave,w*dz(v),0.590638146740529,16,1,15,1,2.86747958910816e-05,0.000324314205159881,1024,0
27,wave,wave,wave,u*dx(w),0.00143267208878893,16,1,16,1,5.82293102624476e-11,3.91301309132785e-08,1024,0
27,wave,wave,wave,v*dy(w),0,1,1,1,1,0,0,0,1024
27,wave,wave,wave,w*dz(w),0.00143267208878893,16,1,16,1,5.82291992401451e-11,3.91301309132785e-08,1024,0
27,wave,wave,wave,u*dx(eta),0.0827003820398189,16,1,16,1,3.82751275118665e-10,2.93488993108326e-08,1024,0
27,wave,wave,wave,v*dy(eta),0,1,1,1,1,0,0,0,1024
27,wave,wave,wave,w*dz(eta),0.0827003820398189,16,1,16,1,3.82751275118665e-10,2.93488993108326e-08,1024,0
27,wave,wave,wave,w*eta*dlogN2,0.0688056501519231,16,1,16,1,6.30674401591591e-11,2.93286426256145e-08,1024,0
27,wave,apv,wave,u*dx(u),0,1,1,-1,0,0,0,0,96
27,wave,apv,wave,v*dy(u),0,1,1,-1,0,0,0,0,96
27,wave,apv,wave,w*dz(u),0,1,1,-1,0,0,0,0,96
27,wave,apv,wave,u*dx(v),0.00336584661276664,16,1,2,0,4.41030626394046e-14,3.12550050094778e-07,96,0
27,wave,apv,wave,v*dy(v),0,1,1,-1,0,0,0,0,96
27,wave,apv,wave,w*dz(v),0.00978300391789361,16,1,2,0,7.09876601945325e-13,4.83837541143117e-07,96,0
27,wave,apv,wave,u*dx(w),0,1,1,-1,0,0,0,0,96
27,wave,apv,wave,v*dy(w),0,1,1,-1,0,0,0,0,96
27,wave,apv,wave,w*dz(w),0,1,1,-1,0,0,0,0,96
27,wave,apv,wave,u*dx(eta),0.00102027191305657,16,1,2,0,6.54143406109142e-13,4.97383013331465e-07,96,0
27,wave,apv,wave,v*dy(eta),0,1,1,-1,0,0,0,0,96
27,wave,apv,wave,w*dz(eta),0.000412762996719963,16,1,2,0,7.65064123164905e-09,6.51733401912935e-07,96,0
27,wave,apv,wave,w*eta*dlogN2,0.0112734798668523,16,1,2,0,4.08784117666983e-13,4.88612645233033e-07,96,0
27,apv,wave,wave,u*dx(u),0,-1,0,1,1,0,0,0,96
27,apv,wave,wave,v*dy(u),0,-1,0,1,1,0,0,0,96
27,apv,wave,wave,w*dz(u),0,-1,0,1,1,0,0,0,96
27,apv,wave,wave,u*dx(v),0,-1,0,1,1,0,0,0,96
27,apv,wave,wave,v*dy(v),0,-1,0,1,1,0,0,0,96
27,apv,wave,wave,w*dz(v),0,-1,0,1,1,0,0,0,96
27,apv,wave,wave,u*dx(w),0,-1,0,1,1,0,0,0,96
27,apv,wave,wave,v*dy(w),0,-1,0,1,1,0,0,0,96
27,apv,wave,wave,w*dz(w),0,-1,0,1,1,0,0,0,96
27,apv,wave,wave,u*dx(eta),0,-1,0,1,1,0,0,0,96
27,apv,wave,wave,v*dy(eta),0,-1,0,1,1,0,0,0,96
27,apv,wave,wave,w*dz(eta),0,-1,0,1,1,0,0,0,96
27,apv,wave,wave,w*eta*dlogN2,0,-1,0,1,1,0,0,0,96
27,wave,boundary,wave,u*dx(u),0,1,1,1,0,0,0,0,64
27,wave,boundary,wave,v*dy(u),0,1,1,1,0,0,0,0,64
27,wave,boundary,wave,w*dz(u),0,1,1,1,0,0,0,0,64
27,wave,boundary,wave,u*dx(v),0.00274208959412411,16,1,2,0,2.07971155425151e-14,1.69577043416237e-07,64,0
27,wave,boundary,wave,v*dy(v),0,1,1,1,0,0,0,0,64
27,wave,boundary,wave,w*dz(v),0.00541966585402395,16,1,2,0,5.17311590892819e-13,4.03028442952369e-07,64,0
27,wave,boundary,wave,u*dx(w),0,1,1,1,0,0,0,0,64
27,wave,boundary,wave,v*dy(w),0,1,1,1,0,0,0,0,64
27,wave,boundary,wave,w*dz(w),0,1,1,1,0,0,0,0,64
27,wave,boundary,wave,u*dx(eta),0.000572703369365733,16,1,2,0,2.13939976845268e-13,3.24313548016875e-07,64,0
27,wave,boundary,wave,v*dy(eta),0,1,1,1,0,0,0,0,64
27,wave,boundary,wave,w*dz(eta),0.000370407512755104,15,1,2,0,9.57715906579892e-10,1.31249053736404e-07,64,0
27,wave,boundary,wave,w*eta*dlogN2,0.0101771699947723,16,1,2,0,3.0409008644483e-13,4.04942695042543e-07,64,0
27,boundary,wave,wave,u*dx(u),0,1,0,1,1,0,0,0,64
27,boundary,wave,wave,v*dy(u),0,1,0,1,1,0,0,0,64
27,boundary,wave,wave,w*dz(u),0,1,0,1,1,0,0,0,64
27,boundary,wave,wave,u*dx(v),0,1,0,1,1,0,0,0,64
27,boundary,wave,wave,v*dy(v),0,1,0,1,1,0,0,0,64
27,boundary,wave,wave,w*dz(v),0,1,0,1,1,0,0,0,64
27,boundary,wave,wave,u*dx(w),0,1,0,1,1,0,0,0,64
27,boundary,wave,wave,v*dy(w),0,1,0,1,1,0,0,0,64
27,boundary,wave,wave,w*dz(w),0,1,0,1,1,0,0,0,64
27,boundary,wave,wave,u*dx(eta),0,1,0,1,1,0,0,0,64
27,boundary,wave,wave,v*dy(eta),0,1,0,1,1,0,0,0,64
27,boundary,wave,wave,w*dz(eta),0,1,0,1,1,0,0,0,64
27,boundary,wave,wave,w*eta*dlogN2,0,1,0,1,1,0,0,0,64
27,apv,boundary,wave,u*dx(u),0,-1,0,1,0,0,0,0,6
27,apv,boundary,wave,v*dy(u),0,-1,0,1,0,0,0,0,6
27,apv,boundary,wave,w*dz(u),0,-1,0,1,0,0,0,0,6
27,apv,boundary,wave,u*dx(v),0,-1,0,1,0,0,0,0,6
27,apv,boundary,wave,v*dy(v),0,-1,0,1,0,0,0,0,6
27,apv,boundary,wave,w*dz(v),0,-1,0,1,0,0,0,0,6
27,apv,boundary,wave,u*dx(w),0,-1,0,1,0,0,0,0,6
27,apv,boundary,wave,v*dy(w),0,-1,0,1,0,0,0,0,6
27,apv,boundary,wave,w*dz(w),0,-1,0,1,0,0,0,0,6
27,apv,boundary,wave,u*dx(eta),0,-1,0,1,0,0,0,0,6
27,apv,boundary,wave,v*dy(eta),0,-1,0,1,0,0,0,0,6
27,apv,boundary,wave,w*dz(eta),0,-1,0,1,0,0,0,0,6
27,apv,boundary,wave,w*eta*dlogN2,0,-1,0,1,0,0,0,0,6
27,boundary,apv,wave,u*dx(u),0,1,0,-1,0,0,0,0,6
27,boundary,apv,wave,v*dy(u),0,1,0,-1,0,0,0,0,6
27,boundary,apv,wave,w*dz(u),0,1,0,-1,0,0,0,0,6
27,boundary,apv,wave,u*dx(v),0,1,0,-1,0,0,0,0,6
27,boundary,apv,wave,v*dy(v),0,1,0,-1,0,0,0,0,6
27,boundary,apv,wave,w*dz(v),0,1,0,-1,0,0,0,0,6
27,boundary,apv,wave,u*dx(w),0,1,0,-1,0,0,0,0,6
27,boundary,apv,wave,v*dy(w),0,1,0,-1,0,0,0,0,6
27,boundary,apv,wave,w*dz(w),0,1,0,-1,0,0,0,0,6
27,boundary,apv,wave,u*dx(eta),0,1,0,-1,0,0,0,0,6
27,boundary,apv,wave,v*dy(eta),0,1,0,-1,0,0,0,0,6
27,boundary,apv,wave,w*dz(eta),0,1,0,-1,0,0,0,0,6
27,boundary,apv,wave,w*eta*dlogN2,0,1,0,-1,0,0,0,0,6
27,boundary,boundary,wave,u*dx(u),0,1,0,1,0,0,0,0,4
27,boundary,boundary,wave,v*dy(u),0,1,0,1,0,0,0,0,4
27,boundary,boundary,wave,w*dz(u),0,1,0,1,0,0,0,0,4
27,boundary,boundary,wave,u*dx(v),0,1,0,1,0,0,0,0,4
27,boundary,boundary,wave,v*dy(v),0,1,0,1,0,0,0,0,4
27,boundary,boundary,wave,w*dz(v),0,1,0,1,0,0,0,0,4
27,boundary,boundary,wave,u*dx(w),0,1,0,1,0,0,0,0,4
27,boundary,boundary,wave,v*dy(w),0,1,0,1,0,0,0,0,4
27,boundary,boundary,wave,w*dz(w),0,1,0,1,0,0,0,0,4
27,boundary,boundary,wave,u*dx(eta),0,1,0,1,0,0,0,0,4
27,boundary,boundary,wave,v*dy(eta),0,1,0,1,0,0,0,0,4
27,boundary,boundary,wave,w*dz(eta),0,1,0,1,0,0,0,0,4
27,boundary,boundary,wave,w*eta*dlogN2,0,1,0,1,0,0,0,0,4
28,wave,wave,wave,u*dx(u),0.591612762268819,16,1,15,1,1.62909907786002e-10,3.91024537194085e-08,1024,0
28,wave,wave,wave,v*dy(u),0.591612762268818,16,1,15,1,1.62909907786002e-10,2.93266286810479e-08,1024,0
28,wave,wave,wave,w*dz(u),0.592039312899534,16,1,15,-1,6.20142377372179e-06,0.00014395914952825,1024,0
28,wave,wave,wave,u*dx(v),0.590263484258241,16,1,15,1,1.62909685741397e-10,3.91048767811597e-08,1024,0
28,wave,wave,wave,v*dy(v),0.590263484258241,16,1,15,1,1.62909907786002e-10,2.93290518538214e-08,1024,0
28,wave,wave,wave,w*dz(v),0.590653423395497,16,1,15,1,6.20142377372179e-06,0.000143959147104633,1024,0
28,wave,wave,wave,u*dx(w),0.00174855263831916,16,1,16,1,5.82309755969845e-11,3.91125557497318e-08,1024,0
28,wave,wave,wave,v*dy(w),0.00174855263831917,16,1,16,1,5.8231086619287e-11,2.93367307113712e-08,1024,0
28,wave,wave,wave,w*dz(w),0.00174855318966164,16,1,16,1,5.82308645746821e-11,3.91131990129523e-08,1024,0
28,wave,wave,wave,u*dx(eta),0.100575001706309,16,1,16,1,3.82761267125886e-10,2.93366732018185e-08,1024,0
28,wave,wave,wave,v*dy(eta),0.100575001706309,16,1,16,1,3.82761267125886e-10,1.95608480524356e-08,1024,0
28,wave,wave,wave,w*dz(eta),0.100575103521629,16,1,16,1,3.82761489170491e-10,2.93372711679396e-08,1024,0
28,wave,wave,wave,w*eta*dlogN2,0.0807485090441823,16,1,16,1,6.30684393598813e-11,2.93164075237939e-08,1024,0
28,wave,apv,wave,u*dx(u),0.00340001525631491,16,1,2,0,4.43350813768161e-14,3.22452645945818e-07,96,0
28,wave,apv,wave,v*dy(u),0.00340001525631512,16,1,2,0,4.44328306064793e-14,3.22452646415554e-07,96,0
28,wave,apv,wave,w*dz(u),0.00980442551944585,16,1,2,0,7.09876601945325e-13,4.83837541587206e-07,96,0
28,wave,apv,wave,u*dx(v),0.0033755787560129,16,1,2,0,4.37824481253648e-14,3.12733021313953e-07,96,0
28,wave,apv,wave,v*dy(v),0.00337557875601307,16,1,2,0,4.38006766089877e-14,3.12733023939242e-07,96,0
28,wave,apv,wave,w*dz(v),0.00978336964466411,16,1,2,0,7.09876601945325e-13,4.83837541143117e-07,96,0
28,wave,apv,wave,u*dx(w),0,1,1,-1,0,0,0,0,96
28,wave,apv,wave,v*dy(w),0,1,1,-1,0,0,0,0,96
28,wave,apv,wave,w*dz(w),0,1,1,-1,0,0,0,0,96
28,wave,apv,wave,u*dx(eta),0.00122605092983572,16,1,2,0,6.54143406109142e-13,4.97383013331465e-07,96,0
28,wave,apv,wave,v*dy(eta),0.00122605092983573,16,1,2,0,6.54254428411605e-13,4.97385170161735e-07,96,0
28,wave,apv,wave,w*dz(eta),0.000487355470639685,16,1,2,0,7.65064123164905e-09,6.51733401912935e-07,96,0
28,wave,apv,wave,w*eta*dlogN2,0.0133978441100648,16,1,2,0,4.08784117666983e-13,4.88612645233033e-07,96,0
28,apv,wave,wave,u*dx(u),0,-1,0,1,1,0,0,0,96
28,apv,wave,wave,v*dy(u),0.00339998644043496,2,0,16,1,4.4226335026701e-14,3.22449157593768e-07,96,0
28,apv,wave,wave,w*dz(u),0,-1,0,1,1,0,0,0,96
28,apv,wave,wave,u*dx(v),0,-1,0,1,1,0,0,0,96
28,apv,wave,wave,v*dy(v),0.00337555013298027,2,0,16,-1,4.38144711440463e-14,3.1273343122005e-07,96,0
28,apv,wave,wave,w*dz(v),0,-1,0,1,1,0,0,0,96
28,apv,wave,wave,u*dx(w),0,-1,0,1,1,0,0,0,96
28,apv,wave,wave,v*dy(w),8.66788437017484e-05,2,0,15,1,6.66133814775094e-16,2.22520933457204e-07,96,0
28,apv,wave,wave,w*dz(w),0,-1,0,1,1,0,0,0,96
28,apv,wave,wave,u*dx(eta),0,-1,0,1,1,0,0,0,96
28,apv,wave,wave,v*dy(eta),0.000488292974713489,2,0,16,1,1.24344978758018e-14,3.90907223720182e-07,96,0
28,apv,wave,wave,w*dz(eta),0,-1,0,1,1,0,0,0,96
28,apv,wave,wave,w*eta*dlogN2,0,-1,0,1,1,0,0,0,96
28,wave,boundary,wave,u*dx(u),0.00229955629234691,16,1,2,0,1.51321508108736e-14,1.32015989051886e-07,64,0
28,wave,boundary,wave,v*dy(u),0.00229955629234673,16,1,2,0,1.46484662930084e-14,1.32015986060933e-07,64,0
28,wave,boundary,wave,w*dz(u),0.00451606655912719,16,1,2,0,4.02596357730324e-13,2.18601602676067e-07,64,0
28,wave,boundary,wave,u*dx(v),0.00227147769067206,16,1,2,0,1.49832355620064e-14,1.21294071564471e-07,64,0
28,wave,boundary,wave,v*dy(v),0.00227147769067188,16,1,2,0,1.53327925324705e-14,1.19964714352494e-07,64,0
28,wave,boundary,wave,w*dz(v),0.00450600880246406,16,1,2,0,4.01916437184909e-13,2.13201107879257e-07,64,0
28,wave,boundary,wave,u*dx(w),0,1,1,1,0,0,0,0,64
28,wave,boundary,wave,v*dy(w),0,1,1,1,0,0,0,0,64
28,wave,boundary,wave,w*dz(w),0,1,1,1,0,0,0,0,64
28,wave,boundary,wave,u*dx(eta),0.000575426254546858,16,1,2,0,1.36335387423969e-13,1.55490715858519e-07,64,0
28,wave,boundary,wave,v*dy(eta),0.000575426254546833,16,1,2,0,1.36224365121507e-13,1.53564939320283e-07,64,0
28,wave,boundary,wave,w*dz(eta),0.00036922445589672,15,1,2,0,4.53141302259041e-10,1.01666770446762e-07,64,0
28,wave,boundary,wave,w*eta*dlogN2,0.0145855480758696,16,1,2,0,3.05755420981768e-13,2.13385990877057e-07,64,0
28,boundary,wave,wave,u*dx(u),0,1,0,1,1,0,0,0,64
28,boundary,wave,wave,v*dy(u),0.00279076236726114,2,0,16,1,2.06850872454821e-14,1.71934514290433e-07,64,0
28,boundary,wave,wave,w*dz(u),0,1,0,1,1,0,0,0,64
28,boundary,wave,wave,u*dx(v),0,1,0,1,1,0,0,0,64
28,boundary,wave,wave,v*dy(v),0.0027577360527921,2,0,16,1,2.05699709148225e-14,1.69581472180297e-07,64,0
28,boundary,wave,wave,w*dz(v),0,1,0,1,1,0,0,0,64
28,boundary,wave,wave,u*dx(w),0,1,0,1,1,0,0,0,64
28,boundary,wave,wave,v*dy(w),5.87295072373621e-05,2,0,15,1,4.44089209850063e-16,1.86908836741217e-07,64,0
28,boundary,wave,wave,w*dz(w),0,1,0,1,1,0,0,0,64
28,boundary,wave,wave,u*dx(eta),0,1,0,1,1,0,0,0,64
28,boundary,wave,wave,v*dy(eta),0.000433468734887915,2,0,15,1,3.21964677141295e-15,1.59302004920647e-07,64,0
28,boundary,wave,wave,w*dz(eta),0,1,0,1,1,0,0,0,64
28,boundary,wave,wave,w*eta*dlogN2,0,1,0,1,1,0,0,0,64
28,apv,boundary,wave,u*dx(u),0,-1,0,1,0,0,0,0,6
28,apv,boundary,wave,v*dy(u),0.000523970437410121,-1,0,2,0,4.04969571702655e-15,2.91042544287023e-07,6,0
28,apv,boundary,wave,w*dz(u),0,-1,0,1,0,0,0,0,6
28,apv,boundary,wave,u*dx(v),0,-1,0,1,0,0,0,0,6
28,apv,boundary,wave,v*dy(v),0.000522582802396334,-1,0,2,0,3.91618069450869e-15,2.91042544731113e-07,6,0
28,apv,boundary,wave,w*dz(v),0,-1,0,1,0,0,0,0,6
28,apv,boundary,wave,u*dx(w),0,-1,0,1,0,0,0,0,6
28,apv,boundary,wave,v*dy(w),0,-1,0,1,0,0,0,0,6
28,apv,boundary,wave,w*dz(w),0,-1,0,1,0,0,0,0,6
28,apv,boundary,wave,u*dx(eta),0,-1,0,1,0,0,0,0,6
28,apv,boundary,wave,v*dy(eta),2.64460343804466e-05,-1,0,2,0,3.49720252756924e-14,2.40172792320692e-07,6,0
28,apv,boundary,wave,w*dz(eta),0,-1,0,1,0,0,0,0,6
28,apv,boundary,wave,w*eta*dlogN2,0,-1,0,1,0,0,0,0,6
28,boundary,apv,wave,u*dx(u),0,1,0,-1,0,0,0,0,6
28,boundary,apv,wave,v*dy(u),0.000589349266661592,2,0,2,0,5.74580301686861e-15,2.67775430606854e-07,6,0
28,boundary,apv,wave,w*dz(u),0,1,0,-1,0,0,0,0,6
28,boundary,apv,wave,u*dx(v),0,1,0,-1,0,0,0,0,6
28,boundary,apv,wave,v*dy(v),0.000587534075940702,2,0,2,0,5.63042732254294e-15,2.67775430606854e-07,6,0
28,boundary,apv,wave,w*dz(v),0,1,0,-1,0,0,0,0,6
28,boundary,apv,wave,u*dx(w),0,1,0,-1,0,0,0,0,6
28,boundary,apv,wave,v*dy(w),0,1,0,-1,0,0,0,0,6
28,boundary,apv,wave,w*dz(w),0,1,0,-1,0,0,0,0,6
28,boundary,apv,wave,u*dx(eta),0,1,0,-1,0,0,0,0,6
28,boundary,apv,wave,v*dy(eta),5.19967266819166e-05,2,0,2,0,5.75095526755831e-14,6.35408188731645e-07,6,0
28,boundary,apv,wave,w*dz(eta),0,1,0,-1,0,0,0,0,6
28,boundary,apv,wave,w*eta*dlogN2,0,1,0,-1,0,0,0,0,6
28,boundary,boundary,wave,u*dx(u),0,1,0,1,0,0,0,0,4
28,boundary,boundary,wave,v*dy(u),0.00051282760509046,1,0,2,0,2.85695243732299e-15,2.89220650429023e-07,4,0
28,boundary,boundary,wave,w*dz(u),0,1,0,1,0,0,0,0,4
28,boundary,boundary,wave,u*dx(v),0,1,0,1,0,0,0,0,4
28,boundary,boundary,wave,v*dy(v),0.000511472185219444,1,0,2,0,2.81213164122606e-15,2.89220650429023e-07,4,0
28,boundary,boundary,wave,w*dz(v),0,1,0,1,0,0,0,0,4
28,boundary,boundary,wave,u*dx(w),0,1,0,1,0,0,0,0,4
28,boundary,boundary,wave,v*dy(w),0,1,0,1,0,0,0,0,4
28,boundary,boundary,wave,w*dz(w),0,1,0,1,0,0,0,0,4
28,boundary,boundary,wave,u*dx(eta),0,1,0,1,0,0,0,0,4
28,boundary,boundary,wave,v*dy(eta),2.85847585829112e-05,2,0,1,0,2.76445533131664e-14,2.99451448415589e-07,4,0
28,boundary,boundary,wave,w*dz(eta),0,1,0,1,0,0,0,0,4
28,boundary,boundary,wave,w*eta*dlogN2,0,1,0,1,0,0,0,0,4
29,wave,wave,wave,u*dx(u),0,1,1,1,1,0,0,0,1024
29,wave,wave,wave,v*dy(u),0.591602577266163,16,1,15,1,1.62910573919817e-10,1.95574459960213e-08,1024,0
29,wave,wave,wave,w*dz(u),0.592028099721396,16,1,15,1,1.37416482539621e-05,0.000168936104662176,1024,0
29,wave,wave,wave,u*dx(v),0,1,1,1,1,0,0,0,1024
29,wave,wave,wave,v*dy(v),0.592241334013893,16,1,15,1,1.62910573919817e-10,2.93241341209338e-08,1024,0
29,wave,wave,wave,w*dz(v),0.592684523912694,16,1,15,1,1.3741648253851e-05,0.000168926336324038,1024,0
29,wave,wave,wave,u*dx(w),0,1,1,1,1,0,0,0,1024
29,wave,wave,wave,v*dy(w),0.00123252257484151,16,1,16,1,5.82300874185648e-11,2.93309827537058e-08,1024,0
29,wave,wave,wave,w*dz(w),0.00123252276501076,16,1,16,1,5.82297543516574e-11,3.91074179706408e-08,1024,0
29,wave,wave,wave,u*dx(eta),0,1,1,1,1,0,0,0,1024
29,wave,wave,wave,v*dy(eta),0.0712950492127371,16,1,16,1,3.82756271122275e-10,1.95588307771999e-08,1024,0
29,wave,wave,wave,w*dz(eta),0.0712950846629078,16,1,16,1,3.82756160099973e-10,2.93353513702854e-08,1024,0
29,wave,wave,wave,w*eta*dlogN2,0.0609358710042252,16,1,16,1,6.30679952706714e-11,2.93144001295431e-08,1024,0
29,wave,apv,wave,u*dx(u),0,1,1,-1,0,0,0,0,96
29,wave,apv,wave,v*dy(u),0.00339069712583548,16,1,2,0,4.41059176041451e-14,3.20479575696247e-07,96,0
29,wave,apv,wave,w*dz(u),0.0098041222741829,16,1,2,0,7.09876601945325e-13,4.83837541587206e-07,96,0
29,wave,apv,wave,u*dx(v),0,1,1,-1,0,0,0,0,96
29,wave,apv,wave,v*dy(v),0,1,1,-1,0,0,0,0,96
29,wave,apv,wave,w*dz(v),0,1,1,-1,0,0,0,0,96
29,wave,apv,wave,u*dx(w),0,1,1,-1,0,0,0,0,96
29,wave,apv,wave,v*dy(w),0,1,1,-1,0,0,0,0,96
29,wave,apv,wave,w*dz(w),0,1,1,-1,0,0,0,0,96
29,wave,apv,wave,u*dx(eta),0,1,1,-1,0,0,0,0,96
29,wave,apv,wave,v*dy(eta),0.000887956525903446,16,1,2,0,6.54254428411605e-13,4.97385170161735e-07,96,0
29,wave,apv,wave,w*dz(eta),0.000364363630402438,16,1,2,0,7.65064123164905e-09,6.51733401912935e-07,96,0
29,wave,apv,wave,w*eta*dlogN2,0.00989252661432275,16,1,2,0,4.08784117666983e-13,4.88612645233033e-07,96,0
29,apv,wave,wave,u*dx(u),0,-1,0,1,1,0,0,0,96
29,apv,wave,wave,v*dy(u),0.00339068304297265,2,0,16,1,4.43170607653199e-14,3.20477838266725e-07,96,0
29,apv,wave,wave,w*dz(u),0,-1,0,1,1,0,0,0,96
29,apv,wave,wave,u*dx(v),0,-1,0,1,1,0,0,0,96
29,apv,wave,wave,v*dy(v),0.00340676338039382,2,0,16,1,4.43605886551834e-14,3.27208471713211e-07,96,0
29,apv,wave,wave,w*dz(v),0,-1,0,1,1,0,0,0,96
29,apv,wave,wave,u*dx(w),0,-1,0,1,1,0,0,0,96
29,apv,wave,wave,v*dy(w),6.11256333107134e-05,2,0,15,1,9.99200722162641e-16,2.2249170483768e-07,96,0
29,apv,wave,wave,w*dz(w),0,-1,0,1,1,0,0,0,96
29,apv,wave,wave,u*dx(eta),0,-1,0,1,1,0,0,0,96
29,apv,wave,wave,v*dy(eta),0.000365018608805875,2,0,16,1,1.24344978758018e-14,3.54980808856483e-07,96,0
29,apv,wave,wave,w*dz(eta),0,-1,0,1,1,0,0,0,96
29,apv,wave,wave,w*eta*dlogN2,0,-1,0,1,1,0,0,0,96
29,wave,boundary,wave,u*dx(u),0,1,1,1,0,0,0,0,64
29,wave,boundary,wave,v*dy(u),0.00254878303471393,16,1,2,0,1.76588644842724e-14,1.47943201658072e-07,64,0
29,wave,boundary,wave,w*dz(u),0.00499791098867173,16,1,2,0,4.5921444724173e-13,2.8497944493111e-07,64,0
29,wave,boundary,wave,u*dx(v),0,1,1,1,0,0,0,0,64
29,wave,boundary,wave,v*dy(v),0,1,1,1,0,0,0,0,64
29,wave,boundary,wave,w*dz(v),0,1,1,1,0,0,0,0,64
29,wave,boundary,wave,u*dx(w),0,1,1,1,0,0,0,0,64
29,wave,boundary,wave,v*dy(w),0,1,1,1,0,0,0,0,64
29,wave,boundary,wave,w*dz(w),0,1,1,1,0,0,0,0,64
29,wave,boundary,wave,u*dx(eta),0,1,1,1,0,0,0,0,64
29,wave,boundary,wave,v*dy(eta),0.000460084960148904,16,1,2,0,1.70086167372574e-13,2.1551653328622e-07,64,0
29,wave,boundary,wave,w*dz(eta),0.000310233204590487,15,1,2,0,6.3988747633914e-10,1.21002599828834e-07,64,0
29,wave,boundary,wave,w*eta*dlogN2,0.00989085744040586,16,1,2,0,3.07420755518706e-13,2.85169112546058e-07,64,0
29,boundary,wave,wave,u*dx(u),0,1,0,1,1,0,0,0,64
29,boundary,wave,wave,v*dy(u),0.0027757291087538,2,0,16,1,2.09961316691332e-14,1.71761408274761e-07,64,0
29,boundary,wave,wave,w*dz(u),0,1,0,1,1,0,0,0,64
29,boundary,wave,wave,u*dx(v),0,1,0,1,1,0,0,0,64
29,boundary,wave,wave,v*dy(v),0.00279863668592663,2,0,16,1,2.08424897099312e-14,1.73115042393847e-07,64,0
29,boundary,wave,wave,w*dz(v),0,1,0,1,1,0,0,0,64
29,boundary,wave,wave,u*dx(w),0,1,0,1,1,0,0,0,64
29,boundary,wave,wave,v*dy(w),4.14133833986122e-05,2,0,15,1,4.44089209850063e-16,1.86898797438495e-07,64,0
29,boundary,wave,wave,w*dz(w),0,1,0,1,1,0,0,0,64
29,boundary,wave,wave,u*dx(eta),0,1,0,1,1,0,0,0,64
29,boundary,wave,wave,v*dy(eta),0.00033227810974527,2,0,15,1,3.10862446895044e-15,1.59295139190441e-07,64,0
29,boundary,wave,wave,w*dz(eta),0,1,0,1,1,0,0,0,64
29,boundary,wave,wave,w*eta*dlogN2,0,1,0,1,1,0,0,0,64
29,apv,boundary,wave,u*dx(u),0,-1,0,1,0,0,0,0,6
29,apv,boundary,wave,v*dy(u),0.000563864472454048,-1,0,2,0,4.72590101689469e-15,2.71792975237162e-07,6,0
29,apv,boundary,wave,w*dz(u),0,-1,0,1,0,0,0,0,6
29,apv,boundary,wave,u*dx(v),0,-1,0,1,0,0,0,0,6
29,apv,boundary,wave,v*dy(v),0,-1,0,1,0,0,0,0,6
29,apv,boundary,wave,w*dz(v),0,-1,0,1,0,0,0,0,6
29,apv,boundary,wave,u*dx(w),0,-1,0,1,0,0,0,0,6
29,apv,boundary,wave,v*dy(w),0,-1,0,1,0,0,0,0,6
29,apv,boundary,wave,w*dz(w),0,-1,0,1,0,0,0,0,6
29,apv,boundary,wave,u*dx(eta),0,-1,0,1,0,0,0,0,6
29,apv,boundary,wave,v*dy(eta),2.08719443425105e-05,2,0,2,0,4.55191440096314e-14,2.73371327574878e-07,6,0
29,apv,boundary,wave,w*dz(eta),0,-1,0,1,0,0,0,0,6
29,apv,boundary,wave,w*eta*dlogN2,0,-1,0,1,0,0,0,0,6
29,boundary,apv,wave,u*dx(u),0,1,0,-1,0,0,0,0,6
29,boundary,apv,wave,v*dy(u),0.000589256462362806,2,0,2,0,5.6276132451885e-15,2.67775430606854e-07,6,0
29,boundary,apv,wave,w*dz(u),0,1,0,-1,0,0,0,0,6
29,boundary,apv,wave,u*dx(v),0,1,0,-1,0,0,0,0,6
29,boundary,apv,wave,v*dy(v),0,1,0,-1,0,0,0,0,6
29,boundary,apv,wave,w*dz(v),0,1,0,-1,0,0,0,0,6
29,boundary,apv,wave,u*dx(w),0,1,0,-1,0,0,0,0,6
29,boundary,apv,wave,v*dy(w),0,1,0,-1,0,0,0,0,6
29,boundary,apv,wave,w*dz(w),0,1,0,-1,0,0,0,0,6
29,boundary,apv,wave,u*dx(eta),0,1,0,-1,0,0,0,0,6
29,boundary,apv,wave,v*dy(eta),3.73827975019138e-05,2,0,2,0,5.75095526755831e-14,6.35408188731645e-07,6,0
29,boundary,apv,wave,w*dz(eta),0,1,0,-1,0,0,0,0,6
29,boundary,apv,wave,w*eta*dlogN2,0,1,0,-1,0,0,0,0,6
29,boundary,boundary,wave,u*dx(u),0,1,0,1,0,0,0,0,4
29,boundary,boundary,wave,v*dy(u),0.000530611303590991,1,0,2,0,2.86492222650508e-15,3.16259029187194e-07,4,0
29,boundary,boundary,wave,w*dz(u),0,1,0,1,0,0,0,0,4
29,boundary,boundary,wave,u*dx(v),0,1,0,1,0,0,0,0,4
29,boundary,boundary,wave,v*dy(v),0,1,0,1,0,0,0,0,4
29,boundary,boundary,wave,w*dz(v),0,1,0,1,0,0,0,0,4
29,boundary,boundary,wave,u*dx(w),0,1,0,1,0,0,0,0,4
29,boundary,boundary,wave,v*dy(w),0,1,0,1,0,0,0,0,4
29,boundary,boundary,wave,w*dz(w),0,1,0,1,0,0,0,0,4
29,boundary,boundary,wave,u*dx(eta),0,1,0,1,0,0,0,0,4
29,boundary,boundary,wave,v*dy(eta),2.44334141241989e-05,2,0,1,0,3.94129173741931e-14,3.42208397730026e-07,4,0
29,boundary,boundary,wave,w*dz(eta),0,1,0,1,0,0,0,0,4
29,boundary,boundary,wave,w*eta*dlogN2,0,1,0,1,0,0,0,0,4
30,wave,wave,wave,u*dx(u),0,1,1,1,1,0,0,0,1024
30,wave,wave,wave,v*dy(u),0.591602577266163,16,1,15,1,1.62910573919817e-10,1.95574459960213e-08,1024,0
30,wave,wave,wave,w*dz(u),0.592028099721396,16,1,15,1,1.37416482539621e-05,0.000168936104662176,1024,0
30,wave,wave,wave,u*dx(v),0,1,1,1,1,0,0,0,1024
30,wave,wave,wave,v*dy(v),0.592241334013893,16,1,15,1,1.62910573919817e-10,2.93241341209338e-08,1024,0
30,wave,wave,wave,w*dz(v),0.592684523912694,16,1,15,1,1.3741648253851e-05,0.000168926336324038,1024,0
30,wave,wave,wave,u*dx(w),0,1,1,1,1,0,0,0,1024
30,wave,wave,wave,v*dy(w),0.00123252257484151,16,1,16,1,5.82300874185648e-11,2.93309827537058e-08,1024,0
30,wave,wave,wave,w*dz(w),0.00123252276501076,16,1,16,1,5.82297543516574e-11,3.91074179706408e-08,1024,0
30,wave,wave,wave,u*dx(eta),0,1,1,1,1,0,0,0,1024
30,wave,wave,wave,v*dy(eta),0.0712950492127371,16,1,16,1,3.82756271122275e-10,1.95588307771999e-08,1024,0
30,wave,wave,wave,w*dz(eta),0.0712950846629078,16,1,16,1,3.82756160099973e-10,2.93353513702854e-08,1024,0
30,wave,wave,wave,w*eta*dlogN2,0.0609358710042252,16,1,16,1,6.30679952706714e-11,2.93144001295431e-08,1024,0
30,wave,apv,wave,u*dx(u),0,1,1,-1,0,0,0,0,96
30,wave,apv,wave,v*dy(u),0.00339069712583548,16,1,2,0,4.41059176041451e-14,3.20479575696247e-07,96,0
30,wave,apv,wave,w*dz(u),0.0098041222741829,16,1,2,0,7.09876601945325e-13,4.83837541587206e-07,96,0
30,wave,apv,wave,u*dx(v),0,1,1,-1,0,0,0,0,96
30,wave,apv,wave,v*dy(v),0,1,1,-1,0,0,0,0,96
30,wave,apv,wave,w*dz(v),0,1,1,-1,0,0,0,0,96
30,wave,apv,wave,u*dx(w),0,1,1,-1,0,0,0,0,96
30,wave,apv,wave,v*dy(w),0,1,1,-1,0,0,0,0,96
30,wave,apv,wave,w*dz(w),0,1,1,-1,0,0,0,0,96
30,wave,apv,wave,u*dx(eta),0,1,1,-1,0,0,0,0,96
30,wave,apv,wave,v*dy(eta),0.000887956525903446,16,1,2,0,6.54254428411605e-13,4.97385170161735e-07,96,0
30,wave,apv,wave,w*dz(eta),0.000364363630402438,16,1,2,0,7.65064123164905e-09,6.51733401912935e-07,96,0
30,wave,apv,wave,w*eta*dlogN2,0.00989252661432275,16,1,2,0,4.08784117666983e-13,4.88612645233033e-07,96,0
30,apv,wave,wave,u*dx(u),0,-1,0,1,1,0,0,0,96
30,apv,wave,wave,v*dy(u),0.00339068304297265,2,0,16,1,4.43170607653199e-14,3.20477838266725e-07,96,0
30,apv,wave,wave,w*dz(u),0,-1,0,1,1,0,0,0,96
30,apv,wave,wave,u*dx(v),0,-1,0,1,1,0,0,0,96
30,apv,wave,wave,v*dy(v),0.00340676338039382,2,0,16,1,4.43605886551834e-14,3.27208471713211e-07,96,0
30,apv,wave,wave,w*dz(v),0,-1,0,1,1,0,0,0,96
30,apv,wave,wave,u*dx(w),0,-1,0,1,1,0,0,0,96
30,apv,wave,wave,v*dy(w),6.11256333107134e-05,2,0,15,1,9.99200722162641e-16,2.2249170483768e-07,96,0
30,apv,wave,wave,w*dz(w),0,-1,0,1,1,0,0,0,96
30,apv,wave,wave,u*dx(eta),0,-1,0,1,1,0,0,0,96
30,apv,wave,wave,v*dy(eta),0.000365018608805875,2,0,16,1,1.24344978758018e-14,3.54980808856483e-07,96,0
30,apv,wave,wave,w*dz(eta),0,-1,0,1,1,0,0,0,96
30,apv,wave,wave,w*eta*dlogN2,0,-1,0,1,1,0,0,0,96
30,wave,boundary,wave,u*dx(u),0,1,1,1,0,0,0,0,64
30,wave,boundary,wave,v*dy(u),0.00254878303471393,16,1,2,0,1.76588644842724e-14,1.47943201658072e-07,64,0
30,wave,boundary,wave,w*dz(u),0.00499791098867173,16,1,2,0,4.5921444724173e-13,2.8497944493111e-07,64,0
30,wave,boundary,wave,u*dx(v),0,1,1,1,0,0,0,0,64
30,wave,boundary,wave,v*dy(v),0,1,1,1,0,0,0,0,64
30,wave,boundary,wave,w*dz(v),0,1,1,1,0,0,0,0,64
30,wave,boundary,wave,u*dx(w),0,1,1,1,0,0,0,0,64
30,wave,boundary,wave,v*dy(w),0,1,1,1,0,0,0,0,64
30,wave,boundary,wave,w*dz(w),0,1,1,1,0,0,0,0,64
30,wave,boundary,wave,u*dx(eta),0,1,1,1,0,0,0,0,64
30,wave,boundary,wave,v*dy(eta),0.000460084960148904,16,1,2,0,1.70086167372574e-13,2.1551653328622e-07,64,0
30,wave,boundary,wave,w*dz(eta),0.000310233204590487,15,1,2,0,6.3988747633914e-10,1.21002599828834e-07,64,0
30,wave,boundary,wave,w*eta*dlogN2,0.00989085744040586,16,1,2,0,3.07420755518706e-13,2.85169112546058e-07,64,0
30,boundary,wave,wave,u*dx(u),0,1,0,1,1,0,0,0,64
30,boundary,wave,wave,v*dy(u),0.0027757291087538,2,0,16,1,2.09961316691332e-14,1.71761408274761e-07,64,0
30,boundary,wave,wave,w*dz(u),0,1,0,1,1,0,0,0,64
30,boundary,wave,wave,u*dx(v),0,1,0,1,1,0,0,0,64
30,boundary,wave,wave,v*dy(v),0.00279863668592663,2,0,16,1,2.08424897099312e-14,1.73115042393847e-07,64,0
30,boundary,wave,wave,w*dz(v),0,1,0,1,1,0,0,0,64
30,boundary,wave,wave,u*dx(w),0,1,0,1,1,0,0,0,64
30,boundary,wave,wave,v*dy(w),4.14133833986122e-05,2,0,15,1,4.44089209850063e-16,1.86898797438495e-07,64,0
30,boundary,wave,wave,w*dz(w),0,1,0,1,1,0,0,0,64
30,boundary,wave,wave,u*dx(eta),0,1,0,1,1,0,0,0,64
30,boundary,wave,wave,v*dy(eta),0.00033227810974527,2,0,15,1,3.10862446895044e-15,1.59295139190441e-07,64,0
30,boundary,wave,wave,w*dz(eta),0,1,0,1,1,0,0,0,64
30,boundary,wave,wave,w*eta*dlogN2,0,1,0,1,1,0,0,0,64
30,apv,boundary,wave,u*dx(u),0,-1,0,1,0,0,0,0,6
30,apv,boundary,wave,v*dy(u),0.000563864472454048,-1,0,2,0,4.72590101689469e-15,2.71792975237162e-07,6,0
30,apv,boundary,wave,w*dz(u),0,-1,0,1,0,0,0,0,6
30,apv,boundary,wave,u*dx(v),0,-1,0,1,0,0,0,0,6
30,apv,boundary,wave,v*dy(v),0,-1,0,1,0,0,0,0,6
30,apv,boundary,wave,w*dz(v),0,-1,0,1,0,0,0,0,6
30,apv,boundary,wave,u*dx(w),0,-1,0,1,0,0,0,0,6
30,apv,boundary,wave,v*dy(w),0,-1,0,1,0,0,0,0,6
30,apv,boundary,wave,w*dz(w),0,-1,0,1,0,0,0,0,6
30,apv,boundary,wave,u*dx(eta),0,-1,0,1,0,0,0,0,6
30,apv,boundary,wave,v*dy(eta),2.08719443425105e-05,2,0,2,0,4.55191440096314e-14,2.73371327574878e-07,6,0
30,apv,boundary,wave,w*dz(eta),0,-1,0,1,0,0,0,0,6
30,apv,boundary,wave,w*eta*dlogN2,0,-1,0,1,0,0,0,0,6
30,boundary,apv,wave,u*dx(u),0,1,0,-1,0,0,0,0,6
30,boundary,apv,wave,v*dy(u),0.000589256462362806,2,0,2,0,5.6276132451885e-15,2.67775430606854e-07,6,0
30,boundary,apv,wave,w*dz(u),0,1,0,-1,0,0,0,0,6
30,boundary,apv,wave,u*dx(v),0,1,0,-1,0,0,0,0,6
30,boundary,apv,wave,v*dy(v),0,1,0,-1,0,0,0,0,6
30,boundary,apv,wave,w*dz(v),0,1,0,-1,0,0,0,0,6
30,boundary,apv,wave,u*dx(w),0,1,0,-1,0,0,0,0,6
30,boundary,apv,wave,v*dy(w),0,1,0,-1,0,0,0,0,6
30,boundary,apv,wave,w*dz(w),0,1,0,-1,0,0,0,0,6
30,boundary,apv,wave,u*dx(eta),0,1,0,-1,0,0,0,0,6
30,boundary,apv,wave,v*dy(eta),3.73827975019138e-05,2,0,2,0,5.75095526755831e-14,6.35408188731645e-07,6,0
30,boundary,apv,wave,w*dz(eta),0,1,0,-1,0,0,0,0,6
30,boundary,apv,wave,w*eta*dlogN2,0,1,0,-1,0,0,0,0,6
30,boundary,boundary,wave,u*dx(u),0,1,0,1,0,0,0,0,4
30,boundary,boundary,wave,v*dy(u),0.000530611303590991,1,0,2,0,2.86492222650508e-15,3.16259029187194e-07,4,0
30,boundary,boundary,wave,w*dz(u),0,1,0,1,0,0,0,0,4
30,boundary,boundary,wave,u*dx(v),0,1,0,1,0,0,0,0,4
30,boundary,boundary,wave,v*dy(v),0,1,0,1,0,0,0,0,4
30,boundary,boundary,wave,w*dz(v),0,1,0,1,0,0,0,0,4
30,boundary,boundary,wave,u*dx(w),0,1,0,1,0,0,0,0,4
30,boundary,boundary,wave,v*dy(w),0,1,0,1,0,0,0,0,4
30,boundary,boundary,wave,w*dz(w),0,1,0,1,0,0,0,0,4
30,boundary,boundary,wave,u*dx(eta),0,1,0,1,0,0,0,0,4
30,boundary,boundary,wave,v*dy(eta),2.44334141241989e-05,2,0,1,0,3.94129173741931e-14,3.42208397730026e-07,4,0
30,boundary,boundary,wave,w*dz(eta),0,1,0,1,0,0,0,0,4
30,boundary,boundary,wave,w*eta*dlogN2,0,1,0,1,0,0,0,0,4
31,wave,wave,wave,u*dx(u),0.591599478505952,16,1,15,1,1.62909907786002e-10,3.91024537194085e-08,1024,0
31,wave,wave,wave,v*dy(u),0.591599478505952,16,1,15,1,1.62909907786002e-10,2.93266286810479e-08,1024,0
31,wave,wave,wave,w*dz(u),0.592024664018385,16,1,15,1,6.20142377372179e-06,0.00014395914952825,1024,0
31,wave,wave,wave,u*dx(v),0.592906498396767,16,1,15,1,1.62909685741397e-10,3.91048767811597e-08,1024,0
31,wave,wave,wave,v*dy(v),0.592906498396767,16,1,15,1,1.62909907786002e-10,2.93290518538214e-08,1024,0
31,wave,wave,wave,w*dz(v),0.593368220421257,16,1,15,1,6.20142377372179e-06,0.000143959147104633,1024,0
31,wave,wave,wave,u*dx(w),0.00100301650355838,16,1,16,1,5.82309755969845e-11,3.91125557497318e-08,1024,0
31,wave,wave,wave,v*dy(w),0.00100301650355838,16,1,16,1,5.8231086619287e-11,2.93367307113712e-08,1024,0
31,wave,wave,wave,w*dz(w),0.00100301681942071,16,1,16,1,5.82308645746821e-11,3.91131990129523e-08,1024,0
31,wave,wave,wave,u*dx(eta),0.058149643967522,16,1,16,1,3.82761267125886e-10,2.93366732018185e-08,1024,0
31,wave,wave,wave,v*dy(eta),0.058149643967522,16,1,16,1,3.82761267125886e-10,1.95608480524356e-08,1024,0
31,wave,wave,wave,w*dz(eta),0.0581497030910949,16,1,16,1,3.82761489170491e-10,2.93372711679396e-08,1024,0
31,wave,wave,wave,w*eta*dlogN2,0.0515250999853594,16,1,16,1,6.30684393598813e-11,2.93164075237939e-08,1024,0
31,wave,apv,wave,u*dx(u),0.00338223200496664,16,1,2,0,4.38773485839425e-14,3.19294636658838e-07,96,0
31,wave,apv,wave,v*dy(u),0.00338223200496709,16,1,2,0,4.39972421344509e-14,3.19294638326703e-07,96,0
31,wave,apv,wave,w*dz(u),0.00980396757907639,16,1,2,0,7.09876601945325e-13,4.83837541587206e-07,96,0
31,wave,apv,wave,u*dx(v),0.00342348716235405,16,1,2,0,4.47645371605016e-14,3.34084425174111e-07,96,0
31,wave,apv,wave,v*dy(v),0.00342348716235385,16,1,2,0,4.45930153697309e-14,3.34084425618172e-07,96,0
31,wave,apv,wave,w*dz(v),0.0098245951278846,16,1,2,0,7.09876601945325e-13,4.84168186928787e-07,96,0
31,wave,apv,wave,u*dx(w),0,1,1,-1,0,0,0,0,96
31,wave,apv,wave,v*dy(w),0,1,1,-1,0,0,0,0,96
31,wave,apv,wave,w*dz(w),0,1,1,-1,0,0,0,0,96
31,wave,apv,wave,u*dx(eta),0.000733909203051592,16,1,2,0,6.54143406109142e-13,4.97383013331465e-07,96,0
31,wave,apv,wave,v*dy(eta),0.000733909203051579,16,1,2,0,6.54254428411605e-13,4.97385170161735e-07,96,0
31,wave,apv,wave,w*dz(eta),0.000307174795955362,16,1,2,0,7.65064123164905e-09,6.51733401912935e-07,96,0
31,wave,apv,wave,w*eta*dlogN2,0.00826526821514347,16,1,2,0,4.08784117666983e-13,4.88612645233033e-07,96,0
31,apv,wave,wave,u*dx(u),0,-1,0,1,1,0,0,0,96
31,apv,wave,wave,v*dy(u),0.00338220330980112,2,0,16,1,4.40142514339264e-14,3.1929117568902e-07,96,0
31,apv,wave,wave,w*dz(u),0,-1,0,1,1,0,0,0,96
31,apv,wave,wave,u*dx(v),0,-1,0,1,1,0,0,0,96
31,apv,wave,wave,v*dy(v),0.00342345816143541,2,0,16,1,4.45453127148632e-14,3.34080770407661e-07,96,0
31,apv,wave,wave,w*dz(v),0,-1,0,1,1,0,0,0,96
31,apv,wave,wave,u*dx(w),0,-1,0,1,1,0,0,0,96
31,apv,wave,wave,v*dy(w),4.97510255159943e-05,2,0,15,1,6.66133814775094e-16,2.22520933457204e-07,96,0
31,apv,wave,wave,w*dz(w),0,-1,0,1,1,0,0,0,96
31,apv,wave,wave,u*dx(eta),0,-1,0,1,1,0,0,0,96
31,apv,wave,wave,v*dy(eta),0.000307705292781224,2,0,16,1,1.24344978758018e-14,3.27638354148584e-07,96,0
31,apv,wave,wave,w*dz(eta),0,-1,0,1,1,0,0,0,96
31,apv,wave,wave,w*eta*dlogN2,0,-1,0,1,1,0,0,0,96
31,wave,boundary,wave,u*dx(u),0.00227510899552617,16,1,2,0,1.52434570132022e-14,1.21721349473377e-07,64,0
31,wave,boundary,wave,v*dy(u),0.00227510899552606,16,1,2,0,1.52466727750167e-14,1.21721346661048e-07,64,0
31,wave,boundary,wave,w*dz(u),0.00451583658968543,16,1,2,0,4.02615660972209e-13,2.13201107657213e-07,64,0
31,wave,boundary,wave,u*dx(v),0.00232638922351904,16,1,2,0,1.51572097085783e-14,1.42681491052878e-07,64,0
31,wave,boundary,wave,v*dy(v),0.00232638922351961,16,1,2,0,1.52062065677999e-14,1.42681487938077e-07,64,0
31,wave,boundary,wave,w*dz(v),0.00452571239561072,16,1,2,0,4.03227703330991e-13,2.5094236917695e-07,64,0
31,wave,boundary,wave,u*dx(w),0,1,1,1,0,0,0,0,64
31,wave,boundary,wave,v*dy(w),0,1,1,1,0,0,0,0,64
31,wave,boundary,wave,w*dz(w),0,1,1,1,0,0,0,0,64
31,wave,boundary,wave,u*dx(eta),0.00034495074462216,16,1,2,0,1.36335387423969e-13,1.55490715858519e-07,64,0
31,wave,boundary,wave,v*dy(eta),0.000344950744622186,16,1,2,0,1.36224365121507e-13,1.53564939320283e-07,64,0
31,wave,boundary,wave,w*dz(eta),0.000241248210808601,15,1,2,0,4.53141302259041e-10,1.01666770446762e-07,64,0
31,wave,boundary,wave,w*eta*dlogN2,0.00898293385772514,16,1,2,0,3.05755420981768e-13,2.13385990877057e-07,64,0
31,boundary,wave,wave,u*dx(u),0,1,0,1,1,0,0,0,64
31,boundary,wave,wave,v*dy(u),0.00276172679152255,2,0,16,1,2.09874118529725e-14,1.71672310020377e-07,64,0
31,boundary,wave,wave,w*dz(u),0,1,0,1,1,0,0,0,64
31,boundary,wave,wave,u*dx(v),0,1,0,1,1,0,0,0,64
31,boundary,wave,wave,v*dy(v),0.00282233925768743,2,0,16,1,2.10809139536406e-14,1.94787070541721e-07,64,0
31,boundary,wave,wave,w*dz(v),0,1,0,1,1,0,0,0,64
31,boundary,wave,wave,u*dx(w),0,1,0,1,1,0,0,0,64
31,boundary,wave,wave,v*dy(w),3.37063428806837e-05,2,0,15,1,4.44089209850063e-16,1.86908836741217e-07,64,0
31,boundary,wave,wave,w*dz(w),0,1,0,1,1,0,0,0,64
31,boundary,wave,wave,u*dx(eta),0,1,0,1,1,0,0,0,64
31,boundary,wave,wave,v*dy(eta),0.000283743161951818,2,0,15,1,3.21964677141295e-15,1.59302004920647e-07,64,0
31,boundary,wave,wave,w*dz(eta),0,1,0,1,1,0,0,0,64
31,boundary,wave,wave,w*eta*dlogN2,0,1,0,1,1,0,0,0,64
31,apv,boundary,wave,u*dx(u),0,-1,0,1,0,0,0,0,6
31,apv,boundary,wave,v*dy(u),0.000523947724275987,-1,0,2,0,3.9398871250655e-15,2.91042544287023e-07,6,0
31,apv,boundary,wave,w*dz(u),0,-1,0,1,0,0,0,0,6
31,apv,boundary,wave,u*dx(v),0,-1,0,1,0,0,0,0,6
31,apv,boundary,wave,v*dy(v),0.000525308238030984,-1,0,2,0,3.95779936519412e-15,3.08976647388043e-07,6,0
31,apv,boundary,wave,w*dz(v),0,-1,0,1,0,0,0,0,6
31,apv,boundary,wave,u*dx(w),0,-1,0,1,0,0,0,0,6
31,apv,boundary,wave,v*dy(w),0,-1,0,1,0,0,0,0,6
31,apv,boundary,wave,w*dz(w),0,-1,0,1,0,0,0,0,6
31,apv,boundary,wave,u*dx(eta),0,-1,0,1,0,0,0,0,6
31,apv,boundary,wave,v*dy(eta),1.54328324217304e-05,-1,0,2,0,3.49720252756924e-14,2.40172792320692e-07,6,0
31,apv,boundary,wave,w*dz(eta),0,-1,0,1,0,0,0,0,6
31,apv,boundary,wave,w*eta*dlogN2,0,-1,0,1,0,0,0,0,6
31,boundary,apv,wave,u*dx(u),0,1,0,-1,0,0,0,0,6
31,boundary,apv,wave,v*dy(u),0.000589191544504462,2,0,2,0,5.57770070947616e-15,2.67775430606854e-07,6,0
31,boundary,apv,wave,w*dz(u),0,1,0,-1,0,0,0,0,6
31,boundary,apv,wave,u*dx(v),0,1,0,-1,0,0,0,0,6
31,boundary,apv,wave,v*dy(v),0.00059109917165895,2,0,2,0,5.94806985718945e-15,3.03454850153126e-07,6,0
31,boundary,apv,wave,w*dz(v),0,1,0,-1,0,0,0,0,6
31,boundary,apv,wave,u*dx(w),0,1,0,-1,0,0,0,0,6
31,boundary,apv,wave,v*dy(w),0,1,0,-1,0,0,0,0,6
31,boundary,apv,wave,w*dz(w),0,1,0,-1,0,0,0,0,6
31,boundary,apv,wave,u*dx(eta),0,1,0,-1,0,0,0,0,6
31,boundary,apv,wave,v*dy(eta),3.07348843133353e-05,2,0,2,0,5.75095526755831e-14,6.35408188731645e-07,6,0
31,boundary,apv,wave,w*dz(eta),0,1,0,-1,0,0,0,0,6
31,boundary,apv,wave,w*eta*dlogN2,0,1,0,-1,0,0,0,0,6
31,boundary,boundary,wave,u*dx(u),0,1,0,1,0,0,0,0,4
31,boundary,boundary,wave,v*dy(u),0.000512805062572744,1,0,2,0,2.85690780326107e-15,2.89220650429023e-07,4,0
31,boundary,boundary,wave,w*dz(u),0,1,0,1,0,0,0,0,4
31,boundary,boundary,wave,u*dx(v),0,1,0,1,0,0,0,0,4
31,boundary,boundary,wave,v*dy(v),0.000514134318872692,1,0,2,0,2.94974587878533e-15,2.91639193016874e-07,4,0
31,boundary,boundary,wave,w*dz(v),0,1,0,1,0,0,0,0,4
31,boundary,boundary,wave,u*dx(w),0,1,0,1,0,0,0,0,4
31,boundary,boundary,wave,v*dy(w),0,1,0,1,0,0,0,0,4
31,boundary,boundary,wave,w*dz(w),0,1,0,1,0,0,0,0,4
31,boundary,boundary,wave,u*dx(eta),0,1,0,1,0,0,0,0,4
31,boundary,boundary,wave,v*dy(eta),1.68425942186545e-05,2,0,1,0,2.76445533131664e-14,2.99451448415589e-07,4,0
31,boundary,boundary,wave,w*dz(eta),0,1,0,1,0,0,0,0,4
31,boundary,boundary,wave,w*eta*dlogN2,0,1,0,1,0,0,0,0,4
32,wave,wave,inertial,u*dx(u),0.00171426720091154,16,1,14,1,1.62911240053631e-10,3.9123065898039e-08,1024,0
32,wave,wave,inertial,v*dy(u),0,1,1,1,1,0,0,0,1024
32,wave,wave,inertial,w*dz(u),0.0160236437006236,3,1,1,1,2.86747958908595e-05,0.000324304426164268,1024,0
32,wave,wave,inertial,u*dx(v),0.00171426720091164,14,1,16,1,1.62911684142841e-10,2.93472407486561e-08,1024,0
32,wave,wave,inertial,v*dy(v),0,1,1,1,1,0,0,0,1024
32,wave,wave,inertial,w*dz(v),0.0160236437006234,3,1,1,1,2.86747958910816e-05,0.000324314205159881,1024,0
32,wave,wave,mda,u*dx(eta),0.00550326913255879,16,1,16,1,3.82750942051757e-10,1.1706710359159e-07,1024,0
32,wave,wave,mda,v*dy(eta),0,1,1,1,1,0,0,0,1024
32,wave,wave,mda,w*dz(eta),0.00550326913255873,16,1,16,1,3.82750942051757e-10,1.25697435338647e-07,1024,0
32,wave,wave,mda,w*eta*dlogN2,0.0347288109470793,16,1,16,1,6.3067662203764e-11,2.93286427366368e-08,1024,0
32,wave,apv,inertial,u*dx(u),0,1,1,-1,0,0,0,0,96
32,wave,apv,inertial,v*dy(u),0,1,1,-1,0,0,0,0,96
32,wave,apv,inertial,w*dz(u),0,1,1,-1,0,0,0,0,96
32,wave,apv,inertial,u*dx(v),0.000633684331047862,16,1,1,0,1.55431223447522e-14,2.29544354564153e-07,96,0
32,wave,apv,inertial,v*dy(v),0,1,1,-1,0,0,0,0,96
32,wave,apv,inertial,w*dz(v),0.000406241469525944,15,1,2,0,7.09876601945325e-13,4.83837541143117e-07,96,0
32,wave,apv,mda,u*dx(eta),0.000298559464798679,16,1,2,0,6.16062756364499e-13,2.86749738084632e-07,96,0
32,wave,apv,mda,v*dy(eta),0,1,1,-1,0,0,0,0,96
32,wave,apv,mda,w*dz(eta),0.000254786235102231,3,1,-1,0,7.65060970131515e-09,0.00887231671011527,96,0
32,wave,apv,mda,w*eta*dlogN2,0.00455102795328239,16,1,2,0,4.08562073062058e-13,4.88612645122011e-07,96,0
32,apv,wave,inertial,u*dx(u),0,-1,0,1,1,0,0,0,96
32,apv,wave,inertial,v*dy(u),0,-1,0,1,1,0,0,0,96
32,apv,wave,inertial,w*dz(u),0,-1,0,1,1,0,0,0,96
32,apv,wave,inertial,u*dx(v),0,-1,0,1,1,0,0,0,96
32,apv,wave,inertial,v*dy(v),0,-1,0,1,1,0,0,0,96
32,apv,wave,inertial,w*dz(v),0,-1,0,1,1,0,0,0,96
32,apv,wave,mda,u*dx(eta),0,-1,0,1,1,0,0,0,96
32,apv,wave,mda,v*dy(eta),0,-1,0,1,1,0,0,0,96
32,apv,wave,mda,w*dz(eta),0,-1,0,1,1,0,0,0,96
32,apv,wave,mda,w*eta*dlogN2,0,-1,0,1,1,0,0,0,96
32,wave,boundary,inertial,u*dx(u),0,1,1,1,0,0,0,0,64
32,wave,boundary,inertial,v*dy(u),0,1,1,1,0,0,0,0,64
32,wave,boundary,inertial,w*dz(u),0,1,1,1,0,0,0,0,64
32,wave,boundary,inertial,u*dx(v),0.000616935819618802,16,1,2,0,4.21884749357559e-15,1.59934665289185e-07,64,0
32,wave,boundary,inertial,v*dy(v),0,1,1,1,0,0,0,0,64
32,wave,boundary,inertial,w*dz(v),0.000258079011154497,15,1,2,0,2.38031816479634e-13,4.03028442952369e-07,64,0
32,wave,boundary,mda,u*dx(eta),4.31258619275996e-05,16,1,2,0,3.35378236564887e-14,1.74182906320652e-07,64,0
32,wave,boundary,mda,v*dy(eta),0,1,1,1,0,0,0,0,64
32,wave,boundary,mda,w*dz(eta),0.000220048363654736,15,1,2,0,9.57715018401473e-10,0.00513871460893681,64,0
32,wave,boundary,mda,w*eta*dlogN2,0.0037695658072813,14,1,2,0,3.03979064142368e-13,4.04942694820498e-07,64,0
32,boundary,wave,inertial,u*dx(u),0,1,0,1,1,0,0,0,64
32,boundary,wave,inertial,v*dy(u),0,1,0,1,1,0,0,0,64
32,boundary,wave,inertial,w*dz(u),0,1,0,1,1,0,0,0,64
32,boundary,wave,inertial,u*dx(v),0,1,0,1,1,0,0,0,64
32,boundary,wave,inertial,v*dy(v),0,1,0,1,1,0,0,0,64
32,boundary,wave,inertial,w*dz(v),0,1,0,1,1,0,0,0,64
32,boundary,wave,mda,u*dx(eta),0,1,0,1,1,0,0,0,64
32,boundary,wave,mda,v*dy(eta),0,1,0,1,1,0,0,0,64
32,boundary,wave,mda,w*dz(eta),0,1,0,1,1,0,0,0,64
32,boundary,wave,mda,w*eta*dlogN2,0,1,0,1,1,0,0,0,64
32,apv,boundary,inertial,u*dx(u),0,-1,0,1,0,0,0,0,6
32,apv,boundary,inertial,v*dy(u),0,-1,0,1,0,0,0,0,6
32,apv,boundary,inertial,w*dz(u),0,-1,0,1,0,0,0,0,6
32,apv,boundary,inertial,u*dx(v),0,-1,0,1,0,0,0,0,6
32,apv,boundary,inertial,v*dy(v),0,-1,0,1,0,0,0,0,6
32,apv,boundary,inertial,w*dz(v),0,-1,0,1,0,0,0,0,6
32,apv,boundary,mda,u*dx(eta),0,-1,0,1,0,0,0,0,6
32,apv,boundary,mda,v*dy(eta),0,-1,0,1,0,0,0,0,6
32,apv,boundary,mda,w*dz(eta),0,-1,0,1,0,0,0,0,6
32,apv,boundary,mda,w*eta*dlogN2,0,-1,0,1,0,0,0,0,6
32,boundary,apv,inertial,u*dx(u),0,1,0,-1,0,0,0,0,6
32,boundary,apv,inertial,v*dy(u),0,1,0,-1,0,0,0,0,6
32,boundary,apv,inertial,w*dz(u),0,1,0,-1,0,0,0,0,6
32,boundary,apv,inertial,u*dx(v),0,1,0,-1,0,0,0,0,6
32,boundary,apv,inertial,v*dy(v),0,1,0,-1,0,0,0,0,6
32,boundary,apv,inertial,w*dz(v),0,1,0,-1,0,0,0,0,6
32,boundary,apv,mda,u*dx(eta),0,1,0,-1,0,0,0,0,6
32,boundary,apv,mda,v*dy(eta),0,1,0,-1,0,0,0,0,6
32,boundary,apv,mda,w*dz(eta),0,1,0,-1,0,0,0,0,6
32,boundary,apv,mda,w*eta*dlogN2,0,1,0,-1,0,0,0,0,6
32,boundary,boundary,inertial,u*dx(u),0,1,0,1,0,0,0,0,4
32,boundary,boundary,inertial,v*dy(u),0,1,0,1,0,0,0,0,4
32,boundary,boundary,inertial,w*dz(u),0,1,0,1,0,0,0,0,4
32,boundary,boundary,inertial,u*dx(v),0,1,0,1,0,0,0,0,4
32,boundary,boundary,inertial,v*dy(v),0,1,0,1,0,0,0,0,4
32,boundary,boundary,inertial,w*dz(v),0,1,0,1,0,0,0,0,4
32,boundary,boundary,mda,u*dx(eta),0,1,0,1,0,0,0,0,4
32,boundary,boundary,mda,v*dy(eta),0,1,0,1,0,0,0,0,4
32,boundary,boundary,mda,w*dz(eta),0,1,0,1,0,0,0,0,4
32,boundary,boundary,mda,w*eta*dlogN2,0,1,0,1,0,0,0,0,4
33,wave,wave,wave,u*dx(u),0.591599478505952,16,1,15,1,1.62909907786002e-10,3.91024537194085e-08,1024,0
33,wave,wave,wave,v*dy(u),0.591599478505952,16,1,15,1,1.62909907786002e-10,2.93266286810479e-08,1024,0
33,wave,wave,wave,w*dz(u),0.592024664018385,16,1,15,1,6.20142377372179e-06,0.00014395914952825,1024,0
33,wave,wave,wave,u*dx(v),0.592906498396767,16,1,15,1,1.62909685741397e-10,3.91048767811597e-08,1024,0
33,wave,wave,wave,v*dy(v),0.592906498396767,16,1,15,1,1.62909907786002e-10,2.93290518538214e-08,1024,0
33,wave,wave,wave,w*dz(v),0.593368220421257,16,1,15,1,6.20142377372179e-06,0.000143959147104633,1024,0
33,wave,wave,wave,u*dx(w),0.00100301650355838,16,1,16,1,5.82309755969845e-11,3.91125557497318e-08,1024,0
33,wave,wave,wave,v*dy(w),0.00100301650355838,16,1,16,1,5.8231086619287e-11,2.93367307113712e-08,1024,0
33,wave,wave,wave,w*dz(w),0.00100301681942071,16,1,16,1,5.82308645746821e-11,3.91131990129523e-08,1024,0
33,wave,wave,wave,u*dx(eta),0.058149643967522,16,1,16,1,3.82761267125886e-10,2.93366732018185e-08,1024,0
33,wave,wave,wave,v*dy(eta),0.058149643967522,16,1,16,1,3.82761267125886e-10,1.95608480524356e-08,1024,0
33,wave,wave,wave,w*dz(eta),0.0581497030910949,16,1,16,1,3.82761489170491e-10,2.93372711679396e-08,1024,0
33,wave,wave,wave,w*eta*dlogN2,0.0515250999853594,16,1,16,1,6.30684393598813e-11,2.93164075237939e-08,1024,0
33,wave,apv,wave,u*dx(u),0.00338223200496664,16,1,2,0,4.38773485839425e-14,3.19294636658838e-07,96,0
33,wave,apv,wave,v*dy(u),0.00338223200496709,16,1,2,0,4.39972421344509e-14,3.19294638326703e-07,96,0
33,wave,apv,wave,w*dz(u),0.00980396757907639,16,1,2,0,7.09876601945325e-13,4.83837541587206e-07,96,0
33,wave,apv,wave,u*dx(v),0.00342348716235405,16,1,2,0,4.47645371605016e-14,3.34084425174111e-07,96,0
33,wave,apv,wave,v*dy(v),0.00342348716235385,16,1,2,0,4.45930153697309e-14,3.34084425618172e-07,96,0
33,wave,apv,wave,w*dz(v),0.0098245951278846,16,1,2,0,7.09876601945325e-13,4.84168186928787e-07,96,0
33,wave,apv,wave,u*dx(w),0,1,1,-1,0,0,0,0,96
33,wave,apv,wave,v*dy(w),0,1,1,-1,0,0,0,0,96
33,wave,apv,wave,w*dz(w),0,1,1,-1,0,0,0,0,96
33,wave,apv,wave,u*dx(eta),0.000733909203051592,16,1,2,0,6.54143406109142e-13,4.97383013331465e-07,96,0
33,wave,apv,wave,v*dy(eta),0.000733909203051579,16,1,2,0,6.54254428411605e-13,4.97385170161735e-07,96,0
33,wave,apv,wave,w*dz(eta),0.000307174795955362,16,1,2,0,7.65064123164905e-09,6.51733401912935e-07,96,0
33,wave,apv,wave,w*eta*dlogN2,0.00826526821514347,16,1,2,0,4.08784117666983e-13,4.88612645233033e-07,96,0
33,apv,wave,wave,u*dx(u),0,-1,0,1,1,0,0,0,96
33,apv,wave,wave,v*dy(u),0.00338220330980112,2,0,16,1,4.40142514339264e-14,3.1929117568902e-07,96,0
33,apv,wave,wave,w*dz(u),0,-1,0,1,1,0,0,0,96
33,apv,wave,wave,u*dx(v),0,-1,0,1,1,0,0,0,96
33,apv,wave,wave,v*dy(v),0.00342345816143541,2,0,16,1,4.45453127148632e-14,3.34080770407661e-07,96,0
33,apv,wave,wave,w*dz(v),0,-1,0,1,1,0,0,0,96
33,apv,wave,wave,u*dx(w),0,-1,0,1,1,0,0,0,96
33,apv,wave,wave,v*dy(w),4.97510255159943e-05,2,0,15,1,6.66133814775094e-16,2.22520933457204e-07,96,0
33,apv,wave,wave,w*dz(w),0,-1,0,1,1,0,0,0,96
33,apv,wave,wave,u*dx(eta),0,-1,0,1,1,0,0,0,96
33,apv,wave,wave,v*dy(eta),0.000307705292781224,2,0,16,1,1.24344978758018e-14,3.27638354148584e-07,96,0
33,apv,wave,wave,w*dz(eta),0,-1,0,1,1,0,0,0,96
33,apv,wave,wave,w*eta*dlogN2,0,-1,0,1,1,0,0,0,96
33,wave,boundary,wave,u*dx(u),0.00227510899552617,16,1,2,0,1.52434570132022e-14,1.21721349473377e-07,64,0
33,wave,boundary,wave,v*dy(u),0.00227510899552606,16,1,2,0,1.52466727750167e-14,1.21721346661048e-07,64,0
33,wave,boundary,wave,w*dz(u),0.00451583658968543,16,1,2,0,4.02615660972209e-13,2.13201107657213e-07,64,0
33,wave,boundary,wave,u*dx(v),0.00232638922351904,16,1,2,0,1.51572097085783e-14,1.42681491052878e-07,64,0
33,wave,boundary,wave,v*dy(v),0.00232638922351961,16,1,2,0,1.52062065677999e-14,1.42681487938077e-07,64,0
33,wave,boundary,wave,w*dz(v),0.00452571239561072,16,1,2,0,4.03227703330991e-13,2.5094236917695e-07,64,0
33,wave,boundary,wave,u*dx(w),0,1,1,1,0,0,0,0,64
33,wave,boundary,wave,v*dy(w),0,1,1,1,0,0,0,0,64
33,wave,boundary,wave,w*dz(w),0,1,1,1,0,0,0,0,64
33,wave,boundary,wave,u*dx(eta),0.00034495074462216,16,1,2,0,1.36335387423969e-13,1.55490715858519e-07,64,0
33,wave,boundary,wave,v*dy(eta),0.000344950744622186,16,1,2,0,1.36224365121507e-13,1.53564939320283e-07,64,0
33,wave,boundary,wave,w*dz(eta),0.000241248210808601,15,1,2,0,4.53141302259041e-10,1.01666770446762e-07,64,0
33,wave,boundary,wave,w*eta*dlogN2,0.00898293385772514,16,1,2,0,3.05755420981768e-13,2.13385990877057e-07,64,0
33,boundary,wave,wave,u*dx(u),0,1,0,1,1,0,0,0,64
33,boundary,wave,wave,v*dy(u),0.00276172679152255,2,0,16,1,2.09874118529725e-14,1.71672310020377e-07,64,0
33,boundary,wave,wave,w*dz(u),0,1,0,1,1,0,0,0,64
33,boundary,wave,wave,u*dx(v),0,1,0,1,1,0,0,0,64
33,boundary,wave,wave,v*dy(v),0.00282233925768743,2,0,16,1,2.10809139536406e-14,1.94787070541721e-07,64,0
33,boundary,wave,wave,w*dz(v),0,1,0,1,1,0,0,0,64
33,boundary,wave,wave,u*dx(w),0,1,0,1,1,0,0,0,64
33,boundary,wave,wave,v*dy(w),3.37063428806837e-05,2,0,15,1,4.44089209850063e-16,1.86908836741217e-07,64,0
33,boundary,wave,wave,w*dz(w),0,1,0,1,1,0,0,0,64
33,boundary,wave,wave,u*dx(eta),0,1,0,1,1,0,0,0,64
33,boundary,wave,wave,v*dy(eta),0.000283743161951818,2,0,15,1,3.21964677141295e-15,1.59302004920647e-07,64,0
33,boundary,wave,wave,w*dz(eta),0,1,0,1,1,0,0,0,64
33,boundary,wave,wave,w*eta*dlogN2,0,1,0,1,1,0,0,0,64
33,apv,boundary,wave,u*dx(u),0,-1,0,1,0,0,0,0,6
33,apv,boundary,wave,v*dy(u),0.000523947724275987,-1,0,2,0,3.9398871250655e-15,2.91042544287023e-07,6,0
33,apv,boundary,wave,w*dz(u),0,-1,0,1,0,0,0,0,6
33,apv,boundary,wave,u*dx(v),0,-1,0,1,0,0,0,0,6
33,apv,boundary,wave,v*dy(v),0.000525308238030984,-1,0,2,0,3.95779936519412e-15,3.08976647388043e-07,6,0
33,apv,boundary,wave,w*dz(v),0,-1,0,1,0,0,0,0,6
33,apv,boundary,wave,u*dx(w),0,-1,0,1,0,0,0,0,6
33,apv,boundary,wave,v*dy(w),0,-1,0,1,0,0,0,0,6
33,apv,boundary,wave,w*dz(w),0,-1,0,1,0,0,0,0,6
33,apv,boundary,wave,u*dx(eta),0,-1,0,1,0,0,0,0,6
33,apv,boundary,wave,v*dy(eta),1.54328324217304e-05,-1,0,2,0,3.49720252756924e-14,2.40172792320692e-07,6,0
33,apv,boundary,wave,w*dz(eta),0,-1,0,1,0,0,0,0,6
33,apv,boundary,wave,w*eta*dlogN2,0,-1,0,1,0,0,0,0,6
33,boundary,apv,wave,u*dx(u),0,1,0,-1,0,0,0,0,6
33,boundary,apv,wave,v*dy(u),0.000589191544504462,2,0,2,0,5.57770070947616e-15,2.67775430606854e-07,6,0
33,boundary,apv,wave,w*dz(u),0,1,0,-1,0,0,0,0,6
33,boundary,apv,wave,u*dx(v),0,1,0,-1,0,0,0,0,6
33,boundary,apv,wave,v*dy(v),0.00059109917165895,2,0,2,0,5.94806985718945e-15,3.03454850153126e-07,6,0
33,boundary,apv,wave,w*dz(v),0,1,0,-1,0,0,0,0,6
33,boundary,apv,wave,u*dx(w),0,1,0,-1,0,0,0,0,6
33,boundary,apv,wave,v*dy(w),0,1,0,-1,0,0,0,0,6
33,boundary,apv,wave,w*dz(w),0,1,0,-1,0,0,0,0,6
33,boundary,apv,wave,u*dx(eta),0,1,0,-1,0,0,0,0,6
33,boundary,apv,wave,v*dy(eta),3.07348843133353e-05,2,0,2,0,5.75095526755831e-14,6.35408188731645e-07,6,0
33,boundary,apv,wave,w*dz(eta),0,1,0,-1,0,0,0,0,6
33,boundary,apv,wave,w*eta*dlogN2,0,1,0,-1,0,0,0,0,6
33,boundary,boundary,wave,u*dx(u),0,1,0,1,0,0,0,0,4
33,boundary,boundary,wave,v*dy(u),0.000512805062572744,1,0,2,0,2.85690780326107e-15,2.89220650429023e-07,4,0
33,boundary,boundary,wave,w*dz(u),0,1,0,1,0,0,0,0,4
33,boundary,boundary,wave,u*dx(v),0,1,0,1,0,0,0,0,4
33,boundary,boundary,wave,v*dy(v),0.000514134318872692,1,0,2,0,2.94974587878533e-15,2.91639193016874e-07,4,0
33,boundary,boundary,wave,w*dz(v),0,1,0,1,0,0,0,0,4
33,boundary,boundary,wave,u*dx(w),0,1,0,1,0,0,0,0,4
33,boundary,boundary,wave,v*dy(w),0,1,0,1,0,0,0,0,4
33,boundary,boundary,wave,w*dz(w),0,1,0,1,0,0,0,0,4
33,boundary,boundary,wave,u*dx(eta),0,1,0,1,0,0,0,0,4
33,boundary,boundary,wave,v*dy(eta),1.68425942186545e-05,2,0,1,0,2.76445533131664e-14,2.99451448415589e-07,4,0
33,boundary,boundary,wave,w*dz(eta),0,1,0,1,0,0,0,0,4
33,boundary,boundary,wave,w*eta*dlogN2,0,1,0,1,0,0,0,0,4
34,wave,wave,wave,u*dx(u),0.591604404045196,16,1,15,1,1.62907465295348e-10,3.90574153019685e-08,1024,0
34,wave,wave,wave,v*dy(u),0.591604404045195,16,1,15,1,1.62907687339953e-10,2.92815903746302e-08,1024,0
34,wave,wave,wave,w*dz(u),0.592030447615865,16,1,15,1,1.24227366871121e-06,2.88105806098837e-05,1024,0
34,wave,wave,wave,u*dx(v),0.592243164735675,16,1,15,1,1.62907465295348e-10,3.90561283314383e-08,1024,0
34,wave,wave,wave,v*dy(v),0.592243164735675,16,1,15,1,1.62907465295348e-10,2.92803030710331e-08,1024,0
34,wave,wave,wave,w*dz(v),0.592686876938905,16,1,15,1,1.24227366904428e-06,2.88105818972983e-05,1024,0
34,wave,wave,wave,u*dx(w),0.00123252068552706,16,1,16,1,5.82334180876387e-11,3.90646626158286e-08,1024,0
34,wave,wave,wave,v*dy(w),0.00123252068552706,16,1,16,1,5.82335291099412e-11,2.92888376884903e-08,1024,0
34,wave,wave,wave,w*dz(w),0.00123252166805,16,1,16,1,5.82337511545461e-11,3.90651565540523e-08,1024,0
34,wave,wave,wave,u*dx(eta),0.0712951092994058,16,1,16,1,3.82776810248231e-10,2.93119372107853e-08,1024,0
34,wave,wave,wave,v*dy(eta),0.0712951092994058,16,1,16,1,3.82777143315138e-10,1.9536112283447e-08,1024,0
34,wave,wave,wave,w*dz(eta),0.07129529245919,16,1,16,1,3.82777365359743e-10,2.93125410610884e-08,1024,0
34,wave,wave,wave,w*eta*dlogN2,0.0609356606340278,16,1,16,1,6.30694385606034e-11,2.92916846333924e-08,1024,0
34,wave,apv,wave,u*dx(u),0.00339069712583587,16,1,2,0,4.42593810779776e-14,3.20479574598471e-07,96,0
34,wave,apv,wave,v*dy(u),0.00339069712583548,16,1,2,0,4.41059176041451e-14,3.20479575696247e-07,96,0
34,wave,apv,wave,w*dz(u),0.0098041222741829,16,1,2,0,7.09876601945325e-13,4.83837541587206e-07,96,0
34,wave,apv,wave,u*dx(v),0.0034067775229326,16,1,2,0,4.45587485464965e-14,3.2721025594302e-07,96,0
34,wave,apv,wave,v*dy(v),0.00340677752293243,16,1,2,0,4.45600908557762e-14,3.27210256515902e-07,96,0
34,wave,apv,wave,w*dz(v),0.00981415734180705,16,1,2,0,7.09876601945325e-13,4.83837541143117e-07,96,0
34,wave,apv,wave,u*dx(w),0,1,1,-1,0,0,0,0,96
34,wave,apv,wave,v*dy(w),0,1,1,-1,0,0,0,0,96
34,wave,apv,wave,w*dz(w),0,1,1,-1,0,0,0,0,96
34,wave,apv,wave,u*dx(eta),0.000887956525903459,16,1,2,0,6.54143406109142e-13,4.97383013331465e-07,96,0
34,wave,apv,wave,v*dy(eta),0.000887956525903446,16,1,2,0,6.54254428411605e-13,4.97385170161735e-07,96,0
34,wave,apv,wave,w*dz(eta),0.000364363630402438,16,1,2,0,7.65064123164905e-09,6.51733401912935e-07,96,0
34,wave,apv,wave,w*eta*dlogN2,0.00989252661432275,16,1,2,0,4.08784117666983e-13,4.88612645233033e-07,96,0
34,apv,wave,wave,u*dx(u),0,-1,0,1,1,0,0,0,96
34,apv,wave,wave,v*dy(u),0.00339062436482279,2,0,16,-1,4.39918734998514e-14,3.2047083160382e-07,96,0
34,apv,wave,wave,w*dz(u),0,-1,0,1,1,0,0,0,96
34,apv,wave,wave,u*dx(v),0,-1,0,1,1,0,0,0,96
34,apv,wave,wave,v*dy(v),0.00340670445358361,2,0,16,1,4.42717538801964e-14,3.27201279557256e-07,96,0
34,apv,wave,wave,w*dz(v),0,-1,0,1,1,0,0,0,96
34,apv,wave,wave,u*dx(w),0,-1,0,1,1,0,0,0,96
34,apv,wave,wave,v*dy(w),6.11258087315014e-05,2,0,15,1,8.88178419700125e-16,2.22673703698106e-07,96,0
34,apv,wave,wave,w*dz(w),0,-1,0,1,1,0,0,0,96
34,apv,wave,wave,u*dx(eta),0,-1,0,1,1,0,0,0,96
34,apv,wave,wave,v*dy(eta),0.00036502299818653,2,0,16,1,1.25455201782643e-14,3.55010226448489e-07,96,0
34,apv,wave,wave,w*dz(eta),0,-1,0,1,1,0,0,0,96
34,apv,wave,wave,w*eta*dlogN2,0,-1,0,1,1,0,0,0,96
34,wave,boundary,wave,u*dx(u),0.00164426353055841,16,1,2,0,1.09323548695988e-14,8.26948870491506e-08,64,0
34,wave,boundary,wave,v*dy(u),0.0016442635305585,16,1,2,0,1.09492965096504e-14,7.76418402050487e-08,64,0
34,wave,boundary,wave,w*dz(u),0.00333937327440152,16,1,2,0,2.72754738960146e-13,1.08855212567978e-07,64,0
34,wave,boundary,wave,u*dx(v),0.00165866266056441,16,1,2,0,1.10833139976133e-14,8.31464265963684e-08,64,0
34,wave,boundary,wave,v*dy(v),0.0016586626605645,16,1,2,0,1.09445572397452e-14,8.31464237576659e-08,64,0
34,wave,boundary,wave,w*dz(v),0.00334287318398018,16,1,2,0,2.73011857392132e-13,1.34475120716125e-07,64,0
34,wave,boundary,wave,u*dx(w),0,1,1,1,0,0,0,0,64
34,wave,boundary,wave,v*dy(w),0,1,1,1,0,0,0,0,64
34,wave,boundary,wave,w*dz(w),0,1,1,1,0,0,0,0,64
34,wave,boundary,wave,u*dx(eta),0.000310673661618187,16,1,2,0,9.76996261670138e-14,8.86924182985638e-08,64,0
34,wave,boundary,wave,v*dy(eta),0.000310673661618195,16,1,2,0,9.79216707719388e-14,7.89165941483816e-08,64,0
34,wave,boundary,wave,w*dz(eta),0.000209398996697255,15,1,2,0,2.0515034115931e-10,6.27773977246449e-08,64,0
34,wave,boundary,wave,w*eta*dlogN2,0.0126774359458323,16,1,2,0,2.85438339631128e-13,1.12372530947091e-07,64,0
34,boundary,wave,wave,u*dx(u),0,1,0,1,1,0,0,0,64
34,boundary,wave,wave,v*dy(u),0.00277567183788301,2,0,16,1,2.07728177047628e-14,1.71761329927062e-07,64,0
34,boundary,wave,wave,w*dz(u),0,1,0,1,1,0,0,0,64
34,boundary,wave,wave,u*dx(v),0,1,0,1,1,0,0,0,64
34,boundary,wave,wave,v*dy(v),0.00279857948594623,2,0,16,-1,2.09411441072515e-14,1.73114910221638e-07,64,0
34,boundary,wave,wave,w*dz(v),0,1,0,1,1,0,0,0,64
34,boundary,wave,wave,u*dx(w),0,1,0,1,1,0,0,0,64
34,boundary,wave,wave,v*dy(w),4.14137608633482e-05,2,0,15,1,5.55111512312578e-16,1.86873836849344e-07,64,0
34,boundary,wave,wave,w*dz(w),0,1,0,1,1,0,0,0,64
34,boundary,wave,wave,u*dx(eta),0,1,0,1,1,0,0,0,64
34,boundary,wave,wave,v*dy(eta),0.000332279534915475,2,0,15,1,3.21964677141295e-15,1.59291831169917e-07,64,0
34,boundary,wave,wave,w*dz(eta),0,1,0,1,1,0,0,0,64
34,boundary,wave,wave,w*eta*dlogN2,0,1,0,1,1,0,0,0,64
34,apv,boundary,wave,u*dx(u),0,-1,0,1,0,0,0,0,6
34,apv,boundary,wave,v*dy(u),0.000395478531972313,-1,0,2,0,2.60868981491626e-15,3.30513364010798e-07,6,0
34,apv,boundary,wave,w*dz(u),0,-1,0,1,0,0,0,0,6
34,apv,boundary,wave,u*dx(v),0,-1,0,1,0,0,0,0,6
34,apv,boundary,wave,v*dy(v),0.000395981005606522,-1,0,2,0,2.59947889725416e-15,3.30513364232843e-07,6,0
34,apv,boundary,wave,w*dz(v),0,-1,0,1,0,0,0,0,6
34,apv,boundary,wave,u*dx(w),0,-1,0,1,0,0,0,0,6
34,apv,boundary,wave,v*dy(w),0,-1,0,1,0,0,0,0,6
34,apv,boundary,wave,w*dz(w),0,-1,0,1,0,0,0,0,6
34,apv,boundary,wave,u*dx(eta),0,-1,0,1,0,0,0,0,6
34,apv,boundary,wave,v*dy(eta),1.42438271438643e-05,-1,0,2,0,1.69536681356272e-14,3.23847392014187e-07,6,0
34,apv,boundary,wave,w*dz(eta),0,-1,0,1,0,0,0,0,6
34,apv,boundary,wave,w*eta*dlogN2,0,-1,0,1,0,0,0,0,6
34,boundary,apv,wave,u*dx(u),0,1,0,-1,0,0,0,0,6
34,boundary,apv,wave,v*dy(u),0.000589256462362806,2,0,2,0,5.6276132451885e-15,2.67775430606854e-07,6,0
34,boundary,apv,wave,w*dz(u),0,1,0,-1,0,0,0,0,6
34,boundary,apv,wave,u*dx(v),0,1,0,-1,0,0,0,0,6
34,boundary,apv,wave,v*dy(v),0.000590158365386895,2,0,2,0,5.79008738634965e-15,2.67775430606854e-07,6,0
34,boundary,apv,wave,w*dz(v),0,1,0,-1,0,0,0,0,6
34,boundary,apv,wave,u*dx(w),0,1,0,-1,0,0,0,0,6
34,boundary,apv,wave,v*dy(w),0,1,0,-1,0,0,0,0,6
34,boundary,apv,wave,w*dz(w),0,1,0,-1,0,0,0,0,6
34,boundary,apv,wave,u*dx(eta),0,1,0,-1,0,0,0,0,6
34,boundary,apv,wave,v*dy(eta),3.73827975019138e-05,2,0,2,0,5.75095526755831e-14,6.35408188731645e-07,6,0
34,boundary,apv,wave,w*dz(eta),0,1,0,-1,0,0,0,0,6
34,boundary,apv,wave,w*eta*dlogN2,0,1,0,-1,0,0,0,0,6
34,boundary,boundary,wave,u*dx(u),0,1,0,1,0,0,0,0,4
34,boundary,boundary,wave,v*dy(u),0.000398253332874168,1,0,2,0,2.80935020137529e-15,3.11825912202579e-07,4,0
34,boundary,boundary,wave,w*dz(u),0,1,0,1,0,0,0,0,4
34,boundary,boundary,wave,u*dx(v),0,1,0,1,0,0,0,0,4
34,boundary,boundary,wave,v*dy(v),0.000398758051645173,1,0,2,0,2.81972086782776e-15,3.11825912424624e-07,4,0
34,boundary,boundary,wave,w*dz(v),0,1,0,1,0,0,0,0,4
34,boundary,boundary,wave,u*dx(w),0,1,0,1,0,0,0,0,4
34,boundary,boundary,wave,v*dy(w),0,1,0,1,0,0,0,0,4
34,boundary,boundary,wave,w*dz(w),0,1,0,1,0,0,0,0,4
34,boundary,boundary,wave,u*dx(eta),0,1,0,1,0,0,0,0,4
34,boundary,boundary,wave,v*dy(eta),1.41746156372374e-05,1,0,2,0,1.03481346085048e-14,2.63030967451172e-07,4,0
34,boundary,boundary,wave,w*dz(eta),0,1,0,1,0,0,0,0,4
34,boundary,boundary,wave,w*eta*dlogN2,0,1,0,1,0,0,0,0,4
35,wave,wave,wave,u*dx(u),0.592907038640633,16,1,15,1,1.62909019607582e-10,3.90722652010567e-08,1024,0
35,wave,wave,wave,v*dy(u),0,1,1,1,1,0,0,0,1024
35,wave,wave,wave,w*dz(u),0.593368933354561,16,1,15,1,3.48180054443592e-06,8.08040637414464e-05,1024,0
35,wave,wave,wave,u*dx(v),0.592238404098479,16,1,15,1,1.62909241652187e-10,2.93181531274556e-08,1024,0
35,wave,wave,wave,v*dy(v),0,1,1,1,1,0,0,0,1024
35,wave,wave,wave,w*dz(v),0.592681239576828,16,1,15,1,3.48180054399183e-06,8.08138186416674e-05,1024,0
35,wave,wave,wave,u*dx(w),0.000716489528954028,16,1,16,1,5.82319747977067e-11,3.90791203841445e-08,1024,0
35,wave,wave,wave,v*dy(w),0,1,1,1,1,0,0,0,1024
35,wave,wave,wave,w*dz(w),0.000716489874200817,16,1,16,1,5.82319747977067e-11,3.90796348614941e-08,1024,0
35,wave,wave,wave,u*dx(eta),0.0416474821770488,16,1,16,1,3.82766707218707e-10,2.931954445895e-08,1024,0
35,wave,wave,wave,v*dy(eta),0,1,1,1,1,0,0,0,1024
35,wave,wave,wave,w*dz(eta),0.0416475471395921,16,1,16,1,3.82767151307917e-10,2.93200066447952e-08,1024,0
35,wave,wave,wave,w*eta*dlogN2,0.0389126771810245,16,1,16,1,6.30687724267887e-11,2.92992732298103e-08,1024,0
35,wave,apv,wave,u*dx(u),0,1,1,-1,0,0,0,0,96
35,wave,apv,wave,v*dy(u),0,1,1,-1,0,0,0,0,96
35,wave,apv,wave,w*dz(u),0,1,1,-1,0,0,0,0,96
35,wave,apv,wave,u*dx(v),0.00339130919084786,16,1,2,0,4.44849625622588e-14,3.25442631964674e-07,96,0
35,wave,apv,wave,v*dy(v),0,1,1,-1,0,0,0,0,96
35,wave,apv,wave,w*dz(v),0.00981392983233666,16,1,2,0,7.09876601945325e-13,4.83837541143117e-07,96,0
35,wave,apv,wave,u*dx(w),0,1,1,-1,0,0,0,0,96
35,wave,apv,wave,v*dy(w),0,1,1,-1,0,0,0,0,96
35,wave,apv,wave,w*dz(w),0,1,1,-1,0,0,0,0,96
35,wave,apv,wave,u*dx(eta),0.000536588361816477,16,1,2,0,6.54143406109142e-13,4.97383013331465e-07,96,0
35,wave,apv,wave,v*dy(eta),0,1,1,-1,0,0,0,0,96
35,wave,apv,wave,w*dz(eta),0.000231432897383768,16,1,2,0,7.65064123164905e-09,6.51733401912935e-07,96,0
35,wave,apv,wave,w*eta*dlogN2,0.00613780944661554,16,1,2,0,4.08784117666983e-13,4.88612645233033e-07,96,0
35,apv,wave,wave,u*dx(u),0,-1,0,1,1,0,0,0,96
35,apv,wave,wave,v*dy(u),0,-1,0,1,1,0,0,0,96
35,apv,wave,wave,w*dz(u),0,-1,0,1,1,0,0,0,96
35,apv,wave,wave,u*dx(v),0,-1,0,1,1,0,0,0,96
35,apv,wave,wave,v*dy(v),0,-1,0,1,1,0,0,0,96
35,apv,wave,wave,w*dz(v),0,-1,0,1,1,0,0,0,96
35,apv,wave,wave,u*dx(w),0,-1,0,1,1,0,0,0,96
35,apv,wave,wave,v*dy(w),0,-1,0,1,1,0,0,0,96
35,apv,wave,wave,w*dz(w),0,-1,0,1,1,0,0,0,96
35,apv,wave,wave,u*dx(eta),0,-1,0,1,1,0,0,0,96
35,apv,wave,wave,v*dy(eta),0,-1,0,1,1,0,0,0,96
35,apv,wave,wave,w*dz(eta),0,-1,0,1,1,0,0,0,96
35,apv,wave,wave,w*eta*dlogN2,0,-1,0,1,1,0,0,0,96
35,wave,boundary,wave,u*dx(u),0,1,1,1,0,0,0,0,64
35,wave,boundary,wave,v*dy(u),0,1,1,1,0,0,0,0,64
35,wave,boundary,wave,w*dz(u),0,1,1,1,0,0,0,0,64
35,wave,boundary,wave,u*dx(v),0.00203439982308713,16,1,2,0,1.27119144360903e-14,1.07837675593736e-07,64,0
35,wave,boundary,wave,v*dy(v),0,1,1,1,0,0,0,0,64
35,wave,boundary,wave,w*dz(v),0.00405979653582064,16,1,2,0,3.5133173274531e-13,1.64483122233605e-07,64,0
35,wave,boundary,wave,u*dx(w),0,1,1,1,0,0,0,0,64
35,wave,boundary,wave,v*dy(w),0,1,1,1,0,0,0,0,64
35,wave,boundary,wave,w*dz(w),0,1,1,1,0,0,0,0,64
35,wave,boundary,wave,u*dx(eta),0.000227781498669967,16,1,2,0,1.0857981180834e-13,1.22298637772467e-07,64,0
35,wave,boundary,wave,v*dy(eta),0,1,1,1,0,0,0,0,64
35,wave,boundary,wave,w*dz(eta),0.000166450931727464,15,1,2,0,3.33592486967405e-10,8.48120228491567e-08,64,0
35,wave,boundary,wave,w*eta*dlogN2,0.00716094108030205,16,1,2,0,3.00648395068492e-13,1.65762990222973e-07,64,0
35,boundary,wave,wave,u*dx(u),0,1,0,1,1,0,0,0,64
35,boundary,wave,wave,v*dy(u),0,1,0,1,1,0,0,0,64
35,boundary,wave,wave,w*dz(u),0,1,0,1,1,0,0,0,64
35,boundary,wave,wave,u*dx(v),0,1,0,1,1,0,0,0,64
35,boundary,wave,wave,v*dy(v),0,1,0,1,1,0,0,0,64
35,boundary,wave,wave,w*dz(v),0,1,0,1,1,0,0,0,64
35,boundary,wave,wave,u*dx(w),0,1,0,1,1,0,0,0,64
35,boundary,wave,wave,v*dy(w),0,1,0,1,1,0,0,0,64
35,boundary,wave,wave,w*dz(w),0,1,0,1,1,0,0,0,64
35,boundary,wave,wave,u*dx(eta),0,1,0,1,1,0,0,0,64
35,boundary,wave,wave,v*dy(eta),0,1,0,1,1,0,0,0,64
35,boundary,wave,wave,w*dz(eta),0,1,0,1,1,0,0,0,64
35,boundary,wave,wave,w*eta*dlogN2,0,1,0,1,1,0,0,0,64
35,apv,boundary,wave,u*dx(u),0,-1,0,1,0,0,0,0,6
35,apv,boundary,wave,v*dy(u),0,-1,0,1,0,0,0,0,6
35,apv,boundary,wave,w*dz(u),0,-1,0,1,0,0,0,0,6
35,apv,boundary,wave,u*dx(v),0,-1,0,1,0,0,0,0,6
35,apv,boundary,wave,v*dy(v),0,-1,0,1,0,0,0,0,6
35,apv,boundary,wave,w*dz(v),0,-1,0,1,0,0,0,0,6
35,apv,boundary,wave,u*dx(w),0,-1,0,1,0,0,0,0,6
35,apv,boundary,wave,v*dy(w),0,-1,0,1,0,0,0,0,6
35,apv,boundary,wave,w*dz(w),0,-1,0,1,0,0,0,0,6
35,apv,boundary,wave,u*dx(eta),0,-1,0,1,0,0,0,0,6
35,apv,boundary,wave,v*dy(eta),0,-1,0,1,0,0,0,0,6
35,apv,boundary,wave,w*dz(eta),0,-1,0,1,0,0,0,0,6
35,apv,boundary,wave,w*eta*dlogN2,0,-1,0,1,0,0,0,0,6
35,boundary,apv,wave,u*dx(u),0,1,0,-1,0,0,0,0,6
35,boundary,apv,wave,v*dy(u),0,1,0,-1,0,0,0,0,6
35,boundary,apv,wave,w*dz(u),0,1,0,-1,0,0,0,0,6
35,boundary,apv,wave,u*dx(v),0,1,0,-1,0,0,0,0,6
35,boundary,apv,wave,v*dy(v),0,1,0,-1,0,0,0,0,6
35,boundary,apv,wave,w*dz(v),0,1,0,-1,0,0,0,0,6
35,boundary,apv,wave,u*dx(w),0,1,0,-1,0,0,0,0,6
35,boundary,apv,wave,v*dy(w),0,1,0,-1,0,0,0,0,6
35,boundary,apv,wave,w*dz(w),0,1,0,-1,0,0,0,0,6
35,boundary,apv,wave,u*dx(eta),0,1,0,-1,0,0,0,0,6
35,boundary,apv,wave,v*dy(eta),0,1,0,-1,0,0,0,0,6
35,boundary,apv,wave,w*dz(eta),0,1,0,-1,0,0,0,0,6
35,boundary,apv,wave,w*eta*dlogN2,0,1,0,-1,0,0,0,0,6
35,boundary,boundary,wave,u*dx(u),0,1,0,1,0,0,0,0,4
35,boundary,boundary,wave,v*dy(u),0,1,0,1,0,0,0,0,4
35,boundary,boundary,wave,w*dz(u),0,1,0,1,0,0,0,0,4
35,boundary,boundary,wave,u*dx(v),0,1,0,1,0,0,0,0,4
35,boundary,boundary,wave,v*dy(v),0,1,0,1,0,0,0,0,4
35,boundary,boundary,wave,w*dz(v),0,1,0,1,0,0,0,0,4
35,boundary,boundary,wave,u*dx(w),0,1,0,1,0,0,0,0,4
35,boundary,boundary,wave,v*dy(w),0,1,0,1,0,0,0,0,4
35,boundary,boundary,wave,w*dz(w),0,1,0,1,0,0,0,0,4
35,boundary,boundary,wave,u*dx(eta),0,1,0,1,0,0,0,0,4
35,boundary,boundary,wave,v*dy(eta),0,1,0,1,0,0,0,0,4
35,boundary,boundary,wave,w*dz(eta),0,1,0,1,0,0,0,0,4
35,boundary,boundary,wave,w*eta*dlogN2,0,1,0,1,0,0,0,0,4
36,wave,wave,wave,u*dx(u),0.591604404045196,16,1,15,1,1.62907465295348e-10,3.90574153019685e-08,1024,0
36,wave,wave,wave,v*dy(u),0.591604404045195,16,1,15,1,1.62907687339953e-10,2.92815903746302e-08,1024,0
36,wave,wave,wave,w*dz(u),0.592030447615865,16,1,15,1,1.24227366871121e-06,2.88105806098837e-05,1024,0
36,wave,wave,wave,u*dx(v),0.592243164735675,16,1,15,1,1.62907465295348e-10,3.90561283314383e-08,1024,0
36,wave,wave,wave,v*dy(v),0.592243164735675,16,1,15,1,1.62907465295348e-10,2.92803030710331e-08,1024,0
36,wave,wave,wave,w*dz(v),0.592686876938905,16,1,15,1,1.24227366904428e-06,2.88105818972983e-05,1024,0
36,wave,wave,wave,u*dx(w),0.00123252068552706,16,1,16,1,5.82334180876387e-11,3.90646626158286e-08,1024,0
36,wave,wave,wave,v*dy(w),0.00123252068552706,16,1,16,1,5.82335291099412e-11,2.92888376884903e-08,1024,0
36,wave,wave,wave,w*dz(w),0.00123252166805,16,1,16,1,5.82337511545461e-11,3.90651565540523e-08,1024,0
36,wave,wave,wave,u*dx(eta),0.0712951092994058,16,1,16,1,3.82776810248231e-10,2.93119372107853e-08,1024,0
36,wave,wave,wave,v*dy(eta),0.0712951092994058,16,1,16,1,3.82777143315138e-10,1.9536112283447e-08,1024,0
36,wave,wave,wave,w*dz(eta),0.07129529245919,16,1,16,1,3.82777365359743e-10,2.93125410610884e-08,1024,0
36,wave,wave,wave,w*eta*dlogN2,0.0609356606340278,16,1,16,1,6.30694385606034e-11,2.92916846333924e-08,1024,0
36,wave,apv,wave,u*dx(u),0.00339069712583587,16,1,2,0,4.42593810779776e-14,3.20479574598471e-07,96,0
36,wave,apv,wave,v*dy(u),0.00339069712583548,16,1,2,0,4.41059176041451e-14,3.20479575696247e-07,96,0
36,wave,apv,wave,w*dz(u),0.0098041222741829,16,1,2,0,7.09876601945325e-13,4.83837541587206e-07,96,0
36,wave,apv,wave,u*dx(v),0.0034067775229326,16,1,2,0,4.45587485464965e-14,3.2721025594302e-07,96,0
36,wave,apv,wave,v*dy(v),0.00340677752293243,16,1,2,0,4.45600908557762e-14,3.27210256515902e-07,96,0
36,wave,apv,wave,w*dz(v),0.00981415734180705,16,1,2,0,7.09876601945325e-13,4.83837541143117e-07,96,0
36,wave,apv,wave,u*dx(w),0,1,1,-1,0,0,0,0,96
36,wave,apv,wave,v*dy(w),0,1,1,-1,0,0,0,0,96
36,wave,apv,wave,w*dz(w),0,1,1,-1,0,0,0,0,96
36,wave,apv,wave,u*dx(eta),0.000887956525903459,16,1,2,0,6.54143406109142e-13,4.97383013331465e-07,96,0
36,wave,apv,wave,v*dy(eta),0.000887956525903446,16,1,2,0,6.54254428411605e-13,4.97385170161735e-07,96,0
36,wave,apv,wave,w*dz(eta),0.000364363630402438,16,1,2,0,7.65064123164905e-09,6.51733401912935e-07,96,0
36,wave,apv,wave,w*eta*dlogN2,0.00989252661432275,16,1,2,0,4.08784117666983e-13,4.88612645233033e-07,96,0
36,apv,wave,wave,u*dx(u),0,-1,0,1,1,0,0,0,96
36,apv,wave,wave,v*dy(u),0.00339062436482279,2,0,16,-1,4.39918734998514e-14,3.2047083160382e-07,96,0
36,apv,wave,wave,w*dz(u),0,-1,0,1,1,0,0,0,96
36,apv,wave,wave,u*dx(v),0,-1,0,1,1,0,0,0,96
36,apv,wave,wave,v*dy(v),0.00340670445358361,2,0,16,1,4.42717538801964e-14,3.27201279557256e-07,96,0
36,apv,wave,wave,w*dz(v),0,-1,0,1,1,0,0,0,96
36,apv,wave,wave,u*dx(w),0,-1,0,1,1,0,0,0,96
36,apv,wave,wave,v*dy(w),6.11258087315014e-05,2,0,15,1,8.88178419700125e-16,2.22673703698106e-07,96,0
36,apv,wave,wave,w*dz(w),0,-1,0,1,1,0,0,0,96
36,apv,wave,wave,u*dx(eta),0,-1,0,1,1,0,0,0,96
36,apv,wave,wave,v*dy(eta),0.00036502299818653,2,0,16,1,1.25455201782643e-14,3.55010226448489e-07,96,0
36,apv,wave,wave,w*dz(eta),0,-1,0,1,1,0,0,0,96
36,apv,wave,wave,w*eta*dlogN2,0,-1,0,1,1,0,0,0,96
36,wave,boundary,wave,u*dx(u),0.00164426353055841,16,1,2,0,1.09323548695988e-14,8.26948870491506e-08,64,0
36,wave,boundary,wave,v*dy(u),0.0016442635305585,16,1,2,0,1.09492965096504e-14,7.76418402050487e-08,64,0
36,wave,boundary,wave,w*dz(u),0.00333937327440152,16,1,2,0,2.72754738960146e-13,1.08855212567978e-07,64,0
36,wave,boundary,wave,u*dx(v),0.00165866266056441,16,1,2,0,1.10833139976133e-14,8.31464265963684e-08,64,0
36,wave,boundary,wave,v*dy(v),0.0016586626605645,16,1,2,0,1.09445572397452e-14,8.31464237576659e-08,64,0
36,wave,boundary,wave,w*dz(v),0.00334287318398018,16,1,2,0,2.73011857392132e-13,1.34475120716125e-07,64,0
36,wave,boundary,wave,u*dx(w),0,1,1,1,0,0,0,0,64
36,wave,boundary,wave,v*dy(w),0,1,1,1,0,0,0,0,64
36,wave,boundary,wave,w*dz(w),0,1,1,1,0,0,0,0,64
36,wave,boundary,wave,u*dx(eta),0.000310673661618187,16,1,2,0,9.76996261670138e-14,8.86924182985638e-08,64,0
36,wave,boundary,wave,v*dy(eta),0.000310673661618195,16,1,2,0,9.79216707719388e-14,7.89165941483816e-08,64,0
36,wave,boundary,wave,w*dz(eta),0.000209398996697255,15,1,2,0,2.0515034115931e-10,6.27773977246449e-08,64,0
36,wave,boundary,wave,w*eta*dlogN2,0.0126774359458323,16,1,2,0,2.85438339631128e-13,1.12372530947091e-07,64,0
36,boundary,wave,wave,u*dx(u),0,1,0,1,1,0,0,0,64
36,boundary,wave,wave,v*dy(u),0.00277567183788301,2,0,16,1,2.07728177047628e-14,1.71761329927062e-07,64,0
36,boundary,wave,wave,w*dz(u),0,1,0,1,1,0,0,0,64
36,boundary,wave,wave,u*dx(v),0,1,0,1,1,0,0,0,64
36,boundary,wave,wave,v*dy(v),0.00279857948594623,2,0,16,-1,2.09411441072515e-14,1.73114910221638e-07,64,0
36,boundary,wave,wave,w*dz(v),0,1,0,1,1,0,0,0,64
36,boundary,wave,wave,u*dx(w),0,1,0,1,1,0,0,0,64
36,boundary,wave,wave,v*dy(w),4.14137608633482e-05,2,0,15,1,5.55111512312578e-16,1.86873836849344e-07,64,0
36,boundary,wave,wave,w*dz(w),0,1,0,1,1,0,0,0,64
36,boundary,wave,wave,u*dx(eta),0,1,0,1,1,0,0,0,64
36,boundary,wave,wave,v*dy(eta),0.000332279534915475,2,0,15,1,3.21964677141295e-15,1.59291831169917e-07,64,0
36,boundary,wave,wave,w*dz(eta),0,1,0,1,1,0,0,0,64
36,boundary,wave,wave,w*eta*dlogN2,0,1,0,1,1,0,0,0,64
36,apv,boundary,wave,u*dx(u),0,-1,0,1,0,0,0,0,6
36,apv,boundary,wave,v*dy(u),0.000395478531972313,-1,0,2,0,2.60868981491626e-15,3.30513364010798e-07,6,0
36,apv,boundary,wave,w*dz(u),0,-1,0,1,0,0,0,0,6
36,apv,boundary,wave,u*dx(v),0,-1,0,1,0,0,0,0,6
36,apv,boundary,wave,v*dy(v),0.000395981005606522,-1,0,2,0,2.59947889725416e-15,3.30513364232843e-07,6,0
36,apv,boundary,wave,w*dz(v),0,-1,0,1,0,0,0,0,6
36,apv,boundary,wave,u*dx(w),0,-1,0,1,0,0,0,0,6
36,apv,boundary,wave,v*dy(w),0,-1,0,1,0,0,0,0,6
36,apv,boundary,wave,w*dz(w),0,-1,0,1,0,0,0,0,6
36,apv,boundary,wave,u*dx(eta),0,-1,0,1,0,0,0,0,6
36,apv,boundary,wave,v*dy(eta),1.42438271438643e-05,-1,0,2,0,1.69536681356272e-14,3.23847392014187e-07,6,0
36,apv,boundary,wave,w*dz(eta),0,-1,0,1,0,0,0,0,6
36,apv,boundary,wave,w*eta*dlogN2,0,-1,0,1,0,0,0,0,6
36,boundary,apv,wave,u*dx(u),0,1,0,-1,0,0,0,0,6
36,boundary,apv,wave,v*dy(u),0.000589256462362806,2,0,2,0,5.6276132451885e-15,2.67775430606854e-07,6,0
36,boundary,apv,wave,w*dz(u),0,1,0,-1,0,0,0,0,6
36,boundary,apv,wave,u*dx(v),0,1,0,-1,0,0,0,0,6
36,boundary,apv,wave,v*dy(v),0.000590158365386895,2,0,2,0,5.79008738634965e-15,2.67775430606854e-07,6,0
36,boundary,apv,wave,w*dz(v),0,1,0,-1,0,0,0,0,6
36,boundary,apv,wave,u*dx(w),0,1,0,-1,0,0,0,0,6
36,boundary,apv,wave,v*dy(w),0,1,0,-1,0,0,0,0,6
36,boundary,apv,wave,w*dz(w),0,1,0,-1,0,0,0,0,6
36,boundary,apv,wave,u*dx(eta),0,1,0,-1,0,0,0,0,6
36,boundary,apv,wave,v*dy(eta),3.73827975019138e-05,2,0,2,0,5.75095526755831e-14,6.35408188731645e-07,6,0
36,boundary,apv,wave,w*dz(eta),0,1,0,-1,0,0,0,0,6
36,boundary,apv,wave,w*eta*dlogN2,0,1,0,-1,0,0,0,0,6
36,boundary,boundary,wave,u*dx(u),0,1,0,1,0,0,0,0,4
36,boundary,boundary,wave,v*dy(u),0.000398253332874168,1,0,2,0,2.80935020137529e-15,3.11825912202579e-07,4,0
36,boundary,boundary,wave,w*dz(u),0,1,0,1,0,0,0,0,4
36,boundary,boundary,wave,u*dx(v),0,1,0,1,0,0,0,0,4
36,boundary,boundary,wave,v*dy(v),0.000398758051645173,1,0,2,0,2.81972086782776e-15,3.11825912424624e-07,4,0
36,boundary,boundary,wave,w*dz(v),0,1,0,1,0,0,0,0,4
36,boundary,boundary,wave,u*dx(w),0,1,0,1,0,0,0,0,4
36,boundary,boundary,wave,v*dy(w),0,1,0,1,0,0,0,0,4
36,boundary,boundary,wave,w*dz(w),0,1,0,1,0,0,0,0,4
36,boundary,boundary,wave,u*dx(eta),0,1,0,1,0,0,0,0,4
36,boundary,boundary,wave,v*dy(eta),1.41746156372374e-05,1,0,2,0,1.03481346085048e-14,2.63030967451172e-07,4,0
36,boundary,boundary,wave,w*dz(eta),0,1,0,1,0,0,0,0,4
36,boundary,boundary,wave,w*eta*dlogN2,0,1,0,1,0,0,0,0,4
37,wave,wave,wave,u*dx(u),0.592906201846017,15,-1,16,1,1.62904800760089e-10,3.90818427620232e-08,1024,0
37,wave,wave,wave,v*dy(u),0.592906201846017,16,-1,15,1,1.62904800760089e-10,3.90842656017298e-08,1024,0
37,wave,wave,wave,w*dz(u),0.593367472579309,16,1,15,1,6.20170097265227e-06,0.000143964226817062,1024,0
37,wave,wave,wave,u*dx(v),0.590250368488579,16,-1,15,1,1.62905022804694e-10,3.90842658237744e-08,1024,0
37,wave,wave,wave,v*dy(v),0.590250368488579,16,-1,15,1,1.62904578715484e-10,3.90866887745034e-08,1024,0
37,wave,wave,wave,w*dz(v),0.590638754444752,16,1,15,1,6.20170097276329e-06,0.000143964224393667,1024,0
37,wave,wave,wave,u*dx(w),0.0014326703876873,16,1,16,1,5.82327519538239e-11,3.90923480253491e-08,1024,0
37,wave,wave,wave,v*dy(w),0.0014326703876873,16,1,16,1,5.82326409315215e-11,3.90947710871004e-08,1024,0
37,wave,wave,wave,w*dz(w),0.0014326703876873,16,1,16,1,5.82328629761264e-11,3.90956238494056e-08,1024,0
37,wave,wave,wave,u*dx(eta),0.0827005348215406,16,1,16,1,3.8277181424462e-10,2.93163603393154e-08,1024,0
37,wave,wave,wave,v*dy(eta),0.0827005348215406,16,1,16,1,3.82771703222318e-10,2.93187836231112e-08,1024,0
37,wave,wave,wave,w*dz(eta),0.0827005348215405,16,1,16,1,3.82771481177713e-10,2.93196363854165e-08,1024,0
37,wave,wave,wave,w*eta*dlogN2,0.068805453411772,16,1,16,1,6.30689944713936e-11,2.92987637484643e-08,1024,0
37,wave,apv,wave,u*dx(u),0.0034233775242826,16,1,2,0,4.4675574616711e-14,3.34066042537843e-07,96,0
37,wave,apv,wave,v*dy(u),0.00342337752428226,16,1,2,0,4.4279140534415e-14,3.34066042385438e-07,96,0
37,wave,apv,wave,w*dz(u),0.00982461093728323,16,1,2,0,7.09876601945325e-13,4.84065663807267e-07,96,0
37,wave,apv,wave,u*dx(v),0.00336581805624148,16,1,2,0,4.3685839794967e-14,3.12550463328222e-07,96,0
37,wave,apv,wave,v*dy(v),0.00336581805624145,16,1,2,0,4.34220502158793e-14,3.12550461903913e-07,96,0
37,wave,apv,wave,w*dz(v),0.00978301044943525,16,1,2,0,7.09876601945325e-13,4.83822918839749e-07,96,0
37,wave,apv,wave,u*dx(w),0,1,1,-1,0,0,0,0,96
37,wave,apv,wave,v*dy(w),0,1,1,-1,0,0,0,0,96
37,wave,apv,wave,w*dz(w),0,1,1,-1,0,0,0,0,96
37,wave,apv,wave,u*dx(eta),0.00102027263911554,16,1,2,0,6.54587495318992e-13,4.97382226294363e-07,96,0
37,wave,apv,wave,v*dy(eta),0.00102027263911553,16,1,2,0,6.54254428411605e-13,4.97381351660664e-07,96,0
37,wave,apv,wave,w*dz(eta),0.00041276539642801,16,1,2,0,7.65073582265074e-09,6.51733799816867e-07,96,0
37,wave,apv,wave,w*eta*dlogN2,0.0112734509666611,16,1,2,0,4.0867309536452e-13,4.88597093228904e-07,96,0
37,apv,wave,wave,u*dx(u),0.00342337752428261,2,0,16,1,4.46873763520549e-14,3.34066042548082e-07,96,0
37,apv,wave,wave,v*dy(u),0.00342337752428266,2,0,16,1,4.46917359635992e-14,3.34066042539735e-07,96,0
37,apv,wave,wave,w*dz(u),0,-1,0,1,1,0,0,0,96
37,apv,wave,wave,u*dx(v),0.00336581805624145,2,0,16,1,4.34613349974807e-14,3.12550461944258e-07,96,0
37,apv,wave,wave,v*dy(v),0.0033658180562415,2,0,16,1,4.34832999307945e-14,3.1255046188406e-07,96,0
37,apv,wave,wave,w*dz(v),0,-1,0,1,1,0,0,0,96
37,apv,wave,wave,u*dx(w),7.10408128378327e-05,2,0,15,1,6.66133814775094e-16,2.22520933457204e-07,96,0
37,apv,wave,wave,v*dy(w),7.10408128378333e-05,2,0,15,1,6.66133814775094e-16,2.22520933457204e-07,96,0
37,apv,wave,wave,w*dz(w),0,-1,0,1,1,0,0,0,96
37,apv,wave,wave,u*dx(eta),0.000413528614537773,2,0,16,1,1.24344978758018e-14,3.7207512233923e-07,96,0
37,apv,wave,wave,v*dy(eta),0.000413528614537777,2,0,16,1,1.24344978758018e-14,3.72075122459908e-07,96,0
37,apv,wave,wave,w*dz(eta),0,-1,0,1,1,0,0,0,96
37,apv,wave,wave,w*eta*dlogN2,0,-1,0,1,1,0,0,0,96
37,wave,boundary,wave,u*dx(u),0.002326277616068,16,1,2,0,1.5390481089788e-14,1.42655155983527e-07,64,0
37,wave,boundary,wave,v*dy(u),0.00232627761606796,16,1,2,0,1.52735842534106e-14,1.42655160646151e-07,64,0
37,wave,boundary,wave,w*dz(u),0.00452570798106398,16,1,2,0,4.03240521314331e-13,2.50894538059092e-07,64,0
37,wave,boundary,wave,u*dx(v),0.00225817960208492,16,1,2,0,1.48183184929381e-14,1.21298276645199e-07,64,0
37,wave,boundary,wave,v*dy(v),0.00225817960208488,16,1,2,0,1.49085236771745e-14,1.21300699595928e-07,64,0
37,wave,boundary,wave,w*dz(v),0.00450581904783396,16,1,2,0,4.01901442239251e-13,2.13196974629959e-07,64,0
37,wave,boundary,wave,u*dx(w),0,1,1,1,0,0,0,0,64
37,wave,boundary,wave,v*dy(w),0,1,1,1,0,0,0,0,64
37,wave,boundary,wave,w*dz(w),0,1,1,1,0,0,0,0,64
37,wave,boundary,wave,u*dx(eta),0.000479137342960001,16,1,2,0,1.36224365121507e-13,1.55448000360714e-07,64,0
37,wave,boundary,wave,v*dy(eta),0.000479137342959981,16,1,2,0,1.36224365121507e-13,1.55450423422465e-07,64,0
37,wave,boundary,wave,w*dz(eta),0.000317105439416276,15,1,2,0,4.53190152072125e-10,1.01666832175162e-07,64,0
37,wave,boundary,wave,w*eta*dlogN2,0.0122657778603227,16,1,2,0,3.05644398679306e-13,2.13383637204245e-07,64,0
37,boundary,wave,wave,u*dx(u),0.00232627761606799,2,0,16,1,1.54076141890915e-14,1.4265515603702e-07,64,0
37,boundary,wave,wave,v*dy(u),0.002326277616068,2,0,16,1,1.54238327692187e-14,1.42655155975994e-07,64,0
37,boundary,wave,wave,w*dz(u),0,1,0,1,1,0,0,0,64
37,boundary,wave,wave,u*dx(v),0.00225817960208488,2,0,16,1,1.48900794567916e-14,1.2130069970695e-07,64,0
37,boundary,wave,wave,v*dy(v),0.00225817960208487,2,0,16,1,1.49328909585307e-14,1.2130069970695e-07,64,0
37,boundary,wave,wave,w*dz(v),0,1,0,1,1,0,0,0,64
37,boundary,wave,wave,u*dx(w),3.7174779126021e-05,2,0,15,1,4.44089209850063e-16,1.29552077732242e-07,64,0
37,boundary,wave,wave,v*dy(w),3.7174779126021e-05,2,0,15,1,6.66133814775094e-16,1.29552077732242e-07,64,0
37,boundary,wave,wave,w*dz(w),0,1,0,1,1,0,0,0,64
37,boundary,wave,wave,u*dx(eta),0.000318142489303309,2,0,15,1,3.33066907387547e-15,1.13984836125347e-07,64,0
37,boundary,wave,wave,v*dy(eta),0.000318142489303322,2,0,15,1,3.33066907387547e-15,1.13984836125347e-07,64,0
37,boundary,wave,wave,w*dz(eta),0,1,0,1,1,0,0,0,64
37,boundary,wave,wave,w*eta*dlogN2,0,1,0,1,1,0,0,0,64
37,apv,boundary,wave,u*dx(u),0.000525304139855304,-1,0,2,0,3.9553340377943e-15,3.08769684310735e-07,6,0
37,apv,boundary,wave,v*dy(u),0.000525304139855303,-1,0,2,0,3.92734491987475e-15,3.08769684229836e-07,6,0
37,apv,boundary,wave,w*dz(u),0,-1,0,1,0,0,0,0,6
37,apv,boundary,wave,u*dx(v),0.000522557680058483,-1,0,2,0,4.21135647056954e-15,2.91042544731113e-07,6,0
37,apv,boundary,wave,v*dy(v),0.000522557680058459,-1,0,2,0,4.2153803721139e-15,2.91042544731113e-07,6,0
37,apv,boundary,wave,w*dz(v),0,-1,0,1,0,0,0,0,6
37,apv,boundary,wave,u*dx(w),0,-1,0,1,0,0,0,0,6
37,apv,boundary,wave,v*dy(w),0,-1,0,1,0,0,0,0,6
37,apv,boundary,wave,w*dz(w),0,-1,0,1,0,0,0,0,6
37,apv,boundary,wave,u*dx(eta),2.18355468497453e-05,-1,0,2,0,3.50830475781549e-14,2.40172792320692e-07,6,0
37,apv,boundary,wave,v*dy(eta),2.18355468497452e-05,-1,0,2,0,3.49720252756924e-14,2.40172792320692e-07,6,0
37,apv,boundary,wave,w*dz(eta),0,-1,0,1,0,0,0,0,6
37,apv,boundary,wave,w*eta*dlogN2,0,-1,0,1,0,0,0,0,6
37,boundary,apv,wave,u*dx(u),0.000525304139855349,2,0,-1,0,3.95375305215105e-15,3.08769684326343e-07,6,0
37,boundary,apv,wave,v*dy(u),0.000525304139855332,2,0,-1,0,3.94693935728752e-15,3.08769684331456e-07,6,0
37,boundary,apv,wave,w*dz(u),0,1,0,-1,0,0,0,0,6
37,boundary,apv,wave,u*dx(v),0.000522557680058489,2,0,-1,0,4.22772973411563e-15,2.91042544731113e-07,6,0
37,boundary,apv,wave,v*dy(v),0.00052255768005849,2,0,-1,0,4.20289945541007e-15,2.91042544509068e-07,6,0
37,boundary,apv,wave,w*dz(v),0,1,0,-1,0,0,0,0,6
37,boundary,apv,wave,u*dx(w),0,1,0,-1,0,0,0,0,6
37,boundary,apv,wave,v*dy(w),0,1,0,-1,0,0,0,0,6
37,boundary,apv,wave,w*dz(w),0,1,0,-1,0,0,0,0,6
37,boundary,apv,wave,u*dx(eta),4.9954537677853e-05,2,0,1,0,4.89608353859694e-14,6.05243798412758e-07,6,0
37,boundary,apv,wave,v*dy(eta),4.99545376779257e-05,2,0,1,0,4.89608353859694e-14,6.05243798301736e-07,6,0
37,boundary,apv,wave,w*dz(eta),0,1,0,-1,0,0,0,0,6
37,boundary,apv,wave,w*eta*dlogN2,0,1,0,-1,0,0,0,0,6
37,boundary,boundary,wave,u*dx(u),0.000467028299656293,2,0,1,0,2.61968358193822e-15,5.99653979304181e-07,4,0
37,boundary,boundary,wave,v*dy(u),0.000467028299656242,2,0,1,0,2.58824894665044e-15,5.9965397944165e-07,4,0
37,boundary,boundary,wave,w*dz(u),0,1,0,1,0,0,0,0,4
37,boundary,boundary,wave,u*dx(v),0.000464569099538348,2,0,1,0,2.46713566064859e-15,4.91259867896332e-07,4,0
37,boundary,boundary,wave,v*dy(v),0.000464569099538304,1,0,2,0,2.45172306831809e-15,4.91259867896332e-07,4,0
37,boundary,boundary,wave,w*dz(v),0,1,0,1,0,0,0,0,4
37,boundary,boundary,wave,u*dx(w),0,1,0,1,0,0,0,0,4
37,boundary,boundary,wave,v*dy(w),0,1,0,1,0,0,0,0,4
37,boundary,boundary,wave,w*dz(w),0,1,0,1,0,0,0,0,4
37,boundary,boundary,wave,u*dx(eta),3.73078057349783e-05,2,0,1,0,7.4273920347423e-14,2.96784445388908e-07,4,0
37,boundary,boundary,wave,v*dy(eta),3.73078057349674e-05,2,0,1,0,7.4273920347423e-14,2.96784445364028e-07,4,0
37,boundary,boundary,wave,w*dz(eta),0,1,0,1,0,0,0,0,4
37,boundary,boundary,wave,w*eta*dlogN2,0,1,0,1,0,0,0,0,4
38,wave,wave,wave,u*dx(u),0.591612762268819,15,1,16,1,1.62909907786002e-10,3.91024537194085e-08,1024,0
38,wave,wave,wave,v*dy(u),0,1,1,1,1,0,0,0,1024
38,wave,wave,wave,w*dz(u),0.592037625671452,16,1,15,1,2.86751751263914e-05,0.000324320270373324,1024,0
38,wave,wave,wave,u*dx(v),0.590263484258241,15,1,16,1,1.62909685741397e-10,2.93266284590032e-08,1024,0
38,wave,wave,wave,v*dy(v),0,1,1,1,1,0,0,0,1024
38,wave,wave,wave,w*dz(v),0.590651740616409,16,1,15,1,2.86751751266134e-05,0.000324330049369381,1024,0
38,wave,wave,wave,u*dx(w),0.00174855318966164,16,1,16,1,5.82307535523796e-11,3.91099229668512e-08,1024,0
38,wave,wave,wave,v*dy(w),0,1,1,1,1,0,0,0,1024
38,wave,wave,wave,w*dz(w),0.00174855263831916,16,1,16,1,5.82309755969845e-11,3.91125558607541e-08,1024,0
38,wave,wave,wave,u*dx(eta),0.100575103521629,16,1,16,1,3.82761489170491e-10,2.93285865593518e-08,1024,0
38,wave,wave,wave,v*dy(eta),0,1,1,1,1,0,0,0,1024
38,wave,wave,wave,w*dz(eta),0.100575001706309,16,1,16,1,3.82761378148189e-10,2.93312646393318e-08,1024,0
38,wave,wave,wave,w*eta*dlogN2,0.0807485090441822,16,1,16,1,6.30682173152763e-11,2.93109990723295e-08,1024,0
38,wave,apv,wave,u*dx(u),0,1,1,-1,0,0,0,0,96
38,wave,apv,wave,v*dy(u),0,1,1,-1,0,0,0,0,96
38,wave,apv,wave,w*dz(u),0,1,1,-1,0,0,0,0,96
38,wave,apv,wave,u*dx(v),0.00337555013298022,16,1,2,0,4.38462857623813e-14,3.12733433924183e-07,96,0
38,wave,apv,wave,v*dy(v),0,1,1,-1,0,0,0,0,96
38,wave,apv,wave,w*dz(v),0.0097833761843474,16,1,2,0,7.09876601945325e-13,4.83822918839749e-07,96,0
38,wave,apv,wave,u*dx(w),0,1,1,-1,0,0,0,0,96
38,wave,apv,wave,v*dy(w),0,1,1,-1,0,0,0,0,96
38,wave,apv,wave,w*dz(w),0,1,1,-1,0,0,0,0,96
38,wave,apv,wave,u*dx(eta),0.0012260520042833,16,1,2,0,6.54587495318992e-13,4.97382226294363e-07,96,0
38,wave,apv,wave,v*dy(eta),0,1,1,-1,0,0,0,0,96
38,wave,apv,wave,w*dz(eta),0.000487358247449622,16,1,2,0,7.65073582265074e-09,6.51733799816867e-07,96,0
38,wave,apv,wave,w*eta*dlogN2,0.013397812848533,16,1,2,0,4.0867309536452e-13,4.88597093228904e-07,96,0
38,apv,wave,wave,u*dx(u),0.00340001525631495,2,0,16,1,4.4273683711159e-14,3.22452645993627e-07,96,0
38,apv,wave,wave,v*dy(u),0,-1,0,1,1,0,0,0,96
38,apv,wave,wave,w*dz(u),0,-1,0,1,1,0,0,0,96
38,apv,wave,wave,u*dx(v),0.00337557875601303,2,0,16,1,4.37390194654643e-14,3.12733024011273e-07,96,0
38,apv,wave,wave,v*dy(v),0,-1,0,1,1,0,0,0,96
38,apv,wave,wave,w*dz(v),0,-1,0,1,1,0,0,0,96
38,apv,wave,wave,u*dx(w),8.66787218947371e-05,2,0,15,1,9.99200722162641e-16,2.22434809016292e-07,96,0
38,apv,wave,wave,v*dy(w),0,-1,0,1,1,0,0,0,96
38,apv,wave,wave,w*dz(w),0,-1,0,1,1,0,0,0,96
38,apv,wave,wave,u*dx(eta),0.000488290196308,2,0,16,1,1.25455201782643e-14,3.90891001254724e-07,96,0
38,apv,wave,wave,v*dy(eta),0,-1,0,1,1,0,0,0,96
38,apv,wave,wave,w*dz(eta),0,-1,0,1,1,0,0,0,96
38,apv,wave,wave,w*eta*dlogN2,0,-1,0,1,1,0,0,0,96
38,wave,boundary,wave,u*dx(u),0,1,1,1,0,0,0,0,64
38,wave,boundary,wave,v*dy(u),0,1,1,1,0,0,0,0,64
38,wave,boundary,wave,w*dz(u),0,1,1,1,0,0,0,0,64
38,wave,boundary,wave,u*dx(v),0.002757736052792,16,1,2,0,2.0635645586747e-14,1.69581465628367e-07,64,0
38,wave,boundary,wave,v*dy(v),0,1,1,1,0,0,0,0,64
38,wave,boundary,wave,w*dz(v),0.00541996216887723,16,1,2,0,5.17380540115631e-13,4.03023675654701e-07,64,0
38,wave,boundary,wave,u*dx(w),0,1,1,1,0,0,0,0,64
38,wave,boundary,wave,v*dy(w),0,1,1,1,0,0,0,0,64
38,wave,boundary,wave,w*dz(w),0,1,1,1,0,0,0,0,64
38,wave,boundary,wave,u*dx(eta),0.000689107482746636,16,1,2,0,2.1405099914773e-13,3.24311593358217e-07,64,0
38,wave,boundary,wave,v*dy(eta),0,1,1,1,0,0,0,0,64
38,wave,boundary,wave,w*dz(eta),0.000430908128744318,15,1,2,0,9.57774304310988e-10,1.31249263568556e-07,64,0
38,wave,boundary,wave,w*eta*dlogN2,0.0121417912300121,16,1,2,0,3.03979064142368e-13,4.04945280307878e-07,64,0
38,boundary,wave,wave,u*dx(u),0.00229955629234691,2,0,16,1,1.50882299872465e-14,1.32015989001086e-07,64,0
38,boundary,wave,wave,v*dy(u),0,1,0,1,1,0,0,0,64
38,boundary,wave,wave,w*dz(u),0,1,0,1,1,0,0,0,64
38,boundary,wave,wave,u*dx(v),0.00227147769067189,2,0,16,1,1.53768762998143e-14,1.19964714305262e-07,64,0
38,boundary,wave,wave,v*dy(v),0,1,0,1,1,0,0,0,64
38,boundary,wave,wave,w*dz(v),0,1,0,1,1,0,0,0,64
38,boundary,wave,wave,u*dx(w),4.53598254287097e-05,2,0,15,1,4.44089209850063e-16,1.29567822582111e-07,64,0
38,boundary,wave,wave,v*dy(w),0,1,0,1,1,0,0,0,64
38,boundary,wave,wave,w*dz(w),0,1,0,1,1,0,0,0,64
38,boundary,wave,wave,u*dx(eta),0.000370463800884048,2,0,15,1,2.99760216648792e-15,1.13993894546027e-07,64,0
38,boundary,wave,wave,v*dy(eta),0,1,0,1,1,0,0,0,64
38,boundary,wave,wave,w*dz(eta),0,1,0,1,1,0,0,0,64
38,boundary,wave,wave,w*eta*dlogN2,0,1,0,1,1,0,0,0,64
38,apv,boundary,wave,u*dx(u),0,-1,0,1,0,0,0,0,6
38,apv,boundary,wave,v*dy(u),0,-1,0,1,0,0,0,0,6
38,apv,boundary,wave,w*dz(u),0,-1,0,1,0,0,0,0,6
38,apv,boundary,wave,u*dx(v),0.000587534075940702,2,0,2,0,5.6188066918603e-15,2.67775430495831e-07,6,0
38,apv,boundary,wave,v*dy(v),0,-1,0,1,0,0,0,0,6
38,apv,boundary,wave,w*dz(v),0,-1,0,1,0,0,0,0,6
38,apv,boundary,wave,u*dx(w),0,-1,0,1,0,0,0,0,6
38,apv,boundary,wave,v*dy(w),0,-1,0,1,0,0,0,0,6
38,apv,boundary,wave,w*dz(w),0,-1,0,1,0,0,0,0,6
38,apv,boundary,wave,u*dx(eta),3.30410997697294e-05,2,0,2,0,5.6843418860808e-14,3.48750239131945e-07,6,0
38,apv,boundary,wave,v*dy(eta),0,-1,0,1,0,0,0,0,6
38,apv,boundary,wave,w*dz(eta),0,-1,0,1,0,0,0,0,6
38,apv,boundary,wave,w*eta*dlogN2,0,-1,0,1,0,0,0,0,6
38,boundary,apv,wave,u*dx(u),0,1,0,-1,0,0,0,0,6
38,boundary,apv,wave,v*dy(u),0,1,0,-1,0,0,0,0,6
38,boundary,apv,wave,w*dz(u),0,1,0,-1,0,0,0,0,6
38,boundary,apv,wave,u*dx(v),0.00052258280239633,2,0,-1,0,3.93230243480577e-15,2.91042544731113e-07,6,0
38,boundary,apv,wave,v*dy(v),0,1,0,-1,0,0,0,0,6
38,boundary,apv,wave,w*dz(v),0,1,0,-1,0,0,0,0,6
38,boundary,apv,wave,u*dx(w),0,1,0,-1,0,0,0,0,6
38,boundary,apv,wave,v*dy(w),0,1,0,-1,0,0,0,0,6
38,boundary,apv,wave,w*dz(w),0,1,0,-1,0,0,0,0,6
38,boundary,apv,wave,u*dx(eta),5.99709974371625e-05,2,0,1,0,4.89608353859694e-14,6.05243798412758e-07,6,0
38,boundary,apv,wave,v*dy(eta),0,1,0,-1,0,0,0,0,6
38,boundary,apv,wave,w*dz(eta),0,1,0,-1,0,0,0,0,6
38,boundary,apv,wave,w*eta*dlogN2,0,1,0,-1,0,0,0,0,6
38,boundary,boundary,wave,u*dx(u),0,1,0,1,0,0,0,0,4
38,boundary,boundary,wave,v*dy(u),0,1,0,1,0,0,0,0,4
38,boundary,boundary,wave,w*dz(u),0,1,0,1,0,0,0,0,4
38,boundary,boundary,wave,u*dx(v),0.000511472185219434,2,0,1,0,2.81232057837609e-15,2.89220650318001e-07,4,0
38,boundary,boundary,wave,v*dy(v),0,1,0,1,0,0,0,0,4
38,boundary,boundary,wave,w*dz(v),0,1,0,1,0,0,0,0,4
38,boundary,boundary,wave,u*dx(w),0,1,0,1,0,0,0,0,4
38,boundary,boundary,wave,v*dy(w),0,1,0,1,0,0,0,0,4
38,boundary,boundary,wave,w*dz(w),0,1,0,1,0,0,0,0,4
38,boundary,boundary,wave,u*dx(eta),5.31183375424352e-05,2,0,1,0,8.17124146124115e-14,5.02618368813934e-07,4,0
38,boundary,boundary,wave,v*dy(eta),0,1,0,1,0,0,0,0,4
38,boundary,boundary,wave,w*dz(eta),0,1,0,1,0,0,0,0,4
38,boundary,boundary,wave,w*eta*dlogN2,0,1,0,1,0,0,0,0,4
39,wave,wave,wave,u*dx(u),0,1,1,1,1,0,0,0,1024
39,wave,wave,wave,v*dy(u),0.592906482101361,15,1,16,1,1.62907243250743e-10,2.93150831387479e-08,1024,0
39,wave,wave,wave,w*dz(u),0.59336719471043,16,1,15,1,1.37417613453872e-05,0.000168933563639229,1024,0
39,wave,wave,wave,u*dx(v),0,1,1,1,1,0,0,0,1024
39,wave,wave,wave,v*dy(v),0.592237848264683,15,1,16,1,1.62907465295348e-10,3.90817708195712e-08,1024,0
39,wave,wave,wave,w*dz(v),0.59267950328237,16,1,15,1,1.37417613451651e-05,0.000168923795301312,1024,0
39,wave,wave,wave,u*dx(w),0,1,1,1,1,0,0,0,1024
39,wave,wave,wave,v*dy(w),0.000716489776512815,16,1,16,1,5.82318637754042e-11,3.9089023129435e-08,1024,0
39,wave,wave,wave,w*dz(w),0.000716489661430536,16,1,16,1,5.82317527531018e-11,3.90898429181163e-08,1024,0
39,wave,wave,wave,u*dx(eta),0,1,1,1,1,0,0,0,1024
39,wave,wave,wave,v*dy(eta),0.0416475239604705,16,1,16,1,3.82766263129497e-10,2.93167666809424e-08,1024,0
39,wave,wave,wave,w*dz(eta),0.04164750230629,16,1,16,1,3.82766485174102e-10,2.93177169208292e-08,1024,0
39,wave,wave,wave,w*eta*dlogN2,0.0389126812494024,16,1,16,1,6.30689944713936e-11,2.92967564652358e-08,1024,0
39,wave,apv,wave,u*dx(u),0,1,1,-1,0,0,0,0,96
39,wave,apv,wave,v*dy(u),0.00342349614907207,16,1,2,0,4.46355826213277e-14,3.34087801531103e-07,96,0
39,wave,apv,wave,w*dz(u),0.00982459740851489,16,1,2,0,7.09876601945325e-13,4.84195122670037e-07,96,0
39,wave,apv,wave,u*dx(v),0,1,1,-1,0,0,0,0,96
39,wave,apv,wave,v*dy(v),0,1,1,-1,0,0,0,0,96
39,wave,apv,wave,w*dz(v),0,1,1,-1,0,0,0,0,96
39,wave,apv,wave,u*dx(w),0,1,1,-1,0,0,0,0,96
39,wave,apv,wave,v*dy(w),0,1,1,-1,0,0,0,0,96
39,wave,apv,wave,w*dz(w),0,1,1,-1,0,0,0,0,96
39,wave,apv,wave,u*dx(eta),0,1,1,-1,0,0,0,0,96
39,wave,apv,wave,v*dy(eta),0.000536588404075932,16,1,2,0,6.54254428411605e-13,4.97381351660664e-07,96,0
39,wave,apv,wave,w*dz(eta),0.000231434318674181,16,1,2,0,7.65073582265074e-09,6.51733799816867e-07,96,0
39,wave,apv,wave,w*eta*dlogN2,0.00613778850604625,16,1,2,0,4.0867309536452e-13,4.88597093228904e-07,96,0
39,apv,wave,wave,u*dx(u),0,-1,0,1,1,0,0,0,96
39,apv,wave,wave,v*dy(u),0.00342351094555249,2,0,16,1,4.49476549162231e-14,3.34089624793329e-07,96,0
39,apv,wave,wave,w*dz(u),0,-1,0,1,1,0,0,0,96
39,apv,wave,wave,u*dx(v),0,-1,0,1,1,0,0,0,96
39,apv,wave,wave,v*dy(v),0.00339129510024432,2,0,16,1,4.4010786350192e-14,3.25440848107646e-07,96,0
39,apv,wave,wave,w*dz(v),0,-1,0,1,1,0,0,0,96
39,apv,wave,wave,u*dx(w),0,-1,0,1,1,0,0,0,96
39,apv,wave,wave,v*dy(w),3.55439854449977e-05,2,0,15,1,9.99200722162641e-16,2.2249170483768e-07,96,0
39,apv,wave,wave,w*dz(w),0,-1,0,1,1,0,0,0,96
39,apv,wave,wave,u*dx(eta),0,-1,0,1,1,0,0,0,96
39,apv,wave,wave,v*dy(eta),0.000231807228360881,2,0,16,1,1.24344978758018e-14,2.75265584554468e-07,96,0
39,apv,wave,wave,w*dz(eta),0,-1,0,1,1,0,0,0,96
39,apv,wave,wave,w*eta*dlogN2,0,-1,0,1,1,0,0,0,96
39,wave,boundary,wave,u*dx(u),0,1,1,1,0,0,0,0,64
39,wave,boundary,wave,v*dy(u),0.00259229246348384,16,1,2,0,1.76701175110508e-14,1.70671812748948e-07,64,0
39,wave,boundary,wave,w*dz(u),0.0050088641126247,16,1,2,0,4.59840523240139e-13,3.16057573224175e-07,64,0
39,wave,boundary,wave,u*dx(v),0,1,1,1,0,0,0,0,64
39,wave,boundary,wave,v*dy(v),0,1,1,1,0,0,0,0,64
39,wave,boundary,wave,w*dz(v),0,1,1,1,0,0,0,0,64
39,wave,boundary,wave,u*dx(w),0,1,1,1,0,0,0,0,64
39,wave,boundary,wave,v*dy(w),0,1,1,1,0,0,0,0,64
39,wave,boundary,wave,w*dz(w),0,1,1,1,0,0,0,0,64
39,wave,boundary,wave,u*dx(eta),0,1,1,1,0,0,0,0,64
39,wave,boundary,wave,v*dy(eta),0.000277578263394986,16,1,2,0,1.70308211977499e-13,2.15515498225294e-07,64,0
39,wave,boundary,wave,w*dz(eta),0.000202793292291109,15,1,2,0,6.39930775037101e-10,1.21002718955765e-07,64,0
39,wave,boundary,wave,w*eta*dlogN2,0.00610180330572924,16,1,2,0,3.07420755518706e-13,2.85169281077913e-07,64,0
39,boundary,wave,wave,u*dx(u),0,1,0,1,1,0,0,0,64
39,boundary,wave,wave,v*dy(u),0.00232642023209566,2,0,16,1,1.53910790486517e-14,1.42689563444444e-07,64,0
39,boundary,wave,wave,w*dz(u),0,1,0,1,1,0,0,0,64
39,boundary,wave,wave,u*dx(v),0,1,0,1,1,0,0,0,64
39,boundary,wave,wave,v*dy(v),0.00228462375724868,2,0,16,1,1.52332147490208e-14,1.28751011159422e-07,64,0
39,boundary,wave,wave,w*dz(v),0,1,0,1,1,0,0,0,64
39,boundary,wave,wave,u*dx(w),0,1,0,1,1,0,0,0,64
39,boundary,wave,wave,v*dy(w),1.85983947931739e-05,2,0,15,1,4.44089209850063e-16,1.2954546246835e-07,64,0
39,boundary,wave,wave,w*dz(w),0,1,0,1,1,0,0,0,64
39,boundary,wave,wave,u*dx(eta),0,1,0,1,1,0,0,0,64
39,boundary,wave,wave,v*dy(eta),0.000185249850931242,2,0,15,1,3.21964677141295e-15,1.13981266425256e-07,64,0
39,boundary,wave,wave,w*dz(eta),0,1,0,1,1,0,0,0,64
39,boundary,wave,wave,w*eta*dlogN2,0,1,0,1,1,0,0,0,64
39,apv,boundary,wave,u*dx(u),0,-1,0,1,0,0,0,0,6
39,apv,boundary,wave,v*dy(u),0.000565321454218184,-1,0,2,0,5.42608566509453e-15,2.88667121091234e-07,6,0
39,apv,boundary,wave,w*dz(u),0,-1,0,1,0,0,0,0,6
39,apv,boundary,wave,u*dx(v),0,-1,0,1,0,0,0,0,6
39,apv,boundary,wave,v*dy(v),0,-1,0,1,0,0,0,0,6
39,apv,boundary,wave,w*dz(v),0,-1,0,1,0,0,0,0,6
39,apv,boundary,wave,u*dx(w),0,-1,0,1,0,0,0,0,6
39,apv,boundary,wave,v*dy(w),0,-1,0,1,0,0,0,0,6
39,apv,boundary,wave,w*dz(w),0,-1,0,1,0,0,0,0,6
39,apv,boundary,wave,u*dx(eta),0,-1,0,1,0,0,0,0,6
39,apv,boundary,wave,v*dy(eta),1.26257032024973e-05,2,0,2,0,4.55191440096314e-14,2.73371327574878e-07,6,0
39,apv,boundary,wave,w*dz(eta),0,-1,0,1,0,0,0,0,6
39,apv,boundary,wave,w*eta*dlogN2,0,-1,0,1,0,0,0,0,6
39,boundary,apv,wave,u*dx(u),0,1,0,-1,0,0,0,0,6
39,boundary,apv,wave,v*dy(u),0.000525310166659013,2,0,-1,0,4.09566552628206e-15,3.09074029757678e-07,6,0
39,boundary,apv,wave,w*dz(u),0,1,0,-1,0,0,0,0,6
39,boundary,apv,wave,u*dx(v),0,1,0,-1,0,0,0,0,6
39,boundary,apv,wave,v*dy(v),0,1,0,-1,0,0,0,0,6
39,boundary,apv,wave,w*dz(v),0,1,0,-1,0,0,0,0,6
39,boundary,apv,wave,u*dx(w),0,1,0,-1,0,0,0,0,6
39,boundary,apv,wave,v*dy(w),0,1,0,-1,0,0,0,0,6
39,boundary,apv,wave,w*dz(w),0,1,0,-1,0,0,0,0,6
39,boundary,apv,wave,u*dx(eta),0,1,0,-1,0,0,0,0,6
39,boundary,apv,wave,v*dy(eta),2.63717158334108e-05,2,0,1,0,4.89608353859694e-14,6.05243798301736e-07,6,0
39,boundary,apv,wave,w*dz(eta),0,1,0,-1,0,0,0,0,6
39,boundary,apv,wave,w*eta*dlogN2,0,1,0,-1,0,0,0,0,6
39,boundary,boundary,wave,u*dx(u),0,1,0,1,0,0,0,0,4
39,boundary,boundary,wave,v*dy(u),0.000510239373528365,2,0,1,0,2.70995325865849e-15,4.80987168306602e-07,4,0
39,boundary,boundary,wave,w*dz(u),0,1,0,1,0,0,0,0,4
39,boundary,boundary,wave,u*dx(v),0,1,0,1,0,0,0,0,4
39,boundary,boundary,wave,v*dy(v),0,1,0,1,0,0,0,0,4
39,boundary,boundary,wave,w*dz(v),0,1,0,1,0,0,0,0,4
39,boundary,boundary,wave,u*dx(w),0,1,0,1,0,0,0,0,4
39,boundary,boundary,wave,v*dy(w),0,1,0,1,0,0,0,0,4
39,boundary,boundary,wave,w*dz(w),0,1,0,1,0,0,0,0,4
39,boundary,boundary,wave,u*dx(eta),0,1,0,1,0,0,0,0,4
39,boundary,boundary,wave,v*dy(eta),2.13661936868524e-05,2,0,1,0,8.07132138902489e-14,2.77818630545212e-07,4,0
39,boundary,boundary,wave,w*dz(eta),0,1,0,1,0,0,0,0,4
39,boundary,boundary,wave,w*eta*dlogN2,0,1,0,1,0,0,0,0,4
40,wave,wave,inertial,u*dx(u),0.00171420706399109,14,-1,16,1,1.62904800760089e-10,3.90818427620232e-08,1024,0
40,wave,wave,inertial,v*dy(u),0.0017142070639907,16,-1,14,1,1.62904800760089e-10,3.90842656017298e-08,1024,0
40,wave,wave,inertial,w*dz(u),0.014366491506718,2,1,1,1,6.20170097265227e-06,0.000143964226817284,1024,0
40,wave,wave,inertial,u*dx(v),0.00171420706399104,16,-1,14,1,1.62905022804694e-10,3.90842658237744e-08,1024,0
40,wave,wave,inertial,v*dy(v),0.00171420706399059,16,1,14,1,1.62904578715484e-10,3.90866887745034e-08,1024,0
40,wave,wave,inertial,w*dz(v),0.0143664915067178,2,1,1,1,6.20170097276329e-06,0.000143964224393667,1024,0
40,wave,wave,mda,u*dx(eta),0.0055031762901235,16,1,16,1,3.82771703222318e-10,1.17073305606019e-07,1024,0
40,wave,wave,mda,v*dy(eta),0.00550317629012347,16,1,16,1,3.82771592200015e-10,1.1707328458288e-07,1024,0
40,wave,wave,mda,w*dz(eta),0.00550317629012351,16,1,16,1,3.82771592200015e-10,1.25699734590792e-07,1024,0
40,wave,wave,mda,w*eta*dlogN2,0.034728274389112,16,1,16,1,6.30689944713936e-11,2.9298763637442e-08,1024,0
40,wave,apv,inertial,u*dx(u),0.000633682360865101,16,1,1,0,1.53210777398272e-14,2.2954175048891e-07,96,0
40,wave,apv,inertial,v*dy(u),0.000633682360865061,16,1,1,0,1.57651669496772e-14,2.2954174578964e-07,96,0
40,wave,apv,inertial,w*dz(u),0.000406242527091285,15,1,2,0,7.09876601945325e-13,4.83822918839749e-07,96,0
40,wave,apv,inertial,u*dx(v),0.000633682360865084,16,1,1,0,1.53210777398272e-14,2.29541750459772e-07,96,0
40,wave,apv,inertial,v*dy(v),0.000633682360865101,16,1,1,0,1.55431223447522e-14,2.29541745646095e-07,96,0
40,wave,apv,inertial,w*dz(v),0.000406242527091281,15,1,2,0,7.09876601945325e-13,4.83822918839749e-07,96,0
40,wave,apv,mda,u*dx(eta),0.000298557277345948,16,1,2,0,6.16173778666962e-13,2.86580941279807e-07,96,0
40,wave,apv,mda,v*dy(eta),0.000298557277346422,16,1,2,0,6.15840711759574e-13,2.86582439861283e-07,96,0
40,wave,apv,mda,w*dz(eta),0.000254787123978265,3,1,-1,0,7.65070384822764e-09,0.00887276885012837,96,0
40,wave,apv,mda,w*eta*dlogN2,0.00455098586743249,16,1,2,0,4.08451050759595e-13,4.88597093228904e-07,96,0
40,apv,wave,inertial,u*dx(u),0.000633682360865092,1,0,16,1,1.53210777398272e-14,2.2954175038279e-07,96,0
40,apv,wave,inertial,v*dy(u),0.000633682360865083,1,0,16,1,1.55431223447522e-14,2.29541750465033e-07,96,0
40,apv,wave,inertial,w*dz(u),0,-1,0,1,1,0,0,0,96
40,apv,wave,inertial,u*dx(v),0.000633682360865081,1,0,16,1,1.55431223447522e-14,2.29541745621792e-07,96,0
40,apv,wave,inertial,v*dy(v),0.000633682360865055,1,0,16,1,1.55431223447522e-14,2.29541745650948e-07,96,0
40,apv,wave,inertial,w*dz(v),0,-1,0,1,1,0,0,0,96
40,apv,wave,mda,u*dx(eta),0.00021663768753411,1,0,15,1,1.24344978758018e-14,4.28454191623119e-07,96,0
40,apv,wave,mda,v*dy(eta),0.000216637687534162,1,0,15,1,1.26565424807268e-14,4.28454191544514e-07,96,0
40,apv,wave,mda,w*dz(eta),0,-1,0,1,1,0,0,0,96
40,apv,wave,mda,w*eta*dlogN2,0,-1,0,1,1,0,0,0,96
40,wave,boundary,inertial,u*dx(u),0.000519763547806503,16,1,2,0,3.57619127528378e-15,1.21298276867243e-07,64,0
40,wave,boundary,inertial,v*dy(u),0.000519763547806534,16,1,2,0,3.61478610183858e-15,1.21300699595928e-07,64,0
40,wave,boundary,inertial,w*dz(u),0.00021038695088001,15,1,2,0,1.66755498298699e-13,2.13196974629959e-07,64,0
40,wave,boundary,inertial,u*dx(v),0.000519763547806492,16,1,2,0,3.55041819601709e-15,1.21298276534176e-07,64,0
40,wave,boundary,inertial,v*dy(v),0.000519763547806503,16,1,2,0,3.62354443287613e-15,1.21300699595928e-07,64,0
40,wave,boundary,inertial,w*dz(v),0.000210386950879979,15,1,2,0,1.66755498298699e-13,2.13196974629959e-07,64,0
40,wave,boundary,mda,u*dx(eta),3.02722824049711e-05,16,1,2,0,1.76481566912926e-14,1.65326679790745e-07,64,0
40,wave,boundary,mda,v*dy(eta),3.02722824048806e-05,16,1,2,0,1.76477390144679e-14,1.65326656142994e-07,64,0
40,wave,boundary,mda,w*dz(eta),0.000186597070732625,15,1,2,0,3.91564336510442e-10,0.00435291040828832,64,0
40,wave,boundary,mda,w*eta*dlogN2,0.0048585795142832,16,1,2,0,3.05866443284231e-13,2.13383637204245e-07,64,0
40,boundary,wave,inertial,u*dx(u),0.000519763547806477,2,0,16,1,3.57273413418937e-15,1.21298276867243e-07,64,0
40,boundary,wave,inertial,v*dy(u),0.000519763547806461,2,0,16,1,3.57702959165243e-15,1.21298276867243e-07,64,0
40,boundary,wave,inertial,w*dz(u),0,1,0,1,1,0,0,0,64
40,boundary,wave,inertial,u*dx(v),0.000519763547806535,2,0,16,1,3.59350612923092e-15,1.2130069970695e-07,64,0
40,boundary,wave,inertial,v*dy(v),0.000519763547806504,2,0,16,1,3.59695427080451e-15,1.21300699595928e-07,64,0
40,boundary,wave,inertial,w*dz(v),0,1,0,1,1,0,0,0,64
40,boundary,wave,mda,u*dx(eta),0.000187052777195024,2,0,15,1,3.33066907387547e-15,5.211184484382e-07,64,0
40,boundary,wave,mda,v*dy(eta),0.000187052777195059,2,0,15,1,3.33066907387547e-15,5.21118448678845e-07,64,0
40,boundary,wave,mda,w*dz(eta),0,1,0,1,1,0,0,0,64
40,boundary,wave,mda,w*eta*dlogN2,0,1,0,1,1,0,0,0,64
40,apv,boundary,inertial,u*dx(u),2.39039305553661e-05,2,0,2,0,1.02725537174449e-15,2.91042544287023e-07,6,0
40,apv,boundary,inertial,v*dy(u),2.39039305553642e-05,2,0,2,0,9.64529039114962e-16,2.91042544287023e-07,6,0
40,apv,boundary,inertial,w*dz(u),0,-1,0,1,0,0,0,0,6
40,apv,boundary,inertial,u*dx(v),2.39039305552586e-05,2,0,2,0,8.60703560713145e-16,2.91042544731113e-07,6,0
40,apv,boundary,inertial,v*dy(v),2.39039305552495e-05,2,0,2,0,9.1793481189866e-16,2.91042544731113e-07,6,0
40,apv,boundary,inertial,w*dz(v),0,-1,0,1,0,0,0,0,6
40,apv,boundary,mda,u*dx(eta),2.73162660285664e-06,2,0,1,0,8.99352728753527e-15,4.27283112669109e-07,6,0
40,apv,boundary,mda,v*dy(eta),2.73162660301279e-06,2,0,1,0,8.99352728753527e-15,4.27283112639209e-07,6,0
40,apv,boundary,mda,w*dz(eta),0,-1,0,1,0,0,0,0,6
40,apv,boundary,mda,w*eta*dlogN2,0,-1,0,1,0,0,0,0,6
40,boundary,apv,inertial,u*dx(u),2.39039305553641e-05,2,0,2,0,9.27030487368987e-16,2.91042544509068e-07,6,0
40,boundary,apv,inertial,v*dy(u),2.39039305553655e-05,2,0,2,0,9.76006842668599e-16,2.91042544287023e-07,6,0
40,boundary,apv,inertial,w*dz(u),0,1,0,-1,0,0,0,0,6
40,boundary,apv,inertial,u*dx(v),2.39039305552495e-05,2,0,2,0,8.92421317138557e-16,2.91042544731113e-07,6,0
40,boundary,apv,inertial,v*dy(v),2.39039305552623e-05,2,0,2,0,8.49184379405315e-16,2.91042544509068e-07,6,0
40,boundary,apv,inertial,w*dz(v),0,1,0,-1,0,0,0,0,6
40,boundary,apv,mda,u*dx(eta),1.18947257525694e-05,1,0,2,0,2.26485497023532e-14,3.43345422612489e-07,6,0
40,boundary,apv,mda,v*dy(eta),1.18947257527791e-05,1,0,2,0,2.26485497023532e-14,3.43345422537088e-07,6,0
40,boundary,apv,mda,w*dz(eta),0,1,0,-1,0,0,0,0,6
40,boundary,apv,mda,w*eta*dlogN2,0,1,0,-1,0,0,0,0,6
40,boundary,boundary,inertial,u*dx(u),1.59462450685529e-05,2,0,1,0,4.75450330227488e-16,4.91259867896332e-07,4,0
40,boundary,boundary,inertial,v*dy(u),1.59462450685409e-05,1,0,2,0,5.26933692872498e-16,4.91259867896332e-07,4,0
40,boundary,boundary,inertial,w*dz(u),0,1,0,1,0,0,0,0,4
40,boundary,boundary,inertial,u*dx(v),1.59462450686608e-05,2,0,1,0,1.04341254125375e-15,4.91259867896332e-07,4,0
40,boundary,boundary,inertial,v*dy(v),1.59462450686943e-05,2,0,1,0,1.13430172877978e-15,4.91259867896332e-07,4,0
40,boundary,boundary,inertial,w*dz(v),0,1,0,1,0,0,0,0,4
40,boundary,boundary,mda,u*dx(eta),2.99085660590131e-06,1,0,2,0,1.49880108324396e-14,1.08982644462342e-06,4,0
40,boundary,boundary,mda,v*dy(eta),2.99085660600692e-06,1,0,2,0,1.48769885299771e-14,1.08982644498764e-06,4,0
40,boundary,boundary,mda,w*dz(eta),0,1,0,1,0,0,0,0,4
40,boundary,boundary,mda,w*eta*dlogN2,0,1,0,1,0,0,0,0,4
41,wave,wave,wave,u*dx(u),0.591599478505952,15,1,16,1,1.62909907786002e-10,3.91024537194085e-08,1024,0
41,wave,wave,wave,v*dy(u),0,1,1,1,1,0,0,0,1024
41,wave,wave,wave,w*dz(u),0.592022976873359,16,1,15,1,2.86751751263914e-05,0.000324320270373324,1024,0
41,wave,wave,wave,u*dx(v),0.592906498396767,15,1,16,1,1.62909685741397e-10,2.93266284590032e-08,1024,0
41,wave,wave,wave,v*dy(v),0,1,1,1,1,0,0,0,1024
41,wave,wave,wave,w*dz(v),0.593366528931004,16,1,15,1,2.86751751266134e-05,0.000324330049369381,1024,0
41,wave,wave,wave,u*dx(w),0.00100301681942071,16,1,16,1,5.82307535523796e-11,3.91099229668512e-08,1024,0
41,wave,wave,wave,v*dy(w),0,1,1,1,1,0,0,0,1024
41,wave,wave,wave,w*dz(w),0.00100301650355838,16,1,16,1,5.82309755969845e-11,3.91125558607541e-08,1024,0
41,wave,wave,wave,u*dx(eta),0.0581497030910949,16,1,16,1,3.82761489170491e-10,2.93285865593518e-08,1024,0
41,wave,wave,wave,v*dy(eta),0,1,1,1,1,0,0,0,1024
41,wave,wave,wave,w*dz(eta),0.058149643967522,16,1,16,1,3.82761378148189e-10,2.93312646393318e-08,1024,0
41,wave,wave,wave,w*eta*dlogN2,0.0515250999853592,16,1,16,1,6.30682173152763e-11,2.93109990723295e-08,1024,0
41,wave,apv,wave,u*dx(u),0,1,1,-1,0,0,0,0,96
41,wave,apv,wave,v*dy(u),0,1,1,-1,0,0,0,0,96
41,wave,apv,wave,w*dz(u),0,1,1,-1,0,0,0,0,96
41,wave,apv,wave,u*dx(v),0.0034234581614352,16,1,2,0,4.44545814128057e-14,3.3408077107901e-07,96,0
41,wave,apv,wave,v*dy(v),0,1,1,-1,0,0,0,0,96
41,wave,apv,wave,w*dz(v),0.00982460173772464,16,1,2,0,7.09876601945325e-13,4.84153744203156e-07,96,0
41,wave,apv,wave,u*dx(w),0,1,1,-1,0,0,0,0,96
41,wave,apv,wave,v*dy(w),0,1,1,-1,0,0,0,0,96
41,wave,apv,wave,w*dz(w),0,1,1,-1,0,0,0,0,96
41,wave,apv,wave,u*dx(eta),0.000733909484301358,16,1,2,0,6.54587495318992e-13,4.97382226294363e-07,96,0
41,wave,apv,wave,v*dy(eta),0,1,1,-1,0,0,0,0,96
41,wave,apv,wave,w*dz(eta),0.000307176639656059,16,1,2,0,7.65073582265074e-09,6.51733799816867e-07,96,0
41,wave,apv,wave,w*eta*dlogN2,0.00826524331869377,16,1,2,0,4.0867309536452e-13,4.88597093228904e-07,96,0
41,apv,wave,wave,u*dx(u),0.00338223200496662,2,0,16,1,4.38999536865637e-14,3.19294636619273e-07,96,0
41,apv,wave,wave,v*dy(u),0,-1,0,1,1,0,0,0,96
41,apv,wave,wave,w*dz(u),0,-1,0,1,1,0,0,0,96
41,apv,wave,wave,u*dx(v),0.0034234871623538,2,0,16,1,4.45686898514811e-14,3.34084425621404e-07,96,0
41,apv,wave,wave,v*dy(v),0,-1,0,1,1,0,0,0,96
41,apv,wave,wave,w*dz(v),0,-1,0,1,1,0,0,0,96
41,apv,wave,wave,u*dx(w),4.97509555322914e-05,2,0,15,1,9.99200722162641e-16,2.22434809016292e-07,96,0
41,apv,wave,wave,v*dy(w),0,-1,0,1,1,0,0,0,96
41,apv,wave,wave,w*dz(w),0,-1,0,1,1,0,0,0,96
41,apv,wave,wave,u*dx(eta),0.000307703446953042,2,0,16,1,1.25455201782643e-14,3.27625000240539e-07,96,0
41,apv,wave,wave,v*dy(eta),0,-1,0,1,1,0,0,0,96
41,apv,wave,wave,w*dz(eta),0,-1,0,1,1,0,0,0,96
41,apv,wave,wave,w*eta*dlogN2,0,-1,0,1,1,0,0,0,96
41,wave,boundary,wave,u*dx(u),0,1,1,1,0,0,0,0,64
41,wave,boundary,wave,v*dy(u),0,1,1,1,0,0,0,0,64
41,wave,boundary,wave,w*dz(u),0,1,1,1,0,0,0,0,64
41,wave,boundary,wave,u*dx(v),0.00282233925768755,16,1,2,0,2.10661993873065e-14,1.94785338168863e-07,64,0
41,wave,boundary,wave,v*dy(v),0,1,1,1,0,0,0,0,64
41,wave,boundary,wave,w*dz(v),0.00544414773901989,16,1,2,0,5.19144692764264e-13,4.2632802094396e-07,64,0
41,wave,boundary,wave,u*dx(w),0,1,1,1,0,0,0,0,64
41,wave,boundary,wave,v*dy(w),0,1,1,1,0,0,0,0,64
41,wave,boundary,wave,w*dz(w),0,1,1,1,0,0,0,0,64
41,wave,boundary,wave,u*dx(eta),0.000410709151572712,16,1,2,0,2.1405099914773e-13,3.24311593358217e-07,64,0
41,wave,boundary,wave,v*dy(eta),0,1,1,1,0,0,0,0,64
41,wave,boundary,wave,w*dz(eta),0.000282204926410968,15,1,2,0,9.57774304310988e-10,1.31249263568556e-07,64,0
41,wave,boundary,wave,w*eta*dlogN2,0.00740594824875285,16,1,2,0,3.03979064142368e-13,4.04945280307878e-07,64,0
41,boundary,wave,wave,u*dx(u),0.00227510899552615,2,0,16,1,1.52637327474262e-14,1.2172134943442e-07,64,0
41,boundary,wave,wave,v*dy(u),0,1,0,1,1,0,0,0,64
41,boundary,wave,wave,w*dz(u),0,1,0,1,1,0,0,0,64
41,boundary,wave,wave,u*dx(v),0.0023263892235196,2,0,16,1,1.52180252972604e-14,1.42681487935056e-07,64,0
41,boundary,wave,wave,v*dy(v),0,1,0,1,1,0,0,0,64
41,boundary,wave,wave,w*dz(v),0,1,0,1,1,0,0,0,64
41,boundary,wave,wave,u*dx(w),2.60327353816515e-05,2,0,15,1,4.44089209850063e-16,1.29567822582111e-07,64,0
41,boundary,wave,wave,v*dy(w),0,1,0,1,1,0,0,0,64
41,boundary,wave,wave,w*dz(w),0,1,0,1,1,0,0,0,64
41,boundary,wave,wave,u*dx(eta),0.000242004176478228,2,0,15,1,2.99760216648792e-15,1.13993894546027e-07,64,0
41,boundary,wave,wave,v*dy(eta),0,1,0,1,1,0,0,0,64
41,boundary,wave,wave,w*dz(eta),0,1,0,1,1,0,0,0,64
41,boundary,wave,wave,w*eta*dlogN2,0,1,0,1,1,0,0,0,64
41,apv,boundary,wave,u*dx(u),0,-1,0,1,0,0,0,0,6
41,apv,boundary,wave,v*dy(u),0,-1,0,1,0,0,0,0,6
41,apv,boundary,wave,w*dz(u),0,-1,0,1,0,0,0,0,6
41,apv,boundary,wave,u*dx(v),0.000591099171658956,2,0,2,0,5.93863574535852e-15,3.03454850203084e-07,6,0
41,apv,boundary,wave,v*dy(v),0,-1,0,1,0,0,0,0,6
41,apv,boundary,wave,w*dz(v),0,-1,0,1,0,0,0,0,6
41,apv,boundary,wave,u*dx(w),0,-1,0,1,0,0,0,0,6
41,apv,boundary,wave,v*dy(w),0,-1,0,1,0,0,0,0,6
41,apv,boundary,wave,w*dz(w),0,-1,0,1,0,0,0,0,6
41,apv,boundary,wave,u*dx(eta),2.00948932248737e-05,1,0,1,0,5.6843418860808e-14,3.48750239131945e-07,6,0
41,apv,boundary,wave,v*dy(eta),0,-1,0,1,0,0,0,0,6
41,apv,boundary,wave,w*dz(eta),0,-1,0,1,0,0,0,0,6
41,apv,boundary,wave,w*eta*dlogN2,0,-1,0,1,0,0,0,0,6
41,boundary,apv,wave,u*dx(u),0,1,0,-1,0,0,0,0,6
41,boundary,apv,wave,v*dy(u),0,1,0,-1,0,0,0,0,6
41,boundary,apv,wave,w*dz(u),0,1,0,-1,0,0,0,0,6
41,boundary,apv,wave,u*dx(v),0.000525308238030997,2,0,-1,0,3.9473858817906e-15,3.08976647615183e-07,6,0
41,boundary,apv,wave,v*dy(v),0,1,0,-1,0,0,0,0,6
41,boundary,apv,wave,w*dz(v),0,1,0,-1,0,0,0,0,6
41,boundary,apv,wave,u*dx(w),0,1,0,-1,0,0,0,0,6
41,boundary,apv,wave,v*dy(w),0,1,0,-1,0,0,0,0,6
41,boundary,apv,wave,w*dz(w),0,1,0,-1,0,0,0,0,6
41,boundary,apv,wave,u*dx(eta),3.60007623076676e-05,2,0,1,0,4.89608353859694e-14,6.05243798412758e-07,6,0
41,boundary,apv,wave,v*dy(eta),0,1,0,-1,0,0,0,0,6
41,boundary,apv,wave,w*dz(eta),0,1,0,-1,0,0,0,0,6
41,boundary,apv,wave,w*eta*dlogN2,0,1,0,-1,0,0,0,0,6
41,boundary,boundary,wave,u*dx(u),0,1,0,1,0,0,0,0,4
41,boundary,boundary,wave,v*dy(u),0,1,0,1,0,0,0,0,4
41,boundary,boundary,wave,w*dz(u),0,1,0,1,0,0,0,0,4
41,boundary,boundary,wave,u*dx(v),0.000514134318872688,2,0,1,0,2.94014794894817e-15,2.91639193018727e-07,4,0
41,boundary,boundary,wave,v*dy(v),0,1,0,1,0,0,0,0,4
41,boundary,boundary,wave,w*dz(v),0,1,0,1,0,0,0,0,4
41,boundary,boundary,wave,u*dx(w),0,1,0,1,0,0,0,0,4
41,boundary,boundary,wave,v*dy(w),0,1,0,1,0,0,0,0,4
41,boundary,boundary,wave,w*dz(w),0,1,0,1,0,0,0,0,4
41,boundary,boundary,wave,u*dx(eta),3.16513353361648e-05,2,0,1,0,8.17124146124115e-14,5.02618368813934e-07,4,0
41,boundary,boundary,wave,v*dy(eta),0,1,0,1,0,0,0,0,4
41,boundary,boundary,wave,w*dz(eta),0,1,0,1,0,0,0,0,4
41,boundary,boundary,wave,w*eta*dlogN2,0,1,0,1,0,0,0,0,4
42,wave,wave,wave,u*dx(u),0.592907775432422,16,1,15,1,1.6290213622483e-10,3.90368052327617e-08,1024,0
42,wave,wave,wave,v*dy(u),0.592907775432422,16,1,15,1,1.62902358269434e-10,3.90392281834906e-08,1024,0
42,wave,wave,wave,w*dz(u),0.593369553098212,16,1,15,1,1.24233726528367e-06,2.8811784154481e-05,1024,0
42,wave,wave,wave,u*dx(v),0.592239138109327,16,1,15,1,1.62902358269434e-10,3.90355179291646e-08,1024,0
42,wave,wave,wave,v*dy(v),0.592239138109327,16,-1,15,1,1.6290213622483e-10,3.90379412129604e-08,1024,0
42,wave,wave,wave,w*dz(v),0.592681856194197,16,1,15,1,1.24233726528367e-06,2.88117854414516e-05,1024,0
42,wave,wave,wave,u*dx(w),0.000716488678917944,16,1,16,1,5.8235416489083e-11,3.90444550024682e-08,1024,0
42,wave,wave,wave,v*dy(w),0.000716488678917945,16,1,16,1,5.82353054667806e-11,3.90468780642195e-08,1024,0
42,wave,wave,wave,w*dz(w),0.000716489024158509,16,1,16,1,5.82351944444781e-11,3.90475816125502e-08,1024,0
42,wave,wave,wave,u*dx(eta),0.0416475570244365,16,1,16,1,3.8278713532236e-10,2.92916247923714e-08,1024,0
42,wave,wave,wave,v*dy(eta),0.0416475570244365,16,1,16,1,3.82787024300058e-10,2.92940478541226e-08,1024,0
42,wave,wave,wave,w*dz(eta),0.0416476219871648,16,1,16,1,3.82787468389267e-10,2.92949063895875e-08,1024,0
42,wave,wave,wave,w*eta*dlogN2,0.0389124777595908,16,1,16,1,6.30697716275108e-11,2.92740408580627e-08,1024,0
42,wave,apv,wave,u*dx(u),0.00342349614907202,16,1,2,0,4.50160842077672e-14,3.34087801731409e-07,96,0
42,wave,apv,wave,v*dy(u),0.00342349614907207,16,1,2,0,4.46355826213277e-14,3.34087801531103e-07,96,0
42,wave,apv,wave,w*dz(u),0.00982459740851489,16,1,2,0,7.09876601945325e-13,4.84195122670037e-07,96,0
42,wave,apv,wave,u*dx(v),0.00339128042258431,16,1,2,0,4.41407614553812e-14,3.25439072644921e-07,96,0
42,wave,apv,wave,v*dy(v),0.00339128042258419,16,1,2,0,4.40391890021919e-14,3.25439072181292e-07,96,0
42,wave,apv,wave,w*dz(v),0.00981393640684196,16,1,2,0,7.09876601945325e-13,4.83822918839749e-07,96,0
42,wave,apv,wave,u*dx(w),0,1,1,-1,0,0,0,0,96
42,wave,apv,wave,v*dy(w),0,1,1,-1,0,0,0,0,96
42,wave,apv,wave,w*dz(w),0,1,1,-1,0,0,0,0,96
42,wave,apv,wave,u*dx(eta),0.000536588404075946,16,1,2,0,6.54587495318992e-13,4.97382226294363e-07,96,0
42,wave,apv,wave,v*dy(eta),0.000536588404075932,16,1,2,0,6.54254428411605e-13,4.97381351660664e-07,96,0
42,wave,apv,wave,w*dz(eta),0.000231434318674181,16,1,2,0,7.65073582265074e-09,6.51733799816867e-07,96,0
42,wave,apv,wave,w*eta*dlogN2,0.00613778850604625,16,1,2,0,4.0867309536452e-13,4.88597093228904e-07,96,0
42,apv,wave,wave,u*dx(u),0.00342345175986135,2,0,16,1,4.48590372462166e-14,3.34082240707384e-07,96,0
42,apv,wave,wave,v*dy(u),0.00342345175986145,2,0,16,1,4.48556341667435e-14,3.34082240672645e-07,96,0
42,apv,wave,wave,w*dz(u),0,-1,0,1,1,0,0,0,96
42,apv,wave,wave,u*dx(v),0.00339123638984887,2,0,16,1,4.46571586881411e-14,3.25433657227723e-07,96,0
42,apv,wave,wave,v*dy(v),0.00339123638984886,2,0,16,1,4.46003089674042e-14,3.25433657177436e-07,96,0
42,apv,wave,wave,w*dz(v),0,-1,0,1,1,0,0,0,96
42,apv,wave,wave,u*dx(w),3.55440875007433e-05,2,0,15,1,1.11022302462516e-15,2.22673703476062e-07,96,0
42,apv,wave,wave,v*dy(w),3.55440875007438e-05,2,0,15,1,8.88178419700125e-16,2.22673703698106e-07,96,0
42,apv,wave,wave,w*dz(w),0,-1,0,1,1,0,0,0,96
42,apv,wave,wave,u*dx(eta),0.000231810133078286,2,0,16,1,1.25455201782643e-14,2.75288089605774e-07,96,0
42,apv,wave,wave,v*dy(eta),0.000231810133078281,2,0,16,1,1.25455201782643e-14,2.75288089664601e-07,96,0
42,apv,wave,wave,w*dz(eta),0,-1,0,1,1,0,0,0,96
42,apv,wave,wave,w*eta*dlogN2,0,-1,0,1,1,0,0,0,96
42,wave,boundary,wave,u*dx(u),0.0016735767057306,16,1,2,0,1.11422545572213e-14,9.04031530674865e-08,64,0
42,wave,boundary,wave,v*dy(u),0.00167357670573035,16,1,2,0,1.11347176475616e-14,9.04052373317764e-08,64,0
42,wave,boundary,wave,w*dz(u),0.00334651445592269,16,1,2,0,2.7324041475017e-13,1.56827442944639e-07,64,0
42,wave,boundary,wave,u*dx(v),0.0016426949962438,16,1,2,0,1.09058488987414e-14,8.26793434827167e-08,64,0
42,wave,boundary,wave,v*dy(v),0.0016426949962437,16,1,2,0,1.08936005763973e-14,8.26817665444679e-08,64,0
42,wave,boundary,wave,w*dz(v),0.00334282664344703,16,1,2,0,2.72923219046611e-13,1.08194687431507e-07,64,0
42,wave,boundary,wave,u*dx(w),0,1,1,1,0,0,0,0,64
42,wave,boundary,wave,v*dy(w),0,1,1,1,0,0,0,0,64
42,wave,boundary,wave,w*dz(w),0,1,1,1,0,0,0,0,64
42,wave,boundary,wave,u*dx(eta),0.00018895031396366,16,1,2,0,9.79216707719388e-14,8.86671295274866e-08,64,0
42,wave,boundary,wave,v*dy(eta),0.000188950313963664,16,1,2,0,9.79216707719388e-14,8.86695524782155e-08,64,0
42,wave,boundary,wave,w*dz(eta),0.000136758163193824,15,1,2,0,2.05187644652938e-10,6.27774006112247e-08,64,0
42,wave,boundary,wave,w*eta*dlogN2,0.00791644623800345,16,1,2,0,2.85438339631128e-13,1.123640872569e-07,64,0
42,boundary,wave,wave,u*dx(u),0.00232637441102944,2,0,16,1,1.53879228466069e-14,1.4268045848263e-07,64,0
42,boundary,wave,wave,v*dy(u),0.00232637441102944,2,0,16,1,1.54180469889397e-14,1.42680458506117e-07,64,0
42,boundary,wave,wave,w*dz(u),0,1,0,1,1,0,0,0,64
42,boundary,wave,wave,u*dx(v),0.00228457760018717,2,0,16,1,1.54807012787988e-14,1.28742793936518e-07,64,0
42,boundary,wave,wave,v*dy(v),0.00228457760018713,2,0,16,1,1.53305676432653e-14,1.28742793920024e-07,64,0
42,boundary,wave,wave,w*dz(v),0,1,0,1,1,0,0,0,64
42,boundary,wave,wave,u*dx(w),1.85985731458318e-05,2,0,15,1,4.44089209850063e-16,1.29506811719082e-07,64,0
42,boundary,wave,wave,v*dy(w),1.85985731458312e-05,2,0,15,1,4.44089209850063e-16,1.29506811719082e-07,64,0
42,boundary,wave,wave,w*dz(w),0,1,0,1,1,0,0,0,64
42,boundary,wave,wave,u*dx(eta),0.000185250616456421,2,0,15,1,3.21964677141295e-15,1.13964775616537e-07,64,0
42,boundary,wave,wave,v*dy(eta),0.000185250616456431,2,0,15,1,3.33066907387547e-15,1.13964775616537e-07,64,0
42,boundary,wave,wave,w*dz(eta),0,1,0,1,1,0,0,0,64
42,boundary,wave,wave,w*eta*dlogN2,0,1,0,1,1,0,0,0,64
42,apv,boundary,wave,u*dx(u),0.000396506674744914,-1,0,2,0,2.66983207216757e-15,3.41594635305456e-07,6,0
42,apv,boundary,wave,v*dy(u),0.000396506674744898,-1,0,2,0,2.67382591570781e-15,3.41594635439981e-07,6,0
42,apv,boundary,wave,w*dz(u),0,-1,0,1,0,0,0,0,6
42,apv,boundary,wave,u*dx(v),0.000395977281960291,-1,0,2,0,2.57810537237163e-15,3.30513364232843e-07,6,0
42,apv,boundary,wave,v*dy(v),0.000395977281960273,-1,0,2,0,2.58245866349681e-15,3.30513364232843e-07,6,0
42,apv,boundary,wave,w*dz(v),0,-1,0,1,0,0,0,0,6
42,apv,boundary,wave,u*dx(w),0,-1,0,1,0,0,0,0,6
42,apv,boundary,wave,v*dy(w),0,-1,0,1,0,0,0,0,6
42,apv,boundary,wave,w*dz(w),0,-1,0,1,0,0,0,0,6
42,apv,boundary,wave,u*dx(eta),8.37263213995138e-06,-1,0,2,0,1.36557432028894e-14,3.23847391792143e-07,6,0
42,apv,boundary,wave,v*dy(eta),8.37263213995042e-06,-1,0,2,0,1.36557432028894e-14,3.23847392014187e-07,6,0
42,apv,boundary,wave,w*dz(eta),0,-1,0,1,0,0,0,0,6
42,apv,boundary,wave,w*eta*dlogN2,0,-1,0,1,0,0,0,0,6
42,boundary,apv,wave,u*dx(u),0.000525310166659064,2,0,-1,0,4.09132772068356e-15,3.09074029762215e-07,6,0
42,boundary,apv,wave,v*dy(u),0.000525310166659013,2,0,-1,0,4.09566552628206e-15,3.09074029757678e-07,6,0
42,boundary,apv,wave,w*dz(u),0,1,0,-1,0,0,0,0,6
42,boundary,apv,wave,u*dx(v),0.000524611882690359,2,0,-1,0,4.15394118953239e-15,2.91042544731113e-07,6,0
42,boundary,apv,wave,v*dy(v),0.000524611882690343,2,0,-1,0,4.15796491632878e-15,2.91042544509068e-07,6,0
42,boundary,apv,wave,w*dz(v),0,1,0,-1,0,0,0,0,6
42,boundary,apv,wave,u*dx(w),0,1,0,-1,0,0,0,0,6
42,boundary,apv,wave,v*dy(w),0,1,0,-1,0,0,0,0,6
42,boundary,apv,wave,w*dz(w),0,1,0,-1,0,0,0,0,6
42,boundary,apv,wave,u*dx(eta),2.63717158334066e-05,2,0,1,0,4.89608353859694e-14,6.05243798412758e-07,6,0
42,boundary,apv,wave,v*dy(eta),2.63717158334108e-05,2,0,1,0,4.89608353859694e-14,6.05243798301736e-07,6,0
42,boundary,apv,wave,w*dz(eta),0,1,0,-1,0,0,0,0,6
42,boundary,apv,wave,w*eta*dlogN2,0,1,0,-1,0,0,0,0,6
42,boundary,boundary,wave,u*dx(u),0.000483436581946388,1,0,2,0,2.76813707732244e-15,7.60464614871672e-07,4,0
42,boundary,boundary,wave,v*dy(u),0.000483436581946382,1,0,2,0,2.76587545569603e-15,7.60464614776083e-07,4,0
42,boundary,boundary,wave,w*dz(u),0,1,0,1,0,0,0,0,4
42,boundary,boundary,wave,u*dx(v),0.000482780789345271,1,0,2,0,2.44692125970946e-15,6.31223163516381e-07,4,0
42,boundary,boundary,wave,v*dy(v),0.000482780789345215,1,0,2,0,2.41076287197409e-15,6.31223163738426e-07,4,0
42,boundary,boundary,wave,w*dz(v),0,1,0,1,0,0,0,0,4
42,boundary,boundary,wave,u*dx(w),0,1,0,1,0,0,0,0,4
42,boundary,boundary,wave,v*dy(w),0,1,0,1,0,0,0,0,4
42,boundary,boundary,wave,w*dz(w),0,1,0,1,0,0,0,0,4
42,boundary,boundary,wave,u*dx(eta),1.35191058198871e-05,2,0,1,0,4.2632564145606e-14,4.55951510547337e-07,4,0
42,boundary,boundary,wave,v*dy(eta),1.35191058198863e-05,2,0,1,0,4.27435864480685e-14,4.55951510547337e-07,4,0
42,boundary,boundary,wave,w*dz(eta),0,1,0,1,0,0,0,0,4
42,boundary,boundary,wave,w*eta*dlogN2,0,1,0,1,0,0,0,0,4
43,wave,wave,wave,u*dx(u),0.591603345189947,16,1,15,1,1.62903912581669e-10,3.9051654465716e-08,1024,0
43,wave,wave,wave,v*dy(u),0,1,1,1,1,0,0,0,1024
43,wave,wave,wave,w*dz(u),0.592028760484271,16,1,15,1,3.48201010669236e-06,8.08081655148118e-05,1024,0
43,wave,wave,wave,u*dx(v),0.592242104667397,16,1,15,1,1.62903690537064e-10,2.92975422810926e-08,1024,0
43,wave,wave,wave,v*dy(v),0,1,1,1,1,0,0,0,1024
43,wave,wave,wave,w*dz(v),0.592685187691012,16,1,15,1,3.4820101069144e-06,8.08179204154769e-05,1024,0
43,wave,wave,wave,u*dx(w),0.00123252107402424,16,1,16,1,5.82337511545461e-11,3.90589126597618e-08,1024,0
43,wave,wave,wave,v*dy(w),0,1,1,1,1,0,0,0,1024
43,wave,wave,wave,w*dz(w),0.00123252128003714,16,1,16,1,5.82335291099412e-11,3.9062059919992e-08,1024,0
43,wave,wave,wave,u*dx(eta),0.0712951816899623,16,1,16,1,3.82776921270533e-10,2.92992317074692e-08,1024,0
43,wave,wave,wave,v*dy(eta),0,1,1,1,1,0,0,0,1024
43,wave,wave,wave,w*dz(eta),0.0712952200944338,16,1,16,1,3.82777032292836e-10,2.93023723063612e-08,1024,0
43,wave,wave,wave,w*eta*dlogN2,0.060935660627802,16,1,16,1,6.30694385606034e-11,2.92816294544807e-08,1024,0
43,wave,apv,wave,u*dx(u),0,1,1,-1,0,0,0,0,96
43,wave,apv,wave,v*dy(u),0,1,1,-1,0,0,0,0,96
43,wave,apv,wave,w*dz(u),0,1,1,-1,0,0,0,0,96
43,wave,apv,wave,u*dx(v),0.00340674864863189,16,1,2,0,4.44248591454169e-14,3.27206696983672e-07,96,0
43,wave,apv,wave,v*dy(v),0,1,1,-1,0,0,0,0,96
43,wave,apv,wave,w*dz(v),0.00981416392996559,16,1,2,0,7.09876601945325e-13,4.83822918839749e-07,96,0
43,wave,apv,wave,u*dx(w),0,1,1,-1,0,0,0,0,96
43,wave,apv,wave,v*dy(w),0,1,1,-1,0,0,0,0,96
43,wave,apv,wave,w*dz(w),0,1,1,-1,0,0,0,0,96
43,wave,apv,wave,u*dx(eta),0.000887957037753405,16,1,2,0,6.54587495318992e-13,4.97382226294363e-07,96,0
43,wave,apv,wave,v*dy(eta),0,1,1,-1,0,0,0,0,96
43,wave,apv,wave,w*dz(eta),0.000364365779162863,16,1,2,0,7.65073582265074e-09,6.51733799816867e-07,96,0
43,wave,apv,wave,w*eta*dlogN2,0.00989249940774227,16,1,2,0,4.0867309536452e-13,4.88597093228904e-07,96,0
43,apv,wave,wave,u*dx(u),0.00339065311703011,2,0,16,1,4.43467484162912e-14,3.20474270941639e-07,96,0
43,apv,wave,wave,v*dy(u),0,-1,0,1,1,0,0,0,96
43,apv,wave,wave,w*dz(u),0,-1,0,1,1,0,0,0,96
43,apv,wave,wave,u*dx(v),0.00340673332763658,2,0,16,1,4.40732895311876e-14,3.27204812295762e-07,96,0
43,apv,wave,wave,v*dy(v),0,-1,0,1,1,0,0,0,96
43,apv,wave,wave,w*dz(v),0,-1,0,1,1,0,0,0,96
43,apv,wave,wave,u*dx(w),6.11257227786085e-05,2,0,15,1,1.22124532708767e-15,2.22590732956718e-07,96,0
43,apv,wave,wave,v*dy(w),0,-1,0,1,1,0,0,0,96
43,apv,wave,wave,w*dz(w),0,-1,0,1,1,0,0,0,96
43,apv,wave,wave,u*dx(eta),0.000365020847394992,2,0,16,1,1.24344978758018e-14,3.54995848496057e-07,96,0
43,apv,wave,wave,v*dy(eta),0,-1,0,1,1,0,0,0,96
43,apv,wave,wave,w*dz(eta),0,-1,0,1,1,0,0,0,96
43,apv,wave,wave,w*eta*dlogN2,0,-1,0,1,1,0,0,0,96
43,wave,boundary,wave,u*dx(u),0,1,1,1,0,0,0,0,64
43,wave,boundary,wave,v*dy(u),0,1,1,1,0,0,0,0,64
43,wave,boundary,wave,w*dz(u),0,1,1,1,0,0,0,0,64
43,wave,boundary,wave,u*dx(v),0.00205382734229052,16,1,2,0,1.29885343555098e-14,1.12803222988277e-07,64,0
43,wave,boundary,wave,v*dy(v),0,1,1,1,0,0,0,0,64
43,wave,boundary,wave,w*dz(v),0.00405987539677294,16,1,2,0,3.51242172018149e-13,1.80483035179893e-07,64,0
43,wave,boundary,wave,u*dx(w),0,1,1,1,0,0,0,0,64
43,wave,boundary,wave,v*dy(w),0,1,1,1,0,0,0,0,64
43,wave,boundary,wave,w*dz(w),0,1,1,1,0,0,0,0,64
43,wave,boundary,wave,u*dx(eta),0.000375719666272998,16,1,2,0,1.08357767203415e-13,1.22265138569055e-07,64,0
43,wave,boundary,wave,v*dy(eta),0,1,1,1,0,0,0,0,64
43,wave,boundary,wave,w*dz(eta),0.000254837333245273,15,1,2,0,3.33638894289834e-10,8.48120528251783e-08,64,0
43,wave,boundary,wave,w*eta*dlogN2,0.0115214514048704,16,1,2,0,3.0053737276603e-13,1.65758229808688e-07,64,0
43,boundary,wave,wave,u*dx(u),0.00228680979242405,2,0,16,1,1.52336531367468e-14,1.26088382851017e-07,64,0
43,boundary,wave,wave,v*dy(u),0,1,0,1,1,0,0,0,64
43,boundary,wave,wave,w*dz(u),0,1,0,1,1,0,0,0,64
43,boundary,wave,wave,u*dx(v),0.00230624192795489,2,0,16,1,1.50493111136493e-14,1.34462548013485e-07,64,0
43,boundary,wave,wave,v*dy(v),0,1,0,1,1,0,0,0,64
43,boundary,wave,wave,w*dz(v),0,1,0,1,1,0,0,0,64
43,boundary,wave,wave,u*dx(w),3.19856151608278e-05,2,0,15,1,3.33066907387547e-16,1.29519530545075e-07,64,0
43,boundary,wave,wave,v*dy(w),0,1,0,1,1,0,0,0,64
43,boundary,wave,wave,w*dz(w),0,1,0,1,1,0,0,0,64
43,boundary,wave,wave,u*dx(eta),0.000283600828169428,2,0,15,1,3.10862446895044e-15,1.13969312431905e-07,64,0
43,boundary,wave,wave,v*dy(eta),0,1,0,1,1,0,0,0,64
43,boundary,wave,wave,w*dz(eta),0,1,0,1,1,0,0,0,64
43,boundary,wave,wave,w*eta*dlogN2,0,1,0,1,1,0,0,0,64
43,apv,boundary,wave,u*dx(u),0,-1,0,1,0,0,0,0,6
43,apv,boundary,wave,v*dy(u),0,-1,0,1,0,0,0,0,6
43,apv,boundary,wave,w*dz(u),0,-1,0,1,0,0,0,0,6
43,apv,boundary,wave,u*dx(v),0.000477275592650881,-1,0,2,0,3.33808696051404e-15,3.06847081077422e-07,6,0
43,apv,boundary,wave,v*dy(v),0,-1,0,1,0,0,0,0,6
43,apv,boundary,wave,w*dz(v),0,-1,0,1,0,0,0,0,6
43,apv,boundary,wave,u*dx(w),0,-1,0,1,0,0,0,0,6
43,apv,boundary,wave,v*dy(w),0,-1,0,1,0,0,0,0,6
43,apv,boundary,wave,w*dz(w),0,-1,0,1,0,0,0,0,6
43,apv,boundary,wave,u*dx(eta),1.70444921387933e-05,-1,0,2,0,2.57571741713036e-14,2.72721889071903e-07,6,0
43,apv,boundary,wave,v*dy(eta),0,-1,0,1,0,0,0,0,6
43,apv,boundary,wave,w*dz(eta),0,-1,0,1,0,0,0,0,6
43,apv,boundary,wave,w*eta*dlogN2,0,-1,0,1,0,0,0,0,6
43,boundary,apv,wave,u*dx(u),0,1,0,-1,0,0,0,0,6
43,boundary,apv,wave,v*dy(u),0,1,0,-1,0,0,0,0,6
43,boundary,apv,wave,w*dz(u),0,1,0,-1,0,0,0,0,6
43,boundary,apv,wave,u*dx(v),0.000524616817353999,2,0,-1,0,3.86651955227807e-15,2.91042544731113e-07,6,0
43,boundary,apv,wave,v*dy(v),0,1,0,-1,0,0,0,0,6
43,boundary,apv,wave,w*dz(v),0,1,0,-1,0,0,0,0,6
43,boundary,apv,wave,u*dx(w),0,1,0,-1,0,0,0,0,6
43,boundary,apv,wave,v*dy(w),0,1,0,-1,0,0,0,0,6
43,boundary,apv,wave,w*dz(w),0,1,0,-1,0,0,0,0,6
43,boundary,apv,wave,u*dx(eta),4.35088920584979e-05,2,0,1,0,4.89608353859694e-14,6.05243798412758e-07,6,0
43,boundary,apv,wave,v*dy(eta),0,1,0,-1,0,0,0,0,6
43,boundary,apv,wave,w*dz(eta),0,1,0,-1,0,0,0,0,6
43,boundary,apv,wave,w*eta*dlogN2,0,1,0,-1,0,0,0,0,6
43,boundary,boundary,wave,u*dx(u),0,1,0,1,0,0,0,0,4
43,boundary,boundary,wave,v*dy(u),0,1,0,1,0,0,0,0,4
43,boundary,boundary,wave,w*dz(u),0,1,0,1,0,0,0,0,4
43,boundary,boundary,wave,u*dx(v),0.00049799282766557,1,0,2,0,2.4817392582506e-15,5.9658740821516e-07,4,0
43,boundary,boundary,wave,v*dy(v),0,1,0,1,0,0,0,0,4
43,boundary,boundary,wave,w*dz(v),0,1,0,1,0,0,0,0,4
43,boundary,boundary,wave,u*dx(w),0,1,0,1,0,0,0,0,4
43,boundary,boundary,wave,v*dy(w),0,1,0,1,0,0,0,0,4
43,boundary,boundary,wave,w*dz(w),0,1,0,1,0,0,0,0,4
43,boundary,boundary,wave,u*dx(eta),2.89447935975762e-05,2,0,1,0,6.38378239159465e-14,2.37518915131454e-07,4,0
43,boundary,boundary,wave,v*dy(eta),0,1,0,1,0,0,0,0,4
43,boundary,boundary,wave,w*dz(eta),0,1,0,1,0,0,0,0,4
43,boundary,boundary,wave,w*eta*dlogN2,0,1,0,1,0,0,0,0,4
44,wave,wave,wave,u*dx(u),0.591613157066139,16,1,15,1,1.62906133027718e-10,2.92824715586448e-08,1024,0
44,wave,wave,wave,v*dy(u),0,1,1,1,1,0,0,0,1024
44,wave,wave,wave,w*dz(u),0.592039660558977,16,1,15,1,3.48190318821828e-06,8.08060727042204e-05,1024,0
44,wave,wave,wave,u*dx(v),0.590263876160693,16,1,15,1,1.62906577116928e-10,1.9528359596066e-08,1024,0
44,wave,wave,wave,v*dy(v),0,1,1,1,1,0,0,0,1024
44,wave,wave,wave,w*dz(v),0.590653767867419,16,1,15,1,3.48190318832931e-06,8.08158276051074e-05,1024,0
44,wave,wave,wave,u*dx(w),0.00174855156711603,16,1,16,1,5.82326409315215e-11,2.9289719982728e-08,1024,0
44,wave,wave,wave,v*dy(w),0,1,1,1,1,0,0,0,1024
44,wave,wave,wave,w*dz(w),0.00174855214095702,16,1,16,1,5.82328629761264e-11,3.90563120733489e-08,1024,0
44,wave,wave,wave,u*dx(eta),0.100575094469327,16,1,16,1,3.8277181424462e-10,1.95301712579976e-08,1024,0
44,wave,wave,wave,v*dy(eta),0,1,1,1,1,0,0,0,1024
44,wave,wave,wave,w*dz(eta),0.100575200440544,16,1,16,1,3.82772036289225e-10,2.92966261250527e-08,1024,0
44,wave,wave,wave,w*eta*dlogN2,0.0807484187458291,16,1,16,1,6.30689944713936e-11,2.9275893154157e-08,1024,0
44,wave,apv,wave,u*dx(u),0,1,1,-1,0,0,0,0,96
44,wave,apv,wave,v*dy(u),0,1,1,-1,0,0,0,0,96
44,wave,apv,wave,w*dz(u),0,1,1,-1,0,0,0,0,96
44,wave,apv,wave,u*dx(v),0.00337556473654362,16,1,2,0,4.41410359997807e-14,3.12733283554823e-07,96,0
44,wave,apv,wave,v*dy(v),0,1,1,-1,0,0,0,0,96
44,wave,apv,wave,w*dz(v),0.00978337284783242,16,1,2,0,7.096545573404e-13,4.838156257847e-07,96,0
44,wave,apv,wave,u*dx(w),0,1,1,-1,0,0,0,0,96
44,wave,apv,wave,v*dy(w),0,1,1,-1,0,0,0,0,96
44,wave,apv,wave,w*dz(w),0,1,1,-1,0,0,0,0,96
44,wave,apv,wave,u*dx(eta),0.00122605145610255,16,1,2,0,6.54254428411605e-13,4.97385020836738e-07,96,0
44,wave,apv,wave,v*dy(eta),0,1,1,-1,0,0,0,0,96
44,wave,apv,wave,w*dz(eta),0.000487356830712133,16,1,2,0,7.65068719488227e-09,6.51733581324976e-07,96,0
44,wave,apv,wave,w*eta*dlogN2,0.0133978287983803,16,1,2,0,4.08895139969445e-13,4.88590286229496e-07,96,0
44,apv,wave,wave,u*dx(u),0.00339997115043801,2,0,16,1,4.3872218098016e-14,3.22447310041543e-07,96,0
44,apv,wave,wave,v*dy(u),0,-1,0,1,1,0,0,0,96
44,apv,wave,wave,w*dz(u),0,-1,0,1,1,0,0,0,96
44,apv,wave,wave,u*dx(v),0.00337553494531348,2,0,16,1,4.36956276962559e-14,3.12733655227642e-07,96,0
44,apv,wave,wave,v*dy(v),0,-1,0,1,1,0,0,0,96
44,apv,wave,wave,w*dz(v),0,-1,0,1,1,0,0,0,96
44,apv,wave,wave,u*dx(w),8.66789083303615e-05,2,0,15,1,1.22124532708767e-15,2.22590732956718e-07,96,0
44,apv,wave,wave,v*dy(w),0,-1,0,1,1,0,0,0,96
44,apv,wave,wave,w*dz(w),0,-1,0,1,1,0,0,0,96
44,apv,wave,wave,u*dx(eta),0.000488294448966714,2,0,16,1,1.24344978758018e-14,3.9091577259975e-07,96,0
44,apv,wave,wave,v*dy(eta),0,-1,0,1,1,0,0,0,96
44,apv,wave,wave,w*dz(eta),0,-1,0,1,1,0,0,0,96
44,apv,wave,wave,w*eta*dlogN2,0,-1,0,1,1,0,0,0,96
44,wave,boundary,wave,u*dx(u),0,1,1,1,0,0,0,0,64
44,wave,boundary,wave,v*dy(u),0,1,1,1,0,0,0,0,64
44,wave,boundary,wave,w*dz(u),0,1,1,1,0,0,0,0,64
44,wave,boundary,wave,u*dx(v),0.00202247107587343,16,1,2,0,1.28691500482951e-14,1.00419431714024e-07,64,0
44,wave,boundary,wave,v*dy(v),0,1,1,1,0,0,0,0,64
44,wave,boundary,wave,w*dz(v),0.00404673210449896,16,1,2,0,3.50181774424734e-13,1.64466062213542e-07,64,0
44,wave,boundary,wave,u*dx(w),0,1,1,1,0,0,0,0,64
44,wave,boundary,wave,v*dy(w),0,1,1,1,0,0,0,0,64
44,wave,boundary,wave,w*dz(w),0,1,1,1,0,0,0,0,64
44,wave,boundary,wave,u*dx(eta),0.000517588429757667,16,1,2,0,1.08357767203415e-13,1.14748540003262e-07,64,0
44,wave,boundary,wave,v*dy(eta),0,1,1,1,0,0,0,0,64
44,wave,boundary,wave,w*dz(eta),0.000332928018969866,15,1,2,0,3.33615135517107e-10,8.48119637852918e-08,64,0
44,wave,boundary,wave,w*eta*dlogN2,0.0155868817250952,16,1,2,0,3.00759417370955e-13,1.6574585259832e-07,64,0
44,boundary,wave,wave,u*dx(u),0.00256273709857576,2,0,16,1,1.76578493167805e-14,1.54445097406237e-07,64,0
44,boundary,wave,wave,v*dy(u),0,1,0,1,1,0,0,0,64
44,boundary,wave,wave,w*dz(u),0,1,0,1,1,0,0,0,64
44,boundary,wave,wave,u*dx(v),0.00253187951174595,2,0,16,1,1.74937609665226e-14,1.4690188291095e-07,64,0
44,boundary,wave,wave,v*dy(v),0,1,0,1,1,0,0,0,64
44,boundary,wave,wave,w*dz(v),0,1,0,1,1,0,0,0,64
44,boundary,wave,wave,u*dx(w),5.17213642258792e-05,2,0,15,1,4.44089209850063e-16,1.57040902615257e-07,64,0
44,boundary,wave,wave,v*dy(w),0,1,0,1,1,0,0,0,64
44,boundary,wave,wave,w*dz(w),0,1,0,1,1,0,0,0,64
44,boundary,wave,wave,u*dx(eta),0.000406730950907063,2,0,15,1,3.77475828372553e-15,1.37182641912759e-07,64,0
44,boundary,wave,wave,v*dy(eta),0,1,0,1,1,0,0,0,64
44,boundary,wave,wave,w*dz(eta),0,1,0,1,1,0,0,0,64
44,boundary,wave,wave,w*eta*dlogN2,0,1,0,1,1,0,0,0,64
44,apv,boundary,wave,u*dx(u),0,-1,0,1,0,0,0,0,6
44,apv,boundary,wave,v*dy(u),0,-1,0,1,0,0,0,0,6
44,apv,boundary,wave,w*dz(u),0,-1,0,1,0,0,0,0,6
44,apv,boundary,wave,u*dx(v),0.000475422250910721,-1,0,2,0,3.31760359602411e-15,3.06847081077422e-07,6,0
44,apv,boundary,wave,v*dy(v),0,-1,0,1,0,0,0,0,6
44,apv,boundary,wave,w*dz(v),0,-1,0,1,0,0,0,0,6
44,apv,boundary,wave,u*dx(w),0,-1,0,1,0,0,0,0,6
44,apv,boundary,wave,v*dy(w),0,-1,0,1,0,0,0,0,6
44,apv,boundary,wave,w*dz(w),0,-1,0,1,0,0,0,0,6
44,apv,boundary,wave,u*dx(eta),2.38742483133943e-05,-1,0,2,0,2.57571741713036e-14,2.72721889071903e-07,6,0
44,apv,boundary,wave,v*dy(eta),0,-1,0,1,0,0,0,0,6
44,apv,boundary,wave,w*dz(eta),0,-1,0,1,0,0,0,0,6
44,apv,boundary,wave,w*eta*dlogN2,0,-1,0,1,0,0,0,0,6
44,boundary,apv,wave,u*dx(u),0,1,0,-1,0,0,0,0,6
44,boundary,apv,wave,v*dy(u),0,1,0,-1,0,0,0,0,6
44,boundary,apv,wave,w*dz(u),0,1,0,-1,0,0,0,0,6
44,boundary,apv,wave,u*dx(v),0.00056239156746284,2,0,-1,0,4.63165828119418e-15,2.71792975237162e-07,6,0
44,boundary,apv,wave,v*dy(v),0,1,0,-1,0,0,0,0,6
44,boundary,apv,wave,w*dz(v),0,1,0,-1,0,0,0,0,6
44,boundary,apv,wave,u*dx(w),0,1,0,-1,0,0,0,0,6
44,boundary,apv,wave,v*dy(w),0,1,0,-1,0,0,0,0,6
44,boundary,apv,wave,w*dz(w),0,1,0,-1,0,0,0,0,6
44,boundary,apv,wave,u*dx(eta),5.68197633530132e-05,2,0,1,0,5.24025267623074e-14,6.22810466754942e-07,6,0
44,boundary,apv,wave,v*dy(eta),0,1,0,-1,0,0,0,0,6
44,boundary,apv,wave,w*dz(eta),0,1,0,-1,0,0,0,0,6
44,boundary,apv,wave,w*eta*dlogN2,0,1,0,-1,0,0,0,0,6
44,boundary,boundary,wave,u*dx(u),0,1,0,1,0,0,0,0,4
44,boundary,boundary,wave,v*dy(u),0,1,0,1,0,0,0,0,4
44,boundary,boundary,wave,w*dz(u),0,1,0,1,0,0,0,0,4
44,boundary,boundary,wave,u*dx(v),0.000502098176747004,1,0,2,0,2.52639161874317e-15,4.47702166228581e-07,4,0
44,boundary,boundary,wave,v*dy(v),0,1,0,1,0,0,0,0,4
44,boundary,boundary,wave,w*dz(v),0,1,0,1,0,0,0,0,4
44,boundary,boundary,wave,u*dx(w),0,1,0,1,0,0,0,0,4
44,boundary,boundary,wave,v*dy(w),0,1,0,1,0,0,0,0,4
44,boundary,boundary,wave,w*dz(w),0,1,0,1,0,0,0,0,4
44,boundary,boundary,wave,u*dx(eta),3.2775436893297e-05,2,0,1,0,4.00790511889682e-14,2.37352290044512e-07,4,0
44,boundary,boundary,wave,v*dy(eta),0,1,0,1,0,0,0,0,4
44,boundary,boundary,wave,w*dz(eta),0,1,0,1,0,0,0,0,4
44,boundary,boundary,wave,w*eta*dlogN2,0,1,0,1,0,0,0,0,4
45,wave,wave,wave,u*dx(u),0.592907660756006,16,1,15,1,1.62904800760089e-10,2.92676226587574e-08,1024,0
45,wave,wave,wave,v*dy(u),0.592907660756006,16,1,15,1,1.62905022804694e-10,3.90343101175361e-08,1024,0
45,wave,wave,wave,w*dz(u),0.593369514751884,16,1,15,1,1.24230481857168e-06,2.88111700312843e-05,1024,0
45,wave,wave,wave,u*dx(v),0.590251816639647,16,1,15,1,1.62904800760089e-10,2.92663356882272e-08,1024,0
45,wave,wave,wave,v*dy(v),0.590251816639647,16,1,15,1,1.62904800760089e-10,3.90330230359837e-08,1024,0
45,wave,wave,wave,w*dz(v),0.590640781514005,16,1,15,1,1.24230481857168e-06,2.88111713186989e-05,1024,0
45,wave,wave,wave,u*dx(w),0.00143266905882691,16,1,16,1,5.82345283106633e-11,2.92752621033898e-08,1024,0
45,wave,wave,wave,v*dy(w),0.00143266905882691,16,1,16,1,5.82344172883609e-11,3.90419497842132e-08,1024,0
45,wave,wave,wave,w*dz(w),0.0014326699801559,16,1,16,1,5.82345283106633e-11,3.90418336548848e-08,1024,0
45,wave,wave,wave,u*dx(eta),0.0827005271922261,16,1,16,1,3.82782028296447e-10,1.95225642318775e-08,1024,0
45,wave,wave,wave,v*dy(eta),0.0827005271922261,16,1,16,1,3.82781806251842e-10,2.92892520237231e-08,1024,0
45,wave,wave,wave,w*dz(eta),0.0827006983302951,16,1,16,1,3.82782250341052e-10,2.92891606523682e-08,1024,0
45,wave,wave,wave,w*eta*dlogN2,0.0688053530336888,16,1,16,1,6.30698826498133e-11,2.92683044467168e-08,1024,0
45,wave,apv,wave,u*dx(u),0.00342339232039724,16,1,2,0,4.44724090774802e-14,3.34067867994486e-07,96,0
45,wave,apv,wave,v*dy(u),0.00342339232039736,16,1,2,0,4.4967842683646e-14,3.34067864802415e-07,96,0
45,wave,apv,wave,w*dz(u),0.00982460756519932,16,1,2,0,7.096545573404e-13,4.8405829609155e-07,96,0
45,wave,apv,wave,u*dx(v),0.00336583262587175,16,1,2,0,4.35525979907601e-14,3.12550313395381e-07,96,0
45,wave,apv,wave,v*dy(v),0.00336583262587131,16,1,2,0,4.33732262424388e-14,3.12550309048253e-07,96,0
45,wave,apv,wave,w*dz(v),0.00978300711707392,16,1,2,0,7.096545573404e-13,4.838156257847e-07,96,0
45,wave,apv,wave,u*dx(w),0,1,1,-1,0,0,0,0,96
45,wave,apv,wave,v*dy(w),0,1,1,-1,0,0,0,0,96
45,wave,apv,wave,w*dz(w),0,1,1,-1,0,0,0,0,96
45,wave,apv,wave,u*dx(eta),0.00102027226868325,16,1,2,0,6.54254428411605e-13,4.97385020836738e-07,96,0
45,wave,apv,wave,v*dy(eta),0.00102027226868327,16,1,2,0,6.5447647301653e-13,4.97382019126746e-07,96,0
45,wave,apv,wave,w*dz(eta),0.000412764172089501,16,1,2,0,7.65068719488227e-09,6.51733581324976e-07,96,0
45,wave,apv,wave,w*eta*dlogN2,0.0112734657117311,16,1,2,0,4.08895139969445e-13,4.88590286229496e-07,96,0
45,apv,wave,wave,u*dx(u),0.00342333313616848,2,0,16,1,4.47569408067726e-14,3.34060481274158e-07,96,0
45,apv,wave,wave,v*dy(u),0,-1,0,1,1,0,0,0,96
45,apv,wave,wave,w*dz(u),0,-1,0,1,1,0,0,0,96
45,apv,wave,wave,u*dx(v),0.00336577434760118,2,0,16,1,4.37162869034537e-14,3.12551127534293e-07,96,0
45,apv,wave,wave,v*dy(v),0,-1,0,1,1,0,0,0,96
45,apv,wave,wave,w*dz(v),0,-1,0,1,1,0,0,0,96
45,apv,wave,wave,u*dx(w),7.10409657017804e-05,2,0,15,1,1.11022302462516e-15,2.22673703476062e-07,96,0
45,apv,wave,wave,v*dy(w),0,-1,0,1,1,0,0,0,96
45,apv,wave,wave,w*dz(w),0,-1,0,1,1,0,0,0,96
45,apv,wave,wave,u*dx(eta),0.000413532290458331,2,0,16,1,1.25455201782643e-14,3.72098348222295e-07,96,0
45,apv,wave,wave,v*dy(eta),0,-1,0,1,1,0,0,0,96
45,apv,wave,wave,w*dz(eta),0,-1,0,1,1,0,0,0,96
45,apv,wave,wave,w*eta*dlogN2,0,-1,0,1,1,0,0,0,96
45,wave,boundary,wave,u*dx(u),0.00167348966774931,16,1,2,0,1.09048290665419e-14,8.85089837832025e-08,64,0
45,wave,boundary,wave,v*dy(u),0.00167348966774978,16,1,2,0,1.09899551884145e-14,9.0401436935296e-08,64,0
45,wave,boundary,wave,w*dz(u),0.00334651502932315,16,1,2,0,2.73223721045099e-13,1.56750890818917e-07,64,0
45,wave,boundary,wave,u*dx(v),0.00162301437283369,16,1,2,0,1.04740828737014e-14,7.29078069028333e-08,64,0
45,wave,boundary,wave,v*dy(v),0.00162301437283383,16,1,2,0,1.07085823172392e-14,8.26744941395674e-08,64,0
45,wave,boundary,wave,w*dz(v),0.00333199102989678,16,1,2,0,2.72146149966403e-13,1.08183204616807e-07,64,0
45,wave,boundary,wave,u*dx(w),0,1,1,1,0,0,0,0,64
45,wave,boundary,wave,v*dy(w),0,1,1,1,0,0,0,0,64
45,wave,boundary,wave,w*dz(w),0,1,1,1,0,0,0,0,64
45,wave,boundary,wave,u*dx(eta),0.000356310312725735,16,1,2,0,9.79216707719388e-14,7.89005485390959e-08,64,0
45,wave,boundary,wave,v*dy(eta),0.000356310312725686,16,1,2,0,9.76996261670138e-14,8.86672355537854e-08,64,0
45,wave,boundary,wave,w*dz(eta),0.000234931408271876,15,1,2,0,2.05168548816914e-10,6.27773225625461e-08,64,0
45,wave,boundary,wave,w*eta*dlogN2,0.0144206559479217,16,1,2,0,2.85327317328665e-13,1.12353581438462e-07,64,0
45,boundary,wave,wave,u*dx(u),0.0025921080680888,2,0,16,1,1.78933701859219e-14,1.70570922678943e-07,64,0
45,boundary,wave,wave,v*dy(u),0,1,0,1,1,0,0,0,64
45,boundary,wave,wave,w*dz(u),0,1,0,1,1,0,0,0,64
45,boundary,wave,wave,u*dx(v),0.0025172540194691,2,0,16,1,1.73796575616237e-14,1.46889182674342e-07,64,0
45,boundary,wave,wave,v*dy(v),0,1,0,1,1,0,0,0,64
45,boundary,wave,wave,w*dz(v),0,1,0,1,1,0,0,0,64
45,boundary,wave,wave,u*dx(w),4.23885441544195e-05,2,0,15,1,6.66133814775094e-16,1.57030023761884e-07,64,0
45,boundary,wave,wave,v*dy(w),0,1,0,1,1,0,0,0,64
45,boundary,wave,wave,w*dz(w),0,1,0,1,1,0,0,0,64
45,boundary,wave,wave,u*dx(eta),0.000349374582149993,2,0,15,1,3.5527136788005e-15,1.37180338311005e-07,64,0
45,boundary,wave,wave,v*dy(eta),0,1,0,1,1,0,0,0,64
45,boundary,wave,wave,w*dz(eta),0,1,0,1,1,0,0,0,64
45,boundary,wave,wave,w*eta*dlogN2,0,1,0,1,1,0,0,0,64
45,apv,boundary,wave,u*dx(u),0.00039650218058618,-1,0,2,0,2.73928202591429e-15,3.41272126397478e-07,6,0
45,apv,boundary,wave,v*dy(u),0,-1,0,1,0,0,0,0,6
45,apv,boundary,wave,w*dz(u),0,-1,0,1,0,0,0,0,6
45,apv,boundary,wave,u*dx(v),0.000394419514765103,-1,0,2,0,2.61544637210752e-15,3.30513364232843e-07,6,0
45,apv,boundary,wave,v*dy(v),0,-1,0,1,0,0,0,0,6
45,apv,boundary,wave,w*dz(v),0,-1,0,1,0,0,0,0,6
45,apv,boundary,wave,u*dx(w),0,-1,0,1,0,0,0,0,6
45,apv,boundary,wave,v*dy(w),0,-1,0,1,0,0,0,0,6
45,apv,boundary,wave,w*dz(w),0,-1,0,1,0,0,0,0,6
45,apv,boundary,wave,u*dx(eta),1.64712427361315e-05,-1,0,2,0,1.85212777524747e-14,3.23847391792143e-07,6,0
45,apv,boundary,wave,v*dy(eta),0,-1,0,1,0,0,0,0,6
45,apv,boundary,wave,w*dz(eta),0,-1,0,1,0,0,0,0,6
45,apv,boundary,wave,w*eta*dlogN2,0,-1,0,1,0,0,0,0,6
45,boundary,apv,wave,u*dx(u),0.00056531497135848,2,0,-1,0,4.69210878182665e-15,2.88387494241701e-07,6,0
45,boundary,apv,wave,v*dy(u),0,1,0,-1,0,0,0,0,6
45,boundary,apv,wave,w*dz(u),0,1,0,-1,0,0,0,0,6
45,boundary,apv,wave,u*dx(v),0.000562364220016882,2,0,-1,0,4.62044614932571e-15,2.71792975237162e-07,6,0
45,boundary,apv,wave,v*dy(v),0,1,0,-1,0,0,0,0,6
45,boundary,apv,wave,w*dz(v),0,1,0,-1,0,0,0,0,6
45,boundary,apv,wave,u*dx(w),0,1,0,-1,0,0,0,0,6
45,boundary,apv,wave,v*dy(w),0,1,0,-1,0,0,0,0,6
45,boundary,apv,wave,w*dz(w),0,1,0,-1,0,0,0,0,6
45,boundary,apv,wave,u*dx(eta),4.73051823227527e-05,2,0,1,0,5.24025267623074e-14,6.22810466754942e-07,6,0
45,boundary,apv,wave,v*dy(eta),0,1,0,-1,0,0,0,0,6
45,boundary,apv,wave,w*dz(eta),0,1,0,-1,0,0,0,0,6
45,boundary,apv,wave,w*eta*dlogN2,0,1,0,-1,0,0,0,0,6
45,boundary,boundary,wave,u*dx(u),0.000449382957529932,1,0,2,0,2.62264280436025e-15,5.57023332062023e-07,4,0
45,boundary,boundary,wave,v*dy(u),0,1,0,1,0,0,0,0,4
45,boundary,boundary,wave,w*dz(u),0,1,0,1,0,0,0,0,4
45,boundary,boundary,wave,u*dx(v),0.000447028660036324,1,0,2,0,2.52904134704803e-15,5.00593629659818e-07,4,0
45,boundary,boundary,wave,v*dy(v),0,1,0,1,0,0,0,0,4
45,boundary,boundary,wave,w*dz(v),0,1,0,1,0,0,0,0,4
45,boundary,boundary,wave,u*dx(w),0,1,0,1,0,0,0,0,4
45,boundary,boundary,wave,v*dy(w),0,1,0,1,0,0,0,0,4
45,boundary,boundary,wave,w*dz(w),0,1,0,1,0,0,0,0,4
45,boundary,boundary,wave,u*dx(eta),2.03106668953112e-05,2,0,1,0,2.30926389122033e-14,4.17606035085782e-07,4,0
45,boundary,boundary,wave,v*dy(eta),0,1,0,1,0,0,0,0,4
45,boundary,boundary,wave,w*dz(eta),0,1,0,1,0,0,0,0,4
45,boundary,boundary,wave,w*eta*dlogN2,0,1,0,1,0,0,0,0,4
46,wave,wave,wave,u*dx(u),0.591602577266163,15,1,16,1,1.62910795964422e-10,2.93332713674488e-08,1024,0
46,wave,wave,wave,v*dy(u),0,1,1,1,1,0,0,0,1024
46,wave,wave,wave,w*dz(u),0.592027273350957,16,1,15,1,2.86749816412746e-05,0.000324312187625742,1024,0
46,wave,wave,wave,u*dx(v),0.592241334013893,15,1,16,1,1.62910573919817e-10,1.95574463290882e-08,1024,0
46,wave,wave,wave,v*dy(v),0,1,1,1,1,0,0,0,1024
46,wave,wave,wave,w*dz(v),0.592683696505681,16,1,15,1,2.86749816412746e-05,0.000324321966621577,1024,0
46,wave,wave,wave,u*dx(w),0.00123252276501076,16,1,16,1,5.82300874185648e-11,2.93407306228843e-08,1024,0
46,wave,wave,wave,v*dy(w),0,1,1,1,1,0,0,0,1024
46,wave,wave,wave,w*dz(w),0.00123252257484151,16,1,16,1,5.82298653739599e-11,3.91068082361556e-08,1024,0
46,wave,wave,wave,u*dx(eta),0.0712950846629078,16,1,16,1,3.82756271122275e-10,1.95595262209025e-08,1024,0
46,wave,wave,wave,v*dy(eta),0,1,1,1,1,0,0,0,1024
46,wave,wave,wave,w*dz(eta),0.0712950492127371,16,1,16,1,3.82756160099973e-10,2.93255185690455e-08,1024,0
46,wave,wave,wave,w*eta*dlogN2,0.0609358710042253,16,1,16,1,6.30679952706714e-11,2.93052625499612e-08,1024,0
46,wave,apv,wave,u*dx(u),0,1,1,-1,0,0,0,0,96
46,wave,apv,wave,v*dy(u),0,1,1,-1,0,0,0,0,96
46,wave,apv,wave,w*dz(u),0,1,1,-1,0,0,0,0,96
46,wave,apv,wave,u*dx(v),0.00340676338039337,16,1,2,0,4.44876184541017e-14,3.27208472604212e-07,96,0
46,wave,apv,wave,v*dy(v),0,1,1,-1,0,0,0,0,96
46,wave,apv,wave,w*dz(v),0.0098141605687178,16,1,2,0,7.096545573404e-13,4.838156257847e-07,96,0
46,wave,apv,wave,u*dx(w),0,1,1,-1,0,0,0,0,96
46,wave,apv,wave,v*dy(w),0,1,1,-1,0,0,0,0,96
46,wave,apv,wave,w*dz(w),0,1,1,-1,0,0,0,0,96
46,wave,apv,wave,u*dx(eta),0.0008879567766109,16,1,2,0,6.54254428411605e-13,4.97385020836738e-07,96,0
46,wave,apv,wave,v*dy(eta),0,1,1,-1,0,0,0,0,96
46,wave,apv,wave,w*dz(eta),0.000364364682858897,16,1,2,0,7.65068719488227e-09,6.51733581324976e-07,96,0
46,wave,apv,wave,w*eta*dlogN2,0.00989251328871747,16,1,2,0,4.08895139969445e-13,4.88590286229496e-07,96,0
46,apv,wave,wave,u*dx(u),0.00339069712583586,2,0,16,1,4.42206187573874e-14,3.20479574565035e-07,96,0
46,apv,wave,wave,v*dy(u),0,-1,0,1,1,0,0,0,96
46,apv,wave,wave,w*dz(u),0,-1,0,1,1,0,0,0,96
46,apv,wave,wave,u*dx(v),0.00340677752293252,2,0,16,1,4.45535883577723e-14,3.27210256524673e-07,96,0
46,apv,wave,wave,v*dy(v),0,-1,0,1,1,0,0,0,96
46,apv,wave,wave,w*dz(v),0,-1,0,1,1,0,0,0,96
46,apv,wave,wave,u*dx(w),6.11255912057824e-05,2,0,15,1,9.99200722162641e-16,2.22434809016292e-07,96,0
46,apv,wave,wave,v*dy(w),0,-1,0,1,1,0,0,0,96
46,apv,wave,wave,w*dz(w),0,-1,0,1,1,0,0,0,96
46,apv,wave,wave,u*dx(eta),0.0003650175553473,2,0,16,1,1.25455201782643e-14,3.5497364456534e-07,96,0
46,apv,wave,wave,v*dy(eta),0,-1,0,1,1,0,0,0,96
46,apv,wave,wave,w*dz(eta),0,-1,0,1,1,0,0,0,96
46,apv,wave,wave,w*eta*dlogN2,0,-1,0,1,1,0,0,0,96
46,wave,boundary,wave,u*dx(u),0,1,1,1,0,0,0,0,64
46,wave,boundary,wave,v*dy(u),0,1,1,1,0,0,0,0,64
46,wave,boundary,wave,w*dz(u),0,1,1,1,0,0,0,0,64
46,wave,boundary,wave,u*dx(v),0.00279863668592638,16,1,2,0,2.1190141552613e-14,1.73115009476445e-07,64,0
46,wave,boundary,wave,v*dy(v),0,1,1,1,0,0,0,0,64
46,wave,boundary,wave,w*dz(v),0.00543798180158722,16,1,2,0,5.18782369557874e-13,4.03011324423552e-07,64,0
46,wave,boundary,wave,u*dx(w),0,1,1,1,0,0,0,0,64
46,wave,boundary,wave,v*dy(w),0,1,1,1,0,0,0,0,64
46,wave,boundary,wave,w*dz(w),0,1,1,1,0,0,0,0,64
46,wave,boundary,wave,u*dx(eta),0.000497834577724252,16,1,2,0,2.13939976845268e-13,3.24312632860035e-07,64,0
46,wave,boundary,wave,v*dy(eta),0,1,1,1,0,0,0,0,64
46,wave,boundary,wave,w*dz(eta),0.000330421370631314,15,1,2,0,9.57744328289323e-10,1.31249100920883e-07,64,0
46,wave,boundary,wave,w*eta*dlogN2,0.00890272406758195,16,1,2,0,3.0409008644483e-13,4.04929174968593e-07,64,0
46,boundary,wave,wave,u*dx(u),0.00254878303471356,2,0,16,1,1.75756121401959e-14,1.47943220499311e-07,64,0
46,boundary,wave,wave,v*dy(u),0,1,0,1,1,0,0,0,64
46,boundary,wave,wave,w*dz(u),0,1,0,1,1,0,0,0,64
46,boundary,wave,wave,u*dx(v),0.00257015136815389,2,0,16,1,1.7666028170285e-14,1.57305371832424e-07,64,0
46,boundary,wave,wave,v*dy(v),0,1,0,1,1,0,0,0,64
46,boundary,wave,wave,w*dz(v),0,1,0,1,1,0,0,0,64
46,boundary,wave,wave,u*dx(w),3.64711551907671e-05,2,0,15,1,6.66133814775094e-16,1.57086383678617e-07,64,0
46,boundary,wave,wave,v*dy(w),0,1,0,1,1,0,0,0,64
46,boundary,wave,wave,w*dz(w),0,1,0,1,1,0,0,0,64
46,boundary,wave,wave,u*dx(eta),0.000311493194661675,2,0,15,1,3.5527136788005e-15,1.37203818417753e-07,64,0
46,boundary,wave,wave,v*dy(eta),0,1,0,1,1,0,0,0,64
46,boundary,wave,wave,w*dz(eta),0,1,0,1,1,0,0,0,64
46,boundary,wave,wave,w*eta*dlogN2,0,1,0,1,1,0,0,0,64
46,apv,boundary,wave,u*dx(u),0,-1,0,1,0,0,0,0,6
46,apv,boundary,wave,v*dy(u),0,-1,0,1,0,0,0,0,6
46,apv,boundary,wave,w*dz(u),0,-1,0,1,0,0,0,0,6
46,apv,boundary,wave,u*dx(v),0.000590158365386903,2,0,2,0,5.80229355497784e-15,2.67775430495831e-07,6,0
46,apv,boundary,wave,v*dy(v),0,-1,0,1,0,0,0,0,6
46,apv,boundary,wave,w*dz(v),0,-1,0,1,0,0,0,0,6
46,apv,boundary,wave,u*dx(w),0,-1,0,1,0,0,0,0,6
46,apv,boundary,wave,v*dy(w),0,-1,0,1,0,0,0,0,6
46,apv,boundary,wave,w*dz(w),0,-1,0,1,0,0,0,0,6
46,apv,boundary,wave,u*dx(eta),2.39283029349366e-05,2,0,2,0,5.6843418860808e-14,3.48750239131945e-07,6,0
46,apv,boundary,wave,v*dy(eta),0,-1,0,1,0,0,0,0,6
46,apv,boundary,wave,w*dz(eta),0,-1,0,1,0,0,0,0,6
46,apv,boundary,wave,w*eta*dlogN2,0,-1,0,1,0,0,0,0,6
46,boundary,apv,wave,u*dx(u),0,1,0,-1,0,0,0,0,6
46,boundary,apv,wave,v*dy(u),0,1,0,-1,0,0,0,0,6
46,boundary,apv,wave,w*dz(u),0,1,0,-1,0,0,0,0,6
46,boundary,apv,wave,u*dx(v),0.000564576488707652,2,0,-1,0,4.76271713937136e-15,2.71792975237162e-07,6,0
46,boundary,apv,wave,v*dy(v),0,1,0,-1,0,0,0,0,6
46,boundary,apv,wave,w*dz(v),0,1,0,-1,0,0,0,0,6
46,boundary,apv,wave,u*dx(w),0,1,0,-1,0,0,0,0,6
46,boundary,apv,wave,v*dy(w),0,1,0,-1,0,0,0,0,6
46,boundary,apv,wave,w*dz(w),0,1,0,-1,0,0,0,0,6
46,boundary,apv,wave,u*dx(eta),4.11810873857697e-05,2,0,1,0,5.24025267623074e-14,6.22810466754942e-07,6,0
46,boundary,apv,wave,v*dy(eta),0,1,0,-1,0,0,0,0,6
46,boundary,apv,wave,w*dz(eta),0,1,0,-1,0,0,0,0,6
46,boundary,apv,wave,w*eta*dlogN2,0,1,0,-1,0,0,0,0,6
46,boundary,boundary,wave,u*dx(u),0,1,0,1,0,0,0,0,4
46,boundary,boundary,wave,v*dy(u),0,1,0,1,0,0,0,0,4
46,boundary,boundary,wave,w*dz(u),0,1,0,1,0,0,0,0,4
46,boundary,boundary,wave,u*dx(v),0.000531280091831369,2,0,1,0,2.86182464935641e-15,3.16259028965149e-07,4,0
46,boundary,boundary,wave,v*dy(v),0,1,0,1,0,0,0,0,4
46,boundary,boundary,wave,w*dz(v),0,1,0,1,0,0,0,0,4
46,boundary,boundary,wave,u*dx(w),0,1,0,1,0,0,0,0,4
46,boundary,boundary,wave,v*dy(w),0,1,0,1,0,0,0,0,4
46,boundary,boundary,wave,w*dz(w),0,1,0,1,0,0,0,0,4
46,boundary,boundary,wave,u*dx(eta),3.46626719823227e-05,2,0,1,0,7.33857419277228e-14,3.93122226351968e-07,4,0
46,boundary,boundary,wave,v*dy(eta),0,1,0,1,0,0,0,0,4
46,boundary,boundary,wave,w*dz(eta),0,1,0,1,0,0,0,0,4
46,boundary,boundary,wave,w*eta*dlogN2,0,1,0,1,0,0,0,0,4
47,wave,wave,wave,u*dx(u),0.592906482101361,16,1,15,1,1.62907243250743e-10,2.93126600769966e-08,1024,0
47,wave,wave,wave,v*dy(u),0.592906482101361,16,1,15,1,1.62907243250743e-10,3.90793475357754e-08,1024,0
47,wave,wave,wave,w*dz(u),0.593368057715268,16,1,15,1,6.20155954778046e-06,0.000143961636307921,1024,0
47,wave,wave,wave,u*dx(v),0.592237848264683,16,1,15,1,1.62907243250743e-10,2.93150832497702e-08,1024,0
47,wave,wave,wave,v*dy(v),0.592237848264683,16,1,15,1,1.62907465295348e-10,3.90817708195712e-08,1024,0
47,wave,wave,wave,w*dz(v),0.592680365144264,16,1,15,1,6.20155954789148e-06,0.000143961633884304,1024,0
47,wave,wave,wave,u*dx(w),0.000716489661430536,16,1,16,1,5.82318637754042e-11,2.93231554593376e-08,1024,0
47,wave,wave,wave,v*dy(w),0.000716489661430536,16,1,16,1,5.82317527531018e-11,3.90898429181163e-08,1024,0
47,wave,wave,wave,w*dz(w),0.000716489776512814,16,1,16,1,5.82320858200092e-11,3.90898762248071e-08,1024,0
47,wave,wave,wave,u*dx(eta),0.04164750230629,16,1,16,1,3.82766152107195e-10,1.95473001118884e-08,1024,0
47,wave,wave,wave,v*dy(eta),0.04164750230629,16,1,16,1,3.82766374151799e-10,2.93139879037341e-08,1024,0
47,wave,wave,wave,w*dz(eta),0.0416475239604705,16,1,16,1,3.82766485174102e-10,2.93138903151302e-08,1024,0
47,wave,wave,wave,w*eta*dlogN2,0.0389126812494024,16,1,16,1,6.30687724267887e-11,2.92930272260961e-08,1024,0
47,wave,apv,wave,u*dx(u),0.0034235109455525,16,1,2,0,4.48203729028669e-14,3.3408962483015e-07,96,0
47,wave,apv,wave,v*dy(u),0.0034235109455526,16,1,2,0,4.47852956588824e-14,3.34089625739805e-07,96,0
47,wave,apv,wave,w*dz(u),0.00982459403609874,16,1,2,0,7.096545573404e-13,4.84187755011683e-07,96,0
47,wave,apv,wave,u*dx(v),0.00339129510024448,16,1,2,0,4.40807563041634e-14,3.25440848915291e-07,96,0
47,wave,apv,wave,v*dy(v),0.00339129510024425,16,1,2,0,4.4029400237221e-14,3.2544084805738e-07,96,0
47,wave,apv,wave,w*dz(v),0.00981393305255968,16,1,2,0,7.096545573404e-13,4.838156257847e-07,96,0
47,wave,apv,wave,u*dx(w),0,1,1,-1,0,0,0,0,96
47,wave,apv,wave,v*dy(w),0,1,1,-1,0,0,0,0,96
47,wave,apv,wave,w*dz(w),0,1,1,-1,0,0,0,0,96
47,wave,apv,wave,u*dx(eta),0.000536588382518848,16,1,2,0,6.54254428411605e-13,4.97385020836738e-07,96,0
47,wave,apv,wave,v*dy(eta),0.000536588382518835,16,1,2,0,6.5447647301653e-13,4.97382019126746e-07,96,0
47,wave,apv,wave,w*dz(eta),0.00023143359352815,16,1,2,0,7.65068719488227e-09,6.51733581324976e-07,96,0
47,wave,apv,wave,w*eta*dlogN2,0.00613779919005456,16,1,2,0,4.08895139969445e-13,4.88590286229496e-07,96,0
47,apv,wave,wave,u*dx(u),0.00342349614907205,2,0,16,1,4.50216680339567e-14,3.34087801762221e-07,96,0
47,apv,wave,wave,v*dy(u),0,-1,0,1,1,0,0,0,96
47,apv,wave,wave,w*dz(u),0,-1,0,1,1,0,0,0,96
47,apv,wave,wave,u*dx(v),0.00339128042258421,2,0,16,1,4.4007153537615e-14,3.25439072189392e-07,96,0
47,apv,wave,wave,v*dy(v),0,-1,0,1,1,0,0,0,96
47,apv,wave,wave,w*dz(v),0,-1,0,1,1,0,0,0,96
47,apv,wave,wave,u*dx(w),3.5544010960376e-05,2,0,15,1,6.66133814775094e-16,2.22520933457204e-07,96,0
47,apv,wave,wave,v*dy(w),0,-1,0,1,1,0,0,0,96
47,apv,wave,wave,w*dz(w),0,-1,0,1,1,0,0,0,96
47,apv,wave,wave,u*dx(eta),0.000231807954542589,2,0,16,1,1.24344978758018e-14,2.75271238254066e-07,96,0
47,apv,wave,wave,v*dy(eta),0,-1,0,1,1,0,0,0,96
47,apv,wave,wave,w*dz(eta),0,-1,0,1,1,0,0,0,96
47,apv,wave,wave,w*eta*dlogN2,0,-1,0,1,1,0,0,0,96
47,wave,boundary,wave,u*dx(u),0.00232642023209566,16,1,2,0,1.52526388541757e-14,1.42689563361078e-07,64,0
47,wave,boundary,wave,v*dy(u),0.00232642023209563,16,1,2,0,1.51287786527582e-14,1.42689575835596e-07,64,0
47,wave,boundary,wave,w*dz(u),0.00452571197528524,16,1,2,0,4.03305388984219e-13,2.50961917379879e-07,64,0
47,wave,boundary,wave,u*dx(v),0.00228462375724868,16,1,2,0,1.51992286724846e-14,1.28750999494634e-07,64,0
47,wave,boundary,wave,v*dy(v),0.00228462375724864,16,1,2,0,1.5275084391869e-14,1.28751011121021e-07,64,0
47,wave,boundary,wave,w*dz(v),0.0045206001049212,16,1,2,0,4.02685008915706e-13,2.13184281228074e-07,64,0
47,wave,boundary,wave,u*dx(w),0,1,1,1,0,0,0,0,64
47,wave,boundary,wave,v*dy(w),0,1,1,1,0,0,0,0,64
47,wave,boundary,wave,w*dz(w),0,1,1,1,0,0,0,0,64
47,wave,boundary,wave,u*dx(eta),0.000252352007597967,16,1,2,0,1.36335387423969e-13,1.53564778004878e-07,64,0
47,wave,boundary,wave,v*dy(eta),0.000252352007597967,16,1,2,0,1.36335387423969e-13,1.55457022255057e-07,64,0
47,wave,boundary,wave,w*dz(eta),0.000184689382105554,15,1,2,0,4.53165505120978e-10,1.01666729479533e-07,64,0
47,wave,boundary,wave,w*eta*dlogN2,0.00666436267047116,16,1,2,0,3.05866443284231e-13,2.13370037416283e-07,64,0
47,boundary,wave,wave,u*dx(u),0.00259229246348404,2,0,16,1,1.74818872061544e-14,1.70669906027617e-07,64,0
47,boundary,wave,wave,v*dy(u),0,1,0,1,1,0,0,0,64
47,boundary,wave,wave,w*dz(u),0,1,0,1,1,0,0,0,64
47,boundary,wave,wave,u*dx(v),0.00254620374271234,2,0,16,1,1.76757999674059e-14,1.50885647453399e-07,64,0
47,boundary,wave,wave,v*dy(v),0,1,0,1,1,0,0,0,64
47,boundary,wave,wave,w*dz(v),0,1,0,1,1,0,0,0,64
47,boundary,wave,wave,u*dx(w),2.12068393045448e-05,2,0,15,1,4.44089209850063e-16,1.57072472029007e-07,64,0
47,boundary,wave,wave,v*dy(w),0,1,0,1,1,0,0,0,64
47,boundary,wave,wave,w*dz(w),0,1,0,1,1,0,0,0,64
47,boundary,wave,wave,u*dx(eta),0.000203566163612548,2,0,15,1,3.77475828372553e-15,1.37196978999832e-07,64,0
47,boundary,wave,wave,v*dy(eta),0,1,0,1,1,0,0,0,64
47,boundary,wave,wave,w*dz(eta),0,1,0,1,1,0,0,0,64
47,boundary,wave,wave,w*eta*dlogN2,0,1,0,1,1,0,0,0,64
47,apv,boundary,wave,u*dx(u),0.000525310166659016,-1,0,2,0,4.14765075805772e-15,3.09074029690237e-07,6,0
47,apv,boundary,wave,v*dy(u),0,-1,0,1,0,0,0,0,6
47,apv,boundary,wave,w*dz(u),0,-1,0,1,0,0,0,0,6
47,apv,boundary,wave,u*dx(v),0.000524611882690339,-1,0,2,0,4.20472079683232e-15,2.91042544731113e-07,6,0
47,apv,boundary,wave,v*dy(v),0,-1,0,1,0,0,0,0,6
47,apv,boundary,wave,w*dz(v),0,-1,0,1,0,0,0,0,6
47,apv,boundary,wave,u*dx(w),0,-1,0,1,0,0,0,0,6
47,apv,boundary,wave,v*dy(w),0,-1,0,1,0,0,0,0,6
47,apv,boundary,wave,w*dz(w),0,-1,0,1,0,0,0,0,6
47,apv,boundary,wave,u*dx(eta),1.10864658327739e-05,-1,0,2,0,3.50830475781549e-14,2.40172792320692e-07,6,0
47,apv,boundary,wave,v*dy(eta),0,-1,0,1,0,0,0,0,6
47,apv,boundary,wave,w*dz(eta),0,-1,0,1,0,0,0,0,6
47,apv,boundary,wave,w*eta*dlogN2,0,-1,0,1,0,0,0,0,6
47,boundary,apv,wave,u*dx(u),0.000565321454218237,2,0,-1,0,5.40347509520176e-15,2.88667120915007e-07,6,0
47,boundary,apv,wave,v*dy(u),0,1,0,-1,0,0,0,0,6
47,boundary,apv,wave,w*dz(u),0,1,0,-1,0,0,0,0,6
47,boundary,apv,wave,u*dx(v),0.000564571275223932,2,0,-1,0,4.62299960665915e-15,2.71792975237162e-07,6,0
47,boundary,apv,wave,v*dy(v),0,1,0,-1,0,0,0,0,6
47,boundary,apv,wave,w*dz(v),0,1,0,-1,0,0,0,0,6
47,boundary,apv,wave,u*dx(w),0,1,0,-1,0,0,0,0,6
47,boundary,apv,wave,v*dy(w),0,1,0,-1,0,0,0,0,6
47,boundary,apv,wave,w*dz(w),0,1,0,-1,0,0,0,0,6
47,boundary,apv,wave,u*dx(eta),2.4908285779267e-05,2,0,1,0,5.24025267623074e-14,6.22810466754942e-07,6,0
47,boundary,apv,wave,v*dy(eta),0,1,0,-1,0,0,0,0,6
47,boundary,apv,wave,w*dz(eta),0,1,0,-1,0,0,0,0,6
47,boundary,apv,wave,w*eta*dlogN2,0,1,0,-1,0,0,0,0,6
47,boundary,boundary,wave,u*dx(u),0.000510239373528349,1,0,2,0,2.7103539194837e-15,4.80987168316981e-07,4,0
47,boundary,boundary,wave,v*dy(u),0,1,0,1,0,0,0,0,4
47,boundary,boundary,wave,w*dz(u),0,1,0,1,0,0,0,0,4
47,boundary,boundary,wave,u*dx(v),0.000509556028711789,1,0,2,0,2.71865905477498e-15,4.06423068755046e-07,4,0
47,boundary,boundary,wave,v*dy(v),0,1,0,1,0,0,0,0,4
47,boundary,boundary,wave,w*dz(v),0,1,0,1,0,0,0,0,4
47,boundary,boundary,wave,u*dx(w),0,1,0,1,0,0,0,0,4
47,boundary,boundary,wave,v*dy(w),0,1,0,1,0,0,0,0,4
47,boundary,boundary,wave,w*dz(w),0,1,0,1,0,0,0,0,4
47,boundary,boundary,wave,u*dx(eta),1.62907696428975e-05,2,0,1,0,5.25135490647699e-14,2.63958154556043e-07,4,0
47,boundary,boundary,wave,v*dy(eta),0,1,0,1,0,0,0,0,4
47,boundary,boundary,wave,w*dz(eta),0,1,0,1,0,0,0,0,4
47,boundary,boundary,wave,w*eta*dlogN2,0,1,0,1,0,0,0,0,4
48,wave,wave,inertial,u*dx(u),0,1,1,1,1,0,0,0,1024
48,wave,wave,inertial,v*dy(u),0.00171423774606709,16,1,14,1,1.62908131429162e-10,2.9310165294838e-08,1024,0
48,wave,wave,inertial,w*dz(u),0.0155491052146017,2,1,1,1,1.37417036468745e-05,0.000168934859910097,1024,0
48,wave,wave,inertial,u*dx(v),0,1,1,1,1,0,0,0,1024
48,wave,wave,inertial,v*dy(v),0.00171423774606708,16,1,14,1,1.62908131429162e-10,3.9076852864639e-08,1024,0
48,wave,wave,inertial,w*dz(v),0.015549105214602,2,1,1,1,1.37417036469856e-05,0.000168925091571959,1024,0
48,wave,wave,mda,u*dx(eta),0,1,1,1,1,0,0,0,1024
48,wave,wave,mda,v*dy(eta),0.00550322365932647,16,1,16,1,3.82761045081281e-10,1.17069274003885e-07,1024,0
48,wave,wave,mda,w*dz(eta),0.00550322365932647,16,1,16,1,3.82761045081281e-10,1.25691975113936e-07,1024,0
48,wave,wave,mda,w*eta*dlogN2,0.0347285481455966,16,1,16,1,6.30683283375788e-11,2.92910196098006e-08,1024,0
48,wave,apv,inertial,u*dx(u),0,1,1,-1,0,0,0,0,96
48,wave,apv,inertial,v*dy(u),0.000633683366073878,16,1,1,0,1.55431223447522e-14,2.29543045177151e-07,96,0
48,wave,apv,inertial,w*dz(u),0.000406241987522632,15,1,2,0,7.096545573404e-13,4.838156257847e-07,96,0
48,wave,apv,inertial,u*dx(v),0,1,1,-1,0,0,0,0,96
48,wave,apv,inertial,v*dy(v),0,1,1,-1,0,0,0,0,96
48,wave,apv,inertial,w*dz(v),0,1,1,-1,0,0,0,0,96
48,wave,apv,mda,u*dx(eta),0,1,1,-1,0,0,0,0,96
48,wave,apv,mda,v*dy(eta),0.000298558393402395,16,1,2,0,6.15840711759574e-13,2.86663934520984e-07,96,0
48,wave,apv,mda,w*dz(eta),0.00025478667056431,3,1,-1,0,7.65065588659297e-09,0.00887253823158129,96,0
48,wave,apv,mda,w*eta*dlogN2,0.00455100733987295,16,1,2,0,4.08895139969445e-13,4.88590286340518e-07,96,0
48,apv,wave,inertial,u*dx(u),0,-1,0,1,1,0,0,0,96
48,apv,wave,inertial,v*dy(u),0,-1,0,1,1,0,0,0,96
48,apv,wave,inertial,w*dz(u),0,-1,0,1,1,0,0,0,96
48,apv,wave,inertial,u*dx(v),0,-1,0,1,1,0,0,0,96
48,apv,wave,inertial,v*dy(v),0,-1,0,1,1,0,0,0,96
48,apv,wave,inertial,w*dz(v),0,-1,0,1,1,0,0,0,96
48,apv,wave,mda,u*dx(eta),0,-1,0,1,1,0,0,0,96
48,apv,wave,mda,v*dy(eta),0,-1,0,1,1,0,0,0,96
48,apv,wave,mda,w*dz(eta),0,-1,0,1,1,0,0,0,96
48,apv,wave,mda,w*eta*dlogN2,0,-1,0,1,1,0,0,0,96
48,wave,boundary,inertial,u*dx(u),0,1,1,1,0,0,0,0,64
48,wave,boundary,inertial,v*dy(u),0.00057377278219143,16,1,2,0,3.71201003152921e-15,1.39184056169306e-07,64,0
48,wave,boundary,inertial,w*dz(u),0.000235032870218085,15,1,2,0,2.02060590481778e-13,2.84962590635374e-07,64,0
48,wave,boundary,inertial,u*dx(v),0,1,1,1,0,0,0,0,64
48,wave,boundary,inertial,v*dy(v),0,1,1,1,0,0,0,0,64
48,wave,boundary,inertial,w*dz(v),0,1,1,1,0,0,0,0,64
48,wave,boundary,mda,u*dx(eta),0,1,1,1,0,0,0,0,64
48,wave,boundary,mda,v*dy(eta),3.56014618724387e-05,16,1,2,0,2.34382890562298e-14,1.67129634576213e-07,64,0
48,wave,boundary,mda,w*dz(eta),0.000205267786795298,15,1,2,0,5.84134518533119e-10,0.00481296238284417,64,0
48,wave,boundary,mda,w*eta*dlogN2,0.00427943798042142,16,1,2,0,3.07642800123631e-13,2.85154401091781e-07,64,0
48,boundary,wave,inertial,u*dx(u),0,1,0,1,1,0,0,0,64
48,boundary,wave,inertial,v*dy(u),0,1,0,1,1,0,0,0,64
48,boundary,wave,inertial,w*dz(u),0,1,0,1,1,0,0,0,64
48,boundary,wave,inertial,u*dx(v),0,1,0,1,1,0,0,0,64
48,boundary,wave,inertial,v*dy(v),0,1,0,1,1,0,0,0,64
48,boundary,wave,inertial,w*dz(v),0,1,0,1,1,0,0,0,64
48,boundary,wave,mda,u*dx(eta),0,1,0,1,1,0,0,0,64
48,boundary,wave,mda,v*dy(eta),0,1,0,1,1,0,0,0,64
48,boundary,wave,mda,w*dz(eta),0,1,0,1,1,0,0,0,64
48,boundary,wave,mda,w*eta*dlogN2,0,1,0,1,1,0,0,0,64
48,apv,boundary,inertial,u*dx(u),0,-1,0,1,0,0,0,0,6
48,apv,boundary,inertial,v*dy(u),0,-1,0,1,0,0,0,0,6
48,apv,boundary,inertial,w*dz(u),0,-1,0,1,0,0,0,0,6
48,apv,boundary,inertial,u*dx(v),0,-1,0,1,0,0,0,0,6
48,apv,boundary,inertial,v*dy(v),0,-1,0,1,0,0,0,0,6
48,apv,boundary,inertial,w*dz(v),0,-1,0,1,0,0,0,0,6
48,apv,boundary,mda,u*dx(eta),0,-1,0,1,0,0,0,0,6
48,apv,boundary,mda,v*dy(eta),0,-1,0,1,0,0,0,0,6
48,apv,boundary,mda,w*dz(eta),0,-1,0,1,0,0,0,0,6
48,apv,boundary,mda,w*eta*dlogN2,0,-1,0,1,0,0,0,0,6
48,boundary,apv,inertial,u*dx(u),0,1,0,-1,0,0,0,0,6
48,boundary,apv,inertial,v*dy(u),0,1,0,-1,0,0,0,0,6
48,boundary,apv,inertial,w*dz(u),0,1,0,-1,0,0,0,0,6
48,boundary,apv,inertial,u*dx(v),0,1,0,-1,0,0,0,0,6
48,boundary,apv,inertial,v*dy(v),0,1,0,-1,0,0,0,0,6
48,boundary,apv,inertial,w*dz(v),0,1,0,-1,0,0,0,0,6
48,boundary,apv,mda,u*dx(eta),0,1,0,-1,0,0,0,0,6
48,boundary,apv,mda,v*dy(eta),0,1,0,-1,0,0,0,0,6
48,boundary,apv,mda,w*dz(eta),0,1,0,-1,0,0,0,0,6
48,boundary,apv,mda,w*eta*dlogN2,0,1,0,-1,0,0,0,0,6
48,boundary,boundary,inertial,u*dx(u),0,1,0,1,0,0,0,0,4
48,boundary,boundary,inertial,v*dy(u),0,1,0,1,0,0,0,0,4
48,boundary,boundary,inertial,w*dz(u),0,1,0,1,0,0,0,0,4
48,boundary,boundary,inertial,u*dx(v),0,1,0,1,0,0,0,0,4
48,boundary,boundary,inertial,v*dy(v),0,1,0,1,0,0,0,0,4
48,boundary,boundary,inertial,w*dz(v),0,1,0,1,0,0,0,0,4
48,boundary,boundary,mda,u*dx(eta),0,1,0,1,0,0,0,0,4
48,boundary,boundary,mda,v*dy(eta),0,1,0,1,0,0,0,0,4
48,boundary,boundary,mda,w*dz(eta),0,1,0,1,0,0,0,0,4
48,boundary,boundary,mda,w*eta*dlogN2,0,1,0,1,0,0,0,0,4
49,wave,wave,wave,u*dx(u),0.591602577266163,15,1,16,1,1.62910795964422e-10,2.93332713674488e-08,1024,0
49,wave,wave,wave,v*dy(u),0,1,1,1,1,0,0,0,1024
49,wave,wave,wave,w*dz(u),0.592027273350957,16,1,15,1,2.86749816412746e-05,0.000324312187625742,1024,0
49,wave,wave,wave,u*dx(v),0.592241334013893,15,1,16,1,1.62910573919817e-10,1.95574463290882e-08,1024,0
49,wave,wave,wave,v*dy(v),0,1,1,1,1,0,0,0,1024
49,wave,wave,wave,w*dz(v),0.592683696505681,16,1,15,1,2.86749816412746e-05,0.000324321966621577,1024,0
49,wave,wave,wave,u*dx(w),0.00123252276501076,16,1,16,1,5.82300874185648e-11,2.93407306228843e-08,1024,0
49,wave,wave,wave,v*dy(w),0,1,1,1,1,0,0,0,1024
49,wave,wave,wave,w*dz(w),0.00123252257484151,16,1,16,1,5.82298653739599e-11,3.91068082361556e-08,1024,0
49,wave,wave,wave,u*dx(eta),0.0712950846629078,16,1,16,1,3.82756271122275e-10,1.95595262209025e-08,1024,0
49,wave,wave,wave,v*dy(eta),0,1,1,1,1,0,0,0,1024
49,wave,wave,wave,w*dz(eta),0.0712950492127371,16,1,16,1,3.82756160099973e-10,2.93255185690455e-08,1024,0
49,wave,wave,wave,w*eta*dlogN2,0.0609358710042253,16,1,16,1,6.30679952706714e-11,2.93052625499612e-08,1024,0
49,wave,apv,wave,u*dx(u),0,1,1,-1,0,0,0,0,96
49,wave,apv,wave,v*dy(u),0,1,1,-1,0,0,0,0,96
49,wave,apv,wave,w*dz(u),0,1,1,-1,0,0,0,0,96
49,wave,apv,wave,u*dx(v),0.00340676338039337,16,1,2,0,4.44876184541017e-14,3.27208472604212e-07,96,0
49,wave,apv,wave,v*dy(v),0,1,1,-1,0,0,0,0,96
49,wave,apv,wave,w*dz(v),0.0098141605687178,16,1,2,0,7.096545573404e-13,4.838156257847e-07,96,0
49,wave,apv,wave,u*dx(w),0,1,1,-1,0,0,0,0,96
49,wave,apv,wave,v*dy(w),0,1,1,-1,0,0,0,0,96
49,wave,apv,wave,w*dz(w),0,1,1,-1,0,0,0,0,96
49,wave,apv,wave,u*dx(eta),0.0008879567766109,16,1,2,0,6.54254428411605e-13,4.97385020836738e-07,96,0
49,wave,apv,wave,v*dy(eta),0,1,1,-1,0,0,0,0,96
49,wave,apv,wave,w*dz(eta),0.000364364682858897,16,1,2,0,7.65068719488227e-09,6.51733581324976e-07,96,0
49,wave,apv,wave,w*eta*dlogN2,0.00989251328871747,16,1,2,0,4.08895139969445e-13,4.88590286229496e-07,96,0
49,apv,wave,wave,u*dx(u),0.00339069712583586,2,0,16,1,4.42206187573874e-14,3.20479574565035e-07,96,0
49,apv,wave,wave,v*dy(u),0,-1,0,1,1,0,0,0,96
49,apv,wave,wave,w*dz(u),0,-1,0,1,1,0,0,0,96
49,apv,wave,wave,u*dx(v),0.00340677752293252,2,0,16,1,4.45535883577723e-14,3.27210256524673e-07,96,0
49,apv,wave,wave,v*dy(v),0,-1,0,1,1,0,0,0,96
49,apv,wave,wave,w*dz(v),0,-1,0,1,1,0,0,0,96
49,apv,wave,wave,u*dx(w),6.11255912057824e-05,2,0,15,1,9.99200722162641e-16,2.22434809016292e-07,96,0
49,apv,wave,wave,v*dy(w),0,-1,0,1,1,0,0,0,96
49,apv,wave,wave,w*dz(w),0,-1,0,1,1,0,0,0,96
49,apv,wave,wave,u*dx(eta),0.0003650175553473,2,0,16,1,1.25455201782643e-14,3.5497364456534e-07,96,0
49,apv,wave,wave,v*dy(eta),0,-1,0,1,1,0,0,0,96
49,apv,wave,wave,w*dz(eta),0,-1,0,1,1,0,0,0,96
49,apv,wave,wave,w*eta*dlogN2,0,-1,0,1,1,0,0,0,96
49,wave,boundary,wave,u*dx(u),0,1,1,1,0,0,0,0,64
49,wave,boundary,wave,v*dy(u),0,1,1,1,0,0,0,0,64
49,wave,boundary,wave,w*dz(u),0,1,1,1,0,0,0,0,64
49,wave,boundary,wave,u*dx(v),0.00279863668592638,16,1,2,0,2.1190141552613e-14,1.73115009476445e-07,64,0
49,wave,boundary,wave,v*dy(v),0,1,1,1,0,0,0,0,64
49,wave,boundary,wave,w*dz(v),0.00543798180158722,16,1,2,0,5.18782369557874e-13,4.03011324423552e-07,64,0
49,wave,boundary,wave,u*dx(w),0,1,1,1,0,0,0,0,64
49,wave,boundary,wave,v*dy(w),0,1,1,1,0,0,0,0,64
49,wave,boundary,wave,w*dz(w),0,1,1,1,0,0,0,0,64
49,wave,boundary,wave,u*dx(eta),0.000497834577724252,16,1,2,0,2.13939976845268e-13,3.24312632860035e-07,64,0
49,wave,boundary,wave,v*dy(eta),0,1,1,1,0,0,0,0,64
49,wave,boundary,wave,w*dz(eta),0.000330421370631314,15,1,2,0,9.57744328289323e-10,1.31249100920883e-07,64,0
49,wave,boundary,wave,w*eta*dlogN2,0.00890272406758195,16,1,2,0,3.0409008644483e-13,4.04929174968593e-07,64,0
49,boundary,wave,wave,u*dx(u),0.00254878303471356,2,0,16,1,1.75756121401959e-14,1.47943220499311e-07,64,0
49,boundary,wave,wave,v*dy(u),0,1,0,1,1,0,0,0,64
49,boundary,wave,wave,w*dz(u),0,1,0,1,1,0,0,0,64
49,boundary,wave,wave,u*dx(v),0.00257015136815389,2,0,16,1,1.7666028170285e-14,1.57305371832424e-07,64,0
49,boundary,wave,wave,v*dy(v),0,1,0,1,1,0,0,0,64
49,boundary,wave,wave,w*dz(v),0,1,0,1,1,0,0,0,64
49,boundary,wave,wave,u*dx(w),3.64711551907671e-05,2,0,15,1,6.66133814775094e-16,1.57086383678617e-07,64,0
49,boundary,wave,wave,v*dy(w),0,1,0,1,1,0,0,0,64
49,boundary,wave,wave,w*dz(w),0,1,0,1,1,0,0,0,64
49,boundary,wave,wave,u*dx(eta),0.000311493194661675,2,0,15,1,3.5527136788005e-15,1.37203818417753e-07,64,0
49,boundary,wave,wave,v*dy(eta),0,1,0,1,1,0,0,0,64
49,boundary,wave,wave,w*dz(eta),0,1,0,1,1,0,0,0,64
49,boundary,wave,wave,w*eta*dlogN2,0,1,0,1,1,0,0,0,64
49,apv,boundary,wave,u*dx(u),0,-1,0,1,0,0,0,0,6
49,apv,boundary,wave,v*dy(u),0,-1,0,1,0,0,0,0,6
49,apv,boundary,wave,w*dz(u),0,-1,0,1,0,0,0,0,6
49,apv,boundary,wave,u*dx(v),0.000590158365386903,2,0,2,0,5.80229355497784e-15,2.67775430495831e-07,6,0
49,apv,boundary,wave,v*dy(v),0,-1,0,1,0,0,0,0,6
49,apv,boundary,wave,w*dz(v),0,-1,0,1,0,0,0,0,6
49,apv,boundary,wave,u*dx(w),0,-1,0,1,0,0,0,0,6
49,apv,boundary,wave,v*dy(w),0,-1,0,1,0,0,0,0,6
49,apv,boundary,wave,w*dz(w),0,-1,0,1,0,0,0,0,6
49,apv,boundary,wave,u*dx(eta),2.39283029349366e-05,2,0,2,0,5.6843418860808e-14,3.48750239131945e-07,6,0
49,apv,boundary,wave,v*dy(eta),0,-1,0,1,0,0,0,0,6
49,apv,boundary,wave,w*dz(eta),0,-1,0,1,0,0,0,0,6
49,apv,boundary,wave,w*eta*dlogN2,0,-1,0,1,0,0,0,0,6
49,boundary,apv,wave,u*dx(u),0,1,0,-1,0,0,0,0,6
49,boundary,apv,wave,v*dy(u),0,1,0,-1,0,0,0,0,6
49,boundary,apv,wave,w*dz(u),0,1,0,-1,0,0,0,0,6
49,boundary,apv,wave,u*dx(v),0.000564576488707652,2,0,-1,0,4.76271713937136e-15,2.71792975237162e-07,6,0
49,boundary,apv,wave,v*dy(v),0,1,0,-1,0,0,0,0,6
49,boundary,apv,wave,w*dz(v),0,1,0,-1,0,0,0,0,6
49,boundary,apv,wave,u*dx(w),0,1,0,-1,0,0,0,0,6
49,boundary,apv,wave,v*dy(w),0,1,0,-1,0,0,0,0,6
49,boundary,apv,wave,w*dz(w),0,1,0,-1,0,0,0,0,6
49,boundary,apv,wave,u*dx(eta),4.11810873857697e-05,2,0,1,0,5.24025267623074e-14,6.22810466754942e-07,6,0
49,boundary,apv,wave,v*dy(eta),0,1,0,-1,0,0,0,0,6
49,boundary,apv,wave,w*dz(eta),0,1,0,-1,0,0,0,0,6
49,boundary,apv,wave,w*eta*dlogN2,0,1,0,-1,0,0,0,0,6
49,boundary,boundary,wave,u*dx(u),0,1,0,1,0,0,0,0,4
49,boundary,boundary,wave,v*dy(u),0,1,0,1,0,0,0,0,4
49,boundary,boundary,wave,w*dz(u),0,1,0,1,0,0,0,0,4
49,boundary,boundary,wave,u*dx(v),0.000531280091831369,2,0,1,0,2.86182464935641e-15,3.16259028965149e-07,4,0
49,boundary,boundary,wave,v*dy(v),0,1,0,1,0,0,0,0,4
49,boundary,boundary,wave,w*dz(v),0,1,0,1,0,0,0,0,4
49,boundary,boundary,wave,u*dx(w),0,1,0,1,0,0,0,0,4
49,boundary,boundary,wave,v*dy(w),0,1,0,1,0,0,0,0,4
49,boundary,boundary,wave,w*dz(w),0,1,0,1,0,0,0,0,4
49,boundary,boundary,wave,u*dx(eta),3.46626719823227e-05,2,0,1,0,7.33857419277228e-14,3.93122226351968e-07,4,0
49,boundary,boundary,wave,v*dy(eta),0,1,0,1,0,0,0,0,4
49,boundary,boundary,wave,w*dz(eta),0,1,0,1,0,0,0,0,4
49,boundary,boundary,wave,w*eta*dlogN2,0,1,0,1,0,0,0,0,4
50,wave,wave,wave,u*dx(u),0.592906482101361,16,1,15,1,1.62907243250743e-10,2.93126600769966e-08,1024,0
50,wave,wave,wave,v*dy(u),0.592906482101361,16,1,15,1,1.62907243250743e-10,3.90793475357754e-08,1024,0
50,wave,wave,wave,w*dz(u),0.593368057715268,16,1,15,1,6.20155954778046e-06,0.000143961636307921,1024,0
50,wave,wave,wave,u*dx(v),0.592237848264683,16,1,15,1,1.62907243250743e-10,2.93150832497702e-08,1024,0
50,wave,wave,wave,v*dy(v),0.592237848264683,16,1,15,1,1.62907465295348e-10,3.90817708195712e-08,1024,0
50,wave,wave,wave,w*dz(v),0.592680365144264,16,1,15,1,6.20155954789148e-06,0.000143961633884304,1024,0
50,wave,wave,wave,u*dx(w),0.000716489661430536,16,1,16,1,5.82318637754042e-11,2.93231554593376e-08,1024,0
50,wave,wave,wave,v*dy(w),0.000716489661430536,16,1,16,1,5.82317527531018e-11,3.90898429181163e-08,1024,0
50,wave,wave,wave,w*dz(w),0.000716489776512814,16,1,16,1,5.82320858200092e-11,3.90898762248071e-08,1024,0
50,wave,wave,wave,u*dx(eta),0.04164750230629,16,1,16,1,3.82766152107195e-10,1.95473001118884e-08,1024,0
50,wave,wave,wave,v*dy(eta),0.04164750230629,16,1,16,1,3.82766374151799e-10,2.93139879037341e-08,1024,0
50,wave,wave,wave,w*dz(eta),0.0416475239604705,16,1,16,1,3.82766485174102e-10,2.93138903151302e-08,1024,0
50,wave,wave,wave,w*eta*dlogN2,0.0389126812494024,16,1,16,1,6.30687724267887e-11,2.92930272260961e-08,1024,0
50,wave,apv,wave,u*dx(u),0.0034235109455525,16,1,2,0,4.48203729028669e-14,3.3408962483015e-07,96,0
50,wave,apv,wave,v*dy(u),0.0034235109455526,16,1,2,0,4.47852956588824e-14,3.34089625739805e-07,96,0
50,wave,apv,wave,w*dz(u),0.00982459403609874,16,1,2,0,7.096545573404e-13,4.84187755011683e-07,96,0
50,wave,apv,wave,u*dx(v),0.00339129510024448,16,1,2,0,4.40807563041634e-14,3.25440848915291e-07,96,0
50,wave,apv,wave,v*dy(v),0.00339129510024425,16,1,2,0,4.4029400237221e-14,3.2544084805738e-07,96,0
50,wave,apv,wave,w*dz(v),0.00981393305255968,16,1,2,0,7.096545573404e-13,4.838156257847e-07,96,0
50,wave,apv,wave,u*dx(w),0,1,1,-1,0,0,0,0,96
50,wave,apv,wave,v*dy(w),0,1,1,-1,0,0,0,0,96
50,wave,apv,wave,w*dz(w),0,1,1,-1,0,0,0,0,96
50,wave,apv,wave,u*dx(eta),0.000536588382518848,16,1,2,0,6.54254428411605e-13,4.97385020836738e-07,96,0
50,wave,apv,wave,v*dy(eta),0.000536588382518835,16,1,2,0,6.5447647301653e-13,4.97382019126746e-07,96,0
50,wave,apv,wave,w*dz(eta),0.00023143359352815,16,1,2,0,7.65068719488227e-09,6.51733581324976e-07,96,0
50,wave,apv,wave,w*eta*dlogN2,0.00613779919005456,16,1,2,0,4.08895139969445e-13,4.88590286229496e-07,96,0
50,apv,wave,wave,u*dx(u),0.00342349614907205,2,0,16,1,4.50216680339567e-14,3.34087801762221e-07,96,0
50,apv,wave,wave,v*dy(u),0,-1,0,1,1,0,0,0,96
50,apv,wave,wave,w*dz(u),0,-1,0,1,1,0,0,0,96
50,apv,wave,wave,u*dx(v),0.00339128042258421,2,0,16,1,4.4007153537615e-14,3.25439072189392e-07,96,0
50,apv,wave,wave,v*dy(v),0,-1,0,1,1,0,0,0,96
50,apv,wave,wave,w*dz(v),0,-1,0,1,1,0,0,0,96
50,apv,wave,wave,u*dx(w),3.5544010960376e-05,2,0,15,1,6.66133814775094e-16,2.22520933457204e-07,96,0
50,apv,wave,wave,v*dy(w),0,-1,0,1,1,0,0,0,96
50,apv,wave,wave,w*dz(w),0,-1,0,1,1,0,0,0,96
50,apv,wave,wave,u*dx(eta),0.000231807954542589,2,0,16,1,1.24344978758018e-14,2.75271238254066e-07,96,0
50,apv,wave,wave,v*dy(eta),0,-1,0,1,1,0,0,0,96
50,apv,wave,wave,w*dz(eta),0,-1,0,1,1,0,0,0,96
50,apv,wave,wave,w*eta*dlogN2,0,-1,0,1,1,0,0,0,96
50,wave,boundary,wave,u*dx(u),0.00232642023209566,16,1,2,0,1.52526388541757e-14,1.42689563361078e-07,64,0
50,wave,boundary,wave,v*dy(u),0.00232642023209563,16,1,2,0,1.51287786527582e-14,1.42689575835596e-07,64,0
50,wave,boundary,wave,w*dz(u),0.00452571197528524,16,1,2,0,4.03305388984219e-13,2.50961917379879e-07,64,0
50,wave,boundary,wave,u*dx(v),0.00228462375724868,16,1,2,0,1.51992286724846e-14,1.28750999494634e-07,64,0
50,wave,boundary,wave,v*dy(v),0.00228462375724864,16,1,2,0,1.5275084391869e-14,1.28751011121021e-07,64,0
50,wave,boundary,wave,w*dz(v),0.0045206001049212,16,1,2,0,4.02685008915706e-13,2.13184281228074e-07,64,0
50,wave,boundary,wave,u*dx(w),0,1,1,1,0,0,0,0,64
50,wave,boundary,wave,v*dy(w),0,1,1,1,0,0,0,0,64
50,wave,boundary,wave,w*dz(w),0,1,1,1,0,0,0,0,64
50,wave,boundary,wave,u*dx(eta),0.000252352007597967,16,1,2,0,1.36335387423969e-13,1.53564778004878e-07,64,0
50,wave,boundary,wave,v*dy(eta),0.000252352007597967,16,1,2,0,1.36335387423969e-13,1.55457022255057e-07,64,0
50,wave,boundary,wave,w*dz(eta),0.000184689382105554,15,1,2,0,4.53165505120978e-10,1.01666729479533e-07,64,0
50,wave,boundary,wave,w*eta*dlogN2,0.00666436267047116,16,1,2,0,3.05866443284231e-13,2.13370037416283e-07,64,0
50,boundary,wave,wave,u*dx(u),0.00259229246348404,2,0,16,1,1.74818872061544e-14,1.70669906027617e-07,64,0
50,boundary,wave,wave,v*dy(u),0,1,0,1,1,0,0,0,64
50,boundary,wave,wave,w*dz(u),0,1,0,1,1,0,0,0,64
50,boundary,wave,wave,u*dx(v),0.00254620374271234,2,0,16,1,1.76757999674059e-14,1.50885647453399e-07,64,0
50,boundary,wave,wave,v*dy(v),0,1,0,1,1,0,0,0,64
50,boundary,wave,wave,w*dz(v),0,1,0,1,1,0,0,0,64
50,boundary,wave,wave,u*dx(w),2.12068393045448e-05,2,0,15,1,4.44089209850063e-16,1.57072472029007e-07,64,0
50,boundary,wave,wave,v*dy(w),0,1,0,1,1,0,0,0,64
50,boundary,wave,wave,w*dz(w),0,1,0,1,1,0,0,0,64
50,boundary,wave,wave,u*dx(eta),0.000203566163612548,2,0,15,1,3.77475828372553e-15,1.37196978999832e-07,64,0
50,boundary,wave,wave,v*dy(eta),0,1,0,1,1,0,0,0,64
50,boundary,wave,wave,w*dz(eta),0,1,0,1,1,0,0,0,64
50,boundary,wave,wave,w*eta*dlogN2,0,1,0,1,1,0,0,0,64
50,apv,boundary,wave,u*dx(u),0.000525310166659016,-1,0,2,0,4.14765075805772e-15,3.09074029690237e-07,6,0
50,apv,boundary,wave,v*dy(u),0,-1,0,1,0,0,0,0,6
50,apv,boundary,wave,w*dz(u),0,-1,0,1,0,0,0,0,6
50,apv,boundary,wave,u*dx(v),0.000524611882690339,-1,0,2,0,4.20472079683232e-15,2.91042544731113e-07,6,0
50,apv,boundary,wave,v*dy(v),0,-1,0,1,0,0,0,0,6
50,apv,boundary,wave,w*dz(v),0,-1,0,1,0,0,0,0,6
50,apv,boundary,wave,u*dx(w),0,-1,0,1,0,0,0,0,6
50,apv,boundary,wave,v*dy(w),0,-1,0,1,0,0,0,0,6
50,apv,boundary,wave,w*dz(w),0,-1,0,1,0,0,0,0,6
50,apv,boundary,wave,u*dx(eta),1.10864658327739e-05,-1,0,2,0,3.50830475781549e-14,2.40172792320692e-07,6,0
50,apv,boundary,wave,v*dy(eta),0,-1,0,1,0,0,0,0,6
50,apv,boundary,wave,w*dz(eta),0,-1,0,1,0,0,0,0,6
50,apv,boundary,wave,w*eta*dlogN2,0,-1,0,1,0,0,0,0,6
50,boundary,apv,wave,u*dx(u),0.000565321454218237,2,0,-1,0,5.40347509520176e-15,2.88667120915007e-07,6,0
50,boundary,apv,wave,v*dy(u),0,1,0,-1,0,0,0,0,6
50,boundary,apv,wave,w*dz(u),0,1,0,-1,0,0,0,0,6
50,boundary,apv,wave,u*dx(v),0.000564571275223932,2,0,-1,0,4.62299960665915e-15,2.71792975237162e-07,6,0
50,boundary,apv,wave,v*dy(v),0,1,0,-1,0,0,0,0,6
50,boundary,apv,wave,w*dz(v),0,1,0,-1,0,0,0,0,6
50,boundary,apv,wave,u*dx(w),0,1,0,-1,0,0,0,0,6
50,boundary,apv,wave,v*dy(w),0,1,0,-1,0,0,0,0,6
50,boundary,apv,wave,w*dz(w),0,1,0,-1,0,0,0,0,6
50,boundary,apv,wave,u*dx(eta),2.4908285779267e-05,2,0,1,0,5.24025267623074e-14,6.22810466754942e-07,6,0
50,boundary,apv,wave,v*dy(eta),0,1,0,-1,0,0,0,0,6
50,boundary,apv,wave,w*dz(eta),0,1,0,-1,0,0,0,0,6
50,boundary,apv,wave,w*eta*dlogN2,0,1,0,-1,0,0,0,0,6
50,boundary,boundary,wave,u*dx(u),0.000510239373528349,1,0,2,0,2.7103539194837e-15,4.80987168316981e-07,4,0
50,boundary,boundary,wave,v*dy(u),0,1,0,1,0,0,0,0,4
50,boundary,boundary,wave,w*dz(u),0,1,0,1,0,0,0,0,4
50,boundary,boundary,wave,u*dx(v),0.000509556028711789,1,0,2,0,2.71865905477498e-15,4.06423068755046e-07,4,0
50,boundary,boundary,wave,v*dy(v),0,1,0,1,0,0,0,0,4
50,boundary,boundary,wave,w*dz(v),0,1,0,1,0,0,0,0,4
50,boundary,boundary,wave,u*dx(w),0,1,0,1,0,0,0,0,4
50,boundary,boundary,wave,v*dy(w),0,1,0,1,0,0,0,0,4
50,boundary,boundary,wave,w*dz(w),0,1,0,1,0,0,0,0,4
50,boundary,boundary,wave,u*dx(eta),1.62907696428975e-05,2,0,1,0,5.25135490647699e-14,2.63958154556043e-07,4,0
50,boundary,boundary,wave,v*dy(eta),0,1,0,1,0,0,0,0,4
50,boundary,boundary,wave,w*dz(eta),0,1,0,1,0,0,0,0,4
50,boundary,boundary,wave,w*eta*dlogN2,0,1,0,1,0,0,0,0,4
51,wave,wave,wave,u*dx(u),0.591613157066139,16,1,15,1,1.62906133027718e-10,2.92824715586448e-08,1024,0
51,wave,wave,wave,v*dy(u),0,1,1,1,1,0,0,0,1024
51,wave,wave,wave,w*dz(u),0.592039660558977,16,1,15,1,3.48190318821828e-06,8.08060727042204e-05,1024,0
51,wave,wave,wave,u*dx(v),0.590263876160693,16,1,15,1,1.62906577116928e-10,1.9528359596066e-08,1024,0
51,wave,wave,wave,v*dy(v),0,1,1,1,1,0,0,0,1024
51,wave,wave,wave,w*dz(v),0.590653767867419,16,1,15,1,3.48190318832931e-06,8.08158276051074e-05,1024,0
51,wave,wave,wave,u*dx(w),0.00174855156711603,16,1,16,1,5.82326409315215e-11,2.9289719982728e-08,1024,0
51,wave,wave,wave,v*dy(w),0,1,1,1,1,0,0,0,1024
51,wave,wave,wave,w*dz(w),0.00174855214095702,16,1,16,1,5.82328629761264e-11,3.90563120733489e-08,1024,0
51,wave,wave,wave,u*dx(eta),0.100575094469327,16,1,16,1,3.8277181424462e-10,1.95301712579976e-08,1024,0
51,wave,wave,wave,v*dy(eta),0,1,1,1,1,0,0,0,1024
51,wave,wave,wave,w*dz(eta),0.100575200440544,16,1,16,1,3.82772036289225e-10,2.92966261250527e-08,1024,0
51,wave,wave,wave,w*eta*dlogN2,0.0807484187458291,16,1,16,1,6.30689944713936e-11,2.9275893154157e-08,1024,0
51,wave,apv,wave,u*dx(u),0,1,1,-1,0,0,0,0,96
51,wave,apv,wave,v*dy(u),0,1,1,-1,0,0,0,0,96
51,wave,apv,wave,w*dz(u),0,1,1,-1,0,0,0,0,96
51,wave,apv,wave,u*dx(v),0.00337556473654362,16,1,2,0,4.41410359997807e-14,3.12733283554823e-07,96,0
51,wave,apv,wave,v*dy(v),0,1,1,-1,0,0,0,0,96
51,wave,apv,wave,w*dz(v),0.00978337284783242,16,1,2,0,7.096545573404e-13,4.838156257847e-07,96,0
51,wave,apv,wave,u*dx(w),0,1,1,-1,0,0,0,0,96
51,wave,apv,wave,v*dy(w),0,1,1,-1,0,0,0,0,96
51,wave,apv,wave,w*dz(w),0,1,1,-1,0,0,0,0,96
51,wave,apv,wave,u*dx(eta),0.00122605145610255,16,1,2,0,6.54254428411605e-13,4.97385020836738e-07,96,0
51,wave,apv,wave,v*dy(eta),0,1,1,-1,0,0,0,0,96
51,wave,apv,wave,w*dz(eta),0.000487356830712133,16,1,2,0,7.65068719488227e-09,6.51733581324976e-07,96,0
51,wave,apv,wave,w*eta*dlogN2,0.0133978287983803,16,1,2,0,4.08895139969445e-13,4.88590286229496e-07,96,0
51,apv,wave,wave,u*dx(u),0.00339997115043801,2,0,16,1,4.3872218098016e-14,3.22447310041543e-07,96,0
51,apv,wave,wave,v*dy(u),0,-1,0,1,1,0,0,0,96
51,apv,wave,wave,w*dz(u),0,-1,0,1,1,0,0,0,96
51,apv,wave,wave,u*dx(v),0.00337553494531348,2,0,16,1,4.36956276962559e-14,3.12733655227642e-07,96,0
51,apv,wave,wave,v*dy(v),0,-1,0,1,1,0,0,0,96
51,apv,wave,wave,w*dz(v),0,-1,0,1,1,0,0,0,96
51,apv,wave,wave,u*dx(w),8.66789083303615e-05,2,0,15,1,1.22124532708767e-15,2.22590732956718e-07,96,0
51,apv,wave,wave,v*dy(w),0,-1,0,1,1,0,0,0,96
51,apv,wave,wave,w*dz(w),0,-1,0,1,1,0,0,0,96
51,apv,wave,wave,u*dx(eta),0.000488294448966714,2,0,16,1,1.24344978758018e-14,3.9091577259975e-07,96,0
51,apv,wave,wave,v*dy(eta),0,-1,0,1,1,0,0,0,96
51,apv,wave,wave,w*dz(eta),0,-1,0,1,1,0,0,0,96
51,apv,wave,wave,w*eta*dlogN2,0,-1,0,1,1,0,0,0,96
51,wave,boundary,wave,u*dx(u),0,1,1,1,0,0,0,0,64
51,wave,boundary,wave,v*dy(u),0,1,1,1,0,0,0,0,64
51,wave,boundary,wave,w*dz(u),0,1,1,1,0,0,0,0,64
51,wave,boundary,wave,u*dx(v),0.00202247107587343,16,1,2,0,1.28691500482951e-14,1.00419431714024e-07,64,0
51,wave,boundary,wave,v*dy(v),0,1,1,1,0,0,0,0,64
51,wave,boundary,wave,w*dz(v),0.00404673210449896,16,1,2,0,3.50181774424734e-13,1.64466062213542e-07,64,0
51,wave,boundary,wave,u*dx(w),0,1,1,1,0,0,0,0,64
51,wave,boundary,wave,v*dy(w),0,1,1,1,0,0,0,0,64
51,wave,boundary,wave,w*dz(w),0,1,1,1,0,0,0,0,64
51,wave,boundary,wave,u*dx(eta),0.000517588429757667,16,1,2,0,1.08357767203415e-13,1.14748540003262e-07,64,0
51,wave,boundary,wave,v*dy(eta),0,1,1,1,0,0,0,0,64
51,wave,boundary,wave,w*dz(eta),0.000332928018969866,15,1,2,0,3.33615135517107e-10,8.48119637852918e-08,64,0
51,wave,boundary,wave,w*eta*dlogN2,0.0155868817250952,16,1,2,0,3.00759417370955e-13,1.6574585259832e-07,64,0
51,boundary,wave,wave,u*dx(u),0.00256273709857576,2,0,16,1,1.76578493167805e-14,1.54445097406237e-07,64,0
51,boundary,wave,wave,v*dy(u),0,1,0,1,1,0,0,0,64
51,boundary,wave,wave,w*dz(u),0,1,0,1,1,0,0,0,64
51,boundary,wave,wave,u*dx(v),0.00253187951174595,2,0,16,1,1.74937609665226e-14,1.4690188291095e-07,64,0
51,boundary,wave,wave,v*dy(v),0,1,0,1,1,0,0,0,64
51,boundary,wave,wave,w*dz(v),0,1,0,1,1,0,0,0,64
51,boundary,wave,wave,u*dx(w),5.17213642258792e-05,2,0,15,1,4.44089209850063e-16,1.57040902615257e-07,64,0
51,boundary,wave,wave,v*dy(w),0,1,0,1,1,0,0,0,64
51,boundary,wave,wave,w*dz(w),0,1,0,1,1,0,0,0,64
51,boundary,wave,wave,u*dx(eta),0.000406730950907063,2,0,15,1,3.77475828372553e-15,1.37182641912759e-07,64,0
51,boundary,wave,wave,v*dy(eta),0,1,0,1,1,0,0,0,64
51,boundary,wave,wave,w*dz(eta),0,1,0,1,1,0,0,0,64
51,boundary,wave,wave,w*eta*dlogN2,0,1,0,1,1,0,0,0,64
51,apv,boundary,wave,u*dx(u),0,-1,0,1,0,0,0,0,6
51,apv,boundary,wave,v*dy(u),0,-1,0,1,0,0,0,0,6
51,apv,boundary,wave,w*dz(u),0,-1,0,1,0,0,0,0,6
51,apv,boundary,wave,u*dx(v),0.000475422250910721,-1,0,2,0,3.31760359602411e-15,3.06847081077422e-07,6,0
51,apv,boundary,wave,v*dy(v),0,-1,0,1,0,0,0,0,6
51,apv,boundary,wave,w*dz(v),0,-1,0,1,0,0,0,0,6
51,apv,boundary,wave,u*dx(w),0,-1,0,1,0,0,0,0,6
51,apv,boundary,wave,v*dy(w),0,-1,0,1,0,0,0,0,6
51,apv,boundary,wave,w*dz(w),0,-1,0,1,0,0,0,0,6
51,apv,boundary,wave,u*dx(eta),2.38742483133943e-05,-1,0,2,0,2.57571741713036e-14,2.72721889071903e-07,6,0
51,apv,boundary,wave,v*dy(eta),0,-1,0,1,0,0,0,0,6
51,apv,boundary,wave,w*dz(eta),0,-1,0,1,0,0,0,0,6
51,apv,boundary,wave,w*eta*dlogN2,0,-1,0,1,0,0,0,0,6
51,boundary,apv,wave,u*dx(u),0,1,0,-1,0,0,0,0,6
51,boundary,apv,wave,v*dy(u),0,1,0,-1,0,0,0,0,6
51,boundary,apv,wave,w*dz(u),0,1,0,-1,0,0,0,0,6
51,boundary,apv,wave,u*dx(v),0.00056239156746284,2,0,-1,0,4.63165828119418e-15,2.71792975237162e-07,6,0
51,boundary,apv,wave,v*dy(v),0,1,0,-1,0,0,0,0,6
51,boundary,apv,wave,w*dz(v),0,1,0,-1,0,0,0,0,6
51,boundary,apv,wave,u*dx(w),0,1,0,-1,0,0,0,0,6
51,boundary,apv,wave,v*dy(w),0,1,0,-1,0,0,0,0,6
51,boundary,apv,wave,w*dz(w),0,1,0,-1,0,0,0,0,6
51,boundary,apv,wave,u*dx(eta),5.68197633530132e-05,2,0,1,0,5.24025267623074e-14,6.22810466754942e-07,6,0
51,boundary,apv,wave,v*dy(eta),0,1,0,-1,0,0,0,0,6
51,boundary,apv,wave,w*dz(eta),0,1,0,-1,0,0,0,0,6
51,boundary,apv,wave,w*eta*dlogN2,0,1,0,-1,0,0,0,0,6
51,boundary,boundary,wave,u*dx(u),0,1,0,1,0,0,0,0,4
51,boundary,boundary,wave,v*dy(u),0,1,0,1,0,0,0,0,4
51,boundary,boundary,wave,w*dz(u),0,1,0,1,0,0,0,0,4
51,boundary,boundary,wave,u*dx(v),0.000502098176747004,1,0,2,0,2.52639161874317e-15,4.47702166228581e-07,4,0
51,boundary,boundary,wave,v*dy(v),0,1,0,1,0,0,0,0,4
51,boundary,boundary,wave,w*dz(v),0,1,0,1,0,0,0,0,4
51,boundary,boundary,wave,u*dx(w),0,1,0,1,0,0,0,0,4
51,boundary,boundary,wave,v*dy(w),0,1,0,1,0,0,0,0,4
51,boundary,boundary,wave,w*dz(w),0,1,0,1,0,0,0,0,4
51,boundary,boundary,wave,u*dx(eta),3.2775436893297e-05,2,0,1,0,4.00790511889682e-14,2.37352290044512e-07,4,0
51,boundary,boundary,wave,v*dy(eta),0,1,0,1,0,0,0,0,4
51,boundary,boundary,wave,w*dz(eta),0,1,0,1,0,0,0,0,4
51,boundary,boundary,wave,w*eta*dlogN2,0,1,0,1,0,0,0,0,4
52,wave,wave,wave,u*dx(u),0.592907660756006,16,1,15,1,1.62904800760089e-10,2.92676226587574e-08,1024,0
52,wave,wave,wave,v*dy(u),0.592907660756006,16,1,15,1,1.62905022804694e-10,3.90343101175361e-08,1024,0
52,wave,wave,wave,w*dz(u),0.593369514751884,16,1,15,1,1.24230481857168e-06,2.88111700312843e-05,1024,0
52,wave,wave,wave,u*dx(v),0.590251816639647,16,1,15,1,1.62904800760089e-10,2.92663356882272e-08,1024,0
52,wave,wave,wave,v*dy(v),0.590251816639647,16,1,15,1,1.62904800760089e-10,3.90330230359837e-08,1024,0
52,wave,wave,wave,w*dz(v),0.590640781514005,16,1,15,1,1.24230481857168e-06,2.88111713186989e-05,1024,0
52,wave,wave,wave,u*dx(w),0.00143266905882691,16,1,16,1,5.82345283106633e-11,2.92752621033898e-08,1024,0
52,wave,wave,wave,v*dy(w),0.00143266905882691,16,1,16,1,5.82344172883609e-11,3.90419497842132e-08,1024,0
52,wave,wave,wave,w*dz(w),0.0014326699801559,16,1,16,1,5.82345283106633e-11,3.90418336548848e-08,1024,0
52,wave,wave,wave,u*dx(eta),0.0827005271922261,16,1,16,1,3.82782028296447e-10,1.95225642318775e-08,1024,0
52,wave,wave,wave,v*dy(eta),0.0827005271922261,16,1,16,1,3.82781806251842e-10,2.92892520237231e-08,1024,0
52,wave,wave,wave,w*dz(eta),0.0827006983302951,16,1,16,1,3.82782250341052e-10,2.92891606523682e-08,1024,0
52,wave,wave,wave,w*eta*dlogN2,0.0688053530336888,16,1,16,1,6.30698826498133e-11,2.92683044467168e-08,1024,0
52,wave,apv,wave,u*dx(u),0.00342339232039724,16,1,2,0,4.44724090774802e-14,3.34067867994486e-07,96,0
52,wave,apv,wave,v*dy(u),0.00342339232039736,16,1,2,0,4.4967842683646e-14,3.34067864802415e-07,96,0
52,wave,apv,wave,w*dz(u),0.00982460756519932,16,1,2,0,7.096545573404e-13,4.8405829609155e-07,96,0
52,wave,apv,wave,u*dx(v),0.00336583262587175,16,1,2,0,4.35525979907601e-14,3.12550313395381e-07,96,0
52,wave,apv,wave,v*dy(v),0.00336583262587131,16,1,2,0,4.33732262424388e-14,3.12550309048253e-07,96,0
52,wave,apv,wave,w*dz(v),0.00978300711707392,16,1,2,0,7.096545573404e-13,4.838156257847e-07,96,0
52,wave,apv,wave,u*dx(w),0,1,1,-1,0,0,0,0,96
52,wave,apv,wave,v*dy(w),0,1,1,-1,0,0,0,0,96
52,wave,apv,wave,w*dz(w),0,1,1,-1,0,0,0,0,96
52,wave,apv,wave,u*dx(eta),0.00102027226868325,16,1,2,0,6.54254428411605e-13,4.97385020836738e-07,96,0
52,wave,apv,wave,v*dy(eta),0.00102027226868327,16,1,2,0,6.5447647301653e-13,4.97382019126746e-07,96,0
52,wave,apv,wave,w*dz(eta),0.000412764172089501,16,1,2,0,7.65068719488227e-09,6.51733581324976e-07,96,0
52,wave,apv,wave,w*eta*dlogN2,0.0112734657117311,16,1,2,0,4.08895139969445e-13,4.88590286229496e-07,96,0
52,apv,wave,wave,u*dx(u),0.00342333313616848,2,0,16,1,4.47569408067726e-14,3.34060481274158e-07,96,0
52,apv,wave,wave,v*dy(u),0,-1,0,1,1,0,0,0,96
52,apv,wave,wave,w*dz(u),0,-1,0,1,1,0,0,0,96
52,apv,wave,wave,u*dx(v),0.00336577434760118,2,0,16,1,4.37162869034537e-14,3.12551127534293e-07,96,0
52,apv,wave,wave,v*dy(v),0,-1,0,1,1,0,0,0,96
52,apv,wave,wave,w*dz(v),0,-1,0,1,1,0,0,0,96
52,apv,wave,wave,u*dx(w),7.10409657017804e-05,2,0,15,1,1.11022302462516e-15,2.22673703476062e-07,96,0
52,apv,wave,wave,v*dy(w),0,-1,0,1,1,0,0,0,96
52,apv,wave,wave,w*dz(w),0,-1,0,1,1,0,0,0,96
52,apv,wave,wave,u*dx(eta),0.000413532290458331,2,0,16,1,1.25455201782643e-14,3.72098348222295e-07,96,0
52,apv,wave,wave,v*dy(eta),0,-1,0,1,1,0,0,0,96
52,apv,wave,wave,w*dz(eta),0,-1,0,1,1,0,0,0,96
52,apv,wave,wave,w*eta*dlogN2,0,-1,0,1,1,0,0,0,96
52,wave,boundary,wave,u*dx(u),0.00167348966774931,16,1,2,0,1.09048290665419e-14,8.85089837832025e-08,64,0
52,wave,boundary,wave,v*dy(u),0.00167348966774978,16,1,2,0,1.09899551884145e-14,9.0401436935296e-08,64,0
52,wave,boundary,wave,w*dz(u),0.00334651502932315,16,1,2,0,2.73223721045099e-13,1.56750890818917e-07,64,0
52,wave,boundary,wave,u*dx(v),0.00162301437283369,16,1,2,0,1.04740828737014e-14,7.29078069028333e-08,64,0
52,wave,boundary,wave,v*dy(v),0.00162301437283383,16,1,2,0,1.07085823172392e-14,8.26744941395674e-08,64,0
52,wave,boundary,wave,w*dz(v),0.00333199102989678,16,1,2,0,2.72146149966403e-13,1.08183204616807e-07,64,0
52,wave,boundary,wave,u*dx(w),0,1,1,1,0,0,0,0,64
52,wave,boundary,wave,v*dy(w),0,1,1,1,0,0,0,0,64
52,wave,boundary,wave,w*dz(w),0,1,1,1,0,0,0,0,64
52,wave,boundary,wave,u*dx(eta),0.000356310312725735,16,1,2,0,9.79216707719388e-14,7.89005485390959e-08,64,0
52,wave,boundary,wave,v*dy(eta),0.000356310312725686,16,1,2,0,9.76996261670138e-14,8.86672355537854e-08,64,0
52,wave,boundary,wave,w*dz(eta),0.000234931408271876,15,1,2,0,2.05168548816914e-10,6.27773225625461e-08,64,0
52,wave,boundary,wave,w*eta*dlogN2,0.0144206559479217,16,1,2,0,2.85327317328665e-13,1.12353581438462e-07,64,0
52,boundary,wave,wave,u*dx(u),0.0025921080680888,2,0,16,1,1.78933701859219e-14,1.70570922678943e-07,64,0
52,boundary,wave,wave,v*dy(u),0,1,0,1,1,0,0,0,64
52,boundary,wave,wave,w*dz(u),0,1,0,1,1,0,0,0,64
52,boundary,wave,wave,u*dx(v),0.0025172540194691,2,0,16,1,1.73796575616237e-14,1.46889182674342e-07,64,0
52,boundary,wave,wave,v*dy(v),0,1,0,1,1,0,0,0,64
52,boundary,wave,wave,w*dz(v),0,1,0,1,1,0,0,0,64
52,boundary,wave,wave,u*dx(w),4.23885441544195e-05,2,0,15,1,6.66133814775094e-16,1.57030023761884e-07,64,0
52,boundary,wave,wave,v*dy(w),0,1,0,1,1,0,0,0,64
52,boundary,wave,wave,w*dz(w),0,1,0,1,1,0,0,0,64
52,boundary,wave,wave,u*dx(eta),0.000349374582149993,2,0,15,1,3.5527136788005e-15,1.37180338311005e-07,64,0
52,boundary,wave,wave,v*dy(eta),0,1,0,1,1,0,0,0,64
52,boundary,wave,wave,w*dz(eta),0,1,0,1,1,0,0,0,64
52,boundary,wave,wave,w*eta*dlogN2,0,1,0,1,1,0,0,0,64
52,apv,boundary,wave,u*dx(u),0.00039650218058618,-1,0,2,0,2.73928202591429e-15,3.41272126397478e-07,6,0
52,apv,boundary,wave,v*dy(u),0,-1,0,1,0,0,0,0,6
52,apv,boundary,wave,w*dz(u),0,-1,0,1,0,0,0,0,6
52,apv,boundary,wave,u*dx(v),0.000394419514765103,-1,0,2,0,2.61544637210752e-15,3.30513364232843e-07,6,0
52,apv,boundary,wave,v*dy(v),0,-1,0,1,0,0,0,0,6
52,apv,boundary,wave,w*dz(v),0,-1,0,1,0,0,0,0,6
52,apv,boundary,wave,u*dx(w),0,-1,0,1,0,0,0,0,6
52,apv,boundary,wave,v*dy(w),0,-1,0,1,0,0,0,0,6
52,apv,boundary,wave,w*dz(w),0,-1,0,1,0,0,0,0,6
52,apv,boundary,wave,u*dx(eta),1.64712427361315e-05,-1,0,2,0,1.85212777524747e-14,3.23847391792143e-07,6,0
52,apv,boundary,wave,v*dy(eta),0,-1,0,1,0,0,0,0,6
52,apv,boundary,wave,w*dz(eta),0,-1,0,1,0,0,0,0,6
52,apv,boundary,wave,w*eta*dlogN2,0,-1,0,1,0,0,0,0,6
52,boundary,apv,wave,u*dx(u),0.00056531497135848,2,0,-1,0,4.69210878182665e-15,2.88387494241701e-07,6,0
52,boundary,apv,wave,v*dy(u),0,1,0,-1,0,0,0,0,6
52,boundary,apv,wave,w*dz(u),0,1,0,-1,0,0,0,0,6
52,boundary,apv,wave,u*dx(v),0.000562364220016882,2,0,-1,0,4.62044614932571e-15,2.71792975237162e-07,6,0
52,boundary,apv,wave,v*dy(v),0,1,0,-1,0,0,0,0,6
52,boundary,apv,wave,w*dz(v),0,1,0,-1,0,0,0,0,6
52,boundary,apv,wave,u*dx(w),0,1,0,-1,0,0,0,0,6
52,boundary,apv,wave,v*dy(w),0,1,0,-1,0,0,0,0,6
52,boundary,apv,wave,w*dz(w),0,1,0,-1,0,0,0,0,6
52,boundary,apv,wave,u*dx(eta),4.73051823227527e-05,2,0,1,0,5.24025267623074e-14,6.22810466754942e-07,6,0
52,boundary,apv,wave,v*dy(eta),0,1,0,-1,0,0,0,0,6
52,boundary,apv,wave,w*dz(eta),0,1,0,-1,0,0,0,0,6
52,boundary,apv,wave,w*eta*dlogN2,0,1,0,-1,0,0,0,0,6
52,boundary,boundary,wave,u*dx(u),0.000449382957529932,1,0,2,0,2.62264280436025e-15,5.57023332062023e-07,4,0
52,boundary,boundary,wave,v*dy(u),0,1,0,1,0,0,0,0,4
52,boundary,boundary,wave,w*dz(u),0,1,0,1,0,0,0,0,4
52,boundary,boundary,wave,u*dx(v),0.000447028660036324,1,0,2,0,2.52904134704803e-15,5.00593629659818e-07,4,0
52,boundary,boundary,wave,v*dy(v),0,1,0,1,0,0,0,0,4
52,boundary,boundary,wave,w*dz(v),0,1,0,1,0,0,0,0,4
52,boundary,boundary,wave,u*dx(w),0,1,0,1,0,0,0,0,4
52,boundary,boundary,wave,v*dy(w),0,1,0,1,0,0,0,0,4
52,boundary,boundary,wave,w*dz(w),0,1,0,1,0,0,0,0,4
52,boundary,boundary,wave,u*dx(eta),2.03106668953112e-05,2,0,1,0,2.30926389122033e-14,4.17606035085782e-07,4,0
52,boundary,boundary,wave,v*dy(eta),0,1,0,1,0,0,0,0,4
52,boundary,boundary,wave,w*dz(eta),0,1,0,1,0,0,0,0,4
52,boundary,boundary,wave,w*eta*dlogN2,0,1,0,1,0,0,0,0,4
53,wave,wave,wave,u*dx(u),0.592907660756006,16,1,15,1,1.62904800760089e-10,2.92676226587574e-08,1024,0
53,wave,wave,wave,v*dy(u),0.592907660756006,16,1,15,1,1.62905022804694e-10,3.90343101175361e-08,1024,0
53,wave,wave,wave,w*dz(u),0.593369514751884,16,1,15,1,1.24230481857168e-06,2.88111700312843e-05,1024,0
53,wave,wave,wave,u*dx(v),0.590251816639647,16,1,15,1,1.62904800760089e-10,2.92663356882272e-08,1024,0
53,wave,wave,wave,v*dy(v),0.590251816639647,16,1,15,1,1.62904800760089e-10,3.90330230359837e-08,1024,0
53,wave,wave,wave,w*dz(v),0.590640781514005,16,1,15,1,1.24230481857168e-06,2.88111713186989e-05,1024,0
53,wave,wave,wave,u*dx(w),0.00143266905882691,16,1,16,1,5.82345283106633e-11,2.92752621033898e-08,1024,0
53,wave,wave,wave,v*dy(w),0.00143266905882691,16,1,16,1,5.82344172883609e-11,3.90419497842132e-08,1024,0
53,wave,wave,wave,w*dz(w),0.0014326699801559,16,1,16,1,5.82345283106633e-11,3.90418336548848e-08,1024,0
53,wave,wave,wave,u*dx(eta),0.0827005271922261,16,1,16,1,3.82782028296447e-10,1.95225642318775e-08,1024,0
53,wave,wave,wave,v*dy(eta),0.0827005271922261,16,1,16,1,3.82781806251842e-10,2.92892520237231e-08,1024,0
53,wave,wave,wave,w*dz(eta),0.0827006983302951,16,1,16,1,3.82782250341052e-10,2.92891606523682e-08,1024,0
53,wave,wave,wave,w*eta*dlogN2,0.0688053530336888,16,1,16,1,6.30698826498133e-11,2.92683044467168e-08,1024,0
53,wave,apv,wave,u*dx(u),0.00342339232039724,16,1,2,0,4.44724090774802e-14,3.34067867994486e-07,96,0
53,wave,apv,wave,v*dy(u),0.00342339232039736,16,1,2,0,4.4967842683646e-14,3.34067864802415e-07,96,0
53,wave,apv,wave,w*dz(u),0.00982460756519932,16,1,2,0,7.096545573404e-13,4.8405829609155e-07,96,0
53,wave,apv,wave,u*dx(v),0.00336583262587175,16,1,2,0,4.35525979907601e-14,3.12550313395381e-07,96,0
53,wave,apv,wave,v*dy(v),0.00336583262587131,16,1,2,0,4.33732262424388e-14,3.12550309048253e-07,96,0
53,wave,apv,wave,w*dz(v),0.00978300711707392,16,1,2,0,7.096545573404e-13,4.838156257847e-07,96,0
53,wave,apv,wave,u*dx(w),0,1,1,-1,0,0,0,0,96
53,wave,apv,wave,v*dy(w),0,1,1,-1,0,0,0,0,96
53,wave,apv,wave,w*dz(w),0,1,1,-1,0,0,0,0,96
53,wave,apv,wave,u*dx(eta),0.00102027226868325,16,1,2,0,6.54254428411605e-13,4.97385020836738e-07,96,0
53,wave,apv,wave,v*dy(eta),0.00102027226868327,16,1,2,0,6.5447647301653e-13,4.97382019126746e-07,96,0
53,wave,apv,wave,w*dz(eta),0.000412764172089501,16,1,2,0,7.65068719488227e-09,6.51733581324976e-07,96,0
53,wave,apv,wave,w*eta*dlogN2,0.0112734657117311,16,1,2,0,4.08895139969445e-13,4.88590286229496e-07,96,0
53,apv,wave,wave,u*dx(u),0.00342333313616848,2,0,16,1,4.47569408067726e-14,3.34060481274158e-07,96,0
53,apv,wave,wave,v*dy(u),0,-1,0,1,1,0,0,0,96
53,apv,wave,wave,w*dz(u),0,-1,0,1,1,0,0,0,96
53,apv,wave,wave,u*dx(v),0.00336577434760118,2,0,16,1,4.37162869034537e-14,3.12551127534293e-07,96,0
53,apv,wave,wave,v*dy(v),0,-1,0,1,1,0,0,0,96
53,apv,wave,wave,w*dz(v),0,-1,0,1,1,0,0,0,96
53,apv,wave,wave,u*dx(w),7.10409657017804e-05,2,0,15,1,1.11022302462516e-15,2.22673703476062e-07,96,0
53,apv,wave,wave,v*dy(w),0,-1,0,1,1,0,0,0,96
53,apv,wave,wave,w*dz(w),0,-1,0,1,1,0,0,0,96
53,apv,wave,wave,u*dx(eta),0.000413532290458331,2,0,16,1,1.25455201782643e-14,3.72098348222295e-07,96,0
53,apv,wave,wave,v*dy(eta),0,-1,0,1,1,0,0,0,96
53,apv,wave,wave,w*dz(eta),0,-1,0,1,1,0,0,0,96
53,apv,wave,wave,w*eta*dlogN2,0,-1,0,1,1,0,0,0,96
53,wave,boundary,wave,u*dx(u),0.00167348966774931,16,1,2,0,1.09048290665419e-14,8.85089837832025e-08,64,0
53,wave,boundary,wave,v*dy(u),0.00167348966774978,16,1,2,0,1.09899551884145e-14,9.0401436935296e-08,64,0
53,wave,boundary,wave,w*dz(u),0.00334651502932315,16,1,2,0,2.73223721045099e-13,1.56750890818917e-07,64,0
53,wave,boundary,wave,u*dx(v),0.00162301437283369,16,1,2,0,1.04740828737014e-14,7.29078069028333e-08,64,0
53,wave,boundary,wave,v*dy(v),0.00162301437283383,16,1,2,0,1.07085823172392e-14,8.26744941395674e-08,64,0
53,wave,boundary,wave,w*dz(v),0.00333199102989678,16,1,2,0,2.72146149966403e-13,1.08183204616807e-07,64,0
53,wave,boundary,wave,u*dx(w),0,1,1,1,0,0,0,0,64
53,wave,boundary,wave,v*dy(w),0,1,1,1,0,0,0,0,64
53,wave,boundary,wave,w*dz(w),0,1,1,1,0,0,0,0,64
53,wave,boundary,wave,u*dx(eta),0.000356310312725735,16,1,2,0,9.79216707719388e-14,7.89005485390959e-08,64,0
53,wave,boundary,wave,v*dy(eta),0.000356310312725686,16,1,2,0,9.76996261670138e-14,8.86672355537854e-08,64,0
53,wave,boundary,wave,w*dz(eta),0.000234931408271876,15,1,2,0,2.05168548816914e-10,6.27773225625461e-08,64,0
53,wave,boundary,wave,w*eta*dlogN2,0.0144206559479217,16,1,2,0,2.85327317328665e-13,1.12353581438462e-07,64,0
53,boundary,wave,wave,u*dx(u),0.0025921080680888,2,0,16,1,1.78933701859219e-14,1.70570922678943e-07,64,0
53,boundary,wave,wave,v*dy(u),0,1,0,1,1,0,0,0,64
53,boundary,wave,wave,w*dz(u),0,1,0,1,1,0,0,0,64
53,boundary,wave,wave,u*dx(v),0.0025172540194691,2,0,16,1,1.73796575616237e-14,1.46889182674342e-07,64,0
53,boundary,wave,wave,v*dy(v),0,1,0,1,1,0,0,0,64
53,boundary,wave,wave,w*dz(v),0,1,0,1,1,0,0,0,64
53,boundary,wave,wave,u*dx(w),4.23885441544195e-05,2,0,15,1,6.66133814775094e-16,1.57030023761884e-07,64,0
53,boundary,wave,wave,v*dy(w),0,1,0,1,1,0,0,0,64
53,boundary,wave,wave,w*dz(w),0,1,0,1,1,0,0,0,64
53,boundary,wave,wave,u*dx(eta),0.000349374582149993,2,0,15,1,3.5527136788005e-15,1.37180338311005e-07,64,0
53,boundary,wave,wave,v*dy(eta),0,1,0,1,1,0,0,0,64
53,boundary,wave,wave,w*dz(eta),0,1,0,1,1,0,0,0,64
53,boundary,wave,wave,w*eta*dlogN2,0,1,0,1,1,0,0,0,64
53,apv,boundary,wave,u*dx(u),0.00039650218058618,-1,0,2,0,2.73928202591429e-15,3.41272126397478e-07,6,0
53,apv,boundary,wave,v*dy(u),0,-1,0,1,0,0,0,0,6
53,apv,boundary,wave,w*dz(u),0,-1,0,1,0,0,0,0,6
53,apv,boundary,wave,u*dx(v),0.000394419514765103,-1,0,2,0,2.61544637210752e-15,3.30513364232843e-07,6,0
53,apv,boundary,wave,v*dy(v),0,-1,0,1,0,0,0,0,6
53,apv,boundary,wave,w*dz(v),0,-1,0,1,0,0,0,0,6
53,apv,boundary,wave,u*dx(w),0,-1,0,1,0,0,0,0,6
53,apv,boundary,wave,v*dy(w),0,-1,0,1,0,0,0,0,6
53,apv,boundary,wave,w*dz(w),0,-1,0,1,0,0,0,0,6
53,apv,boundary,wave,u*dx(eta),1.64712427361315e-05,-1,0,2,0,1.85212777524747e-14,3.23847391792143e-07,6,0
53,apv,boundary,wave,v*dy(eta),0,-1,0,1,0,0,0,0,6
53,apv,boundary,wave,w*dz(eta),0,-1,0,1,0,0,0,0,6
53,apv,boundary,wave,w*eta*dlogN2,0,-1,0,1,0,0,0,0,6
53,boundary,apv,wave,u*dx(u),0.00056531497135848,2,0,-1,0,4.69210878182665e-15,2.88387494241701e-07,6,0
53,boundary,apv,wave,v*dy(u),0,1,0,-1,0,0,0,0,6
53,boundary,apv,wave,w*dz(u),0,1,0,-1,0,0,0,0,6
53,boundary,apv,wave,u*dx(v),0.000562364220016882,2,0,-1,0,4.62044614932571e-15,2.71792975237162e-07,6,0
53,boundary,apv,wave,v*dy(v),0,1,0,-1,0,0,0,0,6
53,boundary,apv,wave,w*dz(v),0,1,0,-1,0,0,0,0,6
53,boundary,apv,wave,u*dx(w),0,1,0,-1,0,0,0,0,6
53,boundary,apv,wave,v*dy(w),0,1,0,-1,0,0,0,0,6
53,boundary,apv,wave,w*dz(w),0,1,0,-1,0,0,0,0,6
53,boundary,apv,wave,u*dx(eta),4.73051823227527e-05,2,0,1,0,5.24025267623074e-14,6.22810466754942e-07,6,0
53,boundary,apv,wave,v*dy(eta),0,1,0,-1,0,0,0,0,6
53,boundary,apv,wave,w*dz(eta),0,1,0,-1,0,0,0,0,6
53,boundary,apv,wave,w*eta*dlogN2,0,1,0,-1,0,0,0,0,6
53,boundary,boundary,wave,u*dx(u),0.000449382957529932,1,0,2,0,2.62264280436025e-15,5.57023332062023e-07,4,0
53,boundary,boundary,wave,v*dy(u),0,1,0,1,0,0,0,0,4
53,boundary,boundary,wave,w*dz(u),0,1,0,1,0,0,0,0,4
53,boundary,boundary,wave,u*dx(v),0.000447028660036324,1,0,2,0,2.52904134704803e-15,5.00593629659818e-07,4,0
53,boundary,boundary,wave,v*dy(v),0,1,0,1,0,0,0,0,4
53,boundary,boundary,wave,w*dz(v),0,1,0,1,0,0,0,0,4
53,boundary,boundary,wave,u*dx(w),0,1,0,1,0,0,0,0,4
53,boundary,boundary,wave,v*dy(w),0,1,0,1,0,0,0,0,4
53,boundary,boundary,wave,w*dz(w),0,1,0,1,0,0,0,0,4
53,boundary,boundary,wave,u*dx(eta),2.03106668953112e-05,2,0,1,0,2.30926389122033e-14,4.17606035085782e-07,4,0
53,boundary,boundary,wave,v*dy(eta),0,1,0,1,0,0,0,0,4
53,boundary,boundary,wave,w*dz(eta),0,1,0,1,0,0,0,0,4
53,boundary,boundary,wave,w*eta*dlogN2,0,1,0,1,0,0,0,0,4
54,wave,wave,wave,u*dx(u),0.591613157066139,16,1,15,1,1.62906133027718e-10,2.92824715586448e-08,1024,0
54,wave,wave,wave,v*dy(u),0,1,1,1,1,0,0,0,1024
54,wave,wave,wave,w*dz(u),0.592039660558977,16,1,15,1,3.48190318821828e-06,8.08060727042204e-05,1024,0
54,wave,wave,wave,u*dx(v),0.590263876160693,16,1,15,1,1.62906577116928e-10,1.9528359596066e-08,1024,0
54,wave,wave,wave,v*dy(v),0,1,1,1,1,0,0,0,1024
54,wave,wave,wave,w*dz(v),0.590653767867419,16,1,15,1,3.48190318832931e-06,8.08158276051074e-05,1024,0
54,wave,wave,wave,u*dx(w),0.00174855156711603,16,1,16,1,5.82326409315215e-11,2.9289719982728e-08,1024,0
54,wave,wave,wave,v*dy(w),0,1,1,1,1,0,0,0,1024
54,wave,wave,wave,w*dz(w),0.00174855214095702,16,1,16,1,5.82328629761264e-11,3.90563120733489e-08,1024,0
54,wave,wave,wave,u*dx(eta),0.100575094469327,16,1,16,1,3.8277181424462e-10,1.95301712579976e-08,1024,0
54,wave,wave,wave,v*dy(eta),0,1,1,1,1,0,0,0,1024
54,wave,wave,wave,w*dz(eta),0.100575200440544,16,1,16,1,3.82772036289225e-10,2.92966261250527e-08,1024,0
54,wave,wave,wave,w*eta*dlogN2,0.0807484187458291,16,1,16,1,6.30689944713936e-11,2.9275893154157e-08,1024,0
54,wave,apv,wave,u*dx(u),0,1,1,-1,0,0,0,0,96
54,wave,apv,wave,v*dy(u),0,1,1,-1,0,0,0,0,96
54,wave,apv,wave,w*dz(u),0,1,1,-1,0,0,0,0,96
54,wave,apv,wave,u*dx(v),0.00337556473654362,16,1,2,0,4.41410359997807e-14,3.12733283554823e-07,96,0
54,wave,apv,wave,v*dy(v),0,1,1,-1,0,0,0,0,96
54,wave,apv,wave,w*dz(v),0.00978337284783242,16,1,2,0,7.096545573404e-13,4.838156257847e-07,96,0
54,wave,apv,wave,u*dx(w),0,1,1,-1,0,0,0,0,96
54,wave,apv,wave,v*dy(w),0,1,1,-1,0,0,0,0,96
54,wave,apv,wave,w*dz(w),0,1,1,-1,0,0,0,0,96
54,wave,apv,wave,u*dx(eta),0.00122605145610255,16,1,2,0,6.54254428411605e-13,4.97385020836738e-07,96,0
54,wave,apv,wave,v*dy(eta),0,1,1,-1,0,0,0,0,96
54,wave,apv,wave,w*dz(eta),0.000487356830712133,16,1,2,0,7.65068719488227e-09,6.51733581324976e-07,96,0
54,wave,apv,wave,w*eta*dlogN2,0.0133978287983803,16,1,2,0,4.08895139969445e-13,4.88590286229496e-07,96,0
54,apv,wave,wave,u*dx(u),0.00339997115043801,2,0,16,1,4.3872218098016e-14,3.22447310041543e-07,96,0
54,apv,wave,wave,v*dy(u),0,-1,0,1,1,0,0,0,96
54,apv,wave,wave,w*dz(u),0,-1,0,1,1,0,0,0,96
54,apv,wave,wave,u*dx(v),0.00337553494531348,2,0,16,1,4.36956276962559e-14,3.12733655227642e-07,96,0
54,apv,wave,wave,v*dy(v),0,-1,0,1,1,0,0,0,96
54,apv,wave,wave,w*dz(v),0,-1,0,1,1,0,0,0,96
54,apv,wave,wave,u*dx(w),8.66789083303615e-05,2,0,15,1,1.22124532708767e-15,2.22590732956718e-07,96,0
54,apv,wave,wave,v*dy(w),0,-1,0,1,1,0,0,0,96
54,apv,wave,wave,w*dz(w),0,-1,0,1,1,0,0,0,96
54,apv,wave,wave,u*dx(eta),0.000488294448966714,2,0,16,1,1.24344978758018e-14,3.9091577259975e-07,96,0
54,apv,wave,wave,v*dy(eta),0,-1,0,1,1,0,0,0,96
54,apv,wave,wave,w*dz(eta),0,-1,0,1,1,0,0,0,96
54,apv,wave,wave,w*eta*dlogN2,0,-1,0,1,1,0,0,0,96
54,wave,boundary,wave,u*dx(u),0,1,1,1,0,0,0,0,64
54,wave,boundary,wave,v*dy(u),0,1,1,1,0,0,0,0,64
54,wave,boundary,wave,w*dz(u),0,1,1,1,0,0,0,0,64
54,wave,boundary,wave,u*dx(v),0.00202247107587343,16,1,2,0,1.28691500482951e-14,1.00419431714024e-07,64,0
54,wave,boundary,wave,v*dy(v),0,1,1,1,0,0,0,0,64
54,wave,boundary,wave,w*dz(v),0.00404673210449896,16,1,2,0,3.50181774424734e-13,1.64466062213542e-07,64,0
54,wave,boundary,wave,u*dx(w),0,1,1,1,0,0,0,0,64
54,wave,boundary,wave,v*dy(w),0,1,1,1,0,0,0,0,64
54,wave,boundary,wave,w*dz(w),0,1,1,1,0,0,0,0,64
54,wave,boundary,wave,u*dx(eta),0.000517588429757667,16,1,2,0,1.08357767203415e-13,1.14748540003262e-07,64,0
54,wave,boundary,wave,v*dy(eta),0,1,1,1,0,0,0,0,64
54,wave,boundary,wave,w*dz(eta),0.000332928018969866,15,1,2,0,3.33615135517107e-10,8.48119637852918e-08,64,0
54,wave,boundary,wave,w*eta*dlogN2,0.0155868817250952,16,1,2,0,3.00759417370955e-13,1.6574585259832e-07,64,0
54,boundary,wave,wave,u*dx(u),0.00256273709857576,2,0,16,1,1.76578493167805e-14,1.54445097406237e-07,64,0
54,boundary,wave,wave,v*dy(u),0,1,0,1,1,0,0,0,64
54,boundary,wave,wave,w*dz(u),0,1,0,1,1,0,0,0,64
54,boundary,wave,wave,u*dx(v),0.00253187951174595,2,0,16,1,1.74937609665226e-14,1.4690188291095e-07,64,0
54,boundary,wave,wave,v*dy(v),0,1,0,1,1,0,0,0,64
54,boundary,wave,wave,w*dz(v),0,1,0,1,1,0,0,0,64
54,boundary,wave,wave,u*dx(w),5.17213642258792e-05,2,0,15,1,4.44089209850063e-16,1.57040902615257e-07,64,0
54,boundary,wave,wave,v*dy(w),0,1,0,1,1,0,0,0,64
54,boundary,wave,wave,w*dz(w),0,1,0,1,1,0,0,0,64
54,boundary,wave,wave,u*dx(eta),0.000406730950907063,2,0,15,1,3.77475828372553e-15,1.37182641912759e-07,64,0
54,boundary,wave,wave,v*dy(eta),0,1,0,1,1,0,0,0,64
54,boundary,wave,wave,w*dz(eta),0,1,0,1,1,0,0,0,64
54,boundary,wave,wave,w*eta*dlogN2,0,1,0,1,1,0,0,0,64
54,apv,boundary,wave,u*dx(u),0,-1,0,1,0,0,0,0,6
54,apv,boundary,wave,v*dy(u),0,-1,0,1,0,0,0,0,6
54,apv,boundary,wave,w*dz(u),0,-1,0,1,0,0,0,0,6
54,apv,boundary,wave,u*dx(v),0.000475422250910721,-1,0,2,0,3.31760359602411e-15,3.06847081077422e-07,6,0
54,apv,boundary,wave,v*dy(v),0,-1,0,1,0,0,0,0,6
54,apv,boundary,wave,w*dz(v),0,-1,0,1,0,0,0,0,6
54,apv,boundary,wave,u*dx(w),0,-1,0,1,0,0,0,0,6
54,apv,boundary,wave,v*dy(w),0,-1,0,1,0,0,0,0,6
54,apv,boundary,wave,w*dz(w),0,-1,0,1,0,0,0,0,6
54,apv,boundary,wave,u*dx(eta),2.38742483133943e-05,-1,0,2,0,2.57571741713036e-14,2.72721889071903e-07,6,0
54,apv,boundary,wave,v*dy(eta),0,-1,0,1,0,0,0,0,6
54,apv,boundary,wave,w*dz(eta),0,-1,0,1,0,0,0,0,6
54,apv,boundary,wave,w*eta*dlogN2,0,-1,0,1,0,0,0,0,6
54,boundary,apv,wave,u*dx(u),0,1,0,-1,0,0,0,0,6
54,boundary,apv,wave,v*dy(u),0,1,0,-1,0,0,0,0,6
54,boundary,apv,wave,w*dz(u),0,1,0,-1,0,0,0,0,6
54,boundary,apv,wave,u*dx(v),0.00056239156746284,2,0,-1,0,4.63165828119418e-15,2.71792975237162e-07,6,0
54,boundary,apv,wave,v*dy(v),0,1,0,-1,0,0,0,0,6
54,boundary,apv,wave,w*dz(v),0,1,0,-1,0,0,0,0,6
54,boundary,apv,wave,u*dx(w),0,1,0,-1,0,0,0,0,6
54,boundary,apv,wave,v*dy(w),0,1,0,-1,0,0,0,0,6
54,boundary,apv,wave,w*dz(w),0,1,0,-1,0,0,0,0,6
54,boundary,apv,wave,u*dx(eta),5.68197633530132e-05,2,0,1,0,5.24025267623074e-14,6.22810466754942e-07,6,0
54,boundary,apv,wave,v*dy(eta),0,1,0,-1,0,0,0,0,6
54,boundary,apv,wave,w*dz(eta),0,1,0,-1,0,0,0,0,6
54,boundary,apv,wave,w*eta*dlogN2,0,1,0,-1,0,0,0,0,6
54,boundary,boundary,wave,u*dx(u),0,1,0,1,0,0,0,0,4
54,boundary,boundary,wave,v*dy(u),0,1,0,1,0,0,0,0,4
54,boundary,boundary,wave,w*dz(u),0,1,0,1,0,0,0,0,4
54,boundary,boundary,wave,u*dx(v),0.000502098176747004,1,0,2,0,2.52639161874317e-15,4.47702166228581e-07,4,0
54,boundary,boundary,wave,v*dy(v),0,1,0,1,0,0,0,0,4
54,boundary,boundary,wave,w*dz(v),0,1,0,1,0,0,0,0,4
54,boundary,boundary,wave,u*dx(w),0,1,0,1,0,0,0,0,4
54,boundary,boundary,wave,v*dy(w),0,1,0,1,0,0,0,0,4
54,boundary,boundary,wave,w*dz(w),0,1,0,1,0,0,0,0,4
54,boundary,boundary,wave,u*dx(eta),3.2775436893297e-05,2,0,1,0,4.00790511889682e-14,2.37352290044512e-07,4,0
54,boundary,boundary,wave,v*dy(eta),0,1,0,1,0,0,0,0,4
54,boundary,boundary,wave,w*dz(eta),0,1,0,1,0,0,0,0,4
54,boundary,boundary,wave,w*eta*dlogN2,0,1,0,1,0,0,0,0,4
55,wave,wave,wave,u*dx(u),0.592906482101361,16,1,15,1,1.62907243250743e-10,2.93126600769966e-08,1024,0
55,wave,wave,wave,v*dy(u),0.592906482101361,16,1,15,1,1.62907243250743e-10,3.90793475357754e-08,1024,0
55,wave,wave,wave,w*dz(u),0.593368057715268,16,1,15,1,6.20155954778046e-06,0.000143961636307921,1024,0
55,wave,wave,wave,u*dx(v),0.592237848264683,16,1,15,1,1.62907243250743e-10,2.93150832497702e-08,1024,0
55,wave,wave,wave,v*dy(v),0.592237848264683,16,1,15,1,1.62907465295348e-10,3.90817708195712e-08,1024,0
55,wave,wave,wave,w*dz(v),0.592680365144264,16,1,15,1,6.20155954789148e-06,0.000143961633884304,1024,0
55,wave,wave,wave,u*dx(w),0.000716489661430536,16,1,16,1,5.82318637754042e-11,2.93231554593376e-08,1024,0
55,wave,wave,wave,v*dy(w),0.000716489661430536,16,1,16,1,5.82317527531018e-11,3.90898429181163e-08,1024,0
55,wave,wave,wave,w*dz(w),0.000716489776512814,16,1,16,1,5.82320858200092e-11,3.90898762248071e-08,1024,0
55,wave,wave,wave,u*dx(eta),0.04164750230629,16,1,16,1,3.82766152107195e-10,1.95473001118884e-08,1024,0
55,wave,wave,wave,v*dy(eta),0.04164750230629,16,1,16,1,3.82766374151799e-10,2.93139879037341e-08,1024,0
55,wave,wave,wave,w*dz(eta),0.0416475239604705,16,1,16,1,3.82766485174102e-10,2.93138903151302e-08,1024,0
55,wave,wave,wave,w*eta*dlogN2,0.0389126812494024,16,1,16,1,6.30687724267887e-11,2.92930272260961e-08,1024,0
55,wave,apv,wave,u*dx(u),0.0034235109455525,16,1,2,0,4.48203729028669e-14,3.3408962483015e-07,96,0
55,wave,apv,wave,v*dy(u),0.0034235109455526,16,1,2,0,4.47852956588824e-14,3.34089625739805e-07,96,0
55,wave,apv,wave,w*dz(u),0.00982459403609874,16,1,2,0,7.096545573404e-13,4.84187755011683e-07,96,0
55,wave,apv,wave,u*dx(v),0.00339129510024448,16,1,2,0,4.40807563041634e-14,3.25440848915291e-07,96,0
55,wave,apv,wave,v*dy(v),0.00339129510024425,16,1,2,0,4.4029400237221e-14,3.2544084805738e-07,96,0
55,wave,apv,wave,w*dz(v),0.00981393305255968,16,1,2,0,7.096545573404e-13,4.838156257847e-07,96,0
55,wave,apv,wave,u*dx(w),0,1,1,-1,0,0,0,0,96
55,wave,apv,wave,v*dy(w),0,1,1,-1,0,0,0,0,96
55,wave,apv,wave,w*dz(w),0,1,1,-1,0,0,0,0,96
55,wave,apv,wave,u*dx(eta),0.000536588382518848,16,1,2,0,6.54254428411605e-13,4.97385020836738e-07,96,0
55,wave,apv,wave,v*dy(eta),0.000536588382518835,16,1,2,0,6.5447647301653e-13,4.97382019126746e-07,96,0
55,wave,apv,wave,w*dz(eta),0.00023143359352815,16,1,2,0,7.65068719488227e-09,6.51733581324976e-07,96,0
55,wave,apv,wave,w*eta*dlogN2,0.00613779919005456,16,1,2,0,4.08895139969445e-13,4.88590286229496e-07,96,0
55,apv,wave,wave,u*dx(u),0.00342349614907205,2,0,16,1,4.50216680339567e-14,3.34087801762221e-07,96,0
55,apv,wave,wave,v*dy(u),0,-1,0,1,1,0,0,0,96
55,apv,wave,wave,w*dz(u),0,-1,0,1,1,0,0,0,96
55,apv,wave,wave,u*dx(v),0.00339128042258421,2,0,16,1,4.4007153537615e-14,3.25439072189392e-07,96,0
55,apv,wave,wave,v*dy(v),0,-1,0,1,1,0,0,0,96
55,apv,wave,wave,w*dz(v),0,-1,0,1,1,0,0,0,96
55,apv,wave,wave,u*dx(w),3.5544010960376e-05,2,0,15,1,6.66133814775094e-16,2.22520933457204e-07,96,0
55,apv,wave,wave,v*dy(w),0,-1,0,1,1,0,0,0,96
55,apv,wave,wave,w*dz(w),0,-1,0,1,1,0,0,0,96
55,apv,wave,wave,u*dx(eta),0.000231807954542589,2,0,16,1,1.24344978758018e-14,2.75271238254066e-07,96,0
55,apv,wave,wave,v*dy(eta),0,-1,0,1,1,0,0,0,96
55,apv,wave,wave,w*dz(eta),0,-1,0,1,1,0,0,0,96
55,apv,wave,wave,w*eta*dlogN2,0,-1,0,1,1,0,0,0,96
55,wave,boundary,wave,u*dx(u),0.00232642023209566,16,1,2,0,1.52526388541757e-14,1.42689563361078e-07,64,0
55,wave,boundary,wave,v*dy(u),0.00232642023209563,16,1,2,0,1.51287786527582e-14,1.42689575835596e-07,64,0
55,wave,boundary,wave,w*dz(u),0.00452571197528524,16,1,2,0,4.03305388984219e-13,2.50961917379879e-07,64,0
55,wave,boundary,wave,u*dx(v),0.00228462375724868,16,1,2,0,1.51992286724846e-14,1.28750999494634e-07,64,0
55,wave,boundary,wave,v*dy(v),0.00228462375724864,16,1,2,0,1.5275084391869e-14,1.28751011121021e-07,64,0
55,wave,boundary,wave,w*dz(v),0.0045206001049212,16,1,2,0,4.02685008915706e-13,2.13184281228074e-07,64,0
55,wave,boundary,wave,u*dx(w),0,1,1,1,0,0,0,0,64
55,wave,boundary,wave,v*dy(w),0,1,1,1,0,0,0,0,64
55,wave,boundary,wave,w*dz(w),0,1,1,1,0,0,0,0,64
55,wave,boundary,wave,u*dx(eta),0.000252352007597967,16,1,2,0,1.36335387423969e-13,1.53564778004878e-07,64,0
55,wave,boundary,wave,v*dy(eta),0.000252352007597967,16,1,2,0,1.36335387423969e-13,1.55457022255057e-07,64,0
55,wave,boundary,wave,w*dz(eta),0.000184689382105554,15,1,2,0,4.53165505120978e-10,1.01666729479533e-07,64,0
55,wave,boundary,wave,w*eta*dlogN2,0.00666436267047116,16,1,2,0,3.05866443284231e-13,2.13370037416283e-07,64,0
55,boundary,wave,wave,u*dx(u),0.00259229246348404,2,0,16,1,1.74818872061544e-14,1.70669906027617e-07,64,0
55,boundary,wave,wave,v*dy(u),0,1,0,1,1,0,0,0,64
55,boundary,wave,wave,w*dz(u),0,1,0,1,1,0,0,0,64
55,boundary,wave,wave,u*dx(v),0.00254620374271234,2,0,16,1,1.76757999674059e-14,1.50885647453399e-07,64,0
55,boundary,wave,wave,v*dy(v),0,1,0,1,1,0,0,0,64
55,boundary,wave,wave,w*dz(v),0,1,0,1,1,0,0,0,64
55,boundary,wave,wave,u*dx(w),2.12068393045448e-05,2,0,15,1,4.44089209850063e-16,1.57072472029007e-07,64,0
55,boundary,wave,wave,v*dy(w),0,1,0,1,1,0,0,0,64
55,boundary,wave,wave,w*dz(w),0,1,0,1,1,0,0,0,64
55,boundary,wave,wave,u*dx(eta),0.000203566163612548,2,0,15,1,3.77475828372553e-15,1.37196978999832e-07,64,0
55,boundary,wave,wave,v*dy(eta),0,1,0,1,1,0,0,0,64
55,boundary,wave,wave,w*dz(eta),0,1,0,1,1,0,0,0,64
55,boundary,wave,wave,w*eta*dlogN2,0,1,0,1,1,0,0,0,64
55,apv,boundary,wave,u*dx(u),0.000525310166659016,-1,0,2,0,4.14765075805772e-15,3.09074029690237e-07,6,0
55,apv,boundary,wave,v*dy(u),0,-1,0,1,0,0,0,0,6
55,apv,boundary,wave,w*dz(u),0,-1,0,1,0,0,0,0,6
55,apv,boundary,wave,u*dx(v),0.000524611882690339,-1,0,2,0,4.20472079683232e-15,2.91042544731113e-07,6,0
55,apv,boundary,wave,v*dy(v),0,-1,0,1,0,0,0,0,6
55,apv,boundary,wave,w*dz(v),0,-1,0,1,0,0,0,0,6
55,apv,boundary,wave,u*dx(w),0,-1,0,1,0,0,0,0,6
55,apv,boundary,wave,v*dy(w),0,-1,0,1,0,0,0,0,6
55,apv,boundary,wave,w*dz(w),0,-1,0,1,0,0,0,0,6
55,apv,boundary,wave,u*dx(eta),1.10864658327739e-05,-1,0,2,0,3.50830475781549e-14,2.40172792320692e-07,6,0
55,apv,boundary,wave,v*dy(eta),0,-1,0,1,0,0,0,0,6
55,apv,boundary,wave,w*dz(eta),0,-1,0,1,0,0,0,0,6
55,apv,boundary,wave,w*eta*dlogN2,0,-1,0,1,0,0,0,0,6
55,boundary,apv,wave,u*dx(u),0.000565321454218237,2,0,-1,0,5.40347509520176e-15,2.88667120915007e-07,6,0
55,boundary,apv,wave,v*dy(u),0,1,0,-1,0,0,0,0,6
55,boundary,apv,wave,w*dz(u),0,1,0,-1,0,0,0,0,6
55,boundary,apv,wave,u*dx(v),0.000564571275223932,2,0,-1,0,4.62299960665915e-15,2.71792975237162e-07,6,0
55,boundary,apv,wave,v*dy(v),0,1,0,-1,0,0,0,0,6
55,boundary,apv,wave,w*dz(v),0,1,0,-1,0,0,0,0,6
55,boundary,apv,wave,u*dx(w),0,1,0,-1,0,0,0,0,6
55,boundary,apv,wave,v*dy(w),0,1,0,-1,0,0,0,0,6
55,boundary,apv,wave,w*dz(w),0,1,0,-1,0,0,0,0,6
55,boundary,apv,wave,u*dx(eta),2.4908285779267e-05,2,0,1,0,5.24025267623074e-14,6.22810466754942e-07,6,0
55,boundary,apv,wave,v*dy(eta),0,1,0,-1,0,0,0,0,6
55,boundary,apv,wave,w*dz(eta),0,1,0,-1,0,0,0,0,6
55,boundary,apv,wave,w*eta*dlogN2,0,1,0,-1,0,0,0,0,6
55,boundary,boundary,wave,u*dx(u),0.000510239373528349,1,0,2,0,2.7103539194837e-15,4.80987168316981e-07,4,0
55,boundary,boundary,wave,v*dy(u),0,1,0,1,0,0,0,0,4
55,boundary,boundary,wave,w*dz(u),0,1,0,1,0,0,0,0,4
55,boundary,boundary,wave,u*dx(v),0.000509556028711789,1,0,2,0,2.71865905477498e-15,4.06423068755046e-07,4,0
55,boundary,boundary,wave,v*dy(v),0,1,0,1,0,0,0,0,4
55,boundary,boundary,wave,w*dz(v),0,1,0,1,0,0,0,0,4
55,boundary,boundary,wave,u*dx(w),0,1,0,1,0,0,0,0,4
55,boundary,boundary,wave,v*dy(w),0,1,0,1,0,0,0,0,4
55,boundary,boundary,wave,w*dz(w),0,1,0,1,0,0,0,0,4
55,boundary,boundary,wave,u*dx(eta),1.62907696428975e-05,2,0,1,0,5.25135490647699e-14,2.63958154556043e-07,4,0
55,boundary,boundary,wave,v*dy(eta),0,1,0,1,0,0,0,0,4
55,boundary,boundary,wave,w*dz(eta),0,1,0,1,0,0,0,0,4
55,boundary,boundary,wave,w*eta*dlogN2,0,1,0,1,0,0,0,0,4
56,wave,wave,wave,u*dx(u),0.591602577266163,15,1,16,1,1.62910795964422e-10,2.93332713674488e-08,1024,0
56,wave,wave,wave,v*dy(u),0,1,1,1,1,0,0,0,1024
56,wave,wave,wave,w*dz(u),0.592027273350957,16,1,15,1,2.86749816412746e-05,0.000324312187625742,1024,0
56,wave,wave,wave,u*dx(v),0.592241334013893,15,1,16,1,1.62910573919817e-10,1.95574463290882e-08,1024,0
56,wave,wave,wave,v*dy(v),0,1,1,1,1,0,0,0,1024
56,wave,wave,wave,w*dz(v),0.592683696505681,16,1,15,1,2.86749816412746e-05,0.000324321966621577,1024,0
56,wave,wave,wave,u*dx(w),0.00123252276501076,16,1,16,1,5.82300874185648e-11,2.93407306228843e-08,1024,0
56,wave,wave,wave,v*dy(w),0,1,1,1,1,0,0,0,1024
56,wave,wave,wave,w*dz(w),0.00123252257484151,16,1,16,1,5.82298653739599e-11,3.91068082361556e-08,1024,0
56,wave,wave,wave,u*dx(eta),0.0712950846629078,16,1,16,1,3.82756271122275e-10,1.95595262209025e-08,1024,0
56,wave,wave,wave,v*dy(eta),0,1,1,1,1,0,0,0,1024
56,wave,wave,wave,w*dz(eta),0.0712950492127371,16,1,16,1,3.82756160099973e-10,2.93255185690455e-08,1024,0
56,wave,wave,wave,w*eta*dlogN2,0.0609358710042253,16,1,16,1,6.30679952706714e-11,2.93052625499612e-08,1024,0
56,wave,apv,wave,u*dx(u),0,1,1,-1,0,0,0,0,96
56,wave,apv,wave,v*dy(u),0,1,1,-1,0,0,0,0,96
56,wave,apv,wave,w*dz(u),0,1,1,-1,0,0,0,0,96
56,wave,apv,wave,u*dx(v),0.00340676338039337,16,1,2,0,4.44876184541017e-14,3.27208472604212e-07,96,0
56,wave,apv,wave,v*dy(v),0,1,1,-1,0,0,0,0,96
56,wave,apv,wave,w*dz(v),0.0098141605687178,16,1,2,0,7.096545573404e-13,4.838156257847e-07,96,0
56,wave,apv,wave,u*dx(w),0,1,1,-1,0,0,0,0,96
56,wave,apv,wave,v*dy(w),0,1,1,-1,0,0,0,0,96
56,wave,apv,wave,w*dz(w),0,1,1,-1,0,0,0,0,96
56,wave,apv,wave,u*dx(eta),0.0008879567766109,16,1,2,0,6.54254428411605e-13,4.97385020836738e-07,96,0
56,wave,apv,wave,v*dy(eta),0,1,1,-1,0,0,0,0,96
56,wave,apv,wave,w*dz(eta),0.000364364682858897,16,1,2,0,7.65068719488227e-09,6.51733581324976e-07,96,0
56,wave,apv,wave,w*eta*dlogN2,0.00989251328871747,16,1,2,0,4.08895139969445e-13,4.88590286229496e-07,96,0
56,apv,wave,wave,u*dx(u),0.00339069712583586,2,0,16,1,4.42206187573874e-14,3.20479574565035e-07,96,0
56,apv,wave,wave,v*dy(u),0,-1,0,1,1,0,0,0,96
56,apv,wave,wave,w*dz(u),0,-1,0,1,1,0,0,0,96
56,apv,wave,wave,u*dx(v),0.00340677752293252,2,0,16,1,4.45535883577723e-14,3.27210256524673e-07,96,0
56,apv,wave,wave,v*dy(v),0,-1,0,1,1,0,0,0,96
56,apv,wave,wave,w*dz(v),0,-1,0,1,1,0,0,0,96
56,apv,wave,wave,u*dx(w),6.11255912057824e-05,2,0,15,1,9.99200722162641e-16,2.22434809016292e-07,96,0
56,apv,wave,wave,v*dy(w),0,-1,0,1,1,0,0,0,96
56,apv,wave,wave,w*dz(w),0,-1,0,1,1,0,0,0,96
56,apv,wave,wave,u*dx(eta),0.0003650175553473,2,0,16,1,1.25455201782643e-14,3.5497364456534e-07,96,0
56,apv,wave,wave,v*dy(eta),0,-1,0,1,1,0,0,0,96
56,apv,wave,wave,w*dz(eta),0,-1,0,1,1,0,0,0,96
56,apv,wave,wave,w*eta*dlogN2,0,-1,0,1,1,0,0,0,96
56,wave,boundary,wave,u*dx(u),0,1,1,1,0,0,0,0,64
56,wave,boundary,wave,v*dy(u),0,1,1,1,0,0,0,0,64
56,wave,boundary,wave,w*dz(u),0,1,1,1,0,0,0,0,64
56,wave,boundary,wave,u*dx(v),0.00279863668592638,16,1,2,0,2.1190141552613e-14,1.73115009476445e-07,64,0
56,wave,boundary,wave,v*dy(v),0,1,1,1,0,0,0,0,64
56,wave,boundary,wave,w*dz(v),0.00543798180158722,16,1,2,0,5.18782369557874e-13,4.03011324423552e-07,64,0
56,wave,boundary,wave,u*dx(w),0,1,1,1,0,0,0,0,64
56,wave,boundary,wave,v*dy(w),0,1,1,1,0,0,0,0,64
56,wave,boundary,wave,w*dz(w),0,1,1,1,0,0,0,0,64
56,wave,boundary,wave,u*dx(eta),0.000497834577724252,16,1,2,0,2.13939976845268e-13,3.24312632860035e-07,64,0
56,wave,boundary,wave,v*dy(eta),0,1,1,1,0,0,0,0,64
56,wave,boundary,wave,w*dz(eta),0.000330421370631314,15,1,2,0,9.57744328289323e-10,1.31249100920883e-07,64,0
56,wave,boundary,wave,w*eta*dlogN2,0.00890272406758195,16,1,2,0,3.0409008644483e-13,4.04929174968593e-07,64,0
56,boundary,wave,wave,u*dx(u),0.00254878303471356,2,0,16,1,1.75756121401959e-14,1.47943220499311e-07,64,0
56,boundary,wave,wave,v*dy(u),0,1,0,1,1,0,0,0,64
56,boundary,wave,wave,w*dz(u),0,1,0,1,1,0,0,0,64
56,boundary,wave,wave,u*dx(v),0.00257015136815389,2,0,16,1,1.7666028170285e-14,1.57305371832424e-07,64,0
56,boundary,wave,wave,v*dy(v),0,1,0,1,1,0,0,0,64
56,boundary,wave,wave,w*dz(v),0,1,0,1,1,0,0,0,64
56,boundary,wave,wave,u*dx(w),3.64711551907671e-05,2,0,15,1,6.66133814775094e-16,1.57086383678617e-07,64,0
56,boundary,wave,wave,v*dy(w),0,1,0,1,1,0,0,0,64
56,boundary,wave,wave,w*dz(w),0,1,0,1,1,0,0,0,64
56,boundary,wave,wave,u*dx(eta),0.000311493194661675,2,0,15,1,3.5527136788005e-15,1.37203818417753e-07,64,0
56,boundary,wave,wave,v*dy(eta),0,1,0,1,1,0,0,0,64
56,boundary,wave,wave,w*dz(eta),0,1,0,1,1,0,0,0,64
56,boundary,wave,wave,w*eta*dlogN2,0,1,0,1,1,0,0,0,64
56,apv,boundary,wave,u*dx(u),0,-1,0,1,0,0,0,0,6
56,apv,boundary,wave,v*dy(u),0,-1,0,1,0,0,0,0,6
56,apv,boundary,wave,w*dz(u),0,-1,0,1,0,0,0,0,6
56,apv,boundary,wave,u*dx(v),0.000590158365386903,2,0,2,0,5.80229355497784e-15,2.67775430495831e-07,6,0
56,apv,boundary,wave,v*dy(v),0,-1,0,1,0,0,0,0,6
56,apv,boundary,wave,w*dz(v),0,-1,0,1,0,0,0,0,6
56,apv,boundary,wave,u*dx(w),0,-1,0,1,0,0,0,0,6
56,apv,boundary,wave,v*dy(w),0,-1,0,1,0,0,0,0,6
56,apv,boundary,wave,w*dz(w),0,-1,0,1,0,0,0,0,6
56,apv,boundary,wave,u*dx(eta),2.39283029349366e-05,2,0,2,0,5.6843418860808e-14,3.48750239131945e-07,6,0
56,apv,boundary,wave,v*dy(eta),0,-1,0,1,0,0,0,0,6
56,apv,boundary,wave,w*dz(eta),0,-1,0,1,0,0,0,0,6
56,apv,boundary,wave,w*eta*dlogN2,0,-1,0,1,0,0,0,0,6
56,boundary,apv,wave,u*dx(u),0,1,0,-1,0,0,0,0,6
56,boundary,apv,wave,v*dy(u),0,1,0,-1,0,0,0,0,6
56,boundary,apv,wave,w*dz(u),0,1,0,-1,0,0,0,0,6
56,boundary,apv,wave,u*dx(v),0.000564576488707652,2,0,-1,0,4.76271713937136e-15,2.71792975237162e-07,6,0
56,boundary,apv,wave,v*dy(v),0,1,0,-1,0,0,0,0,6
56,boundary,apv,wave,w*dz(v),0,1,0,-1,0,0,0,0,6
56,boundary,apv,wave,u*dx(w),0,1,0,-1,0,0,0,0,6
56,boundary,apv,wave,v*dy(w),0,1,0,-1,0,0,0,0,6
56,boundary,apv,wave,w*dz(w),0,1,0,-1,0,0,0,0,6
56,boundary,apv,wave,u*dx(eta),4.11810873857697e-05,2,0,1,0,5.24025267623074e-14,6.22810466754942e-07,6,0
56,boundary,apv,wave,v*dy(eta),0,1,0,-1,0,0,0,0,6
56,boundary,apv,wave,w*dz(eta),0,1,0,-1,0,0,0,0,6
56,boundary,apv,wave,w*eta*dlogN2,0,1,0,-1,0,0,0,0,6
56,boundary,boundary,wave,u*dx(u),0,1,0,1,0,0,0,0,4
56,boundary,boundary,wave,v*dy(u),0,1,0,1,0,0,0,0,4
56,boundary,boundary,wave,w*dz(u),0,1,0,1,0,0,0,0,4
56,boundary,boundary,wave,u*dx(v),0.000531280091831369,2,0,1,0,2.86182464935641e-15,3.16259028965149e-07,4,0
56,boundary,boundary,wave,v*dy(v),0,1,0,1,0,0,0,0,4
56,boundary,boundary,wave,w*dz(v),0,1,0,1,0,0,0,0,4
56,boundary,boundary,wave,u*dx(w),0,1,0,1,0,0,0,0,4
56,boundary,boundary,wave,v*dy(w),0,1,0,1,0,0,0,0,4
56,boundary,boundary,wave,w*dz(w),0,1,0,1,0,0,0,0,4
56,boundary,boundary,wave,u*dx(eta),3.46626719823227e-05,2,0,1,0,7.33857419277228e-14,3.93122226351968e-07,4,0
56,boundary,boundary,wave,v*dy(eta),0,1,0,1,0,0,0,0,4
56,boundary,boundary,wave,w*dz(eta),0,1,0,1,0,0,0,0,4
56,boundary,boundary,wave,w*eta*dlogN2,0,1,0,1,0,0,0,0,4
57,wave,wave,inertial,u*dx(u),0,1,1,1,1,0,0,0,1024
57,wave,wave,inertial,v*dy(u),0.00171423774606709,16,1,14,1,1.62908131429162e-10,2.9310165294838e-08,1024,0
57,wave,wave,inertial,w*dz(u),0.0155491052146017,2,1,1,1,1.37417036468745e-05,0.000168934859910097,1024,0
57,wave,wave,inertial,u*dx(v),0,1,1,1,1,0,0,0,1024
57,wave,wave,inertial,v*dy(v),0.00171423774606708,16,1,14,1,1.62908131429162e-10,3.9076852864639e-08,1024,0
57,wave,wave,inertial,w*dz(v),0.015549105214602,2,1,1,1,1.37417036469856e-05,0.000168925091571959,1024,0
57,wave,wave,mda,u*dx(eta),0,1,1,1,1,0,0,0,1024
57,wave,wave,mda,v*dy(eta),0.00550322365932647,16,1,16,1,3.82761045081281e-10,1.17069274003885e-07,1024,0
57,wave,wave,mda,w*dz(eta),0.00550322365932647,16,1,16,1,3.82761045081281e-10,1.25691975113936e-07,1024,0
57,wave,wave,mda,w*eta*dlogN2,0.0347285481455966,16,1,16,1,6.30683283375788e-11,2.92910196098006e-08,1024,0
57,wave,apv,inertial,u*dx(u),0,1,1,-1,0,0,0,0,96
57,wave,apv,inertial,v*dy(u),0.000633683366073878,16,1,1,0,1.55431223447522e-14,2.29543045177151e-07,96,0
57,wave,apv,inertial,w*dz(u),0.000406241987522632,15,1,2,0,7.096545573404e-13,4.838156257847e-07,96,0
57,wave,apv,inertial,u*dx(v),0,1,1,-1,0,0,0,0,96
57,wave,apv,inertial,v*dy(v),0,1,1,-1,0,0,0,0,96
57,wave,apv,inertial,w*dz(v),0,1,1,-1,0,0,0,0,96
57,wave,apv,mda,u*dx(eta),0,1,1,-1,0,0,0,0,96
57,wave,apv,mda,v*dy(eta),0.000298558393402395,16,1,2,0,6.15840711759574e-13,2.86663934520984e-07,96,0
57,wave,apv,mda,w*dz(eta),0.00025478667056431,3,1,-1,0,7.65065588659297e-09,0.00887253823158129,96,0
57,wave,apv,mda,w*eta*dlogN2,0.00455100733987295,16,1,2,0,4.08895139969445e-13,4.88590286340518e-07,96,0
57,apv,wave,inertial,u*dx(u),0,-1,0,1,1,0,0,0,96
57,apv,wave,inertial,v*dy(u),0,-1,0,1,1,0,0,0,96
57,apv,wave,inertial,w*dz(u),0,-1,0,1,1,0,0,0,96
57,apv,wave,inertial,u*dx(v),0,-1,0,1,1,0,0,0,96
57,apv,wave,inertial,v*dy(v),0,-1,0,1,1,0,0,0,96
57,apv,wave,inertial,w*dz(v),0,-1,0,1,1,0,0,0,96
57,apv,wave,mda,u*dx(eta),0,-1,0,1,1,0,0,0,96
57,apv,wave,mda,v*dy(eta),0,-1,0,1,1,0,0,0,96
57,apv,wave,mda,w*dz(eta),0,-1,0,1,1,0,0,0,96
57,apv,wave,mda,w*eta*dlogN2,0,-1,0,1,1,0,0,0,96
57,wave,boundary,inertial,u*dx(u),0,1,1,1,0,0,0,0,64
57,wave,boundary,inertial,v*dy(u),0.00057377278219143,16,1,2,0,3.71201003152921e-15,1.39184056169306e-07,64,0
57,wave,boundary,inertial,w*dz(u),0.000235032870218085,15,1,2,0,2.02060590481778e-13,2.84962590635374e-07,64,0
57,wave,boundary,inertial,u*dx(v),0,1,1,1,0,0,0,0,64
57,wave,boundary,inertial,v*dy(v),0,1,1,1,0,0,0,0,64
57,wave,boundary,inertial,w*dz(v),0,1,1,1,0,0,0,0,64
57,wave,boundary,mda,u*dx(eta),0,1,1,1,0,0,0,0,64
57,wave,boundary,mda,v*dy(eta),3.56014618724387e-05,16,1,2,0,2.34382890562298e-14,1.67129634576213e-07,64,0
57,wave,boundary,mda,w*dz(eta),0.000205267786795298,15,1,2,0,5.84134518533119e-10,0.00481296238284417,64,0
57,wave,boundary,mda,w*eta*dlogN2,0.00427943798042142,16,1,2,0,3.07642800123631e-13,2.85154401091781e-07,64,0
57,boundary,wave,inertial,u*dx(u),0,1,0,1,1,0,0,0,64
57,boundary,wave,inertial,v*dy(u),0,1,0,1,1,0,0,0,64
57,boundary,wave,inertial,w*dz(u),0,1,0,1,1,0,0,0,64
57,boundary,wave,inertial,u*dx(v),0,1,0,1,1,0,0,0,64
57,boundary,wave,inertial,v*dy(v),0,1,0,1,1,0,0,0,64
57,boundary,wave,inertial,w*dz(v),0,1,0,1,1,0,0,0,64
57,boundary,wave,mda,u*dx(eta),0,1,0,1,1,0,0,0,64
57,boundary,wave,mda,v*dy(eta),0,1,0,1,1,0,0,0,64
57,boundary,wave,mda,w*dz(eta),0,1,0,1,1,0,0,0,64
57,boundary,wave,mda,w*eta*dlogN2,0,1,0,1,1,0,0,0,64
57,apv,boundary,inertial,u*dx(u),0,-1,0,1,0,0,0,0,6
57,apv,boundary,inertial,v*dy(u),0,-1,0,1,0,0,0,0,6
57,apv,boundary,inertial,w*dz(u),0,-1,0,1,0,0,0,0,6
57,apv,boundary,inertial,u*dx(v),0,-1,0,1,0,0,0,0,6
57,apv,boundary,inertial,v*dy(v),0,-1,0,1,0,0,0,0,6
57,apv,boundary,inertial,w*dz(v),0,-1,0,1,0,0,0,0,6
57,apv,boundary,mda,u*dx(eta),0,-1,0,1,0,0,0,0,6
57,apv,boundary,mda,v*dy(eta),0,-1,0,1,0,0,0,0,6
57,apv,boundary,mda,w*dz(eta),0,-1,0,1,0,0,0,0,6
57,apv,boundary,mda,w*eta*dlogN2,0,-1,0,1,0,0,0,0,6
57,boundary,apv,inertial,u*dx(u),0,1,0,-1,0,0,0,0,6
57,boundary,apv,inertial,v*dy(u),0,1,0,-1,0,0,0,0,6
57,boundary,apv,inertial,w*dz(u),0,1,0,-1,0,0,0,0,6
57,boundary,apv,inertial,u*dx(v),0,1,0,-1,0,0,0,0,6
57,boundary,apv,inertial,v*dy(v),0,1,0,-1,0,0,0,0,6
57,boundary,apv,inertial,w*dz(v),0,1,0,-1,0,0,0,0,6
57,boundary,apv,mda,u*dx(eta),0,1,0,-1,0,0,0,0,6
57,boundary,apv,mda,v*dy(eta),0,1,0,-1,0,0,0,0,6
57,boundary,apv,mda,w*dz(eta),0,1,0,-1,0,0,0,0,6
57,boundary,apv,mda,w*eta*dlogN2,0,1,0,-1,0,0,0,0,6
57,boundary,boundary,inertial,u*dx(u),0,1,0,1,0,0,0,0,4
57,boundary,boundary,inertial,v*dy(u),0,1,0,1,0,0,0,0,4
57,boundary,boundary,inertial,w*dz(u),0,1,0,1,0,0,0,0,4
57,boundary,boundary,inertial,u*dx(v),0,1,0,1,0,0,0,0,4
57,boundary,boundary,inertial,v*dy(v),0,1,0,1,0,0,0,0,4
57,boundary,boundary,inertial,w*dz(v),0,1,0,1,0,0,0,0,4
57,boundary,boundary,mda,u*dx(eta),0,1,0,1,0,0,0,0,4
57,boundary,boundary,mda,v*dy(eta),0,1,0,1,0,0,0,0,4
57,boundary,boundary,mda,w*dz(eta),0,1,0,1,0,0,0,0,4
57,boundary,boundary,mda,w*eta*dlogN2,0,1,0,1,0,0,0,0,4
58,wave,wave,wave,u*dx(u),0.592906482101361,16,1,15,1,1.62907243250743e-10,2.93126600769966e-08,1024,0
58,wave,wave,wave,v*dy(u),0.592906482101361,16,1,15,1,1.62907243250743e-10,3.90793475357754e-08,1024,0
58,wave,wave,wave,w*dz(u),0.593368057715268,16,1,15,1,6.20155954778046e-06,0.000143961636307921,1024,0
58,wave,wave,wave,u*dx(v),0.592237848264683,16,1,15,1,1.62907243250743e-10,2.93150832497702e-08,1024,0
58,wave,wave,wave,v*dy(v),0.592237848264683,16,1,15,1,1.62907465295348e-10,3.90817708195712e-08,1024,0
58,wave,wave,wave,w*dz(v),0.592680365144264,16,1,15,1,6.20155954789148e-06,0.000143961633884304,1024,0
58,wave,wave,wave,u*dx(w),0.000716489661430536,16,1,16,1,5.82318637754042e-11,2.93231554593376e-08,1024,0
58,wave,wave,wave,v*dy(w),0.000716489661430536,16,1,16,1,5.82317527531018e-11,3.90898429181163e-08,1024,0
58,wave,wave,wave,w*dz(w),0.000716489776512814,16,1,16,1,5.82320858200092e-11,3.90898762248071e-08,1024,0
58,wave,wave,wave,u*dx(eta),0.04164750230629,16,1,16,1,3.82766152107195e-10,1.95473001118884e-08,1024,0
58,wave,wave,wave,v*dy(eta),0.04164750230629,16,1,16,1,3.82766374151799e-10,2.93139879037341e-08,1024,0
58,wave,wave,wave,w*dz(eta),0.0416475239604705,16,1,16,1,3.82766485174102e-10,2.93138903151302e-08,1024,0
58,wave,wave,wave,w*eta*dlogN2,0.0389126812494024,16,1,16,1,6.30687724267887e-11,2.92930272260961e-08,1024,0
58,wave,apv,wave,u*dx(u),0.0034235109455525,16,1,2,0,4.48203729028669e-14,3.3408962483015e-07,96,0
58,wave,apv,wave,v*dy(u),0.0034235109455526,16,1,2,0,4.47852956588824e-14,3.34089625739805e-07,96,0
58,wave,apv,wave,w*dz(u),0.00982459403609874,16,1,2,0,7.096545573404e-13,4.84187755011683e-07,96,0
58,wave,apv,wave,u*dx(v),0.00339129510024448,16,1,2,0,4.40807563041634e-14,3.25440848915291e-07,96,0
58,wave,apv,wave,v*dy(v),0.00339129510024425,16,1,2,0,4.4029400237221e-14,3.2544084805738e-07,96,0
58,wave,apv,wave,w*dz(v),0.00981393305255968,16,1,2,0,7.096545573404e-13,4.838156257847e-07,96,0
58,wave,apv,wave,u*dx(w),0,1,1,-1,0,0,0,0,96
58,wave,apv,wave,v*dy(w),0,1,1,-1,0,0,0,0,96
58,wave,apv,wave,w*dz(w),0,1,1,-1,0,0,0,0,96
58,wave,apv,wave,u*dx(eta),0.000536588382518848,16,1,2,0,6.54254428411605e-13,4.97385020836738e-07,96,0
58,wave,apv,wave,v*dy(eta),0.000536588382518835,16,1,2,0,6.5447647301653e-13,4.97382019126746e-07,96,0
58,wave,apv,wave,w*dz(eta),0.00023143359352815,16,1,2,0,7.65068719488227e-09,6.51733581324976e-07,96,0
58,wave,apv,wave,w*eta*dlogN2,0.00613779919005456,16,1,2,0,4.08895139969445e-13,4.88590286229496e-07,96,0
58,apv,wave,wave,u*dx(u),0.00342349614907205,2,0,16,1,4.50216680339567e-14,3.34087801762221e-07,96,0
58,apv,wave,wave,v*dy(u),0,-1,0,1,1,0,0,0,96
58,apv,wave,wave,w*dz(u),0,-1,0,1,1,0,0,0,96
58,apv,wave,wave,u*dx(v),0.00339128042258421,2,0,16,1,4.4007153537615e-14,3.25439072189392e-07,96,0
58,apv,wave,wave,v*dy(v),0,-1,0,1,1,0,0,0,96
58,apv,wave,wave,w*dz(v),0,-1,0,1,1,0,0,0,96
58,apv,wave,wave,u*dx(w),3.5544010960376e-05,2,0,15,1,6.66133814775094e-16,2.22520933457204e-07,96,0
58,apv,wave,wave,v*dy(w),0,-1,0,1,1,0,0,0,96
58,apv,wave,wave,w*dz(w),0,-1,0,1,1,0,0,0,96
58,apv,wave,wave,u*dx(eta),0.000231807954542589,2,0,16,1,1.24344978758018e-14,2.75271238254066e-07,96,0
58,apv,wave,wave,v*dy(eta),0,-1,0,1,1,0,0,0,96
58,apv,wave,wave,w*dz(eta),0,-1,0,1,1,0,0,0,96
58,apv,wave,wave,w*eta*dlogN2,0,-1,0,1,1,0,0,0,96
58,wave,boundary,wave,u*dx(u),0.00232642023209566,16,1,2,0,1.52526388541757e-14,1.42689563361078e-07,64,0
58,wave,boundary,wave,v*dy(u),0.00232642023209563,16,1,2,0,1.51287786527582e-14,1.42689575835596e-07,64,0
58,wave,boundary,wave,w*dz(u),0.00452571197528524,16,1,2,0,4.03305388984219e-13,2.50961917379879e-07,64,0
58,wave,boundary,wave,u*dx(v),0.00228462375724868,16,1,2,0,1.51992286724846e-14,1.28750999494634e-07,64,0
58,wave,boundary,wave,v*dy(v),0.00228462375724864,16,1,2,0,1.5275084391869e-14,1.28751011121021e-07,64,0
58,wave,boundary,wave,w*dz(v),0.0045206001049212,16,1,2,0,4.02685008915706e-13,2.13184281228074e-07,64,0
58,wave,boundary,wave,u*dx(w),0,1,1,1,0,0,0,0,64
58,wave,boundary,wave,v*dy(w),0,1,1,1,0,0,0,0,64
58,wave,boundary,wave,w*dz(w),0,1,1,1,0,0,0,0,64
58,wave,boundary,wave,u*dx(eta),0.000252352007597967,16,1,2,0,1.36335387423969e-13,1.53564778004878e-07,64,0
58,wave,boundary,wave,v*dy(eta),0.000252352007597967,16,1,2,0,1.36335387423969e-13,1.55457022255057e-07,64,0
58,wave,boundary,wave,w*dz(eta),0.000184689382105554,15,1,2,0,4.53165505120978e-10,1.01666729479533e-07,64,0
58,wave,boundary,wave,w*eta*dlogN2,0.00666436267047116,16,1,2,0,3.05866443284231e-13,2.13370037416283e-07,64,0
58,boundary,wave,wave,u*dx(u),0.00259229246348404,2,0,16,1,1.74818872061544e-14,1.70669906027617e-07,64,0
58,boundary,wave,wave,v*dy(u),0,1,0,1,1,0,0,0,64
58,boundary,wave,wave,w*dz(u),0,1,0,1,1,0,0,0,64
58,boundary,wave,wave,u*dx(v),0.00254620374271234,2,0,16,1,1.76757999674059e-14,1.50885647453399e-07,64,0
58,boundary,wave,wave,v*dy(v),0,1,0,1,1,0,0,0,64
58,boundary,wave,wave,w*dz(v),0,1,0,1,1,0,0,0,64
58,boundary,wave,wave,u*dx(w),2.12068393045448e-05,2,0,15,1,4.44089209850063e-16,1.57072472029007e-07,64,0
58,boundary,wave,wave,v*dy(w),0,1,0,1,1,0,0,0,64
58,boundary,wave,wave,w*dz(w),0,1,0,1,1,0,0,0,64
58,boundary,wave,wave,u*dx(eta),0.000203566163612548,2,0,15,1,3.77475828372553e-15,1.37196978999832e-07,64,0
58,boundary,wave,wave,v*dy(eta),0,1,0,1,1,0,0,0,64
58,boundary,wave,wave,w*dz(eta),0,1,0,1,1,0,0,0,64
58,boundary,wave,wave,w*eta*dlogN2,0,1,0,1,1,0,0,0,64
58,apv,boundary,wave,u*dx(u),0.000525310166659016,-1,0,2,0,4.14765075805772e-15,3.09074029690237e-07,6,0
58,apv,boundary,wave,v*dy(u),0,-1,0,1,0,0,0,0,6
58,apv,boundary,wave,w*dz(u),0,-1,0,1,0,0,0,0,6
58,apv,boundary,wave,u*dx(v),0.000524611882690339,-1,0,2,0,4.20472079683232e-15,2.91042544731113e-07,6,0
58,apv,boundary,wave,v*dy(v),0,-1,0,1,0,0,0,0,6
58,apv,boundary,wave,w*dz(v),0,-1,0,1,0,0,0,0,6
58,apv,boundary,wave,u*dx(w),0,-1,0,1,0,0,0,0,6
58,apv,boundary,wave,v*dy(w),0,-1,0,1,0,0,0,0,6
58,apv,boundary,wave,w*dz(w),0,-1,0,1,0,0,0,0,6
58,apv,boundary,wave,u*dx(eta),1.10864658327739e-05,-1,0,2,0,3.50830475781549e-14,2.40172792320692e-07,6,0
58,apv,boundary,wave,v*dy(eta),0,-1,0,1,0,0,0,0,6
58,apv,boundary,wave,w*dz(eta),0,-1,0,1,0,0,0,0,6
58,apv,boundary,wave,w*eta*dlogN2,0,-1,0,1,0,0,0,0,6
58,boundary,apv,wave,u*dx(u),0.000565321454218237,2,0,-1,0,5.40347509520176e-15,2.88667120915007e-07,6,0
58,boundary,apv,wave,v*dy(u),0,1,0,-1,0,0,0,0,6
58,boundary,apv,wave,w*dz(u),0,1,0,-1,0,0,0,0,6
58,boundary,apv,wave,u*dx(v),0.000564571275223932,2,0,-1,0,4.62299960665915e-15,2.71792975237162e-07,6,0
58,boundary,apv,wave,v*dy(v),0,1,0,-1,0,0,0,0,6
58,boundary,apv,wave,w*dz(v),0,1,0,-1,0,0,0,0,6
58,boundary,apv,wave,u*dx(w),0,1,0,-1,0,0,0,0,6
58,boundary,apv,wave,v*dy(w),0,1,0,-1,0,0,0,0,6
58,boundary,apv,wave,w*dz(w),0,1,0,-1,0,0,0,0,6
58,boundary,apv,wave,u*dx(eta),2.4908285779267e-05,2,0,1,0,5.24025267623074e-14,6.22810466754942e-07,6,0
58,boundary,apv,wave,v*dy(eta),0,1,0,-1,0,0,0,0,6
58,boundary,apv,wave,w*dz(eta),0,1,0,-1,0,0,0,0,6
58,boundary,apv,wave,w*eta*dlogN2,0,1,0,-1,0,0,0,0,6
58,boundary,boundary,wave,u*dx(u),0.000510239373528349,1,0,2,0,2.7103539194837e-15,4.80987168316981e-07,4,0
58,boundary,boundary,wave,v*dy(u),0,1,0,1,0,0,0,0,4
58,boundary,boundary,wave,w*dz(u),0,1,0,1,0,0,0,0,4
58,boundary,boundary,wave,u*dx(v),0.000509556028711789,1,0,2,0,2.71865905477498e-15,4.06423068755046e-07,4,0
58,boundary,boundary,wave,v*dy(v),0,1,0,1,0,0,0,0,4
58,boundary,boundary,wave,w*dz(v),0,1,0,1,0,0,0,0,4
58,boundary,boundary,wave,u*dx(w),0,1,0,1,0,0,0,0,4
58,boundary,boundary,wave,v*dy(w),0,1,0,1,0,0,0,0,4
58,boundary,boundary,wave,w*dz(w),0,1,0,1,0,0,0,0,4
58,boundary,boundary,wave,u*dx(eta),1.62907696428975e-05,2,0,1,0,5.25135490647699e-14,2.63958154556043e-07,4,0
58,boundary,boundary,wave,v*dy(eta),0,1,0,1,0,0,0,0,4
58,boundary,boundary,wave,w*dz(eta),0,1,0,1,0,0,0,0,4
58,boundary,boundary,wave,w*eta*dlogN2,0,1,0,1,0,0,0,0,4
59,wave,wave,wave,u*dx(u),0.591602577266163,15,1,16,1,1.62910795964422e-10,2.93332713674488e-08,1024,0
59,wave,wave,wave,v*dy(u),0,1,1,1,1,0,0,0,1024
59,wave,wave,wave,w*dz(u),0.592027273350957,16,1,15,1,2.86749816412746e-05,0.000324312187625742,1024,0
59,wave,wave,wave,u*dx(v),0.592241334013893,15,1,16,1,1.62910573919817e-10,1.95574463290882e-08,1024,0
59,wave,wave,wave,v*dy(v),0,1,1,1,1,0,0,0,1024
59,wave,wave,wave,w*dz(v),0.592683696505681,16,1,15,1,2.86749816412746e-05,0.000324321966621577,1024,0
59,wave,wave,wave,u*dx(w),0.00123252276501076,16,1,16,1,5.82300874185648e-11,2.93407306228843e-08,1024,0
59,wave,wave,wave,v*dy(w),0,1,1,1,1,0,0,0,1024
59,wave,wave,wave,w*dz(w),0.00123252257484151,16,1,16,1,5.82298653739599e-11,3.91068082361556e-08,1024,0
59,wave,wave,wave,u*dx(eta),0.0712950846629078,16,1,16,1,3.82756271122275e-10,1.95595262209025e-08,1024,0
59,wave,wave,wave,v*dy(eta),0,1,1,1,1,0,0,0,1024
59,wave,wave,wave,w*dz(eta),0.0712950492127371,16,1,16,1,3.82756160099973e-10,2.93255185690455e-08,1024,0
59,wave,wave,wave,w*eta*dlogN2,0.0609358710042253,16,1,16,1,6.30679952706714e-11,2.93052625499612e-08,1024,0
59,wave,apv,wave,u*dx(u),0,1,1,-1,0,0,0,0,96
59,wave,apv,wave,v*dy(u),0,1,1,-1,0,0,0,0,96
59,wave,apv,wave,w*dz(u),0,1,1,-1,0,0,0,0,96
59,wave,apv,wave,u*dx(v),0.00340676338039337,16,1,2,0,4.44876184541017e-14,3.27208472604212e-07,96,0
59,wave,apv,wave,v*dy(v),0,1,1,-1,0,0,0,0,96
59,wave,apv,wave,w*dz(v),0.0098141605687178,16,1,2,0,7.096545573404e-13,4.838156257847e-07,96,0
59,wave,apv,wave,u*dx(w),0,1,1,-1,0,0,0,0,96
59,wave,apv,wave,v*dy(w),0,1,1,-1,0,0,0,0,96
59,wave,apv,wave,w*dz(w),0,1,1,-1,0,0,0,0,96
59,wave,apv,wave,u*dx(eta),0.0008879567766109,16,1,2,0,6.54254428411605e-13,4.97385020836738e-07,96,0
59,wave,apv,wave,v*dy(eta),0,1,1,-1,0,0,0,0,96
59,wave,apv,wave,w*dz(eta),0.000364364682858897,16,1,2,0,7.65068719488227e-09,6.51733581324976e-07,96,0
59,wave,apv,wave,w*eta*dlogN2,0.00989251328871747,16,1,2,0,4.08895139969445e-13,4.88590286229496e-07,96,0
59,apv,wave,wave,u*dx(u),0.00339069712583586,2,0,16,1,4.42206187573874e-14,3.20479574565035e-07,96,0
59,apv,wave,wave,v*dy(u),0,-1,0,1,1,0,0,0,96
59,apv,wave,wave,w*dz(u),0,-1,0,1,1,0,0,0,96
59,apv,wave,wave,u*dx(v),0.00340677752293252,2,0,16,1,4.45535883577723e-14,3.27210256524673e-07,96,0
59,apv,wave,wave,v*dy(v),0,-1,0,1,1,0,0,0,96
59,apv,wave,wave,w*dz(v),0,-1,0,1,1,0,0,0,96
59,apv,wave,wave,u*dx(w),6.11255912057824e-05,2,0,15,1,9.99200722162641e-16,2.22434809016292e-07,96,0
59,apv,wave,wave,v*dy(w),0,-1,0,1,1,0,0,0,96
59,apv,wave,wave,w*dz(w),0,-1,0,1,1,0,0,0,96
59,apv,wave,wave,u*dx(eta),0.0003650175553473,2,0,16,1,1.25455201782643e-14,3.5497364456534e-07,96,0
59,apv,wave,wave,v*dy(eta),0,-1,0,1,1,0,0,0,96
59,apv,wave,wave,w*dz(eta),0,-1,0,1,1,0,0,0,96
59,apv,wave,wave,w*eta*dlogN2,0,-1,0,1,1,0,0,0,96
59,wave,boundary,wave,u*dx(u),0,1,1,1,0,0,0,0,64
59,wave,boundary,wave,v*dy(u),0,1,1,1,0,0,0,0,64
59,wave,boundary,wave,w*dz(u),0,1,1,1,0,0,0,0,64
59,wave,boundary,wave,u*dx(v),0.00279863668592638,16,1,2,0,2.1190141552613e-14,1.73115009476445e-07,64,0
59,wave,boundary,wave,v*dy(v),0,1,1,1,0,0,0,0,64
59,wave,boundary,wave,w*dz(v),0.00543798180158722,16,1,2,0,5.18782369557874e-13,4.03011324423552e-07,64,0
59,wave,boundary,wave,u*dx(w),0,1,1,1,0,0,0,0,64
59,wave,boundary,wave,v*dy(w),0,1,1,1,0,0,0,0,64
59,wave,boundary,wave,w*dz(w),0,1,1,1,0,0,0,0,64
59,wave,boundary,wave,u*dx(eta),0.000497834577724252,16,1,2,0,2.13939976845268e-13,3.24312632860035e-07,64,0
59,wave,boundary,wave,v*dy(eta),0,1,1,1,0,0,0,0,64
59,wave,boundary,wave,w*dz(eta),0.000330421370631314,15,1,2,0,9.57744328289323e-10,1.31249100920883e-07,64,0
59,wave,boundary,wave,w*eta*dlogN2,0.00890272406758195,16,1,2,0,3.0409008644483e-13,4.04929174968593e-07,64,0
59,boundary,wave,wave,u*dx(u),0.00254878303471356,2,0,16,1,1.75756121401959e-14,1.47943220499311e-07,64,0
59,boundary,wave,wave,v*dy(u),0,1,0,1,1,0,0,0,64
59,boundary,wave,wave,w*dz(u),0,1,0,1,1,0,0,0,64
59,boundary,wave,wave,u*dx(v),0.00257015136815389,2,0,16,1,1.7666028170285e-14,1.57305371832424e-07,64,0
59,boundary,wave,wave,v*dy(v),0,1,0,1,1,0,0,0,64
59,boundary,wave,wave,w*dz(v),0,1,0,1,1,0,0,0,64
59,boundary,wave,wave,u*dx(w),3.64711551907671e-05,2,0,15,1,6.66133814775094e-16,1.57086383678617e-07,64,0
59,boundary,wave,wave,v*dy(w),0,1,0,1,1,0,0,0,64
59,boundary,wave,wave,w*dz(w),0,1,0,1,1,0,0,0,64
59,boundary,wave,wave,u*dx(eta),0.000311493194661675,2,0,15,1,3.5527136788005e-15,1.37203818417753e-07,64,0
59,boundary,wave,wave,v*dy(eta),0,1,0,1,1,0,0,0,64
59,boundary,wave,wave,w*dz(eta),0,1,0,1,1,0,0,0,64
59,boundary,wave,wave,w*eta*dlogN2,0,1,0,1,1,0,0,0,64
59,apv,boundary,wave,u*dx(u),0,-1,0,1,0,0,0,0,6
59,apv,boundary,wave,v*dy(u),0,-1,0,1,0,0,0,0,6
59,apv,boundary,wave,w*dz(u),0,-1,0,1,0,0,0,0,6
59,apv,boundary,wave,u*dx(v),0.000590158365386903,2,0,2,0,5.80229355497784e-15,2.67775430495831e-07,6,0
59,apv,boundary,wave,v*dy(v),0,-1,0,1,0,0,0,0,6
59,apv,boundary,wave,w*dz(v),0,-1,0,1,0,0,0,0,6
59,apv,boundary,wave,u*dx(w),0,-1,0,1,0,0,0,0,6
59,apv,boundary,wave,v*dy(w),0,-1,0,1,0,0,0,0,6
59,apv,boundary,wave,w*dz(w),0,-1,0,1,0,0,0,0,6
59,apv,boundary,wave,u*dx(eta),2.39283029349366e-05,2,0,2,0,5.6843418860808e-14,3.48750239131945e-07,6,0
59,apv,boundary,wave,v*dy(eta),0,-1,0,1,0,0,0,0,6
59,apv,boundary,wave,w*dz(eta),0,-1,0,1,0,0,0,0,6
59,apv,boundary,wave,w*eta*dlogN2,0,-1,0,1,0,0,0,0,6
59,boundary,apv,wave,u*dx(u),0,1,0,-1,0,0,0,0,6
59,boundary,apv,wave,v*dy(u),0,1,0,-1,0,0,0,0,6
59,boundary,apv,wave,w*dz(u),0,1,0,-1,0,0,0,0,6
59,boundary,apv,wave,u*dx(v),0.000564576488707652,2,0,-1,0,4.76271713937136e-15,2.71792975237162e-07,6,0
59,boundary,apv,wave,v*dy(v),0,1,0,-1,0,0,0,0,6
59,boundary,apv,wave,w*dz(v),0,1,0,-1,0,0,0,0,6
59,boundary,apv,wave,u*dx(w),0,1,0,-1,0,0,0,0,6
59,boundary,apv,wave,v*dy(w),0,1,0,-1,0,0,0,0,6
59,boundary,apv,wave,w*dz(w),0,1,0,-1,0,0,0,0,6
59,boundary,apv,wave,u*dx(eta),4.11810873857697e-05,2,0,1,0,5.24025267623074e-14,6.22810466754942e-07,6,0
59,boundary,apv,wave,v*dy(eta),0,1,0,-1,0,0,0,0,6
59,boundary,apv,wave,w*dz(eta),0,1,0,-1,0,0,0,0,6
59,boundary,apv,wave,w*eta*dlogN2,0,1,0,-1,0,0,0,0,6
59,boundary,boundary,wave,u*dx(u),0,1,0,1,0,0,0,0,4
59,boundary,boundary,wave,v*dy(u),0,1,0,1,0,0,0,0,4
59,boundary,boundary,wave,w*dz(u),0,1,0,1,0,0,0,0,4
59,boundary,boundary,wave,u*dx(v),0.000531280091831369,2,0,1,0,2.86182464935641e-15,3.16259028965149e-07,4,0
59,boundary,boundary,wave,v*dy(v),0,1,0,1,0,0,0,0,4
59,boundary,boundary,wave,w*dz(v),0,1,0,1,0,0,0,0,4
59,boundary,boundary,wave,u*dx(w),0,1,0,1,0,0,0,0,4
59,boundary,boundary,wave,v*dy(w),0,1,0,1,0,0,0,0,4
59,boundary,boundary,wave,w*dz(w),0,1,0,1,0,0,0,0,4
59,boundary,boundary,wave,u*dx(eta),3.46626719823227e-05,2,0,1,0,7.33857419277228e-14,3.93122226351968e-07,4,0
59,boundary,boundary,wave,v*dy(eta),0,1,0,1,0,0,0,0,4
59,boundary,boundary,wave,w*dz(eta),0,1,0,1,0,0,0,0,4
59,boundary,boundary,wave,w*eta*dlogN2,0,1,0,1,0,0,0,0,4
60,wave,wave,wave,u*dx(u),0.592907660756006,16,1,15,1,1.62904800760089e-10,2.92676226587574e-08,1024,0
60,wave,wave,wave,v*dy(u),0.592907660756006,16,1,15,1,1.62905022804694e-10,3.90343101175361e-08,1024,0
60,wave,wave,wave,w*dz(u),0.593369514751884,16,1,15,1,1.24230481857168e-06,2.88111700312843e-05,1024,0
60,wave,wave,wave,u*dx(v),0.590251816639647,16,1,15,1,1.62904800760089e-10,2.92663356882272e-08,1024,0
60,wave,wave,wave,v*dy(v),0.590251816639647,16,1,15,1,1.62904800760089e-10,3.90330230359837e-08,1024,0
60,wave,wave,wave,w*dz(v),0.590640781514005,16,1,15,1,1.24230481857168e-06,2.88111713186989e-05,1024,0
60,wave,wave,wave,u*dx(w),0.00143266905882691,16,1,16,1,5.82345283106633e-11,2.92752621033898e-08,1024,0
60,wave,wave,wave,v*dy(w),0.00143266905882691,16,1,16,1,5.82344172883609e-11,3.90419497842132e-08,1024,0
60,wave,wave,wave,w*dz(w),0.0014326699801559,16,1,16,1,5.82345283106633e-11,3.90418336548848e-08,1024,0
60,wave,wave,wave,u*dx(eta),0.0827005271922261,16,1,16,1,3.82782028296447e-10,1.95225642318775e-08,1024,0
60,wave,wave,wave,v*dy(eta),0.0827005271922261,16,1,16,1,3.82781806251842e-10,2.92892520237231e-08,1024,0
60,wave,wave,wave,w*dz(eta),0.0827006983302951,16,1,16,1,3.82782250341052e-10,2.92891606523682e-08,1024,0
60,wave,wave,wave,w*eta*dlogN2,0.0688053530336888,16,1,16,1,6.30698826498133e-11,2.92683044467168e-08,1024,0
60,wave,apv,wave,u*dx(u),0.00342339232039724,16,1,2,0,4.44724090774802e-14,3.34067867994486e-07,96,0
60,wave,apv,wave,v*dy(u),0.00342339232039736,16,1,2,0,4.4967842683646e-14,3.34067864802415e-07,96,0
60,wave,apv,wave,w*dz(u),0.00982460756519932,16,1,2,0,7.096545573404e-13,4.8405829609155e-07,96,0
60,wave,apv,wave,u*dx(v),0.00336583262587175,16,1,2,0,4.35525979907601e-14,3.12550313395381e-07,96,0
60,wave,apv,wave,v*dy(v),0.00336583262587131,16,1,2,0,4.33732262424388e-14,3.12550309048253e-07,96,0
60,wave,apv,wave,w*dz(v),0.00978300711707392,16,1,2,0,7.096545573404e-13,4.838156257847e-07,96,0
60,wave,apv,wave,u*dx(w),0,1,1,-1,0,0,0,0,96
60,wave,apv,wave,v*dy(w),0,1,1,-1,0,0,0,0,96
60,wave,apv,wave,w*dz(w),0,1,1,-1,0,0,0,0,96
60,wave,apv,wave,u*dx(eta),0.00102027226868325,16,1,2,0,6.54254428411605e-13,4.97385020836738e-07,96,0
60,wave,apv,wave,v*dy(eta),0.00102027226868327,16,1,2,0,6.5447647301653e-13,4.97382019126746e-07,96,0
60,wave,apv,wave,w*dz(eta),0.000412764172089501,16,1,2,0,7.65068719488227e-09,6.51733581324976e-07,96,0
60,wave,apv,wave,w*eta*dlogN2,0.0112734657117311,16,1,2,0,4.08895139969445e-13,4.88590286229496e-07,96,0
60,apv,wave,wave,u*dx(u),0.00342333313616848,2,0,16,1,4.47569408067726e-14,3.34060481274158e-07,96,0
60,apv,wave,wave,v*dy(u),0,-1,0,1,1,0,0,0,96
60,apv,wave,wave,w*dz(u),0,-1,0,1,1,0,0,0,96
60,apv,wave,wave,u*dx(v),0.00336577434760118,2,0,16,1,4.37162869034537e-14,3.12551127534293e-07,96,0
60,apv,wave,wave,v*dy(v),0,-1,0,1,1,0,0,0,96
60,apv,wave,wave,w*dz(v),0,-1,0,1,1,0,0,0,96
60,apv,wave,wave,u*dx(w),7.10409657017804e-05,2,0,15,1,1.11022302462516e-15,2.22673703476062e-07,96,0
60,apv,wave,wave,v*dy(w),0,-1,0,1,1,0,0,0,96
60,apv,wave,wave,w*dz(w),0,-1,0,1,1,0,0,0,96
60,apv,wave,wave,u*dx(eta),0.000413532290458331,2,0,16,1,1.25455201782643e-14,3.72098348222295e-07,96,0
60,apv,wave,wave,v*dy(eta),0,-1,0,1,1,0,0,0,96
60,apv,wave,wave,w*dz(eta),0,-1,0,1,1,0,0,0,96
60,apv,wave,wave,w*eta*dlogN2,0,-1,0,1,1,0,0,0,96
60,wave,boundary,wave,u*dx(u),0.00167348966774931,16,1,2,0,1.09048290665419e-14,8.85089837832025e-08,64,0
60,wave,boundary,wave,v*dy(u),0.00167348966774978,16,1,2,0,1.09899551884145e-14,9.0401436935296e-08,64,0
60,wave,boundary,wave,w*dz(u),0.00334651502932315,16,1,2,0,2.73223721045099e-13,1.56750890818917e-07,64,0
60,wave,boundary,wave,u*dx(v),0.00162301437283369,16,1,2,0,1.04740828737014e-14,7.29078069028333e-08,64,0
60,wave,boundary,wave,v*dy(v),0.00162301437283383,16,1,2,0,1.07085823172392e-14,8.26744941395674e-08,64,0
60,wave,boundary,wave,w*dz(v),0.00333199102989678,16,1,2,0,2.72146149966403e-13,1.08183204616807e-07,64,0
60,wave,boundary,wave,u*dx(w),0,1,1,1,0,0,0,0,64
60,wave,boundary,wave,v*dy(w),0,1,1,1,0,0,0,0,64
60,wave,boundary,wave,w*dz(w),0,1,1,1,0,0,0,0,64
60,wave,boundary,wave,u*dx(eta),0.000356310312725735,16,1,2,0,9.79216707719388e-14,7.89005485390959e-08,64,0
60,wave,boundary,wave,v*dy(eta),0.000356310312725686,16,1,2,0,9.76996261670138e-14,8.86672355537854e-08,64,0
60,wave,boundary,wave,w*dz(eta),0.000234931408271876,15,1,2,0,2.05168548816914e-10,6.27773225625461e-08,64,0
60,wave,boundary,wave,w*eta*dlogN2,0.0144206559479217,16,1,2,0,2.85327317328665e-13,1.12353581438462e-07,64,0
60,boundary,wave,wave,u*dx(u),0.0025921080680888,2,0,16,1,1.78933701859219e-14,1.70570922678943e-07,64,0
60,boundary,wave,wave,v*dy(u),0,1,0,1,1,0,0,0,64
60,boundary,wave,wave,w*dz(u),0,1,0,1,1,0,0,0,64
60,boundary,wave,wave,u*dx(v),0.0025172540194691,2,0,16,1,1.73796575616237e-14,1.46889182674342e-07,64,0
60,boundary,wave,wave,v*dy(v),0,1,0,1,1,0,0,0,64
60,boundary,wave,wave,w*dz(v),0,1,0,1,1,0,0,0,64
60,boundary,wave,wave,u*dx(w),4.23885441544195e-05,2,0,15,1,6.66133814775094e-16,1.57030023761884e-07,64,0
60,boundary,wave,wave,v*dy(w),0,1,0,1,1,0,0,0,64
60,boundary,wave,wave,w*dz(w),0,1,0,1,1,0,0,0,64
60,boundary,wave,wave,u*dx(eta),0.000349374582149993,2,0,15,1,3.5527136788005e-15,1.37180338311005e-07,64,0
60,boundary,wave,wave,v*dy(eta),0,1,0,1,1,0,0,0,64
60,boundary,wave,wave,w*dz(eta),0,1,0,1,1,0,0,0,64
60,boundary,wave,wave,w*eta*dlogN2,0,1,0,1,1,0,0,0,64
60,apv,boundary,wave,u*dx(u),0.00039650218058618,-1,0,2,0,2.73928202591429e-15,3.41272126397478e-07,6,0
60,apv,boundary,wave,v*dy(u),0,-1,0,1,0,0,0,0,6
60,apv,boundary,wave,w*dz(u),0,-1,0,1,0,0,0,0,6
60,apv,boundary,wave,u*dx(v),0.000394419514765103,-1,0,2,0,2.61544637210752e-15,3.30513364232843e-07,6,0
60,apv,boundary,wave,v*dy(v),0,-1,0,1,0,0,0,0,6
60,apv,boundary,wave,w*dz(v),0,-1,0,1,0,0,0,0,6
60,apv,boundary,wave,u*dx(w),0,-1,0,1,0,0,0,0,6
60,apv,boundary,wave,v*dy(w),0,-1,0,1,0,0,0,0,6
60,apv,boundary,wave,w*dz(w),0,-1,0,1,0,0,0,0,6
60,apv,boundary,wave,u*dx(eta),1.64712427361315e-05,-1,0,2,0,1.85212777524747e-14,3.23847391792143e-07,6,0
60,apv,boundary,wave,v*dy(eta),0,-1,0,1,0,0,0,0,6
60,apv,boundary,wave,w*dz(eta),0,-1,0,1,0,0,0,0,6
60,apv,boundary,wave,w*eta*dlogN2,0,-1,0,1,0,0,0,0,6
60,boundary,apv,wave,u*dx(u),0.00056531497135848,2,0,-1,0,4.69210878182665e-15,2.88387494241701e-07,6,0
60,boundary,apv,wave,v*dy(u),0,1,0,-1,0,0,0,0,6
60,boundary,apv,wave,w*dz(u),0,1,0,-1,0,0,0,0,6
60,boundary,apv,wave,u*dx(v),0.000562364220016882,2,0,-1,0,4.62044614932571e-15,2.71792975237162e-07,6,0
60,boundary,apv,wave,v*dy(v),0,1,0,-1,0,0,0,0,6
60,boundary,apv,wave,w*dz(v),0,1,0,-1,0,0,0,0,6
60,boundary,apv,wave,u*dx(w),0,1,0,-1,0,0,0,0,6
60,boundary,apv,wave,v*dy(w),0,1,0,-1,0,0,0,0,6
60,boundary,apv,wave,w*dz(w),0,1,0,-1,0,0,0,0,6
60,boundary,apv,wave,u*dx(eta),4.73051823227527e-05,2,0,1,0,5.24025267623074e-14,6.22810466754942e-07,6,0
60,boundary,apv,wave,v*dy(eta),0,1,0,-1,0,0,0,0,6
60,boundary,apv,wave,w*dz(eta),0,1,0,-1,0,0,0,0,6
60,boundary,apv,wave,w*eta*dlogN2,0,1,0,-1,0,0,0,0,6
60,boundary,boundary,wave,u*dx(u),0.000449382957529932,1,0,2,0,2.62264280436025e-15,5.57023332062023e-07,4,0
60,boundary,boundary,wave,v*dy(u),0,1,0,1,0,0,0,0,4
60,boundary,boundary,wave,w*dz(u),0,1,0,1,0,0,0,0,4
60,boundary,boundary,wave,u*dx(v),0.000447028660036324,1,0,2,0,2.52904134704803e-15,5.00593629659818e-07,4,0
60,boundary,boundary,wave,v*dy(v),0,1,0,1,0,0,0,0,4
60,boundary,boundary,wave,w*dz(v),0,1,0,1,0,0,0,0,4
60,boundary,boundary,wave,u*dx(w),0,1,0,1,0,0,0,0,4
60,boundary,boundary,wave,v*dy(w),0,1,0,1,0,0,0,0,4
60,boundary,boundary,wave,w*dz(w),0,1,0,1,0,0,0,0,4
60,boundary,boundary,wave,u*dx(eta),2.03106668953112e-05,2,0,1,0,2.30926389122033e-14,4.17606035085782e-07,4,0
60,boundary,boundary,wave,v*dy(eta),0,1,0,1,0,0,0,0,4
60,boundary,boundary,wave,w*dz(eta),0,1,0,1,0,0,0,0,4
60,boundary,boundary,wave,w*eta*dlogN2,0,1,0,1,0,0,0,0,4
61,wave,wave,wave,u*dx(u),0.591613157066139,16,1,15,1,1.62906133027718e-10,2.92824715586448e-08,1024,0
61,wave,wave,wave,v*dy(u),0,1,1,1,1,0,0,0,1024
61,wave,wave,wave,w*dz(u),0.592039660558977,16,1,15,1,3.48190318821828e-06,8.08060727042204e-05,1024,0
61,wave,wave,wave,u*dx(v),0.590263876160693,16,1,15,1,1.62906577116928e-10,1.9528359596066e-08,1024,0
61,wave,wave,wave,v*dy(v),0,1,1,1,1,0,0,0,1024
61,wave,wave,wave,w*dz(v),0.590653767867419,16,1,15,1,3.48190318832931e-06,8.08158276051074e-05,1024,0
61,wave,wave,wave,u*dx(w),0.00174855156711603,16,1,16,1,5.82326409315215e-11,2.9289719982728e-08,1024,0
61,wave,wave,wave,v*dy(w),0,1,1,1,1,0,0,0,1024
61,wave,wave,wave,w*dz(w),0.00174855214095702,16,1,16,1,5.82328629761264e-11,3.90563120733489e-08,1024,0
61,wave,wave,wave,u*dx(eta),0.100575094469327,16,1,16,1,3.8277181424462e-10,1.95301712579976e-08,1024,0
61,wave,wave,wave,v*dy(eta),0,1,1,1,1,0,0,0,1024
61,wave,wave,wave,w*dz(eta),0.100575200440544,16,1,16,1,3.82772036289225e-10,2.92966261250527e-08,1024,0
61,wave,wave,wave,w*eta*dlogN2,0.0807484187458291,16,1,16,1,6.30689944713936e-11,2.9275893154157e-08,1024,0
61,wave,apv,wave,u*dx(u),0,1,1,-1,0,0,0,0,96
61,wave,apv,wave,v*dy(u),0,1,1,-1,0,0,0,0,96
61,wave,apv,wave,w*dz(u),0,1,1,-1,0,0,0,0,96
61,wave,apv,wave,u*dx(v),0.00337556473654362,16,1,2,0,4.41410359997807e-14,3.12733283554823e-07,96,0
61,wave,apv,wave,v*dy(v),0,1,1,-1,0,0,0,0,96
61,wave,apv,wave,w*dz(v),0.00978337284783242,16,1,2,0,7.096545573404e-13,4.838156257847e-07,96,0
61,wave,apv,wave,u*dx(w),0,1,1,-1,0,0,0,0,96
61,wave,apv,wave,v*dy(w),0,1,1,-1,0,0,0,0,96
61,wave,apv,wave,w*dz(w),0,1,1,-1,0,0,0,0,96
61,wave,apv,wave,u*dx(eta),0.00122605145610255,16,1,2,0,6.54254428411605e-13,4.97385020836738e-07,96,0
61,wave,apv,wave,v*dy(eta),0,1,1,-1,0,0,0,0,96
61,wave,apv,wave,w*dz(eta),0.000487356830712133,16,1,2,0,7.65068719488227e-09,6.51733581324976e-07,96,0
61,wave,apv,wave,w*eta*dlogN2,0.0133978287983803,16,1,2,0,4.08895139969445e-13,4.88590286229496e-07,96,0
61,apv,wave,wave,u*dx(u),0.00339997115043801,2,0,16,1,4.3872218098016e-14,3.22447310041543e-07,96,0
61,apv,wave,wave,v*dy(u),0,-1,0,1,1,0,0,0,96
61,apv,wave,wave,w*dz(u),0,-1,0,1,1,0,0,0,96
61,apv,wave,wave,u*dx(v),0.00337553494531348,2,0,16,1,4.36956276962559e-14,3.12733655227642e-07,96,0
61,apv,wave,wave,v*dy(v),0,-1,0,1,1,0,0,0,96
61,apv,wave,wave,w*dz(v),0,-1,0,1,1,0,0,0,96
61,apv,wave,wave,u*dx(w),8.66789083303615e-05,2,0,15,1,1.22124532708767e-15,2.22590732956718e-07,96,0
61,apv,wave,wave,v*dy(w),0,-1,0,1,1,0,0,0,96
61,apv,wave,wave,w*dz(w),0,-1,0,1,1,0,0,0,96
61,apv,wave,wave,u*dx(eta),0.000488294448966714,2,0,16,1,1.24344978758018e-14,3.9091577259975e-07,96,0
61,apv,wave,wave,v*dy(eta),0,-1,0,1,1,0,0,0,96
61,apv,wave,wave,w*dz(eta),0,-1,0,1,1,0,0,0,96
61,apv,wave,wave,w*eta*dlogN2,0,-1,0,1,1,0,0,0,96
61,wave,boundary,wave,u*dx(u),0,1,1,1,0,0,0,0,64
61,wave,boundary,wave,v*dy(u),0,1,1,1,0,0,0,0,64
61,wave,boundary,wave,w*dz(u),0,1,1,1,0,0,0,0,64
61,wave,boundary,wave,u*dx(v),0.00202247107587343,16,1,2,0,1.28691500482951e-14,1.00419431714024e-07,64,0
61,wave,boundary,wave,v*dy(v),0,1,1,1,0,0,0,0,64
61,wave,boundary,wave,w*dz(v),0.00404673210449896,16,1,2,0,3.50181774424734e-13,1.64466062213542e-07,64,0
61,wave,boundary,wave,u*dx(w),0,1,1,1,0,0,0,0,64
61,wave,boundary,wave,v*dy(w),0,1,1,1,0,0,0,0,64
61,wave,boundary,wave,w*dz(w),0,1,1,1,0,0,0,0,64
61,wave,boundary,wave,u*dx(eta),0.000517588429757667,16,1,2,0,1.08357767203415e-13,1.14748540003262e-07,64,0
61,wave,boundary,wave,v*dy(eta),0,1,1,1,0,0,0,0,64
61,wave,boundary,wave,w*dz(eta),0.000332928018969866,15,1,2,0,3.33615135517107e-10,8.48119637852918e-08,64,0
61,wave,boundary,wave,w*eta*dlogN2,0.0155868817250952,16,1,2,0,3.00759417370955e-13,1.6574585259832e-07,64,0
61,boundary,wave,wave,u*dx(u),0.00256273709857576,2,0,16,1,1.76578493167805e-14,1.54445097406237e-07,64,0
61,boundary,wave,wave,v*dy(u),0,1,0,1,1,0,0,0,64
61,boundary,wave,wave,w*dz(u),0,1,0,1,1,0,0,0,64
61,boundary,wave,wave,u*dx(v),0.00253187951174595,2,0,16,1,1.74937609665226e-14,1.4690188291095e-07,64,0
61,boundary,wave,wave,v*dy(v),0,1,0,1,1,0,0,0,64
61,boundary,wave,wave,w*dz(v),0,1,0,1,1,0,0,0,64
61,boundary,wave,wave,u*dx(w),5.17213642258792e-05,2,0,15,1,4.44089209850063e-16,1.57040902615257e-07,64,0
61,boundary,wave,wave,v*dy(w),0,1,0,1,1,0,0,0,64
61,boundary,wave,wave,w*dz(w),0,1,0,1,1,0,0,0,64
61,boundary,wave,wave,u*dx(eta),0.000406730950907063,2,0,15,1,3.77475828372553e-15,1.37182641912759e-07,64,0
61,boundary,wave,wave,v*dy(eta),0,1,0,1,1,0,0,0,64
61,boundary,wave,wave,w*dz(eta),0,1,0,1,1,0,0,0,64
61,boundary,wave,wave,w*eta*dlogN2,0,1,0,1,1,0,0,0,64
61,apv,boundary,wave,u*dx(u),0,-1,0,1,0,0,0,0,6
61,apv,boundary,wave,v*dy(u),0,-1,0,1,0,0,0,0,6
61,apv,boundary,wave,w*dz(u),0,-1,0,1,0,0,0,0,6
61,apv,boundary,wave,u*dx(v),0.000475422250910721,-1,0,2,0,3.31760359602411e-15,3.06847081077422e-07,6,0
61,apv,boundary,wave,v*dy(v),0,-1,0,1,0,0,0,0,6
61,apv,boundary,wave,w*dz(v),0,-1,0,1,0,0,0,0,6
61,apv,boundary,wave,u*dx(w),0,-1,0,1,0,0,0,0,6
61,apv,boundary,wave,v*dy(w),0,-1,0,1,0,0,0,0,6
61,apv,boundary,wave,w*dz(w),0,-1,0,1,0,0,0,0,6
61,apv,boundary,wave,u*dx(eta),2.38742483133943e-05,-1,0,2,0,2.57571741713036e-14,2.72721889071903e-07,6,0
61,apv,boundary,wave,v*dy(eta),0,-1,0,1,0,0,0,0,6
61,apv,boundary,wave,w*dz(eta),0,-1,0,1,0,0,0,0,6
61,apv,boundary,wave,w*eta*dlogN2,0,-1,0,1,0,0,0,0,6
61,boundary,apv,wave,u*dx(u),0,1,0,-1,0,0,0,0,6
61,boundary,apv,wave,v*dy(u),0,1,0,-1,0,0,0,0,6
61,boundary,apv,wave,w*dz(u),0,1,0,-1,0,0,0,0,6
61,boundary,apv,wave,u*dx(v),0.00056239156746284,2,0,-1,0,4.63165828119418e-15,2.71792975237162e-07,6,0
61,boundary,apv,wave,v*dy(v),0,1,0,-1,0,0,0,0,6
61,boundary,apv,wave,w*dz(v),0,1,0,-1,0,0,0,0,6
61,boundary,apv,wave,u*dx(w),0,1,0,-1,0,0,0,0,6
61,boundary,apv,wave,v*dy(w),0,1,0,-1,0,0,0,0,6
61,boundary,apv,wave,w*dz(w),0,1,0,-1,0,0,0,0,6
61,boundary,apv,wave,u*dx(eta),5.68197633530132e-05,2,0,1,0,5.24025267623074e-14,6.22810466754942e-07,6,0
61,boundary,apv,wave,v*dy(eta),0,1,0,-1,0,0,0,0,6
61,boundary,apv,wave,w*dz(eta),0,1,0,-1,0,0,0,0,6
61,boundary,apv,wave,w*eta*dlogN2,0,1,0,-1,0,0,0,0,6
61,boundary,boundary,wave,u*dx(u),0,1,0,1,0,0,0,0,4
61,boundary,boundary,wave,v*dy(u),0,1,0,1,0,0,0,0,4
61,boundary,boundary,wave,w*dz(u),0,1,0,1,0,0,0,0,4
61,boundary,boundary,wave,u*dx(v),0.000502098176747004,1,0,2,0,2.52639161874317e-15,4.47702166228581e-07,4,0
61,boundary,boundary,wave,v*dy(v),0,1,0,1,0,0,0,0,4
61,boundary,boundary,wave,w*dz(v),0,1,0,1,0,0,0,0,4
61,boundary,boundary,wave,u*dx(w),0,1,0,1,0,0,0,0,4
61,boundary,boundary,wave,v*dy(w),0,1,0,1,0,0,0,0,4
61,boundary,boundary,wave,w*dz(w),0,1,0,1,0,0,0,0,4
61,boundary,boundary,wave,u*dx(eta),3.2775436893297e-05,2,0,1,0,4.00790511889682e-14,2.37352290044512e-07,4,0
61,boundary,boundary,wave,v*dy(eta),0,1,0,1,0,0,0,0,4
61,boundary,boundary,wave,w*dz(eta),0,1,0,1,0,0,0,0,4
61,boundary,boundary,wave,w*eta*dlogN2,0,1,0,1,0,0,0,0,4
62,wave,wave,wave,u*dx(u),0.591603345189947,16,1,15,1,1.62903912581669e-10,3.9051654465716e-08,1024,0
62,wave,wave,wave,v*dy(u),0,1,1,1,1,0,0,0,1024
62,wave,wave,wave,w*dz(u),0.592028760484271,16,1,15,1,3.48201010669236e-06,8.08081655148118e-05,1024,0
62,wave,wave,wave,u*dx(v),0.592242104667397,16,1,15,1,1.62903690537064e-10,2.92975422810926e-08,1024,0
62,wave,wave,wave,v*dy(v),0,1,1,1,1,0,0,0,1024
62,wave,wave,wave,w*dz(v),0.592685187691012,16,1,15,1,3.4820101069144e-06,8.08179204154769e-05,1024,0
62,wave,wave,wave,u*dx(w),0.00123252107402424,16,1,16,1,5.82337511545461e-11,3.90589126597618e-08,1024,0
62,wave,wave,wave,v*dy(w),0,1,1,1,1,0,0,0,1024
62,wave,wave,wave,w*dz(w),0.00123252128003714,16,1,16,1,5.82335291099412e-11,3.9062059919992e-08,1024,0
62,wave,wave,wave,u*dx(eta),0.0712951816899623,16,1,16,1,3.82776921270533e-10,2.92992317074692e-08,1024,0
62,wave,wave,wave,v*dy(eta),0,1,1,1,1,0,0,0,1024
62,wave,wave,wave,w*dz(eta),0.0712952200944338,16,1,16,1,3.82777032292836e-10,2.93023723063612e-08,1024,0
62,wave,wave,wave,w*eta*dlogN2,0.060935660627802,16,1,16,1,6.30694385606034e-11,2.92816294544807e-08,1024,0
62,wave,apv,wave,u*dx(u),0,1,1,-1,0,0,0,0,96
62,wave,apv,wave,v*dy(u),0,1,1,-1,0,0,0,0,96
62,wave,apv,wave,w*dz(u),0,1,1,-1,0,0,0,0,96
62,wave,apv,wave,u*dx(v),0.00340674864863189,16,1,2,0,4.44248591454169e-14,3.27206696983672e-07,96,0
62,wave,apv,wave,v*dy(v),0,1,1,-1,0,0,0,0,96
62,wave,apv,wave,w*dz(v),0.00981416392996559,16,1,2,0,7.09876601945325e-13,4.83822918839749e-07,96,0
62,wave,apv,wave,u*dx(w),0,1,1,-1,0,0,0,0,96
62,wave,apv,wave,v*dy(w),0,1,1,-1,0,0,0,0,96
62,wave,apv,wave,w*dz(w),0,1,1,-1,0,0,0,0,96
62,wave,apv,wave,u*dx(eta),0.000887957037753405,16,1,2,0,6.54587495318992e-13,4.97382226294363e-07,96,0
62,wave,apv,wave,v*dy(eta),0,1,1,-1,0,0,0,0,96
62,wave,apv,wave,w*dz(eta),0.000364365779162863,16,1,2,0,7.65073582265074e-09,6.51733799816867e-07,96,0
62,wave,apv,wave,w*eta*dlogN2,0.00989249940774227,16,1,2,0,4.0867309536452e-13,4.88597093228904e-07,96,0
62,apv,wave,wave,u*dx(u),0.00339065311703011,2,0,16,1,4.43467484162912e-14,3.20474270941639e-07,96,0
62,apv,wave,wave,v*dy(u),0,-1,0,1,1,0,0,0,96
62,apv,wave,wave,w*dz(u),0,-1,0,1,1,0,0,0,96
62,apv,wave,wave,u*dx(v),0.00340673332763658,2,0,16,1,4.40732895311876e-14,3.27204812295762e-07,96,0
62,apv,wave,wave,v*dy(v),0,-1,0,1,1,0,0,0,96
62,apv,wave,wave,w*dz(v),0,-1,0,1,1,0,0,0,96
62,apv,wave,wave,u*dx(w),6.11257227786085e-05,2,0,15,1,1.22124532708767e-15,2.22590732956718e-07,96,0
62,apv,wave,wave,v*dy(w),0,-1,0,1,1,0,0,0,96
62,apv,wave,wave,w*dz(w),0,-1,0,1,1,0,0,0,96
62,apv,wave,wave,u*dx(eta),0.000365020847394992,2,0,16,1,1.24344978758018e-14,3.54995848496057e-07,96,0
62,apv,wave,wave,v*dy(eta),0,-1,0,1,1,0,0,0,96
62,apv,wave,wave,w*dz(eta),0,-1,0,1,1,0,0,0,96
62,apv,wave,wave,w*eta*dlogN2,0,-1,0,1,1,0,0,0,96
62,wave,boundary,wave,u*dx(u),0,1,1,1,0,0,0,0,64
62,wave,boundary,wave,v*dy(u),0,1,1,1,0,0,0,0,64
62,wave,boundary,wave,w*dz(u),0,1,1,1,0,0,0,0,64
62,wave,boundary,wave,u*dx(v),0.00205382734229052,16,1,2,0,1.29885343555098e-14,1.12803222988277e-07,64,0
62,wave,boundary,wave,v*dy(v),0,1,1,1,0,0,0,0,64
62,wave,boundary,wave,w*dz(v),0.00405987539677294,16,1,2,0,3.51242172018149e-13,1.80483035179893e-07,64,0
62,wave,boundary,wave,u*dx(w),0,1,1,1,0,0,0,0,64
62,wave,boundary,wave,v*dy(w),0,1,1,1,0,0,0,0,64
62,wave,boundary,wave,w*dz(w),0,1,1,1,0,0,0,0,64
62,wave,boundary,wave,u*dx(eta),0.000375719666272998,16,1,2,0,1.08357767203415e-13,1.22265138569055e-07,64,0
62,wave,boundary,wave,v*dy(eta),0,1,1,1,0,0,0,0,64
62,wave,boundary,wave,w*dz(eta),0.000254837333245273,15,1,2,0,3.33638894289834e-10,8.48120528251783e-08,64,0
62,wave,boundary,wave,w*eta*dlogN2,0.0115214514048704,16,1,2,0,3.0053737276603e-13,1.65758229808688e-07,64,0
62,boundary,wave,wave,u*dx(u),0.00228680979242405,2,0,16,1,1.52336531367468e-14,1.26088382851017e-07,64,0
62,boundary,wave,wave,v*dy(u),0,1,0,1,1,0,0,0,64
62,boundary,wave,wave,w*dz(u),0,1,0,1,1,0,0,0,64
62,boundary,wave,wave,u*dx(v),0.00230624192795489,2,0,16,1,1.50493111136493e-14,1.34462548013485e-07,64,0
62,boundary,wave,wave,v*dy(v),0,1,0,1,1,0,0,0,64
62,boundary,wave,wave,w*dz(v),0,1,0,1,1,0,0,0,64
62,boundary,wave,wave,u*dx(w),3.19856151608278e-05,2,0,15,1,3.33066907387547e-16,1.29519530545075e-07,64,0
62,boundary,wave,wave,v*dy(w),0,1,0,1,1,0,0,0,64
62,boundary,wave,wave,w*dz(w),0,1,0,1,1,0,0,0,64
62,boundary,wave,wave,u*dx(eta),0.000283600828169428,2,0,15,1,3.10862446895044e-15,1.13969312431905e-07,64,0
62,boundary,wave,wave,v*dy(eta),0,1,0,1,1,0,0,0,64
62,boundary,wave,wave,w*dz(eta),0,1,0,1,1,0,0,0,64
62,boundary,wave,wave,w*eta*dlogN2,0,1,0,1,1,0,0,0,64
62,apv,boundary,wave,u*dx(u),0,-1,0,1,0,0,0,0,6
62,apv,boundary,wave,v*dy(u),0,-1,0,1,0,0,0,0,6
62,apv,boundary,wave,w*dz(u),0,-1,0,1,0,0,0,0,6
62,apv,boundary,wave,u*dx(v),0.000477275592650881,-1,0,2,0,3.33808696051404e-15,3.06847081077422e-07,6,0
62,apv,boundary,wave,v*dy(v),0,-1,0,1,0,0,0,0,6
62,apv,boundary,wave,w*dz(v),0,-1,0,1,0,0,0,0,6
62,apv,boundary,wave,u*dx(w),0,-1,0,1,0,0,0,0,6
62,apv,boundary,wave,v*dy(w),0,-1,0,1,0,0,0,0,6
62,apv,boundary,wave,w*dz(w),0,-1,0,1,0,0,0,0,6
62,apv,boundary,wave,u*dx(eta),1.70444921387933e-05,-1,0,2,0,2.57571741713036e-14,2.72721889071903e-07,6,0
62,apv,boundary,wave,v*dy(eta),0,-1,0,1,0,0,0,0,6
62,apv,boundary,wave,w*dz(eta),0,-1,0,1,0,0,0,0,6
62,apv,boundary,wave,w*eta*dlogN2,0,-1,0,1,0,0,0,0,6
62,boundary,apv,wave,u*dx(u),0,1,0,-1,0,0,0,0,6
62,boundary,apv,wave,v*dy(u),0,1,0,-1,0,0,0,0,6
62,boundary,apv,wave,w*dz(u),0,1,0,-1,0,0,0,0,6
62,boundary,apv,wave,u*dx(v),0.000524616817353999,2,0,-1,0,3.86651955227807e-15,2.91042544731113e-07,6,0
62,boundary,apv,wave,v*dy(v),0,1,0,-1,0,0,0,0,6
62,boundary,apv,wave,w*dz(v),0,1,0,-1,0,0,0,0,6
62,boundary,apv,wave,u*dx(w),0,1,0,-1,0,0,0,0,6
62,boundary,apv,wave,v*dy(w),0,1,0,-1,0,0,0,0,6
62,boundary,apv,wave,w*dz(w),0,1,0,-1,0,0,0,0,6
62,boundary,apv,wave,u*dx(eta),4.35088920584979e-05,2,0,1,0,4.89608353859694e-14,6.05243798412758e-07,6,0
62,boundary,apv,wave,v*dy(eta),0,1,0,-1,0,0,0,0,6
62,boundary,apv,wave,w*dz(eta),0,1,0,-1,0,0,0,0,6
62,boundary,apv,wave,w*eta*dlogN2,0,1,0,-1,0,0,0,0,6
62,boundary,boundary,wave,u*dx(u),0,1,0,1,0,0,0,0,4
62,boundary,boundary,wave,v*dy(u),0,1,0,1,0,0,0,0,4
62,boundary,boundary,wave,w*dz(u),0,1,0,1,0,0,0,0,4
62,boundary,boundary,wave,u*dx(v),0.00049799282766557,1,0,2,0,2.4817392582506e-15,5.9658740821516e-07,4,0
62,boundary,boundary,wave,v*dy(v),0,1,0,1,0,0,0,0,4
62,boundary,boundary,wave,w*dz(v),0,1,0,1,0,0,0,0,4
62,boundary,boundary,wave,u*dx(w),0,1,0,1,0,0,0,0,4
62,boundary,boundary,wave,v*dy(w),0,1,0,1,0,0,0,0,4
62,boundary,boundary,wave,w*dz(w),0,1,0,1,0,0,0,0,4
62,boundary,boundary,wave,u*dx(eta),2.89447935975762e-05,2,0,1,0,6.38378239159465e-14,2.37518915131454e-07,4,0
62,boundary,boundary,wave,v*dy(eta),0,1,0,1,0,0,0,0,4
62,boundary,boundary,wave,w*dz(eta),0,1,0,1,0,0,0,0,4
62,boundary,boundary,wave,w*eta*dlogN2,0,1,0,1,0,0,0,0,4
63,wave,wave,wave,u*dx(u),0.592907775432422,16,1,15,1,1.6290213622483e-10,3.90368052327617e-08,1024,0
63,wave,wave,wave,v*dy(u),0.592907775432422,16,1,15,1,1.62902358269434e-10,3.90392281834906e-08,1024,0
63,wave,wave,wave,w*dz(u),0.593369553098212,16,1,15,1,1.24233726528367e-06,2.8811784154481e-05,1024,0
63,wave,wave,wave,u*dx(v),0.592239138109327,16,1,15,1,1.62902358269434e-10,3.90355179291646e-08,1024,0
63,wave,wave,wave,v*dy(v),0.592239138109327,16,-1,15,1,1.6290213622483e-10,3.90379412129604e-08,1024,0
63,wave,wave,wave,w*dz(v),0.592681856194197,16,1,15,1,1.24233726528367e-06,2.88117854414516e-05,1024,0
63,wave,wave,wave,u*dx(w),0.000716488678917944,16,1,16,1,5.8235416489083e-11,3.90444550024682e-08,1024,0
63,wave,wave,wave,v*dy(w),0.000716488678917945,16,1,16,1,5.82353054667806e-11,3.90468780642195e-08,1024,0
63,wave,wave,wave,w*dz(w),0.000716489024158509,16,1,16,1,5.82351944444781e-11,3.90475816125502e-08,1024,0
63,wave,wave,wave,u*dx(eta),0.0416475570244365,16,1,16,1,3.8278713532236e-10,2.92916247923714e-08,1024,0
63,wave,wave,wave,v*dy(eta),0.0416475570244365,16,1,16,1,3.82787024300058e-10,2.92940478541226e-08,1024,0
63,wave,wave,wave,w*dz(eta),0.0416476219871648,16,1,16,1,3.82787468389267e-10,2.92949063895875e-08,1024,0
63,wave,wave,wave,w*eta*dlogN2,0.0389124777595908,16,1,16,1,6.30697716275108e-11,2.92740408580627e-08,1024,0
63,wave,apv,wave,u*dx(u),0.00342349614907202,16,1,2,0,4.50160842077672e-14,3.34087801731409e-07,96,0
63,wave,apv,wave,v*dy(u),0.00342349614907207,16,1,2,0,4.46355826213277e-14,3.34087801531103e-07,96,0
63,wave,apv,wave,w*dz(u),0.00982459740851489,16,1,2,0,7.09876601945325e-13,4.84195122670037e-07,96,0
63,wave,apv,wave,u*dx(v),0.00339128042258431,16,1,2,0,4.41407614553812e-14,3.25439072644921e-07,96,0
63,wave,apv,wave,v*dy(v),0.00339128042258419,16,1,2,0,4.40391890021919e-14,3.25439072181292e-07,96,0
63,wave,apv,wave,w*dz(v),0.00981393640684196,16,1,2,0,7.09876601945325e-13,4.83822918839749e-07,96,0
63,wave,apv,wave,u*dx(w),0,1,1,-1,0,0,0,0,96
63,wave,apv,wave,v*dy(w),0,1,1,-1,0,0,0,0,96
63,wave,apv,wave,w*dz(w),0,1,1,-1,0,0,0,0,96
63,wave,apv,wave,u*dx(eta),0.000536588404075946,16,1,2,0,6.54587495318992e-13,4.97382226294363e-07,96,0
63,wave,apv,wave,v*dy(eta),0.000536588404075932,16,1,2,0,6.54254428411605e-13,4.97381351660664e-07,96,0
63,wave,apv,wave,w*dz(eta),0.000231434318674181,16,1,2,0,7.65073582265074e-09,6.51733799816867e-07,96,0
63,wave,apv,wave,w*eta*dlogN2,0.00613778850604625,16,1,2,0,4.0867309536452e-13,4.88597093228904e-07,96,0
63,apv,wave,wave,u*dx(u),0.00342345175986135,2,0,16,1,4.48590372462166e-14,3.34082240707384e-07,96,0
63,apv,wave,wave,v*dy(u),0.00342345175986145,2,0,16,1,4.48556341667435e-14,3.34082240672645e-07,96,0
63,apv,wave,wave,w*dz(u),0,-1,0,1,1,0,0,0,96
63,apv,wave,wave,u*dx(v),0.00339123638984887,2,0,16,1,4.46571586881411e-14,3.25433657227723e-07,96,0
63,apv,wave,wave,v*dy(v),0.00339123638984886,2,0,16,1,4.46003089674042e-14,3.25433657177436e-07,96,0
63,apv,wave,wave,w*dz(v),0,-1,0,1,1,0,0,0,96
63,apv,wave,wave,u*dx(w),3.55440875007433e-05,2,0,15,1,1.11022302462516e-15,2.22673703476062e-07,96,0
63,apv,wave,wave,v*dy(w),3.55440875007438e-05,2,0,15,1,8.88178419700125e-16,2.22673703698106e-07,96,0
63,apv,wave,wave,w*dz(w),0,-1,0,1,1,0,0,0,96
63,apv,wave,wave,u*dx(eta),0.000231810133078286,2,0,16,1,1.25455201782643e-14,2.75288089605774e-07,96,0
63,apv,wave,wave,v*dy(eta),0.000231810133078281,2,0,16,1,1.25455201782643e-14,2.75288089664601e-07,96,0
63,apv,wave,wave,w*dz(eta),0,-1,0,1,1,0,0,0,96
63,apv,wave,wave,w*eta*dlogN2,0,-1,0,1,1,0,0,0,96
63,wave,boundary,wave,u*dx(u),0.0016735767057306,16,1,2,0,1.11422545572213e-14,9.04031530674865e-08,64,0
63,wave,boundary,wave,v*dy(u),0.00167357670573035,16,1,2,0,1.11347176475616e-14,9.04052373317764e-08,64,0
63,wave,boundary,wave,w*dz(u),0.00334651445592269,16,1,2,0,2.7324041475017e-13,1.56827442944639e-07,64,0
63,wave,boundary,wave,u*dx(v),0.0016426949962438,16,1,2,0,1.09058488987414e-14,8.26793434827167e-08,64,0
63,wave,boundary,wave,v*dy(v),0.0016426949962437,16,1,2,0,1.08936005763973e-14,8.26817665444679e-08,64,0
63,wave,boundary,wave,w*dz(v),0.00334282664344703,16,1,2,0,2.72923219046611e-13,1.08194687431507e-07,64,0
63,wave,boundary,wave,u*dx(w),0,1,1,1,0,0,0,0,64
63,wave,boundary,wave,v*dy(w),0,1,1,1,0,0,0,0,64
63,wave,boundary,wave,w*dz(w),0,1,1,1,0,0,0,0,64
63,wave,boundary,wave,u*dx(eta),0.00018895031396366,16,1,2,0,9.79216707719388e-14,8.86671295274866e-08,64,0
63,wave,boundary,wave,v*dy(eta),0.000188950313963664,16,1,2,0,9.79216707719388e-14,8.86695524782155e-08,64,0
63,wave,boundary,wave,w*dz(eta),0.000136758163193824,15,1,2,0,2.05187644652938e-10,6.27774006112247e-08,64,0
63,wave,boundary,wave,w*eta*dlogN2,0.00791644623800345,16,1,2,0,2.85438339631128e-13,1.123640872569e-07,64,0
63,boundary,wave,wave,u*dx(u),0.00232637441102944,2,0,16,1,1.53879228466069e-14,1.4268045848263e-07,64,0
63,boundary,wave,wave,v*dy(u),0.00232637441102944,2,0,16,1,1.54180469889397e-14,1.42680458506117e-07,64,0
63,boundary,wave,wave,w*dz(u),0,1,0,1,1,0,0,0,64
63,boundary,wave,wave,u*dx(v),0.00228457760018717,2,0,16,1,1.54807012787988e-14,1.28742793936518e-07,64,0
63,boundary,wave,wave,v*dy(v),0.00228457760018713,2,0,16,1,1.53305676432653e-14,1.28742793920024e-07,64,0
63,boundary,wave,wave,w*dz(v),0,1,0,1,1,0,0,0,64
63,boundary,wave,wave,u*dx(w),1.85985731458318e-05,2,0,15,1,4.44089209850063e-16,1.29506811719082e-07,64,0
63,boundary,wave,wave,v*dy(w),1.85985731458312e-05,2,0,15,1,4.44089209850063e-16,1.29506811719082e-07,64,0
63,boundary,wave,wave,w*dz(w),0,1,0,1,1,0,0,0,64
63,boundary,wave,wave,u*dx(eta),0.000185250616456421,2,0,15,1,3.21964677141295e-15,1.13964775616537e-07,64,0
63,boundary,wave,wave,v*dy(eta),0.000185250616456431,2,0,15,1,3.33066907387547e-15,1.13964775616537e-07,64,0
63,boundary,wave,wave,w*dz(eta),0,1,0,1,1,0,0,0,64
63,boundary,wave,wave,w*eta*dlogN2,0,1,0,1,1,0,0,0,64
63,apv,boundary,wave,u*dx(u),0.000396506674744914,-1,0,2,0,2.66983207216757e-15,3.41594635305456e-07,6,0
63,apv,boundary,wave,v*dy(u),0.000396506674744898,-1,0,2,0,2.67382591570781e-15,3.41594635439981e-07,6,0
63,apv,boundary,wave,w*dz(u),0,-1,0,1,0,0,0,0,6
63,apv,boundary,wave,u*dx(v),0.000395977281960291,-1,0,2,0,2.57810537237163e-15,3.30513364232843e-07,6,0
63,apv,boundary,wave,v*dy(v),0.000395977281960273,-1,0,2,0,2.58245866349681e-15,3.30513364232843e-07,6,0
63,apv,boundary,wave,w*dz(v),0,-1,0,1,0,0,0,0,6
63,apv,boundary,wave,u*dx(w),0,-1,0,1,0,0,0,0,6
63,apv,boundary,wave,v*dy(w),0,-1,0,1,0,0,0,0,6
63,apv,boundary,wave,w*dz(w),0,-1,0,1,0,0,0,0,6
63,apv,boundary,wave,u*dx(eta),8.37263213995138e-06,-1,0,2,0,1.36557432028894e-14,3.23847391792143e-07,6,0
63,apv,boundary,wave,v*dy(eta),8.37263213995042e-06,-1,0,2,0,1.36557432028894e-14,3.23847392014187e-07,6,0
63,apv,boundary,wave,w*dz(eta),0,-1,0,1,0,0,0,0,6
63,apv,boundary,wave,w*eta*dlogN2,0,-1,0,1,0,0,0,0,6
63,boundary,apv,wave,u*dx(u),0.000525310166659064,2,0,-1,0,4.09132772068356e-15,3.09074029762215e-07,6,0
63,boundary,apv,wave,v*dy(u),0.000525310166659013,2,0,-1,0,4.09566552628206e-15,3.09074029757678e-07,6,0
63,boundary,apv,wave,w*dz(u),0,1,0,-1,0,0,0,0,6
63,boundary,apv,wave,u*dx(v),0.000524611882690359,2,0,-1,0,4.15394118953239e-15,2.91042544731113e-07,6,0
63,boundary,apv,wave,v*dy(v),0.000524611882690343,2,0,-1,0,4.15796491632878e-15,2.91042544509068e-07,6,0
63,boundary,apv,wave,w*dz(v),0,1,0,-1,0,0,0,0,6
63,boundary,apv,wave,u*dx(w),0,1,0,-1,0,0,0,0,6
63,boundary,apv,wave,v*dy(w),0,1,0,-1,0,0,0,0,6
63,boundary,apv,wave,w*dz(w),0,1,0,-1,0,0,0,0,6
63,boundary,apv,wave,u*dx(eta),2.63717158334066e-05,2,0,1,0,4.89608353859694e-14,6.05243798412758e-07,6,0
63,boundary,apv,wave,v*dy(eta),2.63717158334108e-05,2,0,1,0,4.89608353859694e-14,6.05243798301736e-07,6,0
63,boundary,apv,wave,w*dz(eta),0,1,0,-1,0,0,0,0,6
63,boundary,apv,wave,w*eta*dlogN2,0,1,0,-1,0,0,0,0,6
63,boundary,boundary,wave,u*dx(u),0.000483436581946388,1,0,2,0,2.76813707732244e-15,7.60464614871672e-07,4,0
63,boundary,boundary,wave,v*dy(u),0.000483436581946382,1,0,2,0,2.76587545569603e-15,7.60464614776083e-07,4,0
63,boundary,boundary,wave,w*dz(u),0,1,0,1,0,0,0,0,4
63,boundary,boundary,wave,u*dx(v),0.000482780789345271,1,0,2,0,2.44692125970946e-15,6.31223163516381e-07,4,0
63,boundary,boundary,wave,v*dy(v),0.000482780789345215,1,0,2,0,2.41076287197409e-15,6.31223163738426e-07,4,0
63,boundary,boundary,wave,w*dz(v),0,1,0,1,0,0,0,0,4
63,boundary,boundary,wave,u*dx(w),0,1,0,1,0,0,0,0,4
63,boundary,boundary,wave,v*dy(w),0,1,0,1,0,0,0,0,4
63,boundary,boundary,wave,w*dz(w),0,1,0,1,0,0,0,0,4
63,boundary,boundary,wave,u*dx(eta),1.35191058198871e-05,2,0,1,0,4.2632564145606e-14,4.55951510547337e-07,4,0
63,boundary,boundary,wave,v*dy(eta),1.35191058198863e-05,2,0,1,0,4.27435864480685e-14,4.55951510547337e-07,4,0
63,boundary,boundary,wave,w*dz(eta),0,1,0,1,0,0,0,0,4
63,boundary,boundary,wave,w*eta*dlogN2,0,1,0,1,0,0,0,0,4
64,wave,wave,wave,u*dx(u),0.591599478505952,15,1,16,1,1.62909907786002e-10,3.91024537194085e-08,1024,0
64,wave,wave,wave,v*dy(u),0,1,1,1,1,0,0,0,1024
64,wave,wave,wave,w*dz(u),0.592022976873359,16,1,15,1,2.86751751263914e-05,0.000324320270373324,1024,0
64,wave,wave,wave,u*dx(v),0.592906498396767,15,1,16,1,1.62909685741397e-10,2.93266284590032e-08,1024,0
64,wave,wave,wave,v*dy(v),0,1,1,1,1,0,0,0,1024
64,wave,wave,wave,w*dz(v),0.593366528931004,16,1,15,1,2.86751751266134e-05,0.000324330049369381,1024,0
64,wave,wave,wave,u*dx(w),0.00100301681942071,16,1,16,1,5.82307535523796e-11,3.91099229668512e-08,1024,0
64,wave,wave,wave,v*dy(w),0,1,1,1,1,0,0,0,1024
64,wave,wave,wave,w*dz(w),0.00100301650355838,16,1,16,1,5.82309755969845e-11,3.91125558607541e-08,1024,0
64,wave,wave,wave,u*dx(eta),0.0581497030910949,16,1,16,1,3.82761489170491e-10,2.93285865593518e-08,1024,0
64,wave,wave,wave,v*dy(eta),0,1,1,1,1,0,0,0,1024
64,wave,wave,wave,w*dz(eta),0.058149643967522,16,1,16,1,3.82761378148189e-10,2.93312646393318e-08,1024,0
64,wave,wave,wave,w*eta*dlogN2,0.0515250999853592,16,1,16,1,6.30682173152763e-11,2.93109990723295e-08,1024,0
64,wave,apv,wave,u*dx(u),0,1,1,-1,0,0,0,0,96
64,wave,apv,wave,v*dy(u),0,1,1,-1,0,0,0,0,96
64,wave,apv,wave,w*dz(u),0,1,1,-1,0,0,0,0,96
64,wave,apv,wave,u*dx(v),0.0034234581614352,16,1,2,0,4.44545814128057e-14,3.3408077107901e-07,96,0
64,wave,apv,wave,v*dy(v),0,1,1,-1,0,0,0,0,96
64,wave,apv,wave,w*dz(v),0.00982460173772464,16,1,2,0,7.09876601945325e-13,4.84153744203156e-07,96,0
64,wave,apv,wave,u*dx(w),0,1,1,-1,0,0,0,0,96
64,wave,apv,wave,v*dy(w),0,1,1,-1,0,0,0,0,96
64,wave,apv,wave,w*dz(w),0,1,1,-1,0,0,0,0,96
64,wave,apv,wave,u*dx(eta),0.000733909484301358,16,1,2,0,6.54587495318992e-13,4.97382226294363e-07,96,0
64,wave,apv,wave,v*dy(eta),0,1,1,-1,0,0,0,0,96
64,wave,apv,wave,w*dz(eta),0.000307176639656059,16,1,2,0,7.65073582265074e-09,6.51733799816867e-07,96,0
64,wave,apv,wave,w*eta*dlogN2,0.00826524331869377,16,1,2,0,4.0867309536452e-13,4.88597093228904e-07,96,0
64,apv,wave,wave,u*dx(u),0.00338223200496662,2,0,16,1,4.38999536865637e-14,3.19294636619273e-07,96,0
64,apv,wave,wave,v*dy(u),0,-1,0,1,1,0,0,0,96
64,apv,wave,wave,w*dz(u),0,-1,0,1,1,0,0,0,96
64,apv,wave,wave,u*dx(v),0.0034234871623538,2,0,16,1,4.45686898514811e-14,3.34084425621404e-07,96,0
64,apv,wave,wave,v*dy(v),0,-1,0,1,1,0,0,0,96
64,apv,wave,wave,w*dz(v),0,-1,0,1,1,0,0,0,96
64,apv,wave,wave,u*dx(w),4.97509555322914e-05,2,0,15,1,9.99200722162641e-16,2.22434809016292e-07,96,0
64,apv,wave,wave,v*dy(w),0,-1,0,1,1,0,0,0,96
64,apv,wave,wave,w*dz(w),0,-1,0,1,1,0,0,0,96
64,apv,wave,wave,u*dx(eta),0.000307703446953042,2,0,16,1,1.25455201782643e-14,3.27625000240539e-07,96,0
64,apv,wave,wave,v*dy(eta),0,-1,0,1,1,0,0,0,96
64,apv,wave,wave,w*dz(eta),0,-1,0,1,1,0,0,0,96
64,apv,wave,wave,w*eta*dlogN2,0,-1,0,1,1,0,0,0,96
64,wave,boundary,wave,u*dx(u),0,1,1,1,0,0,0,0,64
64,wave,boundary,wave,v*dy(u),0,1,1,1,0,0,0,0,64
64,wave,boundary,wave,w*dz(u),0,1,1,1,0,0,0,0,64
64,wave,boundary,wave,u*dx(v),0.00282233925768755,16,1,2,0,2.10661993873065e-14,1.94785338168863e-07,64,0
64,wave,boundary,wave,v*dy(v),0,1,1,1,0,0,0,0,64
64,wave,boundary,wave,w*dz(v),0.00544414773901989,16,1,2,0,5.19144692764264e-13,4.2632802094396e-07,64,0
64,wave,boundary,wave,u*dx(w),0,1,1,1,0,0,0,0,64
64,wave,boundary,wave,v*dy(w),0,1,1,1,0,0,0,0,64
64,wave,boundary,wave,w*dz(w),0,1,1,1,0,0,0,0,64
64,wave,boundary,wave,u*dx(eta),0.000410709151572712,16,1,2,0,2.1405099914773e-13,3.24311593358217e-07,64,0
64,wave,boundary,wave,v*dy(eta),0,1,1,1,0,0,0,0,64
64,wave,boundary,wave,w*dz(eta),0.000282204926410968,15,1,2,0,9.57774304310988e-10,1.31249263568556e-07,64,0
64,wave,boundary,wave,w*eta*dlogN2,0.00740594824875285,16,1,2,0,3.03979064142368e-13,4.04945280307878e-07,64,0
64,boundary,wave,wave,u*dx(u),0.00227510899552615,2,0,16,1,1.52637327474262e-14,1.2172134943442e-07,64,0
64,boundary,wave,wave,v*dy(u),0,1,0,1,1,0,0,0,64
64,boundary,wave,wave,w*dz(u),0,1,0,1,1,0,0,0,64
64,boundary,wave,wave,u*dx(v),0.0023263892235196,2,0,16,1,1.52180252972604e-14,1.42681487935056e-07,64,0
64,boundary,wave,wave,v*dy(v),0,1,0,1,1,0,0,0,64
64,boundary,wave,wave,w*dz(v),0,1,0,1,1,0,0,0,64
64,boundary,wave,wave,u*dx(w),2.60327353816515e-05,2,0,15,1,4.44089209850063e-16,1.29567822582111e-07,64,0
64,boundary,wave,wave,v*dy(w),0,1,0,1,1,0,0,0,64
64,boundary,wave,wave,w*dz(w),0,1,0,1,1,0,0,0,64
64,boundary,wave,wave,u*dx(eta),0.000242004176478228,2,0,15,1,2.99760216648792e-15,1.13993894546027e-07,64,0
64,boundary,wave,wave,v*dy(eta),0,1,0,1,1,0,0,0,64
64,boundary,wave,wave,w*dz(eta),0,1,0,1,1,0,0,0,64
64,boundary,wave,wave,w*eta*dlogN2,0,1,0,1,1,0,0,0,64
64,apv,boundary,wave,u*dx(u),0,-1,0,1,0,0,0,0,6
64,apv,boundary,wave,v*dy(u),0,-1,0,1,0,0,0,0,6
64,apv,boundary,wave,w*dz(u),0,-1,0,1,0,0,0,0,6
64,apv,boundary,wave,u*dx(v),0.000591099171658956,2,0,2,0,5.93863574535852e-15,3.03454850203084e-07,6,0
64,apv,boundary,wave,v*dy(v),0,-1,0,1,0,0,0,0,6
64,apv,boundary,wave,w*dz(v),0,-1,0,1,0,0,0,0,6
64,apv,boundary,wave,u*dx(w),0,-1,0,1,0,0,0,0,6
64,apv,boundary,wave,v*dy(w),0,-1,0,1,0,0,0,0,6
64,apv,boundary,wave,w*dz(w),0,-1,0,1,0,0,0,0,6
64,apv,boundary,wave,u*dx(eta),2.00948932248737e-05,1,0,1,0,5.6843418860808e-14,3.48750239131945e-07,6,0
64,apv,boundary,wave,v*dy(eta),0,-1,0,1,0,0,0,0,6
64,apv,boundary,wave,w*dz(eta),0,-1,0,1,0,0,0,0,6
64,apv,boundary,wave,w*eta*dlogN2,0,-1,0,1,0,0,0,0,6
64,boundary,apv,wave,u*dx(u),0,1,0,-1,0,0,0,0,6
64,boundary,apv,wave,v*dy(u),0,1,0,-1,0,0,0,0,6
64,boundary,apv,wave,w*dz(u),0,1,0,-1,0,0,0,0,6
64,boundary,apv,wave,u*dx(v),0.000525308238030997,2,0,-1,0,3.9473858817906e-15,3.08976647615183e-07,6,0
64,boundary,apv,wave,v*dy(v),0,1,0,-1,0,0,0,0,6
64,boundary,apv,wave,w*dz(v),0,1,0,-1,0,0,0,0,6
64,boundary,apv,wave,u*dx(w),0,1,0,-1,0,0,0,0,6
64,boundary,apv,wave,v*dy(w),0,1,0,-1,0,0,0,0,6
64,boundary,apv,wave,w*dz(w),0,1,0,-1,0,0,0,0,6
64,boundary,apv,wave,u*dx(eta),3.60007623076676e-05,2,0,1,0,4.89608353859694e-14,6.05243798412758e-07,6,0
64,boundary,apv,wave,v*dy(eta),0,1,0,-1,0,0,0,0,6
64,boundary,apv,wave,w*dz(eta),0,1,0,-1,0,0,0,0,6
64,boundary,apv,wave,w*eta*dlogN2,0,1,0,-1,0,0,0,0,6
64,boundary,boundary,wave,u*dx(u),0,1,0,1,0,0,0,0,4
64,boundary,boundary,wave,v*dy(u),0,1,0,1,0,0,0,0,4
64,boundary,boundary,wave,w*dz(u),0,1,0,1,0,0,0,0,4
64,boundary,boundary,wave,u*dx(v),0.000514134318872688,2,0,1,0,2.94014794894817e-15,2.91639193018727e-07,4,0
64,boundary,boundary,wave,v*dy(v),0,1,0,1,0,0,0,0,4
64,boundary,boundary,wave,w*dz(v),0,1,0,1,0,0,0,0,4
64,boundary,boundary,wave,u*dx(w),0,1,0,1,0,0,0,0,4
64,boundary,boundary,wave,v*dy(w),0,1,0,1,0,0,0,0,4
64,boundary,boundary,wave,w*dz(w),0,1,0,1,0,0,0,0,4
64,boundary,boundary,wave,u*dx(eta),3.16513353361648e-05,2,0,1,0,8.17124146124115e-14,5.02618368813934e-07,4,0
64,boundary,boundary,wave,v*dy(eta),0,1,0,1,0,0,0,0,4
64,boundary,boundary,wave,w*dz(eta),0,1,0,1,0,0,0,0,4
64,boundary,boundary,wave,w*eta*dlogN2,0,1,0,1,0,0,0,0,4
65,wave,wave,inertial,u*dx(u),0.00171420706399109,14,-1,16,1,1.62904800760089e-10,3.90818427620232e-08,1024,0
65,wave,wave,inertial,v*dy(u),0.0017142070639907,16,-1,14,1,1.62904800760089e-10,3.90842656017298e-08,1024,0
65,wave,wave,inertial,w*dz(u),0.014366491506718,2,1,1,1,6.20170097265227e-06,0.000143964226817284,1024,0
65,wave,wave,inertial,u*dx(v),0.00171420706399104,16,-1,14,1,1.62905022804694e-10,3.90842658237744e-08,1024,0
65,wave,wave,inertial,v*dy(v),0.00171420706399059,16,1,14,1,1.62904578715484e-10,3.90866887745034e-08,1024,0
65,wave,wave,inertial,w*dz(v),0.0143664915067178,2,1,1,1,6.20170097276329e-06,0.000143964224393667,1024,0
65,wave,wave,mda,u*dx(eta),0.0055031762901235,16,1,16,1,3.82771703222318e-10,1.17073305606019e-07,1024,0
65,wave,wave,mda,v*dy(eta),0.00550317629012347,16,1,16,1,3.82771592200015e-10,1.1707328458288e-07,1024,0
65,wave,wave,mda,w*dz(eta),0.00550317629012351,16,1,16,1,3.82771592200015e-10,1.25699734590792e-07,1024,0
65,wave,wave,mda,w*eta*dlogN2,0.034728274389112,16,1,16,1,6.30689944713936e-11,2.9298763637442e-08,1024,0
65,wave,apv,inertial,u*dx(u),0.000633682360865101,16,1,1,0,1.53210777398272e-14,2.2954175048891e-07,96,0
65,wave,apv,inertial,v*dy(u),0.000633682360865061,16,1,1,0,1.57651669496772e-14,2.2954174578964e-07,96,0
65,wave,apv,inertial,w*dz(u),0.000406242527091285,15,1,2,0,7.09876601945325e-13,4.83822918839749e-07,96,0
65,wave,apv,inertial,u*dx(v),0.000633682360865084,16,1,1,0,1.53210777398272e-14,2.29541750459772e-07,96,0
65,wave,apv,inertial,v*dy(v),0.000633682360865101,16,1,1,0,1.55431223447522e-14,2.29541745646095e-07,96,0
65,wave,apv,inertial,w*dz(v),0.000406242527091281,15,1,2,0,7.09876601945325e-13,4.83822918839749e-07,96,0
65,wave,apv,mda,u*dx(eta),0.000298557277345948,16,1,2,0,6.16173778666962e-13,2.86580941279807e-07,96,0
65,wave,apv,mda,v*dy(eta),0.000298557277346422,16,1,2,0,6.15840711759574e-13,2.86582439861283e-07,96,0
65,wave,apv,mda,w*dz(eta),0.000254787123978265,3,1,-1,0,7.65070384822764e-09,0.00887276885012837,96,0
65,wave,apv,mda,w*eta*dlogN2,0.00455098586743249,16,1,2,0,4.08451050759595e-13,4.88597093228904e-07,96,0
65,apv,wave,inertial,u*dx(u),0.000633682360865092,1,0,16,1,1.53210777398272e-14,2.2954175038279e-07,96,0
65,apv,wave,inertial,v*dy(u),0.000633682360865083,1,0,16,1,1.55431223447522e-14,2.29541750465033e-07,96,0
65,apv,wave,inertial,w*dz(u),0,-1,0,1,1,0,0,0,96
65,apv,wave,inertial,u*dx(v),0.000633682360865081,1,0,16,1,1.55431223447522e-14,2.29541745621792e-07,96,0
65,apv,wave,inertial,v*dy(v),0.000633682360865055,1,0,16,1,1.55431223447522e-14,2.29541745650948e-07,96,0
65,apv,wave,inertial,w*dz(v),0,-1,0,1,1,0,0,0,96
65,apv,wave,mda,u*dx(eta),0.00021663768753411,1,0,15,1,1.24344978758018e-14,4.28454191623119e-07,96,0
65,apv,wave,mda,v*dy(eta),0.000216637687534162,1,0,15,1,1.26565424807268e-14,4.28454191544514e-07,96,0
65,apv,wave,mda,w*dz(eta),0,-1,0,1,1,0,0,0,96
65,apv,wave,mda,w*eta*dlogN2,0,-1,0,1,1,0,0,0,96
65,wave,boundary,inertial,u*dx(u),0.000519763547806503,16,1,2,0,3.57619127528378e-15,1.21298276867243e-07,64,0
65,wave,boundary,inertial,v*dy(u),0.000519763547806534,16,1,2,0,3.61478610183858e-15,1.21300699595928e-07,64,0
65,wave,boundary,inertial,w*dz(u),0.00021038695088001,15,1,2,0,1.66755498298699e-13,2.13196974629959e-07,64,0
65,wave,boundary,inertial,u*dx(v),0.000519763547806492,16,1,2,0,3.55041819601709e-15,1.21298276534176e-07,64,0
65,wave,boundary,inertial,v*dy(v),0.000519763547806503,16,1,2,0,3.62354443287613e-15,1.21300699595928e-07,64,0
65,wave,boundary,inertial,w*dz(v),0.000210386950879979,15,1,2,0,1.66755498298699e-13,2.13196974629959e-07,64,0
65,wave,boundary,mda,u*dx(eta),3.02722824049711e-05,16,1,2,0,1.76481566912926e-14,1.65326679790745e-07,64,0
65,wave,boundary,mda,v*dy(eta),3.02722824048806e-05,16,1,2,0,1.76477390144679e-14,1.65326656142994e-07,64,0
65,wave,boundary,mda,w*dz(eta),0.000186597070732625,15,1,2,0,3.91564336510442e-10,0.00435291040828832,64,0
65,wave,boundary,mda,w*eta*dlogN2,0.0048585795142832,16,1,2,0,3.05866443284231e-13,2.13383637204245e-07,64,0
65,boundary,wave,inertial,u*dx(u),0.000519763547806477,2,0,16,1,3.57273413418937e-15,1.21298276867243e-07,64,0
65,boundary,wave,inertial,v*dy(u),0.000519763547806461,2,0,16,1,3.57702959165243e-15,1.21298276867243e-07,64,0
65,boundary,wave,inertial,w*dz(u),0,1,0,1,1,0,0,0,64
65,boundary,wave,inertial,u*dx(v),0.000519763547806535,2,0,16,1,3.59350612923092e-15,1.2130069970695e-07,64,0
65,boundary,wave,inertial,v*dy(v),0.000519763547806504,2,0,16,1,3.59695427080451e-15,1.21300699595928e-07,64,0
65,boundary,wave,inertial,w*dz(v),0,1,0,1,1,0,0,0,64
65,boundary,wave,mda,u*dx(eta),0.000187052777195024,2,0,15,1,3.33066907387547e-15,5.211184484382e-07,64,0
65,boundary,wave,mda,v*dy(eta),0.000187052777195059,2,0,15,1,3.33066907387547e-15,5.21118448678845e-07,64,0
65,boundary,wave,mda,w*dz(eta),0,1,0,1,1,0,0,0,64
65,boundary,wave,mda,w*eta*dlogN2,0,1,0,1,1,0,0,0,64
65,apv,boundary,inertial,u*dx(u),2.39039305553661e-05,2,0,2,0,1.02725537174449e-15,2.91042544287023e-07,6,0
65,apv,boundary,inertial,v*dy(u),2.39039305553642e-05,2,0,2,0,9.64529039114962e-16,2.91042544287023e-07,6,0
65,apv,boundary,inertial,w*dz(u),0,-1,0,1,0,0,0,0,6
65,apv,boundary,inertial,u*dx(v),2.39039305552586e-05,2,0,2,0,8.60703560713145e-16,2.91042544731113e-07,6,0
65,apv,boundary,inertial,v*dy(v),2.39039305552495e-05,2,0,2,0,9.1793481189866e-16,2.91042544731113e-07,6,0
65,apv,boundary,inertial,w*dz(v),0,-1,0,1,0,0,0,0,6
65,apv,boundary,mda,u*dx(eta),2.73162660285664e-06,2,0,1,0,8.99352728753527e-15,4.27283112669109e-07,6,0
65,apv,boundary,mda,v*dy(eta),2.73162660301279e-06,2,0,1,0,8.99352728753527e-15,4.27283112639209e-07,6,0
65,apv,boundary,mda,w*dz(eta),0,-1,0,1,0,0,0,0,6
65,apv,boundary,mda,w*eta*dlogN2,0,-1,0,1,0,0,0,0,6
65,boundary,apv,inertial,u*dx(u),2.39039305553641e-05,2,0,2,0,9.27030487368987e-16,2.91042544509068e-07,6,0
65,boundary,apv,inertial,v*dy(u),2.39039305553655e-05,2,0,2,0,9.76006842668599e-16,2.91042544287023e-07,6,0
65,boundary,apv,inertial,w*dz(u),0,1,0,-1,0,0,0,0,6
65,boundary,apv,inertial,u*dx(v),2.39039305552495e-05,2,0,2,0,8.92421317138557e-16,2.91042544731113e-07,6,0
65,boundary,apv,inertial,v*dy(v),2.39039305552623e-05,2,0,2,0,8.49184379405315e-16,2.91042544509068e-07,6,0
65,boundary,apv,inertial,w*dz(v),0,1,0,-1,0,0,0,0,6
65,boundary,apv,mda,u*dx(eta),1.18947257525694e-05,1,0,2,0,2.26485497023532e-14,3.43345422612489e-07,6,0
65,boundary,apv,mda,v*dy(eta),1.18947257527791e-05,1,0,2,0,2.26485497023532e-14,3.43345422537088e-07,6,0
65,boundary,apv,mda,w*dz(eta),0,1,0,-1,0,0,0,0,6
65,boundary,apv,mda,w*eta*dlogN2,0,1,0,-1,0,0,0,0,6
65,boundary,boundary,inertial,u*dx(u),1.59462450685529e-05,2,0,1,0,4.75450330227488e-16,4.91259867896332e-07,4,0
65,boundary,boundary,inertial,v*dy(u),1.59462450685409e-05,1,0,2,0,5.26933692872498e-16,4.91259867896332e-07,4,0
65,boundary,boundary,inertial,w*dz(u),0,1,0,1,0,0,0,0,4
65,boundary,boundary,inertial,u*dx(v),1.59462450686608e-05,2,0,1,0,1.04341254125375e-15,4.91259867896332e-07,4,0
65,boundary,boundary,inertial,v*dy(v),1.59462450686943e-05,2,0,1,0,1.13430172877978e-15,4.91259867896332e-07,4,0
65,boundary,boundary,inertial,w*dz(v),0,1,0,1,0,0,0,0,4
65,boundary,boundary,mda,u*dx(eta),2.99085660590131e-06,1,0,2,0,1.49880108324396e-14,1.08982644462342e-06,4,0
65,boundary,boundary,mda,v*dy(eta),2.99085660600692e-06,1,0,2,0,1.48769885299771e-14,1.08982644498764e-06,4,0
65,boundary,boundary,mda,w*dz(eta),0,1,0,1,0,0,0,0,4
65,boundary,boundary,mda,w*eta*dlogN2,0,1,0,1,0,0,0,0,4
66,wave,wave,wave,u*dx(u),0,1,1,1,1,0,0,0,1024
66,wave,wave,wave,v*dy(u),0.592906482101361,15,1,16,1,1.62907243250743e-10,2.93150831387479e-08,1024,0
66,wave,wave,wave,w*dz(u),0.59336719471043,16,1,15,1,1.37417613453872e-05,0.000168933563639229,1024,0
66,wave,wave,wave,u*dx(v),0,1,1,1,1,0,0,0,1024
66,wave,wave,wave,v*dy(v),0.592237848264683,15,1,16,1,1.62907465295348e-10,3.90817708195712e-08,1024,0
66,wave,wave,wave,w*dz(v),0.59267950328237,16,1,15,1,1.37417613451651e-05,0.000168923795301312,1024,0
66,wave,wave,wave,u*dx(w),0,1,1,1,1,0,0,0,1024
66,wave,wave,wave,v*dy(w),0.000716489776512815,16,1,16,1,5.82318637754042e-11,3.9089023129435e-08,1024,0
66,wave,wave,wave,w*dz(w),0.000716489661430536,16,1,16,1,5.82317527531018e-11,3.90898429181163e-08,1024,0
66,wave,wave,wave,u*dx(eta),0,1,1,1,1,0,0,0,1024
66,wave,wave,wave,v*dy(eta),0.0416475239604705,16,1,16,1,3.82766263129497e-10,2.93167666809424e-08,1024,0
66,wave,wave,wave,w*dz(eta),0.04164750230629,16,1,16,1,3.82766485174102e-10,2.93177169208292e-08,1024,0
66,wave,wave,wave,w*eta*dlogN2,0.0389126812494024,16,1,16,1,6.30689944713936e-11,2.92967564652358e-08,1024,0
66,wave,apv,wave,u*dx(u),0,1,1,-1,0,0,0,0,96
66,wave,apv,wave,v*dy(u),0.00342349614907207,16,1,2,0,4.46355826213277e-14,3.34087801531103e-07,96,0
66,wave,apv,wave,w*dz(u),0.00982459740851489,16,1,2,0,7.09876601945325e-13,4.84195122670037e-07,96,0
66,wave,apv,wave,u*dx(v),0,1,1,-1,0,0,0,0,96
66,wave,apv,wave,v*dy(v),0,1,1,-1,0,0,0,0,96
66,wave,apv,wave,w*dz(v),0,1,1,-1,0,0,0,0,96
66,wave,apv,wave,u*dx(w),0,1,1,-1,0,0,0,0,96
66,wave,apv,wave,v*dy(w),0,1,1,-1,0,0,0,0,96
66,wave,apv,wave,w*dz(w),0,1,1,-1,0,0,0,0,96
66,wave,apv,wave,u*dx(eta),0,1,1,-1,0,0,0,0,96
66,wave,apv,wave,v*dy(eta),0.000536588404075932,16,1,2,0,6.54254428411605e-13,4.97381351660664e-07,96,0
66,wave,apv,wave,w*dz(eta),0.000231434318674181,16,1,2,0,7.65073582265074e-09,6.51733799816867e-07,96,0
66,wave,apv,wave,w*eta*dlogN2,0.00613778850604625,16,1,2,0,4.0867309536452e-13,4.88597093228904e-07,96,0
66,apv,wave,wave,u*dx(u),0,-1,0,1,1,0,0,0,96
66,apv,wave,wave,v*dy(u),0.00342351094555249,2,0,16,1,4.49476549162231e-14,3.34089624793329e-07,96,0
66,apv,wave,wave,w*dz(u),0,-1,0,1,1,0,0,0,96
66,apv,wave,wave,u*dx(v),0,-1,0,1,1,0,0,0,96
66,apv,wave,wave,v*dy(v),0.00339129510024432,2,0,16,1,4.4010786350192e-14,3.25440848107646e-07,96,0
66,apv,wave,wave,w*dz(v),0,-1,0,1,1,0,0,0,96
66,apv,wave,wave,u*dx(w),0,-1,0,1,1,0,0,0,96
66,apv,wave,wave,v*dy(w),3.55439854449977e-05,2,0,15,1,9.99200722162641e-16,2.2249170483768e-07,96,0
66,apv,wave,wave,w*dz(w),0,-1,0,1,1,0,0,0,96
66,apv,wave,wave,u*dx(eta),0,-1,0,1,1,0,0,0,96
66,apv,wave,wave,v*dy(eta),0.000231807228360881,2,0,16,1,1.24344978758018e-14,2.75265584554468e-07,96,0
66,apv,wave,wave,w*dz(eta),0,-1,0,1,1,0,0,0,96
66,apv,wave,wave,w*eta*dlogN2,0,-1,0,1,1,0,0,0,96
66,wave,boundary,wave,u*dx(u),0,1,1,1,0,0,0,0,64
66,wave,boundary,wave,v*dy(u),0.00259229246348384,16,1,2,0,1.76701175110508e-14,1.70671812748948e-07,64,0
66,wave,boundary,wave,w*dz(u),0.0050088641126247,16,1,2,0,4.59840523240139e-13,3.16057573224175e-07,64,0
66,wave,boundary,wave,u*dx(v),0,1,1,1,0,0,0,0,64
66,wave,boundary,wave,v*dy(v),0,1,1,1,0,0,0,0,64
66,wave,boundary,wave,w*dz(v),0,1,1,1,0,0,0,0,64
66,wave,boundary,wave,u*dx(w),0,1,1,1,0,0,0,0,64
66,wave,boundary,wave,v*dy(w),0,1,1,1,0,0,0,0,64
66,wave,boundary,wave,w*dz(w),0,1,1,1,0,0,0,0,64
66,wave,boundary,wave,u*dx(eta),0,1,1,1,0,0,0,0,64
66,wave,boundary,wave,v*dy(eta),0.000277578263394986,16,1,2,0,1.70308211977499e-13,2.15515498225294e-07,64,0
66,wave,boundary,wave,w*dz(eta),0.000202793292291109,15,1,2,0,6.39930775037101e-10,1.21002718955765e-07,64,0
66,wave,boundary,wave,w*eta*dlogN2,0.00610180330572924,16,1,2,0,3.07420755518706e-13,2.85169281077913e-07,64,0
66,boundary,wave,wave,u*dx(u),0,1,0,1,1,0,0,0,64
66,boundary,wave,wave,v*dy(u),0.00232642023209566,2,0,16,1,1.53910790486517e-14,1.42689563444444e-07,64,0
66,boundary,wave,wave,w*dz(u),0,1,0,1,1,0,0,0,64
66,boundary,wave,wave,u*dx(v),0,1,0,1,1,0,0,0,64
66,boundary,wave,wave,v*dy(v),0.00228462375724868,2,0,16,1,1.52332147490208e-14,1.28751011159422e-07,64,0
66,boundary,wave,wave,w*dz(v),0,1,0,1,1,0,0,0,64
66,boundary,wave,wave,u*dx(w),0,1,0,1,1,0,0,0,64
66,boundary,wave,wave,v*dy(w),1.85983947931739e-05,2,0,15,1,4.44089209850063e-16,1.2954546246835e-07,64,0
66,boundary,wave,wave,w*dz(w),0,1,0,1,1,0,0,0,64
66,boundary,wave,wave,u*dx(eta),0,1,0,1,1,0,0,0,64
66,boundary,wave,wave,v*dy(eta),0.000185249850931242,2,0,15,1,3.21964677141295e-15,1.13981266425256e-07,64,0
66,boundary,wave,wave,w*dz(eta),0,1,0,1,1,0,0,0,64
66,boundary,wave,wave,w*eta*dlogN2,0,1,0,1,1,0,0,0,64
66,apv,boundary,wave,u*dx(u),0,-1,0,1,0,0,0,0,6
66,apv,boundary,wave,v*dy(u),0.000565321454218184,-1,0,2,0,5.42608566509453e-15,2.88667121091234e-07,6,0
66,apv,boundary,wave,w*dz(u),0,-1,0,1,0,0,0,0,6
66,apv,boundary,wave,u*dx(v),0,-1,0,1,0,0,0,0,6
66,apv,boundary,wave,v*dy(v),0,-1,0,1,0,0,0,0,6
66,apv,boundary,wave,w*dz(v),0,-1,0,1,0,0,0,0,6
66,apv,boundary,wave,u*dx(w),0,-1,0,1,0,0,0,0,6
66,apv,boundary,wave,v*dy(w),0,-1,0,1,0,0,0,0,6
66,apv,boundary,wave,w*dz(w),0,-1,0,1,0,0,0,0,6
66,apv,boundary,wave,u*dx(eta),0,-1,0,1,0,0,0,0,6
66,apv,boundary,wave,v*dy(eta),1.26257032024973e-05,2,0,2,0,4.55191440096314e-14,2.73371327574878e-07,6,0
66,apv,boundary,wave,w*dz(eta),0,-1,0,1,0,0,0,0,6
66,apv,boundary,wave,w*eta*dlogN2,0,-1,0,1,0,0,0,0,6
66,boundary,apv,wave,u*dx(u),0,1,0,-1,0,0,0,0,6
66,boundary,apv,wave,v*dy(u),0.000525310166659013,2,0,-1,0,4.09566552628206e-15,3.09074029757678e-07,6,0
66,boundary,apv,wave,w*dz(u),0,1,0,-1,0,0,0,0,6
66,boundary,apv,wave,u*dx(v),0,1,0,-1,0,0,0,0,6
66,boundary,apv,wave,v*dy(v),0,1,0,-1,0,0,0,0,6
66,boundary,apv,wave,w*dz(v),0,1,0,-1,0,0,0,0,6
66,boundary,apv,wave,u*dx(w),0,1,0,-1,0,0,0,0,6
66,boundary,apv,wave,v*dy(w),0,1,0,-1,0,0,0,0,6
66,boundary,apv,wave,w*dz(w),0,1,0,-1,0,0,0,0,6
66,boundary,apv,wave,u*dx(eta),0,1,0,-1,0,0,0,0,6
66,boundary,apv,wave,v*dy(eta),2.63717158334108e-05,2,0,1,0,4.89608353859694e-14,6.05243798301736e-07,6,0
66,boundary,apv,wave,w*dz(eta),0,1,0,-1,0,0,0,0,6
66,boundary,apv,wave,w*eta*dlogN2,0,1,0,-1,0,0,0,0,6
66,boundary,boundary,wave,u*dx(u),0,1,0,1,0,0,0,0,4
66,boundary,boundary,wave,v*dy(u),0.000510239373528365,2,0,1,0,2.70995325865849e-15,4.80987168306602e-07,4,0
66,boundary,boundary,wave,w*dz(u),0,1,0,1,0,0,0,0,4
66,boundary,boundary,wave,u*dx(v),0,1,0,1,0,0,0,0,4
66,boundary,boundary,wave,v*dy(v),0,1,0,1,0,0,0,0,4
66,boundary,boundary,wave,w*dz(v),0,1,0,1,0,0,0,0,4
66,boundary,boundary,wave,u*dx(w),0,1,0,1,0,0,0,0,4
66,boundary,boundary,wave,v*dy(w),0,1,0,1,0,0,0,0,4
66,boundary,boundary,wave,w*dz(w),0,1,0,1,0,0,0,0,4
66,boundary,boundary,wave,u*dx(eta),0,1,0,1,0,0,0,0,4
66,boundary,boundary,wave,v*dy(eta),2.13661936868524e-05,2,0,1,0,8.07132138902489e-14,2.77818630545212e-07,4,0
66,boundary,boundary,wave,w*dz(eta),0,1,0,1,0,0,0,0,4
66,boundary,boundary,wave,w*eta*dlogN2,0,1,0,1,0,0,0,0,4
67,wave,wave,wave,u*dx(u),0.591612762268819,15,1,16,1,1.62909907786002e-10,3.91024537194085e-08,1024,0
67,wave,wave,wave,v*dy(u),0,1,1,1,1,0,0,0,1024
67,wave,wave,wave,w*dz(u),0.592037625671452,16,1,15,1,2.86751751263914e-05,0.000324320270373324,1024,0
67,wave,wave,wave,u*dx(v),0.590263484258241,15,1,16,1,1.62909685741397e-10,2.93266284590032e-08,1024,0
67,wave,wave,wave,v*dy(v),0,1,1,1,1,0,0,0,1024
67,wave,wave,wave,w*dz(v),0.590651740616409,16,1,15,1,2.86751751266134e-05,0.000324330049369381,1024,0
67,wave,wave,wave,u*dx(w),0.00174855318966164,16,1,16,1,5.82307535523796e-11,3.91099229668512e-08,1024,0
67,wave,wave,wave,v*dy(w),0,1,1,1,1,0,0,0,1024
67,wave,wave,wave,w*dz(w),0.00174855263831916,16,1,16,1,5.82309755969845e-11,3.91125558607541e-08,1024,0
67,wave,wave,wave,u*dx(eta),0.100575103521629,16,1,16,1,3.82761489170491e-10,2.93285865593518e-08,1024,0
67,wave,wave,wave,v*dy(eta),0,1,1,1,1,0,0,0,1024
67,wave,wave,wave,w*dz(eta),0.100575001706309,16,1,16,1,3.82761378148189e-10,2.93312646393318e-08,1024,0
67,wave,wave,wave,w*eta*dlogN2,0.0807485090441822,16,1,16,1,6.30682173152763e-11,2.93109990723295e-08,1024,0
67,wave,apv,wave,u*dx(u),0,1,1,-1,0,0,0,0,96
67,wave,apv,wave,v*dy(u),0,1,1,-1,0,0,0,0,96
67,wave,apv,wave,w*dz(u),0,1,1,-1,0,0,0,0,96
67,wave,apv,wave,u*dx(v),0.00337555013298022,16,1,2,0,4.38462857623813e-14,3.12733433924183e-07,96,0
67,wave,apv,wave,v*dy(v),0,1,1,-1,0,0,0,0,96
67,wave,apv,wave,w*dz(v),0.0097833761843474,16,1,2,0,7.09876601945325e-13,4.83822918839749e-07,96,0
67,wave,apv,wave,u*dx(w),0,1,1,-1,0,0,0,0,96
67,wave,apv,wave,v*dy(w),0,1,1,-1,0,0,0,0,96
67,wave,apv,wave,w*dz(w),0,1,1,-1,0,0,0,0,96
67,wave,apv,wave,u*dx(eta),0.0012260520042833,16,1,2,0,6.54587495318992e-13,4.97382226294363e-07,96,0
67,wave,apv,wave,v*dy(eta),0,1,1,-1,0,0,0,0,96
67,wave,apv,wave,w*dz(eta),0.000487358247449622,16,1,2,0,7.65073582265074e-09,6.51733799816867e-07,96,0
67,wave,apv,wave,w*eta*dlogN2,0.013397812848533,16,1,2,0,4.0867309536452e-13,4.88597093228904e-07,96,0
67,apv,wave,wave,u*dx(u),0.00340001525631495,2,0,16,1,4.4273683711159e-14,3.22452645993627e-07,96,0
67,apv,wave,wave,v*dy(u),0,-1,0,1,1,0,0,0,96
67,apv,wave,wave,w*dz(u),0,-1,0,1,1,0,0,0,96
67,apv,wave,wave,u*dx(v),0.00337557875601303,2,0,16,1,4.37390194654643e-14,3.12733024011273e-07,96,0
67,apv,wave,wave,v*dy(v),0,-1,0,1,1,0,0,0,96
67,apv,wave,wave,w*dz(v),0,-1,0,1,1,0,0,0,96
67,apv,wave,wave,u*dx(w),8.66787218947371e-05,2,0,15,1,9.99200722162641e-16,2.22434809016292e-07,96,0
67,apv,wave,wave,v*dy(w),0,-1,0,1,1,0,0,0,96
67,apv,wave,wave,w*dz(w),0,-1,0,1,1,0,0,0,96
67,apv,wave,wave,u*dx(eta),0.000488290196308,2,0,16,1,1.25455201782643e-14,3.90891001254724e-07,96,0
67,apv,wave,wave,v*dy(eta),0,-1,0,1,1,0,0,0,96
67,apv,wave,wave,w*dz(eta),0,-1,0,1,1,0,0,0,96
67,apv,wave,wave,w*eta*dlogN2,0,-1,0,1,1,0,0,0,96
67,wave,boundary,wave,u*dx(u),0,1,1,1,0,0,0,0,64
67,wave,boundary,wave,v*dy(u),0,1,1,1,0,0,0,0,64
67,wave,boundary,wave,w*dz(u),0,1,1,1,0,0,0,0,64
67,wave,boundary,wave,u*dx(v),0.002757736052792,16,1,2,0,2.0635645586747e-14,1.69581465628367e-07,64,0
67,wave,boundary,wave,v*dy(v),0,1,1,1,0,0,0,0,64
67,wave,boundary,wave,w*dz(v),0.00541996216887723,16,1,2,0,5.17380540115631e-13,4.03023675654701e-07,64,0
67,wave,boundary,wave,u*dx(w),0,1,1,1,0,0,0,0,64
67,wave,boundary,wave,v*dy(w),0,1,1,1,0,0,0,0,64
67,wave,boundary,wave,w*dz(w),0,1,1,1,0,0,0,0,64
67,wave,boundary,wave,u*dx(eta),0.000689107482746636,16,1,2,0,2.1405099914773e-13,3.24311593358217e-07,64,0
67,wave,boundary,wave,v*dy(eta),0,1,1,1,0,0,0,0,64
67,wave,boundary,wave,w*dz(eta),0.000430908128744318,15,1,2,0,9.57774304310988e-10,1.31249263568556e-07,64,0
67,wave,boundary,wave,w*eta*dlogN2,0.0121417912300121,16,1,2,0,3.03979064142368e-13,4.04945280307878e-07,64,0
67,boundary,wave,wave,u*dx(u),0.00229955629234691,2,0,16,1,1.50882299872465e-14,1.32015989001086e-07,64,0
67,boundary,wave,wave,v*dy(u),0,1,0,1,1,0,0,0,64
67,boundary,wave,wave,w*dz(u),0,1,0,1,1,0,0,0,64
67,boundary,wave,wave,u*dx(v),0.00227147769067189,2,0,16,1,1.53768762998143e-14,1.19964714305262e-07,64,0
67,boundary,wave,wave,v*dy(v),0,1,0,1,1,0,0,0,64
67,boundary,wave,wave,w*dz(v),0,1,0,1,1,0,0,0,64
67,boundary,wave,wave,u*dx(w),4.53598254287097e-05,2,0,15,1,4.44089209850063e-16,1.29567822582111e-07,64,0
67,boundary,wave,wave,v*dy(w),0,1,0,1,1,0,0,0,64
67,boundary,wave,wave,w*dz(w),0,1,0,1,1,0,0,0,64
67,boundary,wave,wave,u*dx(eta),0.000370463800884048,2,0,15,1,2.99760216648792e-15,1.13993894546027e-07,64,0
67,boundary,wave,wave,v*dy(eta),0,1,0,1,1,0,0,0,64
67,boundary,wave,wave,w*dz(eta),0,1,0,1,1,0,0,0,64
67,boundary,wave,wave,w*eta*dlogN2,0,1,0,1,1,0,0,0,64
67,apv,boundary,wave,u*dx(u),0,-1,0,1,0,0,0,0,6
67,apv,boundary,wave,v*dy(u),0,-1,0,1,0,0,0,0,6
67,apv,boundary,wave,w*dz(u),0,-1,0,1,0,0,0,0,6
67,apv,boundary,wave,u*dx(v),0.000587534075940702,2,0,2,0,5.6188066918603e-15,2.67775430495831e-07,6,0
67,apv,boundary,wave,v*dy(v),0,-1,0,1,0,0,0,0,6
67,apv,boundary,wave,w*dz(v),0,-1,0,1,0,0,0,0,6
67,apv,boundary,wave,u*dx(w),0,-1,0,1,0,0,0,0,6
67,apv,boundary,wave,v*dy(w),0,-1,0,1,0,0,0,0,6
67,apv,boundary,wave,w*dz(w),0,-1,0,1,0,0,0,0,6
67,apv,boundary,wave,u*dx(eta),3.30410997697294e-05,2,0,2,0,5.6843418860808e-14,3.48750239131945e-07,6,0
67,apv,boundary,wave,v*dy(eta),0,-1,0,1,0,0,0,0,6
67,apv,boundary,wave,w*dz(eta),0,-1,0,1,0,0,0,0,6
67,apv,boundary,wave,w*eta*dlogN2,0,-1,0,1,0,0,0,0,6
67,boundary,apv,wave,u*dx(u),0,1,0,-1,0,0,0,0,6
67,boundary,apv,wave,v*dy(u),0,1,0,-1,0,0,0,0,6
67,boundary,apv,wave,w*dz(u),0,1,0,-1,0,0,0,0,6
67,boundary,apv,wave,u*dx(v),0.00052258280239633,2,0,-1,0,3.93230243480577e-15,2.91042544731113e-07,6,0
67,boundary,apv,wave,v*dy(v),0,1,0,-1,0,0,0,0,6
67,boundary,apv,wave,w*dz(v),0,1,0,-1,0,0,0,0,6
67,boundary,apv,wave,u*dx(w),0,1,0,-1,0,0,0,0,6
67,boundary,apv,wave,v*dy(w),0,1,0,-1,0,0,0,0,6
67,boundary,apv,wave,w*dz(w),0,1,0,-1,0,0,0,0,6
67,boundary,apv,wave,u*dx(eta),5.99709974371625e-05,2,0,1,0,4.89608353859694e-14,6.05243798412758e-07,6,0
67,boundary,apv,wave,v*dy(eta),0,1,0,-1,0,0,0,0,6
67,boundary,apv,wave,w*dz(eta),0,1,0,-1,0,0,0,0,6
67,boundary,apv,wave,w*eta*dlogN2,0,1,0,-1,0,0,0,0,6
67,boundary,boundary,wave,u*dx(u),0,1,0,1,0,0,0,0,4
67,boundary,boundary,wave,v*dy(u),0,1,0,1,0,0,0,0,4
67,boundary,boundary,wave,w*dz(u),0,1,0,1,0,0,0,0,4
67,boundary,boundary,wave,u*dx(v),0.000511472185219434,2,0,1,0,2.81232057837609e-15,2.89220650318001e-07,4,0
67,boundary,boundary,wave,v*dy(v),0,1,0,1,0,0,0,0,4
67,boundary,boundary,wave,w*dz(v),0,1,0,1,0,0,0,0,4
67,boundary,boundary,wave,u*dx(w),0,1,0,1,0,0,0,0,4
67,boundary,boundary,wave,v*dy(w),0,1,0,1,0,0,0,0,4
67,boundary,boundary,wave,w*dz(w),0,1,0,1,0,0,0,0,4
67,boundary,boundary,wave,u*dx(eta),5.31183375424352e-05,2,0,1,0,8.17124146124115e-14,5.02618368813934e-07,4,0
67,boundary,boundary,wave,v*dy(eta),0,1,0,1,0,0,0,0,4
67,boundary,boundary,wave,w*dz(eta),0,1,0,1,0,0,0,0,4
67,boundary,boundary,wave,w*eta*dlogN2,0,1,0,1,0,0,0,0,4
68,wave,wave,wave,u*dx(u),0.592906201846017,15,-1,16,1,1.62904800760089e-10,3.90818427620232e-08,1024,0
68,wave,wave,wave,v*dy(u),0.592906201846017,16,-1,15,1,1.62904800760089e-10,3.90842656017298e-08,1024,0
68,wave,wave,wave,w*dz(u),0.593367472579309,16,1,15,1,6.20170097265227e-06,0.000143964226817062,1024,0
68,wave,wave,wave,u*dx(v),0.590250368488579,16,-1,15,1,1.62905022804694e-10,3.90842658237744e-08,1024,0
68,wave,wave,wave,v*dy(v),0.590250368488579,16,-1,15,1,1.62904578715484e-10,3.90866887745034e-08,1024,0
68,wave,wave,wave,w*dz(v),0.590638754444752,16,1,15,1,6.20170097276329e-06,0.000143964224393667,1024,0
68,wave,wave,wave,u*dx(w),0.0014326703876873,16,1,16,1,5.82327519538239e-11,3.90923480253491e-08,1024,0
68,wave,wave,wave,v*dy(w),0.0014326703876873,16,1,16,1,5.82326409315215e-11,3.90947710871004e-08,1024,0
68,wave,wave,wave,w*dz(w),0.0014326703876873,16,1,16,1,5.82328629761264e-11,3.90956238494056e-08,1024,0
68,wave,wave,wave,u*dx(eta),0.0827005348215406,16,1,16,1,3.8277181424462e-10,2.93163603393154e-08,1024,0
68,wave,wave,wave,v*dy(eta),0.0827005348215406,16,1,16,1,3.82771703222318e-10,2.93187836231112e-08,1024,0
68,wave,wave,wave,w*dz(eta),0.0827005348215405,16,1,16,1,3.82771481177713e-10,2.93196363854165e-08,1024,0
68,wave,wave,wave,w*eta*dlogN2,0.068805453411772,16,1,16,1,6.30689944713936e-11,2.92987637484643e-08,1024,0
68,wave,apv,wave,u*dx(u),0.0034233775242826,16,1,2,0,4.4675574616711e-14,3.34066042537843e-07,96,0
68,wave,apv,wave,v*dy(u),0.00342337752428226,16,1,2,0,4.4279140534415e-14,3.34066042385438e-07,96,0
68,wave,apv,wave,w*dz(u),0.00982461093728323,16,1,2,0,7.09876601945325e-13,4.84065663807267e-07,96,0
68,wave,apv,wave,u*dx(v),0.00336581805624148,16,1,2,0,4.3685839794967e-14,3.12550463328222e-07,96,0
68,wave,apv,wave,v*dy(v),0.00336581805624145,16,1,2,0,4.34220502158793e-14,3.12550461903913e-07,96,0
68,wave,apv,wave,w*dz(v),0.00978301044943525,16,1,2,0,7.09876601945325e-13,4.83822918839749e-07,96,0
68,wave,apv,wave,u*dx(w),0,1,1,-1,0,0,0,0,96
68,wave,apv,wave,v*dy(w),0,1,1,-1,0,0,0,0,96
68,wave,apv,wave,w*dz(w),0,1,1,-1,0,0,0,0,96
68,wave,apv,wave,u*dx(eta),0.00102027263911554,16,1,2,0,6.54587495318992e-13,4.97382226294363e-07,96,0
68,wave,apv,wave,v*dy(eta),0.00102027263911553,16,1,2,0,6.54254428411605e-13,4.97381351660664e-07,96,0
68,wave,apv,wave,w*dz(eta),0.00041276539642801,16,1,2,0,7.65073582265074e-09,6.51733799816867e-07,96,0
68,wave,apv,wave,w*eta*dlogN2,0.0112734509666611,16,1,2,0,4.0867309536452e-13,4.88597093228904e-07,96,0
68,apv,wave,wave,u*dx(u),0.00342337752428261,2,0,16,1,4.46873763520549e-14,3.34066042548082e-07,96,0
68,apv,wave,wave,v*dy(u),0.00342337752428266,2,0,16,1,4.46917359635992e-14,3.34066042539735e-07,96,0
68,apv,wave,wave,w*dz(u),0,-1,0,1,1,0,0,0,96
68,apv,wave,wave,u*dx(v),0.00336581805624145,2,0,16,1,4.34613349974807e-14,3.12550461944258e-07,96,0
68,apv,wave,wave,v*dy(v),0.0033658180562415,2,0,16,1,4.34832999307945e-14,3.1255046188406e-07,96,0
68,apv,wave,wave,w*dz(v),0,-1,0,1,1,0,0,0,96
68,apv,wave,wave,u*dx(w),7.10408128378327e-05,2,0,15,1,6.66133814775094e-16,2.22520933457204e-07,96,0
68,apv,wave,wave,v*dy(w),7.10408128378333e-05,2,0,15,1,6.66133814775094e-16,2.22520933457204e-07,96,0
68,apv,wave,wave,w*dz(w),0,-1,0,1,1,0,0,0,96
68,apv,wave,wave,u*dx(eta),0.000413528614537773,2,0,16,1,1.24344978758018e-14,3.7207512233923e-07,96,0
68,apv,wave,wave,v*dy(eta),0.000413528614537777,2,0,16,1,1.24344978758018e-14,3.72075122459908e-07,96,0
68,apv,wave,wave,w*dz(eta),0,-1,0,1,1,0,0,0,96
68,apv,wave,wave,w*eta*dlogN2,0,-1,0,1,1,0,0,0,96
68,wave,boundary,wave,u*dx(u),0.002326277616068,16,1,2,0,1.5390481089788e-14,1.42655155983527e-07,64,0
68,wave,boundary,wave,v*dy(u),0.00232627761606796,16,1,2,0,1.52735842534106e-14,1.42655160646151e-07,64,0
68,wave,boundary,wave,w*dz(u),0.00452570798106398,16,1,2,0,4.03240521314331e-13,2.50894538059092e-07,64,0
68,wave,boundary,wave,u*dx(v),0.00225817960208492,16,1,2,0,1.48183184929381e-14,1.21298276645199e-07,64,0
68,wave,boundary,wave,v*dy(v),0.00225817960208488,16,1,2,0,1.49085236771745e-14,1.21300699595928e-07,64,0
68,wave,boundary,wave,w*dz(v),0.00450581904783396,16,1,2,0,4.01901442239251e-13,2.13196974629959e-07,64,0
68,wave,boundary,wave,u*dx(w),0,1,1,1,0,0,0,0,64
68,wave,boundary,wave,v*dy(w),0,1,1,1,0,0,0,0,64
68,wave,boundary,wave,w*dz(w),0,1,1,1,0,0,0,0,64
68,wave,boundary,wave,u*dx(eta),0.000479137342960001,16,1,2,0,1.36224365121507e-13,1.55448000360714e-07,64,0
68,wave,boundary,wave,v*dy(eta),0.000479137342959981,16,1,2,0,1.36224365121507e-13,1.55450423422465e-07,64,0
68,wave,boundary,wave,w*dz(eta),0.000317105439416276,15,1,2,0,4.53190152072125e-10,1.01666832175162e-07,64,0
68,wave,boundary,wave,w*eta*dlogN2,0.0122657778603227,16,1,2,0,3.05644398679306e-13,2.13383637204245e-07,64,0
68,boundary,wave,wave,u*dx(u),0.00232627761606799,2,0,16,1,1.54076141890915e-14,1.4265515603702e-07,64,0
68,boundary,wave,wave,v*dy(u),0.002326277616068,2,0,16,1,1.54238327692187e-14,1.42655155975994e-07,64,0
68,boundary,wave,wave,w*dz(u),0,1,0,1,1,0,0,0,64
68,boundary,wave,wave,u*dx(v),0.00225817960208488,2,0,16,1,1.48900794567916e-14,1.2130069970695e-07,64,0
68,boundary,wave,wave,v*dy(v),0.00225817960208487,2,0,16,1,1.49328909585307e-14,1.2130069970695e-07,64,0
68,boundary,wave,wave,w*dz(v),0,1,0,1,1,0,0,0,64
68,boundary,wave,wave,u*dx(w),3.7174779126021e-05,2,0,15,1,4.44089209850063e-16,1.29552077732242e-07,64,0
68,boundary,wave,wave,v*dy(w),3.7174779126021e-05,2,0,15,1,6.66133814775094e-16,1.29552077732242e-07,64,0
68,boundary,wave,wave,w*dz(w),0,1,0,1,1,0,0,0,64
68,boundary,wave,wave,u*dx(eta),0.000318142489303309,2,0,15,1,3.33066907387547e-15,1.13984836125347e-07,64,0
68,boundary,wave,wave,v*dy(eta),0.000318142489303322,2,0,15,1,3.33066907387547e-15,1.13984836125347e-07,64,0
68,boundary,wave,wave,w*dz(eta),0,1,0,1,1,0,0,0,64
68,boundary,wave,wave,w*eta*dlogN2,0,1,0,1,1,0,0,0,64
68,apv,boundary,wave,u*dx(u),0.000525304139855304,-1,0,2,0,3.9553340377943e-15,3.08769684310735e-07,6,0
68,apv,boundary,wave,v*dy(u),0.000525304139855303,-1,0,2,0,3.92734491987475e-15,3.08769684229836e-07,6,0
68,apv,boundary,wave,w*dz(u),0,-1,0,1,0,0,0,0,6
68,apv,boundary,wave,u*dx(v),0.000522557680058483,-1,0,2,0,4.21135647056954e-15,2.91042544731113e-07,6,0
68,apv,boundary,wave,v*dy(v),0.000522557680058459,-1,0,2,0,4.2153803721139e-15,2.91042544731113e-07,6,0
68,apv,boundary,wave,w*dz(v),0,-1,0,1,0,0,0,0,6
68,apv,boundary,wave,u*dx(w),0,-1,0,1,0,0,0,0,6
68,apv,boundary,wave,v*dy(w),0,-1,0,1,0,0,0,0,6
68,apv,boundary,wave,w*dz(w),0,-1,0,1,0,0,0,0,6
68,apv,boundary,wave,u*dx(eta),2.18355468497453e-05,-1,0,2,0,3.50830475781549e-14,2.40172792320692e-07,6,0
68,apv,boundary,wave,v*dy(eta),2.18355468497452e-05,-1,0,2,0,3.49720252756924e-14,2.40172792320692e-07,6,0
68,apv,boundary,wave,w*dz(eta),0,-1,0,1,0,0,0,0,6
68,apv,boundary,wave,w*eta*dlogN2,0,-1,0,1,0,0,0,0,6
68,boundary,apv,wave,u*dx(u),0.000525304139855349,2,0,-1,0,3.95375305215105e-15,3.08769684326343e-07,6,0
68,boundary,apv,wave,v*dy(u),0.000525304139855332,2,0,-1,0,3.94693935728752e-15,3.08769684331456e-07,6,0
68,boundary,apv,wave,w*dz(u),0,1,0,-1,0,0,0,0,6
68,boundary,apv,wave,u*dx(v),0.000522557680058489,2,0,-1,0,4.22772973411563e-15,2.91042544731113e-07,6,0
68,boundary,apv,wave,v*dy(v),0.00052255768005849,2,0,-1,0,4.20289945541007e-15,2.91042544509068e-07,6,0
68,boundary,apv,wave,w*dz(v),0,1,0,-1,0,0,0,0,6
68,boundary,apv,wave,u*dx(w),0,1,0,-1,0,0,0,0,6
68,boundary,apv,wave,v*dy(w),0,1,0,-1,0,0,0,0,6
68,boundary,apv,wave,w*dz(w),0,1,0,-1,0,0,0,0,6
68,boundary,apv,wave,u*dx(eta),4.9954537677853e-05,2,0,1,0,4.89608353859694e-14,6.05243798412758e-07,6,0
68,boundary,apv,wave,v*dy(eta),4.99545376779257e-05,2,0,1,0,4.89608353859694e-14,6.05243798301736e-07,6,0
68,boundary,apv,wave,w*dz(eta),0,1,0,-1,0,0,0,0,6
68,boundary,apv,wave,w*eta*dlogN2,0,1,0,-1,0,0,0,0,6
68,boundary,boundary,wave,u*dx(u),0.000467028299656293,2,0,1,0,2.61968358193822e-15,5.99653979304181e-07,4,0
68,boundary,boundary,wave,v*dy(u),0.000467028299656242,2,0,1,0,2.58824894665044e-15,5.9965397944165e-07,4,0
68,boundary,boundary,wave,w*dz(u),0,1,0,1,0,0,0,0,4
68,boundary,boundary,wave,u*dx(v),0.000464569099538348,2,0,1,0,2.46713566064859e-15,4.91259867896332e-07,4,0
68,boundary,boundary,wave,v*dy(v),0.000464569099538304,1,0,2,0,2.45172306831809e-15,4.91259867896332e-07,4,0
68,boundary,boundary,wave,w*dz(v),0,1,0,1,0,0,0,0,4
68,boundary,boundary,wave,u*dx(w),0,1,0,1,0,0,0,0,4
68,boundary,boundary,wave,v*dy(w),0,1,0,1,0,0,0,0,4
68,boundary,boundary,wave,w*dz(w),0,1,0,1,0,0,0,0,4
68,boundary,boundary,wave,u*dx(eta),3.73078057349783e-05,2,0,1,0,7.4273920347423e-14,2.96784445388908e-07,4,0
68,boundary,boundary,wave,v*dy(eta),3.73078057349674e-05,2,0,1,0,7.4273920347423e-14,2.96784445364028e-07,4,0
68,boundary,boundary,wave,w*dz(eta),0,1,0,1,0,0,0,0,4
68,boundary,boundary,wave,w*eta*dlogN2,0,1,0,1,0,0,0,0,4
69,wave,wave,wave,u*dx(u),0.591604404045196,16,1,15,1,1.62907465295348e-10,3.90574153019685e-08,1024,0
69,wave,wave,wave,v*dy(u),0.591604404045195,16,1,15,1,1.62907687339953e-10,2.92815903746302e-08,1024,0
69,wave,wave,wave,w*dz(u),0.592030447615865,16,1,15,1,1.24227366871121e-06,2.88105806098837e-05,1024,0
69,wave,wave,wave,u*dx(v),0.592243164735675,16,1,15,1,1.62907465295348e-10,3.90561283314383e-08,1024,0
69,wave,wave,wave,v*dy(v),0.592243164735675,16,1,15,1,1.62907465295348e-10,2.92803030710331e-08,1024,0
69,wave,wave,wave,w*dz(v),0.592686876938905,16,1,15,1,1.24227366904428e-06,2.88105818972983e-05,1024,0
69,wave,wave,wave,u*dx(w),0.00123252068552706,16,1,16,1,5.82334180876387e-11,3.90646626158286e-08,1024,0
69,wave,wave,wave,v*dy(w),0.00123252068552706,16,1,16,1,5.82335291099412e-11,2.92888376884903e-08,1024,0
69,wave,wave,wave,w*dz(w),0.00123252166805,16,1,16,1,5.82337511545461e-11,3.90651565540523e-08,1024,0
69,wave,wave,wave,u*dx(eta),0.0712951092994058,16,1,16,1,3.82776810248231e-10,2.93119372107853e-08,1024,0
69,wave,wave,wave,v*dy(eta),0.0712951092994058,16,1,16,1,3.82777143315138e-10,1.9536112283447e-08,1024,0
69,wave,wave,wave,w*dz(eta),0.07129529245919,16,1,16,1,3.82777365359743e-10,2.93125410610884e-08,1024,0
69,wave,wave,wave,w*eta*dlogN2,0.0609356606340278,16,1,16,1,6.30694385606034e-11,2.92916846333924e-08,1024,0
69,wave,apv,wave,u*dx(u),0.00339069712583587,16,1,2,0,4.42593810779776e-14,3.20479574598471e-07,96,0
69,wave,apv,wave,v*dy(u),0.00339069712583548,16,1,2,0,4.41059176041451e-14,3.20479575696247e-07,96,0
69,wave,apv,wave,w*dz(u),0.0098041222741829,16,1,2,0,7.09876601945325e-13,4.83837541587206e-07,96,0
69,wave,apv,wave,u*dx(v),0.0034067775229326,16,1,2,0,4.45587485464965e-14,3.2721025594302e-07,96,0
69,wave,apv,wave,v*dy(v),0.00340677752293243,16,1,2,0,4.45600908557762e-14,3.27210256515902e-07,96,0
69,wave,apv,wave,w*dz(v),0.00981415734180705,16,1,2,0,7.09876601945325e-13,4.83837541143117e-07,96,0
69,wave,apv,wave,u*dx(w),0,1,1,-1,0,0,0,0,96
69,wave,apv,wave,v*dy(w),0,1,1,-1,0,0,0,0,96
69,wave,apv,wave,w*dz(w),0,1,1,-1,0,0,0,0,96
69,wave,apv,wave,u*dx(eta),0.000887956525903459,16,1,2,0,6.54143406109142e-13,4.97383013331465e-07,96,0
69,wave,apv,wave,v*dy(eta),0.000887956525903446,16,1,2,0,6.54254428411605e-13,4.97385170161735e-07,96,0
69,wave,apv,wave,w*dz(eta),0.000364363630402438,16,1,2,0,7.65064123164905e-09,6.51733401912935e-07,96,0
69,wave,apv,wave,w*eta*dlogN2,0.00989252661432275,16,1,2,0,4.08784117666983e-13,4.88612645233033e-07,96,0
69,apv,wave,wave,u*dx(u),0,-1,0,1,1,0,0,0,96
69,apv,wave,wave,v*dy(u),0.00339062436482279,2,0,16,-1,4.39918734998514e-14,3.2047083160382e-07,96,0
69,apv,wave,wave,w*dz(u),0,-1,0,1,1,0,0,0,96
69,apv,wave,wave,u*dx(v),0,-1,0,1,1,0,0,0,96
69,apv,wave,wave,v*dy(v),0.00340670445358361,2,0,16,1,4.42717538801964e-14,3.27201279557256e-07,96,0
69,apv,wave,wave,w*dz(v),0,-1,0,1,1,0,0,0,96
69,apv,wave,wave,u*dx(w),0,-1,0,1,1,0,0,0,96
69,apv,wave,wave,v*dy(w),6.11258087315014e-05,2,0,15,1,8.88178419700125e-16,2.22673703698106e-07,96,0
69,apv,wave,wave,w*dz(w),0,-1,0,1,1,0,0,0,96
69,apv,wave,wave,u*dx(eta),0,-1,0,1,1,0,0,0,96
69,apv,wave,wave,v*dy(eta),0.00036502299818653,2,0,16,1,1.25455201782643e-14,3.55010226448489e-07,96,0
69,apv,wave,wave,w*dz(eta),0,-1,0,1,1,0,0,0,96
69,apv,wave,wave,w*eta*dlogN2,0,-1,0,1,1,0,0,0,96
69,wave,boundary,wave,u*dx(u),0.00164426353055841,16,1,2,0,1.09323548695988e-14,8.26948870491506e-08,64,0
69,wave,boundary,wave,v*dy(u),0.0016442635305585,16,1,2,0,1.09492965096504e-14,7.76418402050487e-08,64,0
69,wave,boundary,wave,w*dz(u),0.00333937327440152,16,1,2,0,2.72754738960146e-13,1.08855212567978e-07,64,0
69,wave,boundary,wave,u*dx(v),0.00165866266056441,16,1,2,0,1.10833139976133e-14,8.31464265963684e-08,64,0
69,wave,boundary,wave,v*dy(v),0.0016586626605645,16,1,2,0,1.09445572397452e-14,8.31464237576659e-08,64,0
69,wave,boundary,wave,w*dz(v),0.00334287318398018,16,1,2,0,2.73011857392132e-13,1.34475120716125e-07,64,0
69,wave,boundary,wave,u*dx(w),0,1,1,1,0,0,0,0,64
69,wave,boundary,wave,v*dy(w),0,1,1,1,0,0,0,0,64
69,wave,boundary,wave,w*dz(w),0,1,1,1,0,0,0,0,64
69,wave,boundary,wave,u*dx(eta),0.000310673661618187,16,1,2,0,9.76996261670138e-14,8.86924182985638e-08,64,0
69,wave,boundary,wave,v*dy(eta),0.000310673661618195,16,1,2,0,9.79216707719388e-14,7.89165941483816e-08,64,0
69,wave,boundary,wave,w*dz(eta),0.000209398996697255,15,1,2,0,2.0515034115931e-10,6.27773977246449e-08,64,0
69,wave,boundary,wave,w*eta*dlogN2,0.0126774359458323,16,1,2,0,2.85438339631128e-13,1.12372530947091e-07,64,0
69,boundary,wave,wave,u*dx(u),0,1,0,1,1,0,0,0,64
69,boundary,wave,wave,v*dy(u),0.00277567183788301,2,0,16,1,2.07728177047628e-14,1.71761329927062e-07,64,0
69,boundary,wave,wave,w*dz(u),0,1,0,1,1,0,0,0,64
69,boundary,wave,wave,u*dx(v),0,1,0,1,1,0,0,0,64
69,boundary,wave,wave,v*dy(v),0.00279857948594623,2,0,16,-1,2.09411441072515e-14,1.73114910221638e-07,64,0
69,boundary,wave,wave,w*dz(v),0,1,0,1,1,0,0,0,64
69,boundary,wave,wave,u*dx(w),0,1,0,1,1,0,0,0,64
69,boundary,wave,wave,v*dy(w),4.14137608633482e-05,2,0,15,1,5.55111512312578e-16,1.86873836849344e-07,64,0
69,boundary,wave,wave,w*dz(w),0,1,0,1,1,0,0,0,64
69,boundary,wave,wave,u*dx(eta),0,1,0,1,1,0,0,0,64
69,boundary,wave,wave,v*dy(eta),0.000332279534915475,2,0,15,1,3.21964677141295e-15,1.59291831169917e-07,64,0
69,boundary,wave,wave,w*dz(eta),0,1,0,1,1,0,0,0,64
69,boundary,wave,wave,w*eta*dlogN2,0,1,0,1,1,0,0,0,64
69,apv,boundary,wave,u*dx(u),0,-1,0,1,0,0,0,0,6
69,apv,boundary,wave,v*dy(u),0.000395478531972313,-1,0,2,0,2.60868981491626e-15,3.30513364010798e-07,6,0
69,apv,boundary,wave,w*dz(u),0,-1,0,1,0,0,0,0,6
69,apv,boundary,wave,u*dx(v),0,-1,0,1,0,0,0,0,6
69,apv,boundary,wave,v*dy(v),0.000395981005606522,-1,0,2,0,2.59947889725416e-15,3.30513364232843e-07,6,0
69,apv,boundary,wave,w*dz(v),0,-1,0,1,0,0,0,0,6
69,apv,boundary,wave,u*dx(w),0,-1,0,1,0,0,0,0,6
69,apv,boundary,wave,v*dy(w),0,-1,0,1,0,0,0,0,6
69,apv,boundary,wave,w*dz(w),0,-1,0,1,0,0,0,0,6
69,apv,boundary,wave,u*dx(eta),0,-1,0,1,0,0,0,0,6
69,apv,boundary,wave,v*dy(eta),1.42438271438643e-05,-1,0,2,0,1.69536681356272e-14,3.23847392014187e-07,6,0
69,apv,boundary,wave,w*dz(eta),0,-1,0,1,0,0,0,0,6
69,apv,boundary,wave,w*eta*dlogN2,0,-1,0,1,0,0,0,0,6
69,boundary,apv,wave,u*dx(u),0,1,0,-1,0,0,0,0,6
69,boundary,apv,wave,v*dy(u),0.000589256462362806,2,0,2,0,5.6276132451885e-15,2.67775430606854e-07,6,0
69,boundary,apv,wave,w*dz(u),0,1,0,-1,0,0,0,0,6
69,boundary,apv,wave,u*dx(v),0,1,0,-1,0,0,0,0,6
69,boundary,apv,wave,v*dy(v),0.000590158365386895,2,0,2,0,5.79008738634965e-15,2.67775430606854e-07,6,0
69,boundary,apv,wave,w*dz(v),0,1,0,-1,0,0,0,0,6
69,boundary,apv,wave,u*dx(w),0,1,0,-1,0,0,0,0,6
69,boundary,apv,wave,v*dy(w),0,1,0,-1,0,0,0,0,6
69,boundary,apv,wave,w*dz(w),0,1,0,-1,0,0,0,0,6
69,boundary,apv,wave,u*dx(eta),0,1,0,-1,0,0,0,0,6
69,boundary,apv,wave,v*dy(eta),3.73827975019138e-05,2,0,2,0,5.75095526755831e-14,6.35408188731645e-07,6,0
69,boundary,apv,wave,w*dz(eta),0,1,0,-1,0,0,0,0,6
69,boundary,apv,wave,w*eta*dlogN2,0,1,0,-1,0,0,0,0,6
69,boundary,boundary,wave,u*dx(u),0,1,0,1,0,0,0,0,4
69,boundary,boundary,wave,v*dy(u),0.000398253332874168,1,0,2,0,2.80935020137529e-15,3.11825912202579e-07,4,0
69,boundary,boundary,wave,w*dz(u),0,1,0,1,0,0,0,0,4
69,boundary,boundary,wave,u*dx(v),0,1,0,1,0,0,0,0,4
69,boundary,boundary,wave,v*dy(v),0.000398758051645173,1,0,2,0,2.81972086782776e-15,3.11825912424624e-07,4,0
69,boundary,boundary,wave,w*dz(v),0,1,0,1,0,0,0,0,4
69,boundary,boundary,wave,u*dx(w),0,1,0,1,0,0,0,0,4
69,boundary,boundary,wave,v*dy(w),0,1,0,1,0,0,0,0,4
69,boundary,boundary,wave,w*dz(w),0,1,0,1,0,0,0,0,4
69,boundary,boundary,wave,u*dx(eta),0,1,0,1,0,0,0,0,4
69,boundary,boundary,wave,v*dy(eta),1.41746156372374e-05,1,0,2,0,1.03481346085048e-14,2.63030967451172e-07,4,0
69,boundary,boundary,wave,w*dz(eta),0,1,0,1,0,0,0,0,4
69,boundary,boundary,wave,w*eta*dlogN2,0,1,0,1,0,0,0,0,4
70,wave,wave,wave,u*dx(u),0.592907038640633,16,1,15,1,1.62909019607582e-10,3.90722652010567e-08,1024,0
70,wave,wave,wave,v*dy(u),0,1,1,1,1,0,0,0,1024
70,wave,wave,wave,w*dz(u),0.593368933354561,16,1,15,1,3.48180054443592e-06,8.08040637414464e-05,1024,0
70,wave,wave,wave,u*dx(v),0.592238404098479,16,1,15,1,1.62909241652187e-10,2.93181531274556e-08,1024,0
70,wave,wave,wave,v*dy(v),0,1,1,1,1,0,0,0,1024
70,wave,wave,wave,w*dz(v),0.592681239576828,16,1,15,1,3.48180054399183e-06,8.08138186416674e-05,1024,0
70,wave,wave,wave,u*dx(w),0.000716489528954028,16,1,16,1,5.82319747977067e-11,3.90791203841445e-08,1024,0
70,wave,wave,wave,v*dy(w),0,1,1,1,1,0,0,0,1024
70,wave,wave,wave,w*dz(w),0.000716489874200817,16,1,16,1,5.82319747977067e-11,3.90796348614941e-08,1024,0
70,wave,wave,wave,u*dx(eta),0.0416474821770488,16,1,16,1,3.82766707218707e-10,2.931954445895e-08,1024,0
70,wave,wave,wave,v*dy(eta),0,1,1,1,1,0,0,0,1024
70,wave,wave,wave,w*dz(eta),0.0416475471395921,16,1,16,1,3.82767151307917e-10,2.93200066447952e-08,1024,0
70,wave,wave,wave,w*eta*dlogN2,0.0389126771810245,16,1,16,1,6.30687724267887e-11,2.92992732298103e-08,1024,0
70,wave,apv,wave,u*dx(u),0,1,1,-1,0,0,0,0,96
70,wave,apv,wave,v*dy(u),0,1,1,-1,0,0,0,0,96
70,wave,apv,wave,w*dz(u),0,1,1,-1,0,0,0,0,96
70,wave,apv,wave,u*dx(v),0.00339130919084786,16,1,2,0,4.44849625622588e-14,3.25442631964674e-07,96,0
70,wave,apv,wave,v*dy(v),0,1,1,-1,0,0,0,0,96
70,wave,apv,wave,w*dz(v),0.00981392983233666,16,1,2,0,7.09876601945325e-13,4.83837541143117e-07,96,0
70,wave,apv,wave,u*dx(w),0,1,1,-1,0,0,0,0,96
70,wave,apv,wave,v*dy(w),0,1,1,-1,0,0,0,0,96
70,wave,apv,wave,w*dz(w),0,1,1,-1,0,0,0,0,96
70,wave,apv,wave,u*dx(eta),0.000536588361816477,16,1,2,0,6.54143406109142e-13,4.97383013331465e-07,96,0
70,wave,apv,wave,v*dy(eta),0,1,1,-1,0,0,0,0,96
70,wave,apv,wave,w*dz(eta),0.000231432897383768,16,1,2,0,7.65064123164905e-09,6.51733401912935e-07,96,0
70,wave,apv,wave,w*eta*dlogN2,0.00613780944661554,16,1,2,0,4.08784117666983e-13,4.88612645233033e-07,96,0
70,apv,wave,wave,u*dx(u),0,-1,0,1,1,0,0,0,96
70,apv,wave,wave,v*dy(u),0,-1,0,1,1,0,0,0,96
70,apv,wave,wave,w*dz(u),0,-1,0,1,1,0,0,0,96
70,apv,wave,wave,u*dx(v),0,-1,0,1,1,0,0,0,96
70,apv,wave,wave,v*dy(v),0,-1,0,1,1,0,0,0,96
70,apv,wave,wave,w*dz(v),0,-1,0,1,1,0,0,0,96
70,apv,wave,wave,u*dx(w),0,-1,0,1,1,0,0,0,96
70,apv,wave,wave,v*dy(w),0,-1,0,1,1,0,0,0,96
70,apv,wave,wave,w*dz(w),0,-1,0,1,1,0,0,0,96
70,apv,wave,wave,u*dx(eta),0,-1,0,1,1,0,0,0,96
70,apv,wave,wave,v*dy(eta),0,-1,0,1,1,0,0,0,96
70,apv,wave,wave,w*dz(eta),0,-1,0,1,1,0,0,0,96
70,apv,wave,wave,w*eta*dlogN2,0,-1,0,1,1,0,0,0,96
70,wave,boundary,wave,u*dx(u),0,1,1,1,0,0,0,0,64
70,wave,boundary,wave,v*dy(u),0,1,1,1,0,0,0,0,64
70,wave,boundary,wave,w*dz(u),0,1,1,1,0,0,0,0,64
70,wave,boundary,wave,u*dx(v),0.00203439982308713,16,1,2,0,1.27119144360903e-14,1.07837675593736e-07,64,0
70,wave,boundary,wave,v*dy(v),0,1,1,1,0,0,0,0,64
70,wave,boundary,wave,w*dz(v),0.00405979653582064,16,1,2,0,3.5133173274531e-13,1.64483122233605e-07,64,0
70,wave,boundary,wave,u*dx(w),0,1,1,1,0,0,0,0,64
70,wave,boundary,wave,v*dy(w),0,1,1,1,0,0,0,0,64
70,wave,boundary,wave,w*dz(w),0,1,1,1,0,0,0,0,64
70,wave,boundary,wave,u*dx(eta),0.000227781498669967,16,1,2,0,1.0857981180834e-13,1.22298637772467e-07,64,0
70,wave,boundary,wave,v*dy(eta),0,1,1,1,0,0,0,0,64
70,wave,boundary,wave,w*dz(eta),0.000166450931727464,15,1,2,0,3.33592486967405e-10,8.48120228491567e-08,64,0
70,wave,boundary,wave,w*eta*dlogN2,0.00716094108030205,16,1,2,0,3.00648395068492e-13,1.65762990222973e-07,64,0
70,boundary,wave,wave,u*dx(u),0,1,0,1,1,0,0,0,64
70,boundary,wave,wave,v*dy(u),0,1,0,1,1,0,0,0,64
70,boundary,wave,wave,w*dz(u),0,1,0,1,1,0,0,0,64
70,boundary,wave,wave,u*dx(v),0,1,0,1,1,0,0,0,64
70,boundary,wave,wave,v*dy(v),0,1,0,1,1,0,0,0,64
70,boundary,wave,wave,w*dz(v),0,1,0,1,1,0,0,0,64
70,boundary,wave,wave,u*dx(w),0,1,0,1,1,0,0,0,64
70,boundary,wave,wave,v*dy(w),0,1,0,1,1,0,0,0,64
70,boundary,wave,wave,w*dz(w),0,1,0,1,1,0,0,0,64
70,boundary,wave,wave,u*dx(eta),0,1,0,1,1,0,0,0,64
70,boundary,wave,wave,v*dy(eta),0,1,0,1,1,0,0,0,64
70,boundary,wave,wave,w*dz(eta),0,1,0,1,1,0,0,0,64
70,boundary,wave,wave,w*eta*dlogN2,0,1,0,1,1,0,0,0,64
70,apv,boundary,wave,u*dx(u),0,-1,0,1,0,0,0,0,6
70,apv,boundary,wave,v*dy(u),0,-1,0,1,0,0,0,0,6
70,apv,boundary,wave,w*dz(u),0,-1,0,1,0,0,0,0,6
70,apv,boundary,wave,u*dx(v),0,-1,0,1,0,0,0,0,6
70,apv,boundary,wave,v*dy(v),0,-1,0,1,0,0,0,0,6
70,apv,boundary,wave,w*dz(v),0,-1,0,1,0,0,0,0,6
70,apv,boundary,wave,u*dx(w),0,-1,0,1,0,0,0,0,6
70,apv,boundary,wave,v*dy(w),0,-1,0,1,0,0,0,0,6
70,apv,boundary,wave,w*dz(w),0,-1,0,1,0,0,0,0,6
70,apv,boundary,wave,u*dx(eta),0,-1,0,1,0,0,0,0,6
70,apv,boundary,wave,v*dy(eta),0,-1,0,1,0,0,0,0,6
70,apv,boundary,wave,w*dz(eta),0,-1,0,1,0,0,0,0,6
70,apv,boundary,wave,w*eta*dlogN2,0,-1,0,1,0,0,0,0,6
70,boundary,apv,wave,u*dx(u),0,1,0,-1,0,0,0,0,6
70,boundary,apv,wave,v*dy(u),0,1,0,-1,0,0,0,0,6
70,boundary,apv,wave,w*dz(u),0,1,0,-1,0,0,0,0,6
70,boundary,apv,wave,u*dx(v),0,1,0,-1,0,0,0,0,6
70,boundary,apv,wave,v*dy(v),0,1,0,-1,0,0,0,0,6
70,boundary,apv,wave,w*dz(v),0,1,0,-1,0,0,0,0,6
70,boundary,apv,wave,u*dx(w),0,1,0,-1,0,0,0,0,6
70,boundary,apv,wave,v*dy(w),0,1,0,-1,0,0,0,0,6
70,boundary,apv,wave,w*dz(w),0,1,0,-1,0,0,0,0,6
70,boundary,apv,wave,u*dx(eta),0,1,0,-1,0,0,0,0,6
70,boundary,apv,wave,v*dy(eta),0,1,0,-1,0,0,0,0,6
70,boundary,apv,wave,w*dz(eta),0,1,0,-1,0,0,0,0,6
70,boundary,apv,wave,w*eta*dlogN2,0,1,0,-1,0,0,0,0,6
70,boundary,boundary,wave,u*dx(u),0,1,0,1,0,0,0,0,4
70,boundary,boundary,wave,v*dy(u),0,1,0,1,0,0,0,0,4
70,boundary,boundary,wave,w*dz(u),0,1,0,1,0,0,0,0,4
70,boundary,boundary,wave,u*dx(v),0,1,0,1,0,0,0,0,4
70,boundary,boundary,wave,v*dy(v),0,1,0,1,0,0,0,0,4
70,boundary,boundary,wave,w*dz(v),0,1,0,1,0,0,0,0,4
70,boundary,boundary,wave,u*dx(w),0,1,0,1,0,0,0,0,4
70,boundary,boundary,wave,v*dy(w),0,1,0,1,0,0,0,0,4
70,boundary,boundary,wave,w*dz(w),0,1,0,1,0,0,0,0,4
70,boundary,boundary,wave,u*dx(eta),0,1,0,1,0,0,0,0,4
70,boundary,boundary,wave,v*dy(eta),0,1,0,1,0,0,0,0,4
70,boundary,boundary,wave,w*dz(eta),0,1,0,1,0,0,0,0,4
70,boundary,boundary,wave,w*eta*dlogN2,0,1,0,1,0,0,0,0,4
71,wave,wave,wave,u*dx(u),0.591604404045196,16,1,15,1,1.62907465295348e-10,3.90574153019685e-08,1024,0
71,wave,wave,wave,v*dy(u),0.591604404045195,16,1,15,1,1.62907687339953e-10,2.92815903746302e-08,1024,0
71,wave,wave,wave,w*dz(u),0.592030447615865,16,1,15,1,1.24227366871121e-06,2.88105806098837e-05,1024,0
71,wave,wave,wave,u*dx(v),0.592243164735675,16,1,15,1,1.62907465295348e-10,3.90561283314383e-08,1024,0
71,wave,wave,wave,v*dy(v),0.592243164735675,16,1,15,1,1.62907465295348e-10,2.92803030710331e-08,1024,0
71,wave,wave,wave,w*dz(v),0.592686876938905,16,1,15,1,1.24227366904428e-06,2.88105818972983e-05,1024,0
71,wave,wave,wave,u*dx(w),0.00123252068552706,16,1,16,1,5.82334180876387e-11,3.90646626158286e-08,1024,0
71,wave,wave,wave,v*dy(w),0.00123252068552706,16,1,16,1,5.82335291099412e-11,2.92888376884903e-08,1024,0
71,wave,wave,wave,w*dz(w),0.00123252166805,16,1,16,1,5.82337511545461e-11,3.90651565540523e-08,1024,0
71,wave,wave,wave,u*dx(eta),0.0712951092994058,16,1,16,1,3.82776810248231e-10,2.93119372107853e-08,1024,0
71,wave,wave,wave,v*dy(eta),0.0712951092994058,16,1,16,1,3.82777143315138e-10,1.9536112283447e-08,1024,0
71,wave,wave,wave,w*dz(eta),0.07129529245919,16,1,16,1,3.82777365359743e-10,2.93125410610884e-08,1024,0
71,wave,wave,wave,w*eta*dlogN2,0.0609356606340278,16,1,16,1,6.30694385606034e-11,2.92916846333924e-08,1024,0
71,wave,apv,wave,u*dx(u),0.00339069712583587,16,1,2,0,4.42593810779776e-14,3.20479574598471e-07,96,0
71,wave,apv,wave,v*dy(u),0.00339069712583548,16,1,2,0,4.41059176041451e-14,3.20479575696247e-07,96,0
71,wave,apv,wave,w*dz(u),0.0098041222741829,16,1,2,0,7.09876601945325e-13,4.83837541587206e-07,96,0
71,wave,apv,wave,u*dx(v),0.0034067775229326,16,1,2,0,4.45587485464965e-14,3.2721025594302e-07,96,0
71,wave,apv,wave,v*dy(v),0.00340677752293243,16,1,2,0,4.45600908557762e-14,3.27210256515902e-07,96,0
71,wave,apv,wave,w*dz(v),0.00981415734180705,16,1,2,0,7.09876601945325e-13,4.83837541143117e-07,96,0
71,wave,apv,wave,u*dx(w),0,1,1,-1,0,0,0,0,96
71,wave,apv,wave,v*dy(w),0,1,1,-1,0,0,0,0,96
71,wave,apv,wave,w*dz(w),0,1,1,-1,0,0,0,0,96
71,wave,apv,wave,u*dx(eta),0.000887956525903459,16,1,2,0,6.54143406109142e-13,4.97383013331465e-07,96,0
71,wave,apv,wave,v*dy(eta),0.000887956525903446,16,1,2,0,6.54254428411605e-13,4.97385170161735e-07,96,0
71,wave,apv,wave,w*dz(eta),0.000364363630402438,16,1,2,0,7.65064123164905e-09,6.51733401912935e-07,96,0
71,wave,apv,wave,w*eta*dlogN2,0.00989252661432275,16,1,2,0,4.08784117666983e-13,4.88612645233033e-07,96,0
71,apv,wave,wave,u*dx(u),0,-1,0,1,1,0,0,0,96
71,apv,wave,wave,v*dy(u),0.00339062436482279,2,0,16,-1,4.39918734998514e-14,3.2047083160382e-07,96,0
71,apv,wave,wave,w*dz(u),0,-1,0,1,1,0,0,0,96
71,apv,wave,wave,u*dx(v),0,-1,0,1,1,0,0,0,96
71,apv,wave,wave,v*dy(v),0.00340670445358361,2,0,16,1,4.42717538801964e-14,3.27201279557256e-07,96,0
71,apv,wave,wave,w*dz(v),0,-1,0,1,1,0,0,0,96
71,apv,wave,wave,u*dx(w),0,-1,0,1,1,0,0,0,96
71,apv,wave,wave,v*dy(w),6.11258087315014e-05,2,0,15,1,8.88178419700125e-16,2.22673703698106e-07,96,0
71,apv,wave,wave,w*dz(w),0,-1,0,1,1,0,0,0,96
71,apv,wave,wave,u*dx(eta),0,-1,0,1,1,0,0,0,96
71,apv,wave,wave,v*dy(eta),0.00036502299818653,2,0,16,1,1.25455201782643e-14,3.55010226448489e-07,96,0
71,apv,wave,wave,w*dz(eta),0,-1,0,1,1,0,0,0,96
71,apv,wave,wave,w*eta*dlogN2,0,-1,0,1,1,0,0,0,96
71,wave,boundary,wave,u*dx(u),0.00164426353055841,16,1,2,0,1.09323548695988e-14,8.26948870491506e-08,64,0
71,wave,boundary,wave,v*dy(u),0.0016442635305585,16,1,2,0,1.09492965096504e-14,7.76418402050487e-08,64,0
71,wave,boundary,wave,w*dz(u),0.00333937327440152,16,1,2,0,2.72754738960146e-13,1.08855212567978e-07,64,0
71,wave,boundary,wave,u*dx(v),0.00165866266056441,16,1,2,0,1.10833139976133e-14,8.31464265963684e-08,64,0
71,wave,boundary,wave,v*dy(v),0.0016586626605645,16,1,2,0,1.09445572397452e-14,8.31464237576659e-08,64,0
71,wave,boundary,wave,w*dz(v),0.00334287318398018,16,1,2,0,2.73011857392132e-13,1.34475120716125e-07,64,0
71,wave,boundary,wave,u*dx(w),0,1,1,1,0,0,0,0,64
71,wave,boundary,wave,v*dy(w),0,1,1,1,0,0,0,0,64
71,wave,boundary,wave,w*dz(w),0,1,1,1,0,0,0,0,64
71,wave,boundary,wave,u*dx(eta),0.000310673661618187,16,1,2,0,9.76996261670138e-14,8.86924182985638e-08,64,0
71,wave,boundary,wave,v*dy(eta),0.000310673661618195,16,1,2,0,9.79216707719388e-14,7.89165941483816e-08,64,0
71,wave,boundary,wave,w*dz(eta),0.000209398996697255,15,1,2,0,2.0515034115931e-10,6.27773977246449e-08,64,0
71,wave,boundary,wave,w*eta*dlogN2,0.0126774359458323,16,1,2,0,2.85438339631128e-13,1.12372530947091e-07,64,0
71,boundary,wave,wave,u*dx(u),0,1,0,1,1,0,0,0,64
71,boundary,wave,wave,v*dy(u),0.00277567183788301,2,0,16,1,2.07728177047628e-14,1.71761329927062e-07,64,0
71,boundary,wave,wave,w*dz(u),0,1,0,1,1,0,0,0,64
71,boundary,wave,wave,u*dx(v),0,1,0,1,1,0,0,0,64
71,boundary,wave,wave,v*dy(v),0.00279857948594623,2,0,16,-1,2.09411441072515e-14,1.73114910221638e-07,64,0
71,boundary,wave,wave,w*dz(v),0,1,0,1,1,0,0,0,64
71,boundary,wave,wave,u*dx(w),0,1,0,1,1,0,0,0,64
71,boundary,wave,wave,v*dy(w),4.14137608633482e-05,2,0,15,1,5.55111512312578e-16,1.86873836849344e-07,64,0
71,boundary,wave,wave,w*dz(w),0,1,0,1,1,0,0,0,64
71,boundary,wave,wave,u*dx(eta),0,1,0,1,1,0,0,0,64
71,boundary,wave,wave,v*dy(eta),0.000332279534915475,2,0,15,1,3.21964677141295e-15,1.59291831169917e-07,64,0
71,boundary,wave,wave,w*dz(eta),0,1,0,1,1,0,0,0,64
71,boundary,wave,wave,w*eta*dlogN2,0,1,0,1,1,0,0,0,64
71,apv,boundary,wave,u*dx(u),0,-1,0,1,0,0,0,0,6
71,apv,boundary,wave,v*dy(u),0.000395478531972313,-1,0,2,0,2.60868981491626e-15,3.30513364010798e-07,6,0
71,apv,boundary,wave,w*dz(u),0,-1,0,1,0,0,0,0,6
71,apv,boundary,wave,u*dx(v),0,-1,0,1,0,0,0,0,6
71,apv,boundary,wave,v*dy(v),0.000395981005606522,-1,0,2,0,2.59947889725416e-15,3.30513364232843e-07,6,0
71,apv,boundary,wave,w*dz(v),0,-1,0,1,0,0,0,0,6
71,apv,boundary,wave,u*dx(w),0,-1,0,1,0,0,0,0,6
71,apv,boundary,wave,v*dy(w),0,-1,0,1,0,0,0,0,6
71,apv,boundary,wave,w*dz(w),0,-1,0,1,0,0,0,0,6
71,apv,boundary,wave,u*dx(eta),0,-1,0,1,0,0,0,0,6
71,apv,boundary,wave,v*dy(eta),1.42438271438643e-05,-1,0,2,0,1.69536681356272e-14,3.23847392014187e-07,6,0
71,apv,boundary,wave,w*dz(eta),0,-1,0,1,0,0,0,0,6
71,apv,boundary,wave,w*eta*dlogN2,0,-1,0,1,0,0,0,0,6
71,boundary,apv,wave,u*dx(u),0,1,0,-1,0,0,0,0,6
71,boundary,apv,wave,v*dy(u),0.000589256462362806,2,0,2,0,5.6276132451885e-15,2.67775430606854e-07,6,0
71,boundary,apv,wave,w*dz(u),0,1,0,-1,0,0,0,0,6
71,boundary,apv,wave,u*dx(v),0,1,0,-1,0,0,0,0,6
71,boundary,apv,wave,v*dy(v),0.000590158365386895,2,0,2,0,5.79008738634965e-15,2.67775430606854e-07,6,0
71,boundary,apv,wave,w*dz(v),0,1,0,-1,0,0,0,0,6
71,boundary,apv,wave,u*dx(w),0,1,0,-1,0,0,0,0,6
71,boundary,apv,wave,v*dy(w),0,1,0,-1,0,0,0,0,6
71,boundary,apv,wave,w*dz(w),0,1,0,-1,0,0,0,0,6
71,boundary,apv,wave,u*dx(eta),0,1,0,-1,0,0,0,0,6
71,boundary,apv,wave,v*dy(eta),3.73827975019138e-05,2,0,2,0,5.75095526755831e-14,6.35408188731645e-07,6,0
71,boundary,apv,wave,w*dz(eta),0,1,0,-1,0,0,0,0,6
71,boundary,apv,wave,w*eta*dlogN2,0,1,0,-1,0,0,0,0,6
71,boundary,boundary,wave,u*dx(u),0,1,0,1,0,0,0,0,4
71,boundary,boundary,wave,v*dy(u),0.000398253332874168,1,0,2,0,2.80935020137529e-15,3.11825912202579e-07,4,0
71,boundary,boundary,wave,w*dz(u),0,1,0,1,0,0,0,0,4
71,boundary,boundary,wave,u*dx(v),0,1,0,1,0,0,0,0,4
71,boundary,boundary,wave,v*dy(v),0.000398758051645173,1,0,2,0,2.81972086782776e-15,3.11825912424624e-07,4,0
71,boundary,boundary,wave,w*dz(v),0,1,0,1,0,0,0,0,4
71,boundary,boundary,wave,u*dx(w),0,1,0,1,0,0,0,0,4
71,boundary,boundary,wave,v*dy(w),0,1,0,1,0,0,0,0,4
71,boundary,boundary,wave,w*dz(w),0,1,0,1,0,0,0,0,4
71,boundary,boundary,wave,u*dx(eta),0,1,0,1,0,0,0,0,4
71,boundary,boundary,wave,v*dy(eta),1.41746156372374e-05,1,0,2,0,1.03481346085048e-14,2.63030967451172e-07,4,0
71,boundary,boundary,wave,w*dz(eta),0,1,0,1,0,0,0,0,4
71,boundary,boundary,wave,w*eta*dlogN2,0,1,0,1,0,0,0,0,4
72,wave,wave,wave,u*dx(u),0.591599478505952,16,1,15,1,1.62909907786002e-10,3.91024537194085e-08,1024,0
72,wave,wave,wave,v*dy(u),0.591599478505952,16,1,15,1,1.62909907786002e-10,2.93266286810479e-08,1024,0
72,wave,wave,wave,w*dz(u),0.592024664018385,16,1,15,1,6.20142377372179e-06,0.00014395914952825,1024,0
72,wave,wave,wave,u*dx(v),0.592906498396767,16,1,15,1,1.62909685741397e-10,3.91048767811597e-08,1024,0
72,wave,wave,wave,v*dy(v),0.592906498396767,16,1,15,1,1.62909907786002e-10,2.93290518538214e-08,1024,0
72,wave,wave,wave,w*dz(v),0.593368220421257,16,1,15,1,6.20142377372179e-06,0.000143959147104633,1024,0
72,wave,wave,wave,u*dx(w),0.00100301650355838,16,1,16,1,5.82309755969845e-11,3.91125557497318e-08,1024,0
72,wave,wave,wave,v*dy(w),0.00100301650355838,16,1,16,1,5.8231086619287e-11,2.93367307113712e-08,1024,0
72,wave,wave,wave,w*dz(w),0.00100301681942071,16,1,16,1,5.82308645746821e-11,3.91131990129523e-08,1024,0
72,wave,wave,wave,u*dx(eta),0.058149643967522,16,1,16,1,3.82761267125886e-10,2.93366732018185e-08,1024,0
72,wave,wave,wave,v*dy(eta),0.058149643967522,16,1,16,1,3.82761267125886e-10,1.95608480524356e-08,1024,0
72,wave,wave,wave,w*dz(eta),0.0581497030910949,16,1,16,1,3.82761489170491e-10,2.93372711679396e-08,1024,0
72,wave,wave,wave,w*eta*dlogN2,0.0515250999853594,16,1,16,1,6.30684393598813e-11,2.93164075237939e-08,1024,0
72,wave,apv,wave,u*dx(u),0.00338223200496664,16,1,2,0,4.38773485839425e-14,3.19294636658838e-07,96,0
72,wave,apv,wave,v*dy(u),0.00338223200496709,16,1,2,0,4.39972421344509e-14,3.19294638326703e-07,96,0
72,wave,apv,wave,w*dz(u),0.00980396757907639,16,1,2,0,7.09876601945325e-13,4.83837541587206e-07,96,0
72,wave,apv,wave,u*dx(v),0.00342348716235405,16,1,2,0,4.47645371605016e-14,3.34084425174111e-07,96,0
72,wave,apv,wave,v*dy(v),0.00342348716235385,16,1,2,0,4.45930153697309e-14,3.34084425618172e-07,96,0
72,wave,apv,wave,w*dz(v),0.0098245951278846,16,1,2,0,7.09876601945325e-13,4.84168186928787e-07,96,0
72,wave,apv,wave,u*dx(w),0,1,1,-1,0,0,0,0,96
72,wave,apv,wave,v*dy(w),0,1,1,-1,0,0,0,0,96
72,wave,apv,wave,w*dz(w),0,1,1,-1,0,0,0,0,96
72,wave,apv,wave,u*dx(eta),0.000733909203051592,16,1,2,0,6.54143406109142e-13,4.97383013331465e-07,96,0
72,wave,apv,wave,v*dy(eta),0.000733909203051579,16,1,2,0,6.54254428411605e-13,4.97385170161735e-07,96,0
72,wave,apv,wave,w*dz(eta),0.000307174795955362,16,1,2,0,7.65064123164905e-09,6.51733401912935e-07,96,0
72,wave,apv,wave,w*eta*dlogN2,0.00826526821514347,16,1,2,0,4.08784117666983e-13,4.88612645233033e-07,96,0
72,apv,wave,wave,u*dx(u),0,-1,0,1,1,0,0,0,96
72,apv,wave,wave,v*dy(u),0.00338220330980112,2,0,16,1,4.40142514339264e-14,3.1929117568902e-07,96,0
72,apv,wave,wave,w*dz(u),0,-1,0,1,1,0,0,0,96
72,apv,wave,wave,u*dx(v),0,-1,0,1,1,0,0,0,96
72,apv,wave,wave,v*dy(v),0.00342345816143541,2,0,16,1,4.45453127148632e-14,3.34080770407661e-07,96,0
72,apv,wave,wave,w*dz(v),0,-1,0,1,1,0,0,0,96
72,apv,wave,wave,u*dx(w),0,-1,0,1,1,0,0,0,96
72,apv,wave,wave,v*dy(w),4.97510255159943e-05,2,0,15,1,6.66133814775094e-16,2.22520933457204e-07,96,0
72,apv,wave,wave,w*dz(w),0,-1,0,1,1,0,0,0,96
72,apv,wave,wave,u*dx(eta),0,-1,0,1,1,0,0,0,96
72,apv,wave,wave,v*dy(eta),0.000307705292781224,2,0,16,1,1.24344978758018e-14,3.27638354148584e-07,96,0
72,apv,wave,wave,w*dz(eta),0,-1,0,1,1,0,0,0,96
72,apv,wave,wave,w*eta*dlogN2,0,-1,0,1,1,0,0,0,96
72,wave,boundary,wave,u*dx(u),0.00227510899552617,16,1,2,0,1.52434570132022e-14,1.21721349473377e-07,64,0
72,wave,boundary,wave,v*dy(u),0.00227510899552606,16,1,2,0,1.52466727750167e-14,1.21721346661048e-07,64,0
72,wave,boundary,wave,w*dz(u),0.00451583658968543,16,1,2,0,4.02615660972209e-13,2.13201107657213e-07,64,0
72,wave,boundary,wave,u*dx(v),0.00232638922351904,16,1,2,0,1.51572097085783e-14,1.42681491052878e-07,64,0
72,wave,boundary,wave,v*dy(v),0.00232638922351961,16,1,2,0,1.52062065677999e-14,1.42681487938077e-07,64,0
72,wave,boundary,wave,w*dz(v),0.00452571239561072,16,1,2,0,4.03227703330991e-13,2.5094236917695e-07,64,0
72,wave,boundary,wave,u*dx(w),0,1,1,1,0,0,0,0,64
72,wave,boundary,wave,v*dy(w),0,1,1,1,0,0,0,0,64
72,wave,boundary,wave,w*dz(w),0,1,1,1,0,0,0,0,64
72,wave,boundary,wave,u*dx(eta),0.00034495074462216,16,1,2,0,1.36335387423969e-13,1.55490715858519e-07,64,0
72,wave,boundary,wave,v*dy(eta),0.000344950744622186,16,1,2,0,1.36224365121507e-13,1.53564939320283e-07,64,0
72,wave,boundary,wave,w*dz(eta),0.000241248210808601,15,1,2,0,4.53141302259041e-10,1.01666770446762e-07,64,0
72,wave,boundary,wave,w*eta*dlogN2,0.00898293385772514,16,1,2,0,3.05755420981768e-13,2.13385990877057e-07,64,0
72,boundary,wave,wave,u*dx(u),0,1,0,1,1,0,0,0,64
72,boundary,wave,wave,v*dy(u),0.00276172679152255,2,0,16,1,2.09874118529725e-14,1.71672310020377e-07,64,0
72,boundary,wave,wave,w*dz(u),0,1,0,1,1,0,0,0,64
72,boundary,wave,wave,u*dx(v),0,1,0,1,1,0,0,0,64
72,boundary,wave,wave,v*dy(v),0.00282233925768743,2,0,16,1,2.10809139536406e-14,1.94787070541721e-07,64,0
72,boundary,wave,wave,w*dz(v),0,1,0,1,1,0,0,0,64
72,boundary,wave,wave,u*dx(w),0,1,0,1,1,0,0,0,64
72,boundary,wave,wave,v*dy(w),3.37063428806837e-05,2,0,15,1,4.44089209850063e-16,1.86908836741217e-07,64,0
72,boundary,wave,wave,w*dz(w),0,1,0,1,1,0,0,0,64
72,boundary,wave,wave,u*dx(eta),0,1,0,1,1,0,0,0,64
72,boundary,wave,wave,v*dy(eta),0.000283743161951818,2,0,15,1,3.21964677141295e-15,1.59302004920647e-07,64,0
72,boundary,wave,wave,w*dz(eta),0,1,0,1,1,0,0,0,64
72,boundary,wave,wave,w*eta*dlogN2,0,1,0,1,1,0,0,0,64
72,apv,boundary,wave,u*dx(u),0,-1,0,1,0,0,0,0,6
72,apv,boundary,wave,v*dy(u),0.000523947724275987,-1,0,2,0,3.9398871250655e-15,2.91042544287023e-07,6,0
72,apv,boundary,wave,w*dz(u),0,-1,0,1,0,0,0,0,6
72,apv,boundary,wave,u*dx(v),0,-1,0,1,0,0,0,0,6
72,apv,boundary,wave,v*dy(v),0.000525308238030984,-1,0,2,0,3.95779936519412e-15,3.08976647388043e-07,6,0
72,apv,boundary,wave,w*dz(v),0,-1,0,1,0,0,0,0,6
72,apv,boundary,wave,u*dx(w),0,-1,0,1,0,0,0,0,6
72,apv,boundary,wave,v*dy(w),0,-1,0,1,0,0,0,0,6
72,apv,boundary,wave,w*dz(w),0,-1,0,1,0,0,0,0,6
72,apv,boundary,wave,u*dx(eta),0,-1,0,1,0,0,0,0,6
72,apv,boundary,wave,v*dy(eta),1.54328324217304e-05,-1,0,2,0,3.49720252756924e-14,2.40172792320692e-07,6,0
72,apv,boundary,wave,w*dz(eta),0,-1,0,1,0,0,0,0,6
72,apv,boundary,wave,w*eta*dlogN2,0,-1,0,1,0,0,0,0,6
72,boundary,apv,wave,u*dx(u),0,1,0,-1,0,0,0,0,6
72,boundary,apv,wave,v*dy(u),0.000589191544504462,2,0,2,0,5.57770070947616e-15,2.67775430606854e-07,6,0
72,boundary,apv,wave,w*dz(u),0,1,0,-1,0,0,0,0,6
72,boundary,apv,wave,u*dx(v),0,1,0,-1,0,0,0,0,6
72,boundary,apv,wave,v*dy(v),0.00059109917165895,2,0,2,0,5.94806985718945e-15,3.03454850153126e-07,6,0
72,boundary,apv,wave,w*dz(v),0,1,0,-1,0,0,0,0,6
72,boundary,apv,wave,u*dx(w),0,1,0,-1,0,0,0,0,6
72,boundary,apv,wave,v*dy(w),0,1,0,-1,0,0,0,0,6
72,boundary,apv,wave,w*dz(w),0,1,0,-1,0,0,0,0,6
72,boundary,apv,wave,u*dx(eta),0,1,0,-1,0,0,0,0,6
72,boundary,apv,wave,v*dy(eta),3.07348843133353e-05,2,0,2,0,5.75095526755831e-14,6.35408188731645e-07,6,0
72,boundary,apv,wave,w*dz(eta),0,1,0,-1,0,0,0,0,6
72,boundary,apv,wave,w*eta*dlogN2,0,1,0,-1,0,0,0,0,6
72,boundary,boundary,wave,u*dx(u),0,1,0,1,0,0,0,0,4
72,boundary,boundary,wave,v*dy(u),0.000512805062572744,1,0,2,0,2.85690780326107e-15,2.89220650429023e-07,4,0
72,boundary,boundary,wave,w*dz(u),0,1,0,1,0,0,0,0,4
72,boundary,boundary,wave,u*dx(v),0,1,0,1,0,0,0,0,4
72,boundary,boundary,wave,v*dy(v),0.000514134318872692,1,0,2,0,2.94974587878533e-15,2.91639193016874e-07,4,0
72,boundary,boundary,wave,w*dz(v),0,1,0,1,0,0,0,0,4
72,boundary,boundary,wave,u*dx(w),0,1,0,1,0,0,0,0,4
72,boundary,boundary,wave,v*dy(w),0,1,0,1,0,0,0,0,4
72,boundary,boundary,wave,w*dz(w),0,1,0,1,0,0,0,0,4
72,boundary,boundary,wave,u*dx(eta),0,1,0,1,0,0,0,0,4
72,boundary,boundary,wave,v*dy(eta),1.68425942186545e-05,2,0,1,0,2.76445533131664e-14,2.99451448415589e-07,4,0
72,boundary,boundary,wave,w*dz(eta),0,1,0,1,0,0,0,0,4
72,boundary,boundary,wave,w*eta*dlogN2,0,1,0,1,0,0,0,0,4
73,wave,wave,inertial,u*dx(u),0.00171426720091154,16,1,14,1,1.62911240053631e-10,3.9123065898039e-08,1024,0
73,wave,wave,inertial,v*dy(u),0,1,1,1,1,0,0,0,1024
73,wave,wave,inertial,w*dz(u),0.0160236437006236,3,1,1,1,2.86747958908595e-05,0.000324304426164268,1024,0
73,wave,wave,inertial,u*dx(v),0.00171426720091164,14,1,16,1,1.62911684142841e-10,2.93472407486561e-08,1024,0
73,wave,wave,inertial,v*dy(v),0,1,1,1,1,0,0,0,1024
73,wave,wave,inertial,w*dz(v),0.0160236437006234,3,1,1,1,2.86747958910816e-05,0.000324314205159881,1024,0
73,wave,wave,mda,u*dx(eta),0.00550326913255879,16,1,16,1,3.82750942051757e-10,1.1706710359159e-07,1024,0
73,wave,wave,mda,v*dy(eta),0,1,1,1,1,0,0,0,1024
73,wave,wave,mda,w*dz(eta),0.00550326913255873,16,1,16,1,3.82750942051757e-10,1.25697435338647e-07,1024,0
73,wave,wave,mda,w*eta*dlogN2,0.0347288109470793,16,1,16,1,6.3067662203764e-11,2.93286427366368e-08,1024,0
73,wave,apv,inertial,u*dx(u),0,1,1,-1,0,0,0,0,96
73,wave,apv,inertial,v*dy(u),0,1,1,-1,0,0,0,0,96
73,wave,apv,inertial,w*dz(u),0,1,1,-1,0,0,0,0,96
73,wave,apv,inertial,u*dx(v),0.000633684331047862,16,1,1,0,1.55431223447522e-14,2.29544354564153e-07,96,0
73,wave,apv,inertial,v*dy(v),0,1,1,-1,0,0,0,0,96
73,wave,apv,inertial,w*dz(v),0.000406241469525944,15,1,2,0,7.09876601945325e-13,4.83837541143117e-07,96,0
73,wave,apv,mda,u*dx(eta),0.000298559464798679,16,1,2,0,6.16062756364499e-13,2.86749738084632e-07,96,0
73,wave,apv,mda,v*dy(eta),0,1,1,-1,0,0,0,0,96
73,wave,apv,mda,w*dz(eta),0.000254786235102231,3,1,-1,0,7.65060970131515e-09,0.00887231671011527,96,0
73,wave,apv,mda,w*eta*dlogN2,0.00455102795328239,16,1,2,0,4.08562073062058e-13,4.88612645122011e-07,96,0
73,apv,wave,inertial,u*dx(u),0,-1,0,1,1,0,0,0,96
73,apv,wave,inertial,v*dy(u),0,-1,0,1,1,0,0,0,96
73,apv,wave,inertial,w*dz(u),0,-1,0,1,1,0,0,0,96
73,apv,wave,inertial,u*dx(v),0,-1,0,1,1,0,0,0,96
73,apv,wave,inertial,v*dy(v),0,-1,0,1,1,0,0,0,96
73,apv,wave,inertial,w*dz(v),0,-1,0,1,1,0,0,0,96
73,apv,wave,mda,u*dx(eta),0,-1,0,1,1,0,0,0,96
73,apv,wave,mda,v*dy(eta),0,-1,0,1,1,0,0,0,96
73,apv,wave,mda,w*dz(eta),0,-1,0,1,1,0,0,0,96
73,apv,wave,mda,w*eta*dlogN2,0,-1,0,1,1,0,0,0,96
73,wave,boundary,inertial,u*dx(u),0,1,1,1,0,0,0,0,64
73,wave,boundary,inertial,v*dy(u),0,1,1,1,0,0,0,0,64
73,wave,boundary,inertial,w*dz(u),0,1,1,1,0,0,0,0,64
73,wave,boundary,inertial,u*dx(v),0.000616935819618802,16,1,2,0,4.21884749357559e-15,1.59934665289185e-07,64,0
73,wave,boundary,inertial,v*dy(v),0,1,1,1,0,0,0,0,64
73,wave,boundary,inertial,w*dz(v),0.000258079011154497,15,1,2,0,2.38031816479634e-13,4.03028442952369e-07,64,0
73,wave,boundary,mda,u*dx(eta),4.31258619275996e-05,16,1,2,0,3.35378236564887e-14,1.74182906320652e-07,64,0
73,wave,boundary,mda,v*dy(eta),0,1,1,1,0,0,0,0,64
73,wave,boundary,mda,w*dz(eta),0.000220048363654736,15,1,2,0,9.57715018401473e-10,0.00513871460893681,64,0
73,wave,boundary,mda,w*eta*dlogN2,0.0037695658072813,14,1,2,0,3.03979064142368e-13,4.04942694820498e-07,64,0
73,boundary,wave,inertial,u*dx(u),0,1,0,1,1,0,0,0,64
73,boundary,wave,inertial,v*dy(u),0,1,0,1,1,0,0,0,64
73,boundary,wave,inertial,w*dz(u),0,1,0,1,1,0,0,0,64
73,boundary,wave,inertial,u*dx(v),0,1,0,1,1,0,0,0,64
73,boundary,wave,inertial,v*dy(v),0,1,0,1,1,0,0,0,64
73,boundary,wave,inertial,w*dz(v),0,1,0,1,1,0,0,0,64
73,boundary,wave,mda,u*dx(eta),0,1,0,1,1,0,0,0,64
73,boundary,wave,mda,v*dy(eta),0,1,0,1,1,0,0,0,64
73,boundary,wave,mda,w*dz(eta),0,1,0,1,1,0,0,0,64
73,boundary,wave,mda,w*eta*dlogN2,0,1,0,1,1,0,0,0,64
73,apv,boundary,inertial,u*dx(u),0,-1,0,1,0,0,0,0,6
73,apv,boundary,inertial,v*dy(u),0,-1,0,1,0,0,0,0,6
73,apv,boundary,inertial,w*dz(u),0,-1,0,1,0,0,0,0,6
73,apv,boundary,inertial,u*dx(v),0,-1,0,1,0,0,0,0,6
73,apv,boundary,inertial,v*dy(v),0,-1,0,1,0,0,0,0,6
73,apv,boundary,inertial,w*dz(v),0,-1,0,1,0,0,0,0,6
73,apv,boundary,mda,u*dx(eta),0,-1,0,1,0,0,0,0,6
73,apv,boundary,mda,v*dy(eta),0,-1,0,1,0,0,0,0,6
73,apv,boundary,mda,w*dz(eta),0,-1,0,1,0,0,0,0,6
73,apv,boundary,mda,w*eta*dlogN2,0,-1,0,1,0,0,0,0,6
73,boundary,apv,inertial,u*dx(u),0,1,0,-1,0,0,0,0,6
73,boundary,apv,inertial,v*dy(u),0,1,0,-1,0,0,0,0,6
73,boundary,apv,inertial,w*dz(u),0,1,0,-1,0,0,0,0,6
73,boundary,apv,inertial,u*dx(v),0,1,0,-1,0,0,0,0,6
73,boundary,apv,inertial,v*dy(v),0,1,0,-1,0,0,0,0,6
73,boundary,apv,inertial,w*dz(v),0,1,0,-1,0,0,0,0,6
73,boundary,apv,mda,u*dx(eta),0,1,0,-1,0,0,0,0,6
73,boundary,apv,mda,v*dy(eta),0,1,0,-1,0,0,0,0,6
73,boundary,apv,mda,w*dz(eta),0,1,0,-1,0,0,0,0,6
73,boundary,apv,mda,w*eta*dlogN2,0,1,0,-1,0,0,0,0,6
73,boundary,boundary,inertial,u*dx(u),0,1,0,1,0,0,0,0,4
73,boundary,boundary,inertial,v*dy(u),0,1,0,1,0,0,0,0,4
73,boundary,boundary,inertial,w*dz(u),0,1,0,1,0,0,0,0,4
73,boundary,boundary,inertial,u*dx(v),0,1,0,1,0,0,0,0,4
73,boundary,boundary,inertial,v*dy(v),0,1,0,1,0,0,0,0,4
73,boundary,boundary,inertial,w*dz(v),0,1,0,1,0,0,0,0,4
73,boundary,boundary,mda,u*dx(eta),0,1,0,1,0,0,0,0,4
73,boundary,boundary,mda,v*dy(eta),0,1,0,1,0,0,0,0,4
73,boundary,boundary,mda,w*dz(eta),0,1,0,1,0,0,0,0,4
73,boundary,boundary,mda,w*eta*dlogN2,0,1,0,1,0,0,0,0,4
74,wave,wave,wave,u*dx(u),0.591599478505952,16,1,15,1,1.62909907786002e-10,3.91024537194085e-08,1024,0
74,wave,wave,wave,v*dy(u),0.591599478505952,16,1,15,1,1.62909907786002e-10,2.93266286810479e-08,1024,0
74,wave,wave,wave,w*dz(u),0.592024664018385,16,1,15,1,6.20142377372179e-06,0.00014395914952825,1024,0
74,wave,wave,wave,u*dx(v),0.592906498396767,16,1,15,1,1.62909685741397e-10,3.91048767811597e-08,1024,0
74,wave,wave,wave,v*dy(v),0.592906498396767,16,1,15,1,1.62909907786002e-10,2.93290518538214e-08,1024,0
74,wave,wave,wave,w*dz(v),0.593368220421257,16,1,15,1,6.20142377372179e-06,0.000143959147104633,1024,0
74,wave,wave,wave,u*dx(w),0.00100301650355838,16,1,16,1,5.82309755969845e-11,3.91125557497318e-08,1024,0
74,wave,wave,wave,v*dy(w),0.00100301650355838,16,1,16,1,5.8231086619287e-11,2.93367307113712e-08,1024,0
74,wave,wave,wave,w*dz(w),0.00100301681942071,16,1,16,1,5.82308645746821e-11,3.91131990129523e-08,1024,0
74,wave,wave,wave,u*dx(eta),0.058149643967522,16,1,16,1,3.82761267125886e-10,2.93366732018185e-08,1024,0
74,wave,wave,wave,v*dy(eta),0.058149643967522,16,1,16,1,3.82761267125886e-10,1.95608480524356e-08,1024,0
74,wave,wave,wave,w*dz(eta),0.0581497030910949,16,1,16,1,3.82761489170491e-10,2.93372711679396e-08,1024,0
74,wave,wave,wave,w*eta*dlogN2,0.0515250999853594,16,1,16,1,6.30684393598813e-11,2.93164075237939e-08,1024,0
74,wave,apv,wave,u*dx(u),0.00338223200496664,16,1,2,0,4.38773485839425e-14,3.19294636658838e-07,96,0
74,wave,apv,wave,v*dy(u),0.00338223200496709,16,1,2,0,4.39972421344509e-14,3.19294638326703e-07,96,0
74,wave,apv,wave,w*dz(u),0.00980396757907639,16,1,2,0,7.09876601945325e-13,4.83837541587206e-07,96,0
74,wave,apv,wave,u*dx(v),0.00342348716235405,16,1,2,0,4.47645371605016e-14,3.34084425174111e-07,96,0
74,wave,apv,wave,v*dy(v),0.00342348716235385,16,1,2,0,4.45930153697309e-14,3.34084425618172e-07,96,0
74,wave,apv,wave,w*dz(v),0.0098245951278846,16,1,2,0,7.09876601945325e-13,4.84168186928787e-07,96,0
74,wave,apv,wave,u*dx(w),0,1,1,-1,0,0,0,0,96
74,wave,apv,wave,v*dy(w),0,1,1,-1,0,0,0,0,96
74,wave,apv,wave,w*dz(w),0,1,1,-1,0,0,0,0,96
74,wave,apv,wave,u*dx(eta),0.000733909203051592,16,1,2,0,6.54143406109142e-13,4.97383013331465e-07,96,0
74,wave,apv,wave,v*dy(eta),0.000733909203051579,16,1,2,0,6.54254428411605e-13,4.97385170161735e-07,96,0
74,wave,apv,wave,w*dz(eta),0.000307174795955362,16,1,2,0,7.65064123164905e-09,6.51733401912935e-07,96,0
74,wave,apv,wave,w*eta*dlogN2,0.00826526821514347,16,1,2,0,4.08784117666983e-13,4.88612645233033e-07,96,0
74,apv,wave,wave,u*dx(u),0,-1,0,1,1,0,0,0,96
74,apv,wave,wave,v*dy(u),0.00338220330980112,2,0,16,1,4.40142514339264e-14,3.1929117568902e-07,96,0
74,apv,wave,wave,w*dz(u),0,-1,0,1,1,0,0,0,96
74,apv,wave,wave,u*dx(v),0,-1,0,1,1,0,0,0,96
74,apv,wave,wave,v*dy(v),0.00342345816143541,2,0,16,1,4.45453127148632e-14,3.34080770407661e-07,96,0
74,apv,wave,wave,w*dz(v),0,-1,0,1,1,0,0,0,96
74,apv,wave,wave,u*dx(w),0,-1,0,1,1,0,0,0,96
74,apv,wave,wave,v*dy(w),4.97510255159943e-05,2,0,15,1,6.66133814775094e-16,2.22520933457204e-07,96,0
74,apv,wave,wave,w*dz(w),0,-1,0,1,1,0,0,0,96
74,apv,wave,wave,u*dx(eta),0,-1,0,1,1,0,0,0,96
74,apv,wave,wave,v*dy(eta),0.000307705292781224,2,0,16,1,1.24344978758018e-14,3.27638354148584e-07,96,0
74,apv,wave,wave,w*dz(eta),0,-1,0,1,1,0,0,0,96
74,apv,wave,wave,w*eta*dlogN2,0,-1,0,1,1,0,0,0,96
74,wave,boundary,wave,u*dx(u),0.00227510899552617,16,1,2,0,1.52434570132022e-14,1.21721349473377e-07,64,0
74,wave,boundary,wave,v*dy(u),0.00227510899552606,16,1,2,0,1.52466727750167e-14,1.21721346661048e-07,64,0
74,wave,boundary,wave,w*dz(u),0.00451583658968543,16,1,2,0,4.02615660972209e-13,2.13201107657213e-07,64,0
74,wave,boundary,wave,u*dx(v),0.00232638922351904,16,1,2,0,1.51572097085783e-14,1.42681491052878e-07,64,0
74,wave,boundary,wave,v*dy(v),0.00232638922351961,16,1,2,0,1.52062065677999e-14,1.42681487938077e-07,64,0
74,wave,boundary,wave,w*dz(v),0.00452571239561072,16,1,2,0,4.03227703330991e-13,2.5094236917695e-07,64,0
74,wave,boundary,wave,u*dx(w),0,1,1,1,0,0,0,0,64
74,wave,boundary,wave,v*dy(w),0,1,1,1,0,0,0,0,64
74,wave,boundary,wave,w*dz(w),0,1,1,1,0,0,0,0,64
74,wave,boundary,wave,u*dx(eta),0.00034495074462216,16,1,2,0,1.36335387423969e-13,1.55490715858519e-07,64,0
74,wave,boundary,wave,v*dy(eta),0.000344950744622186,16,1,2,0,1.36224365121507e-13,1.53564939320283e-07,64,0
74,wave,boundary,wave,w*dz(eta),0.000241248210808601,15,1,2,0,4.53141302259041e-10,1.01666770446762e-07,64,0
74,wave,boundary,wave,w*eta*dlogN2,0.00898293385772514,16,1,2,0,3.05755420981768e-13,2.13385990877057e-07,64,0
74,boundary,wave,wave,u*dx(u),0,1,0,1,1,0,0,0,64
74,boundary,wave,wave,v*dy(u),0.00276172679152255,2,0,16,1,2.09874118529725e-14,1.71672310020377e-07,64,0
74,boundary,wave,wave,w*dz(u),0,1,0,1,1,0,0,0,64
74,boundary,wave,wave,u*dx(v),0,1,0,1,1,0,0,0,64
74,boundary,wave,wave,v*dy(v),0.00282233925768743,2,0,16,1,2.10809139536406e-14,1.94787070541721e-07,64,0
74,boundary,wave,wave,w*dz(v),0,1,0,1,1,0,0,0,64
74,boundary,wave,wave,u*dx(w),0,1,0,1,1,0,0,0,64
74,boundary,wave,wave,v*dy(w),3.37063428806837e-05,2,0,15,1,4.44089209850063e-16,1.86908836741217e-07,64,0
74,boundary,wave,wave,w*dz(w),0,1,0,1,1,0,0,0,64
74,boundary,wave,wave,u*dx(eta),0,1,0,1,1,0,0,0,64
74,boundary,wave,wave,v*dy(eta),0.000283743161951818,2,0,15,1,3.21964677141295e-15,1.59302004920647e-07,64,0
74,boundary,wave,wave,w*dz(eta),0,1,0,1,1,0,0,0,64
74,boundary,wave,wave,w*eta*dlogN2,0,1,0,1,1,0,0,0,64
74,apv,boundary,wave,u*dx(u),0,-1,0,1,0,0,0,0,6
74,apv,boundary,wave,v*dy(u),0.000523947724275987,-1,0,2,0,3.9398871250655e-15,2.91042544287023e-07,6,0
74,apv,boundary,wave,w*dz(u),0,-1,0,1,0,0,0,0,6
74,apv,boundary,wave,u*dx(v),0,-1,0,1,0,0,0,0,6
74,apv,boundary,wave,v*dy(v),0.000525308238030984,-1,0,2,0,3.95779936519412e-15,3.08976647388043e-07,6,0
74,apv,boundary,wave,w*dz(v),0,-1,0,1,0,0,0,0,6
74,apv,boundary,wave,u*dx(w),0,-1,0,1,0,0,0,0,6
74,apv,boundary,wave,v*dy(w),0,-1,0,1,0,0,0,0,6
74,apv,boundary,wave,w*dz(w),0,-1,0,1,0,0,0,0,6
74,apv,boundary,wave,u*dx(eta),0,-1,0,1,0,0,0,0,6
74,apv,boundary,wave,v*dy(eta),1.54328324217304e-05,-1,0,2,0,3.49720252756924e-14,2.40172792320692e-07,6,0
74,apv,boundary,wave,w*dz(eta),0,-1,0,1,0,0,0,0,6
74,apv,boundary,wave,w*eta*dlogN2,0,-1,0,1,0,0,0,0,6
74,boundary,apv,wave,u*dx(u),0,1,0,-1,0,0,0,0,6
74,boundary,apv,wave,v*dy(u),0.000589191544504462,2,0,2,0,5.57770070947616e-15,2.67775430606854e-07,6,0
74,boundary,apv,wave,w*dz(u),0,1,0,-1,0,0,0,0,6
74,boundary,apv,wave,u*dx(v),0,1,0,-1,0,0,0,0,6
74,boundary,apv,wave,v*dy(v),0.00059109917165895,2,0,2,0,5.94806985718945e-15,3.03454850153126e-07,6,0
74,boundary,apv,wave,w*dz(v),0,1,0,-1,0,0,0,0,6
74,boundary,apv,wave,u*dx(w),0,1,0,-1,0,0,0,0,6
74,boundary,apv,wave,v*dy(w),0,1,0,-1,0,0,0,0,6
74,boundary,apv,wave,w*dz(w),0,1,0,-1,0,0,0,0,6
74,boundary,apv,wave,u*dx(eta),0,1,0,-1,0,0,0,0,6
74,boundary,apv,wave,v*dy(eta),3.07348843133353e-05,2,0,2,0,5.75095526755831e-14,6.35408188731645e-07,6,0
74,boundary,apv,wave,w*dz(eta),0,1,0,-1,0,0,0,0,6
74,boundary,apv,wave,w*eta*dlogN2,0,1,0,-1,0,0,0,0,6
74,boundary,boundary,wave,u*dx(u),0,1,0,1,0,0,0,0,4
74,boundary,boundary,wave,v*dy(u),0.000512805062572744,1,0,2,0,2.85690780326107e-15,2.89220650429023e-07,4,0
74,boundary,boundary,wave,w*dz(u),0,1,0,1,0,0,0,0,4
74,boundary,boundary,wave,u*dx(v),0,1,0,1,0,0,0,0,4
74,boundary,boundary,wave,v*dy(v),0.000514134318872692,1,0,2,0,2.94974587878533e-15,2.91639193016874e-07,4,0
74,boundary,boundary,wave,w*dz(v),0,1,0,1,0,0,0,0,4
74,boundary,boundary,wave,u*dx(w),0,1,0,1,0,0,0,0,4
74,boundary,boundary,wave,v*dy(w),0,1,0,1,0,0,0,0,4
74,boundary,boundary,wave,w*dz(w),0,1,0,1,0,0,0,0,4
74,boundary,boundary,wave,u*dx(eta),0,1,0,1,0,0,0,0,4
74,boundary,boundary,wave,v*dy(eta),1.68425942186545e-05,2,0,1,0,2.76445533131664e-14,2.99451448415589e-07,4,0
74,boundary,boundary,wave,w*dz(eta),0,1,0,1,0,0,0,0,4
74,boundary,boundary,wave,w*eta*dlogN2,0,1,0,1,0,0,0,0,4
75,wave,wave,wave,u*dx(u),0,1,1,1,1,0,0,0,1024
75,wave,wave,wave,v*dy(u),0.591602577266163,16,1,15,1,1.62910573919817e-10,1.95574459960213e-08,1024,0
75,wave,wave,wave,w*dz(u),0.592028099721396,16,1,15,1,1.37416482539621e-05,0.000168936104662176,1024,0
75,wave,wave,wave,u*dx(v),0,1,1,1,1,0,0,0,1024
75,wave,wave,wave,v*dy(v),0.592241334013893,16,1,15,1,1.62910573919817e-10,2.93241341209338e-08,1024,0
75,wave,wave,wave,w*dz(v),0.592684523912694,16,1,15,1,1.3741648253851e-05,0.000168926336324038,1024,0
75,wave,wave,wave,u*dx(w),0,1,1,1,1,0,0,0,1024
75,wave,wave,wave,v*dy(w),0.00123252257484151,16,1,16,1,5.82300874185648e-11,2.93309827537058e-08,1024,0
75,wave,wave,wave,w*dz(w),0.00123252276501076,16,1,16,1,5.82297543516574e-11,3.91074179706408e-08,1024,0
75,wave,wave,wave,u*dx(eta),0,1,1,1,1,0,0,0,1024
75,wave,wave,wave,v*dy(eta),0.0712950492127371,16,1,16,1,3.82756271122275e-10,1.95588307771999e-08,1024,0
75,wave,wave,wave,w*dz(eta),0.0712950846629078,16,1,16,1,3.82756160099973e-10,2.93353513702854e-08,1024,0
75,wave,wave,wave,w*eta*dlogN2,0.0609358710042252,16,1,16,1,6.30679952706714e-11,2.93144001295431e-08,1024,0
75,wave,apv,wave,u*dx(u),0,1,1,-1,0,0,0,0,96
75,wave,apv,wave,v*dy(u),0.00339069712583548,16,1,2,0,4.41059176041451e-14,3.20479575696247e-07,96,0
75,wave,apv,wave,w*dz(u),0.0098041222741829,16,1,2,0,7.09876601945325e-13,4.83837541587206e-07,96,0
75,wave,apv,wave,u*dx(v),0,1,1,-1,0,0,0,0,96
75,wave,apv,wave,v*dy(v),0,1,1,-1,0,0,0,0,96
75,wave,apv,wave,w*dz(v),0,1,1,-1,0,0,0,0,96
75,wave,apv,wave,u*dx(w),0,1,1,-1,0,0,0,0,96
75,wave,apv,wave,v*dy(w),0,1,1,-1,0,0,0,0,96
75,wave,apv,wave,w*dz(w),0,1,1,-1,0,0,0,0,96
75,wave,apv,wave,u*dx(eta),0,1,1,-1,0,0,0,0,96
75,wave,apv,wave,v*dy(eta),0.000887956525903446,16,1,2,0,6.54254428411605e-13,4.97385170161735e-07,96,0
75,wave,apv,wave,w*dz(eta),0.000364363630402438,16,1,2,0,7.65064123164905e-09,6.51733401912935e-07,96,0
75,wave,apv,wave,w*eta*dlogN2,0.00989252661432275,16,1,2,0,4.08784117666983e-13,4.88612645233033e-07,96,0
75,apv,wave,wave,u*dx(u),0,-1,0,1,1,0,0,0,96
75,apv,wave,wave,v*dy(u),0.00339068304297265,2,0,16,1,4.43170607653199e-14,3.20477838266725e-07,96,0
75,apv,wave,wave,w*dz(u),0,-1,0,1,1,0,0,0,96
75,apv,wave,wave,u*dx(v),0,-1,0,1,1,0,0,0,96
75,apv,wave,wave,v*dy(v),0.00340676338039382,2,0,16,1,4.43605886551834e-14,3.27208471713211e-07,96,0
75,apv,wave,wave,w*dz(v),0,-1,0,1,1,0,0,0,96
75,apv,wave,wave,u*dx(w),0,-1,0,1,1,0,0,0,96
75,apv,wave,wave,v*dy(w),6.11256333107134e-05,2,0,15,1,9.99200722162641e-16,2.2249170483768e-07,96,0
75,apv,wave,wave,w*dz(w),0,-1,0,1,1,0,0,0,96
75,apv,wave,wave,u*dx(eta),0,-1,0,1,1,0,0,0,96
75,apv,wave,wave,v*dy(eta),0.000365018608805875,2,0,16,1,1.24344978758018e-14,3.54980808856483e-07,96,0
75,apv,wave,wave,w*dz(eta),0,-1,0,1,1,0,0,0,96
75,apv,wave,wave,w*eta*dlogN2,0,-1,0,1,1,0,0,0,96
75,wave,boundary,wave,u*dx(u),0,1,1,1,0,0,0,0,64
75,wave,boundary,wave,v*dy(u),0.00254878303471393,16,1,2,0,1.76588644842724e-14,1.47943201658072e-07,64,0
75,wave,boundary,wave,w*dz(u),0.00499791098867173,16,1,2,0,4.5921444724173e-13,2.8497944493111e-07,64,0
75,wave,boundary,wave,u*dx(v),0,1,1,1,0,0,0,0,64
75,wave,boundary,wave,v*dy(v),0,1,1,1,0,0,0,0,64
75,wave,boundary,wave,w*dz(v),0,1,1,1,0,0,0,0,64
75,wave,boundary,wave,u*dx(w),0,1,1,1,0,0,0,0,64
75,wave,boundary,wave,v*dy(w),0,1,1,1,0,0,0,0,64
75,wave,boundary,wave,w*dz(w),0,1,1,1,0,0,0,0,64
75,wave,boundary,wave,u*dx(eta),0,1,1,1,0,0,0,0,64
75,wave,boundary,wave,v*dy(eta),0.000460084960148904,16,1,2,0,1.70086167372574e-13,2.1551653328622e-07,64,0
75,wave,boundary,wave,w*dz(eta),0.000310233204590487,15,1,2,0,6.3988747633914e-10,1.21002599828834e-07,64,0
75,wave,boundary,wave,w*eta*dlogN2,0.00989085744040586,16,1,2,0,3.07420755518706e-13,2.85169112546058e-07,64,0
75,boundary,wave,wave,u*dx(u),0,1,0,1,1,0,0,0,64
75,boundary,wave,wave,v*dy(u),0.0027757291087538,2,0,16,1,2.09961316691332e-14,1.71761408274761e-07,64,0
75,boundary,wave,wave,w*dz(u),0,1,0,1,1,0,0,0,64
75,boundary,wave,wave,u*dx(v),0,1,0,1,1,0,0,0,64
75,boundary,wave,wave,v*dy(v),0.00279863668592663,2,0,16,1,2.08424897099312e-14,1.73115042393847e-07,64,0
75,boundary,wave,wave,w*dz(v),0,1,0,1,1,0,0,0,64
75,boundary,wave,wave,u*dx(w),0,1,0,1,1,0,0,0,64
75,boundary,wave,wave,v*dy(w),4.14133833986122e-05,2,0,15,1,4.44089209850063e-16,1.86898797438495e-07,64,0
75,boundary,wave,wave,w*dz(w),0,1,0,1,1,0,0,0,64
75,boundary,wave,wave,u*dx(eta),0,1,0,1,1,0,0,0,64
75,boundary,wave,wave,v*dy(eta),0.00033227810974527,2,0,15,1,3.10862446895044e-15,1.59295139190441e-07,64,0
75,boundary,wave,wave,w*dz(eta),0,1,0,1,1,0,0,0,64
75,boundary,wave,wave,w*eta*dlogN2,0,1,0,1,1,0,0,0,64
75,apv,boundary,wave,u*dx(u),0,-1,0,1,0,0,0,0,6
75,apv,boundary,wave,v*dy(u),0.000563864472454048,-1,0,2,0,4.72590101689469e-15,2.71792975237162e-07,6,0
75,apv,boundary,wave,w*dz(u),0,-1,0,1,0,0,0,0,6
75,apv,boundary,wave,u*dx(v),0,-1,0,1,0,0,0,0,6
75,apv,boundary,wave,v*dy(v),0,-1,0,1,0,0,0,0,6
75,apv,boundary,wave,w*dz(v),0,-1,0,1,0,0,0,0,6
75,apv,boundary,wave,u*dx(w),0,-1,0,1,0,0,0,0,6
75,apv,boundary,wave,v*dy(w),0,-1,0,1,0,0,0,0,6
75,apv,boundary,wave,w*dz(w),0,-1,0,1,0,0,0,0,6
75,apv,boundary,wave,u*dx(eta),0,-1,0,1,0,0,0,0,6
75,apv,boundary,wave,v*dy(eta),2.08719443425105e-05,2,0,2,0,4.55191440096314e-14,2.73371327574878e-07,6,0
75,apv,boundary,wave,w*dz(eta),0,-1,0,1,0,0,0,0,6
75,apv,boundary,wave,w*eta*dlogN2,0,-1,0,1,0,0,0,0,6
75,boundary,apv,wave,u*dx(u),0,1,0,-1,0,0,0,0,6
75,boundary,apv,wave,v*dy(u),0.000589256462362806,2,0,2,0,5.6276132451885e-15,2.67775430606854e-07,6,0
75,boundary,apv,wave,w*dz(u),0,1,0,-1,0,0,0,0,6
75,boundary,apv,wave,u*dx(v),0,1,0,-1,0,0,0,0,6
75,boundary,apv,wave,v*dy(v),0,1,0,-1,0,0,0,0,6
75,boundary,apv,wave,w*dz(v),0,1,0,-1,0,0,0,0,6
75,boundary,apv,wave,u*dx(w),0,1,0,-1,0,0,0,0,6
75,boundary,apv,wave,v*dy(w),0,1,0,-1,0,0,0,0,6
75,boundary,apv,wave,w*dz(w),0,1,0,-1,0,0,0,0,6
75,boundary,apv,wave,u*dx(eta),0,1,0,-1,0,0,0,0,6
75,boundary,apv,wave,v*dy(eta),3.73827975019138e-05,2,0,2,0,5.75095526755831e-14,6.35408188731645e-07,6,0
75,boundary,apv,wave,w*dz(eta),0,1,0,-1,0,0,0,0,6
75,boundary,apv,wave,w*eta*dlogN2,0,1,0,-1,0,0,0,0,6
75,boundary,boundary,wave,u*dx(u),0,1,0,1,0,0,0,0,4
75,boundary,boundary,wave,v*dy(u),0.000530611303590991,1,0,2,0,2.86492222650508e-15,3.16259029187194e-07,4,0
75,boundary,boundary,wave,w*dz(u),0,1,0,1,0,0,0,0,4
75,boundary,boundary,wave,u*dx(v),0,1,0,1,0,0,0,0,4
75,boundary,boundary,wave,v*dy(v),0,1,0,1,0,0,0,0,4
75,boundary,boundary,wave,w*dz(v),0,1,0,1,0,0,0,0,4
75,boundary,boundary,wave,u*dx(w),0,1,0,1,0,0,0,0,4
75,boundary,boundary,wave,v*dy(w),0,1,0,1,0,0,0,0,4
75,boundary,boundary,wave,w*dz(w),0,1,0,1,0,0,0,0,4
75,boundary,boundary,wave,u*dx(eta),0,1,0,1,0,0,0,0,4
75,boundary,boundary,wave,v*dy(eta),2.44334141241989e-05,2,0,1,0,3.94129173741931e-14,3.42208397730026e-07,4,0
75,boundary,boundary,wave,w*dz(eta),0,1,0,1,0,0,0,0,4
75,boundary,boundary,wave,w*eta*dlogN2,0,1,0,1,0,0,0,0,4
76,wave,wave,wave,u*dx(u),0,1,1,1,1,0,0,0,1024
76,wave,wave,wave,v*dy(u),0.591602577266163,16,1,15,1,1.62910573919817e-10,1.95574459960213e-08,1024,0
76,wave,wave,wave,w*dz(u),0.592028099721396,16,1,15,1,1.37416482539621e-05,0.000168936104662176,1024,0
76,wave,wave,wave,u*dx(v),0,1,1,1,1,0,0,0,1024
76,wave,wave,wave,v*dy(v),0.592241334013893,16,1,15,1,1.62910573919817e-10,2.93241341209338e-08,1024,0
76,wave,wave,wave,w*dz(v),0.592684523912694,16,1,15,1,1.3741648253851e-05,0.000168926336324038,1024,0
76,wave,wave,wave,u*dx(w),0,1,1,1,1,0,0,0,1024
76,wave,wave,wave,v*dy(w),0.00123252257484151,16,1,16,1,5.82300874185648e-11,2.93309827537058e-08,1024,0
76,wave,wave,wave,w*dz(w),0.00123252276501076,16,1,16,1,5.82297543516574e-11,3.91074179706408e-08,1024,0
76,wave,wave,wave,u*dx(eta),0,1,1,1,1,0,0,0,1024
76,wave,wave,wave,v*dy(eta),0.0712950492127371,16,1,16,1,3.82756271122275e-10,1.95588307771999e-08,1024,0
76,wave,wave,wave,w*dz(eta),0.0712950846629078,16,1,16,1,3.82756160099973e-10,2.93353513702854e-08,1024,0
76,wave,wave,wave,w*eta*dlogN2,0.0609358710042252,16,1,16,1,6.30679952706714e-11,2.93144001295431e-08,1024,0
76,wave,apv,wave,u*dx(u),0,1,1,-1,0,0,0,0,96
76,wave,apv,wave,v*dy(u),0.00339069712583548,16,1,2,0,4.41059176041451e-14,3.20479575696247e-07,96,0
76,wave,apv,wave,w*dz(u),0.0098041222741829,16,1,2,0,7.09876601945325e-13,4.83837541587206e-07,96,0
76,wave,apv,wave,u*dx(v),0,1,1,-1,0,0,0,0,96
76,wave,apv,wave,v*dy(v),0,1,1,-1,0,0,0,0,96
76,wave,apv,wave,w*dz(v),0,1,1,-1,0,0,0,0,96
76,wave,apv,wave,u*dx(w),0,1,1,-1,0,0,0,0,96
76,wave,apv,wave,v*dy(w),0,1,1,-1,0,0,0,0,96
76,wave,apv,wave,w*dz(w),0,1,1,-1,0,0,0,0,96
76,wave,apv,wave,u*dx(eta),0,1,1,-1,0,0,0,0,96
76,wave,apv,wave,v*dy(eta),0.000887956525903446,16,1,2,0,6.54254428411605e-13,4.97385170161735e-07,96,0
76,wave,apv,wave,w*dz(eta),0.000364363630402438,16,1,2,0,7.65064123164905e-09,6.51733401912935e-07,96,0
76,wave,apv,wave,w*eta*dlogN2,0.00989252661432275,16,1,2,0,4.08784117666983e-13,4.88612645233033e-07,96,0
76,apv,wave,wave,u*dx(u),0,-1,0,1,1,0,0,0,96
76,apv,wave,wave,v*dy(u),0.00339068304297265,2,0,16,1,4.43170607653199e-14,3.20477838266725e-07,96,0
76,apv,wave,wave,w*dz(u),0,-1,0,1,1,0,0,0,96
76,apv,wave,wave,u*dx(v),0,-1,0,1,1,0,0,0,96
76,apv,wave,wave,v*dy(v),0.00340676338039382,2,0,16,1,4.43605886551834e-14,3.27208471713211e-07,96,0
76,apv,wave,wave,w*dz(v),0,-1,0,1,1,0,0,0,96
76,apv,wave,wave,u*dx(w),0,-1,0,1,1,0,0,0,96
76,apv,wave,wave,v*dy(w),6.11256333107134e-05,2,0,15,1,9.99200722162641e-16,2.2249170483768e-07,96,0
76,apv,wave,wave,w*dz(w),0,-1,0,1,1,0,0,0,96
76,apv,wave,wave,u*dx(eta),0,-1,0,1,1,0,0,0,96
76,apv,wave,wave,v*dy(eta),0.000365018608805875,2,0,16,1,1.24344978758018e-14,3.54980808856483e-07,96,0
76,apv,wave,wave,w*dz(eta),0,-1,0,1,1,0,0,0,96
76,apv,wave,wave,w*eta*dlogN2,0,-1,0,1,1,0,0,0,96
76,wave,boundary,wave,u*dx(u),0,1,1,1,0,0,0,0,64
76,wave,boundary,wave,v*dy(u),0.00254878303471393,16,1,2,0,1.76588644842724e-14,1.47943201658072e-07,64,0
76,wave,boundary,wave,w*dz(u),0.00499791098867173,16,1,2,0,4.5921444724173e-13,2.8497944493111e-07,64,0
76,wave,boundary,wave,u*dx(v),0,1,1,1,0,0,0,0,64
76,wave,boundary,wave,v*dy(v),0,1,1,1,0,0,0,0,64
76,wave,boundary,wave,w*dz(v),0,1,1,1,0,0,0,0,64
76,wave,boundary,wave,u*dx(w),0,1,1,1,0,0,0,0,64
76,wave,boundary,wave,v*dy(w),0,1,1,1,0,0,0,0,64
76,wave,boundary,wave,w*dz(w),0,1,1,1,0,0,0,0,64
76,wave,boundary,wave,u*dx(eta),0,1,1,1,0,0,0,0,64
76,wave,boundary,wave,v*dy(eta),0.000460084960148904,16,1,2,0,1.70086167372574e-13,2.1551653328622e-07,64,0
76,wave,boundary,wave,w*dz(eta),0.000310233204590487,15,1,2,0,6.3988747633914e-10,1.21002599828834e-07,64,0
76,wave,boundary,wave,w*eta*dlogN2,0.00989085744040586,16,1,2,0,3.07420755518706e-13,2.85169112546058e-07,64,0
76,boundary,wave,wave,u*dx(u),0,1,0,1,1,0,0,0,64
76,boundary,wave,wave,v*dy(u),0.0027757291087538,2,0,16,1,2.09961316691332e-14,1.71761408274761e-07,64,0
76,boundary,wave,wave,w*dz(u),0,1,0,1,1,0,0,0,64
76,boundary,wave,wave,u*dx(v),0,1,0,1,1,0,0,0,64
76,boundary,wave,wave,v*dy(v),0.00279863668592663,2,0,16,1,2.08424897099312e-14,1.73115042393847e-07,64,0
76,boundary,wave,wave,w*dz(v),0,1,0,1,1,0,0,0,64
76,boundary,wave,wave,u*dx(w),0,1,0,1,1,0,0,0,64
76,boundary,wave,wave,v*dy(w),4.14133833986122e-05,2,0,15,1,4.44089209850063e-16,1.86898797438495e-07,64,0
76,boundary,wave,wave,w*dz(w),0,1,0,1,1,0,0,0,64
76,boundary,wave,wave,u*dx(eta),0,1,0,1,1,0,0,0,64
76,boundary,wave,wave,v*dy(eta),0.00033227810974527,2,0,15,1,3.10862446895044e-15,1.59295139190441e-07,64,0
76,boundary,wave,wave,w*dz(eta),0,1,0,1,1,0,0,0,64
76,boundary,wave,wave,w*eta*dlogN2,0,1,0,1,1,0,0,0,64
76,apv,boundary,wave,u*dx(u),0,-1,0,1,0,0,0,0,6
76,apv,boundary,wave,v*dy(u),0.000563864472454048,-1,0,2,0,4.72590101689469e-15,2.71792975237162e-07,6,0
76,apv,boundary,wave,w*dz(u),0,-1,0,1,0,0,0,0,6
76,apv,boundary,wave,u*dx(v),0,-1,0,1,0,0,0,0,6
76,apv,boundary,wave,v*dy(v),0,-1,0,1,0,0,0,0,6
76,apv,boundary,wave,w*dz(v),0,-1,0,1,0,0,0,0,6
76,apv,boundary,wave,u*dx(w),0,-1,0,1,0,0,0,0,6
76,apv,boundary,wave,v*dy(w),0,-1,0,1,0,0,0,0,6
76,apv,boundary,wave,w*dz(w),0,-1,0,1,0,0,0,0,6
76,apv,boundary,wave,u*dx(eta),0,-1,0,1,0,0,0,0,6
76,apv,boundary,wave,v*dy(eta),2.08719443425105e-05,2,0,2,0,4.55191440096314e-14,2.73371327574878e-07,6,0
76,apv,boundary,wave,w*dz(eta),0,-1,0,1,0,0,0,0,6
76,apv,boundary,wave,w*eta*dlogN2,0,-1,0,1,0,0,0,0,6
76,boundary,apv,wave,u*dx(u),0,1,0,-1,0,0,0,0,6
76,boundary,apv,wave,v*dy(u),0.000589256462362806,2,0,2,0,5.6276132451885e-15,2.67775430606854e-07,6,0
76,boundary,apv,wave,w*dz(u),0,1,0,-1,0,0,0,0,6
76,boundary,apv,wave,u*dx(v),0,1,0,-1,0,0,0,0,6
76,boundary,apv,wave,v*dy(v),0,1,0,-1,0,0,0,0,6
76,boundary,apv,wave,w*dz(v),0,1,0,-1,0,0,0,0,6
76,boundary,apv,wave,u*dx(w),0,1,0,-1,0,0,0,0,6
76,boundary,apv,wave,v*dy(w),0,1,0,-1,0,0,0,0,6
76,boundary,apv,wave,w*dz(w),0,1,0,-1,0,0,0,0,6
76,boundary,apv,wave,u*dx(eta),0,1,0,-1,0,0,0,0,6
76,boundary,apv,wave,v*dy(eta),3.73827975019138e-05,2,0,2,0,5.75095526755831e-14,6.35408188731645e-07,6,0
76,boundary,apv,wave,w*dz(eta),0,1,0,-1,0,0,0,0,6
76,boundary,apv,wave,w*eta*dlogN2,0,1,0,-1,0,0,0,0,6
76,boundary,boundary,wave,u*dx(u),0,1,0,1,0,0,0,0,4
76,boundary,boundary,wave,v*dy(u),0.000530611303590991,1,0,2,0,2.86492222650508e-15,3.16259029187194e-07,4,0
76,boundary,boundary,wave,w*dz(u),0,1,0,1,0,0,0,0,4
76,boundary,boundary,wave,u*dx(v),0,1,0,1,0,0,0,0,4
76,boundary,boundary,wave,v*dy(v),0,1,0,1,0,0,0,0,4
76,boundary,boundary,wave,w*dz(v),0,1,0,1,0,0,0,0,4
76,boundary,boundary,wave,u*dx(w),0,1,0,1,0,0,0,0,4
76,boundary,boundary,wave,v*dy(w),0,1,0,1,0,0,0,0,4
76,boundary,boundary,wave,w*dz(w),0,1,0,1,0,0,0,0,4
76,boundary,boundary,wave,u*dx(eta),0,1,0,1,0,0,0,0,4
76,boundary,boundary,wave,v*dy(eta),2.44334141241989e-05,2,0,1,0,3.94129173741931e-14,3.42208397730026e-07,4,0
76,boundary,boundary,wave,w*dz(eta),0,1,0,1,0,0,0,0,4
76,boundary,boundary,wave,w*eta*dlogN2,0,1,0,1,0,0,0,0,4
77,wave,wave,wave,u*dx(u),0.591612762268819,16,1,15,1,1.62909907786002e-10,3.91024537194085e-08,1024,0
77,wave,wave,wave,v*dy(u),0.591612762268818,16,1,15,1,1.62909907786002e-10,2.93266286810479e-08,1024,0
77,wave,wave,wave,w*dz(u),0.592039312899534,16,1,15,-1,6.20142377372179e-06,0.00014395914952825,1024,0
77,wave,wave,wave,u*dx(v),0.590263484258241,16,1,15,1,1.62909685741397e-10,3.91048767811597e-08,1024,0
77,wave,wave,wave,v*dy(v),0.590263484258241,16,1,15,1,1.62909907786002e-10,2.93290518538214e-08,1024,0
77,wave,wave,wave,w*dz(v),0.590653423395497,16,1,15,1,6.20142377372179e-06,0.000143959147104633,1024,0
77,wave,wave,wave,u*dx(w),0.00174855263831916,16,1,16,1,5.82309755969845e-11,3.91125557497318e-08,1024,0
77,wave,wave,wave,v*dy(w),0.00174855263831917,16,1,16,1,5.8231086619287e-11,2.93367307113712e-08,1024,0
77,wave,wave,wave,w*dz(w),0.00174855318966164,16,1,16,1,5.82308645746821e-11,3.91131990129523e-08,1024,0
77,wave,wave,wave,u*dx(eta),0.100575001706309,16,1,16,1,3.82761267125886e-10,2.93366732018185e-08,1024,0
77,wave,wave,wave,v*dy(eta),0.100575001706309,16,1,16,1,3.82761267125886e-10,1.95608480524356e-08,1024,0
77,wave,wave,wave,w*dz(eta),0.100575103521629,16,1,16,1,3.82761489170491e-10,2.93372711679396e-08,1024,0
77,wave,wave,wave,w*eta*dlogN2,0.0807485090441823,16,1,16,1,6.30684393598813e-11,2.93164075237939e-08,1024,0
77,wave,apv,wave,u*dx(u),0.00340001525631491,16,1,2,0,4.43350813768161e-14,3.22452645945818e-07,96,0
77,wave,apv,wave,v*dy(u),0.00340001525631512,16,1,2,0,4.44328306064793e-14,3.22452646415554e-07,96,0
77,wave,apv,wave,w*dz(u),0.00980442551944585,16,1,2,0,7.09876601945325e-13,4.83837541587206e-07,96,0
77,wave,apv,wave,u*dx(v),0.0033755787560129,16,1,2,0,4.37824481253648e-14,3.12733021313953e-07,96,0
77,wave,apv,wave,v*dy(v),0.00337557875601307,16,1,2,0,4.38006766089877e-14,3.12733023939242e-07,96,0
77,wave,apv,wave,w*dz(v),0.00978336964466411,16,1,2,0,7.09876601945325e-13,4.83837541143117e-07,96,0
77,wave,apv,wave,u*dx(w),0,1,1,-1,0,0,0,0,96
77,wave,apv,wave,v*dy(w),0,1,1,-1,0,0,0,0,96
77,wave,apv,wave,w*dz(w),0,1,1,-1,0,0,0,0,96
77,wave,apv,wave,u*dx(eta),0.00122605092983572,16,1,2,0,6.54143406109142e-13,4.97383013331465e-07,96,0
77,wave,apv,wave,v*dy(eta),0.00122605092983573,16,1,2,0,6.54254428411605e-13,4.97385170161735e-07,96,0
77,wave,apv,wave,w*dz(eta),0.000487355470639685,16,1,2,0,7.65064123164905e-09,6.51733401912935e-07,96,0
77,wave,apv,wave,w*eta*dlogN2,0.0133978441100648,16,1,2,0,4.08784117666983e-13,4.88612645233033e-07,96,0
77,apv,wave,wave,u*dx(u),0,-1,0,1,1,0,0,0,96
77,apv,wave,wave,v*dy(u),0.00339998644043496,2,0,16,1,4.4226335026701e-14,3.22449157593768e-07,96,0
77,apv,wave,wave,w*dz(u),0,-1,0,1,1,0,0,0,96
77,apv,wave,wave,u*dx(v),0,-1,0,1,1,0,0,0,96
77,apv,wave,wave,v*dy(v),0.00337555013298027,2,0,16,-1,4.38144711440463e-14,3.1273343122005e-07,96,0
77,apv,wave,wave,w*dz(v),0,-1,0,1,1,0,0,0,96
77,apv,wave,wave,u*dx(w),0,-1,0,1,1,0,0,0,96
77,apv,wave,wave,v*dy(w),8.66788437017484e-05,2,0,15,1,6.66133814775094e-16,2.22520933457204e-07,96,0
77,apv,wave,wave,w*dz(w),0,-1,0,1,1,0,0,0,96
77,apv,wave,wave,u*dx(eta),0,-1,0,1,1,0,0,0,96
77,apv,wave,wave,v*dy(eta),0.000488292974713489,2,0,16,1,1.24344978758018e-14,3.90907223720182e-07,96,0
77,apv,wave,wave,w*dz(eta),0,-1,0,1,1,0,0,0,96
77,apv,wave,wave,w*eta*dlogN2,0,-1,0,1,1,0,0,0,96
77,wave,boundary,wave,u*dx(u),0.00229955629234691,16,1,2,0,1.51321508108736e-14,1.32015989051886e-07,64,0
77,wave,boundary,wave,v*dy(u),0.00229955629234673,16,1,2,0,1.46484662930084e-14,1.32015986060933e-07,64,0
77,wave,boundary,wave,w*dz(u),0.00451606655912719,16,1,2,0,4.02596357730324e-13,2.18601602676067e-07,64,0
77,wave,boundary,wave,u*dx(v),0.00227147769067206,16,1,2,0,1.49832355620064e-14,1.21294071564471e-07,64,0
77,wave,boundary,wave,v*dy(v),0.00227147769067188,16,1,2,0,1.53327925324705e-14,1.19964714352494e-07,64,0
77,wave,boundary,wave,w*dz(v),0.00450600880246406,16,1,2,0,4.01916437184909e-13,2.13201107879257e-07,64,0
77,wave,boundary,wave,u*dx(w),0,1,1,1,0,0,0,0,64
77,wave,boundary,wave,v*dy(w),0,1,1,1,0,0,0,0,64
77,wave,boundary,wave,w*dz(w),0,1,1,1,0,0,0,0,64
77,wave,boundary,wave,u*dx(eta),0.000575426254546858,16,1,2,0,1.36335387423969e-13,1.55490715858519e-07,64,0
77,wave,boundary,wave,v*dy(eta),0.000575426254546833,16,1,2,0,1.36224365121507e-13,1.53564939320283e-07,64,0
77,wave,boundary,wave,w*dz(eta),0.00036922445589672,15,1,2,0,4.53141302259041e-10,1.01666770446762e-07,64,0
77,wave,boundary,wave,w*eta*dlogN2,0.0145855480758696,16,1,2,0,3.05755420981768e-13,2.13385990877057e-07,64,0
77,boundary,wave,wave,u*dx(u),0,1,0,1,1,0,0,0,64
77,boundary,wave,wave,v*dy(u),0.00279076236726114,2,0,16,1,2.06850872454821e-14,1.71934514290433e-07,64,0
77,boundary,wave,wave,w*dz(u),0,1,0,1,1,0,0,0,64
77,boundary,wave,wave,u*dx(v),0,1,0,1,1,0,0,0,64
77,boundary,wave,wave,v*dy(v),0.0027577360527921,2,0,16,1,2.05699709148225e-14,1.69581472180297e-07,64,0
77,boundary,wave,wave,w*dz(v),0,1,0,1,1,0,0,0,64
77,boundary,wave,wave,u*dx(w),0,1,0,1,1,0,0,0,64
77,boundary,wave,wave,v*dy(w),5.87295072373621e-05,2,0,15,1,4.44089209850063e-16,1.86908836741217e-07,64,0
77,boundary,wave,wave,w*dz(w),0,1,0,1,1,0,0,0,64
77,boundary,wave,wave,u*dx(eta),0,1,0,1,1,0,0,0,64
77,boundary,wave,wave,v*dy(eta),0.000433468734887915,2,0,15,1,3.21964677141295e-15,1.59302004920647e-07,64,0
77,boundary,wave,wave,w*dz(eta),0,1,0,1,1,0,0,0,64
77,boundary,wave,wave,w*eta*dlogN2,0,1,0,1,1,0,0,0,64
77,apv,boundary,wave,u*dx(u),0,-1,0,1,0,0,0,0,6
77,apv,boundary,wave,v*dy(u),0.000523970437410121,-1,0,2,0,4.04969571702655e-15,2.91042544287023e-07,6,0
77,apv,boundary,wave,w*dz(u),0,-1,0,1,0,0,0,0,6
77,apv,boundary,wave,u*dx(v),0,-1,0,1,0,0,0,0,6
77,apv,boundary,wave,v*dy(v),0.000522582802396334,-1,0,2,0,3.91618069450869e-15,2.91042544731113e-07,6,0
77,apv,boundary,wave,w*dz(v),0,-1,0,1,0,0,0,0,6
77,apv,boundary,wave,u*dx(w),0,-1,0,1,0,0,0,0,6
77,apv,boundary,wave,v*dy(w),0,-1,0,1,0,0,0,0,6
77,apv,boundary,wave,w*dz(w),0,-1,0,1,0,0,0,0,6
77,apv,boundary,wave,u*dx(eta),0,-1,0,1,0,0,0,0,6
77,apv,boundary,wave,v*dy(eta),2.64460343804466e-05,-1,0,2,0,3.49720252756924e-14,2.40172792320692e-07,6,0
77,apv,boundary,wave,w*dz(eta),0,-1,0,1,0,0,0,0,6
77,apv,boundary,wave,w*eta*dlogN2,0,-1,0,1,0,0,0,0,6
77,boundary,apv,wave,u*dx(u),0,1,0,-1,0,0,0,0,6
77,boundary,apv,wave,v*dy(u),0.000589349266661592,2,0,2,0,5.74580301686861e-15,2.67775430606854e-07,6,0
77,boundary,apv,wave,w*dz(u),0,1,0,-1,0,0,0,0,6
77,boundary,apv,wave,u*dx(v),0,1,0,-1,0,0,0,0,6
77,boundary,apv,wave,v*dy(v),0.000587534075940702,2,0,2,0,5.63042732254294e-15,2.67775430606854e-07,6,0
77,boundary,apv,wave,w*dz(v),0,1,0,-1,0,0,0,0,6
77,boundary,apv,wave,u*dx(w),0,1,0,-1,0,0,0,0,6
77,boundary,apv,wave,v*dy(w),0,1,0,-1,0,0,0,0,6
77,boundary,apv,wave,w*dz(w),0,1,0,-1,0,0,0,0,6
77,boundary,apv,wave,u*dx(eta),0,1,0,-1,0,0,0,0,6
77,boundary,apv,wave,v*dy(eta),5.19967266819166e-05,2,0,2,0,5.75095526755831e-14,6.35408188731645e-07,6,0
77,boundary,apv,wave,w*dz(eta),0,1,0,-1,0,0,0,0,6
77,boundary,apv,wave,w*eta*dlogN2,0,1,0,-1,0,0,0,0,6
77,boundary,boundary,wave,u*dx(u),0,1,0,1,0,0,0,0,4
77,boundary,boundary,wave,v*dy(u),0.00051282760509046,1,0,2,0,2.85695243732299e-15,2.89220650429023e-07,4,0
77,boundary,boundary,wave,w*dz(u),0,1,0,1,0,0,0,0,4
77,boundary,boundary,wave,u*dx(v),0,1,0,1,0,0,0,0,4
77,boundary,boundary,wave,v*dy(v),0.000511472185219444,1,0,2,0,2.81213164122606e-15,2.89220650429023e-07,4,0
77,boundary,boundary,wave,w*dz(v),0,1,0,1,0,0,0,0,4
77,boundary,boundary,wave,u*dx(w),0,1,0,1,0,0,0,0,4
77,boundary,boundary,wave,v*dy(w),0,1,0,1,0,0,0,0,4
77,boundary,boundary,wave,w*dz(w),0,1,0,1,0,0,0,0,4
77,boundary,boundary,wave,u*dx(eta),0,1,0,1,0,0,0,0,4
77,boundary,boundary,wave,v*dy(eta),2.85847585829112e-05,2,0,1,0,2.76445533131664e-14,2.99451448415589e-07,4,0
77,boundary,boundary,wave,w*dz(eta),0,1,0,1,0,0,0,0,4
77,boundary,boundary,wave,w*eta*dlogN2,0,1,0,1,0,0,0,0,4
78,wave,wave,wave,u*dx(u),0.592905465050058,16,1,15,1,1.62911240053631e-10,3.9123065898039e-08,1024,0
78,wave,wave,wave,v*dy(u),0,1,1,1,1,0,0,0,1024
78,wave,wave,wave,w*dz(u),0.593366852833248,16,1,15,1,2.86747958908595e-05,0.000324304426164268,1024,0
78,wave,wave,wave,u*dx(v),0.590249642695944,16,1,15,1,1.62911684142841e-10,2.93472407486561e-08,1024,0
78,wave,wave,wave,v*dy(v),0,1,1,1,1,0,0,0,1024
78,wave,wave,wave,w*dz(v),0.590638146740529,16,1,15,1,2.86747958910816e-05,0.000324314205159881,1024,0
78,wave,wave,wave,u*dx(w),0.00143267208878893,16,1,16,1,5.82293102624476e-11,3.91301309132785e-08,1024,0
78,wave,wave,wave,v*dy(w),0,1,1,1,1,0,0,0,1024
78,wave,wave,wave,w*dz(w),0.00143267208878893,16,1,16,1,5.82291992401451e-11,3.91301309132785e-08,1024,0
78,wave,wave,wave,u*dx(eta),0.0827003820398189,16,1,16,1,3.82751275118665e-10,2.93488993108326e-08,1024,0
78,wave,wave,wave,v*dy(eta),0,1,1,1,1,0,0,0,1024
78,wave,wave,wave,w*dz(eta),0.0827003820398189,16,1,16,1,3.82751275118665e-10,2.93488993108326e-08,1024,0
78,wave,wave,wave,w*eta*dlogN2,0.0688056501519231,16,1,16,1,6.30674401591591e-11,2.93286426256145e-08,1024,0
78,wave,apv,wave,u*dx(u),0,1,1,-1,0,0,0,0,96
78,wave,apv,wave,v*dy(u),0,1,1,-1,0,0,0,0,96
78,wave,apv,wave,w*dz(u),0,1,1,-1,0,0,0,0,96
78,wave,apv,wave,u*dx(v),0.00336584661276664,16,1,2,0,4.41030626394046e-14,3.12550050094778e-07,96,0
78,wave,apv,wave,v*dy(v),0,1,1,-1,0,0,0,0,96
78,wave,apv,wave,w*dz(v),0.00978300391789361,16,1,2,0,7.09876601945325e-13,4.83837541143117e-07,96,0
78,wave,apv,wave,u*dx(w),0,1,1,-1,0,0,0,0,96
78,wave,apv,wave,v*dy(w),0,1,1,-1,0,0,0,0,96
78,wave,apv,wave,w*dz(w),0,1,1,-1,0,0,0,0,96
78,wave,apv,wave,u*dx(eta),0.00102027191305657,16,1,2,0,6.54143406109142e-13,4.97383013331465e-07,96,0
78,wave,apv,wave,v*dy(eta),0,1,1,-1,0,0,0,0,96
78,wave,apv,wave,w*dz(eta),0.000412762996719963,16,1,2,0,7.65064123164905e-09,6.51733401912935e-07,96,0
78,wave,apv,wave,w*eta*dlogN2,0.0112734798668523,16,1,2,0,4.08784117666983e-13,4.88612645233033e-07,96,0
78,apv,wave,wave,u*dx(u),0,-1,0,1,1,0,0,0,96
78,apv,wave,wave,v*dy(u),0,-1,0,1,1,0,0,0,96
78,apv,wave,wave,w*dz(u),0,-1,0,1,1,0,0,0,96
78,apv,wave,wave,u*dx(v),0,-1,0,1,1,0,0,0,96
78,apv,wave,wave,v*dy(v),0,-1,0,1,1,0,0,0,96
78,apv,wave,wave,w*dz(v),0,-1,0,1,1,0,0,0,96
78,apv,wave,wave,u*dx(w),0,-1,0,1,1,0,0,0,96
78,apv,wave,wave,v*dy(w),0,-1,0,1,1,0,0,0,96
78,apv,wave,wave,w*dz(w),0,-1,0,1,1,0,0,0,96
78,apv,wave,wave,u*dx(eta),0,-1,0,1,1,0,0,0,96
78,apv,wave,wave,v*dy(eta),0,-1,0,1,1,0,0,0,96
78,apv,wave,wave,w*dz(eta),0,-1,0,1,1,0,0,0,96
78,apv,wave,wave,w*eta*dlogN2,0,-1,0,1,1,0,0,0,96
78,wave,boundary,wave,u*dx(u),0,1,1,1,0,0,0,0,64
78,wave,boundary,wave,v*dy(u),0,1,1,1,0,0,0,0,64
78,wave,boundary,wave,w*dz(u),0,1,1,1,0,0,0,0,64
78,wave,boundary,wave,u*dx(v),0.00274208959412411,16,1,2,0,2.07971155425151e-14,1.69577043416237e-07,64,0
78,wave,boundary,wave,v*dy(v),0,1,1,1,0,0,0,0,64
78,wave,boundary,wave,w*dz(v),0.00541966585402395,16,1,2,0,5.17311590892819e-13,4.03028442952369e-07,64,0
78,wave,boundary,wave,u*dx(w),0,1,1,1,0,0,0,0,64
78,wave,boundary,wave,v*dy(w),0,1,1,1,0,0,0,0,64
78,wave,boundary,wave,w*dz(w),0,1,1,1,0,0,0,0,64
78,wave,boundary,wave,u*dx(eta),0.000572703369365733,16,1,2,0,2.13939976845268e-13,3.24313548016875e-07,64,0
78,wave,boundary,wave,v*dy(eta),0,1,1,1,0,0,0,0,64
78,wave,boundary,wave,w*dz(eta),0.000370407512755104,15,1,2,0,9.57715906579892e-10,1.31249053736404e-07,64,0
78,wave,boundary,wave,w*eta*dlogN2,0.0101771699947723,16,1,2,0,3.0409008644483e-13,4.04942695042543e-07,64,0
78,boundary,wave,wave,u*dx(u),0,1,0,1,1,0,0,0,64
78,boundary,wave,wave,v*dy(u),0,1,0,1,1,0,0,0,64
78,boundary,wave,wave,w*dz(u),0,1,0,1,1,0,0,0,64
78,boundary,wave,wave,u*dx(v),0,1,0,1,1,0,0,0,64
78,boundary,wave,wave,v*dy(v),0,1,0,1,1,0,0,0,64
78,boundary,wave,wave,w*dz(v),0,1,0,1,1,0,0,0,64
78,boundary,wave,wave,u*dx(w),0,1,0,1,1,0,0,0,64
78,boundary,wave,wave,v*dy(w),0,1,0,1,1,0,0,0,64
78,boundary,wave,wave,w*dz(w),0,1,0,1,1,0,0,0,64
78,boundary,wave,wave,u*dx(eta),0,1,0,1,1,0,0,0,64
78,boundary,wave,wave,v*dy(eta),0,1,0,1,1,0,0,0,64
78,boundary,wave,wave,w*dz(eta),0,1,0,1,1,0,0,0,64
78,boundary,wave,wave,w*eta*dlogN2,0,1,0,1,1,0,0,0,64
78,apv,boundary,wave,u*dx(u),0,-1,0,1,0,0,0,0,6
78,apv,boundary,wave,v*dy(u),0,-1,0,1,0,0,0,0,6
78,apv,boundary,wave,w*dz(u),0,-1,0,1,0,0,0,0,6
78,apv,boundary,wave,u*dx(v),0,-1,0,1,0,0,0,0,6
78,apv,boundary,wave,v*dy(v),0,-1,0,1,0,0,0,0,6
78,apv,boundary,wave,w*dz(v),0,-1,0,1,0,0,0,0,6
78,apv,boundary,wave,u*dx(w),0,-1,0,1,0,0,0,0,6
78,apv,boundary,wave,v*dy(w),0,-1,0,1,0,0,0,0,6
78,apv,boundary,wave,w*dz(w),0,-1,0,1,0,0,0,0,6
78,apv,boundary,wave,u*dx(eta),0,-1,0,1,0,0,0,0,6
78,apv,boundary,wave,v*dy(eta),0,-1,0,1,0,0,0,0,6
78,apv,boundary,wave,w*dz(eta),0,-1,0,1,0,0,0,0,6
78,apv,boundary,wave,w*eta*dlogN2,0,-1,0,1,0,0,0,0,6
78,boundary,apv,wave,u*dx(u),0,1,0,-1,0,0,0,0,6
78,boundary,apv,wave,v*dy(u),0,1,0,-1,0,0,0,0,6
78,boundary,apv,wave,w*dz(u),0,1,0,-1,0,0,0,0,6
78,boundary,apv,wave,u*dx(v),0,1,0,-1,0,0,0,0,6
78,boundary,apv,wave,v*dy(v),0,1,0,-1,0,0,0,0,6
78,boundary,apv,wave,w*dz(v),0,1,0,-1,0,0,0,0,6
78,boundary,apv,wave,u*dx(w),0,1,0,-1,0,0,0,0,6
78,boundary,apv,wave,v*dy(w),0,1,0,-1,0,0,0,0,6
78,boundary,apv,wave,w*dz(w),0,1,0,-1,0,0,0,0,6
78,boundary,apv,wave,u*dx(eta),0,1,0,-1,0,0,0,0,6
78,boundary,apv,wave,v*dy(eta),0,1,0,-1,0,0,0,0,6
78,boundary,apv,wave,w*dz(eta),0,1,0,-1,0,0,0,0,6
78,boundary,apv,wave,w*eta*dlogN2,0,1,0,-1,0,0,0,0,6
78,boundary,boundary,wave,u*dx(u),0,1,0,1,0,0,0,0,4
78,boundary,boundary,wave,v*dy(u),0,1,0,1,0,0,0,0,4
78,boundary,boundary,wave,w*dz(u),0,1,0,1,0,0,0,0,4
78,boundary,boundary,wave,u*dx(v),0,1,0,1,0,0,0,0,4
78,boundary,boundary,wave,v*dy(v),0,1,0,1,0,0,0,0,4
78,boundary,boundary,wave,w*dz(v),0,1,0,1,0,0,0,0,4
78,boundary,boundary,wave,u*dx(w),0,1,0,1,0,0,0,0,4
78,boundary,boundary,wave,v*dy(w),0,1,0,1,0,0,0,0,4
78,boundary,boundary,wave,w*dz(w),0,1,0,1,0,0,0,0,4
78,boundary,boundary,wave,u*dx(eta),0,1,0,1,0,0,0,0,4
78,boundary,boundary,wave,v*dy(eta),0,1,0,1,0,0,0,0,4
78,boundary,boundary,wave,w*dz(eta),0,1,0,1,0,0,0,0,4
78,boundary,boundary,wave,w*eta*dlogN2,0,1,0,1,0,0,0,0,4
79,wave,wave,wave,u*dx(u),0.591612762268819,16,1,15,1,1.62909907786002e-10,3.91024537194085e-08,1024,0
79,wave,wave,wave,v*dy(u),0.591612762268818,16,1,15,1,1.62909907786002e-10,2.93266286810479e-08,1024,0
79,wave,wave,wave,w*dz(u),0.592039312899534,16,1,15,-1,6.20142377372179e-06,0.00014395914952825,1024,0
79,wave,wave,wave,u*dx(v),0.590263484258241,16,1,15,1,1.62909685741397e-10,3.91048767811597e-08,1024,0
79,wave,wave,wave,v*dy(v),0.590263484258241,16,1,15,1,1.62909907786002e-10,2.93290518538214e-08,1024,0
79,wave,wave,wave,w*dz(v),0.590653423395497,16,1,15,1,6.20142377372179e-06,0.000143959147104633,1024,0
79,wave,wave,wave,u*dx(w),0.00174855263831916,16,1,16,1,5.82309755969845e-11,3.91125557497318e-08,1024,0
79,wave,wave,wave,v*dy(w),0.00174855263831917,16,1,16,1,5.8231086619287e-11,2.93367307113712e-08,1024,0
79,wave,wave,wave,w*dz(w),0.00174855318966164,16,1,16,1,5.82308645746821e-11,3.91131990129523e-08,1024,0
79,wave,wave,wave,u*dx(eta),0.100575001706309,16,1,16,1,3.82761267125886e-10,2.93366732018185e-08,1024,0
79,wave,wave,wave,v*dy(eta),0.100575001706309,16,1,16,1,3.82761267125886e-10,1.95608480524356e-08,1024,0
79,wave,wave,wave,w*dz(eta),0.100575103521629,16,1,16,1,3.82761489170491e-10,2.93372711679396e-08,1024,0
79,wave,wave,wave,w*eta*dlogN2,0.0807485090441823,16,1,16,1,6.30684393598813e-11,2.93164075237939e-08,1024,0
79,wave,apv,wave,u*dx(u),0.00340001525631491,16,1,2,0,4.43350813768161e-14,3.22452645945818e-07,96,0
79,wave,apv,wave,v*dy(u),0.00340001525631512,16,1,2,0,4.44328306064793e-14,3.22452646415554e-07,96,0
79,wave,apv,wave,w*dz(u),0.00980442551944585,16,1,2,0,7.09876601945325e-13,4.83837541587206e-07,96,0
79,wave,apv,wave,u*dx(v),0.0033755787560129,16,1,2,0,4.37824481253648e-14,3.12733021313953e-07,96,0
79,wave,apv,wave,v*dy(v),0.00337557875601307,16,1,2,0,4.38006766089877e-14,3.12733023939242e-07,96,0
79,wave,apv,wave,w*dz(v),0.00978336964466411,16,1,2,0,7.09876601945325e-13,4.83837541143117e-07,96,0
79,wave,apv,wave,u*dx(w),0,1,1,-1,0,0,0,0,96
79,wave,apv,wave,v*dy(w),0,1,1,-1,0,0,0,0,96
79,wave,apv,wave,w*dz(w),0,1,1,-1,0,0,0,0,96
79,wave,apv,wave,u*dx(eta),0.00122605092983572,16,1,2,0,6.54143406109142e-13,4.97383013331465e-07,96,0
79,wave,apv,wave,v*dy(eta),0.00122605092983573,16,1,2,0,6.54254428411605e-13,4.97385170161735e-07,96,0
79,wave,apv,wave,w*dz(eta),0.000487355470639685,16,1,2,0,7.65064123164905e-09,6.51733401912935e-07,96,0
79,wave,apv,wave,w*eta*dlogN2,0.0133978441100648,16,1,2,0,4.08784117666983e-13,4.88612645233033e-07,96,0
79,apv,wave,wave,u*dx(u),0,-1,0,1,1,0,0,0,96
79,apv,wave,wave,v*dy(u),0.00339998644043496,2,0,16,1,4.4226335026701e-14,3.22449157593768e-07,96,0
79,apv,wave,wave,w*dz(u),0,-1,0,1,1,0,0,0,96
79,apv,wave,wave,u*dx(v),0,-1,0,1,1,0,0,0,96
79,apv,wave,wave,v*dy(v),0.00337555013298027,2,0,16,-1,4.38144711440463e-14,3.1273343122005e-07,96,0
79,apv,wave,wave,w*dz(v),0,-1,0,1,1,0,0,0,96
79,apv,wave,wave,u*dx(w),0,-1,0,1,1,0,0,0,96
79,apv,wave,wave,v*dy(w),8.66788437017484e-05,2,0,15,1,6.66133814775094e-16,2.22520933457204e-07,96,0
79,apv,wave,wave,w*dz(w),0,-1,0,1,1,0,0,0,96
79,apv,wave,wave,u*dx(eta),0,-1,0,1,1,0,0,0,96
79,apv,wave,wave,v*dy(eta),0.000488292974713489,2,0,16,1,1.24344978758018e-14,3.90907223720182e-07,96,0
79,apv,wave,wave,w*dz(eta),0,-1,0,1,1,0,0,0,96
79,apv,wave,wave,w*eta*dlogN2,0,-1,0,1,1,0,0,0,96
79,wave,boundary,wave,u*dx(u),0.00229955629234691,16,1,2,0,1.51321508108736e-14,1.32015989051886e-07,64,0
79,wave,boundary,wave,v*dy(u),0.00229955629234673,16,1,2,0,1.46484662930084e-14,1.32015986060933e-07,64,0
79,wave,boundary,wave,w*dz(u),0.00451606655912719,16,1,2,0,4.02596357730324e-13,2.18601602676067e-07,64,0
79,wave,boundary,wave,u*dx(v),0.00227147769067206,16,1,2,0,1.49832355620064e-14,1.21294071564471e-07,64,0
79,wave,boundary,wave,v*dy(v),0.00227147769067188,16,1,2,0,1.53327925324705e-14,1.19964714352494e-07,64,0
79,wave,boundary,wave,w*dz(v),0.00450600880246406,16,1,2,0,4.01916437184909e-13,2.13201107879257e-07,64,0
79,wave,boundary,wave,u*dx(w),0,1,1,1,0,0,0,0,64
79,wave,boundary,wave,v*dy(w),0,1,1,1,0,0,0,0,64
79,wave,boundary,wave,w*dz(w),0,1,1,1,0,0,0,0,64
79,wave,boundary,wave,u*dx(eta),0.000575426254546858,16,1,2,0,1.36335387423969e-13,1.55490715858519e-07,64,0
79,wave,boundary,wave,v*dy(eta),0.000575426254546833,16,1,2,0,1.36224365121507e-13,1.53564939320283e-07,64,0
79,wave,boundary,wave,w*dz(eta),0.00036922445589672,15,1,2,0,4.53141302259041e-10,1.01666770446762e-07,64,0
79,wave,boundary,wave,w*eta*dlogN2,0.0145855480758696,16,1,2,0,3.05755420981768e-13,2.13385990877057e-07,64,0
79,boundary,wave,wave,u*dx(u),0,1,0,1,1,0,0,0,64
79,boundary,wave,wave,v*dy(u),0.00279076236726114,2,0,16,1,2.06850872454821e-14,1.71934514290433e-07,64,0
79,boundary,wave,wave,w*dz(u),0,1,0,1,1,0,0,0,64
79,boundary,wave,wave,u*dx(v),0,1,0,1,1,0,0,0,64
79,boundary,wave,wave,v*dy(v),0.0027577360527921,2,0,16,1,2.05699709148225e-14,1.69581472180297e-07,64,0
79,boundary,wave,wave,w*dz(v),0,1,0,1,1,0,0,0,64
79,boundary,wave,wave,u*dx(w),0,1,0,1,1,0,0,0,64
79,boundary,wave,wave,v*dy(w),5.87295072373621e-05,2,0,15,1,4.44089209850063e-16,1.86908836741217e-07,64,0
79,boundary,wave,wave,w*dz(w),0,1,0,1,1,0,0,0,64
79,boundary,wave,wave,u*dx(eta),0,1,0,1,1,0,0,0,64
79,boundary,wave,wave,v*dy(eta),0.000433468734887915,2,0,15,1,3.21964677141295e-15,1.59302004920647e-07,64,0
79,boundary,wave,wave,w*dz(eta),0,1,0,1,1,0,0,0,64
79,boundary,wave,wave,w*eta*dlogN2,0,1,0,1,1,0,0,0,64
79,apv,boundary,wave,u*dx(u),0,-1,0,1,0,0,0,0,6
79,apv,boundary,wave,v*dy(u),0.000523970437410121,-1,0,2,0,4.04969571702655e-15,2.91042544287023e-07,6,0
79,apv,boundary,wave,w*dz(u),0,-1,0,1,0,0,0,0,6
79,apv,boundary,wave,u*dx(v),0,-1,0,1,0,0,0,0,6
79,apv,boundary,wave,v*dy(v),0.000522582802396334,-1,0,2,0,3.91618069450869e-15,2.91042544731113e-07,6,0
79,apv,boundary,wave,w*dz(v),0,-1,0,1,0,0,0,0,6
79,apv,boundary,wave,u*dx(w),0,-1,0,1,0,0,0,0,6
79,apv,boundary,wave,v*dy(w),0,-1,0,1,0,0,0,0,6
79,apv,boundary,wave,w*dz(w),0,-1,0,1,0,0,0,0,6
79,apv,boundary,wave,u*dx(eta),0,-1,0,1,0,0,0,0,6
79,apv,boundary,wave,v*dy(eta),2.64460343804466e-05,-1,0,2,0,3.49720252756924e-14,2.40172792320692e-07,6,0
79,apv,boundary,wave,w*dz(eta),0,-1,0,1,0,0,0,0,6
79,apv,boundary,wave,w*eta*dlogN2,0,-1,0,1,0,0,0,0,6
79,boundary,apv,wave,u*dx(u),0,1,0,-1,0,0,0,0,6
79,boundary,apv,wave,v*dy(u),0.000589349266661592,2,0,2,0,5.74580301686861e-15,2.67775430606854e-07,6,0
79,boundary,apv,wave,w*dz(u),0,1,0,-1,0,0,0,0,6
79,boundary,apv,wave,u*dx(v),0,1,0,-1,0,0,0,0,6
79,boundary,apv,wave,v*dy(v),0.000587534075940702,2,0,2,0,5.63042732254294e-15,2.67775430606854e-07,6,0
79,boundary,apv,wave,w*dz(v),0,1,0,-1,0,0,0,0,6
79,boundary,apv,wave,u*dx(w),0,1,0,-1,0,0,0,0,6
79,boundary,apv,wave,v*dy(w),0,1,0,-1,0,0,0,0,6
79,boundary,apv,wave,w*dz(w),0,1,0,-1,0,0,0,0,6
79,boundary,apv,wave,u*dx(eta),0,1,0,-1,0,0,0,0,6
79,boundary,apv,wave,v*dy(eta),5.19967266819166e-05,2,0,2,0,5.75095526755831e-14,6.35408188731645e-07,6,0
79,boundary,apv,wave,w*dz(eta),0,1,0,-1,0,0,0,0,6
79,boundary,apv,wave,w*eta*dlogN2,0,1,0,-1,0,0,0,0,6
79,boundary,boundary,wave,u*dx(u),0,1,0,1,0,0,0,0,4
79,boundary,boundary,wave,v*dy(u),0.00051282760509046,1,0,2,0,2.85695243732299e-15,2.89220650429023e-07,4,0
79,boundary,boundary,wave,w*dz(u),0,1,0,1,0,0,0,0,4
79,boundary,boundary,wave,u*dx(v),0,1,0,1,0,0,0,0,4
79,boundary,boundary,wave,v*dy(v),0.000511472185219444,1,0,2,0,2.81213164122606e-15,2.89220650429023e-07,4,0
79,boundary,boundary,wave,w*dz(v),0,1,0,1,0,0,0,0,4
79,boundary,boundary,wave,u*dx(w),0,1,0,1,0,0,0,0,4
79,boundary,boundary,wave,v*dy(w),0,1,0,1,0,0,0,0,4
79,boundary,boundary,wave,w*dz(w),0,1,0,1,0,0,0,0,4
79,boundary,boundary,wave,u*dx(eta),0,1,0,1,0,0,0,0,4
79,boundary,boundary,wave,v*dy(eta),2.85847585829112e-05,2,0,1,0,2.76445533131664e-14,2.99451448415589e-07,4,0
79,boundary,boundary,wave,w*dz(eta),0,1,0,1,0,0,0,0,4
79,boundary,boundary,wave,w*eta*dlogN2,0,1,0,1,0,0,0,0,4
80,wave,wave,wave,u*dx(u),0.592907775432422,16,1,15,1,1.6290213622483e-10,3.90368052327617e-08,1024,0
80,wave,wave,wave,v*dy(u),0.592907775432422,16,1,15,1,1.62902358269434e-10,3.90392281834906e-08,1024,0
80,wave,wave,wave,w*dz(u),0.593369553098212,16,1,15,1,1.24233726528367e-06,2.8811784154481e-05,1024,0
80,wave,wave,wave,u*dx(v),0.592239138109327,16,1,15,1,1.62902358269434e-10,3.90355179291646e-08,1024,0
80,wave,wave,wave,v*dy(v),0.592239138109327,16,-1,15,1,1.6290213622483e-10,3.90379412129604e-08,1024,0
80,wave,wave,wave,w*dz(v),0.592681856194197,16,1,15,1,1.24233726528367e-06,2.88117854414516e-05,1024,0
80,wave,wave,wave,u*dx(w),0.000716488678917944,16,1,16,1,5.8235416489083e-11,3.90444550024682e-08,1024,0
80,wave,wave,wave,v*dy(w),0.000716488678917945,16,1,16,1,5.82353054667806e-11,3.90468780642195e-08,1024,0
80,wave,wave,wave,w*dz(w),0.000716489024158509,16,1,16,1,5.82351944444781e-11,3.90475816125502e-08,1024,0
80,wave,wave,wave,u*dx(eta),0.0416475570244365,16,1,16,1,3.8278713532236e-10,2.92916247923714e-08,1024,0
80,wave,wave,wave,v*dy(eta),0.0416475570244365,16,1,16,1,3.82787024300058e-10,2.92940478541226e-08,1024,0
80,wave,wave,wave,w*dz(eta),0.0416476219871648,16,1,16,1,3.82787468389267e-10,2.92949063895875e-08,1024,0
80,wave,wave,wave,w*eta*dlogN2,0.0389124777595908,16,1,16,1,6.30697716275108e-11,2.92740408580627e-08,1024,0
80,wave,apv,wave,u*dx(u),0.00342349614907202,16,1,2,0,4.50160842077672e-14,3.34087801731409e-07,96,0
80,wave,apv,wave,v*dy(u),0.00342349614907207,16,1,2,0,4.46355826213277e-14,3.34087801531103e-07,96,0
80,wave,apv,wave,w*dz(u),0.00982459740851489,16,1,2,0,7.09876601945325e-13,4.84195122670037e-07,96,0
80,wave,apv,wave,u*dx(v),0.00339128042258431,16,1,2,0,4.41407614553812e-14,3.25439072644921e-07,96,0
80,wave,apv,wave,v*dy(v),0.00339128042258419,16,1,2,0,4.40391890021919e-14,3.25439072181292e-07,96,0
80,wave,apv,wave,w*dz(v),0.00981393640684196,16,1,2,0,7.09876601945325e-13,4.83822918839749e-07,96,0
80,wave,apv,wave,u*dx(w),0,1,1,-1,0,0,0,0,96
80,wave,apv,wave,v*dy(w),0,1,1,-1,0,0,0,0,96
80,wave,apv,wave,w*dz(w),0,1,1,-1,0,0,0,0,96
80,wave,apv,wave,u*dx(eta),0.000536588404075946,16,1,2,0,6.54587495318992e-13,4.97382226294363e-07,96,0
80,wave,apv,wave,v*dy(eta),0.000536588404075932,16,1,2,0,6.54254428411605e-13,4.97381351660664e-07,96,0
80,wave,apv,wave,w*dz(eta),0.000231434318674181,16,1,2,0,7.65073582265074e-09,6.51733799816867e-07,96,0
80,wave,apv,wave,w*eta*dlogN2,0.00613778850604625,16,1,2,0,4.0867309536452e-13,4.88597093228904e-07,96,0
80,apv,wave,wave,u*dx(u),0.00342345175986135,2,0,16,1,4.48590372462166e-14,3.34082240707384e-07,96,0
80,apv,wave,wave,v*dy(u),0.00342345175986145,2,0,16,1,4.48556341667435e-14,3.34082240672645e-07,96,0
80,apv,wave,wave,w*dz(u),0,-1,0,1,1,0,0,0,96
80,apv,wave,wave,u*dx(v),0.00339123638984887,2,0,16,1,4.46571586881411e-14,3.25433657227723e-07,96,0
80,apv,wave,wave,v*dy(v),0.00339123638984886,2,0,16,1,4.46003089674042e-14,3.25433657177436e-07,96,0
80,apv,wave,wave,w*dz(v),0,-1,0,1,1,0,0,0,96
80,apv,wave,wave,u*dx(w),3.55440875007433e-05,2,0,15,1,1.11022302462516e-15,2.22673703476062e-07,96,0
80,apv,wave,wave,v*dy(w),3.55440875007438e-05,2,0,15,1,8.88178419700125e-16,2.22673703698106e-07,96,0
80,apv,wave,wave,w*dz(w),0,-1,0,1,1,0,0,0,96
80,apv,wave,wave,u*dx(eta),0.000231810133078286,2,0,16,1,1.25455201782643e-14,2.75288089605774e-07,96,0
80,apv,wave,wave,v*dy(eta),0.000231810133078281,2,0,16,1,1.25455201782643e-14,2.75288089664601e-07,96,0
80,apv,wave,wave,w*dz(eta),0,-1,0,1,1,0,0,0,96
80,apv,wave,wave,w*eta*dlogN2,0,-1,0,1,1,0,0,0,96
80,wave,boundary,wave,u*dx(u),0.0016735767057306,16,1,2,0,1.11422545572213e-14,9.04031530674865e-08,64,0
80,wave,boundary,wave,v*dy(u),0.00167357670573035,16,1,2,0,1.11347176475616e-14,9.04052373317764e-08,64,0
80,wave,boundary,wave,w*dz(u),0.00334651445592269,16,1,2,0,2.7324041475017e-13,1.56827442944639e-07,64,0
80,wave,boundary,wave,u*dx(v),0.0016426949962438,16,1,2,0,1.09058488987414e-14,8.26793434827167e-08,64,0
80,wave,boundary,wave,v*dy(v),0.0016426949962437,16,1,2,0,1.08936005763973e-14,8.26817665444679e-08,64,0
80,wave,boundary,wave,w*dz(v),0.00334282664344703,16,1,2,0,2.72923219046611e-13,1.08194687431507e-07,64,0
80,wave,boundary,wave,u*dx(w),0,1,1,1,0,0,0,0,64
80,wave,boundary,wave,v*dy(w),0,1,1,1,0,0,0,0,64
80,wave,boundary,wave,w*dz(w),0,1,1,1,0,0,0,0,64
80,wave,boundary,wave,u*dx(eta),0.00018895031396366,16,1,2,0,9.79216707719388e-14,8.86671295274866e-08,64,0
80,wave,boundary,wave,v*dy(eta),0.000188950313963664,16,1,2,0,9.79216707719388e-14,8.86695524782155e-08,64,0
80,wave,boundary,wave,w*dz(eta),0.000136758163193824,15,1,2,0,2.05187644652938e-10,6.27774006112247e-08,64,0
80,wave,boundary,wave,w*eta*dlogN2,0.00791644623800345,16,1,2,0,2.85438339631128e-13,1.123640872569e-07,64,0
80,boundary,wave,wave,u*dx(u),0.00232637441102944,2,0,16,1,1.53879228466069e-14,1.4268045848263e-07,64,0
80,boundary,wave,wave,v*dy(u),0.00232637441102944,2,0,16,1,1.54180469889397e-14,1.42680458506117e-07,64,0
80,boundary,wave,wave,w*dz(u),0,1,0,1,1,0,0,0,64
80,boundary,wave,wave,u*dx(v),0.00228457760018717,2,0,16,1,1.54807012787988e-14,1.28742793936518e-07,64,0
80,boundary,wave,wave,v*dy(v),0.00228457760018713,2,0,16,1,1.53305676432653e-14,1.28742793920024e-07,64,0
80,boundary,wave,wave,w*dz(v),0,1,0,1,1,0,0,0,64
80,boundary,wave,wave,u*dx(w),1.85985731458318e-05,2,0,15,1,4.44089209850063e-16,1.29506811719082e-07,64,0
80,boundary,wave,wave,v*dy(w),1.85985731458312e-05,2,0,15,1,4.44089209850063e-16,1.29506811719082e-07,64,0
80,boundary,wave,wave,w*dz(w),0,1,0,1,1,0,0,0,64
80,boundary,wave,wave,u*dx(eta),0.000185250616456421,2,0,15,1,3.21964677141295e-15,1.13964775616537e-07,64,0
80,boundary,wave,wave,v*dy(eta),0.000185250616456431,2,0,15,1,3.33066907387547e-15,1.13964775616537e-07,64,0
80,boundary,wave,wave,w*dz(eta),0,1,0,1,1,0,0,0,64
80,boundary,wave,wave,w*eta*dlogN2,0,1,0,1,1,0,0,0,64
80,apv,boundary,wave,u*dx(u),0.000396506674744914,-1,0,2,0,2.66983207216757e-15,3.41594635305456e-07,6,0
80,apv,boundary,wave,v*dy(u),0.000396506674744898,-1,0,2,0,2.67382591570781e-15,3.41594635439981e-07,6,0
80,apv,boundary,wave,w*dz(u),0,-1,0,1,0,0,0,0,6
80,apv,boundary,wave,u*dx(v),0.000395977281960291,-1,0,2,0,2.57810537237163e-15,3.30513364232843e-07,6,0
80,apv,boundary,wave,v*dy(v),0.000395977281960273,-1,0,2,0,2.58245866349681e-15,3.30513364232843e-07,6,0
80,apv,boundary,wave,w*dz(v),0,-1,0,1,0,0,0,0,6
80,apv,boundary,wave,u*dx(w),0,-1,0,1,0,0,0,0,6
80,apv,boundary,wave,v*dy(w),0,-1,0,1,0,0,0,0,6
80,apv,boundary,wave,w*dz(w),0,-1,0,1,0,0,0,0,6
80,apv,boundary,wave,u*dx(eta),8.37263213995138e-06,-1,0,2,0,1.36557432028894e-14,3.23847391792143e-07,6,0
80,apv,boundary,wave,v*dy(eta),8.37263213995042e-06,-1,0,2,0,1.36557432028894e-14,3.23847392014187e-07,6,0
80,apv,boundary,wave,w*dz(eta),0,-1,0,1,0,0,0,0,6
80,apv,boundary,wave,w*eta*dlogN2,0,-1,0,1,0,0,0,0,6
80,boundary,apv,wave,u*dx(u),0.000525310166659064,2,0,-1,0,4.09132772068356e-15,3.09074029762215e-07,6,0
80,boundary,apv,wave,v*dy(u),0.000525310166659013,2,0,-1,0,4.09566552628206e-15,3.09074029757678e-07,6,0
80,boundary,apv,wave,w*dz(u),0,1,0,-1,0,0,0,0,6
80,boundary,apv,wave,u*dx(v),0.000524611882690359,2,0,-1,0,4.15394118953239e-15,2.91042544731113e-07,6,0
80,boundary,apv,wave,v*dy(v),0.000524611882690343,2,0,-1,0,4.15796491632878e-15,2.91042544509068e-07,6,0
80,boundary,apv,wave,w*dz(v),0,1,0,-1,0,0,0,0,6
80,boundary,apv,wave,u*dx(w),0,1,0,-1,0,0,0,0,6
80,boundary,apv,wave,v*dy(w),0,1,0,-1,0,0,0,0,6
80,boundary,apv,wave,w*dz(w),0,1,0,-1,0,0,0,0,6
80,boundary,apv,wave,u*dx(eta),2.63717158334066e-05,2,0,1,0,4.89608353859694e-14,6.05243798412758e-07,6,0
80,boundary,apv,wave,v*dy(eta),2.63717158334108e-05,2,0,1,0,4.89608353859694e-14,6.05243798301736e-07,6,0
80,boundary,apv,wave,w*dz(eta),0,1,0,-1,0,0,0,0,6
80,boundary,apv,wave,w*eta*dlogN2,0,1,0,-1,0,0,0,0,6
80,boundary,boundary,wave,u*dx(u),0.000483436581946388,1,0,2,0,2.76813707732244e-15,7.60464614871672e-07,4,0
80,boundary,boundary,wave,v*dy(u),0.000483436581946382,1,0,2,0,2.76587545569603e-15,7.60464614776083e-07,4,0
80,boundary,boundary,wave,w*dz(u),0,1,0,1,0,0,0,0,4
80,boundary,boundary,wave,u*dx(v),0.000482780789345271,1,0,2,0,2.44692125970946e-15,6.31223163516381e-07,4,0
80,boundary,boundary,wave,v*dy(v),0.000482780789345215,1,0,2,0,2.41076287197409e-15,6.31223163738426e-07,4,0
80,boundary,boundary,wave,w*dz(v),0,1,0,1,0,0,0,0,4
80,boundary,boundary,wave,u*dx(w),0,1,0,1,0,0,0,0,4
80,boundary,boundary,wave,v*dy(w),0,1,0,1,0,0,0,0,4
80,boundary,boundary,wave,w*dz(w),0,1,0,1,0,0,0,0,4
80,boundary,boundary,wave,u*dx(eta),1.35191058198871e-05,2,0,1,0,4.2632564145606e-14,4.55951510547337e-07,4,0
80,boundary,boundary,wave,v*dy(eta),1.35191058198863e-05,2,0,1,0,4.27435864480685e-14,4.55951510547337e-07,4,0
80,boundary,boundary,wave,w*dz(eta),0,1,0,1,0,0,0,0,4
80,boundary,boundary,wave,w*eta*dlogN2,0,1,0,1,0,0,0,0,4
81,wave,wave,wave,u*dx(u),0.591603345189947,16,1,15,1,1.62903912581669e-10,3.9051654465716e-08,1024,0
81,wave,wave,wave,v*dy(u),0,1,1,1,1,0,0,0,1024
81,wave,wave,wave,w*dz(u),0.592028760484271,16,1,15,1,3.48201010669236e-06,8.08081655148118e-05,1024,0
81,wave,wave,wave,u*dx(v),0.592242104667397,16,1,15,1,1.62903690537064e-10,2.92975422810926e-08,1024,0
81,wave,wave,wave,v*dy(v),0,1,1,1,1,0,0,0,1024
81,wave,wave,wave,w*dz(v),0.592685187691012,16,1,15,1,3.4820101069144e-06,8.08179204154769e-05,1024,0
81,wave,wave,wave,u*dx(w),0.00123252107402424,16,1,16,1,5.82337511545461e-11,3.90589126597618e-08,1024,0
81,wave,wave,wave,v*dy(w),0,1,1,1,1,0,0,0,1024
81,wave,wave,wave,w*dz(w),0.00123252128003714,16,1,16,1,5.82335291099412e-11,3.9062059919992e-08,1024,0
81,wave,wave,wave,u*dx(eta),0.0712951816899623,16,1,16,1,3.82776921270533e-10,2.92992317074692e-08,1024,0
81,wave,wave,wave,v*dy(eta),0,1,1,1,1,0,0,0,1024
81,wave,wave,wave,w*dz(eta),0.0712952200944338,16,1,16,1,3.82777032292836e-10,2.93023723063612e-08,1024,0
81,wave,wave,wave,w*eta*dlogN2,0.060935660627802,16,1,16,1,6.30694385606034e-11,2.92816294544807e-08,1024,0
81,wave,apv,wave,u*dx(u),0,1,1,-1,0,0,0,0,96
81,wave,apv,wave,v*dy(u),0,1,1,-1,0,0,0,0,96
81,wave,apv,wave,w*dz(u),0,1,1,-1,0,0,0,0,96
81,wave,apv,wave,u*dx(v),0.00340674864863189,16,1,2,0,4.44248591454169e-14,3.27206696983672e-07,96,0
81,wave,apv,wave,v*dy(v),0,1,1,-1,0,0,0,0,96
81,wave,apv,wave,w*dz(v),0.00981416392996559,16,1,2,0,7.09876601945325e-13,4.83822918839749e-07,96,0
81,wave,apv,wave,u*dx(w),0,1,1,-1,0,0,0,0,96
81,wave,apv,wave,v*dy(w),0,1,1,-1,0,0,0,0,96
81,wave,apv,wave,w*dz(w),0,1,1,-1,0,0,0,0,96
81,wave,apv,wave,u*dx(eta),0.000887957037753405,16,1,2,0,6.54587495318992e-13,4.97382226294363e-07,96,0
81,wave,apv,wave,v*dy(eta),0,1,1,-1,0,0,0,0,96
81,wave,apv,wave,w*dz(eta),0.000364365779162863,16,1,2,0,7.65073582265074e-09,6.51733799816867e-07,96,0
81,wave,apv,wave,w*eta*dlogN2,0.00989249940774227,16,1,2,0,4.0867309536452e-13,4.88597093228904e-07,96,0
81,apv,wave,wave,u*dx(u),0.00339065311703011,2,0,16,1,4.43467484162912e-14,3.20474270941639e-07,96,0
81,apv,wave,wave,v*dy(u),0,-1,0,1,1,0,0,0,96
81,apv,wave,wave,w*dz(u),0,-1,0,1,1,0,0,0,96
81,apv,wave,wave,u*dx(v),0.00340673332763658,2,0,16,1,4.40732895311876e-14,3.27204812295762e-07,96,0
81,apv,wave,wave,v*dy(v),0,-1,0,1,1,0,0,0,96
81,apv,wave,wave,w*dz(v),0,-1,0,1,1,0,0,0,96
81,apv,wave,wave,u*dx(w),6.11257227786085e-05,2,0,15,1,1.22124532708767e-15,2.22590732956718e-07,96,0
81,apv,wave,wave,v*dy(w),0,-1,0,1,1,0,0,0,96
81,apv,wave,wave,w*dz(w),0,-1,0,1,1,0,0,0,96
81,apv,wave,wave,u*dx(eta),0.000365020847394992,2,0,16,1,1.24344978758018e-14,3.54995848496057e-07,96,0
81,apv,wave,wave,v*dy(eta),0,-1,0,1,1,0,0,0,96
81,apv,wave,wave,w*dz(eta),0,-1,0,1,1,0,0,0,96
81,apv,wave,wave,w*eta*dlogN2,0,-1,0,1,1,0,0,0,96
81,wave,boundary,wave,u*dx(u),0,1,1,1,0,0,0,0,64
81,wave,boundary,wave,v*dy(u),0,1,1,1,0,0,0,0,64
81,wave,boundary,wave,w*dz(u),0,1,1,1,0,0,0,0,64
81,wave,boundary,wave,u*dx(v),0.00205382734229052,16,1,2,0,1.29885343555098e-14,1.12803222988277e-07,64,0
81,wave,boundary,wave,v*dy(v),0,1,1,1,0,0,0,0,64
81,wave,boundary,wave,w*dz(v),0.00405987539677294,16,1,2,0,3.51242172018149e-13,1.80483035179893e-07,64,0
81,wave,boundary,wave,u*dx(w),0,1,1,1,0,0,0,0,64
81,wave,boundary,wave,v*dy(w),0,1,1,1,0,0,0,0,64
81,wave,boundary,wave,w*dz(w),0,1,1,1,0,0,0,0,64
81,wave,boundary,wave,u*dx(eta),0.000375719666272998,16,1,2,0,1.08357767203415e-13,1.22265138569055e-07,64,0
81,wave,boundary,wave,v*dy(eta),0,1,1,1,0,0,0,0,64
81,wave,boundary,wave,w*dz(eta),0.000254837333245273,15,1,2,0,3.33638894289834e-10,8.48120528251783e-08,64,0
81,wave,boundary,wave,w*eta*dlogN2,0.0115214514048704,16,1,2,0,3.0053737276603e-13,1.65758229808688e-07,64,0
81,boundary,wave,wave,u*dx(u),0.00228680979242405,2,0,16,1,1.52336531367468e-14,1.26088382851017e-07,64,0
81,boundary,wave,wave,v*dy(u),0,1,0,1,1,0,0,0,64
81,boundary,wave,wave,w*dz(u),0,1,0,1,1,0,0,0,64
81,boundary,wave,wave,u*dx(v),0.00230624192795489,2,0,16,1,1.50493111136493e-14,1.34462548013485e-07,64,0
81,boundary,wave,wave,v*dy(v),0,1,0,1,1,0,0,0,64
81,boundary,wave,wave,w*dz(v),0,1,0,1,1,0,0,0,64
81,boundary,wave,wave,u*dx(w),3.19856151608278e-05,2,0,15,1,3.33066907387547e-16,1.29519530545075e-07,64,0
81,boundary,wave,wave,v*dy(w),0,1,0,1,1,0,0,0,64
81,boundary,wave,wave,w*dz(w),0,1,0,1,1,0,0,0,64
81,boundary,wave,wave,u*dx(eta),0.000283600828169428,2,0,15,1,3.10862446895044e-15,1.13969312431905e-07,64,0
81,boundary,wave,wave,v*dy(eta),0,1,0,1,1,0,0,0,64
81,boundary,wave,wave,w*dz(eta),0,1,0,1,1,0,0,0,64
81,boundary,wave,wave,w*eta*dlogN2,0,1,0,1,1,0,0,0,64
81,apv,boundary,wave,u*dx(u),0,-1,0,1,0,0,0,0,6
81,apv,boundary,wave,v*dy(u),0,-1,0,1,0,0,0,0,6
81,apv,boundary,wave,w*dz(u),0,-1,0,1,0,0,0,0,6
81,apv,boundary,wave,u*dx(v),0.000477275592650881,-1,0,2,0,3.33808696051404e-15,3.06847081077422e-07,6,0
81,apv,boundary,wave,v*dy(v),0,-1,0,1,0,0,0,0,6
81,apv,boundary,wave,w*dz(v),0,-1,0,1,0,0,0,0,6
81,apv,boundary,wave,u*dx(w),0,-1,0,1,0,0,0,0,6
81,apv,boundary,wave,v*dy(w),0,-1,0,1,0,0,0,0,6
81,apv,boundary,wave,w*dz(w),0,-1,0,1,0,0,0,0,6
81,apv,boundary,wave,u*dx(eta),1.70444921387933e-05,-1,0,2,0,2.57571741713036e-14,2.72721889071903e-07,6,0
81,apv,boundary,wave,v*dy(eta),0,-1,0,1,0,0,0,0,6
81,apv,boundary,wave,w*dz(eta),0,-1,0,1,0,0,0,0,6
81,apv,boundary,wave,w*eta*dlogN2,0,-1,0,1,0,0,0,0,6
81,boundary,apv,wave,u*dx(u),0,1,0,-1,0,0,0,0,6
81,boundary,apv,wave,v*dy(u),0,1,0,-1,0,0,0,0,6
81,boundary,apv,wave,w*dz(u),0,1,0,-1,0,0,0,0,6
81,boundary,apv,wave,u*dx(v),0.000524616817353999,2,0,-1,0,3.86651955227807e-15,2.91042544731113e-07,6,0
81,boundary,apv,wave,v*dy(v),0,1,0,-1,0,0,0,0,6
81,boundary,apv,wave,w*dz(v),0,1,0,-1,0,0,0,0,6
81,boundary,apv,wave,u*dx(w),0,1,0,-1,0,0,0,0,6
81,boundary,apv,wave,v*dy(w),0,1,0,-1,0,0,0,0,6
81,boundary,apv,wave,w*dz(w),0,1,0,-1,0,0,0,0,6
81,boundary,apv,wave,u*dx(eta),4.35088920584979e-05,2,0,1,0,4.89608353859694e-14,6.05243798412758e-07,6,0
81,boundary,apv,wave,v*dy(eta),0,1,0,-1,0,0,0,0,6
81,boundary,apv,wave,w*dz(eta),0,1,0,-1,0,0,0,0,6
81,boundary,apv,wave,w*eta*dlogN2,0,1,0,-1,0,0,0,0,6
81,boundary,boundary,wave,u*dx(u),0,1,0,1,0,0,0,0,4
81,boundary,boundary,wave,v*dy(u),0,1,0,1,0,0,0,0,4
81,boundary,boundary,wave,w*dz(u),0,1,0,1,0,0,0,0,4
81,boundary,boundary,wave,u*dx(v),0.00049799282766557,1,0,2,0,2.4817392582506e-15,5.9658740821516e-07,4,0
81,boundary,boundary,wave,v*dy(v),0,1,0,1,0,0,0,0,4
81,boundary,boundary,wave,w*dz(v),0,1,0,1,0,0,0,0,4
81,boundary,boundary,wave,u*dx(w),0,1,0,1,0,0,0,0,4
81,boundary,boundary,wave,v*dy(w),0,1,0,1,0,0,0,0,4
81,boundary,boundary,wave,w*dz(w),0,1,0,1,0,0,0,0,4
81,boundary,boundary,wave,u*dx(eta),2.89447935975762e-05,2,0,1,0,6.38378239159465e-14,2.37518915131454e-07,4,0
81,boundary,boundary,wave,v*dy(eta),0,1,0,1,0,0,0,0,4
81,boundary,boundary,wave,w*dz(eta),0,1,0,1,0,0,0,0,4
81,boundary,boundary,wave,w*eta*dlogN2,0,1,0,1,0,0,0,0,4
82,wave,wave,inertial,u*dx(u),0.00171420706399109,14,-1,16,1,1.62904800760089e-10,3.90818427620232e-08,1024,0
82,wave,wave,inertial,v*dy(u),0.0017142070639907,16,-1,14,1,1.62904800760089e-10,3.90842656017298e-08,1024,0
82,wave,wave,inertial,w*dz(u),0.014366491506718,2,1,1,1,6.20170097265227e-06,0.000143964226817284,1024,0
82,wave,wave,inertial,u*dx(v),0.00171420706399104,16,-1,14,1,1.62905022804694e-10,3.90842658237744e-08,1024,0
82,wave,wave,inertial,v*dy(v),0.00171420706399059,16,1,14,1,1.62904578715484e-10,3.90866887745034e-08,1024,0
82,wave,wave,inertial,w*dz(v),0.0143664915067178,2,1,1,1,6.20170097276329e-06,0.000143964224393667,1024,0
82,wave,wave,mda,u*dx(eta),0.0055031762901235,16,1,16,1,3.82771703222318e-10,1.17073305606019e-07,1024,0
82,wave,wave,mda,v*dy(eta),0.00550317629012347,16,1,16,1,3.82771592200015e-10,1.1707328458288e-07,1024,0
82,wave,wave,mda,w*dz(eta),0.00550317629012351,16,1,16,1,3.82771592200015e-10,1.25699734590792e-07,1024,0
82,wave,wave,mda,w*eta*dlogN2,0.034728274389112,16,1,16,1,6.30689944713936e-11,2.9298763637442e-08,1024,0
82,wave,apv,inertial,u*dx(u),0.000633682360865101,16,1,1,0,1.53210777398272e-14,2.2954175048891e-07,96,0
82,wave,apv,inertial,v*dy(u),0.000633682360865061,16,1,1,0,1.57651669496772e-14,2.2954174578964e-07,96,0
82,wave,apv,inertial,w*dz(u),0.000406242527091285,15,1,2,0,7.09876601945325e-13,4.83822918839749e-07,96,0
82,wave,apv,inertial,u*dx(v),0.000633682360865084,16,1,1,0,1.53210777398272e-14,2.29541750459772e-07,96,0
82,wave,apv,inertial,v*dy(v),0.000633682360865101,16,1,1,0,1.55431223447522e-14,2.29541745646095e-07,96,0
82,wave,apv,inertial,w*dz(v),0.000406242527091281,15,1,2,0,7.09876601945325e-13,4.83822918839749e-07,96,0
82,wave,apv,mda,u*dx(eta),0.000298557277345948,16,1,2,0,6.16173778666962e-13,2.86580941279807e-07,96,0
82,wave,apv,mda,v*dy(eta),0.000298557277346422,16,1,2,0,6.15840711759574e-13,2.86582439861283e-07,96,0
82,wave,apv,mda,w*dz(eta),0.000254787123978265,3,1,-1,0,7.65070384822764e-09,0.00887276885012837,96,0
82,wave,apv,mda,w*eta*dlogN2,0.00455098586743249,16,1,2,0,4.08451050759595e-13,4.88597093228904e-07,96,0
82,apv,wave,inertial,u*dx(u),0.000633682360865092,1,0,16,1,1.53210777398272e-14,2.2954175038279e-07,96,0
82,apv,wave,inertial,v*dy(u),0.000633682360865083,1,0,16,1,1.55431223447522e-14,2.29541750465033e-07,96,0
82,apv,wave,inertial,w*dz(u),0,-1,0,1,1,0,0,0,96
82,apv,wave,inertial,u*dx(v),0.000633682360865081,1,0,16,1,1.55431223447522e-14,2.29541745621792e-07,96,0
82,apv,wave,inertial,v*dy(v),0.000633682360865055,1,0,16,1,1.55431223447522e-14,2.29541745650948e-07,96,0
82,apv,wave,inertial,w*dz(v),0,-1,0,1,1,0,0,0,96
82,apv,wave,mda,u*dx(eta),0.00021663768753411,1,0,15,1,1.24344978758018e-14,4.28454191623119e-07,96,0
82,apv,wave,mda,v*dy(eta),0.000216637687534162,1,0,15,1,1.26565424807268e-14,4.28454191544514e-07,96,0
82,apv,wave,mda,w*dz(eta),0,-1,0,1,1,0,0,0,96
82,apv,wave,mda,w*eta*dlogN2,0,-1,0,1,1,0,0,0,96
82,wave,boundary,inertial,u*dx(u),0.000519763547806503,16,1,2,0,3.57619127528378e-15,1.21298276867243e-07,64,0
82,wave,boundary,inertial,v*dy(u),0.000519763547806534,16,1,2,0,3.61478610183858e-15,1.21300699595928e-07,64,0
82,wave,boundary,inertial,w*dz(u),0.00021038695088001,15,1,2,0,1.66755498298699e-13,2.13196974629959e-07,64,0
82,wave,boundary,inertial,u*dx(v),0.000519763547806492,16,1,2,0,3.55041819601709e-15,1.21298276534176e-07,64,0
82,wave,boundary,inertial,v*dy(v),0.000519763547806503,16,1,2,0,3.62354443287613e-15,1.21300699595928e-07,64,0
82,wave,boundary,inertial,w*dz(v),0.000210386950879979,15,1,2,0,1.66755498298699e-13,2.13196974629959e-07,64,0
82,wave,boundary,mda,u*dx(eta),3.02722824049711e-05,16,1,2,0,1.76481566912926e-14,1.65326679790745e-07,64,0
82,wave,boundary,mda,v*dy(eta),3.02722824048806e-05,16,1,2,0,1.76477390144679e-14,1.65326656142994e-07,64,0
82,wave,boundary,mda,w*dz(eta),0.000186597070732625,15,1,2,0,3.91564336510442e-10,0.00435291040828832,64,0
82,wave,boundary,mda,w*eta*dlogN2,0.0048585795142832,16,1,2,0,3.05866443284231e-13,2.13383637204245e-07,64,0
82,boundary,wave,inertial,u*dx(u),0.000519763547806477,2,0,16,1,3.57273413418937e-15,1.21298276867243e-07,64,0
82,boundary,wave,inertial,v*dy(u),0.000519763547806461,2,0,16,1,3.57702959165243e-15,1.21298276867243e-07,64,0
82,boundary,wave,inertial,w*dz(u),0,1,0,1,1,0,0,0,64
82,boundary,wave,inertial,u*dx(v),0.000519763547806535,2,0,16,1,3.59350612923092e-15,1.2130069970695e-07,64,0
82,boundary,wave,inertial,v*dy(v),0.000519763547806504,2,0,16,1,3.59695427080451e-15,1.21300699595928e-07,64,0
82,boundary,wave,inertial,w*dz(v),0,1,0,1,1,0,0,0,64
82,boundary,wave,mda,u*dx(eta),0.000187052777195024,2,0,15,1,3.33066907387547e-15,5.211184484382e-07,64,0
82,boundary,wave,mda,v*dy(eta),0.000187052777195059,2,0,15,1,3.33066907387547e-15,5.21118448678845e-07,64,0
82,boundary,wave,mda,w*dz(eta),0,1,0,1,1,0,0,0,64
82,boundary,wave,mda,w*eta*dlogN2,0,1,0,1,1,0,0,0,64
82,apv,boundary,inertial,u*dx(u),2.39039305553661e-05,2,0,2,0,1.02725537174449e-15,2.91042544287023e-07,6,0
82,apv,boundary,inertial,v*dy(u),2.39039305553642e-05,2,0,2,0,9.64529039114962e-16,2.91042544287023e-07,6,0
82,apv,boundary,inertial,w*dz(u),0,-1,0,1,0,0,0,0,6
82,apv,boundary,inertial,u*dx(v),2.39039305552586e-05,2,0,2,0,8.60703560713145e-16,2.91042544731113e-07,6,0
82,apv,boundary,inertial,v*dy(v),2.39039305552495e-05,2,0,2,0,9.1793481189866e-16,2.91042544731113e-07,6,0
82,apv,boundary,inertial,w*dz(v),0,-1,0,1,0,0,0,0,6
82,apv,boundary,mda,u*dx(eta),2.73162660285664e-06,2,0,1,0,8.99352728753527e-15,4.27283112669109e-07,6,0
82,apv,boundary,mda,v*dy(eta),2.73162660301279e-06,2,0,1,0,8.99352728753527e-15,4.27283112639209e-07,6,0
82,apv,boundary,mda,w*dz(eta),0,-1,0,1,0,0,0,0,6
82,apv,boundary,mda,w*eta*dlogN2,0,-1,0,1,0,0,0,0,6
82,boundary,apv,inertial,u*dx(u),2.39039305553641e-05,2,0,2,0,9.27030487368987e-16,2.91042544509068e-07,6,0
82,boundary,apv,inertial,v*dy(u),2.39039305553655e-05,2,0,2,0,9.76006842668599e-16,2.91042544287023e-07,6,0
82,boundary,apv,inertial,w*dz(u),0,1,0,-1,0,0,0,0,6
82,boundary,apv,inertial,u*dx(v),2.39039305552495e-05,2,0,2,0,8.92421317138557e-16,2.91042544731113e-07,6,0
82,boundary,apv,inertial,v*dy(v),2.39039305552623e-05,2,0,2,0,8.49184379405315e-16,2.91042544509068e-07,6,0
82,boundary,apv,inertial,w*dz(v),0,1,0,-1,0,0,0,0,6
82,boundary,apv,mda,u*dx(eta),1.18947257525694e-05,1,0,2,0,2.26485497023532e-14,3.43345422612489e-07,6,0
82,boundary,apv,mda,v*dy(eta),1.18947257527791e-05,1,0,2,0,2.26485497023532e-14,3.43345422537088e-07,6,0
82,boundary,apv,mda,w*dz(eta),0,1,0,-1,0,0,0,0,6
82,boundary,apv,mda,w*eta*dlogN2,0,1,0,-1,0,0,0,0,6
82,boundary,boundary,inertial,u*dx(u),1.59462450685529e-05,2,0,1,0,4.75450330227488e-16,4.91259867896332e-07,4,0
82,boundary,boundary,inertial,v*dy(u),1.59462450685409e-05,1,0,2,0,5.26933692872498e-16,4.91259867896332e-07,4,0
82,boundary,boundary,inertial,w*dz(u),0,1,0,1,0,0,0,0,4
82,boundary,boundary,inertial,u*dx(v),1.59462450686608e-05,2,0,1,0,1.04341254125375e-15,4.91259867896332e-07,4,0
82,boundary,boundary,inertial,v*dy(v),1.59462450686943e-05,2,0,1,0,1.13430172877978e-15,4.91259867896332e-07,4,0
82,boundary,boundary,inertial,w*dz(v),0,1,0,1,0,0,0,0,4
82,boundary,boundary,mda,u*dx(eta),2.99085660590131e-06,1,0,2,0,1.49880108324396e-14,1.08982644462342e-06,4,0
82,boundary,boundary,mda,v*dy(eta),2.99085660600692e-06,1,0,2,0,1.48769885299771e-14,1.08982644498764e-06,4,0
82,boundary,boundary,mda,w*dz(eta),0,1,0,1,0,0,0,0,4
82,boundary,boundary,mda,w*eta*dlogN2,0,1,0,1,0,0,0,0,4
83,wave,wave,wave,u*dx(u),0.591599478505952,15,1,16,1,1.62909907786002e-10,3.91024537194085e-08,1024,0
83,wave,wave,wave,v*dy(u),0,1,1,1,1,0,0,0,1024
83,wave,wave,wave,w*dz(u),0.592022976873359,16,1,15,1,2.86751751263914e-05,0.000324320270373324,1024,0
83,wave,wave,wave,u*dx(v),0.592906498396767,15,1,16,1,1.62909685741397e-10,2.93266284590032e-08,1024,0
83,wave,wave,wave,v*dy(v),0,1,1,1,1,0,0,0,1024
83,wave,wave,wave,w*dz(v),0.593366528931004,16,1,15,1,2.86751751266134e-05,0.000324330049369381,1024,0
83,wave,wave,wave,u*dx(w),0.00100301681942071,16,1,16,1,5.82307535523796e-11,3.91099229668512e-08,1024,0
83,wave,wave,wave,v*dy(w),0,1,1,1,1,0,0,0,1024
83,wave,wave,wave,w*dz(w),0.00100301650355838,16,1,16,1,5.82309755969845e-11,3.91125558607541e-08,1024,0
83,wave,wave,wave,u*dx(eta),0.0581497030910949,16,1,16,1,3.82761489170491e-10,2.93285865593518e-08,1024,0
83,wave,wave,wave,v*dy(eta),0,1,1,1,1,0,0,0,1024
83,wave,wave,wave,w*dz(eta),0.058149643967522,16,1,16,1,3.82761378148189e-10,2.93312646393318e-08,1024,0
83,wave,wave,wave,w*eta*dlogN2,0.0515250999853592,16,1,16,1,6.30682173152763e-11,2.93109990723295e-08,1024,0
83,wave,apv,wave,u*dx(u),0,1,1,-1,0,0,0,0,96
83,wave,apv,wave,v*dy(u),0,1,1,-1,0,0,0,0,96
83,wave,apv,wave,w*dz(u),0,1,1,-1,0,0,0,0,96
83,wave,apv,wave,u*dx(v),0.0034234581614352,16,1,2,0,4.44545814128057e-14,3.3408077107901e-07,96,0
83,wave,apv,wave,v*dy(v),0,1,1,-1,0,0,0,0,96
83,wave,apv,wave,w*dz(v),0.00982460173772464,16,1,2,0,7.09876601945325e-13,4.84153744203156e-07,96,0
83,wave,apv,wave,u*dx(w),0,1,1,-1,0,0,0,0,96
83,wave,apv,wave,v*dy(w),0,1,1,-1,0,0,0,0,96
83,wave,apv,wave,w*dz(w),0,1,1,-1,0,0,0,0,96
83,wave,apv,wave,u*dx(eta),0.000733909484301358,16,1,2,0,6.54587495318992e-13,4.97382226294363e-07,96,0
83,wave,apv,wave,v*dy(eta),0,1,1,-1,0,0,0,0,96
83,wave,apv,wave,w*dz(eta),0.000307176639656059,16,1,2,0,7.65073582265074e-09,6.51733799816867e-07,96,0
83,wave,apv,wave,w*eta*dlogN2,0.00826524331869377,16,1,2,0,4.0867309536452e-13,4.88597093228904e-07,96,0
83,apv,wave,wave,u*dx(u),0.00338223200496662,2,0,16,1,4.38999536865637e-14,3.19294636619273e-07,96,0
83,apv,wave,wave,v*dy(u),0,-1,0,1,1,0,0,0,96
83,apv,wave,wave,w*dz(u),0,-1,0,1,1,0,0,0,96
83,apv,wave,wave,u*dx(v),0.0034234871623538,2,0,16,1,4.45686898514811e-14,3.34084425621404e-07,96,0
83,apv,wave,wave,v*dy(v),0,-1,0,1,1,0,0,0,96
83,apv,wave,wave,w*dz(v),0,-1,0,1,1,0,0,0,96
83,apv,wave,wave,u*dx(w),4.97509555322914e-05,2,0,15,1,9.99200722162641e-16,2.22434809016292e-07,96,0
83,apv,wave,wave,v*dy(w),0,-1,0,1,1,0,0,0,96
83,apv,wave,wave,w*dz(w),0,-1,0,1,1,0,0,0,96
83,apv,wave,wave,u*dx(eta),0.000307703446953042,2,0,16,1,1.25455201782643e-14,3.27625000240539e-07,96,0
83,apv,wave,wave,v*dy(eta),0,-1,0,1,1,0,0,0,96
83,apv,wave,wave,w*dz(eta),0,-1,0,1,1,0,0,0,96
83,apv,wave,wave,w*eta*dlogN2,0,-1,0,1,1,0,0,0,96
83,wave,boundary,wave,u*dx(u),0,1,1,1,0,0,0,0,64
83,wave,boundary,wave,v*dy(u),0,1,1,1,0,0,0,0,64
83,wave,boundary,wave,w*dz(u),0,1,1,1,0,0,0,0,64
83,wave,boundary,wave,u*dx(v),0.00282233925768755,16,1,2,0,2.10661993873065e-14,1.94785338168863e-07,64,0
83,wave,boundary,wave,v*dy(v),0,1,1,1,0,0,0,0,64
83,wave,boundary,wave,w*dz(v),0.00544414773901989,16,1,2,0,5.19144692764264e-13,4.2632802094396e-07,64,0
83,wave,boundary,wave,u*dx(w),0,1,1,1,0,0,0,0,64
83,wave,boundary,wave,v*dy(w),0,1,1,1,0,0,0,0,64
83,wave,boundary,wave,w*dz(w),0,1,1,1,0,0,0,0,64
83,wave,boundary,wave,u*dx(eta),0.000410709151572712,16,1,2,0,2.1405099914773e-13,3.24311593358217e-07,64,0
83,wave,boundary,wave,v*dy(eta),0,1,1,1,0,0,0,0,64
83,wave,boundary,wave,w*dz(eta),0.000282204926410968,15,1,2,0,9.57774304310988e-10,1.31249263568556e-07,64,0
83,wave,boundary,wave,w*eta*dlogN2,0.00740594824875285,16,1,2,0,3.03979064142368e-13,4.04945280307878e-07,64,0
83,boundary,wave,wave,u*dx(u),0.00227510899552615,2,0,16,1,1.52637327474262e-14,1.2172134943442e-07,64,0
83,boundary,wave,wave,v*dy(u),0,1,0,1,1,0,0,0,64
83,boundary,wave,wave,w*dz(u),0,1,0,1,1,0,0,0,64
83,boundary,wave,wave,u*dx(v),0.0023263892235196,2,0,16,1,1.52180252972604e-14,1.42681487935056e-07,64,0
83,boundary,wave,wave,v*dy(v),0,1,0,1,1,0,0,0,64
83,boundary,wave,wave,w*dz(v),0,1,0,1,1,0,0,0,64
83,boundary,wave,wave,u*dx(w),2.60327353816515e-05,2,0,15,1,4.44089209850063e-16,1.29567822582111e-07,64,0
83,boundary,wave,wave,v*dy(w),0,1,0,1,1,0,0,0,64
83,boundary,wave,wave,w*dz(w),0,1,0,1,1,0,0,0,64
83,boundary,wave,wave,u*dx(eta),0.000242004176478228,2,0,15,1,2.99760216648792e-15,1.13993894546027e-07,64,0
83,boundary,wave,wave,v*dy(eta),0,1,0,1,1,0,0,0,64
83,boundary,wave,wave,w*dz(eta),0,1,0,1,1,0,0,0,64
83,boundary,wave,wave,w*eta*dlogN2,0,1,0,1,1,0,0,0,64
83,apv,boundary,wave,u*dx(u),0,-1,0,1,0,0,0,0,6
83,apv,boundary,wave,v*dy(u),0,-1,0,1,0,0,0,0,6
83,apv,boundary,wave,w*dz(u),0,-1,0,1,0,0,0,0,6
83,apv,boundary,wave,u*dx(v),0.000591099171658956,2,0,2,0,5.93863574535852e-15,3.03454850203084e-07,6,0
83,apv,boundary,wave,v*dy(v),0,-1,0,1,0,0,0,0,6
83,apv,boundary,wave,w*dz(v),0,-1,0,1,0,0,0,0,6
83,apv,boundary,wave,u*dx(w),0,-1,0,1,0,0,0,0,6
83,apv,boundary,wave,v*dy(w),0,-1,0,1,0,0,0,0,6
83,apv,boundary,wave,w*dz(w),0,-1,0,1,0,0,0,0,6
83,apv,boundary,wave,u*dx(eta),2.00948932248737e-05,1,0,1,0,5.6843418860808e-14,3.48750239131945e-07,6,0
83,apv,boundary,wave,v*dy(eta),0,-1,0,1,0,0,0,0,6
83,apv,boundary,wave,w*dz(eta),0,-1,0,1,0,0,0,0,6
83,apv,boundary,wave,w*eta*dlogN2,0,-1,0,1,0,0,0,0,6
83,boundary,apv,wave,u*dx(u),0,1,0,-1,0,0,0,0,6
83,boundary,apv,wave,v*dy(u),0,1,0,-1,0,0,0,0,6
83,boundary,apv,wave,w*dz(u),0,1,0,-1,0,0,0,0,6
83,boundary,apv,wave,u*dx(v),0.000525308238030997,2,0,-1,0,3.9473858817906e-15,3.08976647615183e-07,6,0
83,boundary,apv,wave,v*dy(v),0,1,0,-1,0,0,0,0,6
83,boundary,apv,wave,w*dz(v),0,1,0,-1,0,0,0,0,6
83,boundary,apv,wave,u*dx(w),0,1,0,-1,0,0,0,0,6
83,boundary,apv,wave,v*dy(w),0,1,0,-1,0,0,0,0,6
83,boundary,apv,wave,w*dz(w),0,1,0,-1,0,0,0,0,6
83,boundary,apv,wave,u*dx(eta),3.60007623076676e-05,2,0,1,0,4.89608353859694e-14,6.05243798412758e-07,6,0
83,boundary,apv,wave,v*dy(eta),0,1,0,-1,0,0,0,0,6
83,boundary,apv,wave,w*dz(eta),0,1,0,-1,0,0,0,0,6
83,boundary,apv,wave,w*eta*dlogN2,0,1,0,-1,0,0,0,0,6
83,boundary,boundary,wave,u*dx(u),0,1,0,1,0,0,0,0,4
83,boundary,boundary,wave,v*dy(u),0,1,0,1,0,0,0,0,4
83,boundary,boundary,wave,w*dz(u),0,1,0,1,0,0,0,0,4
83,boundary,boundary,wave,u*dx(v),0.000514134318872688,2,0,1,0,2.94014794894817e-15,2.91639193018727e-07,4,0
83,boundary,boundary,wave,v*dy(v),0,1,0,1,0,0,0,0,4
83,boundary,boundary,wave,w*dz(v),0,1,0,1,0,0,0,0,4
83,boundary,boundary,wave,u*dx(w),0,1,0,1,0,0,0,0,4
83,boundary,boundary,wave,v*dy(w),0,1,0,1,0,0,0,0,4
83,boundary,boundary,wave,w*dz(w),0,1,0,1,0,0,0,0,4
83,boundary,boundary,wave,u*dx(eta),3.16513353361648e-05,2,0,1,0,8.17124146124115e-14,5.02618368813934e-07,4,0
83,boundary,boundary,wave,v*dy(eta),0,1,0,1,0,0,0,0,4
83,boundary,boundary,wave,w*dz(eta),0,1,0,1,0,0,0,0,4
83,boundary,boundary,wave,w*eta*dlogN2,0,1,0,1,0,0,0,0,4
84,wave,wave,wave,u*dx(u),0,1,1,1,1,0,0,0,1024
84,wave,wave,wave,v*dy(u),0.592906482101361,15,1,16,1,1.62907243250743e-10,2.93150831387479e-08,1024,0
84,wave,wave,wave,w*dz(u),0.59336719471043,16,1,15,1,1.37417613453872e-05,0.000168933563639229,1024,0
84,wave,wave,wave,u*dx(v),0,1,1,1,1,0,0,0,1024
84,wave,wave,wave,v*dy(v),0.592237848264683,15,1,16,1,1.62907465295348e-10,3.90817708195712e-08,1024,0
84,wave,wave,wave,w*dz(v),0.59267950328237,16,1,15,1,1.37417613451651e-05,0.000168923795301312,1024,0
84,wave,wave,wave,u*dx(w),0,1,1,1,1,0,0,0,1024
84,wave,wave,wave,v*dy(w),0.000716489776512815,16,1,16,1,5.82318637754042e-11,3.9089023129435e-08,1024,0
84,wave,wave,wave,w*dz(w),0.000716489661430536,16,1,16,1,5.82317527531018e-11,3.90898429181163e-08,1024,0
84,wave,wave,wave,u*dx(eta),0,1,1,1,1,0,0,0,1024
84,wave,wave,wave,v*dy(eta),0.0416475239604705,16,1,16,1,3.82766263129497e-10,2.93167666809424e-08,1024,0
84,wave,wave,wave,w*dz(eta),0.04164750230629,16,1,16,1,3.82766485174102e-10,2.93177169208292e-08,1024,0
84,wave,wave,wave,w*eta*dlogN2,0.0389126812494024,16,1,16,1,6.30689944713936e-11,2.92967564652358e-08,1024,0
84,wave,apv,wave,u*dx(u),0,1,1,-1,0,0,0,0,96
84,wave,apv,wave,v*dy(u),0.00342349614907207,16,1,2,0,4.46355826213277e-14,3.34087801531103e-07,96,0
84,wave,apv,wave,w*dz(u),0.00982459740851489,16,1,2,0,7.09876601945325e-13,4.84195122670037e-07,96,0
84,wave,apv,wave,u*dx(v),0,1,1,-1,0,0,0,0,96
84,wave,apv,wave,v*dy(v),0,1,1,-1,0,0,0,0,96
84,wave,apv,wave,w*dz(v),0,1,1,-1,0,0,0,0,96
84,wave,apv,wave,u*dx(w),0,1,1,-1,0,0,0,0,96
84,wave,apv,wave,v*dy(w),0,1,1,-1,0,0,0,0,96
84,wave,apv,wave,w*dz(w),0,1,1,-1,0,0,0,0,96
84,wave,apv,wave,u*dx(eta),0,1,1,-1,0,0,0,0,96
84,wave,apv,wave,v*dy(eta),0.000536588404075932,16,1,2,0,6.54254428411605e-13,4.97381351660664e-07,96,0
84,wave,apv,wave,w*dz(eta),0.000231434318674181,16,1,2,0,7.65073582265074e-09,6.51733799816867e-07,96,0
84,wave,apv,wave,w*eta*dlogN2,0.00613778850604625,16,1,2,0,4.0867309536452e-13,4.88597093228904e-07,96,0
84,apv,wave,wave,u*dx(u),0,-1,0,1,1,0,0,0,96
84,apv,wave,wave,v*dy(u),0.00342351094555249,2,0,16,1,4.49476549162231e-14,3.34089624793329e-07,96,0
84,apv,wave,wave,w*dz(u),0,-1,0,1,1,0,0,0,96
84,apv,wave,wave,u*dx(v),0,-1,0,1,1,0,0,0,96
84,apv,wave,wave,v*dy(v),0.00339129510024432,2,0,16,1,4.4010786350192e-14,3.25440848107646e-07,96,0
84,apv,wave,wave,w*dz(v),0,-1,0,1,1,0,0,0,96
84,apv,wave,wave,u*dx(w),0,-1,0,1,1,0,0,0,96
84,apv,wave,wave,v*dy(w),3.55439854449977e-05,2,0,15,1,9.99200722162641e-16,2.2249170483768e-07,96,0
84,apv,wave,wave,w*dz(w),0,-1,0,1,1,0,0,0,96
84,apv,wave,wave,u*dx(eta),0,-1,0,1,1,0,0,0,96
84,apv,wave,wave,v*dy(eta),0.000231807228360881,2,0,16,1,1.24344978758018e-14,2.75265584554468e-07,96,0
84,apv,wave,wave,w*dz(eta),0,-1,0,1,1,0,0,0,96
84,apv,wave,wave,w*eta*dlogN2,0,-1,0,1,1,0,0,0,96
84,wave,boundary,wave,u*dx(u),0,1,1,1,0,0,0,0,64
84,wave,boundary,wave,v*dy(u),0.00259229246348384,16,1,2,0,1.76701175110508e-14,1.70671812748948e-07,64,0
84,wave,boundary,wave,w*dz(u),0.0050088641126247,16,1,2,0,4.59840523240139e-13,3.16057573224175e-07,64,0
84,wave,boundary,wave,u*dx(v),0,1,1,1,0,0,0,0,64
84,wave,boundary,wave,v*dy(v),0,1,1,1,0,0,0,0,64
84,wave,boundary,wave,w*dz(v),0,1,1,1,0,0,0,0,64
84,wave,boundary,wave,u*dx(w),0,1,1,1,0,0,0,0,64
84,wave,boundary,wave,v*dy(w),0,1,1,1,0,0,0,0,64
84,wave,boundary,wave,w*dz(w),0,1,1,1,0,0,0,0,64
84,wave,boundary,wave,u*dx(eta),0,1,1,1,0,0,0,0,64
84,wave,boundary,wave,v*dy(eta),0.000277578263394986,16,1,2,0,1.70308211977499e-13,2.15515498225294e-07,64,0
84,wave,boundary,wave,w*dz(eta),0.000202793292291109,15,1,2,0,6.39930775037101e-10,1.21002718955765e-07,64,0
84,wave,boundary,wave,w*eta*dlogN2,0.00610180330572924,16,1,2,0,3.07420755518706e-13,2.85169281077913e-07,64,0
84,boundary,wave,wave,u*dx(u),0,1,0,1,1,0,0,0,64
84,boundary,wave,wave,v*dy(u),0.00232642023209566,2,0,16,1,1.53910790486517e-14,1.42689563444444e-07,64,0
84,boundary,wave,wave,w*dz(u),0,1,0,1,1,0,0,0,64
84,boundary,wave,wave,u*dx(v),0,1,0,1,1,0,0,0,64
84,boundary,wave,wave,v*dy(v),0.00228462375724868,2,0,16,1,1.52332147490208e-14,1.28751011159422e-07,64,0
84,boundary,wave,wave,w*dz(v),0,1,0,1,1,0,0,0,64
84,boundary,wave,wave,u*dx(w),0,1,0,1,1,0,0,0,64
84,boundary,wave,wave,v*dy(w),1.85983947931739e-05,2,0,15,1,4.44089209850063e-16,1.2954546246835e-07,64,0
84,boundary,wave,wave,w*dz(w),0,1,0,1,1,0,0,0,64
84,boundary,wave,wave,u*dx(eta),0,1,0,1,1,0,0,0,64
84,boundary,wave,wave,v*dy(eta),0.000185249850931242,2,0,15,1,3.21964677141295e-15,1.13981266425256e-07,64,0
84,boundary,wave,wave,w*dz(eta),0,1,0,1,1,0,0,0,64
84,boundary,wave,wave,w*eta*dlogN2,0,1,0,1,1,0,0,0,64
84,apv,boundary,wave,u*dx(u),0,-1,0,1,0,0,0,0,6
84,apv,boundary,wave,v*dy(u),0.000565321454218184,-1,0,2,0,5.42608566509453e-15,2.88667121091234e-07,6,0
84,apv,boundary,wave,w*dz(u),0,-1,0,1,0,0,0,0,6
84,apv,boundary,wave,u*dx(v),0,-1,0,1,0,0,0,0,6
84,apv,boundary,wave,v*dy(v),0,-1,0,1,0,0,0,0,6
84,apv,boundary,wave,w*dz(v),0,-1,0,1,0,0,0,0,6
84,apv,boundary,wave,u*dx(w),0,-1,0,1,0,0,0,0,6
84,apv,boundary,wave,v*dy(w),0,-1,0,1,0,0,0,0,6
84,apv,boundary,wave,w*dz(w),0,-1,0,1,0,0,0,0,6
84,apv,boundary,wave,u*dx(eta),0,-1,0,1,0,0,0,0,6
84,apv,boundary,wave,v*dy(eta),1.26257032024973e-05,2,0,2,0,4.55191440096314e-14,2.73371327574878e-07,6,0
84,apv,boundary,wave,w*dz(eta),0,-1,0,1,0,0,0,0,6
84,apv,boundary,wave,w*eta*dlogN2,0,-1,0,1,0,0,0,0,6
84,boundary,apv,wave,u*dx(u),0,1,0,-1,0,0,0,0,6
84,boundary,apv,wave,v*dy(u),0.000525310166659013,2,0,-1,0,4.09566552628206e-15,3.09074029757678e-07,6,0
84,boundary,apv,wave,w*dz(u),0,1,0,-1,0,0,0,0,6
84,boundary,apv,wave,u*dx(v),0,1,0,-1,0,0,0,0,6
84,boundary,apv,wave,v*dy(v),0,1,0,-1,0,0,0,0,6
84,boundary,apv,wave,w*dz(v),0,1,0,-1,0,0,0,0,6
84,boundary,apv,wave,u*dx(w),0,1,0,-1,0,0,0,0,6
84,boundary,apv,wave,v*dy(w),0,1,0,-1,0,0,0,0,6
84,boundary,apv,wave,w*dz(w),0,1,0,-1,0,0,0,0,6
84,boundary,apv,wave,u*dx(eta),0,1,0,-1,0,0,0,0,6
84,boundary,apv,wave,v*dy(eta),2.63717158334108e-05,2,0,1,0,4.89608353859694e-14,6.05243798301736e-07,6,0
84,boundary,apv,wave,w*dz(eta),0,1,0,-1,0,0,0,0,6
84,boundary,apv,wave,w*eta*dlogN2,0,1,0,-1,0,0,0,0,6
84,boundary,boundary,wave,u*dx(u),0,1,0,1,0,0,0,0,4
84,boundary,boundary,wave,v*dy(u),0.000510239373528365,2,0,1,0,2.70995325865849e-15,4.80987168306602e-07,4,0
84,boundary,boundary,wave,w*dz(u),0,1,0,1,0,0,0,0,4
84,boundary,boundary,wave,u*dx(v),0,1,0,1,0,0,0,0,4
84,boundary,boundary,wave,v*dy(v),0,1,0,1,0,0,0,0,4
84,boundary,boundary,wave,w*dz(v),0,1,0,1,0,0,0,0,4
84,boundary,boundary,wave,u*dx(w),0,1,0,1,0,0,0,0,4
84,boundary,boundary,wave,v*dy(w),0,1,0,1,0,0,0,0,4
84,boundary,boundary,wave,w*dz(w),0,1,0,1,0,0,0,0,4
84,boundary,boundary,wave,u*dx(eta),0,1,0,1,0,0,0,0,4
84,boundary,boundary,wave,v*dy(eta),2.13661936868524e-05,2,0,1,0,8.07132138902489e-14,2.77818630545212e-07,4,0
84,boundary,boundary,wave,w*dz(eta),0,1,0,1,0,0,0,0,4
84,boundary,boundary,wave,w*eta*dlogN2,0,1,0,1,0,0,0,0,4
85,wave,wave,wave,u*dx(u),0.592906201846017,15,-1,16,1,1.62904800760089e-10,3.90818427620232e-08,1024,0
85,wave,wave,wave,v*dy(u),0.592906201846017,16,-1,15,1,1.62904800760089e-10,3.90842656017298e-08,1024,0
85,wave,wave,wave,w*dz(u),0.593367472579309,16,1,15,1,6.20170097265227e-06,0.000143964226817062,1024,0
85,wave,wave,wave,u*dx(v),0.590250368488579,16,-1,15,1,1.62905022804694e-10,3.90842658237744e-08,1024,0
85,wave,wave,wave,v*dy(v),0.590250368488579,16,-1,15,1,1.62904578715484e-10,3.90866887745034e-08,1024,0
85,wave,wave,wave,w*dz(v),0.590638754444752,16,1,15,1,6.20170097276329e-06,0.000143964224393667,1024,0
85,wave,wave,wave,u*dx(w),0.0014326703876873,16,1,16,1,5.82327519538239e-11,3.90923480253491e-08,1024,0
85,wave,wave,wave,v*dy(w),0.0014326703876873,16,1,16,1,5.82326409315215e-11,3.90947710871004e-08,1024,0
85,wave,wave,wave,w*dz(w),0.0014326703876873,16,1,16,1,5.82328629761264e-11,3.90956238494056e-08,1024,0
85,wave,wave,wave,u*dx(eta),0.0827005348215406,16,1,16,1,3.8277181424462e-10,2.93163603393154e-08,1024,0
85,wave,wave,wave,v*dy(eta),0.0827005348215406,16,1,16,1,3.82771703222318e-10,2.93187836231112e-08,1024,0
85,wave,wave,wave,w*dz(eta),0.0827005348215405,16,1,16,1,3.82771481177713e-10,2.93196363854165e-08,1024,0
85,wave,wave,wave,w*eta*dlogN2,0.068805453411772,16,1,16,1,6.30689944713936e-11,2.92987637484643e-08,1024,0
85,wave,apv,wave,u*dx(u),0.0034233775242826,16,1,2,0,4.4675574616711e-14,3.34066042537843e-07,96,0
85,wave,apv,wave,v*dy(u),0.00342337752428226,16,1,2,0,4.4279140534415e-14,3.34066042385438e-07,96,0
85,wave,apv,wave,w*dz(u),0.00982461093728323,16,1,2,0,7.09876601945325e-13,4.84065663807267e-07,96,0
85,wave,apv,wave,u*dx(v),0.00336581805624148,16,1,2,0,4.3685839794967e-14,3.12550463328222e-07,96,0
85,wave,apv,wave,v*dy(v),0.00336581805624145,16,1,2,0,4.34220502158793e-14,3.12550461903913e-07,96,0
85,wave,apv,wave,w*dz(v),0.00978301044943525,16,1,2,0,7.09876601945325e-13,4.83822918839749e-07,96,0
85,wave,apv,wave,u*dx(w),0,1,1,-1,0,0,0,0,96
85,wave,apv,wave,v*dy(w),0,1,1,-1,0,0,0,0,96
85,wave,apv,wave,w*dz(w),0,1,1,-1,0,0,0,0,96
85,wave,apv,wave,u*dx(eta),0.00102027263911554,16,1,2,0,6.54587495318992e-13,4.97382226294363e-07,96,0
85,wave,apv,wave,v*dy(eta),0.00102027263911553,16,1,2,0,6.54254428411605e-13,4.97381351660664e-07,96,0
85,wave,apv,wave,w*dz(eta),0.00041276539642801,16,1,2,0,7.65073582265074e-09,6.51733799816867e-07,96,0
85,wave,apv,wave,w*eta*dlogN2,0.0112734509666611,16,1,2,0,4.0867309536452e-13,4.88597093228904e-07,96,0
85,apv,wave,wave,u*dx(u),0.00342337752428261,2,0,16,1,4.46873763520549e-14,3.34066042548082e-07,96,0
85,apv,wave,wave,v*dy(u),0.00342337752428266,2,0,16,1,4.46917359635992e-14,3.34066042539735e-07,96,0
85,apv,wave,wave,w*dz(u),0,-1,0,1,1,0,0,0,96
85,apv,wave,wave,u*dx(v),0.00336581805624145,2,0,16,1,4.34613349974807e-14,3.12550461944258e-07,96,0
85,apv,wave,wave,v*dy(v),0.0033658180562415,2,0,16,1,4.34832999307945e-14,3.1255046188406e-07,96,0
85,apv,wave,wave,w*dz(v),0,-1,0,1,1,0,0,0,96
85,apv,wave,wave,u*dx(w),7.10408128378327e-05,2,0,15,1,6.66133814775094e-16,2.22520933457204e-07,96,0
85,apv,wave,wave,v*dy(w),7.10408128378333e-05,2,0,15,1,6.66133814775094e-16,2.22520933457204e-07,96,0
85,apv,wave,wave,w*dz(w),0,-1,0,1,1,0,0,0,96
85,apv,wave,wave,u*dx(eta),0.000413528614537773,2,0,16,1,1.24344978758018e-14,3.7207512233923e-07,96,0
85,apv,wave,wave,v*dy(eta),0.000413528614537777,2,0,16,1,1.24344978758018e-14,3.72075122459908e-07,96,0
85,apv,wave,wave,w*dz(eta),0,-1,0,1,1,0,0,0,96
85,apv,wave,wave,w*eta*dlogN2,0,-1,0,1,1,0,0,0,96
85,wave,boundary,wave,u*dx(u),0.002326277616068,16,1,2,0,1.5390481089788e-14,1.42655155983527e-07,64,0
85,wave,boundary,wave,v*dy(u),0.00232627761606796,16,1,2,0,1.52735842534106e-14,1.42655160646151e-07,64,0
85,wave,boundary,wave,w*dz(u),0.00452570798106398,16,1,2,0,4.03240521314331e-13,2.50894538059092e-07,64,0
85,wave,boundary,wave,u*dx(v),0.00225817960208492,16,1,2,0,1.48183184929381e-14,1.21298276645199e-07,64,0
85,wave,boundary,wave,v*dy(v),0.00225817960208488,16,1,2,0,1.49085236771745e-14,1.21300699595928e-07,64,0
85,wave,boundary,wave,w*dz(v),0.00450581904783396,16,1,2,0,4.01901442239251e-13,2.13196974629959e-07,64,0
85,wave,boundary,wave,u*dx(w),0,1,1,1,0,0,0,0,64
85,wave,boundary,wave,v*dy(w),0,1,1,1,0,0,0,0,64
85,wave,boundary,wave,w*dz(w),0,1,1,1,0,0,0,0,64
85,wave,boundary,wave,u*dx(eta),0.000479137342960001,16,1,2,0,1.36224365121507e-13,1.55448000360714e-07,64,0
85,wave,boundary,wave,v*dy(eta),0.000479137342959981,16,1,2,0,1.36224365121507e-13,1.55450423422465e-07,64,0
85,wave,boundary,wave,w*dz(eta),0.000317105439416276,15,1,2,0,4.53190152072125e-10,1.01666832175162e-07,64,0
85,wave,boundary,wave,w*eta*dlogN2,0.0122657778603227,16,1,2,0,3.05644398679306e-13,2.13383637204245e-07,64,0
85,boundary,wave,wave,u*dx(u),0.00232627761606799,2,0,16,1,1.54076141890915e-14,1.4265515603702e-07,64,0
85,boundary,wave,wave,v*dy(u),0.002326277616068,2,0,16,1,1.54238327692187e-14,1.42655155975994e-07,64,0
85,boundary,wave,wave,w*dz(u),0,1,0,1,1,0,0,0,64
85,boundary,wave,wave,u*dx(v),0.00225817960208488,2,0,16,1,1.48900794567916e-14,1.2130069970695e-07,64,0
85,boundary,wave,wave,v*dy(v),0.00225817960208487,2,0,16,1,1.49328909585307e-14,1.2130069970695e-07,64,0
85,boundary,wave,wave,w*dz(v),0,1,0,1,1,0,0,0,64
85,boundary,wave,wave,u*dx(w),3.7174779126021e-05,2,0,15,1,4.44089209850063e-16,1.29552077732242e-07,64,0
85,boundary,wave,wave,v*dy(w),3.7174779126021e-05,2,0,15,1,6.66133814775094e-16,1.29552077732242e-07,64,0
85,boundary,wave,wave,w*dz(w),0,1,0,1,1,0,0,0,64
85,boundary,wave,wave,u*dx(eta),0.000318142489303309,2,0,15,1,3.33066907387547e-15,1.13984836125347e-07,64,0
85,boundary,wave,wave,v*dy(eta),0.000318142489303322,2,0,15,1,3.33066907387547e-15,1.13984836125347e-07,64,0
85,boundary,wave,wave,w*dz(eta),0,1,0,1,1,0,0,0,64
85,boundary,wave,wave,w*eta*dlogN2,0,1,0,1,1,0,0,0,64
85,apv,boundary,wave,u*dx(u),0.000525304139855304,-1,0,2,0,3.9553340377943e-15,3.08769684310735e-07,6,0
85,apv,boundary,wave,v*dy(u),0.000525304139855303,-1,0,2,0,3.92734491987475e-15,3.08769684229836e-07,6,0
85,apv,boundary,wave,w*dz(u),0,-1,0,1,0,0,0,0,6
85,apv,boundary,wave,u*dx(v),0.000522557680058483,-1,0,2,0,4.21135647056954e-15,2.91042544731113e-07,6,0
85,apv,boundary,wave,v*dy(v),0.000522557680058459,-1,0,2,0,4.2153803721139e-15,2.91042544731113e-07,6,0
85,apv,boundary,wave,w*dz(v),0,-1,0,1,0,0,0,0,6
85,apv,boundary,wave,u*dx(w),0,-1,0,1,0,0,0,0,6
85,apv,boundary,wave,v*dy(w),0,-1,0,1,0,0,0,0,6
85,apv,boundary,wave,w*dz(w),0,-1,0,1,0,0,0,0,6
85,apv,boundary,wave,u*dx(eta),2.18355468497453e-05,-1,0,2,0,3.50830475781549e-14,2.40172792320692e-07,6,0
85,apv,boundary,wave,v*dy(eta),2.18355468497452e-05,-1,0,2,0,3.49720252756924e-14,2.40172792320692e-07,6,0
85,apv,boundary,wave,w*dz(eta),0,-1,0,1,0,0,0,0,6
85,apv,boundary,wave,w*eta*dlogN2,0,-1,0,1,0,0,0,0,6
85,boundary,apv,wave,u*dx(u),0.000525304139855349,2,0,-1,0,3.95375305215105e-15,3.08769684326343e-07,6,0
85,boundary,apv,wave,v*dy(u),0.000525304139855332,2,0,-1,0,3.94693935728752e-15,3.08769684331456e-07,6,0
85,boundary,apv,wave,w*dz(u),0,1,0,-1,0,0,0,0,6
85,boundary,apv,wave,u*dx(v),0.000522557680058489,2,0,-1,0,4.22772973411563e-15,2.91042544731113e-07,6,0
85,boundary,apv,wave,v*dy(v),0.00052255768005849,2,0,-1,0,4.20289945541007e-15,2.91042544509068e-07,6,0
85,boundary,apv,wave,w*dz(v),0,1,0,-1,0,0,0,0,6
85,boundary,apv,wave,u*dx(w),0,1,0,-1,0,0,0,0,6
85,boundary,apv,wave,v*dy(w),0,1,0,-1,0,0,0,0,6
85,boundary,apv,wave,w*dz(w),0,1,0,-1,0,0,0,0,6
85,boundary,apv,wave,u*dx(eta),4.9954537677853e-05,2,0,1,0,4.89608353859694e-14,6.05243798412758e-07,6,0
85,boundary,apv,wave,v*dy(eta),4.99545376779257e-05,2,0,1,0,4.89608353859694e-14,6.05243798301736e-07,6,0
85,boundary,apv,wave,w*dz(eta),0,1,0,-1,0,0,0,0,6
85,boundary,apv,wave,w*eta*dlogN2,0,1,0,-1,0,0,0,0,6
85,boundary,boundary,wave,u*dx(u),0.000467028299656293,2,0,1,0,2.61968358193822e-15,5.99653979304181e-07,4,0
85,boundary,boundary,wave,v*dy(u),0.000467028299656242,2,0,1,0,2.58824894665044e-15,5.9965397944165e-07,4,0
85,boundary,boundary,wave,w*dz(u),0,1,0,1,0,0,0,0,4
85,boundary,boundary,wave,u*dx(v),0.000464569099538348,2,0,1,0,2.46713566064859e-15,4.91259867896332e-07,4,0
85,boundary,boundary,wave,v*dy(v),0.000464569099538304,1,0,2,0,2.45172306831809e-15,4.91259867896332e-07,4,0
85,boundary,boundary,wave,w*dz(v),0,1,0,1,0,0,0,0,4
85,boundary,boundary,wave,u*dx(w),0,1,0,1,0,0,0,0,4
85,boundary,boundary,wave,v*dy(w),0,1,0,1,0,0,0,0,4
85,boundary,boundary,wave,w*dz(w),0,1,0,1,0,0,0,0,4
85,boundary,boundary,wave,u*dx(eta),3.73078057349783e-05,2,0,1,0,7.4273920347423e-14,2.96784445388908e-07,4,0
85,boundary,boundary,wave,v*dy(eta),3.73078057349674e-05,2,0,1,0,7.4273920347423e-14,2.96784445364028e-07,4,0
85,boundary,boundary,wave,w*dz(eta),0,1,0,1,0,0,0,0,4
85,boundary,boundary,wave,w*eta*dlogN2,0,1,0,1,0,0,0,0,4
86,wave,wave,wave,u*dx(u),0.591612762268819,15,1,16,1,1.62909907786002e-10,3.91024537194085e-08,1024,0
86,wave,wave,wave,v*dy(u),0,1,1,1,1,0,0,0,1024
86,wave,wave,wave,w*dz(u),0.592037625671452,16,1,15,1,2.86751751263914e-05,0.000324320270373324,1024,0
86,wave,wave,wave,u*dx(v),0.590263484258241,15,1,16,1,1.62909685741397e-10,2.93266284590032e-08,1024,0
86,wave,wave,wave,v*dy(v),0,1,1,1,1,0,0,0,1024
86,wave,wave,wave,w*dz(v),0.590651740616409,16,1,15,1,2.86751751266134e-05,0.000324330049369381,1024,0
86,wave,wave,wave,u*dx(w),0.00174855318966164,16,1,16,1,5.82307535523796e-11,3.91099229668512e-08,1024,0
86,wave,wave,wave,v*dy(w),0,1,1,1,1,0,0,0,1024
86,wave,wave,wave,w*dz(w),0.00174855263831916,16,1,16,1,5.82309755969845e-11,3.91125558607541e-08,1024,0
86,wave,wave,wave,u*dx(eta),0.100575103521629,16,1,16,1,3.82761489170491e-10,2.93285865593518e-08,1024,0
86,wave,wave,wave,v*dy(eta),0,1,1,1,1,0,0,0,1024
86,wave,wave,wave,w*dz(eta),0.100575001706309,16,1,16,1,3.82761378148189e-10,2.93312646393318e-08,1024,0
86,wave,wave,wave,w*eta*dlogN2,0.0807485090441822,16,1,16,1,6.30682173152763e-11,2.93109990723295e-08,1024,0
86,wave,apv,wave,u*dx(u),0,1,1,-1,0,0,0,0,96
86,wave,apv,wave,v*dy(u),0,1,1,-1,0,0,0,0,96
86,wave,apv,wave,w*dz(u),0,1,1,-1,0,0,0,0,96
86,wave,apv,wave,u*dx(v),0.00337555013298022,16,1,2,0,4.38462857623813e-14,3.12733433924183e-07,96,0
86,wave,apv,wave,v*dy(v),0,1,1,-1,0,0,0,0,96
86,wave,apv,wave,w*dz(v),0.0097833761843474,16,1,2,0,7.09876601945325e-13,4.83822918839749e-07,96,0
86,wave,apv,wave,u*dx(w),0,1,1,-1,0,0,0,0,96
86,wave,apv,wave,v*dy(w),0,1,1,-1,0,0,0,0,96
86,wave,apv,wave,w*dz(w),0,1,1,-1,0,0,0,0,96
86,wave,apv,wave,u*dx(eta),0.0012260520042833,16,1,2,0,6.54587495318992e-13,4.97382226294363e-07,96,0
86,wave,apv,wave,v*dy(eta),0,1,1,-1,0,0,0,0,96
86,wave,apv,wave,w*dz(eta),0.000487358247449622,16,1,2,0,7.65073582265074e-09,6.51733799816867e-07,96,0
86,wave,apv,wave,w*eta*dlogN2,0.013397812848533,16,1,2,0,4.0867309536452e-13,4.88597093228904e-07,96,0
86,apv,wave,wave,u*dx(u),0.00340001525631495,2,0,16,1,4.4273683711159e-14,3.22452645993627e-07,96,0
86,apv,wave,wave,v*dy(u),0,-1,0,1,1,0,0,0,96
86,apv,wave,wave,w*dz(u),0,-1,0,1,1,0,0,0,96
86,apv,wave,wave,u*dx(v),0.00337557875601303,2,0,16,1,4.37390194654643e-14,3.12733024011273e-07,96,0
86,apv,wave,wave,v*dy(v),0,-1,0,1,1,0,0,0,96
86,apv,wave,wave,w*dz(v),0,-1,0,1,1,0,0,0,96
86,apv,wave,wave,u*dx(w),8.66787218947371e-05,2,0,15,1,9.99200722162641e-16,2.22434809016292e-07,96,0
86,apv,wave,wave,v*dy(w),0,-1,0,1,1,0,0,0,96
86,apv,wave,wave,w*dz(w),0,-1,0,1,1,0,0,0,96
86,apv,wave,wave,u*dx(eta),0.000488290196308,2,0,16,1,1.25455201782643e-14,3.90891001254724e-07,96,0
86,apv,wave,wave,v*dy(eta),0,-1,0,1,1,0,0,0,96
86,apv,wave,wave,w*dz(eta),0,-1,0,1,1,0,0,0,96
86,apv,wave,wave,w*eta*dlogN2,0,-1,0,1,1,0,0,0,96
86,wave,boundary,wave,u*dx(u),0,1,1,1,0,0,0,0,64
86,wave,boundary,wave,v*dy(u),0,1,1,1,0,0,0,0,64
86,wave,boundary,wave,w*dz(u),0,1,1,1,0,0,0,0,64
86,wave,boundary,wave,u*dx(v),0.002757736052792,16,1,2,0,2.0635645586747e-14,1.69581465628367e-07,64,0
86,wave,boundary,wave,v*dy(v),0,1,1,1,0,0,0,0,64
86,wave,boundary,wave,w*dz(v),0.00541996216887723,16,1,2,0,5.17380540115631e-13,4.03023675654701e-07,64,0
86,wave,boundary,wave,u*dx(w),0,1,1,1,0,0,0,0,64
86,wave,boundary,wave,v*dy(w),0,1,1,1,0,0,0,0,64
86,wave,boundary,wave,w*dz(w),0,1,1,1,0,0,0,0,64
86,wave,boundary,wave,u*dx(eta),0.000689107482746636,16,1,2,0,2.1405099914773e-13,3.24311593358217e-07,64,0
86,wave,boundary,wave,v*dy(eta),0,1,1,1,0,0,0,0,64
86,wave,boundary,wave,w*dz(eta),0.000430908128744318,15,1,2,0,9.57774304310988e-10,1.31249263568556e-07,64,0
86,wave,boundary,wave,w*eta*dlogN2,0.0121417912300121,16,1,2,0,3.03979064142368e-13,4.04945280307878e-07,64,0
86,boundary,wave,wave,u*dx(u),0.00229955629234691,2,0,16,1,1.50882299872465e-14,1.32015989001086e-07,64,0
86,boundary,wave,wave,v*dy(u),0,1,0,1,1,0,0,0,64
86,boundary,wave,wave,w*dz(u),0,1,0,1,1,0,0,0,64
86,boundary,wave,wave,u*dx(v),0.00227147769067189,2,0,16,1,1.53768762998143e-14,1.19964714305262e-07,64,0
86,boundary,wave,wave,v*dy(v),0,1,0,1,1,0,0,0,64
86,boundary,wave,wave,w*dz(v),0,1,0,1,1,0,0,0,64
86,boundary,wave,wave,u*dx(w),4.53598254287097e-05,2,0,15,1,4.44089209850063e-16,1.29567822582111e-07,64,0
86,boundary,wave,wave,v*dy(w),0,1,0,1,1,0,0,0,64
86,boundary,wave,wave,w*dz(w),0,1,0,1,1,0,0,0,64
86,boundary,wave,wave,u*dx(eta),0.000370463800884048,2,0,15,1,2.99760216648792e-15,1.13993894546027e-07,64,0
86,boundary,wave,wave,v*dy(eta),0,1,0,1,1,0,0,0,64
86,boundary,wave,wave,w*dz(eta),0,1,0,1,1,0,0,0,64
86,boundary,wave,wave,w*eta*dlogN2,0,1,0,1,1,0,0,0,64
86,apv,boundary,wave,u*dx(u),0,-1,0,1,0,0,0,0,6
86,apv,boundary,wave,v*dy(u),0,-1,0,1,0,0,0,0,6
86,apv,boundary,wave,w*dz(u),0,-1,0,1,0,0,0,0,6
86,apv,boundary,wave,u*dx(v),0.000587534075940702,2,0,2,0,5.6188066918603e-15,2.67775430495831e-07,6,0
86,apv,boundary,wave,v*dy(v),0,-1,0,1,0,0,0,0,6
86,apv,boundary,wave,w*dz(v),0,-1,0,1,0,0,0,0,6
86,apv,boundary,wave,u*dx(w),0,-1,0,1,0,0,0,0,6
86,apv,boundary,wave,v*dy(w),0,-1,0,1,0,0,0,0,6
86,apv,boundary,wave,w*dz(w),0,-1,0,1,0,0,0,0,6
86,apv,boundary,wave,u*dx(eta),3.30410997697294e-05,2,0,2,0,5.6843418860808e-14,3.48750239131945e-07,6,0
86,apv,boundary,wave,v*dy(eta),0,-1,0,1,0,0,0,0,6
86,apv,boundary,wave,w*dz(eta),0,-1,0,1,0,0,0,0,6
86,apv,boundary,wave,w*eta*dlogN2,0,-1,0,1,0,0,0,0,6
86,boundary,apv,wave,u*dx(u),0,1,0,-1,0,0,0,0,6
86,boundary,apv,wave,v*dy(u),0,1,0,-1,0,0,0,0,6
86,boundary,apv,wave,w*dz(u),0,1,0,-1,0,0,0,0,6
86,boundary,apv,wave,u*dx(v),0.00052258280239633,2,0,-1,0,3.93230243480577e-15,2.91042544731113e-07,6,0
86,boundary,apv,wave,v*dy(v),0,1,0,-1,0,0,0,0,6
86,boundary,apv,wave,w*dz(v),0,1,0,-1,0,0,0,0,6
86,boundary,apv,wave,u*dx(w),0,1,0,-1,0,0,0,0,6
86,boundary,apv,wave,v*dy(w),0,1,0,-1,0,0,0,0,6
86,boundary,apv,wave,w*dz(w),0,1,0,-1,0,0,0,0,6
86,boundary,apv,wave,u*dx(eta),5.99709974371625e-05,2,0,1,0,4.89608353859694e-14,6.05243798412758e-07,6,0
86,boundary,apv,wave,v*dy(eta),0,1,0,-1,0,0,0,0,6
86,boundary,apv,wave,w*dz(eta),0,1,0,-1,0,0,0,0,6
86,boundary,apv,wave,w*eta*dlogN2,0,1,0,-1,0,0,0,0,6
86,boundary,boundary,wave,u*dx(u),0,1,0,1,0,0,0,0,4
86,boundary,boundary,wave,v*dy(u),0,1,0,1,0,0,0,0,4
86,boundary,boundary,wave,w*dz(u),0,1,0,1,0,0,0,0,4
86,boundary,boundary,wave,u*dx(v),0.000511472185219434,2,0,1,0,2.81232057837609e-15,2.89220650318001e-07,4,0
86,boundary,boundary,wave,v*dy(v),0,1,0,1,0,0,0,0,4
86,boundary,boundary,wave,w*dz(v),0,1,0,1,0,0,0,0,4
86,boundary,boundary,wave,u*dx(w),0,1,0,1,0,0,0,0,4
86,boundary,boundary,wave,v*dy(w),0,1,0,1,0,0,0,0,4
86,boundary,boundary,wave,w*dz(w),0,1,0,1,0,0,0,0,4
86,boundary,boundary,wave,u*dx(eta),5.31183375424352e-05,2,0,1,0,8.17124146124115e-14,5.02618368813934e-07,4,0
86,boundary,boundary,wave,v*dy(eta),0,1,0,1,0,0,0,0,4
86,boundary,boundary,wave,w*dz(eta),0,1,0,1,0,0,0,0,4
86,boundary,boundary,wave,w*eta*dlogN2,0,1,0,1,0,0,0,0,4
87,wave,wave,wave,u*dx(u),0.591600597928692,15,1,16,1,1.62899693734175e-10,3.90066164923653e-08,1024,0
87,wave,wave,wave,v*dy(u),0,1,1,1,1,0,0,0,1024
87,wave,wave,wave,w*dz(u),0.592023916259353,16,1,15,1,3.48233084557226e-06,8.08144439312652e-05,1024,0
87,wave,wave,wave,u*dx(v),0.592907626133706,15,1,16,1,1.62899693734175e-10,2.92525045297864e-08,1024,0
87,wave,wave,wave,v*dy(v),0,1,1,1,1,0,0,0,1024
87,wave,wave,wave,w*dz(v),0.593367477514975,16,1,15,1,3.48233084568328e-06,8.08241988319303e-05,1024,0
87,wave,wave,wave,u*dx(w),0.00100301499748753,16,1,16,1,5.82365267121077e-11,3.90137393502243e-08,1024,0
87,wave,wave,wave,v*dy(w),0,1,1,1,1,0,0,0,1024
87,wave,wave,wave,w*dz(w),0.00100301468163391,16,1,16,1,5.82367487567126e-11,3.90141667860888e-08,1024,0
87,wave,wave,wave,u*dx(eta),0.0581498657287347,16,1,16,1,3.82792797459786e-10,2.92542380320171e-08,1024,0
87,wave,wave,wave,v*dy(eta),0,1,1,1,1,0,0,0,1024
87,wave,wave,wave,w*dz(eta),0.0581498066048947,16,1,16,1,3.82792797459786e-10,2.92545038194092e-08,1024,0
87,wave,wave,wave,w*eta*dlogN2,0.0515247771197634,16,1,16,1,6.30704377613256e-11,2.9233773957138e-08,1024,0
87,wave,apv,wave,u*dx(u),0,1,1,-1,0,0,0,0,96
87,wave,apv,wave,v*dy(u),0,1,1,-1,0,0,0,0,96
87,wave,apv,wave,w*dz(u),0,1,1,-1,0,0,0,0,96
87,wave,apv,wave,u*dx(v),0.00342341377257527,16,1,2,0,4.47863377369091e-14,3.34075210316652e-07,96,0
87,wave,apv,wave,v*dy(v),0,1,1,-1,0,0,0,0,96
87,wave,apv,wave,w*dz(v),0.00982461185395285,16,1,2,0,7.09876601945325e-13,4.84110826937688e-07,96,0
87,wave,apv,wave,u*dx(w),0,1,1,-1,0,0,0,0,96
87,wave,apv,wave,v*dy(w),0,1,1,-1,0,0,0,0,96
87,wave,apv,wave,w*dz(w),0,1,1,-1,0,0,0,0,96
87,wave,apv,wave,u*dx(eta),0.000733909914726895,16,1,2,0,6.54587495318992e-13,4.97377750430239e-07,96,0
87,wave,apv,wave,v*dy(eta),0,1,1,-1,0,0,0,0,96
87,wave,apv,wave,w*dz(eta),0.000307179461629746,16,1,2,0,7.65087948551013e-09,6.51734369583323e-07,96,0
87,wave,apv,wave,w*eta*dlogN2,0.00826520521098204,16,1,2,0,4.08562073062058e-13,4.8855244372259e-07,96,0
87,apv,wave,wave,u*dx(u),0.00338218808385989,2,0,16,1,4.46149828690578e-14,3.19289341949752e-07,96,0
87,apv,wave,wave,v*dy(u),0,-1,0,1,1,0,0,0,96
87,apv,wave,wave,w*dz(u),0,-1,0,1,1,0,0,0,96
87,apv,wave,wave,u*dx(v),0.00342344277325359,2,0,16,1,4.46565606766816e-14,3.34078836007598e-07,96,0
87,apv,wave,wave,v*dy(v),0,-1,0,1,1,0,0,0,96
87,apv,wave,wave,w*dz(v),0,-1,0,1,1,0,0,0,96
87,apv,wave,wave,u*dx(w),4.97510626480918e-05,2,0,15,1,1.22124532708767e-15,2.22590732956718e-07,96,0
87,apv,wave,wave,v*dy(w),0,-1,0,1,1,0,0,0,96
87,apv,wave,wave,w*dz(w),0,-1,0,1,1,0,0,0,96
87,apv,wave,wave,u*dx(eta),0.000307706272197415,2,0,16,1,1.24344978758018e-14,3.27645375273551e-07,96,0
87,apv,wave,wave,v*dy(eta),0,-1,0,1,1,0,0,0,96
87,apv,wave,wave,w*dz(eta),0,-1,0,1,1,0,0,0,96
87,apv,wave,wave,w*eta*dlogN2,0,-1,0,1,1,0,0,0,96
87,wave,boundary,wave,u*dx(u),0,1,1,1,0,0,0,0,64
87,wave,boundary,wave,v*dy(u),0,1,1,1,0,0,0,0,64
87,wave,boundary,wave,w*dz(u),0,1,1,1,0,0,0,0,64
87,wave,boundary,wave,u*dx(v),0.002071919500737,16,1,2,0,1.33781387931236e-14,1.19851109262449e-07,64,0
87,wave,boundary,wave,v*dy(v),0,1,1,1,0,0,0,0,64
87,wave,boundary,wave,w*dz(v),0.00406432832410609,16,1,2,0,3.51435566787225e-13,2.07573308975667e-07,64,0
87,wave,boundary,wave,u*dx(w),0,1,1,1,0,0,0,0,64
87,wave,boundary,wave,v*dy(w),0,1,1,1,0,0,0,0,64
87,wave,boundary,wave,w*dz(w),0,1,1,1,0,0,0,0,64
87,wave,boundary,wave,u*dx(eta),0.000310944568932175,16,1,2,0,1.0813572259849e-13,1.22199320995442e-07,64,0
87,wave,boundary,wave,v*dy(eta),0,1,1,1,0,0,0,0,64
87,wave,boundary,wave,w*dz(eta),0.000217453469319384,15,1,2,0,3.337095044742e-10,8.48120700336352e-08,64,0
87,wave,boundary,wave,w*eta*dlogN2,0.00963281289939276,16,1,2,0,3.0053737276603e-13,1.65730206669323e-07,64,0
87,boundary,wave,wave,u*dx(u),0.00163556993581558,2,0,16,1,1.06981456609645e-14,8.26513710805443e-08,64,0
87,boundary,wave,wave,v*dy(u),0,1,0,1,1,0,0,0,64
87,boundary,wave,wave,w*dz(u),0,1,0,1,1,0,0,0,64
87,boundary,wave,wave,u*dx(v),0.00167353820884925,2,0,16,1,1.1299089326622e-14,8.85202865563936e-08,64,0
87,boundary,wave,wave,v*dy(v),0,1,0,1,1,0,0,0,64
87,boundary,wave,wave,w*dz(v),0,1,0,1,1,0,0,0,64
87,boundary,wave,wave,u*dx(w),1.81812761983001e-05,2,0,15,1,4.44089209850063e-16,8.40650715705493e-08,64,0
87,boundary,wave,wave,v*dy(w),0,1,0,1,1,0,0,0,64
87,boundary,wave,wave,w*dz(w),0,1,0,1,1,0,0,0,64
87,boundary,wave,wave,u*dx(eta),0.000179032815242684,2,0,15,1,2.22044604925031e-15,7.28630237256667e-08,64,0
87,boundary,wave,wave,v*dy(eta),0,1,0,1,1,0,0,0,64
87,boundary,wave,wave,w*dz(eta),0,1,0,1,1,0,0,0,64
87,boundary,wave,wave,w*eta*dlogN2,0,1,0,1,1,0,0,0,64
87,apv,boundary,wave,u*dx(u),0,-1,0,1,0,0,0,0,6
87,apv,boundary,wave,v*dy(u),0,-1,0,1,0,0,0,0,6
87,apv,boundary,wave,w*dz(u),0,-1,0,1,0,0,0,0,6
87,apv,boundary,wave,u*dx(v),0.000477905495211243,-1,0,2,0,3.42114050375336e-15,3.22624495440637e-07,6,0
87,apv,boundary,wave,v*dy(v),0,-1,0,1,0,0,0,0,6
87,apv,boundary,wave,w*dz(v),0,-1,0,1,0,0,0,0,6
87,apv,boundary,wave,u*dx(w),0,-1,0,1,0,0,0,0,6
87,apv,boundary,wave,v*dy(w),0,-1,0,1,0,0,0,0,6
87,apv,boundary,wave,w*dz(w),0,-1,0,1,0,0,0,0,6
87,apv,boundary,wave,u*dx(eta),1.39403688804734e-05,-1,0,2,0,2.57571741713036e-14,2.72721889071903e-07,6,0
87,apv,boundary,wave,v*dy(eta),0,-1,0,1,0,0,0,0,6
87,apv,boundary,wave,w*dz(eta),0,-1,0,1,0,0,0,0,6
87,apv,boundary,wave,w*eta*dlogN2,0,-1,0,1,0,0,0,0,6
87,boundary,apv,wave,u*dx(u),0,1,0,-1,0,0,0,0,6
87,boundary,apv,wave,v*dy(u),0,1,0,-1,0,0,0,0,6
87,boundary,apv,wave,w*dz(u),0,1,0,-1,0,0,0,0,6
87,boundary,apv,wave,u*dx(v),0.000396505236580496,2,0,-1,0,2.80947693372753e-15,3.41491453798904e-07,6,0
87,boundary,apv,wave,v*dy(v),0,1,0,-1,0,0,0,0,6
87,boundary,apv,wave,w*dz(v),0,1,0,-1,0,0,0,0,6
87,boundary,apv,wave,u*dx(w),0,1,0,-1,0,0,0,0,6
87,boundary,apv,wave,v*dy(w),0,1,0,-1,0,0,0,0,6
87,boundary,apv,wave,w*dz(w),0,1,0,-1,0,0,0,0,6
87,boundary,apv,wave,u*dx(eta),3.66978344209738e-05,2,0,1,0,4.10782519111308e-14,5.7413481302504e-07,6,0
87,boundary,apv,wave,v*dy(eta),0,1,0,-1,0,0,0,0,6
87,boundary,apv,wave,w*dz(eta),0,1,0,-1,0,0,0,0,6
87,boundary,apv,wave,w*eta*dlogN2,0,1,0,-1,0,0,0,0,6
87,boundary,boundary,wave,u*dx(u),0,1,0,1,0,0,0,0,4
87,boundary,boundary,wave,v*dy(u),0,1,0,1,0,0,0,0,4
87,boundary,boundary,wave,w*dz(u),0,1,0,1,0,0,0,0,4
87,boundary,boundary,wave,u*dx(v),0.000495063357242374,2,0,1,0,2.57945687784608e-15,9.31932923123228e-07,4,0
87,boundary,boundary,wave,v*dy(v),0,1,0,1,0,0,0,0,4
87,boundary,boundary,wave,w*dz(v),0,1,0,1,0,0,0,0,4
87,boundary,boundary,wave,u*dx(w),0,1,0,1,0,0,0,0,4
87,boundary,boundary,wave,v*dy(w),0,1,0,1,0,0,0,0,4
87,boundary,boundary,wave,w*dz(w),0,1,0,1,0,0,0,0,4
87,boundary,boundary,wave,u*dx(eta),3.14451286840658e-05,2,0,1,0,1.04249942012302e-13,2.71833223357588e-07,4,0
87,boundary,boundary,wave,v*dy(eta),0,1,0,1,0,0,0,0,4
87,boundary,boundary,wave,w*dz(eta),0,1,0,1,0,0,0,0,4
87,boundary,boundary,wave,w*eta*dlogN2,0,1,0,1,0,0,0,0,4
88,wave,wave,inertial,u*dx(u),0.00171411501807114,16,-1,14,1,1.62894586708262e-10,3.89917673704332e-08,1024,0
88,wave,wave,inertial,v*dy(u),0.00171411501807157,16,-1,14,1,1.62894808752867e-10,3.89904801778584e-08,1024,0
88,wave,wave,inertial,w*dz(u),0.00644518579843605,2,1,1,1,1.24243459931339e-06,2.88136265083061e-05,1024,0
88,wave,wave,inertial,u*dx(v),0.00171411501807128,14,1,16,1,1.62894364663657e-10,3.89904801778584e-08,1024,0
88,wave,wave,inertial,v*dy(v),0.00171411501807109,14,-1,16,1,1.62894586708262e-10,3.89891929852837e-08,1024,0
88,wave,wave,inertial,w*dz(v),0.006445185798436,2,1,1,1,1.24243459920237e-06,2.88136277952766e-05,1024,0
88,wave,wave,mda,u*dx(eta),0.00550303417488069,16,1,16,1,3.82803011511612e-10,1.17075287253669e-07,1024,0
88,wave,wave,mda,v*dy(eta),0.00550303417488072,16,1,16,1,3.82803011511612e-10,1.17075331983493e-07,1024,0
88,wave,wave,mda,w*dz(eta),0.00550303417488072,16,1,16,1,3.82802789467007e-10,1.2568264227035e-07,1024,0
88,wave,wave,mda,w*eta*dlogN2,0.0347274530894403,16,1,16,1,6.30711038951404e-11,2.92261852496978e-08,1024,0
88,wave,apv,inertial,u*dx(u),0.000633679345045936,16,1,1,0,1.53210777398272e-14,2.29537776598179e-07,96,0
88,wave,apv,inertial,v*dy(u),0.000633679345045954,16,1,1,0,1.57651669496772e-14,2.29537783914939e-07,96,0
88,wave,apv,inertial,w*dz(u),0.000406244145731233,15,1,2,0,7.09876601945325e-13,4.83779708737586e-07,96,0
88,wave,apv,inertial,u*dx(v),0.000633679345045945,16,1,1,0,1.53210777398272e-14,2.29537776874578e-07,96,0
88,wave,apv,inertial,v*dy(v),0.000633679345045926,16,1,1,0,1.55431223447522e-14,2.29537784040794e-07,96,0
88,wave,apv,inertial,w*dz(v),0.00040624414573127,15,1,2,0,7.09876601945325e-13,4.83779708626564e-07,96,0
88,wave,apv,mda,u*dx(eta),0.000298553929124155,16,1,2,0,6.16062756364499e-13,2.86326941161523e-07,96,0
88,wave,apv,mda,v*dy(eta),0.000298553929124619,16,1,2,0,6.16062756364499e-13,2.86326143576979e-07,96,0
88,wave,apv,mda,w*dz(eta),0.000254788483039469,3,1,-1,0,7.65084773313163e-09,0.00887346012292194,96,0
88,wave,apv,mda,w*eta*dlogN2,0.00455092144925419,16,1,2,0,4.08562073062058e-13,4.88552443500545e-07,96,0
88,apv,wave,inertial,u*dx(u),0.000633679345045948,1,0,16,1,1.53210777398272e-14,2.29537776602343e-07,96,0
88,apv,wave,inertial,v*dy(u),0.000633679345045921,1,0,16,1,1.55431223447522e-14,2.29537776629602e-07,96,0
88,apv,wave,inertial,w*dz(u),0,-1,0,1,1,0,0,0,96
88,apv,wave,inertial,u*dx(v),0.000633679345045922,1,0,16,1,1.55431223447522e-14,2.29537784057076e-07,96,0
88,apv,wave,inertial,v*dy(v),0.000633679345045907,1,0,16,1,1.55431223447522e-14,2.29537784043032e-07,96,0
88,apv,wave,inertial,w*dz(v),0,-1,0,1,1,0,0,0,96
88,apv,wave,mda,u*dx(eta),0.000216637502984683,1,0,15,1,1.26565424807268e-14,4.2848062319451e-07,96,0
88,apv,wave,mda,v*dy(eta),0.000216637502984664,1,0,15,1,1.25455201782643e-14,4.28480623150006e-07,96,0
88,apv,wave,mda,w*dz(eta),0,-1,0,1,1,0,0,0,96
88,apv,wave,mda,w*eta*dlogN2,0,-1,0,1,1,0,0,0,96
88,wave,boundary,inertial,u*dx(u),0.000381034446551968,16,1,2,0,3.13476982872236e-15,8.26407233756044e-08,64,0
88,wave,boundary,inertial,v*dy(u),0.000381034446551971,16,1,2,0,3.11266010043977e-15,8.26394361830296e-08,64,0
88,wave,boundary,inertial,w*dz(u),0.00015232548840843,15,1,2,0,1.08246744900953e-13,1.08163918821624e-07,64,0
88,wave,boundary,inertial,u*dx(v),0.000381034446551999,16,1,2,0,3.11676433342638e-15,8.2640723264582e-08,64,0
88,wave,boundary,inertial,v*dy(v),0.000381034446551932,16,1,2,0,3.14343571399017e-15,8.26394364050742e-08,64,0
88,wave,boundary,inertial,w*dz(v),0.00015232548840837,15,1,2,0,1.08024700296028e-13,1.08163918710602e-07,64,0
88,wave,boundary,mda,u*dx(eta),2.06787191408511e-05,16,1,2,0,9.02251041973409e-15,1.64731997376322e-07,64,0
88,wave,boundary,mda,v*dy(eta),2.06787191409113e-05,16,1,2,0,9.03196970445551e-15,1.64732048446581e-07,64,0
88,wave,boundary,mda,w*dz(eta),0.000138185468849969,15,1,2,0,1.95271132596986e-10,0.00311478407340478,64,0
88,wave,boundary,mda,w*eta*dlogN2,0.0061766592811433,16,1,2,0,2.85327317328665e-13,1.12330440060759e-07,64,0
88,boundary,wave,inertial,u*dx(u),0.000381034446551965,2,0,16,1,3.13439869950052e-15,8.26407234866267e-08,64,0
88,boundary,wave,inertial,v*dy(u),0.000381034446551946,2,0,16,1,3.14326500057283e-15,8.26407234866267e-08,64,0
88,boundary,wave,inertial,w*dz(u),0,1,0,1,1,0,0,0,64
88,boundary,wave,inertial,u*dx(v),0.000381034446551899,2,0,16,1,3.15114590348473e-15,8.26394362940519e-08,64,0
88,boundary,wave,inertial,v*dy(v),0.000381034446551895,2,0,16,1,3.14956881711556e-15,8.26394364050742e-08,64,0
88,boundary,wave,inertial,w*dz(v),0,1,0,1,1,0,0,0,64
88,boundary,wave,mda,u*dx(eta),0.000138428240779139,2,0,15,1,3.84352289298789e-15,5.08836458271305e-07,64,0
88,boundary,wave,mda,v*dy(eta),0.000138428240779025,2,0,15,1,4.07215391732248e-15,5.08836458239466e-07,64,0
88,boundary,wave,mda,w*dz(eta),0,1,0,1,1,0,0,0,64
88,boundary,wave,mda,w*eta*dlogN2,0,1,0,1,1,0,0,0,64
88,apv,boundary,inertial,u*dx(u),1.63686738164119e-05,2,0,2,0,8.76784349132253e-16,3.30513363788754e-07,6,0
88,apv,boundary,inertial,v*dy(u),1.63686738163991e-05,2,0,2,0,8.76381847443301e-16,3.30513364010798e-07,6,0
88,apv,boundary,inertial,w*dz(u),0,-1,0,1,0,0,0,0,6
88,apv,boundary,inertial,u*dx(v),1.63686738154332e-05,2,0,2,0,8.74437176366674e-16,3.30513364232843e-07,6,0
88,apv,boundary,inertial,v*dy(v),1.63686738154332e-05,2,0,2,0,7.89876761265669e-16,3.30513364232843e-07,6,0
88,apv,boundary,inertial,w*dz(v),0,-1,0,1,0,0,0,0,6
88,apv,boundary,mda,u*dx(eta),2.4442094701631e-06,2,0,1,0,4.64289732887365e-15,4.30115538823545e-07,6,0
88,apv,boundary,mda,v*dy(eta),2.44420947026192e-06,2,0,1,0,4.46574108139774e-15,4.30115538823545e-07,6,0
88,apv,boundary,mda,w*dz(eta),0,-1,0,1,0,0,0,0,6
88,apv,boundary,mda,w*eta*dlogN2,0,-1,0,1,0,0,0,0,6
88,boundary,apv,inertial,u*dx(u),1.63686738164261e-05,2,0,2,0,8.76784349132253e-16,3.30513363788754e-07,6,0
88,boundary,apv,inertial,v*dy(u),1.63686738164196e-05,2,0,2,0,7.82404124214996e-16,3.30513364010798e-07,6,0
88,boundary,apv,inertial,w*dz(u),0,1,0,-1,0,0,0,0,6
88,boundary,apv,inertial,u*dx(v),1.63686738154397e-05,2,0,2,0,9.6774281237846e-16,3.30513364232843e-07,6,0
88,boundary,apv,inertial,v*dy(v),1.63686738154397e-05,2,0,2,0,1.02404806209135e-15,3.30513364232843e-07,6,0
88,boundary,apv,inertial,w*dz(v),0,1,0,-1,0,0,0,0,6
88,boundary,apv,mda,u*dx(eta),1.0117299825744e-05,1,0,2,0,1.35447209004269e-14,3.47817728154922e-07,6,0
88,boundary,apv,mda,v*dy(eta),1.01172998256192e-05,1,0,2,0,1.35447209004269e-14,3.4781772860194e-07,6,0
88,boundary,apv,mda,w*dz(eta),0,1,0,-1,0,0,0,0,6
88,boundary,apv,mda,w*eta*dlogN2,0,1,0,-1,0,0,0,0,6
88,boundary,boundary,inertial,u*dx(u),1.68210320406266e-05,1,0,2,0,9.76925159087985e-16,8.65168623631618e-07,4,0
88,boundary,boundary,inertial,v*dy(u),1.68210320406688e-05,1,0,2,0,1.03660988037274e-15,8.65168623631618e-07,4,0
88,boundary,boundary,inertial,w*dz(u),0,1,0,1,0,0,0,0,4
88,boundary,boundary,inertial,u*dx(v),1.68210320407344e-05,1,0,2,0,3.43250990113741e-16,8.65168623853663e-07,4,0
88,boundary,boundary,inertial,v*dy(v),1.68210320407435e-05,1,0,2,0,3.77721166054438e-16,8.65168623631618e-07,4,0
88,boundary,boundary,inertial,w*dz(v),0,1,0,1,0,0,0,0,4
88,boundary,boundary,mda,u*dx(eta),3.33259935918556e-06,1,0,2,0,2.09832151654155e-14,2.30470169821526e-06,4,0
88,boundary,boundary,mda,v*dy(eta),3.33259935914946e-06,1,0,2,0,2.09832151654155e-14,2.30470169813477e-06,4,0
88,boundary,boundary,mda,w*dz(eta),0,1,0,1,0,0,0,0,4
88,boundary,boundary,mda,w*eta*dlogN2,0,1,0,1,0,0,0,0,4
89,wave,wave,wave,u*dx(u),0.591604404045196,15,1,16,1,1.62907465295348e-10,3.90574153019685e-08,1024,0
89,wave,wave,wave,v*dy(u),0,1,1,1,1,0,0,0,1024
89,wave,wave,wave,w*dz(u),0.592026178039323,16,1,15,1,2.86757555509887e-05,0.000324344502903529,1024,0
89,wave,wave,wave,u*dx(v),0.592243164735675,15,1,16,1,1.62907465295348e-10,2.92815903746302e-08,1024,0
89,wave,wave,wave,v*dy(v),0,1,1,1,1,0,0,0,1024
89,wave,wave,wave,w*dz(v),0.592682602006717,16,1,15,1,2.86757555508776e-05,0.00032435428190003,1024,0
89,wave,wave,wave,u*dx(w),0.00123252166805,16,1,16,1,5.82337511545461e-11,3.90647495462915e-08,1024,0
89,wave,wave,wave,v*dy(w),0,1,1,1,1,0,0,0,1024
89,wave,wave,wave,w*dz(w),0.00123252068552706,16,1,16,1,5.82334180876387e-11,3.90646626158286e-08,1024,0
89,wave,wave,wave,u*dx(eta),0.07129529245919,16,1,16,1,3.82777476382046e-10,2.92835927728774e-08,1024,0
89,wave,wave,wave,v*dy(eta),0,1,1,1,1,0,0,0,1024
89,wave,wave,wave,w*dz(eta),0.0712951092994058,16,1,16,1,3.82776810248231e-10,2.92833960413574e-08,1024,0
89,wave,wave,wave,w*eta*dlogN2,0.0609356606340275,16,1,16,1,6.3069327538301e-11,2.92631434639645e-08,1024,0
89,wave,apv,wave,u*dx(u),0,1,1,-1,0,0,0,0,96
89,wave,apv,wave,v*dy(u),0,1,1,-1,0,0,0,0,96
89,wave,apv,wave,w*dz(u),0,1,1,-1,0,0,0,0,96
89,wave,apv,wave,u*dx(v),0.0034067044535835,16,1,2,0,4.4284834235006e-14,3.2720127859438e-07,96,0
89,wave,apv,wave,v*dy(v),0,1,1,-1,0,0,0,0,96
89,wave,apv,wave,w*dz(v),0.00981417401300677,16,1,2,0,7.09876601945325e-13,4.83779708626564e-07,96,0
89,wave,apv,wave,u*dx(w),0,1,1,-1,0,0,0,0,96
89,wave,apv,wave,v*dy(w),0,1,1,-1,0,0,0,0,96
89,wave,apv,wave,w*dz(w),0,1,1,-1,0,0,0,0,96
89,wave,apv,wave,u*dx(eta),0.000887957821128042,16,1,2,0,6.54587495318992e-13,4.97377750430239e-07,96,0
89,wave,apv,wave,v*dy(eta),0,1,1,-1,0,0,0,0,96
89,wave,apv,wave,w*dz(eta),0.000364369068064404,16,1,2,0,7.65087948551013e-09,6.51734369583323e-07,96,0
89,wave,apv,wave,w*eta*dlogN2,0.00989245776396795,16,1,2,0,4.08562073062058e-13,4.8855244372259e-07,96,0
89,apv,wave,wave,u*dx(u),0.00339069712583586,2,0,16,1,4.42206187573874e-14,3.20479574565035e-07,96,0
89,apv,wave,wave,v*dy(u),0,-1,0,1,1,0,0,0,96
89,apv,wave,wave,w*dz(u),0,-1,0,1,1,0,0,0,96
89,apv,wave,wave,u*dx(v),0.00340677752293252,2,0,16,1,4.45535883577723e-14,3.27210256524673e-07,96,0
89,apv,wave,wave,v*dy(v),0,-1,0,1,1,0,0,0,96
89,apv,wave,wave,w*dz(v),0,-1,0,1,1,0,0,0,96
89,apv,wave,wave,u*dx(w),6.11255912057824e-05,2,0,15,1,9.99200722162641e-16,2.22434809016292e-07,96,0
89,apv,wave,wave,v*dy(w),0,-1,0,1,1,0,0,0,96
89,apv,wave,wave,w*dz(w),0,-1,0,1,1,0,0,0,96
89,apv,wave,wave,u*dx(eta),0.0003650175553473,2,0,16,1,1.25455201782643e-14,3.5497364456534e-07,96,0
89,apv,wave,wave,v*dy(eta),0,-1,0,1,1,0,0,0,96
89,apv,wave,wave,w*dz(eta),0,-1,0,1,1,0,0,0,96
89,apv,wave,wave,w*eta*dlogN2,0,-1,0,1,1,0,0,0,96
89,wave,boundary,wave,u*dx(u),0,1,1,1,0,0,0,0,64
89,wave,boundary,wave,v*dy(u),0,1,1,1,0,0,0,0,64
89,wave,boundary,wave,w*dz(u),0,1,1,1,0,0,0,0,64
89,wave,boundary,wave,u*dx(v),0.00279857948594625,16,-1,2,0,2.11559251119189e-14,1.73114941909516e-07,64,0
89,wave,boundary,wave,v*dy(v),0,1,1,1,0,0,0,0,64
89,wave,boundary,wave,w*dz(v),0.0054379706566594,16,1,2,0,5.18856500594835e-13,4.02995599890765e-07,64,0
89,wave,boundary,wave,u*dx(w),0,1,1,1,0,0,0,0,64
89,wave,boundary,wave,v*dy(w),0,1,1,1,0,0,0,0,64
89,wave,boundary,wave,w*dz(w),0,1,1,1,0,0,0,0,64
89,wave,boundary,wave,u*dx(eta),0.000497833839374849,16,1,2,0,2.1405099914773e-13,3.243087562943e-07,64,0
89,wave,boundary,wave,v*dy(eta),0,1,1,1,0,0,0,0,64
89,wave,boundary,wave,w*dz(eta),0.000330422856776944,15,1,2,0,9.57863788286772e-10,1.31249577872694e-07,64,0
89,wave,boundary,wave,w*eta*dlogN2,0.00890266251837604,16,1,2,0,3.03979064142368e-13,4.04928464647902e-07,64,0
89,boundary,wave,wave,u*dx(u),0.00164426353055842,2,0,16,1,1.09123154121105e-14,8.26948869381283e-08,64,0
89,boundary,wave,wave,v*dy(u),0,1,0,1,1,0,0,0,64
89,boundary,wave,wave,w*dz(u),0,1,0,1,1,0,0,0,64
89,boundary,wave,wave,u*dx(v),0.00165866266056452,2,0,16,1,1.09250990836873e-14,8.31464237572164e-08,64,0
89,boundary,wave,wave,v*dy(v),0,1,0,1,1,0,0,0,64
89,boundary,wave,wave,w*dz(v),0,1,0,1,1,0,0,0,64
89,boundary,wave,wave,u*dx(w),2.23385454559755e-05,2,0,15,1,4.44089209850063e-16,8.41154805808486e-08,64,0
89,boundary,wave,wave,v*dy(w),0,1,0,1,1,0,0,0,64
89,boundary,wave,wave,w*dz(w),0,1,0,1,1,0,0,0,64
89,boundary,wave,wave,u*dx(eta),0.000209832705818076,2,0,15,1,2.1094237467878e-15,7.28910281022621e-08,64,0
89,boundary,wave,wave,v*dy(eta),0,1,0,1,1,0,0,0,64
89,boundary,wave,wave,w*dz(eta),0,1,0,1,1,0,0,0,64
89,boundary,wave,wave,w*eta*dlogN2,0,1,0,1,1,0,0,0,64
89,apv,boundary,wave,u*dx(u),0,-1,0,1,0,0,0,0,6
89,apv,boundary,wave,v*dy(u),0,-1,0,1,0,0,0,0,6
89,apv,boundary,wave,w*dz(u),0,-1,0,1,0,0,0,0,6
89,apv,boundary,wave,u*dx(v),0.000590158365386903,2,0,2,0,5.80229355497784e-15,2.67775430495831e-07,6,0
89,apv,boundary,wave,v*dy(v),0,-1,0,1,0,0,0,0,6
89,apv,boundary,wave,w*dz(v),0,-1,0,1,0,0,0,0,6
89,apv,boundary,wave,u*dx(w),0,-1,0,1,0,0,0,0,6
89,apv,boundary,wave,v*dy(w),0,-1,0,1,0,0,0,0,6
89,apv,boundary,wave,w*dz(w),0,-1,0,1,0,0,0,0,6
89,apv,boundary,wave,u*dx(eta),2.39283029349366e-05,2,0,2,0,5.6843418860808e-14,3.48750239131945e-07,6,0
89,apv,boundary,wave,v*dy(eta),0,-1,0,1,0,0,0,0,6
89,apv,boundary,wave,w*dz(eta),0,-1,0,1,0,0,0,0,6
89,apv,boundary,wave,w*eta*dlogN2,0,-1,0,1,0,0,0,0,6
89,boundary,apv,wave,u*dx(u),0,1,0,-1,0,0,0,0,6
89,boundary,apv,wave,v*dy(u),0,1,0,-1,0,0,0,0,6
89,boundary,apv,wave,w*dz(u),0,1,0,-1,0,0,0,0,6
89,boundary,apv,wave,u*dx(v),0.000395981005606497,2,0,-1,0,2.61282030343397e-15,3.30513364232843e-07,6,0
89,boundary,apv,wave,v*dy(v),0,1,0,-1,0,0,0,0,6
89,boundary,apv,wave,w*dz(v),0,1,0,-1,0,0,0,0,6
89,boundary,apv,wave,u*dx(w),0,1,0,-1,0,0,0,0,6
89,boundary,apv,wave,v*dy(w),0,1,0,-1,0,0,0,0,6
89,boundary,apv,wave,w*dz(w),0,1,0,-1,0,0,0,0,6
89,boundary,apv,wave,u*dx(eta),4.43148265404585e-05,2,0,1,0,4.10782519111308e-14,5.7413481302504e-07,6,0
89,boundary,apv,wave,v*dy(eta),0,1,0,-1,0,0,0,0,6
89,boundary,apv,wave,w*dz(eta),0,1,0,-1,0,0,0,0,6
89,boundary,apv,wave,w*eta*dlogN2,0,1,0,-1,0,0,0,0,6
89,boundary,boundary,wave,u*dx(u),0,1,0,1,0,0,0,0,4
89,boundary,boundary,wave,v*dy(u),0,1,0,1,0,0,0,0,4
89,boundary,boundary,wave,w*dz(u),0,1,0,1,0,0,0,0,4
89,boundary,boundary,wave,u*dx(v),0.000398758051645146,2,0,1,0,2.83873856794999e-15,3.11825912424624e-07,4,0
89,boundary,boundary,wave,v*dy(v),0,1,0,1,0,0,0,0,4
89,boundary,boundary,wave,w*dz(v),0,1,0,1,0,0,0,0,4
89,boundary,boundary,wave,u*dx(w),0,1,0,1,0,0,0,0,4
89,boundary,boundary,wave,v*dy(w),0,1,0,1,0,0,0,0,4
89,boundary,boundary,wave,w*dz(w),0,1,0,1,0,0,0,0,4
89,boundary,boundary,wave,u*dx(eta),4.25362728255854e-05,2,0,1,0,8.32667268468867e-14,6.57926760516681e-07,4,0
89,boundary,boundary,wave,v*dy(eta),0,1,0,1,0,0,0,0,4
89,boundary,boundary,wave,w*dz(eta),0,1,0,1,0,0,0,0,4
89,boundary,boundary,wave,w*eta*dlogN2,0,1,0,1,0,0,0,0,4
90,wave,wave,wave,u*dx(u),0.592907775432422,15,1,16,1,1.6290213622483e-10,3.90368051217393e-08,1024,0
90,wave,wave,wave,v*dy(u),0.592907775432422,15,-1,16,1,1.62902358269434e-10,3.90355180401869e-08,1024,0
90,wave,wave,wave,w*dz(u),0.593366964085975,16,1,15,1,6.20212520785479e-06,0.000143971998159742,1024,0
90,wave,wave,wave,u*dx(v),0.592239138109327,15,-1,16,1,1.62902358269434e-10,3.90392282945129e-08,1024,0
90,wave,wave,wave,v*dy(v),0.592239138109327,15,-1,16,1,1.6290213622483e-10,3.90379412129604e-08,1024,0
90,wave,wave,wave,w*dz(v),0.592679270610804,16,1,15,1,6.20212520785479e-06,0.000143971995736347,1024,0
90,wave,wave,wave,u*dx(w),0.000716489024158508,16,1,16,1,5.82355275113855e-11,3.90471746047893e-08,1024,0
90,wave,wave,wave,v*dy(w),0.000716489024158508,16,1,16,1,5.82355275113855e-11,3.90458873011923e-08,1024,0
90,wave,wave,wave,w*dz(w),0.000716488678917944,16,1,16,1,5.82353054667806e-11,3.9047730937547e-08,1024,0
90,wave,wave,wave,u*dx(eta),0.0416476219871648,16,1,16,1,3.8278757941157e-10,2.92713671079525e-08,1024,0
90,wave,wave,wave,v*dy(eta),0.0416476219871648,16,1,16,1,3.82787357366965e-10,2.92700795823109e-08,1024,0
90,wave,wave,wave,w*dz(eta),0.0416475570244365,16,1,16,1,3.82787246344662e-10,2.92717680094867e-08,1024,0
90,wave,wave,wave,w*eta*dlogN2,0.0389124777595909,16,1,16,1,6.30701046944182e-11,2.92509081400993e-08,1024,0
90,wave,apv,wave,u*dx(u),0.00342345175986139,16,1,2,0,4.48082289378648e-14,3.34082240709994e-07,96,0
90,wave,apv,wave,v*dy(u),0.00342345175986146,16,1,2,0,4.45750231194346e-14,3.34082241150241e-07,96,0
90,wave,apv,wave,w*dz(u),0.00982460752506158,16,1,2,0,7.09876601945325e-13,4.84152197208607e-07,96,0
90,wave,apv,wave,u*dx(v),0.00339123638984862,16,1,2,0,4.45907470050407e-14,3.25433656220859e-07,96,0
90,wave,apv,wave,v*dy(v),0.0033912363898489,16,1,2,0,4.45927174683202e-14,3.2543365714957e-07,96,0
90,wave,apv,wave,w*dz(v),0.00981394646898368,16,1,2,0,7.09876601945325e-13,4.83779708626564e-07,96,0
90,wave,apv,wave,u*dx(w),0,1,1,-1,0,0,0,0,96
90,wave,apv,wave,v*dy(w),0,1,1,-1,0,0,0,0,96
90,wave,apv,wave,w*dz(w),0,1,1,-1,0,0,0,0,96
90,wave,apv,wave,u*dx(eta),0.000536588468713936,16,1,2,0,6.54587495318992e-13,4.97377750430239e-07,96,0
90,wave,apv,wave,v*dy(eta),0.000536588468713933,16,1,2,0,6.5447647301653e-13,4.97378586983288e-07,96,0
90,wave,apv,wave,w*dz(eta),0.000231436494102996,16,1,2,0,7.65087948551013e-09,6.51734369583323e-07,96,0
90,wave,apv,wave,w*eta*dlogN2,0.0061377564534578,16,1,2,0,4.08562073062058e-13,4.8855244372259e-07,96,0
90,apv,wave,wave,u*dx(u),0.00342349614907205,2,0,16,1,4.50216680339567e-14,3.34087801762221e-07,96,0
90,apv,wave,wave,v*dy(u),0.00342349614907213,2,0,16,1,4.50552549519693e-14,3.34087801705831e-07,96,0
90,apv,wave,wave,w*dz(u),0,-1,0,1,1,0,0,0,96
90,apv,wave,wave,u*dx(v),0.00339128042258421,2,0,16,1,4.4007153537615e-14,3.25439072189392e-07,96,0
90,apv,wave,wave,v*dy(v),0.00339128042258418,2,0,16,1,4.40732733914616e-14,3.25439072127357e-07,96,0
90,apv,wave,wave,w*dz(v),0,-1,0,1,1,0,0,0,96
90,apv,wave,wave,u*dx(w),3.5544010960376e-05,2,0,15,1,6.66133814775094e-16,2.22520933457204e-07,96,0
90,apv,wave,wave,v*dy(w),3.55440109603762e-05,2,0,15,1,6.66133814775094e-16,2.22520933457204e-07,96,0
90,apv,wave,wave,w*dz(w),0,-1,0,1,1,0,0,0,96
90,apv,wave,wave,u*dx(eta),0.000231807954542589,2,0,16,1,1.24344978758018e-14,2.75271238254066e-07,96,0
90,apv,wave,wave,v*dy(eta),0.000231807954542583,2,0,16,1,1.24344978758018e-14,2.75271238183814e-07,96,0
90,apv,wave,wave,w*dz(eta),0,-1,0,1,1,0,0,0,96
90,apv,wave,wave,w*eta*dlogN2,0,-1,0,1,1,0,0,0,96
90,wave,boundary,wave,u*dx(u),0.00232637441102947,16,1,2,0,1.53757999531016e-14,1.42680458469075e-07,64,0
90,wave,boundary,wave,v*dy(u),0.00232637441102941,16,1,2,0,1.53559283188435e-14,1.42680446868336e-07,64,0
90,wave,boundary,wave,w*dz(u),0.00452570666735426,16,1,2,0,4.0332918293135e-13,2.50977177084131e-07,64,0
90,wave,boundary,wave,u*dx(v),0.00228457760018697,16,1,2,0,1.53140721416187e-14,1.28742804634131e-07,64,0
90,wave,boundary,wave,v*dy(v),0.00228457760018717,16,1,2,0,1.54007603983292e-14,1.28742793908469e-07,64,0
90,wave,boundary,wave,w*dz(v),0.00452059476277777,16,1,2,0,4.02810655172666e-13,2.13169890850295e-07,64,0
90,wave,boundary,wave,u*dx(w),0,1,1,1,0,0,0,0,64
90,wave,boundary,wave,v*dy(w),0,1,1,1,0,0,0,0,64
90,wave,boundary,wave,w*dz(w),0,1,1,1,0,0,0,0,64
90,wave,boundary,wave,u*dx(eta),0.000252351701561205,16,1,2,0,1.36335387423969e-13,1.55368227838792e-07,64,0
90,wave,boundary,wave,v*dy(eta),0.000252351701561197,16,1,2,0,1.36335387423969e-13,1.55366940646218e-07,64,0
90,wave,boundary,wave,w*dz(eta),0.000184690164676632,15,1,2,0,4.5326520314859e-10,1.01666901897168e-07,64,0
90,wave,boundary,wave,w*eta*dlogN2,0.00666431218138485,16,1,2,0,3.05866443284231e-13,2.13359288125936e-07,64,0
90,boundary,wave,wave,u*dx(u),0.00167357670573056,2,0,16,1,1.11405598068895e-14,9.04031530656208e-08,64,0
90,boundary,wave,wave,v*dy(u),0.00167357670573063,2,0,16,1,1.11814891891998e-14,9.04031531977057e-08,64,0
90,boundary,wave,wave,w*dz(u),0,1,0,1,1,0,0,0,64
90,boundary,wave,wave,u*dx(v),0.00164269499624368,2,0,16,1,1.08997964898646e-14,8.26817665444679e-08,64,0
90,boundary,wave,wave,v*dy(v),0.0016426949962437,2,0,16,1,1.09007150099508e-14,8.26817664334456e-08,64,0
90,boundary,wave,wave,w*dz(v),0,1,0,1,1,0,0,0,64
90,boundary,wave,wave,u*dx(w),1.29890049292977e-05,2,0,15,1,6.66133814775094e-16,8.40983590544297e-08,64,0
90,boundary,wave,wave,v*dy(w),1.29890049292976e-05,2,0,15,1,4.44089209850063e-16,8.40983590544297e-08,64,0
90,boundary,wave,wave,w*dz(w),0,1,0,1,1,0,0,0,64
90,boundary,wave,wave,u*dx(eta),0.000137030519024821,2,0,15,1,2.22044604925031e-15,7.28797459048636e-08,64,0
90,boundary,wave,wave,v*dy(eta),0.000137030519024822,2,0,15,1,2.22044604925031e-15,7.28797457938413e-08,64,0
90,boundary,wave,wave,w*dz(eta),0,1,0,1,1,0,0,0,64
90,boundary,wave,wave,w*eta*dlogN2,0,1,0,1,1,0,0,0,64
90,apv,boundary,wave,u*dx(u),0.000525310166659016,-1,0,2,0,4.14765075805772e-15,3.09074029690237e-07,6,0
90,apv,boundary,wave,v*dy(u),0.000525310166659007,-1,0,2,0,4.13128995090329e-15,3.09074029742594e-07,6,0
90,apv,boundary,wave,w*dz(u),0,-1,0,1,0,0,0,0,6
90,apv,boundary,wave,u*dx(v),0.000524611882690339,-1,0,2,0,4.20472079683232e-15,2.91042544731113e-07,6,0
90,apv,boundary,wave,v*dy(v),0.000524611882690334,-1,0,2,0,4.13082188834119e-15,2.91042544731113e-07,6,0
90,apv,boundary,wave,w*dz(v),0,-1,0,1,0,0,0,0,6
90,apv,boundary,wave,u*dx(w),0,-1,0,1,0,0,0,0,6
90,apv,boundary,wave,v*dy(w),0,-1,0,1,0,0,0,0,6
90,apv,boundary,wave,w*dz(w),0,-1,0,1,0,0,0,0,6
90,apv,boundary,wave,u*dx(eta),1.10864658327739e-05,-1,0,2,0,3.50830475781549e-14,2.40172792320692e-07,6,0
90,apv,boundary,wave,v*dy(eta),1.10864658327881e-05,-1,0,2,0,3.49720252756924e-14,2.40172792320692e-07,6,0
90,apv,boundary,wave,w*dz(eta),0,-1,0,1,0,0,0,0,6
90,apv,boundary,wave,w*eta*dlogN2,0,-1,0,1,0,0,0,0,6
90,boundary,apv,wave,u*dx(u),0.000396506674744929,2,0,-1,0,2.71525653114339e-15,3.41594635407641e-07,6,0
90,boundary,apv,wave,v*dy(u),0.000396506674744896,2,0,-1,0,2.66059082897242e-15,3.4159463537642e-07,6,0
90,boundary,apv,wave,w*dz(u),0,1,0,-1,0,0,0,0,6
90,boundary,apv,wave,u*dx(v),0.000395977281960246,2,0,-1,0,2.57256613893971e-15,3.30513364232843e-07,6,0
90,boundary,apv,wave,v*dy(v),0.000395977281960277,2,0,-1,0,2.57093186562268e-15,3.30513364232843e-07,6,0
90,boundary,apv,wave,w*dz(v),0,1,0,-1,0,0,0,0,6
90,boundary,apv,wave,u*dx(w),0,1,0,-1,0,0,0,0,6
90,boundary,apv,wave,v*dy(w),0,1,0,-1,0,0,0,0,6
90,boundary,apv,wave,w*dz(w),0,1,0,-1,0,0,0,0,6
90,boundary,apv,wave,u*dx(eta),2.69215511562537e-05,2,0,1,0,4.10782519111308e-14,5.7413481302504e-07,6,0
90,boundary,apv,wave,v*dy(eta),2.69215511562552e-05,2,0,1,0,4.10782519111308e-14,5.7413481302504e-07,6,0
90,boundary,apv,wave,w*dz(eta),0,1,0,-1,0,0,0,0,6
90,boundary,apv,wave,w*eta*dlogN2,0,1,0,-1,0,0,0,0,6
90,boundary,boundary,wave,u*dx(u),0.000483436581946398,2,0,1,0,2.70410240132712e-15,7.60464614791054e-07,4,0
90,boundary,boundary,wave,v*dy(u),0.000483436581946363,2,0,1,0,2.73300374641206e-15,7.60464615001323e-07,4,0
90,boundary,boundary,wave,w*dz(u),0,1,0,1,0,0,0,0,4
90,boundary,boundary,wave,u*dx(v),0.000482780789345291,2,0,1,0,2.44991384017882e-15,6.31223163738426e-07,4,0
90,boundary,boundary,wave,v*dy(v),0.000482780789345208,2,0,1,0,2.44378154147823e-15,6.31223163516381e-07,4,0
90,boundary,boundary,wave,w*dz(v),0,1,0,1,0,0,0,0,4
90,boundary,boundary,wave,u*dx(w),0,1,0,1,0,0,0,0,4
90,boundary,boundary,wave,v*dy(w),0,1,0,1,0,0,0,0,4
90,boundary,boundary,wave,w*dz(w),0,1,0,1,0,0,0,0,4
90,boundary,boundary,wave,u*dx(eta),2.41035943803459e-05,2,0,1,0,9.98090499138016e-14,3.66895691605862e-07,4,0
90,boundary,boundary,wave,v*dy(eta),2.4103594380288e-05,2,0,1,0,9.95870053088765e-14,3.66895691716884e-07,4,0
90,boundary,boundary,wave,w*dz(eta),0,1,0,1,0,0,0,0,4
90,boundary,boundary,wave,w*eta*dlogN2,0,1,0,1,0,0,0,0,4
91,wave,wave,wave,u*dx(u),0,1,1,1,1,0,0,0,1024
91,wave,wave,wave,v*dy(u),0.592907660756006,15,1,16,1,1.62905022804694e-10,2.92663355772049e-08,1024,0
91,wave,wave,wave,w*dz(u),0.593366062732564,16,1,15,1,1.37419344236056e-05,0.000168929676030327,1024,0
91,wave,wave,wave,u*dx(v),0,1,1,1,1,0,0,0,1024
91,wave,wave,wave,v*dy(v),0.590251816639646,15,1,16,1,1.62904800760089e-10,3.9033023147006e-08,1024,0
91,wave,wave,wave,w*dz(v),0.590637347413935,16,1,15,1,1.37419344234946e-05,0.000168919907692411,1024,0
91,wave,wave,wave,u*dx(w),0,1,1,1,1,0,0,0,1024
91,wave,wave,wave,v*dy(w),0.0014326699801559,16,1,16,1,5.82348613775707e-11,3.90401400096607e-08,1024,0
91,wave,wave,wave,w*dz(w),0.00143266905882691,16,1,16,1,5.82345283106633e-11,3.90419498952355e-08,1024,0
91,wave,wave,wave,u*dx(eta),0,1,1,1,1,0,0,0,1024
91,wave,wave,wave,v*dy(eta),0.0827006983302952,16,1,16,1,3.82782139318749e-10,2.92680629732089e-08,1024,0
91,wave,wave,wave,w*dz(eta),0.0827005271922261,16,1,16,1,3.82781695229539e-10,2.92698483228548e-08,1024,0
91,wave,wave,wave,w*eta*dlogN2,0.0688053530336887,16,1,16,1,6.30698826498133e-11,2.92489006348262e-08,1024,0
91,wave,apv,wave,u*dx(u),0,1,1,-1,0,0,0,0,96
91,wave,apv,wave,v*dy(u),0.00342333313616875,16,1,2,0,4.48764579078004e-14,3.34060481432716e-07,96,0
91,wave,apv,wave,w*dz(u),0.00982462105283406,16,1,2,0,7.09876601945325e-13,4.84022761716084e-07,96,0
91,wave,apv,wave,u*dx(v),0,1,1,-1,0,0,0,0,96
91,wave,apv,wave,v*dy(v),0,1,1,-1,0,0,0,0,96
91,wave,apv,wave,w*dz(v),0,1,1,-1,0,0,0,0,96
91,wave,apv,wave,u*dx(w),0,1,1,-1,0,0,0,0,96
91,wave,apv,wave,v*dy(w),0,1,1,-1,0,0,0,0,96
91,wave,apv,wave,w*dz(w),0,1,1,-1,0,0,0,0,96
91,wave,apv,wave,u*dx(eta),0,1,1,-1,0,0,0,0,96
91,wave,apv,wave,v*dy(eta),0.00102027375035239,16,1,2,0,6.5447647301653e-13,4.97378586983288e-07,96,0
91,wave,apv,wave,w*dz(eta),0.000412769069433228,16,1,2,0,7.65087948551013e-09,6.51734369583323e-07,96,0
91,wave,apv,wave,w*eta*dlogN2,0.0112734067305033,16,1,2,0,4.08562073062058e-13,4.8855244372259e-07,96,0
91,apv,wave,wave,u*dx(u),0,-1,0,1,1,0,0,0,96
91,apv,wave,wave,v*dy(u),0.00342339232039732,2,0,16,1,4.45225425585655e-14,3.34067867913234e-07,96,0
91,apv,wave,wave,w*dz(u),0,-1,0,1,1,0,0,0,96
91,apv,wave,wave,u*dx(v),0,-1,0,1,1,0,0,0,96
91,apv,wave,wave,v*dy(v),0.00336583262587126,2,0,16,1,4.33737206436903e-14,3.12550309005575e-07,96,0
91,apv,wave,wave,w*dz(v),0,-1,0,1,1,0,0,0,96
91,apv,wave,wave,u*dx(w),0,-1,0,1,1,0,0,0,96
91,apv,wave,wave,v*dy(w),7.10407618793408e-05,2,0,15,1,9.99200722162641e-16,2.2249170483768e-07,96,0
91,apv,wave,wave,w*dz(w),0,-1,0,1,1,0,0,0,96
91,apv,wave,wave,u*dx(eta),0,-1,0,1,1,0,0,0,96
91,apv,wave,wave,v*dy(eta),0.000413527389227442,2,0,16,1,1.24344978758018e-14,3.72067340946612e-07,96,0
91,apv,wave,wave,w*dz(eta),0,-1,0,1,1,0,0,0,96
91,apv,wave,wave,w*eta*dlogN2,0,-1,0,1,1,0,0,0,96
91,wave,boundary,wave,u*dx(u),0,1,1,1,0,0,0,0,64
91,wave,boundary,wave,v*dy(u),0.00259210806808904,16,1,2,0,1.79245194470678e-14,1.70569909071268e-07,64,0
91,wave,boundary,wave,w*dz(u),0.00500885344720588,16,1,2,0,4.60124106483145e-13,3.15945533594666e-07,64,0
91,wave,boundary,wave,u*dx(v),0,1,1,1,0,0,0,0,64
91,wave,boundary,wave,v*dy(v),0,1,1,1,0,0,0,0,64
91,wave,boundary,wave,w*dz(v),0,1,1,1,0,0,0,0,64
91,wave,boundary,wave,u*dx(w),0,1,1,1,0,0,0,0,64
91,wave,boundary,wave,v*dy(w),0,1,1,1,0,0,0,0,64
91,wave,boundary,wave,w*dz(w),0,1,1,1,0,0,0,0,64
91,wave,boundary,wave,u*dx(eta),0,1,1,1,0,0,0,0,64
91,wave,boundary,wave,v*dy(eta),0.000528808325474088,16,1,2,0,1.70308211977499e-13,2.15514016410623e-07,64,0
91,wave,boundary,wave,w*dz(eta),0.000347931301126566,15,1,2,0,6.39997166373973e-10,1.21002882602639e-07,64,0
91,wave,boundary,wave,w*eta*dlogN2,0.0112898549555324,16,1,2,0,3.07531777821168e-13,2.85148780920785e-07,64,0
91,boundary,wave,wave,u*dx(u),0,1,0,1,1,0,0,0,64
91,boundary,wave,wave,v*dy(u),0.00167348966774942,2,0,16,1,1.09324636096937e-14,8.85089837045357e-08,64,0
91,boundary,wave,wave,w*dz(u),0,1,0,1,1,0,0,0,64
91,boundary,wave,wave,u*dx(v),0,1,0,1,1,0,0,0,64
91,boundary,wave,wave,v*dy(v),0.00162301437283378,2,0,16,1,1.07408606871164e-14,8.26744941395674e-08,64,0
91,boundary,wave,wave,w*dz(v),0,1,0,1,1,0,0,0,64
91,boundary,wave,wave,u*dx(w),0,1,0,1,1,0,0,0,64
91,boundary,wave,wave,v*dy(w),2.59628807410963e-05,2,0,15,1,4.44089209850063e-16,8.40924526679387e-08,64,0
91,boundary,wave,wave,w*dz(w),0,1,0,1,1,0,0,0,64
91,boundary,wave,wave,u*dx(eta),0,1,0,1,1,0,0,0,64
91,boundary,wave,wave,v*dy(eta),0.000235424731446125,2,0,15,1,2.22044604925031e-15,7.28773247304915e-08,64,0
91,boundary,wave,wave,w*dz(eta),0,1,0,1,1,0,0,0,64
91,boundary,wave,wave,w*eta*dlogN2,0,1,0,1,1,0,0,0,64
91,apv,boundary,wave,u*dx(u),0,-1,0,1,0,0,0,0,6
91,apv,boundary,wave,v*dy(u),0.000565314971358391,-1,0,2,0,4.70509078922101e-15,2.8838749424715e-07,6,0
91,apv,boundary,wave,w*dz(u),0,-1,0,1,0,0,0,0,6
91,apv,boundary,wave,u*dx(v),0,-1,0,1,0,0,0,0,6
91,apv,boundary,wave,v*dy(v),0,-1,0,1,0,0,0,0,6
91,apv,boundary,wave,w*dz(v),0,-1,0,1,0,0,0,0,6
91,apv,boundary,wave,u*dx(w),0,-1,0,1,0,0,0,0,6
91,apv,boundary,wave,v*dy(w),0,-1,0,1,0,0,0,0,6
91,apv,boundary,wave,w*dz(w),0,-1,0,1,0,0,0,0,6
91,apv,boundary,wave,u*dx(eta),0,-1,0,1,0,0,0,0,6
91,apv,boundary,wave,v*dy(eta),2.40702938435723e-05,-1,0,2,0,4.55191440096314e-14,2.73371327574878e-07,6,0
91,apv,boundary,wave,w*dz(eta),0,-1,0,1,0,0,0,0,6
91,apv,boundary,wave,w*eta*dlogN2,0,-1,0,1,0,0,0,0,6
91,boundary,apv,wave,u*dx(u),0,1,0,-1,0,0,0,0,6
91,boundary,apv,wave,v*dy(u),0.000396502180586161,2,0,-1,0,2.72086748564583e-15,3.41272126496652e-07,6,0
91,boundary,apv,wave,w*dz(u),0,1,0,-1,0,0,0,0,6
91,boundary,apv,wave,u*dx(v),0,1,0,-1,0,0,0,0,6
91,boundary,apv,wave,v*dy(v),0,1,0,-1,0,0,0,0,6
91,boundary,apv,wave,w*dz(v),0,1,0,-1,0,0,0,0,6
91,boundary,apv,wave,u*dx(w),0,1,0,-1,0,0,0,0,6
91,boundary,apv,wave,v*dy(w),0,1,0,-1,0,0,0,0,6
91,boundary,apv,wave,w*dz(w),0,1,0,-1,0,0,0,0,6
91,boundary,apv,wave,u*dx(eta),0,1,0,-1,0,0,0,0,6
91,boundary,apv,wave,v*dy(eta),5.08544293041383e-05,2,0,1,0,4.10782519111308e-14,5.7413481302504e-07,6,0
91,boundary,apv,wave,w*dz(eta),0,1,0,-1,0,0,0,0,6
91,boundary,apv,wave,w*eta*dlogN2,0,1,0,-1,0,0,0,0,6
91,boundary,boundary,wave,u*dx(u),0,1,0,1,0,0,0,0,4
91,boundary,boundary,wave,v*dy(u),0.000449382957529901,2,0,1,0,2.60924280809554e-15,5.57023332025563e-07,4,0
91,boundary,boundary,wave,w*dz(u),0,1,0,1,0,0,0,0,4
91,boundary,boundary,wave,u*dx(v),0,1,0,1,0,0,0,0,4
91,boundary,boundary,wave,v*dy(v),0,1,0,1,0,0,0,0,4
91,boundary,boundary,wave,w*dz(v),0,1,0,1,0,0,0,0,4
91,boundary,boundary,wave,u*dx(w),0,1,0,1,0,0,0,0,4
91,boundary,boundary,wave,v*dy(w),0,1,0,1,0,0,0,0,4
91,boundary,boundary,wave,w*dz(w),0,1,0,1,0,0,0,0,4
91,boundary,boundary,wave,u*dx(eta),0,1,0,1,0,0,0,0,4
91,boundary,boundary,wave,v*dy(eta),4.76912843565286e-05,2,0,1,0,9.2148511043888e-14,5.05004714157486e-07,4,0
91,boundary,boundary,wave,w*dz(eta),0,1,0,1,0,0,0,0,4
91,boundary,boundary,wave,w*eta*dlogN2,0,1,0,1,0,0,0,0,4
92,wave,wave,wave,u*dx(u),0.591600597928692,16,1,15,1,1.62899693734175e-10,3.90066164923653e-08,1024,0
92,wave,wave,wave,v*dy(u),0.591600597928692,16,1,15,1,1.62899693734175e-10,2.92525046408088e-08,1024,0
92,wave,wave,wave,w*dz(u),0.592025603402097,16,1,15,1,1.24237100862512e-06,2.88124227920683e-05,1024,0
92,wave,wave,wave,u*dx(v),0.592907626133706,16,1,15,1,1.6289947168957e-10,3.90053291887682e-08,1024,0
92,wave,wave,wave,v*dy(v),0.592907626133706,16,1,15,1,1.6289947168957e-10,2.92512173372117e-08,1024,0
92,wave,wave,wave,w*dz(v),0.59336916900297,16,1,15,1,1.24237100906921e-06,2.88124240792609e-05,1024,0
92,wave,wave,wave,u*dx(w),0.00100301468163391,16,1,16,1,5.82367487567126e-11,3.90141667860888e-08,1024,0
92,wave,wave,wave,v*dy(w),0.00100301468163391,16,1,16,1,5.82361936452003e-11,2.92600546014654e-08,1024,0
92,wave,wave,wave,w*dz(w),0.00100301499748753,16,1,16,1,5.82365267121077e-11,3.90141461359406e-08,1024,0
92,wave,wave,wave,u*dx(eta),0.0581498066048947,16,1,16,1,3.82792575415181e-10,2.92613319130552e-08,1024,0
92,wave,wave,wave,v*dy(eta),0.0581498066048947,16,1,16,1,3.82792686437483e-10,1.95072199504764e-08,1024,0
92,wave,wave,wave,w*dz(eta),0.0581498657287347,16,1,16,1,3.82792908482088e-10,2.92614732444463e-08,1024,0
92,wave,wave,wave,w*eta*dlogN2,0.0515247771197635,16,1,16,1,6.30704377613256e-11,2.92406021618064e-08,1024,0
92,wave,apv,wave,u*dx(u),0.00338218808385995,16,1,2,0,4.45207898535371e-14,3.19289342101746e-07,96,0
92,wave,apv,wave,v*dy(u),0.00338218808386024,16,1,2,0,4.42655300621589e-14,3.1928934187318e-07,96,0
92,wave,apv,wave,w*dz(u),0.00980397762021263,16,1,2,0,7.09876601945325e-13,4.83791095295949e-07,96,0
92,wave,apv,wave,u*dx(v),0.00342344277325254,16,1,2,0,4.45888255272837e-14,3.34078835587579e-07,96,0
92,wave,apv,wave,v*dy(v),0.00342344277325362,16,1,2,0,4.45957935438598e-14,3.34078836157921e-07,96,0
92,wave,apv,wave,w*dz(v),0.009824605244805,16,1,2,0,7.096545573404e-13,4.84122040065795e-07,96,0
92,wave,apv,wave,u*dx(w),0,1,1,-1,0,0,0,0,96
92,wave,apv,wave,v*dy(w),0,1,1,-1,0,0,0,0,96
92,wave,apv,wave,w*dz(w),0,1,1,-1,0,0,0,0,96
92,wave,apv,wave,u*dx(eta),0.000733909633524444,16,1,2,0,6.54587495318992e-13,4.9737971685726e-07,96,0
92,wave,apv,wave,v*dy(eta),0.000733909633524452,16,1,2,0,6.54365450714067e-13,4.97383537578777e-07,96,0
92,wave,apv,wave,w*dz(eta),0.000307177617943417,16,1,2,0,7.65078556064225e-09,6.51733974788016e-07,96,0
92,wave,apv,wave,w*eta*dlogN2,0.00826523010814225,16,1,2,0,4.08562073062058e-13,4.88564767198163e-07,96,0
92,apv,wave,wave,u*dx(u),0,-1,0,1,1,0,0,0,96
92,apv,wave,wave,v*dy(u),0.00338215938895234,2,0,16,1,4.42990784205861e-14,3.19285905338709e-07,96,0
92,apv,wave,wave,w*dz(u),0,-1,0,1,1,0,0,0,96
92,apv,wave,wave,u*dx(v),0,-1,0,1,1,0,0,0,96
92,apv,wave,wave,v*dy(v),0.00342341377257514,2,0,16,1,4.43580992189532e-14,3.34075210621475e-07,96,0
92,apv,wave,wave,w*dz(v),0,-1,0,1,1,0,0,0,96
92,apv,wave,wave,u*dx(w),0,-1,0,1,1,0,0,0,96
92,apv,wave,wave,v*dy(w),4.97511326238892e-05,2,0,15,1,8.88178419700125e-16,2.22673703698106e-07,96,0
92,apv,wave,wave,w*dz(w),0,-1,0,1,1,0,0,0,96
92,apv,wave,wave,u*dx(eta),0,-1,0,1,1,0,0,0,96
92,apv,wave,wave,v*dy(eta),0.000307708118010991,2,0,16,1,1.25455201782643e-14,3.27658558224122e-07,96,0
92,apv,wave,wave,w*dz(eta),0,-1,0,1,1,0,0,0,96
92,apv,wave,wave,w*eta*dlogN2,0,-1,0,1,1,0,0,0,96
92,wave,boundary,wave,u*dx(u),0.00163556993581563,16,1,2,0,1.06956745577138e-14,8.26513710805443e-08,64,0
92,wave,boundary,wave,v*dy(u),0.00163556993581605,16,1,2,0,1.09192199397926e-14,7.46808685748962e-08,64,0
92,wave,boundary,wave,w*dz(u),0.00333933543573748,16,1,2,0,2.72700925945272e-13,1.08167251600122e-07,64,0
92,wave,boundary,wave,u*dx(v),0.00167353820884942,16,1,2,0,1.11438051592409e-14,9.03634468832727e-08,64,0
92,wave,boundary,wave,v*dy(v),0.00167353820884932,16,1,2,0,1.12689966197873e-14,8.85202865620726e-08,64,0
92,wave,boundary,wave,w*dz(v),0.00334651443090257,16,1,2,0,2.73161787362331e-13,1.56802324708784e-07,64,0
92,wave,boundary,wave,u*dx(w),0,1,1,1,0,0,0,0,64
92,wave,boundary,wave,v*dy(w),0,1,1,1,0,0,0,0,64
92,wave,boundary,wave,w*dz(w),0,1,1,1,0,0,0,0,64
92,wave,boundary,wave,u*dx(eta),0.000257431582054638,16,1,2,0,9.79216707719388e-14,8.8634003136967e-08,64,0
92,wave,boundary,wave,v*dy(eta),0.000257431582054626,16,1,2,0,9.76996261670138e-14,7.8879891840522e-08,64,0
92,wave,boundary,wave,w*dz(eta),0.000178669007673883,15,1,2,0,2.05208072756591e-10,6.27774341399601e-08,64,0
92,wave,boundary,wave,w*eta*dlogN2,0.0106191629306517,16,1,2,0,2.8554936193359e-13,1.12335603263958e-07,64,0
92,boundary,wave,wave,u*dx(u),0,1,0,1,1,0,0,0,64
92,boundary,wave,wave,v*dy(u),0.002025728991647,2,0,16,1,1.28991102084601e-14,1.04700655589873e-07,64,0
92,boundary,wave,wave,w*dz(u),0,1,0,1,1,0,0,0,64
92,boundary,wave,wave,u*dx(v),0,1,0,1,1,0,0,0,64
92,boundary,wave,wave,v*dy(v),0.00207191950073695,2,0,16,1,1.31616613368331e-14,1.19851096795847e-07,64,0
92,boundary,wave,wave,w*dz(v),0,1,0,1,1,0,0,0,64
92,boundary,wave,wave,u*dx(w),0,1,0,1,1,0,0,0,64
92,boundary,wave,wave,v*dy(w),2.28565187135435e-05,2,0,15,1,4.44089209850063e-16,1.0885623169532e-07,64,0
92,boundary,wave,wave,w*dz(w),0,1,0,1,1,0,0,0,64
92,boundary,wave,wave,u*dx(eta),0,1,0,1,1,0,0,0,64
92,boundary,wave,wave,v*dy(eta),0.000218021816798127,2,0,15,1,2.99760216648792e-15,9.56630390458457e-08,64,0
92,boundary,wave,wave,w*dz(eta),0,1,0,1,1,0,0,0,64
92,boundary,wave,wave,w*eta*dlogN2,0,1,0,1,1,0,0,0,64
92,apv,boundary,wave,u*dx(u),0,-1,0,1,0,0,0,0,6
92,apv,boundary,wave,v*dy(u),0.000395473739916898,-1,0,2,0,2.62601881264853e-15,3.30513364010798e-07,6,0
92,apv,boundary,wave,w*dz(u),0,-1,0,1,0,0,0,0,6
92,apv,boundary,wave,u*dx(v),0,-1,0,1,0,0,0,0,6
92,apv,boundary,wave,v*dy(v),0.000396505236580509,-1,0,2,0,2.75603673518447e-15,3.41491453792494e-07,6,0
92,apv,boundary,wave,w*dz(v),0,-1,0,1,0,0,0,0,6
92,apv,boundary,wave,u*dx(w),0,-1,0,1,0,0,0,0,6
92,apv,boundary,wave,v*dy(w),0,-1,0,1,0,0,0,0,6
92,apv,boundary,wave,w*dz(w),0,-1,0,1,0,0,0,0,6
92,apv,boundary,wave,u*dx(eta),0,-1,0,1,0,0,0,0,6
92,apv,boundary,wave,v*dy(eta),1.1654208259431e-05,-1,0,2,0,1.55136166866944e-14,3.23847392014187e-07,6,0
92,apv,boundary,wave,w*dz(eta),0,-1,0,1,0,0,0,0,6
92,apv,boundary,wave,w*eta*dlogN2,0,-1,0,1,0,0,0,0,6
92,boundary,apv,wave,u*dx(u),0,1,0,-1,0,0,0,0,6
92,boundary,apv,wave,v*dy(u),0.000476666033681265,2,0,-1,0,3.19476925836929e-15,3.06847080633332e-07,6,0
92,boundary,apv,wave,w*dz(u),0,1,0,-1,0,0,0,0,6
92,boundary,apv,wave,u*dx(v),0,1,0,-1,0,0,0,0,6
92,boundary,apv,wave,v*dy(v),0.000477905495211208,2,0,-1,0,3.37729574029839e-15,3.22624495486068e-07,6,0
92,boundary,apv,wave,w*dz(v),0,1,0,-1,0,0,0,0,6
92,boundary,apv,wave,u*dx(w),0,1,0,-1,0,0,0,0,6
92,boundary,apv,wave,v*dy(w),0,1,0,-1,0,0,0,0,6
92,boundary,apv,wave,w*dz(w),0,1,0,-1,0,0,0,0,6
92,boundary,apv,wave,u*dx(eta),0,1,0,-1,0,0,0,0,6
92,boundary,apv,wave,v*dy(eta),3.69007198057293e-05,2,0,1,0,4.5852210917019e-14,5.91101836477925e-07,6,0
92,boundary,apv,wave,w*dz(eta),0,1,0,-1,0,0,0,0,6
92,boundary,apv,wave,w*eta*dlogN2,0,1,0,-1,0,0,0,0,6
92,boundary,boundary,wave,u*dx(u),0,1,0,1,0,0,0,0,4
92,boundary,boundary,wave,v*dy(u),0.000493751384195259,1,0,2,0,2.3483839780347e-15,7.31569203438198e-07,4,0
92,boundary,boundary,wave,w*dz(u),0,1,0,1,0,0,0,0,4
92,boundary,boundary,wave,u*dx(v),0,1,0,1,0,0,0,0,4
92,boundary,boundary,wave,v*dy(v),0.000495063357242356,1,0,2,0,2.54834223204136e-15,9.31932923125988e-07,4,0
92,boundary,boundary,wave,w*dz(v),0,1,0,1,0,0,0,0,4
92,boundary,boundary,wave,u*dx(w),0,1,0,1,0,0,0,0,4
92,boundary,boundary,wave,v*dy(w),0,1,0,1,0,0,0,0,4
92,boundary,boundary,wave,w*dz(w),0,1,0,1,0,0,0,0,4
92,boundary,boundary,wave,u*dx(eta),0,1,0,1,0,0,0,0,4
92,boundary,boundary,wave,v*dy(eta),2.24884179922962e-05,2,0,1,0,6.51700915454967e-14,3.95766869054626e-07,4,0
92,boundary,boundary,wave,w*dz(eta),0,1,0,1,0,0,0,0,4
92,boundary,boundary,wave,w*eta*dlogN2,0,1,0,1,0,0,0,0,4
93,wave,wave,inertial,u*dx(u),0.00171417515468252,16,1,14,1,1.6290124804641e-10,3.90214658363419e-08,1024,0
93,wave,wave,inertial,v*dy(u),0,1,1,1,1,0,0,0,1024
93,wave,wave,inertial,w*dz(u),0.0107737630684854,2,1,1,1,3.48212129896996e-06,8.08103419887019e-05,1024,0
93,wave,wave,inertial,u*dx(v),0.00171417515468254,16,1,14,1,1.6290124804641e-10,2.92673537627408e-08,1024,0
93,wave,wave,inertial,v*dy(v),0,1,1,1,1,0,0,0,1024
93,wave,wave,inertial,w*dz(v),0.0107737630684856,2,1,1,1,3.48212129896996e-06,8.08200968889228e-05,1024,0
93,wave,wave,mda,u*dx(eta),0.00550312702479294,16,1,16,1,3.82782583407959e-10,1.17072391135185e-07,1024,0
93,wave,wave,mda,v*dy(eta),0,1,1,1,1,0,0,0,1024
93,wave,wave,mda,w*dz(eta),0.0055031270247929,16,1,16,1,3.82782583407959e-10,1.2568491909633e-07,1024,0
93,wave,wave,mda,w*eta*dlogN2,0.0347279896769984,16,1,16,1,6.30696606052084e-11,2.92481905361797e-08,1024,0
93,wave,apv,inertial,u*dx(u),0,1,1,-1,0,0,0,0,96
93,wave,apv,inertial,v*dy(u),0,1,1,-1,0,0,0,0,96
93,wave,apv,inertial,w*dz(u),0,1,1,-1,0,0,0,0,96
93,wave,apv,inertial,u*dx(v),0.000633681315410443,16,1,1,0,1.55431223447522e-14,2.29540359386281e-07,96,0
93,wave,apv,inertial,v*dy(v),0,1,1,-1,0,0,0,0,96
93,wave,apv,inertial,w*dz(v),0.000406243088231356,15,1,2,0,7.096545573404e-13,4.83791095295949e-07,96,0
93,wave,apv,mda,u*dx(eta),0.000298556116642294,16,1,2,0,6.16062756364499e-13,2.86485866041334e-07,96,0
93,wave,apv,mda,v*dy(eta),0,1,1,-1,0,0,0,0,96
93,wave,apv,mda,w*dz(eta),0.000254787595319554,3,1,-1,0,7.65075403030835e-09,0.00887300861630928,96,0
93,wave,apv,mda,w*eta*dlogN2,0.00455096353594028,16,1,2,0,4.08562073062058e-13,4.88564767309185e-07,96,0
93,apv,wave,inertial,u*dx(u),0,-1,0,1,1,0,0,0,96
93,apv,wave,inertial,v*dy(u),0,-1,0,1,1,0,0,0,96
93,apv,wave,inertial,w*dz(u),0,-1,0,1,1,0,0,0,96
93,apv,wave,inertial,u*dx(v),0,-1,0,1,1,0,0,0,96
93,apv,wave,inertial,v*dy(v),0,-1,0,1,1,0,0,0,96
93,apv,wave,inertial,w*dz(v),0,-1,0,1,1,0,0,0,96
93,apv,wave,mda,u*dx(eta),0,-1,0,1,1,0,0,0,96
93,apv,wave,mda,v*dy(eta),0,-1,0,1,1,0,0,0,96
93,apv,wave,mda,w*dz(eta),0,-1,0,1,1,0,0,0,96
93,apv,wave,mda,w*eta*dlogN2,0,-1,0,1,1,0,0,0,96
93,wave,boundary,inertial,u*dx(u),0,1,1,1,0,0,0,0,64
93,wave,boundary,inertial,v*dy(u),0,1,1,1,0,0,0,0,64
93,wave,boundary,inertial,w*dz(u),0,1,1,1,0,0,0,0,64
93,wave,boundary,inertial,u*dx(v),0.000466506385916509,16,1,2,0,3.40357227034133e-15,1.04703192116418e-07,64,0
93,wave,boundary,inertial,v*dy(v),0,1,1,1,0,0,0,0,64
93,wave,boundary,inertial,w*dz(v),0.000187365984750795,15,1,2,0,1.34781075189494e-13,1.64452114370661e-07,64,0
93,wave,boundary,mda,u*dx(eta),2.61790457387719e-05,16,1,2,0,1.34941457351037e-14,1.64814827452453e-07,64,0
93,wave,boundary,mda,v*dy(eta),0,1,1,1,0,0,0,0,64
93,wave,boundary,mda,w*dz(eta),0.000168090767984825,15,1,2,0,2.91585644518477e-10,0.00388192961840086,64,0
93,wave,boundary,mda,w*eta*dlogN2,0.00537584486468504,16,1,2,0,3.00759417370955e-13,1.65731692480797e-07,64,0
93,boundary,wave,inertial,u*dx(u),0,1,0,1,1,0,0,0,64
93,boundary,wave,inertial,v*dy(u),0,1,0,1,1,0,0,0,64
93,boundary,wave,inertial,w*dz(u),0,1,0,1,1,0,0,0,64
93,boundary,wave,inertial,u*dx(v),0,1,0,1,1,0,0,0,64
93,boundary,wave,inertial,v*dy(v),0,1,0,1,1,0,0,0,64
93,boundary,wave,inertial,w*dz(v),0,1,0,1,1,0,0,0,64
93,boundary,wave,mda,u*dx(eta),0,1,0,1,1,0,0,0,64
93,boundary,wave,mda,v*dy(eta),0,1,0,1,1,0,0,0,64
93,boundary,wave,mda,w*dz(eta),0,1,0,1,1,0,0,0,64
93,boundary,wave,mda,w*eta*dlogN2,0,1,0,1,1,0,0,0,64
93,apv,boundary,inertial,u*dx(u),0,-1,0,1,0,0,0,0,6
93,apv,boundary,inertial,v*dy(u),0,-1,0,1,0,0,0,0,6
93,apv,boundary,inertial,w*dz(u),0,-1,0,1,0,0,0,0,6
93,apv,boundary,inertial,u*dx(v),0,-1,0,1,0,0,0,0,6
93,apv,boundary,inertial,v*dy(v),0,-1,0,1,0,0,0,0,6
93,apv,boundary,inertial,w*dz(v),0,-1,0,1,0,0,0,0,6
93,apv,boundary,mda,u*dx(eta),0,-1,0,1,0,0,0,0,6
93,apv,boundary,mda,v*dy(eta),0,-1,0,1,0,0,0,0,6
93,apv,boundary,mda,w*dz(eta),0,-1,0,1,0,0,0,0,6
93,apv,boundary,mda,w*eta*dlogN2,0,-1,0,1,0,0,0,0,6
93,boundary,apv,inertial,u*dx(u),0,1,0,-1,0,0,0,0,6
93,boundary,apv,inertial,v*dy(u),0,1,0,-1,0,0,0,0,6
93,boundary,apv,inertial,w*dz(u),0,1,0,-1,0,0,0,0,6
93,boundary,apv,inertial,u*dx(v),0,1,0,-1,0,0,0,0,6
93,boundary,apv,inertial,v*dy(v),0,1,0,-1,0,0,0,0,6
93,boundary,apv,inertial,w*dz(v),0,1,0,-1,0,0,0,0,6
93,boundary,apv,mda,u*dx(eta),0,1,0,-1,0,0,0,0,6
93,boundary,apv,mda,v*dy(eta),0,1,0,-1,0,0,0,0,6
93,boundary,apv,mda,w*dz(eta),0,1,0,-1,0,0,0,0,6
93,boundary,apv,mda,w*eta*dlogN2,0,1,0,-1,0,0,0,0,6
93,boundary,boundary,inertial,u*dx(u),0,1,0,1,0,0,0,0,4
93,boundary,boundary,inertial,v*dy(u),0,1,0,1,0,0,0,0,4
93,boundary,boundary,inertial,w*dz(u),0,1,0,1,0,0,0,0,4
93,boundary,boundary,inertial,u*dx(v),0,1,0,1,0,0,0,0,4
93,boundary,boundary,inertial,v*dy(v),0,1,0,1,0,0,0,0,4
93,boundary,boundary,inertial,w*dz(v),0,1,0,1,0,0,0,0,4
93,boundary,boundary,mda,u*dx(eta),0,1,0,1,0,0,0,0,4
93,boundary,boundary,mda,v*dy(eta),0,1,0,1,0,0,0,0,4
93,boundary,boundary,mda,w*dz(eta),0,1,0,1,0,0,0,0,4
93,boundary,boundary,mda,w*eta*dlogN2,0,1,0,1,0,0,0,0,4
94,wave,wave,wave,u*dx(u),0.591600597928692,16,1,15,1,1.62899693734175e-10,3.90066164923653e-08,1024,0
94,wave,wave,wave,v*dy(u),0.591600597928692,16,1,15,1,1.62899693734175e-10,2.92525046408088e-08,1024,0
94,wave,wave,wave,w*dz(u),0.592025603402097,16,1,15,1,1.24237100862512e-06,2.88124227920683e-05,1024,0
94,wave,wave,wave,u*dx(v),0.592907626133706,16,1,15,1,1.6289947168957e-10,3.90053291887682e-08,1024,0
94,wave,wave,wave,v*dy(v),0.592907626133706,16,1,15,1,1.6289947168957e-10,2.92512173372117e-08,1024,0
94,wave,wave,wave,w*dz(v),0.59336916900297,16,1,15,1,1.24237100906921e-06,2.88124240792609e-05,1024,0
94,wave,wave,wave,u*dx(w),0.00100301468163391,16,1,16,1,5.82367487567126e-11,3.90141667860888e-08,1024,0
94,wave,wave,wave,v*dy(w),0.00100301468163391,16,1,16,1,5.82361936452003e-11,2.92600546014654e-08,1024,0
94,wave,wave,wave,w*dz(w),0.00100301499748753,16,1,16,1,5.82365267121077e-11,3.90141461359406e-08,1024,0
94,wave,wave,wave,u*dx(eta),0.0581498066048947,16,1,16,1,3.82792575415181e-10,2.92613319130552e-08,1024,0
94,wave,wave,wave,v*dy(eta),0.0581498066048947,16,1,16,1,3.82792686437483e-10,1.95072199504764e-08,1024,0
94,wave,wave,wave,w*dz(eta),0.0581498657287347,16,1,16,1,3.82792908482088e-10,2.92614732444463e-08,1024,0
94,wave,wave,wave,w*eta*dlogN2,0.0515247771197635,16,1,16,1,6.30704377613256e-11,2.92406021618064e-08,1024,0
94,wave,apv,wave,u*dx(u),0.00338218808385995,16,1,2,0,4.45207898535371e-14,3.19289342101746e-07,96,0
94,wave,apv,wave,v*dy(u),0.00338218808386024,16,1,2,0,4.42655300621589e-14,3.1928934187318e-07,96,0
94,wave,apv,wave,w*dz(u),0.00980397762021263,16,1,2,0,7.09876601945325e-13,4.83791095295949e-07,96,0
94,wave,apv,wave,u*dx(v),0.00342344277325254,16,1,2,0,4.45888255272837e-14,3.34078835587579e-07,96,0
94,wave,apv,wave,v*dy(v),0.00342344277325362,16,1,2,0,4.45957935438598e-14,3.34078836157921e-07,96,0
94,wave,apv,wave,w*dz(v),0.009824605244805,16,1,2,0,7.096545573404e-13,4.84122040065795e-07,96,0
94,wave,apv,wave,u*dx(w),0,1,1,-1,0,0,0,0,96
94,wave,apv,wave,v*dy(w),0,1,1,-1,0,0,0,0,96
94,wave,apv,wave,w*dz(w),0,1,1,-1,0,0,0,0,96
94,wave,apv,wave,u*dx(eta),0.000733909633524444,16,1,2,0,6.54587495318992e-13,4.9737971685726e-07,96,0
94,wave,apv,wave,v*dy(eta),0.000733909633524452,16,1,2,0,6.54365450714067e-13,4.97383537578777e-07,96,0
94,wave,apv,wave,w*dz(eta),0.000307177617943417,16,1,2,0,7.65078556064225e-09,6.51733974788016e-07,96,0
94,wave,apv,wave,w*eta*dlogN2,0.00826523010814225,16,1,2,0,4.08562073062058e-13,4.88564767198163e-07,96,0
94,apv,wave,wave,u*dx(u),0,-1,0,1,1,0,0,0,96
94,apv,wave,wave,v*dy(u),0.00338215938895234,2,0,16,1,4.42990784205861e-14,3.19285905338709e-07,96,0
94,apv,wave,wave,w*dz(u),0,-1,0,1,1,0,0,0,96
94,apv,wave,wave,u*dx(v),0,-1,0,1,1,0,0,0,96
94,apv,wave,wave,v*dy(v),0.00342341377257514,2,0,16,1,4.43580992189532e-14,3.34075210621475e-07,96,0
94,apv,wave,wave,w*dz(v),0,-1,0,1,1,0,0,0,96
94,apv,wave,wave,u*dx(w),0,-1,0,1,1,0,0,0,96
94,apv,wave,wave,v*dy(w),4.97511326238892e-05,2,0,15,1,8.88178419700125e-16,2.22673703698106e-07,96,0
94,apv,wave,wave,w*dz(w),0,-1,0,1,1,0,0,0,96
94,apv,wave,wave,u*dx(eta),0,-1,0,1,1,0,0,0,96
94,apv,wave,wave,v*dy(eta),0.000307708118010991,2,0,16,1,1.25455201782643e-14,3.27658558224122e-07,96,0
94,apv,wave,wave,w*dz(eta),0,-1,0,1,1,0,0,0,96
94,apv,wave,wave,w*eta*dlogN2,0,-1,0,1,1,0,0,0,96
94,wave,boundary,wave,u*dx(u),0.00163556993581563,16,1,2,0,1.06956745577138e-14,8.26513710805443e-08,64,0
94,wave,boundary,wave,v*dy(u),0.00163556993581605,16,1,2,0,1.09192199397926e-14,7.46808685748962e-08,64,0
94,wave,boundary,wave,w*dz(u),0.00333933543573748,16,1,2,0,2.72700925945272e-13,1.08167251600122e-07,64,0
94,wave,boundary,wave,u*dx(v),0.00167353820884942,16,1,2,0,1.11438051592409e-14,9.03634468832727e-08,64,0
94,wave,boundary,wave,v*dy(v),0.00167353820884932,16,1,2,0,1.12689966197873e-14,8.85202865620726e-08,64,0
94,wave,boundary,wave,w*dz(v),0.00334651443090257,16,1,2,0,2.73161787362331e-13,1.56802324708784e-07,64,0
94,wave,boundary,wave,u*dx(w),0,1,1,1,0,0,0,0,64
94,wave,boundary,wave,v*dy(w),0,1,1,1,0,0,0,0,64
94,wave,boundary,wave,w*dz(w),0,1,1,1,0,0,0,0,64
94,wave,boundary,wave,u*dx(eta),0.000257431582054638,16,1,2,0,9.79216707719388e-14,8.8634003136967e-08,64,0
94,wave,boundary,wave,v*dy(eta),0.000257431582054626,16,1,2,0,9.76996261670138e-14,7.8879891840522e-08,64,0
94,wave,boundary,wave,w*dz(eta),0.000178669007673883,15,1,2,0,2.05208072756591e-10,6.27774341399601e-08,64,0
94,wave,boundary,wave,w*eta*dlogN2,0.0106191629306517,16,1,2,0,2.8554936193359e-13,1.12335603263958e-07,64,0
94,boundary,wave,wave,u*dx(u),0,1,0,1,1,0,0,0,64
94,boundary,wave,wave,v*dy(u),0.002025728991647,2,0,16,1,1.28991102084601e-14,1.04700655589873e-07,64,0
94,boundary,wave,wave,w*dz(u),0,1,0,1,1,0,0,0,64
94,boundary,wave,wave,u*dx(v),0,1,0,1,1,0,0,0,64
94,boundary,wave,wave,v*dy(v),0.00207191950073695,2,0,16,1,1.31616613368331e-14,1.19851096795847e-07,64,0
94,boundary,wave,wave,w*dz(v),0,1,0,1,1,0,0,0,64
94,boundary,wave,wave,u*dx(w),0,1,0,1,1,0,0,0,64
94,boundary,wave,wave,v*dy(w),2.28565187135435e-05,2,0,15,1,4.44089209850063e-16,1.0885623169532e-07,64,0
94,boundary,wave,wave,w*dz(w),0,1,0,1,1,0,0,0,64
94,boundary,wave,wave,u*dx(eta),0,1,0,1,1,0,0,0,64
94,boundary,wave,wave,v*dy(eta),0.000218021816798127,2,0,15,1,2.99760216648792e-15,9.56630390458457e-08,64,0
94,boundary,wave,wave,w*dz(eta),0,1,0,1,1,0,0,0,64
94,boundary,wave,wave,w*eta*dlogN2,0,1,0,1,1,0,0,0,64
94,apv,boundary,wave,u*dx(u),0,-1,0,1,0,0,0,0,6
94,apv,boundary,wave,v*dy(u),0.000395473739916898,-1,0,2,0,2.62601881264853e-15,3.30513364010798e-07,6,0
94,apv,boundary,wave,w*dz(u),0,-1,0,1,0,0,0,0,6
94,apv,boundary,wave,u*dx(v),0,-1,0,1,0,0,0,0,6
94,apv,boundary,wave,v*dy(v),0.000396505236580509,-1,0,2,0,2.75603673518447e-15,3.41491453792494e-07,6,0
94,apv,boundary,wave,w*dz(v),0,-1,0,1,0,0,0,0,6
94,apv,boundary,wave,u*dx(w),0,-1,0,1,0,0,0,0,6
94,apv,boundary,wave,v*dy(w),0,-1,0,1,0,0,0,0,6
94,apv,boundary,wave,w*dz(w),0,-1,0,1,0,0,0,0,6
94,apv,boundary,wave,u*dx(eta),0,-1,0,1,0,0,0,0,6
94,apv,boundary,wave,v*dy(eta),1.1654208259431e-05,-1,0,2,0,1.55136166866944e-14,3.23847392014187e-07,6,0
94,apv,boundary,wave,w*dz(eta),0,-1,0,1,0,0,0,0,6
94,apv,boundary,wave,w*eta*dlogN2,0,-1,0,1,0,0,0,0,6
94,boundary,apv,wave,u*dx(u),0,1,0,-1,0,0,0,0,6
94,boundary,apv,wave,v*dy(u),0.000476666033681265,2,0,-1,0,3.19476925836929e-15,3.06847080633332e-07,6,0
94,boundary,apv,wave,w*dz(u),0,1,0,-1,0,0,0,0,6
94,boundary,apv,wave,u*dx(v),0,1,0,-1,0,0,0,0,6
94,boundary,apv,wave,v*dy(v),0.000477905495211208,2,0,-1,0,3.37729574029839e-15,3.22624495486068e-07,6,0
94,boundary,apv,wave,w*dz(v),0,1,0,-1,0,0,0,0,6
94,boundary,apv,wave,u*dx(w),0,1,0,-1,0,0,0,0,6
94,boundary,apv,wave,v*dy(w),0,1,0,-1,0,0,0,0,6
94,boundary,apv,wave,w*dz(w),0,1,0,-1,0,0,0,0,6
94,boundary,apv,wave,u*dx(eta),0,1,0,-1,0,0,0,0,6
94,boundary,apv,wave,v*dy(eta),3.69007198057293e-05,2,0,1,0,4.5852210917019e-14,5.91101836477925e-07,6,0
94,boundary,apv,wave,w*dz(eta),0,1,0,-1,0,0,0,0,6
94,boundary,apv,wave,w*eta*dlogN2,0,1,0,-1,0,0,0,0,6
94,boundary,boundary,wave,u*dx(u),0,1,0,1,0,0,0,0,4
94,boundary,boundary,wave,v*dy(u),0.000493751384195259,1,0,2,0,2.3483839780347e-15,7.31569203438198e-07,4,0
94,boundary,boundary,wave,w*dz(u),0,1,0,1,0,0,0,0,4
94,boundary,boundary,wave,u*dx(v),0,1,0,1,0,0,0,0,4
94,boundary,boundary,wave,v*dy(v),0.000495063357242356,1,0,2,0,2.54834223204136e-15,9.31932923125988e-07,4,0
94,boundary,boundary,wave,w*dz(v),0,1,0,1,0,0,0,0,4
94,boundary,boundary,wave,u*dx(w),0,1,0,1,0,0,0,0,4
94,boundary,boundary,wave,v*dy(w),0,1,0,1,0,0,0,0,4
94,boundary,boundary,wave,w*dz(w),0,1,0,1,0,0,0,0,4
94,boundary,boundary,wave,u*dx(eta),0,1,0,1,0,0,0,0,4
94,boundary,boundary,wave,v*dy(eta),2.24884179922962e-05,2,0,1,0,6.51700915454967e-14,3.95766869054626e-07,4,0
94,boundary,boundary,wave,w*dz(eta),0,1,0,1,0,0,0,0,4
94,boundary,boundary,wave,w*eta*dlogN2,0,1,0,1,0,0,0,0,4
95,wave,wave,wave,u*dx(u),0.591603345189947,15,1,16,1,1.62903912581669e-10,3.9051654465716e-08,1024,0
95,wave,wave,wave,v*dy(u),0.591603345189947,15,1,16,1,1.62903912581669e-10,2.92975425031372e-08,1024,0
95,wave,wave,wave,w*dz(u),0.592027865250528,16,1,15,1,6.20184804756008e-06,0.000143966920864047,1024,0
95,wave,wave,wave,u*dx(v),0.592242104667397,15,1,16,1,1.62903690537064e-10,3.9054077416445e-08,1024,0
95,wave,wave,wave,v*dy(v),0.592242104667397,15,1,16,1,1.62903690537064e-10,2.92999653428438e-08,1024,0
95,wave,wave,wave,w*dz(v),0.59268429133431,16,1,15,1,6.20184804756008e-06,0.00014396691844043,1024,0
95,wave,wave,wave,u*dx(w),0.00123252128003714,16,1,16,1,5.82335291099412e-11,3.90620596979474e-08,1024,0
95,wave,wave,wave,v*dy(w),0.00123252128003714,16,1,16,1,5.82335291099412e-11,2.93079477353686e-08,1024,0
95,wave,wave,wave,w*dz(w),0.00123252107402424,16,1,16,1,5.82336401322436e-11,3.9062188372796e-08,1024,0
95,wave,wave,wave,u*dx(eta),0.0712952200944338,16,1,16,1,3.82777254337441e-10,2.92860676820439e-08,1024,0
95,wave,wave,wave,v*dy(eta),0.0712952200944338,16,1,16,1,3.82777143315138e-10,1.95319554974205e-08,1024,0
95,wave,wave,wave,w*dz(eta),0.0712951816899623,16,1,16,1,3.82776921270533e-10,2.92862031292529e-08,1024,0
95,wave,wave,wave,w*eta*dlogN2,0.0609356606278019,16,1,16,1,6.3069327538301e-11,2.92653250522079e-08,1024,0
95,wave,apv,wave,u*dx(u),0.00339065311703012,16,1,2,0,4.43159623669289e-14,3.20474270938081e-07,96,0
95,wave,apv,wave,v*dy(u),0.00339065311703039,16,1,2,0,4.40109855833943e-14,3.20474272930603e-07,96,0
95,wave,apv,wave,w*dz(u),0.00980413232632137,16,1,2,0,7.09876601945325e-13,4.83791095295949e-07,96,0
95,wave,apv,wave,u*dx(v),0.00340673332763653,16,1,2,0,4.47661250116212e-14,3.27204810717194e-07,96,0
95,wave,apv,wave,v*dy(v),0.00340673332763653,16,1,2,0,4.41009983565543e-14,3.27204812312381e-07,96,0
95,wave,apv,wave,w*dz(v),0.00981416742554065,16,1,2,0,7.096545573404e-13,4.83791095295949e-07,96,0
95,wave,apv,wave,u*dx(w),0,1,1,-1,0,0,0,0,96
95,wave,apv,wave,v*dy(w),0,1,1,-1,0,0,0,0,96
95,wave,apv,wave,w*dz(w),0,1,1,-1,0,0,0,0,96
95,wave,apv,wave,u*dx(eta),0.000887957309333633,16,1,2,0,6.54587495318992e-13,4.9737971685726e-07,96,0
95,wave,apv,wave,v*dy(eta),0.000887957309333645,16,1,2,0,6.54365450714067e-13,4.97383537578777e-07,96,0
95,wave,apv,wave,w*dz(eta),0.000364366919318606,16,1,2,0,7.65078556064225e-09,6.51733974788016e-07,96,0
95,wave,apv,wave,w*eta*dlogN2,0.00989248497137586,16,1,2,0,4.08562073062058e-13,4.88564767198163e-07,96,0
95,apv,wave,wave,u*dx(u),0,-1,0,1,1,0,0,0,96
95,apv,wave,wave,v*dy(u),0.00339066837337451,2,0,16,1,4.40339183730254e-14,3.20476108393936e-07,96,0
95,apv,wave,wave,w*dz(u),0,-1,0,1,1,0,0,0,96
95,apv,wave,wave,u*dx(v),0,-1,0,1,1,0,0,0,96
95,apv,wave,wave,v*dy(v),0.00340674864863211,2,0,16,1,4.44266547466078e-14,3.27206696511271e-07,96,0
95,apv,wave,wave,w*dz(v),0,-1,0,1,1,0,0,0,96
95,apv,wave,wave,u*dx(w),0,-1,0,1,1,0,0,0,96
95,apv,wave,wave,v*dy(w),6.11256771683914e-05,2,0,15,1,6.66133814775094e-16,2.22520933457204e-07,96,0
95,apv,wave,wave,w*dz(w),0,-1,0,1,1,0,0,0,96
95,apv,wave,wave,u*dx(eta),0,-1,0,1,1,0,0,0,96
95,apv,wave,wave,v*dy(eta),0.000365019706153653,2,0,16,1,1.24344978758018e-14,3.54988193852306e-07,96,0
95,apv,wave,wave,w*dz(eta),0,-1,0,1,1,0,0,0,96
95,apv,wave,wave,w*eta*dlogN2,0,-1,0,1,1,0,0,0,96
95,wave,boundary,wave,u*dx(u),0.00228680979242405,16,1,2,0,1.52782625953587e-14,1.2608838280465e-07,64,0
95,wave,boundary,wave,v*dy(u),0.00228680979242409,16,1,2,0,1.52190170680517e-14,1.26088369152877e-07,64,0
95,wave,boundary,wave,w*dz(u),0.00451591166816873,16,1,2,0,4.02701645765003e-13,2.13170777363381e-07,64,0
95,wave,boundary,wave,u*dx(v),0.00230624192795502,16,1,2,0,1.5362690717934e-14,1.34462562853763e-07,64,0
95,wave,boundary,wave,v*dy(v),0.00230624192795486,16,1,2,0,1.5060487339739e-14,1.34462547912748e-07,64,0
95,wave,boundary,wave,w*dz(v),0.00452071229134888,16,1,2,0,4.02984984196947e-13,2.20381369636398e-07,64,0
95,wave,boundary,wave,u*dx(w),0,1,1,1,0,0,0,0,64
95,wave,boundary,wave,v*dy(w),0,1,1,1,0,0,0,0,64
95,wave,boundary,wave,w*dz(w),0,1,1,1,0,0,0,0,64
95,wave,boundary,wave,u*dx(eta),0.000417163845846474,16,1,2,0,1.36224365121507e-13,1.55405703416989e-07,64,0
95,wave,boundary,wave,v*dy(eta),0.000417163845846447,16,1,2,0,1.36002320516582e-13,1.53564283844609e-07,64,0
95,wave,boundary,wave,w*dz(eta),0.000282693606589183,15,1,2,0,4.53216131290901e-10,1.01666896790142e-07,64,0
95,wave,boundary,wave,w*eta*dlogN2,0.0107582970904264,16,1,2,0,3.05866443284231e-13,2.13358371303762e-07,64,0
95,boundary,wave,wave,u*dx(u),0,1,0,1,1,0,0,0,64
95,boundary,wave,wave,v*dy(u),0.00203631641391255,2,0,16,1,1.27709217102287e-14,1.05599675380712e-07,64,0
95,boundary,wave,wave,w*dz(u),0,1,0,1,1,0,0,0,64
95,boundary,wave,wave,u*dx(v),0,1,0,1,1,0,0,0,64
95,boundary,wave,wave,v*dy(v),0.00205382734229066,2,0,16,1,1.29439172876795e-14,1.12803227494482e-07,64,0
95,boundary,wave,wave,w*dz(v),0,1,0,1,1,0,0,0,64
95,boundary,wave,wave,u*dx(w),0,1,0,1,1,0,0,0,64
95,boundary,wave,wave,v*dy(w),2.80827361133329e-05,2,0,15,1,8.88178419700125e-16,1.08902740825201e-07,64,0
95,boundary,wave,wave,w*dz(w),0,1,0,1,1,0,0,0,64
95,boundary,wave,wave,u*dx(eta),0,1,0,1,1,0,0,0,64
95,boundary,wave,wave,v*dy(eta),0.000255517628194495,2,0,15,1,2.99760216648792e-15,9.5684950518482e-08,64,0
95,boundary,wave,wave,w*dz(eta),0,1,0,1,1,0,0,0,64
95,boundary,wave,wave,w*eta*dlogN2,0,1,0,1,1,0,0,0,64
95,apv,boundary,wave,u*dx(u),0,-1,0,1,0,0,0,0,6
95,apv,boundary,wave,v*dy(u),0.000523954128665334,-1,0,2,0,3.92073923403369e-15,2.91042544287023e-07,6,0
95,apv,boundary,wave,w*dz(u),0,-1,0,1,0,0,0,0,6
95,apv,boundary,wave,u*dx(v),0,-1,0,1,0,0,0,0,6
95,apv,boundary,wave,v*dy(v),0.000524616817353971,-1,0,2,0,3.84926726833992e-15,2.91042544731113e-07,6,0
95,apv,boundary,wave,w*dz(v),0,-1,0,1,0,0,0,0,6
95,apv,boundary,wave,u*dx(w),0,-1,0,1,0,0,0,0,6
95,apv,boundary,wave,v*dy(w),0,-1,0,1,0,0,0,0,6
95,apv,boundary,wave,w*dz(w),0,-1,0,1,0,0,0,0,6
95,apv,boundary,wave,u*dx(eta),0,-1,0,1,0,0,0,0,6
95,apv,boundary,wave,v*dy(eta),1.88709830103827e-05,-1,0,2,0,3.49720252756924e-14,2.40172792320692e-07,6,0
95,apv,boundary,wave,w*dz(eta),0,-1,0,1,0,0,0,0,6
95,apv,boundary,wave,w*eta*dlogN2,0,-1,0,1,0,0,0,0,6
95,boundary,apv,wave,u*dx(u),0,1,0,-1,0,0,0,0,6
95,boundary,apv,wave,v*dy(u),0.000476671857086628,2,0,-1,0,3.59343560433668e-15,3.06847080633332e-07,6,0
95,boundary,apv,wave,w*dz(u),0,1,0,-1,0,0,0,0,6
95,boundary,apv,wave,u*dx(v),0,1,0,-1,0,0,0,0,6
95,boundary,apv,wave,v*dy(v),0.00047727559265088,2,0,-1,0,3.30193399897888e-15,3.06847081077422e-07,6,0
95,boundary,apv,wave,w*dz(v),0,1,0,-1,0,0,0,0,6
95,boundary,apv,wave,u*dx(w),0,1,0,-1,0,0,0,0,6
95,boundary,apv,wave,v*dy(w),0,1,0,-1,0,0,0,0,6
95,boundary,apv,wave,w*dz(w),0,1,0,-1,0,0,0,0,6
95,boundary,apv,wave,u*dx(eta),0,1,0,-1,0,0,0,0,6
95,boundary,apv,wave,v*dy(eta),4.45765651741042e-05,2,0,1,0,4.5852210917019e-14,5.91101836477925e-07,6,0
95,boundary,apv,wave,w*dz(eta),0,1,0,-1,0,0,0,0,6
95,boundary,apv,wave,w*eta*dlogN2,0,1,0,-1,0,0,0,0,6
95,boundary,boundary,wave,u*dx(u),0,1,0,1,0,0,0,0,4
95,boundary,boundary,wave,v*dy(u),0.00049735767495623,2,0,1,0,2.49627879536254e-15,5.53034544825692e-07,4,0
95,boundary,boundary,wave,w*dz(u),0,1,0,1,0,0,0,0,4
95,boundary,boundary,wave,u*dx(v),0,1,0,1,0,0,0,0,4
95,boundary,boundary,wave,v*dy(v),0.000497992827665556,2,0,1,0,2.42770010164931e-15,5.96587408196549e-07,4,0
95,boundary,boundary,wave,w*dz(v),0,1,0,1,0,0,0,0,4
95,boundary,boundary,wave,u*dx(w),0,1,0,1,0,0,0,0,4
95,boundary,boundary,wave,v*dy(w),0,1,0,1,0,0,0,0,4
95,boundary,boundary,wave,w*dz(w),0,1,0,1,0,0,0,0,4
95,boundary,boundary,wave,u*dx(eta),0,1,0,1,0,0,0,0,4
95,boundary,boundary,wave,v*dy(eta),3.60466974197177e-05,2,0,1,0,8.870681966755e-14,3.02299367087923e-07,4,0
95,boundary,boundary,wave,w*dz(eta),0,1,0,1,0,0,0,0,4
95,boundary,boundary,wave,w*eta*dlogN2,0,1,0,1,0,0,0,0,4
96,wave,wave,wave,u*dx(u),0.592907038640633,15,1,16,1,1.62909019607582e-10,3.90722652010567e-08,1024,0
96,wave,wave,wave,v*dy(u),0,1,1,1,1,0,0,0,1024
96,wave,wave,wave,w*dz(u),0.593366344340066,16,1,15,1,2.86753763454328e-05,0.000324328673664276,1024,0
96,wave,wave,wave,u*dx(v),0.592238404098479,15,1,16,1,1.62909019607582e-10,2.92964400516738e-08,1024,0
96,wave,wave,wave,v*dy(v),0,1,1,1,1,0,0,0,1024
96,wave,wave,wave,w*dz(v),0.592678653991163,16,1,15,1,2.86753763456549e-05,0.000324338452660555,1024,0
96,wave,wave,wave,u*dx(w),0.000716489874200817,16,1,16,1,5.82319747977067e-11,3.90796348614941e-08,1024,0
96,wave,wave,wave,v*dy(w),0,1,1,1,1,0,0,0,1024
96,wave,wave,wave,w*dz(w),0.000716489528954028,16,1,16,1,5.82317527531018e-11,3.90791204951668e-08,1024,0
96,wave,wave,wave,u*dx(eta),0.0416475471395921,16,1,16,1,3.82767040285614e-10,2.92982936800357e-08,1024,0
96,wave,wave,wave,v*dy(eta),0,1,1,1,1,0,0,0,1024
96,wave,wave,wave,w*dz(eta),0.0416474821770488,16,1,16,1,3.82766707218707e-10,2.92978310501013e-08,1024,0
96,wave,wave,wave,w*eta*dlogN2,0.0389126771810245,16,1,16,1,6.30686614044862e-11,2.92775602650508e-08,1024,0
96,wave,apv,wave,u*dx(u),0,1,1,-1,0,0,0,0,96
96,wave,apv,wave,v*dy(u),0,1,1,-1,0,0,0,0,96
96,wave,apv,wave,w*dz(u),0,1,1,-1,0,0,0,0,96
96,wave,apv,wave,u*dx(v),0.00339126515785608,16,1,2,0,4.40176475825756e-14,3.25437187036259e-07,96,0
96,wave,apv,wave,v*dy(v),0,1,1,-1,0,0,0,0,96
96,wave,apv,wave,w*dz(v),0.00981393989517208,16,1,2,0,7.096545573404e-13,4.83791095295949e-07,96,0
96,wave,apv,wave,u*dx(w),0,1,1,-1,0,0,0,0,96
96,wave,apv,wave,v*dy(w),0,1,1,-1,0,0,0,0,96
96,wave,apv,wave,w*dz(w),0,1,1,-1,0,0,0,0,96
96,wave,apv,wave,u*dx(eta),0.000536588426490655,16,1,2,0,6.54587495318992e-13,4.9737971685726e-07,96,0
96,wave,apv,wave,v*dy(eta),0,1,1,-1,0,0,0,0,96
96,wave,apv,wave,w*dz(eta),0.00023143507282571,16,1,2,0,7.65078556064225e-09,6.51733974788016e-07,96,0
96,wave,apv,wave,w*eta*dlogN2,0.0061377773945764,16,1,2,0,4.08562073062058e-13,4.88564767198163e-07,96,0
96,apv,wave,wave,u*dx(u),0,-1,0,1,1,0,0,0,96
96,apv,wave,wave,v*dy(u),0,-1,0,1,1,0,0,0,96
96,apv,wave,wave,w*dz(u),0,-1,0,1,1,0,0,0,96
96,apv,wave,wave,u*dx(v),0,-1,0,1,1,0,0,0,96
96,apv,wave,wave,v*dy(v),0,-1,0,1,1,0,0,0,96
96,apv,wave,wave,w*dz(v),0,-1,0,1,1,0,0,0,96
96,apv,wave,wave,u*dx(w),0,-1,0,1,1,0,0,0,96
96,apv,wave,wave,v*dy(w),0,-1,0,1,1,0,0,0,96
96,apv,wave,wave,w*dz(w),0,-1,0,1,1,0,0,0,96
96,apv,wave,wave,u*dx(eta),0,-1,0,1,1,0,0,0,96
96,apv,wave,wave,v*dy(eta),0,-1,0,1,1,0,0,0,96
96,apv,wave,wave,w*dz(eta),0,-1,0,1,1,0,0,0,96
96,apv,wave,wave,w*eta*dlogN2,0,-1,0,1,1,0,0,0,96
96,wave,boundary,wave,u*dx(u),0,1,1,1,0,0,0,0,64
96,wave,boundary,wave,v*dy(u),0,1,1,1,0,0,0,0,64
96,wave,boundary,wave,w*dz(u),0,1,1,1,0,0,0,0,64
96,wave,boundary,wave,u*dx(v),0.00277268101004384,16,1,2,0,2.08640390364401e-14,1.72987632837689e-07,64,0
96,wave,boundary,wave,v*dy(v),0,1,1,1,0,0,0,0,64
96,wave,boundary,wave,w*dz(v),0.00543772335582217,16,1,2,0,5.18775330868221e-13,4.02997116011328e-07,64,0
96,wave,boundary,wave,u*dx(w),0,1,1,1,0,0,0,0,64
96,wave,boundary,wave,v*dy(w),0,1,1,1,0,0,0,0,64
96,wave,boundary,wave,w*dz(w),0,1,1,1,0,0,0,0,64
96,wave,boundary,wave,u*dx(eta),0.000299353931748931,16,1,2,0,2.14162021450193e-13,3.24310606480971e-07,64,0
96,wave,boundary,wave,v*dy(eta),0,1,1,1,0,0,0,0,64
96,wave,boundary,wave,w*dz(eta),0.000216271702761686,15,1,2,0,9.57804946466467e-10,1.31249408674705e-07,64,0
96,wave,boundary,wave,w*eta*dlogN2,0.00546328617352735,16,1,2,0,3.0409008644483e-13,4.04922620433901e-07,64,0
96,boundary,wave,wave,u*dx(u),0,1,0,1,1,0,0,0,64
96,boundary,wave,wave,v*dy(u),0,1,0,1,1,0,0,0,64
96,boundary,wave,wave,w*dz(u),0,1,0,1,1,0,0,0,64
96,boundary,wave,wave,u*dx(v),0,1,0,1,1,0,0,0,64
96,boundary,wave,wave,v*dy(v),0,1,0,1,1,0,0,0,64
96,boundary,wave,wave,w*dz(v),0,1,0,1,1,0,0,0,64
96,boundary,wave,wave,u*dx(w),0,1,0,1,1,0,0,0,64
96,boundary,wave,wave,v*dy(w),0,1,0,1,1,0,0,0,64
96,boundary,wave,wave,w*dz(w),0,1,0,1,1,0,0,0,64
96,boundary,wave,wave,u*dx(eta),0,1,0,1,1,0,0,0,64
96,boundary,wave,wave,v*dy(eta),0,1,0,1,1,0,0,0,64
96,boundary,wave,wave,w*dz(eta),0,1,0,1,1,0,0,0,64
96,boundary,wave,wave,w*eta*dlogN2,0,1,0,1,1,0,0,0,64
96,apv,boundary,wave,u*dx(u),0,-1,0,1,0,0,0,0,6
96,apv,boundary,wave,v*dy(u),0,-1,0,1,0,0,0,0,6
96,apv,boundary,wave,w*dz(u),0,-1,0,1,0,0,0,0,6
96,apv,boundary,wave,u*dx(v),0,-1,0,1,0,0,0,0,6
96,apv,boundary,wave,v*dy(v),0,-1,0,1,0,0,0,0,6
96,apv,boundary,wave,w*dz(v),0,-1,0,1,0,0,0,0,6
96,apv,boundary,wave,u*dx(w),0,-1,0,1,0,0,0,0,6
96,apv,boundary,wave,v*dy(w),0,-1,0,1,0,0,0,0,6
96,apv,boundary,wave,w*dz(w),0,-1,0,1,0,0,0,0,6
96,apv,boundary,wave,u*dx(eta),0,-1,0,1,0,0,0,0,6
96,apv,boundary,wave,v*dy(eta),0,-1,0,1,0,0,0,0,6
96,apv,boundary,wave,w*dz(eta),0,-1,0,1,0,0,0,0,6
96,apv,boundary,wave,w*eta*dlogN2,0,-1,0,1,0,0,0,0,6
96,boundary,apv,wave,u*dx(u),0,1,0,-1,0,0,0,0,6
96,boundary,apv,wave,v*dy(u),0,1,0,-1,0,0,0,0,6
96,boundary,apv,wave,w*dz(u),0,1,0,-1,0,0,0,0,6
96,boundary,apv,wave,u*dx(v),0,1,0,-1,0,0,0,0,6
96,boundary,apv,wave,v*dy(v),0,1,0,-1,0,0,0,0,6
96,boundary,apv,wave,w*dz(v),0,1,0,-1,0,0,0,0,6
96,boundary,apv,wave,u*dx(w),0,1,0,-1,0,0,0,0,6
96,boundary,apv,wave,v*dy(w),0,1,0,-1,0,0,0,0,6
96,boundary,apv,wave,w*dz(w),0,1,0,-1,0,0,0,0,6
96,boundary,apv,wave,u*dx(eta),0,1,0,-1,0,0,0,0,6
96,boundary,apv,wave,v*dy(eta),0,1,0,-1,0,0,0,0,6
96,boundary,apv,wave,w*dz(eta),0,1,0,-1,0,0,0,0,6
96,boundary,apv,wave,w*eta*dlogN2,0,1,0,-1,0,0,0,0,6
96,boundary,boundary,wave,u*dx(u),0,1,0,1,0,0,0,0,4
96,boundary,boundary,wave,v*dy(u),0,1,0,1,0,0,0,0,4
96,boundary,boundary,wave,w*dz(u),0,1,0,1,0,0,0,0,4
96,boundary,boundary,wave,u*dx(v),0,1,0,1,0,0,0,0,4
96,boundary,boundary,wave,v*dy(v),0,1,0,1,0,0,0,0,4
96,boundary,boundary,wave,w*dz(v),0,1,0,1,0,0,0,0,4
96,boundary,boundary,wave,u*dx(w),0,1,0,1,0,0,0,0,4
96,boundary,boundary,wave,v*dy(w),0,1,0,1,0,0,0,0,4
96,boundary,boundary,wave,w*dz(w),0,1,0,1,0,0,0,0,4
96,boundary,boundary,wave,u*dx(eta),0,1,0,1,0,0,0,0,4
96,boundary,boundary,wave,v*dy(eta),0,1,0,1,0,0,0,0,4
96,boundary,boundary,wave,w*dz(eta),0,1,0,1,0,0,0,0,4
96,boundary,boundary,wave,w*eta*dlogN2,0,1,0,1,0,0,0,0,4
97,wave,wave,wave,u*dx(u),0.591603345189947,15,1,16,1,1.62903912581669e-10,3.9051654465716e-08,1024,0
97,wave,wave,wave,v*dy(u),0.591603345189947,15,1,16,1,1.62903912581669e-10,2.92975425031372e-08,1024,0
97,wave,wave,wave,w*dz(u),0.592027865250528,16,1,15,1,6.20184804756008e-06,0.000143966920864047,1024,0
97,wave,wave,wave,u*dx(v),0.592242104667397,15,1,16,1,1.62903690537064e-10,3.9054077416445e-08,1024,0
97,wave,wave,wave,v*dy(v),0.592242104667397,15,1,16,1,1.62903690537064e-10,2.92999653428438e-08,1024,0
97,wave,wave,wave,w*dz(v),0.59268429133431,16,1,15,1,6.20184804756008e-06,0.00014396691844043,1024,0
97,wave,wave,wave,u*dx(w),0.00123252128003714,16,1,16,1,5.82335291099412e-11,3.90620596979474e-08,1024,0
97,wave,wave,wave,v*dy(w),0.00123252128003714,16,1,16,1,5.82335291099412e-11,2.93079477353686e-08,1024,0
97,wave,wave,wave,w*dz(w),0.00123252107402424,16,1,16,1,5.82336401322436e-11,3.9062188372796e-08,1024,0
97,wave,wave,wave,u*dx(eta),0.0712952200944338,16,1,16,1,3.82777254337441e-10,2.92860676820439e-08,1024,0
97,wave,wave,wave,v*dy(eta),0.0712952200944338,16,1,16,1,3.82777143315138e-10,1.95319554974205e-08,1024,0
97,wave,wave,wave,w*dz(eta),0.0712951816899623,16,1,16,1,3.82776921270533e-10,2.92862031292529e-08,1024,0
97,wave,wave,wave,w*eta*dlogN2,0.0609356606278019,16,1,16,1,6.3069327538301e-11,2.92653250522079e-08,1024,0
97,wave,apv,wave,u*dx(u),0.00339065311703012,16,1,2,0,4.43159623669289e-14,3.20474270938081e-07,96,0
97,wave,apv,wave,v*dy(u),0.00339065311703039,16,1,2,0,4.40109855833943e-14,3.20474272930603e-07,96,0
97,wave,apv,wave,w*dz(u),0.00980413232632137,16,1,2,0,7.09876601945325e-13,4.83791095295949e-07,96,0
97,wave,apv,wave,u*dx(v),0.00340673332763653,16,1,2,0,4.47661250116212e-14,3.27204810717194e-07,96,0
97,wave,apv,wave,v*dy(v),0.00340673332763653,16,1,2,0,4.41009983565543e-14,3.27204812312381e-07,96,0
97,wave,apv,wave,w*dz(v),0.00981416742554065,16,1,2,0,7.096545573404e-13,4.83791095295949e-07,96,0
97,wave,apv,wave,u*dx(w),0,1,1,-1,0,0,0,0,96
97,wave,apv,wave,v*dy(w),0,1,1,-1,0,0,0,0,96
97,wave,apv,wave,w*dz(w),0,1,1,-1,0,0,0,0,96
97,wave,apv,wave,u*dx(eta),0.000887957309333633,16,1,2,0,6.54587495318992e-13,4.9737971685726e-07,96,0
97,wave,apv,wave,v*dy(eta),0.000887957309333645,16,1,2,0,6.54365450714067e-13,4.97383537578777e-07,96,0
97,wave,apv,wave,w*dz(eta),0.000364366919318606,16,1,2,0,7.65078556064225e-09,6.51733974788016e-07,96,0
97,wave,apv,wave,w*eta*dlogN2,0.00989248497137586,16,1,2,0,4.08562073062058e-13,4.88564767198163e-07,96,0
97,apv,wave,wave,u*dx(u),0,-1,0,1,1,0,0,0,96
97,apv,wave,wave,v*dy(u),0.00339066837337451,2,0,16,1,4.40339183730254e-14,3.20476108393936e-07,96,0
97,apv,wave,wave,w*dz(u),0,-1,0,1,1,0,0,0,96
97,apv,wave,wave,u*dx(v),0,-1,0,1,1,0,0,0,96
97,apv,wave,wave,v*dy(v),0.00340674864863211,2,0,16,1,4.44266547466078e-14,3.27206696511271e-07,96,0
97,apv,wave,wave,w*dz(v),0,-1,0,1,1,0,0,0,96
97,apv,wave,wave,u*dx(w),0,-1,0,1,1,0,0,0,96
97,apv,wave,wave,v*dy(w),6.11256771683914e-05,2,0,15,1,6.66133814775094e-16,2.22520933457204e-07,96,0
97,apv,wave,wave,w*dz(w),0,-1,0,1,1,0,0,0,96
97,apv,wave,wave,u*dx(eta),0,-1,0,1,1,0,0,0,96
97,apv,wave,wave,v*dy(eta),0.000365019706153653,2,0,16,1,1.24344978758018e-14,3.54988193852306e-07,96,0
97,apv,wave,wave,w*dz(eta),0,-1,0,1,1,0,0,0,96
97,apv,wave,wave,w*eta*dlogN2,0,-1,0,1,1,0,0,0,96
97,wave,boundary,wave,u*dx(u),0.00228680979242405,16,1,2,0,1.52782625953587e-14,1.2608838280465e-07,64,0
97,wave,boundary,wave,v*dy(u),0.00228680979242409,16,1,2,0,1.52190170680517e-14,1.26088369152877e-07,64,0
97,wave,boundary,wave,w*dz(u),0.00451591166816873,16,1,2,0,4.02701645765003e-13,2.13170777363381e-07,64,0
97,wave,boundary,wave,u*dx(v),0.00230624192795502,16,1,2,0,1.5362690717934e-14,1.34462562853763e-07,64,0
97,wave,boundary,wave,v*dy(v),0.00230624192795486,16,1,2,0,1.5060487339739e-14,1.34462547912748e-07,64,0
97,wave,boundary,wave,w*dz(v),0.00452071229134888,16,1,2,0,4.02984984196947e-13,2.20381369636398e-07,64,0
97,wave,boundary,wave,u*dx(w),0,1,1,1,0,0,0,0,64
97,wave,boundary,wave,v*dy(w),0,1,1,1,0,0,0,0,64
97,wave,boundary,wave,w*dz(w),0,1,1,1,0,0,0,0,64
97,wave,boundary,wave,u*dx(eta),0.000417163845846474,16,1,2,0,1.36224365121507e-13,1.55405703416989e-07,64,0
97,wave,boundary,wave,v*dy(eta),0.000417163845846447,16,1,2,0,1.36002320516582e-13,1.53564283844609e-07,64,0
97,wave,boundary,wave,w*dz(eta),0.000282693606589183,15,1,2,0,4.53216131290901e-10,1.01666896790142e-07,64,0
97,wave,boundary,wave,w*eta*dlogN2,0.0107582970904264,16,1,2,0,3.05866443284231e-13,2.13358371303762e-07,64,0
97,boundary,wave,wave,u*dx(u),0,1,0,1,1,0,0,0,64
97,boundary,wave,wave,v*dy(u),0.00203631641391255,2,0,16,1,1.27709217102287e-14,1.05599675380712e-07,64,0
97,boundary,wave,wave,w*dz(u),0,1,0,1,1,0,0,0,64
97,boundary,wave,wave,u*dx(v),0,1,0,1,1,0,0,0,64
97,boundary,wave,wave,v*dy(v),0.00205382734229066,2,0,16,1,1.29439172876795e-14,1.12803227494482e-07,64,0
97,boundary,wave,wave,w*dz(v),0,1,0,1,1,0,0,0,64
97,boundary,wave,wave,u*dx(w),0,1,0,1,1,0,0,0,64
97,boundary,wave,wave,v*dy(w),2.80827361133329e-05,2,0,15,1,8.88178419700125e-16,1.08902740825201e-07,64,0
97,boundary,wave,wave,w*dz(w),0,1,0,1,1,0,0,0,64
97,boundary,wave,wave,u*dx(eta),0,1,0,1,1,0,0,0,64
97,boundary,wave,wave,v*dy(eta),0.000255517628194495,2,0,15,1,2.99760216648792e-15,9.5684950518482e-08,64,0
97,boundary,wave,wave,w*dz(eta),0,1,0,1,1,0,0,0,64
97,boundary,wave,wave,w*eta*dlogN2,0,1,0,1,1,0,0,0,64
97,apv,boundary,wave,u*dx(u),0,-1,0,1,0,0,0,0,6
97,apv,boundary,wave,v*dy(u),0.000523954128665334,-1,0,2,0,3.92073923403369e-15,2.91042544287023e-07,6,0
97,apv,boundary,wave,w*dz(u),0,-1,0,1,0,0,0,0,6
97,apv,boundary,wave,u*dx(v),0,-1,0,1,0,0,0,0,6
97,apv,boundary,wave,v*dy(v),0.000524616817353971,-1,0,2,0,3.84926726833992e-15,2.91042544731113e-07,6,0
97,apv,boundary,wave,w*dz(v),0,-1,0,1,0,0,0,0,6
97,apv,boundary,wave,u*dx(w),0,-1,0,1,0,0,0,0,6
97,apv,boundary,wave,v*dy(w),0,-1,0,1,0,0,0,0,6
97,apv,boundary,wave,w*dz(w),0,-1,0,1,0,0,0,0,6
97,apv,boundary,wave,u*dx(eta),0,-1,0,1,0,0,0,0,6
97,apv,boundary,wave,v*dy(eta),1.88709830103827e-05,-1,0,2,0,3.49720252756924e-14,2.40172792320692e-07,6,0
97,apv,boundary,wave,w*dz(eta),0,-1,0,1,0,0,0,0,6
97,apv,boundary,wave,w*eta*dlogN2,0,-1,0,1,0,0,0,0,6
97,boundary,apv,wave,u*dx(u),0,1,0,-1,0,0,0,0,6
97,boundary,apv,wave,v*dy(u),0.000476671857086628,2,0,-1,0,3.59343560433668e-15,3.06847080633332e-07,6,0
97,boundary,apv,wave,w*dz(u),0,1,0,-1,0,0,0,0,6
97,boundary,apv,wave,u*dx(v),0,1,0,-1,0,0,0,0,6
97,boundary,apv,wave,v*dy(v),0.00047727559265088,2,0,-1,0,3.30193399897888e-15,3.06847081077422e-07,6,0
97,boundary,apv,wave,w*dz(v),0,1,0,-1,0,0,0,0,6
97,boundary,apv,wave,u*dx(w),0,1,0,-1,0,0,0,0,6
97,boundary,apv,wave,v*dy(w),0,1,0,-1,0,0,0,0,6
97,boundary,apv,wave,w*dz(w),0,1,0,-1,0,0,0,0,6
97,boundary,apv,wave,u*dx(eta),0,1,0,-1,0,0,0,0,6
97,boundary,apv,wave,v*dy(eta),4.45765651741042e-05,2,0,1,0,4.5852210917019e-14,5.91101836477925e-07,6,0
97,boundary,apv,wave,w*dz(eta),0,1,0,-1,0,0,0,0,6
97,boundary,apv,wave,w*eta*dlogN2,0,1,0,-1,0,0,0,0,6
97,boundary,boundary,wave,u*dx(u),0,1,0,1,0,0,0,0,4
97,boundary,boundary,wave,v*dy(u),0.00049735767495623,2,0,1,0,2.49627879536254e-15,5.53034544825692e-07,4,0
97,boundary,boundary,wave,w*dz(u),0,1,0,1,0,0,0,0,4
97,boundary,boundary,wave,u*dx(v),0,1,0,1,0,0,0,0,4
97,boundary,boundary,wave,v*dy(v),0.000497992827665556,2,0,1,0,2.42770010164931e-15,5.96587408196549e-07,4,0
97,boundary,boundary,wave,w*dz(v),0,1,0,1,0,0,0,0,4
97,boundary,boundary,wave,u*dx(w),0,1,0,1,0,0,0,0,4
97,boundary,boundary,wave,v*dy(w),0,1,0,1,0,0,0,0,4
97,boundary,boundary,wave,w*dz(w),0,1,0,1,0,0,0,0,4
97,boundary,boundary,wave,u*dx(eta),0,1,0,1,0,0,0,0,4
97,boundary,boundary,wave,v*dy(eta),3.60466974197177e-05,2,0,1,0,8.870681966755e-14,3.02299367087923e-07,4,0
97,boundary,boundary,wave,w*dz(eta),0,1,0,1,0,0,0,0,4
97,boundary,boundary,wave,w*eta*dlogN2,0,1,0,1,0,0,0,0,4
98,wave,wave,wave,u*dx(u),0,1,1,1,1,0,0,0,1024
98,wave,wave,wave,v*dy(u),0.591613157066139,15,1,16,1,1.62906577116928e-10,1.95283597070883e-08,1024,0
98,wave,wave,wave,w*dz(u),0.592037904465323,16,1,15,1,1.37418213486118e-05,0.000168932215671491,1024,0
98,wave,wave,wave,u*dx(v),0,1,1,1,1,0,0,0,1024
98,wave,wave,wave,v*dy(v),0.590263876160693,15,1,16,1,1.62906577116928e-10,2.92950473879117e-08,1024,0
98,wave,wave,wave,w*dz(v),0.590652016404357,16,1,15,1,1.37418213485008e-05,0.000168922447333797,1024,0
98,wave,wave,wave,u*dx(w),0,1,1,1,1,0,0,0,1024
98,wave,wave,wave,v*dy(w),0.00174855214095701,16,1,16,1,5.82329739984289e-11,2.93021997777032e-08,1024,0
98,wave,wave,wave,w*dz(w),0.00174855156711603,16,1,16,1,5.82328629761264e-11,3.90564074415067e-08,1024,0
98,wave,wave,wave,u*dx(eta),0,1,1,1,1,0,0,0,1024
98,wave,wave,wave,v*dy(eta),0.100575200440544,16,1,16,1,3.82771925266923e-10,1.95299384442293e-08,1024,0
98,wave,wave,wave,w*dz(eta),0.100575094469327,16,1,16,1,3.82771925266923e-10,2.9284283442621e-08,1024,0
98,wave,wave,wave,w*eta*dlogN2,0.080748418745829,16,1,16,1,6.3069327538301e-11,2.92633173248902e-08,1024,0
98,wave,apv,wave,u*dx(u),0,1,1,-1,0,0,0,0,96
98,wave,apv,wave,v*dy(u),0.00339997115043806,16,1,2,0,4.41861262994332e-14,3.22447311496291e-07,96,0
98,wave,apv,wave,w*dz(u),0.0098044355831604,16,1,2,0,7.09876601945325e-13,4.83791095295949e-07,96,0
98,wave,apv,wave,u*dx(v),0,1,1,-1,0,0,0,0,96
98,wave,apv,wave,v*dy(v),0,1,1,-1,0,0,0,0,96
98,wave,apv,wave,w*dz(v),0,1,1,-1,0,0,0,0,96
98,wave,apv,wave,u*dx(w),0,1,1,-1,0,0,0,0,96
98,wave,apv,wave,v*dy(w),0,1,1,-1,0,0,0,0,96
98,wave,apv,wave,w*dz(w),0,1,1,-1,0,0,0,0,96
98,wave,apv,wave,u*dx(eta),0,1,1,-1,0,0,0,0,96
98,wave,apv,wave,v*dy(eta),0.00122605257438017,16,1,2,0,6.54365450714067e-13,4.97383537578777e-07,96,0
98,wave,apv,wave,w*dz(eta),0.000487359720856239,16,1,2,0,7.65078556064225e-09,6.51733974788016e-07,96,0
98,wave,apv,wave,w*eta*dlogN2,0.0133977962604958,16,1,2,0,4.08562073062058e-13,4.88564767198163e-07,96,0
98,apv,wave,wave,u*dx(u),0,-1,0,1,1,0,0,0,96
98,apv,wave,wave,v*dy(u),0.00340000114239,2,0,16,1,4.4264235649497e-14,3.22450897682036e-07,96,0
98,apv,wave,wave,w*dz(u),0,-1,0,1,1,0,0,0,96
98,apv,wave,wave,u*dx(v),0,-1,0,1,1,0,0,0,96
98,apv,wave,wave,v*dy(v),0.00337556473654316,2,0,16,1,4.37036606460228e-14,3.12733279646947e-07,96,0
98,apv,wave,wave,w*dz(v),0,-1,0,1,1,0,0,0,96
98,apv,wave,wave,u*dx(w),0,-1,0,1,1,0,0,0,96
98,apv,wave,wave,v*dy(w),8.66787815564425e-05,2,0,15,1,9.99200722162641e-16,2.2249170483768e-07,96,0
98,apv,wave,wave,w*dz(w),0,-1,0,1,1,0,0,0,96
98,apv,wave,wave,u*dx(eta),0,-1,0,1,1,0,0,0,96
98,apv,wave,wave,v*dy(eta),0.000488291557161994,2,0,16,1,1.24344978758018e-14,3.90898981591328e-07,96,0
98,apv,wave,wave,w*dz(eta),0,-1,0,1,1,0,0,0,96
98,apv,wave,wave,w*eta*dlogN2,0,-1,0,1,1,0,0,0,96
98,wave,boundary,wave,u*dx(u),0,1,1,1,0,0,0,0,64
98,wave,boundary,wave,v*dy(u),0.00256273709857589,16,1,2,0,1.7618741379177e-14,1.54445085314468e-07,64,0
98,wave,boundary,wave,w*dz(u),0.00499809760321003,16,1,2,0,4.59199408459798e-13,2.84948982076649e-07,64,0
98,wave,boundary,wave,u*dx(v),0,1,1,1,0,0,0,0,64
98,wave,boundary,wave,v*dy(v),0,1,1,1,0,0,0,0,64
98,wave,boundary,wave,w*dz(v),0,1,1,1,0,0,0,0,64
98,wave,boundary,wave,u*dx(w),0,1,1,1,0,0,0,0,64
98,wave,boundary,wave,v*dy(w),0,1,1,1,0,0,0,0,64
98,wave,boundary,wave,w*dz(w),0,1,1,1,0,0,0,0,64
98,wave,boundary,wave,u*dx(eta),0,1,1,1,0,0,0,0,64
98,wave,boundary,wave,v*dy(eta),0.000635618225125722,16,1,2,0,1.70197189675036e-13,2.15514950552276e-07,64,0
98,wave,boundary,wave,w*dz(eta),0.000405001504646821,15,1,2,0,6.39953867676013e-10,1.21002814434945e-07,64,0
98,wave,boundary,wave,w*eta*dlogN2,0.0134445425297057,16,1,2,0,3.07642800123631e-13,2.85145346667903e-07,64,0
98,boundary,wave,wave,u*dx(u),0,1,0,1,1,0,0,0,64
98,boundary,wave,wave,v*dy(u),0.00204777915074011,2,0,16,1,1.29578152438577e-14,1.10740263680219e-07,64,0
98,boundary,wave,wave,w*dz(u),0,1,0,1,1,0,0,0,64
98,boundary,wave,wave,u*dx(v),0,1,0,1,1,0,0,0,64
98,boundary,wave,wave,v*dy(v),0.00202247107587379,2,0,16,1,1.27341289991213e-14,1.04717875260008e-07,64,0
98,boundary,wave,wave,w*dz(v),0,1,0,1,1,0,0,0,64
98,boundary,wave,wave,u*dx(w),0,1,0,1,1,0,0,0,64
98,boundary,wave,wave,v*dy(w),3.98254221761168e-05,2,0,15,1,4.44089209850063e-16,1.08896539230408e-07,64,0
98,boundary,wave,wave,w*dz(w),0,1,0,1,1,0,0,0,64
98,boundary,wave,wave,u*dx(eta),0,1,0,1,1,0,0,0,64
98,boundary,wave,wave,v*dy(eta),0.000333853237061303,2,0,15,1,3.10862446895044e-15,9.56819969921696e-08,64,0
98,boundary,wave,wave,w*dz(eta),0,1,0,1,1,0,0,0,64
98,boundary,wave,wave,w*eta*dlogN2,0,1,0,1,1,0,0,0,64
98,apv,boundary,wave,u*dx(u),0,-1,0,1,0,0,0,0,6
98,apv,boundary,wave,v*dy(u),0.000563882231781708,-1,0,2,0,4.77655537792051e-15,2.71792975237162e-07,6,0
98,apv,boundary,wave,w*dz(u),0,-1,0,1,0,0,0,0,6
98,apv,boundary,wave,u*dx(v),0,-1,0,1,0,0,0,0,6
98,apv,boundary,wave,v*dy(v),0,-1,0,1,0,0,0,0,6
98,apv,boundary,wave,w*dz(v),0,-1,0,1,0,0,0,0,6
98,apv,boundary,wave,u*dx(w),0,-1,0,1,0,0,0,0,6
98,apv,boundary,wave,v*dy(w),0,-1,0,1,0,0,0,0,6
98,apv,boundary,wave,w*dz(w),0,-1,0,1,0,0,0,0,6
98,apv,boundary,wave,u*dx(eta),0,-1,0,1,0,0,0,0,6
98,apv,boundary,wave,v*dy(eta),2.91591449222993e-05,-1,0,2,0,4.55191440096314e-14,2.73371327574878e-07,6,0
98,apv,boundary,wave,w*dz(eta),0,-1,0,1,0,0,0,0,6
98,apv,boundary,wave,w*eta*dlogN2,0,-1,0,1,0,0,0,0,6
98,boundary,apv,wave,u*dx(u),0,1,0,-1,0,0,0,0,6
98,boundary,apv,wave,v*dy(u),0.000476686594897989,2,0,-1,0,3.26867999284345e-15,3.06847080633332e-07,6,0
98,boundary,apv,wave,w*dz(u),0,1,0,-1,0,0,0,0,6
98,boundary,apv,wave,u*dx(v),0,1,0,-1,0,0,0,0,6
98,boundary,apv,wave,v*dy(v),0,1,0,-1,0,0,0,0,6
98,boundary,apv,wave,w*dz(v),0,1,0,-1,0,0,0,0,6
98,boundary,apv,wave,u*dx(w),0,1,0,-1,0,0,0,0,6
98,boundary,apv,wave,v*dy(w),0,1,0,-1,0,0,0,0,6
98,boundary,apv,wave,w*dz(w),0,1,0,-1,0,0,0,0,6
98,boundary,apv,wave,u*dx(eta),0,1,0,-1,0,0,0,0,6
98,boundary,apv,wave,v*dy(eta),6.1408063583666e-05,2,0,1,0,4.5852210917019e-14,5.91101836477925e-07,6,0
98,boundary,apv,wave,w*dz(eta),0,1,0,-1,0,0,0,0,6
98,boundary,apv,wave,w*eta*dlogN2,0,1,0,-1,0,0,0,0,6
98,boundary,boundary,wave,u*dx(u),0,1,0,1,0,0,0,0,4
98,boundary,boundary,wave,v*dy(u),0.000503431867445487,2,0,1,0,2.52029627077562e-15,4.53819537138401e-07,4,0
98,boundary,boundary,wave,w*dz(u),0,1,0,1,0,0,0,0,4
98,boundary,boundary,wave,u*dx(v),0,1,0,1,0,0,0,0,4
98,boundary,boundary,wave,v*dy(v),0,1,0,1,0,0,0,0,4
98,boundary,boundary,wave,w*dz(v),0,1,0,1,0,0,0,0,4
98,boundary,boundary,wave,u*dx(w),0,1,0,1,0,0,0,0,4
98,boundary,boundary,wave,v*dy(w),0,1,0,1,0,0,0,0,4
98,boundary,boundary,wave,w*dz(w),0,1,0,1,0,0,0,0,4
98,boundary,boundary,wave,u*dx(eta),0,1,0,1,0,0,0,0,4
98,boundary,boundary,wave,v*dy(eta),5.33856249956237e-05,2,0,1,0,8.85957973650875e-14,4.13761679042671e-07,4,0
98,boundary,boundary,wave,w*dz(eta),0,1,0,1,0,0,0,0,4
98,boundary,boundary,wave,w*eta*dlogN2,0,1,0,1,0,0,0,0,4
99,wave,wave,wave,u*dx(u),0,1,1,1,1,0,0,0,1024
99,wave,wave,wave,v*dy(u),0.591613157066139,15,1,16,1,1.62906577116928e-10,1.95283597070883e-08,1024,0
99,wave,wave,wave,w*dz(u),0.592037904465323,16,1,15,1,1.37418213486118e-05,0.000168932215671491,1024,0
99,wave,wave,wave,u*dx(v),0,1,1,1,1,0,0,0,1024
99,wave,wave,wave,v*dy(v),0.590263876160693,15,1,16,1,1.62906577116928e-10,2.92950473879117e-08,1024,0
99,wave,wave,wave,w*dz(v),0.590652016404357,16,1,15,1,1.37418213485008e-05,0.000168922447333797,1024,0
99,wave,wave,wave,u*dx(w),0,1,1,1,1,0,0,0,1024
99,wave,wave,wave,v*dy(w),0.00174855214095701,16,1,16,1,5.82329739984289e-11,2.93021997777032e-08,1024,0
99,wave,wave,wave,w*dz(w),0.00174855156711603,16,1,16,1,5.82328629761264e-11,3.90564074415067e-08,1024,0
99,wave,wave,wave,u*dx(eta),0,1,1,1,1,0,0,0,1024
99,wave,wave,wave,v*dy(eta),0.100575200440544,16,1,16,1,3.82771925266923e-10,1.95299384442293e-08,1024,0
99,wave,wave,wave,w*dz(eta),0.100575094469327,16,1,16,1,3.82771925266923e-10,2.9284283442621e-08,1024,0
99,wave,wave,wave,w*eta*dlogN2,0.080748418745829,16,1,16,1,6.3069327538301e-11,2.92633173248902e-08,1024,0
99,wave,apv,wave,u*dx(u),0,1,1,-1,0,0,0,0,96
99,wave,apv,wave,v*dy(u),0.00339997115043806,16,1,2,0,4.41861262994332e-14,3.22447311496291e-07,96,0
99,wave,apv,wave,w*dz(u),0.0098044355831604,16,1,2,0,7.09876601945325e-13,4.83791095295949e-07,96,0
99,wave,apv,wave,u*dx(v),0,1,1,-1,0,0,0,0,96
99,wave,apv,wave,v*dy(v),0,1,1,-1,0,0,0,0,96
99,wave,apv,wave,w*dz(v),0,1,1,-1,0,0,0,0,96
99,wave,apv,wave,u*dx(w),0,1,1,-1,0,0,0,0,96
99,wave,apv,wave,v*dy(w),0,1,1,-1,0,0,0,0,96
99,wave,apv,wave,w*dz(w),0,1,1,-1,0,0,0,0,96
99,wave,apv,wave,u*dx(eta),0,1,1,-1,0,0,0,0,96
99,wave,apv,wave,v*dy(eta),0.00122605257438017,16,1,2,0,6.54365450714067e-13,4.97383537578777e-07,96,0
99,wave,apv,wave,w*dz(eta),0.000487359720856239,16,1,2,0,7.65078556064225e-09,6.51733974788016e-07,96,0
99,wave,apv,wave,w*eta*dlogN2,0.0133977962604958,16,1,2,0,4.08562073062058e-13,4.88564767198163e-07,96,0
99,apv,wave,wave,u*dx(u),0,-1,0,1,1,0,0,0,96
99,apv,wave,wave,v*dy(u),0.00340000114239,2,0,16,1,4.4264235649497e-14,3.22450897682036e-07,96,0
99,apv,wave,wave,w*dz(u),0,-1,0,1,1,0,0,0,96
99,apv,wave,wave,u*dx(v),0,-1,0,1,1,0,0,0,96
99,apv,wave,wave,v*dy(v),0.00337556473654316,2,0,16,1,4.37036606460228e-14,3.12733279646947e-07,96,0
99,apv,wave,wave,w*dz(v),0,-1,0,1,1,0,0,0,96
99,apv,wave,wave,u*dx(w),0,-1,0,1,1,0,0,0,96
99,apv,wave,wave,v*dy(w),8.66787815564425e-05,2,0,15,1,9.99200722162641e-16,2.2249170483768e-07,96,0
99,apv,wave,wave,w*dz(w),0,-1,0,1,1,0,0,0,96
99,apv,wave,wave,u*dx(eta),0,-1,0,1,1,0,0,0,96
99,apv,wave,wave,v*dy(eta),0.000488291557161994,2,0,16,1,1.24344978758018e-14,3.90898981591328e-07,96,0
99,apv,wave,wave,w*dz(eta),0,-1,0,1,1,0,0,0,96
99,apv,wave,wave,w*eta*dlogN2,0,-1,0,1,1,0,0,0,96
99,wave,boundary,wave,u*dx(u),0,1,1,1,0,0,0,0,64
99,wave,boundary,wave,v*dy(u),0.00256273709857589,16,1,2,0,1.7618741379177e-14,1.54445085314468e-07,64,0
99,wave,boundary,wave,w*dz(u),0.00499809760321003,16,1,2,0,4.59199408459798e-13,2.84948982076649e-07,64,0
99,wave,boundary,wave,u*dx(v),0,1,1,1,0,0,0,0,64
99,wave,boundary,wave,v*dy(v),0,1,1,1,0,0,0,0,64
99,wave,boundary,wave,w*dz(v),0,1,1,1,0,0,0,0,64
99,wave,boundary,wave,u*dx(w),0,1,1,1,0,0,0,0,64
99,wave,boundary,wave,v*dy(w),0,1,1,1,0,0,0,0,64
99,wave,boundary,wave,w*dz(w),0,1,1,1,0,0,0,0,64
99,wave,boundary,wave,u*dx(eta),0,1,1,1,0,0,0,0,64
99,wave,boundary,wave,v*dy(eta),0.000635618225125722,16,1,2,0,1.70197189675036e-13,2.15514950552276e-07,64,0
99,wave,boundary,wave,w*dz(eta),0.000405001504646821,15,1,2,0,6.39953867676013e-10,1.21002814434945e-07,64,0
99,wave,boundary,wave,w*eta*dlogN2,0.0134445425297057,16,1,2,0,3.07642800123631e-13,2.85145346667903e-07,64,0
99,boundary,wave,wave,u*dx(u),0,1,0,1,1,0,0,0,64
99,boundary,wave,wave,v*dy(u),0.00204777915074011,2,0,16,1,1.29578152438577e-14,1.10740263680219e-07,64,0
99,boundary,wave,wave,w*dz(u),0,1,0,1,1,0,0,0,64
99,boundary,wave,wave,u*dx(v),0,1,0,1,1,0,0,0,64
99,boundary,wave,wave,v*dy(v),0.00202247107587379,2,0,16,1,1.27341289991213e-14,1.04717875260008e-07,64,0
99,boundary,wave,wave,w*dz(v),0,1,0,1,1,0,0,0,64
99,boundary,wave,wave,u*dx(w),0,1,0,1,1,0,0,0,64
99,boundary,wave,wave,v*dy(w),3.98254221761168e-05,2,0,15,1,4.44089209850063e-16,1.08896539230408e-07,64,0
99,boundary,wave,wave,w*dz(w),0,1,0,1,1,0,0,0,64
99,boundary,wave,wave,u*dx(eta),0,1,0,1,1,0,0,0,64
99,boundary,wave,wave,v*dy(eta),0.000333853237061303,2,0,15,1,3.10862446895044e-15,9.56819969921696e-08,64,0
99,boundary,wave,wave,w*dz(eta),0,1,0,1,1,0,0,0,64
99,boundary,wave,wave,w*eta*dlogN2,0,1,0,1,1,0,0,0,64
99,apv,boundary,wave,u*dx(u),0,-1,0,1,0,0,0,0,6
99,apv,boundary,wave,v*dy(u),0.000563882231781708,-1,0,2,0,4.77655537792051e-15,2.71792975237162e-07,6,0
99,apv,boundary,wave,w*dz(u),0,-1,0,1,0,0,0,0,6
99,apv,boundary,wave,u*dx(v),0,-1,0,1,0,0,0,0,6
99,apv,boundary,wave,v*dy(v),0,-1,0,1,0,0,0,0,6
99,apv,boundary,wave,w*dz(v),0,-1,0,1,0,0,0,0,6
99,apv,boundary,wave,u*dx(w),0,-1,0,1,0,0,0,0,6
99,apv,boundary,wave,v*dy(w),0,-1,0,1,0,0,0,0,6
99,apv,boundary,wave,w*dz(w),0,-1,0,1,0,0,0,0,6
99,apv,boundary,wave,u*dx(eta),0,-1,0,1,0,0,0,0,6
99,apv,boundary,wave,v*dy(eta),2.91591449222993e-05,-1,0,2,0,4.55191440096314e-14,2.73371327574878e-07,6,0
99,apv,boundary,wave,w*dz(eta),0,-1,0,1,0,0,0,0,6
99,apv,boundary,wave,w*eta*dlogN2,0,-1,0,1,0,0,0,0,6
99,boundary,apv,wave,u*dx(u),0,1,0,-1,0,0,0,0,6
99,boundary,apv,wave,v*dy(u),0.000476686594897989,2,0,-1,0,3.26867999284345e-15,3.06847080633332e-07,6,0
99,boundary,apv,wave,w*dz(u),0,1,0,-1,0,0,0,0,6
99,boundary,apv,wave,u*dx(v),0,1,0,-1,0,0,0,0,6
99,boundary,apv,wave,v*dy(v),0,1,0,-1,0,0,0,0,6
99,boundary,apv,wave,w*dz(v),0,1,0,-1,0,0,0,0,6
99,boundary,apv,wave,u*dx(w),0,1,0,-1,0,0,0,0,6
99,boundary,apv,wave,v*dy(w),0,1,0,-1,0,0,0,0,6
99,boundary,apv,wave,w*dz(w),0,1,0,-1,0,0,0,0,6
99,boundary,apv,wave,u*dx(eta),0,1,0,-1,0,0,0,0,6
99,boundary,apv,wave,v*dy(eta),6.1408063583666e-05,2,0,1,0,4.5852210917019e-14,5.91101836477925e-07,6,0
99,boundary,apv,wave,w*dz(eta),0,1,0,-1,0,0,0,0,6
99,boundary,apv,wave,w*eta*dlogN2,0,1,0,-1,0,0,0,0,6
99,boundary,boundary,wave,u*dx(u),0,1,0,1,0,0,0,0,4
99,boundary,boundary,wave,v*dy(u),0.000503431867445487,2,0,1,0,2.52029627077562e-15,4.53819537138401e-07,4,0
99,boundary,boundary,wave,w*dz(u),0,1,0,1,0,0,0,0,4
99,boundary,boundary,wave,u*dx(v),0,1,0,1,0,0,0,0,4
99,boundary,boundary,wave,v*dy(v),0,1,0,1,0,0,0,0,4
99,boundary,boundary,wave,w*dz(v),0,1,0,1,0,0,0,0,4
99,boundary,boundary,wave,u*dx(w),0,1,0,1,0,0,0,0,4
99,boundary,boundary,wave,v*dy(w),0,1,0,1,0,0,0,0,4
99,boundary,boundary,wave,w*dz(w),0,1,0,1,0,0,0,0,4
99,boundary,boundary,wave,u*dx(eta),0,1,0,1,0,0,0,0,4
99,boundary,boundary,wave,v*dy(eta),5.33856249956237e-05,2,0,1,0,8.85957973650875e-14,4.13761679042671e-07,4,0
99,boundary,boundary,wave,w*dz(eta),0,1,0,1,0,0,0,0,4
99,boundary,boundary,wave,w*eta*dlogN2,0,1,0,1,0,0,0,0,4
100,wave,wave,inertial,u*dx(u),0.00171411501807114,16,-1,14,1,1.62894586708262e-10,3.89917673704332e-08,1024,0
100,wave,wave,inertial,v*dy(u),0.00171411501807157,16,-1,14,1,1.62894808752867e-10,3.89904801778584e-08,1024,0
100,wave,wave,inertial,w*dz(u),0.00644518579843605,2,1,1,1,1.24243459931339e-06,2.88136265083061e-05,1024,0
100,wave,wave,inertial,u*dx(v),0.00171411501807128,14,1,16,1,1.62894364663657e-10,3.89904801778584e-08,1024,0
100,wave,wave,inertial,v*dy(v),0.00171411501807109,14,-1,16,1,1.62894586708262e-10,3.89891929852837e-08,1024,0
100,wave,wave,inertial,w*dz(v),0.006445185798436,2,1,1,1,1.24243459920237e-06,2.88136277952766e-05,1024,0
100,wave,wave,mda,u*dx(eta),0.00550303417488069,16,1,16,1,3.82803011511612e-10,1.17075287253669e-07,1024,0
100,wave,wave,mda,v*dy(eta),0.00550303417488072,16,1,16,1,3.82803011511612e-10,1.17075331983493e-07,1024,0
100,wave,wave,mda,w*dz(eta),0.00550303417488072,16,1,16,1,3.82802789467007e-10,1.2568264227035e-07,1024,0
100,wave,wave,mda,w*eta*dlogN2,0.0347274530894403,16,1,16,1,6.30711038951404e-11,2.92261852496978e-08,1024,0
100,wave,apv,inertial,u*dx(u),0.000633679345045936,16,1,1,0,1.53210777398272e-14,2.29537776598179e-07,96,0
100,wave,apv,inertial,v*dy(u),0.000633679345045954,16,1,1,0,1.57651669496772e-14,2.29537783914939e-07,96,0
100,wave,apv,inertial,w*dz(u),0.000406244145731233,15,1,2,0,7.09876601945325e-13,4.83779708737586e-07,96,0
100,wave,apv,inertial,u*dx(v),0.000633679345045945,16,1,1,0,1.53210777398272e-14,2.29537776874578e-07,96,0
100,wave,apv,inertial,v*dy(v),0.000633679345045926,16,1,1,0,1.55431223447522e-14,2.29537784040794e-07,96,0
100,wave,apv,inertial,w*dz(v),0.00040624414573127,15,1,2,0,7.09876601945325e-13,4.83779708626564e-07,96,0
100,wave,apv,mda,u*dx(eta),0.000298553929124155,16,1,2,0,6.16062756364499e-13,2.86326941161523e-07,96,0
100,wave,apv,mda,v*dy(eta),0.000298553929124619,16,1,2,0,6.16062756364499e-13,2.86326143576979e-07,96,0
100,wave,apv,mda,w*dz(eta),0.000254788483039469,3,1,-1,0,7.65084773313163e-09,0.00887346012292194,96,0
100,wave,apv,mda,w*eta*dlogN2,0.00455092144925419,16,1,2,0,4.08562073062058e-13,4.88552443500545e-07,96,0
100,apv,wave,inertial,u*dx(u),0.000633679345045948,1,0,16,1,1.53210777398272e-14,2.29537776602343e-07,96,0
100,apv,wave,inertial,v*dy(u),0.000633679345045921,1,0,16,1,1.55431223447522e-14,2.29537776629602e-07,96,0
100,apv,wave,inertial,w*dz(u),0,-1,0,1,1,0,0,0,96
100,apv,wave,inertial,u*dx(v),0.000633679345045922,1,0,16,1,1.55431223447522e-14,2.29537784057076e-07,96,0
100,apv,wave,inertial,v*dy(v),0.000633679345045907,1,0,16,1,1.55431223447522e-14,2.29537784043032e-07,96,0
100,apv,wave,inertial,w*dz(v),0,-1,0,1,1,0,0,0,96
100,apv,wave,mda,u*dx(eta),0.000216637502984683,1,0,15,1,1.26565424807268e-14,4.2848062319451e-07,96,0
100,apv,wave,mda,v*dy(eta),0.000216637502984664,1,0,15,1,1.25455201782643e-14,4.28480623150006e-07,96,0
100,apv,wave,mda,w*dz(eta),0,-1,0,1,1,0,0,0,96
100,apv,wave,mda,w*eta*dlogN2,0,-1,0,1,1,0,0,0,96
100,wave,boundary,inertial,u*dx(u),0.000381034446551968,16,1,2,0,3.13476982872236e-15,8.26407233756044e-08,64,0
100,wave,boundary,inertial,v*dy(u),0.000381034446551971,16,1,2,0,3.11266010043977e-15,8.26394361830296e-08,64,0
100,wave,boundary,inertial,w*dz(u),0.00015232548840843,15,1,2,0,1.08246744900953e-13,1.08163918821624e-07,64,0
100,wave,boundary,inertial,u*dx(v),0.000381034446551999,16,1,2,0,3.11676433342638e-15,8.2640723264582e-08,64,0
100,wave,boundary,inertial,v*dy(v),0.000381034446551932,16,1,2,0,3.14343571399017e-15,8.26394364050742e-08,64,0
100,wave,boundary,inertial,w*dz(v),0.00015232548840837,15,1,2,0,1.08024700296028e-13,1.08163918710602e-07,64,0
100,wave,boundary,mda,u*dx(eta),2.06787191408511e-05,16,1,2,0,9.02251041973409e-15,1.64731997376322e-07,64,0
100,wave,boundary,mda,v*dy(eta),2.06787191409113e-05,16,1,2,0,9.03196970445551e-15,1.64732048446581e-07,64,0
100,wave,boundary,mda,w*dz(eta),0.000138185468849969,15,1,2,0,1.95271132596986e-10,0.00311478407340478,64,0
100,wave,boundary,mda,w*eta*dlogN2,0.0061766592811433,16,1,2,0,2.85327317328665e-13,1.12330440060759e-07,64,0
100,boundary,wave,inertial,u*dx(u),0.000381034446551965,2,0,16,1,3.13439869950052e-15,8.26407234866267e-08,64,0
100,boundary,wave,inertial,v*dy(u),0.000381034446551946,2,0,16,1,3.14326500057283e-15,8.26407234866267e-08,64,0
100,boundary,wave,inertial,w*dz(u),0,1,0,1,1,0,0,0,64
100,boundary,wave,inertial,u*dx(v),0.000381034446551899,2,0,16,1,3.15114590348473e-15,8.26394362940519e-08,64,0
100,boundary,wave,inertial,v*dy(v),0.000381034446551895,2,0,16,1,3.14956881711556e-15,8.26394364050742e-08,64,0
100,boundary,wave,inertial,w*dz(v),0,1,0,1,1,0,0,0,64
100,boundary,wave,mda,u*dx(eta),0.000138428240779139,2,0,15,1,3.84352289298789e-15,5.08836458271305e-07,64,0
100,boundary,wave,mda,v*dy(eta),0.000138428240779025,2,0,15,1,4.07215391732248e-15,5.08836458239466e-07,64,0
100,boundary,wave,mda,w*dz(eta),0,1,0,1,1,0,0,0,64
100,boundary,wave,mda,w*eta*dlogN2,0,1,0,1,1,0,0,0,64
100,apv,boundary,inertial,u*dx(u),1.63686738164119e-05,2,0,2,0,8.76784349132253e-16,3.30513363788754e-07,6,0
100,apv,boundary,inertial,v*dy(u),1.63686738163991e-05,2,0,2,0,8.76381847443301e-16,3.30513364010798e-07,6,0
100,apv,boundary,inertial,w*dz(u),0,-1,0,1,0,0,0,0,6
100,apv,boundary,inertial,u*dx(v),1.63686738154332e-05,2,0,2,0,8.74437176366674e-16,3.30513364232843e-07,6,0
100,apv,boundary,inertial,v*dy(v),1.63686738154332e-05,2,0,2,0,7.89876761265669e-16,3.30513364232843e-07,6,0
100,apv,boundary,inertial,w*dz(v),0,-1,0,1,0,0,0,0,6
100,apv,boundary,mda,u*dx(eta),2.4442094701631e-06,2,0,1,0,4.64289732887365e-15,4.30115538823545e-07,6,0
100,apv,boundary,mda,v*dy(eta),2.44420947026192e-06,2,0,1,0,4.46574108139774e-15,4.30115538823545e-07,6,0
100,apv,boundary,mda,w*dz(eta),0,-1,0,1,0,0,0,0,6
100,apv,boundary,mda,w*eta*dlogN2,0,-1,0,1,0,0,0,0,6
100,boundary,apv,inertial,u*dx(u),1.63686738164261e-05,2,0,2,0,8.76784349132253e-16,3.30513363788754e-07,6,0
100,boundary,apv,inertial,v*dy(u),1.63686738164196e-05,2,0,2,0,7.82404124214996e-16,3.30513364010798e-07,6,0
100,boundary,apv,inertial,w*dz(u),0,1,0,-1,0,0,0,0,6
100,boundary,apv,inertial,u*dx(v),1.63686738154397e-05,2,0,2,0,9.6774281237846e-16,3.30513364232843e-07,6,0
100,boundary,apv,inertial,v*dy(v),1.63686738154397e-05,2,0,2,0,1.02404806209135e-15,3.30513364232843e-07,6,0
100,boundary,apv,inertial,w*dz(v),0,1,0,-1,0,0,0,0,6
100,boundary,apv,mda,u*dx(eta),1.0117299825744e-05,1,0,2,0,1.35447209004269e-14,3.47817728154922e-07,6,0
100,boundary,apv,mda,v*dy(eta),1.01172998256192e-05,1,0,2,0,1.35447209004269e-14,3.4781772860194e-07,6,0
100,boundary,apv,mda,w*dz(eta),0,1,0,-1,0,0,0,0,6
100,boundary,apv,mda,w*eta*dlogN2,0,1,0,-1,0,0,0,0,6
100,boundary,boundary,inertial,u*dx(u),1.68210320406266e-05,1,0,2,0,9.76925159087985e-16,8.65168623631618e-07,4,0
100,boundary,boundary,inertial,v*dy(u),1.68210320406688e-05,1,0,2,0,1.03660988037274e-15,8.65168623631618e-07,4,0
100,boundary,boundary,inertial,w*dz(u),0,1,0,1,0,0,0,0,4
100,boundary,boundary,inertial,u*dx(v),1.68210320407344e-05,1,0,2,0,3.43250990113741e-16,8.65168623853663e-07,4,0
100,boundary,boundary,inertial,v*dy(v),1.68210320407435e-05,1,0,2,0,3.77721166054438e-16,8.65168623631618e-07,4,0
100,boundary,boundary,inertial,w*dz(v),0,1,0,1,0,0,0,0,4
100,boundary,boundary,mda,u*dx(eta),3.33259935918556e-06,1,0,2,0,2.09832151654155e-14,2.30470169821526e-06,4,0
100,boundary,boundary,mda,v*dy(eta),3.33259935914946e-06,1,0,2,0,2.09832151654155e-14,2.30470169813477e-06,4,0
100,boundary,boundary,mda,w*dz(eta),0,1,0,1,0,0,0,0,4
100,boundary,boundary,mda,w*eta*dlogN2,0,1,0,1,0,0,0,0,4
101,wave,wave,wave,u*dx(u),0.591600597928692,15,1,16,1,1.62899693734175e-10,3.90066164923653e-08,1024,0
101,wave,wave,wave,v*dy(u),0,1,1,1,1,0,0,0,1024
101,wave,wave,wave,w*dz(u),0.592023916259353,16,1,15,1,3.48233084557226e-06,8.08144439312652e-05,1024,0
101,wave,wave,wave,u*dx(v),0.592907626133706,15,1,16,1,1.62899693734175e-10,2.92525045297864e-08,1024,0
101,wave,wave,wave,v*dy(v),0,1,1,1,1,0,0,0,1024
101,wave,wave,wave,w*dz(v),0.593367477514975,16,1,15,1,3.48233084568328e-06,8.08241988319303e-05,1024,0
101,wave,wave,wave,u*dx(w),0.00100301499748753,16,1,16,1,5.82365267121077e-11,3.90137393502243e-08,1024,0
101,wave,wave,wave,v*dy(w),0,1,1,1,1,0,0,0,1024
101,wave,wave,wave,w*dz(w),0.00100301468163391,16,1,16,1,5.82367487567126e-11,3.90141667860888e-08,1024,0
101,wave,wave,wave,u*dx(eta),0.0581498657287347,16,1,16,1,3.82792797459786e-10,2.92542380320171e-08,1024,0
101,wave,wave,wave,v*dy(eta),0,1,1,1,1,0,0,0,1024
101,wave,wave,wave,w*dz(eta),0.0581498066048947,16,1,16,1,3.82792797459786e-10,2.92545038194092e-08,1024,0
101,wave,wave,wave,w*eta*dlogN2,0.0515247771197634,16,1,16,1,6.30704377613256e-11,2.9233773957138e-08,1024,0
101,wave,apv,wave,u*dx(u),0,1,1,-1,0,0,0,0,96
101,wave,apv,wave,v*dy(u),0,1,1,-1,0,0,0,0,96
101,wave,apv,wave,w*dz(u),0,1,1,-1,0,0,0,0,96
101,wave,apv,wave,u*dx(v),0.00342341377257527,16,1,2,0,4.47863377369091e-14,3.34075210316652e-07,96,0
101,wave,apv,wave,v*dy(v),0,1,1,-1,0,0,0,0,96
101,wave,apv,wave,w*dz(v),0.00982461185395285,16,1,2,0,7.09876601945325e-13,4.84110826937688e-07,96,0
101,wave,apv,wave,u*dx(w),0,1,1,-1,0,0,0,0,96
101,wave,apv,wave,v*dy(w),0,1,1,-1,0,0,0,0,96
101,wave,apv,wave,w*dz(w),0,1,1,-1,0,0,0,0,96
101,wave,apv,wave,u*dx(eta),0.000733909914726895,16,1,2,0,6.54587495318992e-13,4.97377750430239e-07,96,0
101,wave,apv,wave,v*dy(eta),0,1,1,-1,0,0,0,0,96
101,wave,apv,wave,w*dz(eta),0.000307179461629746,16,1,2,0,7.65087948551013e-09,6.51734369583323e-07,96,0
101,wave,apv,wave,w*eta*dlogN2,0.00826520521098204,16,1,2,0,4.08562073062058e-13,4.8855244372259e-07,96,0
101,apv,wave,wave,u*dx(u),0.00338218808385989,2,0,16,1,4.46149828690578e-14,3.19289341949752e-07,96,0
101,apv,wave,wave,v*dy(u),0,-1,0,1,1,0,0,0,96
101,apv,wave,wave,w*dz(u),0,-1,0,1,1,0,0,0,96
101,apv,wave,wave,u*dx(v),0.00342344277325359,2,0,16,1,4.46565606766816e-14,3.34078836007598e-07,96,0
101,apv,wave,wave,v*dy(v),0,-1,0,1,1,0,0,0,96
101,apv,wave,wave,w*dz(v),0,-1,0,1,1,0,0,0,96
101,apv,wave,wave,u*dx(w),4.97510626480918e-05,2,0,15,1,1.22124532708767e-15,2.22590732956718e-07,96,0
101,apv,wave,wave,v*dy(w),0,-1,0,1,1,0,0,0,96
101,apv,wave,wave,w*dz(w),0,-1,0,1,1,0,0,0,96
101,apv,wave,wave,u*dx(eta),0.000307706272197415,2,0,16,1,1.24344978758018e-14,3.27645375273551e-07,96,0
101,apv,wave,wave,v*dy(eta),0,-1,0,1,1,0,0,0,96
101,apv,wave,wave,w*dz(eta),0,-1,0,1,1,0,0,0,96
101,apv,wave,wave,w*eta*dlogN2,0,-1,0,1,1,0,0,0,96
101,wave,boundary,wave,u*dx(u),0,1,1,1,0,0,0,0,64
101,wave,boundary,wave,v*dy(u),0,1,1,1,0,0,0,0,64
101,wave,boundary,wave,w*dz(u),0,1,1,1,0,0,0,0,64
101,wave,boundary,wave,u*dx(v),0.002071919500737,16,1,2,0,1.33781387931236e-14,1.19851109262449e-07,64,0
101,wave,boundary,wave,v*dy(v),0,1,1,1,0,0,0,0,64
101,wave,boundary,wave,w*dz(v),0.00406432832410609,16,1,2,0,3.51435566787225e-13,2.07573308975667e-07,64,0
101,wave,boundary,wave,u*dx(w),0,1,1,1,0,0,0,0,64
101,wave,boundary,wave,v*dy(w),0,1,1,1,0,0,0,0,64
101,wave,boundary,wave,w*dz(w),0,1,1,1,0,0,0,0,64
101,wave,boundary,wave,u*dx(eta),0.000310944568932175,16,1,2,0,1.0813572259849e-13,1.22199320995442e-07,64,0
101,wave,boundary,wave,v*dy(eta),0,1,1,1,0,0,0,0,64
101,wave,boundary,wave,w*dz(eta),0.000217453469319384,15,1,2,0,3.337095044742e-10,8.48120700336352e-08,64,0
101,wave,boundary,wave,w*eta*dlogN2,0.00963281289939276,16,1,2,0,3.0053737276603e-13,1.65730206669323e-07,64,0
101,boundary,wave,wave,u*dx(u),0.00163556993581558,2,0,16,1,1.06981456609645e-14,8.26513710805443e-08,64,0
101,boundary,wave,wave,v*dy(u),0,1,0,1,1,0,0,0,64
101,boundary,wave,wave,w*dz(u),0,1,0,1,1,0,0,0,64
101,boundary,wave,wave,u*dx(v),0.00167353820884925,2,0,16,1,1.1299089326622e-14,8.85202865563936e-08,64,0
101,boundary,wave,wave,v*dy(v),0,1,0,1,1,0,0,0,64
101,boundary,wave,wave,w*dz(v),0,1,0,1,1,0,0,0,64
101,boundary,wave,wave,u*dx(w),1.81812761983001e-05,2,0,15,1,4.44089209850063e-16,8.40650715705493e-08,64,0
101,boundary,wave,wave,v*dy(w),0,1,0,1,1,0,0,0,64
101,boundary,wave,wave,w*dz(w),0,1,0,1,1,0,0,0,64
101,boundary,wave,wave,u*dx(eta),0.000179032815242684,2,0,15,1,2.22044604925031e-15,7.28630237256667e-08,64,0
101,boundary,wave,wave,v*dy(eta),0,1,0,1,1,0,0,0,64
101,boundary,wave,wave,w*dz(eta),0,1,0,1,1,0,0,0,64
101,boundary,wave,wave,w*eta*dlogN2,0,1,0,1,1,0,0,0,64
101,apv,boundary,wave,u*dx(u),0,-1,0,1,0,0,0,0,6
101,apv,boundary,wave,v*dy(u),0,-1,0,1,0,0,0,0,6
101,apv,boundary,wave,w*dz(u),0,-1,0,1,0,0,0,0,6
101,apv,boundary,wave,u*dx(v),0.000477905495211243,-1,0,2,0,3.42114050375336e-15,3.22624495440637e-07,6,0
101,apv,boundary,wave,v*dy(v),0,-1,0,1,0,0,0,0,6
101,apv,boundary,wave,w*dz(v),0,-1,0,1,0,0,0,0,6
101,apv,boundary,wave,u*dx(w),0,-1,0,1,0,0,0,0,6
101,apv,boundary,wave,v*dy(w),0,-1,0,1,0,0,0,0,6
101,apv,boundary,wave,w*dz(w),0,-1,0,1,0,0,0,0,6
101,apv,boundary,wave,u*dx(eta),1.39403688804734e-05,-1,0,2,0,2.57571741713036e-14,2.72721889071903e-07,6,0
101,apv,boundary,wave,v*dy(eta),0,-1,0,1,0,0,0,0,6
101,apv,boundary,wave,w*dz(eta),0,-1,0,1,0,0,0,0,6
101,apv,boundary,wave,w*eta*dlogN2,0,-1,0,1,0,0,0,0,6
101,boundary,apv,wave,u*dx(u),0,1,0,-1,0,0,0,0,6
101,boundary,apv,wave,v*dy(u),0,1,0,-1,0,0,0,0,6
101,boundary,apv,wave,w*dz(u),0,1,0,-1,0,0,0,0,6
101,boundary,apv,wave,u*dx(v),0.000396505236580496,2,0,-1,0,2.80947693372753e-15,3.41491453798904e-07,6,0
101,boundary,apv,wave,v*dy(v),0,1,0,-1,0,0,0,0,6
101,boundary,apv,wave,w*dz(v),0,1,0,-1,0,0,0,0,6
101,boundary,apv,wave,u*dx(w),0,1,0,-1,0,0,0,0,6
101,boundary,apv,wave,v*dy(w),0,1,0,-1,0,0,0,0,6
101,boundary,apv,wave,w*dz(w),0,1,0,-1,0,0,0,0,6
101,boundary,apv,wave,u*dx(eta),3.66978344209738e-05,2,0,1,0,4.10782519111308e-14,5.7413481302504e-07,6,0
101,boundary,apv,wave,v*dy(eta),0,1,0,-1,0,0,0,0,6
101,boundary,apv,wave,w*dz(eta),0,1,0,-1,0,0,0,0,6
101,boundary,apv,wave,w*eta*dlogN2,0,1,0,-1,0,0,0,0,6
101,boundary,boundary,wave,u*dx(u),0,1,0,1,0,0,0,0,4
101,boundary,boundary,wave,v*dy(u),0,1,0,1,0,0,0,0,4
101,boundary,boundary,wave,w*dz(u),0,1,0,1,0,0,0,0,4
101,boundary,boundary,wave,u*dx(v),0.000495063357242374,2,0,1,0,2.57945687784608e-15,9.31932923123228e-07,4,0
101,boundary,boundary,wave,v*dy(v),0,1,0,1,0,0,0,0,4
101,boundary,boundary,wave,w*dz(v),0,1,0,1,0,0,0,0,4
101,boundary,boundary,wave,u*dx(w),0,1,0,1,0,0,0,0,4
101,boundary,boundary,wave,v*dy(w),0,1,0,1,0,0,0,0,4
101,boundary,boundary,wave,w*dz(w),0,1,0,1,0,0,0,0,4
101,boundary,boundary,wave,u*dx(eta),3.14451286840658e-05,2,0,1,0,1.04249942012302e-13,2.71833223357588e-07,4,0
101,boundary,boundary,wave,v*dy(eta),0,1,0,1,0,0,0,0,4
101,boundary,boundary,wave,w*dz(eta),0,1,0,1,0,0,0,0,4
101,boundary,boundary,wave,w*eta*dlogN2,0,1,0,1,0,0,0,0,4
102,wave,wave,wave,u*dx(u),0.592907775432422,15,1,16,1,1.6290213622483e-10,3.90368051217393e-08,1024,0
102,wave,wave,wave,v*dy(u),0.592907775432422,15,-1,16,1,1.62902358269434e-10,3.90355180401869e-08,1024,0
102,wave,wave,wave,w*dz(u),0.593366964085975,16,1,15,1,6.20212520785479e-06,0.000143971998159742,1024,0
102,wave,wave,wave,u*dx(v),0.592239138109327,15,-1,16,1,1.62902358269434e-10,3.90392282945129e-08,1024,0
102,wave,wave,wave,v*dy(v),0.592239138109327,15,-1,16,1,1.6290213622483e-10,3.90379412129604e-08,1024,0
102,wave,wave,wave,w*dz(v),0.592679270610804,16,1,15,1,6.20212520785479e-06,0.000143971995736347,1024,0
102,wave,wave,wave,u*dx(w),0.000716489024158508,16,1,16,1,5.82355275113855e-11,3.90471746047893e-08,1024,0
102,wave,wave,wave,v*dy(w),0.000716489024158508,16,1,16,1,5.82355275113855e-11,3.90458873011923e-08,1024,0
102,wave,wave,wave,w*dz(w),0.000716488678917944,16,1,16,1,5.82353054667806e-11,3.9047730937547e-08,1024,0
102,wave,wave,wave,u*dx(eta),0.0416476219871648,16,1,16,1,3.8278757941157e-10,2.92713671079525e-08,1024,0
102,wave,wave,wave,v*dy(eta),0.0416476219871648,16,1,16,1,3.82787357366965e-10,2.92700795823109e-08,1024,0
102,wave,wave,wave,w*dz(eta),0.0416475570244365,16,1,16,1,3.82787246344662e-10,2.92717680094867e-08,1024,0
102,wave,wave,wave,w*eta*dlogN2,0.0389124777595909,16,1,16,1,6.30701046944182e-11,2.92509081400993e-08,1024,0
102,wave,apv,wave,u*dx(u),0.00342345175986139,16,1,2,0,4.48082289378648e-14,3.34082240709994e-07,96,0
102,wave,apv,wave,v*dy(u),0.00342345175986146,16,1,2,0,4.45750231194346e-14,3.34082241150241e-07,96,0
102,wave,apv,wave,w*dz(u),0.00982460752506158,16,1,2,0,7.09876601945325e-13,4.84152197208607e-07,96,0
102,wave,apv,wave,u*dx(v),0.00339123638984862,16,1,2,0,4.45907470050407e-14,3.25433656220859e-07,96,0
102,wave,apv,wave,v*dy(v),0.0033912363898489,16,1,2,0,4.45927174683202e-14,3.2543365714957e-07,96,0
102,wave,apv,wave,w*dz(v),0.00981394646898368,16,1,2,0,7.09876601945325e-13,4.83779708626564e-07,96,0
102,wave,apv,wave,u*dx(w),0,1,1,-1,0,0,0,0,96
102,wave,apv,wave,v*dy(w),0,1,1,-1,0,0,0,0,96
102,wave,apv,wave,w*dz(w),0,1,1,-1,0,0,0,0,96
102,wave,apv,wave,u*dx(eta),0.000536588468713936,16,1,2,0,6.54587495318992e-13,4.97377750430239e-07,96,0
102,wave,apv,wave,v*dy(eta),0.000536588468713933,16,1,2,0,6.5447647301653e-13,4.97378586983288e-07,96,0
102,wave,apv,wave,w*dz(eta),0.000231436494102996,16,1,2,0,7.65087948551013e-09,6.51734369583323e-07,96,0
102,wave,apv,wave,w*eta*dlogN2,0.0061377564534578,16,1,2,0,4.08562073062058e-13,4.8855244372259e-07,96,0
102,apv,wave,wave,u*dx(u),0.00342349614907205,2,0,16,1,4.50216680339567e-14,3.34087801762221e-07,96,0
102,apv,wave,wave,v*dy(u),0.00342349614907213,2,0,16,1,4.50552549519693e-14,3.34087801705831e-07,96,0
102,apv,wave,wave,w*dz(u),0,-1,0,1,1,0,0,0,96
102,apv,wave,wave,u*dx(v),0.00339128042258421,2,0,16,1,4.4007153537615e-14,3.25439072189392e-07,96,0
102,apv,wave,wave,v*dy(v),0.00339128042258418,2,0,16,1,4.40732733914616e-14,3.25439072127357e-07,96,0
102,apv,wave,wave,w*dz(v),0,-1,0,1,1,0,0,0,96
102,apv,wave,wave,u*dx(w),3.5544010960376e-05,2,0,15,1,6.66133814775094e-16,2.22520933457204e-07,96,0
102,apv,wave,wave,v*dy(w),3.55440109603762e-05,2,0,15,1,6.66133814775094e-16,2.22520933457204e-07,96,0
102,apv,wave,wave,w*dz(w),0,-1,0,1,1,0,0,0,96
102,apv,wave,wave,u*dx(eta),0.000231807954542589,2,0,16,1,1.24344978758018e-14,2.75271238254066e-07,96,0
102,apv,wave,wave,v*dy(eta),0.000231807954542583,2,0,16,1,1.24344978758018e-14,2.75271238183814e-07,96,0
102,apv,wave,wave,w*dz(eta),0,-1,0,1,1,0,0,0,96
102,apv,wave,wave,w*eta*dlogN2,0,-1,0,1,1,0,0,0,96
102,wave,boundary,wave,u*dx(u),0.00232637441102947,16,1,2,0,1.53757999531016e-14,1.42680458469075e-07,64,0
102,wave,boundary,wave,v*dy(u),0.00232637441102941,16,1,2,0,1.53559283188435e-14,1.42680446868336e-07,64,0
102,wave,boundary,wave,w*dz(u),0.00452570666735426,16,1,2,0,4.0332918293135e-13,2.50977177084131e-07,64,0
102,wave,boundary,wave,u*dx(v),0.00228457760018697,16,1,2,0,1.53140721416187e-14,1.28742804634131e-07,64,0
102,wave,boundary,wave,v*dy(v),0.00228457760018717,16,1,2,0,1.54007603983292e-14,1.28742793908469e-07,64,0
102,wave,boundary,wave,w*dz(v),0.00452059476277777,16,1,2,0,4.02810655172666e-13,2.13169890850295e-07,64,0
102,wave,boundary,wave,u*dx(w),0,1,1,1,0,0,0,0,64
102,wave,boundary,wave,v*dy(w),0,1,1,1,0,0,0,0,64
102,wave,boundary,wave,w*dz(w),0,1,1,1,0,0,0,0,64
102,wave,boundary,wave,u*dx(eta),0.000252351701561205,16,1,2,0,1.36335387423969e-13,1.55368227838792e-07,64,0
102,wave,boundary,wave,v*dy(eta),0.000252351701561197,16,1,2,0,1.36335387423969e-13,1.55366940646218e-07,64,0
102,wave,boundary,wave,w*dz(eta),0.000184690164676632,15,1,2,0,4.5326520314859e-10,1.01666901897168e-07,64,0
102,wave,boundary,wave,w*eta*dlogN2,0.00666431218138485,16,1,2,0,3.05866443284231e-13,2.13359288125936e-07,64,0
102,boundary,wave,wave,u*dx(u),0.00167357670573056,2,0,16,1,1.11405598068895e-14,9.04031530656208e-08,64,0
102,boundary,wave,wave,v*dy(u),0.00167357670573063,2,0,16,1,1.11814891891998e-14,9.04031531977057e-08,64,0
102,boundary,wave,wave,w*dz(u),0,1,0,1,1,0,0,0,64
102,boundary,wave,wave,u*dx(v),0.00164269499624368,2,0,16,1,1.08997964898646e-14,8.26817665444679e-08,64,0
102,boundary,wave,wave,v*dy(v),0.0016426949962437,2,0,16,1,1.09007150099508e-14,8.26817664334456e-08,64,0
102,boundary,wave,wave,w*dz(v),0,1,0,1,1,0,0,0,64
102,boundary,wave,wave,u*dx(w),1.29890049292977e-05,2,0,15,1,6.66133814775094e-16,8.40983590544297e-08,64,0
102,boundary,wave,wave,v*dy(w),1.29890049292976e-05,2,0,15,1,4.44089209850063e-16,8.40983590544297e-08,64,0
102,boundary,wave,wave,w*dz(w),0,1,0,1,1,0,0,0,64
102,boundary,wave,wave,u*dx(eta),0.000137030519024821,2,0,15,1,2.22044604925031e-15,7.28797459048636e-08,64,0
102,boundary,wave,wave,v*dy(eta),0.000137030519024822,2,0,15,1,2.22044604925031e-15,7.28797457938413e-08,64,0
102,boundary,wave,wave,w*dz(eta),0,1,0,1,1,0,0,0,64
102,boundary,wave,wave,w*eta*dlogN2,0,1,0,1,1,0,0,0,64
102,apv,boundary,wave,u*dx(u),0.000525310166659016,-1,0,2,0,4.14765075805772e-15,3.09074029690237e-07,6,0
102,apv,boundary,wave,v*dy(u),0.000525310166659007,-1,0,2,0,4.13128995090329e-15,3.09074029742594e-07,6,0
102,apv,boundary,wave,w*dz(u),0,-1,0,1,0,0,0,0,6
102,apv,boundary,wave,u*dx(v),0.000524611882690339,-1,0,2,0,4.20472079683232e-15,2.91042544731113e-07,6,0
102,apv,boundary,wave,v*dy(v),0.000524611882690334,-1,0,2,0,4.13082188834119e-15,2.91042544731113e-07,6,0
102,apv,boundary,wave,w*dz(v),0,-1,0,1,0,0,0,0,6
102,apv,boundary,wave,u*dx(w),0,-1,0,1,0,0,0,0,6
102,apv,boundary,wave,v*dy(w),0,-1,0,1,0,0,0,0,6
102,apv,boundary,wave,w*dz(w),0,-1,0,1,0,0,0,0,6
102,apv,boundary,wave,u*dx(eta),1.10864658327739e-05,-1,0,2,0,3.50830475781549e-14,2.40172792320692e-07,6,0
102,apv,boundary,wave,v*dy(eta),1.10864658327881e-05,-1,0,2,0,3.49720252756924e-14,2.40172792320692e-07,6,0
102,apv,boundary,wave,w*dz(eta),0,-1,0,1,0,0,0,0,6
102,apv,boundary,wave,w*eta*dlogN2,0,-1,0,1,0,0,0,0,6
102,boundary,apv,wave,u*dx(u),0.000396506674744929,2,0,-1,0,2.71525653114339e-15,3.41594635407641e-07,6,0
102,boundary,apv,wave,v*dy(u),0.000396506674744896,2,0,-1,0,2.66059082897242e-15,3.4159463537642e-07,6,0
102,boundary,apv,wave,w*dz(u),0,1,0,-1,0,0,0,0,6
102,boundary,apv,wave,u*dx(v),0.000395977281960246,2,0,-1,0,2.57256613893971e-15,3.30513364232843e-07,6,0
102,boundary,apv,wave,v*dy(v),0.000395977281960277,2,0,-1,0,2.57093186562268e-15,3.30513364232843e-07,6,0
102,boundary,apv,wave,w*dz(v),0,1,0,-1,0,0,0,0,6
102,boundary,apv,wave,u*dx(w),0,1,0,-1,0,0,0,0,6
102,boundary,apv,wave,v*dy(w),0,1,0,-1,0,0,0,0,6
102,boundary,apv,wave,w*dz(w),0,1,0,-1,0,0,0,0,6
102,boundary,apv,wave,u*dx(eta),2.69215511562537e-05,2,0,1,0,4.10782519111308e-14,5.7413481302504e-07,6,0
102,boundary,apv,wave,v*dy(eta),2.69215511562552e-05,2,0,1,0,4.10782519111308e-14,5.7413481302504e-07,6,0
102,boundary,apv,wave,w*dz(eta),0,1,0,-1,0,0,0,0,6
102,boundary,apv,wave,w*eta*dlogN2,0,1,0,-1,0,0,0,0,6
102,boundary,boundary,wave,u*dx(u),0.000483436581946398,2,0,1,0,2.70410240132712e-15,7.60464614791054e-07,4,0
102,boundary,boundary,wave,v*dy(u),0.000483436581946363,2,0,1,0,2.73300374641206e-15,7.60464615001323e-07,4,0
102,boundary,boundary,wave,w*dz(u),0,1,0,1,0,0,0,0,4
102,boundary,boundary,wave,u*dx(v),0.000482780789345291,2,0,1,0,2.44991384017882e-15,6.31223163738426e-07,4,0
102,boundary,boundary,wave,v*dy(v),0.000482780789345208,2,0,1,0,2.44378154147823e-15,6.31223163516381e-07,4,0
102,boundary,boundary,wave,w*dz(v),0,1,0,1,0,0,0,0,4
102,boundary,boundary,wave,u*dx(w),0,1,0,1,0,0,0,0,4
102,boundary,boundary,wave,v*dy(w),0,1,0,1,0,0,0,0,4
102,boundary,boundary,wave,w*dz(w),0,1,0,1,0,0,0,0,4
102,boundary,boundary,wave,u*dx(eta),2.41035943803459e-05,2,0,1,0,9.98090499138016e-14,3.66895691605862e-07,4,0
102,boundary,boundary,wave,v*dy(eta),2.4103594380288e-05,2,0,1,0,9.95870053088765e-14,3.66895691716884e-07,4,0
102,boundary,boundary,wave,w*dz(eta),0,1,0,1,0,0,0,0,4
102,boundary,boundary,wave,w*eta*dlogN2,0,1,0,1,0,0,0,0,4
103,wave,wave,wave,u*dx(u),0.591604404045196,15,1,16,1,1.62907465295348e-10,3.90574153019685e-08,1024,0
103,wave,wave,wave,v*dy(u),0,1,1,1,1,0,0,0,1024
103,wave,wave,wave,w*dz(u),0.592026178039323,16,1,15,1,2.86757555509887e-05,0.000324344502903529,1024,0
103,wave,wave,wave,u*dx(v),0.592243164735675,15,1,16,1,1.62907465295348e-10,2.92815903746302e-08,1024,0
103,wave,wave,wave,v*dy(v),0,1,1,1,1,0,0,0,1024
103,wave,wave,wave,w*dz(v),0.592682602006717,16,1,15,1,2.86757555508776e-05,0.00032435428190003,1024,0
103,wave,wave,wave,u*dx(w),0.00123252166805,16,1,16,1,5.82337511545461e-11,3.90647495462915e-08,1024,0
103,wave,wave,wave,v*dy(w),0,1,1,1,1,0,0,0,1024
103,wave,wave,wave,w*dz(w),0.00123252068552706,16,1,16,1,5.82334180876387e-11,3.90646626158286e-08,1024,0
103,wave,wave,wave,u*dx(eta),0.07129529245919,16,1,16,1,3.82777476382046e-10,2.92835927728774e-08,1024,0
103,wave,wave,wave,v*dy(eta),0,1,1,1,1,0,0,0,1024
103,wave,wave,wave,w*dz(eta),0.0712951092994058,16,1,16,1,3.82776810248231e-10,2.92833960413574e-08,1024,0
103,wave,wave,wave,w*eta*dlogN2,0.0609356606340275,16,1,16,1,6.3069327538301e-11,2.92631434639645e-08,1024,0
103,wave,apv,wave,u*dx(u),0,1,1,-1,0,0,0,0,96
103,wave,apv,wave,v*dy(u),0,1,1,-1,0,0,0,0,96
103,wave,apv,wave,w*dz(u),0,1,1,-1,0,0,0,0,96
103,wave,apv,wave,u*dx(v),0.0034067044535835,16,1,2,0,4.4284834235006e-14,3.2720127859438e-07,96,0
103,wave,apv,wave,v*dy(v),0,1,1,-1,0,0,0,0,96
103,wave,apv,wave,w*dz(v),0.00981417401300677,16,1,2,0,7.09876601945325e-13,4.83779708626564e-07,96,0
103,wave,apv,wave,u*dx(w),0,1,1,-1,0,0,0,0,96
103,wave,apv,wave,v*dy(w),0,1,1,-1,0,0,0,0,96
103,wave,apv,wave,w*dz(w),0,1,1,-1,0,0,0,0,96
103,wave,apv,wave,u*dx(eta),0.000887957821128042,16,1,2,0,6.54587495318992e-13,4.97377750430239e-07,96,0
103,wave,apv,wave,v*dy(eta),0,1,1,-1,0,0,0,0,96
103,wave,apv,wave,w*dz(eta),0.000364369068064404,16,1,2,0,7.65087948551013e-09,6.51734369583323e-07,96,0
103,wave,apv,wave,w*eta*dlogN2,0.00989245776396795,16,1,2,0,4.08562073062058e-13,4.8855244372259e-07,96,0
103,apv,wave,wave,u*dx(u),0.00339069712583586,2,0,16,1,4.42206187573874e-14,3.20479574565035e-07,96,0
103,apv,wave,wave,v*dy(u),0,-1,0,1,1,0,0,0,96
103,apv,wave,wave,w*dz(u),0,-1,0,1,1,0,0,0,96
103,apv,wave,wave,u*dx(v),0.00340677752293252,2,0,16,1,4.45535883577723e-14,3.27210256524673e-07,96,0
103,apv,wave,wave,v*dy(v),0,-1,0,1,1,0,0,0,96
103,apv,wave,wave,w*dz(v),0,-1,0,1,1,0,0,0,96
103,apv,wave,wave,u*dx(w),6.11255912057824e-05,2,0,15,1,9.99200722162641e-16,2.22434809016292e-07,96,0
103,apv,wave,wave,v*dy(w),0,-1,0,1,1,0,0,0,96
103,apv,wave,wave,w*dz(w),0,-1,0,1,1,0,0,0,96
103,apv,wave,wave,u*dx(eta),0.0003650175553473,2,0,16,1,1.25455201782643e-14,3.5497364456534e-07,96,0
103,apv,wave,wave,v*dy(eta),0,-1,0,1,1,0,0,0,96
103,apv,wave,wave,w*dz(eta),0,-1,0,1,1,0,0,0,96
103,apv,wave,wave,w*eta*dlogN2,0,-1,0,1,1,0,0,0,96
103,wave,boundary,wave,u*dx(u),0,1,1,1,0,0,0,0,64
103,wave,boundary,wave,v*dy(u),0,1,1,1,0,0,0,0,64
103,wave,boundary,wave,w*dz(u),0,1,1,1,0,0,0,0,64
103,wave,boundary,wave,u*dx(v),0.00279857948594625,16,-1,2,0,2.11559251119189e-14,1.73114941909516e-07,64,0
103,wave,boundary,wave,v*dy(v),0,1,1,1,0,0,0,0,64
103,wave,boundary,wave,w*dz(v),0.0054379706566594,16,1,2,0,5.18856500594835e-13,4.02995599890765e-07,64,0
103,wave,boundary,wave,u*dx(w),0,1,1,1,0,0,0,0,64
103,wave,boundary,wave,v*dy(w),0,1,1,1,0,0,0,0,64
103,wave,boundary,wave,w*dz(w),0,1,1,1,0,0,0,0,64
103,wave,boundary,wave,u*dx(eta),0.000497833839374849,16,1,2,0,2.1405099914773e-13,3.243087562943e-07,64,0
103,wave,boundary,wave,v*dy(eta),0,1,1,1,0,0,0,0,64
103,wave,boundary,wave,w*dz(eta),0.000330422856776944,15,1,2,0,9.57863788286772e-10,1.31249577872694e-07,64,0
103,wave,boundary,wave,w*eta*dlogN2,0.00890266251837604,16,1,2,0,3.03979064142368e-13,4.04928464647902e-07,64,0
103,boundary,wave,wave,u*dx(u),0.00164426353055842,2,0,16,1,1.09123154121105e-14,8.26948869381283e-08,64,0
103,boundary,wave,wave,v*dy(u),0,1,0,1,1,0,0,0,64
103,boundary,wave,wave,w*dz(u),0,1,0,1,1,0,0,0,64
103,boundary,wave,wave,u*dx(v),0.00165866266056452,2,0,16,1,1.09250990836873e-14,8.31464237572164e-08,64,0
103,boundary,wave,wave,v*dy(v),0,1,0,1,1,0,0,0,64
103,boundary,wave,wave,w*dz(v),0,1,0,1,1,0,0,0,64
103,boundary,wave,wave,u*dx(w),2.23385454559755e-05,2,0,15,1,4.44089209850063e-16,8.41154805808486e-08,64,0
103,boundary,wave,wave,v*dy(w),0,1,0,1,1,0,0,0,64
103,boundary,wave,wave,w*dz(w),0,1,0,1,1,0,0,0,64
103,boundary,wave,wave,u*dx(eta),0.000209832705818076,2,0,15,1,2.1094237467878e-15,7.28910281022621e-08,64,0
103,boundary,wave,wave,v*dy(eta),0,1,0,1,1,0,0,0,64
103,boundary,wave,wave,w*dz(eta),0,1,0,1,1,0,0,0,64
103,boundary,wave,wave,w*eta*dlogN2,0,1,0,1,1,0,0,0,64
103,apv,boundary,wave,u*dx(u),0,-1,0,1,0,0,0,0,6
103,apv,boundary,wave,v*dy(u),0,-1,0,1,0,0,0,0,6
103,apv,boundary,wave,w*dz(u),0,-1,0,1,0,0,0,0,6
103,apv,boundary,wave,u*dx(v),0.000590158365386903,2,0,2,0,5.80229355497784e-15,2.67775430495831e-07,6,0
103,apv,boundary,wave,v*dy(v),0,-1,0,1,0,0,0,0,6
103,apv,boundary,wave,w*dz(v),0,-1,0,1,0,0,0,0,6
103,apv,boundary,wave,u*dx(w),0,-1,0,1,0,0,0,0,6
103,apv,boundary,wave,v*dy(w),0,-1,0,1,0,0,0,0,6
103,apv,boundary,wave,w*dz(w),0,-1,0,1,0,0,0,0,6
103,apv,boundary,wave,u*dx(eta),2.39283029349366e-05,2,0,2,0,5.6843418860808e-14,3.48750239131945e-07,6,0
103,apv,boundary,wave,v*dy(eta),0,-1,0,1,0,0,0,0,6
103,apv,boundary,wave,w*dz(eta),0,-1,0,1,0,0,0,0,6
103,apv,boundary,wave,w*eta*dlogN2,0,-1,0,1,0,0,0,0,6
103,boundary,apv,wave,u*dx(u),0,1,0,-1,0,0,0,0,6
103,boundary,apv,wave,v*dy(u),0,1,0,-1,0,0,0,0,6
103,boundary,apv,wave,w*dz(u),0,1,0,-1,0,0,0,0,6
103,boundary,apv,wave,u*dx(v),0.000395981005606497,2,0,-1,0,2.61282030343397e-15,3.30513364232843e-07,6,0
103,boundary,apv,wave,v*dy(v),0,1,0,-1,0,0,0,0,6
103,boundary,apv,wave,w*dz(v),0,1,0,-1,0,0,0,0,6
103,boundary,apv,wave,u*dx(w),0,1,0,-1,0,0,0,0,6
103,boundary,apv,wave,v*dy(w),0,1,0,-1,0,0,0,0,6
103,boundary,apv,wave,w*dz(w),0,1,0,-1,0,0,0,0,6
103,boundary,apv,wave,u*dx(eta),4.43148265404585e-05,2,0,1,0,4.10782519111308e-14,5.7413481302504e-07,6,0
103,boundary,apv,wave,v*dy(eta),0,1,0,-1,0,0,0,0,6
103,boundary,apv,wave,w*dz(eta),0,1,0,-1,0,0,0,0,6
103,boundary,apv,wave,w*eta*dlogN2,0,1,0,-1,0,0,0,0,6
103,boundary,boundary,wave,u*dx(u),0,1,0,1,0,0,0,0,4
103,boundary,boundary,wave,v*dy(u),0,1,0,1,0,0,0,0,4
103,boundary,boundary,wave,w*dz(u),0,1,0,1,0,0,0,0,4
103,boundary,boundary,wave,u*dx(v),0.000398758051645146,2,0,1,0,2.83873856794999e-15,3.11825912424624e-07,4,0
103,boundary,boundary,wave,v*dy(v),0,1,0,1,0,0,0,0,4
103,boundary,boundary,wave,w*dz(v),0,1,0,1,0,0,0,0,4
103,boundary,boundary,wave,u*dx(w),0,1,0,1,0,0,0,0,4
103,boundary,boundary,wave,v*dy(w),0,1,0,1,0,0,0,0,4
103,boundary,boundary,wave,w*dz(w),0,1,0,1,0,0,0,0,4
103,boundary,boundary,wave,u*dx(eta),4.25362728255854e-05,2,0,1,0,8.32667268468867e-14,6.57926760516681e-07,4,0
103,boundary,boundary,wave,v*dy(eta),0,1,0,1,0,0,0,0,4
103,boundary,boundary,wave,w*dz(eta),0,1,0,1,0,0,0,0,4
103,boundary,boundary,wave,w*eta*dlogN2,0,1,0,1,0,0,0,0,4
104,wave,wave,wave,u*dx(u),0,1,1,1,1,0,0,0,1024
104,wave,wave,wave,v*dy(u),0.592907660756006,15,1,16,1,1.62905022804694e-10,2.92663355772049e-08,1024,0
104,wave,wave,wave,w*dz(u),0.593366062732564,16,1,15,1,1.37419344236056e-05,0.000168929676030327,1024,0
104,wave,wave,wave,u*dx(v),0,1,1,1,1,0,0,0,1024
104,wave,wave,wave,v*dy(v),0.590251816639646,15,1,16,1,1.62904800760089e-10,3.9033023147006e-08,1024,0
104,wave,wave,wave,w*dz(v),0.590637347413935,16,1,15,1,1.37419344234946e-05,0.000168919907692411,1024,0
104,wave,wave,wave,u*dx(w),0,1,1,1,1,0,0,0,1024
104,wave,wave,wave,v*dy(w),0.0014326699801559,16,1,16,1,5.82348613775707e-11,3.90401400096607e-08,1024,0
104,wave,wave,wave,w*dz(w),0.00143266905882691,16,1,16,1,5.82345283106633e-11,3.90419498952355e-08,1024,0
104,wave,wave,wave,u*dx(eta),0,1,1,1,1,0,0,0,1024
104,wave,wave,wave,v*dy(eta),0.0827006983302952,16,1,16,1,3.82782139318749e-10,2.92680629732089e-08,1024,0
104,wave,wave,wave,w*dz(eta),0.0827005271922261,16,1,16,1,3.82781695229539e-10,2.92698483228548e-08,1024,0
104,wave,wave,wave,w*eta*dlogN2,0.0688053530336887,16,1,16,1,6.30698826498133e-11,2.92489006348262e-08,1024,0
104,wave,apv,wave,u*dx(u),0,1,1,-1,0,0,0,0,96
104,wave,apv,wave,v*dy(u),0.00342333313616875,16,1,2,0,4.48764579078004e-14,3.34060481432716e-07,96,0
104,wave,apv,wave,w*dz(u),0.00982462105283406,16,1,2,0,7.09876601945325e-13,4.84022761716084e-07,96,0
104,wave,apv,wave,u*dx(v),0,1,1,-1,0,0,0,0,96
104,wave,apv,wave,v*dy(v),0,1,1,-1,0,0,0,0,96
104,wave,apv,wave,w*dz(v),0,1,1,-1,0,0,0,0,96
104,wave,apv,wave,u*dx(w),0,1,1,-1,0,0,0,0,96
104,wave,apv,wave,v*dy(w),0,1,1,-1,0,0,0,0,96
104,wave,apv,wave,w*dz(w),0,1,1,-1,0,0,0,0,96
104,wave,apv,wave,u*dx(eta),0,1,1,-1,0,0,0,0,96
104,wave,apv,wave,v*dy(eta),0.00102027375035239,16,1,2,0,6.5447647301653e-13,4.97378586983288e-07,96,0
104,wave,apv,wave,w*dz(eta),0.000412769069433228,16,1,2,0,7.65087948551013e-09,6.51734369583323e-07,96,0
104,wave,apv,wave,w*eta*dlogN2,0.0112734067305033,16,1,2,0,4.08562073062058e-13,4.8855244372259e-07,96,0
104,apv,wave,wave,u*dx(u),0,-1,0,1,1,0,0,0,96
104,apv,wave,wave,v*dy(u),0.00342339232039732,2,0,16,1,4.45225425585655e-14,3.34067867913234e-07,96,0
104,apv,wave,wave,w*dz(u),0,-1,0,1,1,0,0,0,96
104,apv,wave,wave,u*dx(v),0,-1,0,1,1,0,0,0,96
104,apv,wave,wave,v*dy(v),0.00336583262587126,2,0,16,1,4.33737206436903e-14,3.12550309005575e-07,96,0
104,apv,wave,wave,w*dz(v),0,-1,0,1,1,0,0,0,96
104,apv,wave,wave,u*dx(w),0,-1,0,1,1,0,0,0,96
104,apv,wave,wave,v*dy(w),7.10407618793408e-05,2,0,15,1,9.99200722162641e-16,2.2249170483768e-07,96,0
104,apv,wave,wave,w*dz(w),0,-1,0,1,1,0,0,0,96
104,apv,wave,wave,u*dx(eta),0,-1,0,1,1,0,0,0,96
104,apv,wave,wave,v*dy(eta),0.000413527389227442,2,0,16,1,1.24344978758018e-14,3.72067340946612e-07,96,0
104,apv,wave,wave,w*dz(eta),0,-1,0,1,1,0,0,0,96
104,apv,wave,wave,w*eta*dlogN2,0,-1,0,1,1,0,0,0,96
104,wave,boundary,wave,u*dx(u),0,1,1,1,0,0,0,0,64
104,wave,boundary,wave,v*dy(u),0.00259210806808904,16,1,2,0,1.79245194470678e-14,1.70569909071268e-07,64,0
104,wave,boundary,wave,w*dz(u),0.00500885344720588,16,1,2,0,4.60124106483145e-13,3.15945533594666e-07,64,0
104,wave,boundary,wave,u*dx(v),0,1,1,1,0,0,0,0,64
104,wave,boundary,wave,v*dy(v),0,1,1,1,0,0,0,0,64
104,wave,boundary,wave,w*dz(v),0,1,1,1,0,0,0,0,64
104,wave,boundary,wave,u*dx(w),0,1,1,1,0,0,0,0,64
104,wave,boundary,wave,v*dy(w),0,1,1,1,0,0,0,0,64
104,wave,boundary,wave,w*dz(w),0,1,1,1,0,0,0,0,64
104,wave,boundary,wave,u*dx(eta),0,1,1,1,0,0,0,0,64
104,wave,boundary,wave,v*dy(eta),0.000528808325474088,16,1,2,0,1.70308211977499e-13,2.15514016410623e-07,64,0
104,wave,boundary,wave,w*dz(eta),0.000347931301126566,15,1,2,0,6.39997166373973e-10,1.21002882602639e-07,64,0
104,wave,boundary,wave,w*eta*dlogN2,0.0112898549555324,16,1,2,0,3.07531777821168e-13,2.85148780920785e-07,64,0
104,boundary,wave,wave,u*dx(u),0,1,0,1,1,0,0,0,64
104,boundary,wave,wave,v*dy(u),0.00167348966774942,2,0,16,1,1.09324636096937e-14,8.85089837045357e-08,64,0
104,boundary,wave,wave,w*dz(u),0,1,0,1,1,0,0,0,64
104,boundary,wave,wave,u*dx(v),0,1,0,1,1,0,0,0,64
104,boundary,wave,wave,v*dy(v),0.00162301437283378,2,0,16,1,1.07408606871164e-14,8.26744941395674e-08,64,0
104,boundary,wave,wave,w*dz(v),0,1,0,1,1,0,0,0,64
104,boundary,wave,wave,u*dx(w),0,1,0,1,1,0,0,0,64
104,boundary,wave,wave,v*dy(w),2.59628807410963e-05,2,0,15,1,4.44089209850063e-16,8.40924526679387e-08,64,0
104,boundary,wave,wave,w*dz(w),0,1,0,1,1,0,0,0,64
104,boundary,wave,wave,u*dx(eta),0,1,0,1,1,0,0,0,64
104,boundary,wave,wave,v*dy(eta),0.000235424731446125,2,0,15,1,2.22044604925031e-15,7.28773247304915e-08,64,0
104,boundary,wave,wave,w*dz(eta),0,1,0,1,1,0,0,0,64
104,boundary,wave,wave,w*eta*dlogN2,0,1,0,1,1,0,0,0,64
104,apv,boundary,wave,u*dx(u),0,-1,0,1,0,0,0,0,6
104,apv,boundary,wave,v*dy(u),0.000565314971358391,-1,0,2,0,4.70509078922101e-15,2.8838749424715e-07,6,0
104,apv,boundary,wave,w*dz(u),0,-1,0,1,0,0,0,0,6
104,apv,boundary,wave,u*dx(v),0,-1,0,1,0,0,0,0,6
104,apv,boundary,wave,v*dy(v),0,-1,0,1,0,0,0,0,6
104,apv,boundary,wave,w*dz(v),0,-1,0,1,0,0,0,0,6
104,apv,boundary,wave,u*dx(w),0,-1,0,1,0,0,0,0,6
104,apv,boundary,wave,v*dy(w),0,-1,0,1,0,0,0,0,6
104,apv,boundary,wave,w*dz(w),0,-1,0,1,0,0,0,0,6
104,apv,boundary,wave,u*dx(eta),0,-1,0,1,0,0,0,0,6
104,apv,boundary,wave,v*dy(eta),2.40702938435723e-05,-1,0,2,0,4.55191440096314e-14,2.73371327574878e-07,6,0
104,apv,boundary,wave,w*dz(eta),0,-1,0,1,0,0,0,0,6
104,apv,boundary,wave,w*eta*dlogN2,0,-1,0,1,0,0,0,0,6
104,boundary,apv,wave,u*dx(u),0,1,0,-1,0,0,0,0,6
104,boundary,apv,wave,v*dy(u),0.000396502180586161,2,0,-1,0,2.72086748564583e-15,3.41272126496652e-07,6,0
104,boundary,apv,wave,w*dz(u),0,1,0,-1,0,0,0,0,6
104,boundary,apv,wave,u*dx(v),0,1,0,-1,0,0,0,0,6
104,boundary,apv,wave,v*dy(v),0,1,0,-1,0,0,0,0,6
104,boundary,apv,wave,w*dz(v),0,1,0,-1,0,0,0,0,6
104,boundary,apv,wave,u*dx(w),0,1,0,-1,0,0,0,0,6
104,boundary,apv,wave,v*dy(w),0,1,0,-1,0,0,0,0,6
104,boundary,apv,wave,w*dz(w),0,1,0,-1,0,0,0,0,6
104,boundary,apv,wave,u*dx(eta),0,1,0,-1,0,0,0,0,6
104,boundary,apv,wave,v*dy(eta),5.08544293041383e-05,2,0,1,0,4.10782519111308e-14,5.7413481302504e-07,6,0
104,boundary,apv,wave,w*dz(eta),0,1,0,-1,0,0,0,0,6
104,boundary,apv,wave,w*eta*dlogN2,0,1,0,-1,0,0,0,0,6
104,boundary,boundary,wave,u*dx(u),0,1,0,1,0,0,0,0,4
104,boundary,boundary,wave,v*dy(u),0.000449382957529901,2,0,1,0,2.60924280809554e-15,5.57023332025563e-07,4,0
104,boundary,boundary,wave,w*dz(u),0,1,0,1,0,0,0,0,4
104,boundary,boundary,wave,u*dx(v),0,1,0,1,0,0,0,0,4
104,boundary,boundary,wave,v*dy(v),0,1,0,1,0,0,0,0,4
104,boundary,boundary,wave,w*dz(v),0,1,0,1,0,0,0,0,4
104,boundary,boundary,wave,u*dx(w),0,1,0,1,0,0,0,0,4
104,boundary,boundary,wave,v*dy(w),0,1,0,1,0,0,0,0,4
104,boundary,boundary,wave,w*dz(w),0,1,0,1,0,0,0,0,4
104,boundary,boundary,wave,u*dx(eta),0,1,0,1,0,0,0,0,4
104,boundary,boundary,wave,v*dy(eta),4.76912843565286e-05,2,0,1,0,9.2148511043888e-14,5.05004714157486e-07,4,0
104,boundary,boundary,wave,w*dz(eta),0,1,0,1,0,0,0,0,4
104,boundary,boundary,wave,w*eta*dlogN2,0,1,0,1,0,0,0,0,4
