interaction,inputA,inputB,output,channel,error,modeA,signA,modeB,signB,referenceStability,eigenProductStability,productCount,zeroProductCount
27,wave,wave,wave,u*dx(u),1.02501618211637e-05,15,1,16,1,1.89398573110615e-15,1.20556120641879e-10,640,0
27,wave,wave,wave,v*dy(u),0,1,1,1,1,0,0,0,640
27,wave,wave,wave,w*dz(u),1.02497478073582e-05,16,1,15,1,1.50451460394378e-14,1.8294904786079e-06,640,0
27,wave,wave,wave,u*dx(v),9.59667621681234e-06,15,1,16,1,1.68138147639997e-15,9.04324393147249e-11,640,0
27,wave,wave,wave,v*dy(v),0,1,1,1,1,0,0,0,640
27,wave,wave,wave,w*dz(v),9.59537781597328e-06,16,1,15,1,1.36830827966529e-14,1.66775029700384e-06,640,0
27,wave,wave,wave,u*dx(w),1.34093077974797e-07,15,1,16,1,8.88178419700125e-16,1.20534915382109e-10,640,0
27,wave,wave,wave,v*dy(w),0,1,1,1,1,0,0,0,640
27,wave,wave,wave,w*dz(w),1.34093077968813e-07,16,1,15,1,8.88178419700125e-16,1.20534915382109e-10,640,0
27,wave,wave,wave,u*dx(eta),5.32807767109656e-06,16,1,16,1,1.90090556329747e-15,9.0378926564938e-11,640,0
27,wave,wave,wave,v*dy(eta),0,1,1,1,1,0,0,0,640
27,wave,wave,wave,w*dz(eta),5.3280776710918e-06,16,1,16,1,1.48370704132493e-15,9.03790375872404e-11,640,0
27,wave,wave,wave,w*eta*dlogN2,4.47155391062271e-06,16,1,16,1,1.43474150515932e-15,9.04843977522773e-11,640,0
27,wave,apv,wave,u*dx(u),0,1,1,-1,0,0,0,0,128
27,wave,apv,wave,v*dy(u),0,1,1,-1,0,0,0,0,128
27,wave,apv,wave,w*dz(u),0,1,1,-1,0,0,0,0,128
27,wave,apv,wave,u*dx(v),6.0646940996251e-06,16,1,2,0,1.74647411900128e-15,6.03012084710031e-11,128,0
27,wave,apv,wave,v*dy(v),0,1,1,-1,0,0,0,0,128
27,wave,apv,wave,w*dz(v),5.47675967844989e-06,16,1,3,0,1.78822181749616e-15,9.74952341081803e-11,128,0
27,wave,apv,wave,u*dx(w),0,1,1,-1,0,0,0,0,128
27,wave,apv,wave,v*dy(w),0,1,1,-1,0,0,0,0,128
27,wave,apv,wave,w*dz(w),0,1,1,-1,0,0,0,0,128
27,wave,apv,wave,u*dx(eta),7.61504227474112e-07,16,1,3,0,1.15346792988742e-15,9.82535164339993e-11,128,0
27,wave,apv,wave,v*dy(eta),0,1,1,-1,0,0,0,0,128
27,wave,apv,wave,w*dz(eta),7.82566164143712e-07,16,1,2,0,1.72748064243967e-15,3.17190940180012e-10,128,0
27,wave,apv,wave,w*eta*dlogN2,8.7583070800393e-07,16,1,3,0,8.83297850019302e-16,9.75414193860047e-11,128,0
27,apv,wave,wave,u*dx(u),0,-1,0,1,1,0,0,0,128
27,apv,wave,wave,v*dy(u),0,-1,0,1,1,0,0,0,128
27,apv,wave,wave,w*dz(u),0,-1,0,1,1,0,0,0,128
27,apv,wave,wave,u*dx(v),0,-1,0,1,1,0,0,0,128
27,apv,wave,wave,v*dy(v),0,-1,0,1,1,0,0,0,128
27,apv,wave,wave,w*dz(v),0,-1,0,1,1,0,0,0,128
27,apv,wave,wave,u*dx(w),0,-1,0,1,1,0,0,0,128
27,apv,wave,wave,v*dy(w),0,-1,0,1,1,0,0,0,128
27,apv,wave,wave,w*dz(w),0,-1,0,1,1,0,0,0,128
27,apv,wave,wave,u*dx(eta),0,-1,0,1,1,0,0,0,128
27,apv,wave,wave,v*dy(eta),0,-1,0,1,1,0,0,0,128
27,apv,wave,wave,w*dz(eta),0,-1,0,1,1,0,0,0,128
27,apv,wave,wave,w*eta*dlogN2,0,-1,0,1,1,0,0,0,128
27,wave,boundary,wave,u*dx(u),0,1,1,1,0,0,0,0,64
27,wave,boundary,wave,v*dy(u),0,1,1,1,0,0,0,0,64
27,wave,boundary,wave,w*dz(u),0,1,1,1,0,0,0,0,64
27,wave,boundary,wave,u*dx(v),2.06068254818423e-06,16,1,2,0,1.77632853031259e-15,6.07269790009468e-11,64,0
27,wave,boundary,wave,v*dy(v),0,1,1,1,0,0,0,0,64
27,wave,boundary,wave,w*dz(v),1.4696283713831e-06,16,1,2,0,1.45272074875907e-15,6.02967675789046e-11,64,0
27,wave,boundary,wave,u*dx(w),0,1,1,1,0,0,0,0,64
27,wave,boundary,wave,v*dy(w),0,1,1,1,0,0,0,0,64
27,wave,boundary,wave,w*dz(w),0,1,1,1,0,0,0,0,64
27,wave,boundary,wave,u*dx(eta),1.91708137288113e-07,16,1,2,0,9.08133477455194e-16,6.02068395139099e-11,64,0
27,wave,boundary,wave,v*dy(eta),0,1,1,1,0,0,0,0,64
27,wave,boundary,wave,w*dz(eta),2.63865018555649e-07,16,1,2,0,1.32244685904896e-15,6.02984329134415e-11,64,0
27,wave,boundary,wave,w*eta*dlogN2,2.53387534383259e-07,16,1,1,0,1.03489183534252e-15,6.0298321891139e-11,64,0
27,boundary,wave,wave,u*dx(u),0,1,0,1,1,0,0,0,64
27,boundary,wave,wave,v*dy(u),0,1,0,1,1,0,0,0,64
27,boundary,wave,wave,w*dz(u),0,1,0,1,1,0,0,0,64
27,boundary,wave,wave,u*dx(v),0,1,0,1,1,0,0,0,64
27,boundary,wave,wave,v*dy(v),0,1,0,1,1,0,0,0,64
27,boundary,wave,wave,w*dz(v),0,1,0,1,1,0,0,0,64
27,boundary,wave,wave,u*dx(w),0,1,0,1,1,0,0,0,64
27,boundary,wave,wave,v*dy(w),0,1,0,1,1,0,0,0,64
27,boundary,wave,wave,w*dz(w),0,1,0,1,1,0,0,0,64
27,boundary,wave,wave,u*dx(eta),0,1,0,1,1,0,0,0,64
27,boundary,wave,wave,v*dy(eta),0,1,0,1,1,0,0,0,64
27,boundary,wave,wave,w*dz(eta),0,1,0,1,1,0,0,0,64
27,boundary,wave,wave,w*eta*dlogN2,0,1,0,1,1,0,0,0,64
27,apv,boundary,wave,u*dx(u),0,-1,0,1,0,0,0,0,8
27,apv,boundary,wave,v*dy(u),0,-1,0,1,0,0,0,0,8
27,apv,boundary,wave,w*dz(u),0,-1,0,1,0,0,0,0,8
27,apv,boundary,wave,u*dx(v),0,-1,0,1,0,0,0,0,8
27,apv,boundary,wave,v*dy(v),0,-1,0,1,0,0,0,0,8
27,apv,boundary,wave,w*dz(v),0,-1,0,1,0,0,0,0,8
27,apv,boundary,wave,u*dx(w),0,-1,0,1,0,0,0,0,8
27,apv,boundary,wave,v*dy(w),0,-1,0,1,0,0,0,0,8
27,apv,boundary,wave,w*dz(w),0,-1,0,1,0,0,0,0,8
27,apv,boundary,wave,u*dx(eta),0,-1,0,1,0,0,0,0,8
27,apv,boundary,wave,v*dy(eta),0,-1,0,1,0,0,0,0,8
27,apv,boundary,wave,w*dz(eta),0,-1,0,1,0,0,0,0,8
27,apv,boundary,wave,w*eta*dlogN2,0,-1,0,1,0,0,0,0,8
27,boundary,apv,wave,u*dx(u),0,1,0,-1,0,0,0,0,8
27,boundary,apv,wave,v*dy(u),0,1,0,-1,0,0,0,0,8
27,boundary,apv,wave,w*dz(u),0,1,0,-1,0,0,0,0,8
27,boundary,apv,wave,u*dx(v),0,1,0,-1,0,0,0,0,8
27,boundary,apv,wave,v*dy(v),0,1,0,-1,0,0,0,0,8
27,boundary,apv,wave,w*dz(v),0,1,0,-1,0,0,0,0,8
27,boundary,apv,wave,u*dx(w),0,1,0,-1,0,0,0,0,8
27,boundary,apv,wave,v*dy(w),0,1,0,-1,0,0,0,0,8
27,boundary,apv,wave,w*dz(w),0,1,0,-1,0,0,0,0,8
27,boundary,apv,wave,u*dx(eta),0,1,0,-1,0,0,0,0,8
27,boundary,apv,wave,v*dy(eta),0,1,0,-1,0,0,0,0,8
27,boundary,apv,wave,w*dz(eta),0,1,0,-1,0,0,0,0,8
27,boundary,apv,wave,w*eta*dlogN2,0,1,0,-1,0,0,0,0,8
27,boundary,boundary,wave,u*dx(u),0,1,0,1,0,0,0,0,4
27,boundary,boundary,wave,v*dy(u),0,1,0,1,0,0,0,0,4
27,boundary,boundary,wave,w*dz(u),0,1,0,1,0,0,0,0,4
27,boundary,boundary,wave,u*dx(v),0,1,0,1,0,0,0,0,4
27,boundary,boundary,wave,v*dy(v),0,1,0,1,0,0,0,0,4
27,boundary,boundary,wave,w*dz(v),0,1,0,1,0,0,0,0,4
27,boundary,boundary,wave,u*dx(w),0,1,0,1,0,0,0,0,4
27,boundary,boundary,wave,v*dy(w),0,1,0,1,0,0,0,0,4
27,boundary,boundary,wave,w*dz(w),0,1,0,1,0,0,0,0,4
27,boundary,boundary,wave,u*dx(eta),0,1,0,1,0,0,0,0,4
27,boundary,boundary,wave,v*dy(eta),0,1,0,1,0,0,0,0,4
27,boundary,boundary,wave,w*dz(eta),0,1,0,1,0,0,0,0,4
27,boundary,boundary,wave,w*eta*dlogN2,0,1,0,1,0,0,0,0,4
32,wave,wave,inertial,u*dx(u),4.48644090029458e-06,15,1,16,1,1.09393058681496e-15,1.20556120641879e-10,640,0
32,wave,wave,inertial,v*dy(u),0,1,1,1,1,0,0,0,640
32,wave,wave,inertial,w*dz(u),4.48678760029731e-06,16,1,15,1,8.88178419700125e-15,8.10977551113368e-07,640,0
32,wave,wave,inertial,u*dx(v),4.48644090028685e-06,16,1,15,1,1.37700355264883e-15,9.04324393147249e-11,640,0
32,wave,wave,inertial,v*dy(v),0,1,1,1,1,0,0,0,640
32,wave,wave,inertial,w*dz(v),4.48678760021688e-06,16,1,15,1,8.88178419700125e-15,8.11007674794695e-07,640,0
32,wave,wave,mda,u*dx(eta),2.95100824105073e-06,16,1,15,1,3.48631968321484e-15,6.97904803392534e-10,640,0
32,wave,wave,mda,v*dy(eta),0,1,1,1,1,0,0,0,640
32,wave,wave,mda,w*dz(eta),2.95100824192979e-06,15,1,16,1,2.86801991498043e-15,6.97904002656144e-10,640,0
32,wave,wave,mda,w*eta*dlogN2,4.02512937831716e-06,16,1,16,1,3.13358893975306e-15,9.04436525672736e-11,640,0
32,wave,apv,inertial,u*dx(u),0,1,1,-1,0,0,0,0,128
32,wave,apv,inertial,v*dy(u),0,1,1,-1,0,0,0,0,128
32,wave,apv,inertial,w*dz(u),0,1,1,-1,0,0,0,0,128
32,wave,apv,inertial,u*dx(v),3.45607867674119e-10,16,1,3,0,8.0228618275721e-16,6.03012084710031e-11,128,0
32,wave,apv,inertial,v*dy(v),0,1,1,-1,0,0,0,0,128
32,wave,apv,inertial,w*dz(v),3.75505578716533e-10,16,1,3,0,1.02767914558904e-15,9.74952341081803e-11,128,0
32,wave,apv,mda,u*dx(eta),7.11111946170729e-13,16,1,3,0,2.19820896988335e-15,7.13307189888804e-10,128,0
32,wave,apv,mda,v*dy(eta),0,1,1,-1,0,0,0,0,128
32,wave,apv,mda,w*dz(eta),1.05821414356589e-11,14,1,-1,0,2.52682902796231e-15,1.16412131403793e-06,128,0
32,wave,apv,mda,w*eta*dlogN2,1.38947029703556e-12,16,1,3,0,3.54163488996896e-15,1.27801880189793e-10,128,0
32,apv,wave,inertial,u*dx(u),0,-1,0,1,1,0,0,0,128
32,apv,wave,inertial,v*dy(u),0,-1,0,1,1,0,0,0,128
32,apv,wave,inertial,w*dz(u),0,-1,0,1,1,0,0,0,128
32,apv,wave,inertial,u*dx(v),0,-1,0,1,1,0,0,0,128
32,apv,wave,inertial,v*dy(v),0,-1,0,1,1,0,0,0,128
32,apv,wave,inertial,w*dz(v),0,-1,0,1,1,0,0,0,128
32,apv,wave,mda,u*dx(eta),0,-1,0,1,1,0,0,0,128
32,apv,wave,mda,v*dy(eta),0,-1,0,1,1,0,0,0,128
32,apv,wave,mda,w*dz(eta),0,-1,0,1,1,0,0,0,128
32,apv,wave,mda,w*eta*dlogN2,0,-1,0,1,1,0,0,0,128
32,wave,boundary,inertial,u*dx(u),0,1,1,1,0,0,0,0,64
32,wave,boundary,inertial,v*dy(u),0,1,1,1,0,0,0,0,64
32,wave,boundary,inertial,w*dz(u),0,1,1,1,0,0,0,0,64
32,wave,boundary,inertial,u*dx(v),2.58249334136717e-12,16,1,1,0,9.76885739240667e-16,6.07269790009468e-11,64,0
32,wave,boundary,inertial,v*dy(v),0,1,1,1,0,0,0,0,64
32,wave,boundary,inertial,w*dz(v),7.77507680117226e-12,16,1,2,0,8.30404798537159e-16,6.02967675789046e-11,64,0
32,wave,boundary,mda,u*dx(eta),1.34148234557447e-13,1,1,1,0,9.2690591705104e-16,7.27413949607188e-10,64,0
32,wave,boundary,mda,v*dy(eta),0,1,1,1,0,0,0,0,64
32,wave,boundary,mda,w*dz(eta),2.19713833743553e-15,1,1,1,0,2.22687319388886e-15,6.114686534886e-11,64,0
32,wave,boundary,mda,w*eta*dlogN2,3.0135052051062e-15,2,1,1,0,3.25804827211152e-15,8.10719707117127e-11,64,0
32,boundary,wave,inertial,u*dx(u),0,1,0,1,1,0,0,0,64
32,boundary,wave,inertial,v*dy(u),0,1,0,1,1,0,0,0,64
32,boundary,wave,inertial,w*dz(u),0,1,0,1,1,0,0,0,64
32,boundary,wave,inertial,u*dx(v),0,1,0,1,1,0,0,0,64
32,boundary,wave,inertial,v*dy(v),0,1,0,1,1,0,0,0,64
32,boundary,wave,inertial,w*dz(v),0,1,0,1,1,0,0,0,64
32,boundary,wave,mda,u*dx(eta),0,1,0,1,1,0,0,0,64
32,boundary,wave,mda,v*dy(eta),0,1,0,1,1,0,0,0,64
32,boundary,wave,mda,w*dz(eta),0,1,0,1,1,0,0,0,64
32,boundary,wave,mda,w*eta*dlogN2,0,1,0,1,1,0,0,0,64
32,apv,boundary,inertial,u*dx(u),0,-1,0,1,0,0,0,0,8
32,apv,boundary,inertial,v*dy(u),0,-1,0,1,0,0,0,0,8
32,apv,boundary,inertial,w*dz(u),0,-1,0,1,0,0,0,0,8
32,apv,boundary,inertial,u*dx(v),0,-1,0,1,0,0,0,0,8
32,apv,boundary,inertial,v*dy(v),0,-1,0,1,0,0,0,0,8
32,apv,boundary,inertial,w*dz(v),0,-1,0,1,0,0,0,0,8
32,apv,boundary,mda,u*dx(eta),0,-1,0,1,0,0,0,0,8
32,apv,boundary,mda,v*dy(eta),0,-1,0,1,0,0,0,0,8
32,apv,boundary,mda,w*dz(eta),0,-1,0,1,0,0,0,0,8
32,apv,boundary,mda,w*eta*dlogN2,0,-1,0,1,0,0,0,0,8
32,boundary,apv,inertial,u*dx(u),0,1,0,-1,0,0,0,0,8
32,boundary,apv,inertial,v*dy(u),0,1,0,-1,0,0,0,0,8
32,boundary,apv,inertial,w*dz(u),0,1,0,-1,0,0,0,0,8
32,boundary,apv,inertial,u*dx(v),0,1,0,-1,0,0,0,0,8
32,boundary,apv,inertial,v*dy(v),0,1,0,-1,0,0,0,0,8
32,boundary,apv,inertial,w*dz(v),0,1,0,-1,0,0,0,0,8
32,boundary,apv,mda,u*dx(eta),0,1,0,-1,0,0,0,0,8
32,boundary,apv,mda,v*dy(eta),0,1,0,-1,0,0,0,0,8
32,boundary,apv,mda,w*dz(eta),0,1,0,-1,0,0,0,0,8
32,boundary,apv,mda,w*eta*dlogN2,0,1,0,-1,0,0,0,0,8
32,boundary,boundary,inertial,u*dx(u),0,1,0,1,0,0,0,0,4
32,boundary,boundary,inertial,v*dy(u),0,1,0,1,0,0,0,0,4
32,boundary,boundary,inertial,w*dz(u),0,1,0,1,0,0,0,0,4
32,boundary,boundary,inertial,u*dx(v),0,1,0,1,0,0,0,0,4
32,boundary,boundary,inertial,v*dy(v),0,1,0,1,0,0,0,0,4
32,boundary,boundary,inertial,w*dz(v),0,1,0,1,0,0,0,0,4
32,boundary,boundary,mda,u*dx(eta),0,1,0,1,0,0,0,0,4
32,boundary,boundary,mda,v*dy(eta),0,1,0,1,0,0,0,0,4
32,boundary,boundary,mda,w*dz(eta),0,1,0,1,0,0,0,0,4
32,boundary,boundary,mda,w*eta*dlogN2,0,1,0,1,0,0,0,0,4
73,wave,wave,inertial,u*dx(u),4.48644090029458e-06,15,1,16,1,1.09393058681496e-15,1.20556120641879e-10,640,0
73,wave,wave,inertial,v*dy(u),0,1,1,1,1,0,0,0,640
73,wave,wave,inertial,w*dz(u),4.48678760029731e-06,16,1,15,1,8.88178419700125e-15,8.10977551113368e-07,640,0
73,wave,wave,inertial,u*dx(v),4.48644090028685e-06,16,1,15,1,1.37700355264883e-15,9.04324393147249e-11,640,0
73,wave,wave,inertial,v*dy(v),0,1,1,1,1,0,0,0,640
73,wave,wave,inertial,w*dz(v),4.48678760021688e-06,16,1,15,1,8.88178419700125e-15,8.11007674794695e-07,640,0
73,wave,wave,mda,u*dx(eta),2.95100824105073e-06,16,1,15,1,3.48631968321484e-15,6.97904803392534e-10,640,0
73,wave,wave,mda,v*dy(eta),0,1,1,1,1,0,0,0,640
73,wave,wave,mda,w*dz(eta),2.95100824192979e-06,15,1,16,1,2.86801991498043e-15,6.97904002656144e-10,640,0
73,wave,wave,mda,w*eta*dlogN2,4.02512937831716e-06,16,1,16,1,3.13358893975306e-15,9.04436525672736e-11,640,0
73,wave,apv,inertial,u*dx(u),0,1,1,-1,0,0,0,0,128
73,wave,apv,inertial,v*dy(u),0,1,1,-1,0,0,0,0,128
73,wave,apv,inertial,w*dz(u),0,1,1,-1,0,0,0,0,128
73,wave,apv,inertial,u*dx(v),3.45607867674119e-10,16,1,3,0,8.0228618275721e-16,6.03012084710031e-11,128,0
73,wave,apv,inertial,v*dy(v),0,1,1,-1,0,0,0,0,128
73,wave,apv,inertial,w*dz(v),3.75505578716533e-10,16,1,3,0,1.02767914558904e-15,9.74952341081803e-11,128,0
73,wave,apv,mda,u*dx(eta),7.11111946170729e-13,16,1,3,0,2.19820896988335e-15,7.13307189888804e-10,128,0
73,wave,apv,mda,v*dy(eta),0,1,1,-1,0,0,0,0,128
73,wave,apv,mda,w*dz(eta),1.05821414356589e-11,14,1,-1,0,2.52682902796231e-15,1.16412131403793e-06,128,0
73,wave,apv,mda,w*eta*dlogN2,1.38947029703556e-12,16,1,3,0,3.54163488996896e-15,1.27801880189793e-10,128,0
73,apv,wave,inertial,u*dx(u),0,-1,0,1,1,0,0,0,128
73,apv,wave,inertial,v*dy(u),0,-1,0,1,1,0,0,0,128
73,apv,wave,inertial,w*dz(u),0,-1,0,1,1,0,0,0,128
73,apv,wave,inertial,u*dx(v),0,-1,0,1,1,0,0,0,128
73,apv,wave,inertial,v*dy(v),0,-1,0,1,1,0,0,0,128
73,apv,wave,inertial,w*dz(v),0,-1,0,1,1,0,0,0,128
73,apv,wave,mda,u*dx(eta),0,-1,0,1,1,0,0,0,128
73,apv,wave,mda,v*dy(eta),0,-1,0,1,1,0,0,0,128
73,apv,wave,mda,w*dz(eta),0,-1,0,1,1,0,0,0,128
73,apv,wave,mda,w*eta*dlogN2,0,-1,0,1,1,0,0,0,128
73,wave,boundary,inertial,u*dx(u),0,1,1,1,0,0,0,0,64
73,wave,boundary,inertial,v*dy(u),0,1,1,1,0,0,0,0,64
73,wave,boundary,inertial,w*dz(u),0,1,1,1,0,0,0,0,64
73,wave,boundary,inertial,u*dx(v),2.58249334136717e-12,16,1,1,0,9.76885739240667e-16,6.07269790009468e-11,64,0
73,wave,boundary,inertial,v*dy(v),0,1,1,1,0,0,0,0,64
73,wave,boundary,inertial,w*dz(v),7.77507680117226e-12,16,1,2,0,8.30404798537159e-16,6.02967675789046e-11,64,0
73,wave,boundary,mda,u*dx(eta),1.34148234557447e-13,1,1,1,0,9.2690591705104e-16,7.27413949607188e-10,64,0
73,wave,boundary,mda,v*dy(eta),0,1,1,1,0,0,0,0,64
73,wave,boundary,mda,w*dz(eta),2.19713833743553e-15,1,1,1,0,2.22687319388886e-15,6.114686534886e-11,64,0
73,wave,boundary,mda,w*eta*dlogN2,3.0135052051062e-15,2,1,1,0,3.25804827211152e-15,8.10719707117127e-11,64,0
73,boundary,wave,inertial,u*dx(u),0,1,0,1,1,0,0,0,64
73,boundary,wave,inertial,v*dy(u),0,1,0,1,1,0,0,0,64
73,boundary,wave,inertial,w*dz(u),0,1,0,1,1,0,0,0,64
73,boundary,wave,inertial,u*dx(v),0,1,0,1,1,0,0,0,64
73,boundary,wave,inertial,v*dy(v),0,1,0,1,1,0,0,0,64
73,boundary,wave,inertial,w*dz(v),0,1,0,1,1,0,0,0,64
73,boundary,wave,mda,u*dx(eta),0,1,0,1,1,0,0,0,64
73,boundary,wave,mda,v*dy(eta),0,1,0,1,1,0,0,0,64
73,boundary,wave,mda,w*dz(eta),0,1,0,1,1,0,0,0,64
73,boundary,wave,mda,w*eta*dlogN2,0,1,0,1,1,0,0,0,64
73,apv,boundary,inertial,u*dx(u),0,-1,0,1,0,0,0,0,8
73,apv,boundary,inertial,v*dy(u),0,-1,0,1,0,0,0,0,8
73,apv,boundary,inertial,w*dz(u),0,-1,0,1,0,0,0,0,8
73,apv,boundary,inertial,u*dx(v),0,-1,0,1,0,0,0,0,8
73,apv,boundary,inertial,v*dy(v),0,-1,0,1,0,0,0,0,8
73,apv,boundary,inertial,w*dz(v),0,-1,0,1,0,0,0,0,8
73,apv,boundary,mda,u*dx(eta),0,-1,0,1,0,0,0,0,8
73,apv,boundary,mda,v*dy(eta),0,-1,0,1,0,0,0,0,8
73,apv,boundary,mda,w*dz(eta),0,-1,0,1,0,0,0,0,8
73,apv,boundary,mda,w*eta*dlogN2,0,-1,0,1,0,0,0,0,8
73,boundary,apv,inertial,u*dx(u),0,1,0,-1,0,0,0,0,8
73,boundary,apv,inertial,v*dy(u),0,1,0,-1,0,0,0,0,8
73,boundary,apv,inertial,w*dz(u),0,1,0,-1,0,0,0,0,8
73,boundary,apv,inertial,u*dx(v),0,1,0,-1,0,0,0,0,8
73,boundary,apv,inertial,v*dy(v),0,1,0,-1,0,0,0,0,8
73,boundary,apv,inertial,w*dz(v),0,1,0,-1,0,0,0,0,8
73,boundary,apv,mda,u*dx(eta),0,1,0,-1,0,0,0,0,8
73,boundary,apv,mda,v*dy(eta),0,1,0,-1,0,0,0,0,8
73,boundary,apv,mda,w*dz(eta),0,1,0,-1,0,0,0,0,8
73,boundary,apv,mda,w*eta*dlogN2,0,1,0,-1,0,0,0,0,8
73,boundary,boundary,inertial,u*dx(u),0,1,0,1,0,0,0,0,4
73,boundary,boundary,inertial,v*dy(u),0,1,0,1,0,0,0,0,4
73,boundary,boundary,inertial,w*dz(u),0,1,0,1,0,0,0,0,4
73,boundary,boundary,inertial,u*dx(v),0,1,0,1,0,0,0,0,4
73,boundary,boundary,inertial,v*dy(v),0,1,0,1,0,0,0,0,4
73,boundary,boundary,inertial,w*dz(v),0,1,0,1,0,0,0,0,4
73,boundary,boundary,mda,u*dx(eta),0,1,0,1,0,0,0,0,4
73,boundary,boundary,mda,v*dy(eta),0,1,0,1,0,0,0,0,4
73,boundary,boundary,mda,w*dz(eta),0,1,0,1,0,0,0,0,4
73,boundary,boundary,mda,w*eta*dlogN2,0,1,0,1,0,0,0,0,4
78,wave,wave,wave,u*dx(u),1.02501618211637e-05,15,1,16,1,1.89398573110615e-15,1.20556120641879e-10,640,0
78,wave,wave,wave,v*dy(u),0,1,1,1,1,0,0,0,640
78,wave,wave,wave,w*dz(u),1.02497478073582e-05,16,1,15,1,1.50451460394378e-14,1.8294904786079e-06,640,0
78,wave,wave,wave,u*dx(v),9.59667621681234e-06,15,1,16,1,1.68138147639997e-15,9.04324393147249e-11,640,0
78,wave,wave,wave,v*dy(v),0,1,1,1,1,0,0,0,640
78,wave,wave,wave,w*dz(v),9.59537781597328e-06,16,1,15,1,1.36830827966529e-14,1.66775029700384e-06,640,0
78,wave,wave,wave,u*dx(w),1.34093077974797e-07,15,1,16,1,8.88178419700125e-16,1.20534915382109e-10,640,0
78,wave,wave,wave,v*dy(w),0,1,1,1,1,0,0,0,640
78,wave,wave,wave,w*dz(w),1.34093077968813e-07,16,1,15,1,8.88178419700125e-16,1.20534915382109e-10,640,0
78,wave,wave,wave,u*dx(eta),5.32807767109656e-06,16,1,16,1,1.90090556329747e-15,9.0378926564938e-11,640,0
78,wave,wave,wave,v*dy(eta),0,1,1,1,1,0,0,0,640
78,wave,wave,wave,w*dz(eta),5.3280776710918e-06,16,1,16,1,1.48370704132493e-15,9.03790375872404e-11,640,0
78,wave,wave,wave,w*eta*dlogN2,4.47155391062271e-06,16,1,16,1,1.43474150515932e-15,9.04843977522773e-11,640,0
78,wave,apv,wave,u*dx(u),0,1,1,-1,0,0,0,0,128
78,wave,apv,wave,v*dy(u),0,1,1,-1,0,0,0,0,128
78,wave,apv,wave,w*dz(u),0,1,1,-1,0,0,0,0,128
78,wave,apv,wave,u*dx(v),6.0646940996251e-06,16,1,2,0,1.74647411900128e-15,6.03012084710031e-11,128,0
78,wave,apv,wave,v*dy(v),0,1,1,-1,0,0,0,0,128
78,wave,apv,wave,w*dz(v),5.47675967844989e-06,16,1,3,0,1.78822181749616e-15,9.74952341081803e-11,128,0
78,wave,apv,wave,u*dx(w),0,1,1,-1,0,0,0,0,128
78,wave,apv,wave,v*dy(w),0,1,1,-1,0,0,0,0,128
78,wave,apv,wave,w*dz(w),0,1,1,-1,0,0,0,0,128
78,wave,apv,wave,u*dx(eta),7.61504227474112e-07,16,1,3,0,1.15346792988742e-15,9.82535164339993e-11,128,0
78,wave,apv,wave,v*dy(eta),0,1,1,-1,0,0,0,0,128
78,wave,apv,wave,w*dz(eta),7.82566164143712e-07,16,1,2,0,1.72748064243967e-15,3.17190940180012e-10,128,0
78,wave,apv,wave,w*eta*dlogN2,8.7583070800393e-07,16,1,3,0,8.83297850019302e-16,9.75414193860047e-11,128,0
78,apv,wave,wave,u*dx(u),0,-1,0,1,1,0,0,0,128
78,apv,wave,wave,v*dy(u),0,-1,0,1,1,0,0,0,128
78,apv,wave,wave,w*dz(u),0,-1,0,1,1,0,0,0,128
78,apv,wave,wave,u*dx(v),0,-1,0,1,1,0,0,0,128
78,apv,wave,wave,v*dy(v),0,-1,0,1,1,0,0,0,128
78,apv,wave,wave,w*dz(v),0,-1,0,1,1,0,0,0,128
78,apv,wave,wave,u*dx(w),0,-1,0,1,1,0,0,0,128
78,apv,wave,wave,v*dy(w),0,-1,0,1,1,0,0,0,128
78,apv,wave,wave,w*dz(w),0,-1,0,1,1,0,0,0,128
78,apv,wave,wave,u*dx(eta),0,-1,0,1,1,0,0,0,128
78,apv,wave,wave,v*dy(eta),0,-1,0,1,1,0,0,0,128
78,apv,wave,wave,w*dz(eta),0,-1,0,1,1,0,0,0,128
78,apv,wave,wave,w*eta*dlogN2,0,-1,0,1,1,0,0,0,128
78,wave,boundary,wave,u*dx(u),0,1,1,1,0,0,0,0,64
78,wave,boundary,wave,v*dy(u),0,1,1,1,0,0,0,0,64
78,wave,boundary,wave,w*dz(u),0,1,1,1,0,0,0,0,64
78,wave,boundary,wave,u*dx(v),2.06068254818423e-06,16,1,2,0,1.77632853031259e-15,6.07269790009468e-11,64,0
78,wave,boundary,wave,v*dy(v),0,1,1,1,0,0,0,0,64
78,wave,boundary,wave,w*dz(v),1.4696283713831e-06,16,1,2,0,1.45272074875907e-15,6.02967675789046e-11,64,0
78,wave,boundary,wave,u*dx(w),0,1,1,1,0,0,0,0,64
78,wave,boundary,wave,v*dy(w),0,1,1,1,0,0,0,0,64
78,wave,boundary,wave,w*dz(w),0,1,1,1,0,0,0,0,64
78,wave,boundary,wave,u*dx(eta),1.91708137288113e-07,16,1,2,0,9.08133477455194e-16,6.02068395139099e-11,64,0
78,wave,boundary,wave,v*dy(eta),0,1,1,1,0,0,0,0,64
78,wave,boundary,wave,w*dz(eta),2.63865018555649e-07,16,1,2,0,1.32244685904896e-15,6.02984329134415e-11,64,0
78,wave,boundary,wave,w*eta*dlogN2,2.53387534383259e-07,16,1,1,0,1.03489183534252e-15,6.0298321891139e-11,64,0
78,boundary,wave,wave,u*dx(u),0,1,0,1,1,0,0,0,64
78,boundary,wave,wave,v*dy(u),0,1,0,1,1,0,0,0,64
78,boundary,wave,wave,w*dz(u),0,1,0,1,1,0,0,0,64
78,boundary,wave,wave,u*dx(v),0,1,0,1,1,0,0,0,64
78,boundary,wave,wave,v*dy(v),0,1,0,1,1,0,0,0,64
78,boundary,wave,wave,w*dz(v),0,1,0,1,1,0,0,0,64
78,boundary,wave,wave,u*dx(w),0,1,0,1,1,0,0,0,64
78,boundary,wave,wave,v*dy(w),0,1,0,1,1,0,0,0,64
78,boundary,wave,wave,w*dz(w),0,1,0,1,1,0,0,0,64
78,boundary,wave,wave,u*dx(eta),0,1,0,1,1,0,0,0,64
78,boundary,wave,wave,v*dy(eta),0,1,0,1,1,0,0,0,64
78,boundary,wave,wave,w*dz(eta),0,1,0,1,1,0,0,0,64
78,boundary,wave,wave,w*eta*dlogN2,0,1,0,1,1,0,0,0,64
78,apv,boundary,wave,u*dx(u),0,-1,0,1,0,0,0,0,8
78,apv,boundary,wave,v*dy(u),0,-1,0,1,0,0,0,0,8
78,apv,boundary,wave,w*dz(u),0,-1,0,1,0,0,0,0,8
78,apv,boundary,wave,u*dx(v),0,-1,0,1,0,0,0,0,8
78,apv,boundary,wave,v*dy(v),0,-1,0,1,0,0,0,0,8
78,apv,boundary,wave,w*dz(v),0,-1,0,1,0,0,0,0,8
78,apv,boundary,wave,u*dx(w),0,-1,0,1,0,0,0,0,8
78,apv,boundary,wave,v*dy(w),0,-1,0,1,0,0,0,0,8
78,apv,boundary,wave,w*dz(w),0,-1,0,1,0,0,0,0,8
78,apv,boundary,wave,u*dx(eta),0,-1,0,1,0,0,0,0,8
78,apv,boundary,wave,v*dy(eta),0,-1,0,1,0,0,0,0,8
78,apv,boundary,wave,w*dz(eta),0,-1,0,1,0,0,0,0,8
78,apv,boundary,wave,w*eta*dlogN2,0,-1,0,1,0,0,0,0,8
78,boundary,apv,wave,u*dx(u),0,1,0,-1,0,0,0,0,8
78,boundary,apv,wave,v*dy(u),0,1,0,-1,0,0,0,0,8
78,boundary,apv,wave,w*dz(u),0,1,0,-1,0,0,0,0,8
78,boundary,apv,wave,u*dx(v),0,1,0,-1,0,0,0,0,8
78,boundary,apv,wave,v*dy(v),0,1,0,-1,0,0,0,0,8
78,boundary,apv,wave,w*dz(v),0,1,0,-1,0,0,0,0,8
78,boundary,apv,wave,u*dx(w),0,1,0,-1,0,0,0,0,8
78,boundary,apv,wave,v*dy(w),0,1,0,-1,0,0,0,0,8
78,boundary,apv,wave,w*dz(w),0,1,0,-1,0,0,0,0,8
78,boundary,apv,wave,u*dx(eta),0,1,0,-1,0,0,0,0,8
78,boundary,apv,wave,v*dy(eta),0,1,0,-1,0,0,0,0,8
78,boundary,apv,wave,w*dz(eta),0,1,0,-1,0,0,0,0,8
78,boundary,apv,wave,w*eta*dlogN2,0,1,0,-1,0,0,0,0,8
78,boundary,boundary,wave,u*dx(u),0,1,0,1,0,0,0,0,4
78,boundary,boundary,wave,v*dy(u),0,1,0,1,0,0,0,0,4
78,boundary,boundary,wave,w*dz(u),0,1,0,1,0,0,0,0,4
78,boundary,boundary,wave,u*dx(v),0,1,0,1,0,0,0,0,4
78,boundary,boundary,wave,v*dy(v),0,1,0,1,0,0,0,0,4
78,boundary,boundary,wave,w*dz(v),0,1,0,1,0,0,0,0,4
78,boundary,boundary,wave,u*dx(w),0,1,0,1,0,0,0,0,4
78,boundary,boundary,wave,v*dy(w),0,1,0,1,0,0,0,0,4
78,boundary,boundary,wave,w*dz(w),0,1,0,1,0,0,0,0,4
78,boundary,boundary,wave,u*dx(eta),0,1,0,1,0,0,0,0,4
78,boundary,boundary,wave,v*dy(eta),0,1,0,1,0,0,0,0,4
78,boundary,boundary,wave,w*dz(eta),0,1,0,1,0,0,0,0,4
78,boundary,boundary,wave,w*eta*dlogN2,0,1,0,1,0,0,0,0,4
29,wave,wave,wave,u*dx(u),0,1,1,1,1,0,0,0,640
29,wave,wave,wave,v*dy(u),9.90550353823235e-06,15,1,16,1,1.79224617680746e-15,4.66469085580457e-11,640,0
29,wave,wave,wave,w*dz(u),9.90457331030792e-06,16,1,15,1,2.36082799383322e-14,3.34541555253946e-06,640,0
29,wave,wave,wave,u*dx(v),0,1,1,1,1,0,0,0,640
29,wave,wave,wave,v*dy(v),1.00758227162055e-05,15,1,16,1,1.80918819838026e-15,9.27582455290121e-11,640,0
29,wave,wave,wave,w*dz(v),1.00751494950835e-05,16,1,15,1,2.52564086311793e-14,3.43200582514239e-06,640,0
29,wave,wave,wave,u*dx(w),0,1,1,1,1,0,0,0,640
29,wave,wave,wave,v*dy(w),1.15388537541312e-07,15,1,16,1,8.88178419700125e-16,9.26247967214522e-11,640,0
29,wave,wave,wave,w*dz(w),1.15388493780396e-07,16,1,15,1,8.88178419700125e-16,9.26168031156749e-11,640,0
29,wave,wave,wave,u*dx(eta),0,1,1,1,1,0,0,0,640
29,wave,wave,wave,v*dy(eta),4.80699716084619e-06,16,1,16,1,1.35886369045028e-15,4.65134597504857e-11,640,0
29,wave,wave,wave,w*dz(eta),4.80699749422266e-06,16,1,16,1,1.10137203233551e-15,6.07058847634789e-11,640,0
29,wave,wave,wave,w*eta*dlogN2,4.18041454206868e-06,16,1,16,1,1.16033874258693e-15,6.04506444901176e-11,640,0
29,wave,apv,wave,u*dx(u),0,1,1,-1,0,0,0,0,128
29,wave,apv,wave,v*dy(u),6.09023636530645e-06,16,1,2,0,1.7862827527766e-15,3.01779712330585e-11,128,0
29,wave,apv,wave,w*dz(u),5.50352809658824e-06,16,1,3,0,1.76308146217949e-15,9.74951230858778e-11,128,0
29,wave,apv,wave,u*dx(v),0,1,1,-1,0,0,0,0,128
29,wave,apv,wave,v*dy(v),0,1,1,-1,0,0,0,0,128
29,wave,apv,wave,w*dz(v),0,1,1,-1,0,0,0,0,128
29,wave,apv,wave,u*dx(w),0,1,1,-1,0,0,0,0,128
29,wave,apv,wave,v*dy(w),0,1,1,-1,0,0,0,0,128
29,wave,apv,wave,w*dz(w),0,1,1,-1,0,0,0,0,128
29,wave,apv,wave,u*dx(eta),0,1,1,-1,0,0,0,0,128
29,wave,apv,wave,v*dy(eta),6.56727846193304e-07,16,1,3,0,1.33337003786546e-15,6.812961306224e-11,128,0
29,wave,apv,wave,w*dz(eta),6.74650204420851e-07,16,1,2,0,8.21561989106658e-16,3.17190940180012e-10,128,0
29,wave,apv,wave,w*eta*dlogN2,7.55189972470413e-07,16,1,3,0,8.9745644998368e-16,9.75414193860047e-11,128,0
29,apv,wave,wave,u*dx(u),0,-1,0,1,1,0,0,0,128
29,apv,wave,wave,v*dy(u),6.09023683199969e-06,2,0,16,1,1.67807412732077e-15,4.63042937326463e-11,128,0
29,apv,wave,wave,w*dz(u),0,-1,0,1,1,0,0,0,128
29,apv,wave,wave,u*dx(v),0,-1,0,1,1,0,0,0,128
29,apv,wave,wave,v*dy(v),6.10232098886173e-06,2,0,16,1,1.84453551171299e-15,9.2415186614403e-11,128,0
29,apv,wave,wave,w*dz(v),0,-1,0,1,1,0,0,0,128
29,apv,wave,wave,u*dx(w),0,-1,0,1,1,0,0,0,128
29,apv,wave,wave,v*dy(w),9.72744911519947e-09,2,0,16,1,4.44089209850063e-16,9.82414150030309e-11,128,0
29,apv,wave,wave,w*dz(w),0,-1,0,1,1,0,0,0,128
29,apv,wave,wave,u*dx(eta),0,-1,0,1,1,0,0,0,128
29,apv,wave,wave,v*dy(eta),6.74650195581444e-07,2,0,16,1,8.15619574826427e-16,5.25379739713117e-11,128,0
29,apv,wave,wave,w*dz(eta),0,-1,0,1,1,0,0,0,128
29,apv,wave,wave,w*eta*dlogN2,0,-1,0,1,1,0,0,0,128
29,wave,boundary,wave,u*dx(u),0,1,1,1,0,0,0,0,64
29,wave,boundary,wave,v*dy(u),1.33969489640428e-06,16,1,2,0,1.72052476955558e-15,3.00427460686592e-11,64,0
29,wave,boundary,wave,w*dz(u),1.17178822897423e-06,16,1,2,0,1.43441334104267e-15,6.02924377091085e-11,64,0
29,wave,boundary,wave,u*dx(v),0,1,1,1,0,0,0,0,64
29,wave,boundary,wave,v*dy(v),0,1,1,1,0,0,0,0,64
29,wave,boundary,wave,w*dz(v),0,1,1,1,0,0,0,0,64
29,wave,boundary,wave,u*dx(w),0,1,1,1,0,0,0,0,64
29,wave,boundary,wave,v*dy(w),0,1,1,1,0,0,0,0,64
29,wave,boundary,wave,w*dz(w),0,1,1,1,0,0,0,0,64
29,wave,boundary,wave,u*dx(eta),0,1,1,1,0,0,0,0,64
29,wave,boundary,wave,v*dy(eta),1.29087291517726e-07,16,1,2,0,4.49576515326774e-16,3.00240943218455e-11,64,0
29,wave,boundary,wave,w*dz(eta),1.49042320787413e-07,16,1,2,0,7.49658825770101e-16,6.02906613522691e-11,64,0
29,wave,boundary,wave,w*eta*dlogN2,1.45256739958133e-07,16,1,1,0,8.61679927315011e-16,6.02947691774602e-11,64,0
29,boundary,wave,wave,u*dx(u),0,1,0,1,1,0,0,0,64
29,boundary,wave,wave,v*dy(u),2.06911242313181e-06,2,0,16,1,1.87289019381335e-15,4.71513939004353e-11,64,0
29,boundary,wave,wave,w*dz(u),0,1,0,1,1,0,0,0,64
29,boundary,wave,wave,u*dx(v),0,1,0,1,1,0,0,0,64
29,boundary,wave,wave,v*dy(v),2.07309954253749e-06,2,0,16,1,1.686652209523e-15,9.32625088267969e-11,64,0
29,boundary,wave,wave,w*dz(v),0,1,0,1,1,0,0,0,64
29,boundary,wave,wave,u*dx(w),0,1,0,1,1,0,0,0,64
29,boundary,wave,wave,v*dy(w),3.2835477655523e-09,1,0,16,1,4.44089209850063e-16,9.27153909202616e-11,64,0
29,boundary,wave,wave,w*dz(w),0,1,0,1,1,0,0,0,64
29,boundary,wave,wave,u*dx(eta),0,1,0,1,1,0,0,0,64
29,boundary,wave,wave,v*dy(eta),2.27458350785724e-07,2,0,16,1,9.80336469693329e-16,4.65785188197287e-11,64,0
29,boundary,wave,wave,w*dz(eta),0,1,0,1,1,0,0,0,64
29,boundary,wave,wave,w*eta*dlogN2,0,1,0,1,1,0,0,0,64
29,apv,boundary,wave,u*dx(u),0,-1,0,1,0,0,0,0,8
29,apv,boundary,wave,v*dy(u),1.81846133543787e-13,3,0,1,0,1.51111383423262e-15,2.41011655077727e-11,8,0
29,apv,boundary,wave,w*dz(u),0,-1,0,1,0,0,0,0,8
29,apv,boundary,wave,u*dx(v),0,-1,0,1,0,0,0,0,8
29,apv,boundary,wave,v*dy(v),0,-1,0,1,0,0,0,0,8
29,apv,boundary,wave,w*dz(v),0,-1,0,1,0,0,0,0,8
29,apv,boundary,wave,u*dx(w),0,-1,0,1,0,0,0,0,8
29,apv,boundary,wave,v*dy(w),0,-1,0,1,0,0,0,0,8
29,apv,boundary,wave,w*dz(w),0,-1,0,1,0,0,0,0,8
29,apv,boundary,wave,u*dx(eta),0,-1,0,1,0,0,0,0,8
29,apv,boundary,wave,v*dy(eta),4.75994994039018e-15,3,0,2,0,5.63679709763367e-16,2.45294895506731e-11,8,0
29,apv,boundary,wave,w*dz(eta),0,-1,0,1,0,0,0,0,8
29,apv,boundary,wave,w*eta*dlogN2,0,-1,0,1,0,0,0,0,8
29,boundary,apv,wave,u*dx(u),0,1,0,-1,0,0,0,0,8
29,boundary,apv,wave,v*dy(u),1.69279854297441e-13,1,0,3,0,1.17305643626891e-15,1.78101977610368e-11,8,0
29,boundary,apv,wave,w*dz(u),0,1,0,-1,0,0,0,0,8
29,boundary,apv,wave,u*dx(v),0,1,0,-1,0,0,0,0,8
29,boundary,apv,wave,v*dy(v),0,1,0,-1,0,0,0,0,8
29,boundary,apv,wave,w*dz(v),0,1,0,-1,0,0,0,0,8
29,boundary,apv,wave,u*dx(w),0,1,0,-1,0,0,0,0,8
29,boundary,apv,wave,v*dy(w),0,1,0,-1,0,0,0,0,8
29,boundary,apv,wave,w*dz(w),0,1,0,-1,0,0,0,0,8
29,boundary,apv,wave,u*dx(eta),0,1,0,-1,0,0,0,0,8
29,boundary,apv,wave,v*dy(eta),3.07765483418985e-14,2,0,-1,0,1.15009581818138e-15,4.34245972513736e-11,8,0
29,boundary,apv,wave,w*dz(eta),0,1,0,-1,0,0,0,0,8
29,boundary,apv,wave,w*eta*dlogN2,0,1,0,-1,0,0,0,0,8
29,boundary,boundary,wave,u*dx(u),0,1,0,1,0,0,0,0,4
29,boundary,boundary,wave,v*dy(u),1.57470833177138e-13,1,0,1,0,8.84108580798825e-16,2.6452173784719e-12,4,0
29,boundary,boundary,wave,w*dz(u),0,1,0,1,0,0,0,0,4
29,boundary,boundary,wave,u*dx(v),0,1,0,1,0,0,0,0,4
29,boundary,boundary,wave,v*dy(v),0,1,0,1,0,0,0,0,4
29,boundary,boundary,wave,w*dz(v),0,1,0,1,0,0,0,0,4
29,boundary,boundary,wave,u*dx(w),0,1,0,1,0,0,0,0,4
29,boundary,boundary,wave,v*dy(w),0,1,0,1,0,0,0,0,4
29,boundary,boundary,wave,w*dz(w),0,1,0,1,0,0,0,0,4
29,boundary,boundary,wave,u*dx(eta),0,1,0,1,0,0,0,0,4
29,boundary,boundary,wave,v*dy(eta),2.85892574668271e-15,1,0,2,0,5.76730927385685e-16,2.98339131177272e-12,4,0
29,boundary,boundary,wave,w*dz(eta),0,1,0,1,0,0,0,0,4
29,boundary,boundary,wave,w*eta*dlogN2,0,1,0,1,0,0,0,0,4
48,wave,wave,inertial,u*dx(u),0,1,1,1,1,0,0,0,640
48,wave,wave,inertial,v*dy(u),4.48644098738974e-06,16,1,15,1,1.17984529532665e-15,1.38382416636773e-10,640,0
48,wave,wave,inertial,w*dz(u),4.48678776766522e-06,16,1,15,1,1.53210777398272e-14,1.74213041748139e-06,640,0
48,wave,wave,inertial,u*dx(v),0,1,1,1,1,0,0,0,640
48,wave,wave,inertial,v*dy(v),4.4864409872841e-06,15,1,16,1,1.05462176294004e-15,1.8449330951853e-10,640,0
48,wave,wave,inertial,w*dz(v),4.48678776782923e-06,16,1,15,1,1.53210777398272e-14,1.74217652881836e-06,640,0
48,wave,wave,mda,u*dx(eta),0,1,1,1,1,0,0,0,640
48,wave,wave,mda,v*dy(eta),2.95100857994115e-06,16,1,15,1,2.82461097208428e-15,6.12369025223107e-10,640,0
48,wave,wave,mda,w*dz(eta),2.95100858046642e-06,15,1,16,1,5.26556183193815e-15,6.1236908680858e-10,640,0
48,wave,wave,mda,w*eta*dlogN2,4.02513137941827e-06,16,1,16,1,2.9320210084189e-15,1.61884631488544e-10,640,0
48,wave,apv,inertial,u*dx(u),0,1,1,-1,0,0,0,0,128
48,wave,apv,inertial,v*dy(u),3.45612825159755e-10,16,1,3,0,1.21014872844615e-15,9.2415186614403e-11,128,0
48,wave,apv,inertial,w*dz(u),3.75510873449922e-10,16,1,3,0,9.81028997972687e-16,9.18780607150893e-11,128,0
48,wave,apv,inertial,u*dx(v),0,1,1,-1,0,0,0,0,128
48,wave,apv,inertial,v*dy(v),0,1,1,-1,0,0,0,0,128
48,wave,apv,inertial,w*dz(v),0,1,1,-1,0,0,0,0,128
48,wave,apv,mda,u*dx(eta),0,1,1,-1,0,0,0,0,128
48,wave,apv,mda,v*dy(eta),7.11198467107663e-13,16,1,3,0,2.68679994272939e-15,6.92627516561462e-10,128,0
48,wave,apv,mda,w*dz(eta),1.05823244538544e-11,14,1,-1,0,2.53825448844463e-15,1.16428626619146e-06,128,0
48,wave,apv,mda,w*eta*dlogN2,1.38935830827783e-12,16,1,3,0,3.46473739808469e-15,1.06868545173219e-10,128,0
48,apv,wave,inertial,u*dx(u),0,-1,0,1,1,0,0,0,128
48,apv,wave,inertial,v*dy(u),0,-1,0,1,1,0,0,0,128
48,apv,wave,inertial,w*dz(u),0,-1,0,1,1,0,0,0,128
48,apv,wave,inertial,u*dx(v),0,-1,0,1,1,0,0,0,128
48,apv,wave,inertial,v*dy(v),0,-1,0,1,1,0,0,0,128
48,apv,wave,inertial,w*dz(v),0,-1,0,1,1,0,0,0,128
48,apv,wave,mda,u*dx(eta),0,-1,0,1,1,0,0,0,128
48,apv,wave,mda,v*dy(eta),0,-1,0,1,1,0,0,0,128
48,apv,wave,mda,w*dz(eta),0,-1,0,1,1,0,0,0,128
48,apv,wave,mda,w*eta*dlogN2,0,-1,0,1,1,0,0,0,128
48,wave,boundary,inertial,u*dx(u),0,1,1,1,0,0,0,0,64
48,wave,boundary,inertial,v*dy(u),3.8296016374506e-12,16,1,1,0,1.08801818561505e-15,9.31710264495678e-11,64,0
48,wave,boundary,inertial,w*dz(u),3.73728591116282e-12,16,1,2,0,8.44372042480807e-16,9.22109055778719e-11,64,0
48,wave,boundary,inertial,u*dx(v),0,1,1,1,0,0,0,0,64
48,wave,boundary,inertial,v*dy(v),0,1,1,1,0,0,0,0,64
48,wave,boundary,inertial,w*dz(v),0,1,1,1,0,0,0,0,64
48,wave,boundary,mda,u*dx(eta),0,1,1,1,0,0,0,0,64
48,wave,boundary,mda,v*dy(eta),1.13458575867176e-13,1,1,1,0,4.61052628824892e-16,7.18348707126528e-10,64,0
48,wave,boundary,mda,w*dz(eta),2.63626384710758e-15,1,1,1,0,1.47914425668689e-15,1.29142797302372e-10,64,0
48,wave,boundary,mda,w*eta*dlogN2,4.95012551450569e-15,2,1,1,0,2.74750658580121e-15,1.27855056965604e-10,64,0
48,boundary,wave,inertial,u*dx(u),0,1,0,1,1,0,0,0,64
48,boundary,wave,inertial,v*dy(u),0,1,0,1,1,0,0,0,64
48,boundary,wave,inertial,w*dz(u),0,1,0,1,1,0,0,0,64
48,boundary,wave,inertial,u*dx(v),0,1,0,1,1,0,0,0,64
48,boundary,wave,inertial,v*dy(v),0,1,0,1,1,0,0,0,64
48,boundary,wave,inertial,w*dz(v),0,1,0,1,1,0,0,0,64
48,boundary,wave,mda,u*dx(eta),0,1,0,1,1,0,0,0,64
48,boundary,wave,mda,v*dy(eta),0,1,0,1,1,0,0,0,64
48,boundary,wave,mda,w*dz(eta),0,1,0,1,1,0,0,0,64
48,boundary,wave,mda,w*eta*dlogN2,0,1,0,1,1,0,0,0,64
48,apv,boundary,inertial,u*dx(u),0,-1,0,1,0,0,0,0,8
48,apv,boundary,inertial,v*dy(u),0,-1,0,1,0,0,0,0,8
48,apv,boundary,inertial,w*dz(u),0,-1,0,1,0,0,0,0,8
48,apv,boundary,inertial,u*dx(v),0,-1,0,1,0,0,0,0,8
48,apv,boundary,inertial,v*dy(v),0,-1,0,1,0,0,0,0,8
48,apv,boundary,inertial,w*dz(v),0,-1,0,1,0,0,0,0,8
48,apv,boundary,mda,u*dx(eta),0,-1,0,1,0,0,0,0,8
48,apv,boundary,mda,v*dy(eta),0,-1,0,1,0,0,0,0,8
48,apv,boundary,mda,w*dz(eta),0,-1,0,1,0,0,0,0,8
48,apv,boundary,mda,w*eta*dlogN2,0,-1,0,1,0,0,0,0,8
48,boundary,apv,inertial,u*dx(u),0,1,0,-1,0,0,0,0,8
48,boundary,apv,inertial,v*dy(u),0,1,0,-1,0,0,0,0,8
48,boundary,apv,inertial,w*dz(u),0,1,0,-1,0,0,0,0,8
48,boundary,apv,inertial,u*dx(v),0,1,0,-1,0,0,0,0,8
48,boundary,apv,inertial,v*dy(v),0,1,0,-1,0,0,0,0,8
48,boundary,apv,inertial,w*dz(v),0,1,0,-1,0,0,0,0,8
48,boundary,apv,mda,u*dx(eta),0,1,0,-1,0,0,0,0,8
48,boundary,apv,mda,v*dy(eta),0,1,0,-1,0,0,0,0,8
48,boundary,apv,mda,w*dz(eta),0,1,0,-1,0,0,0,0,8
48,boundary,apv,mda,w*eta*dlogN2,0,1,0,-1,0,0,0,0,8
48,boundary,boundary,inertial,u*dx(u),0,1,0,1,0,0,0,0,4
48,boundary,boundary,inertial,v*dy(u),0,1,0,1,0,0,0,0,4
48,boundary,boundary,inertial,w*dz(u),0,1,0,1,0,0,0,0,4
48,boundary,boundary,inertial,u*dx(v),0,1,0,1,0,0,0,0,4
48,boundary,boundary,inertial,v*dy(v),0,1,0,1,0,0,0,0,4
48,boundary,boundary,inertial,w*dz(v),0,1,0,1,0,0,0,0,4
48,boundary,boundary,mda,u*dx(eta),0,1,0,1,0,0,0,0,4
48,boundary,boundary,mda,v*dy(eta),0,1,0,1,0,0,0,0,4
48,boundary,boundary,mda,w*dz(eta),0,1,0,1,0,0,0,0,4
48,boundary,boundary,mda,w*eta*dlogN2,0,1,0,1,0,0,0,0,4
30,wave,wave,wave,u*dx(u),0,1,1,1,1,0,0,0,640
30,wave,wave,wave,v*dy(u),9.90550353823235e-06,15,1,16,1,1.79224617680746e-15,4.66469085580457e-11,640,0
30,wave,wave,wave,w*dz(u),9.90457331030792e-06,16,1,15,1,2.36082799383322e-14,3.34541555253946e-06,640,0
30,wave,wave,wave,u*dx(v),0,1,1,1,1,0,0,0,640
30,wave,wave,wave,v*dy(v),1.00758227162055e-05,15,1,16,1,1.80918819838026e-15,9.27582455290121e-11,640,0
30,wave,wave,wave,w*dz(v),1.00751494950835e-05,16,1,15,1,2.52564086311793e-14,3.43200582514239e-06,640,0
30,wave,wave,wave,u*dx(w),0,1,1,1,1,0,0,0,640
30,wave,wave,wave,v*dy(w),1.15388537541312e-07,15,1,16,1,8.88178419700125e-16,9.26247967214522e-11,640,0
30,wave,wave,wave,w*dz(w),1.15388493780396e-07,16,1,15,1,8.88178419700125e-16,9.26168031156749e-11,640,0
30,wave,wave,wave,u*dx(eta),0,1,1,1,1,0,0,0,640
30,wave,wave,wave,v*dy(eta),4.80699716084619e-06,16,1,16,1,1.35886369045028e-15,4.65134597504857e-11,640,0
30,wave,wave,wave,w*dz(eta),4.80699749422266e-06,16,1,16,1,1.10137203233551e-15,6.07058847634789e-11,640,0
30,wave,wave,wave,w*eta*dlogN2,4.18041454206868e-06,16,1,16,1,1.16033874258693e-15,6.04506444901176e-11,640,0
30,wave,apv,wave,u*dx(u),0,1,1,-1,0,0,0,0,128
30,wave,apv,wave,v*dy(u),6.09023636530645e-06,16,1,2,0,1.7862827527766e-15,3.01779712330585e-11,128,0
30,wave,apv,wave,w*dz(u),5.50352809658824e-06,16,1,3,0,1.76308146217949e-15,9.74951230858778e-11,128,0
30,wave,apv,wave,u*dx(v),0,1,1,-1,0,0,0,0,128
30,wave,apv,wave,v*dy(v),0,1,1,-1,0,0,0,0,128
30,wave,apv,wave,w*dz(v),0,1,1,-1,0,0,0,0,128
30,wave,apv,wave,u*dx(w),0,1,1,-1,0,0,0,0,128
30,wave,apv,wave,v*dy(w),0,1,1,-1,0,0,0,0,128
30,wave,apv,wave,w*dz(w),0,1,1,-1,0,0,0,0,128
30,wave,apv,wave,u*dx(eta),0,1,1,-1,0,0,0,0,128
30,wave,apv,wave,v*dy(eta),6.56727846193304e-07,16,1,3,0,1.33337003786546e-15,6.812961306224e-11,128,0
30,wave,apv,wave,w*dz(eta),6.74650204420851e-07,16,1,2,0,8.21561989106658e-16,3.17190940180012e-10,128,0
30,wave,apv,wave,w*eta*dlogN2,7.55189972470413e-07,16,1,3,0,8.9745644998368e-16,9.75414193860047e-11,128,0
30,apv,wave,wave,u*dx(u),0,-1,0,1,1,0,0,0,128
30,apv,wave,wave,v*dy(u),6.09023683199969e-06,2,0,16,1,1.67807412732077e-15,4.63042937326463e-11,128,0
30,apv,wave,wave,w*dz(u),0,-1,0,1,1,0,0,0,128
30,apv,wave,wave,u*dx(v),0,-1,0,1,1,0,0,0,128
30,apv,wave,wave,v*dy(v),6.10232098886173e-06,2,0,16,1,1.84453551171299e-15,9.2415186614403e-11,128,0
30,apv,wave,wave,w*dz(v),0,-1,0,1,1,0,0,0,128
30,apv,wave,wave,u*dx(w),0,-1,0,1,1,0,0,0,128
30,apv,wave,wave,v*dy(w),9.72744911519947e-09,2,0,16,1,4.44089209850063e-16,9.82414150030309e-11,128,0
30,apv,wave,wave,w*dz(w),0,-1,0,1,1,0,0,0,128
30,apv,wave,wave,u*dx(eta),0,-1,0,1,1,0,0,0,128
30,apv,wave,wave,v*dy(eta),6.74650195581444e-07,2,0,16,1,8.15619574826427e-16,5.25379739713117e-11,128,0
30,apv,wave,wave,w*dz(eta),0,-1,0,1,1,0,0,0,128
30,apv,wave,wave,w*eta*dlogN2,0,-1,0,1,1,0,0,0,128
30,wave,boundary,wave,u*dx(u),0,1,1,1,0,0,0,0,64
30,wave,boundary,wave,v*dy(u),1.33969489640428e-06,16,1,2,0,1.72052476955558e-15,3.00427460686592e-11,64,0
30,wave,boundary,wave,w*dz(u),1.17178822897423e-06,16,1,2,0,1.43441334104267e-15,6.02924377091085e-11,64,0
30,wave,boundary,wave,u*dx(v),0,1,1,1,0,0,0,0,64
30,wave,boundary,wave,v*dy(v),0,1,1,1,0,0,0,0,64
30,wave,boundary,wave,w*dz(v),0,1,1,1,0,0,0,0,64
30,wave,boundary,wave,u*dx(w),0,1,1,1,0,0,0,0,64
30,wave,boundary,wave,v*dy(w),0,1,1,1,0,0,0,0,64
30,wave,boundary,wave,w*dz(w),0,1,1,1,0,0,0,0,64
30,wave,boundary,wave,u*dx(eta),0,1,1,1,0,0,0,0,64
30,wave,boundary,wave,v*dy(eta),1.29087291517726e-07,16,1,2,0,4.49576515326774e-16,3.00240943218455e-11,64,0
30,wave,boundary,wave,w*dz(eta),1.49042320787413e-07,16,1,2,0,7.49658825770101e-16,6.02906613522691e-11,64,0
30,wave,boundary,wave,w*eta*dlogN2,1.45256739958133e-07,16,1,1,0,8.61679927315011e-16,6.02947691774602e-11,64,0
30,boundary,wave,wave,u*dx(u),0,1,0,1,1,0,0,0,64
30,boundary,wave,wave,v*dy(u),2.06911242313181e-06,2,0,16,1,1.87289019381335e-15,4.71513939004353e-11,64,0
30,boundary,wave,wave,w*dz(u),0,1,0,1,1,0,0,0,64
30,boundary,wave,wave,u*dx(v),0,1,0,1,1,0,0,0,64
30,boundary,wave,wave,v*dy(v),2.07309954253749e-06,2,0,16,1,1.686652209523e-15,9.32625088267969e-11,64,0
30,boundary,wave,wave,w*dz(v),0,1,0,1,1,0,0,0,64
30,boundary,wave,wave,u*dx(w),0,1,0,1,1,0,0,0,64
30,boundary,wave,wave,v*dy(w),3.2835477655523e-09,1,0,16,1,4.44089209850063e-16,9.27153909202616e-11,64,0
30,boundary,wave,wave,w*dz(w),0,1,0,1,1,0,0,0,64
30,boundary,wave,wave,u*dx(eta),0,1,0,1,1,0,0,0,64
30,boundary,wave,wave,v*dy(eta),2.27458350785724e-07,2,0,16,1,9.80336469693329e-16,4.65785188197287e-11,64,0
30,boundary,wave,wave,w*dz(eta),0,1,0,1,1,0,0,0,64
30,boundary,wave,wave,w*eta*dlogN2,0,1,0,1,1,0,0,0,64
30,apv,boundary,wave,u*dx(u),0,-1,0,1,0,0,0,0,8
30,apv,boundary,wave,v*dy(u),1.81846133543787e-13,3,0,1,0,1.51111383423262e-15,2.41011655077727e-11,8,0
30,apv,boundary,wave,w*dz(u),0,-1,0,1,0,0,0,0,8
30,apv,boundary,wave,u*dx(v),0,-1,0,1,0,0,0,0,8
30,apv,boundary,wave,v*dy(v),0,-1,0,1,0,0,0,0,8
30,apv,boundary,wave,w*dz(v),0,-1,0,1,0,0,0,0,8
30,apv,boundary,wave,u*dx(w),0,-1,0,1,0,0,0,0,8
30,apv,boundary,wave,v*dy(w),0,-1,0,1,0,0,0,0,8
30,apv,boundary,wave,w*dz(w),0,-1,0,1,0,0,0,0,8
30,apv,boundary,wave,u*dx(eta),0,-1,0,1,0,0,0,0,8
30,apv,boundary,wave,v*dy(eta),4.75994994039018e-15,3,0,2,0,5.63679709763367e-16,2.45294895506731e-11,8,0
30,apv,boundary,wave,w*dz(eta),0,-1,0,1,0,0,0,0,8
30,apv,boundary,wave,w*eta*dlogN2,0,-1,0,1,0,0,0,0,8
30,boundary,apv,wave,u*dx(u),0,1,0,-1,0,0,0,0,8
30,boundary,apv,wave,v*dy(u),1.69279854297441e-13,1,0,3,0,1.17305643626891e-15,1.78101977610368e-11,8,0
30,boundary,apv,wave,w*dz(u),0,1,0,-1,0,0,0,0,8
30,boundary,apv,wave,u*dx(v),0,1,0,-1,0,0,0,0,8
30,boundary,apv,wave,v*dy(v),0,1,0,-1,0,0,0,0,8
30,boundary,apv,wave,w*dz(v),0,1,0,-1,0,0,0,0,8
30,boundary,apv,wave,u*dx(w),0,1,0,-1,0,0,0,0,8
30,boundary,apv,wave,v*dy(w),0,1,0,-1,0,0,0,0,8
30,boundary,apv,wave,w*dz(w),0,1,0,-1,0,0,0,0,8
30,boundary,apv,wave,u*dx(eta),0,1,0,-1,0,0,0,0,8
30,boundary,apv,wave,v*dy(eta),3.07765483418985e-14,2,0,-1,0,1.15009581818138e-15,4.34245972513736e-11,8,0
30,boundary,apv,wave,w*dz(eta),0,1,0,-1,0,0,0,0,8
30,boundary,apv,wave,w*eta*dlogN2,0,1,0,-1,0,0,0,0,8
30,boundary,boundary,wave,u*dx(u),0,1,0,1,0,0,0,0,4
30,boundary,boundary,wave,v*dy(u),1.57470833177138e-13,1,0,1,0,8.84108580798825e-16,2.6452173784719e-12,4,0
30,boundary,boundary,wave,w*dz(u),0,1,0,1,0,0,0,0,4
30,boundary,boundary,wave,u*dx(v),0,1,0,1,0,0,0,0,4
30,boundary,boundary,wave,v*dy(v),0,1,0,1,0,0,0,0,4
30,boundary,boundary,wave,w*dz(v),0,1,0,1,0,0,0,0,4
30,boundary,boundary,wave,u*dx(w),0,1,0,1,0,0,0,0,4
30,boundary,boundary,wave,v*dy(w),0,1,0,1,0,0,0,0,4
30,boundary,boundary,wave,w*dz(w),0,1,0,1,0,0,0,0,4
30,boundary,boundary,wave,u*dx(eta),0,1,0,1,0,0,0,0,4
30,boundary,boundary,wave,v*dy(eta),2.85892574668271e-15,1,0,2,0,5.76730927385685e-16,2.98339131177272e-12,4,0
30,boundary,boundary,wave,w*dz(eta),0,1,0,1,0,0,0,0,4
30,boundary,boundary,wave,w*eta*dlogN2,0,1,0,1,0,0,0,0,4
46,wave,wave,wave,u*dx(u),9.90550353837076e-06,16,1,15,1,1.98080906920438e-15,6.0485061403881e-11,640,0
46,wave,wave,wave,v*dy(u),0,1,1,1,1,0,0,0,640
46,wave,wave,wave,w*dz(u),9.90457326634208e-06,16,1,15,1,1.45386887650356e-14,1.73897541208173e-06,640,0
46,wave,wave,wave,u*dx(v),1.00758227161696e-05,16,1,15,1,1.72857770877082e-15,4.66469085580457e-11,640,0
46,wave,wave,wave,v*dy(v),0,1,1,1,1,0,0,0,640
46,wave,wave,wave,w*dz(v),1.00751494359686e-05,16,1,15,1,1.47196899968189e-14,1.78398487370342e-06,640,0
46,wave,wave,wave,u*dx(w),1.1538849380021e-07,15,1,16,1,8.88178419700125e-16,6.06373840028596e-11,640,0
46,wave,wave,wave,v*dy(w),0,1,1,1,1,0,0,0,640
46,wave,wave,wave,w*dz(w),1.15388537557853e-07,16,1,15,1,6.66133814775094e-16,9.26303478365753e-11,640,0
46,wave,wave,wave,u*dx(eta),4.80699749423088e-06,16,1,16,1,1.14047883263447e-15,4.66382488184536e-11,640,0
46,wave,wave,wave,v*dy(eta),0,1,1,1,1,0,0,0,640
46,wave,wave,wave,w*dz(eta),4.8069971608699e-06,16,1,16,1,1.37141972701854e-15,9.26245746768473e-11,640,0
46,wave,wave,wave,w*eta*dlogN2,4.18041454187005e-06,16,1,16,1,1.26681278534383e-15,9.25666210349618e-11,640,0
46,wave,apv,wave,u*dx(u),0,1,1,-1,0,0,0,0,128
46,wave,apv,wave,v*dy(u),0,1,1,-1,0,0,0,0,128
46,wave,apv,wave,w*dz(u),0,1,1,-1,0,0,0,0,128
46,wave,apv,wave,u*dx(v),6.10232098885354e-06,16,1,2,0,1.67059711070493e-15,4.63042937326463e-11,128,0
46,wave,apv,wave,v*dy(v),0,1,1,-1,0,0,0,0,128
46,wave,apv,wave,w*dz(v),5.51620579903155e-06,16,1,3,0,1.74886946018129e-15,9.18782827596942e-11,128,0
46,wave,apv,wave,u*dx(w),0,1,1,-1,0,0,0,0,128
46,wave,apv,wave,v*dy(w),0,1,1,-1,0,0,0,0,128
46,wave,apv,wave,w*dz(w),0,1,1,-1,0,0,0,0,128
46,wave,apv,wave,u*dx(eta),6.56728003187571e-07,16,1,3,0,1.49803365097608e-15,4.81819029118924e-11,128,0
46,wave,apv,wave,v*dy(eta),0,1,1,-1,0,0,0,0,128
46,wave,apv,wave,w*dz(eta),6.7465024536399e-07,16,1,2,0,9.06873081345562e-16,1.6474299702196e-10,128,0
46,wave,apv,wave,w*eta*dlogN2,7.55189935180546e-07,16,1,3,0,1.79823168437723e-15,9.21440701517895e-11,128,0
46,apv,wave,wave,u*dx(u),6.09023636521106e-06,2,0,16,1,1.93215469511539e-15,6.0301430515608e-11,128,0
46,apv,wave,wave,v*dy(u),0,-1,0,1,1,0,0,0,128
46,apv,wave,wave,w*dz(u),0,-1,0,1,1,0,0,0,128
46,apv,wave,wave,u*dx(v),6.10232052059279e-06,2,0,16,1,1.81234492930889e-15,3.01777491884536e-11,128,0
46,apv,wave,wave,v*dy(v),0,-1,0,1,1,0,0,0,128
46,apv,wave,wave,w*dz(v),0,-1,0,1,1,0,0,0,128
46,apv,wave,wave,u*dx(w),9.7274484391359e-09,2,0,16,1,4.44089209850063e-16,6.75912659175992e-11,128,0
46,apv,wave,wave,v*dy(w),0,-1,0,1,1,0,0,0,128
46,apv,wave,wave,w*dz(w),0,-1,0,1,1,0,0,0,128
46,apv,wave,wave,u*dx(eta),6.74650154624601e-07,2,0,16,1,8.39511898094976e-16,3.87239129651107e-11,128,0
46,apv,wave,wave,v*dy(eta),0,-1,0,1,1,0,0,0,128
46,apv,wave,wave,w*dz(eta),0,-1,0,1,1,0,0,0,128
46,apv,wave,wave,w*eta*dlogN2,0,-1,0,1,1,0,0,0,128
46,wave,boundary,wave,u*dx(u),0,1,1,1,0,0,0,0,64
46,wave,boundary,wave,v*dy(u),0,1,1,1,0,0,0,0,64
46,wave,boundary,wave,w*dz(u),0,1,1,1,0,0,0,0,64
46,wave,boundary,wave,u*dx(v),2.07309954199859e-06,16,1,2,0,1.72027657239655e-15,4.71511718558304e-11,64,0
46,wave,boundary,wave,v*dy(v),0,1,1,1,0,0,0,0,64
46,wave,boundary,wave,w*dz(v),1.4790037726995e-06,16,1,2,0,1.75845396324175e-15,9.22024678828848e-11,64,0
46,wave,boundary,wave,u*dx(w),0,1,1,1,0,0,0,0,64
46,wave,boundary,wave,v*dy(w),0,1,1,1,0,0,0,0,64
46,wave,boundary,wave,w*dz(w),0,1,1,1,0,0,0,0,64
46,wave,boundary,wave,u*dx(eta),1.65278957115205e-07,16,1,2,0,6.45409699487414e-16,4.64961402713016e-11,64,0
46,wave,boundary,wave,v*dy(eta),0,1,1,1,0,0,0,0,64
46,wave,boundary,wave,w*dz(eta),2.27458350925359e-07,16,1,2,0,8.42591449819676e-16,9.22000253922306e-11,64,0
46,wave,boundary,wave,w*eta*dlogN2,2.18429399115261e-07,16,1,1,0,1.82719423773149e-15,9.21982490353912e-11,64,0
46,boundary,wave,wave,u*dx(u),1.33969489669978e-06,2,0,16,1,1.7493722322744e-15,6.01660943289062e-11,64,0
46,boundary,wave,wave,v*dy(u),0,1,0,1,1,0,0,0,64
46,boundary,wave,wave,w*dz(u),0,1,0,1,1,0,0,0,64
46,boundary,wave,wave,u*dx(v),1.34231111773147e-06,2,0,16,1,1.70653487768761e-15,3.00425240240543e-11,64,0
46,boundary,wave,wave,v*dy(v),0,1,0,1,1,0,0,0,64
46,boundary,wave,wave,w*dz(v),0,1,0,1,1,0,0,0,64
46,boundary,wave,wave,u*dx(w),2.13866483163778e-09,1,0,16,1,6.66133814775094e-16,6.028078036735e-11,64,0
46,boundary,wave,wave,v*dy(w),0,1,0,1,1,0,0,0,64
46,boundary,wave,wave,w*dz(w),0,1,0,1,1,0,0,0,64
46,boundary,wave,wave,u*dx(eta),1.49042320811633e-07,2,0,16,1,1.10466277523559e-15,3.02199376633894e-11,64,0
46,boundary,wave,wave,v*dy(eta),0,1,0,1,1,0,0,0,64
46,boundary,wave,wave,w*dz(eta),0,1,0,1,1,0,0,0,64
46,boundary,wave,wave,w*eta*dlogN2,0,1,0,1,1,0,0,0,64
46,apv,boundary,wave,u*dx(u),0,-1,0,1,0,0,0,0,8
46,apv,boundary,wave,v*dy(u),0,-1,0,1,0,0,0,0,8
46,apv,boundary,wave,w*dz(u),0,-1,0,1,0,0,0,0,8
46,apv,boundary,wave,u*dx(v),2.16633351720215e-13,3,0,1,0,1.44978344473827e-15,1.9167873100173e-11,8,0
46,apv,boundary,wave,v*dy(v),0,-1,0,1,0,0,0,0,8
46,apv,boundary,wave,w*dz(v),0,-1,0,1,0,0,0,0,8
46,apv,boundary,wave,u*dx(w),0,-1,0,1,0,0,0,0,8
46,apv,boundary,wave,v*dy(w),0,-1,0,1,0,0,0,0,8
46,apv,boundary,wave,w*dz(w),0,-1,0,1,0,0,0,0,8
46,apv,boundary,wave,u*dx(eta),1.5512142735631e-14,3,0,2,0,5.78378014967726e-16,2.10538253497816e-11,8,0
46,apv,boundary,wave,v*dy(eta),0,-1,0,1,0,0,0,0,8
46,apv,boundary,wave,w*dz(eta),0,-1,0,1,0,0,0,0,8
46,apv,boundary,wave,w*eta*dlogN2,0,-1,0,1,0,0,0,0,8
46,boundary,apv,wave,u*dx(u),0,1,0,-1,0,0,0,0,8
46,boundary,apv,wave,v*dy(u),0,1,0,-1,0,0,0,0,8
46,boundary,apv,wave,w*dz(u),0,1,0,-1,0,0,0,0,8
46,boundary,apv,wave,u*dx(v),2.39952588235567e-13,1,0,3,0,1.49873220701012e-15,2.41011655077727e-11,8,0
46,boundary,apv,wave,v*dy(v),0,1,0,-1,0,0,0,0,8
46,boundary,apv,wave,w*dz(v),0,1,0,-1,0,0,0,0,8
46,boundary,apv,wave,u*dx(w),0,1,0,-1,0,0,0,0,8
46,boundary,apv,wave,v*dy(w),0,1,0,-1,0,0,0,0,8
46,boundary,apv,wave,w*dz(w),0,1,0,-1,0,0,0,0,8
46,boundary,apv,wave,u*dx(eta),3.44933326221847e-14,2,0,-1,0,9.32260381091935e-16,4.5244918922549e-11,8,0
46,boundary,apv,wave,v*dy(eta),0,1,0,-1,0,0,0,0,8
46,boundary,apv,wave,w*dz(eta),0,1,0,-1,0,0,0,0,8
46,boundary,apv,wave,w*eta*dlogN2,0,1,0,-1,0,0,0,0,8
46,boundary,boundary,wave,u*dx(u),0,1,0,1,0,0,0,0,4
46,boundary,boundary,wave,v*dy(u),0,1,0,1,0,0,0,0,4
46,boundary,boundary,wave,w*dz(u),0,1,0,1,0,0,0,0,4
46,boundary,boundary,wave,u*dx(v),2.19537440690483e-13,1,0,1,0,1.09854003262574e-15,2.6452173784719e-12,4,0
46,boundary,boundary,wave,v*dy(v),0,1,0,1,0,0,0,0,4
46,boundary,boundary,wave,w*dz(v),0,1,0,1,0,0,0,0,4
46,boundary,boundary,wave,u*dx(w),0,1,0,1,0,0,0,0,4
46,boundary,boundary,wave,v*dy(w),0,1,0,1,0,0,0,0,4
46,boundary,boundary,wave,w*dz(w),0,1,0,1,0,0,0,0,4
46,boundary,boundary,wave,u*dx(eta),3.18981516428331e-15,1,0,2,0,9.40274711846918e-16,3.33955085807247e-12,4,0
46,boundary,boundary,wave,v*dy(eta),0,1,0,1,0,0,0,0,4
46,boundary,boundary,wave,w*dz(eta),0,1,0,1,0,0,0,0,4
46,boundary,boundary,wave,w*eta*dlogN2,0,1,0,1,0,0,0,0,4
19,wave,wave,wave,u*dx(u),9.97473135511147e-06,16,1,15,1,1.85664236022233e-15,7.26698701214445e-11,640,0
19,wave,wave,wave,v*dy(u),0,1,1,1,1,0,0,0,640
19,wave,wave,wave,w*dz(u),9.97401003557445e-06,16,1,15,1,1.46152362719104e-14,1.76723785347993e-06,640,0
19,wave,wave,wave,u*dx(v),9.6798799044571e-06,16,-1,15,1,1.90789340771935e-15,4.25461887942902e-11,640,0
19,wave,wave,wave,v*dy(v),0,1,1,1,1,0,0,0,640
19,wave,wave,wave,w*dz(v),9.67881756742549e-06,16,1,15,1,1.40838754889598e-14,1.69974062877331e-06,640,0
19,wave,wave,wave,u*dx(w),1.63581993884093e-07,15,1,16,1,6.66133814775094e-16,7.23225923593418e-11,640,0
19,wave,wave,wave,v*dy(w),0,1,1,1,1,0,0,0,640
19,wave,wave,wave,w*dz(w),1.63582120344904e-07,16,1,15,1,7.7715611723761e-16,7.28175297837197e-11,640,0
19,wave,wave,wave,u*dx(eta),6.03804116908994e-06,16,1,16,1,1.34080276386162e-15,4.21550572227147e-11,640,0
19,wave,wave,wave,v*dy(eta),0,1,1,1,1,0,0,0,640
19,wave,wave,wave,w*dz(eta),6.03804033328458e-06,16,1,16,1,1.42327761563111e-15,4.26205737369401e-11,640,0
19,wave,wave,wave,w*eta*dlogN2,4.85934477025556e-06,16,1,16,1,1.21969664999971e-15,4.26736423975171e-11,640,0
19,wave,apv,wave,u*dx(u),0,1,1,-1,0,0,0,0,128
19,wave,apv,wave,v*dy(u),0,1,1,-1,0,0,0,0,128
19,wave,apv,wave,w*dz(u),0,1,1,-1,0,0,0,0,128
19,wave,apv,wave,u*dx(v),6.06509785064281e-06,16,1,2,0,1.52148288370902e-15,1.24964483205758e-11,128,0
19,wave,apv,wave,v*dy(v),0,1,1,-1,0,0,0,0,128
19,wave,apv,wave,w*dz(v),5.47725670022378e-06,16,1,3,0,1.94899705253383e-15,4.96775953706674e-11,128,0
19,wave,apv,wave,u*dx(w),0,1,1,-1,0,0,0,0,128
19,wave,apv,wave,v*dy(w),0,1,1,-1,0,0,0,0,128
19,wave,apv,wave,w*dz(w),0,1,1,-1,0,0,0,0,128
19,wave,apv,wave,u*dx(eta),9.25153139379319e-07,16,1,3,0,1.07538801102434e-15,5.00782748602546e-11,128,0
19,wave,apv,wave,v*dy(eta),0,1,1,-1,0,0,0,0,128
19,wave,apv,wave,w*dz(eta),9.51373354969961e-07,16,1,2,0,1.37025736327899e-15,2.69452460344155e-10,128,0
19,wave,apv,wave,w*eta*dlogN2,1.06439931692154e-06,16,1,3,0,1.79369984574695e-15,4.97395458154415e-11,128,0
19,apv,wave,wave,u*dx(u),6.09053490161247e-06,2,0,16,1,2.02182540893177e-15,6.0301430515608e-11,128,0
19,apv,wave,wave,v*dy(u),0,-1,0,1,1,0,0,0,128
19,apv,wave,wave,w*dz(u),0,-1,0,1,1,0,0,0,128
19,apv,wave,wave,u*dx(v),6.06509690428893e-06,2,0,16,1,1.641429461402e-15,3.01777491884536e-11,128,0
19,apv,wave,wave,v*dy(v),0,-1,0,1,1,0,0,0,128
19,apv,wave,wave,w*dz(v),0,-1,0,1,1,0,0,0,128
19,apv,wave,wave,u*dx(w),1.38030702903693e-08,2,0,16,1,4.44089209850063e-16,6.75912659175992e-11,128,0
19,apv,wave,wave,v*dy(w),0,-1,0,1,1,0,0,0,128
19,apv,wave,wave,w*dz(w),0,-1,0,1,1,0,0,0,128
19,apv,wave,wave,u*dx(eta),9.51373167438498e-07,2,0,16,1,1.11485932905385e-15,3.87239129651107e-11,128,0
19,apv,wave,wave,v*dy(eta),0,-1,0,1,1,0,0,0,128
19,apv,wave,wave,w*dz(eta),0,-1,0,1,1,0,0,0,128
19,apv,wave,wave,w*eta*dlogN2,0,-1,0,1,1,0,0,0,128
19,wave,boundary,wave,u*dx(u),0,1,1,1,0,0,0,0,64
19,wave,boundary,wave,v*dy(u),0,1,1,1,0,0,0,0,64
19,wave,boundary,wave,w*dz(u),0,1,1,1,0,0,0,0,64
19,wave,boundary,wave,u*dx(v),2.06082123294586e-06,16,1,2,0,2.14596296877236e-15,1.34759980952026e-11,64,0
19,wave,boundary,wave,v*dy(v),0,1,1,1,0,0,0,0,64
19,wave,boundary,wave,w*dz(v),1.46971718355265e-06,16,1,2,0,1.4992160265134e-15,1.28322907855249e-11,64,0
19,wave,boundary,wave,u*dx(w),0,1,1,1,0,0,0,0,64
19,wave,boundary,wave,v*dy(w),0,1,1,1,0,0,0,0,64
19,wave,boundary,wave,w*dz(w),0,1,1,1,0,0,0,0,64
19,wave,boundary,wave,u*dx(eta),2.33040255675744e-07,16,1,2,0,8.38475596606728e-16,1.29813937377321e-11,64,0
19,wave,boundary,wave,v*dy(eta),0,1,1,1,0,0,0,0,64
19,wave,boundary,wave,w*dz(eta),3.20835927497646e-07,16,1,2,0,1.75216582725399e-15,1.27369226277096e-11,64,0
19,wave,boundary,wave,w*eta*dlogN2,3.08086830826854e-07,16,1,1,0,7.46980850406876e-16,1.2891354650435e-11,64,0
19,boundary,wave,wave,u*dx(u),9.07321093035252e-07,2,0,16,1,2.07528807807142e-15,6.33219032764032e-11,64,0
19,boundary,wave,wave,v*dy(u),0,1,0,1,1,0,0,0,64
19,boundary,wave,wave,w*dz(u),0,1,0,1,1,0,0,0,64
19,boundary,wave,wave,u*dx(v),9.03532778674289e-07,2,0,16,1,1.60586390423343e-15,3.31983329715513e-11,64,0
19,boundary,wave,wave,v*dy(v),0,1,0,1,1,0,0,0,64
19,boundary,wave,wave,w*dz(v),0,1,0,1,1,0,0,0,64
19,boundary,wave,wave,u*dx(w),2.07837306719e-09,1,0,16,1,6.66133814775094e-16,6.29940544172314e-11,64,0
19,boundary,wave,wave,v*dy(w),0,1,0,1,1,0,0,0,64
19,boundary,wave,wave,w*dz(w),0,1,0,1,1,0,0,0,64
19,boundary,wave,wave,u*dx(eta),1.44169378247105e-07,2,0,16,1,1.0907185548317e-15,3.28836957663725e-11,64,0
19,boundary,wave,wave,v*dy(eta),0,1,0,1,1,0,0,0,64
19,boundary,wave,wave,w*dz(eta),0,1,0,1,1,0,0,0,64
19,boundary,wave,wave,w*eta*dlogN2,0,1,0,1,1,0,0,0,64
19,apv,boundary,wave,u*dx(u),0,-1,0,1,0,0,0,0,8
19,apv,boundary,wave,v*dy(u),0,-1,0,1,0,0,0,0,8
19,apv,boundary,wave,w*dz(u),0,-1,0,1,0,0,0,0,8
19,apv,boundary,wave,u*dx(v),1.60023734524541e-13,3,0,1,0,1.17230208944742e-15,1.78097536718269e-11,8,0
19,apv,boundary,wave,v*dy(v),0,-1,0,1,0,0,0,0,8
19,apv,boundary,wave,w*dz(v),0,-1,0,1,0,0,0,0,8
19,apv,boundary,wave,u*dx(w),0,-1,0,1,0,0,0,0,8
19,apv,boundary,wave,v*dy(w),0,-1,0,1,0,0,0,0,8
19,apv,boundary,wave,w*dz(w),0,-1,0,1,0,0,0,0,8
19,apv,boundary,wave,u*dx(eta),2.18385992832127e-14,3,0,2,0,8.70823269973787e-16,2.10538253497816e-11,8,0
19,apv,boundary,wave,v*dy(eta),0,-1,0,1,0,0,0,0,8
19,apv,boundary,wave,w*dz(eta),0,-1,0,1,0,0,0,0,8
19,apv,boundary,wave,w*eta*dlogN2,0,-1,0,1,0,0,0,0,8
19,boundary,apv,wave,u*dx(u),0,1,0,-1,0,0,0,0,8
19,boundary,apv,wave,v*dy(u),0,1,0,-1,0,0,0,0,8
19,boundary,apv,wave,w*dz(u),0,1,0,-1,0,0,0,0,8
19,boundary,apv,wave,u*dx(v),1.67081828483594e-13,1,0,3,0,9.80290333183031e-16,2.54369858510017e-11,8,0
19,boundary,apv,wave,v*dy(v),0,1,0,-1,0,0,0,0,8
19,boundary,apv,wave,w*dz(v),0,1,0,-1,0,0,0,0,8
19,boundary,apv,wave,u*dx(w),0,1,0,-1,0,0,0,0,8
19,boundary,apv,wave,v*dy(w),0,1,0,-1,0,0,0,0,8
19,boundary,apv,wave,w*dz(w),0,1,0,-1,0,0,0,0,8
19,boundary,apv,wave,u*dx(eta),5.33602213974611e-14,2,0,1,0,1.17823419986198e-15,4.78266315440123e-11,8,0
19,boundary,apv,wave,v*dy(eta),0,1,0,-1,0,0,0,0,8
19,boundary,apv,wave,w*dz(eta),0,1,0,-1,0,0,0,0,8
19,boundary,apv,wave,w*eta*dlogN2,0,1,0,-1,0,0,0,0,8
19,boundary,boundary,wave,u*dx(u),0,1,0,1,0,0,0,0,4
19,boundary,boundary,wave,v*dy(u),0,1,0,1,0,0,0,0,4
19,boundary,boundary,wave,w*dz(u),0,1,0,1,0,0,0,0,4
19,boundary,boundary,wave,u*dx(v),1.57339885277506e-13,1,0,1,0,1.08182967628631e-15,1.22148202443415e-11,4,0
19,boundary,boundary,wave,v*dy(v),0,1,0,1,0,0,0,0,4
19,boundary,boundary,wave,w*dz(v),0,1,0,1,0,0,0,0,4
19,boundary,boundary,wave,u*dx(w),0,1,0,1,0,0,0,0,4
19,boundary,boundary,wave,v*dy(w),0,1,0,1,0,0,0,0,4
19,boundary,boundary,wave,w*dz(w),0,1,0,1,0,0,0,0,4
19,boundary,boundary,wave,u*dx(eta),4.90920991594495e-15,1,0,2,0,1.21533348404215e-15,2.85273998699998e-11,4,0
19,boundary,boundary,wave,v*dy(eta),0,1,0,1,0,0,0,0,4
19,boundary,boundary,wave,w*dz(eta),0,1,0,1,0,0,0,0,4
19,boundary,boundary,wave,w*eta*dlogN2,0,1,0,1,0,0,0,0,4
23,wave,wave,inertial,u*dx(u),4.48644107709792e-06,15,-1,16,1,1.062572590207e-15,2.47829534671951e-11,640,0
23,wave,wave,inertial,v*dy(u),4.48644107717639e-06,15,-1,16,1,1.25474201927232e-15,2.47843967571271e-11,640,0
23,wave,wave,inertial,w*dz(u),4.4867879432528e-06,16,1,15,1,1.91926170707687e-14,4.27701041738615e-06,640,0
23,wave,wave,inertial,u*dx(v),4.48644107713877e-06,15,1,16,1,1.18080865502521e-15,2.47845077794295e-11,640,0
23,wave,wave,inertial,v*dy(v),4.48644107709317e-06,15,1,16,1,1.27847224296527e-15,2.47862841362689e-11,640,0
23,wave,wave,inertial,w*dz(v),4.48678794327166e-06,16,1,15,1,1.84759141285246e-14,4.27701041605388e-06,640,0
23,wave,wave,mda,u*dx(eta),2.95100893160626e-06,16,1,15,1,2.65509940214676e-15,7.03094115784833e-10,640,0
23,wave,wave,mda,v*dy(eta),2.95100893447407e-06,16,1,15,1,3.76582933500942e-15,7.03093127312554e-10,640,0
23,wave,wave,mda,w*dz(eta),2.95100893285467e-06,15,1,16,1,3.75361420941175e-15,7.03093645418303e-10,640,0
23,wave,wave,mda,w*eta*dlogN2,4.02513345773191e-06,16,1,16,1,5.40297108954339e-15,4.65939508612345e-11,640,0
23,wave,apv,inertial,u*dx(u),3.45618885131729e-10,16,1,3,0,1.41797181691784e-15,1.24964483205758e-11,128,0
23,wave,apv,inertial,v*dy(u),3.45618856668369e-10,16,1,3,0,9.38780515894321e-16,1.24978916105078e-11,128,0
23,wave,apv,inertial,w*dz(u),3.75516595548549e-10,16,1,3,0,1.26625133625759e-15,4.96777063929699e-11,128,0
23,wave,apv,inertial,u*dx(v),3.45618850530762e-10,16,1,3,0,1.07602888363118e-15,1.24963372982734e-11,128,0
23,wave,apv,inertial,v*dy(v),3.45618865985699e-10,16,1,3,0,1.20655741390861e-15,1.24982246774152e-11,128,0
23,wave,apv,inertial,w*dz(v),3.75516586131585e-10,16,1,3,0,9.51412045997903e-16,4.96775953706674e-11,128,0
23,wave,apv,mda,u*dx(eta),7.1075211629689e-13,16,1,3,0,2.357481344842e-15,7.38363255687638e-10,128,0
23,wave,apv,mda,v*dy(eta),7.10852251815526e-13,16,1,3,0,2.78626340026752e-15,7.38366737415128e-10,128,0
23,wave,apv,mda,w*dz(eta),1.05822711386075e-11,14,1,-1,0,1.8317414937422e-15,1.16420558055976e-06,128,0
23,wave,apv,mda,w*eta*dlogN2,1.38929006106598e-12,16,1,3,0,2.73227383260065e-15,7.99397215089925e-11,128,0
23,apv,wave,inertial,u*dx(u),3.4561886870403e-10,3,0,16,1,1.43579333363177e-15,1.24964483205758e-11,128,0
23,apv,wave,inertial,v*dy(u),3.45618862620916e-10,3,0,16,1,1.43478797880995e-15,1.24964483205758e-11,128,0
23,apv,wave,inertial,w*dz(u),0,-1,0,1,1,0,0,0,128
23,apv,wave,inertial,u*dx(v),3.45618829776307e-10,3,0,16,1,1.12477329089045e-15,1.24982246774152e-11,128,0
23,apv,wave,inertial,v*dy(v),3.45618845655153e-10,3,0,16,1,1.20320253577305e-15,1.24982246774152e-11,128,0
23,apv,wave,inertial,w*dz(v),0,-1,0,1,1,0,0,0,128
23,apv,wave,mda,u*dx(eta),7.22295003354461e-13,3,0,16,1,3.55236211208537e-15,5.03419778079098e-11,128,0
23,apv,wave,mda,v*dy(eta),7.22315951570088e-13,3,0,16,1,3.95540599827009e-15,5.0342360391456e-11,128,0
23,apv,wave,mda,w*dz(eta),0,-1,0,1,1,0,0,0,128
23,apv,wave,mda,w*eta*dlogN2,0,-1,0,1,1,0,0,0,128
23,wave,boundary,inertial,u*dx(u),3.68751780272465e-12,16,1,2,0,9.83993866547863e-16,1.50941481535938e-11,64,0
23,wave,boundary,inertial,v*dy(u),3.68749700422904e-12,16,1,2,0,1.25831353443193e-15,1.50955914435258e-11,64,0
23,wave,boundary,inertial,w*dz(u),9.34211085978208e-13,16,1,2,0,1.55674743469954e-15,1.30204735881989e-11,64,0
23,wave,boundary,inertial,u*dx(v),3.68753179472771e-12,16,1,2,0,1.453026761337e-15,1.50939261089889e-11,64,0
23,wave,boundary,inertial,v*dy(v),3.68745643181234e-12,16,1,2,0,9.48440179520216e-16,1.50958134881307e-11,64,0
23,wave,boundary,inertial,w*dz(v),9.34142828782909e-13,16,1,2,0,1.0448005309533e-15,1.30205846105014e-11,64,0
23,wave,boundary,mda,u*dx(eta),1.27650400909014e-13,1,1,1,0,3.89644297290645e-16,7.83380193001512e-10,64,0
23,wave,boundary,mda,v*dy(eta),1.27596569054175e-13,1,1,1,0,5.47424547612293e-16,7.83380906192506e-10,64,0
23,wave,boundary,mda,w*dz(eta),2.74753020993496e-15,1,1,1,0,2.00139219315821e-15,4.09786779598463e-11,64,0
23,wave,boundary,mda,w*eta*dlogN2,4.79671465112746e-15,1,1,2,0,1.6680162084726e-15,4.1210227016761e-11,64,0
23,boundary,wave,inertial,u*dx(u),3.68749624230891e-12,2,0,16,1,1.04883664461928e-15,1.50941481535938e-11,64,0
23,boundary,wave,inertial,v*dy(u),3.68752867200428e-12,2,0,16,1,1.09483614287552e-15,1.50941481535938e-11,64,0
23,boundary,wave,inertial,w*dz(u),0,1,0,1,1,0,0,0,64
23,boundary,wave,inertial,u*dx(v),3.6874708968769e-12,2,0,16,1,9.48070825808882e-16,1.50957024658283e-11,64,0
23,boundary,wave,inertial,v*dy(v),3.68744299481897e-12,2,0,16,1,9.28874198572587e-16,1.50958134881307e-11,64,0
23,boundary,wave,inertial,w*dz(v),0,1,0,1,1,0,0,0,64
23,boundary,wave,mda,u*dx(eta),2.77768560948586e-15,2,0,1,1,1.19658614287831e-15,4.70165791160868e-11,64,0
23,boundary,wave,mda,v*dy(eta),3.31534231988263e-15,2,0,1,1,1.16747340390859e-15,4.70165791160868e-11,64,0
23,boundary,wave,mda,w*dz(eta),0,1,0,1,1,0,0,0,64
23,boundary,wave,mda,w*eta*dlogN2,0,1,0,1,1,0,0,0,64
23,apv,boundary,inertial,u*dx(u),2.40007527884099e-13,3,0,1,0,1.99082758203071e-15,2.54369858510017e-11,8,0
23,apv,boundary,inertial,v*dy(u),2.40038413816817e-13,3,0,1,0,1.89773045729764e-15,2.54369858510017e-11,8,0
23,apv,boundary,inertial,w*dz(u),0,-1,0,1,0,0,0,0,8
23,apv,boundary,inertial,u*dx(v),2.40099105564087e-13,3,0,1,0,9.31191972806065e-16,2.54367638063968e-11,8,0
23,apv,boundary,inertial,v*dy(v),2.40075174540981e-13,3,0,1,0,9.27472600287768e-16,2.54369858510017e-11,8,0
23,apv,boundary,inertial,w*dz(v),0,-1,0,1,0,0,0,0,8
23,apv,boundary,mda,u*dx(eta),3.18593105547438e-15,1,0,1,0,4.90443359989527e-16,5.39126152199659e-11,8,0
23,apv,boundary,mda,v*dy(eta),3.28276859199903e-15,-1,0,1,0,4.730280155141e-16,5.39126130322923e-11,8,0
23,apv,boundary,mda,w*dz(eta),0,-1,0,1,0,0,0,0,8
23,apv,boundary,mda,w*eta*dlogN2,0,-1,0,1,0,0,0,0,8
23,boundary,apv,inertial,u*dx(u),2.40034396518053e-13,1,0,3,0,1.90878033805838e-15,2.54369858510017e-11,8,0
23,boundary,apv,inertial,v*dy(u),2.40029012064884e-13,1,0,3,0,1.81279630427447e-15,2.54369858510017e-11,8,0
23,boundary,apv,inertial,w*dz(u),0,1,0,-1,0,0,0,0,8
23,boundary,apv,inertial,u*dx(v),2.40053110900267e-13,1,0,3,0,9.2025065781438e-16,2.54369858510017e-11,8,0
23,boundary,apv,inertial,v*dy(v),2.40110794582481e-13,1,0,3,0,9.32736446571561e-16,2.54369858510017e-11,8,0
23,boundary,apv,inertial,w*dz(v),0,1,0,-1,0,0,0,0,8
23,boundary,apv,mda,u*dx(eta),3.91166187272528e-14,2,0,-1,0,1.36992324129634e-15,1.16931893868697e-10,8,0
23,boundary,apv,mda,v*dy(eta),3.91521812897656e-14,2,0,-1,0,1.2121773935252e-15,1.16931983202776e-10,8,0
23,boundary,apv,mda,w*dz(eta),0,1,0,-1,0,0,0,0,8
23,boundary,apv,mda,w*eta*dlogN2,0,1,0,-1,0,0,0,0,8
23,boundary,boundary,inertial,u*dx(u),2.57962935395044e-13,1,0,1,0,5.79629352187426e-16,5.7212345971891e-11,4,0
23,boundary,boundary,inertial,v*dy(u),2.57962935395044e-13,1,0,1,0,5.90407218743946e-16,5.72122349495885e-11,4,0
23,boundary,boundary,inertial,w*dz(u),0,1,0,1,0,0,0,0,4
23,boundary,boundary,inertial,u*dx(v),2.57789706954717e-13,1,0,1,0,7.01397603325314e-16,5.72125680164959e-11,4,0
23,boundary,boundary,inertial,v*dy(v),2.57783212180189e-13,1,0,1,0,6.7913446375086e-16,5.72125680164959e-11,4,0
23,boundary,boundary,inertial,w*dz(v),0,1,0,1,0,0,0,0,4
23,boundary,boundary,mda,u*dx(eta),7.05641035498445e-15,1,0,2,0,3.39959785819365e-16,1.70268439144247e-10,4,0
23,boundary,boundary,mda,v*dy(eta),7.2756897777889e-15,1,0,2,0,5.71947905464124e-16,1.70268201734246e-10,4,0
23,boundary,boundary,mda,w*dz(eta),0,1,0,1,0,0,0,0,4
23,boundary,boundary,mda,w*eta*dlogN2,0,1,0,1,0,0,0,0,4
22,wave,wave,wave,u*dx(u),9.86505543451962e-06,16,1,15,1,1.93461928711495e-15,7.26698701214445e-11,640,0
22,wave,wave,wave,v*dy(u),0,1,1,1,1,0,0,0,640
22,wave,wave,wave,w*dz(u),9.86397416071807e-06,16,1,15,1,1.41118292163738e-14,1.71750664383304e-06,640,0
22,wave,wave,wave,u*dx(v),1.0250294785277e-05,16,1,15,1,1.90147481090574e-15,4.25461887942902e-11,640,0
22,wave,wave,wave,v*dy(v),0,1,1,1,1,0,0,0,640
22,wave,wave,wave,w*dz(v),1.02498792351737e-05,16,1,15,1,1.51646162194371e-14,1.82976115849378e-06,640,0
22,wave,wave,wave,u*dx(w),9.39246769925074e-08,15,1,16,1,6.66133814775094e-16,7.23225923593418e-11,640,0
22,wave,wave,wave,v*dy(w),0,1,1,1,1,0,0,0,640
22,wave,wave,wave,w*dz(w),9.39247495887734e-08,16,1,15,1,7.7715611723761e-16,7.28175297837197e-11,640,0
22,wave,wave,wave,u*dx(eta),4.12643550191878e-06,16,1,16,1,9.60794177547279e-16,4.21550572227147e-11,640,0
22,wave,wave,wave,v*dy(eta),0,1,1,1,1,0,0,0,640
22,wave,wave,wave,w*dz(eta),4.1264349129042e-06,16,1,16,1,1.18484280579349e-15,4.26205737369401e-11,640,0
22,wave,wave,wave,w*eta*dlogN2,3.78139572582731e-06,16,1,16,1,1.1278766415636e-15,4.26736423975171e-11,640,0
22,wave,apv,wave,u*dx(u),0,1,1,-1,0,0,0,0,128
22,wave,apv,wave,v*dy(u),0,1,1,-1,0,0,0,0,128
22,wave,apv,wave,w*dz(u),0,1,1,-1,0,0,0,0,128
22,wave,apv,wave,u*dx(v),6.11488612727055e-06,16,1,2,0,1.73960739208488e-15,1.74679080244329e-11,128,0
22,wave,apv,wave,v*dy(v),0,1,1,-1,0,0,0,0,128
22,wave,apv,wave,w*dz(v),5.52938237188483e-06,16,1,3,0,1.82444708197768e-15,4.96775953706674e-11,128,0
22,wave,apv,wave,u*dx(w),0,1,1,-1,0,0,0,0,128
22,wave,apv,wave,v*dy(w),0,1,1,-1,0,0,0,0,128
22,wave,apv,wave,w*dz(w),0,1,1,-1,0,0,0,0,128
22,wave,apv,wave,u*dx(eta),5.35708404743426e-07,16,1,3,0,1.15334411705281e-15,5.00782748602546e-11,128,0
22,wave,apv,wave,v*dy(eta),0,1,1,-1,0,0,0,0,128
22,wave,apv,wave,w*dz(eta),5.50136486932986e-07,16,1,2,0,1.14809694507887e-15,2.69452460344155e-10,128,0
22,wave,apv,wave,w*eta*dlogN2,6.15919882512142e-07,16,1,3,0,6.75583304390499e-16,4.97395458154415e-11,128,0
22,apv,wave,wave,u*dx(u),6.09013509897125e-06,2,0,16,1,1.65400224167746e-15,6.0301430515608e-11,128,0
22,apv,wave,wave,v*dy(u),0,-1,0,1,1,0,0,0,128
22,apv,wave,wave,w*dz(u),0,-1,0,1,1,0,0,0,128
22,apv,wave,wave,u*dx(v),6.11488516692249e-06,2,0,16,1,1.80018414245086e-15,3.26766969565774e-11,128,0
22,apv,wave,wave,v*dy(v),0,-1,0,1,1,0,0,0,128
22,apv,wave,wave,w*dz(v),0,-1,0,1,1,0,0,0,128
22,apv,wave,wave,u*dx(w),7.91555349603487e-09,2,0,16,1,4.44089209850063e-16,6.75912659175992e-11,128,0
22,apv,wave,wave,v*dy(w),0,-1,0,1,1,0,0,0,128
22,apv,wave,wave,w*dz(w),0,-1,0,1,1,0,0,0,128
22,apv,wave,wave,u*dx(eta),5.50136378020156e-07,2,0,16,1,9.73829571362807e-16,3.87239129651107e-11,128,0
22,apv,wave,wave,v*dy(eta),0,-1,0,1,1,0,0,0,128
22,apv,wave,wave,w*dz(eta),0,-1,0,1,1,0,0,0,128
22,apv,wave,wave,w*eta*dlogN2,0,-1,0,1,1,0,0,0,128
22,wave,boundary,wave,u*dx(u),0,1,1,1,0,0,0,0,64
22,wave,boundary,wave,v*dy(u),0,1,1,1,0,0,0,0,64
22,wave,boundary,wave,w*dz(u),0,1,1,1,0,0,0,0,64
22,wave,boundary,wave,u*dx(v),2.07724591368341e-06,16,1,2,0,1.92182197345041e-15,1.36078723129055e-11,64,0
22,wave,boundary,wave,v*dy(v),0,1,1,1,0,0,0,0,64
22,wave,boundary,wave,w*dz(v),1.48213439455225e-06,16,1,2,0,1.63666287219177e-15,1.28322907855249e-11,64,0
22,wave,boundary,wave,u*dx(w),0,1,1,1,0,0,0,0,64
22,wave,boundary,wave,v*dy(w),0,1,1,1,0,0,0,0,64
22,wave,boundary,wave,w*dz(w),0,1,1,1,0,0,0,0,64
22,wave,boundary,wave,u*dx(eta),1.34780790641746e-07,16,1,2,0,5.77715920117716e-16,1.29813937377321e-11,64,0
22,wave,boundary,wave,v*dy(eta),0,1,1,1,0,0,0,0,64
22,wave,boundary,wave,w*dz(eta),1.85462948967878e-07,16,1,2,0,9.37280567003296e-16,1.27369226277096e-11,64,0
22,wave,boundary,wave,w*eta*dlogN2,1.78103281824804e-07,16,1,1,0,1.02720519648738e-15,1.2891354650435e-11,64,0
22,boundary,wave,wave,u*dx(u),9.07254196792015e-07,2,0,16,1,1.37491693789164e-15,6.33219032764032e-11,64,0
22,boundary,wave,wave,v*dy(u),0,1,0,1,1,0,0,0,64
22,boundary,wave,wave,w*dz(u),0,1,0,1,1,0,0,0,64
22,boundary,wave,wave,u*dx(v),9.10939440979317e-07,2,0,16,1,1.53162655878262e-15,3.33328612511371e-11,64,0
22,boundary,wave,wave,v*dy(v),0,1,0,1,1,0,0,0,64
22,boundary,wave,wave,w*dz(v),0,1,0,1,1,0,0,0,64
22,boundary,wave,wave,u*dx(w),1.19187519369458e-09,1,0,16,1,6.66133814775094e-16,6.29940544172314e-11,64,0
22,boundary,wave,wave,v*dy(w),0,1,0,1,1,0,0,0,64
22,boundary,wave,wave,w*dz(w),0,1,0,1,1,0,0,0,64
22,boundary,wave,wave,u*dx(eta),8.33581140609051e-08,2,0,16,1,1.03268644374164e-15,3.28836957663725e-11,64,0
22,boundary,wave,wave,v*dy(eta),0,1,0,1,1,0,0,0,64
22,boundary,wave,wave,w*dz(eta),0,1,0,1,1,0,0,0,64
22,boundary,wave,wave,w*eta*dlogN2,0,1,0,1,1,0,0,0,64
22,apv,boundary,wave,u*dx(u),0,-1,0,1,0,0,0,0,8
22,apv,boundary,wave,v*dy(u),0,-1,0,1,0,0,0,0,8
22,apv,boundary,wave,w*dz(u),0,-1,0,1,0,0,0,0,8
22,apv,boundary,wave,u*dx(v),2.37565628568759e-13,3,0,1,0,1.12727882799678e-15,2.22518994148568e-11,8,0
22,apv,boundary,wave,v*dy(v),0,-1,0,1,0,0,0,0,8
22,apv,boundary,wave,w*dz(v),0,-1,0,1,0,0,0,0,8
22,apv,boundary,wave,u*dx(w),0,-1,0,1,0,0,0,0,8
22,apv,boundary,wave,v*dy(w),0,-1,0,1,0,0,0,0,8
22,apv,boundary,wave,w*dz(w),0,-1,0,1,0,0,0,0,8
22,apv,boundary,wave,u*dx(eta),1.26448952413163e-14,3,0,2,0,7.03545673027883e-16,2.10538253497816e-11,8,0
22,apv,boundary,wave,v*dy(eta),0,-1,0,1,0,0,0,0,8
22,apv,boundary,wave,w*dz(eta),0,-1,0,1,0,0,0,0,8
22,apv,boundary,wave,w*eta*dlogN2,0,-1,0,1,0,0,0,0,8
22,boundary,apv,wave,u*dx(u),0,1,0,-1,0,0,0,0,8
22,boundary,apv,wave,v*dy(u),0,1,0,-1,0,0,0,0,8
22,boundary,apv,wave,w*dz(u),0,1,0,-1,0,0,0,0,8
22,boundary,apv,wave,u*dx(v),2.74033691971329e-13,1,0,3,0,1.80567908376754e-15,2.66299229458663e-11,8,0
22,boundary,apv,wave,v*dy(v),0,1,0,-1,0,0,0,0,8
22,boundary,apv,wave,w*dz(v),0,1,0,-1,0,0,0,0,8
22,boundary,apv,wave,u*dx(w),0,1,0,-1,0,0,0,0,8
22,boundary,apv,wave,v*dy(w),0,1,0,-1,0,0,0,0,8
22,boundary,apv,wave,w*dz(w),0,1,0,-1,0,0,0,0,8
22,boundary,apv,wave,u*dx(eta),3.1759908604203e-14,2,0,1,0,7.8201812493442e-16,4.78266315440123e-11,8,0
22,boundary,apv,wave,v*dy(eta),0,1,0,-1,0,0,0,0,8
22,boundary,apv,wave,w*dz(eta),0,1,0,-1,0,0,0,0,8
22,boundary,apv,wave,w*eta*dlogN2,0,1,0,-1,0,0,0,0,8
22,boundary,boundary,wave,u*dx(u),0,1,0,1,0,0,0,0,4
22,boundary,boundary,wave,v*dy(u),0,1,0,1,0,0,0,0,4
22,boundary,boundary,wave,w*dz(u),0,1,0,1,0,0,0,0,4
22,boundary,boundary,wave,u*dx(v),2.56674721275243e-13,1,0,1,0,1.14173553640673e-15,2.00767289338459e-11,4,0
22,boundary,boundary,wave,v*dy(v),0,1,0,1,0,0,0,0,4
22,boundary,boundary,wave,w*dz(v),0,1,0,1,0,0,0,0,4
22,boundary,boundary,wave,u*dx(w),0,1,0,1,0,0,0,0,4
22,boundary,boundary,wave,v*dy(w),0,1,0,1,0,0,0,0,4
22,boundary,boundary,wave,w*dz(w),0,1,0,1,0,0,0,0,4
22,boundary,boundary,wave,u*dx(eta),3.25657108221428e-15,1,0,2,0,5.97020942078408e-16,2.31677625580386e-11,4,0
22,boundary,boundary,wave,v*dy(eta),0,1,0,1,0,0,0,0,4
22,boundary,boundary,wave,w*dz(eta),0,1,0,1,0,0,0,0,4
22,boundary,boundary,wave,w*eta*dlogN2,0,1,0,1,0,0,0,0,4
20,wave,wave,wave,u*dx(u),1.02501614320723e-05,16,-1,15,1,2.10437898776231e-15,2.47829534671951e-11,640,0
20,wave,wave,wave,v*dy(u),1.02501614320322e-05,15,-1,16,1,2.02942938394375e-15,2.47843967571271e-11,640,0
20,wave,wave,wave,w*dz(u),1.02497476826964e-05,16,1,15,1,3.8395909155683e-14,7.41173019819654e-06,640,0
20,wave,wave,wave,u*dx(v),9.5966750203734e-06,16,1,15,1,2.0513509748298e-15,2.47845077794295e-11,640,0
20,wave,wave,wave,v*dy(v),9.59667502041069e-06,15,-1,16,1,1.95156321692565e-15,2.47862841362689e-11,640,0
20,wave,wave,wave,w*dz(v),9.59537678148936e-06,16,1,15,1,3.52076908875108e-14,6.75661006065389e-06,640,0
20,wave,wave,wave,u*dx(w),1.34093180042293e-07,15,1,16,1,8.88178419700125e-16,2.46046516494403e-11,640,0
20,wave,wave,wave,v*dy(w),1.34093180031549e-07,15,1,16,1,6.66133814775094e-16,2.46062059616747e-11,640,0
20,wave,wave,wave,w*dz(w),1.34093180032649e-07,16,1,15,1,8.88178419700125e-16,2.46064280062797e-11,640,0
20,wave,wave,wave,u*dx(eta),5.32808104237022e-06,16,1,16,1,1.14018849670486e-15,1.8323231820716e-11,640,0
20,wave,wave,wave,v*dy(eta),5.32808104237793e-06,16,1,16,1,1.09495326798503e-15,1.83250081775554e-11,640,0
20,wave,wave,wave,w*dz(eta),5.32808104237686e-06,16,1,16,1,1.33527542292489e-15,1.83250081775554e-11,640,0
20,wave,wave,wave,w*eta*dlogN2,4.47155747493566e-06,16,1,16,1,1.21956500066043e-15,1.87893034464537e-11,640,0
20,wave,apv,wave,u*dx(u),6.11488127394006e-06,16,1,2,0,1.59553809279673e-15,1.75479423620728e-11,128,0
20,wave,apv,wave,v*dy(u),6.11488127369053e-06,16,1,2,0,1.61542784872049e-15,1.75483487754381e-11,128,0
20,wave,apv,wave,w*dz(u),5.52937925607732e-06,16,1,3,0,2.01018253897595e-15,4.97308048485637e-11,128,0
20,wave,apv,wave,u*dx(v),6.06469504587333e-06,16,1,2,0,1.72456758008809e-15,1.24964483205758e-11,128,0
20,wave,apv,wave,v*dy(v),6.06469504603478e-06,16,1,2,0,1.54908932496327e-15,1.24982246774152e-11,128,0
20,wave,apv,wave,w*dz(v),5.47676238994897e-06,16,1,3,0,1.87878886815262e-15,4.96775953706674e-11,128,0
20,wave,apv,wave,u*dx(w),0,1,1,-1,0,0,0,0,128
20,wave,apv,wave,v*dy(w),0,1,1,-1,0,0,0,0,128
20,wave,apv,wave,w*dz(w),0,1,1,-1,0,0,0,0,128
20,wave,apv,wave,u*dx(eta),7.61504598648e-07,16,1,3,0,8.90191614174186e-16,5.00782748602546e-11,128,0
20,wave,apv,wave,v*dy(eta),7.61504598703888e-07,16,1,3,0,1.31291202074497e-15,5.00798291724891e-11,128,0
20,wave,apv,wave,w*dz(eta),7.82566260843629e-07,16,1,2,0,9.78975813488717e-16,2.69452460344155e-10,128,0
20,wave,apv,wave,w*eta*dlogN2,8.75830619115882e-07,16,1,3,0,1.07609798523553e-15,4.97395458154415e-11,128,0
20,apv,wave,wave,u*dx(u),6.11488127390921e-06,2,0,16,1,1.61216023019147e-15,1.7547909876457e-11,128,0
20,apv,wave,wave,v*dy(u),6.11488127392086e-06,2,0,16,1,1.69733596114836e-15,1.75479070005561e-11,128,0
20,apv,wave,wave,w*dz(u),0,-1,0,1,1,0,0,0,128
20,apv,wave,wave,u*dx(v),6.0646950460206e-06,2,0,16,1,1.54500638420782e-15,1.24982246774152e-11,128,0
20,apv,wave,wave,v*dy(v),6.06469504602431e-06,2,0,16,1,1.55373689386423e-15,1.24982246774152e-11,128,0
20,apv,wave,wave,w*dz(v),0,-1,0,1,1,0,0,0,128
20,apv,wave,wave,u*dx(w),1.1307926100912e-08,2,0,16,1,6.66133814775094e-16,1.9804269335566e-11,128,0
20,apv,wave,wave,v*dy(w),1.13079261006612e-08,2,0,16,1,4.44089209850063e-16,1.98041583132635e-11,128,0
20,apv,wave,wave,w*dz(w),0,-1,0,1,1,0,0,0,128
20,apv,wave,wave,u*dx(eta),7.82566202968437e-07,2,0,16,1,8.6851684761918e-16,1.48425716162137e-11,128,0
20,apv,wave,wave,v*dy(eta),7.82566202960204e-07,2,0,16,1,8.22672559694103e-16,1.48425716162137e-11,128,0
20,apv,wave,wave,w*dz(eta),0,-1,0,1,1,0,0,0,128
20,apv,wave,wave,w*eta*dlogN2,0,-1,0,1,1,0,0,0,128
20,wave,boundary,wave,u*dx(u),9.10947213148101e-07,16,1,2,0,1.78385544974163e-15,1.58558664476213e-11,64,0
20,wave,boundary,wave,v*dy(u),9.10947213066834e-07,16,1,2,0,1.93526786411077e-15,1.5856750208602e-11,64,0
20,wave,boundary,wave,w*dz(u),9.56574459694072e-07,16,1,2,0,1.83639409919041e-15,1.30204735881989e-11,64,0
20,wave,boundary,wave,u*dx(v),9.03473885888996e-07,16,1,2,0,1.39114132743377e-15,1.50939261089889e-11,64,0
20,wave,boundary,wave,v*dy(v),9.03473885705148e-07,16,1,2,0,1.36811432103605e-15,1.50957024658283e-11,64,0
20,wave,boundary,wave,w*dz(v),9.48848535271502e-07,16,1,2,0,1.46010848547585e-15,1.30205846105014e-11,64,0
20,wave,boundary,wave,u*dx(w),0,1,1,1,0,0,0,0,64
20,wave,boundary,wave,v*dy(w),0,1,1,1,0,0,0,0,64
20,wave,boundary,wave,w*dz(w),0,1,1,1,0,0,0,0,64
20,wave,boundary,wave,u*dx(eta),1.2031569830055e-07,16,1,2,0,6.76046103833106e-16,1.32345245873466e-11,64,0
20,wave,boundary,wave,v*dy(eta),1.20315698281342e-07,16,1,2,0,5.30092830202897e-16,1.32360788995811e-11,64,0
20,wave,boundary,wave,w*dz(eta),1.18583233287641e-07,16,1,2,0,1.01766376886293e-15,1.2981837826942e-11,64,0
20,wave,boundary,wave,w*eta*dlogN2,1.15664202000164e-07,16,1,1,0,8.87042780941166e-16,1.30733202041711e-11,64,0
20,boundary,wave,wave,u*dx(u),9.10947213127701e-07,2,0,16,1,1.77847357983592e-15,1.58559404605646e-11,64,0
20,boundary,wave,wave,v*dy(u),9.10947212975123e-07,2,0,16,1,1.7932895194788e-15,1.58558581151851e-11,64,0
20,boundary,wave,wave,w*dz(u),0,1,0,1,1,0,0,0,64
20,boundary,wave,wave,u*dx(v),9.03473885846486e-07,2,0,16,1,1.373204622309e-15,1.50957024658283e-11,64,0
20,boundary,wave,wave,v*dy(v),9.03473885655619e-07,2,0,16,1,1.39249676500666e-15,1.50957024658283e-11,64,0
20,boundary,wave,wave,w*dz(v),0,1,0,1,1,0,0,0,64
20,boundary,wave,wave,u*dx(w),1.702671351896e-09,1,0,16,1,4.44089209850063e-16,1.52091672589449e-11,64,0
20,boundary,wave,wave,v*dy(w),1.70267135196177e-09,1,0,16,1,6.66133814775094e-16,1.52091672589449e-11,64,0
20,boundary,wave,wave,w*dz(w),0,1,0,1,1,0,0,0,64
20,boundary,wave,wave,u*dx(eta),1.18583233174266e-07,2,0,16,1,8.47360438364784e-16,9.58932933059486e-12,64,0
20,boundary,wave,wave,v*dy(eta),1.18583233166978e-07,2,0,16,1,8.76270111986159e-16,9.58932933059486e-12,64,0
20,boundary,wave,wave,w*dz(eta),0,1,0,1,1,0,0,0,64
20,boundary,wave,wave,w*eta*dlogN2,0,1,0,1,1,0,0,0,64
20,apv,boundary,wave,u*dx(u),2.78678446088849e-13,3,0,1,0,1.17368155252951e-15,2.68274537703402e-11,8,0
20,apv,boundary,wave,v*dy(u),2.78712395809308e-13,3,0,1,0,1.21962784145266e-15,2.68275094101593e-11,8,0
20,apv,boundary,wave,w*dz(u),0,-1,0,1,0,0,0,0,8
20,apv,boundary,wave,u*dx(v),6.76816151456305e-14,3,0,2,0,1.23189557277643e-15,2.54367638063968e-11,8,0
20,apv,boundary,wave,v*dy(v),6.77036416942729e-14,3,0,2,0,1.2173449443978e-15,2.54369858510017e-11,8,0
20,apv,boundary,wave,w*dz(v),0,-1,0,1,0,0,0,0,8
20,apv,boundary,wave,u*dx(w),0,-1,0,1,0,0,0,0,8
20,apv,boundary,wave,v*dy(w),0,-1,0,1,0,0,0,0,8
20,apv,boundary,wave,w*dz(w),0,-1,0,1,0,0,0,0,8
20,apv,boundary,wave,u*dx(eta),5.5217675580821e-15,3,0,1,0,4.47939518642769e-16,2.64168686925359e-11,8,0
20,apv,boundary,wave,v*dy(eta),5.50958663119113e-15,3,0,1,0,4.06359360867174e-16,2.6416646647931e-11,8,0
20,apv,boundary,wave,w*dz(eta),0,-1,0,1,0,0,0,0,8
20,apv,boundary,wave,w*eta*dlogN2,0,-1,0,1,0,0,0,0,8
20,boundary,apv,wave,u*dx(u),2.78694466595089e-13,1,0,3,0,1.24054234029572e-15,2.68275211355718e-11,8,0
20,boundary,apv,wave,v*dy(u),2.78717107699685e-13,1,0,3,0,1.15328597508134e-15,2.682753717836e-11,8,0
20,boundary,apv,wave,w*dz(u),0,1,0,-1,0,0,0,0,8
20,boundary,apv,wave,u*dx(v),6.772474928755e-14,2,0,3,0,1.24660240117405e-15,2.54369858510017e-11,8,0
20,boundary,apv,wave,v*dy(v),6.77038442802254e-14,2,0,3,0,1.22523551938334e-15,2.54369858510017e-11,8,0
20,boundary,apv,wave,w*dz(v),0,1,0,-1,0,0,0,0,8
20,boundary,apv,wave,u*dx(w),0,1,0,-1,0,0,0,0,8
20,boundary,apv,wave,v*dy(w),0,1,0,-1,0,0,0,0,8
20,boundary,apv,wave,w*dz(w),0,1,0,-1,0,0,0,0,8
20,boundary,apv,wave,u*dx(eta),4.46031401554923e-14,2,0,1,0,8.423426797042e-16,4.78266315440123e-11,8,0
20,boundary,apv,wave,v*dy(eta),4.46017735514564e-14,2,0,1,0,7.55937167982207e-16,4.78265205217099e-11,8,0
20,boundary,apv,wave,w*dz(eta),0,1,0,-1,0,0,0,0,8
20,boundary,apv,wave,w*eta*dlogN2,0,1,0,-1,0,0,0,0,8
20,boundary,boundary,wave,u*dx(u),2.93226116148494e-13,1,0,1,0,1.15574099535692e-15,7.64030512230209e-11,4,0
20,boundary,boundary,wave,v*dy(u),2.93224622634025e-13,1,0,1,0,1.22190961091395e-15,7.64031733221611e-11,4,0
20,boundary,boundary,wave,w*dz(u),0,1,0,1,0,0,0,0,4
20,boundary,boundary,wave,u*dx(v),3.06969566395287e-14,1,0,1,0,1.02006886534682e-15,5.72125680164959e-11,4,0
20,boundary,boundary,wave,v*dy(v),3.07172692472546e-14,1,0,1,0,1.04369139643908e-15,5.72125680164959e-11,4,0
20,boundary,boundary,wave,w*dz(v),0,1,0,1,0,0,0,0,4
20,boundary,boundary,wave,u*dx(w),0,1,0,1,0,0,0,0,4
20,boundary,boundary,wave,v*dy(w),0,1,0,1,0,0,0,0,4
20,boundary,boundary,wave,w*dz(w),0,1,0,1,0,0,0,0,4
20,boundary,boundary,wave,u*dx(eta),1.82922069463372e-14,1,0,2,0,1.52574707878574e-15,6.51138032381482e-11,4,0
20,boundary,boundary,wave,v*dy(eta),1.83084109566546e-14,1,0,2,0,1.49417939582442e-15,6.51138032381482e-11,4,0
20,boundary,boundary,wave,w*dz(eta),0,1,0,1,0,0,0,0,4
20,boundary,boundary,wave,w*eta*dlogN2,0,1,0,1,0,0,0,0,4
6,wave,wave,wave,u*dx(u),0,1,1,1,1,0,0,0,640
6,wave,wave,wave,v*dy(u),9.97473101538628e-06,16,1,15,1,1.87081358827576e-15,4.66346961047748e-11,640,0
6,wave,wave,wave,w*dz(u),9.97400980807593e-06,16,1,15,1,2.48851629710064e-14,3.40018210444011e-06,640,0
6,wave,wave,wave,u*dx(v),0,1,1,1,1,0,0,0,640
6,wave,wave,wave,v*dy(v),9.67987940862959e-06,16,1,15,1,1.74258359593676e-15,9.27458110311363e-11,640,0
6,wave,wave,wave,w*dz(v),9.67881716464502e-06,16,1,15,1,2.33123215169271e-14,3.27028413877835e-06,640,0
6,wave,wave,wave,u*dx(w),0,1,1,1,1,0,0,0,640
6,wave,wave,wave,v*dy(w),1.63582054718335e-07,15,1,16,1,6.66133814775094e-16,9.26247967214522e-11,640,0
6,wave,wave,wave,w*dz(w),1.63582186463648e-07,16,1,15,1,6.66133814775094e-16,9.2619467650934e-11,640,0
6,wave,wave,wave,u*dx(eta),0,1,1,1,1,0,0,0,640
6,wave,wave,wave,v*dy(eta),6.03804272662993e-06,16,1,16,1,1.58509883020734e-15,4.65183447317941e-11,640,0
6,wave,wave,wave,w*dz(eta),6.03804185799767e-06,16,1,16,1,1.64811820239173e-15,4.66473526472555e-11,640,0
6,wave,wave,wave,w*eta*dlogN2,4.85934650544269e-06,16,1,16,1,1.27952089909448e-15,4.64721594539697e-11,640,0
6,wave,apv,wave,u*dx(u),0,1,1,-1,0,0,0,0,128
6,wave,apv,wave,v*dy(u),6.09053635891702e-06,16,1,2,0,1.74403527067852e-15,1.77368442637395e-11,128,0
6,wave,apv,wave,w*dz(u),5.50390079157714e-06,16,1,3,0,1.77694753237893e-15,6.96179780490525e-11,128,0
6,wave,apv,wave,u*dx(v),0,1,1,-1,0,0,0,0,128
6,wave,apv,wave,v*dy(v),0,1,1,-1,0,0,0,0,128
6,wave,apv,wave,w*dz(v),0,1,1,-1,0,0,0,0,128
6,wave,apv,wave,u*dx(w),0,1,1,-1,0,0,0,0,128
6,wave,apv,wave,v*dy(w),0,1,1,-1,0,0,0,0,128
6,wave,apv,wave,w*dz(w),0,1,1,-1,0,0,0,0,128
6,wave,apv,wave,u*dx(eta),0,1,1,-1,0,0,0,0,128
6,wave,apv,wave,v*dy(eta),9.25153378501743e-07,16,1,3,0,1.17205473259669e-15,5.44232436894276e-11,128,0
6,wave,apv,wave,w*dz(eta),9.51373416958206e-07,16,1,2,0,8.63693925536973e-16,2.89418933263619e-10,128,0
6,wave,apv,wave,w*eta*dlogN2,1.0643992591205e-06,16,1,3,0,1.38657820690522e-15,6.96565027880069e-11,128,0
6,apv,wave,wave,u*dx(u),0,-1,0,1,1,0,0,0,128
6,apv,wave,wave,v*dy(u),6.09053536839064e-06,2,0,16,1,1.72976016807561e-15,4.63042937326463e-11,128,0
6,apv,wave,wave,w*dz(u),0,-1,0,1,1,0,0,0,128
6,apv,wave,wave,u*dx(v),0,-1,0,1,1,0,0,0,128
6,apv,wave,wave,v*dy(v),6.0650973675321e-06,2,0,16,1,1.7403248904088e-15,9.2415186614403e-11,128,0
6,apv,wave,wave,w*dz(v),0,-1,0,1,1,0,0,0,128
6,apv,wave,wave,u*dx(w),0,-1,0,1,1,0,0,0,128
6,apv,wave,wave,v*dy(w),1.38030712509892e-08,2,0,16,1,4.44089209850063e-16,9.82414150030309e-11,128,0
6,apv,wave,wave,w*dz(w),0,-1,0,1,1,0,0,0,128
6,apv,wave,wave,u*dx(eta),0,-1,0,1,1,0,0,0,128
6,apv,wave,wave,v*dy(eta),9.51373224719848e-07,2,0,16,1,1.21809287333724e-15,5.25379739713117e-11,128,0
6,apv,wave,wave,w*dz(eta),0,-1,0,1,1,0,0,0,128
6,apv,wave,wave,w*eta*dlogN2,0,-1,0,1,1,0,0,0,128
6,wave,boundary,wave,u*dx(u),0,1,1,1,0,0,0,0,64
6,wave,boundary,wave,v*dy(u),1.33977318373611e-06,16,1,2,0,1.64813507943647e-15,1.60108593050268e-11,64,0
6,wave,boundary,wave,w*dz(u),1.17182830562979e-06,16,1,2,0,1.85660064042861e-15,3.24352766867264e-11,64,0
6,wave,boundary,wave,u*dx(v),0,1,1,1,0,0,0,0,64
6,wave,boundary,wave,v*dy(v),0,1,1,1,0,0,0,0,64
6,wave,boundary,wave,w*dz(v),0,1,1,1,0,0,0,0,64
6,wave,boundary,wave,u*dx(w),0,1,1,1,0,0,0,0,64
6,wave,boundary,wave,v*dy(w),0,1,1,1,0,0,0,0,64
6,wave,boundary,wave,w*dz(w),0,1,1,1,0,0,0,0,64
6,wave,boundary,wave,u*dx(eta),0,1,1,1,0,0,0,0,64
6,wave,boundary,wave,v*dy(eta),1.82040248837949e-07,16,1,2,0,1.17796535792142e-15,1.65385483086311e-11,64,0
6,wave,boundary,wave,w*dz(eta),2.10211985000995e-07,16,1,2,0,1.05745423870744e-15,3.24338333967944e-11,64,0
6,wave,boundary,wave,w*eta*dlogN2,2.0486601169684e-07,16,1,1,0,1.96582265240899e-15,3.24354987313313e-11,64,0
6,boundary,wave,wave,u*dx(u),0,1,0,1,1,0,0,0,64
6,boundary,wave,wave,v*dy(u),6.31471803621766e-07,2,0,16,1,2.02562953317372e-15,4.73316941196344e-11,64,0
6,boundary,wave,wave,w*dz(u),0,1,0,1,1,0,0,0,64
6,boundary,wave,wave,u*dx(v),0,1,0,1,1,0,0,0,64
6,boundary,wave,wave,v*dy(v),6.28788143547038e-07,2,0,16,1,1.68254114053677e-15,9.34430310906009e-11,64,0
6,boundary,wave,wave,w*dz(v),0,1,0,1,1,0,0,0,64
6,boundary,wave,wave,u*dx(w),0,1,0,1,1,0,0,0,64
6,boundary,wave,wave,v*dy(w),1.4655503197921e-09,1,0,16,1,4.44089209850063e-16,9.67699254061927e-11,64,0
6,boundary,wave,wave,w*dz(w),0,1,0,1,1,0,0,0,64
6,boundary,wave,wave,u*dx(eta),0,1,0,1,1,0,0,0,64
6,boundary,wave,wave,v*dy(eta),1.01712985357009e-07,2,0,16,1,8.15628948950662e-16,5.21211962478674e-11,64,0
6,boundary,wave,wave,w*dz(eta),0,1,0,1,1,0,0,0,64
6,boundary,wave,wave,w*eta*dlogN2,0,1,0,1,1,0,0,0,64
6,apv,boundary,wave,u*dx(u),0,-1,0,1,0,0,0,0,8
6,apv,boundary,wave,v*dy(u),2.28268126683367e-13,3,0,1,0,1.46766731943815e-15,2.41011655077727e-11,8,0
6,apv,boundary,wave,w*dz(u),0,-1,0,1,0,0,0,0,8
6,apv,boundary,wave,u*dx(v),0,-1,0,1,0,0,0,0,8
6,apv,boundary,wave,v*dy(v),0,-1,0,1,0,0,0,0,8
6,apv,boundary,wave,w*dz(v),0,-1,0,1,0,0,0,0,8
6,apv,boundary,wave,u*dx(w),0,-1,0,1,0,0,0,0,8
6,apv,boundary,wave,v*dy(w),0,-1,0,1,0,0,0,0,8
6,apv,boundary,wave,w*dz(w),0,-1,0,1,0,0,0,0,8
6,apv,boundary,wave,u*dx(eta),0,-1,0,1,0,0,0,0,8
6,apv,boundary,wave,v*dy(eta),6.69499812825226e-15,3,0,2,0,7.52726797798339e-16,2.45294895506731e-11,8,0
6,apv,boundary,wave,w*dz(eta),0,-1,0,1,0,0,0,0,8
6,apv,boundary,wave,w*eta*dlogN2,0,-1,0,1,0,0,0,0,8
6,boundary,apv,wave,u*dx(u),0,1,0,-1,0,0,0,0,8
6,boundary,apv,wave,v*dy(u),2.43817098344003e-13,1,0,3,0,1.24322830612214e-15,2.96060953530741e-11,8,0
6,boundary,apv,wave,w*dz(u),0,1,0,-1,0,0,0,0,8
6,boundary,apv,wave,u*dx(v),0,1,0,-1,0,0,0,0,8
6,boundary,apv,wave,v*dy(v),0,1,0,-1,0,0,0,0,8
6,boundary,apv,wave,w*dz(v),0,1,0,-1,0,0,0,0,8
6,boundary,apv,wave,u*dx(w),0,1,0,-1,0,0,0,0,8
6,boundary,apv,wave,v*dy(w),0,1,0,-1,0,0,0,0,8
6,boundary,apv,wave,w*dz(w),0,1,0,-1,0,0,0,0,8
6,boundary,apv,wave,u*dx(eta),0,1,0,-1,0,0,0,0,8
6,boundary,apv,wave,v*dy(eta),6.12610164969396e-14,2,0,1,0,1.09947908491359e-15,4.46637171691577e-11,8,0
6,boundary,apv,wave,w*dz(eta),0,1,0,-1,0,0,0,0,8
6,boundary,apv,wave,w*eta*dlogN2,0,1,0,-1,0,0,0,0,8
6,boundary,boundary,wave,u*dx(u),0,1,0,1,0,0,0,0,4
6,boundary,boundary,wave,v*dy(u),2.49475191217271e-13,1,0,1,0,9.68284216339861e-16,2.17394812554922e-11,4,0
6,boundary,boundary,wave,w*dz(u),0,1,0,1,0,0,0,0,4
6,boundary,boundary,wave,u*dx(v),0,1,0,1,0,0,0,0,4
6,boundary,boundary,wave,v*dy(v),0,1,0,1,0,0,0,0,4
6,boundary,boundary,wave,w*dz(v),0,1,0,1,0,0,0,0,4
6,boundary,boundary,wave,u*dx(w),0,1,0,1,0,0,0,0,4
6,boundary,boundary,wave,v*dy(w),0,1,0,1,0,0,0,0,4
6,boundary,boundary,wave,w*dz(w),0,1,0,1,0,0,0,0,4
6,boundary,boundary,wave,u*dx(eta),0,1,0,1,0,0,0,0,4
6,boundary,boundary,wave,v*dy(eta),8.60184985029635e-15,1,0,2,0,9.68766279529954e-16,2.45402063307039e-11,4,0
6,boundary,boundary,wave,w*dz(eta),0,1,0,1,0,0,0,0,4
6,boundary,boundary,wave,w*eta*dlogN2,0,1,0,1,0,0,0,0,4
12,wave,wave,inertial,u*dx(u),4.48644117128164e-06,16,1,15,1,1.22481280486788e-15,6.49288400822456e-11,640,0
12,wave,wave,inertial,v*dy(u),0,1,1,1,1,0,0,0,640
12,wave,wave,inertial,w*dz(u),4.48678813474298e-06,16,1,15,1,1.27675647831893e-14,1.89577324757526e-06,640,0
12,wave,wave,inertial,u*dx(v),4.4864411711248e-06,16,1,15,1,1.04248079321852e-15,4.86997109305776e-11,640,0
12,wave,wave,inertial,v*dy(v),0,1,1,1,1,0,0,0,640
12,wave,wave,inertial,w*dz(v),4.48678813479037e-06,16,1,15,1,1.26565424807268e-14,1.89577252493083e-06,640,0
12,wave,wave,mda,u*dx(eta),2.95100929957628e-06,16,1,15,1,4.35452856227486e-15,6.07830268687212e-10,640,0
12,wave,wave,mda,v*dy(eta),0,1,1,1,1,0,0,0,640
12,wave,wave,mda,w*dz(eta),2.95100929914881e-06,15,1,16,1,2.88762403202789e-15,6.0783016900438e-10,640,0
12,wave,wave,mda,w*eta*dlogN2,4.02513562228352e-06,16,1,16,1,4.54994467939762e-15,6.07096700636492e-11,640,0
12,wave,apv,inertial,u*dx(u),0,1,1,-1,0,0,0,0,128
12,wave,apv,inertial,v*dy(u),0,1,1,-1,0,0,0,0,128
12,wave,apv,inertial,w*dz(u),0,1,1,-1,0,0,0,0,128
12,wave,apv,inertial,u*dx(v),3.45624536365354e-10,16,1,3,0,8.73103881038671e-16,3.25905968878715e-11,128,0
12,wave,apv,inertial,v*dy(v),0,1,1,-1,0,0,0,0,128
12,wave,apv,inertial,w*dz(v),3.75522521039133e-10,16,1,3,0,1.08623824864345e-15,6.96179780490525e-11,128,0
12,wave,apv,mda,u*dx(eta),7.10931825369519e-13,16,1,3,0,2.99804625477675e-15,6.39559088152449e-10,128,0
12,wave,apv,mda,v*dy(eta),0,1,1,-1,0,0,0,0,128
12,wave,apv,mda,w*dz(eta),1.05825073934158e-11,14,1,-1,0,2.6617700693571e-15,1.16420670471865e-06,128,0
12,wave,apv,mda,w*eta*dlogN2,1.38936920440369e-12,16,1,3,0,2.71902517664548e-15,9.99748062113781e-11,128,0
12,apv,wave,inertial,u*dx(u),0,-1,0,1,1,0,0,0,128
12,apv,wave,inertial,v*dy(u),0,-1,0,1,1,0,0,0,128
12,apv,wave,inertial,w*dz(u),0,-1,0,1,1,0,0,0,128
12,apv,wave,inertial,u*dx(v),0,-1,0,1,1,0,0,0,128
12,apv,wave,inertial,v*dy(v),0,-1,0,1,1,0,0,0,128
12,apv,wave,inertial,w*dz(v),0,-1,0,1,1,0,0,0,128
12,apv,wave,mda,u*dx(eta),0,-1,0,1,1,0,0,0,128
12,apv,wave,mda,v*dy(eta),0,-1,0,1,1,0,0,0,128
12,apv,wave,mda,w*dz(eta),0,-1,0,1,1,0,0,0,128
12,apv,wave,mda,w*eta*dlogN2,0,-1,0,1,1,0,0,0,128
12,wave,boundary,inertial,u*dx(u),0,1,1,1,0,0,0,0,64
12,wave,boundary,inertial,v*dy(u),0,1,1,1,0,0,0,0,64
12,wave,boundary,inertial,w*dz(u),0,1,1,1,0,0,0,0,64
12,wave,boundary,inertial,u*dx(v),2.73419652165312e-12,16,1,2,0,8.96743248694862e-16,3.28913563052424e-11,64,0
12,wave,boundary,inertial,v*dy(v),0,1,1,1,0,0,0,0,64
12,wave,boundary,inertial,w*dz(v),1.43123459994748e-12,16,1,1,0,1.07231159920751e-15,3.24387183781027e-11,64,0
12,wave,boundary,mda,u*dx(eta),1.16726912762363e-13,1,1,1,0,5.69422939841072e-16,6.71254194913786e-10,64,0
12,wave,boundary,mda,v*dy(eta),0,1,1,1,0,0,0,0,64
12,wave,boundary,mda,w*dz(eta),3.72827203510517e-15,4,1,1,0,3.51047120415359e-15,4.02987548317243e-11,64,0
12,wave,boundary,mda,w*eta*dlogN2,6.34250185945505e-15,1,1,2,0,2.23719937119451e-15,4.39162274373966e-11,64,0
12,boundary,wave,inertial,u*dx(u),0,1,0,1,1,0,0,0,64
12,boundary,wave,inertial,v*dy(u),0,1,0,1,1,0,0,0,64
12,boundary,wave,inertial,w*dz(u),0,1,0,1,1,0,0,0,64
12,boundary,wave,inertial,u*dx(v),0,1,0,1,1,0,0,0,64
12,boundary,wave,inertial,v*dy(v),0,1,0,1,1,0,0,0,64
12,boundary,wave,inertial,w*dz(v),0,1,0,1,1,0,0,0,64
12,boundary,wave,mda,u*dx(eta),0,1,0,1,1,0,0,0,64
12,boundary,wave,mda,v*dy(eta),0,1,0,1,1,0,0,0,64
12,boundary,wave,mda,w*dz(eta),0,1,0,1,1,0,0,0,64
12,boundary,wave,mda,w*eta*dlogN2,0,1,0,1,1,0,0,0,64
12,apv,boundary,inertial,u*dx(u),0,-1,0,1,0,0,0,0,8
12,apv,boundary,inertial,v*dy(u),0,-1,0,1,0,0,0,0,8
12,apv,boundary,inertial,w*dz(u),0,-1,0,1,0,0,0,0,8
12,apv,boundary,inertial,u*dx(v),0,-1,0,1,0,0,0,0,8
12,apv,boundary,inertial,v*dy(v),0,-1,0,1,0,0,0,0,8
12,apv,boundary,inertial,w*dz(v),0,-1,0,1,0,0,0,0,8
12,apv,boundary,mda,u*dx(eta),0,-1,0,1,0,0,0,0,8
12,apv,boundary,mda,v*dy(eta),0,-1,0,1,0,0,0,0,8
12,apv,boundary,mda,w*dz(eta),0,-1,0,1,0,0,0,0,8
12,apv,boundary,mda,w*eta*dlogN2,0,-1,0,1,0,0,0,0,8
12,boundary,apv,inertial,u*dx(u),0,1,0,-1,0,0,0,0,8
12,boundary,apv,inertial,v*dy(u),0,1,0,-1,0,0,0,0,8
12,boundary,apv,inertial,w*dz(u),0,1,0,-1,0,0,0,0,8
12,boundary,apv,inertial,u*dx(v),0,1,0,-1,0,0,0,0,8
12,boundary,apv,inertial,v*dy(v),0,1,0,-1,0,0,0,0,8
12,boundary,apv,inertial,w*dz(v),0,1,0,-1,0,0,0,0,8
12,boundary,apv,mda,u*dx(eta),0,1,0,-1,0,0,0,0,8
12,boundary,apv,mda,v*dy(eta),0,1,0,-1,0,0,0,0,8
12,boundary,apv,mda,w*dz(eta),0,1,0,-1,0,0,0,0,8
12,boundary,apv,mda,w*eta*dlogN2,0,1,0,-1,0,0,0,0,8
12,boundary,boundary,inertial,u*dx(u),0,1,0,1,0,0,0,0,4
12,boundary,boundary,inertial,v*dy(u),0,1,0,1,0,0,0,0,4
12,boundary,boundary,inertial,w*dz(u),0,1,0,1,0,0,0,0,4
12,boundary,boundary,inertial,u*dx(v),0,1,0,1,0,0,0,0,4
12,boundary,boundary,inertial,v*dy(v),0,1,0,1,0,0,0,0,4
12,boundary,boundary,inertial,w*dz(v),0,1,0,1,0,0,0,0,4
12,boundary,boundary,mda,u*dx(eta),0,1,0,1,0,0,0,0,4
12,boundary,boundary,mda,v*dy(eta),0,1,0,1,0,0,0,0,4
12,boundary,boundary,mda,w*dz(eta),0,1,0,1,0,0,0,0,4
12,boundary,boundary,mda,w*eta*dlogN2,0,1,0,1,0,0,0,0,4
9,wave,wave,wave,u*dx(u),1.02503573848431e-05,16,1,15,1,2.07757400166765e-15,9.27421472951551e-11,640,0
9,wave,wave,wave,v*dy(u),0,1,1,1,1,0,0,0,640
9,wave,wave,wave,w*dz(u),1.02499411176237e-05,16,1,15,1,1.50383705628487e-14,1.82986559605526e-06,640,0
9,wave,wave,wave,u*dx(v),1.00242512314338e-05,16,1,15,1,2.0178994772378e-15,6.26182439233958e-11,640,0
9,wave,wave,wave,v*dy(v),0,1,1,1,1,0,0,0,640
9,wave,wave,wave,w*dz(v),1.00233711259703e-05,16,1,15,1,1.46301979882437e-14,1.75091972002462e-06,640,0
9,wave,wave,wave,u*dx(w),6.71091014794305e-08,15,1,16,1,8.88178419700125e-16,9.29294419194093e-11,640,0
9,wave,wave,wave,v*dy(w),0,1,1,1,1,0,0,0,640
9,wave,wave,wave,w*dz(w),6.7109180971225e-08,16,1,15,1,6.66133814775094e-16,9.26150267588355e-11,640,0
9,wave,wave,wave,u*dx(eta),3.13321775651188e-06,16,1,16,1,1.1321857300665e-15,6.28188612239455e-11,640,0
9,wave,wave,wave,v*dy(eta),0,1,1,1,1,0,0,0,640
9,wave,wave,wave,w*dz(eta),3.13321705640271e-06,16,1,16,1,9.79464686530987e-16,6.24751361755216e-11,640,0
9,wave,wave,wave,w*eta*dlogN2,3.12622929443205e-06,16,1,16,1,7.68905043983448e-16,6.26030338679584e-11,640,0
9,wave,apv,wave,u*dx(u),0,1,1,-1,0,0,0,0,128
9,wave,apv,wave,v*dy(u),0,1,1,-1,0,0,0,0,128
9,wave,apv,wave,w*dz(u),0,1,1,-1,0,0,0,0,128
9,wave,apv,wave,u*dx(v),6.10222277778315e-06,16,1,2,0,1.94362129360034e-15,3.25905968878715e-11,128,0
9,wave,apv,wave,v*dy(v),0,1,1,-1,0,0,0,0,128
9,wave,apv,wave,w*dz(v),5.51608442475018e-06,16,1,3,0,2.31454652113598e-15,6.96179780490525e-11,128,0
9,wave,apv,wave,u*dx(w),0,1,1,-1,0,0,0,0,128
9,wave,apv,wave,v*dy(w),0,1,1,-1,0,0,0,0,128
9,wave,apv,wave,w*dz(w),0,1,1,-1,0,0,0,0,128
9,wave,apv,wave,u*dx(eta),3.83551741601265e-07,16,1,3,0,7.58067852882118e-16,7.06524838633982e-11,128,0
9,wave,apv,wave,v*dy(eta),0,1,1,-1,0,0,0,0,128
9,wave,apv,wave,w*dz(eta),3.9374893336014e-07,16,1,2,0,6.66133814775094e-16,2.89418933263619e-10,128,0
9,wave,apv,wave,w*eta*dlogN2,4.40907203479996e-07,16,1,3,0,6.35790281030195e-16,6.96565027880069e-11,128,0
9,apv,wave,wave,u*dx(u),0,-1,0,1,1,0,0,0,128
9,apv,wave,wave,v*dy(u),0,-1,0,1,1,0,0,0,128
9,apv,wave,wave,w*dz(u),0,-1,0,1,1,0,0,0,128
9,apv,wave,wave,u*dx(v),0,-1,0,1,1,0,0,0,128
9,apv,wave,wave,v*dy(v),0,-1,0,1,1,0,0,0,128
9,apv,wave,wave,w*dz(v),0,-1,0,1,1,0,0,0,128
9,apv,wave,wave,u*dx(w),0,-1,0,1,1,0,0,0,128
9,apv,wave,wave,v*dy(w),0,-1,0,1,1,0,0,0,128
9,apv,wave,wave,w*dz(w),0,-1,0,1,1,0,0,0,128
9,apv,wave,wave,u*dx(eta),0,-1,0,1,1,0,0,0,128
9,apv,wave,wave,v*dy(eta),0,-1,0,1,1,0,0,0,128
9,apv,wave,wave,w*dz(eta),0,-1,0,1,1,0,0,0,128
9,apv,wave,wave,w*eta*dlogN2,0,-1,0,1,1,0,0,0,128
9,wave,boundary,wave,u*dx(u),0,1,1,1,0,0,0,0,64
9,wave,boundary,wave,v*dy(u),0,1,1,1,0,0,0,0,64
9,wave,boundary,wave,w*dz(u),0,1,1,1,0,0,0,0,64
9,wave,boundary,wave,u*dx(v),2.07306933916252e-06,16,1,2,0,2.22184257272951e-15,3.26370042103008e-11,64,0
9,wave,boundary,wave,v*dy(v),0,1,1,1,0,0,0,0,64
9,wave,boundary,wave,w*dz(v),1.47897810623763e-06,16,1,2,0,2.19063312898624e-15,3.24344995306092e-11,64,0
9,wave,boundary,wave,u*dx(w),0,1,1,1,0,0,0,0,64
9,wave,boundary,wave,v*dy(w),0,1,1,1,0,0,0,0,64
9,wave,boundary,wave,w*dz(w),0,1,1,1,0,0,0,0,64
9,wave,boundary,wave,u*dx(eta),9.64705749696158e-08,16,1,2,0,4.44089209850063e-16,3.27022853241488e-11,64,0
9,wave,boundary,wave,v*dy(eta),0,1,1,1,0,0,0,0,64
9,wave,boundary,wave,w*dz(eta),1.32730493331647e-07,16,1,2,0,6.7183300128051e-16,3.24353877090289e-11,64,0
9,wave,boundary,wave,w*eta*dlogN2,1.27464955359663e-07,16,1,1,0,7.9902321108362e-16,3.24327231737698e-11,64,0
9,boundary,wave,wave,u*dx(u),0,1,0,1,1,0,0,0,64
9,boundary,wave,wave,v*dy(u),0,1,0,1,1,0,0,0,64
9,boundary,wave,wave,w*dz(u),0,1,0,1,1,0,0,0,64
9,boundary,wave,wave,u*dx(v),0,1,0,1,1,0,0,0,64
9,boundary,wave,wave,v*dy(v),0,1,0,1,1,0,0,0,64
9,boundary,wave,wave,w*dz(v),0,1,0,1,1,0,0,0,64
9,boundary,wave,wave,u*dx(w),0,1,0,1,1,0,0,0,64
9,boundary,wave,wave,v*dy(w),0,1,0,1,1,0,0,0,64
9,boundary,wave,wave,w*dz(w),0,1,0,1,1,0,0,0,64
9,boundary,wave,wave,u*dx(eta),0,1,0,1,1,0,0,0,64
9,boundary,wave,wave,v*dy(eta),0,1,0,1,1,0,0,0,64
9,boundary,wave,wave,w*dz(eta),0,1,0,1,1,0,0,0,64
9,boundary,wave,wave,w*eta*dlogN2,0,1,0,1,1,0,0,0,64
9,apv,boundary,wave,u*dx(u),0,-1,0,1,0,0,0,0,8
9,apv,boundary,wave,v*dy(u),0,-1,0,1,0,0,0,0,8
9,apv,boundary,wave,w*dz(u),0,-1,0,1,0,0,0,0,8
9,apv,boundary,wave,u*dx(v),0,-1,0,1,0,0,0,0,8
9,apv,boundary,wave,v*dy(v),0,-1,0,1,0,0,0,0,8
9,apv,boundary,wave,w*dz(v),0,-1,0,1,0,0,0,0,8
9,apv,boundary,wave,u*dx(w),0,-1,0,1,0,0,0,0,8
9,apv,boundary,wave,v*dy(w),0,-1,0,1,0,0,0,0,8
9,apv,boundary,wave,w*dz(w),0,-1,0,1,0,0,0,0,8
9,apv,boundary,wave,u*dx(eta),0,-1,0,1,0,0,0,0,8
9,apv,boundary,wave,v*dy(eta),0,-1,0,1,0,0,0,0,8
9,apv,boundary,wave,w*dz(eta),0,-1,0,1,0,0,0,0,8
9,apv,boundary,wave,w*eta*dlogN2,0,-1,0,1,0,0,0,0,8
9,boundary,apv,wave,u*dx(u),0,1,0,-1,0,0,0,0,8
9,boundary,apv,wave,v*dy(u),0,1,0,-1,0,0,0,0,8
9,boundary,apv,wave,w*dz(u),0,1,0,-1,0,0,0,0,8
9,boundary,apv,wave,u*dx(v),0,1,0,-1,0,0,0,0,8
9,boundary,apv,wave,v*dy(v),0,1,0,-1,0,0,0,0,8
9,boundary,apv,wave,w*dz(v),0,1,0,-1,0,0,0,0,8
9,boundary,apv,wave,u*dx(w),0,1,0,-1,0,0,0,0,8
9,boundary,apv,wave,v*dy(w),0,1,0,-1,0,0,0,0,8
9,boundary,apv,wave,w*dz(w),0,1,0,-1,0,0,0,0,8
9,boundary,apv,wave,u*dx(eta),0,1,0,-1,0,0,0,0,8
9,boundary,apv,wave,v*dy(eta),0,1,0,-1,0,0,0,0,8
9,boundary,apv,wave,w*dz(eta),0,1,0,-1,0,0,0,0,8
9,boundary,apv,wave,w*eta*dlogN2,0,1,0,-1,0,0,0,0,8
9,boundary,boundary,wave,u*dx(u),0,1,0,1,0,0,0,0,4
9,boundary,boundary,wave,v*dy(u),0,1,0,1,0,0,0,0,4
9,boundary,boundary,wave,w*dz(u),0,1,0,1,0,0,0,0,4
9,boundary,boundary,wave,u*dx(v),0,1,0,1,0,0,0,0,4
9,boundary,boundary,wave,v*dy(v),0,1,0,1,0,0,0,0,4
9,boundary,boundary,wave,w*dz(v),0,1,0,1,0,0,0,0,4
9,boundary,boundary,wave,u*dx(w),0,1,0,1,0,0,0,0,4
9,boundary,boundary,wave,v*dy(w),0,1,0,1,0,0,0,0,4
9,boundary,boundary,wave,w*dz(w),0,1,0,1,0,0,0,0,4
9,boundary,boundary,wave,u*dx(eta),0,1,0,1,0,0,0,0,4
9,boundary,boundary,wave,v*dy(eta),0,1,0,1,0,0,0,0,4
9,boundary,boundary,wave,w*dz(eta),0,1,0,1,0,0,0,0,4
9,boundary,boundary,wave,w*eta*dlogN2,0,1,0,1,0,0,0,0,4
7,wave,wave,wave,u*dx(u),0,1,1,1,1,0,0,0,640
7,wave,wave,wave,v*dy(u),9.97473101538628e-06,16,1,15,1,1.87081358827576e-15,4.66346961047748e-11,640,0
7,wave,wave,wave,w*dz(u),9.97400980807593e-06,16,1,15,1,2.48851629710064e-14,3.40018210444011e-06,640,0
7,wave,wave,wave,u*dx(v),0,1,1,1,1,0,0,0,640
7,wave,wave,wave,v*dy(v),9.67987940862959e-06,16,1,15,1,1.74258359593676e-15,9.27458110311363e-11,640,0
7,wave,wave,wave,w*dz(v),9.67881716464502e-06,16,1,15,1,2.33123215169271e-14,3.27028413877835e-06,640,0
7,wave,wave,wave,u*dx(w),0,1,1,1,1,0,0,0,640
7,wave,wave,wave,v*dy(w),1.63582054718335e-07,15,1,16,1,6.66133814775094e-16,9.26247967214522e-11,640,0
7,wave,wave,wave,w*dz(w),1.63582186463648e-07,16,1,15,1,6.66133814775094e-16,9.2619467650934e-11,640,0
7,wave,wave,wave,u*dx(eta),0,1,1,1,1,0,0,0,640
7,wave,wave,wave,v*dy(eta),6.03804272662993e-06,16,1,16,1,1.58509883020734e-15,4.65183447317941e-11,640,0
7,wave,wave,wave,w*dz(eta),6.03804185799767e-06,16,1,16,1,1.64811820239173e-15,4.66473526472555e-11,640,0
7,wave,wave,wave,w*eta*dlogN2,4.85934650544269e-06,16,1,16,1,1.27952089909448e-15,4.64721594539697e-11,640,0
7,wave,apv,wave,u*dx(u),0,1,1,-1,0,0,0,0,128
7,wave,apv,wave,v*dy(u),6.09053635891702e-06,16,1,2,0,1.74403527067852e-15,1.77368442637395e-11,128,0
7,wave,apv,wave,w*dz(u),5.50390079157714e-06,16,1,3,0,1.77694753237893e-15,6.96179780490525e-11,128,0
7,wave,apv,wave,u*dx(v),0,1,1,-1,0,0,0,0,128
7,wave,apv,wave,v*dy(v),0,1,1,-1,0,0,0,0,128
7,wave,apv,wave,w*dz(v),0,1,1,-1,0,0,0,0,128
7,wave,apv,wave,u*dx(w),0,1,1,-1,0,0,0,0,128
7,wave,apv,wave,v*dy(w),0,1,1,-1,0,0,0,0,128
7,wave,apv,wave,w*dz(w),0,1,1,-1,0,0,0,0,128
7,wave,apv,wave,u*dx(eta),0,1,1,-1,0,0,0,0,128
7,wave,apv,wave,v*dy(eta),9.25153378501743e-07,16,1,3,0,1.17205473259669e-15,5.44232436894276e-11,128,0
7,wave,apv,wave,w*dz(eta),9.51373416958206e-07,16,1,2,0,8.63693925536973e-16,2.89418933263619e-10,128,0
7,wave,apv,wave,w*eta*dlogN2,1.0643992591205e-06,16,1,3,0,1.38657820690522e-15,6.96565027880069e-11,128,0
7,apv,wave,wave,u*dx(u),0,-1,0,1,1,0,0,0,128
7,apv,wave,wave,v*dy(u),6.09053536839064e-06,2,0,16,1,1.72976016807561e-15,4.63042937326463e-11,128,0
7,apv,wave,wave,w*dz(u),0,-1,0,1,1,0,0,0,128
7,apv,wave,wave,u*dx(v),0,-1,0,1,1,0,0,0,128
7,apv,wave,wave,v*dy(v),6.0650973675321e-06,2,0,16,1,1.7403248904088e-15,9.2415186614403e-11,128,0
7,apv,wave,wave,w*dz(v),0,-1,0,1,1,0,0,0,128
7,apv,wave,wave,u*dx(w),0,-1,0,1,1,0,0,0,128
7,apv,wave,wave,v*dy(w),1.38030712509892e-08,2,0,16,1,4.44089209850063e-16,9.82414150030309e-11,128,0
7,apv,wave,wave,w*dz(w),0,-1,0,1,1,0,0,0,128
7,apv,wave,wave,u*dx(eta),0,-1,0,1,1,0,0,0,128
7,apv,wave,wave,v*dy(eta),9.51373224719848e-07,2,0,16,1,1.21809287333724e-15,5.25379739713117e-11,128,0
7,apv,wave,wave,w*dz(eta),0,-1,0,1,1,0,0,0,128
7,apv,wave,wave,w*eta*dlogN2,0,-1,0,1,1,0,0,0,128
7,wave,boundary,wave,u*dx(u),0,1,1,1,0,0,0,0,64
7,wave,boundary,wave,v*dy(u),1.33977318373611e-06,16,1,2,0,1.64813507943647e-15,1.60108593050268e-11,64,0
7,wave,boundary,wave,w*dz(u),1.17182830562979e-06,16,1,2,0,1.85660064042861e-15,3.24352766867264e-11,64,0
7,wave,boundary,wave,u*dx(v),0,1,1,1,0,0,0,0,64
7,wave,boundary,wave,v*dy(v),0,1,1,1,0,0,0,0,64
7,wave,boundary,wave,w*dz(v),0,1,1,1,0,0,0,0,64
7,wave,boundary,wave,u*dx(w),0,1,1,1,0,0,0,0,64
7,wave,boundary,wave,v*dy(w),0,1,1,1,0,0,0,0,64
7,wave,boundary,wave,w*dz(w),0,1,1,1,0,0,0,0,64
7,wave,boundary,wave,u*dx(eta),0,1,1,1,0,0,0,0,64
7,wave,boundary,wave,v*dy(eta),1.82040248837949e-07,16,1,2,0,1.17796535792142e-15,1.65385483086311e-11,64,0
7,wave,boundary,wave,w*dz(eta),2.10211985000995e-07,16,1,2,0,1.05745423870744e-15,3.24338333967944e-11,64,0
7,wave,boundary,wave,w*eta*dlogN2,2.0486601169684e-07,16,1,1,0,1.96582265240899e-15,3.24354987313313e-11,64,0
7,boundary,wave,wave,u*dx(u),0,1,0,1,1,0,0,0,64
7,boundary,wave,wave,v*dy(u),6.31471803621766e-07,2,0,16,1,2.02562953317372e-15,4.73316941196344e-11,64,0
7,boundary,wave,wave,w*dz(u),0,1,0,1,1,0,0,0,64
7,boundary,wave,wave,u*dx(v),0,1,0,1,1,0,0,0,64
7,boundary,wave,wave,v*dy(v),6.28788143547038e-07,2,0,16,1,1.68254114053677e-15,9.34430310906009e-11,64,0
7,boundary,wave,wave,w*dz(v),0,1,0,1,1,0,0,0,64
7,boundary,wave,wave,u*dx(w),0,1,0,1,1,0,0,0,64
7,boundary,wave,wave,v*dy(w),1.4655503197921e-09,1,0,16,1,4.44089209850063e-16,9.67699254061927e-11,64,0
7,boundary,wave,wave,w*dz(w),0,1,0,1,1,0,0,0,64
7,boundary,wave,wave,u*dx(eta),0,1,0,1,1,0,0,0,64
7,boundary,wave,wave,v*dy(eta),1.01712985357009e-07,2,0,16,1,8.15628948950662e-16,5.21211962478674e-11,64,0
7,boundary,wave,wave,w*dz(eta),0,1,0,1,1,0,0,0,64
7,boundary,wave,wave,w*eta*dlogN2,0,1,0,1,1,0,0,0,64
7,apv,boundary,wave,u*dx(u),0,-1,0,1,0,0,0,0,8
7,apv,boundary,wave,v*dy(u),2.28268126683367e-13,3,0,1,0,1.46766731943815e-15,2.41011655077727e-11,8,0
7,apv,boundary,wave,w*dz(u),0,-1,0,1,0,0,0,0,8
7,apv,boundary,wave,u*dx(v),0,-1,0,1,0,0,0,0,8
7,apv,boundary,wave,v*dy(v),0,-1,0,1,0,0,0,0,8
7,apv,boundary,wave,w*dz(v),0,-1,0,1,0,0,0,0,8
7,apv,boundary,wave,u*dx(w),0,-1,0,1,0,0,0,0,8
7,apv,boundary,wave,v*dy(w),0,-1,0,1,0,0,0,0,8
7,apv,boundary,wave,w*dz(w),0,-1,0,1,0,0,0,0,8
7,apv,boundary,wave,u*dx(eta),0,-1,0,1,0,0,0,0,8
7,apv,boundary,wave,v*dy(eta),6.69499812825226e-15,3,0,2,0,7.52726797798339e-16,2.45294895506731e-11,8,0
7,apv,boundary,wave,w*dz(eta),0,-1,0,1,0,0,0,0,8
7,apv,boundary,wave,w*eta*dlogN2,0,-1,0,1,0,0,0,0,8
7,boundary,apv,wave,u*dx(u),0,1,0,-1,0,0,0,0,8
7,boundary,apv,wave,v*dy(u),2.43817098344003e-13,1,0,3,0,1.24322830612214e-15,2.96060953530741e-11,8,0
7,boundary,apv,wave,w*dz(u),0,1,0,-1,0,0,0,0,8
7,boundary,apv,wave,u*dx(v),0,1,0,-1,0,0,0,0,8
7,boundary,apv,wave,v*dy(v),0,1,0,-1,0,0,0,0,8
7,boundary,apv,wave,w*dz(v),0,1,0,-1,0,0,0,0,8
7,boundary,apv,wave,u*dx(w),0,1,0,-1,0,0,0,0,8
7,boundary,apv,wave,v*dy(w),0,1,0,-1,0,0,0,0,8
7,boundary,apv,wave,w*dz(w),0,1,0,-1,0,0,0,0,8
7,boundary,apv,wave,u*dx(eta),0,1,0,-1,0,0,0,0,8
7,boundary,apv,wave,v*dy(eta),6.12610164969396e-14,2,0,1,0,1.09947908491359e-15,4.46637171691577e-11,8,0
7,boundary,apv,wave,w*dz(eta),0,1,0,-1,0,0,0,0,8
7,boundary,apv,wave,w*eta*dlogN2,0,1,0,-1,0,0,0,0,8
7,boundary,boundary,wave,u*dx(u),0,1,0,1,0,0,0,0,4
7,boundary,boundary,wave,v*dy(u),2.49475191217271e-13,1,0,1,0,9.68284216339861e-16,2.17394812554922e-11,4,0
7,boundary,boundary,wave,w*dz(u),0,1,0,1,0,0,0,0,4
7,boundary,boundary,wave,u*dx(v),0,1,0,1,0,0,0,0,4
7,boundary,boundary,wave,v*dy(v),0,1,0,1,0,0,0,0,4
7,boundary,boundary,wave,w*dz(v),0,1,0,1,0,0,0,0,4
7,boundary,boundary,wave,u*dx(w),0,1,0,1,0,0,0,0,4
7,boundary,boundary,wave,v*dy(w),0,1,0,1,0,0,0,0,4
7,boundary,boundary,wave,w*dz(w),0,1,0,1,0,0,0,0,4
7,boundary,boundary,wave,u*dx(eta),0,1,0,1,0,0,0,0,4
7,boundary,boundary,wave,v*dy(eta),8.60184985029635e-15,1,0,2,0,9.68766279529954e-16,2.45402063307039e-11,4,0
7,boundary,boundary,wave,w*dz(eta),0,1,0,1,0,0,0,0,4
7,boundary,boundary,wave,w*eta*dlogN2,0,1,0,1,0,0,0,0,4
1,wave,wave,wave,u*dx(u),0,1,1,1,1,0,0,0,640
1,wave,wave,wave,v*dy(u),1.02501612694652e-05,16,1,15,1,2.10859907211395e-15,4.66545528318893e-11,640,0
1,wave,wave,wave,w*dz(u),1.02497474559324e-05,16,1,15,1,2.68706165999289e-14,3.520855690334e-06,640,0
1,wave,wave,wave,u*dx(v),0,1,1,1,1,0,0,0,640
1,wave,wave,wave,v*dy(v),9.59667447325616e-06,16,1,15,1,1.56660232855624e-15,9.27444787635068e-11,640,0
1,wave,wave,wave,w*dz(v),9.59537619952473e-06,16,1,15,1,2.21452314708928e-14,3.20949126763296e-06,640,0
1,wave,wave,wave,u*dx(w),0,1,1,1,1,0,0,0,640
1,wave,wave,wave,v*dy(w),1.34093126157978e-07,15,1,16,1,6.66133814775094e-16,9.26068111084533e-11,640,0
1,wave,wave,wave,w*dz(w),1.34093337877862e-07,16,1,15,1,7.7715611723761e-16,9.2622354230798e-11,640,0
1,wave,wave,wave,u*dx(eta),0,1,1,1,1,0,0,0,640
1,wave,wave,wave,v*dy(eta),5.32808352163205e-06,16,1,16,1,1.32281721282955e-15,4.64972504943262e-11,640,0
1,wave,wave,wave,w*dz(eta),5.32808200363122e-06,16,1,16,1,1.47439810548474e-15,4.66437999335767e-11,640,0
1,wave,wave,wave,w*eta*dlogN2,4.47155929314742e-06,16,1,16,1,1.15583182540622e-15,4.64537297517609e-11,640,0
1,wave,apv,wave,u*dx(u),0,1,1,-1,0,0,0,0,128
1,wave,apv,wave,v*dy(u),6.11488274308372e-06,16,1,2,0,2.21910356603688e-15,2.90580373111526e-11,128,0
1,wave,apv,wave,w*dz(u),5.5293834445493e-06,16,1,3,0,2.060354547325e-15,6.30569680368158e-11,128,0
1,wave,apv,wave,u*dx(v),0,1,1,-1,0,0,0,0,128
1,wave,apv,wave,v*dy(v),0,1,1,-1,0,0,0,0,128
1,wave,apv,wave,w*dz(v),0,1,1,-1,0,0,0,0,128
1,wave,apv,wave,u*dx(w),0,1,1,-1,0,0,0,0,128
1,wave,apv,wave,v*dy(w),0,1,1,-1,0,0,0,0,128
1,wave,apv,wave,w*dz(w),0,1,1,-1,0,0,0,0,128
1,wave,apv,wave,u*dx(eta),0,1,1,-1,0,0,0,0,128
1,wave,apv,wave,v*dy(eta),7.61505166753248e-07,16,1,3,0,8.35855959993116e-16,6.39392983003972e-11,128,0
1,wave,apv,wave,w*dz(eta),7.82566408785821e-07,16,1,2,0,1.30275065105637e-15,2.82882828273046e-10,128,0
1,wave,apv,wave,w*eta*dlogN2,8.75830483229175e-07,16,1,3,0,1.36816022829301e-15,6.30493435238577e-11,128,0
1,apv,wave,wave,u*dx(u),0,-1,0,1,1,0,0,0,128
1,apv,wave,wave,v*dy(u),6.11488078362075e-06,2,0,16,1,2.14270813371342e-15,4.79123256322616e-11,128,0
1,apv,wave,wave,w*dz(u),0,-1,0,1,1,0,0,0,128
1,apv,wave,wave,u*dx(v),0,-1,0,1,1,0,0,0,128
1,apv,wave,wave,v*dy(v),6.06469456238627e-06,2,0,16,1,1.63772402771791e-15,9.2415186614403e-11,128,0
1,apv,wave,wave,w*dz(v),0,-1,0,1,1,0,0,0,128
1,apv,wave,wave,u*dx(w),0,-1,0,1,1,0,0,0,128
1,apv,wave,wave,v*dy(w),1.13079252825927e-08,2,0,16,1,4.44089209850063e-16,9.82414150030309e-11,128,0
1,apv,wave,wave,w*dz(w),0,-1,0,1,1,0,0,0,128
1,apv,wave,wave,u*dx(eta),0,-1,0,1,1,0,0,0,128
1,apv,wave,wave,v*dy(eta),7.82566153637156e-07,2,0,16,1,8.71608987290661e-16,5.25379739713117e-11,128,0
1,apv,wave,wave,w*dz(eta),0,-1,0,1,1,0,0,0,128
1,apv,wave,wave,w*eta*dlogN2,0,-1,0,1,1,0,0,0,128
1,wave,boundary,wave,u*dx(u),0,1,1,1,0,0,0,0,64
1,wave,boundary,wave,v*dy(u),1.3450464725125e-06,16,1,2,0,1.9400002637668e-15,2.53652985089335e-11,64,0
1,wave,boundary,wave,w*dz(u),1.17651744888155e-06,16,1,2,0,1.75718860713093e-15,2.58258969765279e-11,64,0
1,wave,boundary,wave,u*dx(v),0,1,1,1,0,0,0,0,64
1,wave,boundary,wave,v*dy(v),0,1,1,1,0,0,0,0,64
1,wave,boundary,wave,w*dz(v),0,1,1,1,0,0,0,0,64
1,wave,boundary,wave,u*dx(w),0,1,1,1,0,0,0,0,64
1,wave,boundary,wave,v*dy(w),0,1,1,1,0,0,0,0,64
1,wave,boundary,wave,w*dz(w),0,1,1,1,0,0,0,0,64
1,wave,boundary,wave,u*dx(eta),0,1,1,1,0,0,0,0,64
1,wave,boundary,wave,v*dy(eta),1.4973616057062e-07,16,1,2,0,5.57738142517374e-16,2.58679744291612e-11,64,0
1,wave,boundary,wave,w*dz(eta),1.72894489821681e-07,16,1,2,0,1.72261873393993e-15,2.58243426642935e-11,64,0
1,wave,boundary,wave,w*eta*dlogN2,1.68499636755001e-07,16,1,1,0,8.57749446053657e-16,2.58263410657378e-11,64,0
1,boundary,wave,wave,u*dx(u),0,1,0,1,1,0,0,0,64
1,boundary,wave,wave,v*dy(u),3.47561675594306e-07,2,0,16,1,1.71502836128812e-15,4.66326721521149e-11,64,0
1,boundary,wave,wave,w*dz(u),0,1,0,1,1,0,0,0,64
1,boundary,wave,wave,u*dx(v),0,1,0,1,1,0,0,0,64
1,boundary,wave,wave,v*dy(v),3.44548353509902e-07,2,0,16,1,2.12451311444244e-15,9.26843046755721e-11,64,0
1,boundary,wave,wave,w*dz(v),0,1,0,1,1,0,0,0,64
1,boundary,wave,wave,u*dx(w),0,1,0,1,1,0,0,0,64
1,boundary,wave,wave,v*dy(w),6.72355559499253e-10,1,0,16,1,4.44089209850063e-16,9.4740215672573e-11,64,0
1,boundary,wave,wave,w*dz(w),0,1,0,1,1,0,0,0,64
1,boundary,wave,wave,u*dx(eta),0,1,0,1,1,0,0,0,64
1,boundary,wave,wave,v*dy(eta),4.70815771131465e-08,2,0,16,1,7.59083885337057e-16,4.94511098736439e-11,64,0
1,boundary,wave,wave,w*dz(eta),0,1,0,1,1,0,0,0,64
1,boundary,wave,wave,w*eta*dlogN2,0,1,0,1,1,0,0,0,64
1,apv,boundary,wave,u*dx(u),0,-1,0,1,0,0,0,0,8
1,apv,boundary,wave,v*dy(u),2.68458647759802e-13,3,0,1,0,1.3304807731433e-15,2.58968582166261e-11,8,0
1,apv,boundary,wave,w*dz(u),0,-1,0,1,0,0,0,0,8
1,apv,boundary,wave,u*dx(v),0,-1,0,1,0,0,0,0,8
1,apv,boundary,wave,v*dy(v),0,-1,0,1,0,0,0,0,8
1,apv,boundary,wave,w*dz(v),0,-1,0,1,0,0,0,0,8
1,apv,boundary,wave,u*dx(w),0,-1,0,1,0,0,0,0,8
1,apv,boundary,wave,v*dy(w),0,-1,0,1,0,0,0,0,8
1,apv,boundary,wave,w*dz(w),0,-1,0,1,0,0,0,0,8
1,apv,boundary,wave,u*dx(eta),0,-1,0,1,0,0,0,0,8
1,apv,boundary,wave,v*dy(eta),5.55329971495369e-15,3,0,2,0,9.63688925326702e-16,2.45294895506731e-11,8,0
1,apv,boundary,wave,w*dz(eta),0,-1,0,1,0,0,0,0,8
1,apv,boundary,wave,w*eta*dlogN2,0,-1,0,1,0,0,0,0,8
1,boundary,apv,wave,u*dx(u),0,1,0,-1,0,0,0,0,8
1,boundary,apv,wave,v*dy(u),3.12379276063126e-13,1,0,3,0,1.62805934771842e-15,3.03222029210637e-11,8,0
1,boundary,apv,wave,w*dz(u),0,1,0,-1,0,0,0,0,8
1,boundary,apv,wave,u*dx(v),0,1,0,-1,0,0,0,0,8
1,boundary,apv,wave,v*dy(v),0,1,0,-1,0,0,0,0,8
1,boundary,apv,wave,w*dz(v),0,1,0,-1,0,0,0,0,8
1,boundary,apv,wave,u*dx(w),0,1,0,-1,0,0,0,0,8
1,boundary,apv,wave,v*dy(w),0,1,0,-1,0,0,0,0,8
1,boundary,apv,wave,w*dz(w),0,1,0,-1,0,0,0,0,8
1,boundary,apv,wave,u*dx(eta),0,1,0,-1,0,0,0,0,8
1,boundary,apv,wave,v*dy(eta),5.99218271415705e-14,2,0,1,0,8.71559889020839e-16,4.64187577264852e-11,8,0
1,boundary,apv,wave,w*dz(eta),0,1,0,-1,0,0,0,0,8
1,boundary,apv,wave,w*eta*dlogN2,0,1,0,-1,0,0,0,0,8
1,boundary,boundary,wave,u*dx(u),0,1,0,1,0,0,0,0,4
1,boundary,boundary,wave,v*dy(u),3.1116778859122e-13,1,0,1,0,1.30072193312276e-15,4.33076842500708e-11,4,0
1,boundary,boundary,wave,w*dz(u),0,1,0,1,0,0,0,0,4
1,boundary,boundary,wave,u*dx(v),0,1,0,1,0,0,0,0,4
1,boundary,boundary,wave,v*dy(v),0,1,0,1,0,0,0,0,4
1,boundary,boundary,wave,w*dz(v),0,1,0,1,0,0,0,0,4
1,boundary,boundary,wave,u*dx(w),0,1,0,1,0,0,0,0,4
1,boundary,boundary,wave,v*dy(w),0,1,0,1,0,0,0,0,4
1,boundary,boundary,wave,w*dz(w),0,1,0,1,0,0,0,0,4
1,boundary,boundary,wave,u*dx(eta),0,1,0,1,0,0,0,0,4
1,boundary,boundary,wave,v*dy(eta),8.12917544206964e-15,1,0,2,0,8.99076333384191e-16,5.51297320418342e-11,4,0
1,boundary,boundary,wave,w*dz(eta),0,1,0,1,0,0,0,0,4
1,boundary,boundary,wave,w*eta*dlogN2,0,1,0,1,0,0,0,0,4
5,wave,wave,inertial,u*dx(u),4.4864413492955e-06,16,-1,15,1,1.00723317013703e-15,5.16535703098953e-11,640,0
5,wave,wave,inertial,v*dy(u),4.48644134928925e-06,16,1,15,1,1.05031827584892e-15,5.16519049753583e-11,640,0
5,wave,wave,inertial,w*dz(u),4.48678847576392e-06,16,1,15,1,5.77315972805081e-15,6.98547217981443e-07,640,0
5,wave,wave,inertial,u*dx(v),4.48644134934355e-06,16,-1,15,1,1.19669499083357e-15,5.16516829307534e-11,640,0
5,wave,wave,inertial,v*dy(v),4.48644134910023e-06,16,1,15,1,1.32856842105672e-15,5.16501286185189e-11,640,0
5,wave,wave,inertial,w*dz(v),4.48678847584293e-06,16,1,15,1,5.6621374255883e-15,6.98547217309615e-07,640,0
5,wave,wave,mda,u*dx(eta),2.95100999213753e-06,16,1,15,1,4.71338146028227e-15,6.74320780563191e-10,640,0
5,wave,wave,mda,v*dy(eta),2.95100999480888e-06,16,1,15,1,5.68553609363591e-15,6.74315757923403e-10,640,0
5,wave,wave,mda,w*dz(eta),2.95100999465276e-06,15,1,16,1,3.04436211727916e-15,6.74318270369045e-10,640,0
5,wave,wave,mda,w*eta*dlogN2,4.02513970046517e-06,16,1,16,1,4.25241090583561e-15,5.56516292234214e-11,640,0
5,wave,apv,inertial,u*dx(u),3.45633787156809e-10,16,1,3,0,1.43038489726874e-15,2.59134935731709e-11,128,0
5,wave,apv,inertial,v*dy(u),3.45633792175425e-10,16,1,3,0,1.10851003472178e-15,2.59117172163315e-11,128,0
5,wave,apv,inertial,w*dz(u),3.75533231834907e-10,16,1,3,0,1.14947487041719e-15,6.30107077626008e-11,128,0
5,wave,apv,inertial,u*dx(v),3.45633813034663e-10,16,1,3,0,9.23513957004787e-16,2.59134935731709e-11,128,0
5,wave,apv,inertial,v*dy(v),3.45633817366289e-10,16,1,3,0,1.32963878170396e-15,2.59118282386339e-11,128,0
5,wave,apv,inertial,w*dz(v),3.75533219341158e-10,16,1,3,0,1.01975871081158e-15,6.30105967402983e-11,128,0
5,wave,apv,mda,u*dx(eta),7.12510260841645e-13,16,1,3,0,2.1083134146482e-15,7.05380975575329e-10,128,0
5,wave,apv,mda,v*dy(eta),7.12536174652393e-13,16,1,3,0,1.97662488471987e-15,7.05379054309085e-10,128,0
5,wave,apv,mda,w*dz(eta),1.05824518517947e-11,14,1,-1,0,1.8741049815022e-15,1.1642514045869e-06,128,0
5,wave,apv,mda,w*eta*dlogN2,1.38928434996212e-12,16,1,3,0,2.94189576025151e-15,9.33485511112053e-11,128,0
5,apv,wave,inertial,u*dx(u),3.45633829751963e-10,3,0,16,1,1.42827277611478e-15,2.59136045954733e-11,128,0
5,apv,wave,inertial,v*dy(u),3.45633807960158e-10,3,0,16,1,1.43167759034422e-15,2.59136045954733e-11,128,0
5,apv,wave,inertial,w*dz(u),0,-1,0,1,1,0,0,0,128
5,apv,wave,inertial,u*dx(v),3.45633858242355e-10,3,0,16,1,1.40491304543796e-15,2.59117172163315e-11,128,0
5,apv,wave,inertial,v*dy(v),3.45633816344532e-10,3,0,16,1,1.40782279095301e-15,2.59118282386339e-11,128,0
5,apv,wave,inertial,w*dz(v),0,-1,0,1,1,0,0,0,128
5,apv,wave,mda,u*dx(eta),7.22280447332962e-13,3,0,16,1,3.2451864328705e-15,4.84209772054407e-11,128,0
5,apv,wave,mda,v*dy(eta),7.22256526087007e-13,3,0,16,1,3.31825267391971e-15,4.84212297288702e-11,128,0
5,apv,wave,mda,w*dz(eta),0,-1,0,1,1,0,0,0,128
5,apv,wave,mda,w*eta*dlogN2,0,-1,0,1,1,0,0,0,128
5,wave,boundary,inertial,u*dx(u),8.77060694413304e-13,16,1,2,0,8.97900065548153e-16,2.80686585085732e-11,64,0
5,wave,boundary,inertial,v*dy(u),8.77177243114855e-13,16,1,2,0,1.4734886924056e-15,2.80669931740363e-11,64,0
5,wave,boundary,inertial,w*dz(u),1.74884328783671e-12,16,1,2,0,1.6458209850848e-15,2.5836000006052e-11,64,0
5,wave,boundary,inertial,u*dx(v),8.77200207157121e-13,16,1,2,0,1.36882344320623e-15,2.80687695308757e-11,64,0
5,wave,boundary,inertial,v*dy(v),8.77209163928083e-13,16,1,2,0,1.09049135586732e-15,2.80668821517338e-11,64,0
5,wave,boundary,inertial,w*dz(v),1.74869027750833e-12,16,1,2,0,1.13428582632072e-15,2.58361110283545e-11,64,0
5,wave,boundary,mda,u*dx(eta),1.22840232217668e-13,1,1,1,0,6.39048341800278e-16,7.56486121293609e-10,64,0
5,wave,boundary,mda,v*dy(eta),1.23088384468593e-13,1,1,1,0,7.50410971230732e-16,7.56484936611034e-10,64,0
5,wave,boundary,mda,w*dz(eta),2.76175337259109e-15,2,1,1,0,1.58793536451831e-15,4.00118389932301e-11,64,0
5,wave,boundary,mda,w*eta*dlogN2,1.53235996377629e-14,1,1,2,0,1.4378378500892e-15,3.98018889340396e-11,64,0
5,boundary,wave,inertial,u*dx(u),8.77109144180037e-13,2,0,16,1,8.72804004767388e-16,2.80685474862707e-11,64,0
5,boundary,wave,inertial,v*dy(u),8.77116793500327e-13,2,0,16,1,8.9798353699841e-16,2.80686585085732e-11,64,0
5,boundary,wave,inertial,w*dz(u),0,1,0,1,1,0,0,0,64
5,boundary,wave,inertial,u*dx(v),8.77158979020999e-13,2,0,16,1,1.09951847677799e-15,2.80667711294313e-11,64,0
5,boundary,wave,inertial,v*dy(v),8.77222561386026e-13,2,0,16,1,1.12162256915607e-15,2.80668821517338e-11,64,0
5,boundary,wave,inertial,w*dz(v),0,1,0,1,1,0,0,0,64
5,boundary,wave,mda,u*dx(eta),3.64070494795978e-15,1,0,4,1,1.95922372156877e-15,4.59527455923702e-11,64,0
5,boundary,wave,mda,v*dy(eta),3.50742862730792e-15,1,0,4,1,1.95922372156877e-15,4.59526204760723e-11,64,0
5,boundary,wave,mda,w*dz(eta),0,1,0,1,1,0,0,0,64
5,boundary,wave,mda,w*eta*dlogN2,0,1,0,1,1,0,0,0,64
5,apv,boundary,inertial,u*dx(u),2.70953837688785e-13,3,0,1,0,8.51141405051044e-16,2.99866798059156e-11,8,0
5,apv,boundary,inertial,v*dy(u),2.70966500268714e-13,3,0,1,0,8.33360711003765e-16,2.99866798059156e-11,8,0
5,apv,boundary,inertial,w*dz(u),0,-1,0,1,0,0,0,0,8
5,apv,boundary,inertial,u*dx(v),2.71066879250718e-13,3,0,1,0,1.01539597036713e-15,2.99871238951255e-11,8,0
5,apv,boundary,inertial,v*dy(v),2.71041025790389e-13,3,0,1,0,9.03018794749334e-16,2.99869018505206e-11,8,0
5,apv,boundary,inertial,w*dz(v),0,-1,0,1,0,0,0,0,8
5,apv,boundary,mda,u*dx(eta),3.12667735012951e-15,-1,0,2,0,4.85371594565382e-16,5.38676941847024e-11,8,0
5,apv,boundary,mda,v*dy(eta),3.12667735012951e-15,-1,0,2,0,5.30384102034662e-16,5.38682806309777e-11,8,0
5,apv,boundary,mda,w*dz(eta),0,-1,0,1,0,0,0,0,8
5,apv,boundary,mda,w*eta*dlogN2,0,-1,0,1,0,0,0,0,8
5,boundary,apv,inertial,u*dx(u),2.70957452852613e-13,1,0,3,0,8.47526925848464e-16,2.99866798059156e-11,8,0
5,boundary,apv,inertial,v*dy(u),2.70959942472331e-13,1,0,3,0,8.01550121276468e-16,2.99866798059156e-11,8,0
5,boundary,apv,inertial,w*dz(u),0,1,0,-1,0,0,0,0,8
5,boundary,apv,inertial,u*dx(v),2.71054364487314e-13,1,0,3,0,9.10174799898088e-16,2.99869018505206e-11,8,0
5,boundary,apv,inertial,v*dy(v),2.71048387305133e-13,1,0,3,0,9.19842433407128e-16,2.99869018505206e-11,8,0
5,boundary,apv,inertial,w*dz(v),0,1,0,-1,0,0,0,0,8
5,boundary,apv,mda,u*dx(eta),3.88742090579571e-14,2,0,-1,0,1.15754149754032e-15,1.30549226426043e-10,8,0
5,boundary,apv,mda,v*dy(eta),3.88742090579571e-14,2,0,-1,0,1.1478272655669e-15,1.30549096342212e-10,8,0
5,boundary,apv,mda,w*dz(eta),0,1,0,-1,0,0,0,0,8
5,boundary,apv,mda,w*eta*dlogN2,0,1,0,-1,0,0,0,0,8
5,boundary,boundary,inertial,u*dx(u),3.06511312834275e-13,1,0,1,0,1.39002557004707e-15,2.78305547849048e-10,4,0
5,boundary,boundary,inertial,v*dy(u),3.06528368006148e-13,1,0,1,0,1.32305854125205e-15,2.78305603732446e-10,4,0
5,boundary,boundary,inertial,w*dz(u),0,1,0,1,0,0,0,0,4
5,boundary,boundary,inertial,u*dx(v),3.06451835356627e-13,1,0,1,0,1.22178062320267e-15,2.78305628968392e-10,4,0
5,boundary,boundary,inertial,v*dy(v),3.0645119133202e-13,1,0,1,0,1.17390064173498e-15,2.78305706430687e-10,4,0
5,boundary,boundary,inertial,w*dz(v),0,1,0,1,0,0,0,0,4
5,boundary,boundary,mda,u*dx(eta),5.58139046450463e-14,1,0,2,0,1.02487258445847e-15,8.95078137693815e-10,4,0
5,boundary,boundary,mda,v*dy(eta),5.58348659309428e-14,1,0,2,0,1.02487258445847e-15,8.95077909891673e-10,4,0
5,boundary,boundary,mda,w*dz(eta),0,1,0,1,0,0,0,0,4
5,boundary,boundary,mda,w*eta*dlogN2,0,1,0,1,0,0,0,0,4
2,wave,wave,wave,u*dx(u),9.90550270820279e-06,16,1,15,1,1.69937151741301e-15,8.61044568978286e-11,640,0
2,wave,wave,wave,v*dy(u),0,1,1,1,1,0,0,0,640
2,wave,wave,wave,w*dz(u),9.90457249188774e-06,16,1,15,1,1.4219844518439e-14,1.73940663248983e-06,640,0
2,wave,wave,wave,u*dx(v),1.00758221197048e-05,16,1,15,1,1.82278939739676e-15,5.59806645483718e-11,640,0
2,wave,wave,wave,v*dy(v),0,1,1,1,1,0,0,0,640
2,wave,wave,wave,w*dz(v),1.00751489037838e-05,16,1,15,1,1.45076978205133e-14,1.78441837948265e-06,640,0
2,wave,wave,wave,u*dx(w),1.15388492230133e-07,15,1,16,1,8.88178419700125e-16,8.62371285492713e-11,640,0
2,wave,wave,wave,v*dy(w),0,1,1,1,1,0,0,0,640
2,wave,wave,wave,w*dz(w),1.15388718169583e-07,16,1,15,1,8.88178419700125e-16,8.60090887400133e-11,640,0
2,wave,wave,wave,u*dx(eta),4.80700185200216e-06,16,1,16,1,1.23900799957686e-15,5.60972379659574e-11,640,0
2,wave,wave,wave,v*dy(eta),0,1,1,1,1,0,0,0,640
2,wave,wave,wave,w*dz(eta),4.8070001377018e-06,16,1,16,1,1.47808436465951e-15,5.58693091790019e-11,640,0
2,wave,wave,wave,w*eta*dlogN2,4.1804182452201e-06,16,1,16,1,1.2266363573509e-15,5.59962076707166e-11,640,0
2,wave,apv,wave,u*dx(u),0,1,1,-1,0,0,0,0,128
2,wave,apv,wave,v*dy(u),0,1,1,-1,0,0,0,0,128
2,wave,apv,wave,w*dz(u),0,1,1,-1,0,0,0,0,128
2,wave,apv,wave,u*dx(v),6.10232294170394e-06,16,-1,2,0,1.73689177172978e-15,2.59134935731709e-11,128,0
2,wave,apv,wave,v*dy(v),0,1,1,-1,0,0,0,0,128
2,wave,apv,wave,w*dz(v),5.51621137083635e-06,16,1,3,0,1.86822927279614e-15,6.30105967402983e-11,128,0
2,wave,apv,wave,u*dx(w),0,1,1,-1,0,0,0,0,128
2,wave,apv,wave,v*dy(w),0,1,1,-1,0,0,0,0,128
2,wave,apv,wave,w*dz(w),0,1,1,-1,0,0,0,0,128
2,wave,apv,wave,u*dx(eta),6.56728656270561e-07,16,1,3,0,9.00358499154197e-16,6.39409636349342e-11,128,0
2,wave,apv,wave,v*dy(eta),0,1,1,-1,0,0,0,0,128
2,wave,apv,wave,w*dz(eta),6.74650415881974e-07,16,1,2,0,9.41761463247185e-16,2.82882828273046e-10,128,0
2,wave,apv,wave,w*eta*dlogN2,7.55189779627793e-07,16,1,3,0,8.0755795826924e-16,6.30493435238577e-11,128,0
2,apv,wave,wave,u*dx(u),6.09023636521106e-06,2,0,16,1,1.93215469511539e-15,6.0301430515608e-11,128,0
2,apv,wave,wave,v*dy(u),0,-1,0,1,1,0,0,0,128
2,apv,wave,wave,w*dz(u),0,-1,0,1,1,0,0,0,128
2,apv,wave,wave,u*dx(v),6.10232052059279e-06,2,0,16,1,1.81234492930889e-15,3.01777491884536e-11,128,0
2,apv,wave,wave,v*dy(v),0,-1,0,1,1,0,0,0,128
2,apv,wave,wave,w*dz(v),0,-1,0,1,1,0,0,0,128
2,apv,wave,wave,u*dx(w),9.7274484391359e-09,2,0,16,1,4.44089209850063e-16,6.75912659175992e-11,128,0
2,apv,wave,wave,v*dy(w),0,-1,0,1,1,0,0,0,128
2,apv,wave,wave,w*dz(w),0,-1,0,1,1,0,0,0,128
2,apv,wave,wave,u*dx(eta),6.74650154624601e-07,2,0,16,1,8.39511898094976e-16,3.87239129651107e-11,128,0
2,apv,wave,wave,v*dy(eta),0,-1,0,1,1,0,0,0,128
2,apv,wave,wave,w*dz(eta),0,-1,0,1,1,0,0,0,128
2,apv,wave,wave,w*eta*dlogN2,0,-1,0,1,1,0,0,0,128
2,wave,boundary,wave,u*dx(u),0,1,1,1,0,0,0,0,64
2,wave,boundary,wave,v*dy(u),0,1,1,1,0,0,0,0,64
2,wave,boundary,wave,w*dz(u),0,1,1,1,0,0,0,0,64
2,wave,boundary,wave,u*dx(v),2.07311172035831e-06,16,1,2,0,1.82241050481256e-15,2.59898769172651e-11,64,0
2,wave,boundary,wave,v*dy(v),0,1,1,1,0,0,0,0,64
2,wave,boundary,wave,w*dz(v),1.47898963595379e-06,16,1,2,0,1.69244877302395e-15,2.5825674931923e-11,64,0
2,wave,boundary,wave,u*dx(w),0,1,1,1,0,0,0,0,64
2,wave,boundary,wave,v*dy(w),0,1,1,1,0,0,0,0,64
2,wave,boundary,wave,w*dz(w),0,1,1,1,0,0,0,0,64
2,wave,boundary,wave,u*dx(eta),1.65277714812164e-07,16,1,2,0,6.0882668000623e-16,2.58767451910558e-11,64,0
2,wave,boundary,wave,v*dy(eta),0,1,1,1,0,0,0,0,64
2,wave,boundary,wave,w*dz(eta),2.27459342358603e-07,16,1,2,0,5.37909213488616e-16,2.58265631103427e-11,64,0
2,wave,boundary,wave,w*eta*dlogN2,2.1842899419988e-07,16,1,1,0,1.21567019394827e-15,2.58243426642935e-11,64,0
2,boundary,wave,wave,u*dx(u),3.46079896889299e-07,2,0,16,1,1.90936548805346e-15,6.23161522383953e-11,64,0
2,boundary,wave,wave,v*dy(u),0,1,0,1,1,0,0,0,64
2,boundary,wave,wave,w*dz(u),0,1,0,1,1,0,0,0,64
2,boundary,wave,wave,u*dx(v),3.46805559453427e-07,2,0,16,1,1.77749126927749e-15,3.21924709112409e-11,64,0
2,boundary,wave,wave,v*dy(v),0,1,0,1,1,0,0,0,64
2,boundary,wave,wave,w*dz(v),0,1,0,1,1,0,0,0,64
2,boundary,wave,wave,u*dx(w),5.78383853090978e-10,1,0,16,1,6.66133814775094e-16,6.22442097863996e-11,64,0
2,boundary,wave,wave,v*dy(w),0,1,0,1,1,0,0,0,64
2,boundary,wave,wave,w*dz(w),0,1,0,1,1,0,0,0,64
2,boundary,wave,wave,u*dx(eta),4.05925931840613e-08,2,0,16,1,1.05432901117927e-15,3.20304893719481e-11,64,0
2,boundary,wave,wave,v*dy(eta),0,1,0,1,1,0,0,0,64
2,boundary,wave,wave,w*dz(eta),0,1,0,1,1,0,0,0,64
2,boundary,wave,wave,w*eta*dlogN2,0,1,0,1,1,0,0,0,64
2,apv,boundary,wave,u*dx(u),0,-1,0,1,0,0,0,0,8
2,apv,boundary,wave,v*dy(u),0,-1,0,1,0,0,0,0,8
2,apv,boundary,wave,w*dz(u),0,-1,0,1,0,0,0,0,8
2,apv,boundary,wave,u*dx(v),2.16633351720215e-13,3,0,1,0,1.44978344473827e-15,1.9167873100173e-11,8,0
2,apv,boundary,wave,v*dy(v),0,-1,0,1,0,0,0,0,8
2,apv,boundary,wave,w*dz(v),0,-1,0,1,0,0,0,0,8
2,apv,boundary,wave,u*dx(w),0,-1,0,1,0,0,0,0,8
2,apv,boundary,wave,v*dy(w),0,-1,0,1,0,0,0,0,8
2,apv,boundary,wave,w*dz(w),0,-1,0,1,0,0,0,0,8
2,apv,boundary,wave,u*dx(eta),1.5512142735631e-14,3,0,2,0,5.78378014967726e-16,2.10538253497816e-11,8,0
2,apv,boundary,wave,v*dy(eta),0,-1,0,1,0,0,0,0,8
2,apv,boundary,wave,w*dz(eta),0,-1,0,1,0,0,0,0,8
2,apv,boundary,wave,w*eta*dlogN2,0,-1,0,1,0,0,0,0,8
2,boundary,apv,wave,u*dx(u),0,1,0,-1,0,0,0,0,8
2,boundary,apv,wave,v*dy(u),0,1,0,-1,0,0,0,0,8
2,boundary,apv,wave,w*dz(u),0,1,0,-1,0,0,0,0,8
2,boundary,apv,wave,u*dx(v),2.74833049773912e-13,1,0,3,0,1.53661608655305e-15,2.99869018505206e-11,8,0
2,boundary,apv,wave,v*dy(v),0,1,0,-1,0,0,0,0,8
2,boundary,apv,wave,w*dz(v),0,1,0,-1,0,0,0,0,8
2,boundary,apv,wave,u*dx(w),0,1,0,-1,0,0,0,0,8
2,boundary,apv,wave,v*dy(w),0,1,0,-1,0,0,0,0,8
2,boundary,apv,wave,w*dz(w),0,1,0,-1,0,0,0,0,8
2,boundary,apv,wave,u*dx(eta),5.21020687445145e-14,2,0,1,0,8.92950934610625e-16,4.64186467041827e-11,8,0
2,boundary,apv,wave,v*dy(eta),0,1,0,-1,0,0,0,0,8
2,boundary,apv,wave,w*dz(eta),0,1,0,-1,0,0,0,0,8
2,boundary,apv,wave,w*eta*dlogN2,0,1,0,-1,0,0,0,0,8
2,boundary,boundary,wave,u*dx(u),0,1,0,1,0,0,0,0,4
2,boundary,boundary,wave,v*dy(u),0,1,0,1,0,0,0,0,4
2,boundary,boundary,wave,w*dz(u),0,1,0,1,0,0,0,0,4
2,boundary,boundary,wave,u*dx(v),2.61052179083507e-13,1,0,1,0,1.37507420293039e-15,1.45948347329735e-11,4,0
2,boundary,boundary,wave,v*dy(v),0,1,0,1,0,0,0,0,4
2,boundary,boundary,wave,w*dz(v),0,1,0,1,0,0,0,0,4
2,boundary,boundary,wave,u*dx(w),0,1,0,1,0,0,0,0,4
2,boundary,boundary,wave,v*dy(w),0,1,0,1,0,0,0,0,4
2,boundary,boundary,wave,w*dz(w),0,1,0,1,0,0,0,0,4
2,boundary,boundary,wave,u*dx(eta),4.2261496635615e-15,1,0,2,0,4.44643374651314e-16,3.19850818755478e-11,4,0
2,boundary,boundary,wave,v*dy(eta),0,1,0,1,0,0,0,0,4
2,boundary,boundary,wave,w*dz(eta),0,1,0,1,0,0,0,0,4
2,boundary,boundary,wave,w*eta*dlogN2,0,1,0,1,0,0,0,0,4
14,wave,wave,wave,u*dx(u),0,1,1,1,1,0,0,0,640
14,wave,wave,wave,v*dy(u),1.02501612694652e-05,16,1,15,1,2.10859907211395e-15,4.66545528318893e-11,640,0
14,wave,wave,wave,w*dz(u),1.02497474559324e-05,16,1,15,1,2.68706165999289e-14,3.520855690334e-06,640,0
14,wave,wave,wave,u*dx(v),0,1,1,1,1,0,0,0,640
14,wave,wave,wave,v*dy(v),9.59667447325616e-06,16,1,15,1,1.56660232855624e-15,9.27444787635068e-11,640,0
14,wave,wave,wave,w*dz(v),9.59537619952473e-06,16,1,15,1,2.21452314708928e-14,3.20949126763296e-06,640,0
14,wave,wave,wave,u*dx(w),0,1,1,1,1,0,0,0,640
14,wave,wave,wave,v*dy(w),1.34093126157978e-07,15,1,16,1,6.66133814775094e-16,9.26068111084533e-11,640,0
14,wave,wave,wave,w*dz(w),1.34093337877862e-07,16,1,15,1,7.7715611723761e-16,9.2622354230798e-11,640,0
14,wave,wave,wave,u*dx(eta),0,1,1,1,1,0,0,0,640
14,wave,wave,wave,v*dy(eta),5.32808352163205e-06,16,1,16,1,1.32281721282955e-15,4.64972504943262e-11,640,0
14,wave,wave,wave,w*dz(eta),5.32808200363122e-06,16,1,16,1,1.47439810548474e-15,4.66437999335767e-11,640,0
14,wave,wave,wave,w*eta*dlogN2,4.47155929314742e-06,16,1,16,1,1.15583182540622e-15,4.64537297517609e-11,640,0
14,wave,apv,wave,u*dx(u),0,1,1,-1,0,0,0,0,128
14,wave,apv,wave,v*dy(u),6.11488274308372e-06,16,1,2,0,2.21910356603688e-15,2.90580373111526e-11,128,0
14,wave,apv,wave,w*dz(u),5.5293834445493e-06,16,1,3,0,2.060354547325e-15,6.30569680368158e-11,128,0
14,wave,apv,wave,u*dx(v),0,1,1,-1,0,0,0,0,128
14,wave,apv,wave,v*dy(v),0,1,1,-1,0,0,0,0,128
14,wave,apv,wave,w*dz(v),0,1,1,-1,0,0,0,0,128
14,wave,apv,wave,u*dx(w),0,1,1,-1,0,0,0,0,128
14,wave,apv,wave,v*dy(w),0,1,1,-1,0,0,0,0,128
14,wave,apv,wave,w*dz(w),0,1,1,-1,0,0,0,0,128
14,wave,apv,wave,u*dx(eta),0,1,1,-1,0,0,0,0,128
14,wave,apv,wave,v*dy(eta),7.61505166753248e-07,16,1,3,0,8.35855959993116e-16,6.39392983003972e-11,128,0
14,wave,apv,wave,w*dz(eta),7.82566408785821e-07,16,1,2,0,1.30275065105637e-15,2.82882828273046e-10,128,0
14,wave,apv,wave,w*eta*dlogN2,8.75830483229175e-07,16,1,3,0,1.36816022829301e-15,6.30493435238577e-11,128,0
14,apv,wave,wave,u*dx(u),0,-1,0,1,1,0,0,0,128
14,apv,wave,wave,v*dy(u),6.11488078362075e-06,2,0,16,1,2.14270813371342e-15,4.79123256322616e-11,128,0
14,apv,wave,wave,w*dz(u),0,-1,0,1,1,0,0,0,128
14,apv,wave,wave,u*dx(v),0,-1,0,1,1,0,0,0,128
14,apv,wave,wave,v*dy(v),6.06469456238627e-06,2,0,16,1,1.63772402771791e-15,9.2415186614403e-11,128,0
14,apv,wave,wave,w*dz(v),0,-1,0,1,1,0,0,0,128
14,apv,wave,wave,u*dx(w),0,-1,0,1,1,0,0,0,128
14,apv,wave,wave,v*dy(w),1.13079252825927e-08,2,0,16,1,4.44089209850063e-16,9.82414150030309e-11,128,0
14,apv,wave,wave,w*dz(w),0,-1,0,1,1,0,0,0,128
14,apv,wave,wave,u*dx(eta),0,-1,0,1,1,0,0,0,128
14,apv,wave,wave,v*dy(eta),7.82566153637156e-07,2,0,16,1,8.71608987290661e-16,5.25379739713117e-11,128,0
14,apv,wave,wave,w*dz(eta),0,-1,0,1,1,0,0,0,128
14,apv,wave,wave,w*eta*dlogN2,0,-1,0,1,1,0,0,0,128
14,wave,boundary,wave,u*dx(u),0,1,1,1,0,0,0,0,64
14,wave,boundary,wave,v*dy(u),1.3450464725125e-06,16,1,2,0,1.9400002637668e-15,2.53652985089335e-11,64,0
14,wave,boundary,wave,w*dz(u),1.17651744888155e-06,16,1,2,0,1.75718860713093e-15,2.58258969765279e-11,64,0
14,wave,boundary,wave,u*dx(v),0,1,1,1,0,0,0,0,64
14,wave,boundary,wave,v*dy(v),0,1,1,1,0,0,0,0,64
14,wave,boundary,wave,w*dz(v),0,1,1,1,0,0,0,0,64
14,wave,boundary,wave,u*dx(w),0,1,1,1,0,0,0,0,64
14,wave,boundary,wave,v*dy(w),0,1,1,1,0,0,0,0,64
14,wave,boundary,wave,w*dz(w),0,1,1,1,0,0,0,0,64
14,wave,boundary,wave,u*dx(eta),0,1,1,1,0,0,0,0,64
14,wave,boundary,wave,v*dy(eta),1.4973616057062e-07,16,1,2,0,5.57738142517374e-16,2.58679744291612e-11,64,0
14,wave,boundary,wave,w*dz(eta),1.72894489821681e-07,16,1,2,0,1.72261873393993e-15,2.58243426642935e-11,64,0
14,wave,boundary,wave,w*eta*dlogN2,1.68499636755001e-07,16,1,1,0,8.57749446053657e-16,2.58263410657378e-11,64,0
14,boundary,wave,wave,u*dx(u),0,1,0,1,1,0,0,0,64
14,boundary,wave,wave,v*dy(u),3.47561675594306e-07,2,0,16,1,1.71502836128812e-15,4.66326721521149e-11,64,0
14,boundary,wave,wave,w*dz(u),0,1,0,1,1,0,0,0,64
14,boundary,wave,wave,u*dx(v),0,1,0,1,1,0,0,0,64
14,boundary,wave,wave,v*dy(v),3.44548353509902e-07,2,0,16,1,2.12451311444244e-15,9.26843046755721e-11,64,0
14,boundary,wave,wave,w*dz(v),0,1,0,1,1,0,0,0,64
14,boundary,wave,wave,u*dx(w),0,1,0,1,1,0,0,0,64
14,boundary,wave,wave,v*dy(w),6.72355559499253e-10,1,0,16,1,4.44089209850063e-16,9.4740215672573e-11,64,0
14,boundary,wave,wave,w*dz(w),0,1,0,1,1,0,0,0,64
14,boundary,wave,wave,u*dx(eta),0,1,0,1,1,0,0,0,64
14,boundary,wave,wave,v*dy(eta),4.70815771131465e-08,2,0,16,1,7.59083885337057e-16,4.94511098736439e-11,64,0
14,boundary,wave,wave,w*dz(eta),0,1,0,1,1,0,0,0,64
14,boundary,wave,wave,w*eta*dlogN2,0,1,0,1,1,0,0,0,64
14,apv,boundary,wave,u*dx(u),0,-1,0,1,0,0,0,0,8
14,apv,boundary,wave,v*dy(u),2.68458647759802e-13,3,0,1,0,1.3304807731433e-15,2.58968582166261e-11,8,0
14,apv,boundary,wave,w*dz(u),0,-1,0,1,0,0,0,0,8
14,apv,boundary,wave,u*dx(v),0,-1,0,1,0,0,0,0,8
14,apv,boundary,wave,v*dy(v),0,-1,0,1,0,0,0,0,8
14,apv,boundary,wave,w*dz(v),0,-1,0,1,0,0,0,0,8
14,apv,boundary,wave,u*dx(w),0,-1,0,1,0,0,0,0,8
14,apv,boundary,wave,v*dy(w),0,-1,0,1,0,0,0,0,8
14,apv,boundary,wave,w*dz(w),0,-1,0,1,0,0,0,0,8
14,apv,boundary,wave,u*dx(eta),0,-1,0,1,0,0,0,0,8
14,apv,boundary,wave,v*dy(eta),5.55329971495369e-15,3,0,2,0,9.63688925326702e-16,2.45294895506731e-11,8,0
14,apv,boundary,wave,w*dz(eta),0,-1,0,1,0,0,0,0,8
14,apv,boundary,wave,w*eta*dlogN2,0,-1,0,1,0,0,0,0,8
14,boundary,apv,wave,u*dx(u),0,1,0,-1,0,0,0,0,8
14,boundary,apv,wave,v*dy(u),3.12379276063126e-13,1,0,3,0,1.62805934771842e-15,3.03222029210637e-11,8,0
14,boundary,apv,wave,w*dz(u),0,1,0,-1,0,0,0,0,8
14,boundary,apv,wave,u*dx(v),0,1,0,-1,0,0,0,0,8
14,boundary,apv,wave,v*dy(v),0,1,0,-1,0,0,0,0,8
14,boundary,apv,wave,w*dz(v),0,1,0,-1,0,0,0,0,8
14,boundary,apv,wave,u*dx(w),0,1,0,-1,0,0,0,0,8
14,boundary,apv,wave,v*dy(w),0,1,0,-1,0,0,0,0,8
14,boundary,apv,wave,w*dz(w),0,1,0,-1,0,0,0,0,8
14,boundary,apv,wave,u*dx(eta),0,1,0,-1,0,0,0,0,8
14,boundary,apv,wave,v*dy(eta),5.99218271415705e-14,2,0,1,0,8.71559889020839e-16,4.64187577264852e-11,8,0
14,boundary,apv,wave,w*dz(eta),0,1,0,-1,0,0,0,0,8
14,boundary,apv,wave,w*eta*dlogN2,0,1,0,-1,0,0,0,0,8
14,boundary,boundary,wave,u*dx(u),0,1,0,1,0,0,0,0,4
14,boundary,boundary,wave,v*dy(u),3.1116778859122e-13,1,0,1,0,1.30072193312276e-15,4.33076842500708e-11,4,0
14,boundary,boundary,wave,w*dz(u),0,1,0,1,0,0,0,0,4
14,boundary,boundary,wave,u*dx(v),0,1,0,1,0,0,0,0,4
14,boundary,boundary,wave,v*dy(v),0,1,0,1,0,0,0,0,4
14,boundary,boundary,wave,w*dz(v),0,1,0,1,0,0,0,0,4
14,boundary,boundary,wave,u*dx(w),0,1,0,1,0,0,0,0,4
14,boundary,boundary,wave,v*dy(w),0,1,0,1,0,0,0,0,4
14,boundary,boundary,wave,w*dz(w),0,1,0,1,0,0,0,0,4
14,boundary,boundary,wave,u*dx(eta),0,1,0,1,0,0,0,0,4
14,boundary,boundary,wave,v*dy(eta),8.12917544206964e-15,1,0,2,0,8.99076333384191e-16,5.51297320418342e-11,4,0
14,boundary,boundary,wave,w*dz(eta),0,1,0,1,0,0,0,0,4
14,boundary,boundary,wave,w*eta*dlogN2,0,1,0,1,0,0,0,0,4
11,wave,wave,wave,u*dx(u),9.86505388744527e-06,15,1,16,1,1.71142848737391e-15,5.82911496849192e-11,640,0
11,wave,wave,wave,v*dy(u),9.8650538874355e-06,15,1,16,1,1.8517077216343e-15,4.20622425778561e-11,640,0
11,wave,wave,wave,w*dz(u),9.86397297251463e-06,16,1,15,1,9.02800787351659e-15,1.56749405667344e-06,640,0
11,wave,wave,wave,u*dx(v),1.02502941867491e-05,15,1,16,1,1.76758568206953e-15,5.82895953726847e-11,640,0
11,wave,wave,wave,v*dy(v),1.02502941868227e-05,15,1,16,1,1.93908080119891e-15,4.20609103102265e-11,640,0
11,wave,wave,wave,w*dz(v),1.02498792010619e-05,16,1,15,1,9.96841530565046e-15,1.67002046584222e-06,640,0
11,wave,wave,wave,u*dx(w),9.39248588320367e-08,15,1,16,1,7.7715611723761e-16,5.84035042550113e-11,640,0
11,wave,wave,wave,v*dy(w),9.39248588256406e-08,15,1,16,1,6.66133814775094e-16,4.21748191925531e-11,640,0
11,wave,wave,wave,w*dz(w),9.39247862016598e-08,16,1,15,1,8.88178419700125e-16,5.83179060598127e-11,640,0
11,wave,wave,wave,u*dx(eta),4.12644074851449e-06,16,1,16,1,1.11068655633023e-15,4.55199211657487e-11,640,0
11,wave,wave,wave,v*dy(eta),4.12644074850114e-06,16,1,16,1,1.30202778139205e-15,2.92907920140806e-11,640,0
11,wave,wave,wave,w*dz(eta),4.12644133702156e-06,16,1,16,1,1.22693251972767e-15,4.54045689934901e-11,640,0
11,wave,wave,wave,w*eta*dlogN2,3.78140126045266e-06,16,1,16,1,1.1351875923623e-15,4.53256321364393e-11,640,0
11,wave,apv,wave,u*dx(u),6.09013655658992e-06,16,1,2,0,1.81864603165371e-15,3.25903748432665e-11,128,0
11,wave,apv,wave,v*dy(u),6.09013655638144e-06,16,1,2,0,1.70889408077354e-15,1.63618008031108e-11,128,0
11,wave,apv,wave,w*dz(u),5.50340690907863e-06,16,1,3,0,1.92113010249858e-15,6.96179780490525e-11,128,0
11,wave,apv,wave,u*dx(v),6.11488663495844e-06,16,1,2,0,1.88213514007613e-15,3.50723274487295e-11,128,0
11,wave,apv,wave,v*dy(v),6.11488663484739e-06,16,1,2,0,1.90130210446413e-15,2.09425707370454e-11,128,0
11,wave,apv,wave,w*dz(v),5.52938382405481e-06,16,1,3,0,2.09700314334729e-15,6.96179780490525e-11,128,0
11,wave,apv,wave,u*dx(w),0,1,1,-1,0,0,0,0,128
11,wave,apv,wave,v*dy(w),0,1,1,-1,0,0,0,0,128
11,wave,apv,wave,w*dz(w),0,1,1,-1,0,0,0,0,128
11,wave,apv,wave,u*dx(eta),5.35708543255225e-07,16,1,3,0,8.09535883897186e-16,7.06524838633982e-11,128,0
11,wave,apv,wave,v*dy(eta),5.35708543235644e-07,16,1,3,0,7.33033483815488e-16,5.44232436894276e-11,128,0
11,wave,apv,wave,w*dz(eta),5.50136523129187e-07,16,1,2,0,1.36455958148972e-15,2.89418933263619e-10,128,0
11,wave,apv,wave,w*eta*dlogN2,6.15919849696087e-07,16,1,3,0,9.8736447354692e-16,6.96565027880069e-11,128,0
11,apv,wave,wave,u*dx(u),0,-1,0,1,1,0,0,0,128
11,apv,wave,wave,v*dy(u),6.09013751160684e-06,2,0,16,1,1.87194386107111e-15,2.59134935731709e-11,128,0
11,apv,wave,wave,w*dz(u),0,-1,0,1,1,0,0,0,128
11,apv,wave,wave,u*dx(v),0,-1,0,1,1,0,0,0,128
11,apv,wave,wave,v*dy(v),6.11488759684952e-06,2,0,16,1,2.03460610662238e-15,2.89485935472628e-11,128,0
11,apv,wave,wave,w*dz(v),0,-1,0,1,1,0,0,0,128
11,apv,wave,wave,u*dx(w),0,-1,0,1,1,0,0,0,128
11,apv,wave,wave,v*dy(w),7.91555633861358e-09,2,0,16,1,4.44089209850063e-16,3.30999672115695e-11,128,0
11,apv,wave,wave,w*dz(w),0,-1,0,1,1,0,0,0,128
11,apv,wave,wave,u*dx(eta),0,-1,0,1,1,0,0,0,128
11,apv,wave,wave,v*dy(eta),5.50136550913944e-07,2,0,16,1,8.06840150845459e-16,2.14506190587826e-11,128,0
11,apv,wave,wave,w*dz(eta),0,-1,0,1,1,0,0,0,128
11,apv,wave,wave,w*eta*dlogN2,0,-1,0,1,1,0,0,0,128
11,wave,boundary,wave,u*dx(u),3.46075712510522e-07,16,1,2,0,1.86745861082994e-15,3.51566553646876e-11,64,0
11,wave,boundary,wave,v*dy(u),3.46075713377939e-07,16,1,2,0,2.15857322724922e-15,1.8927637235322e-11,64,0
11,wave,boundary,wave,w*dz(u),5.62729601011892e-07,16,1,2,0,1.7472520527952e-15,3.244671198388e-11,64,0
11,wave,boundary,wave,u*dx(v),3.47562178916579e-07,16,1,2,0,1.77421247192703e-15,3.51949944705003e-11,64,0
11,wave,boundary,wave,v*dy(v),3.47562178705644e-07,16,1,2,0,2.11101848995309e-15,1.91717561977662e-11,64,0
11,wave,boundary,wave,w*dz(v),5.64933353884418e-07,16,1,2,0,1.64135164781729e-15,3.244671198388e-11,64,0
11,wave,boundary,wave,u*dx(w),0,1,1,1,0,0,0,0,64
11,wave,boundary,wave,v*dy(w),0,1,1,1,0,0,0,0,64
11,wave,boundary,wave,w*dz(w),0,1,1,1,0,0,0,0,64
11,wave,boundary,wave,u*dx(eta),4.89308428607428e-08,16,1,2,0,7.7715611723761e-16,3.29610783111889e-11,64,0
11,wave,boundary,wave,v*dy(eta),4.89308428712418e-08,16,1,2,0,4.65443884596361e-16,1.67319491595208e-11,64,0
11,wave,boundary,wave,w*dz(eta),3.31039156213958e-08,16,1,2,0,8.24079882039163e-16,3.24141824492585e-11,64,0
11,wave,boundary,wave,w*eta*dlogN2,3.19754095929372e-08,16,1,1,0,8.88178419700125e-16,3.24461568723677e-11,64,0
11,boundary,wave,wave,u*dx(u),0,1,0,1,1,0,0,0,64
11,boundary,wave,wave,v*dy(u),6.31430024951272e-07,2,0,16,1,1.82225504515362e-15,2.5881852216969e-11,64,0
11,boundary,wave,wave,w*dz(u),0,1,0,1,1,0,0,0,64
11,boundary,wave,wave,u*dx(v),0,1,0,1,1,0,0,0,64
11,boundary,wave,wave,v*dy(v),6.34041281708752e-07,2,0,16,1,1.67667978217758e-15,2.58801868824321e-11,64,0
11,boundary,wave,wave,w*dz(v),0,1,0,1,1,0,0,0,64
11,boundary,wave,wave,u*dx(w),0,1,0,1,1,0,0,0,64
11,boundary,wave,wave,v*dy(w),8.40439727739412e-10,1,0,16,1,6.66133814775094e-16,2.58425503218973e-11,64,0
11,boundary,wave,wave,w*dz(w),0,1,0,1,1,0,0,0,64
11,boundary,wave,wave,u*dx(eta),0,1,0,1,1,0,0,0,64
11,boundary,wave,wave,v*dy(eta),5.88189743119404e-08,2,0,16,1,7.27816276807085e-16,1.29292132555747e-11,64,0
11,boundary,wave,wave,w*dz(eta),0,1,0,1,1,0,0,0,64
11,boundary,wave,wave,w*eta*dlogN2,0,1,0,1,1,0,0,0,64
11,apv,boundary,wave,u*dx(u),0,-1,0,1,0,0,0,0,8
11,apv,boundary,wave,v*dy(u),3.75798896988482e-14,3,0,1,0,8.3242794252853e-16,2.99866798059156e-11,8,0
11,apv,boundary,wave,w*dz(u),0,-1,0,1,0,0,0,0,8
11,apv,boundary,wave,u*dx(v),0,-1,0,1,0,0,0,0,8
11,apv,boundary,wave,v*dy(v),3.08724272796854e-13,3,0,1,0,1.88837778426827e-15,3.00633998332484e-11,8,0
11,apv,boundary,wave,w*dz(v),0,-1,0,1,0,0,0,0,8
11,apv,boundary,wave,u*dx(w),0,-1,0,1,0,0,0,0,8
11,apv,boundary,wave,v*dy(w),0,-1,0,1,0,0,0,0,8
11,apv,boundary,wave,w*dz(w),0,-1,0,1,0,0,0,0,8
11,apv,boundary,wave,u*dx(eta),0,-1,0,1,0,0,0,0,8
11,apv,boundary,wave,v*dy(eta),5.34414284151997e-15,3,0,2,0,5.62229935940937e-16,2.89019919108569e-11,8,0
11,apv,boundary,wave,w*dz(eta),0,-1,0,1,0,0,0,0,8
11,apv,boundary,wave,w*eta*dlogN2,0,-1,0,1,0,0,0,0,8
11,boundary,apv,wave,u*dx(u),0,1,0,-1,0,0,0,0,8
11,boundary,apv,wave,v*dy(u),3.70967975441202e-14,2,0,3,0,1.40525274216871e-15,2.96060953530741e-11,8,0
11,boundary,apv,wave,w*dz(u),0,1,0,-1,0,0,0,0,8
11,boundary,apv,wave,u*dx(v),0,1,0,-1,0,0,0,0,8
11,boundary,apv,wave,v*dy(v),2.86700578105388e-13,1,0,3,0,1.23051130956395e-15,2.9773745798472e-11,8,0
11,boundary,apv,wave,w*dz(v),0,1,0,-1,0,0,0,0,8
11,boundary,apv,wave,u*dx(w),0,1,0,-1,0,0,0,0,8
11,boundary,apv,wave,v*dy(w),0,1,0,-1,0,0,0,0,8
11,boundary,apv,wave,w*dz(w),0,1,0,-1,0,0,0,0,8
11,boundary,apv,wave,u*dx(eta),0,1,0,-1,0,0,0,0,8
11,boundary,apv,wave,v*dy(eta),3.64383899649369e-14,2,0,1,0,1.17296005214816e-15,4.46637171691577e-11,8,0
11,boundary,apv,wave,w*dz(eta),0,1,0,-1,0,0,0,0,8
11,boundary,apv,wave,w*eta*dlogN2,0,1,0,-1,0,0,0,0,8
11,boundary,boundary,wave,u*dx(u),0,1,0,1,0,0,0,0,4
11,boundary,boundary,wave,v*dy(u),3.06724302943122e-14,1,0,1,0,1.58544342978945e-15,1.18587616812761e-10,4,0
11,boundary,boundary,wave,w*dz(u),0,1,0,1,0,0,0,0,4
11,boundary,boundary,wave,u*dx(v),0,1,0,1,0,0,0,0,4
11,boundary,boundary,wave,v*dy(v),3.3370679880432e-13,1,0,1,0,1.65262724657418e-15,1.89056674611691e-10,4,0
11,boundary,boundary,wave,w*dz(v),0,1,0,1,0,0,0,0,4
11,boundary,boundary,wave,u*dx(w),0,1,0,1,0,0,0,0,4
11,boundary,boundary,wave,v*dy(w),0,1,0,1,0,0,0,0,4
11,boundary,boundary,wave,w*dz(w),0,1,0,1,0,0,0,0,4
11,boundary,boundary,wave,u*dx(eta),0,1,0,1,0,0,0,0,4
11,boundary,boundary,wave,v*dy(eta),6.31684009899001e-14,1,0,2,0,4.44089209850063e-16,7.93749510563657e-11,4,0
11,boundary,boundary,wave,w*dz(eta),0,1,0,1,0,0,0,0,4
11,boundary,boundary,wave,w*eta*dlogN2,0,1,0,1,0,0,0,0,4
35,wave,wave,wave,u*dx(u),1.02503573848606e-05,15,1,16,1,2.38684202351873e-15,9.27420362728526e-11,640,0
35,wave,wave,wave,v*dy(u),0,1,1,1,1,0,0,0,640
35,wave,wave,wave,w*dz(u),1.02499413689028e-05,16,1,15,1,2.67091056786574e-14,4.52429061051086e-06,640,0
35,wave,wave,wave,u*dx(v),1.0024251231461e-05,15,1,16,1,1.97517642392781e-15,7.65131291657895e-11,640,0
35,wave,wave,wave,v*dy(v),0,1,1,1,1,0,0,0,640
35,wave,wave,wave,w*dz(v),1.00233712988756e-05,15,1,16,1,2.39644349163618e-14,4.3284487696177e-06,640,0
35,wave,wave,wave,u*dx(w),6.71091809663629e-08,15,1,16,1,6.66133814775094e-16,9.26150267588355e-11,640,0
35,wave,wave,wave,v*dy(w),0,1,1,1,1,0,0,0,640
35,wave,wave,wave,w*dz(w),6.71091014803034e-08,16,1,15,1,7.7715611723761e-16,9.29296639640143e-11,640,0
35,wave,wave,wave,u*dx(eta),3.13321705640861e-06,16,1,16,1,9.63629902679443e-16,7.63695773287054e-11,640,0
35,wave,wave,wave,v*dy(eta),0,1,1,1,1,0,0,0,640
35,wave,wave,wave,w*dz(eta),3.13321775651361e-06,16,1,16,1,1.02508532464732e-15,7.67133023771294e-11,640,0
35,wave,wave,wave,w*eta*dlogN2,3.12622929420997e-06,16,1,16,1,1.1102193439185e-15,7.64976970657472e-11,640,0
35,wave,apv,wave,u*dx(u),0,1,1,-1,0,0,0,0,128
35,wave,apv,wave,v*dy(u),0,1,1,-1,0,0,0,0,128
35,wave,apv,wave,w*dz(u),0,1,1,-1,0,0,0,0,128
35,wave,apv,wave,u*dx(v),6.10222131513328e-06,16,1,2,0,2.09905499745482e-15,6.03012084710031e-11,128,0
35,wave,apv,wave,v*dy(v),0,1,1,-1,0,0,0,0,128
35,wave,apv,wave,w*dz(v),5.51608024651213e-06,16,1,3,0,1.76572875899455e-15,9.74952341081803e-11,128,0
35,wave,apv,wave,u*dx(w),0,1,1,-1,0,0,0,0,128
35,wave,apv,wave,v*dy(w),0,1,1,-1,0,0,0,0,128
35,wave,apv,wave,w*dz(w),0,1,1,-1,0,0,0,0,128
35,wave,apv,wave,u*dx(eta),3.83551455439097e-07,16,1,3,0,7.09900831816349e-16,9.82535164339993e-11,128,0
35,wave,apv,wave,v*dy(eta),0,1,1,-1,0,0,0,0,128
35,wave,apv,wave,w*dz(eta),3.93748858338211e-07,16,1,2,0,8.53738668858229e-16,3.17190940180012e-10,128,0
35,wave,apv,wave,w*eta*dlogN2,4.40907270943626e-07,16,1,3,0,6.66133814775094e-16,9.75414193860047e-11,128,0
35,apv,wave,wave,u*dx(u),0,-1,0,1,1,0,0,0,128
35,apv,wave,wave,v*dy(u),0,-1,0,1,1,0,0,0,128
35,apv,wave,wave,w*dz(u),0,-1,0,1,1,0,0,0,128
35,apv,wave,wave,u*dx(v),0,-1,0,1,1,0,0,0,128
35,apv,wave,wave,v*dy(v),0,-1,0,1,1,0,0,0,128
35,apv,wave,wave,w*dz(v),0,-1,0,1,1,0,0,0,128
35,apv,wave,wave,u*dx(w),0,-1,0,1,1,0,0,0,128
35,apv,wave,wave,v*dy(w),0,-1,0,1,1,0,0,0,128
35,apv,wave,wave,w*dz(w),0,-1,0,1,1,0,0,0,128
35,apv,wave,wave,u*dx(eta),0,-1,0,1,1,0,0,0,128
35,apv,wave,wave,v*dy(eta),0,-1,0,1,1,0,0,0,128
35,apv,wave,wave,w*dz(eta),0,-1,0,1,1,0,0,0,128
35,apv,wave,wave,w*eta*dlogN2,0,-1,0,1,1,0,0,0,128
35,wave,boundary,wave,u*dx(u),0,1,1,1,0,0,0,0,64
35,wave,boundary,wave,v*dy(u),0,1,1,1,0,0,0,0,64
35,wave,boundary,wave,w*dz(u),0,1,1,1,0,0,0,0,64
35,wave,boundary,wave,u*dx(v),6.32694794904651e-07,16,1,2,0,2.84778568946066e-15,6.01246830100877e-11,64,0
35,wave,boundary,wave,v*dy(v),0,1,1,1,0,0,0,0,64
35,wave,boundary,wave,w*dz(v),7.8603663323672e-07,16,1,2,0,1.89324404264618e-15,6.02905503299667e-11,64,0
35,wave,boundary,wave,u*dx(w),0,1,1,1,0,0,0,0,64
35,wave,boundary,wave,v*dy(w),0,1,1,1,0,0,0,0,64
35,wave,boundary,wave,w*dz(w),0,1,1,1,0,0,0,0,64
35,wave,boundary,wave,u*dx(eta),4.93943216526872e-08,16,1,2,0,6.66133814775094e-16,6.01160232704956e-11,64,0
35,wave,boundary,wave,v*dy(eta),0,1,1,1,0,0,0,0,64
35,wave,boundary,wave,w*dz(eta),4.20984268623821e-08,16,1,2,0,5.69384074468511e-16,6.02852212594485e-11,64,0
35,wave,boundary,wave,w*eta*dlogN2,4.09325992943239e-08,16,1,1,0,6.82585424393535e-16,6.02916605529913e-11,64,0
35,boundary,wave,wave,u*dx(u),0,1,0,1,1,0,0,0,64
35,boundary,wave,wave,v*dy(u),0,1,0,1,1,0,0,0,64
35,boundary,wave,wave,w*dz(u),0,1,0,1,1,0,0,0,64
35,boundary,wave,wave,u*dx(v),0,1,0,1,1,0,0,0,64
35,boundary,wave,wave,v*dy(v),0,1,0,1,1,0,0,0,64
35,boundary,wave,wave,w*dz(v),0,1,0,1,1,0,0,0,64
35,boundary,wave,wave,u*dx(w),0,1,0,1,1,0,0,0,64
35,boundary,wave,wave,v*dy(w),0,1,0,1,1,0,0,0,64
35,boundary,wave,wave,w*dz(w),0,1,0,1,1,0,0,0,64
35,boundary,wave,wave,u*dx(eta),0,1,0,1,1,0,0,0,64
35,boundary,wave,wave,v*dy(eta),0,1,0,1,1,0,0,0,64
35,boundary,wave,wave,w*dz(eta),0,1,0,1,1,0,0,0,64
35,boundary,wave,wave,w*eta*dlogN2,0,1,0,1,1,0,0,0,64
35,apv,boundary,wave,u*dx(u),0,-1,0,1,0,0,0,0,8
35,apv,boundary,wave,v*dy(u),0,-1,0,1,0,0,0,0,8
35,apv,boundary,wave,w*dz(u),0,-1,0,1,0,0,0,0,8
35,apv,boundary,wave,u*dx(v),0,-1,0,1,0,0,0,0,8
35,apv,boundary,wave,v*dy(v),0,-1,0,1,0,0,0,0,8
35,apv,boundary,wave,w*dz(v),0,-1,0,1,0,0,0,0,8
35,apv,boundary,wave,u*dx(w),0,-1,0,1,0,0,0,0,8
35,apv,boundary,wave,v*dy(w),0,-1,0,1,0,0,0,0,8
35,apv,boundary,wave,w*dz(w),0,-1,0,1,0,0,0,0,8
35,apv,boundary,wave,u*dx(eta),0,-1,0,1,0,0,0,0,8
35,apv,boundary,wave,v*dy(eta),0,-1,0,1,0,0,0,0,8
35,apv,boundary,wave,w*dz(eta),0,-1,0,1,0,0,0,0,8
35,apv,boundary,wave,w*eta*dlogN2,0,-1,0,1,0,0,0,0,8
35,boundary,apv,wave,u*dx(u),0,1,0,-1,0,0,0,0,8
35,boundary,apv,wave,v*dy(u),0,1,0,-1,0,0,0,0,8
35,boundary,apv,wave,w*dz(u),0,1,0,-1,0,0,0,0,8
35,boundary,apv,wave,u*dx(v),0,1,0,-1,0,0,0,0,8
35,boundary,apv,wave,v*dy(v),0,1,0,-1,0,0,0,0,8
35,boundary,apv,wave,w*dz(v),0,1,0,-1,0,0,0,0,8
35,boundary,apv,wave,u*dx(w),0,1,0,-1,0,0,0,0,8
35,boundary,apv,wave,v*dy(w),0,1,0,-1,0,0,0,0,8
35,boundary,apv,wave,w*dz(w),0,1,0,-1,0,0,0,0,8
35,boundary,apv,wave,u*dx(eta),0,1,0,-1,0,0,0,0,8
35,boundary,apv,wave,v*dy(eta),0,1,0,-1,0,0,0,0,8
35,boundary,apv,wave,w*dz(eta),0,1,0,-1,0,0,0,0,8
35,boundary,apv,wave,w*eta*dlogN2,0,1,0,-1,0,0,0,0,8
35,boundary,boundary,wave,u*dx(u),0,1,0,1,0,0,0,0,4
35,boundary,boundary,wave,v*dy(u),0,1,0,1,0,0,0,0,4
35,boundary,boundary,wave,w*dz(u),0,1,0,1,0,0,0,0,4
35,boundary,boundary,wave,u*dx(v),0,1,0,1,0,0,0,0,4
35,boundary,boundary,wave,v*dy(v),0,1,0,1,0,0,0,0,4
35,boundary,boundary,wave,w*dz(v),0,1,0,1,0,0,0,0,4
35,boundary,boundary,wave,u*dx(w),0,1,0,1,0,0,0,0,4
35,boundary,boundary,wave,v*dy(w),0,1,0,1,0,0,0,0,4
35,boundary,boundary,wave,w*dz(w),0,1,0,1,0,0,0,0,4
35,boundary,boundary,wave,u*dx(eta),0,1,0,1,0,0,0,0,4
35,boundary,boundary,wave,v*dy(eta),0,1,0,1,0,0,0,0,4
35,boundary,boundary,wave,w*dz(eta),0,1,0,1,0,0,0,0,4
35,boundary,boundary,wave,w*eta*dlogN2,0,1,0,1,0,0,0,0,4
26,wave,wave,wave,u*dx(u),9.97473135510633e-06,15,1,16,1,1.86772404150687e-15,7.26698701214445e-11,640,0
26,wave,wave,wave,v*dy(u),9.97473135502493e-06,15,1,16,1,1.82637644758218e-15,4.25464108388951e-11,640,0
26,wave,wave,wave,w*dz(u),9.974010152899e-06,16,1,15,1,3.67916472493743e-14,7.1575952772534e-06,640,0
26,wave,wave,wave,u*dx(v),9.67987990449093e-06,15,1,16,1,1.75487411635472e-15,7.2671424433679e-11,640,0
26,wave,wave,wave,v*dy(v),9.67987990444105e-06,15,1,16,1,1.59572988275504e-15,4.25477431065246e-11,640,0
26,wave,wave,wave,w*dz(v),9.67881764767866e-06,15,1,16,1,3.54279547222449e-14,6.88427365205003e-06,640,0
26,wave,wave,wave,u*dx(w),1.63582120343437e-07,15,1,16,1,7.7715611723761e-16,7.28175297837197e-11,640,0
26,wave,wave,wave,v*dy(w),1.63582120316535e-07,15,1,16,1,6.66133814775094e-16,4.26936264119604e-11,640,0
26,wave,wave,wave,w*dz(w),1.63581993904669e-07,16,1,15,1,6.66133814775094e-16,7.23243687161812e-11,640,0
26,wave,wave,wave,u*dx(eta),6.03804033328023e-06,16,1,16,1,1.34578067720035e-15,6.65472121852417e-11,640,0
26,wave,wave,wave,v*dy(eta),6.03804033325451e-06,16,1,16,1,1.55429907646378e-15,3.64237529026923e-11,640,0
26,wave,wave,wave,w*dz(eta),6.0380411690965e-06,16,1,16,1,1.366530237551e-15,6.60839161170657e-11,640,0
26,wave,wave,wave,w*eta*dlogN2,4.85934477033603e-06,16,1,16,1,1.32879113947011e-15,6.66002808458188e-11,640,0
26,wave,apv,wave,u*dx(u),6.09053490160796e-06,16,1,2,0,1.92886588732248e-15,6.0301430515608e-11,128,0
26,wave,apv,wave,v*dy(u),6.09053490178777e-06,16,1,2,0,1.74673620579414e-15,3.01779712330585e-11,128,0
26,wave,apv,wave,w*dz(u),5.50389662195557e-06,16,1,3,0,1.80445108304776e-15,9.74951230858778e-11,128,0
26,wave,apv,wave,u*dx(v),6.0650969044789e-06,16,1,2,0,1.75973400721592e-15,6.03012084710031e-11,128,0
26,wave,apv,wave,v*dy(v),6.06509690434495e-06,16,1,2,0,1.56271047862051e-15,3.01777491884536e-11,128,0
26,wave,apv,wave,w*dz(v),5.47725398859337e-06,16,1,3,0,1.97883272253309e-15,9.74952341081803e-11,128,0
26,wave,apv,wave,u*dx(w),0,1,1,-1,0,0,0,0,128
26,wave,apv,wave,v*dy(w),0,1,1,-1,0,0,0,0,128
26,wave,apv,wave,w*dz(w),0,1,1,-1,0,0,0,0,128
26,wave,apv,wave,u*dx(eta),9.25152688579665e-07,16,1,3,0,9.5883888398964e-16,9.82535164339993e-11,128,0
26,wave,apv,wave,v*dy(eta),9.25152688531225e-07,16,1,3,0,1.11889793393158e-15,6.812961306224e-11,128,0
26,wave,apv,wave,w*dz(eta),9.51373237978528e-07,16,1,2,0,1.60549144830717e-15,3.17190940180012e-10,128,0
26,wave,apv,wave,w*eta*dlogN2,1.06439942584108e-06,16,1,3,0,1.37977185257757e-15,9.75414193860047e-11,128,0
26,apv,wave,wave,u*dx(u),0,-1,0,1,1,0,0,0,128
26,apv,wave,wave,v*dy(u),6.09053585552824e-06,2,0,16,1,1.5638882416017e-15,1.48548592536635e-11,128,0
26,apv,wave,wave,w*dz(u),0,-1,0,1,1,0,0,0,128
26,apv,wave,wave,u*dx(v),0,-1,0,1,1,0,0,0,128
26,apv,wave,wave,v*dy(v),6.06509785067259e-06,2,0,16,1,1.75965109728119e-15,1.24982246774152e-11,128,0
26,apv,wave,wave,w*dz(v),0,-1,0,1,1,0,0,0,128
26,apv,wave,wave,u*dx(w),0,-1,0,1,1,0,0,0,128
26,apv,wave,wave,v*dy(w),1.38030722503116e-08,2,0,16,1,4.44089209850063e-16,1.98041583132635e-11,128,0
26,apv,wave,wave,w*dz(w),0,-1,0,1,1,0,0,0,128
26,apv,wave,wave,u*dx(eta),0,-1,0,1,1,0,0,0,128
26,apv,wave,wave,v*dy(eta),9.51373284419239e-07,2,0,16,1,1.59889091517284e-15,1.48425716162137e-11,128,0
26,apv,wave,wave,w*dz(eta),0,-1,0,1,1,0,0,0,128
26,apv,wave,wave,w*eta*dlogN2,0,-1,0,1,1,0,0,0,128
26,wave,boundary,wave,u*dx(u),9.07321093041904e-07,16,1,2,0,2.10233916259012e-15,6.33220142987057e-11,64,0
26,wave,boundary,wave,v*dy(u),9.0732109357416e-07,16,1,2,0,1.67160043341982e-15,3.31984439938537e-11,64,0
26,wave,boundary,wave,w*dz(u),9.52825817866797e-07,16,1,2,0,1.90394411341295e-15,6.02855543263559e-11,64,0
26,wave,boundary,wave,u*dx(v),9.0353277799389e-07,16,1,2,0,1.94567430039703e-15,6.33220142987057e-11,64,0
26,wave,boundary,wave,v*dy(v),9.03532778703928e-07,16,1,2,0,1.61750199242375e-15,3.31983329715513e-11,64,0
26,wave,boundary,wave,w*dz(v),9.48909128979294e-07,16,1,2,0,1.6960365772508e-15,6.02854433040534e-11,64,0
26,wave,boundary,wave,u*dx(w),0,1,1,1,0,0,0,0,64
26,wave,boundary,wave,v*dy(w),0,1,1,1,0,0,0,0,64
26,wave,boundary,wave,w*dz(w),0,1,1,1,0,0,0,0,64
26,wave,boundary,wave,u*dx(eta),1.46283102683635e-07,16,1,2,0,6.21578263356763e-16,6.01462213367654e-11,64,0
26,wave,boundary,wave,v*dy(eta),1.46283102647736e-07,16,1,2,0,6.73675143011229e-16,3.00228730765184e-11,64,0
26,wave,boundary,wave,w*dz(eta),1.44169378232375e-07,16,1,2,0,1.04577582050785e-15,6.02990990472563e-11,64,0
26,wave,boundary,wave,w*eta*dlogN2,1.40619693604307e-07,16,1,1,0,8.7742150735054e-16,6.0286553527078e-11,64,0
26,boundary,wave,wave,u*dx(u),0,1,0,1,1,0,0,0,64
26,boundary,wave,wave,v*dy(u),2.06921777389525e-06,2,0,16,1,2.10535754690041e-15,1.34759980952026e-11,64,0
26,boundary,wave,wave,w*dz(u),0,1,0,1,1,0,0,0,64
26,boundary,wave,wave,u*dx(v),0,1,0,1,1,0,0,0,64
26,boundary,wave,wave,v*dy(v),2.06082123278915e-06,2,0,16,1,1.71787309138981e-15,1.34774413851346e-11,64,0
26,boundary,wave,wave,w*dz(v),0,1,0,1,1,0,0,0,64
26,boundary,wave,wave,u*dx(w),0,1,0,1,1,0,0,0,64
26,boundary,wave,wave,v*dy(w),4.65928988216093e-09,1,0,16,1,4.44089209850063e-16,1.38723477149938e-11,64,0
26,boundary,wave,wave,w*dz(w),0,1,0,1,1,0,0,0,64
26,boundary,wave,wave,u*dx(eta),0,1,0,1,1,0,0,0,64
26,boundary,wave,wave,v*dy(eta),3.20835927677668e-07,2,0,16,1,9.39590295870659e-16,7.77833353282631e-12,64,0
26,boundary,wave,wave,w*dz(eta),0,1,0,1,1,0,0,0,64
26,boundary,wave,wave,w*eta*dlogN2,0,1,0,1,1,0,0,0,64
26,apv,boundary,wave,u*dx(u),0,-1,0,1,0,0,0,0,8
26,apv,boundary,wave,v*dy(u),2.34153651370227e-13,3,0,1,0,9.33827161580929e-16,2.54369858510017e-11,8,0
26,apv,boundary,wave,w*dz(u),0,-1,0,1,0,0,0,0,8
26,apv,boundary,wave,u*dx(v),0,-1,0,1,0,0,0,0,8
26,apv,boundary,wave,v*dy(v),1.67067200481033e-13,3,0,1,0,9.30364265395501e-16,2.54369858510017e-11,8,0
26,apv,boundary,wave,w*dz(v),0,-1,0,1,0,0,0,0,8
26,apv,boundary,wave,u*dx(w),0,-1,0,1,0,0,0,0,8
26,apv,boundary,wave,v*dy(w),0,-1,0,1,0,0,0,0,8
26,apv,boundary,wave,w*dz(w),0,-1,0,1,0,0,0,0,8
26,apv,boundary,wave,u*dx(eta),0,-1,0,1,0,0,0,0,8
26,apv,boundary,wave,v*dy(eta),6.73305416640531e-15,3,0,1,0,4.41195057023402e-16,2.6416646647931e-11,8,0
26,apv,boundary,wave,w*dz(eta),0,-1,0,1,0,0,0,0,8
26,apv,boundary,wave,w*eta*dlogN2,0,-1,0,1,0,0,0,0,8
26,boundary,apv,wave,u*dx(u),0,1,0,-1,0,0,0,0,8
26,boundary,apv,wave,v*dy(u),2.07299380336054e-13,1,0,3,0,1.44680933495922e-15,1.89905433683104e-11,8,0
26,boundary,apv,wave,w*dz(u),0,1,0,-1,0,0,0,0,8
26,boundary,apv,wave,u*dx(v),0,1,0,-1,0,0,0,0,8
26,boundary,apv,wave,v*dy(v),1.60021742907142e-13,1,0,3,0,1.1562177960654e-15,1.78097536718269e-11,8,0
26,boundary,apv,wave,w*dz(v),0,1,0,-1,0,0,0,0,8
26,boundary,apv,wave,u*dx(w),0,1,0,-1,0,0,0,0,8
26,boundary,apv,wave,v*dy(w),0,1,0,-1,0,0,0,0,8
26,boundary,apv,wave,w*dz(w),0,1,0,-1,0,0,0,0,8
26,boundary,apv,wave,u*dx(eta),0,1,0,-1,0,0,0,0,8
26,boundary,apv,wave,v*dy(eta),3.89652821363684e-14,2,0,-1,0,7.70059447751223e-16,4.34245972513736e-11,8,0
26,boundary,apv,wave,w*dz(eta),0,1,0,-1,0,0,0,0,8
26,boundary,apv,wave,w*eta*dlogN2,0,1,0,-1,0,0,0,0,8
26,boundary,boundary,wave,u*dx(u),0,1,0,1,0,0,0,0,4
26,boundary,boundary,wave,v*dy(u),2.23536523985001e-13,1,0,1,0,1.27485562659126e-15,1.67762709966653e-11,4,0
26,boundary,boundary,wave,w*dz(u),0,1,0,1,0,0,0,0,4
26,boundary,boundary,wave,u*dx(v),0,1,0,1,0,0,0,0,4
26,boundary,boundary,wave,v*dy(v),1.57300038525875e-13,1,0,1,0,1.04018645256947e-15,1.22149042405537e-11,4,0
26,boundary,boundary,wave,w*dz(v),0,1,0,1,0,0,0,0,4
26,boundary,boundary,wave,u*dx(w),0,1,0,1,0,0,0,0,4
26,boundary,boundary,wave,v*dy(w),0,1,0,1,0,0,0,0,4
26,boundary,boundary,wave,w*dz(w),0,1,0,1,0,0,0,0,4
26,boundary,boundary,wave,u*dx(eta),0,1,0,1,0,0,0,0,4
26,boundary,boundary,wave,v*dy(eta),6.24758077844228e-15,1,0,2,0,6.36381237141701e-16,3.24118509809068e-12,4,0
26,boundary,boundary,wave,w*dz(eta),0,1,0,1,0,0,0,0,4
26,boundary,boundary,wave,w*eta*dlogN2,0,1,0,1,0,0,0,0,4
3,wave,wave,wave,u*dx(u),1.02503569935836e-05,16,-1,15,1,2.30765617140071e-15,3.82170961543693e-11,640,0
3,wave,wave,wave,v*dy(u),1.02503569935172e-05,16,1,15,1,2.29808326116642e-15,3.82156528644373e-11,640,0
3,wave,wave,wave,w*dz(u),1.02499409901425e-05,16,1,15,1,3.79959101497119e-14,7.4132450930334e-06,640,0
3,wave,wave,wave,u*dx(v),1.00242504088003e-05,16,1,15,1,2.2322400262431e-15,3.82187614889062e-11,640,0
3,wave,wave,wave,v*dy(v),1.00242504087152e-05,16,-1,15,1,2.20520693836066e-15,3.82169851320668e-11,640,0
3,wave,wave,wave,w*dz(v),1.00233704936563e-05,16,1,15,1,3.62716546135102e-14,7.0935015594055e-06,640,0
3,wave,wave,wave,u*dx(w),6.71091524965064e-08,15,1,16,1,6.66133814775094e-16,3.85189657947649e-11,640,0
3,wave,wave,wave,v*dy(w),6.71091524947927e-08,15,1,16,1,8.88178419700125e-16,3.85173004602279e-11,640,0
3,wave,wave,wave,w*dz(w),6.71092319935291e-08,16,1,15,1,7.7715611723761e-16,3.77984310517832e-11,640,0
3,wave,wave,wave,u*dx(eta),3.13322162822042e-06,16,1,16,1,8.88178419700125e-16,3.22649684747489e-11,640,0
3,wave,wave,wave,v*dy(eta),3.13322162821369e-06,16,1,16,1,7.58566349525228e-16,3.22629700733046e-11,640,0
3,wave,wave,wave,w*dz(eta),3.13322092851735e-06,16,1,16,1,1.10007641470713e-15,3.15739656642222e-11,640,0
3,wave,wave,wave,w*eta*dlogN2,3.12623263637144e-06,16,1,16,1,1.09736501179354e-15,3.2112312808863e-11,640,0
3,wave,apv,wave,u*dx(u),6.11488988061433e-06,16,1,2,0,1.7772656299128e-15,2.90101889860634e-11,128,0
3,wave,apv,wave,v*dy(u),6.11488988066189e-06,16,1,2,0,2.03921098060071e-15,2.90110938438382e-11,128,0
3,wave,apv,wave,w*dz(u),5.52938802653338e-06,16,1,3,0,1.85415107535544e-15,6.30107077626008e-11,128,0
3,wave,apv,wave,u*dx(v),6.1022237363376e-06,16,1,2,0,1.84169083671992e-15,2.59134935731709e-11,128,0
3,wave,apv,wave,v*dy(v),6.10222373620283e-06,16,1,2,0,2.04510708687335e-15,2.59117172163315e-11,128,0
3,wave,apv,wave,w*dz(v),5.51608715496072e-06,16,1,3,0,1.88957739119293e-15,6.30105967402983e-11,128,0
3,wave,apv,wave,u*dx(w),0,1,1,-1,0,0,0,0,128
3,wave,apv,wave,v*dy(w),0,1,1,-1,0,0,0,0,128
3,wave,apv,wave,w*dz(w),0,1,1,-1,0,0,0,0,128
3,wave,apv,wave,u*dx(eta),3.83551928647424e-07,16,1,3,0,5.67512823413476e-16,6.39409636349342e-11,128,0
3,wave,apv,wave,v*dy(eta),3.8355192863478e-07,16,1,3,0,7.71309027226401e-16,6.39392983003972e-11,128,0
3,wave,apv,wave,w*dz(eta),3.93748982391835e-07,16,1,2,0,6.14637433848153e-16,2.82882828273046e-10,128,0
3,wave,apv,wave,w*eta*dlogN2,4.40907159373934e-07,16,1,3,0,9.48511167934031e-16,6.30493435238577e-11,128,0
3,apv,wave,wave,u*dx(u),6.11488841135495e-06,2,0,16,1,1.96219012971209e-15,1.75166666369644e-11,128,0
3,apv,wave,wave,v*dy(u),6.11488841134922e-06,2,0,16,1,1.88708387229899e-15,1.75166943349003e-11,128,0
3,apv,wave,wave,w*dz(u),0,-1,0,1,1,0,0,0,128
3,apv,wave,wave,u*dx(v),6.10222227236763e-06,2,0,16,1,1.99950580311871e-15,1.26509072035228e-11,128,0
3,apv,wave,wave,v*dy(v),6.10222227228253e-06,2,0,16,1,1.92955203156333e-15,1.2650976292718e-11,128,0
3,apv,wave,wave,w*dz(v),0,-1,0,1,1,0,0,0,128
3,apv,wave,wave,u*dx(w),5.65396971964421e-09,2,0,16,1,6.66133814775094e-16,1.9804269335566e-11,128,0
3,apv,wave,wave,v*dy(w),5.65396971959168e-09,2,0,16,1,4.44089209850063e-16,1.98041583132635e-11,128,0
3,apv,wave,wave,w*dz(w),0,-1,0,1,1,0,0,0,128
3,apv,wave,wave,u*dx(eta),3.93748878397032e-07,2,0,16,1,6.73992933909376e-16,1.48425716162137e-11,128,0
3,apv,wave,wave,v*dy(eta),3.93748878395026e-07,2,0,16,1,6.75560933760285e-16,1.48425716162137e-11,128,0
3,apv,wave,wave,w*dz(eta),0,-1,0,1,1,0,0,0,128
3,apv,wave,wave,w*eta*dlogN2,0,-1,0,1,1,0,0,0,128
3,wave,boundary,wave,u*dx(u),9.10949059291176e-07,16,1,2,0,2.1267654403904e-15,2.93299766202144e-11,64,0
3,wave,boundary,wave,v*dy(u),9.10949058957798e-07,16,1,2,0,2.3699122612871e-15,2.93289696058085e-11,64,0
3,wave,boundary,wave,w*dz(u),9.56575458662337e-07,16,1,2,0,1.80277903338011e-15,2.58216781290344e-11,64,0
3,wave,boundary,wave,u*dx(v),9.09063152640792e-07,16,1,2,0,1.63743390352118e-15,2.90740764796737e-11,64,0
3,wave,boundary,wave,v*dy(v),9.0906315312373e-07,16,1,2,0,1.6977531789636e-15,2.90724111451368e-11,64,0
3,wave,boundary,wave,w*dz(v),9.54626063393582e-07,16,1,2,0,1.96872271022455e-15,2.58216781290344e-11,64,0
3,wave,boundary,wave,u*dx(w),0,1,1,1,0,0,0,0,64
3,wave,boundary,wave,v*dy(w),0,1,1,1,0,0,0,0,64
3,wave,boundary,wave,w*dz(w),0,1,1,1,0,0,0,0,64
3,wave,boundary,wave,u*dx(eta),6.05277081528673e-08,16,1,2,0,4.44089209850063e-16,2.58575383327297e-11,64,0
3,wave,boundary,wave,v*dy(eta),6.05277081480996e-08,16,1,2,0,5.55111512312578e-16,2.58558729981928e-11,64,0
3,wave,boundary,wave,w*dz(eta),5.96608866471315e-08,16,1,2,0,6.90629023186176e-16,2.58354448945397e-11,64,0
3,wave,boundary,wave,w*eta*dlogN2,5.81928159699193e-08,16,1,1,0,8.60340695750946e-16,2.58214560844294e-11,64,0
3,boundary,wave,wave,u*dx(u),3.47560330018765e-07,2,0,16,1,2.00230628405607e-15,1.45744658867068e-11,64,0
3,boundary,wave,wave,v*dy(u),3.47560329968341e-07,2,0,16,1,1.98108748134223e-15,1.45744501875144e-11,64,0
3,boundary,wave,wave,w*dz(u),0,1,0,1,1,0,0,0,64
3,boundary,wave,wave,u*dx(v),3.46799519325108e-07,2,0,16,1,1.71321408421578e-15,1.41103795314734e-11,64,0
3,boundary,wave,wave,v*dy(v),3.46799519422736e-07,2,0,16,1,1.69336719796109e-15,1.41103795314734e-11,64,0
3,boundary,wave,wave,w*dz(v),0,1,0,1,1,0,0,0,64
3,boundary,wave,wave,u*dx(w),3.36179144052596e-10,1,0,16,1,4.44089209850063e-16,1.43784983919204e-11,64,0
3,boundary,wave,wave,v*dy(w),3.3617914395396e-10,1,0,16,1,5.55111512312578e-16,1.43784983919204e-11,64,0
3,boundary,wave,wave,w*dz(w),0,1,0,1,1,0,0,0,64
3,boundary,wave,wave,u*dx(eta),2.36953882189068e-08,2,0,16,1,6.66133814775094e-16,8.08997313583859e-12,64,0
3,boundary,wave,wave,v*dy(eta),2.36953882182753e-08,2,0,16,1,6.66133814775094e-16,8.09008415814105e-12,64,0
3,boundary,wave,wave,w*dz(eta),0,1,0,1,1,0,0,0,64
3,boundary,wave,wave,w*eta*dlogN2,0,1,0,1,1,0,0,0,64
3,apv,boundary,wave,u*dx(u),3.16885122524593e-13,3,0,1,0,1.66923276999618e-15,2.67465163499909e-11,8,0
3,apv,boundary,wave,v*dy(u),3.1696494451144e-13,3,0,1,0,1.65338122243023e-15,2.67465101747561e-11,8,0
3,apv,boundary,wave,w*dz(u),0,-1,0,1,0,0,0,0,8
3,apv,boundary,wave,u*dx(v),6.9852193543918e-14,3,0,2,0,1.04196419080747e-15,2.54367638063968e-11,8,0
3,apv,boundary,wave,v*dy(v),6.98486859250211e-14,3,0,2,0,9.9551166216318e-16,2.54369858510017e-11,8,0
3,apv,boundary,wave,w*dz(v),0,-1,0,1,0,0,0,0,8
3,apv,boundary,wave,u*dx(w),0,-1,0,1,0,0,0,0,8
3,apv,boundary,wave,v*dy(w),0,-1,0,1,0,0,0,0,8
3,apv,boundary,wave,w*dz(w),0,-1,0,1,0,0,0,0,8
3,apv,boundary,wave,u*dx(eta),2.81898311656039e-15,3,0,1,0,3.74793697294614e-16,2.64168686925359e-11,8,0
3,apv,boundary,wave,v*dy(eta),2.81373051831939e-15,3,0,1,0,3.82271357212394e-16,2.6416646647931e-11,8,0
3,apv,boundary,wave,w*dz(eta),0,-1,0,1,0,0,0,0,8
3,apv,boundary,wave,w*eta*dlogN2,0,-1,0,1,0,0,0,0,8
3,boundary,apv,wave,u*dx(u),3.53019963805675e-13,1,0,3,0,1.53325935147039e-15,3.02147531568469e-11,8,0
3,boundary,apv,wave,v*dy(u),3.52977499443859e-13,1,0,3,0,1.52608883933046e-15,3.02147452957028e-11,8,0
3,boundary,apv,wave,w*dz(u),0,1,0,-1,0,0,0,0,8
3,boundary,apv,wave,u*dx(v),3.83204301181402e-14,1,0,3,0,1.17265615186531e-15,2.99869018505206e-11,8,0
3,boundary,apv,wave,v*dy(v),3.83365148992096e-14,1,0,3,0,1.21187543910998e-15,2.99869018505206e-11,8,0
3,boundary,apv,wave,w*dz(v),0,1,0,-1,0,0,0,0,8
3,boundary,apv,wave,u*dx(w),0,1,0,-1,0,0,0,0,8
3,boundary,apv,wave,v*dy(w),0,1,0,-1,0,0,0,0,8
3,boundary,apv,wave,w*dz(w),0,1,0,-1,0,0,0,0,8
3,boundary,apv,wave,u*dx(eta),3.08955703953043e-14,2,0,1,0,4.84044397980896e-16,4.64186467041827e-11,8,0
3,boundary,apv,wave,v*dy(eta),3.08953738594764e-14,2,0,1,0,4.88839941217332e-16,4.64187577264852e-11,8,0
3,boundary,apv,wave,w*dz(eta),0,1,0,-1,0,0,0,0,8
3,boundary,apv,wave,w*eta*dlogN2,0,1,0,-1,0,0,0,0,8
3,boundary,boundary,wave,u*dx(u),3.73589423931286e-13,1,0,1,0,1.7413274964891e-15,1.30987776210158e-10,4,0
3,boundary,boundary,wave,v*dy(u),3.73585642751869e-13,1,0,1,0,1.83008274426966e-15,1.30987804149574e-10,4,0
3,boundary,boundary,wave,w*dz(u),0,1,0,1,0,0,0,0,4
3,boundary,boundary,wave,u*dx(v),3.35624254100192e-14,1,0,1,0,1.18682413947739e-15,1.0858791643642e-10,4,0
3,boundary,boundary,wave,v*dy(v),3.35058817670583e-14,1,0,1,0,1.18514487609152e-15,1.08587694391815e-10,4,0
3,boundary,boundary,wave,w*dz(v),0,1,0,1,0,0,0,0,4
3,boundary,boundary,wave,u*dx(w),0,1,0,1,0,0,0,0,4
3,boundary,boundary,wave,v*dy(w),0,1,0,1,0,0,0,0,4
3,boundary,boundary,wave,w*dz(w),0,1,0,1,0,0,0,0,4
3,boundary,boundary,wave,u*dx(eta),1.70421522224924e-14,1,0,2,0,6.75128340379361e-16,5.72108196525611e-11,4,0
3,boundary,boundary,wave,v*dy(eta),1.70346669667617e-14,1,0,2,0,6.67282879671298e-16,5.72108002303349e-11,4,0
3,boundary,boundary,wave,w*dz(eta),0,1,0,1,0,0,0,0,4
3,boundary,boundary,wave,w*eta*dlogN2,0,1,0,1,0,0,0,0,4
47,wave,wave,wave,u*dx(u),1.02503573745795e-05,15,1,16,1,1.77795511479561e-15,4.6679384945346e-11,640,0
47,wave,wave,wave,v*dy(u),1.02503573743743e-05,15,1,16,1,2.20234504467997e-15,9.27772300159814e-11,640,0
47,wave,wave,wave,w*dz(u),1.0249941280006e-05,16,1,15,1,3.83693873743994e-14,7.41126902770762e-06,640,0
47,wave,wave,wave,u*dx(v),1.00242512222765e-05,15,1,16,1,1.67953519431599e-15,4.66595651005264e-11,640,0
47,wave,wave,wave,v*dy(v),1.00242512223624e-05,15,1,16,1,1.70161609650982e-15,9.27706800268879e-11,640,0
47,wave,wave,wave,w*dz(v),1.00233712466898e-05,16,1,15,1,3.62228360316285e-14,7.09160077606913e-06,640,0
47,wave,wave,wave,u*dx(w),6.71091534443335e-08,15,1,16,1,5.55111512312578e-16,4.65094629475971e-11,640,0
47,wave,wave,wave,v*dy(w),6.71091534451177e-08,15,1,16,1,8.88178419700125e-16,9.26210219631685e-11,640,0
47,wave,wave,wave,w*dz(w),6.71091269847639e-08,16,1,15,1,8.88178419700125e-16,9.26660970179682e-11,640,0
47,wave,wave,wave,u*dx(eta),3.1332172119764e-06,16,1,16,1,9.8452365622325e-16,4.66402472198979e-11,640,0
47,wave,wave,wave,v*dy(eta),3.13321721198774e-06,16,1,16,1,1.65171363127799e-15,9.27515841908644e-11,640,0
47,wave,wave,wave,w*dz(eta),3.13321744421959e-06,16,1,16,1,1.01243412442117e-15,9.26563270553515e-11,640,0
47,wave,wave,wave,w*eta*dlogN2,3.12622922631325e-06,16,1,16,1,6.80643809426725e-16,9.2589935718479e-11,640,0
47,wave,apv,wave,u*dx(u),6.114887920616e-06,16,1,2,0,1.72205413929846e-15,4.80350477413417e-11,128,0
47,wave,apv,wave,v*dy(u),6.11488792049108e-06,16,1,2,0,1.72177931431883e-15,9.32840397649235e-11,128,0
47,wave,apv,wave,w*dz(u),5.52938244269427e-06,16,1,3,0,2.04302807025456e-15,9.2115410544882e-11,128,0
47,wave,apv,wave,u*dx(v),6.1022217832083e-06,16,1,2,0,2.20980515977262e-15,4.63042937326463e-11,128,0
47,wave,apv,wave,v*dy(v),6.10222178335141e-06,16,1,2,0,1.82820598395943e-15,9.2414964569798e-11,128,0
47,wave,apv,wave,w*dz(v),5.51608158363213e-06,16,1,3,0,1.90110584538635e-15,9.18782827596942e-11,128,0
47,wave,apv,wave,u*dx(w),0,1,1,-1,0,0,0,0,128
47,wave,apv,wave,v*dy(w),0,1,1,-1,0,0,0,0,128
47,wave,apv,wave,w*dz(w),0,1,1,-1,0,0,0,0,128
47,wave,apv,wave,u*dx(eta),3.8355154713469e-07,16,1,3,0,5.6930588399287e-16,4.81819029118924e-11,128,0
47,wave,apv,wave,v*dy(eta),3.83551547138196e-07,16,1,3,0,1.82677016914683e-15,9.42930178382539e-11,128,0
47,wave,apv,wave,w*dz(eta),3.93748882360752e-07,16,1,2,0,8.05798269413413e-16,1.6474299702196e-10,128,0
47,wave,apv,wave,w*eta*dlogN2,4.40907249348741e-07,16,1,3,0,8.71491028008068e-16,9.21440701517895e-11,128,0
47,apv,wave,wave,u*dx(u),6.11488841135495e-06,2,0,16,1,1.96219012971209e-15,1.75166666369644e-11,128,0
47,apv,wave,wave,v*dy(u),0,-1,0,1,1,0,0,0,128
47,apv,wave,wave,w*dz(u),0,-1,0,1,1,0,0,0,128
47,apv,wave,wave,u*dx(v),6.10222227236763e-06,2,0,16,1,1.99950580311871e-15,1.26509072035228e-11,128,0
47,apv,wave,wave,v*dy(v),0,-1,0,1,1,0,0,0,128
47,apv,wave,wave,w*dz(v),0,-1,0,1,1,0,0,0,128
47,apv,wave,wave,u*dx(w),5.65396971964421e-09,2,0,16,1,6.66133814775094e-16,1.9804269335566e-11,128,0
47,apv,wave,wave,v*dy(w),0,-1,0,1,1,0,0,0,128
47,apv,wave,wave,w*dz(w),0,-1,0,1,1,0,0,0,128
47,apv,wave,wave,u*dx(eta),3.93748878397032e-07,2,0,16,1,6.73992933909376e-16,1.48425716162137e-11,128,0
47,apv,wave,wave,v*dy(eta),0,-1,0,1,1,0,0,0,128
47,apv,wave,wave,w*dz(eta),0,-1,0,1,1,0,0,0,128
47,apv,wave,wave,w*eta*dlogN2,0,-1,0,1,1,0,0,0,128
47,wave,boundary,wave,u*dx(u),9.10940031931411e-07,16,1,2,0,1.81051970190188e-15,4.49611459174548e-11,64,0
47,wave,boundary,wave,v*dy(u),9.10940031587837e-07,16,1,2,0,1.64239236218576e-15,9.10720387992114e-11,64,0
47,wave,boundary,wave,w*dz(u),9.56584122293291e-07,16,1,2,0,1.82712954130361e-15,9.22959223925686e-11,64,0
47,wave,boundary,wave,u*dx(v),9.09054141744485e-07,16,1,2,0,1.855581808679e-15,4.49611459174548e-11,64,0
47,wave,boundary,wave,v*dy(v),9.09054141116934e-07,16,1,2,0,1.85379211681813e-15,9.10722608438164e-11,64,0
47,wave,boundary,wave,w*dz(v),9.54634711757994e-07,16,1,2,0,1.48782826743329e-15,9.22204534958837e-11,64,0
47,wave,boundary,wave,u*dx(w),0,1,1,1,0,0,0,0,64
47,wave,boundary,wave,v*dy(w),0,1,1,1,0,0,0,0,64
47,wave,boundary,wave,w*dz(w),0,1,1,1,0,0,0,0,64
47,wave,boundary,wave,u*dx(eta),6.05281567331815e-08,16,1,2,0,5.55111512312578e-16,4.65651961434332e-11,64,0
47,wave,boundary,wave,v*dy(eta),6.05281567285282e-08,16,1,2,0,3.33066907387547e-16,9.26763110697948e-11,64,0
47,wave,boundary,wave,w*dz(eta),5.96604353028957e-08,16,1,2,0,6.9378556942428e-16,9.22069087749833e-11,64,0
47,wave,boundary,wave,w*eta*dlogN2,5.81930466183672e-08,16,1,1,0,8.59606852381243e-16,9.22177889606246e-11,64,0
47,boundary,wave,wave,u*dx(u),1.34503265226647e-06,2,0,16,1,1.7777567185964e-15,1.31461892445889e-11,64,0
47,boundary,wave,wave,v*dy(u),0,1,0,1,1,0,0,0,64
47,boundary,wave,wave,w*dz(u),0,1,0,1,1,0,0,0,64
47,boundary,wave,wave,u*dx(v),1.34229092538106e-06,2,0,16,1,1.73133185760766e-15,1.31320510021737e-11,64,0
47,boundary,wave,wave,v*dy(v),0,1,0,1,1,0,0,0,64
47,boundary,wave,wave,w*dz(v),0,1,0,1,1,0,0,0,64
47,boundary,wave,wave,u*dx(w),1.24307499441642e-09,1,0,16,1,4.44089209850063e-16,1.30225830119457e-11,64,0
47,boundary,wave,wave,v*dy(w),0,1,0,1,1,0,0,0,64
47,boundary,wave,wave,w*dz(w),0,1,0,1,1,0,0,0,64
47,boundary,wave,wave,u*dx(eta),8.69765135579055e-08,2,0,16,1,8.98375404146246e-16,6.79323264307641e-12,64,0
47,boundary,wave,wave,v*dy(eta),0,1,0,1,1,0,0,0,64
47,boundary,wave,wave,w*dz(eta),0,1,0,1,1,0,0,0,64
47,boundary,wave,wave,w*eta*dlogN2,0,1,0,1,1,0,0,0,64
47,apv,boundary,wave,u*dx(u),3.16885122524593e-13,3,0,1,0,1.66923276999618e-15,2.67465163499909e-11,8,0
47,apv,boundary,wave,v*dy(u),0,-1,0,1,0,0,0,0,8
47,apv,boundary,wave,w*dz(u),0,-1,0,1,0,0,0,0,8
47,apv,boundary,wave,u*dx(v),6.9852193543918e-14,3,0,2,0,1.04196419080747e-15,2.54367638063968e-11,8,0
47,apv,boundary,wave,v*dy(v),0,-1,0,1,0,0,0,0,8
47,apv,boundary,wave,w*dz(v),0,-1,0,1,0,0,0,0,8
47,apv,boundary,wave,u*dx(w),0,-1,0,1,0,0,0,0,8
47,apv,boundary,wave,v*dy(w),0,-1,0,1,0,0,0,0,8
47,apv,boundary,wave,w*dz(w),0,-1,0,1,0,0,0,0,8
47,apv,boundary,wave,u*dx(eta),2.81898311656039e-15,3,0,1,0,3.74793697294614e-16,2.64168686925359e-11,8,0
47,apv,boundary,wave,v*dy(eta),0,-1,0,1,0,0,0,0,8
47,apv,boundary,wave,w*dz(eta),0,-1,0,1,0,0,0,0,8
47,apv,boundary,wave,w*eta*dlogN2,0,-1,0,1,0,0,0,0,8
47,boundary,apv,wave,u*dx(u),3.03442742492728e-13,1,0,3,0,1.91495333887351e-15,2.58286061897755e-11,8,0
47,boundary,apv,wave,v*dy(u),0,1,0,-1,0,0,0,0,8
47,boundary,apv,wave,w*dz(u),0,1,0,-1,0,0,0,0,8
47,boundary,apv,wave,u*dx(v),9.01012460148625e-14,2,0,3,0,1.67382166119884e-15,2.41011655077727e-11,8,0
47,boundary,apv,wave,v*dy(v),0,1,0,-1,0,0,0,0,8
47,boundary,apv,wave,w*dz(v),0,1,0,-1,0,0,0,0,8
47,boundary,apv,wave,u*dx(w),0,1,0,-1,0,0,0,0,8
47,boundary,apv,wave,v*dy(w),0,1,0,-1,0,0,0,0,8
47,boundary,apv,wave,w*dz(w),0,1,0,-1,0,0,0,0,8
47,boundary,apv,wave,u*dx(eta),2.27394647266495e-14,2,0,-1,0,5.135825920185e-16,4.5244918922549e-11,8,0
47,boundary,apv,wave,v*dy(eta),0,1,0,-1,0,0,0,0,8
47,boundary,apv,wave,w*dz(eta),0,1,0,-1,0,0,0,0,8
47,boundary,apv,wave,w*eta*dlogN2,0,1,0,-1,0,0,0,0,8
47,boundary,boundary,wave,u*dx(u),3.30383344435332e-13,1,0,1,0,1.97491332341405e-15,4.37267192885532e-11,4,0
47,boundary,boundary,wave,v*dy(u),0,1,0,1,0,0,0,0,4
47,boundary,boundary,wave,w*dz(u),0,1,0,1,0,0,0,0,4
47,boundary,boundary,wave,u*dx(v),2.93834449399804e-14,1,0,1,0,8.56192629382661e-16,2.24858395681987e-11,4,0
47,boundary,boundary,wave,v*dy(v),0,1,0,1,0,0,0,0,4
47,boundary,boundary,wave,w*dz(v),0,1,0,1,0,0,0,0,4
47,boundary,boundary,wave,u*dx(w),0,1,0,1,0,0,0,0,4
47,boundary,boundary,wave,v*dy(w),0,1,0,1,0,0,0,0,4
47,boundary,boundary,wave,w*dz(w),0,1,0,1,0,0,0,0,4
47,boundary,boundary,wave,u*dx(eta),6.96628401479614e-15,1,0,2,0,1.81902225839653e-16,6.94644342047468e-12,4,0
47,boundary,boundary,wave,v*dy(eta),0,1,0,1,0,0,0,0,4
47,boundary,boundary,wave,w*dz(eta),0,1,0,1,0,0,0,0,4
47,boundary,boundary,wave,w*eta*dlogN2,0,1,0,1,0,0,0,0,4
34,wave,wave,wave,u*dx(u),9.90550270819727e-06,15,1,16,1,1.69225539568435e-15,8.61044568978286e-11,640,0
34,wave,wave,wave,v*dy(u),9.90550270816181e-06,15,1,16,1,1.75477540427021e-15,5.59804425037669e-11,640,0
34,wave,wave,wave,w*dz(u),9.9045727701832e-06,15,1,16,1,9.43337212988899e-15,1.58659386797228e-06,640,0
34,wave,wave,wave,u*dx(v),1.00758221197191e-05,15,1,16,1,2.25712441689208e-15,8.61023474740819e-11,640,0
34,wave,wave,wave,v*dy(v),1.00758221197146e-05,15,1,16,1,1.89890962913124e-15,5.59788881915324e-11,640,0
34,wave,wave,wave,w*dz(v),1.00751492295286e-05,15,1,16,1,9.80398965074349e-15,1.62767586649814e-06,640,0
34,wave,wave,wave,u*dx(w),1.15388718167232e-07,15,1,16,1,8.88178419700125e-16,8.6008755673106e-11,640,0
34,wave,wave,wave,v*dy(w),1.15388718163666e-07,15,1,16,1,6.66133814775094e-16,5.58852963905565e-11,640,0
34,wave,wave,wave,w*dz(w),1.1538849224078e-07,16,1,15,1,6.66133814775094e-16,8.62376836607837e-11,640,0
34,wave,wave,wave,u*dx(eta),4.80700013765969e-06,16,1,16,1,1.33992398188353e-15,7.30799865067411e-11,640,0
34,wave,wave,wave,v*dy(eta),4.80700013765576e-06,16,1,16,1,1.63034203577421e-15,4.29560831349818e-11,640,0
34,wave,wave,wave,w*dz(eta),4.80700185199975e-06,16,1,16,1,1.2527045398955e-15,7.33084704052089e-11,640,0
34,wave,wave,wave,w*eta*dlogN2,4.180418244917e-06,16,1,16,1,1.25647070876431e-15,7.32069960207582e-11,640,0
34,wave,apv,wave,u*dx(u),6.090236365187e-06,16,1,2,0,2.00261699106906e-15,6.0301430515608e-11,128,0
34,wave,apv,wave,v*dy(u),6.09023636530645e-06,16,1,2,0,1.7862827527766e-15,3.01779712330585e-11,128,0
34,wave,apv,wave,w*dz(u),5.50352809658824e-06,16,1,3,0,1.76308146217949e-15,9.74951230858778e-11,128,0
34,wave,apv,wave,u*dx(v),6.10232052059849e-06,16,1,2,0,1.77120931458624e-15,6.03012084710031e-11,128,0
34,wave,apv,wave,v*dy(v),6.10232052062657e-06,16,1,2,0,1.75341392008685e-15,3.01777491884536e-11,128,0
34,wave,apv,wave,w*dz(v),5.5162044623611e-06,16,1,3,0,1.77139706350443e-15,9.74952341081803e-11,128,0
34,wave,apv,wave,u*dx(w),0,1,1,-1,0,0,0,0,128
34,wave,apv,wave,v*dy(w),0,1,1,-1,0,0,0,0,128
34,wave,apv,wave,w*dz(w),0,1,1,-1,0,0,0,0,128
34,wave,apv,wave,u*dx(eta),6.56727846209729e-07,16,1,3,0,8.88249199139932e-16,9.82535164339993e-11,128,0
34,wave,apv,wave,v*dy(eta),6.56727846193304e-07,16,1,3,0,1.33337003786546e-15,6.812961306224e-11,128,0
34,wave,apv,wave,w*dz(eta),6.74650204420851e-07,16,1,2,0,8.21561989106658e-16,3.17190940180012e-10,128,0
34,wave,apv,wave,w*eta*dlogN2,7.55189972470413e-07,16,1,3,0,8.9745644998368e-16,9.75414193860047e-11,128,0
34,apv,wave,wave,u*dx(u),0,-1,0,1,1,0,0,0,128
34,apv,wave,wave,v*dy(u),6.09023877774471e-06,2,0,16,1,1.64777277569085e-15,2.59134935731709e-11,128,0
34,apv,wave,wave,w*dz(u),0,-1,0,1,1,0,0,0,128
34,apv,wave,wave,u*dx(v),0,-1,0,1,1,0,0,0,128
34,apv,wave,wave,v*dy(v),6.10232294177805e-06,2,0,16,1,1.66783827610835e-15,2.59117172163315e-11,128,0
34,apv,wave,wave,w*dz(v),0,-1,0,1,1,0,0,0,128
34,apv,wave,wave,u*dx(w),0,-1,0,1,1,0,0,0,128
34,apv,wave,wave,v*dy(w),9.72745193237274e-09,2,0,16,1,4.44089209850063e-16,3.30999672115695e-11,128,0
34,apv,wave,wave,w*dz(w),0,-1,0,1,1,0,0,0,128
34,apv,wave,wave,u*dx(eta),0,-1,0,1,1,0,0,0,128
34,apv,wave,wave,v*dy(eta),6.74650366043494e-07,2,0,16,1,1.49803729864469e-15,2.14506190587826e-11,128,0
34,apv,wave,wave,w*dz(eta),0,-1,0,1,1,0,0,0,128
34,apv,wave,wave,w*eta*dlogN2,0,-1,0,1,1,0,0,0,128
34,wave,boundary,wave,u*dx(u),3.46079896794862e-07,16,1,2,0,1.84194484926118e-15,6.23161522383953e-11,64,0
34,wave,boundary,wave,v*dy(u),3.46079896379159e-07,16,1,2,0,1.67603885049172e-15,3.21924709112409e-11,64,0
34,wave,boundary,wave,w*dz(u),5.62739877391987e-07,16,1,2,0,1.60361417359424e-15,6.02956573558799e-11,64,0
34,wave,boundary,wave,u*dx(v),3.46805559446191e-07,16,1,2,0,1.56793445510912e-15,6.23160412160928e-11,64,0
34,wave,boundary,wave,v*dy(v),3.46805559469945e-07,16,1,2,0,1.7491454791433e-15,3.21924709112409e-11,64,0
34,wave,boundary,wave,w*dz(v),5.63816027728033e-07,16,1,2,0,1.59769021841239e-15,6.02957683781824e-11,64,0
34,wave,boundary,wave,u*dx(w),0,1,1,1,0,0,0,0,64
34,wave,boundary,wave,v*dy(w),0,1,1,1,0,0,0,0,64
34,wave,boundary,wave,w*dz(w),0,1,1,1,0,0,0,0,64
34,wave,boundary,wave,u*dx(eta),6.00115060066609e-08,16,1,2,0,4.44089209850063e-16,6.01201310956867e-11,64,0
34,wave,boundary,wave,v*dy(eta),6.00115059828878e-08,16,1,2,0,6.66133814775094e-16,2.99965607908348e-11,64,0
34,wave,boundary,wave,w*dz(eta),4.05925932887908e-08,16,1,2,0,7.97309808067037e-16,6.02631278212584e-11,64,0
34,wave,boundary,wave,w*eta*dlogN2,3.92090079128741e-08,16,1,1,0,6.95476213869062e-16,6.02961014450898e-11,64,0
34,boundary,wave,wave,u*dx(u),0,1,0,1,1,0,0,0,64
34,boundary,wave,wave,v*dy(u),2.06912457969119e-06,2,0,16,1,1.8884432218593e-15,2.59896548726601e-11,64,0
34,boundary,wave,wave,w*dz(u),0,1,0,1,1,0,0,0,64
34,boundary,wave,wave,u*dx(v),0,1,0,1,1,0,0,0,64
34,boundary,wave,wave,v*dy(v),2.07311172007316e-06,2,0,16,1,1.9479039955274e-15,2.59881005604257e-11,64,0
34,boundary,wave,wave,w*dz(v),0,1,0,1,1,0,0,0,64
34,boundary,wave,wave,u*dx(w),0,1,0,1,1,0,0,0,64
34,boundary,wave,wave,v*dy(w),3.28354635829989e-09,1,0,16,1,6.66133814775094e-16,2.66856536867977e-11,64,0
34,boundary,wave,wave,w*dz(w),0,1,0,1,1,0,0,0,64
34,boundary,wave,wave,u*dx(eta),0,1,0,1,1,0,0,0,64
34,boundary,wave,wave,v*dy(eta),2.27459342419222e-07,2,0,16,1,7.11249005228817e-16,1.40113476376769e-11,64,0
34,boundary,wave,wave,w*dz(eta),0,1,0,1,1,0,0,0,64
34,boundary,wave,wave,w*eta*dlogN2,0,1,0,1,1,0,0,0,64
34,apv,boundary,wave,u*dx(u),0,-1,0,1,0,0,0,0,8
34,apv,boundary,wave,v*dy(u),1.97571773177831e-13,3,0,1,0,1.32596844328499e-15,2.99866798059156e-11,8,0
34,apv,boundary,wave,w*dz(u),0,-1,0,1,0,0,0,0,8
34,apv,boundary,wave,u*dx(v),0,-1,0,1,0,0,0,0,8
34,apv,boundary,wave,v*dy(v),2.74827439429321e-13,3,0,1,0,1.5805767907205e-15,2.99869018505206e-11,8,0
34,apv,boundary,wave,w*dz(v),0,-1,0,1,0,0,0,0,8
34,apv,boundary,wave,u*dx(w),0,-1,0,1,0,0,0,0,8
34,apv,boundary,wave,v*dy(w),0,-1,0,1,0,0,0,0,8
34,apv,boundary,wave,w*dz(w),0,-1,0,1,0,0,0,0,8
34,apv,boundary,wave,u*dx(eta),0,-1,0,1,0,0,0,0,8
34,apv,boundary,wave,v*dy(eta),6.04894946395725e-15,3,0,2,0,5.11164865403738e-16,2.89019919108569e-11,8,0
34,apv,boundary,wave,w*dz(eta),0,-1,0,1,0,0,0,0,8
34,apv,boundary,wave,w*eta*dlogN2,0,-1,0,1,0,0,0,0,8
34,boundary,apv,wave,u*dx(u),0,1,0,-1,0,0,0,0,8
34,boundary,apv,wave,v*dy(u),1.69279854297441e-13,1,0,3,0,1.17305643626891e-15,1.78101977610368e-11,8,0
34,boundary,apv,wave,w*dz(u),0,1,0,-1,0,0,0,0,8
34,boundary,apv,wave,u*dx(v),0,1,0,-1,0,0,0,0,8
34,boundary,apv,wave,v*dy(v),2.16617936674423e-13,1,0,3,0,1.47764817605315e-15,1.91678428310686e-11,8,0
34,boundary,apv,wave,w*dz(v),0,1,0,-1,0,0,0,0,8
34,boundary,apv,wave,u*dx(w),0,1,0,-1,0,0,0,0,8
34,boundary,apv,wave,v*dy(w),0,1,0,-1,0,0,0,0,8
34,boundary,apv,wave,w*dz(w),0,1,0,-1,0,0,0,0,8
34,boundary,apv,wave,u*dx(eta),0,1,0,-1,0,0,0,0,8
34,boundary,apv,wave,v*dy(eta),3.07765483418985e-14,2,0,-1,0,1.15009581818138e-15,4.34245972513736e-11,8,0
34,boundary,apv,wave,w*dz(eta),0,1,0,-1,0,0,0,0,8
34,boundary,apv,wave,w*eta*dlogN2,0,1,0,-1,0,0,0,0,8
34,boundary,boundary,wave,u*dx(u),0,1,0,1,0,0,0,0,4
34,boundary,boundary,wave,v*dy(u),1.87321668976479e-13,1,0,1,0,1.1830049999524e-15,1.10330566746266e-11,4,0
34,boundary,boundary,wave,w*dz(u),0,1,0,1,0,0,0,0,4
34,boundary,boundary,wave,u*dx(v),0,1,0,1,0,0,0,0,4
34,boundary,boundary,wave,v*dy(v),2.61055402211003e-13,1,0,1,0,1.32283400965221e-15,1.45947668115123e-11,4,0
34,boundary,boundary,wave,w*dz(v),0,1,0,1,0,0,0,0,4
34,boundary,boundary,wave,u*dx(w),0,1,0,1,0,0,0,0,4
34,boundary,boundary,wave,v*dy(w),0,1,0,1,0,0,0,0,4
34,boundary,boundary,wave,w*dz(w),0,1,0,1,0,0,0,0,4
34,boundary,boundary,wave,u*dx(eta),0,1,0,1,0,0,0,0,4
34,boundary,boundary,wave,v*dy(eta),1.21013110321161e-14,1,0,2,0,2.94114975154755e-16,3.56981111337973e-12,4,0
34,boundary,boundary,wave,w*dz(eta),0,1,0,1,0,0,0,0,4
34,boundary,boundary,wave,w*eta*dlogN2,0,1,0,1,0,0,0,0,4
24,wave,wave,wave,u*dx(u),9.9055026557486e-06,15,1,16,1,1.88116065759838e-15,4.48554526855105e-11,640,0
24,wave,wave,wave,v*dy(u),0,1,1,1,1,0,0,0,640
24,wave,wave,wave,w*dz(u),9.90457265025238e-06,16,1,15,1,2.43472592291878e-14,4.30098678462111e-06,640,0
24,wave,wave,wave,u*dx(v),1.00758220751625e-05,15,1,16,1,2.02046841307269e-15,2.86265455784473e-11,640,0
24,wave,wave,wave,v*dy(v),0,1,1,1,1,0,0,0,640
24,wave,wave,wave,w*dz(v),1.00751491087796e-05,16,1,15,1,2.56873656019724e-14,4.41260403594472e-06,640,0
24,wave,wave,wave,u*dx(w),1.15388628943708e-07,15,1,16,1,6.66133814775094e-16,4.44024816914634e-11,640,0
24,wave,wave,wave,v*dy(w),0,1,1,1,1,0,0,0,640
24,wave,wave,wave,w*dz(w),1.15388581476552e-07,16,1,15,1,8.88178419700125e-16,4.52116122318102e-11,640,0
24,wave,wave,wave,u*dx(eta),4.80700081589558e-06,16,1,16,1,1.11140017155087e-15,2.81457079864822e-11,640,0
24,wave,wave,wave,v*dy(eta),0,1,1,1,1,0,0,0,640
24,wave,wave,wave,w*dz(eta),4.80700117572656e-06,16,1,16,1,1.19153803324515e-15,2.89546164822241e-11,640,0
24,wave,wave,wave,w*eta*dlogN2,4.18041824496455e-06,16,1,16,1,1.17668068256173e-15,2.8686719666382e-11,640,0
24,wave,apv,wave,u*dx(u),0,1,1,-1,0,0,0,0,128
24,wave,apv,wave,v*dy(u),0,1,1,-1,0,0,0,0,128
24,wave,apv,wave,w*dz(u),0,1,1,-1,0,0,0,0,128
24,wave,apv,wave,u*dx(v),6.10232147759309e-06,16,1,2,0,1.84140410364903e-15,1.50557251757457e-11,128,0
24,wave,apv,wave,v*dy(v),0,1,1,-1,0,0,0,0,128
24,wave,apv,wave,w*dz(v),5.51620719232749e-06,16,1,3,0,1.81375299158906e-15,4.96775953706674e-11,128,0
24,wave,apv,wave,u*dx(w),0,1,1,-1,0,0,0,0,128
24,wave,apv,wave,v*dy(w),0,1,1,-1,0,0,0,0,128
24,wave,apv,wave,w*dz(w),0,1,1,-1,0,0,0,0,128
24,wave,apv,wave,u*dx(eta),6.56728166375002e-07,16,1,3,0,7.64354521766016e-16,5.00782748602546e-11,128,0
24,wave,apv,wave,v*dy(eta),0,1,1,-1,0,0,0,0,128
24,wave,apv,wave,w*dz(eta),6.74650288004832e-07,16,1,2,0,1.14237403587924e-15,2.69452460344155e-10,128,0
24,wave,apv,wave,w*eta*dlogN2,7.55189896273658e-07,16,1,3,0,8.01206065667377e-16,4.97395458154415e-11,128,0
24,apv,wave,wave,u*dx(u),6.09023782261782e-06,2,0,16,1,1.60018780271544e-15,3.25903748432665e-11,128,0
24,apv,wave,wave,v*dy(u),0,-1,0,1,1,0,0,0,128
24,apv,wave,wave,w*dz(u),0,-1,0,1,1,0,0,0,128
24,apv,wave,wave,u*dx(v),6.10232198330109e-06,2,0,16,1,1.8957487307901e-15,1.79207422681255e-11,128,0
24,apv,wave,wave,v*dy(v),0,-1,0,1,1,0,0,0,128
24,apv,wave,wave,w*dz(v),0,-1,0,1,1,0,0,0,128
24,apv,wave,wave,u*dx(w),9.72745055091762e-09,2,0,16,1,4.44089209850063e-16,3.97043509181572e-11,128,0
24,apv,wave,wave,v*dy(w),0,-1,0,1,1,0,0,0,128
24,apv,wave,wave,w*dz(w),0,-1,0,1,1,0,0,0,128
24,apv,wave,wave,u*dx(eta),6.74650282544671e-07,2,0,16,1,1.23516455382753e-15,2.47399878361421e-11,128,0
24,apv,wave,wave,v*dy(eta),0,-1,0,1,1,0,0,0,128
24,apv,wave,wave,w*dz(eta),0,-1,0,1,1,0,0,0,128
24,apv,wave,wave,w*eta*dlogN2,0,-1,0,1,1,0,0,0,128
24,wave,boundary,wave,u*dx(u),0,1,1,1,0,0,0,0,64
24,wave,boundary,wave,v*dy(u),0,1,1,1,0,0,0,0,64
24,wave,boundary,wave,w*dz(u),0,1,1,1,0,0,0,0,64
24,wave,boundary,wave,u*dx(v),6.32711963076438e-07,16,1,2,0,1.4370275961191e-15,1.19046994484506e-11,64,0
24,wave,boundary,wave,v*dy(v),0,1,1,1,0,0,0,0,64
24,wave,boundary,wave,w*dz(v),7.86042479424439e-07,16,1,2,0,1.82924479118823e-15,1.29531940729066e-11,64,0
24,wave,boundary,wave,u*dx(w),0,1,1,1,0,0,0,0,64
24,wave,boundary,wave,v*dy(w),0,1,1,1,0,0,0,0,64
24,wave,boundary,wave,w*dz(w),0,1,1,1,0,0,0,0,64
24,wave,boundary,wave,u*dx(eta),8.46443164270922e-08,16,1,2,0,7.15022135907518e-16,1.3300138768102e-11,64,0
24,wave,boundary,wave,v*dy(eta),0,1,1,1,0,0,0,0,64
24,wave,boundary,wave,w*dz(eta),7.21304303634945e-08,16,1,2,0,1.11327670177192e-15,1.30222499450383e-11,64,0
24,wave,boundary,wave,w*eta*dlogN2,7.01317947697208e-08,16,1,1,0,9.3941023273783e-16,1.30189192759644e-11,64,0
24,boundary,wave,wave,u*dx(u),9.07277859625912e-07,2,0,16,1,1.69445680847596e-15,3.60342866656538e-11,64,0
24,boundary,wave,wave,v*dy(u),0,1,0,1,1,0,0,0,64
24,boundary,wave,wave,w*dz(u),0,1,0,1,1,0,0,0,64
24,boundary,wave,wave,u*dx(v),9.0907725945979e-07,2,0,16,1,1.80534518858131e-15,1.98053795585906e-11,64,0
24,boundary,wave,wave,v*dy(v),0,1,0,1,1,0,0,0,64
24,boundary,wave,wave,w*dz(v),0,1,0,1,1,0,0,0,64
24,boundary,wave,wave,u*dx(w),1.46469409720759e-09,1,0,16,1,8.88178419700125e-16,3.51380036178739e-11,64,0
24,boundary,wave,wave,v*dy(w),0,1,0,1,1,0,0,0,64
24,boundary,wave,wave,w*dz(w),0,1,0,1,1,0,0,0,64
24,boundary,wave,wave,u*dx(eta),1.02228041668441e-07,2,0,16,1,6.53120306124796e-16,1.87637683168873e-11,64,0
24,boundary,wave,wave,v*dy(eta),0,1,0,1,1,0,0,0,64
24,boundary,wave,wave,w*dz(eta),0,1,0,1,1,0,0,0,64
24,boundary,wave,wave,w*eta*dlogN2,0,1,0,1,1,0,0,0,64
24,apv,boundary,wave,u*dx(u),0,-1,0,1,0,0,0,0,8
24,apv,boundary,wave,v*dy(u),0,-1,0,1,0,0,0,0,8
24,apv,boundary,wave,w*dz(u),0,-1,0,1,0,0,0,0,8
24,apv,boundary,wave,u*dx(v),2.56379004090991e-13,3,0,1,0,1.61365470196616e-15,2.9606539442284e-11,8,0
24,apv,boundary,wave,v*dy(v),0,-1,0,1,0,0,0,0,8
24,apv,boundary,wave,w*dz(v),0,-1,0,1,0,0,0,0,8
24,apv,boundary,wave,u*dx(w),0,-1,0,1,0,0,0,0,8
24,apv,boundary,wave,v*dy(w),0,-1,0,1,0,0,0,0,8
24,apv,boundary,wave,w*dz(w),0,-1,0,1,0,0,0,0,8
24,apv,boundary,wave,u*dx(eta),4.88177479638264e-15,3,0,2,0,4.83198692726297e-16,2.76294542800315e-11,8,0
24,apv,boundary,wave,v*dy(eta),0,-1,0,1,0,0,0,0,8
24,apv,boundary,wave,w*dz(eta),0,-1,0,1,0,0,0,0,8
24,apv,boundary,wave,w*eta*dlogN2,0,-1,0,1,0,0,0,0,8
24,boundary,apv,wave,u*dx(u),0,1,0,-1,0,0,0,0,8
24,boundary,apv,wave,v*dy(u),0,1,0,-1,0,0,0,0,8
24,boundary,apv,wave,w*dz(u),0,1,0,-1,0,0,0,0,8
24,boundary,apv,wave,u*dx(v),2.46603121417477e-13,1,0,3,0,1.42496130652337e-15,2.54369858510017e-11,8,0
24,boundary,apv,wave,v*dy(v),0,1,0,-1,0,0,0,0,8
24,boundary,apv,wave,w*dz(v),0,1,0,-1,0,0,0,0,8
24,boundary,apv,wave,u*dx(w),0,1,0,-1,0,0,0,0,8
24,boundary,apv,wave,v*dy(w),0,1,0,-1,0,0,0,0,8
24,boundary,apv,wave,w*dz(w),0,1,0,-1,0,0,0,0,8
24,boundary,apv,wave,u*dx(eta),3.87167250687059e-14,2,0,1,0,5.54151996092512e-16,4.78266315440123e-11,8,0
24,boundary,apv,wave,v*dy(eta),0,1,0,-1,0,0,0,0,8
24,boundary,apv,wave,w*dz(eta),0,1,0,-1,0,0,0,0,8
24,boundary,apv,wave,w*eta*dlogN2,0,1,0,-1,0,0,0,0,8
24,boundary,boundary,wave,u*dx(u),0,1,0,1,0,0,0,0,4
24,boundary,boundary,wave,v*dy(u),0,1,0,1,0,0,0,0,4
24,boundary,boundary,wave,w*dz(u),0,1,0,1,0,0,0,0,4
24,boundary,boundary,wave,u*dx(v),2.7154477353901e-13,1,0,1,0,1.31185403809036e-15,9.42147811069744e-11,4,0
24,boundary,boundary,wave,v*dy(v),0,1,0,1,0,0,0,0,4
24,boundary,boundary,wave,w*dz(v),0,1,0,1,0,0,0,0,4
24,boundary,boundary,wave,u*dx(w),0,1,0,1,0,0,0,0,4
24,boundary,boundary,wave,v*dy(w),0,1,0,1,0,0,0,0,4
24,boundary,boundary,wave,w*dz(w),0,1,0,1,0,0,0,0,4
24,boundary,boundary,wave,u*dx(eta),2.90505108088409e-14,1,0,2,0,6.87844237822706e-16,8.93559670700483e-11,4,0
24,boundary,boundary,wave,v*dy(eta),0,1,0,1,0,0,0,0,4
24,boundary,boundary,wave,w*dz(eta),0,1,0,1,0,0,0,0,4
24,boundary,boundary,wave,w*eta*dlogN2,0,1,0,1,0,0,0,0,4
45,wave,wave,wave,u*dx(u),1.02501612693497e-05,15,1,16,1,2.23150511265478e-15,4.66655592189743e-11,640,0
45,wave,wave,wave,v*dy(u),1.02501612694098e-05,15,1,16,1,1.83689258405544e-15,9.27643554021257e-11,640,0
45,wave,wave,wave,w*dz(u),1.02497477814241e-05,16,1,15,1,1.02497426940632e-14,1.66956067300643e-06,640,0
45,wave,wave,wave,u*dx(v),9.59667447323177e-06,15,1,16,1,1.70792164956526e-15,4.66331417925403e-11,640,0
45,wave,wave,wave,v*dy(v),9.59667447326167e-06,15,1,16,1,1.6023807175143e-15,9.27447008081117e-11,640,0
45,wave,wave,wave,w*dz(v),9.59537635999632e-06,15,1,16,1,8.766070639712e-15,1.52187161905742e-06,640,0
45,wave,wave,wave,u*dx(w),1.34093337866657e-07,15,1,16,1,6.66133814775094e-16,4.65110172598315e-11,640,0
45,wave,wave,wave,v*dy(w),1.34093337884894e-07,15,1,16,1,6.66133814775094e-16,9.26221321861931e-11,640,0
45,wave,wave,wave,w*dz(w),1.34093126162844e-07,16,1,15,1,6.66133814775094e-16,9.26261289890817e-11,640,0
45,wave,wave,wave,u*dx(eta),5.32808200361846e-06,16,1,16,1,1.70721418380188e-15,4.66140459565167e-11,640,0
45,wave,wave,wave,v*dy(eta),5.32808200360064e-06,16,1,16,1,1.40893276546851e-15,9.27251608828783e-11,640,0
45,wave,wave,wave,w*dz(eta),5.3280835216405e-06,16,1,16,1,1.37335044410299e-15,9.25977072796513e-11,640,0
45,wave,wave,wave,w*eta*dlogN2,4.47155929412495e-06,16,1,16,1,1.24049090937696e-15,9.25353127456674e-11,640,0
45,wave,apv,wave,u*dx(u),6.11488078355261e-06,16,1,2,0,2.15017852093157e-15,4.79123157948348e-11,128,0
45,wave,apv,wave,v*dy(u),6.11488078330916e-06,16,1,2,0,1.77425843748473e-15,9.31341100641449e-11,128,0
45,wave,apv,wave,w*dz(u),5.52937786026386e-06,16,1,3,0,1.95340424665573e-15,9.20452169255581e-11,128,0
45,wave,apv,wave,u*dx(v),6.06469456257727e-06,16,1,2,0,2.01444129506112e-15,4.63042937326463e-11,128,0
45,wave,apv,wave,v*dy(v),6.06469456245235e-06,16,1,2,0,1.64239177918881e-15,9.2414964569798e-11,128,0
45,wave,apv,wave,w*dz(v),5.47676100632801e-06,16,1,3,0,1.93562143783187e-15,9.18782827596942e-11,128,0
45,wave,apv,wave,u*dx(w),0,1,1,-1,0,0,0,0,128
45,wave,apv,wave,v*dy(w),0,1,1,-1,0,0,0,0,128
45,wave,apv,wave,w*dz(w),0,1,1,-1,0,0,0,0,128
45,wave,apv,wave,u*dx(eta),7.61504409470949e-07,16,1,3,0,2.02879392946181e-15,4.81819029118924e-11,128,0
45,wave,apv,wave,v*dy(eta),7.61504409513196e-07,16,1,3,0,1.4942608947208e-15,9.42930178382539e-11,128,0
45,wave,apv,wave,w*dz(eta),7.82566211476634e-07,16,1,2,0,1.05001871773644e-15,1.6474299702196e-10,128,0
45,wave,apv,wave,w*eta*dlogN2,8.75830664491627e-07,16,1,3,0,1.60208741133249e-15,9.21440701517895e-11,128,0
45,apv,wave,wave,u*dx(u),6.11488274292633e-06,2,0,16,1,2.03658132667694e-15,2.90596807710433e-11,128,0
45,apv,wave,wave,v*dy(u),0,-1,0,1,1,0,0,0,128
45,apv,wave,wave,w*dz(u),0,-1,0,1,1,0,0,0,128
45,apv,wave,wave,u*dx(v),6.06469649381617e-06,2,0,16,1,1.60243762763766e-15,2.59118282386339e-11,128,0
45,apv,wave,wave,v*dy(v),0,-1,0,1,1,0,0,0,128
45,apv,wave,wave,w*dz(v),0,-1,0,1,1,0,0,0,128
45,apv,wave,wave,u*dx(w),1.13079285563823e-08,2,0,16,1,4.44089209850063e-16,3.30999672115695e-11,128,0
45,apv,wave,wave,v*dy(w),0,-1,0,1,1,0,0,0,128
45,apv,wave,wave,w*dz(w),0,-1,0,1,1,0,0,0,128
45,apv,wave,wave,u*dx(eta),7.82566350962139e-07,2,0,16,1,1.1256131765389e-15,2.14507300810851e-11,128,0
45,apv,wave,wave,v*dy(eta),0,-1,0,1,1,0,0,0,128
45,apv,wave,wave,w*dz(eta),0,-1,0,1,1,0,0,0,128
45,apv,wave,wave,w*eta*dlogN2,0,-1,0,1,1,0,0,0,128
45,wave,boundary,wave,u*dx(u),3.47561675699225e-07,16,1,2,0,1.75584275627784e-15,4.66326384713108e-11,64,0
45,wave,boundary,wave,v*dy(u),3.47561674678779e-07,16,1,2,0,1.55917698321749e-15,9.26840826309672e-11,64,0
45,wave,boundary,wave,w*dz(u),5.64932947170383e-07,16,1,2,0,1.77684755002254e-15,9.22142362469458e-11,64,0
45,wave,boundary,wave,u*dx(v),3.44548352510945e-07,16,1,2,0,1.49721142153581e-15,4.65731897492105e-11,64,0
45,wave,boundary,wave,v*dy(v),3.44548353444934e-07,16,1,2,0,2.03810925774004e-15,9.26843046755721e-11,64,0
45,wave,boundary,wave,w*dz(v),5.60462916490692e-07,16,1,2,0,1.64591463060639e-15,9.22142362469458e-11,64,0
45,wave,boundary,wave,u*dx(w),0,1,1,1,0,0,0,0,64
45,wave,boundary,wave,v*dy(w),0,1,1,1,0,0,0,0,64
45,wave,boundary,wave,w*dz(w),0,1,1,1,0,0,0,0,64
45,wave,boundary,wave,u*dx(eta),6.96177028376505e-08,16,1,2,0,4.44089209850063e-16,4.65700811247416e-11,64,0
45,wave,boundary,wave,v*dy(eta),6.96177028311791e-08,16,1,2,0,7.12693423661805e-16,9.26811960511031e-11,64,0
45,wave,boundary,wave,w*dz(eta),4.70815770924054e-08,16,1,2,0,9.87072130221093e-16,9.22466547592649e-11,64,0
45,wave,boundary,wave,w*eta*dlogN2,4.54764382965353e-08,16,1,1,0,7.43855794268313e-16,9.22129039793163e-11,64,0
45,boundary,wave,wave,u*dx(u),1.34504647286039e-06,2,0,16,1,1.94740645004026e-15,2.536656488023e-11,64,0
45,boundary,wave,wave,v*dy(u),0,1,0,1,1,0,0,0,64
45,boundary,wave,wave,w*dz(u),0,1,0,1,1,0,0,0,64
45,boundary,wave,wave,u*dx(v),1.33418001732866e-06,2,0,16,1,1.52681411781952e-15,2.53405074701618e-11,64,0
45,boundary,wave,wave,v*dy(v),0,1,0,1,1,0,0,0,64
45,boundary,wave,wave,w*dz(v),0,1,0,1,1,0,0,0,64
45,boundary,wave,wave,u*dx(w),2.48613809010577e-09,1,0,16,1,4.44089209850063e-16,2.55794274650611e-11,64,0
45,boundary,wave,wave,v*dy(w),0,1,0,1,1,0,0,0,64
45,boundary,wave,wave,w*dz(w),0,1,0,1,1,0,0,0,64
45,boundary,wave,wave,u*dx(eta),1.72894489691571e-07,2,0,16,1,9.98461847663241e-16,1.27681198947016e-11,64,0
45,boundary,wave,wave,v*dy(eta),0,1,0,1,1,0,0,0,64
45,boundary,wave,wave,w*dz(eta),0,1,0,1,1,0,0,0,64
45,boundary,wave,wave,w*eta*dlogN2,0,1,0,1,1,0,0,0,64
45,apv,boundary,wave,u*dx(u),3.1233571417967e-13,3,0,1,0,1.72252287325776e-15,3.03222570664292e-11,8,0
45,apv,boundary,wave,v*dy(u),0,-1,0,1,0,0,0,0,8
45,apv,boundary,wave,w*dz(u),0,-1,0,1,0,0,0,0,8
45,apv,boundary,wave,u*dx(v),3.95648741960594e-14,3,0,1,0,1.33772665190494e-15,2.99871238951255e-11,8,0
45,apv,boundary,wave,v*dy(v),0,-1,0,1,0,0,0,0,8
45,apv,boundary,wave,w*dz(v),0,-1,0,1,0,0,0,0,8
45,apv,boundary,wave,u*dx(w),0,-1,0,1,0,0,0,0,8
45,apv,boundary,wave,v*dy(w),0,-1,0,1,0,0,0,0,8
45,apv,boundary,wave,w*dz(w),0,-1,0,1,0,0,0,0,8
45,apv,boundary,wave,u*dx(eta),6.76841675486985e-15,3,0,2,0,5.89388063078187e-16,2.89019919108569e-11,8,0
45,apv,boundary,wave,v*dy(eta),0,-1,0,1,0,0,0,0,8
45,apv,boundary,wave,w*dz(eta),0,-1,0,1,0,0,0,0,8
45,apv,boundary,wave,w*eta*dlogN2,0,-1,0,1,0,0,0,0,8
45,boundary,apv,wave,u*dx(u),2.68453191667652e-13,1,0,3,0,1.36153593550084e-15,2.58968547239881e-11,8,0
45,boundary,apv,wave,v*dy(u),0,1,0,-1,0,0,0,0,8
45,boundary,apv,wave,w*dz(u),0,1,0,-1,0,0,0,0,8
45,boundary,apv,wave,u*dx(v),8.81198777043359e-14,2,0,3,0,8.08789496594524e-16,2.41011655077727e-11,8,0
45,boundary,apv,wave,v*dy(v),0,1,0,-1,0,0,0,0,8
45,boundary,apv,wave,w*dz(v),0,1,0,-1,0,0,0,0,8
45,boundary,apv,wave,u*dx(w),0,1,0,-1,0,0,0,0,8
45,boundary,apv,wave,v*dy(w),0,1,0,-1,0,0,0,0,8
45,boundary,apv,wave,w*dz(w),0,1,0,-1,0,0,0,0,8
45,boundary,apv,wave,u*dx(eta),3.8508195024653e-14,2,0,-1,0,1.44329572889521e-15,4.5244918922549e-11,8,0
45,boundary,apv,wave,v*dy(eta),0,1,0,-1,0,0,0,0,8
45,boundary,apv,wave,w*dz(eta),0,1,0,-1,0,0,0,0,8
45,boundary,apv,wave,w*eta*dlogN2,0,1,0,-1,0,0,0,0,8
45,boundary,boundary,wave,u*dx(u),3.11142699473771e-13,1,0,1,0,1.38858177720699e-15,4.33076202926791e-11,4,0
45,boundary,boundary,wave,v*dy(u),0,1,0,1,0,0,0,0,4
45,boundary,boundary,wave,w*dz(u),0,1,0,1,0,0,0,0,4
45,boundary,boundary,wave,u*dx(v),3.25038742836682e-14,1,0,1,0,9.46770679640853e-16,1.60814717286181e-11,4,0
45,boundary,boundary,wave,v*dy(v),0,1,0,1,0,0,0,0,4
45,boundary,boundary,wave,w*dz(v),0,1,0,1,0,0,0,0,4
45,boundary,boundary,wave,u*dx(w),0,1,0,1,0,0,0,0,4
45,boundary,boundary,wave,v*dy(w),0,1,0,1,0,0,0,0,4
45,boundary,boundary,wave,w*dz(w),0,1,0,1,0,0,0,0,4
45,boundary,boundary,wave,u*dx(eta),2.74259393528584e-14,1,0,2,0,5.09679128814255e-16,9.34896604576352e-12,4,0
45,boundary,boundary,wave,v*dy(eta),0,1,0,1,0,0,0,0,4
45,boundary,boundary,wave,w*dz(eta),0,1,0,1,0,0,0,0,4
45,boundary,boundary,wave,w*eta*dlogN2,0,1,0,1,0,0,0,0,4
25,wave,wave,wave,u*dx(u),1.02503569935793e-05,15,-1,16,1,2.29477974136549e-15,3.82170961543693e-11,640,0
25,wave,wave,wave,v*dy(u),1.02503569936077e-05,15,1,16,1,2.15526489714184e-15,3.82188725112087e-11,640,0
25,wave,wave,wave,w*dz(u),1.02499412326638e-05,16,1,15,1,9.94959466956348e-15,1.66979565050521e-06,640,0
25,wave,wave,wave,u*dx(v),1.00242504087221e-05,15,1,16,1,2.01191559634271e-15,3.82155418421348e-11,640,0
25,wave,wave,wave,v*dy(v),1.00242504086889e-05,15,-1,16,1,2.1949927536534e-15,3.82169851320668e-11,640,0
25,wave,wave,wave,w*dz(v),1.00233706584505e-05,16,1,15,1,8.97976827968686e-15,1.59768073690778e-06,640,0
25,wave,wave,wave,u*dx(w),6.71092320092244e-08,15,1,16,1,6.66133814775094e-16,3.77963216280364e-11,640,0
25,wave,wave,wave,v*dy(w),6.71092320105558e-08,15,1,16,1,8.88178419700125e-16,3.77980979848758e-11,640,0
25,wave,wave,wave,w*dz(w),6.71091524944823e-08,16,1,15,1,6.66133814775094e-16,3.85192988616723e-11,640,0
25,wave,wave,wave,u*dx(eta),3.1332209284993e-06,16,1,16,1,1.09184447772381e-15,2.48560061422154e-11,640,0
25,wave,wave,wave,v*dy(eta),3.13322092849467e-06,16,1,16,1,1.01503673555504e-15,2.48574494321474e-11,640,0
25,wave,wave,wave,w*dz(eta),3.13322162822022e-06,16,1,16,1,1.066459023075e-15,2.55495624656987e-11,640,0
25,wave,wave,wave,w*eta*dlogN2,3.12623263618012e-06,16,1,16,1,1.02058371085908e-15,2.53961296436955e-11,640,0
25,wave,apv,wave,u*dx(u),6.11488841136119e-06,16,1,2,0,1.94665648878022e-15,1.75166314172896e-11,128,0
25,wave,apv,wave,v*dy(u),6.11488841141339e-06,16,1,2,0,1.8748177347508e-15,1.75181491225817e-11,128,0
25,wave,apv,wave,w*dz(u),5.52938383867194e-06,16,1,3,0,1.90460205667456e-15,4.96777063929699e-11,128,0
25,wave,apv,wave,u*dx(v),6.10222227227939e-06,16,1,2,0,1.69029390597463e-15,1.26515914512729e-11,128,0
25,wave,apv,wave,v*dy(v),6.10222227224733e-06,16,1,2,0,1.95210361096821e-15,1.26509470875689e-11,128,0
25,wave,apv,wave,w*dz(v),5.51608297636207e-06,16,1,3,0,1.87332076754516e-15,4.96775953706674e-11,128,0
25,wave,apv,wave,u*dx(w),0,1,1,-1,0,0,0,0,128
25,wave,apv,wave,v*dy(w),0,1,1,-1,0,0,0,0,128
25,wave,apv,wave,w*dz(w),0,1,1,-1,0,0,0,0,128
25,wave,apv,wave,u*dx(eta),3.83551642444948e-07,16,1,3,0,9.32081035041526e-16,5.00782748602546e-11,128,0
25,wave,apv,wave,v*dy(eta),3.83551642457704e-07,16,1,3,0,1.06339800548074e-15,5.00798291724891e-11,128,0
25,wave,apv,wave,w*dz(eta),3.93748907370596e-07,16,1,2,0,5.7400505806344e-16,2.69452460344155e-10,128,0
25,wave,apv,wave,w*eta*dlogN2,4.40907226873934e-07,16,1,3,0,6.0341134025759e-16,4.97395458154415e-11,128,0
25,apv,wave,wave,u*dx(u),6.11488988057516e-06,2,0,16,1,1.78075331729826e-15,2.90102254089306e-11,128,0
25,apv,wave,wave,v*dy(u),6.11488988066755e-06,2,0,16,1,1.84838730074776e-15,2.90102217532883e-11,128,0
25,apv,wave,wave,w*dz(u),0,-1,0,1,1,0,0,0,128
25,apv,wave,wave,u*dx(v),6.10222373613753e-06,2,0,16,1,2.15416642877953e-15,2.59118282386339e-11,128,0
25,apv,wave,wave,v*dy(v),6.10222373614139e-06,2,0,16,1,2.04090690455039e-15,2.59117172163315e-11,128,0
25,apv,wave,wave,w*dz(v),0,-1,0,1,1,0,0,0,128
25,apv,wave,wave,u*dx(w),5.65397094647922e-09,2,0,16,1,4.44089209850063e-16,3.30999672115695e-11,128,0
25,apv,wave,wave,v*dy(w),5.65397094646414e-09,2,0,16,1,4.44089209850063e-16,3.30999672115695e-11,128,0
25,apv,wave,wave,w*dz(w),0,-1,0,1,1,0,0,0,128
25,apv,wave,wave,u*dx(eta),3.93748953386543e-07,2,0,16,1,8.25585911925599e-16,2.14507300810851e-11,128,0
25,apv,wave,wave,v*dy(eta),3.93748953385921e-07,2,0,16,1,7.43378726444274e-16,2.14506190587826e-11,128,0
25,apv,wave,wave,w*dz(eta),0,-1,0,1,1,0,0,0,128
25,apv,wave,wave,w*eta*dlogN2,0,-1,0,1,1,0,0,0,128
25,wave,boundary,wave,u*dx(u),3.47560329987099e-07,16,1,2,0,1.90994200181604e-15,1.4574468458978e-11,64,0
25,wave,boundary,wave,v*dy(u),3.47560329911008e-07,16,1,2,0,1.85890515449978e-15,1.45756854707275e-11,64,0
25,wave,boundary,wave,w*dz(u),5.64935228368563e-07,16,1,2,0,1.73964731793357e-15,1.3088197192701e-11,64,0
25,wave,boundary,wave,u*dx(v),3.46799519302494e-07,16,1,2,0,1.92282632347022e-15,1.4108825219239e-11,64,0
25,wave,boundary,wave,v*dy(v),3.46799519336333e-07,16,1,2,0,1.68965139413814e-15,1.41103795314734e-11,64,0
25,wave,boundary,wave,w*dz(v),5.63807602383071e-07,16,1,2,0,1.4790899032443e-15,1.30885302596084e-11,64,0
25,wave,boundary,wave,u*dx(w),0,1,1,1,0,0,0,0,64
25,wave,boundary,wave,v*dy(w),0,1,1,1,0,0,0,0,64
25,wave,boundary,wave,w*dz(w),0,1,1,1,0,0,0,0,64
25,wave,boundary,wave,u*dx(eta),3.50179990400452e-08,16,1,2,0,7.7715611723761e-16,1.34250388583723e-11,64,0
25,wave,boundary,wave,v*dy(eta),3.50179990411118e-08,16,1,2,0,4.44089209850063e-16,1.34269262375142e-11,64,0
25,wave,boundary,wave,w*dz(eta),2.36953881950956e-08,16,1,2,0,8.88178419700125e-16,1.3123946374094e-11,64,0
25,wave,boundary,wave,w*eta*dlogN2,2.28878050234984e-08,16,1,1,0,6.66133814775094e-16,1.31432642547225e-11,64,0
25,boundary,wave,wave,u*dx(u),9.10949059220754e-07,2,0,16,1,2.12354207893366e-15,2.93299074864133e-11,64,0
25,boundary,wave,wave,v*dy(u),9.10949059272499e-07,2,0,16,1,2.02058948823286e-15,2.93299979480266e-11,64,0
25,boundary,wave,wave,w*dz(u),0,1,0,1,1,0,0,0,64
25,boundary,wave,wave,u*dx(v),9.09063153104395e-07,2,0,16,1,1.69695531170203e-15,2.90724111451368e-11,64,0
25,boundary,wave,wave,v*dy(v),9.0906315315463e-07,2,0,16,1,1.72549442071718e-15,2.90723001228343e-11,64,0
25,boundary,wave,wave,w*dz(v),0,1,0,1,1,0,0,0,64
25,boundary,wave,wave,u*dx(w),8.51337047646309e-10,1,0,16,1,4.44089209850063e-16,2.8528290840768e-11,64,0
25,boundary,wave,wave,v*dy(w),8.51337047767798e-10,1,0,16,1,4.44089209850063e-16,2.8528290840768e-11,64,0
25,boundary,wave,wave,w*dz(w),0,1,0,1,1,0,0,0,64
25,boundary,wave,wave,u*dx(eta),5.96608865457166e-08,2,0,16,1,6.66133814775094e-16,1.54699586474294e-11,64,0
25,boundary,wave,wave,v*dy(eta),5.96608865469447e-08,2,0,16,1,5.82128953758158e-16,1.54700696697319e-11,64,0
25,boundary,wave,wave,w*dz(eta),0,1,0,1,1,0,0,0,64
25,boundary,wave,wave,w*eta*dlogN2,0,1,0,1,1,0,0,0,64
25,apv,boundary,wave,u*dx(u),3.52980936945826e-13,3,0,1,0,1.50749050388209e-15,3.02147368126632e-11,8,0
25,apv,boundary,wave,v*dy(u),3.53019854147986e-13,3,0,1,0,1.58167295176129e-15,3.02146813021478e-11,8,0
25,apv,boundary,wave,w*dz(u),0,-1,0,1,0,0,0,0,8
25,apv,boundary,wave,u*dx(v),3.83471124814853e-14,3,0,1,0,1.19791184789919e-15,2.99871238951255e-11,8,0
25,apv,boundary,wave,v*dy(v),3.83340135415786e-14,3,0,1,0,1.17840383664338e-15,2.99869018505206e-11,8,0
25,apv,boundary,wave,w*dz(v),0,-1,0,1,0,0,0,0,8
25,apv,boundary,wave,u*dx(w),0,-1,0,1,0,0,0,0,8
25,apv,boundary,wave,v*dy(w),0,-1,0,1,0,0,0,0,8
25,apv,boundary,wave,w*dz(w),0,-1,0,1,0,0,0,0,8
25,apv,boundary,wave,u*dx(eta),4.3043959173508e-15,-1,0,2,0,3.69915270221376e-16,2.89019919108569e-11,8,0
25,apv,boundary,wave,v*dy(eta),4.29063370906332e-15,-1,0,2,0,3.45677444746116e-16,2.89019919108569e-11,8,0
25,apv,boundary,wave,w*dz(eta),0,-1,0,1,0,0,0,0,8
25,apv,boundary,wave,w*eta*dlogN2,0,-1,0,1,0,0,0,0,8
25,boundary,apv,wave,u*dx(u),3.16959375713132e-13,1,0,3,0,1.69555150391492e-15,2.67465112474027e-11,8,0
25,boundary,apv,wave,v*dy(u),3.16982647058748e-13,1,0,3,0,1.56911050424048e-15,2.67465956932503e-11,8,0
25,boundary,apv,wave,w*dz(u),0,1,0,-1,0,0,0,0,8
25,boundary,apv,wave,u*dx(v),6.98687828528603e-14,2,0,3,0,1.00851304065165e-15,2.54369858510017e-11,8,0
25,boundary,apv,wave,v*dy(v),6.98548440477284e-14,2,0,3,0,9.61223763324786e-16,2.54369858510017e-11,8,0
25,boundary,apv,wave,w*dz(v),0,1,0,-1,0,0,0,0,8
25,boundary,apv,wave,u*dx(w),0,1,0,-1,0,0,0,0,8
25,boundary,apv,wave,v*dy(w),0,1,0,-1,0,0,0,0,8
25,boundary,apv,wave,w*dz(w),0,1,0,-1,0,0,0,0,8
25,boundary,apv,wave,u*dx(eta),2.35341578959491e-14,2,0,-1,0,1.14448647854867e-15,4.78266315440123e-11,8,0
25,boundary,apv,wave,v*dy(eta),2.35481307845033e-14,2,0,-1,0,1.04883174268569e-15,4.78265205217099e-11,8,0
25,boundary,apv,wave,w*dz(eta),0,1,0,-1,0,0,0,0,8
25,boundary,apv,wave,w*eta*dlogN2,0,1,0,-1,0,0,0,0,8
25,boundary,boundary,wave,u*dx(u),3.73582709074888e-13,1,0,1,0,1.89300600862226e-15,1.30987665243797e-10,4,0
25,boundary,boundary,wave,v*dy(u),3.73589734821866e-13,1,0,1,0,1.93091115331627e-15,1.30987848519852e-10,4,0
25,boundary,boundary,wave,w*dz(u),0,1,0,1,0,0,0,0,4
25,boundary,boundary,wave,u*dx(v),3.35194363692533e-14,1,0,1,0,1.1819673085837e-15,1.08587694391815e-10,4,0
25,boundary,boundary,wave,v*dy(v),3.34967683410708e-14,1,0,1,0,1.16775274268778e-15,1.08587805414118e-10,4,0
25,boundary,boundary,wave,w*dz(v),0,1,0,1,0,0,0,0,4
25,boundary,boundary,wave,u*dx(w),0,1,0,1,0,0,0,0,4
25,boundary,boundary,wave,v*dy(w),0,1,0,1,0,0,0,0,4
25,boundary,boundary,wave,w*dz(w),0,1,0,1,0,0,0,0,4
25,boundary,boundary,wave,u*dx(eta),3.30615068070165e-14,1,0,2,0,3.74342771984446e-16,1.19156795541642e-10,4,0
25,boundary,boundary,wave,v*dy(eta),3.30445300353928e-14,1,0,2,0,3.84903100115185e-16,1.19156684519339e-10,4,0
25,boundary,boundary,wave,w*dz(eta),0,1,0,1,0,0,0,0,4
25,boundary,boundary,wave,w*eta*dlogN2,0,1,0,1,0,0,0,0,4
31,wave,wave,wave,u*dx(u),9.86505543453797e-06,15,1,16,1,1.96858247433718e-15,7.26698701214445e-11,640,0
31,wave,wave,wave,v*dy(u),9.86505543456358e-06,15,1,16,1,1.98817952416227e-15,4.25464108388951e-11,640,0
31,wave,wave,wave,w*dz(u),9.86397424905475e-06,15,1,16,1,3.58026315771068e-14,6.95626587943403e-06,640,0
31,wave,wave,wave,u*dx(v),1.0250294785454e-05,15,1,16,1,2.05927906799892e-15,7.2671424433679e-11,640,0
31,wave,wave,wave,v*dy(v),1.02502947852426e-05,15,1,16,1,2.004114138354e-15,4.25477431065246e-11,640,0
31,wave,wave,wave,w*dz(v),1.02498793923506e-05,16,1,15,1,3.78533510207011e-14,7.41069911858596e-06,640,0
31,wave,wave,wave,u*dx(w),9.39247495877203e-08,15,1,16,1,7.7715611723761e-16,7.28175297837197e-11,640,0
31,wave,wave,wave,v*dy(w),9.39247495943106e-08,15,1,16,1,6.66133814775094e-16,4.26936264119604e-11,640,0
31,wave,wave,wave,w*dz(w),9.39246769867695e-08,16,1,15,1,6.66133814775094e-16,7.23243687161812e-11,640,0
31,wave,wave,wave,u*dx(eta),4.12643491290844e-06,16,1,16,1,1.29229476833205e-15,6.65472121852417e-11,640,0
31,wave,wave,wave,v*dy(eta),4.12643491289141e-06,16,1,16,1,1.24306485708313e-15,3.64237529026923e-11,640,0
31,wave,wave,wave,w*dz(eta),4.12643550194704e-06,16,1,16,1,1.31757393953282e-15,6.60839161170657e-11,640,0
31,wave,wave,wave,w*eta*dlogN2,3.78139572641854e-06,16,1,16,1,1.0826382916868e-15,6.66002808458188e-11,640,0
31,wave,apv,wave,u*dx(u),6.09013509916986e-06,16,1,2,0,1.51312118666501e-15,6.0301430515608e-11,128,0
31,wave,apv,wave,v*dy(u),6.09013509881676e-06,16,1,2,0,1.95518165580858e-15,3.01779712330585e-11,128,0
31,wave,apv,wave,w*dz(u),5.50340273977104e-06,16,1,3,0,2.58143436319498e-15,9.74951230858778e-11,128,0
31,wave,apv,wave,u*dx(v),6.11488516676745e-06,16,1,2,0,1.75823282047792e-15,6.14954426413945e-11,128,0
31,wave,apv,wave,v*dy(v),6.11488516690539e-06,16,1,2,0,1.84922151634106e-15,3.26766931832777e-11,128,0
31,wave,apv,wave,w*dz(v),5.5293796358422e-06,16,1,3,0,1.96920755015853e-15,9.74952341081803e-11,128,0
31,wave,apv,wave,u*dx(w),0,1,1,-1,0,0,0,0,128
31,wave,apv,wave,v*dy(w),0,1,1,-1,0,0,0,0,128
31,wave,apv,wave,w*dz(w),0,1,1,-1,0,0,0,0,128
31,wave,apv,wave,u*dx(eta),5.35708143595813e-07,16,1,3,0,7.70182218785719e-16,9.82535164339993e-11,128,0
31,wave,apv,wave,v*dy(eta),5.35708143557653e-07,16,1,3,0,7.54027314523727e-16,6.812961306224e-11,128,0
31,wave,apv,wave,w*dz(eta),5.50136418626122e-07,16,1,2,0,9.26104948074039e-16,3.17190940180012e-10,128,0
31,wave,apv,wave,w*eta*dlogN2,6.15919944384019e-07,16,1,3,0,9.05407968183555e-16,9.75414193860047e-11,128,0
31,apv,wave,wave,u*dx(u),0,-1,0,1,1,0,0,0,128
31,apv,wave,wave,v*dy(u),6.09013605278564e-06,2,0,16,1,1.54954357224969e-15,1.24964483205758e-11,128,0
31,apv,wave,wave,w*dz(u),0,-1,0,1,1,0,0,0,128
31,apv,wave,wave,u*dx(v),0,-1,0,1,1,0,0,0,128
31,apv,wave,wave,v*dy(v),6.11488612728467e-06,2,0,16,1,1.88092003015125e-15,1.7469471364501e-11,128,0
31,apv,wave,wave,w*dz(v),0,-1,0,1,1,0,0,0,128
31,apv,wave,wave,u*dx(w),0,-1,0,1,1,0,0,0,128
31,apv,wave,wave,v*dy(w),7.91555461897767e-09,2,0,16,1,4.44089209850063e-16,1.98041583132635e-11,128,0
31,apv,wave,wave,w*dz(w),0,-1,0,1,1,0,0,0,128
31,apv,wave,wave,u*dx(eta),0,-1,0,1,1,0,0,0,128
31,apv,wave,wave,v*dy(eta),5.5013644638847e-07,2,0,16,1,7.18691240644766e-16,1.48425716162137e-11,128,0
31,apv,wave,wave,w*dz(eta),0,-1,0,1,1,0,0,0,128
31,apv,wave,wave,w*eta*dlogN2,0,-1,0,1,1,0,0,0,128
31,wave,boundary,wave,u*dx(u),9.07254196784908e-07,16,1,2,0,1.29721349857298e-15,6.33220142987057e-11,64,0
31,wave,boundary,wave,v*dy(u),9.07254197672101e-07,16,1,2,0,2.05161579555363e-15,3.31984439938537e-11,64,0
31,wave,boundary,wave,w*dz(u),9.52774274499015e-07,16,1,2,0,1.68128060116247e-15,6.02855543263559e-11,64,0
31,wave,boundary,wave,u*dx(v),9.10939440820876e-07,16,1,2,0,1.59631256347988e-15,6.33220142987057e-11,64,0
31,wave,boundary,wave,v*dy(v),9.10939441145556e-07,16,1,2,0,1.49603604492257e-15,3.33329703220678e-11,64,0
31,wave,boundary,wave,w*dz(v),9.5658380297499e-07,16,1,2,0,2.65442989971965e-15,6.02854433040534e-11,64,0
31,wave,boundary,wave,u*dx(w),0,1,1,1,0,0,0,0,64
31,wave,boundary,wave,v*dy(w),0,1,1,1,0,0,0,0,64
31,wave,boundary,wave,w*dz(w),0,1,1,1,0,0,0,0,64
31,wave,boundary,wave,u*dx(eta),8.45726674422711e-08,16,1,2,0,4.24863154544913e-16,6.01462213367654e-11,64,0
31,wave,boundary,wave,v*dy(eta),8.45726674485146e-08,16,1,2,0,5.57656605382534e-16,3.00228730765184e-11,64,0
31,wave,boundary,wave,w*dz(eta),8.33581139574744e-08,16,1,2,0,1.32337190918111e-15,6.02990990472563e-11,64,0
31,wave,boundary,wave,w*eta*dlogN2,8.13076242395457e-08,16,1,1,0,9.37674492728659e-16,6.0286553527078e-11,64,0
31,boundary,wave,wave,u*dx(u),0,1,0,1,1,0,0,0,64
31,boundary,wave,wave,v*dy(u),2.06908083165237e-06,2,0,16,1,1.96474509190829e-15,1.34759980952026e-11,64,0
31,boundary,wave,wave,w*dz(u),0,1,0,1,1,0,0,0,64
31,boundary,wave,wave,u*dx(v),0,1,0,1,1,0,0,0,64
31,boundary,wave,wave,v*dy(v),2.07724591385546e-06,2,0,16,1,1.73211197515223e-15,1.36094718508458e-11,64,0
31,boundary,wave,wave,w*dz(v),0,1,0,1,1,0,0,0,64
31,boundary,wave,wave,u*dx(w),0,1,0,1,1,0,0,0,64
31,boundary,wave,wave,v*dy(w),2.67193414721951e-09,1,0,16,1,4.44089209850063e-16,1.38723477149938e-11,64,0
31,boundary,wave,wave,w*dz(w),0,1,0,1,1,0,0,0,64
31,boundary,wave,wave,u*dx(eta),0,1,0,1,1,0,0,0,64
31,boundary,wave,wave,v*dy(eta),1.85462948953815e-07,2,0,16,1,9.10723222318047e-16,7.77833353282631e-12,64,0
31,boundary,wave,wave,w*dz(eta),0,1,0,1,1,0,0,0,64
31,boundary,wave,wave,w*eta*dlogN2,0,1,0,1,1,0,0,0,64
31,apv,boundary,wave,u*dx(u),0,-1,0,1,0,0,0,0,8
31,apv,boundary,wave,v*dy(u),6.95297222602455e-14,3,0,2,0,8.81245424797161e-16,2.54369858510017e-11,8,0
31,apv,boundary,wave,w*dz(u),0,-1,0,1,0,0,0,0,8
31,apv,boundary,wave,u*dx(v),0,-1,0,1,0,0,0,0,8
31,apv,boundary,wave,v*dy(v),2.74031596200696e-13,3,0,1,0,1.73584443630106e-15,2.66298989016492e-11,8,0
31,apv,boundary,wave,w*dz(v),0,-1,0,1,0,0,0,0,8
31,apv,boundary,wave,u*dx(w),0,-1,0,1,0,0,0,0,8
31,apv,boundary,wave,v*dy(w),0,-1,0,1,0,0,0,0,8
31,apv,boundary,wave,w*dz(w),0,-1,0,1,0,0,0,0,8
31,apv,boundary,wave,u*dx(eta),0,-1,0,1,0,0,0,0,8
31,apv,boundary,wave,v*dy(eta),3.93046719122708e-15,3,0,1,0,6.51611187957551e-16,2.6416646647931e-11,8,0
31,apv,boundary,wave,w*dz(eta),0,-1,0,1,0,0,0,0,8
31,apv,boundary,wave,w*eta*dlogN2,0,-1,0,1,0,0,0,0,8
31,boundary,apv,wave,u*dx(u),0,1,0,-1,0,0,0,0,8
31,boundary,apv,wave,v*dy(u),9.51828863905888e-14,1,0,3,0,1.19743522403261e-15,1.78101977610368e-11,8,0
31,boundary,apv,wave,w*dz(u),0,1,0,-1,0,0,0,0,8
31,boundary,apv,wave,u*dx(v),0,1,0,-1,0,0,0,0,8
31,boundary,apv,wave,v*dy(v),2.37507311998683e-13,1,0,3,0,1.05027008314515e-15,2.225190399636e-11,8,0
31,boundary,apv,wave,w*dz(v),0,1,0,-1,0,0,0,0,8
31,boundary,apv,wave,u*dx(w),0,1,0,-1,0,0,0,0,8
31,boundary,apv,wave,v*dy(w),0,1,0,-1,0,0,0,0,8
31,boundary,apv,wave,w*dz(w),0,1,0,-1,0,0,0,0,8
31,boundary,apv,wave,u*dx(eta),0,1,0,-1,0,0,0,0,8
31,boundary,apv,wave,v*dy(eta),2.65505933479469e-14,2,0,-1,0,6.00753648631914e-16,4.34245972513736e-11,8,0
31,boundary,apv,wave,w*dz(eta),0,1,0,-1,0,0,0,0,8
31,boundary,apv,wave,w*eta*dlogN2,0,1,0,-1,0,0,0,0,8
31,boundary,boundary,wave,u*dx(u),0,1,0,1,0,0,0,0,4
31,boundary,boundary,wave,v*dy(u),2.35711012063627e-14,1,0,1,0,7.28546551229824e-16,9.17610432082938e-12,4,0
31,boundary,boundary,wave,w*dz(u),0,1,0,1,0,0,0,0,4
31,boundary,boundary,wave,u*dx(v),0,1,0,1,0,0,0,0,4
31,boundary,boundary,wave,v*dy(v),2.56709654864427e-13,1,0,1,0,1.07948819748174e-15,2.00768701359513e-11,4,0
31,boundary,boundary,wave,w*dz(v),0,1,0,1,0,0,0,0,4
31,boundary,boundary,wave,u*dx(w),0,1,0,1,0,0,0,0,4
31,boundary,boundary,wave,v*dy(w),0,1,0,1,0,0,0,0,4
31,boundary,boundary,wave,w*dz(w),0,1,0,1,0,0,0,0,4
31,boundary,boundary,wave,u*dx(eta),0,1,0,1,0,0,0,0,4
31,boundary,boundary,wave,v*dy(eta),4.32890731361275e-15,1,0,2,0,3.68963719036793e-16,3.24118509809068e-12,4,0
31,boundary,boundary,wave,w*dz(eta),0,1,0,1,0,0,0,0,4
31,boundary,boundary,wave,w*eta*dlogN2,0,1,0,1,0,0,0,0,4
44,wave,wave,wave,u*dx(u),9.97473101544253e-06,15,1,16,1,2.39892751230188e-15,4.66555682976377e-11,640,0
44,wave,wave,wave,v*dy(u),0,1,1,1,1,0,0,0,640
44,wave,wave,wave,w*dz(u),9.97400994390089e-06,16,1,15,1,2.49440864997095e-14,4.37010669156628e-06,640,0
44,wave,wave,wave,u*dx(v),9.67987940870656e-06,15,1,16,1,1.70114559089099e-15,4.66346961047748e-11,640,0
44,wave,wave,wave,v*dy(v),0,1,1,1,1,0,0,0,640
44,wave,wave,wave,w*dz(v),9.67881725447261e-06,16,1,15,1,2.36933918954524e-14,4.20271450693439e-06,640,0
44,wave,wave,wave,u*dx(w),1.63582186410052e-07,15,1,16,1,8.88178419700125e-16,4.65081306799675e-11,640,0
44,wave,wave,wave,v*dy(w),0,1,1,1,1,0,0,0,640
44,wave,wave,wave,w*dz(w),1.63582054651272e-07,16,1,15,1,7.7715611723761e-16,9.26456689143151e-11,640,0
44,wave,wave,wave,u*dx(eta),6.03804185800626e-06,16,1,16,1,2.11949416419429e-15,4.66262584097876e-11,640,0
44,wave,wave,wave,v*dy(eta),0,1,1,1,1,0,0,0,640
44,wave,wave,wave,w*dz(eta),6.03804272661392e-06,16,1,16,1,1.74409645188579e-15,9.26296817027605e-11,640,0
44,wave,wave,wave,w*eta*dlogN2,4.85934650534061e-06,16,1,16,1,1.56268724176128e-15,9.25621801428633e-11,640,0
44,wave,apv,wave,u*dx(u),0,1,1,-1,0,0,0,0,128
44,wave,apv,wave,v*dy(u),0,1,1,-1,0,0,0,0,128
44,wave,apv,wave,w*dz(u),0,1,1,-1,0,0,0,0,128
44,wave,apv,wave,u*dx(v),6.06509736737237e-06,16,1,2,0,1.7034744343145e-15,4.63042937326463e-11,128,0
44,wave,apv,wave,v*dy(v),0,1,1,-1,0,0,0,0,128
44,wave,apv,wave,w*dz(v),5.47725531677046e-06,16,1,3,0,1.93604515626526e-15,9.18782827596942e-11,128,0
44,wave,apv,wave,u*dx(w),0,1,1,-1,0,0,0,0,128
44,wave,apv,wave,v*dy(w),0,1,1,-1,0,0,0,0,128
44,wave,apv,wave,w*dz(w),0,1,1,-1,0,0,0,0,128
44,wave,apv,wave,u*dx(eta),9.25152909548962e-07,16,1,3,0,1.12020858495126e-15,4.81819029118924e-11,128,0
44,wave,apv,wave,v*dy(eta),0,1,1,-1,0,0,0,0,128
44,wave,apv,wave,w*dz(eta),9.51373295303564e-07,16,1,2,0,1.18913236482266e-15,1.6474299702196e-10,128,0
44,wave,apv,wave,w*eta*dlogN2,1.06439937248365e-06,16,1,3,0,9.23255774764249e-16,9.21440701517895e-11,128,0
44,apv,wave,wave,u*dx(u),6.09053635885763e-06,2,0,16,1,2.11832627088323e-15,3.25903748432665e-11,128,0
44,apv,wave,wave,v*dy(u),0,-1,0,1,1,0,0,0,128
44,apv,wave,wave,w*dz(u),0,-1,0,1,1,0,0,0,128
44,apv,wave,wave,u*dx(v),6.06509835079192e-06,2,0,16,1,1.62592235987297e-15,1.63618008031108e-11,128,0
44,apv,wave,wave,v*dy(v),0,-1,0,1,1,0,0,0,128
44,apv,wave,wave,w*dz(v),0,-1,0,1,1,0,0,0,128
44,apv,wave,wave,u*dx(w),1.38030732883285e-08,2,0,16,1,4.44089209850063e-16,3.97043509181572e-11,128,0
44,apv,wave,wave,v*dy(w),0,-1,0,1,1,0,0,0,128
44,apv,wave,wave,w*dz(w),0,-1,0,1,1,0,0,0,128
44,apv,wave,wave,u*dx(eta),9.5137334645087e-07,2,0,16,1,1.01888103817158e-15,2.47399878361421e-11,128,0
44,apv,wave,wave,v*dy(eta),0,-1,0,1,1,0,0,0,128
44,apv,wave,wave,w*dz(eta),0,-1,0,1,1,0,0,0,128
44,apv,wave,wave,w*eta*dlogN2,0,-1,0,1,1,0,0,0,128
44,wave,boundary,wave,u*dx(u),0,1,1,1,0,0,0,0,64
44,wave,boundary,wave,v*dy(u),0,1,1,1,0,0,0,0,64
44,wave,boundary,wave,w*dz(u),0,1,1,1,0,0,0,0,64
44,wave,boundary,wave,u*dx(v),6.28788142223094e-07,16,1,2,0,1.7706523951076e-15,4.73316941196344e-11,64,0
44,wave,boundary,wave,v*dy(v),0,1,1,1,0,0,0,0,64
44,wave,boundary,wave,w*dz(v),7.8136959007687e-07,16,1,2,0,1.58699345216838e-15,9.22171228268098e-11,64,0
44,wave,boundary,wave,u*dx(w),0,1,1,1,0,0,0,0,64
44,wave,boundary,wave,v*dy(w),0,1,1,1,0,0,0,0,64
44,wave,boundary,wave,w*dz(w),0,1,1,1,0,0,0,0,64
44,wave,boundary,wave,u*dx(eta),1.19388969402623e-07,16,1,2,0,5.55111512312578e-16,4.65691929463219e-11,64,0
44,wave,boundary,wave,v*dy(eta),0,1,1,1,0,0,0,0,64
44,wave,boundary,wave,w*dz(eta),1.01712985574049e-07,16,1,2,0,7.19729739816141e-16,9.2222451897328e-11,64,0
44,wave,boundary,wave,w*eta*dlogN2,9.88935229067459e-08,16,1,1,0,1.02838133312907e-15,9.22149023807606e-11,64,0
44,boundary,wave,wave,u*dx(u),1.33977318333966e-06,2,0,16,1,1.75601702851589e-15,3.22398774343924e-11,64,0
44,boundary,wave,wave,v*dy(u),0,1,0,1,1,0,0,0,64
44,boundary,wave,wave,w*dz(u),0,1,0,1,1,0,0,0,64
44,boundary,wave,wave,u*dx(v),1.33426432153195e-06,2,0,16,1,1.4434656900348e-15,1.60109703273292e-11,64,0
44,boundary,wave,wave,v*dy(v),0,1,0,1,1,0,0,0,64
44,boundary,wave,wave,w*dz(v),0,1,0,1,1,0,0,0,64
44,boundary,wave,wave,u*dx(w),3.03471508646752e-09,1,0,16,1,6.66133814775094e-16,3.22003534947157e-11,64,0
44,boundary,wave,wave,v*dy(w),0,1,0,1,1,0,0,0,64
44,boundary,wave,wave,w*dz(w),0,1,0,1,1,0,0,0,64
44,boundary,wave,wave,u*dx(eta),2.10211984758546e-07,2,0,16,1,1.45242523530874e-15,1.60690349915171e-11,64,0
44,boundary,wave,wave,v*dy(eta),0,1,0,1,1,0,0,0,64
44,boundary,wave,wave,w*dz(eta),0,1,0,1,1,0,0,0,64
44,boundary,wave,wave,w*eta*dlogN2,0,1,0,1,1,0,0,0,64
44,apv,boundary,wave,u*dx(u),0,-1,0,1,0,0,0,0,8
44,apv,boundary,wave,v*dy(u),0,-1,0,1,0,0,0,0,8
44,apv,boundary,wave,w*dz(u),0,-1,0,1,0,0,0,0,8
44,apv,boundary,wave,u*dx(v),1.71608547270554e-13,3,0,1,0,9.89791216483551e-16,2.9606539442284e-11,8,0
44,apv,boundary,wave,v*dy(v),0,-1,0,1,0,0,0,0,8
44,apv,boundary,wave,w*dz(v),0,-1,0,1,0,0,0,0,8
44,apv,boundary,wave,u*dx(w),0,-1,0,1,0,0,0,0,8
44,apv,boundary,wave,v*dy(w),0,-1,0,1,0,0,0,0,8
44,apv,boundary,wave,w*dz(w),0,-1,0,1,0,0,0,0,8
44,apv,boundary,wave,u*dx(eta),6.83569882063875e-15,3,0,1,0,6.69387374775935e-16,2.76294542800315e-11,8,0
44,apv,boundary,wave,v*dy(eta),0,-1,0,1,0,0,0,0,8
44,apv,boundary,wave,w*dz(eta),0,-1,0,1,0,0,0,0,8
44,apv,boundary,wave,w*eta*dlogN2,0,-1,0,1,0,0,0,0,8
44,boundary,apv,wave,u*dx(u),0,1,0,-1,0,0,0,0,8
44,boundary,apv,wave,v*dy(u),0,1,0,-1,0,0,0,0,8
44,boundary,apv,wave,w*dz(u),0,1,0,-1,0,0,0,0,8
44,boundary,apv,wave,u*dx(v),1.70532314517096e-13,1,0,3,0,1.45164760983465e-15,2.41011655077727e-11,8,0
44,boundary,apv,wave,v*dy(v),0,1,0,-1,0,0,0,0,8
44,boundary,apv,wave,w*dz(v),0,1,0,-1,0,0,0,0,8
44,boundary,apv,wave,u*dx(w),0,1,0,-1,0,0,0,0,8
44,boundary,apv,wave,v*dy(w),0,1,0,-1,0,0,0,0,8
44,boundary,apv,wave,w*dz(w),0,1,0,-1,0,0,0,0,8
44,boundary,apv,wave,u*dx(eta),4.38452479114832e-14,2,0,1,0,1.22645834520296e-15,4.5244918922549e-11,8,0
44,boundary,apv,wave,v*dy(eta),0,1,0,-1,0,0,0,0,8
44,boundary,apv,wave,w*dz(eta),0,1,0,-1,0,0,0,0,8
44,boundary,apv,wave,w*eta*dlogN2,0,1,0,-1,0,0,0,0,8
44,boundary,boundary,wave,u*dx(u),0,1,0,1,0,0,0,0,4
44,boundary,boundary,wave,v*dy(u),0,1,0,1,0,0,0,0,4
44,boundary,boundary,wave,w*dz(u),0,1,0,1,0,0,0,0,4
44,boundary,boundary,wave,u*dx(v),1.75627034539022e-13,1,0,1,0,9.37222139213395e-16,1.6828982651873e-11,4,0
44,boundary,boundary,wave,v*dy(v),0,1,0,1,0,0,0,0,4
44,boundary,boundary,wave,w*dz(v),0,1,0,1,0,0,0,0,4
44,boundary,boundary,wave,u*dx(w),0,1,0,1,0,0,0,0,4
44,boundary,boundary,wave,v*dy(w),0,1,0,1,0,0,0,0,4
44,boundary,boundary,wave,w*dz(w),0,1,0,1,0,0,0,0,4
44,boundary,boundary,wave,u*dx(eta),2.10201798264369e-14,1,0,2,0,4.91366540689641e-16,8.18700662819083e-12,4,0
44,boundary,boundary,wave,v*dy(eta),0,1,0,1,0,0,0,0,4
44,boundary,boundary,wave,w*dz(eta),0,1,0,1,0,0,0,0,4
44,boundary,boundary,wave,w*eta*dlogN2,0,1,0,1,0,0,0,0,4
4,wave,wave,wave,u*dx(u),9.86505388745349e-06,16,1,15,1,1.72480791467961e-15,5.82911496849192e-11,640,0
4,wave,wave,wave,v*dy(u),0,1,1,1,1,0,0,0,640
4,wave,wave,wave,w*dz(u),9.86397289911702e-06,16,1,15,1,2.32378358252135e-14,4.2498425796412e-06,640,0
4,wave,wave,wave,u*dx(v),1.02502941868428e-05,16,1,15,1,1.97798535127712e-15,4.20621315555536e-11,640,0
4,wave,wave,wave,v*dy(v),0,1,1,1,1,0,0,0,640
4,wave,wave,wave,w*dz(v),1.02498790528693e-05,16,1,15,1,2.72182794058657e-14,4.52846948145707e-06,640,0
4,wave,wave,wave,u*dx(w),9.39247862098441e-08,15,1,16,1,6.66133814775094e-16,5.83172399259979e-11,640,0
4,wave,wave,wave,v*dy(w),0,1,1,1,1,0,0,0,640
4,wave,wave,wave,w*dz(w),9.39248588359291e-08,16,1,15,1,7.7715611723761e-16,5.84036152773137e-11,640,0
4,wave,wave,wave,u*dx(eta),4.12644133702014e-06,16,1,16,1,9.51797952508887e-16,4.20877777074224e-11,640,0
4,wave,wave,wave,v*dy(eta),0,1,1,1,1,0,0,0,640
4,wave,wave,wave,w*dz(eta),4.1264407485221e-06,16,1,16,1,1.36145247141525e-15,4.22037960134958e-11,640,0
4,wave,wave,wave,w*eta*dlogN2,3.78140126081621e-06,16,1,16,1,1.12096373729829e-15,4.20095069841864e-11,640,0
4,wave,apv,wave,u*dx(u),0,1,1,-1,0,0,0,0,128
4,wave,apv,wave,v*dy(u),0,1,1,-1,0,0,0,0,128
4,wave,apv,wave,w*dz(u),0,1,1,-1,0,0,0,0,128
4,wave,apv,wave,u*dx(v),6.11488759672753e-06,16,1,2,0,1.71968375337976e-15,2.89501933522554e-11,128,0
4,wave,apv,wave,v*dy(v),0,1,1,-1,0,0,0,0,128
4,wave,apv,wave,w*dz(v),5.52938655949808e-06,16,1,3,0,1.9280051380674e-15,6.30105967402983e-11,128,0
4,wave,apv,wave,u*dx(w),0,1,1,-1,0,0,0,0,128
4,wave,apv,wave,v*dy(w),0,1,1,-1,0,0,0,0,128
4,wave,apv,wave,w*dz(w),0,1,1,-1,0,0,0,0,128
4,wave,apv,wave,u*dx(eta),5.35708804485807e-07,16,1,3,0,7.20316230249441e-16,6.39409636349342e-11,128,0
4,wave,apv,wave,v*dy(eta),0,1,1,-1,0,0,0,0,128
4,wave,apv,wave,w*dz(eta),5.50136591534697e-07,16,1,2,0,7.52291823406751e-16,2.82882828273046e-10,128,0
4,wave,apv,wave,w*eta*dlogN2,6.15919787810873e-07,16,1,3,0,7.41053239791234e-16,6.30493435238577e-11,128,0
4,apv,wave,wave,u*dx(u),6.09013655667902e-06,2,0,16,1,1.84376154066646e-15,3.25903748432665e-11,128,0
4,apv,wave,wave,v*dy(u),0,-1,0,1,1,0,0,0,128
4,apv,wave,wave,w*dz(u),0,-1,0,1,1,0,0,0,128
4,apv,wave,wave,u*dx(v),6.11488663474499e-06,2,0,16,1,2.08948746445713e-15,2.09425292345032e-11,128,0
4,apv,wave,wave,v*dy(v),0,-1,0,1,1,0,0,0,128
4,apv,wave,wave,w*dz(v),0,-1,0,1,1,0,0,0,128
4,apv,wave,wave,u*dx(w),7.91555521559194e-09,2,0,16,1,4.44089209850063e-16,3.97043509181572e-11,128,0
4,apv,wave,wave,v*dy(w),0,-1,0,1,1,0,0,0,128
4,apv,wave,wave,w*dz(w),0,-1,0,1,1,0,0,0,128
4,apv,wave,wave,u*dx(eta),5.50136482593902e-07,2,0,16,1,8.66401687269984e-16,2.47399878361421e-11,128,0
4,apv,wave,wave,v*dy(eta),0,-1,0,1,1,0,0,0,128
4,apv,wave,wave,w*dz(eta),0,-1,0,1,1,0,0,0,128
4,apv,wave,wave,w*eta*dlogN2,0,-1,0,1,1,0,0,0,128
4,wave,boundary,wave,u*dx(u),0,1,1,1,0,0,0,0,64
4,wave,boundary,wave,v*dy(u),0,1,1,1,0,0,0,0,64
4,wave,boundary,wave,w*dz(u),0,1,1,1,0,0,0,0,64
4,wave,boundary,wave,u*dx(v),6.34041281043788e-07,16,1,2,0,1.69636585730152e-15,2.58819632392715e-11,64,0
4,wave,boundary,wave,v*dy(v),0,1,1,1,0,0,0,0,64
4,wave,boundary,wave,w*dz(v),7.87614825280114e-07,16,1,2,0,1.59231834861956e-15,2.58286725340895e-11,64,0
4,wave,boundary,wave,u*dx(w),0,1,1,1,0,0,0,0,64
4,wave,boundary,wave,v*dy(w),0,1,1,1,0,0,0,0,64
4,wave,boundary,wave,w*dz(w),0,1,1,1,0,0,0,0,64
4,wave,boundary,wave,u*dx(eta),6.90169156340833e-08,16,1,2,0,4.44089209850063e-16,2.58651988715997e-11,64,0
4,wave,boundary,wave,v*dy(eta),0,1,1,1,0,0,0,0,64
4,wave,boundary,wave,w*dz(eta),5.88189742578241e-08,16,1,2,0,8.38754863518468e-16,2.58234544858738e-11,64,0
4,wave,boundary,wave,w*eta*dlogN2,5.71888959419323e-08,16,1,1,0,7.25777256616527e-16,2.5828561511787e-11,64,0
4,boundary,wave,wave,u*dx(u),3.46075712446603e-07,2,0,16,1,1.93096903089049e-15,3.51566553646876e-11,64,0
4,boundary,wave,wave,v*dy(u),0,1,0,1,1,0,0,0,64
4,boundary,wave,wave,w*dz(u),0,1,0,1,1,0,0,0,64
4,boundary,wave,wave,u*dx(v),3.47562178684914e-07,2,0,16,1,2.10163592927218e-15,1.91717908051306e-11,64,0
4,boundary,wave,wave,v*dy(v),0,1,0,1,1,0,0,0,64
4,boundary,wave,wave,w*dz(v),0,1,0,1,1,0,0,0,64
4,boundary,wave,wave,u*dx(w),4.70649411919404e-10,1,0,16,1,4.44089209850063e-16,3.43939321467701e-11,64,0
4,boundary,wave,wave,v*dy(w),0,1,0,1,1,0,0,0,64
4,boundary,wave,wave,w*dz(w),0,1,0,1,1,0,0,0,64
4,boundary,wave,wave,u*dx(eta),3.31039156549134e-08,2,0,16,1,6.66133814775094e-16,1.80757631085271e-11,64,0
4,boundary,wave,wave,v*dy(eta),0,1,0,1,1,0,0,0,64
4,boundary,wave,wave,w*dz(eta),0,1,0,1,1,0,0,0,64
4,boundary,wave,wave,w*eta*dlogN2,0,1,0,1,1,0,0,0,64
4,apv,boundary,wave,u*dx(u),0,-1,0,1,0,0,0,0,8
4,apv,boundary,wave,v*dy(u),0,-1,0,1,0,0,0,0,8
4,apv,boundary,wave,w*dz(u),0,-1,0,1,0,0,0,0,8
4,apv,boundary,wave,u*dx(v),2.86722341577228e-13,3,0,1,0,1.21226719446774e-15,2.97737077221319e-11,8,0
4,apv,boundary,wave,v*dy(v),0,-1,0,1,0,0,0,0,8
4,apv,boundary,wave,w*dz(v),0,-1,0,1,0,0,0,0,8
4,apv,boundary,wave,u*dx(w),0,-1,0,1,0,0,0,0,8
4,apv,boundary,wave,v*dy(w),0,-1,0,1,0,0,0,0,8
4,apv,boundary,wave,w*dz(w),0,-1,0,1,0,0,0,0,8
4,apv,boundary,wave,u*dx(eta),4.08522755711833e-15,3,0,2,0,5.92992136310245e-16,2.76294542800315e-11,8,0
4,apv,boundary,wave,v*dy(eta),0,-1,0,1,0,0,0,0,8
4,apv,boundary,wave,w*dz(eta),0,-1,0,1,0,0,0,0,8
4,apv,boundary,wave,w*eta*dlogN2,0,-1,0,1,0,0,0,0,8
4,boundary,apv,wave,u*dx(u),0,1,0,-1,0,0,0,0,8
4,boundary,apv,wave,v*dy(u),0,1,0,-1,0,0,0,0,8
4,boundary,apv,wave,w*dz(u),0,1,0,-1,0,0,0,0,8
4,boundary,apv,wave,u*dx(v),3.08752043525448e-13,1,0,3,0,1.73093972091649e-15,3.00633973517284e-11,8,0
4,boundary,apv,wave,v*dy(v),0,1,0,-1,0,0,0,0,8
4,boundary,apv,wave,w*dz(v),0,1,0,-1,0,0,0,0,8
4,boundary,apv,wave,u*dx(w),0,1,0,-1,0,0,0,0,8
4,boundary,apv,wave,v*dy(w),0,1,0,-1,0,0,0,0,8
4,boundary,apv,wave,w*dz(w),0,1,0,-1,0,0,0,0,8
4,boundary,apv,wave,u*dx(eta),4.27902624031376e-14,2,0,1,0,5.68053667070321e-16,4.64186467041827e-11,8,0
4,boundary,apv,wave,v*dy(eta),0,1,0,-1,0,0,0,0,8
4,boundary,apv,wave,w*dz(eta),0,1,0,-1,0,0,0,0,8
4,boundary,apv,wave,w*eta*dlogN2,0,1,0,-1,0,0,0,0,8
4,boundary,boundary,wave,u*dx(u),0,1,0,1,0,0,0,0,4
4,boundary,boundary,wave,v*dy(u),0,1,0,1,0,0,0,0,4
4,boundary,boundary,wave,w*dz(u),0,1,0,1,0,0,0,0,4
4,boundary,boundary,wave,u*dx(v),3.33704371157005e-13,1,0,1,0,1.63751587026755e-15,1.89056690475737e-10,4,0
4,boundary,boundary,wave,v*dy(v),0,1,0,1,0,0,0,0,4
4,boundary,boundary,wave,w*dz(v),0,1,0,1,0,0,0,0,4
4,boundary,boundary,wave,u*dx(w),0,1,0,1,0,0,0,0,4
4,boundary,boundary,wave,v*dy(w),0,1,0,1,0,0,0,0,4
4,boundary,boundary,wave,w*dz(w),0,1,0,1,0,0,0,0,4
4,boundary,boundary,wave,u*dx(eta),5.10093077098751e-14,1,0,2,0,9.9318818956497e-16,1.02511332755739e-10,4,0
4,boundary,boundary,wave,v*dy(eta),0,1,0,1,0,0,0,0,4
4,boundary,boundary,wave,w*dz(eta),0,1,0,1,0,0,0,0,4
4,boundary,boundary,wave,w*eta*dlogN2,0,1,0,1,0,0,0,0,4
