completeName,functionName,fileName,type,numCalls,totalTime,childTime,selfTime,totalTimePerCall,selfTimePerCall,selfFraction,isLeaf,isRecursive,numChildren,numParents,numExecutedLines,isBuiltIn,isToolboxCode,isProjectCode
"/Users/jearly/Documents/OceanKitRepositories/wvm-v5-construction-optimization/@WVTransformFreeSurfaceBoussinesq/fromStratification.m>fromStratification","WVTransformFreeSurfaceBoussinesq.fromStratification",/Users/jearly/Documents/OceanKitRepositories/wvm-v5-construction-optimization/@WVTransformFreeSurfaceBoussinesq/fromStratification.m,M-function,1,23.4674333332383,23.4497654165403,0.0176679166979596,23.4674333332383,0.0176679166979596,0.0007528695808815,0,0,21,1,109,0,0,1
"/Users/jearly/Documents/OceanKitRepositories/wvm-v5-construction-optimization/+WVInternal/buildFreeSurfaceBalancedState.m>buildFreeSurfaceBalancedState","buildFreeSurfaceBalancedState",/Users/jearly/Documents/OceanKitRepositories/wvm-v5-construction-optimization/+WVInternal/buildFreeSurfaceBalancedState.m,M-function,1,4.16782771571647,4.13553200732593,0.032295708390544,4.16782771571647,0.032295708390544,0.00774881079387231,0,0,17,1,195,0,0,1
"/Users/jearly/Documents/OceanKitRepositories/wvm-v5-construction-optimization/@WVGeometryDoublyPeriodic/WVGeometryDoublyPeriodic.m>WVGeometryDoublyPeriodic.WVGeometryDoublyPeriodic","WVGeometryDoublyPeriodic.WVGeometryDoublyPeriodic>WVGeometryDoublyPeriodic.WVGeometryDoublyPeriodic",/Users/jearly/Documents/OceanKitRepositories/wvm-v5-construction-optimization/@WVGeometryDoublyPeriodic/WVGeometryDoublyPeriodic.m,M-method,2,0.412603167397577,0.407781042389034,0.00482212500854223,0.206301583698788,0.00241106250427112,0.0116870770502247,0,0,16,2,40,0,0,1
"/Users/jearly/Documents/OceanKitRepositories/oceankit-internal-modes-beta7/InternalModes-2.0.0-beta.7/@IMInternalModes/IMInternalModes.m>IMInternalModes.geostrophicAPVModes","IMInternalModes.IMInternalModes>IMInternalModes.geostrophicAPVModes",/Users/jearly/Documents/OceanKitRepositories/oceankit-internal-modes-beta7/InternalModes-2.0.0-beta.7/@IMInternalModes/IMInternalModes.m,M-method,1,0.00942850001670221,0.00853083334844536,0.000897666668256848,0.00942850001670221,0.000897666668256848,0.0952077919782221,0,0,7,1,28,0,0,1
"/Users/jearly/Documents/OceanKitRepositories/oceankit-internal-modes-beta7/InternalModes-2.0.0-beta.7/@IMInternalModes/IMInternalModes.m>IMInternalModes.IMInternalModes","IMInternalModes.IMInternalModes>IMInternalModes.IMInternalModes",/Users/jearly/Documents/OceanKitRepositories/oceankit-internal-modes-beta7/InternalModes-2.0.0-beta.7/@IMInternalModes/IMInternalModes.m,M-method,1144,0.281975083832841,0.211131750374011,0.0708433334588295,0.000246481716637099,6.19259907856901e-05,0.251239692868844,0,0,6,3,36,0,0,1
"/Users/jearly/Documents/OceanKitRepositories/oceankit-internal-modes-beta7/InternalModes-2.0.0-beta.7/@IMEigenvalueProblem/IMEigenvalueProblem.m>IMEigenvalueProblem.IMEigenvalueProblem","IMEigenvalueProblem.IMEigenvalueProblem>IMEigenvalueProblem.IMEigenvalueProblem",/Users/jearly/Documents/OceanKitRepositories/oceankit-internal-modes-beta7/InternalModes-2.0.0-beta.7/@IMEigenvalueProblem/IMEigenvalueProblem.m,M-method,1144,0.185929041996032,0.133880000237163,0.0520490417588694,0.000162525386360168,4.54974141248859e-05,0.279940353589194,0,0,4,1,24,0,0,1
"/Users/jearly/Documents/OceanKitRepositories/oceankit-internal-modes-beta7/InternalModes-2.0.0-beta.7/@IMInternalModes/IMInternalModes.m>IMInternalModes.meanDensityAnomalyModes","IMInternalModes.IMInternalModes>IMInternalModes.meanDensityAnomalyModes",/Users/jearly/Documents/OceanKitRepositories/oceankit-internal-modes-beta7/InternalModes-2.0.0-beta.7/@IMInternalModes/IMInternalModes.m,M-method,1,0.00843408334827397,0.00770341668031296,0.000730666667961013,0.00843408334827397,0.000730666667961013,0.0866326117242538,0,0,4,1,9,0,0,1
"/Users/jearly/Documents/OceanKitRepositories/oceankit-internal-modes-beta7/InternalModes-2.0.0-beta.7/@IMMeanDensityAnomalyModes/IMMeanDensityAnomalyModes.m>IMMeanDensityAnomalyModes.IMMeanDensityAnomalyModes","IMMeanDensityAnomalyModes.IMMeanDensityAnomalyModes>IMMeanDensityAnomalyModes.IMMeanDensityAnomalyModes",/Users/jearly/Documents/OceanKitRepositories/oceankit-internal-modes-beta7/InternalModes-2.0.0-beta.7/@IMMeanDensityAnomalyModes/IMMeanDensityAnomalyModes.m,M-method,1,0.00768787501361876,0.0068607083454868,0.000827166668131959,0.00768787501361876,0.000827166668131959,0.107593667517574,0,0,5,1,29,0,0,1
"/Users/jearly/Documents/OceanKitRepositories/oceankit-internal-modes-beta7/InternalModes-2.0.0-beta.7/@IMSolver/IMSolver.m>IMSolver.nativeDifferentiationRule","IMSolver.IMSolver>IMSolver.nativeDifferentiationRule",/Users/jearly/Documents/OceanKitRepositories/oceankit-internal-modes-beta7/InternalModes-2.0.0-beta.7/@IMSolver/IMSolver.m,M-method,1,0.00387841667353712,0.00326770833912195,0.000610708334415178,0.00387841667353712,0.000610708334415178,0.157463311918523,0,0,6,1,15,0,0,1
"/Users/jearly/Documents/OceanKitRepositories/oceankit-internal-modes-beta7/InternalModes-2.0.0-beta.7/@IMSolverSpectral/IMSolverSpectral.m>IMSolverSpectral.innerProductGrid","IMSolverSpectral.IMSolverSpectral>IMSolverSpectral.innerProductGrid",/Users/jearly/Documents/OceanKitRepositories/oceankit-internal-modes-beta7/InternalModes-2.0.0-beta.7/@IMSolverSpectral/IMSolverSpectral.m,M-method,2313,0.0131215833565777,0.0066962083451954,0.00642537501138229,5.67297161979148e-06,2.77793990980644e-06,0.489679853168126,0,0,1,5,6,0,0,1
"/Users/jearly/Documents/OceanKitRepositories/oceankit-internal-modes-beta7/InternalModes-2.0.0-beta.7/@IMSolverSpectral/IMSolverSpectral.m>IMSolverSpectral.innerProductWeights","IMSolverSpectral.IMSolverSpectral>IMSolverSpectral.innerProductWeights",/Users/jearly/Documents/OceanKitRepositories/oceankit-internal-modes-beta7/InternalModes-2.0.0-beta.7/@IMSolverSpectral/IMSolverSpectral.m,M-method,2313,0.54123329262544,0.351650667289602,0.189582625335838,0.000233996235462793,8.19639538849278e-05,0.350278942406151,0,0,4,5,27,0,0,1
"/Users/jearly/Documents/OceanKitRepositories/oceankit-internal-modes-beta7/InternalModes-2.0.0-beta.7/@IMInternalModesBasis/IMInternalModesBasis.m>IMInternalModesBasis.endpointGramTerms","IMInternalModesBasis.IMInternalModesBasis>IMInternalModesBasis.endpointGramTerms",/Users/jearly/Documents/OceanKitRepositories/oceankit-internal-modes-beta7/InternalModes-2.0.0-beta.7/@IMInternalModesBasis/IMInternalModesBasis.m,M-method,2300,1.16943929373828,1.09635916860882,0.0730801251294584,0.000508451866842731,3.17739674475906e-05,0.062491593638732,0,0,8,2,35,0,0,1
"/Users/jearly/Documents/OceanKitRepositories/oceankit-internal-modes-beta7/InternalModes-2.0.0-beta.7/@IMBasisSet/IMBasisSet.m>IMBasisSet.endpointGramTerms","IMBasisSet.IMBasisSet>IMBasisSet.endpointGramTerms",/Users/jearly/Documents/OceanKitRepositories/oceankit-internal-modes-beta7/InternalModes-2.0.0-beta.7/@IMBasisSet/IMBasisSet.m,M-method,2296,0.819169543117792,0.716409084602423,0.102760458515369,0.000356781159894509,4.47562972627916e-05,0.125444676720107,0,0,8,1,38,0,0,1
"/Users/jearly/Documents/OceanKitRepositories/oceankit-internal-modes-beta7/InternalModes-2.0.0-beta.7/@IMInternalModesDiscreteTransform/IMInternalModesDiscreteTransform.m>IMInternalModesDiscreteTransform.IMInternalModesDiscreteTransform","IMInternalModesDiscreteTransform.IMInternalModesDiscreteTransform>IMInternalModesDiscreteTransform.IMInternalModesDiscreteTransform",/Users/jearly/Documents/OceanKitRepositories/oceankit-internal-modes-beta7/InternalModes-2.0.0-beta.7/@IMInternalModesDiscreteTransform/IMInternalModesDiscreteTransform.m,M-method,5,0.0419823334077033,0.0282501250500439,0.0137322083576594,0.00839646668154067,0.00274644167153188,0.327094928819265,0,0,8,2,110,0,0,1
"/Users/jearly/Documents/OceanKitRepositories/oceankit-internal-modes-beta7/InternalModes-2.0.0-beta.7/@IMSolver/IMSolver.m>IMSolver.nativeQuadratureRule","IMSolver.IMSolver>IMSolver.nativeQuadratureRule",/Users/jearly/Documents/OceanKitRepositories/oceankit-internal-modes-beta7/InternalModes-2.0.0-beta.7/@IMSolver/IMSolver.m,M-method,4,0.00821029168121087,0.00691354167891373,0.00129675000229714,0.00205257292030272,0.000324187500574285,0.157942013834263,0,0,3,3,9,0,0,1
"/Users/jearly/Documents/OceanKitRepositories/oceankit-internal-modes-beta7/InternalModes-2.0.0-beta.7/@IMGeostrophicZeroAPVModes/IMGeostrophicZeroAPVModes.m>IMGeostrophicZeroAPVModes.atWavenumber","IMGeostrophicZeroAPVModes.IMGeostrophicZeroAPVModes>IMGeostrophicZeroAPVModes.atWavenumber",/Users/jearly/Documents/OceanKitRepositories/oceankit-internal-modes-beta7/InternalModes-2.0.0-beta.7/@IMGeostrophicZeroAPVModes/IMGeostrophicZeroAPVModes.m,M-method,1,0.00281429167165207,0.0018445416699342,0.000969750001717873,0.00281429167165207,0.000969750001717873,0.34458048946597,0,0,7,1,12,0,0,1
"/Users/jearly/Documents/OceanKitRepositories/oceankit-internal-modes-beta7/InternalModes-2.0.0-beta.7/@IMGeostrophicZeroAPVModes/IMGeostrophicZeroAPVModes.m>IMGeostrophicZeroAPVModes.IMGeostrophicZeroAPVModes","IMGeostrophicZeroAPVModes.IMGeostrophicZeroAPVModes>IMGeostrophicZeroAPVModes.IMGeostrophicZeroAPVModes",/Users/jearly/Documents/OceanKitRepositories/oceankit-internal-modes-beta7/InternalModes-2.0.0-beta.7/@IMGeostrophicZeroAPVModes/IMGeostrophicZeroAPVModes.m,M-method,1,0.00150400000266427,0.00049395833420836,0.00101004166845591,0.00150400000266427,0.00101004166845591,0.671570257092199,0,0,8,1,31,0,0,1
"/Users/jearly/Documents/OceanKitRepositories/oceankit-internal-modes-beta7/InternalModes-2.0.0-beta.7/@IMSolver/solveWaveModesAtWavenumbers.m>solveWaveModesAtWavenumbers","IMSolver.solveWaveModesAtWavenumbers",/Users/jearly/Documents/OceanKitRepositories/oceankit-internal-modes-beta7/InternalModes-2.0.0-beta.7/@IMSolver/solveWaveModesAtWavenumbers.m,M-function,2,11.1153540196904,11.0760308112874,0.0393232084029957,5.5576770098452,0.0196616042014979,0.00353773782943272,0,0,18,2,87,0,0,1
"/Users/jearly/Documents/OceanKitRepositories/oceankit-internal-modes-beta7/InternalModes-2.0.0-beta.7/@IMInternalModes/IMInternalModes.m>IMInternalModes.waveModesAtWavenumber","IMInternalModes.IMInternalModes>IMInternalModes.waveModesAtWavenumber",/Users/jearly/Documents/OceanKitRepositories/oceankit-internal-modes-beta7/InternalModes-2.0.0-beta.7/@IMInternalModes/IMInternalModes.m,M-method,1142,0.330121000584796,0.284907500504702,0.0452135000800939,0.000289072680021713,3.9591506199732e-05,0.136960387251947,0,0,5,1,19,0,0,1
"/Users/jearly/Documents/OceanKitRepositories/wvm-v5-construction-optimization/@WVGeometryDoublyPeriodicStratified/WVGeometryDoublyPeriodicStratified.m>WVGeometryDoublyPeriodicStratified.WVGeometryDoublyPeriodicStratified","WVGeometryDoublyPeriodicStratified.WVGeometryDoublyPeriodicStratified>WVGeometryDoublyPeriodicStratified.WVGeometryDoublyPeriodicStratified",/Users/jearly/Documents/OceanKitRepositories/wvm-v5-construction-optimization/@WVGeometryDoublyPeriodicStratified/WVGeometryDoublyPeriodicStratified.m,M-method,1,0.254958625451649,0.253420458782257,0.00153816666939144,0.254958625451649,0.00153816666939144,0.00603300502843016,0,0,5,1,58,0,0,1
"/Applications/MATLAB_R2026a.app/toolbox/matlab/lang/+matlab/+lang/+internal/isMatchingSize.m>isMatchingSize","isMatchingSize",/Applications/MATLAB_R2026a.app/toolbox/matlab/lang/+matlab/+lang/+internal/isMatchingSize.m,M-function,12689,0.0387258750686013,0,0.0387258750686013,3.05192490098521e-06,3.05192490098521e-06,1,1,0,0,20,11,0,1,0
"/Users/jearly/Documents/OceanKitRepositories/oceankit-internal-modes-beta7/InternalModes-2.0.0-beta.7/@IMBoundaryCondition/IMBoundaryCondition.m>IMBoundaryCondition.IMBoundaryCondition","IMBoundaryCondition.IMBoundaryCondition>IMBoundaryCondition.IMBoundaryCondition",/Users/jearly/Documents/OceanKitRepositories/oceankit-internal-modes-beta7/InternalModes-2.0.0-beta.7/@IMBoundaryCondition/IMBoundaryCondition.m,M-method,8,0.00430425000762481,0.000104666666852079,0.00419958334077273,0.000538031250953101,0.000524947917596591,0.975682949023252,0,0,1,5,14,0,0,1
"/Users/jearly/Documents/OceanKitRepositories/oceankit-internal-modes-beta7/InternalModes-2.0.0-beta.7/@IMBoundaryCondition/IMBoundaryCondition.m>IMBoundaryCondition.isEigenvalueDependent","IMBoundaryCondition.IMBoundaryCondition>IMBoundaryCondition.isEigenvalueDependent",/Users/jearly/Documents/OceanKitRepositories/oceankit-internal-modes-beta7/InternalModes-2.0.0-beta.7/@IMBoundaryCondition/IMBoundaryCondition.m,M-method,21794,0.628595542780198,0.557951917655056,0.0706436251251424,2.88425962549416e-05,3.24142539805187e-06,0.112383274009063,0,0,3,4,6,0,0,1
"/Users/jearly/Documents/OceanKitRepositories/oceankit-internal-modes-beta7/InternalModes-2.0.0-beta.7/@IMEigenvalueProblem/IMEigenvalueProblem.m>IMEigenvalueProblem.selectModes","IMEigenvalueProblem.IMEigenvalueProblem>IMEigenvalueProblem.selectModes",/Users/jearly/Documents/OceanKitRepositories/oceankit-internal-modes-beta7/InternalModes-2.0.0-beta.7/@IMEigenvalueProblem/IMEigenvalueProblem.m,M-method,1144,0.335500875594326,0.286788125508034,0.0487127500862927,0.000293269996148887,4.25810752502559e-05,0.145194107168871,0,0,7,1,47,0,0,1
"/Users/jearly/Documents/OceanKitRepositories/oceankit-internal-modes-beta7/InternalModes-2.0.0-beta.7/@IMEigenvalueProblem/IMEigenvalueProblem.m>IMEigenvalueProblem.eigenvalueTolerance","IMEigenvalueProblem.IMEigenvalueProblem>IMEigenvalueProblem.eigenvalueTolerance",/Users/jearly/Documents/OceanKitRepositories/oceankit-internal-modes-beta7/InternalModes-2.0.0-beta.7/@IMEigenvalueProblem/IMEigenvalueProblem.m,M-method,1144,0.0122477916883631,0.00320716667234803,0.0090406250160151,1.0706111615702e-05,7.90264424476845e-06,0.738143270725675,0,0,1,1,13,0,0,1
"/Users/jearly/Documents/OceanKitRepositories/oceankit-internal-modes-beta7/InternalModes-2.0.0-beta.7/@IMEigenvalueProblem/IMEigenvalueProblem.m>IMEigenvalueProblem.signTolerance","IMEigenvalueProblem.IMEigenvalueProblem>IMEigenvalueProblem.signTolerance",/Users/jearly/Documents/OceanKitRepositories/oceankit-internal-modes-beta7/InternalModes-2.0.0-beta.7/@IMEigenvalueProblem/IMEigenvalueProblem.m,M-method,3432,0.0203816250361052,0.0109430416860518,0.0094385833500534,5.93870193359709e-06,2.75016997379178e-06,0.46309277760401,0,0,2,1,6,0,0,1
"/Users/jearly/Documents/OceanKitRepositories/oceankit-internal-modes-beta7/InternalModes-2.0.0-beta.7/@IMEigenvalueProblem/IMEigenvalueProblem.m>IMEigenvalueProblem.negativeEndpointWeightCount","IMEigenvalueProblem.IMEigenvalueProblem>IMEigenvalueProblem.negativeEndpointWeightCount",/Users/jearly/Documents/OceanKitRepositories/oceankit-internal-modes-beta7/InternalModes-2.0.0-beta.7/@IMEigenvalueProblem/IMEigenvalueProblem.m,M-method,1144,0.0301795417201285,0.0142408333585604,0.0159387083615681,2.63807182868256e-05,1.39324373789931e-05,0.528129569009911,0,0,3,1,12,0,0,1
"/Users/jearly/Documents/OceanKitRepositories/oceankit-internal-modes-beta7/InternalModes-2.0.0-beta.7/@IMInternalModes/IMInternalModes.m>IMInternalModes.makeBasisSet","IMInternalModes.IMInternalModes>IMInternalModes.makeBasisSet",/Users/jearly/Documents/OceanKitRepositories/oceankit-internal-modes-beta7/InternalModes-2.0.0-beta.7/@IMInternalModes/IMInternalModes.m,M-method,1142,0.314065208889687,0.300562458865768,0.0135027500239196,0.000275013317766801,1.18237741015058e-05,0.0429934600895648,0,0,3,1,16,0,0,1
"/Users/jearly/Documents/OceanKitRepositories/oceankit-internal-modes-beta7/InternalModes-2.0.0-beta.7/@IMInternalModesBasis/IMInternalModesBasis.m>IMInternalModesBasis.IMInternalModesBasis","IMInternalModesBasis.IMInternalModesBasis>IMInternalModesBasis.IMInternalModesBasis",/Users/jearly/Documents/OceanKitRepositories/oceankit-internal-modes-beta7/InternalModes-2.0.0-beta.7/@IMInternalModesBasis/IMInternalModesBasis.m,M-method,1144,0.30233633386891,0.246335125436373,0.0560012084325372,0.000264280012123173,4.89521052731969e-05,0.185228178551701,0,0,8,2,36,0,0,1
"/Users/jearly/Documents/OceanKitRepositories/oceankit-internal-modes-beta7/InternalModes-2.0.0-beta.7/@IMBasisSet/IMBasisSet.m>IMBasisSet.IMBasisSet","IMBasisSet.IMBasisSet>IMBasisSet.IMBasisSet",/Users/jearly/Documents/OceanKitRepositories/oceankit-internal-modes-beta7/InternalModes-2.0.0-beta.7/@IMBasisSet/IMBasisSet.m,M-method,1144,0.076015083467991,0.0301588333867585,0.0458562500812325,6.64467512832089e-05,4.0084134686392e-05,0.603251986173797,0,0,3,1,30,0,0,1
"/Users/jearly/Documents/OceanKitRepositories/oceankit-internal-modes-beta7/InternalModes-2.0.0-beta.7/@IMInternalModesBasis/IMInternalModesBasis.m>IMInternalModesBasis.rawVariable","IMInternalModesBasis.IMInternalModesBasis>IMInternalModesBasis.rawVariable",/Users/jearly/Documents/OceanKitRepositories/oceankit-internal-modes-beta7/InternalModes-2.0.0-beta.7/@IMInternalModesBasis/IMInternalModesBasis.m,M-method,4599,0.776731668042615,0.713398959597091,0.0633327084455246,0.000168891425971432,1.37709737868068e-05,0.0815374357081703,0,0,8,8,24,0,0,1
"/Users/jearly/Documents/OceanKitRepositories/oceankit-internal-modes-beta7/InternalModes-2.0.0-beta.7/IMModeOrientationTools.m>IMModeOrientationTools.shallowInteriorGPositive","IMModeOrientationTools>IMModeOrientationTools.shallowInteriorGPositive",/Users/jearly/Documents/OceanKitRepositories/oceankit-internal-modes-beta7/InternalModes-2.0.0-beta.7/IMModeOrientationTools.m,M-method,1144,0.0961221668369432,0.0207735833701329,0.0753485834668103,8.40228731092161e-05,6.58641463870719e-05,0.783883530160404,0,0,3,1,34,0,0,1
"/Users/jearly/Documents/OceanKitRepositories/oceankit-internal-modes-beta7/InternalModes-2.0.0-beta.7/@IMInternalModesBasis/discreteTransform.m>discreteTransform","IMInternalModesBasis.discreteTransform",/Users/jearly/Documents/OceanKitRepositories/oceankit-internal-modes-beta7/InternalModes-2.0.0-beta.7/@IMInternalModesBasis/discreteTransform.m,M-function,3,0.483309875856164,0.47215516750307,0.0111547083530934,0.161103291952055,0.0037182361176978,0.0230798270640203,0,0,15,3,112,0,0,1
"/Users/jearly/Documents/OceanKitRepositories/oceankit-internal-modes-beta7/InternalModes-2.0.0-beta.7/@IMInternalModesBasis/IMInternalModesBasis.m>IMInternalModesBasis.buildInternalModesDiscreteTransform","IMInternalModesBasis.IMInternalModesBasis>IMInternalModesBasis.buildInternalModesDiscreteTransform",/Users/jearly/Documents/OceanKitRepositories/oceankit-internal-modes-beta7/InternalModes-2.0.0-beta.7/@IMInternalModesBasis/IMInternalModesBasis.m,M-method,3,0.156331625276935,0.154946041941147,0.00138558333578784,0.0521105417589784,0.000461861111929279,0.00886310324819647,0,0,5,1,13,0,0,1
"/Users/jearly/Documents/OceanKitRepositories/oceankit-internal-modes-beta7/InternalModes-2.0.0-beta.7/@IMInternalModesBasis/IMInternalModesBasis.m>IMInternalModesBasis.prepareInternalModesDiscreteTransform","IMInternalModesBasis.IMInternalModesBasis>IMInternalModesBasis.prepareInternalModesDiscreteTransform",/Users/jearly/Documents/OceanKitRepositories/oceankit-internal-modes-beta7/InternalModes-2.0.0-beta.7/@IMInternalModesBasis/IMInternalModesBasis.m,M-method,3,0.125131875221666,0.118599750210095,0.00653212501157141,0.0417106250738887,0.00217737500385714,0.0522019269670499,0,0,13,1,82,0,0,1
"/Users/jearly/Documents/OceanKitRepositories/oceankit-internal-modes-beta7/InternalModes-2.0.0-beta.7/@IMProjection/IMProjection.m>IMProjection.IMProjection","IMProjection.IMProjection>IMProjection.IMProjection",/Users/jearly/Documents/OceanKitRepositories/oceankit-internal-modes-beta7/InternalModes-2.0.0-beta.7/@IMProjection/IMProjection.m,M-method,8,0.0270473750479133,0.0172968750306407,0.00975050001727262,0.00338092188098917,0.00121881250215908,0.3604970907528,0,0,4,1,38,0,0,1
"/Users/jearly/Documents/OceanKitRepositories/oceankit-internal-modes-beta7/InternalModes-2.0.0-beta.7/@IMMeanDensityAnomalyModes/IMMeanDensityAnomalyModes.m>IMMeanDensityAnomalyModes.makeBasisSet","IMMeanDensityAnomalyModes.IMMeanDensityAnomalyModes>IMMeanDensityAnomalyModes.makeBasisSet",/Users/jearly/Documents/OceanKitRepositories/oceankit-internal-modes-beta7/InternalModes-2.0.0-beta.7/@IMMeanDensityAnomalyModes/IMMeanDensityAnomalyModes.m,M-method,2,0.0625567501108168,0.0619748334431192,0.00058191666769751,0.0312783750554084,0.000290958333848755,0.00930222025067908,0,0,3,1,12,0,0,1
"/Users/jearly/Documents/OceanKitRepositories/oceankit-internal-modes-beta7/InternalModes-2.0.0-beta.7/@IMMeanDensityAnomalyModesBasis/IMMeanDensityAnomalyModesBasis.m>IMMeanDensityAnomalyModesBasis.IMMeanDensityAnomalyModesBasis","IMMeanDensityAnomalyModesBasis.IMMeanDensityAnomalyModesBasis>IMMeanDensityAnomalyModesBasis.IMMeanDensityAnomalyModesBasis",/Users/jearly/Documents/OceanKitRepositories/oceankit-internal-modes-beta7/InternalModes-2.0.0-beta.7/@IMMeanDensityAnomalyModesBasis/IMMeanDensityAnomalyModesBasis.m,M-method,2,0.0618782917762816,0.0594282501052747,0.00245004167100681,0.0309391458881408,0.00122502083550341,0.0395945266211427,0,0,7,1,32,0,0,1
"/Users/jearly/Documents/OceanKitRepositories/oceankit-internal-modes-beta7/InternalModes-2.0.0-beta.7/@IMSolverSpectral/IMSolverSpectral.m>IMSolverSpectral.integrateGridValuesFromSurface","IMSolverSpectral.IMSolverSpectral>IMSolverSpectral.integrateGridValuesFromSurface",/Users/jearly/Documents/OceanKitRepositories/oceankit-internal-modes-beta7/InternalModes-2.0.0-beta.7/@IMSolverSpectral/IMSolverSpectral.m,M-method,2,0.00950362501683529,0.00496566667546314,0.00453795834137214,0.00475181250841764,0.00226897917068607,0.477497621521612,0,0,3,1,18,0,0,1
"/Users/jearly/Documents/OceanKitRepositories/oceankit-internal-modes-beta7/InternalModes-2.0.0-beta.7/@IMMeanDensityAnomalyModesBasis/IMMeanDensityAnomalyModesBasis.m>IMMeanDensityAnomalyModesBasis.rawVariable","IMMeanDensityAnomalyModesBasis.IMMeanDensityAnomalyModesBasis>IMMeanDensityAnomalyModesBasis.rawVariable",/Users/jearly/Documents/OceanKitRepositories/oceankit-internal-modes-beta7/InternalModes-2.0.0-beta.7/@IMMeanDensityAnomalyModesBasis/IMMeanDensityAnomalyModesBasis.m,M-method,25,0.0135087083572635,0.0109650000194241,0.00254370833783941,0.000540348334290539,0.000101748333513576,0.188301373496726,0,0,4,6,11,0,0,1
"/Users/jearly/Documents/OceanKitRepositories/oceankit-internal-modes-beta7/InternalModes-2.0.0-beta.7/@IMBasisSet/IMBasisSet.m>IMBasisSet.rawU","IMBasisSet.IMBasisSet>IMBasisSet.rawU",/Users/jearly/Documents/OceanKitRepositories/oceankit-internal-modes-beta7/InternalModes-2.0.0-beta.7/@IMBasisSet/IMBasisSet.m,M-method,2305,0.358003250634188,0.345650500612306,0.0123527500218824,0.000155315943876004,5.3591106385607e-06,0.0345045750282994,0,0,2,1,6,0,0,1
"/Users/jearly/Documents/OceanKitRepositories/oceankit-internal-modes-beta7/InternalModes-2.0.0-beta.7/@IMBasisSet/IMBasisSet.m>IMBasisSet.rawUz","IMBasisSet.IMBasisSet>IMBasisSet.rawUz",/Users/jearly/Documents/OceanKitRepositories/oceankit-internal-modes-beta7/InternalModes-2.0.0-beta.7/@IMBasisSet/IMBasisSet.m,M-method,26,0.016324375028918,0.014858375026321,0.00146600000259696,0.000627860578035306,5.63846154844984e-05,0.0898043569815076,0,0,2,1,6,0,0,1
"/Users/jearly/Documents/OceanKitRepositories/oceankit-internal-modes-beta7/InternalModes-2.0.0-beta.7/@IMInternalModesBasis/IMInternalModesBasis.m>IMInternalModesBasis.F","IMInternalModesBasis.IMInternalModesBasis>IMInternalModesBasis.F",/Users/jearly/Documents/OceanKitRepositories/oceankit-internal-modes-beta7/InternalModes-2.0.0-beta.7/@IMInternalModesBasis/IMInternalModesBasis.m,M-method,4,0.0193223750342288,0.0178411250316048,0.00148125000262397,0.0048305937585572,0.000370312500655993,0.0766598308955291,0,0,4,1,7,0,0,1
"/Users/jearly/Documents/OceanKitRepositories/oceankit-internal-modes-beta7/InternalModes-2.0.0-beta.7/@IMInternalModesBasis/IMInternalModesBasis.m>IMInternalModesBasis.G","IMInternalModesBasis.IMInternalModesBasis>IMInternalModesBasis.G",/Users/jearly/Documents/OceanKitRepositories/oceankit-internal-modes-beta7/InternalModes-2.0.0-beta.7/@IMInternalModesBasis/IMInternalModesBasis.m,M-method,4,0.0182668333656923,0.0169957500301073,0.00127108333558501,0.00456670834142307,0.000317770833896252,0.0695842191220884,0,0,4,1,7,0,0,1
"/Users/jearly/Documents/OceanKitRepositories/oceankit-internal-modes-beta7/InternalModes-2.0.0-beta.7/assessModeConvergence.m>assessModeConvergence","assessModeConvergence",/Users/jearly/Documents/OceanKitRepositories/oceankit-internal-modes-beta7/InternalModes-2.0.0-beta.7/assessModeConvergence.m,M-function,572,1.06517954355359,0.829844918136703,0.235334625416886,0.00186220199921956,0.000411424170309241,0.220934232957363,0,0,12,2,87,0,0,1
"/Users/jearly/Documents/OceanKitRepositories/oceankit-internal-modes-beta7/InternalModes-2.0.0-beta.7/assessQuadraticDealiasing.m>assessQuadraticDealiasing","assessQuadraticDealiasing",/Users/jearly/Documents/OceanKitRepositories/oceankit-internal-modes-beta7/InternalModes-2.0.0-beta.7/assessQuadraticDealiasing.m,M-function,571,0.0583502501033651,0.0263377500466563,0.0320125000567088,0.000102189579865788,5.60639230415216e-05,0.54862661256807,0,0,6,1,34,0,0,1
"/Users/jearly/Documents/OceanKitRepositories/oceankit-internal-modes-beta7/InternalModes-2.0.0-beta.7/@IMGeostrophicZeroAPVModesBasis/IMGeostrophicZeroAPVModesBasis.m>IMGeostrophicZeroAPVModesBasis.IMGeostrophicZeroAPVModesBasis","IMGeostrophicZeroAPVModesBasis.IMGeostrophicZeroAPVModesBasis>IMGeostrophicZeroAPVModesBasis.IMGeostrophicZeroAPVModesBasis",/Users/jearly/Documents/OceanKitRepositories/oceankit-internal-modes-beta7/InternalModes-2.0.0-beta.7/@IMGeostrophicZeroAPVModesBasis/IMGeostrophicZeroAPVModesBasis.m,M-method,2,1.31344246066004,1.31122712732279,0.00221533333725765,0.656721230330022,0.00110766666862883,0.00168666188554951,0,0,2,1,37,0,0,1
"/Users/jearly/Documents/OceanKitRepositories/oceankit-internal-modes-beta7/InternalModes-2.0.0-beta.7/@IMGeostrophicTransform/IMGeostrophicTransform.m>IMGeostrophicTransform.IMGeostrophicTransform","IMGeostrophicTransform.IMGeostrophicTransform>IMGeostrophicTransform.IMGeostrophicTransform",/Users/jearly/Documents/OceanKitRepositories/oceankit-internal-modes-beta7/InternalModes-2.0.0-beta.7/@IMGeostrophicTransform/IMGeostrophicTransform.m,M-method,1,0.0558990834323563,0.0157996666946551,0.0400994167377012,0.0558990834323563,0.0400994167377012,0.71735374312936,0,0,9,1,163,0,0,1
"/Users/jearly/Documents/OceanKitRepositories/oceankit-internal-modes-beta7/InternalModes-2.0.0-beta.7/@IMGeostrophicZeroAPVModesBasis/IMGeostrophicZeroAPVModesBasis.m>IMGeostrophicZeroAPVModesBasis.F","IMGeostrophicZeroAPVModesBasis.IMGeostrophicZeroAPVModesBasis>IMGeostrophicZeroAPVModesBasis.F",/Users/jearly/Documents/OceanKitRepositories/oceankit-internal-modes-beta7/InternalModes-2.0.0-beta.7/@IMGeostrophicZeroAPVModesBasis/IMGeostrophicZeroAPVModesBasis.m,M-method,7,0.00797458334745998,0.00462087500818569,0.00335370833927429,0.00113922619249428,0.000479101191324899,0.420549662991797,0,0,4,3,13,0,0,1
"/Users/jearly/Documents/OceanKitRepositories/oceankit-internal-modes-beta7/InternalModes-2.0.0-beta.7/@IMGeostrophicZeroAPVModesBasis/IMGeostrophicZeroAPVModesBasis.m>IMGeostrophicZeroAPVModesBasis.G","IMGeostrophicZeroAPVModesBasis.IMGeostrophicZeroAPVModesBasis>IMGeostrophicZeroAPVModesBasis.G",/Users/jearly/Documents/OceanKitRepositories/oceankit-internal-modes-beta7/InternalModes-2.0.0-beta.7/@IMGeostrophicZeroAPVModesBasis/IMGeostrophicZeroAPVModesBasis.m,M-method,7,0.0126295000223726,0.00787458334728284,0.00475491667508981,0.00180421428891038,0.000679273810727116,0.376492867228843,0,0,5,3,17,0,0,1
"/Users/jearly/Documents/OceanKitRepositories/oceankit-internal-modes-beta7/InternalModes-2.0.0-beta.7/@IMGeostrophicZeroAPVModesBasis/IMGeostrophicZeroAPVModesBasis.m>IMGeostrophicZeroAPVModesBasis.generalizedEnergyMatrix","IMGeostrophicZeroAPVModesBasis.IMGeostrophicZeroAPVModesBasis>IMGeostrophicZeroAPVModesBasis.generalizedEnergyMatrix",/Users/jearly/Documents/OceanKitRepositories/oceankit-internal-modes-beta7/InternalModes-2.0.0-beta.7/@IMGeostrophicZeroAPVModesBasis/IMGeostrophicZeroAPVModesBasis.m,M-method,2,0.0103629583516909,0.00986562501747655,0.000497333334214339,0.00518147917584545,0.00024866666710717,0.0479914438846694,0,0,2,2,8,0,0,1
"/Users/jearly/Documents/OceanKitRepositories/oceankit-internal-modes-beta7/InternalModes-2.0.0-beta.7/@IMBasisCollection/IMBasisCollection.m>IMBasisCollection.IMBasisCollection","IMBasisCollection.IMBasisCollection>IMBasisCollection.IMBasisCollection",/Users/jearly/Documents/OceanKitRepositories/oceankit-internal-modes-beta7/InternalModes-2.0.0-beta.7/@IMBasisCollection/IMBasisCollection.m,M-method,2,0.50566991756244,0.107921041857844,0.397748875704596,0.25283495878122,0.198874437852298,0.78657808560558,0,0,6,1,47,0,0,1
"/Users/jearly/Documents/OceanKitRepositories/oceankit-internal-modes-beta7/InternalModes-2.0.0-beta.7/@IMBasisCollection/evaluate.m>evaluate","IMBasisCollection.evaluate",/Users/jearly/Documents/OceanKitRepositories/oceankit-internal-modes-beta7/InternalModes-2.0.0-beta.7/@IMBasisCollection/evaluate.m,M-function,1,0.0182691666990298,0.0174597083642625,0.000809458334767258,0.0182691666990298,0.000809458334767258,0.0443073484468368,0,0,5,1,25,0,0,1
"/Users/jearly/Documents/OceanKitRepositories/oceankit-internal-modes-beta7/InternalModes-2.0.0-beta.7/@IMBasisCollection/evaluateChunks.m>evaluateChunks","IMBasisCollection.evaluateChunks",/Users/jearly/Documents/OceanKitRepositories/oceankit-internal-modes-beta7/InternalModes-2.0.0-beta.7/@IMBasisCollection/evaluateChunks.m,M-function,3,2.13125796210877,2.07776979534735,0.0534881667614187,0.710419320702923,0.0178293889204729,0.0250969932839546,0,0,15,2,83,0,0,1
"/Users/jearly/Documents/OceanKitRepositories/wvm-v5-construction-optimization/+WVInternal/prepareWaveModeConvergenceBatches.m>prepareWaveModeConvergenceBatches","prepareWaveModeConvergenceBatches",/Users/jearly/Documents/OceanKitRepositories/wvm-v5-construction-optimization/+WVInternal/prepareWaveModeConvergenceBatches.m,M-function,1,3.42909392274117,3.42163263106128,0.00746129167988352,3.42909392274117,0.00746129167988352,0.0021758784821849,0,0,8,1,32,0,0,1
"/Applications/MATLAB_R2026a.app/toolbox/matlab/mathvalidator/mustBeFinite.m>mustBeFinite","mustBeFinite",/Applications/MATLAB_R2026a.app/toolbox/matlab/mathvalidator/mustBeFinite.m,M-function,62738,0.165229416959364,0,0.165229416959364,2.63364176351436e-06,2.63364176351436e-06,1,1,0,0,47,2,0,1,0
"/Users/jearly/Documents/OceanKitRepositories/wvm-v5-construction-optimization/+WVInternal/resolveFreeSurfaceInputs.m>resolveFreeSurfaceInputs","resolveFreeSurfaceInputs",/Users/jearly/Documents/OceanKitRepositories/wvm-v5-construction-optimization/+WVInternal/resolveFreeSurfaceInputs.m,M-function,1,0.0031101666721762,0.00292050000517355,0.000189666667002653,0.0031101666721762,0.000189666667002653,0.0609827983494989,0,0,2,1,31,0,0,1
"/Users/jearly/Documents/OceanKitRepositories/wvm-v5-construction-optimization/@WVGeometryDoublyPeriodic/WVGeometryDoublyPeriodic.m>WVGeometryDoublyPeriodic.maskForAliasedModes","WVGeometryDoublyPeriodic.WVGeometryDoublyPeriodic>WVGeometryDoublyPeriodic.maskForAliasedModes",/Users/jearly/Documents/OceanKitRepositories/wvm-v5-construction-optimization/@WVGeometryDoublyPeriodic/WVGeometryDoublyPeriodic.m,M-method,2,0.00142491666919085,0.000898041668257511,0.000526875000933338,0.000712458334595424,0.000263437500466669,0.369758465407334,0,0,4,1,13,0,0,1
"/Users/jearly/Documents/OceanKitRepositories/wvm-v5-construction-optimization/@WVGeometryDoublyPeriodic/WVGeometryDoublyPeriodic.m>WVGeometryDoublyPeriodic.maskForNyquistModes","WVGeometryDoublyPeriodic.WVGeometryDoublyPeriodic>WVGeometryDoublyPeriodic.maskForNyquistModes",/Users/jearly/Documents/OceanKitRepositories/wvm-v5-construction-optimization/@WVGeometryDoublyPeriodic/WVGeometryDoublyPeriodic.m,M-method,2,0.000606750001074833,0.000273750000484937,0.000333000000589896,0.000303375000537417,0.000166500000294948,0.548825710754017,0,0,3,1,16,0,0,1
"/Users/jearly/Documents/OceanKitRepositories/wvm-v5-construction-optimization/@WVGeometryDoublyPeriodic/WVGeometryDoublyPeriodic.m>WVGeometryDoublyPeriodic.maskForConjugateFourierCoefficients","WVGeometryDoublyPeriodic.WVGeometryDoublyPeriodic>WVGeometryDoublyPeriodic.maskForConjugateFourierCoefficients",/Users/jearly/Documents/OceanKitRepositories/wvm-v5-construction-optimization/@WVGeometryDoublyPeriodic/WVGeometryDoublyPeriodic.m,M-method,2,0.00155295833608434,0.000845250001497326,0.00070770833458701,0.000776479168042168,0.000353854167293505,0.455716240508707,0,0,5,1,19,0,0,1
"/Users/jearly/Documents/OceanKitRepositories/wvm-v5-construction-optimization/@WVGeometryDoublyPeriodic/WVGeometryDoublyPeriodic.m>WVGeometryDoublyPeriodic.indicesOfFourierConjugates","WVGeometryDoublyPeriodic.WVGeometryDoublyPeriodic>WVGeometryDoublyPeriodic.indicesOfFourierConjugates",/Users/jearly/Documents/OceanKitRepositories/wvm-v5-construction-optimization/@WVGeometryDoublyPeriodic/WVGeometryDoublyPeriodic.m,M-method,2,0.251181250444957,0.234477500415367,0.01670375002959,0.125590625222479,0.00835187501479502,0.0665007837965613,0,0,3,1,17,0,0,1
"/Users/jearly/Documents/OceanKitRepositories/wvm-v5-construction-optimization/FastTransforms/WVFourierStorageLayout.m>WVFourierStorageLayout.allocateFourierStorage","WVFourierStorageLayout>WVFourierStorageLayout.allocateFourierStorage",/Users/jearly/Documents/OceanKitRepositories/wvm-v5-construction-optimization/FastTransforms/WVFourierStorageLayout.m,M-method,2,0.00208250000368906,0.000553166667646579,0.00152933333604249,0.00104125000184453,0.000764666668021243,0.7343737494998,0,0,2,1,6,0,0,1
"/Users/jearly/Documents/OceanKitRepositories/wvm-v5-construction-optimization/+WVInternal/buildFreeSurfaceBalancedModes.m>buildFreeSurfaceBalancedModes","buildFreeSurfaceBalancedModes",/Users/jearly/Documents/OceanKitRepositories/wvm-v5-construction-optimization/+WVInternal/buildFreeSurfaceBalancedModes.m,M-function,1,1.48618658596605,1.48354983596138,0.0026367500046709,1.48618658596605,0.0026367500046709,0.00177417158085635,0,0,15,1,63,0,0,1
"/Users/jearly/Documents/OceanKitRepositories/oceankit-internal-modes-beta7/InternalModes-2.0.0-beta.7/@IMSolver/IMSolver.m>IMSolver.solveEVP","IMSolver.IMSolver>IMSolver.solveEVP",/Users/jearly/Documents/OceanKitRepositories/oceankit-internal-modes-beta7/InternalModes-2.0.0-beta.7/@IMSolver/IMSolver.m,M-method,4,0.67832558453496,0.675842917863895,0.00248266667106445,0.16958139613374,0.000620666667766112,0.00365999267559176,0,0,5,3,9,0,0,1
"/Users/jearly/Documents/OceanKitRepositories/oceankit-internal-modes-beta7/InternalModes-2.0.0-beta.7/@IMSolver/IMSolver.m>IMSolver.solveAssembledEVP","IMSolver.IMSolver>IMSolver.solveAssembledEVP",/Users/jearly/Documents/OceanKitRepositories/oceankit-internal-modes-beta7/InternalModes-2.0.0-beta.7/@IMSolver/IMSolver.m,M-method,1144,9.57700080863194,2.27626029569897,7.30074051293297,0.00837150420334959,0.00638176618263371,0.76232013119939,0,0,9,2,38,0,0,1
"/Users/jearly/Documents/OceanKitRepositories/oceankit-internal-modes-beta7/InternalModes-2.0.0-beta.7/@IMInternalModesDiscreteTransform/IMInternalModesDiscreteTransform.m>IMInternalModesDiscreteTransform.prefixTransform","IMInternalModesDiscreteTransform.IMInternalModesDiscreteTransform>IMInternalModesDiscreteTransform.prefixTransform",/Users/jearly/Documents/OceanKitRepositories/oceankit-internal-modes-beta7/InternalModes-2.0.0-beta.7/@IMInternalModesDiscreteTransform/IMInternalModesDiscreteTransform.m,M-method,2,0.0134245416904477,0.0124301666886862,0.000994375001761496,0.00671227084522385,0.000497187500880748,0.0740714301233128,0,0,3,1,22,0,0,1
"/Users/jearly/Documents/OceanKitRepositories/oceankit-internal-modes-beta7/InternalModes-2.0.0-beta.7/@IMInternalModesDiscreteTransformAssessment/IMInternalModesDiscreteTransformAssessment.m>IMInternalModesDiscreteTransformAssessment.IMInternalModesDiscreteTransformAssessment","IMInternalModesDiscreteTransformAssessment.IMInternalModesDiscreteTransformAssessment>IMInternalModesDiscreteTransformAssessment.IMInternalModesDiscreteTransformAssessment",/Users/jearly/Documents/OceanKitRepositories/oceankit-internal-modes-beta7/InternalModes-2.0.0-beta.7/@IMInternalModesDiscreteTransformAssessment/IMInternalModesDiscreteTransformAssessment.m,M-method,3,0.00569366667675277,0.00170766666969173,0.00398600000706104,0.00189788889225092,0.00132866666902035,0.700076107956209,0,0,5,1,59,0,0,1
"/Users/jearly/Documents/OceanKitRepositories/wvm-v5-construction-optimization/@WVStratification/WVStratification.m>WVStratification.WVStratification","WVStratification.WVStratification>WVStratification.WVStratification",/Users/jearly/Documents/OceanKitRepositories/wvm-v5-construction-optimization/@WVStratification/WVStratification.m,M-method,1,0.0227935833737112,0.0216540000383592,0.00113958333535206,0.0227935833737112,0.00113958333535206,0.04999579560037,0,0,4,1,29,0,0,1
"/Applications/MATLAB_R2026a.app/toolbox/matlab/mathvalidator/mustBePositive.m>mustBePositive","mustBePositive",/Applications/MATLAB_R2026a.app/toolbox/matlab/mathvalidator/mustBePositive.m,M-function,8701,0.0122048333549537,0,0.0122048333549537,1.40269317951427e-06,1.40269317951427e-06,1,1,0,0,37,4,0,1,0
"/Users/jearly/Documents/OceanKitRepositories/oceankit-internal-modes-beta7/InternalModes-2.0.0-beta.7/@IMSolverSpectral/IMSolverSpectral.m>IMSolverSpectral.IMSolverSpectral","IMSolverSpectral.IMSolverSpectral>IMSolverSpectral.IMSolverSpectral",/Users/jearly/Documents/OceanKitRepositories/oceankit-internal-modes-beta7/InternalModes-2.0.0-beta.7/@IMSolverSpectral/IMSolverSpectral.m,M-method,10,0.00328070833914498,0.000331875000587903,0.00294883333855707,0.000328070833914498,0.000294883333855707,0.898840443501784,0,0,4,5,7,0,0,1
"/Users/jearly/Documents/OceanKitRepositories/wvm-v5-construction-optimization/+WVInternal/quadraticDealiasingPrefix.m>quadraticDealiasingPrefix","quadraticDealiasingPrefix",/Users/jearly/Documents/OceanKitRepositories/wvm-v5-construction-optimization/+WVInternal/quadraticDealiasingPrefix.m,M-function,571,0.0669796251186517,0.0606845417741669,0.00629508334448482,0.000117302320698164,1.10246643511118e-05,0.0939850489359015,0,0,3,2,22,0,0,1
"/Applications/MATLAB_R2026a.app/toolbox/matlab/mathvalidator/mustBeInteger.m>mustBeInteger","mustBeInteger",/Applications/MATLAB_R2026a.app/toolbox/matlab/mathvalidator/mustBeInteger.m,M-function,8690,0.0245193750434351,0,0.0245193750434351,2.82156214538954e-06,2.82156214538954e-06,1,1,0,0,33,4,0,1,0
"/Applications/MATLAB_R2026a.app/toolbox/matlab/mathvalidator/mustBeNonnegative.m>mustBeNonnegative","mustBeNonnegative",/Applications/MATLAB_R2026a.app/toolbox/matlab/mathvalidator/mustBeNonnegative.m,M-function,29816,0.034809125061663,0,0.034809125061663,1.16746461838151e-06,1.16746461838151e-06,1,1,0,0,17,4,0,1,0
"/Applications/MATLAB_R2026a.app/toolbox/matlab/ops/ismember.m>ismemberR2012a","ismember>ismemberR2012a",/Applications/MATLAB_R2026a.app/toolbox/matlab/ops/ismember.m,M-subfunction,33066,0.499931834218942,0.294574167188493,0.205357667030449,1.5119211099587e-05,6.21053852992347e-06,0.410771335158693,0,0,2,1,25,0,1,0
"/Applications/MATLAB_R2026a.app/toolbox/matlab/ops/ismember.m>ismemberClassTypes","ismember>ismemberClassTypes",/Applications/MATLAB_R2026a.app/toolbox/matlab/ops/ismember.m,M-subfunction,11885,0.214485167046618,0.157883291946351,0.056601875100268,1.80467115731273e-05,4.76246319733008e-06,0.263896454377964,0,0,2,1,54,0,1,0
"/Applications/MATLAB_R2026a.app/toolbox/matlab/ops/ismember.m>ismemberBuiltinTypes","ismember>ismemberBuiltinTypes",/Applications/MATLAB_R2026a.app/toolbox/matlab/ops/ismember.m,M-subfunction,23678,0.0925956668306961,0,0.0925956668306961,3.91062027327883e-06,3.91062027327883e-06,1,1,0,0,2,49,0,1,0
"/Applications/MATLAB_R2026a.app/toolbox/matlab/ops/unique.m>unique","unique",/Applications/MATLAB_R2026a.app/toolbox/matlab/ops/unique.m,M-function,19326,0.27929691716143,0.133208375235973,0.146088541925457,1.44518740122855e-05,7.55917116451706e-06,0.523058197026283,0,1,3,19,80,0,1,0
"/Applications/MATLAB_R2026a.app/toolbox/matlab/ops/unique.m>convertFlag","unique>convertFlag",/Applications/MATLAB_R2026a.app/toolbox/matlab/ops/unique.m,M-subfunction,6997,0.0239957917091742,0,0.0239957917091742,3.42944000416954e-06,3.42944000416954e-06,1,1,0,0,1,4,0,1,0
"/Applications/MATLAB_R2026a.app/toolbox/matlab/ops/unique.m>uniqueR2012a","unique>uniqueR2012a",/Applications/MATLAB_R2026a.app/toolbox/matlab/ops/unique.m,M-subfunction,12329,0.109212583526799,0,0.109212583526799,8.85818667586982e-06,8.85818667586982e-06,1,1,0,0,1,67,0,1,0
"/Applications/MATLAB_R2026a.app/toolbox/matlab/ops/setdiff.m>setdiffR2012a","setdiff>setdiffR2012a",/Applications/MATLAB_R2026a.app/toolbox/matlab/ops/setdiff.m,M-subfunction,1269,0.0926024584973748,0.0710177917924718,0.021584666704903,7.29727805337863e-05,1.7009193620885e-05,0.233089564306923,0,0,2,1,36,0,1,0
"/Users/jearly/Documents/OceanKitRepositories/wvm-v5-construction-optimization/FastTransforms/WVFourierStorageLayout.m>WVFourierStorageLayout.hermitianBoundaryMappings","WVFourierStorageLayout>WVFourierStorageLayout.hermitianBoundaryMappings",/Users/jearly/Documents/OceanKitRepositories/wvm-v5-construction-optimization/FastTransforms/WVFourierStorageLayout.m,M-method,2,0.00601695834399213,0.00555929167651473,0.000457666667477405,0.00300847917199607,0.000228833333738702,0.0760627947398672,0,0,3,1,19,0,0,1
"/Users/jearly/Documents/OceanKitRepositories/chebfun/@chebfun/chebfun.m>chebfun.chebfun","chebfun.chebfun>chebfun.chebfun",/Users/jearly/Documents/OceanKitRepositories/chebfun/@chebfun/chebfun.m,M-method,45,0.132952958568854,0.107020583522916,0.0259323750459382,0.00295451019041898,0.000576275001020848,0.195049251442631,0,0,8,4,28,0,1,0
"/Users/jearly/Documents/OceanKitRepositories/oceankit-internal-modes-beta7/InternalModes-2.0.0-beta.7/@IMProjection/initializeProjection.m>initializeProjection","IMProjection.initializeProjection",/Users/jearly/Documents/OceanKitRepositories/oceankit-internal-modes-beta7/InternalModes-2.0.0-beta.7/@IMProjection/initializeProjection.m,M-function,8,0.0156105416943201,0.00776375001375317,0.00784679168056694,0.00195131771179001,0.000980848960070868,0.502659794529872,0,0,4,1,46,0,0,1
"/Applications/MATLAB_R2026a.app/toolbox/matlab/ops/union.m>unionR2012a","union>unionR2012a",/Applications/MATLAB_R2026a.app/toolbox/matlab/ops/union.m,M-subfunction,572,0.0194671250344852,0.0158817916948006,0.0035853333396846,3.40334353749742e-05,6.26806527916889e-06,0.184173745909236,0,0,1,1,18,0,1,0
"/Users/jearly/Documents/OceanKitRepositories/oceankit-internal-modes-beta7/InternalModes-2.0.0-beta.7/@IMBasisCollection/IMBasisCollection.m>IMBasisCollection.describeBasis","IMBasisCollection.IMBasisCollection>IMBasisCollection.describeBasis",/Users/jearly/Documents/OceanKitRepositories/oceankit-internal-modes-beta7/InternalModes-2.0.0-beta.7/@IMBasisCollection/IMBasisCollection.m,M-method,1140,0.0491415000870522,0.0122158750216399,0.0369256250654123,4.310657902373e-05,3.23908991801862e-05,0.751414283243287,0,0,1,1,18,0,0,1
"/Users/jearly/Documents/OceanKitRepositories/wvm-v5-construction-optimization/+WVInternal/buildFreeSurfaceWaveState.m>buildFreeSurfaceWaveState","buildFreeSurfaceWaveState",/Users/jearly/Documents/OceanKitRepositories/wvm-v5-construction-optimization/+WVInternal/buildFreeSurfaceWaveState.m,M-function,1,5.85589184370681,5.74772638518186,0.108165458524945,5.85589184370681,0.108165458524945,0.0184712186310592,0,0,7,1,46,0,0,1
"/Users/jearly/Documents/OceanKitRepositories/wvm-v5-construction-optimization/+WVInternal/prepareWaveModeConvergenceBatches.m>preparePlan","prepareWaveModeConvergenceBatches>preparePlan",/Users/jearly/Documents/OceanKitRepositories/wvm-v5-construction-optimization/+WVInternal/prepareWaveModeConvergenceBatches.m,M-subfunction,2,1.97532083683253,1.94863146178525,0.0266893750472796,0.987660418416267,0.0133446875236398,0.013511412703,0,0,6,1,22,0,0,1
"/Users/jearly/Documents/OceanKitRepositories/wvm-v5-construction-optimization/+WVInternal/prepareWaveModeConvergenceBatches.m>prepareChunk","prepareWaveModeConvergenceBatches>prepareChunk",/Users/jearly/Documents/OceanKitRepositories/wvm-v5-construction-optimization/+WVInternal/prepareWaveModeConvergenceBatches.m,M-subfunction,72,0.342963542274213,0.131604416899799,0.211359125374414,0.00476338253158629,0.00293554340797797,0.616272866710201,0,0,6,1,50,0,0,1
"/Users/jearly/Documents/OceanKitRepositories/wvm-v5-construction-optimization/+WVInternal/summarizeModeConvergence.m>summarizeModeConvergence","summarizeModeConvergence",/Users/jearly/Documents/OceanKitRepositories/wvm-v5-construction-optimization/+WVInternal/summarizeModeConvergence.m,M-function,570,0.185854375329234,0.124880291887887,0.0609740834413465,0.000326060307595147,0.000106972076212889,0.328074511742505,0,0,5,1,22,0,0,1
"/Applications/MATLAB_R2026a.app/toolbox/matlab/ops/intersect.m>intersectR2012a","intersect>intersectR2012a",/Applications/MATLAB_R2026a.app/toolbox/matlab/ops/intersect.m,M-subfunction,9,0.00669666667852954,0.00533879167612412,0.00135787500240542,0.000744074075392171,0.000150875000267269,0.202768790443007,0,0,2,1,26,0,1,0
"/Users/jearly/Documents/OceanKitRepositories/wvm-v5-construction-optimization/@WVTransformFreeSurfaceBoussinesq/operationForKnownVariable.m>operationForKnownVariable","WVTransformFreeSurfaceBoussinesq.operationForKnownVariable",/Users/jearly/Documents/OceanKitRepositories/wvm-v5-construction-optimization/@WVTransformFreeSurfaceBoussinesq/operationForKnownVariable.m,M-function,7,0.0497042084213823,0.0303754583871422,0.0193287500342401,0.00710060120305462,0.00276125000489144,0.38887552278018,0,0,6,2,56,0,0,1
"/Users/jearly/Documents/OceanKitRepositories/wvm-v5-construction-optimization/@WVTransform/addOperation.m>addOperation","WVTransform.addOperation",/Users/jearly/Documents/OceanKitRepositories/wvm-v5-construction-optimization/@WVTransform/addOperation.m,M-function,7,0.0883506668231763,0.0711169584593142,0.0172337083638621,0.0126215238318823,0.00246195833769459,0.195060308920514,0,0,11,2,65,0,0,1
"/Applications/MATLAB_R2026a.app/toolbox/matlab/ops/ismember.m>ismember","ismember",/Applications/MATLAB_R2026a.app/toolbox/matlab/ops/ismember.m,M-function,33066,0.764685918021277,0.499931834218942,0.264754083802334,2.31260484492009e-05,8.00683734961393e-06,0.346225917808739,0,0,1,24,19,0,1,0
"/Applications/MATLAB_R2026a.app/toolbox/matlab/mathvalidator/mustBeMember.m>mustBeMember","mustBeMember",/Applications/MATLAB_R2026a.app/toolbox/matlab/mathvalidator/mustBeMember.m,M-function,55596,0.144136125255331,0.00620629167766086,0.13792983357767,2.59256286882746e-06,2.48093088671254e-06,0.9569414560946,0,0,1,39,8,0,1,0
"/Users/jearly/Documents/OceanKitRepositories/chebfun/@chebfun/feval.m>columnFeval","chebfun.feval>columnFeval",/Users/jearly/Documents/OceanKitRepositories/chebfun/@chebfun/feval.m,M-subfunction,17508,1.38651462745615,1.23206596051589,0.154448666940266,7.91932046753572e-05,8.82160537698572e-06,0.111393463784536,0,0,2,1,29,0,1,0
"/Users/jearly/Documents/OceanKitRepositories/oceankit-internal-modes-beta7/InternalModes-2.0.0-beta.7/@IMInternalModesBasis/IMInternalModesBasis.m>IMInternalModesBasis.canonicalDiscreteVariables","IMInternalModesBasis.IMInternalModesBasis>IMInternalModesBasis.canonicalDiscreteVariables",/Users/jearly/Documents/OceanKitRepositories/oceankit-internal-modes-beta7/InternalModes-2.0.0-beta.7/@IMInternalModesBasis/IMInternalModesBasis.m,M-method,6,0.00479704167516443,0.00435520834104841,0.000441833334116024,0.000799506945860739,7.36388890193373e-05,0.0921053774461692,0,0,1,2,6,0,0,1
"/Users/jearly/Documents/OceanKitRepositories/wvm-v5-construction-optimization/+WVInternal/compareResolvedModes.m>compareResolvedModes","compareResolvedModes",/Users/jearly/Documents/OceanKitRepositories/wvm-v5-construction-optimization/+WVInternal/compareResolvedModes.m,M-function,2,0.229820167073784,0.22029083372357,0.00952933335021414,0.114910083536892,0.00476466667510707,0.0414643043365065,0,0,12,1,17,0,0,1
"/Users/jearly/Documents/OceanKitRepositories/oceankit-internal-modes-beta7/InternalModes-2.0.0-beta.7/@IMGeostrophicZeroAPVModesBasis/IMGeostrophicZeroAPVModesBasis.m>IMGeostrophicZeroAPVModesBasis.formCanonicalQuadraticMatrices","IMGeostrophicZeroAPVModesBasis.IMGeostrophicZeroAPVModesBasis>IMGeostrophicZeroAPVModesBasis.formCanonicalQuadraticMatrices",/Users/jearly/Documents/OceanKitRepositories/oceankit-internal-modes-beta7/InternalModes-2.0.0-beta.7/@IMGeostrophicZeroAPVModesBasis/IMGeostrophicZeroAPVModesBasis.m,M-method,2,1.3110302939891,1.29131912728752,0.0197111667015841,0.655515146994552,0.00985558335079206,0.0150348674565013,0,0,5,1,41,0,0,1
"/Users/jearly/Documents/OceanKitRepositories/wvm-v5-construction-optimization/+WVInternal/assessFreeSurfaceBoundaryGrid.m>assessFreeSurfaceBoundaryGrid","assessFreeSurfaceBoundaryGrid",/Users/jearly/Documents/OceanKitRepositories/wvm-v5-construction-optimization/+WVInternal/assessFreeSurfaceBoundaryGrid.m,M-function,1,1.497259794319,1.4737963359441,0.0234634583748976,1.497259794319,0.0234634583748976,0.0156709333035751,0,0,14,1,34,0,0,1
"/Users/jearly/Documents/OceanKitRepositories/oceankit-internal-modes-beta7/InternalModes-2.0.0-beta.7/@IMBasisCollection/evaluateChunks.m>prepareNativeGroups","IMBasisCollection.evaluateChunks>prepareNativeGroups",/Users/jearly/Documents/OceanKitRepositories/oceankit-internal-modes-beta7/InternalModes-2.0.0-beta.7/@IMBasisCollection/evaluateChunks.m,M-subfunction,3,2.01452900356866,1.98940400352415,0.025125000044508,0.671509667856219,0.00837500001483601,0.012471897897722,0,0,3,1,22,0,0,1
"/Users/jearly/Documents/OceanKitRepositories/wvm-v5-construction-optimization/@WVTransformFreeSurfaceBoussinesq/WVTransformFreeSurfaceBoussinesq.m>WVTransformFreeSurfaceBoussinesq.validateCoefficient","WVTransformFreeSurfaceBoussinesq.WVTransformFreeSurfaceBoussinesq>WVTransformFreeSurfaceBoussinesq.validateCoefficient",/Users/jearly/Documents/OceanKitRepositories/wvm-v5-construction-optimization/@WVTransformFreeSurfaceBoussinesq/WVTransformFreeSurfaceBoussinesq.m,M-method,6,0.00235970833751346,0.000919125001628193,0.00144058333588527,0.00039328472291891,0.000240097222647545,0.610492115904155,0,0,2,6,12,0,0,1
"/Users/jearly/Documents/OceanKitRepositories/wvm-v5-construction-optimization/WVFlowComponent.m>WVFlowComponent.WVFlowComponent","WVFlowComponent>WVFlowComponent.WVFlowComponent",/Users/jearly/Documents/OceanKitRepositories/wvm-v5-construction-optimization/WVFlowComponent.m,M-method,6,0.0230173333741076,0.0173790416974529,0.00563829167665467,0.00383622222901794,0.000939715279442446,0.244958509529051,0,0,3,1,25,0,0,1
"/Users/jearly/Documents/OceanKitRepositories/wvm-v5-construction-optimization/WVFlowComponent.m>WVFlowComponent.get.coefficientMasks","WVFlowComponent>WVFlowComponent.get.coefficientMasks",/Users/jearly/Documents/OceanKitRepositories/wvm-v5-construction-optimization/WVFlowComponent.m,M-method,6,0.0127446666892433,0.00986525001747589,0.00287941667176744,0.00212411111487389,0.000479902778627906,0.225931108437516,0,0,2,1,12,0,0,1
"/Users/jearly/Documents/OceanKitRepositories/wvm-v5-construction-optimization/FastTransforms/WVFourierStorageLayout.m>WVFourierStorageLayout.WVFourierStorageLayout","WVFourierStorageLayout>WVFourierStorageLayout.WVFourierStorageLayout",/Users/jearly/Documents/OceanKitRepositories/wvm-v5-construction-optimization/FastTransforms/WVFourierStorageLayout.m,M-method,2,0.0147025000260449,0.0131044166898806,0.00159808333616427,0.00735125001302244,0.000799041668082136,0.108694666439948,0,0,9,1,25,0,0,1
"/Users/jearly/Documents/OceanKitRepositories/oceankit-internal-modes-beta7/InternalModes-2.0.0-beta.7/@IMEigenvalueProblem/IMEigenvalueProblem.m>IMEigenvalueProblem.weightForBoundary","IMEigenvalueProblem.IMEigenvalueProblem>IMEigenvalueProblem.weightForBoundary",/Users/jearly/Documents/OceanKitRepositories/oceankit-internal-modes-beta7/InternalModes-2.0.0-beta.7/@IMEigenvalueProblem/IMEigenvalueProblem.m,M-method,2288,0.125832041889573,0.105794208520743,0.0200378333688295,5.49965218048833e-05,8.75779430455837e-06,0.159242694213086,0,0,4,1,17,0,0,1
"/Users/jearly/Documents/OceanKitRepositories/oceankit-internal-modes-beta7/InternalModes-2.0.0-beta.7/@IMBoundaryCondition/IMBoundaryCondition.m>IMBoundaryCondition.endpointWeightCoefficient","IMBoundaryCondition.IMBoundaryCondition>IMBoundaryCondition.endpointWeightCoefficient",/Users/jearly/Documents/OceanKitRepositories/oceankit-internal-modes-beta7/InternalModes-2.0.0-beta.7/@IMBoundaryCondition/IMBoundaryCondition.m,M-method,3432,0.0674788751195361,0.0565989167669294,0.0108799583526067,1.96616768996317e-05,3.17015103514182e-06,0.161235028493485,0,0,3,2,10,0,0,1
"/Users/jearly/Documents/OceanKitRepositories/oceankit-internal-modes-beta7/InternalModes-2.0.0-beta.7/@IMBoundaryCondition/IMBoundaryCondition.m>IMBoundaryCondition.determinant","IMBoundaryCondition.IMBoundaryCondition>IMBoundaryCondition.determinant",/Users/jearly/Documents/OceanKitRepositories/oceankit-internal-modes-beta7/InternalModes-2.0.0-beta.7/@IMBoundaryCondition/IMBoundaryCondition.m,M-method,4576,0.054488208429857,0.0420148750744277,0.0124733333554293,1.19073882058254e-05,2.72581585564452e-06,0.228918030430131,0,0,3,2,6,0,0,1
"/Users/jearly/Documents/OceanKitRepositories/oceankit-internal-modes-beta7/InternalModes-2.0.0-beta.7/@IMBoundaryCondition/IMBoundaryCondition.m>IMBoundaryCondition.endpointSign","IMBoundaryCondition.IMBoundaryCondition>IMBoundaryCondition.endpointSign",/Users/jearly/Documents/OceanKitRepositories/oceankit-internal-modes-beta7/InternalModes-2.0.0-beta.7/@IMBoundaryCondition/IMBoundaryCondition.m,M-method,4580,0.02569445837885,0.0164350833624474,0.00925937501640261,5.61014375084062e-06,2.02169760183463e-06,0.360364670073151,0,0,2,2,10,0,0,1
"/Users/jearly/Documents/OceanKitRepositories/oceankit-internal-modes-beta7/InternalModes-2.0.0-beta.7/@IMEigenvalueProblem/IMEigenvalueProblem.m>IMEigenvalueProblem.applyBoundaryRow","IMEigenvalueProblem.IMEigenvalueProblem>IMEigenvalueProblem.applyBoundaryRow",/Users/jearly/Documents/OceanKitRepositories/oceankit-internal-modes-beta7/InternalModes-2.0.0-beta.7/@IMEigenvalueProblem/IMEigenvalueProblem.m,M-method,12,0.003897541673571,0.000645875001144141,0.00325166667242686,0.00032479513946425,0.000270972222702239,0.834286569525663,0,0,4,1,16,0,0,1
"/Users/jearly/Documents/OceanKitRepositories/oceankit-internal-modes-beta7/InternalModes-2.0.0-beta.7/@IMEigenvalueProblem/IMEigenvalueProblem.m>IMEigenvalueProblem.endpointWeights","IMEigenvalueProblem.IMEigenvalueProblem>IMEigenvalueProblem.endpointWeights",/Users/jearly/Documents/OceanKitRepositories/oceankit-internal-modes-beta7/InternalModes-2.0.0-beta.7/@IMEigenvalueProblem/IMEigenvalueProblem.m,M-method,16074,0.127326083558886,0.0712368334595265,0.0560892500993598,7.92124446677158e-06,3.48943947364438e-06,0.440516573914876,0,0,2,3,14,0,0,1
"/Users/jearly/Documents/OceanKitRepositories/oceankit-internal-modes-beta7/InternalModes-2.0.0-beta.7/@IMEigenvalueProblem/IMEigenvalueProblem.m>IMEigenvalueProblem.isDegenerateEndpointMetric","IMEigenvalueProblem.IMEigenvalueProblem>IMEigenvalueProblem.isDegenerateEndpointMetric",/Users/jearly/Documents/OceanKitRepositories/oceankit-internal-modes-beta7/InternalModes-2.0.0-beta.7/@IMEigenvalueProblem/IMEigenvalueProblem.m,M-method,3432,0.168003833630945,0.152577333603618,0.0154265000273274,4.89521659763827e-05,4.49490094036347e-06,0.091822309609999,0,0,4,2,7,0,0,1
"/Users/jearly/Documents/OceanKitRepositories/oceankit-internal-modes-beta7/InternalModes-2.0.0-beta.7/@IMBoundaryCondition/IMBoundaryCondition.m>IMBoundaryCondition.robinEnergyCoefficient","IMBoundaryCondition.IMBoundaryCondition>IMBoundaryCondition.robinEnergyCoefficient",/Users/jearly/Documents/OceanKitRepositories/oceankit-internal-modes-beta7/InternalModes-2.0.0-beta.7/@IMBoundaryCondition/IMBoundaryCondition.m,M-method,4,0.000940250001665615,0.000272125000482058,0.000668125001183556,0.000235062500416404,0.000167031250295889,0.710582291943632,0,0,3,1,8,0,0,1
"/Users/jearly/Documents/OceanKitRepositories/oceankit-internal-modes-beta7/InternalModes-2.0.0-beta.7/@IMInternalModes/IMInternalModes.m>IMInternalModes.innerProduct","IMInternalModes.IMInternalModes>IMInternalModes.innerProduct",/Users/jearly/Documents/OceanKitRepositories/oceankit-internal-modes-beta7/InternalModes-2.0.0-beta.7/@IMInternalModes/IMInternalModes.m,M-method,6904,0.752506584666368,0.659906959502332,0.0925996251640365,0.000108995739378095,1.34124601917782e-05,0.123054903506381,0,0,7,8,29,0,0,1
"/Users/jearly/Documents/OceanKitRepositories/oceankit-internal-modes-beta7/InternalModes-2.0.0-beta.7/IMHydrostaticInnerProductCatalog.m>IMHydrostaticInnerProductCatalog.resolve","IMHydrostaticInnerProductCatalog>IMHydrostaticInnerProductCatalog.resolve",/Users/jearly/Documents/OceanKitRepositories/oceankit-internal-modes-beta7/InternalModes-2.0.0-beta.7/IMHydrostaticInnerProductCatalog.m,M-method,11,0.00837045834816126,0.00540995834291686,0.00296050000524441,0.000760950758923751,0.000269136364113128,0.353684336281864,0,0,4,1,22,0,0,1
"/Users/jearly/Documents/OceanKitRepositories/oceankit-internal-modes-beta7/InternalModes-2.0.0-beta.7/@IMInternalModes/IMInternalModes.m>IMInternalModes.majorantInnerProduct","IMInternalModes.IMInternalModes>IMInternalModes.majorantInnerProduct",/Users/jearly/Documents/OceanKitRepositories/oceankit-internal-modes-beta7/InternalModes-2.0.0-beta.7/@IMInternalModes/IMInternalModes.m,M-method,7,0.00563154167664272,0.0035691666729893,0.00206237500365341,0.000804505953806102,0.000294625000521916,0.366218545839283,0,0,4,1,18,0,0,1
"/Users/jearly/Documents/OceanKitRepositories/oceankit-internal-modes-beta7/InternalModes-2.0.0-beta.7/@IMInternalModesDiscreteTransform/IMInternalModesDiscreteTransform.m>IMInternalModesDiscreteTransform.inverseMatrix","IMInternalModesDiscreteTransform.IMInternalModesDiscreteTransform>IMInternalModesDiscreteTransform.inverseMatrix",/Users/jearly/Documents/OceanKitRepositories/oceankit-internal-modes-beta7/InternalModes-2.0.0-beta.7/@IMInternalModesDiscreteTransform/IMInternalModesDiscreteTransform.m,M-method,9,0.00196462500348025,0.000134458333571521,0.00183016666990873,0.000218291667053362,0.000203351852212081,0.931560306250133,0,0,2,2,6,0,0,1
"/Users/jearly/Documents/OceanKitRepositories/oceankit-internal-modes-beta7/InternalModes-2.0.0-beta.7/@IMInternalModesDiscreteTransform/IMInternalModesDiscreteTransform.m>IMInternalModesDiscreteTransform.metricMatrix","IMInternalModesDiscreteTransform.IMInternalModesDiscreteTransform>IMInternalModesDiscreteTransform.metricMatrix",/Users/jearly/Documents/OceanKitRepositories/oceankit-internal-modes-beta7/InternalModes-2.0.0-beta.7/@IMInternalModesDiscreteTransform/IMInternalModesDiscreteTransform.m,M-method,5,0.00120000000212575,0.000393083334029665,0.000806916668096087,0.00024000000042515,0.000161383333619217,0.672430555555556,0,0,3,1,7,0,0,1
"/Users/jearly/Documents/OceanKitRepositories/oceankit-internal-modes-beta7/InternalModes-2.0.0-beta.7/@IMInternalModesDiscreteTransform/IMInternalModesDiscreteTransform.m>IMInternalModesDiscreteTransform.gramMatrix","IMInternalModesDiscreteTransform.IMInternalModesDiscreteTransform>IMInternalModesDiscreteTransform.gramMatrix",/Users/jearly/Documents/OceanKitRepositories/oceankit-internal-modes-beta7/InternalModes-2.0.0-beta.7/@IMInternalModesDiscreteTransform/IMInternalModesDiscreteTransform.m,M-method,5,0.00103187500182792,0.000122000000216118,0.000909875001611807,0.000206375000365585,0.000181975000322361,0.881768625075712,0,0,3,1,7,0,0,1
"/Users/jearly/Documents/OceanKitRepositories/oceankit-internal-modes-beta7/InternalModes-2.0.0-beta.7/@IMInternalModesDiscreteTransform/IMInternalModesDiscreteTransform.m>IMInternalModesDiscreteTransform.targetGramMatrix","IMInternalModesDiscreteTransform.IMInternalModesDiscreteTransform>IMInternalModesDiscreteTransform.targetGramMatrix",/Users/jearly/Documents/OceanKitRepositories/oceankit-internal-modes-beta7/InternalModes-2.0.0-beta.7/@IMInternalModesDiscreteTransform/IMInternalModesDiscreteTransform.m,M-method,5,0.00089183333491318,0.000130500000231175,0.000761333334682004,0.000178366666982636,0.000152266666936401,0.853672210801719,0,0,3,1,7,0,0,1
"/Users/jearly/Documents/OceanKitRepositories/oceankit-internal-modes-beta7/InternalModes-2.0.0-beta.7/@IMInternalModesDiscreteTransform/IMInternalModesDiscreteTransform.m>IMInternalModesDiscreteTransform.activeModeMask","IMInternalModesDiscreteTransform.IMInternalModesDiscreteTransform>IMInternalModesDiscreteTransform.activeModeMask",/Users/jearly/Documents/OceanKitRepositories/oceankit-internal-modes-beta7/InternalModes-2.0.0-beta.7/@IMInternalModesDiscreteTransform/IMInternalModesDiscreteTransform.m,M-method,5,0.000893208334915616,0.000162708333621565,0.000730500001294051,0.000178641666983123,0.00014610000025881,0.817838316928675,0,0,3,1,7,0,0,1
"/Users/jearly/Documents/OceanKitRepositories/oceankit-internal-modes-beta7/InternalModes-2.0.0-beta.7/@IMBoundaryCondition/IMBoundaryCondition.m>IMBoundaryCondition.endpointNumeratorMatrix","IMBoundaryCondition.IMBoundaryCondition>IMBoundaryCondition.endpointNumeratorMatrix",/Users/jearly/Documents/OceanKitRepositories/oceankit-internal-modes-beta7/InternalModes-2.0.0-beta.7/@IMBoundaryCondition/IMBoundaryCondition.m,M-method,1144,0.0222598750394325,0.0165518333626542,0.00570804167677823,1.94579327267766e-05,4.98954692026069e-06,0.256427390839646,0,0,3,1,7,0,0,1
"/Users/jearly/Documents/OceanKitRepositories/oceankit-internal-modes-beta7/InternalModes-2.0.0-beta.7/@IMMeanDensityAnomalyModes/IMMeanDensityAnomalyModes.m>IMMeanDensityAnomalyModes.innerProduct","IMMeanDensityAnomalyModes.IMMeanDensityAnomalyModes>IMMeanDensityAnomalyModes.innerProduct",/Users/jearly/Documents/OceanKitRepositories/oceankit-internal-modes-beta7/InternalModes-2.0.0-beta.7/@IMMeanDensityAnomalyModes/IMMeanDensityAnomalyModes.m,M-method,41,0.0170837500302632,0.0153407500271755,0.00174300000308765,0.000416676830006419,4.25121951972597e-05,0.102026779834638,0,0,3,6,10,0,0,1
"/Users/jearly/Documents/OceanKitRepositories/oceankit-internal-modes-beta7/InternalModes-2.0.0-beta.7/@IMInternalModesBasis/IMInternalModesBasis.m>IMInternalModesBasis.innerProductNormFactors","IMInternalModesBasis.IMInternalModesBasis>IMInternalModesBasis.innerProductNormFactors",/Users/jearly/Documents/OceanKitRepositories/oceankit-internal-modes-beta7/InternalModes-2.0.0-beta.7/@IMInternalModesBasis/IMInternalModesBasis.m,M-method,2286,2.30238542074525,2.21597725392551,0.0864081668197354,0.00100716772561035,3.77988481276183e-05,0.037529844500043,0,0,11,2,25,0,0,1
"/Users/jearly/Documents/OceanKitRepositories/oceankit-internal-modes-beta7/InternalModes-2.0.0-beta.7/@IMInternalModesDiscreteTransform/IMInternalModesDiscreteTransform.m>IMInternalModesDiscreteTransform.forwardMatrix","IMInternalModesDiscreteTransform.IMInternalModesDiscreteTransform>IMInternalModesDiscreteTransform.forwardMatrix",/Users/jearly/Documents/OceanKitRepositories/oceankit-internal-modes-beta7/InternalModes-2.0.0-beta.7/@IMInternalModesDiscreteTransform/IMInternalModesDiscreteTransform.m,M-method,3,0.000650333334485372,0.000117916666875551,0.000532416667609821,0.000216777778161791,0.000177472222536607,0.818682726806766,0,0,3,1,7,0,0,1
"/Users/jearly/Documents/OceanKitRepositories/oceankit-internal-modes-beta7/InternalModes-2.0.0-beta.7/@IMInternalModesDiscreteTransform/IMInternalModesDiscreteTransform.m>IMInternalModesDiscreteTransform.endpointValues","IMInternalModesDiscreteTransform.IMInternalModesDiscreteTransform>IMInternalModesDiscreteTransform.endpointValues",/Users/jearly/Documents/OceanKitRepositories/oceankit-internal-modes-beta7/InternalModes-2.0.0-beta.7/@IMInternalModesDiscreteTransform/IMInternalModesDiscreteTransform.m,M-method,2,0.000427000000756413,0.000154083333606286,0.000272916667150127,0.000213500000378207,0.000136458333575064,0.639149102263856,0,0,2,1,6,0,0,1
"/Users/jearly/Documents/OceanKitRepositories/oceankit-internal-modes-beta7/InternalModes-2.0.0-beta.7/@IMInternalModesDiscreteTransform/IMInternalModesDiscreteTransform.m>IMInternalModesDiscreteTransform.modeProjectionFunctional","IMInternalModesDiscreteTransform.IMInternalModesDiscreteTransform>IMInternalModesDiscreteTransform.modeProjectionFunctional",/Users/jearly/Documents/OceanKitRepositories/oceankit-internal-modes-beta7/InternalModes-2.0.0-beta.7/@IMInternalModesDiscreteTransform/IMInternalModesDiscreteTransform.m,M-method,2,0.0004485000007945,3.65000000646583e-05,0.000412000000729841,0.00022425000039725,0.000206000000364921,0.918617614269788,0,0,3,1,12,0,0,1
"/Users/jearly/Documents/OceanKitRepositories/oceankit-internal-modes-beta7/InternalModes-2.0.0-beta.7/@IMInternalModesDiscreteTransform/IMInternalModesDiscreteTransform.m>IMInternalModesDiscreteTransform.channelDiagnostics","IMInternalModesDiscreteTransform.IMInternalModesDiscreteTransform>IMInternalModesDiscreteTransform.channelDiagnostics",/Users/jearly/Documents/OceanKitRepositories/oceankit-internal-modes-beta7/InternalModes-2.0.0-beta.7/@IMInternalModesDiscreteTransform/IMInternalModesDiscreteTransform.m,M-method,3,0.00183333333658101,0.00118458333543177,0.000648750001149234,0.00061111111219367,0.000216250000383078,0.353863636363636,0,0,4,1,7,0,0,1
"/Users/jearly/Documents/OceanKitRepositories/wvm-v5-construction-optimization/WVVariableAnnotation.m>WVVariableAnnotation.WVVariableAnnotation","WVVariableAnnotation>WVVariableAnnotation.WVVariableAnnotation",/Users/jearly/Documents/OceanKitRepositories/wvm-v5-construction-optimization/WVVariableAnnotation.m,M-method,207,0.0560910834326964,0.0406648750720362,0.0154262083606602,0.000270971417549258,7.45227457036727e-05,0.275020688077279,0,0,2,4,10,0,0,1
"/Users/jearly/Documents/OceanKitRepositories/wvm-v5-construction-optimization/WVCoefficientAnnotation.m>WVCoefficientAnnotation.WVCoefficientAnnotation","WVCoefficientAnnotation>WVCoefficientAnnotation.WVCoefficientAnnotation",/Users/jearly/Documents/OceanKitRepositories/wvm-v5-construction-optimization/WVCoefficientAnnotation.m,M-method,90,0.0547453750969792,0.028418208383675,0.0263271667133042,0.000608281945521991,0.000292524074592269,0.480902115779948,0,0,3,2,34,0,0,1
"/Users/jearly/Documents/OceanKitRepositories/wvm-v5-construction-optimization/ArgumentValidationFunctions/mustBeSupportedLatitude.m>mustBeSupportedLatitude","mustBeSupportedLatitude",/Users/jearly/Documents/OceanKitRepositories/wvm-v5-construction-optimization/ArgumentValidationFunctions/mustBeSupportedLatitude.m,M-function,1,4.65833334158538e-05,2.07916667034983e-05,2.57916667123556e-05,4.65833334158538e-05,2.57916667123556e-05,0.553667262969589,0,0,2,1,3,0,0,1
"/Applications/MATLAB_R2026a.app/toolbox/matlab/mathvalidator/mustBeGreaterThanOrEqual.m>mustBeGreaterThanOrEqual","mustBeGreaterThanOrEqual",/Applications/MATLAB_R2026a.app/toolbox/matlab/mathvalidator/mustBeGreaterThanOrEqual.m,M-function,14,0.000193625000342999,0,0.000193625000342999,1.38303571673571e-05,1.38303571673571e-05,1,1,0,0,4,6,0,1,0
"/Applications/MATLAB_R2026a.app/toolbox/matlab/mathvalidator/mustBeLessThanOrEqual.m>mustBeLessThanOrEqual","mustBeLessThanOrEqual",/Applications/MATLAB_R2026a.app/toolbox/matlab/mathvalidator/mustBeLessThanOrEqual.m,M-function,1717,0.00332387500588811,0,0.00332387500588811,1.9358619719791e-06,1.9358619719791e-06,1,1,0,0,3,6,0,1,0
"/Applications/MATLAB_R2026a.app/toolbox/matlab/mathvalidator/mustBeGreaterThan.m>mustBeGreaterThan","mustBeGreaterThan",/Applications/MATLAB_R2026a.app/toolbox/matlab/mathvalidator/mustBeGreaterThan.m,M-function,1,2.06666667032768e-05,0,2.06666667032768e-05,2.06666667032768e-05,2.06666667032768e-05,1,1,0,0,1,6,0,1,0
"/Users/jearly/Documents/OceanKitRepositories/chebfun/@chebfunpref/chebfunpref.m>chebfunpref.chebfunpref","chebfunpref.chebfunpref>chebfunpref.chebfunpref",/Users/jearly/Documents/OceanKitRepositories/chebfun/@chebfunpref/chebfunpref.m,M-method,171,0.00519675000920583,0.00077662500137576,0.00442012500783007,3.03903509310283e-05,2.58486842563162e-05,0.850555635733872,0,0,1,9,16,0,1,0
"/Users/jearly/Documents/OceanKitRepositories/chebfun/@chebfunpref/chebfunpref.m>chebfunpref.manageDefaultPrefs","chebfunpref.chebfunpref>chebfunpref.manageDefaultPrefs",/Users/jearly/Documents/OceanKitRepositories/chebfun/@chebfunpref/chebfunpref.m,M-method,49,0.00077662500137576,0,0.00077662500137576,1.58494898239951e-05,1.58494898239951e-05,1,1,0,0,1,7,0,1,0
"/Users/jearly/Documents/OceanKitRepositories/chebfun/@chebfun/chebfun.m>parseInputs","chebfun.chebfun>parseInputs",/Users/jearly/Documents/OceanKitRepositories/chebfun/@chebfun/chebfun.m,M-subfunction,24,0.0126516250224118,0.00673391667859553,0.00591770834381632,0.000527151042600493,0.000246571180992346,0.467742944746887,0,0,3,1,58,0,1,0
"/Users/jearly/Documents/OceanKitRepositories/chebfun/@fun/fun.m>fun.constructor","fun.fun>fun.constructor",/Users/jearly/Documents/OceanKitRepositories/chebfun/@fun/fun.m,M-method,24,0.0655700834494881,0.0640109584467262,0.00155912500276192,0.00273208681039534,6.49635417817468e-05,0.0237779932667464,0,0,2,1,13,0,1,0
"/Users/jearly/Documents/OceanKitRepositories/chebfun/@classicfun/classicfun.m>classicfun.constructor","classicfun.classicfun>classicfun.constructor",/Users/jearly/Documents/OceanKitRepositories/chebfun/@classicfun/classicfun.m,M-method,24,0.0635110417791739,0.0617373751093653,0.00177366666980865,0.00264629340746558,7.39027779086936e-05,0.0279269024743073,0,0,3,1,13,0,1,0
"/Users/jearly/Documents/OceanKitRepositories/chebfun/@bndfun/bndfun.m>bndfun.bndfun","bndfun.bndfun>bndfun.bndfun",/Users/jearly/Documents/OceanKitRepositories/chebfun/@bndfun/bndfun.m,M-method,24,0.0612568751085141,0.0567052501004511,0.00455162500806302,0.00255236979618809,0.000189651042002626,0.0743039046637622,0,0,4,1,22,0,1,0
"/Users/jearly/Documents/OceanKitRepositories/chebfun/@onefun/onefun.m>onefun.constructor","onefun.onefun>onefun.constructor",/Users/jearly/Documents/OceanKitRepositories/chebfun/@onefun/onefun.m,M-method,24,0.0539412500955547,0.051737958424985,0.00220329167056971,0.00224755208731478,9.18038196070711e-05,0.0408461366146811,0,0,3,1,15,0,1,0
"/Users/jearly/Documents/OceanKitRepositories/chebfun/@smoothfun/smoothfun.m>smoothfun.constructor","smoothfun.smoothfun>smoothfun.constructor",/Users/jearly/Documents/OceanKitRepositories/chebfun/@smoothfun/smoothfun.m,M-method,24,0.0508015000899928,0.0478883334181656,0.00291316667182723,0.00211672917041637,0.000121381944659468,0.0573441072934199,0,0,3,1,12,0,1,0
"/Users/jearly/Documents/OceanKitRepositories/chebfun/@chebfun/diff.m>diffContinuousDim","chebfun.diff>diffContinuousDim",/Users/jearly/Documents/OceanKitRepositories/chebfun/@chebfun/diff.m,M-subfunction,23,0.0169838750300862,0.0133162083569225,0.00366766667316379,0.000738429349134185,0.000159463768398426,0.215949932902042,0,0,7,1,23,0,1,0
"/Users/jearly/Documents/OceanKitRepositories/chebfun/@chebfun/log.m>log","chebfun.log",/Users/jearly/Documents/OceanKitRepositories/chebfun/@chebfun/log.m,M-function,2,0.0121867916882551,0.0119587500211844,0.000228041667070635,0.00609339584412754,0.000114020833535317,0.0187121986576999,0,0,3,1,6,0,1,0
"/Users/jearly/Documents/OceanKitRepositories/chebfun/@bndfun/compose.m>compose","bndfun.compose",/Users/jearly/Documents/OceanKitRepositories/chebfun/@bndfun/compose.m,M-function,2,0.00567662501005591,0.00548512500971668,0.000191500000339235,0.00283831250502796,9.57500001696173e-05,0.0337348336379451,0,0,2,1,12,0,1,0
"/Users/jearly/Documents/OceanKitRepositories/chebfun/@chebfunpref/chebfunpref.m>chebfunpref.mergeTechPrefs","chebfunpref.chebfunpref>chebfunpref.mergeTechPrefs",/Users/jearly/Documents/OceanKitRepositories/chebfun/@chebfunpref/chebfunpref.m,M-method,54,0.00416804167405018,0.00240583333759517,0.00176220833645501,7.71859569268552e-05,3.26334877121299e-05,0.422790479141883,0,1,3,1,9,0,1,0
"/Users/jearly/Documents/OceanKitRepositories/chebfun/@chebpref/chebpref.m>chebpref.mergePrefStructs","chebpref.chebpref>chebpref.mergePrefStructs",/Users/jearly/Documents/OceanKitRepositories/chebfun/@chebpref/chebpref.m,M-method,56,0.00226979167068751,0,0.00226979167068751,4.05319941194198e-05,4.05319941194198e-05,1,1,0,0,1,4,0,1,0
"/Users/jearly/Documents/OceanKitRepositories/chebfun/@chebtech2/chebtech2.m>chebtech2.chebtech2","chebtech2.chebtech2>chebtech2.chebtech2",/Users/jearly/Documents/OceanKitRepositories/chebfun/@chebtech2/chebtech2.m,M-method,80,0.0497338334214348,0.0444292917453714,0.00530454167606344,0.000621672917767935,6.63067709507931e-05,0.106658612681508,0,1,3,4,24,0,1,0
"/Users/jearly/Documents/OceanKitRepositories/chebfun/@chebtech/happinessCheck.m>happinessCheck","chebtech.happinessCheck",/Users/jearly/Documents/OceanKitRepositories/chebfun/@chebtech/happinessCheck.m,M-function,36,0.018340416699156,0.0141771250251142,0.00416329167404177,0.000509456019420999,0.000115646990945605,0.2270009314583,0,0,4,1,19,0,1,0
"/Users/jearly/Documents/OceanKitRepositories/chebfun/@chebtech/parseDataInputs.m>parseDataInputs","chebtech.parseDataInputs",/Users/jearly/Documents/OceanKitRepositories/chebfun/@chebtech/parseDataInputs.m,M-function,90,0.00102595833515078,0,0.00102595833515078,1.13995370572309e-05,1.13995370572309e-05,1,1,0,0,2,7,0,1,0
"/Users/jearly/Documents/OceanKitRepositories/chebfun/@chebtech2/refine.m>refineResampling","chebtech2.refine>refineResampling",/Users/jearly/Documents/OceanKitRepositories/chebfun/@chebtech2/refine.m,M-subfunction,24,0.00316720833894391,0.0020595833369818,0.00110762500196211,0.000131967014122663,4.61510417484214e-05,0.34971649586255,0,0,2,1,13,0,1,0
"/Users/jearly/Documents/OceanKitRepositories/chebfun/@chebtech2/refine.m>refineNested","chebtech2.refine>refineNested",/Users/jearly/Documents/OceanKitRepositories/chebfun/@chebtech2/refine.m,M-subfunction,34,0.00534358334279928,0.00379850000672889,0.00154508333607039,0.000157164215964685,4.5443627531482e-05,0.289147419802567,0,0,3,1,14,0,1,0
"/Users/jearly/Documents/OceanKitRepositories/chebfun/@chebtech/points.m>points","chebtech.points",/Users/jearly/Documents/OceanKitRepositories/chebfun/@chebtech/points.m,M-function,22,0.00116950000207172,0.000608291667744231,0.000561208334327491,5.31590910032601e-05,2.55094697421587e-05,0.479870314949409,0,0,2,1,2,0,1,0
"/Users/jearly/Documents/OceanKitRepositories/chebfun/@chebtech2/chebpts.m>chebpts","chebtech2.chebpts",/Users/jearly/Documents/OceanKitRepositories/chebfun/@chebtech2/chebpts.m,M-function,56,0.00138158333578075,0,0.00138158333578075,2.46711309960849e-05,2.46711309960849e-05,1,1,0,0,3,17,0,1,0
"/Users/jearly/Documents/OceanKitRepositories/chebfun/@bndfun/bndfun.m>@(x)op(linmap.For(x))","bndfun.bndfun>@(x)op(linmap.For(x))",/Users/jearly/Documents/OceanKitRepositories/chebfun/@bndfun/bndfun.m,M-anonymous-function,58,0.0020628750036543,0.000724708334617125,0.00133816666903717,3.55668104078328e-05,2.30718391213306e-05,0.648690137146781,0,0,4,3,0,0,1,0
"/Users/jearly/Documents/OceanKitRepositories/chebfun/@classicfun/minandmax.m>minandmax","classicfun.minandmax",/Users/jearly/Documents/OceanKitRepositories/chebfun/@classicfun/minandmax.m,M-function,22,0.0179205833650789,0.0166386250294746,0.00128195833560427,0.000814571971139951,5.82708334365579e-05,0.0715355247922549,0,0,2,1,3,0,1,0
"/Users/jearly/Documents/OceanKitRepositories/chebfun/@classicfun/roots.m>roots","classicfun.roots",/Users/jearly/Documents/OceanKitRepositories/chebfun/@classicfun/roots.m,M-function,2,0.00188837500334518,0.00163504166956308,0.000253333333782103,0.00094418750167259,0.000126666666891051,0.134154144877651,0,0,3,1,5,0,1,0
"/Users/jearly/Documents/OceanKitRepositories/chebfun/@mapping/mapping.m>@(y)b*(y+1)/2+a*(1-y)/2","mapping.mapping>@(y)b*(y+1)/2+a*(1-y)/2",/Users/jearly/Documents/OceanKitRepositories/chebfun/@mapping/mapping.m,M-anonymous-function,82,0.00039004166735761,0,0.00039004166735761,4.75660569948304e-06,4.75660569948304e-06,1,1,0,0,3,0,0,1,0
"/Users/jearly/Documents/OceanKitRepositories/chebfun/@chebfun/chebfun.m>vectorCheck","chebfun.chebfun>vectorCheck",/Users/jearly/Documents/OceanKitRepositories/chebfun/@chebfun/chebfun.m,M-subfunction,24,0.00165412500293022,0.000268000000474751,0.00138612500245546,6.89218751220923e-05,5.77552084356444e-05,0.837980805561853,0,0,3,1,14,0,1,0
"/Users/jearly/Documents/OceanKitRepositories/chebfun/@chebfun/getValuesAtBreakpoints.m>getValuesAtBreakpoints","chebfun.getValuesAtBreakpoints",/Users/jearly/Documents/OceanKitRepositories/chebfun/@chebfun/getValuesAtBreakpoints.m,M-function,68,0.0107167500189843,0.00631808334452556,0.00439866667445873,0.000157599264985063,6.4686274624393e-05,0.410447819223801,0,0,7,2,19,0,1,0
"/Applications/MATLAB_R2026a.app/toolbox/matlab/funfun/private/evaluateVectorizedFcn.m>evaluateVectorizedFcn","funfun/private/evaluateVectorizedFcn",/Applications/MATLAB_R2026a.app/toolbox/matlab/funfun/private/evaluateVectorizedFcn.m,M-function,65,0.00124712500220923,0.00026262500046523,0.000984500001744002,1.91865384955266e-05,1.51461538729846e-05,0.78941565600882,0,0,1,1,4,0,1,0
"/Users/jearly/Documents/OceanKitRepositories/oceankit-internal-modes-beta7/InternalModes-2.0.0-beta.7/@IMSolverSpectral/IMSolverSpectral.m>@(z)evp.N2(z)","IMSolverSpectral.IMSolverSpectral>@(z)evp.N2(z)",/Users/jearly/Documents/OceanKitRepositories/oceankit-internal-modes-beta7/InternalModes-2.0.0-beta.7/@IMSolverSpectral/IMSolverSpectral.m,M-anonymous-function,42,0.0012028333354641,0.000358708333968771,0.000844125001495333,2.86388889396215e-05,2.00982143213175e-05,0.701780518220867,0,0,1,1,0,0,0,1
"/Users/jearly/Documents/OceanKitRepositories/oceankit-internal-modes-beta7/InternalModes-2.0.0-beta.7/@IMInternalModes/IMInternalModes.m>@(z)self.N2(z)","IMInternalModes.IMInternalModes>@(z)self.N2(z)",/Users/jearly/Documents/OceanKitRepositories/oceankit-internal-modes-beta7/InternalModes-2.0.0-beta.7/@IMInternalModes/IMInternalModes.m,M-anonymous-function,2329,0.010536333351998,0.00365087500646738,0.00688545834553064,4.52397310090083e-06,2.95640117884527e-06,0.653496630706444,0,0,1,5,0,0,0,1
"/Users/jearly/Documents/OceanKitRepositories/wvm-v5-construction-optimization/+WVInternal/evaluateResolvedModes.m>evaluateResolvedModes","evaluateResolvedModes",/Users/jearly/Documents/OceanKitRepositories/wvm-v5-construction-optimization/+WVInternal/evaluateResolvedModes.m,M-function,4,0.0678146667867976,0.0654735834493171,0.00234108333748047,0.0169536666966994,0.000585270834370117,0.0345217848646311,0,0,6,1,12,0,0,1
"/Users/jearly/Documents/OceanKitRepositories/oceankit-internal-modes-beta7/InternalModes-2.0.0-beta.7/@IMSolver/IMSolver.m>IMSolver.solveGeostrophicZeroAPVModes","IMSolver.IMSolver>IMSolver.solveGeostrophicZeroAPVModes",/Users/jearly/Documents/OceanKitRepositories/oceankit-internal-modes-beta7/InternalModes-2.0.0-beta.7/@IMSolver/IMSolver.m,M-method,2,2.05364608697128,1.97372442016304,0.0799216668082445,1.02682304348564,0.0399608334041223,0.0389169620390205,0,0,7,2,65,0,0,1
"/Applications/MATLAB_R2026a.app/toolbox/matlab/funfun/private/integralCalc.m>midpArea","funfun/private/integralCalc>midpArea",/Applications/MATLAB_R2026a.app/toolbox/matlab/funfun/private/integralCalc.m,M-subfunction,1,4.46666667457919e-05,1.04166666851194e-06,4.36250000772799e-05,4.46666667457919e-05,4.36250000772799e-05,0.976679104477612,0,0,1,1,8,0,1,0
"/Users/jearly/Documents/OceanKitRepositories/wvm-v5-construction-optimization/tools/quadratic-dealiasing-study/measureDealiasingConstruction.m>@(z)1e-4*exp(2*z/700)","measureDealiasingConstruction>@(z)1e-4*exp(2*z/700)",/Users/jearly/Documents/OceanKitRepositories/wvm-v5-construction-optimization/tools/quadratic-dealiasing-study/measureDealiasingConstruction.m,M-anonymous-function,5320,0.0056561250100196,0,0.0056561250100196,1.06318139286083e-06,1.06318139286083e-06,1,1,0,0,18,0,0,0,1
"/Users/jearly/Documents/OceanKitRepositories/oceankit-internal-modes-beta7/InternalModes-2.0.0-beta.7/@IMSolverSpectral/IMSolverSpectral.m>@(z)sqrt(profileFunction(z))","IMSolverSpectral.IMSolverSpectral>@(z)sqrt(profileFunction(z))",/Users/jearly/Documents/OceanKitRepositories/oceankit-internal-modes-beta7/InternalModes-2.0.0-beta.7/@IMSolverSpectral/IMSolverSpectral.m,M-anonymous-function,42,0.00175050000310094,0.0012028333354641,0.000547666667636836,4.16785715024033e-05,1.30396825627818e-05,0.312862991526231,0,0,1,4,0,0,0,1
"/Users/jearly/Documents/OceanKitRepositories/oceankit-internal-modes-beta7/InternalModes-2.0.0-beta.7/@IMSolverSpectral/IMSolverSpectral.m>IMSolverSpectral.setupCoordinate","IMSolverSpectral.IMSolverSpectral>IMSolverSpectral.setupCoordinate",/Users/jearly/Documents/OceanKitRepositories/oceankit-internal-modes-beta7/InternalModes-2.0.0-beta.7/@IMSolverSpectral/IMSolverSpectral.m,M-method,21,0.233666792080598,0.221631250392611,0.0120355416879871,0.0111269900990761,0.000573121032761292,0.0515072834304831,0,0,9,2,20,0,0,1
"/Users/jearly/Documents/OceanKitRepositories/oceankit-internal-modes-beta7/InternalModes-2.0.0-beta.7/@IMSolverSpectral/IMSolverSpectral.m>@(z)ones(size(z))","IMSolverSpectral.IMSolverSpectral>@(z)ones(size(z))",/Users/jearly/Documents/OceanKitRepositories/oceankit-internal-modes-beta7/InternalModes-2.0.0-beta.7/@IMSolverSpectral/IMSolverSpectral.m,M-anonymous-function,70,0.000245541667101634,0,0.000245541667101634,3.50773810145191e-06,3.50773810145191e-06,1,1,0,0,4,0,0,0,1
"/Users/jearly/Documents/OceanKitRepositories/chebfun/@chebtech/sampleTest.m>sampleTest","chebtech.sampleTest",/Users/jearly/Documents/OceanKitRepositories/chebfun/@chebtech/sampleTest.m,M-function,24,0.00494804167543192,0.00349454167285711,0.00145350000257482,0.000206168403142997,6.0562500107284e-05,0.293752578882218,0,0,2,1,11,0,1,0
"/Users/jearly/Documents/OceanKitRepositories/chebfun/@chebtech2/refine.m>refine","chebtech2.refine",/Users/jearly/Documents/OceanKitRepositories/chebfun/@chebtech2/refine.m,M-function,36,0.00739820834643896,0.00586225001038474,0.00153595833605422,0.000205505787401082,4.26655093348394e-05,0.207612203405104,0,0,2,1,13,0,1,0
"/Users/jearly/Documents/OceanKitRepositories/chebfun/@chebtech/populate.m>populate","chebtech.populate",/Users/jearly/Documents/OceanKitRepositories/chebfun/@chebtech/populate.m,M-function,54,0.0391871250694184,0.0305167917207259,0.00867033334869248,0.000725687501285526,0.00016056172867949,0.221254642521832,0,0,5,1,34,0,1,0
"/Users/jearly/Documents/OceanKitRepositories/chebfun/@chebtech/simplify.m>simplify","chebtech.simplify",/Users/jearly/Documents/OceanKitRepositories/chebfun/@chebtech/simplify.m,M-function,21,0.00558920834323439,0.00359329167303204,0.00199591667020235,0.000266152778249257,9.50436509620168e-05,0.357101855510247,0,0,7,1,23,0,1,0
"/Users/jearly/Documents/OceanKitRepositories/chebfun/@chebtech2/compose.m>composeResample1","chebtech2.compose>composeResample1",/Users/jearly/Documents/OceanKitRepositories/chebfun/@chebtech2/compose.m,M-subfunction,2,0.000413291667398796,0.000217708333718995,0.000195583333679801,0.000206645833699398,9.77916668399006e-05,0.473233188829519,0,0,3,1,14,0,1,0
"/Users/jearly/Documents/OceanKitRepositories/chebfun/@chebtech/prolong.m>prolong","chebtech.prolong",/Users/jearly/Documents/OceanKitRepositories/chebfun/@chebtech/prolong.m,M-function,49,0.00160312500283987,0,0.00160312500283987,3.27168367926504e-05,3.27168367926504e-05,1,1,0,0,3,14,0,1,0
"/Users/jearly/Documents/OceanKitRepositories/chebfun/@chebtech2/vals2coeffs.m>vals2coeffs","chebtech2.vals2coeffs",/Users/jearly/Documents/OceanKitRepositories/chebfun/@chebtech2/vals2coeffs.m,M-function,85,0.00319158333898709,0.000431708334098087,0.00275987500488901,3.75480392822011e-05,3.24691177045766e-05,0.864735371680723,0,0,1,2,17,0,1,0
"/Users/jearly/Documents/OceanKitRepositories/chebfun/@chebtech2/coeffs2vals.m>coeffs2vals","chebtech2.coeffs2vals",/Users/jearly/Documents/OceanKitRepositories/chebfun/@chebtech2/coeffs2vals.m,M-function,131,0.0056001250099204,0.000699625001239357,0.00490050000868104,4.27490458772549e-05,3.74083970128324e-05,0.875069752907301,0,0,1,4,14,0,1,0
"/Users/jearly/Documents/OceanKitRepositories/chebfun/@chebtech/roots.m>roots_scalar/roots_main","chebtech.roots>roots_scalar/roots_main",/Users/jearly/Documents/OceanKitRepositories/chebfun/@chebtech/roots.m,M-nested-function,10,0.00234687500415739,0.000108083333524799,0.0022387916706326,0.000234687500415739,0.00022387916706326,0.953945849977807,0,0,1,1,31,0,1,0
"/Applications/MATLAB_R2026a.app/toolbox/matlab/elmat/flipud.m>flipud","flipud",/Applications/MATLAB_R2026a.app/toolbox/matlab/elmat/flipud.m,M-function,386,0.00123941666886224,0,0.00123941666886224,3.21092401259648e-06,3.21092401259648e-06,1,1,0,0,3,1,0,1,0
"/Users/jearly/Documents/OceanKitRepositories/chebfun/@chebtech/vscale.m>vscale","chebtech.vscale",/Users/jearly/Documents/OceanKitRepositories/chebfun/@chebtech/vscale.m,M-function,114,0.00698966667904858,0.00437350000774748,0.0026161666713011,6.13128656056893e-05,2.29488304500096e-05,0.374290619485908,0,0,1,4,9,0,1,0
"/Users/jearly/Documents/OceanKitRepositories/chebfun/@chebtech/minandmax.m>minandmaxColumn","chebtech.minandmax>minandmaxColumn",/Users/jearly/Documents/OceanKitRepositories/chebfun/@chebtech/minandmax.m,M-subfunction,22,0.00807416668096973,0.00628100001112654,0.00179316666984319,0.000367007576407715,8.15075759019632e-05,0.222086902673135,0,0,4,1,23,0,1,0
"/Users/jearly/Documents/OceanKitRepositories/chebfun/@chebfun/compose.m>columnCompose","chebfun.compose>columnCompose",/Users/jearly/Documents/OceanKitRepositories/chebfun/@chebfun/compose.m,M-subfunction,2,0.0068836666788608,0.00624504167772951,0.000638625001131298,0.0034418333394304,0.000319312500565649,0.0927739576775943,0,0,5,1,32,0,1,0
"/Users/jearly/Documents/OceanKitRepositories/chebfun/@chebfun/log.m>@(x)log(x)","chebfun.log>@(x)log(x)",/Users/jearly/Documents/OceanKitRepositories/chebfun/@chebfun/log.m,M-anonymous-function,4,2.05000000363149e-05,0,2.05000000363149e-05,5.12500000907873e-06,5.12500000907873e-06,1,1,0,0,2,0,0,1,0
"/Users/jearly/Documents/OceanKitRepositories/chebfun/@chebtech2/compose.m>composeNested1","chebtech2.compose>composeNested1",/Users/jearly/Documents/OceanKitRepositories/chebfun/@chebtech2/compose.m,M-subfunction,2,0.000462583334152781,0.000413291667398796,4.92916667539848e-05,0.00023129166707639,2.46458333769924e-05,0.10655737704918,0,0,1,1,4,0,1,0
"/Users/jearly/Documents/OceanKitRepositories/chebfun/@chebtech2/compose.m>@(op,values,pref)composeNested1(op,values,pref,f)","chebtech2.compose>@(op,values,pref)composeNested1(op,values,pref,f)",/Users/jearly/Documents/OceanKitRepositories/chebfun/@chebtech2/compose.m,M-anonymous-function,2,0.000518666667585464,0.000462583334152781,5.60833334326827e-05,0.000259333333792732,2.80416667163414e-05,0.108129820051414,0,0,1,1,0,0,1,0
"/Users/jearly/Documents/OceanKitRepositories/chebfun/@chebtech/extrapolate.m>extrapolate","chebtech.extrapolate",/Users/jearly/Documents/OceanKitRepositories/chebfun/@chebtech/extrapolate.m,M-function,64,0.00129708333563106,0,0.00129708333563106,2.02669271192354e-05,2.02669271192354e-05,1,1,0,0,1,6,0,1,0
"/Users/jearly/Documents/OceanKitRepositories/chebfun/@chebtech2/get.m>get","chebtech2.get",/Users/jearly/Documents/OceanKitRepositories/chebfun/@chebtech2/get.m,M-function,138,0.00606879167741729,0.0030695000054375,0.00299929167197979,4.39767512856325e-05,2.1733997623042e-05,0.494215625021455,0,0,3,2,18,0,1,0
"/Users/jearly/Documents/OceanKitRepositories/chebfun/@chebtech/roots.m>roots_scalar","chebtech.roots>roots_scalar",/Users/jearly/Documents/OceanKitRepositories/chebfun/@chebtech/roots.m,M-subfunction,10,0.00440941667447777,0.00298150000528161,0.00142791666919616,0.000440941667447777,0.000142791666919616,0.32383346247614,0,0,3,1,19,0,1,0
"/Users/jearly/Documents/OceanKitRepositories/chebfun/@chebtech/mtimes.m>mtimes","chebtech.mtimes",/Users/jearly/Documents/OceanKitRepositories/chebfun/@chebtech/mtimes.m,M-function,42,0.00273100000483786,0.00142083333585028,0.00131016666898757,6.50238096389966e-05,3.11944444997041e-05,0.479738801415843,0,1,3,2,14,0,1,0
"/Users/jearly/Documents/OceanKitRepositories/chebfun/standardChop.m>standardChop","standardChop",/Users/jearly/Documents/OceanKitRepositories/chebfun/standardChop.m,M-function,57,0.00458612500812413,0.00108420833525396,0.00350191667287017,8.0458333475862e-05,6.14371346117574e-05,0.763589450062235,0,0,1,2,44,0,1,0
"/Applications/MATLAB_R2026a.app/toolbox/matlab/elmat/linspace.m>linspace","linspace",/Applications/MATLAB_R2026a.app/toolbox/matlab/elmat/linspace.m,M-function,68,0.00220912500391338,0,0.00220912500391338,3.24871324104908e-05,3.24871324104908e-05,1,1,0,0,2,25,0,1,0
"/Users/jearly/Documents/OceanKitRepositories/chebfun/@chebtech/standardCheck.m>standardCheck","chebtech.standardCheck",/Users/jearly/Documents/OceanKitRepositories/chebfun/@chebtech/standardCheck.m,M-function,36,0.00573412501015777,0.00378095834003115,0.00195316667012662,0.00015928125028216,5.42546297257395e-05,0.340621571149333,0,0,1,1,27,0,1,0
"/Users/jearly/Documents/OceanKitRepositories/chebfun/@chebtech/feval.m>feval","chebtech.feval",/Users/jearly/Documents/OceanKitRepositories/chebfun/@chebtech/feval.m,M-function,17554,0.715669167934446,0.503243584224809,0.212425583709637,4.07695777563202e-05,1.2101263741007e-05,0.296820924007019,0,0,3,3,15,0,1,0
"/Users/jearly/Documents/OceanKitRepositories/chebfun/@classicfun/isempty.m>isempty","classicfun.isempty",/Users/jearly/Documents/OceanKitRepositories/chebfun/@classicfun/isempty.m,M-function,51934,0.325801667243811,0.144899666923351,0.180902000320461,6.27337904347463e-06,3.48330574037164e-06,0.555251917066109,0,0,1,5,2,0,1,0
"/Users/jearly/Documents/OceanKitRepositories/chebfun/@chebtech/diff.m>diff","chebtech.diff",/Users/jearly/Documents/OceanKitRepositories/chebfun/@chebtech/diff.m,M-function,45,0.00889687501576045,0.00788387501396597,0.00101300000179449,0.000197708333683566,2.25111111509886e-05,0.113860203723217,0,0,2,2,13,0,1,0
"/Users/jearly/Documents/OceanKitRepositories/chebfun/@chebtech/roots.m>roots","chebtech.roots",/Users/jearly/Documents/OceanKitRepositories/chebfun/@chebtech/roots.m,M-function,10,0.00515229167579374,0.00451529167466532,0.000637000001128421,0.000515229167579374,6.37000001128421e-05,0.123634305123125,0,0,2,2,6,0,1,0
"/Users/jearly/Documents/OceanKitRepositories/chebfun/@chebtech/cumsum.m>cumsum","chebtech.cumsum",/Users/jearly/Documents/OceanKitRepositories/chebfun/@chebtech/cumsum.m,M-function,21,0.0108200833525007,0.0103387916849814,0.000481291667519257,0.000515242064404794,2.29186508342503e-05,0.0444813271616825,0,0,2,1,9,0,1,0
"/Users/jearly/Documents/OceanKitRepositories/chebfun/@chebtech/plus.m>plus","chebtech.plus",/Users/jearly/Documents/OceanKitRepositories/chebfun/@chebtech/plus.m,M-function,42,0.00146312500259187,0.000179500000317977,0.00128362500227389,3.48363095855206e-05,3.05625000541402e-05,0.877317385732593,0,0,1,1,7,0,1,0
"/Users/jearly/Documents/OceanKitRepositories/chebfun/@chebtech/isempty.m>isempty","chebtech.isempty",/Users/jearly/Documents/OceanKitRepositories/chebfun/@chebtech/isempty.m,M-function,69669,0.201665500357242,0,0.201665500357242,2.89462315172088e-06,2.89462315172088e-06,1,1,0,0,8,2,0,1,0
"/Users/jearly/Documents/OceanKitRepositories/chebfun/@classicfun/size.m>size","classicfun.size",/Users/jearly/Documents/OceanKitRepositories/chebfun/@classicfun/size.m,M-function,13805,0.219003083721288,0.171624500304026,0.0473785834172626,1.58640408345736e-05,3.43198720878396e-06,0.216337517318059,0,0,1,4,4,0,1,0
"/Users/jearly/Documents/OceanKitRepositories/chebfun/@chebtech/minandmax.m>minandmax","chebtech.minandmax",/Users/jearly/Documents/OceanKitRepositories/chebfun/@chebtech/minandmax.m,M-function,22,0.0166100416960907,0.0153303333604904,0.00127970833560028,0.000755001895276849,5.81685607091038e-05,0.0770442578661001,0,0,5,1,9,0,1,0
"/Users/jearly/Documents/OceanKitRepositories/chebfun/@chebtech/mrdivide.m>mrdivide","chebtech.mrdivide",/Users/jearly/Documents/OceanKitRepositories/chebfun/@chebtech/mrdivide.m,M-function,23,0.00145058333590298,0.000361125000639718,0.00108945833526327,6.30688406914341e-05,4.73677537070985e-05,0.751048428793014,0,0,1,1,9,0,1,0
"/Users/jearly/Documents/OceanKitRepositories/chebfun/@chebtech/diff.m>diffContinuousDim","chebtech.diff>diffContinuousDim",/Users/jearly/Documents/OceanKitRepositories/chebfun/@chebtech/diff.m,M-subfunction,45,0.00744891667986212,0.00596595834390179,0.00148295833596033,0.000165531481774714,3.29546296880074e-05,0.199083759383356,0,0,3,1,12,0,1,0
"/Users/jearly/Documents/OceanKitRepositories/chebfun/@chebtech/size.m>size","chebtech.size",/Users/jearly/Documents/OceanKitRepositories/chebfun/@chebtech/size.m,M-function,31432,0.351553083956095,0,0.351553083956095,1.11845598102601e-05,1.11845598102601e-05,1,1,0,0,5,6,0,1,0
"/Users/jearly/Documents/OceanKitRepositories/chebfun/@chebtech/clenshaw.m>clenshaw","chebtech.clenshaw",/Users/jearly/Documents/OceanKitRepositories/chebfun/@chebtech/clenshaw.m,M-function,17554,0.26891975047638,0.180084041985678,0.0888357084907022,1.53195710650781e-05,5.06071029342043e-06,0.330342819124788,0,0,1,1,6,0,1,0
"/Users/jearly/Documents/OceanKitRepositories/chebfun/@chebtech/clenshaw.m>clenshaw_scl","chebtech.clenshaw>clenshaw_scl",/Users/jearly/Documents/OceanKitRepositories/chebfun/@chebtech/clenshaw.m,M-subfunction,17554,0.180084041985678,0,0.180084041985678,1.02588607716576e-05,1.02588607716576e-05,1,1,0,0,1,15,0,1,0
"/Users/jearly/Documents/OceanKitRepositories/chebfun/@bndfun/feval.m>feval","bndfun.feval",/Users/jearly/Documents/OceanKitRepositories/chebfun/@bndfun/feval.m,M-function,17508,0.920366251630392,0.722112834612527,0.198253417017864,5.25683260012789e-05,1.13235901883633e-05,0.215407091108205,0,0,2,1,3,0,1,0
"/Users/jearly/Documents/OceanKitRepositories/chebfun/@chebfunpref/chebfunpref.m>chebfunpref.subsref","chebfunpref.chebfunpref>chebfunpref.subsref",/Users/jearly/Documents/OceanKitRepositories/chebfun/@chebfunpref/chebfunpref.m,M-method,240,0.00988291668417385,0.00319250000565538,0.00669041667851847,4.11788195173911e-05,2.78767361604936e-05,0.676967831696109,0,0,2,8,20,0,1,0
"/Users/jearly/Documents/OceanKitRepositories/chebfun/@chebtech2/make.m>make","chebtech2.make",/Users/jearly/Documents/OceanKitRepositories/chebfun/@chebtech2/make.m,M-function,30,0.00787737501395445,0.00704575001248126,0.00083162500147319,0.000262579167131815,2.77208333824397e-05,0.105571335628937,0,0,1,2,2,0,1,0
"/Users/jearly/Documents/OceanKitRepositories/chebfun/@chebtech/techPref.m>techPref","chebtech.techPref",/Users/jearly/Documents/OceanKitRepositories/chebfun/@chebtech/techPref.m,M-function,105,0.00919841668296129,0.00403200000714252,0.00516641667581876,8.76039684091551e-05,4.92039683411311e-05,0.561663692120927,0,1,1,6,19,0,1,0
"/Users/jearly/Documents/OceanKitRepositories/chebfun/@chebtech2/compose.m>compose","chebtech2.compose",/Users/jearly/Documents/OceanKitRepositories/chebfun/@chebtech2/compose.m,M-function,2,0.00541958334293391,0.00521937500924591,0.000200208333687994,0.00270979167146695,0.000100104166843997,0.0369416468055662,0,0,2,1,20,0,1,0
"/Users/jearly/Documents/OceanKitRepositories/chebfun/@chebtech/compose.m>compose","chebtech.compose",/Users/jearly/Documents/OceanKitRepositories/chebfun/@chebtech/compose.m,M-function,2,0.00412016667396538,0.00392212500694789,0.00019804166701749,0.00206008333698269,9.90208335087451e-05,0.048066421261276,0,0,3,1,19,0,1,0
"/Users/jearly/Documents/OceanKitRepositories/chebfun/@chebfun/chebfun.m>parseInputs/parseOp","chebfun.chebfun>parseInputs/parseOp",/Users/jearly/Documents/OceanKitRepositories/chebfun/@chebfun/chebfun.m,M-nested-function,24,0.00340133333935866,0.00215445833714987,0.00124687500220879,0.000141722222473277,5.19531250920329e-05,0.366584182673461,0,0,2,1,10,0,1,0
"/Users/jearly/Documents/OceanKitRepositories/chebfun/@chebfun/constructor.m>constructor","chebfun.constructor",/Users/jearly/Documents/OceanKitRepositories/chebfun/@chebfun/constructor.m,M-function,24,0.0755232918004531,0.0741003751312658,0.0014229166691873,0.00314680382501888,5.92881945494708e-05,0.018840766010927,0,0,2,1,14,0,1,0
"/Users/jearly/Documents/OceanKitRepositories/chebfun/@chebfun/constructor.m>constructorNoSplit","chebfun.constructor>constructorNoSplit",/Users/jearly/Documents/OceanKitRepositories/chebfun/@chebfun/constructor.m,M-subfunction,24,0.0737852501307076,0.0709982917924373,0.00278695833827032,0.00307438542211282,0.000116123264094597,0.0377712121776823,0,0,2,1,20,0,1,0
"/Users/jearly/Documents/OceanKitRepositories/chebfun/@classicfun/classicfun.m>parseDataInputs","classicfun.classicfun>parseDataInputs",/Users/jearly/Documents/OceanKitRepositories/chebfun/@classicfun/classicfun.m,M-subfunction,24,0.000278583333826832,0,0.000278583333826832,1.16076389094514e-05,1.16076389094514e-05,1,1,0,0,1,3,0,1,0
"/Users/jearly/Documents/OceanKitRepositories/chebfun/@bndfun/bndfun.m>parseDataInputs","bndfun.bndfun>parseDataInputs",/Users/jearly/Documents/OceanKitRepositories/chebfun/@bndfun/bndfun.m,M-subfunction,24,0.000297333333860047,0,0.000297333333860047,1.23888889108353e-05,1.23888889108353e-05,1,1,0,0,1,5,0,1,0
"/Users/jearly/Documents/OceanKitRepositories/chebfun/@mapping/mapping.m>mapping.linear","mapping.mapping>mapping.linear",/Users/jearly/Documents/OceanKitRepositories/chebfun/@mapping/mapping.m,M-method,24,0.00157445833612242,0.000700875001241572,0.000873583334880851,6.56024306717676e-05,3.63993056200355e-05,0.554846905020245,0,0,1,1,7,0,1,0
"/Users/jearly/Documents/OceanKitRepositories/chebfun/@mapping/mapping.m>mapping.mapping","mapping.mapping>mapping.mapping",/Users/jearly/Documents/OceanKitRepositories/chebfun/@mapping/mapping.m,M-method,24,0.000700875001241572,0,0.000700875001241572,2.92031250517322e-05,2.92031250517322e-05,1,1,0,0,1,8,0,1,0
"/Users/jearly/Documents/OceanKitRepositories/chebfun/@bndfun/createMap.m>createMap","bndfun.createMap",/Users/jearly/Documents/OceanKitRepositories/chebfun/@bndfun/createMap.m,M-function,24,0.0021690000038423,0.00157445833612242,0.000594541667719873,9.03750001600956e-05,2.4772569488328e-05,0.274108652220685,0,0,1,1,2,0,1,0
"/Users/jearly/Documents/OceanKitRepositories/chebfun/@chebfun/constructor.m>getFun","chebfun.constructor>getFun",/Users/jearly/Documents/OceanKitRepositories/chebfun/@chebfun/constructor.m,M-subfunction,24,0.0706782917918704,0.0690772917890343,0.00160100000283611,0.00294492882466127,6.67083334515046e-05,0.0226519340273623,0,0,2,1,9,0,1,0
"/Users/jearly/Documents/OceanKitRepositories/chebfun/@classicfun/lval.m>lval","classicfun.lval",/Users/jearly/Documents/OceanKitRepositories/chebfun/@classicfun/lval.m,M-function,44,0.00180187500319195,0.000747541667990906,0.00105433333520104,4.09517046179988e-05,2.39621212545691e-05,0.58513122904382,0,0,1,1,2,0,1,0
"/Users/jearly/Documents/OceanKitRepositories/chebfun/@chebtech/lval.m>lval","chebtech.lval",/Users/jearly/Documents/OceanKitRepositories/chebfun/@chebtech/lval.m,M-function,65,0.00122629166883899,0,0.00122629166883899,1.8866025674446e-05,1.8866025674446e-05,1,1,0,0,2,4,0,1,0
"/Users/jearly/Documents/OceanKitRepositories/chebfun/@classicfun/rval.m>rval","classicfun.rval",/Users/jearly/Documents/OceanKitRepositories/chebfun/@classicfun/rval.m,M-function,44,0.00130754166898292,0.000329583333917177,0.000977958335065747,2.97168561132483e-05,2.22263257969488e-05,0.747936649565023,0,0,1,1,2,0,1,0
"/Users/jearly/Documents/OceanKitRepositories/chebfun/@chebtech/rval.m>rval","chebtech.rval",/Users/jearly/Documents/OceanKitRepositories/chebfun/@chebtech/rval.m,M-function,86,0.000823083334791392,0,0.000823083334791392,9.5707364510627e-06,9.5707364510627e-06,1,1,0,0,2,2,0,1,0
"/Users/jearly/Documents/OceanKitRepositories/chebfun/@classicfun/get.m>get","classicfun.get",/Users/jearly/Documents/OceanKitRepositories/chebfun/@classicfun/get.m,M-function,138,0.00872583334879079,0.00503537500891996,0.00369045833987083,6.3230676440513e-05,2.67424517381944e-05,0.422934772228058,0,0,1,6,12,0,1,0
"/Users/jearly/Documents/OceanKitRepositories/chebfun/@chebtech/cumsum.m>cumsumContinuousDim","chebtech.cumsum>cumsumContinuousDim",/Users/jearly/Documents/OceanKitRepositories/chebfun/@chebtech/cumsum.m,M-subfunction,21,0.01020625001808,0.00662262501173171,0.00358362500634825,0.000486011905622855,0.000170648809826107,0.351120636864666,0,0,2,1,14,0,1,0
"/Users/jearly/Documents/OceanKitRepositories/chebfun/@bndfun/cumsum.m>cumsum","bndfun.cumsum",/Users/jearly/Documents/OceanKitRepositories/chebfun/@bndfun/cumsum.m,M-function,21,0.0167005000295843,0.015291708360422,0.00140879166916228,0.000795261906170679,6.70853175791564e-05,0.0843562567986986,0,0,4,1,17,0,1,0
"/Users/jearly/Documents/OceanKitRepositories/chebfun/@chebfun/cumsum.m>cumsumContinousDim","chebfun.cumsum>cumsumContinousDim",/Users/jearly/Documents/OceanKitRepositories/chebfun/@chebfun/cumsum.m,M-subfunction,21,0.0300975000533165,0.0277542500491655,0.00234325000415097,0.00143321428825317,0.000111583333530999,0.0778553035966442,0,0,5,1,23,0,1,0
"/Users/jearly/Documents/OceanKitRepositories/chebfun/@chebfun/chebfun.m>@(fun)get(fun,'domain')","chebfun.chebfun>@(fun)get(fun,'domain')",/Users/jearly/Documents/OceanKitRepositories/chebfun/@chebfun/chebfun.m,M-anonymous-function,21,0.000368125000652119,0.000187833333666072,0.000180291666986046,1.75297619358152e-05,8.585317475526e-06,0.489756649688738,0,0,1,1,0,0,1,0
"/Users/jearly/Documents/OceanKitRepositories/chebfun/@chebfun/get.m>getSimpleNumericLocalPropArrayValued","chebfun.get>getSimpleNumericLocalPropArrayValued",/Users/jearly/Documents/OceanKitRepositories/chebfun/@chebfun/get.m,M-subfunction,23,0.00690325001222883,0.00544337500964272,0.00145987500258611,0.000300141304879514,6.3472826199396e-05,0.211476478470286,0,0,3,1,16,0,1,0
"/Users/jearly/Documents/OceanKitRepositories/chebfun/@chebfun/isempty.m>isempty","chebfun.isempty",/Users/jearly/Documents/OceanKitRepositories/chebfun/@chebfun/isempty.m,M-function,51801,0.860571459857801,0.323683083906725,0.536888375951076,1.66130279310786e-05,1.03644403766544e-05,0.623874252162383,0,0,1,11,4,0,1,0
"/Users/jearly/Documents/OceanKitRepositories/chebfun/@classicfun/plus.m>plus","classicfun.plus",/Users/jearly/Documents/OceanKitRepositories/chebfun/@classicfun/plus.m,M-function,42,0.00314529167223842,0.0020068750035551,0.00113841666868333,7.48878969580577e-05,2.71051587781744e-05,0.361943116033224,0,0,2,2,5,0,1,0
"/Users/jearly/Documents/OceanKitRepositories/chebfun/@chebfun/numColumns.m>numColumns","chebfun.numColumns",/Users/jearly/Documents/OceanKitRepositories/chebfun/@chebfun/numColumns.m,M-function,13712,0.569450292675425,0.436482459106544,0.13296783356888,4.15293387307048e-05,9.69718739563014e-06,0.233502090137074,0,0,2,5,5,0,1,0
"/Users/jearly/Documents/OceanKitRepositories/chebfun/@chebfun/roots.m>columnRoots","chebfun.roots>columnRoots",/Users/jearly/Documents/OceanKitRepositories/chebfun/@chebfun/roots.m,M-subfunction,2,0.00327083333912748,0.00276595833823312,0.000504875000894365,0.00163541666956374,0.000252437500447183,0.154356687898089,0,0,4,1,34,0,1,0
"/Applications/MATLAB_R2026a.app/toolbox/matlab/ops/setdiff.m>setdiff","setdiff",/Applications/MATLAB_R2026a.app/toolbox/matlab/ops/setdiff.m,M-function,2413,0.128868083561618,0.0977630418398499,0.031105041721768,5.34057536517273e-05,1.28906099137041e-05,0.241371182546493,0,1,3,5,53,0,1,0
"/Applications/MATLAB_R2026a.app/toolbox/matlab/ops/setdiff.m>convertFlag","setdiff>convertFlag",/Applications/MATLAB_R2026a.app/toolbox/matlab/ops/setdiff.m,M-subfunction,1144,0.0051605833424751,0,0.0051605833424751,4.51099942524047e-06,4.51099942524047e-06,1,1,0,0,1,4,0,1,0
"/Users/jearly/Documents/OceanKitRepositories/wvm-v5-construction-optimization/@WVTransform/classDefinedOperationForKnownVariable.m>classDefinedOperationForKnownVariable","WVTransform.classDefinedOperationForKnownVariable",/Users/jearly/Documents/OceanKitRepositories/wvm-v5-construction-optimization/@WVTransform/classDefinedOperationForKnownVariable.m,M-function,2,0.0244740417100214,0.0197587500350018,0.00471529167501961,0.0122370208550107,0.0023576458375098,0.192665017527074,0,0,4,1,60,0,0,1
"/Users/jearly/Documents/OceanKitRepositories/chebfun/@chebfun/merge.m>merge","chebfun.merge",/Users/jearly/Documents/OceanKitRepositories/chebfun/@chebfun/merge.m,M-function,24,0.000757125001341216,0.000251166667111598,0.000505958334229618,3.1546875055884e-05,2.10815972595674e-05,0.668262616256673,0,0,1,1,12,0,1,0
"/Users/jearly/Documents/OceanKitRepositories/chebfun/@chebfun/merge.m>mergeColumn","chebfun.merge>mergeColumn",/Users/jearly/Documents/OceanKitRepositories/chebfun/@chebfun/merge.m,M-subfunction,24,0.000251166667111598,0,0.000251166667111598,1.04652777963166e-05,1.04652777963166e-05,1,1,0,0,1,3,0,1,0
"/Users/jearly/Documents/OceanKitRepositories/chebfun/@chebfun/chebfun.m>@(x)isa(x,'fun')","chebfun.chebfun>@(x)isa(x,'fun')",/Users/jearly/Documents/OceanKitRepositories/chebfun/@chebfun/chebfun.m,M-anonymous-function,21,0.000129833333563328,0,0.000129833333563328,6.1825396934918e-06,6.1825396934918e-06,1,1,0,0,1,0,0,1,0
"/Users/jearly/Documents/OceanKitRepositories/chebfun/@chebfun/min.m>min","chebfun.min",/Users/jearly/Documents/OceanKitRepositories/chebfun/@chebfun/min.m,M-function,22,0.0285470417172366,0.0279612500495322,0.00058579166770437,0.00129759280532894,2.66268939865623e-05,0.0205202231988427,0,0,2,2,10,0,1,0
"/Users/jearly/Documents/OceanKitRepositories/chebfun/@chebfun/minandmax.m>minandmax","chebfun.minandmax",/Users/jearly/Documents/OceanKitRepositories/chebfun/@chebfun/minandmax.m,M-function,22,0.0261896667130606,0.0225435000399349,0.0036461666731257,0.00119043939604821,0.000165734848778441,0.13922157593962,0,0,4,1,33,0,1,0
"/Users/jearly/Documents/OceanKitRepositories/chebfun/@chebfun/cumsum.m>cumsum","chebfun.cumsum",/Users/jearly/Documents/OceanKitRepositories/chebfun/@chebfun/cumsum.m,M-function,21,0.0333252917257011,0.0317796250562963,0.00154566666940475,0.00158691865360481,7.36031747335598e-05,0.0463811894619578,0,0,3,1,18,0,1,0
"/Users/jearly/Documents/OceanKitRepositories/chebfun/@chebfun/feval.m>feval","chebfun.feval",/Users/jearly/Documents/OceanKitRepositories/chebfun/@chebfun/feval.m,M-function,17508,1.77997204481981,1.69479108633559,0.0851809584842278,0.000101666212292656,4.86525922345372e-06,0.0478552226323591,0,0,2,6,15,0,1,0
"/Users/jearly/Documents/OceanKitRepositories/chebfun/@chebfun/vscale.m>vscale","chebfun.vscale",/Users/jearly/Documents/OceanKitRepositories/chebfun/@chebfun/vscale.m,M-function,23,0.0116461666872974,0.0108979166859719,0.000748250001325494,0.000506355073360756,3.25326087532824e-05,0.0642486082688152,0,0,2,2,13,0,1,0
"/Users/jearly/Documents/OceanKitRepositories/chebfun/@chebfun/diff.m>diff","chebfun.diff",/Users/jearly/Documents/OceanKitRepositories/chebfun/@chebfun/diff.m,M-function,23,0.0186911250331106,0.0175983333645081,0.0010927916686025,0.000812657610135242,4.75126812435869e-05,0.0584658048494493,0,0,2,2,19,0,1,0
"/Users/jearly/Documents/OceanKitRepositories/chebfun/@chebfun/roots.m>roots","chebfun.roots",/Users/jearly/Documents/OceanKitRepositories/chebfun/@chebfun/roots.m,M-function,2,0.00419650000743393,0.00399504167374372,0.000201458333690209,0.00209825000371696,0.000100729166845104,0.0480062750704953,0,0,4,1,11,0,1,0
"/Users/jearly/Documents/OceanKitRepositories/chebfun/@chebfun/compose.m>compose","chebfun.compose",/Users/jearly/Documents/OceanKitRepositories/chebfun/@chebfun/compose.m,M-function,2,0.00719879167941903,0.00699570834572595,0.000203083333693086,0.00359939583970952,0.000101541666846543,0.0282107529620131,0,0,2,1,23,0,1,0
"/Users/jearly/Documents/OceanKitRepositories/chebfun/@chebfun/isequal.m>isequal","chebfun.isequal",/Users/jearly/Documents/OceanKitRepositories/chebfun/@chebfun/isequal.m,M-function,6822,1.38933254412781,1.29816346063298,0.0911690834948358,0.00020365472649191,1.33639817494629e-05,0.0656207787546425,0,0,4,2,9,0,1,0
"/Users/jearly/Documents/OceanKitRepositories/chebfun/@chebfun/domainCheck.m>domainCheck","chebfun.domainCheck",/Users/jearly/Documents/OceanKitRepositories/chebfun/@chebfun/domainCheck.m,M-function,6822,0.41644404240438,0.329753958917479,0.0866900834869013,6.10442747587775e-05,1.2707429417605e-05,0.208167423854566,0,0,3,1,12,0,1,0
"/Users/jearly/Documents/OceanKitRepositories/chebfun/@chebfun/plus.m>plus","chebfun.plus",/Users/jearly/Documents/OceanKitRepositories/chebfun/@chebfun/plus.m,M-function,21,0.0168426666965028,0.0147067916927192,0.00213587500378362,0.000802031747452513,0.000101708333513506,0.1268133510133,0,0,3,1,18,0,1,0
"/Users/jearly/Documents/OceanKitRepositories/chebfun/@chebfun/subsref.m>subsref","chebfun.subsref",/Users/jearly/Documents/OceanKitRepositories/chebfun/@chebfun/subsref.m,M-function,2,0.00113183333533833,0.000807250001430011,0.00032458333390832,0.000565916667669165,0.00016229166695416,0.286776616109557,0,0,3,1,32,0,1,0
"/Users/jearly/Documents/OceanKitRepositories/chebfun/@classicfun/isreal.m>isreal","classicfun.isreal",/Users/jearly/Documents/OceanKitRepositories/chebfun/@classicfun/isreal.m,M-function,24,0.000873583334880851,0.000282416667166956,0.000591166667713895,3.63993056200355e-05,2.46319444880789e-05,0.676714680911953,0,0,1,1,2,0,1,0
"/Users/jearly/Documents/OceanKitRepositories/chebfun/@chebtech/isreal.m>isreal","chebtech.isreal",/Users/jearly/Documents/OceanKitRepositories/chebfun/@chebtech/isreal.m,M-function,46,0.00048783333419751,0,0.00048783333419751,1.06050724825546e-05,1.06050724825546e-05,1,1,0,0,2,2,0,1,0
"/Users/jearly/Documents/OceanKitRepositories/chebfun/@chebfun/isreal.m>columnIsreal","chebfun.isreal>columnIsreal",/Users/jearly/Documents/OceanKitRepositories/chebfun/@chebfun/isreal.m,M-subfunction,24,0.00167275000296321,0.000873583334880851,0.000799166668082358,6.96979167901337e-05,3.32986111700983e-05,0.47775618990684,0,0,1,1,9,0,1,0
"/Users/jearly/Documents/OceanKitRepositories/chebfun/@chebfun/isreal.m>isreal","chebfun.isreal",/Users/jearly/Documents/OceanKitRepositories/chebfun/@chebfun/isreal.m,M-function,24,0.0023125000040965,0.00167275000296321,0.000639750001133291,9.63541668373542e-05,2.66562500472205e-05,0.276648648648649,0,0,1,2,6,0,1,0
"/Users/jearly/Documents/OceanKitRepositories/chebfun/@chebfun/roots.m>parseInputs","chebfun.roots>parseInputs",/Users/jearly/Documents/OceanKitRepositories/chebfun/@chebfun/roots.m,M-subfunction,2,0.000449083334128866,0.00011254166686603,0.000336541667262837,0.000224541667064433,0.000168270833631418,0.749396919651141,0,0,1,1,21,0,1,0
"/Users/jearly/Documents/OceanKitRepositories/chebfun/@chebtech/diff.m>computeDerCoeffs","chebtech.diff>computeDerCoeffs",/Users/jearly/Documents/OceanKitRepositories/chebfun/@chebtech/diff.m,M-subfunction,17,0.00123470833552057,0,0.00123470833552057,7.26299020894452e-05,7.26299020894452e-05,1,1,0,0,1,8,0,1,0
"/Users/jearly/Documents/OceanKitRepositories/chebfun/@bndfun/diff.m>diff","bndfun.diff",/Users/jearly/Documents/OceanKitRepositories/chebfun/@bndfun/diff.m,M-function,23,0.00584845834369364,0.00480750000851629,0.00104095833517735,0.000254280797551897,4.52590580511891e-05,0.177988501243205,0,0,2,1,11,0,1,0
"/Users/jearly/Documents/OceanKitRepositories/chebfun/@chebtech/length.m>length","chebtech.length",/Users/jearly/Documents/OceanKitRepositories/chebfun/@chebtech/length.m,M-function,77,0.000781791668051579,0,0.000781791668051579,1.01531385461244e-05,1.01531385461244e-05,1,1,0,0,5,2,0,1,0
"/Users/jearly/Documents/OceanKitRepositories/chebfun/@chebfun/min.m>globalMin","chebfun.min>globalMin",/Users/jearly/Documents/OceanKitRepositories/chebfun/@chebfun/min.m,M-subfunction,22,0.0268082500474897,0.0261896667130606,0.000618583334429129,0.00121855682034044,2.81174242922331e-05,0.02307436454574,0,0,1,1,4,0,1,0
"/Applications/MATLAB_R2026a.app/toolbox/matlab/funfun/private/integralParseArgs.m>integralParseArgs","funfun/private/integralParseArgs",/Applications/MATLAB_R2026a.app/toolbox/matlab/funfun/private/integralParseArgs.m,M-function,66,0.00396504167369058,0.00155195833608256,0.00241308333760801,6.00763889953118e-05,3.65618687516366e-05,0.608589653324366,0,0,5,1,12,0,1,0
"/Applications/MATLAB_R2026a.app/toolbox/matlab/funfun/private/integralParseArgs.m>validateAbsTol","funfun/private/integralParseArgs>validateAbsTol",/Applications/MATLAB_R2026a.app/toolbox/matlab/funfun/private/integralParseArgs.m,M-subfunction,66,0.000369500000654554,0,0.000369500000654554,5.59848485840234e-06,5.59848485840234e-06,1,1,0,0,1,2,0,1,0
"/Applications/MATLAB_R2026a.app/toolbox/matlab/funfun/private/integralParseArgs.m>validateRelTol","funfun/private/integralParseArgs>validateRelTol",/Applications/MATLAB_R2026a.app/toolbox/matlab/funfun/private/integralParseArgs.m,M-subfunction,66,0.000299083333863147,0,0.000299083333863147,4.53156566459314e-06,4.53156566459314e-06,1,1,0,0,1,2,0,1,0
"/Applications/MATLAB_R2026a.app/toolbox/matlab/funfun/private/integralParseArgs.m>validateWaypoints","funfun/private/integralParseArgs>validateWaypoints",/Applications/MATLAB_R2026a.app/toolbox/matlab/funfun/private/integralParseArgs.m,M-subfunction,66,0.000245875000435558,0,0.000245875000435558,3.72537879447815e-06,3.72537879447815e-06,1,1,0,0,1,2,0,1,0
"/Applications/MATLAB_R2026a.app/toolbox/matlab/funfun/private/integralParseArgs.m>validateArrayValued","funfun/private/integralParseArgs>validateArrayValued",/Applications/MATLAB_R2026a.app/toolbox/matlab/funfun/private/integralParseArgs.m,M-subfunction,66,0.000206416667032325,0,0.000206416667032325,3.12752525806554e-06,3.12752525806554e-06,1,1,0,0,1,2,0,1,0
"/Applications/MATLAB_R2026a.app/toolbox/matlab/funfun/private/Gauss7Kronrod15.m>Gauss7Kronrod15","funfun/private/Gauss7Kronrod15",/Applications/MATLAB_R2026a.app/toolbox/matlab/funfun/private/Gauss7Kronrod15.m,M-function,66,0.00043108333409698,0,0.00043108333409698,6.53156566813606e-06,6.53156566813606e-06,1,1,0,0,1,4,0,1,0
"/Applications/MATLAB_R2026a.app/toolbox/matlab/funfun/integral.m>integral","integral",/Applications/MATLAB_R2026a.app/toolbox/matlab/funfun/integral.m,M-function,66,0.0233925000414389,0.022236666706058,0.00115583333538084,0.00035443181880968,1.75126262936491e-05,0.0494104235688076,0,0,2,2,6,0,1,0
"/Applications/MATLAB_R2026a.app/toolbox/matlab/funfun/private/integralCalc.m>vadapt","funfun/private/integralCalc>vadapt",/Applications/MATLAB_R2026a.app/toolbox/matlab/funfun/private/integralCalc.m,M-subfunction,65,0.0133668750236789,0.0121883750215912,0.00117850000208766,0.000205644231133521,1.81307692628871e-05,0.0881657081404591,0,0,2,1,10,0,1,0
"/Applications/MATLAB_R2026a.app/toolbox/matlab/funfun/private/integralCalc.m>split","funfun/private/integralCalc>split",/Applications/MATLAB_R2026a.app/toolbox/matlab/funfun/private/integralCalc.m,M-subfunction,65,0.00187929166999576,0,0.00187929166999576,2.89121795383962e-05,2.89121795383962e-05,1,1,0,0,1,23,0,1,0
"/Applications/MATLAB_R2026a.app/toolbox/matlab/funfun/private/integralCalc.m>@(t)AtoBInvTransform(t,A,B)","funfun/private/integralCalc>@(t)AtoBInvTransform(t,A,B)",/Applications/MATLAB_R2026a.app/toolbox/matlab/funfun/private/integralCalc.m,M-anonymous-function,65,0.00395625000700834,0.00348291667283651,0.000473333334171824,6.08653847232052e-05,7.28205129495114e-06,0.119641916798315,0,0,1,1,0,0,1,0
"/Applications/MATLAB_R2026a.app/toolbox/matlab/funfun/private/integralCalc.m>AtoBInvTransform","funfun/private/integralCalc>AtoBInvTransform",/Applications/MATLAB_R2026a.app/toolbox/matlab/funfun/private/integralCalc.m,M-subfunction,65,0.00348291667283651,0,0.00348291667283651,5.3583333428254e-05,5.3583333428254e-05,1,1,0,0,1,10,0,1,0
"/Applications/MATLAB_R2026a.app/toolbox/matlab/funfun/private/integralCalc.m>iterateScalarValued","funfun/private/integralCalc>iterateScalarValued",/Applications/MATLAB_R2026a.app/toolbox/matlab/funfun/private/integralCalc.m,M-subfunction,65,0.0103090833515955,0.00590079167711968,0.00440829167447578,0.000158601282332238,6.7819871915012e-05,0.427612380667534,0,0,3,1,45,0,1,0
"/Applications/MATLAB_R2026a.app/toolbox/matlab/funfun/private/integralCalc.m>finalInputChecks","funfun/private/integralCalc>finalInputChecks",/Applications/MATLAB_R2026a.app/toolbox/matlab/funfun/private/integralCalc.m,M-subfunction,65,0.000697416667902112,0,0.000697416667902112,1.0729487198494e-05,1.0729487198494e-05,1,1,0,0,1,11,0,1,0
"/Applications/MATLAB_R2026a.app/toolbox/matlab/funfun/private/integralCalc.m>integralCalc","funfun/private/integralCalc",/Applications/MATLAB_R2026a.app/toolbox/matlab/funfun/private/integralCalc.m,M-function,66,0.0182716250323674,0.0134115416904247,0.00486008334194277,0.000276842803520719,7.36376263930723e-05,0.265990755246637,0,0,2,1,47,0,1,0
"/Users/jearly/Documents/OceanKitRepositories/wvm-v5-construction-optimization/+WVInternal/resolveFreeSurfaceInputs.m>densityFromStratification","resolveFreeSurfaceInputs>densityFromStratification",/Users/jearly/Documents/OceanKitRepositories/wvm-v5-construction-optimization/+WVInternal/resolveFreeSurfaceInputs.m,M-subfunction,1,0.0210566667039677,0.0205316667030377,0.000525000000930018,0.0210566667039677,0.000525000000930018,0.0249327212284313,0,0,1,1,8,0,0,1
"/Applications/MATLAB_R2026a.app/toolbox/matlab/strfun/strcat.m>strcat","strcat",/Applications/MATLAB_R2026a.app/toolbox/matlab/strfun/strcat.m,M-function,3,0.00203225000360005,0.00014400000025509,0.00188825000334496,0.000677416667866683,0.000629416667781653,0.929142575962603,0,0,1,1,53,0,1,0
"/Applications/MATLAB_R2026a.app/toolbox/matlab/strfun/blanks.m>blanks","blanks",/Applications/MATLAB_R2026a.app/toolbox/matlab/strfun/blanks.m,M-function,3,0.00014400000025509,0,0.00014400000025509,4.80000000850301e-05,4.80000000850301e-05,1,1,0,0,1,4,0,1,0
"/Users/jearly/Documents/OceanKitRepositories/OceanKit/ClassAnnotations-1.2.1/@CAAnnotatedClass/CAAnnotatedClass.m>CAAnnotatedClass.CAAnnotatedClass","CAAnnotatedClass.CAAnnotatedClass>CAAnnotatedClass.CAAnnotatedClass",/Users/jearly/Documents/OceanKitRepositories/OceanKit/ClassAnnotations-1.2.1/@CAAnnotatedClass/CAAnnotatedClass.m,M-method,3,0.188099041999876,0.187255541998382,0.000843500001494191,0.0626996806666255,0.00028116666716473,0.00448433969958627,0,0,4,2,9,0,1,0
"/Users/jearly/Documents/OceanKitRepositories/OceanKit/ClassAnnotations-1.2.1/CADimensionProperty.m>CADimensionProperty.CADimensionProperty","CADimensionProperty>CADimensionProperty.CADimensionProperty",/Users/jearly/Documents/OceanKitRepositories/OceanKit/ClassAnnotations-1.2.1/CADimensionProperty.m,M-method,64,0.0140325833581915,0.00816787501446906,0.00586470834372243,0.000219259114971742,9.16360678706629e-05,0.41793504403442,0,0,1,4,9,0,1,0
"/Users/jearly/Documents/OceanKitRepositories/OceanKit/ClassAnnotations-1.2.1/CANumericProperty.m>CANumericProperty.CANumericProperty","CANumericProperty>CANumericProperty.CANumericProperty",/Users/jearly/Documents/OceanKitRepositories/OceanKit/ClassAnnotations-1.2.1/CANumericProperty.m,M-method,539,0.0788466668063403,0.0322025417237122,0.0466441250826282,0.00014628324082809,8.65382654594215e-05,0.591580176714298,0,0,1,9,15,0,1,0
"/Users/jearly/Documents/OceanKitRepositories/OceanKit/ClassAnnotations-1.2.1/CAFunctionProperty.m>CAFunctionProperty.CAFunctionProperty","CAFunctionProperty>CAFunctionProperty.CAFunctionProperty",/Users/jearly/Documents/OceanKitRepositories/OceanKit/ClassAnnotations-1.2.1/CAFunctionProperty.m,M-method,8,0.00322387500571096,0.00174591666975949,0.00147795833595148,0.00040298437571387,0.000184744791993935,0.4584415752265,0,0,1,1,7,0,1,0
"/Users/jearly/Documents/OceanKitRepositories/wvm-v5-construction-optimization/@WVStratification/WVStratification.m>WVStratification.propertyAnnotationsForStratification","WVStratification.WVStratification>WVStratification.propertyAnnotationsForStratification",/Users/jearly/Documents/OceanKitRepositories/wvm-v5-construction-optimization/@WVStratification/WVStratification.m,M-method,4,0.022262833372771,0.019932916701977,0.00232991667079402,0.00556570834319276,0.000582479167698505,0.104654993000292,0,0,5,1,23,0,0,1
"/Users/jearly/Documents/OceanKitRepositories/OceanKit/ClassAnnotations-1.2.1/CAObjectProperty.m>CAObjectProperty.CAObjectProperty","CAObjectProperty>CAObjectProperty.CAObjectProperty",/Users/jearly/Documents/OceanKitRepositories/OceanKit/ClassAnnotations-1.2.1/CAObjectProperty.m,M-method,4,0.00221854167059672,0.00171883333637818,0.000499708334218546,0.000554635417649181,0.000124927083554637,0.225241806742417,0,0,1,1,11,0,1,0
"/Users/jearly/Documents/OceanKitRepositories/wvm-v5-construction-optimization/@WVTransformFreeSurfaceBoussinesq/classDefinedPropertyAnnotations.m>classDefinedPropertyAnnotations","WVTransformFreeSurfaceBoussinesq.classDefinedPropertyAnnotations",/Users/jearly/Documents/OceanKitRepositories/wvm-v5-construction-optimization/@WVTransformFreeSurfaceBoussinesq/classDefinedPropertyAnnotations.m,M-function,2,0.154882583607702,0.14598675025861,0.00889583334909197,0.0774412918038508,0.00444791667454598,0.0574359824189401,0,0,9,1,23,0,0,1
"/Users/jearly/Documents/OceanKitRepositories/wvm-v5-construction-optimization/@WVTransformFreeSurfaceQG/WVTransformFreeSurfaceQG.m>WVTransformFreeSurfaceQG.propertyAnnotationsForTransform","WVTransformFreeSurfaceQG.WVTransformFreeSurfaceQG>WVTransformFreeSurfaceQG.propertyAnnotationsForTransform",/Users/jearly/Documents/OceanKitRepositories/wvm-v5-construction-optimization/@WVTransformFreeSurfaceQG/WVTransformFreeSurfaceQG.m,M-method,2,0.0703655834579831,0.066391791784277,0.00397379167370607,0.0351827917289916,0.00198689583685303,0.0564735127376427,0,0,7,1,53,0,0,1
"/Users/jearly/Documents/OceanKitRepositories/OceanKit/ClassAnnotations-1.2.1/CAPropertyAnnotation.m>CAPropertyAnnotation.CAPropertyAnnotation","CAPropertyAnnotation>CAPropertyAnnotation.CAPropertyAnnotation",/Users/jearly/Documents/OceanKitRepositories/OceanKit/ClassAnnotations-1.2.1/CAPropertyAnnotation.m,M-method,629,0.0456185834141448,0,0.0456185834141448,7.25255698158105e-05,7.25255698158105e-05,1,1,0,0,7,15,0,1,0
"/Users/jearly/Documents/OceanKitRepositories/wvm-v5-construction-optimization/@WVGeometryDoublyPeriodic/WVGeometryDoublyPeriodic.m>WVGeometryDoublyPeriodic.propertyAnnotationsForGeometry","WVGeometryDoublyPeriodic.WVGeometryDoublyPeriodic>WVGeometryDoublyPeriodic.propertyAnnotationsForGeometry",/Users/jearly/Documents/OceanKitRepositories/wvm-v5-construction-optimization/@WVGeometryDoublyPeriodic/WVGeometryDoublyPeriodic.m,M-method,5,0.0265403750470152,0.0215563333715195,0.00498404167549569,0.00530807500940304,0.000996808335099138,0.187790928600921,0,0,2,2,24,0,0,1
"/Users/jearly/Documents/OceanKitRepositories/wvm-v5-construction-optimization/WVRotatingFPlane.m>WVRotatingFPlane.propertyAnnotationsForRotatingFPlane","WVRotatingFPlane>WVRotatingFPlane.propertyAnnotationsForRotatingFPlane",/Users/jearly/Documents/OceanKitRepositories/wvm-v5-construction-optimization/WVRotatingFPlane.m,M-method,4,0.0086910416820625,0.00767779168026756,0.00101325000179493,0.00217276042051562,0.000253312500448733,0.116585564637917,0,0,1,1,10,0,0,1
"/Users/jearly/Documents/OceanKitRepositories/wvm-v5-construction-optimization/@WVGeometryCartesianXYZ/WVGeometryCartesianXYZ.m>WVGeometryCartesianXYZ.propertyAnnotationsForGeometry","WVGeometryCartesianXYZ.WVGeometryCartesianXYZ>WVGeometryCartesianXYZ.propertyAnnotationsForGeometry",/Users/jearly/Documents/OceanKitRepositories/wvm-v5-construction-optimization/@WVGeometryCartesianXYZ/WVGeometryCartesianXYZ.m,M-method,4,0.00626204167775962,0.00529520834271358,0.000966833335046039,0.0015655104194399,0.00024170833376151,0.154395863968753,0,0,1,1,10,0,0,1
"/Users/jearly/Documents/OceanKitRepositories/wvm-v5-construction-optimization/@WVGeometryDoublyPeriodicStratified/WVGeometryDoublyPeriodicStratified.m>WVGeometryDoublyPeriodicStratified.propertyAnnotationsForGeometry","WVGeometryDoublyPeriodicStratified.WVGeometryDoublyPeriodicStratified>WVGeometryDoublyPeriodicStratified.propertyAnnotationsForGeometry",/Users/jearly/Documents/OceanKitRepositories/wvm-v5-construction-optimization/@WVGeometryDoublyPeriodicStratified/WVGeometryDoublyPeriodicStratified.m,M-method,4,0.0513697917576662,0.0500238750886153,0.0013459166690509,0.0128424479394165,0.000336479167262725,0.0262005475007604,0,0,4,2,13,0,0,1
"/Users/jearly/Documents/OceanKitRepositories/wvm-v5-construction-optimization/@WVTransform/WVTransform.m>WVTransform.propertyAnnotationsForTransform","WVTransform.WVTransform>WVTransform.propertyAnnotationsForTransform",/Users/jearly/Documents/OceanKitRepositories/wvm-v5-construction-optimization/@WVTransform/WVTransform.m,M-method,4,0.0148025833595555,0.012295500021781,0.00250708333777453,0.00370064583988888,0.000626770834443632,0.169367959421497,0,0,3,2,23,0,0,1
"/Users/jearly/Documents/OceanKitRepositories/wvm-v5-construction-optimization/@WVGeometryDoublyPeriodic/WVGeometryDoublyPeriodic.m>WVGeometryDoublyPeriodic.classDefinedPropertyAnnotations","WVGeometryDoublyPeriodic.WVGeometryDoublyPeriodic>WVGeometryDoublyPeriodic.classDefinedPropertyAnnotations",/Users/jearly/Documents/OceanKitRepositories/wvm-v5-construction-optimization/@WVGeometryDoublyPeriodic/WVGeometryDoublyPeriodic.m,M-method,1,0.00838462501485302,0.00834025001477441,4.43750000786083e-05,0.00838462501485302,4.43750000786083e-05,0.00529242512336566,0,0,1,1,2,0,0,1
"/Users/jearly/Documents/OceanKitRepositories/OceanKit/ClassAnnotations-1.2.1/@CAAnnotatedClass/addPropertyAnnotation.m>addPropertyAnnotation","CAAnnotatedClass.addPropertyAnnotation",/Users/jearly/Documents/OceanKitRepositories/OceanKit/ClassAnnotations-1.2.1/@CAAnnotatedClass/addPropertyAnnotation.m,M-function,10,0.0549462917640018,0.0253022917114887,0.0296440000525131,0.00549462917640018,0.00296440000525131,0.539508656559322,0,0,2,2,17,0,1,0
"/Users/jearly/Documents/OceanKitRepositories/wvm-v5-construction-optimization/WVOperation.m>WVOperation.WVOperation","WVOperation>WVOperation.WVOperation",/Users/jearly/Documents/OceanKitRepositories/wvm-v5-construction-optimization/WVOperation.m,M-method,17,0.00662358334506674,8.09583334767477e-05,0.00654262501159,0.000389622549709808,0.000384860294799411,0.98777726054628,0,0,1,2,17,0,0,1
"/Users/jearly/Documents/OceanKitRepositories/wvm-v5-construction-optimization/@WVTransform/WVTransform.m>WVTransform.WVTransform","WVTransform.WVTransform>WVTransform.WVTransform",/Users/jearly/Documents/OceanKitRepositories/wvm-v5-construction-optimization/@WVTransform/WVTransform.m,M-method,1,0.0667877917849785,0.0653317501157326,0.00145604166924598,0.0667877917849785,0.00145604166924598,0.0218010152803625,0,0,7,1,21,0,0,1
"/Users/jearly/Documents/OceanKitRepositories/OceanKit/ClassAnnotations-1.2.1/@CAAnnotatedClass/annotatedDimensionNames.m>annotatedDimensionNames","CAAnnotatedClass.annotatedDimensionNames",/Users/jearly/Documents/OceanKitRepositories/OceanKit/ClassAnnotations-1.2.1/@CAAnnotatedClass/annotatedDimensionNames.m,M-function,99,0.00312333333886619,0.000306166667209029,0.00281716667165716,3.1548821604709e-05,2.8456229006638e-05,0.901974386339381,0,0,1,1,8,0,1,0
"/Users/jearly/Documents/OceanKitRepositories/OceanKit/ClassAnnotations-1.2.1/@CAAnnotatedClass/annotatedPropertyNames.m>annotatedPropertyNames","CAAnnotatedClass.annotatedPropertyNames",/Users/jearly/Documents/OceanKitRepositories/OceanKit/ClassAnnotations-1.2.1/@CAAnnotatedClass/annotatedPropertyNames.m,M-function,99,0.00266437500471983,0.000303916667205043,0.00236045833751479,2.69128788355539e-05,2.38430135102504e-05,0.885933223864258,0,0,1,1,8,0,1,0
"/Users/jearly/Documents/OceanKitRepositories/wvm-v5-construction-optimization/@WVTransform/addFlowComponent.m>addFlowComponent","WVTransform.addFlowComponent",/Users/jearly/Documents/OceanKitRepositories/wvm-v5-construction-optimization/@WVTransform/addFlowComponent.m,M-function,6,0.103680625183666,0.101078250179056,0.00260237500461001,0.0172801041972777,0.000433729167435002,0.0250999162090314,0,0,5,1,12,0,0,1
"/Applications/MATLAB_R2026a.app/toolbox/matlab/mathvalidator/mustBeNonempty.m>mustBeNonempty","mustBeNonempty",/Applications/MATLAB_R2026a.app/toolbox/matlab/mathvalidator/mustBeNonempty.m,M-function,348,0.00131883333566959,0,0.00131883333566959,3.7897509645678e-06,3.7897509645678e-06,1,1,0,0,9,2,0,1,0
"/Users/jearly/Documents/OceanKitRepositories/wvm-v5-construction-optimization/@WVTransform/WVTransform.m>WVTransform.updateDependentVariablesNameMap","WVTransform.WVTransform>WVTransform.updateDependentVariablesNameMap",/Users/jearly/Documents/OceanKitRepositories/wvm-v5-construction-optimization/@WVTransform/WVTransform.m,M-method,8,0.0277830417158832,0.00267404167140362,0.0251090000444796,0.0034728802144854,0.00313862500555995,0.903752738855987,0,0,1,2,14,0,0,1
"/Users/jearly/Documents/OceanKitRepositories/OceanKit/ClassAnnotations-1.2.1/@CAAnnotatedClass/CAAnnotatedClass.m>CAAnnotatedClass.propertyAnnotations","CAAnnotatedClass.CAAnnotatedClass>CAAnnotatedClass.propertyAnnotations",/Users/jearly/Documents/OceanKitRepositories/OceanKit/ClassAnnotations-1.2.1/@CAAnnotatedClass/CAAnnotatedClass.m,M-method,8,0.00267404167140362,0,0.00267404167140362,0.000334255208925453,0.000334255208925453,1,1,0,0,1,8,0,1,0
"/Users/jearly/Documents/OceanKitRepositories/wvm-v5-construction-optimization/@WVTransform/WVTransform.m>@(varargin)self.updateDependentVariablesNameMap(varargin{:})","WVTransform.WVTransform>@(varargin)self.updateDependentVariablesNameMap(varargin{:})",/Users/jearly/Documents/OceanKitRepositories/wvm-v5-construction-optimization/@WVTransform/WVTransform.m,M-anonymous-function,7,0.0252460833780557,0.024631125043633,0.000614958334422711,0.00360658333972225,8.78511906318158e-05,0.0243585638696433,0,0,1,1,0,0,0,1
"/Users/jearly/Documents/OceanKitRepositories/wvm-v5-construction-optimization/@WVTransformFreeSurfaceBoussinesq/WVTransformFreeSurfaceBoussinesq.m>WVTransformFreeSurfaceBoussinesq.coefficientAnnotations","WVTransformFreeSurfaceBoussinesq.WVTransformFreeSurfaceBoussinesq>WVTransformFreeSurfaceBoussinesq.coefficientAnnotations",/Users/jearly/Documents/OceanKitRepositories/wvm-v5-construction-optimization/@WVTransformFreeSurfaceBoussinesq/WVTransformFreeSurfaceBoussinesq.m,M-method,14,0.049215708420517,0.0463356250820817,0.00288008333843528,0.00351540774432264,0.000205720238459663,0.0585195952850418,0,0,1,2,8,0,0,1
"/Users/jearly/Documents/OceanKitRepositories/wvm-v5-construction-optimization/@WVTransformFreeSurfaceQG/WVTransformFreeSurfaceQG.m>WVTransformFreeSurfaceQG.prototypeCoefficientAnnotations","WVTransformFreeSurfaceQG.WVTransformFreeSurfaceQG>WVTransformFreeSurfaceQG.prototypeCoefficientAnnotations",/Users/jearly/Documents/OceanKitRepositories/wvm-v5-construction-optimization/@WVTransformFreeSurfaceQG/WVTransformFreeSurfaceQG.m,M-method,2,0.00875345834883973,0.00840975001489753,0.000343708333942198,0.00437672917441987,0.000171854166971099,0.0392654331859312,0,0,1,1,5,0,0,1
"/Users/jearly/Documents/OceanKitRepositories/wvm-v5-construction-optimization/@WVTransformFreeSurfaceBoussinesq/WVTransformFreeSurfaceBoussinesq.m>WVTransformFreeSurfaceBoussinesq.coefficientStateAnnotations","WVTransformFreeSurfaceBoussinesq.WVTransformFreeSurfaceBoussinesq>WVTransformFreeSurfaceBoussinesq.coefficientStateAnnotations",/Users/jearly/Documents/OceanKitRepositories/wvm-v5-construction-optimization/@WVTransformFreeSurfaceBoussinesq/WVTransformFreeSurfaceBoussinesq.m,M-method,12,0.0226937083735343,0.0224058750396911,0.000287833333843218,0.00189114236446119,2.39861111536015e-05,0.0126833979315118,0,0,1,2,2,0,0,1
"/Users/jearly/Documents/OceanKitRepositories/wvm-v5-construction-optimization/@WVTransform/optimizedTransformsForFlowComponent.m>optimizedTransformsForFlowComponent","WVTransform.optimizedTransformsForFlowComponent",/Users/jearly/Documents/OceanKitRepositories/wvm-v5-construction-optimization/@WVTransform/optimizedTransformsForFlowComponent.m,M-function,2,0.000140666666915852,0,0.000140666666915852,7.0333333457926e-05,7.0333333457926e-05,1,1,0,0,1,12,0,0,1
"/Users/jearly/Documents/OceanKitRepositories/wvm-v5-construction-optimization/+WVInternal/@FreeSurfaceFieldOperation/FreeSurfaceFieldOperation.m>FreeSurfaceFieldOperation.FreeSurfaceFieldOperation","FreeSurfaceFieldOperation.FreeSurfaceFieldOperation>FreeSurfaceFieldOperation.FreeSurfaceFieldOperation",/Users/jearly/Documents/OceanKitRepositories/wvm-v5-construction-optimization/+WVInternal/@FreeSurfaceFieldOperation/FreeSurfaceFieldOperation.m,M-method,7,0.00348970833951521,0.00292729167185225,0.000562416667662964,0.000498529762787887,8.03452382375664e-05,0.161164376201449,0,0,1,1,4,0,0,1
"/Users/jearly/Documents/OceanKitRepositories/wvm-v5-construction-optimization/@WVTransform/propertyAnnotationForKnownVariable.m>propertyAnnotationForKnownVariable","WVTransform.propertyAnnotationForKnownVariable",/Users/jearly/Documents/OceanKitRepositories/wvm-v5-construction-optimization/@WVTransform/propertyAnnotationForKnownVariable.m,M-function,2,0.0258987917125453,0.0244740417100214,0.00142475000252389,0.0129493958562727,0.000712375001261943,0.055012219038533,0,0,1,1,18,0,0,1
"/Users/jearly/Documents/OceanKitRepositories/wvm-v5-construction-optimization/@WVTransformFreeSurfaceQG/WVTransformFreeSurfaceQG.m>WVTransformFreeSurfaceQG.classDefinedPropertyAnnotations","WVTransformFreeSurfaceQG.WVTransformFreeSurfaceQG>WVTransformFreeSurfaceQG.classDefinedPropertyAnnotations",/Users/jearly/Documents/OceanKitRepositories/wvm-v5-construction-optimization/@WVTransformFreeSurfaceQG/WVTransformFreeSurfaceQG.m,M-method,2,0.070430625124765,0.0703655834579831,6.50416667818954e-05,0.0352153125623825,3.25208333909477e-05,0.000923485581260662,0,0,1,1,2,0,0,1
"/Users/jearly/Documents/OceanKitRepositories/wvm-v5-construction-optimization/@WVTransformFreeSurfaceBoussinesq/WVTransformFreeSurfaceBoussinesq.m>WVTransformFreeSurfaceBoussinesq.WVTransformFreeSurfaceBoussinesq","WVTransformFreeSurfaceBoussinesq.WVTransformFreeSurfaceBoussinesq>WVTransformFreeSurfaceBoussinesq.WVTransformFreeSurfaceBoussinesq",/Users/jearly/Documents/OceanKitRepositories/wvm-v5-construction-optimization/@WVTransformFreeSurfaceBoussinesq/WVTransformFreeSurfaceBoussinesq.m,M-method,1,0.507800042566214,0.49367762587453,0.0141224166916838,0.507800042566214,0.0141224166916838,0.0278109797319333,0,0,15,1,53,0,0,1
"/Users/jearly/Documents/OceanKitRepositories/wvm-v5-construction-optimization/@WVTransformFreeSurfaceBoussinesq/WVTransformFreeSurfaceBoussinesq.m>WVTransformFreeSurfaceBoussinesq.scientificPropertyNames","WVTransformFreeSurfaceBoussinesq.WVTransformFreeSurfaceBoussinesq>WVTransformFreeSurfaceBoussinesq.scientificPropertyNames",/Users/jearly/Documents/OceanKitRepositories/wvm-v5-construction-optimization/@WVTransformFreeSurfaceBoussinesq/WVTransformFreeSurfaceBoussinesq.m,M-method,4,1.60000000283434e-05,0,1.60000000283434e-05,4.00000000708584e-06,4.00000000708584e-06,1,1,0,0,2,2,0,0,1
"/Applications/MATLAB_R2026a.app/toolbox/matlab/ops/@cell/unique.m>unique","cell.unique",/Applications/MATLAB_R2026a.app/toolbox/matlab/ops/@cell/unique.m,M-function,5,0.00138941666912796,0.000473500000838786,0.000915916668289176,0.000277883333825592,0.000183183333657835,0.659209500389852,0,0,1,2,40,0,1,0
"/Applications/MATLAB_R2026a.app/toolbox/matlab/ops/+matlab/+internal/+math/partialMatchString.m>partialMatchString","partialMatchString",/Applications/MATLAB_R2026a.app/toolbox/matlab/ops/+matlab/+internal/+math/partialMatchString.m,M-function,5,0.000473500000838786,0,0.000473500000838786,9.47000001677572e-05,9.47000001677572e-05,1,1,0,0,1,12,0,1,0
"/Applications/MATLAB_R2026a.app/toolbox/matlab/ops/@cell/union.m>cellunionR2012a","cell.union>cellunionR2012a",/Applications/MATLAB_R2026a.app/toolbox/matlab/ops/@cell/union.m,M-subfunction,1,0.000762333334683776,0.00063350000112222,0.000128833333561556,0.000762333334683776,0.000128833333561556,0.168998688237866,0,0,1,1,23,0,1,0
"/Applications/MATLAB_R2026a.app/toolbox/matlab/ops/@cell/setdiff.m>cellsetdiffR2012a","cell.setdiff>cellsetdiffR2012a",/Applications/MATLAB_R2026a.app/toolbox/matlab/ops/@cell/setdiff.m,M-subfunction,2,0.0010875416685932,0.000755916668005742,0.00033162500058746,0.000543770834296601,0.00016581250029373,0.304930845561473,0,0,1,1,37,0,1,0
"/Applications/MATLAB_R2026a.app/toolbox/matlab/ops/@cell/setdiff.m>setdiff","cell.setdiff",/Applications/MATLAB_R2026a.app/toolbox/matlab/ops/@cell/setdiff.m,M-function,2,0.00122008333549466,0.0010875416685932,0.000132541666901459,0.000610041667747331,6.62708334507294e-05,0.108633290075815,0,0,1,1,10,0,1,0
"/Users/jearly/Documents/OceanKitRepositories/wvm-v5-construction-optimization/@WVGeometryDoublyPeriodic/WVGeometryDoublyPeriodic.m>WVGeometryDoublyPeriodic.get.Nk_dft","WVGeometryDoublyPeriodic.WVGeometryDoublyPeriodic>WVGeometryDoublyPeriodic.get.Nk_dft",/Users/jearly/Documents/OceanKitRepositories/wvm-v5-construction-optimization/@WVGeometryDoublyPeriodic/WVGeometryDoublyPeriodic.m,M-method,6,6.96250001233379e-05,0,6.96250001233379e-05,1.1604166687223e-05,1.1604166687223e-05,1,1,0,0,1,2,0,0,1
"/Users/jearly/Documents/OceanKitRepositories/wvm-v5-construction-optimization/@WVGeometryDoublyPeriodic/WVGeometryDoublyPeriodic.m>WVGeometryDoublyPeriodic.get.Nl_dft","WVGeometryDoublyPeriodic.WVGeometryDoublyPeriodic>WVGeometryDoublyPeriodic.get.Nl_dft",/Users/jearly/Documents/OceanKitRepositories/wvm-v5-construction-optimization/@WVGeometryDoublyPeriodic/WVGeometryDoublyPeriodic.m,M-method,6,5.71666667679351e-05,0,5.71666667679351e-05,9.52777779465585e-06,9.52777779465585e-06,1,1,0,0,1,2,0,0,1
"/Users/jearly/Documents/OceanKitRepositories/wvm-v5-construction-optimization/@WVGeometryDoublyPeriodic/WVGeometryDoublyPeriodic.m>WVGeometryDoublyPeriodic.get.k_dft","WVGeometryDoublyPeriodic.WVGeometryDoublyPeriodic>WVGeometryDoublyPeriodic.get.k_dft",/Users/jearly/Documents/OceanKitRepositories/wvm-v5-construction-optimization/@WVGeometryDoublyPeriodic/WVGeometryDoublyPeriodic.m,M-method,4,0.000202208333691537,0,0.000202208333691537,5.05520834228843e-05,5.05520834228843e-05,1,1,0,0,1,2,0,0,1
"/Users/jearly/Documents/OceanKitRepositories/wvm-v5-construction-optimization/@WVGeometryDoublyPeriodic/WVGeometryDoublyPeriodic.m>WVGeometryDoublyPeriodic.get.l_dft","WVGeometryDoublyPeriodic.WVGeometryDoublyPeriodic>WVGeometryDoublyPeriodic.get.l_dft",/Users/jearly/Documents/OceanKitRepositories/wvm-v5-construction-optimization/@WVGeometryDoublyPeriodic/WVGeometryDoublyPeriodic.m,M-method,4,0.00013875000024579,0,0.00013875000024579,3.46875000614475e-05,3.46875000614475e-05,1,1,0,0,1,2,0,0,1
"/Users/jearly/Documents/OceanKitRepositories/wvm-v5-construction-optimization/@WVGeometryDoublyPeriodic/WVGeometryDoublyPeriodic.m>WVGeometryDoublyPeriodic.get.kMode_wv","WVGeometryDoublyPeriodic.WVGeometryDoublyPeriodic>WVGeometryDoublyPeriodic.get.kMode_wv",/Users/jearly/Documents/OceanKitRepositories/wvm-v5-construction-optimization/@WVGeometryDoublyPeriodic/WVGeometryDoublyPeriodic.m,M-method,2,0.000551875000977624,0.000424041667417839,0.000127833333559785,0.000275937500488812,6.39166667798924e-05,0.231634579086448,0,0,3,1,3,0,0,1
"/Users/jearly/Documents/OceanKitRepositories/wvm-v5-construction-optimization/@WVGeometryDoublyPeriodic/WVGeometryDoublyPeriodic.m>WVGeometryDoublyPeriodic.get.lMode_wv","WVGeometryDoublyPeriodic.WVGeometryDoublyPeriodic>WVGeometryDoublyPeriodic.get.lMode_wv",/Users/jearly/Documents/OceanKitRepositories/wvm-v5-construction-optimization/@WVGeometryDoublyPeriodic/WVGeometryDoublyPeriodic.m,M-method,2,0.00027745833382484,0.00017191666697121,0.00010554166685363,0.00013872916691242,5.27708334268148e-05,0.380387445562397,0,0,3,1,3,0,0,1
"/Applications/MATLAB_R2026a.app/toolbox/matlab/elmat/ndgrid.m>ndgrid","ndgrid",/Applications/MATLAB_R2026a.app/toolbox/matlab/elmat/ndgrid.m,M-function,10,0.00127254166892092,0,0.00127254166892092,0.000127254166892092,0.000127254166892092,1,1,0,0,5,25,0,1,0
"/Applications/MATLAB_R2026a.app/toolbox/matlab/datafun/sortrows.m>sortrows","sortrows",/Applications/MATLAB_R2026a.app/toolbox/matlab/datafun/sortrows.m,M-function,2,0.00237083333753317,3.23333333906105e-05,0.00233850000414256,0.00118541666876658,0.00116925000207128,0.986362038664323,0,0,1,1,8,0,1,0
"/Applications/MATLAB_R2026a.app/toolbox/matlab/datafun/sortrows.m>canCallBuiltinHelper","sortrows>canCallBuiltinHelper",/Applications/MATLAB_R2026a.app/toolbox/matlab/datafun/sortrows.m,M-subfunction,2,3.23333333906105e-05,0,3.23333333906105e-05,1.61666666953053e-05,1.61666666953053e-05,1,1,0,0,1,2,0,1,0
"/Applications/MATLAB_R2026a.app/toolbox/matlab/elmat/sub2ind.m>sub2ind","sub2ind",/Applications/MATLAB_R2026a.app/toolbox/matlab/elmat/sub2ind.m,M-function,32768,0.234235958748273,0,0.234235958748273,7.14831417078469e-06,7.14831417078469e-06,1,1,0,0,1,41,0,1,0
"/Users/jearly/Documents/OceanKitRepositories/wvm-v5-construction-optimization/FastTransforms/WVFourierStorageLayout.m>validateCompressedDimension","WVFourierStorageLayout>validateCompressedDimension",/Users/jearly/Documents/OceanKitRepositories/wvm-v5-construction-optimization/FastTransforms/WVFourierStorageLayout.m,M-subfunction,2,2.94166667187771e-05,0,2.94166667187771e-05,1.47083333593886e-05,1.47083333593886e-05,1,1,0,0,1,5,0,0,1
"/Users/jearly/Documents/OceanKitRepositories/wvm-v5-construction-optimization/@WVGeometryDoublyPeriodic/WVGeometryDoublyPeriodic.m>WVGeometryDoublyPeriodic.get.Nkl","WVGeometryDoublyPeriodic.WVGeometryDoublyPeriodic>WVGeometryDoublyPeriodic.get.Nkl",/Users/jearly/Documents/OceanKitRepositories/wvm-v5-construction-optimization/@WVGeometryDoublyPeriodic/WVGeometryDoublyPeriodic.m,M-method,2,2.81250000498223e-05,0,2.81250000498223e-05,1.40625000249111e-05,1.40625000249111e-05,1,1,0,0,1,2,0,0,1
"/Users/jearly/Documents/OceanKitRepositories/wvm-v5-construction-optimization/@WVGeometryDoublyPeriodic/WVGeometryDoublyPeriodic.m>WVGeometryDoublyPeriodic.get.kMode_dft","WVGeometryDoublyPeriodic.WVGeometryDoublyPeriodic>WVGeometryDoublyPeriodic.get.kMode_dft",/Users/jearly/Documents/OceanKitRepositories/wvm-v5-construction-optimization/@WVGeometryDoublyPeriodic/WVGeometryDoublyPeriodic.m,M-method,4,0.000120791666880644,0,0.000120791666880644,3.01979167201611e-05,3.01979167201611e-05,1,1,0,0,2,2,0,0,1
"/Users/jearly/Documents/OceanKitRepositories/wvm-v5-construction-optimization/@WVGeometryDoublyPeriodic/WVGeometryDoublyPeriodic.m>WVGeometryDoublyPeriodic.get.lMode_dft","WVGeometryDoublyPeriodic.WVGeometryDoublyPeriodic>WVGeometryDoublyPeriodic.get.lMode_dft",/Users/jearly/Documents/OceanKitRepositories/wvm-v5-construction-optimization/@WVGeometryDoublyPeriodic/WVGeometryDoublyPeriodic.m,M-method,4,8.66666668201932e-05,0,8.66666668201932e-05,2.16666667050483e-05,2.16666667050483e-05,1,1,0,0,2,2,0,0,1
"/Users/jearly/Documents/OceanKitRepositories/wvm-v5-construction-optimization/FastTransforms/WVFourierStorageLayout.m>WVFourierStorageLayout.wvModeMappings","WVFourierStorageLayout>WVFourierStorageLayout.wvModeMappings",/Users/jearly/Documents/OceanKitRepositories/wvm-v5-construction-optimization/FastTransforms/WVFourierStorageLayout.m,M-method,2,0.000601541667732273,0.000376208333999771,0.000225333333732502,0.000300770833866137,0.000112666666866251,0.374593059499896,0,0,1,1,12,0,0,1
"/Users/jearly/Documents/OceanKitRepositories/wvm-v5-construction-optimization/FastTransforms/WVFourierStorageLayout.m>WVFourierStorageLayout.fourierRowIndicesForModeNumbers","WVFourierStorageLayout>WVFourierStorageLayout.fourierRowIndicesForModeNumbers",/Users/jearly/Documents/OceanKitRepositories/wvm-v5-construction-optimization/FastTransforms/WVFourierStorageLayout.m,M-method,6,0.000601833334399457,0,0.000601833334399457,0.000100305555733243,0.000100305555733243,1,1,0,0,2,6,0,0,1
"/Users/jearly/Documents/OceanKitRepositories/wvm-v5-construction-optimization/FastTransforms/WVFourierStorageLayout.m>WVFourierStorageLayout.wvIndicesForDirectFourierRows","WVFourierStorageLayout>WVFourierStorageLayout.wvIndicesForDirectFourierRows",/Users/jearly/Documents/OceanKitRepositories/wvm-v5-construction-optimization/FastTransforms/WVFourierStorageLayout.m,M-method,2,0.0024485833376709,0,0.0024485833376709,0.00122429166883545,0.00122429166883545,1,1,0,0,1,8,0,0,1
"/Applications/MATLAB_R2026a.app/toolbox/matlab/elmat/+matlab/+internal/+builtinhelper/repmat.m>repmat","repmat",/Applications/MATLAB_R2026a.app/toolbox/matlab/elmat/+matlab/+internal/+builtinhelper/repmat.m,M-function,8015,0.10263300018181,0.0314684167224117,0.0711645834593985,1.28051154312926e-05,8.87892494814704e-06,0.693388903504071,0,0,1,1,37,0,1,0
"/Applications/MATLAB_R2026a.app/toolbox/matlab/elmat/+matlab/+internal/+builtinhelper/repmat.m>checkSizesType","repmat>checkSizesType",/Applications/MATLAB_R2026a.app/toolbox/matlab/elmat/+matlab/+internal/+builtinhelper/repmat.m,M-subfunction,14886,0.0314684167224117,0,0.0314684167224117,2.11396054832807e-06,2.11396054832807e-06,1,1,0,0,1,6,0,1,0
"/Applications/MATLAB_R2026a.app/toolbox/matlab/elmat/repmat.m>repmat","repmat",/Applications/MATLAB_R2026a.app/toolbox/matlab/elmat/repmat.m,M-function,8015,0.132923958568803,0.10263300018181,0.0302909583869925,1.65843990728388e-05,3.77928364154617e-06,0.227881856011034,0,0,1,8,3,0,1,0
"/Users/jearly/Documents/OceanKitRepositories/wvm-v5-construction-optimization/FastTransforms/WVFourierStorageLayout.m>WVFourierStorageLayout.mappingMemoryUsage","WVFourierStorageLayout>WVFourierStorageLayout.mappingMemoryUsage",/Users/jearly/Documents/OceanKitRepositories/wvm-v5-construction-optimization/FastTransforms/WVFourierStorageLayout.m,M-method,2,0.00292608333851677,0.00157025000278163,0.00135583333573514,0.00146304166925839,0.000677916667867569,0.463361148292655,0,0,1,1,8,0,0,1
"/Applications/MATLAB_R2026a.app/toolbox/matlab/datatypes/tabular/@table/table.m>table.table","table.table>table.table",/Applications/MATLAB_R2026a.app/toolbox/matlab/datatypes/tabular/@table/table.m,M-method,1727,0.591579667714626,0.521303417590135,0.0702762501244916,0.000342547578294514,4.06926752313211e-05,0.11879422833442,0,0,7,7,47,0,1,0
"/Users/jearly/Documents/OceanKitRepositories/oceankit-internal-modes-beta7/InternalModes-2.0.0-beta.7/assessModeConvergence.m>scalarError","assessModeConvergence>scalarError",/Users/jearly/Documents/OceanKitRepositories/oceankit-internal-modes-beta7/InternalModes-2.0.0-beta.7/assessModeConvergence.m,M-subfunction,572,0.0128854166894927,0.00824466668127176,0.0046407500082209,2.25269522543578e-05,8.1131993150715e-06,0.360155214227971,0,0,1,1,7,0,0,1
"/Users/jearly/Documents/OceanKitRepositories/wvm-v5-construction-optimization/+WVInternal/assessWaveModeConstruction.m>assessWaveModeConstruction","assessWaveModeConstruction",/Users/jearly/Documents/OceanKitRepositories/wvm-v5-construction-optimization/+WVInternal/assessWaveModeConstruction.m,M-function,1,12.7193581058652,11.1342759780573,1.58508212780791,12.7193581058652,1.58508212780791,0.124619663556528,0,0,9,1,73,0,0,1
"/Users/jearly/Documents/OceanKitRepositories/wvm-v5-construction-optimization/+WVInternal/selectFreeSurfaceWaveCounts.m>selectFreeSurfaceWaveCounts","selectFreeSurfaceWaveCounts",/Users/jearly/Documents/OceanKitRepositories/wvm-v5-construction-optimization/+WVInternal/selectFreeSurfaceWaveCounts.m,M-function,1,0.163316041955974,0.12348395855208,0.0398320834038943,0.163316041955974,0.0398320834038943,0.243895718551837,0,0,8,1,88,0,0,1
"/Users/jearly/Documents/OceanKitRepositories/wvm-v5-construction-optimization/@WVTransform/addOperation.m>outputAnnotationsForOperations","WVTransform.addOperation>outputAnnotationsForOperations",/Users/jearly/Documents/OceanKitRepositories/wvm-v5-construction-optimization/@WVTransform/addOperation.m,M-subfunction,14,0.00361179167306481,0.00200745833688946,0.00160433333617535,0.000257985119504629,0.000114595238298239,0.444193209741241,0,0,2,1,14,0,0,1
"/Users/jearly/Documents/OceanKitRepositories/wvm-v5-construction-optimization/FastTransforms/WVFourierStorageLayout.m>WVFourierStorageLayout.calculateMappingMemoryBytes","WVFourierStorageLayout>WVFourierStorageLayout.calculateMappingMemoryBytes",/Users/jearly/Documents/OceanKitRepositories/wvm-v5-construction-optimization/FastTransforms/WVFourierStorageLayout.m,M-method,2,0.00306658333876566,0.00292608333851677,0.00014050000024889,0.00153329166938283,7.02500001244449e-05,0.0458164624038696,0,0,1,1,3,0,0,1
"/Users/jearly/Documents/OceanKitRepositories/wvm-v5-construction-optimization/FastTransforms/@WVFastTransformDoublyPeriodicMatlab/WVFastTransformDoublyPeriodicMatlab.m>WVFastTransformDoublyPeriodicMatlab.WVFastTransformDoublyPeriodicMatlab","WVFastTransformDoublyPeriodicMatlab.WVFastTransformDoublyPeriodicMatlab>WVFastTransformDoublyPeriodicMatlab.WVFastTransformDoublyPeriodicMatlab",/Users/jearly/Documents/OceanKitRepositories/wvm-v5-construction-optimization/FastTransforms/@WVFastTransformDoublyPeriodicMatlab/WVFastTransformDoublyPeriodicMatlab.m,M-method,2,0.0174030416974954,0.0167850000297339,0.000618041667761499,0.00870152084874772,0.000309020833880749,0.0355134279687696,0,0,2,1,5,0,0,1
"/Applications/MATLAB_R2026a.app/toolbox/matlab/datafun/mean.m>mean","mean",/Applications/MATLAB_R2026a.app/toolbox/matlab/datafun/mean.m,M-function,569,0.009155916682886,0.00384550000681215,0.00531041667607385,1.60912419734376e-05,9.3328939825551e-06,0.579998361715102,0,0,2,1,21,0,1,0
"/Applications/MATLAB_R2026a.app/toolbox/matlab/datafun/+matlab/+internal/+math/firstNonSingletonDim.m>firstNonSingletonDim","firstNonSingletonDim",/Applications/MATLAB_R2026a.app/toolbox/matlab/datafun/+matlab/+internal/+math/firstNonSingletonDim.m,M-function,569,0.00248987500441071,0,0.00248987500441071,4.37587874237384e-06,4.37587874237384e-06,1,1,0,0,1,9,0,1,0
"/Applications/MATLAB_R2026a.app/toolbox/matlab/datafun/mean.m>mysize","mean>mysize",/Applications/MATLAB_R2026a.app/toolbox/matlab/datafun/mean.m,M-subfunction,569,0.00135562500240144,0,0.00135562500240144,2.38246924850867e-06,2.38246924850867e-06,1,1,0,0,1,6,0,1,0
"/Users/jearly/Documents/OceanKitRepositories/wvm-v5-construction-optimization/+WVInternal/buildFreeSurfaceBalancedState.m>uniqueWavenumberPages","buildFreeSurfaceBalancedState>uniqueWavenumberPages",/Users/jearly/Documents/OceanKitRepositories/wvm-v5-construction-optimization/+WVInternal/buildFreeSurfaceBalancedState.m,M-subfunction,1,0.0148817500263624,0.009155916682886,0.00572583334347642,0.0148817500263624,0.00572583334347642,0.384755377111787,0,0,1,1,16,0,0,1
"/Users/jearly/Documents/OceanKitRepositories/oceankit-internal-modes-beta7/InternalModes-2.0.0-beta.7/@IMEigenvalueProblem/IMEigenvalueProblem.m>IMEigenvalueProblem.expandCoefficient","IMEigenvalueProblem.IMEigenvalueProblem>IMEigenvalueProblem.expandCoefficient",/Users/jearly/Documents/OceanKitRepositories/oceankit-internal-modes-beta7/InternalModes-2.0.0-beta.7/@IMEigenvalueProblem/IMEigenvalueProblem.m,M-method,30,0.000953166668355163,0.000124875000221211,0.000828291668133952,3.17722222785054e-05,2.76097222711317e-05,0.868989333799615,0,0,1,1,11,0,0,1
"/Users/jearly/Documents/OceanKitRepositories/oceankit-internal-modes-beta7/InternalModes-2.0.0-beta.7/@IMBasisSet/IMBasisSet.m>IMBasisSet.addVectorNormalization","IMBasisSet.IMBasisSet>IMBasisSet.addVectorNormalization",/Users/jearly/Documents/OceanKitRepositories/oceankit-internal-modes-beta7/InternalModes-2.0.0-beta.7/@IMBasisSet/IMBasisSet.m,M-method,5718,0.0919985001629716,0.0581347084363166,0.033863791726655,1.60892794968471e-05,5.9223140480334e-06,0.368090693507684,0,0,2,2,10,0,0,1
"/Applications/MATLAB_R2026a.app/toolbox/matlab/strfun/validators/mustBeTextScalar.m>mustBeTextScalar","mustBeTextScalar",/Applications/MATLAB_R2026a.app/toolbox/matlab/strfun/validators/mustBeTextScalar.m,M-function,62115,0.128460583560896,0,0.128460583560896,2.06810888772271e-06,2.06810888772271e-06,1,1,0,0,36,3,0,1,0
"/Users/jearly/Documents/OceanKitRepositories/oceankit-internal-modes-beta7/InternalModes-2.0.0-beta.7/@IMBoundaryCondition/IMBoundaryCondition.m>IMBoundaryCondition.dirichlet","IMBoundaryCondition.IMBoundaryCondition>IMBoundaryCondition.dirichlet",/Users/jearly/Documents/OceanKitRepositories/oceankit-internal-modes-beta7/InternalModes-2.0.0-beta.7/@IMBoundaryCondition/IMBoundaryCondition.m,M-method,2,0.000814666668109816,0.000740583334645247,7.40833334645689e-05,0.000407333334054908,3.70416667322844e-05,0.0909369885433714,0,0,1,1,2,0,0,1
"/Users/jearly/Documents/OceanKitRepositories/oceankit-internal-modes-beta7/InternalModes-2.0.0-beta.7/@IMBoundaryCondition/IMBoundaryCondition.m>IMBoundaryCondition.activityTolerance","IMBoundaryCondition.IMBoundaryCondition>IMBoundaryCondition.activityTolerance",/Users/jearly/Documents/OceanKitRepositories/oceankit-internal-modes-beta7/InternalModes-2.0.0-beta.7/@IMBoundaryCondition/IMBoundaryCondition.m,M-method,21794,0.479347084182477,0,0.479347084182477,2.19944518758593e-05,2.19944518758593e-05,1,1,0,0,1,2,0,0,1
"/Users/jearly/Documents/OceanKitRepositories/oceankit-internal-modes-beta7/InternalModes-2.0.0-beta.7/@IMEigenvalueProblem/IMEigenvalueProblem.m>IMEigenvalueProblem.endpointNegativeDirections","IMEigenvalueProblem.IMEigenvalueProblem>IMEigenvalueProblem.endpointNegativeDirections",/Users/jearly/Documents/OceanKitRepositories/oceankit-internal-modes-beta7/InternalModes-2.0.0-beta.7/@IMEigenvalueProblem/IMEigenvalueProblem.m,M-method,1144,0.175125958643562,0.14894308359718,0.0261828750463819,0.000153082131681435,2.28871285370471e-05,0.149508817819936,0,0,4,1,21,0,0,1
"/Users/jearly/Documents/OceanKitRepositories/oceankit-internal-modes-beta7/InternalModes-2.0.0-beta.7/@IMInternalModes/IMInternalModes.m>IMInternalModes.solvedInnerProductAvailability","IMInternalModes.IMInternalModes>IMInternalModes.solvedInnerProductAvailability",/Users/jearly/Documents/OceanKitRepositories/oceankit-internal-modes-beta7/InternalModes-2.0.0-beta.7/@IMInternalModes/IMInternalModes.m,M-method,6893,0.485949792527507,0.396856334036348,0.0890934584911588,7.04990269153499e-05,1.29252079633191e-05,0.183338813723469,0,0,1,1,11,0,0,1
"/Users/jearly/Documents/OceanKitRepositories/chebfun/@chebfun/isdelta.m>@(f)isdelta(f)","chebfun.isdelta>@(f)isdelta(f)",/Users/jearly/Documents/OceanKitRepositories/chebfun/@chebfun/isdelta.m,M-anonymous-function,21,0.000369625000654776,6.88333334552688e-05,0.000300791667199507,1.76011905073703e-05,1.4323412723786e-05,0.813775222635554,0,0,1,1,0,0,1,0
"/Users/jearly/Documents/OceanKitRepositories/chebfun/@classicfun/isdelta.m>isdelta","classicfun.isdelta",/Users/jearly/Documents/OceanKitRepositories/chebfun/@classicfun/isdelta.m,M-function,21,6.88333334552688e-05,0,6.88333334552688e-05,3.27777778358423e-06,3.27777778358423e-06,1,1,0,0,1,2,0,1,0
"/Users/jearly/Documents/OceanKitRepositories/chebfun/@chebfun/isdelta.m>isdelta","chebfun.isdelta",/Users/jearly/Documents/OceanKitRepositories/chebfun/@chebfun/isdelta.m,M-function,21,0.00101504166846477,0.000369625000654776,0.000645416667809996,4.83353175459415e-05,3.07341270385713e-05,0.635852387012028,0,0,1,1,2,0,1,0
"/Users/jearly/Documents/OceanKitRepositories/chebfun/@classicfun/classicfun.m>classicfun.isPeriodicTech","classicfun.classicfun>classicfun.isPeriodicTech",/Users/jearly/Documents/OceanKitRepositories/chebfun/@classicfun/classicfun.m,M-method,21,0.000690083334555788,6.6666666784764e-05,0.000623416667771024,3.28611111693232e-05,2.96865079890964e-05,0.903393309986717,0,0,1,1,2,0,1,0
"/Users/jearly/Documents/OceanKitRepositories/chebfun/@smoothfun/smoothfun.m>smoothfun.isPeriodicTech","smoothfun.smoothfun>smoothfun.isPeriodicTech",/Users/jearly/Documents/OceanKitRepositories/chebfun/@smoothfun/smoothfun.m,M-method,21,6.6666666784764e-05,0,6.6666666784764e-05,3.17460318022686e-06,3.17460318022686e-06,1,1,0,0,1,2,0,1,0
"/Users/jearly/Documents/OceanKitRepositories/chebfun/@chebfun/isPeriodicTech.m>isPeriodicTech","chebfun.isPeriodicTech",/Users/jearly/Documents/OceanKitRepositories/chebfun/@chebfun/isPeriodicTech.m,M-function,21,0.00107270833523359,0.000690083334555788,0.000382625000677805,5.10813492968378e-05,1.82202381275145e-05,0.356690619537774,0,0,1,1,2,0,1,0
"/Users/jearly/Documents/OceanKitRepositories/chebfun/@mapping/mapping.m>@(x)(x-a)/(b-a)-(b-x)/(b-a)","mapping.mapping>@(x)(x-a)/(b-a)-(b-x)/(b-a)",/Users/jearly/Documents/OceanKitRepositories/chebfun/@mapping/mapping.m,M-anonymous-function,17508,0.0116739583540133,0,0.0116739583540133,6.66778521476655e-07,6.66778521476655e-07,1,1,0,0,1,0,0,1,0
"/Users/jearly/Documents/OceanKitRepositories/oceankit-internal-modes-beta7/InternalModes-2.0.0-beta.7/@IMSolverSpectral/IMSolverSpectral.m>IMSolverSpectral.zOfX","IMSolverSpectral.IMSolverSpectral>IMSolverSpectral.zOfX",/Users/jearly/Documents/OceanKitRepositories/oceankit-internal-modes-beta7/InternalModes-2.0.0-beta.7/@IMSolverSpectral/IMSolverSpectral.m,M-method,21,0.183074666990976,0.171834625304398,0.011240041686578,0.00871784128528457,0.000535240080313238,0.0613959422749191,0,0,1,1,19,0,0,1
"/Users/jearly/Documents/OceanKitRepositories/oceankit-internal-modes-beta7/InternalModes-2.0.0-beta.7/@IMSolverSpectral/IMSolverSpectral.m>IMSolverSpectral.qAtZ","IMSolverSpectral.IMSolverSpectral>IMSolverSpectral.qAtZ",/Users/jearly/Documents/OceanKitRepositories/oceankit-internal-modes-beta7/InternalModes-2.0.0-beta.7/@IMSolverSpectral/IMSolverSpectral.m,M-method,5819,0.702101209577077,0.596916834390747,0.10518437518633,0.000120656678050709,1.80760225444801e-05,0.149813693170661,0,0,1,4,2,0,0,1
"/Users/jearly/Documents/OceanKitRepositories/oceankit-internal-modes-beta7/InternalModes-2.0.0-beta.7/@IMSolverSpectral/IMSolverSpectral.m>IMSolverSpectral.qzAtZ","IMSolverSpectral.IMSolverSpectral>IMSolverSpectral.qzAtZ",/Users/jearly/Documents/OceanKitRepositories/oceankit-internal-modes-beta7/InternalModes-2.0.0-beta.7/@IMSolverSpectral/IMSolverSpectral.m,M-method,3504,0.390153709024475,0.330286917251757,0.0598667917727182,0.000111345236593743,1.70852716246342e-05,0.153444118018016,0,0,1,2,2,0,0,1
"/Users/jearly/Documents/OceanKitRepositories/oceankit-internal-modes-beta7/InternalModes-2.0.0-beta.7/@IMSolverSpectral/IMSolverSpectral.m>IMSolverSpectral.xOfZ","IMSolverSpectral.IMSolverSpectral>IMSolverSpectral.xOfZ",/Users/jearly/Documents/OceanKitRepositories/oceankit-internal-modes-beta7/InternalModes-2.0.0-beta.7/@IMSolverSpectral/IMSolverSpectral.m,M-method,6944,0.680592584538976,0.65582995949511,0.0247626250438659,9.80116049163271e-05,3.56604623327563e-06,0.0363839183770123,0,0,1,2,7,0,0,1
"/Applications/MATLAB_R2026a.app/toolbox/matlab/datatypes/cell/mat2cell.m>mat2cell","mat2cell",/Applications/MATLAB_R2026a.app/toolbox/matlab/datatypes/cell/mat2cell.m,M-function,25,0.00211625000374885,0,0.00211625000374885,8.4650000149954e-05,8.4650000149954e-05,1,1,0,0,2,34,0,1,0
"/Users/jearly/Documents/OceanKitRepositories/chebfun/@chebfun/get.m>getSimpleNumericLocalProp","chebfun.get>getSimpleNumericLocalProp",/Users/jearly/Documents/OceanKitRepositories/chebfun/@chebfun/get.m,M-subfunction,23,0.00945754168342032,0.00856666668184217,0.00089087500157815,0.000411197464496536,3.87336957207891e-05,0.0941973116692588,0,0,4,1,12,0,1,0
"/Users/jearly/Documents/OceanKitRepositories/chebfun/@chebfun/get.m>canConvertCellOfCellsTo2DCellArray","chebfun.get>canConvertCellOfCellsTo2DCellArray",/Users/jearly/Documents/OceanKitRepositories/chebfun/@chebfun/get.m,M-subfunction,23,0.000557750000988032,8.74583334882622e-05,0.000470291667499769,2.42500000429579e-05,2.04474638043378e-05,0.843194382190348,0,0,1,1,2,0,1,0
"/Users/jearly/Documents/OceanKitRepositories/chebfun/@chebfun/get.m>@(C)size(C,1)","chebfun.get>@(C)size(C,1)",/Users/jearly/Documents/OceanKitRepositories/chebfun/@chebfun/get.m,M-anonymous-function,23,8.74583334882622e-05,0,8.74583334882622e-05,3.8025362386201e-06,3.8025362386201e-06,1,1,0,0,1,0,0,1,0
"/Users/jearly/Documents/OceanKitRepositories/chebfun/@chebfun/get.m>canConvert2DCellArrayToNumeric","chebfun.get>canConvert2DCellArrayToNumeric",/Users/jearly/Documents/OceanKitRepositories/chebfun/@chebfun/get.m,M-subfunction,23,0.000562583334329927,0,0.000562583334329927,2.44601449708664e-05,2.44601449708664e-05,1,1,0,0,1,13,0,1,0
"/Applications/MATLAB_R2026a.app/toolbox/matlab/datatypes/cell/cell2mat.m>cell2mat","cell2mat",/Applications/MATLAB_R2026a.app/toolbox/matlab/datatypes/cell/cell2mat.m,M-function,25,0.000734208334633954,0,0.000734208334633954,2.93683333853581e-05,2.93683333853581e-05,1,1,0,0,2,11,0,1,0
"/Users/jearly/Documents/OceanKitRepositories/chebfun/@chebfun/get.m>get","chebfun.get",/Users/jearly/Documents/OceanKitRepositories/chebfun/@chebfun/get.m,M-function,23,0.0102908750182299,0.00945754168342032,0.00083333333480955,0.00044742934861869,3.62318841221544e-05,0.080977888987412,0,0,1,1,17,0,1,0
"/Users/jearly/Documents/OceanKitRepositories/chebfun/@chebfun/thresholdBreakpointValues.m>thresholdBreakpointValues","chebfun.thresholdBreakpointValues",/Users/jearly/Documents/OceanKitRepositories/chebfun/@chebfun/thresholdBreakpointValues.m,M-function,21,0.0120584166880277,0.0109879166861313,0.00107050000189635,0.000574210318477508,5.09761905664927e-05,0.0887761660251138,0,0,1,1,6,0,1,0
"/Users/jearly/Documents/OceanKitRepositories/chebfun/@chebfun/minus.m>minus","chebfun.minus",/Users/jearly/Documents/OceanKitRepositories/chebfun/@chebfun/minus.m,M-function,21,0.0173266250306934,0.0168426666965028,0.000483958334190644,0.000825077382413972,2.30456349614592e-05,0.0279314830980258,0,0,1,1,2,0,1,0
"/Users/jearly/Documents/OceanKitRepositories/chebfun/@chebfun/diff.m>diffContinuousDim/getDeltaMag","chebfun.diff>diffContinuousDim/getDeltaMag",/Users/jearly/Documents/OceanKitRepositories/chebfun/@chebfun/diff.m,M-nested-function,23,0.000369458333987814,0,0.000369458333987814,1.60634058255571e-05,1.60634058255571e-05,1,1,0,0,1,3,0,1,0
"/Users/jearly/Documents/OceanKitRepositories/chebfun/@chebfun/diff.m>diffContinuousDim/makeDeltaFun","chebfun.diff>diffContinuousDim/makeDeltaFun",/Users/jearly/Documents/OceanKitRepositories/chebfun/@chebfun/diff.m,M-nested-function,23,0.000265791667137506,0,0.000265791667137506,1.15561594407611e-05,1.15561594407611e-05,1,1,0,0,1,3,0,1,0
"/Users/jearly/Documents/OceanKitRepositories/oceankit-internal-modes-beta7/InternalModes-2.0.0-beta.7/@IMSolverSpectral/IMSolverSpectral.m>IMSolverSpectral.configuredForEVP","IMSolverSpectral.IMSolverSpectral>IMSolverSpectral.configuredForEVP",/Users/jearly/Documents/OceanKitRepositories/oceankit-internal-modes-beta7/InternalModes-2.0.0-beta.7/@IMSolverSpectral/IMSolverSpectral.m,M-method,19,0.477539625845942,0.474427459173762,0.00311216667217973,0.0251336645182075,0.000163798245904196,0.00651708571129914,0,0,2,8,14,0,0,1
"/Users/jearly/Documents/OceanKitRepositories/oceankit-internal-modes-beta7/InternalModes-2.0.0-beta.7/@IMSolverSpectral/IMSolverSpectral.m>IMSolverSpectral.configuredForGeostrophicZeroAPVModes","IMSolverSpectral.IMSolverSpectral>IMSolverSpectral.configuredForGeostrophicZeroAPVModes",/Users/jearly/Documents/OceanKitRepositories/oceankit-internal-modes-beta7/InternalModes-2.0.0-beta.7/@IMSolverSpectral/IMSolverSpectral.m,M-method,2,0.026708500047313,0.0264252083801445,0.000283291667168506,0.0133542500236565,0.000141645833584253,0.0106067980855033,0,0,2,1,10,0,0,1
"/Users/jearly/Documents/OceanKitRepositories/oceankit-internal-modes-beta7/InternalModes-2.0.0-beta.7/@IMSolverSpectral/IMSolverSpectral.m>IMSolverSpectral.setupNativeGrid","IMSolverSpectral.IMSolverSpectral>IMSolverSpectral.setupNativeGrid",/Users/jearly/Documents/OceanKitRepositories/oceankit-internal-modes-beta7/InternalModes-2.0.0-beta.7/@IMSolverSpectral/IMSolverSpectral.m,M-method,21,0.267185875473309,0.243789000431862,0.0233968750414466,0.0127231369273004,0.00111413690673555,0.0875677840379847,0,0,5,2,13,0,0,1
"/Users/jearly/Documents/OceanKitRepositories/oceankit-internal-modes-beta7/InternalModes-2.0.0-beta.7/@IMSolverSpectral/IMSolverSpectral.m>IMSolverSpectral.chebyshevPolynomialsAtNativePoints","IMSolverSpectral.IMSolverSpectral>IMSolverSpectral.chebyshevPolynomialsAtNativePoints",/Users/jearly/Documents/OceanKitRepositories/oceankit-internal-modes-beta7/InternalModes-2.0.0-beta.7/@IMSolverSpectral/IMSolverSpectral.m,M-method,6965,0.157483625278976,0.0594477084386425,0.0980359168403333,2.26107143257683e-05,1.40755085197894e-05,0.622514986346464,0,0,1,3,22,0,0,1
"/Users/jearly/Documents/OceanKitRepositories/oceankit-internal-modes-beta7/InternalModes-2.0.0-beta.7/@IMSolverSpectral/IMSolverSpectral.m>IMSolverSpectral.differentiateChebyshevBasis","IMSolverSpectral.IMSolverSpectral>IMSolverSpectral.differentiateChebyshevBasis",/Users/jearly/Documents/OceanKitRepositories/oceankit-internal-modes-beta7/InternalModes-2.0.0-beta.7/@IMSolverSpectral/IMSolverSpectral.m,M-method,4716,0.0594477084386425,0,0.0594477084386425,1.26055361405094e-05,1.26055361405094e-05,1,1,0,0,1,10,0,0,1
"/Users/jearly/Documents/OceanKitRepositories/oceankit-internal-modes-beta7/InternalModes-2.0.0-beta.7/@IMSolverSpectral/IMSolverSpectral.m>IMSolverSpectral.evaluateNativeModes","IMSolverSpectral.IMSolverSpectral>IMSolverSpectral.evaluateNativeModes",/Users/jearly/Documents/OceanKitRepositories/oceankit-internal-modes-beta7/InternalModes-2.0.0-beta.7/@IMSolverSpectral/IMSolverSpectral.m,M-method,8057,0.811768001438014,0.664374084510245,0.147393916927769,0.000100753134099294,1.82938956097517e-05,0.181571479371775,0,0,4,8,10,0,0,1
"/Users/jearly/Documents/OceanKitRepositories/oceankit-internal-modes-beta7/InternalModes-2.0.0-beta.7/@IMSolverSpectral/IMSolverSpectral.m>IMSolverSpectral.evaluatePhysicalDerivative","IMSolverSpectral.IMSolverSpectral>IMSolverSpectral.evaluatePhysicalDerivative",/Users/jearly/Documents/OceanKitRepositories/oceankit-internal-modes-beta7/InternalModes-2.0.0-beta.7/@IMSolverSpectral/IMSolverSpectral.m,M-method,3483,1.32010108567184,1.17664754375105,0.143453541920789,0.000379012657384967,4.11867763194915e-05,0.10866860384997,0,0,6,7,20,0,0,1
"/Applications/MATLAB_R2026a.app/toolbox/matlab/matfun/decomposition.m>parseInputs","decomposition>parseInputs",/Applications/MATLAB_R2026a.app/toolbox/matlab/matfun/decomposition.m,M-subfunction,1159,0.00814250001442411,0.00297029167192842,0.00517220834249569,7.02545298914936e-06,4.46264740508688e-06,0.635211339678641,0,0,2,1,29,0,1,0
"/Applications/MATLAB_R2026a.app/toolbox/matlab/matfun/decomposition.m>strncmpiWithInputCheck","decomposition>strncmpiWithInputCheck",/Applications/MATLAB_R2026a.app/toolbox/matlab/matfun/decomposition.m,M-subfunction,42,0.000486375000861594,0,0.000486375000861594,1.15803571633713e-05,1.15803571633713e-05,1,1,0,0,1,5,0,1,0
"/Applications/MATLAB_R2026a.app/toolbox/matlab/lang/validatestring.m>validatestring","validatestring",/Applications/MATLAB_R2026a.app/toolbox/matlab/lang/validatestring.m,M-function,21,0.00248391667106682,0.00190866667004779,0.000575250001019032,0.000118281746241277,2.73928571913825e-05,0.23158989499111,0,0,2,1,8,0,1,0
"/Applications/MATLAB_R2026a.app/toolbox/matlab/lang/validatestring.m>checkInputs","validatestring>checkInputs",/Applications/MATLAB_R2026a.app/toolbox/matlab/lang/validatestring.m,M-subfunction,21,0.000320833333901677,0,0.000320833333901677,1.52777778048417e-05,1.52777778048417e-05,1,1,0,0,1,6,0,1,0
"/Applications/MATLAB_R2026a.app/toolbox/matlab/lang/validatestring.m>checkString","validatestring>checkString",/Applications/MATLAB_R2026a.app/toolbox/matlab/lang/validatestring.m,M-subfunction,21,0.00158783333614612,0.000197333333682901,0.00139050000246321,7.56111112450531e-05,6.62142858315816e-05,0.87572163325286,0,0,1,1,27,0,1,0
"/Applications/MATLAB_R2026a.app/toolbox/matlab/strfun/cellstr.m>cellstr","cellstr",/Applications/MATLAB_R2026a.app/toolbox/matlab/strfun/cellstr.m,M-function,21,0.000197333333682901,0,0.000197333333682901,9.39682541347149e-06,9.39682541347149e-06,1,1,0,0,1,4,0,1,0
"/Applications/MATLAB_R2026a.app/toolbox/matlab/matfun/decomposition.m>decomposition.decomposition","decomposition>decomposition.decomposition",/Applications/MATLAB_R2026a.app/toolbox/matlab/matfun/decomposition.m,M-method,1159,0.585188126036637,0.567189001004752,0.0179991250318847,0.00050490778777967,1.55298749196589e-05,0.0307578438984899,0,0,4,2,29,0,1,0
"/Applications/MATLAB_R2026a.app/toolbox/matlab/matfun/decomposition.m>chooseDecomposition","decomposition>chooseDecomposition",/Applications/MATLAB_R2026a.app/toolbox/matlab/matfun/decomposition.m,M-subfunction,1138,0.385182750682336,0.349610792285988,0.0355719583963476,0.000338473418877272,3.12583114203406e-05,0.0923508602951023,0,0,1,1,22,0,1,0
"/Applications/MATLAB_R2026a.app/toolbox/matlab/matfun/+matlab/+internal/+decomposition/DenseLU.m>DenseLU.DenseLU","DenseLU>DenseLU.DenseLU",/Applications/MATLAB_R2026a.app/toolbox/matlab/matfun/+matlab/+internal/+decomposition/DenseLU.m,M-method,1159,0.362223500641664,0,0.362223500641664,0.000312531061813343,0.000312531061813343,1,1,0,0,2,2,0,1,0
"/Applications/MATLAB_R2026a.app/toolbox/matlab/matfun/decomposition.m>decomposition.set.CheckCondition","decomposition>decomposition.set.CheckCondition",/Applications/MATLAB_R2026a.app/toolbox/matlab/matfun/decomposition.m,M-method,1159,0.161251041952316,0.145231083590604,0.0160199583617121,0.000139129458112439,1.38222246434099e-05,0.0993479370288306,0,0,1,1,7,0,1,0
"/Applications/MATLAB_R2026a.app/toolbox/matlab/matfun/+matlab/+internal/+decomposition/DenseLU.m>DenseLU.rcond","DenseLU>DenseLU.rcond",/Applications/MATLAB_R2026a.app/toolbox/matlab/matfun/+matlab/+internal/+decomposition/DenseLU.m,M-method,1159,0.145231083590604,0,0.145231083590604,0.000125307233469029,0.000125307233469029,1,1,0,0,1,2,0,1,0
"/Users/jearly/Documents/OceanKitRepositories/oceankit-internal-modes-beta7/InternalModes-2.0.0-beta.7/@IMSolver/IMSolver.m>IMSolver.solveBoundaryValueSystems","IMSolver.IMSolver>IMSolver.solveBoundaryValueSystems",/Users/jearly/Documents/OceanKitRepositories/oceankit-internal-modes-beta7/InternalModes-2.0.0-beta.7/@IMSolver/IMSolver.m,M-method,1138,0.632804501120988,0.614875167755893,0.0179293333650944,0.000556067224183645,1.5755125979872e-05,0.0283331318493046,0,0,2,1,3,0,0,1
"/Users/jearly/Documents/OceanKitRepositories/oceankit-internal-modes-beta7/InternalModes-2.0.0-beta.7/@IMEigenvalueProblem/IMEigenvalueProblem.m>IMEigenvalueProblem.assemble","IMEigenvalueProblem.IMEigenvalueProblem>IMEigenvalueProblem.assemble",/Users/jearly/Documents/OceanKitRepositories/oceankit-internal-modes-beta7/InternalModes-2.0.0-beta.7/@IMEigenvalueProblem/IMEigenvalueProblem.m,M-method,4,0.10153762517987,0.100769500178509,0.000768125001360698,0.0253844062949674,0.000192031250340174,0.0075649297489477,0,0,2,1,7,0,0,1
"/Users/jearly/Documents/OceanKitRepositories/oceankit-internal-modes-beta7/InternalModes-2.0.0-beta.7/@IMEigenvalueProblem/IMEigenvalueProblem.m>IMEigenvalueProblem.definitenessDiagnostics","IMEigenvalueProblem.IMEigenvalueProblem>IMEigenvalueProblem.definitenessDiagnostics",/Users/jearly/Documents/OceanKitRepositories/oceankit-internal-modes-beta7/InternalModes-2.0.0-beta.7/@IMEigenvalueProblem/IMEigenvalueProblem.m,M-method,4,0.103849708517299,0.102219958514412,0.00162975000288705,0.0259624271293247,0.000407437500721763,0.0156933517306462,0,0,4,1,10,0,0,1
"/Users/jearly/Documents/OceanKitRepositories/oceankit-internal-modes-beta7/InternalModes-2.0.0-beta.7/@IMInternalModesBasis/IMInternalModesBasis.m>IMInternalModesBasis.depthNormFactors","IMInternalModesBasis.IMInternalModesBasis>IMInternalModesBasis.depthNormFactors",/Users/jearly/Documents/OceanKitRepositories/oceankit-internal-modes-beta7/InternalModes-2.0.0-beta.7/@IMInternalModesBasis/IMInternalModesBasis.m,M-method,8,0.00876954168220155,0.00720566667943121,0.00156387500277034,0.00109619271027519,0.000195484375346293,0.178330300424291,0,0,3,1,6,0,0,1
"/Users/jearly/Documents/OceanKitRepositories/oceankit-internal-modes-beta7/InternalModes-2.0.0-beta.7/@IMInternalModesBasis/IMInternalModesBasis.m>IMInternalModesBasis.variableGramMatrix","IMInternalModesBasis.IMInternalModesBasis>IMInternalModesBasis.variableGramMatrix",/Users/jearly/Documents/OceanKitRepositories/oceankit-internal-modes-beta7/InternalModes-2.0.0-beta.7/@IMInternalModesBasis/IMInternalModesBasis.m,M-method,14,0.117764208541948,0.105196875186352,0.0125673333555958,0.0084117291815677,0.000897666668256846,0.106716068584789,0,0,10,2,32,0,0,1
"/Users/jearly/Documents/OceanKitRepositories/oceankit-internal-modes-beta7/InternalModes-2.0.0-beta.7/@IMSolverSpectral/IMSolverSpectral.m>IMSolverSpectral.boundsCoverDomain","IMSolverSpectral.IMSolverSpectral>IMSolverSpectral.boundsCoverDomain",/Users/jearly/Documents/OceanKitRepositories/oceankit-internal-modes-beta7/InternalModes-2.0.0-beta.7/@IMSolverSpectral/IMSolverSpectral.m,M-method,2313,0.0251370417111959,0.0187557500332251,0.00638129167797086,1.08677223135304e-05,2.75888096756198e-06,0.253860090271827,0,0,1,1,5,0,0,1
"/Users/jearly/Documents/OceanKitRepositories/oceankit-internal-modes-beta7/InternalModes-2.0.0-beta.7/@IMSolverSpectral/IMSolverSpectral.m>IMSolverSpectral.isNativePhysicalGrid","IMSolverSpectral.IMSolverSpectral>IMSolverSpectral.isNativePhysicalGrid",/Users/jearly/Documents/OceanKitRepositories/oceankit-internal-modes-beta7/InternalModes-2.0.0-beta.7/@IMSolverSpectral/IMSolverSpectral.m,M-method,11534,0.1414464585839,0.0417628334073145,0.0996836251765855,1.2263434938781e-05,8.64258931650646e-06,0.704744580914746,0,0,1,2,2,0,0,1
"/Users/jearly/Documents/OceanKitRepositories/oceankit-internal-modes-beta7/InternalModes-2.0.0-beta.7/@IMSolverSpectral/IMSolverSpectral.m>IMSolverSpectral.gridTolerance","IMSolverSpectral.IMSolverSpectral>IMSolverSpectral.gridTolerance",/Users/jearly/Documents/OceanKitRepositories/oceankit-internal-modes-beta7/InternalModes-2.0.0-beta.7/@IMSolverSpectral/IMSolverSpectral.m,M-method,9222,0.0875044584883439,0,0.0875044584883439,9.48866390027586e-06,9.48866390027586e-06,1,1,0,0,3,2,0,0,1
"/Applications/MATLAB_R2026a.app/toolbox/matlab/matfun/decomposition.m>decomposition.mldivide","decomposition>decomposition.mldivide",/Applications/MATLAB_R2026a.app/toolbox/matlab/matfun/decomposition.m,M-method,1151,0.0585985001038049,0.0491046667536536,0.00949383335015128,5.09109470927931e-05,8.24833479596114e-06,0.162014954876547,0,0,2,2,25,0,1,0
"/Applications/MATLAB_R2026a.app/toolbox/matlab/matfun/+matlab/+internal/+decomposition/DenseLU.m>DenseLU.solve","DenseLU>DenseLU.solve",/Applications/MATLAB_R2026a.app/toolbox/matlab/matfun/+matlab/+internal/+decomposition/DenseLU.m,M-method,1151,0.0376105417332922,0,0.0376105417332922,3.26764046336162e-05,3.26764046336162e-05,1,1,0,0,1,2,0,1,0
"/Applications/MATLAB_R2026a.app/toolbox/matlab/matfun/decomposition.m>decomposition.warnIfIllConditioned","decomposition>decomposition.warnIfIllConditioned",/Applications/MATLAB_R2026a.app/toolbox/matlab/matfun/decomposition.m,M-method,1151,0.0114941250203614,0,0.0114941250203614,9.98620766321579e-06,9.98620766321579e-06,1,1,0,0,1,8,0,1,0
"/Users/jearly/Documents/OceanKitRepositories/oceankit-internal-modes-beta7/InternalModes-2.0.0-beta.7/@IMSolverSpectral/IMSolverSpectral.m>IMSolverSpectral.differentiateGridValues","IMSolverSpectral.IMSolverSpectral>IMSolverSpectral.differentiateGridValues",/Users/jearly/Documents/OceanKitRepositories/oceankit-internal-modes-beta7/InternalModes-2.0.0-beta.7/@IMSolverSpectral/IMSolverSpectral.m,M-method,13,0.00522083334258183,0.00402025000712171,0.00120058333546012,0.000401602564813987,9.2352564266163e-05,0.229960095770152,0,0,2,4,8,0,0,1
"/Users/jearly/Documents/OceanKitRepositories/oceankit-internal-modes-beta7/InternalModes-2.0.0-beta.7/@IMEigenvalueProblem/IMEigenvalueProblem.m>IMEigenvalueProblem.assembleConfigured","IMEigenvalueProblem.IMEigenvalueProblem>IMEigenvalueProblem.assembleConfigured",/Users/jearly/Documents/OceanKitRepositories/oceankit-internal-modes-beta7/InternalModes-2.0.0-beta.7/@IMEigenvalueProblem/IMEigenvalueProblem.m,M-method,6,0.0231090417076034,0.0152092916936093,0.00789975001399409,0.00385150695126723,0.00131662500233235,0.341846715841743,0,0,5,2,13,0,0,1
"/Users/jearly/Documents/OceanKitRepositories/oceankit-internal-modes-beta7/InternalModes-2.0.0-beta.7/@IMSolverSpectral/IMSolverSpectral.m>IMSolverSpectral.physicalDerivativeMatrix","IMSolverSpectral.IMSolverSpectral>IMSolverSpectral.physicalDerivativeMatrix",/Users/jearly/Documents/OceanKitRepositories/oceankit-internal-modes-beta7/InternalModes-2.0.0-beta.7/@IMSolverSpectral/IMSolverSpectral.m,M-method,63,0.000694416667896798,0,0.000694416667896798,1.10224867920127e-05,1.10224867920127e-05,1,1,0,0,5,9,0,0,1
"/Users/jearly/Documents/OceanKitRepositories/oceankit-internal-modes-beta7/InternalModes-2.0.0-beta.7/@IMInternalModesBasis/IMInternalModesBasis.m>IMInternalModesBasis.orientModeSigns","IMInternalModesBasis.IMInternalModesBasis>IMInternalModesBasis.orientModeSigns",/Users/jearly/Documents/OceanKitRepositories/oceankit-internal-modes-beta7/InternalModes-2.0.0-beta.7/@IMInternalModesBasis/IMInternalModesBasis.m,M-method,1144,0.717462167937622,0.660730126170457,0.0567320417671652,0.000627152244700718,4.95909456006689e-05,0.0790732171011108,0,0,5,2,26,0,0,1
"/Users/jearly/Documents/OceanKitRepositories/oceankit-internal-modes-beta7/InternalModes-2.0.0-beta.7/@IMEigenvalueProblem/IMEigenvalueProblem.m>IMEigenvalueProblem.contextForSolver","IMEigenvalueProblem.IMEigenvalueProblem>IMEigenvalueProblem.contextForSolver",/Users/jearly/Documents/OceanKitRepositories/oceankit-internal-modes-beta7/InternalModes-2.0.0-beta.7/@IMEigenvalueProblem/IMEigenvalueProblem.m,M-method,10920,0.202026042024548,0.103209083516164,0.0988169585083835,1.85005532989512e-05,9.04917202457725e-06,0.489129804841579,0,0,1,1,12,0,0,1
"/Users/jearly/Documents/OceanKitRepositories/oceankit-internal-modes-beta7/InternalModes-2.0.0-beta.7/@IMSolverSpectral/IMSolverSpectral.m>IMSolverSpectral.context","IMSolverSpectral.IMSolverSpectral>IMSolverSpectral.context",/Users/jearly/Documents/OceanKitRepositories/oceankit-internal-modes-beta7/InternalModes-2.0.0-beta.7/@IMSolverSpectral/IMSolverSpectral.m,M-method,10920,0.103209083516164,0,0.103209083516164,9.451381274374e-06,9.451381274374e-06,1,1,0,0,1,2,0,0,1
"/Users/jearly/Documents/OceanKitRepositories/oceankit-internal-modes-beta7/InternalModes-2.0.0-beta.7/@IMInternalModes/IMInternalModes.m>IMInternalModes.contextForSolver","IMInternalModes.IMInternalModes>IMInternalModes.contextForSolver",/Users/jearly/Documents/OceanKitRepositories/oceankit-internal-modes-beta7/InternalModes-2.0.0-beta.7/@IMInternalModes/IMInternalModes.m,M-method,10920,0.322085042237227,0.202026042024548,0.12005900021268,2.94949672378413e-05,1.09944139388901e-05,0.372755590817694,0,0,1,9,10,0,0,1
"/Users/jearly/Documents/OceanKitRepositories/oceankit-internal-modes-beta7/InternalModes-2.0.0-beta.7/@IMInternalModesBasis/IMInternalModesBasis.m>IMInternalModesBasis.sampledInternalModesMetric","IMInternalModesBasis.IMInternalModesBasis>IMInternalModesBasis.sampledInternalModesMetric",/Users/jearly/Documents/OceanKitRepositories/oceankit-internal-modes-beta7/InternalModes-2.0.0-beta.7/@IMInternalModesBasis/IMInternalModesBasis.m,M-method,6,0.0124956666888022,0.009579291683636,0.00291637500516624,0.00208261111480037,0.00048606250086104,0.233390908848401,0,0,5,1,57,0,0,1
"/Users/jearly/Documents/OceanKitRepositories/oceankit-internal-modes-beta7/InternalModes-2.0.0-beta.7/@IMInternalModes/IMInternalModes.m>@(z,ctx)1./ctx.N2(z)","IMInternalModes.IMInternalModes>@(z,ctx)1./ctx.N2(z)",/Users/jearly/Documents/OceanKitRepositories/oceankit-internal-modes-beta7/InternalModes-2.0.0-beta.7/@IMInternalModes/IMInternalModes.m,M-anonymous-function,4,0.000456916667476076,0.000275916667155442,0.000181000000320634,0.000114229166869019,4.52500000801585e-05,0.396133503556447,0,0,1,1,0,0,0,1
"/Users/jearly/Documents/OceanKitRepositories/oceankit-internal-modes-beta7/InternalModes-2.0.0-beta.7/@IMInternalModes/IMInternalModes.m>@(z,dFdz,h,ctx)-(ctx.g./ctx.N2(z(:))).*dFdz","IMInternalModes.IMInternalModes>@(z,dFdz,h,ctx)-(ctx.g./ctx.N2(z(:))).*dFdz",/Users/jearly/Documents/OceanKitRepositories/oceankit-internal-modes-beta7/InternalModes-2.0.0-beta.7/@IMInternalModes/IMInternalModes.m,M-anonymous-function,20,0.00180691666986755,0.00075225000133258,0.00105466666853497,9.03458334933773e-05,5.27333334267483e-05,0.583683069685929,0,0,1,1,0,0,0,1
"/Users/jearly/Documents/OceanKitRepositories/oceankit-internal-modes-beta7/InternalModes-2.0.0-beta.7/@IMInternalModes/IMInternalModes.m>@(z,ctx)ctx.N2(z)/ctx.g","IMInternalModes.IMInternalModes>@(z,ctx)ctx.N2(z)/ctx.g",/Users/jearly/Documents/OceanKitRepositories/oceankit-internal-modes-beta7/InternalModes-2.0.0-beta.7/@IMInternalModes/IMInternalModes.m,M-anonymous-function,6,0.000266208333804911,7.71666668033643e-05,0.000189041667001546,4.43680556341518e-05,3.15069445002577e-05,0.710126780403819,0,0,1,2,0,0,0,1
"/Users/jearly/Documents/OceanKitRepositories/oceankit-internal-modes-beta7/InternalModes-2.0.0-beta.7/@IMMeanDensityAnomalyModes/IMMeanDensityAnomalyModes.m>@(z,ctx)ctx.N2(z)/ctx.g","IMMeanDensityAnomalyModes.IMMeanDensityAnomalyModes>@(z,ctx)ctx.N2(z)/ctx.g",/Users/jearly/Documents/OceanKitRepositories/oceankit-internal-modes-beta7/InternalModes-2.0.0-beta.7/@IMMeanDensityAnomalyModes/IMMeanDensityAnomalyModes.m,M-anonymous-function,18,0.000795791668076379,0.0003962083340352,0.000399583334041179,4.42106482264655e-05,2.21990741133988e-05,0.502120529870674,0,0,1,2,0,0,0,1
"/Users/jearly/Documents/OceanKitRepositories/oceankit-internal-modes-beta7/InternalModes-2.0.0-beta.7/@IMInternalModes/IMInternalModes.m>@(z,ctx)(ctx.N2(z)-ctx.f0*ctx.f0)/ctx.g","IMInternalModes.IMInternalModes>@(z,ctx)(ctx.N2(z)-ctx.f0*ctx.f0)/ctx.g",/Users/jearly/Documents/OceanKitRepositories/oceankit-internal-modes-beta7/InternalModes-2.0.0-beta.7/@IMInternalModes/IMInternalModes.m,M-anonymous-function,2281,0.0158901250281487,0.00903479168267143,0.00685533334547728,6.96629768879821e-06,3.00540699056435e-06,0.431420982108909,0,0,1,1,0,0,0,1
"/Users/jearly/Documents/OceanKitRepositories/oceankit-internal-modes-beta7/InternalModes-2.0.0-beta.7/@IMEigenvalueProblem/IMEigenvalueProblem.m>IMEigenvalueProblem.evaluateCoefficient","IMEigenvalueProblem.IMEigenvalueProblem>IMEigenvalueProblem.evaluateCoefficient",/Users/jearly/Documents/OceanKitRepositories/oceankit-internal-modes-beta7/InternalModes-2.0.0-beta.7/@IMEigenvalueProblem/IMEigenvalueProblem.m,M-method,4640,0.0960305835034476,0.0203705000360855,0.0756600834673621,2.06962464447085e-05,1.63060524714142e-05,0.787874869724662,0,0,11,5,11,0,0,1
"/Users/jearly/Documents/OceanKitRepositories/oceankit-internal-modes-beta7/InternalModes-2.0.0-beta.7/@IMInternalModes/IMInternalModes.m>@(z,~)zeros(size(z))","IMInternalModes.IMInternalModes>@(z,~)zeros(size(z))",/Users/jearly/Documents/OceanKitRepositories/oceankit-internal-modes-beta7/InternalModes-2.0.0-beta.7/@IMInternalModes/IMInternalModes.m,M-anonymous-function,4,2.67083333806461e-05,0,2.67083333806461e-05,6.67708334516152e-06,6.67708334516152e-06,1,1,0,0,1,0,0,0,1
"/Users/jearly/Documents/OceanKitRepositories/oceankit-internal-modes-beta7/InternalModes-2.0.0-beta.7/@IMInternalModes/IMInternalModes.m>@(z,ctx)ones(size(z))/ctx.g","IMInternalModes.IMInternalModes>@(z,ctx)ones(size(z))/ctx.g",/Users/jearly/Documents/OceanKitRepositories/oceankit-internal-modes-beta7/InternalModes-2.0.0-beta.7/@IMInternalModes/IMInternalModes.m,M-anonymous-function,4,4.05416667384846e-05,0,4.05416667384846e-05,1.01354166846211e-05,1.01354166846211e-05,1,1,0,0,1,0,0,0,1
"/Users/jearly/Documents/OceanKitRepositories/oceankit-internal-modes-beta7/InternalModes-2.0.0-beta.7/@IMInternalModes/IMInternalModes.m>@(z,ctx)abs(signedWeight(z,ctx))","IMInternalModes.IMInternalModes>@(z,ctx)abs(signedWeight(z,ctx))",/Users/jearly/Documents/OceanKitRepositories/oceankit-internal-modes-beta7/InternalModes-2.0.0-beta.7/@IMInternalModes/IMInternalModes.m,M-anonymous-function,7,0.000348916667284758,0.000164791666958588,0.00018412500032617,4.98452381835369e-05,2.63035714751671e-05,0.527704800573203,0,0,3,1,0,0,0,1
"/Users/jearly/Documents/OceanKitRepositories/oceankit-internal-modes-beta7/InternalModes-2.0.0-beta.7/@IMInternalModes/IMInternalModes.m>@(z,~)ones(size(z))","IMInternalModes.IMInternalModes>@(z,~)ones(size(z))",/Users/jearly/Documents/OceanKitRepositories/oceankit-internal-modes-beta7/InternalModes-2.0.0-beta.7/@IMInternalModes/IMInternalModes.m,M-anonymous-function,2287,0.00245087500434163,0,0.00245087500434163,1.0716550084572e-06,1.0716550084572e-06,1,1,0,0,2,0,0,0,1
"/Users/jearly/Documents/OceanKitRepositories/oceankit-internal-modes-beta7/InternalModes-2.0.0-beta.7/@IMMeanDensityAnomalyModes/IMMeanDensityAnomalyModes.m>@(z,~)ones(size(z))","IMMeanDensityAnomalyModes.IMMeanDensityAnomalyModes>@(z,~)ones(size(z))",/Users/jearly/Documents/OceanKitRepositories/oceankit-internal-modes-beta7/InternalModes-2.0.0-beta.7/@IMMeanDensityAnomalyModes/IMMeanDensityAnomalyModes.m,M-anonymous-function,30,0.000207916667034983,0,0.000207916667034983,6.93055556783275e-06,6.93055556783275e-06,1,1,0,0,1,0,0,0,1
"/Users/jearly/Documents/OceanKitRepositories/oceankit-internal-modes-beta7/InternalModes-2.0.0-beta.7/@IMMeanDensityAnomalyModes/IMMeanDensityAnomalyModes.m>@(z,~)zeros(size(z))","IMMeanDensityAnomalyModes.IMMeanDensityAnomalyModes>@(z,~)zeros(size(z))",/Users/jearly/Documents/OceanKitRepositories/oceankit-internal-modes-beta7/InternalModes-2.0.0-beta.7/@IMMeanDensityAnomalyModes/IMMeanDensityAnomalyModes.m,M-anonymous-function,4,2.63750000467222e-05,0,2.63750000467222e-05,6.59375001168056e-06,6.59375001168056e-06,1,1,0,0,1,0,0,0,1
"/Users/jearly/Documents/OceanKitRepositories/oceankit-internal-modes-beta7/InternalModes-2.0.0-beta.7/@IMInternalModes/IMInternalModes.m>@(z,~)k*k*ones(size(z))","IMInternalModes.IMInternalModes>@(z,~)k*k*ones(size(z))",/Users/jearly/Documents/OceanKitRepositories/oceankit-internal-modes-beta7/InternalModes-2.0.0-beta.7/@IMInternalModes/IMInternalModes.m,M-anonymous-function,2,2.49166667108055e-05,0,2.49166667108055e-05,1.24583333554028e-05,1.24583333554028e-05,1,1,0,0,1,0,0,0,1
"/Users/jearly/Documents/OceanKitRepositories/oceankit-internal-modes-beta7/InternalModes-2.0.0-beta.7/@IMEigenvalueProblem/IMEigenvalueProblem.m>IMEigenvalueProblem.coefficientValues","IMEigenvalueProblem.IMEigenvalueProblem>IMEigenvalueProblem.coefficientValues",/Users/jearly/Documents/OceanKitRepositories/oceankit-internal-modes-beta7/InternalModes-2.0.0-beta.7/@IMEigenvalueProblem/IMEigenvalueProblem.m,M-method,10,0.0084750833483466,0.00428208334091887,0.00419300000742773,0.00084750833483466,0.000419300000742773,0.494744397793532,0,0,2,2,12,0,0,1
"/Users/jearly/Documents/OceanKitRepositories/oceankit-internal-modes-beta7/InternalModes-2.0.0-beta.7/@IMSolverSpectral/IMSolverSpectral.m>IMSolverSpectral.boundaryIndex","IMSolverSpectral.IMSolverSpectral>IMSolverSpectral.boundaryIndex",/Users/jearly/Documents/OceanKitRepositories/oceankit-internal-modes-beta7/InternalModes-2.0.0-beta.7/@IMSolverSpectral/IMSolverSpectral.m,M-method,1164,0.00917654168292254,0,0.00917654168292254,7.88362687536301e-06,7.88362687536301e-06,1,1,0,0,4,7,0,0,1
"/Users/jearly/Documents/OceanKitRepositories/oceankit-internal-modes-beta7/InternalModes-2.0.0-beta.7/@IMSolverSpectral/IMSolverSpectral.m>IMSolverSpectral.eigenproblemColumnScale","IMSolverSpectral.IMSolverSpectral>IMSolverSpectral.eigenproblemColumnScale",/Users/jearly/Documents/OceanKitRepositories/oceankit-internal-modes-beta7/InternalModes-2.0.0-beta.7/@IMSolverSpectral/IMSolverSpectral.m,M-method,1144,0.00354129167293992,0,0.00354129167293992,3.09553467914329e-06,3.09553467914329e-06,1,1,0,0,1,2,0,0,1
"/Users/jearly/Documents/OceanKitRepositories/oceankit-internal-modes-beta7/InternalModes-2.0.0-beta.7/@IMEigenvalueProblem/IMEigenvalueProblem.m>IMEigenvalueProblem.finiteGeneralizedEigenpairMask","IMEigenvalueProblem.IMEigenvalueProblem>IMEigenvalueProblem.finiteGeneralizedEigenpairMask",/Users/jearly/Documents/OceanKitRepositories/oceankit-internal-modes-beta7/InternalModes-2.0.0-beta.7/@IMEigenvalueProblem/IMEigenvalueProblem.m,M-method,1144,0.838774459819188,0,0.838774459819188,0.000733194457883906,0.000733194457883906,1,1,0,0,1,6,0,0,1
"/Users/jearly/Documents/OceanKitRepositories/oceankit-internal-modes-beta7/InternalModes-2.0.0-beta.7/@IMEigenvalueProblem/IMEigenvalueProblem.m>IMEigenvalueProblem.definitenessFromSamples","IMEigenvalueProblem.IMEigenvalueProblem>IMEigenvalueProblem.definitenessFromSamples",/Users/jearly/Documents/OceanKitRepositories/oceankit-internal-modes-beta7/InternalModes-2.0.0-beta.7/@IMEigenvalueProblem/IMEigenvalueProblem.m,M-method,1144,0.388372750687987,0.361985750641243,0.0263870000467435,0.000339486670181806,2.30655594814191e-05,0.067942459917695,0,0,5,2,24,0,0,1
"/Users/jearly/Documents/OceanKitRepositories/oceankit-internal-modes-beta7/InternalModes-2.0.0-beta.7/@IMEigenvalueProblem/IMEigenvalueProblem.m>IMEigenvalueProblem.hasDegenerateEndpointMetric","IMEigenvalueProblem.IMEigenvalueProblem>IMEigenvalueProblem.hasDegenerateEndpointMetric",/Users/jearly/Documents/OceanKitRepositories/oceankit-internal-modes-beta7/InternalModes-2.0.0-beta.7/@IMEigenvalueProblem/IMEigenvalueProblem.m,M-method,1144,0.123058500217993,0.106856250189292,0.0162022500287016,0.000107568619071672,1.41628059691448e-05,0.131662989553749,0,0,1,1,6,0,0,1
"/Users/jearly/Documents/OceanKitRepositories/oceankit-internal-modes-beta7/InternalModes-2.0.0-beta.7/@IMEigenvalueProblem/IMEigenvalueProblem.m>IMEigenvalueProblem.preparedModeSelectionDiagnostics","IMEigenvalueProblem.IMEigenvalueProblem>IMEigenvalueProblem.preparedModeSelectionDiagnostics",/Users/jearly/Documents/OceanKitRepositories/oceankit-internal-modes-beta7/InternalModes-2.0.0-beta.7/@IMEigenvalueProblem/IMEigenvalueProblem.m,M-method,1140,1.07040387689618,1.06264412688243,0.00775975001374585,0.000938950769207173,6.8067982576718e-06,0.00724936650663729,0,0,3,1,4,0,0,1
"/Users/jearly/Documents/OceanKitRepositories/oceankit-internal-modes-beta7/InternalModes-2.0.0-beta.7/@IMEigenvalueProblem/IMEigenvalueProblem.m>IMEigenvalueProblem.negativeEigenvalueBounds","IMEigenvalueProblem.IMEigenvalueProblem>IMEigenvalueProblem.negativeEigenvalueBounds",/Users/jearly/Documents/OceanKitRepositories/oceankit-internal-modes-beta7/InternalModes-2.0.0-beta.7/@IMEigenvalueProblem/IMEigenvalueProblem.m,M-method,4,0.125422875222182,0.124811458554432,0.000611416667749748,0.0313557188055454,0.000152854166937437,0.0048748417437142,0,0,2,1,8,0,0,1
"/Users/jearly/Documents/OceanKitRepositories/oceankit-internal-modes-beta7/InternalModes-2.0.0-beta.7/@IMEigenvalueProblem/IMEigenvalueProblem.m>IMEigenvalueProblem.negativeBoundsFromDefiniteness","IMEigenvalueProblem.IMEigenvalueProblem>IMEigenvalueProblem.negativeBoundsFromDefiniteness",/Users/jearly/Documents/OceanKitRepositories/oceankit-internal-modes-beta7/InternalModes-2.0.0-beta.7/@IMEigenvalueProblem/IMEigenvalueProblem.m,M-method,1144,0.705578667916571,0.693704917895537,0.0118737500210339,0.000616764569857142,1.03791521162883e-05,0.0168283857788595,0,0,1,2,26,0,0,1
"/Users/jearly/Documents/OceanKitRepositories/oceankit-internal-modes-beta7/InternalModes-2.0.0-beta.7/@IMEigenvalueProblem/IMEigenvalueProblem.m>IMEigenvalueProblem.selectionDiagnosticsFromBounds","IMEigenvalueProblem.IMEigenvalueProblem>IMEigenvalueProblem.selectionDiagnosticsFromBounds",/Users/jearly/Documents/OceanKitRepositories/oceankit-internal-modes-beta7/InternalModes-2.0.0-beta.7/@IMEigenvalueProblem/IMEigenvalueProblem.m,M-method,1144,0.0317718333896159,0.0179020833650462,0.0138697500245697,2.77725816342796e-05,1.21239073641344e-05,0.436542325225173,0,0,1,2,11,0,0,1
"/Users/jearly/Documents/OceanKitRepositories/oceankit-internal-modes-beta7/InternalModes-2.0.0-beta.7/@IMEigenvalueProblem/IMEigenvalueProblem.m>IMEigenvalueProblem.zeroModeAssessment","IMEigenvalueProblem.IMEigenvalueProblem>IMEigenvalueProblem.zeroModeAssessment",/Users/jearly/Documents/OceanKitRepositories/oceankit-internal-modes-beta7/InternalModes-2.0.0-beta.7/@IMEigenvalueProblem/IMEigenvalueProblem.m,M-method,1148,0.711607001260583,0,0.711607001260583,0.000619866725836745,0.000619866725836745,1,1,0,0,2,20,0,0,1
"/Users/jearly/Documents/OceanKitRepositories/oceankit-internal-modes-beta7/InternalModes-2.0.0-beta.7/@IMEigenvalueProblem/IMEigenvalueProblem.m>IMEigenvalueProblem.modeSelectionDiagnostics","IMEigenvalueProblem.IMEigenvalueProblem>IMEigenvalueProblem.modeSelectionDiagnostics",/Users/jearly/Documents/OceanKitRepositories/oceankit-internal-modes-beta7/InternalModes-2.0.0-beta.7/@IMEigenvalueProblem/IMEigenvalueProblem.m,M-method,4,0.145463208591016,0.144706541923008,0.000756666668007083,0.0363658021477539,0.000189166667001771,0.00520177352979012,0,0,2,1,8,0,0,1
"/Users/jearly/Documents/OceanKitRepositories/oceankit-internal-modes-beta7/InternalModes-2.0.0-beta.7/@IMBasisSet/IMBasisSet.m>IMBasisSet.normalizationFactors","IMBasisSet.IMBasisSet>IMBasisSet.normalizationFactors",/Users/jearly/Documents/OceanKitRepositories/oceankit-internal-modes-beta7/InternalModes-2.0.0-beta.7/@IMBasisSet/IMBasisSet.m,M-method,2294,2.36970425419783,2.34049229581275,0.0292119583850812,0.00103300098264945,1.27340707868706e-05,0.0123272591224552,0,0,4,6,20,0,0,1
"/Users/jearly/Documents/OceanKitRepositories/oceankit-internal-modes-beta7/InternalModes-2.0.0-beta.7/@IMBasisSet/IMBasisSet.m>IMBasisSet.normalizationName","IMBasisSet.IMBasisSet>IMBasisSet.normalizationName",/Users/jearly/Documents/OceanKitRepositories/oceankit-internal-modes-beta7/InternalModes-2.0.0-beta.7/@IMBasisSet/IMBasisSet.m,M-method,8015,0.0715391667933954,0,0.0715391667933954,8.92566023623149e-06,8.92566023623149e-06,1,1,0,0,3,3,0,0,1
"/Users/jearly/Documents/OceanKitRepositories/oceankit-internal-modes-beta7/InternalModes-2.0.0-beta.7/@IMInternalModes/IMInternalModes.m>@(lambda)1./lambda","IMInternalModes.IMInternalModes>@(lambda)1./lambda",/Users/jearly/Documents/OceanKitRepositories/oceankit-internal-modes-beta7/InternalModes-2.0.0-beta.7/@IMInternalModes/IMInternalModes.m,M-anonymous-function,1144,0.000884541668233596,0,0.000884541668233596,7.73200758945451e-07,7.73200758945451e-07,1,1,0,0,1,0,0,0,1
"/Users/jearly/Documents/OceanKitRepositories/oceankit-internal-modes-beta7/InternalModes-2.0.0-beta.7/IMHydrostaticInnerProductCatalog.m>IMHydrostaticInnerProductCatalog.endpointResult","IMHydrostaticInnerProductCatalog>IMHydrostaticInnerProductCatalog.endpointResult",/Users/jearly/Documents/OceanKitRepositories/oceankit-internal-modes-beta7/InternalModes-2.0.0-beta.7/IMHydrostaticInnerProductCatalog.m,M-method,20,0.00520604167588896,0.00306670833876588,0.00213933333712308,0.000260302083794448,0.000106966666856154,0.410932810436592,0,0,2,1,15,0,0,1
"/Users/jearly/Documents/OceanKitRepositories/oceankit-internal-modes-beta7/InternalModes-2.0.0-beta.7/IMHydrostaticInnerProductCatalog.m>IMHydrostaticInnerProductCatalog.fFormulationGEndpoint","IMHydrostaticInnerProductCatalog>IMHydrostaticInnerProductCatalog.fFormulationGEndpoint",/Users/jearly/Documents/OceanKitRepositories/oceankit-internal-modes-beta7/InternalModes-2.0.0-beta.7/IMHydrostaticInnerProductCatalog.m,M-method,20,0.00277100000490871,0.000822250001456583,0.00194875000345213,0.000138550000245436,9.74375001726066e-05,0.703265968964273,0,0,3,1,14,0,0,1
"/Users/jearly/Documents/OceanKitRepositories/oceankit-internal-modes-beta7/InternalModes-2.0.0-beta.7/IMHydrostaticInnerProductCatalog.m>IMHydrostaticInnerProductCatalog.emptyEndpointInnerProductTerms","IMHydrostaticInnerProductCatalog>IMHydrostaticInnerProductCatalog.emptyEndpointInnerProductTerms",/Users/jearly/Documents/OceanKitRepositories/oceankit-internal-modes-beta7/InternalModes-2.0.0-beta.7/IMHydrostaticInnerProductCatalog.m,M-method,6955,0.027855958382679,0,0.027855958382679,4.00517014848009e-06,4.00517014848009e-06,1,1,0,0,4,2,0,0,1
"/Users/jearly/Documents/OceanKitRepositories/oceankit-internal-modes-beta7/InternalModes-2.0.0-beta.7/@IMInternalModes/IMInternalModes.m>IMInternalModes.emptyEndpointWeights","IMInternalModes.IMInternalModes>IMInternalModes.emptyEndpointWeights",/Users/jearly/Documents/OceanKitRepositories/oceankit-internal-modes-beta7/InternalModes-2.0.0-beta.7/@IMInternalModes/IMInternalModes.m,M-method,22,0.000216750000383964,0,0.000216750000383964,9.85227274472563e-06,9.85227274472563e-06,1,1,0,0,1,2,0,0,1
"/Users/jearly/Documents/OceanKitRepositories/oceankit-internal-modes-beta7/InternalModes-2.0.0-beta.7/IMHydrostaticInnerProductCatalog.m>IMHydrostaticInnerProductCatalog.eta","IMHydrostaticInnerProductCatalog>IMHydrostaticInnerProductCatalog.eta",/Users/jearly/Documents/OceanKitRepositories/oceankit-internal-modes-beta7/InternalModes-2.0.0-beta.7/IMHydrostaticInnerProductCatalog.m,M-method,20,0.000230166667074398,0,0.000230166667074398,1.15083333537199e-05,1.15083333537199e-05,1,1,0,0,1,6,0,0,1
"/Users/jearly/Documents/OceanKitRepositories/oceankit-internal-modes-beta7/InternalModes-2.0.0-beta.7/IMHydrostaticInnerProductCatalog.m>IMHydrostaticInnerProductCatalog.innerProductTerm","IMHydrostaticInnerProductCatalog>IMHydrostaticInnerProductCatalog.innerProductTerm",/Users/jearly/Documents/OceanKitRepositories/oceankit-internal-modes-beta7/InternalModes-2.0.0-beta.7/IMHydrostaticInnerProductCatalog.m,M-method,20,0.000468708334163631,0,0.000468708334163631,2.34354167081816e-05,2.34354167081816e-05,1,1,0,0,1,7,0,0,1
"/Users/jearly/Documents/OceanKitRepositories/oceankit-internal-modes-beta7/InternalModes-2.0.0-beta.7/IMInternalModesNormalizationTools.m>IMInternalModesNormalizationTools.available","IMInternalModesNormalizationTools>IMInternalModesNormalizationTools.available",/Users/jearly/Documents/OceanKitRepositories/oceankit-internal-modes-beta7/InternalModes-2.0.0-beta.7/IMInternalModesNormalizationTools.m,M-method,1144,0.00911979168282201,0.00325204167242753,0.00586775001039448,7.97184587659266e-06,5.12915210698818e-06,0.643408338092519,0,0,1,1,16,0,0,1
"/Users/jearly/Documents/OceanKitRepositories/oceankit-internal-modes-beta7/InternalModes-2.0.0-beta.7/IMInternalModesNormalizationTools.m>IMInternalModesNormalizationTools.default","IMInternalModesNormalizationTools>IMInternalModesNormalizationTools.default",/Users/jearly/Documents/OceanKitRepositories/oceankit-internal-modes-beta7/InternalModes-2.0.0-beta.7/IMInternalModesNormalizationTools.m,M-method,1144,0.00362787500642663,0,0.00362787500642663,3.17121941121209e-06,3.17121941121209e-06,1,1,0,0,1,10,0,0,1
"/Users/jearly/Documents/OceanKitRepositories/oceankit-internal-modes-beta7/InternalModes-2.0.0-beta.7/@IMSolverSpectral/IMSolverSpectral.m>IMSolverSpectral.clampNativeCoordinate","IMSolverSpectral.IMSolverSpectral>IMSolverSpectral.clampNativeCoordinate",/Users/jearly/Documents/OceanKitRepositories/oceankit-internal-modes-beta7/InternalModes-2.0.0-beta.7/@IMSolverSpectral/IMSolverSpectral.m,M-method,6944,0.0962363751704789,0,0.0962363751704789,1.38589249957487e-05,1.38589249957487e-05,1,1,0,0,2,2,0,0,1
"/Users/jearly/Documents/OceanKitRepositories/oceankit-internal-modes-beta7/InternalModes-2.0.0-beta.7/@IMInternalModes/IMInternalModes.m>@(z,dGdz,h,ctx)dGdz.*reshape(h,1,[])","IMInternalModes.IMInternalModes>@(z,dGdz,h,ctx)dGdz.*reshape(h,1,[])",/Users/jearly/Documents/OceanKitRepositories/oceankit-internal-modes-beta7/InternalModes-2.0.0-beta.7/@IMInternalModes/IMInternalModes.m,M-anonymous-function,2850,0.0163008333622096,0,0.0163008333622096,5.71959065340688e-06,5.71959065340688e-06,1,1,0,0,3,0,0,0,1
"/Users/jearly/Documents/OceanKitRepositories/oceankit-internal-modes-beta7/InternalModes-2.0.0-beta.7/@IMMeanDensityAnomalyModesBasis/IMMeanDensityAnomalyModesBasis.m>IMMeanDensityAnomalyModesBasis.orientModeSigns","IMMeanDensityAnomalyModesBasis.IMMeanDensityAnomalyModesBasis>IMMeanDensityAnomalyModesBasis.orientModeSigns",/Users/jearly/Documents/OceanKitRepositories/oceankit-internal-modes-beta7/InternalModes-2.0.0-beta.7/@IMMeanDensityAnomalyModesBasis/IMMeanDensityAnomalyModesBasis.m,M-method,2,0.00859358334855652,0.00846316668165882,0.000130416666897695,0.00429679167427826,6.52083334488473e-05,0.0151760518991884,0,0,1,1,3,0,0,1
"/Users/jearly/Documents/OceanKitRepositories/oceankit-internal-modes-beta7/InternalModes-2.0.0-beta.7/@InternalModesSpectral/InternalModesSpectral.m>InternalModesSpectral.IntegrateChebyshevVector","InternalModesSpectral.InternalModesSpectral>InternalModesSpectral.IntegrateChebyshevVector",/Users/jearly/Documents/OceanKitRepositories/oceankit-internal-modes-beta7/InternalModes-2.0.0-beta.7/@InternalModesSpectral/InternalModesSpectral.m,M-method,108,0.00431620834097932,0,0.00431620834097932,3.99648920461048e-05,3.99648920461048e-05,1,1,0,0,1,10,0,0,1
"/Users/jearly/Documents/OceanKitRepositories/wvm-v5-construction-optimization/+WVInternal/buildFreeSurfaceBalancedModes.m>buildFreeSurfaceBalancedModes/buildAPV","buildFreeSurfaceBalancedModes>buildAPV",/Users/jearly/Documents/OceanKitRepositories/wvm-v5-construction-optimization/+WVInternal/buildFreeSurfaceBalancedModes.m,M-nested-function,1,0.511573625906232,0.511169125905515,0.000404500000716568,0.511573625906232,0.000404500000716568,0.000790697526675681,0,0,2,1,9,0,0,1
"/Users/jearly/Documents/OceanKitRepositories/wvm-v5-construction-optimization/+WVInternal/buildFreeSurfaceBalancedModes.m>buildFreeSurfaceBalancedModes/buildMDA","buildFreeSurfaceBalancedModes>buildMDA",/Users/jearly/Documents/OceanKitRepositories/wvm-v5-construction-optimization/+WVInternal/buildFreeSurfaceBalancedModes.m,M-nested-function,1,0.281684958832327,0.281318292165011,0.000366666667316162,0.281684958832327,0.000366666667316162,0.00130169061506199,0,0,2,1,12,0,0,1
"/Users/jearly/Documents/OceanKitRepositories/oceankit-internal-modes-beta7/InternalModes-2.0.0-beta.7/IMDiscreteTransformTools.m>IMDiscreteTransformTools.validateOptionalPositiveInteger","IMDiscreteTransformTools>IMDiscreteTransformTools.validateOptionalPositiveInteger",/Users/jearly/Documents/OceanKitRepositories/oceankit-internal-modes-beta7/InternalModes-2.0.0-beta.7/IMDiscreteTransformTools.m,M-method,9,0.000104916666852522,0,0.000104916666852522,1.1657407428058e-05,1.1657407428058e-05,1,1,0,0,1,3,0,0,1
"/Users/jearly/Documents/OceanKitRepositories/oceankit-internal-modes-beta7/InternalModes-2.0.0-beta.7/IMDiscreteTransformTools.m>IMDiscreteTransformTools.validateOptionalPositiveTolerance","IMDiscreteTransformTools>IMDiscreteTransformTools.validateOptionalPositiveTolerance",/Users/jearly/Documents/OceanKitRepositories/oceankit-internal-modes-beta7/InternalModes-2.0.0-beta.7/IMDiscreteTransformTools.m,M-method,6,0.000104125000184453,0,0.000104125000184453,1.73541666974089e-05,1.73541666974089e-05,1,1,0,0,1,3,0,0,1
"/Users/jearly/Documents/OceanKitRepositories/oceankit-internal-modes-beta7/InternalModes-2.0.0-beta.7/IMDiscreteTransformTools.m>IMDiscreteTransformTools.explicitGridDesign","IMDiscreteTransformTools>IMDiscreteTransformTools.explicitGridDesign",/Users/jearly/Documents/OceanKitRepositories/oceankit-internal-modes-beta7/InternalModes-2.0.0-beta.7/IMDiscreteTransformTools.m,M-method,3,0.000360500000638611,9.64166668374649e-05,0.000264083333801146,0.000120166666879537,8.80277779337154e-05,0.732547387887194,0,0,1,1,9,0,0,1
"/Users/jearly/Documents/OceanKitRepositories/oceankit-internal-modes-beta7/InternalModes-2.0.0-beta.7/IMDiscreteTransformTools.m>IMDiscreteTransformTools.sourceFamily","IMDiscreteTransformTools>IMDiscreteTransformTools.sourceFamily",/Users/jearly/Documents/OceanKitRepositories/oceankit-internal-modes-beta7/InternalModes-2.0.0-beta.7/IMDiscreteTransformTools.m,M-method,3,9.64166668374649e-05,0,9.64166668374649e-05,3.21388889458216e-05,3.21388889458216e-05,1,1,0,0,1,5,0,0,1
"/Users/jearly/Documents/OceanKitRepositories/oceankit-internal-modes-beta7/InternalModes-2.0.0-beta.7/@IMInternalModesBasis/IMInternalModesBasis.m>endpointSampleIndex","IMInternalModesBasis.IMInternalModesBasis>endpointSampleIndex",/Users/jearly/Documents/OceanKitRepositories/oceankit-internal-modes-beta7/InternalModes-2.0.0-beta.7/@IMInternalModesBasis/IMInternalModesBasis.m,M-subfunction,6,0.000140791666916073,0,0.000140791666916073,2.34652778193456e-05,2.34652778193456e-05,1,1,0,0,1,7,0,0,1
"/Users/jearly/Documents/OceanKitRepositories/oceankit-internal-modes-beta7/InternalModes-2.0.0-beta.7/@IMInternalModesBasis/IMInternalModesBasis.m>@(basisSet)basisSet.depthNormFactors()","IMInternalModesBasis.IMInternalModesBasis>@(basisSet)basisSet.depthNormFactors()",/Users/jearly/Documents/OceanKitRepositories/oceankit-internal-modes-beta7/InternalModes-2.0.0-beta.7/@IMInternalModesBasis/IMInternalModesBasis.m,M-anonymous-function,8,0.00904112501601599,0.00876954168220155,0.000271583333814433,0.001130140627002,3.39479167268042e-05,0.0300386659108611,0,0,1,1,0,0,0,1
"/Users/jearly/Documents/OceanKitRepositories/oceankit-internal-modes-beta7/InternalModes-2.0.0-beta.7/@IMBasisSet/IMBasisSet.m>@(basisSet)basisSet.innerProductNormFactors()","IMBasisSet.IMBasisSet>@(basisSet)basisSet.innerProductNormFactors()",/Users/jearly/Documents/OceanKitRepositories/oceankit-internal-modes-beta7/InternalModes-2.0.0-beta.7/@IMBasisSet/IMBasisSet.m,M-anonymous-function,7,0.0303372083870745,0.029676291719237,0.000660916667837453,0.00433388691243921,9.44166668339219e-05,0.0217856784778867,0,0,1,1,0,0,0,1
"/Users/jearly/Documents/OceanKitRepositories/oceankit-internal-modes-beta7/InternalModes-2.0.0-beta.7/@IMInternalModesBasis/IMInternalModesBasis.m>@(basisSet)basisSet.innerProductNormFactors(variable=""G"")","IMInternalModesBasis.IMInternalModesBasis>@(basisSet)basisSet.innerProductNormFactors(variable=""G"")",/Users/jearly/Documents/OceanKitRepositories/oceankit-internal-modes-beta7/InternalModes-2.0.0-beta.7/@IMInternalModesBasis/IMInternalModesBasis.m,M-anonymous-function,2279,2.27602071236521,2.27270912902601,0.00331158333919923,0.000998692721529272,1.45308615146961e-06,0.00145498822625295,0,0,1,1,0,0,0,1
"/Users/jearly/Documents/OceanKitRepositories/oceankit-internal-modes-beta7/InternalModes-2.0.0-beta.7/@IMInternalModesBasis/IMInternalModesBasis.m>IMInternalModesBasis.internalModesTransformActiveMask","IMInternalModesBasis.IMInternalModesBasis>IMInternalModesBasis.internalModesTransformActiveMask",/Users/jearly/Documents/OceanKitRepositories/oceankit-internal-modes-beta7/InternalModes-2.0.0-beta.7/@IMInternalModesBasis/IMInternalModesBasis.m,M-method,5,0.000259958333793839,0,0.000259958333793839,5.19916667587678e-05,5.19916667587678e-05,1,1,0,0,1,12,0,0,1
"/Users/jearly/Documents/OceanKitRepositories/oceankit-internal-modes-beta7/InternalModes-2.0.0-beta.7/@IMProjection/IMProjection.m>symmetricMatrix","IMProjection.IMProjection>symmetricMatrix",/Users/jearly/Documents/OceanKitRepositories/oceankit-internal-modes-beta7/InternalModes-2.0.0-beta.7/@IMProjection/IMProjection.m,M-subfunction,8,0.000513291667575942,0,0.000513291667575942,6.41614584469928e-05,6.41614584469928e-05,1,1,0,0,1,4,0,0,1
"/Users/jearly/Documents/OceanKitRepositories/oceankit-internal-modes-beta7/InternalModes-2.0.0-beta.7/@IMProjection/initializeProjection.m>symmetricMatrix","IMProjection.initializeProjection>symmetricMatrix",/Users/jearly/Documents/OceanKitRepositories/oceankit-internal-modes-beta7/InternalModes-2.0.0-beta.7/@IMProjection/initializeProjection.m,M-subfunction,24,0.00376583334000436,0,0.00376583334000436,0.000156909722500181,0.000156909722500181,1,1,0,0,1,4,0,0,1
"/Users/jearly/Documents/OceanKitRepositories/oceankit-internal-modes-beta7/InternalModes-2.0.0-beta.7/@IMInternalModesBasis/discreteTransform.m>preparePrefixData","IMInternalModesBasis.discreteTransform>preparePrefixData",/Users/jearly/Documents/OceanKitRepositories/oceankit-internal-modes-beta7/InternalModes-2.0.0-beta.7/@IMInternalModesBasis/discreteTransform.m,M-subfunction,3,0.271465708814224,0.147835875261885,0.123629833552339,0.0904885696047413,0.0412099445174462,0.455416023233137,0,0,9,1,66,0,0,1
"/Applications/MATLAB_R2026a.app/toolbox/matlab/matfun/pinv.m>pinv","pinv",/Applications/MATLAB_R2026a.app/toolbox/matlab/matfun/pinv.m,M-function,36,0.0120398333546614,0,0.0120398333546614,0.000334439815407261,0.000334439815407261,1,1,0,0,2,14,0,1,0
"/Applications/MATLAB_R2026a.app/toolbox/matlab/matfun/cond.m>cond","cond",/Applications/MATLAB_R2026a.app/toolbox/matlab/matfun/cond.m,M-function,16,0.00222833333728074,0,0.00222833333728074,0.000139270833580046,0.000139270833580046,1,1,0,0,2,16,0,1,0
"/Users/jearly/Documents/OceanKitRepositories/oceankit-internal-modes-beta7/InternalModes-2.0.0-beta.7/@IMInternalModesDiscreteTransform/IMInternalModesDiscreteTransform.m>IMInternalModesDiscreteTransform.requireChannel","IMInternalModesDiscreteTransform.IMInternalModesDiscreteTransform>IMInternalModesDiscreteTransform.requireChannel",/Users/jearly/Documents/OceanKitRepositories/oceankit-internal-modes-beta7/InternalModes-2.0.0-beta.7/@IMInternalModesDiscreteTransform/IMInternalModesDiscreteTransform.m,M-method,28,0.000641541667803132,0,0.000641541667803132,2.29122024215404e-05,2.29122024215404e-05,1,1,0,0,7,4,0,0,1
"/Applications/MATLAB_R2026a.app/toolbox/matlab/datatypes/tabular/@tabular/tabular.m>tabular.tabular","tabular.tabular>tabular.tabular",/Applications/MATLAB_R2026a.app/toolbox/matlab/datatypes/tabular/@tabular/tabular.m,M-method,1727,0.0229785417073722,0.00667554167849212,0.0163030000288801,1.33054671148652e-05,9.44006950137817e-06,0.709488018713111,0,0,2,1,1,0,1,0
"/Applications/MATLAB_R2026a.app/toolbox/matlab/indexing/+matlab/+mixin/+indexing/@OverridesPublicDotMethodCall/OverridesPublicDotMethodCall.m>OverridesPublicDotMethodCall.OverridesPublicDotMethodCall","OverridesPublicDotMethodCall.OverridesPublicDotMethodCall>OverridesPublicDotMethodCall.OverridesPublicDotMethodCall",/Applications/MATLAB_R2026a.app/toolbox/matlab/indexing/+matlab/+mixin/+indexing/@OverridesPublicDotMethodCall/OverridesPublicDotMethodCall.m,M-method,1727,0.00410779167394345,0,0.00410779167394345,2.37857074345307e-06,2.37857074345307e-06,1,1,0,0,1,5,0,1,0
"/Applications/MATLAB_R2026a.app/toolbox/matlab/indexing/+matlab/+mixin/+internal/+indexing/@RedefinesDotParen/RedefinesDotParen.m>RedefinesDotParen.RedefinesDotParen","RedefinesDotParen.RedefinesDotParen>RedefinesDotParen.RedefinesDotParen",/Applications/MATLAB_R2026a.app/toolbox/matlab/indexing/+matlab/+mixin/+internal/+indexing/@RedefinesDotParen/RedefinesDotParen.m,M-method,1727,0.00256775000454867,0,0.00256775000454867,1.48682687003397e-06,1.48682687003397e-06,1,1,0,0,1,3,0,1,0
"/Applications/MATLAB_R2026a.app/toolbox/matlab/datatypes/tabular/@tabular/tabular.m>tabular.countVarInputs","tabular.tabular>tabular.countVarInputs",/Applications/MATLAB_R2026a.app/toolbox/matlab/datatypes/tabular/@tabular/tabular.m,M-method,1724,0.0444094167453361,0.0228797500405306,0.0215296667048056,2.57595224740929e-05,1.24882057452469e-05,0.484799582671093,0,0,1,1,24,0,1,0
"/Applications/MATLAB_R2026a.app/toolbox/matlab/lang/+matlab/+lang/makeUniqueStrings.m>validateStringContents","makeUniqueStrings>validateStringContents",/Applications/MATLAB_R2026a.app/toolbox/matlab/lang/+matlab/+lang/makeUniqueStrings.m,M-subfunction,2302,0.0294227500521212,0.00817641668115086,0.0212463333709704,1.27813857741621e-05,9.22951058686809e-06,0.722105626881693,0,0,1,1,5,0,1,0
"/Applications/MATLAB_R2026a.app/toolbox/matlab/lang/+matlab/+lang/makeUniqueStrings.m>makeUniqueStrings","makeUniqueStrings",/Applications/MATLAB_R2026a.app/toolbox/matlab/lang/+matlab/+lang/makeUniqueStrings.m,M-function,2302,0.122524625217047,0.0718005417938584,0.050724083423189,5.32252933175705e-05,2.20347886286659e-05,0.413990929034334,0,0,7,2,48,0,1,0
"/Applications/MATLAB_R2026a.app/toolbox/matlab/datatypes/shared/matlab_datatypes/+matlab/+internal/+datatypes/isCharString.m>isCharString","isCharString",/Applications/MATLAB_R2026a.app/toolbox/matlab/datatypes/shared/matlab_datatypes/+matlab/+internal/+datatypes/isCharString.m,M-function,14981,0.0371648333991693,0,0.0371648333991693,2.4807979039563e-06,2.4807979039563e-06,1,1,0,0,3,3,0,1,0
"/Applications/MATLAB_R2026a.app/toolbox/matlab/lang/+matlab/+lang/makeUniqueStrings.m>mustBeValidExcludes","makeUniqueStrings>mustBeValidExcludes",/Applications/MATLAB_R2026a.app/toolbox/matlab/lang/+matlab/+lang/makeUniqueStrings.m,M-subfunction,2302,0.00371095833990715,0,0.00371095833990715,1.61205835790927e-06,1.61205835790927e-06,1,1,0,0,1,2,0,1,0
"/Applications/MATLAB_R2026a.app/toolbox/matlab/lang/+matlab/+lang/makeUniqueStrings.m>mustBeValidMaxStrLen","makeUniqueStrings>mustBeValidMaxStrLen",/Applications/MATLAB_R2026a.app/toolbox/matlab/lang/+matlab/+lang/makeUniqueStrings.m,M-subfunction,2302,0.00602054167733181,0,0.00602054167733181,2.61535259658202e-06,2.61535259658202e-06,1,1,0,0,1,4,0,1,0
"/Applications/MATLAB_R2026a.app/toolbox/matlab/lang/+matlab/+lang/makeUniqueStrings.m>getComputerMaxStringLength","makeUniqueStrings>getComputerMaxStringLength",/Applications/MATLAB_R2026a.app/toolbox/matlab/lang/+matlab/+lang/makeUniqueStrings.m,M-subfunction,2302,0.0033733750059758,0,0.0033733750059758,1.46541051519366e-06,1.46541051519366e-06,1,1,0,0,1,2,0,1,0
"/Applications/MATLAB_R2026a.app/toolbox/matlab/lang/+matlab/+lang/makeUniqueStrings.m>processExcludes","makeUniqueStrings>processExcludes",/Applications/MATLAB_R2026a.app/toolbox/matlab/lang/+matlab/+lang/makeUniqueStrings.m,M-subfunction,2302,0.0150472916933223,0,0.0150472916933223,6.53661672168651e-06,6.53661672168651e-06,1,1,0,0,1,8,0,1,0
"/Applications/MATLAB_R2026a.app/toolbox/matlab/lang/+matlab/+lang/makeUniqueStrings.m>reshapeAndTypecastOutputs","makeUniqueStrings>reshapeAndTypecastOutputs",/Applications/MATLAB_R2026a.app/toolbox/matlab/lang/+matlab/+lang/makeUniqueStrings.m,M-subfunction,2302,0.0081169583477122,0,0.0081169583477122,3.5260461979636e-06,3.5260461979636e-06,1,1,0,0,1,9,0,1,0
"/Applications/MATLAB_R2026a.app/toolbox/matlab/datatypes/tabular/+matlab/+internal/+tabular/+private/metaDim.m>metaDim.checkAgainstVarLabels","metaDim>metaDim.checkAgainstVarLabels",/Applications/MATLAB_R2026a.app/toolbox/matlab/datatypes/tabular/+matlab/+internal/+tabular/+private/metaDim.m,M-method,1724,0.135447791906607,0.093511791832319,0.0419360000742879,7.85660045861989e-05,2.43248260291693e-05,0.309610068085889,0,0,2,1,5,0,1,0
"/Applications/MATLAB_R2026a.app/toolbox/matlab/datatypes/tabular/+matlab/+internal/+tabular/+private/@tabularDimension/tabularDimension.m>tabularDimension.setLabels","tabularDimension.tabularDimension>tabularDimension.setLabels",/Applications/MATLAB_R2026a.app/toolbox/matlab/datatypes/tabular/+matlab/+internal/+tabular/+private/@tabularDimension/tabularDimension.m,M-method,3448,0.151802375268912,0.134711166905302,0.0170912083636097,4.40262109248584e-05,4.95684697320468e-06,0.112588543712398,0,0,2,1,18,0,1,0
"/Applications/MATLAB_R2026a.app/toolbox/matlab/datatypes/tabular/+matlab/+internal/+tabular/+private/rowNamesDim.m>rowNamesDim.validateAndAssignLabels","rowNamesDim>rowNamesDim.validateAndAssignLabels",/Applications/MATLAB_R2026a.app/toolbox/matlab/datatypes/tabular/+matlab/+internal/+tabular/+private/rowNamesDim.m,M-method,1724,0.00715208334600296,0,0.00715208334600296,4.14854022389963e-06,4.14854022389963e-06,1,1,0,0,1,7,0,1,0
"/Applications/MATLAB_R2026a.app/toolbox/matlab/datatypes/tabular/+matlab/+internal/+tabular/+private/varNamesDim.m>varNamesDim.validateAndAssignLabels","varNamesDim>varNamesDim.validateAndAssignLabels",/Applications/MATLAB_R2026a.app/toolbox/matlab/datatypes/tabular/+matlab/+internal/+tabular/+private/varNamesDim.m,M-method,1724,0.127559083559299,0.112179791865389,0.0153792916939105,7.39901876794078e-05,8.92070283869516e-06,0.120566025286322,0,0,4,1,27,0,1,0
"/Applications/MATLAB_R2026a.app/toolbox/matlab/datatypes/shared/matlab_datatypes/+matlab/+internal/+datatypes/isText.m>isText","isText",/Applications/MATLAB_R2026a.app/toolbox/matlab/datatypes/shared/matlab_datatypes/+matlab/+internal/+datatypes/isText.m,M-function,1724,0.0126615416890961,0,0.0126615416890961,7.3442817222135e-06,7.3442817222135e-06,1,1,0,0,1,7,0,1,0
"/Applications/MATLAB_R2026a.app/toolbox/matlab/datatypes/tabular/+matlab/+internal/+tabular/+private/varNamesDim.m>varNamesDim.makeValidName","varNamesDim>varNamesDim.makeValidName",/Applications/MATLAB_R2026a.app/toolbox/matlab/datatypes/tabular/+matlab/+internal/+tabular/+private/varNamesDim.m,M-method,1738,0.0552841667646003,0.0396598334035891,0.0156243333610112,3.18090717863063e-05,8.98983507538044e-06,0.282618591821046,0,0,3,3,23,0,1,0
"/Applications/MATLAB_R2026a.app/toolbox/matlab/datatypes/tabular/+matlab/+internal/+tabular/+private/varNamesDim.m>parseMode","varNamesDim>parseMode",/Applications/MATLAB_R2026a.app/toolbox/matlab/datatypes/tabular/+matlab/+internal/+tabular/+private/varNamesDim.m,M-subfunction,1738,0.0037962500067249,0,0.0037962500067249,2.18426352515817e-06,2.18426352515817e-06,1,1,0,0,1,18,0,1,0
"/Applications/MATLAB_R2026a.app/toolbox/matlab/datatypes/tabular/+matlab/+internal/+tabular/validateVariableNameLength.m>validateVariableNameLength","validateVariableNameLength",/Applications/MATLAB_R2026a.app/toolbox/matlab/datatypes/tabular/+matlab/+internal/+tabular/validateVariableNameLength.m,M-function,3462,0.0101987083513999,0,0.0101987083513999,2.94590073697283e-06,2.94590073697283e-06,1,1,0,0,2,10,0,1,0
"/Applications/MATLAB_R2026a.app/toolbox/matlab/datatypes/tabular/+matlab/+internal/+tabular/+private/varNamesDim.m>varNamesDim.checkReservedNames","varNamesDim>varNamesDim.checkReservedNames",/Applications/MATLAB_R2026a.app/toolbox/matlab/datatypes/tabular/+matlab/+internal/+tabular/+private/varNamesDim.m,M-method,1745,0.0318997083898424,0.00690762501223658,0.0249920833776058,1.82806351804254e-05,1.43221108181122e-05,0.783458051471213,0,0,1,2,9,0,1,0
"/Applications/MATLAB_R2026a.app/toolbox/matlab/datatypes/tabular/+matlab/+internal/+tabular/+private/@tabularDimension/tabularDimension.m>tabularDimension.checkReservedNamesImpl","tabularDimension.tabularDimension>tabularDimension.checkReservedNamesImpl",/Applications/MATLAB_R2026a.app/toolbox/matlab/datatypes/tabular/+matlab/+internal/+tabular/+private/@tabularDimension/tabularDimension.m,M-method,1745,0.00690762501223658,0,0.00690762501223658,3.95852436231322e-06,3.95852436231322e-06,1,1,0,0,1,2,0,1,0
"/Applications/MATLAB_R2026a.app/toolbox/matlab/datatypes/tabular/@tabular/dotAssign.m>dotAssign","tabular.dotAssign",/Applications/MATLAB_R2026a.app/toolbox/matlab/datatypes/tabular/@tabular/dotAssign.m,M-function,3440,0.19344883367602,0.0605467501072561,0.132902083568764,5.62351260686105e-05,3.86343266188268e-05,0.687014137243871,0,0,6,4,78,0,1,0
"/Applications/MATLAB_R2026a.app/toolbox/matlab/datatypes/tabular/+matlab/+internal/+tabular/+private/varNamesDim.m>varNamesDim.lengthenTo","varNamesDim>varNamesDim.lengthenTo",/Applications/MATLAB_R2026a.app/toolbox/matlab/datatypes/tabular/+matlab/+internal/+tabular/+private/varNamesDim.m,M-method,7,0.00405479167384957,0.00234329167081771,0.00171150000303185,0.000579255953407081,0.000244500000433122,0.42209320248677,0,0,1,1,13,0,1,0
"/Applications/MATLAB_R2026a.app/toolbox/matlab/datatypes/tabular/+matlab/+internal/+tabular/+private/@tabularDimension/tabularDimension.m>tabularDimension.checkDuplicateLabels","tabularDimension.tabularDimension>tabularDimension.checkDuplicateLabels",/Applications/MATLAB_R2026a.app/toolbox/matlab/datatypes/tabular/+matlab/+internal/+tabular/+private/@tabularDimension/tabularDimension.m,M-method,1724,0.0431156667430443,0,0.0431156667430443,2.50090874379607e-05,2.50090874379607e-05,1,1,0,0,1,10,0,1,0
"/Applications/MATLAB_R2026a.app/toolbox/matlab/datatypes/tabular/+matlab/+internal/+tabular/+private/@tabularDimension/tabularDimension.m>tabularDimension.assignLabels","tabularDimension.tabularDimension>tabularDimension.assignLabels",/Applications/MATLAB_R2026a.app/toolbox/matlab/datatypes/tabular/+matlab/+internal/+tabular/+private/@tabularDimension/tabularDimension.m,M-method,1724,0.00550529167641907,0,0.00550529167641907,3.19332463829412e-06,3.19332463829412e-06,1,1,0,0,1,7,0,1,0
"/Applications/MATLAB_R2026a.app/toolbox/matlab/datatypes/tabular/+matlab/+internal/+tabular/+private/@tabularDimension/tabularDimension.m>tabularDimension.createLike","tabularDimension.tabularDimension>tabularDimension.createLike",/Applications/MATLAB_R2026a.app/toolbox/matlab/datatypes/tabular/+matlab/+internal/+tabular/+private/@tabularDimension/tabularDimension.m,M-method,3449,0.217302583718276,0.151802375268912,0.0655002084493643,6.30045183294509e-05,1.89910723251274e-05,0.301423974481052,0,0,1,3,11,0,1,0
"/Applications/MATLAB_R2026a.app/toolbox/matlab/datatypes/tabular/@tabular/tabular.m>tabular.initInternals","tabular.tabular>tabular.initInternals",/Applications/MATLAB_R2026a.app/toolbox/matlab/datatypes/tabular/@tabular/tabular.m,M-method,1724,0.246944125437452,0.229214750406045,0.0177293750314069,0.000143239051877872,1.02838602270341e-05,0.071795087248988,0,0,2,1,8,0,1,0
"/Applications/MATLAB_R2026a.app/toolbox/matlab/datatypes/tabular/+matlab/+internal/+tabular/+private/varNamesDim.m>varNamesDim.createLike","varNamesDim>varNamesDim.createLike",/Applications/MATLAB_R2026a.app/toolbox/matlab/datatypes/tabular/+matlab/+internal/+tabular/+private/varNamesDim.m,M-method,1724,0.179458208651236,0.167451750296634,0.0120064583546023,0.000104094088544801,6.96430298990852e-06,0.066903924010163,0,0,1,1,13,0,1,0
"/Applications/MATLAB_R2026a.app/toolbox/matlab/datatypes/tabular/@tabular/vertcat.m>vertcat","tabular.vertcat",/Applications/MATLAB_R2026a.app/toolbox/matlab/datatypes/tabular/@tabular/vertcat.m,M-function,1,0.0425952917421225,0.0229287917072841,0.0196665000348384,0.0425952917421225,0.0196665000348384,0.461705959285406,0,0,7,1,85,0,1,0
"/Applications/MATLAB_R2026a.app/toolbox/matlab/datatypes/shared/matlab_datatypes/+matlab/+internal/+datatypes/parseArgsTabularConstructors.m>parseArgsTabularConstructors","parseArgsTabularConstructors",/Applications/MATLAB_R2026a.app/toolbox/matlab/datatypes/shared/matlab_datatypes/+matlab/+internal/+datatypes/parseArgsTabularConstructors.m,M-function,1146,0.0276810833823693,0,0.0276810833823693,2.41545230212646e-05,2.41545230212646e-05,1,1,0,0,1,24,0,1,0
"/Users/jearly/Documents/OceanKitRepositories/oceankit-internal-modes-beta7/InternalModes-2.0.0-beta.7/@IMInternalModesBasis/discreteTransform.m>emptyVariableDiagnostics","IMInternalModesBasis.discreteTransform>emptyVariableDiagnostics",/Users/jearly/Documents/OceanKitRepositories/oceankit-internal-modes-beta7/InternalModes-2.0.0-beta.7/@IMInternalModesBasis/discreteTransform.m,M-subfunction,5,0.0205199167030169,0.0200965417022669,0.00042337500074999,0.00410398334060337,8.46750001499981e-05,0.0206323937312935,0,0,1,1,11,0,0,1
"/Users/jearly/Documents/OceanKitRepositories/oceankit-internal-modes-beta7/InternalModes-2.0.0-beta.7/@IMInternalModesBasis/discreteTransform.m>singularValueConditionNumber","IMInternalModesBasis.discreteTransform>singularValueConditionNumber",/Users/jearly/Documents/OceanKitRepositories/oceankit-internal-modes-beta7/InternalModes-2.0.0-beta.7/@IMInternalModesBasis/discreteTransform.m,M-subfunction,490,0.00463233334153932,0,0.00463233334153932,9.45374151334556e-06,9.45374151334556e-06,1,1,0,0,1,5,0,0,1
"/Applications/MATLAB_R2026a.app/toolbox/matlab/datatypes/tabular/@tabular/dotAssign.m>localTranslatedAssign","tabular.dotAssign>localTranslatedAssign",/Applications/MATLAB_R2026a.app/toolbox/matlab/datatypes/tabular/@tabular/dotAssign.m,M-subfunction,3430,0.04828787508554,0,0.04828787508554,1.40780976925773e-05,1.40780976925773e-05,1,1,0,0,1,9,0,1,0
"/Applications/MATLAB_R2026a.app/toolbox/matlab/datatypes/tabular/@tabular/tabular.m>tabular.validateAcrossVars","tabular.tabular>tabular.validateAcrossVars",/Applications/MATLAB_R2026a.app/toolbox/matlab/datatypes/tabular/@tabular/tabular.m,M-method,3440,0.00474150000839938,0,0.00474150000839938,1.37834302569749e-06,1.37834302569749e-06,1,1,0,0,1,1,0,1,0
"/Applications/MATLAB_R2026a.app/toolbox/matlab/datatypes/shared/matlab_datatypes/+matlab/+internal/+datatypes/isColon.m>isColon","isColon",/Applications/MATLAB_R2026a.app/toolbox/matlab/datatypes/shared/matlab_datatypes/+matlab/+internal/+datatypes/isColon.m,M-function,1,0.00012475000022099,0,0.00012475000022099,0.00012475000022099,0.00012475000022099,1,1,0,0,1,1,0,1,0
"/Users/jearly/Documents/OceanKitRepositories/wvm-v5-construction-optimization/+WVInternal/selectFreeSurfaceWaveCounts.m>withSelectedConvergence","selectFreeSurfaceWaveCounts>withSelectedConvergence",/Users/jearly/Documents/OceanKitRepositories/wvm-v5-construction-optimization/+WVInternal/selectFreeSurfaceWaveCounts.m,M-subfunction,1,0.0173134166973367,0.0129066250228636,0.00440679167447312,0.0173134166973367,0.00440679167447312,0.254530446041365,0,0,1,1,8,0,0,1
"/Users/jearly/Documents/OceanKitRepositories/oceankit-internal-modes-beta7/InternalModes-2.0.0-beta.7/@IMInternalModesBasis/discreteTransform.m>@(variable)variableDiagnostics.(char(variable)).gramError(nPrefix)","IMInternalModesBasis.discreteTransform>@(variable)variableDiagnostics.(char(variable)).gramError(nPrefix)",/Users/jearly/Documents/OceanKitRepositories/oceankit-internal-modes-beta7/InternalModes-2.0.0-beta.7/@IMInternalModesBasis/discreteTransform.m,M-anonymous-function,245,0.0104707916852153,0.00596204167722818,0.00450875000798707,4.27379252457765e-05,1.84030612570901e-05,0.430602588947827,0,0,1,1,0,0,0,1
"/Applications/MATLAB_R2026a.app/toolbox/matlab/datatypes/tabular/@tabular/dotParenReference.m>dotParenReference","tabular.dotParenReference",/Applications/MATLAB_R2026a.app/toolbox/matlab/datatypes/tabular/@tabular/dotParenReference.m,M-function,3248,0.0259031667125531,0,0.0259031667125531,7.97511290411117e-06,7.97511290411117e-06,1,1,0,0,4,14,0,1,0
"/Users/jearly/Documents/OceanKitRepositories/oceankit-internal-modes-beta7/InternalModes-2.0.0-beta.7/IMDiscreteTransformTools.m>IMDiscreteTransformTools.cumulativeAcceptance","IMDiscreteTransformTools>IMDiscreteTransformTools.cumulativeAcceptance",/Users/jearly/Documents/OceanKitRepositories/oceankit-internal-modes-beta7/InternalModes-2.0.0-beta.7/IMDiscreteTransformTools.m,M-method,3,5.60000000992017e-05,0,5.60000000992017e-05,1.86666666997339e-05,1.86666666997339e-05,1,1,0,0,1,2,0,0,1
"/Users/jearly/Documents/OceanKitRepositories/oceankit-internal-modes-beta7/InternalModes-2.0.0-beta.7/IMDiscreteTransformTools.m>IMDiscreteTransformTools.policyResult","IMDiscreteTransformTools>IMDiscreteTransformTools.policyResult",/Users/jearly/Documents/OceanKitRepositories/oceankit-internal-modes-beta7/InternalModes-2.0.0-beta.7/IMDiscreteTransformTools.m,M-method,9,0.00105133333519573,0,0.00105133333519573,0.000116814815021748,0.000116814815021748,1,1,0,0,1,16,0,0,1
"/Users/jearly/Documents/OceanKitRepositories/oceankit-internal-modes-beta7/InternalModes-2.0.0-beta.7/@IMInternalModesBasis/discreteTransform.m>combinedPolicyResult","IMInternalModesBasis.discreteTransform>combinedPolicyResult",/Users/jearly/Documents/OceanKitRepositories/oceankit-internal-modes-beta7/InternalModes-2.0.0-beta.7/@IMInternalModesBasis/discreteTransform.m,M-subfunction,3,0.000254166667116913,0,0.000254166667116913,8.47222223723042e-05,8.47222223723042e-05,1,1,0,0,1,17,0,0,1
"/Applications/MATLAB_R2026a.app/toolbox/matlab/datatypes/tabular/@tabular/size.m>size","tabular.size",/Applications/MATLAB_R2026a.app/toolbox/matlab/datatypes/tabular/@tabular/size.m,M-function,1147,0.00786387501393053,0.000379041667338124,0.00748483334659241,6.8560375012472e-06,6.52557397261762e-06,0.951799632284762,0,0,1,3,13,0,1,0
"/Applications/MATLAB_R2026a.app/toolbox/matlab/datatypes/shared/matlab_datatypes/+matlab/+internal/+datatypes/isScalarInt.m>isScalarInt","isScalarInt",/Applications/MATLAB_R2026a.app/toolbox/matlab/datatypes/shared/matlab_datatypes/+matlab/+internal/+datatypes/isScalarInt.m,M-function,9,0.000379041667338124,0,0.000379041667338124,4.21157408153471e-05,4.21157408153471e-05,1,1,0,0,1,8,0,1,0
"/Applications/MATLAB_R2026a.app/toolbox/matlab/elmat/height.m>height","height",/Applications/MATLAB_R2026a.app/toolbox/matlab/elmat/height.m,M-function,9,0.00135820833573934,0.00110079166861667,0.00025741666712267,0.000150912037304372,2.86018519025189e-05,0.189526643556155,0,0,1,2,1,0,1,0
"/Applications/MATLAB_R2026a.app/toolbox/matlab/datatypes/tabular/@table/table.m>table.getTemplateForConcatenation","table.table>table.getTemplateForConcatenation",/Applications/MATLAB_R2026a.app/toolbox/matlab/datatypes/tabular/@table/table.m,M-method,1,0.00465779167491776,0.00186795833664235,0.00278983333827541,0.00465779167491776,0.00278983333827541,0.598960523137753,0,0,1,1,24,0,1,0
"/Users/jearly/Documents/OceanKitRepositories/chebfun/@chebfun/getRootsForBreaks.m>getRootsForBreaks","chebfun.getRootsForBreaks",/Users/jearly/Documents/OceanKitRepositories/chebfun/@chebfun/getRootsForBreaks.m,M-function,2,0.00451591667466643,0.00436533334106634,0.000150583333600086,0.00225795833733322,7.5291666800043e-05,0.0333450203908399,0,0,2,1,8,0,1,0
"/Users/jearly/Documents/OceanKitRepositories/chebfun/@chebfun/hscale.m>hscale","chebfun.hscale",/Users/jearly/Documents/OceanKitRepositories/chebfun/@chebfun/hscale.m,M-function,13648,0.058134000102982,0,0.058134000102982,4.25952521270384e-06,4.25952521270384e-06,1,1,0,0,3,4,0,1,0
"/Users/jearly/Documents/OceanKitRepositories/chebfun/@chebfun/addBreaksAtRoots.m>columnAddBreaksAtRoots","chebfun.addBreaksAtRoots>columnAddBreaksAtRoots",/Users/jearly/Documents/OceanKitRepositories/chebfun/@chebfun/addBreaksAtRoots.m,M-subfunction,2,0.00459825000814561,0.00451591667466643,8.23333334791839e-05,0.00229912500407281,4.1166666739592e-05,0.017905362547346,0,0,1,1,4,0,1,0
"/Users/jearly/Documents/OceanKitRepositories/chebfun/@chebfun/addBreaksAtRoots.m>addBreaksAtRoots","chebfun.addBreaksAtRoots",/Users/jearly/Documents/OceanKitRepositories/chebfun/@chebfun/addBreaksAtRoots.m,M-function,2,0.00470945834167595,0.00459825000814561,0.000111208333530334,0.00235472917083797,5.56041667651671e-05,0.0236138267847505,0,0,1,1,7,0,1,0
"/Users/jearly/Documents/OceanKitRepositories/chebfun/@chebfunpref/chebfunpref.m>chebfunpref.subsasgn","chebfunpref.chebfunpref>chebfunpref.subsasgn",/Users/jearly/Documents/OceanKitRepositories/chebfun/@chebfunpref/chebfunpref.m,M-method,2,0.000191833333673158,0,0.000191833333673158,9.59166668365792e-05,9.59166668365792e-05,1,1,0,0,1,8,0,1,0
"/Users/jearly/Documents/OceanKitRepositories/wvm-v5-construction-optimization/+WVInternal/compareResolvedModes.m>@(z)dProfile(z)","compareResolvedModes>@(z)dProfile(z)",/Users/jearly/Documents/OceanKitRepositories/wvm-v5-construction-optimization/+WVInternal/compareResolvedModes.m,M-anonymous-function,2,0.00121537500215299,0.00113183333533833,8.35416668146572e-05,0.000607687501076494,4.17708334073286e-05,0.0687373581542047,0,0,1,1,0,0,0,1
"/Users/jearly/Documents/OceanKitRepositories/wvm-v5-construction-optimization/+WVInternal/compareResolvedModes.m>compareResolvedModes/prepare","compareResolvedModes>prepare",/Users/jearly/Documents/OceanKitRepositories/wvm-v5-construction-optimization/+WVInternal/compareResolvedModes.m,M-nested-function,4,0.0685364584547429,0.0678146667867976,0.000721791667945282,0.0171341146136857,0.00018044791698632,0.0105314993540541,0,0,1,1,3,0,0,1
"/Users/jearly/Documents/OceanKitRepositories/oceankit-internal-modes-beta7/InternalModes-2.0.0-beta.7/assessModeConvergence.m>validatePrepared","assessModeConvergence>validatePrepared",/Users/jearly/Documents/OceanKitRepositories/oceankit-internal-modes-beta7/InternalModes-2.0.0-beta.7/assessModeConvergence.m,M-subfunction,1144,0.132575500234852,0,0.132575500234852,0.000115887675030465,0.000115887675030465,1,1,0,0,1,40,0,0,1
"/Applications/MATLAB_R2026a.app/toolbox/matlab/ops/union.m>union","union",/Applications/MATLAB_R2026a.app/toolbox/matlab/ops/union.m,M-function,572,0.034882166728459,0.0194671250344852,0.0154150416939738,6.09828089658374e-05,2.69493735908633e-05,0.441917550993105,0,0,1,1,21,0,1,0
"/Applications/MATLAB_R2026a.app/toolbox/matlab/elmat/repelem.m>repelem","repelem",/Applications/MATLAB_R2026a.app/toolbox/matlab/elmat/repelem.m,M-function,572,0.00796725001411366,0.00619558334430856,0.0017716666698051,1.3928758765933e-05,3.09731935280613e-06,0.2223686550148,0,0,1,1,3,0,1,0
"/Applications/MATLAB_R2026a.app/toolbox/matlab/elmat/+matlab/+internal/+builtinhelper/repelem.m>repelem","repelem",/Applications/MATLAB_R2026a.app/toolbox/matlab/elmat/+matlab/+internal/+builtinhelper/repelem.m,M-function,572,0.00619558334430856,0,0.00619558334430856,1.08314394131268e-05,1.08314394131268e-05,1,1,0,0,1,28,0,1,0
"/Users/jearly/Documents/OceanKitRepositories/oceankit-internal-modes-beta7/InternalModes-2.0.0-beta.7/assessModeConvergence.m>commonOrientation","assessModeConvergence>commonOrientation",/Users/jearly/Documents/OceanKitRepositories/oceankit-internal-modes-beta7/InternalModes-2.0.0-beta.7/assessModeConvergence.m,M-subfunction,572,0.0983732501742642,0,0.0983732501742642,0.000171981206598364,0.000171981206598364,1,1,0,0,1,18,0,0,1
"/Users/jearly/Documents/OceanKitRepositories/oceankit-internal-modes-beta7/InternalModes-2.0.0-beta.7/assessModeConvergence.m>normRatio","assessModeConvergence>normRatio",/Users/jearly/Documents/OceanKitRepositories/oceankit-internal-modes-beta7/InternalModes-2.0.0-beta.7/assessModeConvergence.m,M-subfunction,3432,0.0122557500217106,0,0.0122557500217106,3.57102273359865e-06,3.57102273359865e-06,1,1,0,0,1,4,0,0,1
"/Users/jearly/Documents/OceanKitRepositories/wvm-v5-construction-optimization/+WVInternal/assessWaveModeConstruction.m>assessWaveModeConstruction/acceptPrepared","assessWaveModeConstruction>acceptPrepared",/Users/jearly/Documents/OceanKitRepositories/wvm-v5-construction-optimization/+WVInternal/assessWaveModeConstruction.m,M-nested-function,36,1.10305554362069,1.09650187694241,0.00655366667827662,0.0306404317672413,0.000182046296618795,0.0059413750433317,0,0,2,1,8,0,0,1
"/Applications/MATLAB_R2026a.app/toolbox/matlab/datatypes/tabular/@tabular/dotReference.m>dotReference","tabular.dotReference",/Applications/MATLAB_R2026a.app/toolbox/matlab/datatypes/tabular/@tabular/dotReference.m,M-function,1874,0.0298550417195537,0.00234516667082103,0.0275098750487326,1.59311855493883e-05,1.46797625660259e-05,0.921448219940518,0,0,1,6,23,0,1,0
"/Applications/MATLAB_R2026a.app/toolbox/matlab/datatypes/tabular/@tabular/translateAndForwardReference.m>translateAndForwardReference","tabular.translateAndForwardReference",/Applications/MATLAB_R2026a.app/toolbox/matlab/datatypes/tabular/@tabular/translateAndForwardReference.m,M-function,569,0.00234516667082103,0,0.00234516667082103,4.12155829669778e-06,4.12155829669778e-06,1,1,0,0,1,13,0,1,0
"/Applications/MATLAB_R2026a.app/toolbox/matlab/datatypes/tabular/@tabular/dotListLength.m>dotListLength","tabular.dotListLength",/Applications/MATLAB_R2026a.app/toolbox/matlab/datatypes/tabular/@tabular/dotListLength.m,M-function,1302,0.0181514583654879,0.00776891668042899,0.0103825416850589,1.39412122622795e-05,7.9743023694769e-06,0.571994903990726,0,0,2,5,13,0,1,0
"/Applications/MATLAB_R2026a.app/toolbox/matlab/datatypes/tabular/@tabular/listLengthRecurser.m>listLengthRecurser","tabular.listLengthRecurser",/Applications/MATLAB_R2026a.app/toolbox/matlab/datatypes/tabular/@tabular/listLengthRecurser.m,M-function,569,0.0036967083398819,0,0.0036967083398819,6.49685121244623e-06,6.49685121244623e-06,1,1,0,0,1,9,0,1,0
"/Applications/MATLAB_R2026a.app/toolbox/matlab/strfun/validators/mustBeText.m>mustBeText","mustBeText",/Applications/MATLAB_R2026a.app/toolbox/matlab/strfun/validators/mustBeText.m,M-function,2,0.000159541666949288,6.3791666779671e-05,9.57500001696172e-05,7.97708334746441e-05,4.78750000848086e-05,0.600156698876991,0,0,1,2,3,0,1,0
"/Applications/MATLAB_R2026a.app/toolbox/matlab/strfun/validators/private/istext.m>istext","validators/private/istext",/Applications/MATLAB_R2026a.app/toolbox/matlab/strfun/validators/private/istext.m,M-function,2,6.3791666779671e-05,0,6.3791666779671e-05,3.18958333898355e-05,3.18958333898355e-05,1,1,0,0,1,2,0,1,0
"/Users/jearly/Documents/OceanKitRepositories/oceankit-internal-modes-beta7/InternalModes-2.0.0-beta.7/@IMGeostrophicZeroAPVModesBasis/IMGeostrophicZeroAPVModesBasis.m>IMGeostrophicZeroAPVModesBasis.symmetrize","IMGeostrophicZeroAPVModesBasis.IMGeostrophicZeroAPVModesBasis>IMGeostrophicZeroAPVModesBasis.symmetrize",/Users/jearly/Documents/OceanKitRepositories/oceankit-internal-modes-beta7/InternalModes-2.0.0-beta.7/@IMGeostrophicZeroAPVModesBasis/IMGeostrophicZeroAPVModesBasis.m,M-method,4552,0.0690692917890201,0.0217821667052529,0.0472871250837672,1.51733945054965e-05,1.03882084981914e-05,0.684633125068244,0,0,1,1,2,0,0,1
"/Users/jearly/Documents/OceanKitRepositories/oceankit-internal-modes-beta7/InternalModes-2.0.0-beta.7/@IMGeostrophicZeroAPVFormTools/IMGeostrophicZeroAPVFormTools.m>IMGeostrophicZeroAPVFormTools.symmetrizePages","IMGeostrophicZeroAPVFormTools.IMGeostrophicZeroAPVFormTools>IMGeostrophicZeroAPVFormTools.symmetrizePages",/Users/jearly/Documents/OceanKitRepositories/oceankit-internal-modes-beta7/InternalModes-2.0.0-beta.7/@IMGeostrophicZeroAPVFormTools/IMGeostrophicZeroAPVFormTools.m,M-method,2,0.0098015416840297,0.00423020834082698,0.00557133334320273,0.00490077084201485,0.00278566667160136,0.56841398249425,0,0,1,1,4,0,0,1
"/Users/jearly/Documents/OceanKitRepositories/oceankit-internal-modes-beta7/InternalModes-2.0.0-beta.7/@IMGeostrophicZeroAPVFormTools/IMGeostrophicZeroAPVFormTools.m>IMGeostrophicZeroAPVFormTools.symmetrize","IMGeostrophicZeroAPVFormTools.IMGeostrophicZeroAPVFormTools>IMGeostrophicZeroAPVFormTools.symmetrize",/Users/jearly/Documents/OceanKitRepositories/oceankit-internal-modes-beta7/InternalModes-2.0.0-beta.7/@IMGeostrophicZeroAPVFormTools/IMGeostrophicZeroAPVFormTools.m,M-method,5690,0.0260123750460799,0,0.0260123750460799,4.57159491143759e-06,4.57159491143759e-06,1,1,0,0,2,2,0,0,1
"/Users/jearly/Documents/OceanKitRepositories/oceankit-internal-modes-beta7/InternalModes-2.0.0-beta.7/@IMGeostrophicTransform/IMGeostrophicTransform.m>IMGeostrophicTransform.validateEndpointAcceleration","IMGeostrophicTransform.IMGeostrophicTransform>IMGeostrophicTransform.validateEndpointAcceleration",/Users/jearly/Documents/OceanKitRepositories/oceankit-internal-modes-beta7/InternalModes-2.0.0-beta.7/@IMGeostrophicTransform/IMGeostrophicTransform.m,M-method,2,2.55833333786532e-05,0,2.55833333786532e-05,1.27916666893266e-05,1.27916666893266e-05,1,1,0,0,1,3,0,0,1
"/Users/jearly/Documents/OceanKitRepositories/oceankit-internal-modes-beta7/InternalModes-2.0.0-beta.7/@IMGeostrophicTransform/IMGeostrophicTransform.m>IMGeostrophicTransform.relativeMismatch","IMGeostrophicTransform.IMGeostrophicTransform>IMGeostrophicTransform.relativeMismatch",/Users/jearly/Documents/OceanKitRepositories/oceankit-internal-modes-beta7/InternalModes-2.0.0-beta.7/@IMGeostrophicTransform/IMGeostrophicTransform.m,M-method,3,0.00010825000019176,0,0.00010825000019176,3.60833333972535e-05,3.60833333972535e-05,1,1,0,0,1,7,0,0,1
"/Users/jearly/Documents/OceanKitRepositories/oceankit-internal-modes-beta7/InternalModes-2.0.0-beta.7/@IMGeostrophicZeroAPVModesBasis/IMGeostrophicZeroAPVModesBasis.m>IMGeostrophicZeroAPVModesBasis.symmetrizePages","IMGeostrophicZeroAPVModesBasis.IMGeostrophicZeroAPVModesBasis>IMGeostrophicZeroAPVModesBasis.symmetrizePages",/Users/jearly/Documents/OceanKitRepositories/oceankit-internal-modes-beta7/InternalModes-2.0.0-beta.7/@IMGeostrophicZeroAPVModesBasis/IMGeostrophicZeroAPVModesBasis.m,M-method,2,0.00985216668411938,0.0098015416840297,5.06250000896786e-05,0.00492608334205969,2.53125000448393e-05,0.00513846362052325,0,0,1,1,2,0,0,1
"/Applications/MATLAB_R2026a.app/toolbox/matlab/datatypes/struct/rmfield.m>rmfield","rmfield",/Applications/MATLAB_R2026a.app/toolbox/matlab/datatypes/struct/rmfield.m,M-function,6,0.00209950000371918,0.000547416667636393,0.00155208333608279,0.00034991666728653,0.000258680556013798,0.739263316662697,0,0,1,3,25,0,1,0
"/Applications/MATLAB_R2026a.app/toolbox/matlab/datatypes/struct/rmfield.m>smallcase","rmfield>smallcase",/Applications/MATLAB_R2026a.app/toolbox/matlab/datatypes/struct/rmfield.m,M-subfunction,5,0.000547416667636393,0,0.000547416667636393,0.000109483333527279,0.000109483333527279,1,1,0,0,1,10,0,1,0
"/Applications/MATLAB_R2026a.app/toolbox/matlab/datafun/gradient.m>gradient","gradient",/Applications/MATLAB_R2026a.app/toolbox/matlab/datafun/gradient.m,M-function,1,0.000236291667085248,6.90833334557117e-05,0.000167208333629536,0.000236291667085248,0.000167208333629536,0.707635337682948,0,0,1,1,22,0,1,0
"/Applications/MATLAB_R2026a.app/toolbox/matlab/datafun/gradient.m>parse_inputs","gradient>parse_inputs",/Applications/MATLAB_R2026a.app/toolbox/matlab/datafun/gradient.m,M-subfunction,1,6.90833334557117e-05,0,6.90833334557117e-05,6.90833334557117e-05,6.90833334557117e-05,1,1,0,0,1,19,0,1,0
"/Users/jearly/Documents/OceanKitRepositories/wvm-v5-construction-optimization/+WVInternal/assessFreeSurfaceBoundaryGrid.m>columnError","assessFreeSurfaceBoundaryGrid>columnError",/Users/jearly/Documents/OceanKitRepositories/wvm-v5-construction-optimization/+WVInternal/assessFreeSurfaceBoundaryGrid.m,M-subfunction,2276,0.00829987501470289,0,0.00829987501470289,3.64669376744415e-06,3.64669376744415e-06,1,1,0,0,1,3,0,0,1
"/Users/jearly/Documents/OceanKitRepositories/wvm-v5-construction-optimization/+WVInternal/assessFreeSurfaceBoundaryGrid.m>assessFreeSurfaceBoundaryGrid/forms","assessFreeSurfaceBoundaryGrid>forms",/Users/jearly/Documents/OceanKitRepositories/wvm-v5-construction-optimization/+WVInternal/assessFreeSurfaceBoundaryGrid.m,M-nested-function,1138,0.00916720834957267,0,0.00916720834957267,8.0555433651781e-06,8.0555433651781e-06,1,1,0,0,1,5,0,0,1
"/Applications/MATLAB_R2026a.app/toolbox/matlab/datatypes/tabular/+matlab/+internal/+tabular/+private/rowNamesDim.m>rowNamesDim.hasExplicitLabels","rowNamesDim>rowNamesDim.hasExplicitLabels",/Applications/MATLAB_R2026a.app/toolbox/matlab/datatypes/tabular/+matlab/+internal/+tabular/+private/rowNamesDim.m,M-method,1,1.92916667008411e-05,0,1.92916667008411e-05,1.92916667008411e-05,1.92916667008411e-05,1,1,0,0,1,2,0,1,0
"/Applications/MATLAB_R2026a.app/toolbox/matlab/datatypes/tabular/+matlab/+internal/+tabular/+private/@tabularDimension/tabularDimension.m>tabularDimension.mergeProps","tabularDimension.tabularDimension>tabularDimension.mergeProps",/Applications/MATLAB_R2026a.app/toolbox/matlab/datatypes/tabular/+matlab/+internal/+tabular/+private/@tabularDimension/tabularDimension.m,M-method,569,0.000875458334884172,0,0.000875458334884172,1.53859109821471e-06,1.53859109821471e-06,1,1,0,0,1,1,0,1,0
"/Applications/MATLAB_R2026a.app/toolbox/matlab/datatypes/tabular/+matlab/+internal/+tabular/+private/varNamesDim.m>varNamesDim.mergeProps","varNamesDim>varNamesDim.mergeProps",/Applications/MATLAB_R2026a.app/toolbox/matlab/datatypes/tabular/+matlab/+internal/+tabular/+private/varNamesDim.m,M-method,569,0.00819129168117721,0,0.00819129168117721,1.43959432006629e-05,1.43959432006629e-05,1,1,0,0,1,11,0,1,0
"/Applications/MATLAB_R2026a.app/toolbox/matlab/datatypes/tabular/@tabular/mergeArrayProps.m>mergeArrayProps","tabular.mergeArrayProps",/Applications/MATLAB_R2026a.app/toolbox/matlab/datatypes/tabular/@tabular/mergeArrayProps.m,M-function,569,0.0041955416740989,0.00157641666945923,0.00261912500463967,7.37353545535835e-06,4.60303164260048e-06,0.624263851509042,0,0,1,1,9,0,1,0
"/Applications/MATLAB_R2026a.app/toolbox/matlab/datatypes/tabular/@tabular/mergeArrayProps.m>mergeNonemptyScalarStructs","tabular.mergeArrayProps>mergeNonemptyScalarStructs",/Applications/MATLAB_R2026a.app/toolbox/matlab/datatypes/tabular/@tabular/mergeArrayProps.m,M-subfunction,569,0.00157641666945923,0,0.00157641666945923,2.77050381275786e-06,2.77050381275786e-06,1,1,0,0,1,5,0,1,0
"/Users/jearly/Documents/OceanKitRepositories/oceankit-internal-modes-beta7/InternalModes-2.0.0-beta.7/@IMBasisCollection/IMBasisCollection.m>IMBasisCollection.basisWavenumbers","IMBasisCollection.IMBasisCollection>IMBasisCollection.basisWavenumbers",/Users/jearly/Documents/OceanKitRepositories/oceankit-internal-modes-beta7/InternalModes-2.0.0-beta.7/@IMBasisCollection/IMBasisCollection.m,M-method,1140,0.0584885417702768,0.0439659584112172,0.0145225833590595,5.13057383949796e-05,1.27391082097013e-05,0.248297921601453,0,0,1,1,5,0,0,1
"/Applications/MATLAB_R2026a.app/toolbox/matlab/lang/isprop.p>isprop","isprop",/Applications/MATLAB_R2026a.app/toolbox/matlab/lang/isprop.p,M-function,2280,0.0439659584112172,0,0.0439659584112172,1.92833150926391e-05,1.92833150926391e-05,1,1,0,0,1,0,0,1,0
"/Users/jearly/Documents/OceanKitRepositories/oceankit-internal-modes-beta7/InternalModes-2.0.0-beta.7/@IMBasisCollection/evaluateChunks.m>@(i)numel(self.metadata(self.basisIndex(i)).columnLabels)","IMBasisCollection.evaluateChunks>@(i)numel(self.metadata(self.basisIndex(i)).columnLabels)",/Users/jearly/Documents/OceanKitRepositories/oceankit-internal-modes-beta7/InternalModes-2.0.0-beta.7/@IMBasisCollection/evaluateChunks.m,M-anonymous-function,1139,0.0132840833568655,0,0.0132840833568655,1.16629353440435e-05,1.16629353440435e-05,1,1,0,0,1,0,0,0,1
"/Users/jearly/Documents/OceanKitRepositories/chebfun/@chebfun/domain.m>domain","chebfun.domain",/Users/jearly/Documents/OceanKitRepositories/chebfun/@chebfun/domain.m,M-function,13644,0.0612007501084147,0,0.0612007501084147,4.48554310381227e-06,4.48554310381227e-06,1,1,0,0,1,7,0,1,0
"/Users/jearly/Documents/OceanKitRepositories/chebfun/@classicfun/isequal.m>isequal","classicfun.isequal",/Users/jearly/Documents/OceanKitRepositories/chebfun/@classicfun/isequal.m,M-function,6822,0.175843375311499,0.0847743751501744,0.091069000161325,2.57759271931251e-05,1.3349311076125e-05,0.51789838542396,0,0,1,1,2,0,1,0
"/Users/jearly/Documents/OceanKitRepositories/chebfun/@chebtech/isequal.m>isequal","chebtech.isequal",/Users/jearly/Documents/OceanKitRepositories/chebfun/@chebtech/isequal.m,M-function,6822,0.0847743751501744,0,0.0847743751501744,1.24266161170001e-05,1.24266161170001e-05,1,1,0,0,1,3,0,1,0
"/Users/jearly/Documents/OceanKitRepositories/chebfun/@chebfun/isequal.m>columnIsequal","chebfun.isequal>columnIsequal",/Users/jearly/Documents/OceanKitRepositories/chebfun/@chebfun/isequal.m,M-subfunction,6822,0.199609833686934,0.175843375311499,0.0237664583754347,2.92597234955928e-05,3.4837963024677e-06,0.119064566792384,0,0,1,1,11,0,1,0
"/Users/jearly/Documents/OceanKitRepositories/oceankit-internal-modes-beta7/InternalModes-2.0.0-beta.7/@IMBasisCollection/evaluateChunks.m>@(g)g.derivativeOrder==nativeOrder&&g.nPolynomials==nPolynomials&&isequal(g.solver,basis.solver)","IMBasisCollection.evaluateChunks>@(g)g.derivativeOrder==nativeOrder&&g.nPolynomials==nPolynomials&&isequal(g.solver,basis.solver)",/Users/jearly/Documents/OceanKitRepositories/oceankit-internal-modes-beta7/InternalModes-2.0.0-beta.7/@IMBasisCollection/evaluateChunks.m,M-anonymous-function,1136,0.788781001397294,0.707590584586801,0.0811904168104922,0.000694349473060998,7.14704373331798e-05,0.10293150654829,0,0,1,1,0,0,0,1
"/Users/jearly/Documents/OceanKitRepositories/wvm-v5-construction-optimization/+WVInternal/prepareWaveModeConvergenceBatches.m>@(group)group.nPolynomials==nPolynomials&&isequal(group.solver,basis.solver)","prepareWaveModeConvergenceBatches>@(group)group.nPolynomials==nPolynomials&&isequal(group.solver,basis.solver)",/Users/jearly/Documents/OceanKitRepositories/wvm-v5-construction-optimization/+WVInternal/prepareWaveModeConvergenceBatches.m,M-anonymous-function,1138,0.771566001366798,0.681741959541012,0.0898240418257863,0.000678001758670297,7.89314954532393e-05,0.11641783290952,0,0,1,1,0,0,0,1
"/Users/jearly/Documents/OceanKitRepositories/oceankit-internal-modes-beta7/InternalModes-2.0.0-beta.7/@IMBasisCollection/evaluate.m>evaluate/acceptChunk","IMBasisCollection.evaluate>acceptChunk",/Users/jearly/Documents/OceanKitRepositories/oceankit-internal-modes-beta7/InternalModes-2.0.0-beta.7/@IMBasisCollection/evaluate.m,M-nested-function,1,1.483333335961e-05,0,1.483333335961e-05,1.483333335961e-05,1.483333335961e-05,1,1,0,0,1,2,0,0,1
"/Users/jearly/Documents/OceanKitRepositories/wvm-v5-construction-optimization/+WVInternal/buildFreeSurfaceWaveState.m>buildFreeSurfaceWaveState/acceptWaveF","buildFreeSurfaceWaveState>acceptWaveF",/Users/jearly/Documents/OceanKitRepositories/wvm-v5-construction-optimization/+WVInternal/buildFreeSurfaceWaveState.m,M-nested-function,36,0.00110250000195303,0,0.00110250000195303,3.06250000542509e-05,3.06250000542509e-05,1,1,0,0,1,2,0,0,1
"/Users/jearly/Documents/OceanKitRepositories/wvm-v5-construction-optimization/+WVInternal/buildFreeSurfaceWaveState.m>buildFreeSurfaceWaveState/acceptWaveG","buildFreeSurfaceWaveState>acceptWaveG",/Users/jearly/Documents/OceanKitRepositories/wvm-v5-construction-optimization/+WVInternal/buildFreeSurfaceWaveState.m,M-nested-function,36,0.00126262500223669,0,0.00126262500223669,3.50729167287969e-05,3.50729167287969e-05,1,1,0,0,1,2,0,0,1
"/Users/jearly/Documents/OceanKitRepositories/wvm-v5-construction-optimization/+WVInternal/prepareWaveModeConvergenceBatches.m>validateKappa","prepareWaveModeConvergenceBatches>validateKappa",/Users/jearly/Documents/OceanKitRepositories/wvm-v5-construction-optimization/+WVInternal/prepareWaveModeConvergenceBatches.m,M-subfunction,2,8.05000001426025e-05,0,8.05000001426025e-05,4.02500000713012e-05,4.02500000713012e-05,1,1,0,0,1,3,0,0,1
"/Users/jearly/Documents/OceanKitRepositories/wvm-v5-construction-optimization/+WVInternal/prepareWaveModeConvergenceBatches.m>isFastWaveBasis","prepareWaveModeConvergenceBatches>isFastWaveBasis",/Users/jearly/Documents/OceanKitRepositories/wvm-v5-construction-optimization/+WVInternal/prepareWaveModeConvergenceBatches.m,M-subfunction,1140,0.0111377083530633,0,0.0111377083530633,9.76991960795029e-06,9.76991960795029e-06,1,1,0,0,1,4,0,0,1
"/Users/jearly/Documents/OceanKitRepositories/wvm-v5-construction-optimization/+WVInternal/prepareWaveModeConvergenceBatches.m>@(iBasis)size(collection.bases{iBasis}.nativeModes,2)","prepareWaveModeConvergenceBatches>@(iBasis)size(collection.bases{iBasis}.nativeModes,2)",/Users/jearly/Documents/OceanKitRepositories/wvm-v5-construction-optimization/+WVInternal/prepareWaveModeConvergenceBatches.m,M-anonymous-function,1140,0.00249304167108299,0,0.00249304167108299,2.18687865884473e-06,2.18687865884473e-06,1,1,0,0,1,0,0,0,1
"/Users/jearly/Documents/OceanKitRepositories/wvm-v5-construction-optimization/+WVInternal/prepareWaveModeConvergenceBatches.m>basePreparation","prepareWaveModeConvergenceBatches>basePreparation",/Users/jearly/Documents/OceanKitRepositories/wvm-v5-construction-optimization/+WVInternal/prepareWaveModeConvergenceBatches.m,M-subfunction,1140,0.0318559583897649,0,0.0318559583897649,2.79438231489166e-05,2.79438231489166e-05,1,1,0,0,1,4,0,0,1
"/Users/jearly/Documents/OceanKitRepositories/wvm-v5-construction-optimization/+WVInternal/selectFreeSurfaceWaveCounts.m>limitReport","selectFreeSurfaceWaveCounts>limitReport",/Users/jearly/Documents/OceanKitRepositories/wvm-v5-construction-optimization/+WVInternal/selectFreeSurfaceWaveCounts.m,M-subfunction,570,0.0091452083495337,0,0.0091452083495337,1.60442251746205e-05,1.60442251746205e-05,1,1,0,0,1,17,0,0,1
"/Users/jearly/Documents/OceanKitRepositories/wvm-v5-construction-optimization/@WVTransformFreeSurfaceBoussinesq/WVTransformFreeSurfaceBoussinesq.m>WVTransformFreeSurfaceBoussinesq.geometryStateNames","WVTransformFreeSurfaceBoussinesq.WVTransformFreeSurfaceBoussinesq>WVTransformFreeSurfaceBoussinesq.geometryStateNames",/Users/jearly/Documents/OceanKitRepositories/wvm-v5-construction-optimization/@WVTransformFreeSurfaceBoussinesq/WVTransformFreeSurfaceBoussinesq.m,M-method,1,3.54166667294059e-06,0,3.54166667294059e-06,3.54166667294059e-06,3.54166667294059e-06,1,1,0,0,1,2,0,0,1
"/Users/jearly/Documents/OceanKitRepositories/wvm-v5-construction-optimization/@WVStratification/WVStratification.m>WVStratification.namesOfRequiredPropertiesForStratification","WVStratification.WVStratification>WVStratification.namesOfRequiredPropertiesForStratification",/Users/jearly/Documents/OceanKitRepositories/wvm-v5-construction-optimization/@WVStratification/WVStratification.m,M-method,1,0.00091362500161845,0.000845833334831693,6.77916667867569e-05,0.00091362500161845,6.77916667867569e-05,0.074200757057509,0,0,2,1,3,0,0,1
"/Users/jearly/Documents/OceanKitRepositories/wvm-v5-construction-optimization/WVRotatingFPlane.m>WVRotatingFPlane.namesOfRequiredPropertiesForRotatingFPlane","WVRotatingFPlane>WVRotatingFPlane.namesOfRequiredPropertiesForRotatingFPlane",/Users/jearly/Documents/OceanKitRepositories/wvm-v5-construction-optimization/WVRotatingFPlane.m,M-method,1,4.45833334123109e-06,0,4.45833334123109e-06,4.45833334123109e-06,4.45833334123109e-06,1,1,0,0,1,2,0,0,1
"/Applications/MATLAB_R2026a.app/toolbox/matlab/ops/@cell/union.m>union","cell.union",/Applications/MATLAB_R2026a.app/toolbox/matlab/ops/@cell/union.m,M-function,1,0.000841375001490462,0.000762333334683776,7.90416668066858e-05,0.000841375001490462,7.90416668066858e-05,0.0939434457485267,0,0,1,1,10,0,1,0
"/Users/jearly/Documents/OceanKitRepositories/wvm-v5-construction-optimization/WVRotatingFPlane.m>WVRotatingFPlane.WVRotatingFPlane","WVRotatingFPlane>WVRotatingFPlane.WVRotatingFPlane",/Users/jearly/Documents/OceanKitRepositories/wvm-v5-construction-optimization/WVRotatingFPlane.m,M-method,1,0.000393916667364474,0,0.000393916667364474,0.000393916667364474,0.000393916667364474,1,1,0,0,1,11,0,0,1
"/Users/jearly/Documents/OceanKitRepositories/wvm-v5-construction-optimization/+WVInternal/resolveFreeSurfaceInputs.m>@(z)densityFromStratification(z,N2Function,options.rho0,options.g)","resolveFreeSurfaceInputs>@(z)densityFromStratification(z,N2Function,options.rho0,options.g)",/Users/jearly/Documents/OceanKitRepositories/wvm-v5-construction-optimization/+WVInternal/resolveFreeSurfaceInputs.m,M-anonymous-function,1,0.021089208370692,0.0210566667039677,3.25416667243117e-05,0.021089208370692,3.25416667243117e-05,0.00154304828101255,0,0,1,1,0,0,0,1
"/Users/jearly/Documents/OceanKitRepositories/wvm-v5-construction-optimization/WVForcing.m>WVForcing.spatialFluxTypes","WVForcing>WVForcing.spatialFluxTypes",/Users/jearly/Documents/OceanKitRepositories/wvm-v5-construction-optimization/WVForcing.m,M-method,1,2.14166667046054e-05,0,2.14166667046054e-05,2.14166667046054e-05,2.14166667046054e-05,1,1,0,0,1,2,0,0,1
"/Applications/MATLAB_R2026a.app/toolbox/matlab/ops/intersect.m>intersect","intersect",/Applications/MATLAB_R2026a.app/toolbox/matlab/ops/intersect.m,M-function,9,0.00939004168330074,0.00669666667852954,0.0026933750047712,0.00104333796481119,0.000299263889419023,0.286833125518612,0,0,1,2,21,0,1,0
"/Users/jearly/Documents/OceanKitRepositories/wvm-v5-construction-optimization/@WVTransform/clearVariableCacheOfApAmA0DependentVariables.m>clearVariableCacheOfApAmA0DependentVariables","WVTransform.clearVariableCacheOfApAmA0DependentVariables",/Users/jearly/Documents/OceanKitRepositories/wvm-v5-construction-optimization/@WVTransform/clearVariableCacheOfApAmA0DependentVariables.m,M-function,6,0.00446804167458162,0.00330912500586198,0.00115891666871964,0.00074467361243027,0.00019315277811994,0.259379109042925,0,0,1,6,2,0,0,1
"/Users/jearly/Documents/OceanKitRepositories/wvm-v5-construction-optimization/WVForcing.m>WVForcing.spectralFluxTypes","WVForcing>WVForcing.spectralFluxTypes",/Users/jearly/Documents/OceanKitRepositories/wvm-v5-construction-optimization/WVForcing.m,M-method,1,2.0333333369353e-05,0,2.0333333369353e-05,2.0333333369353e-05,2.0333333369353e-05,1,1,0,0,1,2,0,0,1
"/Users/jearly/Documents/OceanKitRepositories/wvm-v5-construction-optimization/WVForcing.m>WVForcing.spectralAmplitudeTypes","WVForcing>WVForcing.spectralAmplitudeTypes",/Users/jearly/Documents/OceanKitRepositories/wvm-v5-construction-optimization/WVForcing.m,M-method,1,1.80416666986267e-05,0,1.80416666986267e-05,1.80416666986267e-05,1.80416666986267e-05,1,1,0,0,1,2,0,0,1
"/Users/jearly/Documents/OceanKitRepositories/wvm-v5-construction-optimization/@WVTransformFreeSurfaceBoussinesq/WVTransformFreeSurfaceBoussinesq.m>WVTransformFreeSurfaceBoussinesq.get.activeWaveModes","WVTransformFreeSurfaceBoussinesq.WVTransformFreeSurfaceBoussinesq>WVTransformFreeSurfaceBoussinesq.get.activeWaveModes",/Users/jearly/Documents/OceanKitRepositories/wvm-v5-construction-optimization/@WVTransformFreeSurfaceBoussinesq/WVTransformFreeSurfaceBoussinesq.m,M-method,2,0.000407375000721648,0,0.000407375000721648,0.000203687500360824,0.000203687500360824,1,1,0,0,1,1,0,0,1
"/Users/jearly/Documents/OceanKitRepositories/wvm-v5-construction-optimization/@WVTransformFreeSurfaceBoussinesq/WVTransformFreeSurfaceBoussinesq.m>WVTransformFreeSurfaceBoussinesq.set.Aw_p","WVTransformFreeSurfaceBoussinesq.WVTransformFreeSurfaceBoussinesq>WVTransformFreeSurfaceBoussinesq.set.Aw_p",/Users/jearly/Documents/OceanKitRepositories/wvm-v5-construction-optimization/@WVTransformFreeSurfaceBoussinesq/WVTransformFreeSurfaceBoussinesq.m,M-method,1,0.0029215833385088,0.00262675000465318,0.000294833333855618,0.0029215833385088,0.000294833333855618,0.100915599418124,0,0,2,1,4,0,0,1
"/Users/jearly/Documents/OceanKitRepositories/wvm-v5-construction-optimization/@WVTransformFreeSurfaceBoussinesq/WVTransformFreeSurfaceBoussinesq.m>WVTransformFreeSurfaceBoussinesq.set.Aw_m","WVTransformFreeSurfaceBoussinesq.WVTransformFreeSurfaceBoussinesq>WVTransformFreeSurfaceBoussinesq.set.Aw_m",/Users/jearly/Documents/OceanKitRepositories/wvm-v5-construction-optimization/@WVTransformFreeSurfaceBoussinesq/WVTransformFreeSurfaceBoussinesq.m,M-method,1,0.00152125000269483,0.00144683333589634,7.44166667984928e-05,0.00152125000269483,7.44166667984928e-05,0.0489181046288688,0,0,2,1,4,0,0,1
"/Users/jearly/Documents/OceanKitRepositories/wvm-v5-construction-optimization/@WVTransformFreeSurfaceBoussinesq/WVTransformFreeSurfaceBoussinesq.m>WVTransformFreeSurfaceBoussinesq.set.Ag_q","WVTransformFreeSurfaceBoussinesq.WVTransformFreeSurfaceBoussinesq>WVTransformFreeSurfaceBoussinesq.set.Ag_q",/Users/jearly/Documents/OceanKitRepositories/wvm-v5-construction-optimization/@WVTransformFreeSurfaceBoussinesq/WVTransformFreeSurfaceBoussinesq.m,M-method,1,0.000832916668142145,0.000766083334690419,6.68333334517258e-05,0.000832916668142145,6.68333334517258e-05,0.08024012006003,0,0,2,1,4,0,0,1
"/Users/jearly/Documents/OceanKitRepositories/wvm-v5-construction-optimization/@WVTransformFreeSurfaceBoussinesq/WVTransformFreeSurfaceBoussinesq.m>WVTransformFreeSurfaceBoussinesq.set.Ag_0","WVTransformFreeSurfaceBoussinesq.WVTransformFreeSurfaceBoussinesq>WVTransformFreeSurfaceBoussinesq.set.Ag_0",/Users/jearly/Documents/OceanKitRepositories/wvm-v5-construction-optimization/@WVTransformFreeSurfaceBoussinesq/WVTransformFreeSurfaceBoussinesq.m,M-method,1,0.000835625001480276,0.000770458334698169,6.51666667821068e-05,0.000835625001480276,6.51666667821068e-05,0.0779855397656445,0,0,2,1,4,0,0,1
"/Users/jearly/Documents/OceanKitRepositories/wvm-v5-construction-optimization/@WVTransformFreeSurfaceBoussinesq/WVTransformFreeSurfaceBoussinesq.m>WVTransformFreeSurfaceBoussinesq.set.Aio","WVTransformFreeSurfaceBoussinesq.WVTransformFreeSurfaceBoussinesq>WVTransformFreeSurfaceBoussinesq.set.Aio",/Users/jearly/Documents/OceanKitRepositories/wvm-v5-construction-optimization/@WVTransformFreeSurfaceBoussinesq/WVTransformFreeSurfaceBoussinesq.m,M-method,1,0.000841791668157866,0.00077575000137421,6.60416667836567e-05,0.000841791668157866,6.60416667836567e-05,0.0784536949957926,0,0,2,1,4,0,0,1
"/Users/jearly/Documents/OceanKitRepositories/wvm-v5-construction-optimization/@WVTransformFreeSurfaceBoussinesq/WVTransformFreeSurfaceBoussinesq.m>WVTransformFreeSurfaceBoussinesq.set.Amda","WVTransformFreeSurfaceBoussinesq.WVTransformFreeSurfaceBoussinesq>WVTransformFreeSurfaceBoussinesq.set.Amda",/Users/jearly/Documents/OceanKitRepositories/wvm-v5-construction-optimization/@WVTransformFreeSurfaceBoussinesq/WVTransformFreeSurfaceBoussinesq.m,M-method,1,0.000508458334234047,0.000441875000782764,6.6583333451283e-05,0.000508458334234047,6.6583333451283e-05,0.130951405392117,0,0,2,1,4,0,0,1
"/Users/jearly/Documents/OceanKitRepositories/wvm-v5-construction-optimization/@WVTransformFreeSurfaceBoussinesq/WVTransformFreeSurfaceBoussinesq.m>WVTransformFreeSurfaceBoussinesq.namesOfTransformVariables","WVTransformFreeSurfaceBoussinesq.WVTransformFreeSurfaceBoussinesq>WVTransformFreeSurfaceBoussinesq.namesOfTransformVariables",/Users/jearly/Documents/OceanKitRepositories/wvm-v5-construction-optimization/@WVTransformFreeSurfaceBoussinesq/WVTransformFreeSurfaceBoussinesq.m,M-method,14,4.9916666755092e-05,0,4.9916666755092e-05,3.56547619679229e-06,3.56547619679229e-06,1,1,0,0,3,2,0,0,1
"/Users/jearly/Documents/OceanKitRepositories/wvm-v5-construction-optimization/@WVTransform/addOperation.m>operationsAbsentFrom","WVTransform.addOperation>operationsAbsentFrom",/Users/jearly/Documents/OceanKitRepositories/wvm-v5-construction-optimization/@WVTransform/addOperation.m,M-subfunction,14,0.003065083338763,0.000357125000632632,0.00270795833813037,0.000218934524197357,0.000193425595580741,0.883486038987521,0,0,1,1,12,0,0,1
"/Users/jearly/Documents/OceanKitRepositories/wvm-v5-construction-optimization/@WVTransform/addOperation.m>@(other)other==candidate","WVTransform.addOperation>@(other)other==candidate",/Users/jearly/Documents/OceanKitRepositories/wvm-v5-construction-optimization/@WVTransform/addOperation.m,M-anonymous-function,224,0.000357125000632632,0,0.000357125000632632,1.59430803853854e-06,1.59430803853854e-06,1,1,0,0,1,0,0,0,1
"/Users/jearly/Documents/OceanKitRepositories/wvm-v5-construction-optimization/@WVTransform/addOperation.m>@(operation)operation.nVarOut","WVTransform.addOperation>@(operation)operation.nVarOut",/Users/jearly/Documents/OceanKitRepositories/wvm-v5-construction-optimization/@WVTransform/addOperation.m,M-anonymous-function,7,0.000119166666877766,0,0.000119166666877766,1.70238095539665e-05,1.70238095539665e-05,1,1,0,0,1,0,0,0,1
"/Users/jearly/Documents/OceanKitRepositories/wvm-v5-construction-optimization/@WVTransform/removeFromVariableCache.m>removeFromVariableCache","WVTransform.removeFromVariableCache",/Users/jearly/Documents/OceanKitRepositories/wvm-v5-construction-optimization/@WVTransform/removeFromVariableCache.m,M-function,99,0.00140587500249045,0,0.00140587500249045,1.42007576009136e-05,1.42007576009136e-05,1,1,0,0,1,3,0,0,1
"/Applications/MATLAB_R2026a.app/toolbox/matlab/datatypes/dictionary/+matlab/+internal/+dictionary/sliceArray.m>sliceArray","sliceArray",/Applications/MATLAB_R2026a.app/toolbox/matlab/datatypes/dictionary/+matlab/+internal/+dictionary/sliceArray.m,M-function,99,0.00187637500332392,0,0.00187637500332392,1.89532828618578e-05,1.89532828618578e-05,1,1,0,0,1,12,0,1,0
"/Applications/MATLAB_R2026a.app/toolbox/matlab/ops/@cell/ismember.m>ismember","cell.ismember",/Applications/MATLAB_R2026a.app/toolbox/matlab/ops/@cell/ismember.m,M-function,6,0.000702166667910527,0,0.000702166667910527,0.000117027777985088,0.000117027777985088,1,1,0,0,1,13,0,1,0
"/Users/jearly/Documents/OceanKitRepositories/wvm-v5-construction-optimization/tools/quadratic-dealiasing-study/measureDealiasingConstruction.m>measureDealiasingConstruction/construct","measureDealiasingConstruction>construct",/Users/jearly/Documents/OceanKitRepositories/wvm-v5-construction-optimization/tools/quadratic-dealiasing-study/measureDealiasingConstruction.m,M-nested-function,1,23.4675799165719,23.4674333332383,0.000146583333595629,23.4675799165719,0.000146583333595629,6.2462057918515e-06,0,0,1,1,5,0,0,1
"/Users/jearly/Documents/OceanKitRepositories/wvm-v5-construction-optimization/tools/quadratic-dealiasing-study/measureDealiasingConstruction.m>@()construct(policy)","measureDealiasingConstruction>@()construct(policy)",/Users/jearly/Documents/OceanKitRepositories/wvm-v5-construction-optimization/tools/quadratic-dealiasing-study/measureDealiasingConstruction.m,M-anonymous-function,1,23.4676101665719,23.4675799165719,3.02500000515238e-05,23.4676101665719,3.02500000515238e-05,1.28901067628151e-06,0,0,1,1,0,0,0,1
"/Users/jearly/Documents/OceanKitRepositories/OceanKit/tools/profiling/profileCodeHotspots.m>profileCodeHotspots","profileCodeHotspots",/Users/jearly/Documents/OceanKitRepositories/OceanKit/tools/profiling/profileCodeHotspots.m,M-function,1,23.4768055832549,23.4676101665719,0.0091954166829602,23.4768055832549,0.0091954166829602,0.000391680914609564,0,0,1,1,5,0,1,0
"/Users/jearly/Documents/OceanKitRepositories/wvm-v5-construction-optimization/tools/quadratic-dealiasing-study/measureDealiasingConstruction.m>measureDealiasingConstruction","measureDealiasingConstruction",/Users/jearly/Documents/OceanKitRepositories/wvm-v5-construction-optimization/tools/quadratic-dealiasing-study/measureDealiasingConstruction.m,M-function,1,23.4768438332549,23.4768055832549,3.82500000633001e-05,23.4768438332549,3.82500000633001e-05,1.62926500405983e-06,0,0,1,0,0,0,0,1
