triple,inputA,inputB,output,channel,error,modeA,modeB,referenceStability,eigenConvergence,gramError,productCount
1,wave,wave,wave,F*G->G,0.389207995373558,8,8,2.60018743071921e-15,1.32795212962528e-11,0.000781377983950812,64
1,wave,wave,wave,G*dG->G,0.38920815474234,8,8,1.64834029414142e-15,1.32795212962528e-11,0.000781377983950812,64
1,wave,wave,apv,G*dF->F,0.0085823453483272,8,7,1.36226901870609e-15,1.66950581942882e-11,2.12126980544059e-07,64
1,wave,wave,apv,F*F->F,0.00858191883035743,8,7,1.71191990799999e-15,1.66950581942882e-11,2.12126980544059e-07,64
1,wave,wave,apv,G*G->F,0.0085823453483272,8,7,1.77395449294196e-15,1.66950581942882e-11,2.12126980544059e-07,64
1,wave,apv,wave,F*G->G,0.00398389350213743,8,3,5.3636806685492e-16,1.66950581942882e-11,0.000781377983950812,32
1,wave,apv,wave,G*dG->G,0.00915452215693557,8,3,1.86629470115441e-15,1.66950581942882e-11,0.000781377983950812,32
1,wave,apv,apv,G*dF->F,0.000284278309846169,8,3,1.7388781668074e-15,1.66950581942882e-11,2.12126980544059e-07,32
1,wave,apv,apv,F*F->F,0.000283975264209622,8,3,1.76080546052675e-15,1.66950581942882e-11,2.12126980544059e-07,32
1,wave,apv,apv,G*G->F,0.00028427830984631,8,3,2.0477513517588e-15,1.66950581942882e-11,2.12126980544059e-07,32
1,apv,wave,wave,F*G->G,0.00915451993678214,3,8,1.46035192623995e-15,1.66950581942882e-11,0.000781377983950812,32
1,apv,wave,wave,G*dG->G,0.00398389332107833,3,8,7.23084767390374e-16,1.66950581942882e-11,0.000781377983950812,32
1,apv,wave,apv,G*dF->F,0.000284278343921602,3,8,1.71741539984198e-15,1.66950581942882e-11,2.12126980544059e-07,32
1,apv,wave,apv,F*F->F,0.000283975278845162,3,8,1.84017545833832e-15,1.66950581942882e-11,2.12126980544059e-07,32
1,apv,wave,apv,G*G->F,0.000284278343921704,3,8,1.47038251387397e-15,1.66950581942882e-11,2.12126980544059e-07,32
1,wave,boundary,wave,F*G->G,0.000186827900116176,1,2,2.91108602108436e-16,5.73681637978046e-11,0.000781377983950812,16
1,wave,boundary,wave,G*dG->G,0.00128263289322525,8,2,4.12060303264816e-15,5.73681637978046e-11,0.000781377983950812,16
1,wave,boundary,apv,G*dF->F,0.0011162253998408,2,1,2.63342682576221e-15,5.73681637978046e-11,2.12126980544059e-07,16
1,wave,boundary,apv,F*F->F,0.000146764726217933,1,1,1.77635683940025e-15,5.73681637978046e-11,2.12126980544059e-07,16
1,wave,boundary,apv,G*G->F,0.001116225399841,2,1,2.6462351625356e-15,5.73681637978046e-11,2.12126980544059e-07,16
1,boundary,wave,wave,F*G->G,0.00191037447559307,2,1,2.37060975435693e-14,4.31900125512261e-10,0.000781377983950812,16
1,boundary,wave,wave,G*dG->G,0.00271196759942238,2,8,3.07189421211074e-16,4.31900125512261e-10,0.000781377983950812,16
1,boundary,wave,apv,G*dF->F,0.0316263819907223,1,2,1.33475990708426e-14,4.31900125512261e-10,2.12126980544059e-07,16
1,boundary,wave,apv,F*F->F,0.00645350376760668,1,1,3.77475828372553e-15,4.31900125512261e-10,2.12126980544059e-07,16
1,boundary,wave,apv,G*G->F,0.0316263819907222,1,2,1.29517321089304e-14,4.31900125512261e-10,2.12126980544059e-07,16
1,apv,boundary,wave,F*G->G,0.000172234092572131,-1,2,2.29185204975158e-16,5.73681637978046e-11,0.000781377983950812,8
1,apv,boundary,wave,G*dG->G,0.00180831523311118,3,2,1.13678199273733e-15,5.73681637978046e-11,0.000781377983950812,8
1,apv,boundary,apv,G*dF->F,0.00107340585149293,3,2,1.55431223447522e-15,5.73681637978046e-11,2.12126980544059e-07,8
1,apv,boundary,apv,F*F->F,0.000143145267186477,-1,1,1.77635683940025e-15,5.73681637978046e-11,2.12126980544059e-07,8
1,apv,boundary,apv,G*G->F,0.00107340585149297,3,2,1.55431223447522e-15,5.73681637978046e-11,2.12126980544059e-07,8
2,wave,wave,wave,F*G->G,0.389208035462828,8,8,1.4553189520158e-15,1.32795212962528e-11,0.000781377838735263,64
2,wave,wave,wave,G*dG->G,0.389208075142951,8,8,1.74230893791144e-15,1.32795212962528e-11,0.000781377838735263,64
2,wave,wave,apv,G*dF->F,0.00858233680954237,8,7,1.58335201913045e-15,1.66950581942882e-11,2.12126980544059e-07,64
2,wave,wave,apv,F*F->F,0.0085819111079996,8,7,1.42237649347143e-15,1.66950581942882e-11,2.12126980544059e-07,64
2,wave,wave,apv,G*G->F,0.00858233680954222,8,7,1.48631750591456e-15,1.66950581942882e-11,2.12126980544059e-07,64
2,wave,apv,wave,F*G->G,0.00398389216585671,8,3,5.38168558257213e-16,1.66950581942882e-11,0.000781377838735263,32
2,wave,apv,wave,G*dG->G,0.00915452184864693,8,3,1.45326695615129e-15,1.66950581942882e-11,0.000781377838735263,32
2,wave,apv,apv,G*dF->F,0.000284278309846169,8,3,1.7388781668074e-15,1.66950581942882e-11,2.12126980544059e-07,32
2,wave,apv,apv,F*F->F,0.000283975264209622,8,3,1.76080546052675e-15,1.66950581942882e-11,2.12126980544059e-07,32
2,wave,apv,apv,G*G->F,0.00028427830984631,8,3,2.0477513517588e-15,1.66950581942882e-11,2.12126980544059e-07,32
2,apv,wave,wave,F*G->G,0.00915452129572235,3,8,1.41930470549371e-15,1.66950581942882e-11,0.000781377838735263,32
2,apv,wave,wave,G*dG->G,0.00398389212069664,3,8,6.52232083833982e-16,1.66950581942882e-11,0.000781377838735263,32
2,apv,wave,apv,G*dF->F,0.000284278318343917,3,8,1.60243156949077e-15,1.66950581942882e-11,2.12126980544059e-07,32
2,apv,wave,apv,F*F->F,0.000283975267861407,3,8,1.99479308708618e-15,1.66950581942882e-11,2.12126980544059e-07,32
2,apv,wave,apv,G*G->F,0.000284278318343742,3,8,9.94606953822137e-16,1.66950581942882e-11,2.12126980544059e-07,32
2,wave,boundary,wave,F*G->G,0.00232721085393864,8,2,3.33066907387547e-16,1.15214716928833e-10,0.000781377838735263,16
2,wave,boundary,wave,G*dG->G,0.00399881312977527,8,2,2.13545005267043e-14,1.15214716928833e-10,0.000781377838735263,16
2,wave,boundary,apv,G*dF->F,0.0232415279598164,2,1,1.18749807375291e-14,1.15214716928833e-10,2.12126980544059e-07,16
2,wave,boundary,apv,F*F->F,0.00443344002189898,1,1,3.33066907387547e-15,1.15214716928833e-10,2.12126980544059e-07,16
2,wave,boundary,apv,G*G->F,0.0232415279598165,2,1,1.23385878742696e-14,1.15214716928833e-10,2.12126980544059e-07,16
2,boundary,wave,wave,F*G->G,0.00191037718631146,2,1,2.5211656826855e-14,4.31900125512261e-10,0.000781377838735263,16
2,boundary,wave,wave,G*dG->G,0.00271196752288482,2,8,3.19057028571882e-16,4.31900125512261e-10,0.000781377838735263,16
2,boundary,wave,apv,G*dF->F,0.0310488529918314,1,2,1.49636043376368e-14,4.31900125512261e-10,2.12126980544059e-07,16
2,boundary,wave,apv,F*F->F,0.00656591741933405,1,1,3.99680288865056e-15,4.31900125512261e-10,2.12126980544059e-07,16
2,boundary,wave,apv,G*G->F,0.0310488529918316,1,2,1.48287078279177e-14,4.31900125512261e-10,2.12126980544059e-07,16
2,apv,boundary,wave,F*G->G,0.00212098015088044,3,2,3.92972920501459e-16,1.15214716928833e-10,0.000781377838735263,8
2,apv,boundary,wave,G*dG->G,0.00550164117760971,3,2,2.04316119340364e-15,1.15214716928833e-10,0.000781377838735263,8
2,apv,boundary,apv,G*dF->F,0.0164519677807785,3,2,2.88657986402541e-15,1.15214716928833e-10,2.12126980544059e-07,8
2,apv,boundary,apv,F*F->F,0.00440019526064693,-1,1,3.5527136788005e-15,1.15214716928833e-10,2.12126980544059e-07,8
2,apv,boundary,apv,G*G->F,0.0164519677807785,3,2,3.10862446895044e-15,1.15214716928833e-10,2.12126980544059e-07,8
3,wave,wave,wave,F*G->G,0.389207992502439,8,8,1.98123686484788e-15,1.34767072184033e-11,0.000781377838735263,64
3,wave,wave,wave,G*dG->G,0.389208111866562,8,8,2.19980750638826e-15,1.34767072184033e-11,0.000781377838735263,64
3,wave,wave,apv,G*dF->F,0.00858234249575678,8,7,1.77898130581206e-15,1.66950581942882e-11,2.12126980544059e-07,64
3,wave,wave,apv,F*F->F,0.00858191625053689,8,7,1.67707634366945e-15,1.66950581942882e-11,2.12126980544059e-07,64
3,wave,wave,apv,G*G->F,0.00858234249575696,8,7,1.63863403946227e-15,1.66950581942882e-11,2.12126980544059e-07,64
3,wave,apv,wave,F*G->G,0.00398389216585671,8,3,5.38168558257213e-16,1.66950581942882e-11,0.000781377838735263,32
3,wave,apv,wave,G*dG->G,0.00915452184864693,8,3,1.45326695615129e-15,1.66950581942882e-11,0.000781377838735263,32
3,wave,apv,apv,G*dF->F,0.000284278309846169,8,3,1.7388781668074e-15,1.66950581942882e-11,2.12126980544059e-07,32
3,wave,apv,apv,F*F->F,0.000283975264209622,8,3,1.76080546052675e-15,1.66950581942882e-11,2.12126980544059e-07,32
3,wave,apv,apv,G*G->F,0.00028427830984631,8,3,2.0477513517588e-15,1.66950581942882e-11,2.12126980544059e-07,32
3,apv,wave,wave,F*G->G,0.00915452018566499,3,8,1.65424831877976e-15,1.66950581942882e-11,0.000781377838735263,32
3,apv,wave,wave,G*dG->G,0.00398389203017138,3,8,6.13168638875148e-16,1.66950581942882e-11,0.000781377838735263,32
3,apv,wave,apv,G*dF->F,0.000284278335381355,3,8,1.73842211706483e-15,1.66950581942882e-11,2.12126980544059e-07,32
3,apv,wave,apv,F*F->F,0.000283975275178218,3,8,1.56202631486951e-15,1.66950581942882e-11,2.12126980544059e-07,32
3,apv,wave,apv,G*G->F,0.000284278335381534,3,8,1.22660347776475e-15,1.66950581942882e-11,2.12126980544059e-07,32
3,wave,boundary,wave,F*G->G,0.000823393419478039,1,2,2.22044604925031e-16,1.59122271709527e-11,0.000781377838735263,16
3,wave,boundary,wave,G*dG->G,0.00402308531264683,8,2,1.00412788001138e-14,1.59122271709527e-11,0.000781377838735263,16
3,wave,boundary,apv,G*dF->F,0.00640661179401874,2,1,5.12344451107186e-15,1.66950581942882e-11,2.12126980544059e-07,16
3,wave,boundary,apv,F*F->F,0.000972937260997113,1,1,2.44249065417534e-15,1.66950581942882e-11,2.12126980544059e-07,16
3,wave,boundary,apv,G*G->F,0.00640661179401877,2,1,6.22295526078928e-15,1.66950581942882e-11,2.12126980544059e-07,16
3,boundary,wave,wave,F*G->G,0.00191037536271309,2,1,2.42332860127174e-14,4.31900125512261e-10,0.000781377838735263,16
3,boundary,wave,wave,G*dG->G,0.00271196753975927,2,8,4.44089209850063e-16,4.31900125512261e-10,0.000781377838735263,16
3,boundary,wave,apv,G*dF->F,0.0314191228329025,1,2,1.36146680332352e-14,4.31900125512261e-10,2.12126980544059e-07,16
3,boundary,wave,apv,F*F->F,0.0064975068924996,1,1,3.77475828372553e-15,4.31900125512261e-10,2.12126980544059e-07,16
3,boundary,wave,apv,G*G->F,0.0314191228329023,1,2,1.35561743748125e-14,4.31900125512261e-10,2.12126980544059e-07,16
3,apv,boundary,wave,F*G->G,0.000790334056598897,-1,2,3.32833001589328e-16,1.66950581942882e-11,0.000781377838735263,8
3,apv,boundary,wave,G*dG->G,0.00479678562180875,3,2,1.43118775564034e-15,1.66950581942882e-11,0.000781377838735263,8
3,apv,boundary,apv,G*dF->F,0.00563338975007335,3,2,2.22044604925031e-15,1.66950581942882e-11,2.12126980544059e-07,8
3,apv,boundary,apv,F*F->F,0.000959249928611195,-1,1,2.44249065417534e-15,1.66950581942882e-11,2.12126980544059e-07,8
3,apv,boundary,apv,G*G->F,0.00563338975007337,3,2,2.44249065417534e-15,1.66950581942882e-11,2.12126980544059e-07,8
4,wave,wave,wave,F*G->G,0.389208044429962,8,8,1.99672095970259e-15,1.34767072184033e-11,0.000781378275008409,64
4,wave,wave,wave,G*dG->G,0.38920820379883,8,8,1.76099695930883e-15,1.34767072184033e-11,0.000781378275008409,64
4,wave,wave,apv,G*dF->F,0.0085823453483272,8,7,1.36226901870609e-15,1.66950581942882e-11,2.12126980544059e-07,64
4,wave,wave,apv,F*F->F,0.00858191883035743,8,7,1.71191990799999e-15,1.66950581942882e-11,2.12126980544059e-07,64
4,wave,wave,apv,G*G->F,0.0085823453483272,8,7,1.77395449294196e-15,1.66950581942882e-11,2.12126980544059e-07,64
4,wave,apv,wave,F*G->G,0.00398389618076893,8,3,5.81016154045034e-16,1.66950581942882e-11,0.000781378275008409,32
4,wave,apv,wave,G*dG->G,0.00915452277649435,8,3,1.65627921506313e-15,1.66950581942882e-11,0.000781378275008409,32
4,wave,apv,apv,G*dF->F,0.000284278309846169,8,3,1.7388781668074e-15,1.66950581942882e-11,2.12126980544059e-07,32
4,wave,apv,apv,F*F->F,0.000283975264209622,8,3,1.76080546052675e-15,1.66950581942882e-11,2.12126980544059e-07,32
4,wave,apv,apv,G*G->F,0.00028427830984631,8,3,2.0477513517588e-15,1.66950581942882e-11,2.12126980544059e-07,32
4,apv,wave,wave,F*G->G,0.00915452055628042,3,8,1.60852776816639e-15,1.66950581942882e-11,0.000781378275008409,32
4,apv,wave,wave,G*dG->G,0.00398389599970995,3,8,5.36679514811264e-16,1.66950581942882e-11,0.000781378275008409,32
4,apv,wave,apv,G*dF->F,0.000284278343921602,3,8,1.71741539984198e-15,1.66950581942882e-11,2.12126980544059e-07,32
4,apv,wave,apv,F*F->F,0.000283975278845162,3,8,1.84017545833832e-15,1.66950581942882e-11,2.12126980544059e-07,32
4,apv,wave,apv,G*G->F,0.000284278343921704,3,8,1.47038251387397e-15,1.66950581942882e-11,2.12126980544059e-07,32
4,wave,boundary,wave,F*G->G,0.000186827893268453,1,2,2.74622581296316e-16,5.73681637978046e-11,0.000781378275008409,16
4,wave,boundary,wave,G*dG->G,0.0012826329888986,8,2,4.18923329574859e-15,5.73681637978046e-11,0.000781378275008409,16
4,wave,boundary,apv,G*dF->F,0.0011162253998408,2,1,2.63342682576221e-15,5.73681637978046e-11,2.12126980544059e-07,16
4,wave,boundary,apv,F*F->F,0.000146764726217933,1,1,1.77635683940025e-15,5.73681637978046e-11,2.12126980544059e-07,16
4,wave,boundary,apv,G*G->F,0.001116225399841,2,1,2.6462351625356e-15,5.73681637978046e-11,2.12126980544059e-07,16
4,boundary,wave,wave,F*G->G,0.00191037456768556,2,1,2.36683973453016e-14,4.31900125512261e-10,0.000781378275008409,16
4,boundary,wave,wave,G*dG->G,0.0027119677020515,2,8,3.11294581220044e-16,4.31900125512261e-10,0.000781378275008409,16
4,boundary,wave,apv,G*dF->F,0.0316263819907223,1,2,1.33475990708426e-14,4.31900125512261e-10,2.12126980544059e-07,16
4,boundary,wave,apv,F*F->F,0.00645350376760668,1,1,3.77475828372553e-15,4.31900125512261e-10,2.12126980544059e-07,16
4,boundary,wave,apv,G*G->F,0.0316263819907222,1,2,1.29517321089304e-14,4.31900125512261e-10,2.12126980544059e-07,16
4,apv,boundary,wave,F*G->G,0.000172234085718197,-1,2,2.97288833568682e-16,5.73681637978046e-11,0.000781378275008409,8
4,apv,boundary,wave,G*dG->G,0.00180831534090739,3,2,1.11022302462516e-15,5.73681637978046e-11,0.000781378275008409,8
4,apv,boundary,apv,G*dF->F,0.00107340585149293,3,2,1.55431223447522e-15,5.73681637978046e-11,2.12126980544059e-07,8
4,apv,boundary,apv,F*F->F,0.000143145267186477,-1,1,1.77635683940025e-15,5.73681637978046e-11,2.12126980544059e-07,8
4,apv,boundary,apv,G*G->F,0.00107340585149297,3,2,1.55431223447522e-15,5.73681637978046e-11,2.12126980544059e-07,8
5,wave,wave,wave,F*G->G,0.389208090615428,8,8,2.04590579424005e-15,1.34767072184033e-11,0.000781378420852016,64
5,wave,wave,wave,G*dG->G,0.38920820997968,8,8,1.90755763348473e-15,1.34767072184033e-11,0.000781378420852016,64
5,wave,wave,apv,G*dF->F,0.00858234249575678,8,7,1.77898130581206e-15,1.66950581942882e-11,2.12126980544059e-07,64
5,wave,wave,apv,F*F->F,0.00858191625053689,8,7,1.67707634366945e-15,1.66950581942882e-11,2.12126980544059e-07,64
5,wave,wave,apv,G*G->F,0.00858234249575696,8,7,1.63863403946227e-15,1.66950581942882e-11,2.12126980544059e-07,64
5,wave,apv,wave,F*G->G,0.00398389752314225,8,3,5.68599473462665e-16,1.66950581942882e-11,0.000781378420852016,32
5,wave,apv,wave,G*dG->G,0.00915452308776427,8,3,1.75223690563359e-15,1.66950581942882e-11,0.000781378420852016,32
5,wave,apv,apv,G*dF->F,0.000284278309846169,8,3,1.7388781668074e-15,1.66950581942882e-11,2.12126980544059e-07,32
5,wave,apv,apv,F*F->F,0.000283975264209622,8,3,1.76080546052675e-15,1.66950581942882e-11,2.12126980544059e-07,32
5,wave,apv,apv,G*G->F,0.00028427830984631,8,3,2.0477513517588e-15,1.66950581942882e-11,2.12126980544059e-07,32
5,apv,wave,wave,F*G->G,0.00915452142469153,3,8,1.69930979193231e-15,1.66950581942882e-11,0.000781378420852016,32
5,apv,wave,wave,G*dG->G,0.00398389738745708,3,8,5.17915757351485e-16,1.66950581942882e-11,0.000781378420852016,32
5,apv,wave,apv,G*dF->F,0.000284278335381355,3,8,1.73842211706483e-15,1.66950581942882e-11,2.12126980544059e-07,32
5,apv,wave,apv,F*F->F,0.000283975275178218,3,8,1.56202631486951e-15,1.66950581942882e-11,2.12126980544059e-07,32
5,apv,wave,apv,G*G->F,0.000284278335381534,3,8,1.22660347776475e-15,1.66950581942882e-11,2.12126980544059e-07,32
5,wave,boundary,wave,F*G->G,0.000823393458556438,1,2,2.70886987635785e-16,1.59122271709527e-11,0.000781378420852016,16
5,wave,boundary,wave,G*dG->G,0.00402308571786803,8,2,9.83566944445133e-15,1.59122271709527e-11,0.000781378420852016,16
5,wave,boundary,apv,G*dF->F,0.00640661179401874,2,1,5.12344451107186e-15,1.66950581942882e-11,2.12126980544059e-07,16
5,wave,boundary,apv,F*F->F,0.000972937260997113,1,1,2.44249065417534e-15,1.66950581942882e-11,2.12126980544059e-07,16
5,wave,boundary,apv,G*G->F,0.00640661179401877,2,1,6.22295526078928e-15,1.66950581942882e-11,2.12126980544059e-07,16
5,boundary,wave,wave,F*G->G,0.00191037554690089,2,1,2.4097213638176e-14,4.31900125512261e-10,0.000781378420852016,16
5,boundary,wave,wave,G*dG->G,0.00271196774501944,2,8,4.44089209850063e-16,4.31900125512261e-10,0.000781378420852016,16
5,boundary,wave,apv,G*dF->F,0.0314191228329025,1,2,1.36146680332352e-14,4.31900125512261e-10,2.12126980544059e-07,16
5,boundary,wave,apv,F*F->F,0.0064975068924996,1,1,3.77475828372553e-15,4.31900125512261e-10,2.12126980544059e-07,16
5,boundary,wave,apv,G*G->F,0.0314191228329023,1,2,1.35561743748125e-14,4.31900125512261e-10,2.12126980544059e-07,16
5,apv,boundary,wave,F*G->G,0.000790334092671682,-1,2,3.72643374853052e-16,1.66950581942882e-11,0.000781378420852016,8
5,apv,boundary,wave,G*dG->G,0.00479678604684334,3,2,1.51898545438869e-15,1.66950581942882e-11,0.000781378420852016,8
5,apv,boundary,apv,G*dF->F,0.00563338975007335,3,2,2.22044604925031e-15,1.66950581942882e-11,2.12126980544059e-07,8
5,apv,boundary,apv,F*F->F,0.000959249928611195,-1,1,2.44249065417534e-15,1.66950581942882e-11,2.12126980544059e-07,8
5,apv,boundary,apv,G*G->F,0.00563338975007337,3,2,2.44249065417534e-15,1.66950581942882e-11,2.12126980544059e-07,8
6,wave,wave,wave,F*G->G,0.389208130351309,8,8,1.74100663098483e-15,1.34767072184033e-11,0.000781378275008409,64
6,wave,wave,wave,G*dG->G,0.389208130351309,8,8,2.56655281679483e-15,1.34767072184033e-11,0.000781378275008409,64
6,wave,wave,apv,G*dF->F,0.00858233397586239,8,7,1.45572211641685e-15,1.66950581942882e-11,2.12126980544059e-07,64
6,wave,wave,apv,F*F->F,0.00858190854524708,8,7,1.35751328301174e-15,1.66950581942882e-11,2.12126980544059e-07,64
6,wave,wave,apv,G*G->F,0.00858233397586253,8,7,1.41924370411217e-15,1.66950581942882e-11,2.12126980544059e-07,64
6,wave,apv,wave,F*G->G,0.00398389618076893,8,3,5.81016154045034e-16,1.66950581942882e-11,0.000781378275008409,32
6,wave,apv,wave,G*dG->G,0.00915452277649435,8,3,1.65627921506313e-15,1.66950581942882e-11,0.000781378275008409,32
6,wave,apv,apv,G*dF->F,0.000284278309846169,8,3,1.7388781668074e-15,1.66950581942882e-11,2.12126980544059e-07,32
6,wave,apv,apv,F*F->F,0.000283975264209622,8,3,1.76080546052675e-15,1.66950581942882e-11,2.12126980544059e-07,32
6,wave,apv,apv,G*G->F,0.00028427830984631,8,3,2.0477513517588e-15,1.66950581942882e-11,2.12126980544059e-07,32
6,apv,wave,wave,F*G->G,0.00915452277649437,3,8,1.39178311699131e-15,1.66950581942882e-11,0.000781378275008409,32
6,apv,wave,wave,G*dG->G,0.00398389618076893,3,8,6.63741857110226e-16,1.66950581942882e-11,0.000781378275008409,32
6,apv,wave,apv,G*dF->F,0.000284278309846197,3,8,1.78821091331879e-15,1.66950581942882e-11,2.12126980544059e-07,32
6,apv,wave,apv,F*F->F,0.000283975264209622,3,8,1.76080546052675e-15,1.66950581942882e-11,2.12126980544059e-07,32
6,apv,wave,apv,G*G->F,0.00028427830984631,3,8,2.0477513517588e-15,1.66950581942882e-11,2.12126980544059e-07,32
6,wave,boundary,wave,F*G->G,0.00271196766830542,8,2,4.00235227640475e-16,4.31900125512261e-10,0.000781378275008409,16
6,wave,boundary,wave,G*dG->G,0.00191037821490356,1,2,2.5754151976399e-14,4.31900125512261e-10,0.000781378275008409,16
6,wave,boundary,apv,G*dF->F,0.0308828571726689,2,1,1.46865595755759e-14,4.31900125512261e-10,2.12126980544059e-07,16
6,wave,boundary,apv,F*F->F,0.00659370398692112,1,1,3.77475828372553e-15,4.31900125512261e-10,2.12126980544059e-07,16
6,wave,boundary,apv,G*G->F,0.0308828571726689,2,1,1.51359460086814e-14,4.31900125512261e-10,2.12126980544059e-07,16
6,boundary,wave,wave,F*G->G,0.00191037821490356,2,1,2.57239658415338e-14,4.31900125512261e-10,0.000781378275008409,16
6,boundary,wave,wave,G*dG->G,0.00271196766830541,2,8,3.86883026791393e-16,4.31900125512261e-10,0.000781378275008409,16
6,boundary,wave,apv,G*dF->F,0.030882857172669,1,2,1.56175745740244e-14,4.31900125512261e-10,2.12126980544059e-07,16
6,boundary,wave,apv,F*F->F,0.00659370398692112,1,1,3.77475828372553e-15,4.31900125512261e-10,2.12126980544059e-07,16
6,boundary,wave,apv,G*G->F,0.0308828571726689,1,2,1.51359460086814e-14,4.31900125512261e-10,2.12126980544059e-07,16
6,apv,boundary,wave,F*G->G,0.00249790527918273,3,2,4.56259240112499e-16,4.31900125512261e-10,0.000781378275008409,8
6,apv,boundary,wave,G*dG->G,0.00446838143174942,3,2,2.18630307888842e-15,4.31900125512261e-10,0.000781378275008409,8
6,apv,boundary,apv,G*dF->F,0.0205769430177084,3,2,3.5527136788005e-15,4.31900125512261e-10,2.12126980544059e-07,8
6,apv,boundary,apv,F*F->F,0.00655469390971222,-1,1,3.77475828372553e-15,4.31900125512261e-10,2.12126980544059e-07,8
6,apv,boundary,apv,G*G->F,0.0205769430177085,3,2,3.5527136788005e-15,4.31900125512261e-10,2.12126980544059e-07,8
7,wave,wave,wave,F*G->G,0.38920808129493,8,8,1.5031720681178e-15,1.32795212962528e-11,0.000781377983950812,64
7,wave,wave,wave,G*dG->G,0.38920808129493,8,8,1.71788648265602e-15,1.32795212962528e-11,0.000781377983950812,64
7,wave,wave,apv,G*dF->F,0.00858233397586239,8,7,1.45572211641685e-15,1.66950581942882e-11,2.12126980544059e-07,64
7,wave,wave,apv,F*F->F,0.00858190854524708,8,7,1.35751328301174e-15,1.66950581942882e-11,2.12126980544059e-07,64
7,wave,wave,apv,G*G->F,0.00858233397586253,8,7,1.41924370411217e-15,1.66950581942882e-11,2.12126980544059e-07,64
7,wave,apv,wave,F*G->G,0.00398389350213743,8,3,5.3636806685492e-16,1.66950581942882e-11,0.000781377983950812,32
7,wave,apv,wave,G*dG->G,0.00915452215693557,8,3,1.86629470115441e-15,1.66950581942882e-11,0.000781377983950812,32
7,wave,apv,apv,G*dF->F,0.000284278309846169,8,3,1.7388781668074e-15,1.66950581942882e-11,2.12126980544059e-07,32
7,wave,apv,apv,F*F->F,0.000283975264209622,8,3,1.76080546052675e-15,1.66950581942882e-11,2.12126980544059e-07,32
7,wave,apv,apv,G*G->F,0.00028427830984631,8,3,2.0477513517588e-15,1.66950581942882e-11,2.12126980544059e-07,32
7,apv,wave,wave,F*G->G,0.00915452215693551,3,8,1.8751517313957e-15,1.66950581942882e-11,0.000781377983950812,32
7,apv,wave,wave,G*dG->G,0.00398389350213743,3,8,4.15609302333175e-16,1.66950581942882e-11,0.000781377983950812,32
7,apv,wave,apv,G*dF->F,0.000284278309846197,3,8,1.78821091331879e-15,1.66950581942882e-11,2.12126980544059e-07,32
7,apv,wave,apv,F*F->F,0.000283975264209622,3,8,1.76080546052675e-15,1.66950581942882e-11,2.12126980544059e-07,32
7,apv,wave,apv,G*G->F,0.00028427830984631,3,8,2.0477513517588e-15,1.66950581942882e-11,2.12126980544059e-07,32
7,wave,boundary,wave,F*G->G,0.00271196756567629,8,2,3.90410742061455e-16,4.31900125512261e-10,0.000781377983950812,16
7,wave,boundary,wave,G*dG->G,0.00191037812280475,1,2,2.56784676304756e-14,4.31900125512261e-10,0.000781377983950812,16
7,wave,boundary,apv,G*dF->F,0.0308828571726689,2,1,1.46865595755759e-14,4.31900125512261e-10,2.12126980544059e-07,16
7,wave,boundary,apv,F*F->F,0.00659370398692112,1,1,3.77475828372553e-15,4.31900125512261e-10,2.12126980544059e-07,16
7,wave,boundary,apv,G*G->F,0.0308828571726689,2,1,1.51359460086814e-14,4.31900125512261e-10,2.12126980544059e-07,16
7,boundary,wave,wave,F*G->G,0.00191037812280467,2,1,2.57655370133566e-14,4.31900125512261e-10,0.000781377983950812,16
7,boundary,wave,wave,G*dG->G,0.00271196756567634,2,8,3.64099585041225e-16,4.31900125512261e-10,0.000781377983950812,16
7,boundary,wave,apv,G*dF->F,0.030882857172669,1,2,1.56175745740244e-14,4.31900125512261e-10,2.12126980544059e-07,16
7,boundary,wave,apv,F*F->F,0.00659370398692112,1,1,3.77475828372553e-15,4.31900125512261e-10,2.12126980544059e-07,16
7,boundary,wave,apv,G*G->F,0.0308828571726689,1,2,1.51359460086814e-14,4.31900125512261e-10,2.12126980544059e-07,16
7,apv,boundary,wave,F*G->G,0.00249790518572918,3,2,4.36693164529213e-16,4.31900125512261e-10,0.000781377983950812,8
7,apv,boundary,wave,G*dG->G,0.00446838125256166,3,2,2.18621137520183e-15,4.31900125512261e-10,0.000781377983950812,8
7,apv,boundary,apv,G*dF->F,0.0205769430177084,3,2,3.5527136788005e-15,4.31900125512261e-10,2.12126980544059e-07,8
7,apv,boundary,apv,F*F->F,0.00655469390971222,-1,1,3.77475828372553e-15,4.31900125512261e-10,2.12126980544059e-07,8
7,apv,boundary,apv,G*G->F,0.0205769430177085,3,2,3.5527136788005e-15,4.31900125512261e-10,2.12126980544059e-07,8
8,wave,wave,wave,F*G->G,0.389208133575792,8,8,2.45199930952336e-15,1.32795212962528e-11,0.000781378420852016,64
8,wave,wave,wave,G*dG->G,0.389208173255958,8,8,2.41886867720792e-15,1.32795212962528e-11,0.000781378420852016,64
8,wave,wave,apv,G*dF->F,0.00858233680954237,8,7,1.58335201913045e-15,1.66950581942882e-11,2.12126980544059e-07,64
8,wave,wave,apv,F*F->F,0.0085819111079996,8,7,1.42237649347143e-15,1.66950581942882e-11,2.12126980544059e-07,64
8,wave,wave,apv,G*G->F,0.00858233680954222,8,7,1.48631750591456e-15,1.66950581942882e-11,2.12126980544059e-07,64
8,wave,apv,wave,F*G->G,0.00398389752314225,8,3,5.68599473462665e-16,1.66950581942882e-11,0.000781378420852016,32
8,wave,apv,wave,G*dG->G,0.00915452308776427,8,3,1.75223690563359e-15,1.66950581942882e-11,0.000781378420852016,32
8,wave,apv,apv,G*dF->F,0.000284278309846169,8,3,1.7388781668074e-15,1.66950581942882e-11,2.12126980544059e-07,32
8,wave,apv,apv,F*F->F,0.000283975264209622,8,3,1.76080546052675e-15,1.66950581942882e-11,2.12126980544059e-07,32
8,wave,apv,apv,G*G->F,0.00028427830984631,8,3,2.0477513517588e-15,1.66950581942882e-11,2.12126980544059e-07,32
8,apv,wave,wave,F*G->G,0.00915452253480943,3,8,1.59813340949107e-15,1.66950581942882e-11,0.000781378420852016,32
8,apv,wave,wave,G*dG->G,0.00398389747798223,3,8,6.76877565284573e-16,1.66950581942882e-11,0.000781378420852016,32
8,apv,wave,apv,G*dF->F,0.000284278318343917,3,8,1.60243156949077e-15,1.66950581942882e-11,2.12126980544059e-07,32
8,apv,wave,apv,F*F->F,0.000283975267861407,3,8,1.99479308708618e-15,1.66950581942882e-11,2.12126980544059e-07,32
8,apv,wave,apv,G*G->F,0.000284278318343742,3,8,9.94606953822137e-16,1.66950581942882e-11,2.12126980544059e-07,32
8,wave,boundary,wave,F*G->G,0.00232721102701185,8,2,3.33066907387547e-16,1.15214716928833e-10,0.000781378420852016,16
8,wave,boundary,wave,G*dG->G,0.00399881349390929,8,2,2.13131121584132e-14,1.15214716928833e-10,0.000781378420852016,16
8,wave,boundary,apv,G*dF->F,0.0232415279598164,2,1,1.18749807375291e-14,1.15214716928833e-10,2.12126980544059e-07,16
8,wave,boundary,apv,F*F->F,0.00443344002189898,1,1,3.33066907387547e-15,1.15214716928833e-10,2.12126980544059e-07,16
8,wave,boundary,apv,G*G->F,0.0232415279598165,2,1,1.23385878742696e-14,1.15214716928833e-10,2.12126980544059e-07,16
8,boundary,wave,wave,F*G->G,0.0019103773705055,2,1,2.52213787813905e-14,4.31900125512261e-10,0.000781378420852016,16
8,boundary,wave,wave,G*dG->G,0.00271196772814497,2,8,3.49546680118889e-16,4.31900125512261e-10,0.000781378420852016,16
8,boundary,wave,apv,G*dF->F,0.0310488529918314,1,2,1.49636043376368e-14,4.31900125512261e-10,2.12126980544059e-07,16
8,boundary,wave,apv,F*F->F,0.00656591741933405,1,1,3.99680288865056e-15,4.31900125512261e-10,2.12126980544059e-07,16
8,boundary,wave,apv,G*G->F,0.0310488529918316,1,2,1.48287078279177e-14,4.31900125512261e-10,2.12126980544059e-07,16
8,apv,boundary,wave,F*G->G,0.00212098030546632,3,2,3.97288473859612e-16,1.15214716928833e-10,0.000781378420852016,8
8,apv,boundary,wave,G*dG->G,0.00550164162871722,3,2,2.0368804686604e-15,1.15214716928833e-10,0.000781378420852016,8
8,apv,boundary,apv,G*dF->F,0.0164519677807785,3,2,2.88657986402541e-15,1.15214716928833e-10,2.12126980544059e-07,8
8,apv,boundary,apv,F*F->F,0.00440019526064693,-1,1,3.5527136788005e-15,1.15214716928833e-10,2.12126980544059e-07,8
8,apv,boundary,apv,G*G->F,0.0164519677807785,3,2,3.10862446895044e-15,1.15214716928833e-10,2.12126980544059e-07,8
9,wave,wave,mda,F*G->G,0.000771593050643664,8,8,3.37909833295667e-15,4.17723838256329e-11,2.46042211589346e-15,64
9,wave,wave,mda,G*dG->G,0.000771593050643614,8,8,2.91285563171182e-15,4.17723838256329e-11,2.46042211589346e-15,64
9,wave,wave,inertial,G*dF->F,0.0708036608568634,8,7,1.7454090968137e-15,5.93438066933404e-11,0.000138412981724886,64
9,wave,wave,inertial,F*F->F,0.0708004586405175,8,7,1.52301073783386e-15,5.93438066933404e-11,0.000138412981724886,64
9,wave,wave,inertial,G*G->F,0.0708036608568634,8,7,1.69192404471466e-15,5.93438066933404e-11,0.000138412981724886,64
9,wave,apv,mda,F*G->G,0.000103982630322185,7,3,1.35093072969125e-15,4.17723838256329e-11,2.46042211589346e-15,32
9,wave,apv,mda,G*dG->G,0.000108459627516998,7,3,3.10993941879144e-15,4.17723838256329e-11,2.46042211589346e-15,32
9,wave,apv,inertial,G*dF->F,0.000546917256278845,8,3,1.5343986031528e-15,5.93438066933404e-11,0.000138412981724886,32
9,wave,apv,inertial,F*F->F,0.000563771605595621,8,2,1.65775804706917e-15,5.93438066933404e-11,0.000138412981724886,32
9,wave,apv,inertial,G*G->F,0.00054691725627991,8,3,1.27111629108423e-15,5.93438066933404e-11,0.000138412981724886,32
9,apv,wave,mda,F*G->G,0.000108459627516309,3,7,1.92074599918002e-15,4.17723838256329e-11,2.46042211589346e-15,32
9,apv,wave,mda,G*dG->G,0.000103982630322502,3,7,1.0282522347591e-15,4.17723838256329e-11,2.46042211589346e-15,32
9,apv,wave,inertial,G*dF->F,0.000546917256279559,3,8,1.41952488367323e-15,5.93438066933404e-11,0.000138412981724886,32
9,apv,wave,inertial,F*F->F,0.000563771605595621,2,8,1.65775804706917e-15,5.93438066933404e-11,0.000138412981724886,32
9,apv,wave,inertial,G*G->F,0.00054691725627991,3,8,1.27111629108423e-15,5.93438066933404e-11,0.000138412981724886,32
9,wave,boundary,mda,F*G->G,0.000173929085688369,1,1,4.52799234799045e-16,4.31900125512261e-10,2.46042211589346e-15,16
9,wave,boundary,mda,G*dG->G,0.0115616836069969,8,1,5.83318823859159e-15,4.31900125512261e-10,2.46042211589346e-15,16
9,wave,boundary,inertial,G*dF->F,0.0363243458060586,2,1,2.20296490594831e-14,4.31900125512261e-10,0.000138412981724886,16
9,wave,boundary,inertial,F*F->F,0.00753344922620331,1,1,3.77475828372553e-15,4.31900125512261e-10,0.000138412981724886,16
9,wave,boundary,inertial,G*G->F,0.0363243458060586,2,1,2.20591950932017e-14,4.31900125512261e-10,0.000138412981724886,16
9,boundary,wave,mda,F*G->G,0.0115616836069966,1,8,5.45442838156319e-15,4.31900125512261e-10,2.46042211589346e-15,16
9,boundary,wave,mda,G*dG->G,0.000173929085687967,1,1,3.71051900441669e-16,4.31900125512261e-10,2.46042211589346e-15,16
9,boundary,wave,inertial,G*dF->F,0.0363243458060586,1,2,2.19171194071382e-14,4.31900125512261e-10,0.000138412981724886,16
9,boundary,wave,inertial,F*F->F,0.00753344922620331,1,1,3.77475828372553e-15,4.31900125512261e-10,0.000138412981724886,16
9,boundary,wave,inertial,G*G->F,0.0363243458060586,1,2,2.20591950932017e-14,4.31900125512261e-10,0.000138412981724886,16
9,apv,boundary,mda,F*G->G,0.000173099754296088,-1,1,3.71587038160718e-16,4.31900125512261e-10,2.46042211589346e-15,8
9,apv,boundary,mda,G*dG->G,0.000361858665271848,3,2,2.17290271943565e-16,4.31900125512261e-10,2.46042211589346e-15,8
9,apv,boundary,inertial,G*dF->F,0.0281619692192693,3,2,3.5527136788005e-15,4.31900125512261e-10,0.000138412981724886,8
9,apv,boundary,inertial,F*F->F,0.00748769396102739,-1,1,3.77475828372553e-15,4.31900125512261e-10,0.000138412981724886,8
9,apv,boundary,inertial,G*G->F,0.0281619692192692,3,2,3.5527136788005e-15,4.31900125512261e-10,0.000138412981724886,8
10,wave,wave,wave,F*G->G,0.389207989221778,8,8,1.78034732285866e-15,1.32795212962528e-11,0.000781377838735263,64
10,wave,wave,wave,G*dG->G,0.389208108910394,8,8,1.74447797443407e-15,1.32795212962528e-11,0.000781377838735263,64
10,wave,wave,apv,G*dF->F,0.00858234661233495,8,7,1.44766269012984e-15,1.66950581942882e-11,2.12126980544059e-07,64
10,wave,wave,apv,F*F->F,0.00858191994777651,8,7,1.3294660891963e-15,1.66950581942882e-11,2.12126980544059e-07,64
10,wave,wave,apv,G*G->F,0.00858234661233474,8,7,1.67966424636308e-15,1.66950581942882e-11,2.12126980544059e-07,64
10,wave,apv,wave,F*G->G,0.00398389212069668,8,3,5.354998980863e-16,1.66950581942882e-11,0.000781377838735263,32
10,wave,apv,wave,G*dG->G,0.00915452129572236,8,3,1.73013880406456e-15,1.66950581942882e-11,0.000781377838735263,32
10,wave,apv,apv,G*dF->F,0.00028427831834381,8,3,1.61410647814805e-15,1.66950581942882e-11,2.12126980544059e-07,32
10,wave,apv,apv,F*F->F,0.000283975267861407,8,3,1.99479308708618e-15,1.66950581942882e-11,2.12126980544059e-07,32
10,wave,apv,apv,G*G->F,0.000284278318343742,8,3,9.94606953822137e-16,1.66950581942882e-11,2.12126980544059e-07,32
10,apv,wave,wave,F*G->G,0.0091545196285238,3,8,1.49791042402018e-15,1.66950581942882e-11,0.000781377838735263,32
10,apv,wave,wave,G*dG->G,0.0039838919847975,3,8,5.92679931312901e-16,1.66950581942882e-11,0.000781377838735263,32
10,apv,wave,apv,G*dF->F,0.000284278343921602,3,8,1.71741539984198e-15,1.66950581942882e-11,2.12126980544059e-07,32
10,apv,wave,apv,F*F->F,0.000283975278845162,3,8,1.84017545833832e-15,1.66950581942882e-11,2.12126980544059e-07,32
10,apv,wave,apv,G*G->F,0.000284278343921704,3,8,1.47038251387397e-15,1.66950581942882e-11,2.12126980544059e-07,32
10,wave,boundary,wave,F*G->G,0.000186734213966499,1,2,3.33066907387547e-16,5.73681637978046e-11,0.000781377838735263,16
10,wave,boundary,wave,G*dG->G,0.00128263284663385,8,2,4.05943434332566e-15,5.73681637978046e-11,0.000781377838735263,16
10,wave,boundary,apv,G*dF->F,0.00111863509420616,2,1,2.16483757047435e-15,5.73681637978046e-11,2.12126980544059e-07,16
10,wave,boundary,apv,F*F->F,0.000144296316445549,1,1,1.99840144432528e-15,5.73681637978046e-11,2.12126980544059e-07,16
10,wave,boundary,apv,G*G->F,0.00111863509420653,2,1,1.67984493806338e-15,5.73681637978046e-11,2.12126980544059e-07,16
10,boundary,wave,wave,F*G->G,0.00399881315907059,2,8,1.95127736299345e-14,1.15214716928833e-10,0.000781377838735263,16
10,boundary,wave,wave,G*dG->G,0.00232721088481566,2,8,3.33066907387547e-16,1.15214716928833e-10,0.000781377838735263,16
10,boundary,wave,apv,G*dF->F,0.0237290619706856,1,2,1.02677428441367e-14,1.15214716928833e-10,2.12126980544059e-07,16
10,boundary,wave,apv,F*F->F,0.00431466363661348,1,1,3.5527136788005e-15,1.15214716928833e-10,2.12126980544059e-07,16
10,boundary,wave,apv,G*G->F,0.0237290619706857,1,2,9.98823467256372e-15,1.15214716928833e-10,2.12126980544059e-07,16
10,apv,boundary,wave,F*G->G,0.000172234095991492,-1,2,2.71110866603232e-16,5.73681637978046e-11,0.000781377838735263,8
10,apv,boundary,wave,G*dG->G,0.00180831517932637,3,2,1.11022302462516e-15,5.73681637978046e-11,0.000781377838735263,8
10,apv,boundary,apv,G*dF->F,0.00107340585149293,3,2,1.55431223447522e-15,5.73681637978046e-11,2.12126980544059e-07,8
10,apv,boundary,apv,F*F->F,0.000143145267186477,-1,1,1.77635683940025e-15,5.73681637978046e-11,2.12126980544059e-07,8
10,apv,boundary,apv,G*G->F,0.00107340585149297,3,2,1.55431223447522e-15,5.73681637978046e-11,2.12126980544059e-07,8
11,wave,wave,wave,F*G->G,0.389208075142951,8,8,1.34181944116285e-15,1.32795212962528e-11,0.000781377838735263,64
11,wave,wave,wave,G*dG->G,0.389208035462828,8,8,1.76085845707631e-15,1.32795212962528e-11,0.000781377838735263,64
11,wave,wave,apv,G*dF->F,0.00858233680954222,7,8,1.34776405409093e-15,1.66950581942882e-11,2.12126980544059e-07,64
11,wave,wave,apv,F*F->F,0.0085819111079996,7,8,1.42237649347143e-15,1.66950581942882e-11,2.12126980544059e-07,64
11,wave,wave,apv,G*G->F,0.00858233680954222,7,8,1.48631750591456e-15,1.66950581942882e-11,2.12126980544059e-07,64
11,wave,apv,wave,F*G->G,0.00398389212069668,8,3,5.354998980863e-16,1.66950581942882e-11,0.000781377838735263,32
11,wave,apv,wave,G*dG->G,0.00915452129572236,8,3,1.73013880406456e-15,1.66950581942882e-11,0.000781377838735263,32
11,wave,apv,apv,G*dF->F,0.00028427831834381,8,3,1.61410647814805e-15,1.66950581942882e-11,2.12126980544059e-07,32
11,wave,apv,apv,F*F->F,0.000283975267861407,8,3,1.99479308708618e-15,1.66950581942882e-11,2.12126980544059e-07,32
11,wave,apv,apv,G*G->F,0.000284278318343742,8,3,9.94606953822137e-16,1.66950581942882e-11,2.12126980544059e-07,32
11,apv,wave,wave,F*G->G,0.00915452184864718,3,8,1.57307752755098e-15,1.66950581942882e-11,0.000781377838735263,32
11,apv,wave,wave,G*dG->G,0.00398389216585674,3,8,6.25193419685685e-16,1.66950581942882e-11,0.000781377838735263,32
11,apv,wave,apv,G*dF->F,0.000284278309846197,3,8,1.78821091331879e-15,1.66950581942882e-11,2.12126980544059e-07,32
11,apv,wave,apv,F*F->F,0.000283975264209622,3,8,1.76080546052675e-15,1.66950581942882e-11,2.12126980544059e-07,32
11,apv,wave,apv,G*G->F,0.00028427830984631,3,8,2.0477513517588e-15,1.66950581942882e-11,2.12126980544059e-07,32
11,wave,boundary,wave,F*G->G,0.00271196752288483,8,2,4.09875100372526e-16,4.31900125512261e-10,0.000781377838735263,16
11,wave,boundary,wave,G*dG->G,0.00191037718631136,1,2,2.52885506136529e-14,4.31900125512261e-10,0.000781377838735263,16
11,wave,boundary,apv,G*dF->F,0.0310488529918316,2,1,1.46462127633447e-14,4.31900125512261e-10,2.12126980544059e-07,16
11,wave,boundary,apv,F*F->F,0.00656591741933405,1,1,3.99680288865056e-15,4.31900125512261e-10,2.12126980544059e-07,16
11,wave,boundary,apv,G*G->F,0.0310488529918316,2,1,1.48287078279177e-14,4.31900125512261e-10,2.12126980544059e-07,16
11,boundary,wave,wave,F*G->G,0.00399881312977519,2,8,2.13441717776196e-14,1.15214716928833e-10,0.000781377838735263,16
11,boundary,wave,wave,G*dG->G,0.00232721085393857,2,8,4.44089209850063e-16,1.15214716928833e-10,0.000781377838735263,16
11,boundary,wave,apv,G*dF->F,0.0232415279598165,1,2,1.22763724276587e-14,1.15214716928833e-10,2.12126980544059e-07,16
11,boundary,wave,apv,F*F->F,0.00443344002189898,1,1,3.33066907387547e-15,1.15214716928833e-10,2.12126980544059e-07,16
11,boundary,wave,apv,G*G->F,0.0232415279598165,1,2,1.23385878742696e-14,1.15214716928833e-10,2.12126980544059e-07,16
11,apv,boundary,wave,F*G->G,0.00249790513910013,3,2,4.47396599586003e-16,4.31900125512261e-10,0.000781377838735263,8
11,apv,boundary,wave,G*dG->G,0.00446838116315634,3,2,2.17491995590729e-15,4.31900125512261e-10,0.000781377838735263,8
11,apv,boundary,apv,G*dF->F,0.0205769430177084,3,2,3.5527136788005e-15,4.31900125512261e-10,2.12126980544059e-07,8
11,apv,boundary,apv,F*F->F,0.00655469390971222,-1,1,3.77475828372553e-15,4.31900125512261e-10,2.12126980544059e-07,8
11,apv,boundary,apv,G*G->F,0.0205769430177085,3,2,3.5527136788005e-15,4.31900125512261e-10,2.12126980544059e-07,8
12,wave,wave,wave,F*G->G,0.38920808434511,8,8,2.17556232128975e-15,1.34767072184033e-11,0.000781378275008409,64
12,wave,wave,wave,G*dG->G,0.389208164029175,8,8,1.75241546246475e-15,1.34767072184033e-11,0.000781378275008409,64
12,wave,wave,apv,G*dF->F,0.00858234375976458,8,7,1.78197316066303e-15,1.66950581942882e-11,2.12126980544059e-07,64
12,wave,wave,apv,F*F->F,0.00858191736795606,8,7,1.44158085278275e-15,1.66950581942882e-11,2.12126980544059e-07,64
12,wave,wave,apv,G*G->F,0.00858234375976437,8,7,1.36199717821383e-15,1.66950581942882e-11,2.12126980544059e-07,64
12,wave,apv,wave,F*G->G,0.003983896135609,8,3,4.12934294370608e-16,1.66950581942882e-11,0.000781378275008409,32
12,wave,apv,wave,G*dG->G,0.00915452222354678,8,3,2.10604582396727e-15,1.66950581942882e-11,0.000781378275008409,32
12,wave,apv,apv,G*dF->F,0.00028427831834381,8,3,1.61410647814805e-15,1.66950581942882e-11,2.12126980544059e-07,32
12,wave,apv,apv,F*F->F,0.000283975267861407,8,3,1.99479308708618e-15,1.66950581942882e-11,2.12126980544059e-07,32
12,wave,apv,apv,G*G->F,0.000284278318343742,8,3,9.94606953822137e-16,1.66950581942882e-11,2.12126980544059e-07,32
12,apv,wave,wave,F*G->G,0.00915452111344438,3,8,1.48696308472363e-15,1.66950581942882e-11,0.000781378275008409,32
12,apv,wave,wave,G*dG->G,0.0039838960450838,3,8,7.39756097676016e-16,1.66950581942882e-11,0.000781378275008409,32
12,apv,wave,apv,G*dF->F,0.000284278335381355,3,8,1.73842211706483e-15,1.66950581942882e-11,2.12126980544059e-07,32
12,apv,wave,apv,F*F->F,0.000283975275178218,3,8,1.56202631486951e-15,1.66950581942882e-11,2.12126980544059e-07,32
12,apv,wave,apv,G*G->F,0.000284278335381534,3,8,1.22660347776475e-15,1.66950581942882e-11,2.12126980544059e-07,32
12,wave,boundary,wave,F*G->G,0.000823364379268722,1,2,2.22044604925031e-16,1.59122271709527e-11,0.000781378275008409,16
12,wave,boundary,wave,G*dG->G,0.00402308563208344,8,2,9.51669567873027e-15,1.59122271709527e-11,0.000781378275008409,16
12,wave,boundary,apv,G*dF->F,0.00642682864427613,2,1,5.04713153382756e-15,1.66950581942882e-11,2.12126980544059e-07,16
12,wave,boundary,apv,F*F->F,0.00096339139924388,1,1,2.66453525910038e-15,1.66950581942882e-11,2.12126980544059e-07,16
12,wave,boundary,apv,G*G->F,0.00642682864427622,2,1,5.36035583334601e-15,1.66950581942882e-11,2.12126980544059e-07,16
12,boundary,wave,wave,F*G->G,0.00399881342463476,2,8,1.9994522642099e-14,1.15214716928833e-10,0.000781378275008409,16
12,boundary,wave,wave,G*dG->G,0.0023272110067922,2,8,3.33066907387547e-16,1.15214716928833e-10,0.000781378275008409,16
12,boundary,wave,apv,G*dF->F,0.0235931723923089,1,2,1.04711075235331e-14,1.15214716928833e-10,2.12126980544059e-07,16
12,boundary,wave,apv,F*F->F,0.00435189827089063,1,1,3.77475828372553e-15,1.15214716928833e-10,2.12126980544059e-07,16
12,boundary,wave,apv,G*G->F,0.023593172392309,1,2,1.09571675733773e-14,1.15214716928833e-10,2.12126980544059e-07,16
12,apv,boundary,wave,F*G->G,0.000790334083634685,-1,2,3.82968938788871e-16,1.66950581942882e-11,0.000781378275008409,8
12,apv,boundary,wave,G*dG->G,0.00479678594035817,3,2,1.49754616550966e-15,1.66950581942882e-11,0.000781378275008409,8
12,apv,boundary,apv,G*dF->F,0.00563338975007335,3,2,2.22044604925031e-15,1.66950581942882e-11,2.12126980544059e-07,8
12,apv,boundary,apv,F*F->F,0.000959249928611195,-1,1,2.44249065417534e-15,1.66950581942882e-11,2.12126980544059e-07,8
12,apv,boundary,apv,G*G->F,0.00563338975007337,3,2,2.44249065417534e-15,1.66950581942882e-11,2.12126980544059e-07,8
13,wave,wave,wave,F*G->G,0.389208087334835,8,8,1.77413002905762e-15,9.19502912355459e-12,0.000781378420852016,64
13,wave,wave,wave,G*dG->G,0.38920820702358,8,8,1.63156380499766e-15,9.19502912355459e-12,0.000781378420852016,64
13,wave,wave,apv,G*dF->F,0.00858234661233495,8,7,1.44766269012984e-15,1.66950581942882e-11,2.12126980544059e-07,64
13,wave,wave,apv,F*F->F,0.00858191994777651,8,7,1.3294660891963e-15,1.66950581942882e-11,2.12126980544059e-07,64
13,wave,wave,apv,G*G->F,0.00858234661233474,8,7,1.67966424636308e-15,1.66950581942882e-11,2.12126980544059e-07,64
13,wave,apv,wave,F*G->G,0.00398389747798227,8,3,6.3674752120084e-16,1.66950581942882e-11,0.000781378420852016,32
13,wave,apv,wave,G*dG->G,0.00915452253480925,8,3,1.38641986492435e-15,1.66950581942882e-11,0.000781378420852016,32
13,wave,apv,apv,G*dF->F,0.00028427831834381,8,3,1.61410647814805e-15,1.66950581942882e-11,2.12126980544059e-07,32
13,wave,apv,apv,F*F->F,0.000283975267861407,8,3,1.99479308708618e-15,1.66950581942882e-11,2.12126980544059e-07,32
13,wave,apv,apv,G*G->F,0.000284278318343742,8,3,9.94606953822137e-16,1.66950581942882e-11,2.12126980544059e-07,32
13,apv,wave,wave,F*G->G,0.00915452086752018,3,8,1.62803031707312e-15,1.66950581942882e-11,0.000781378420852016,32
13,apv,wave,wave,G*dG->G,0.00398389734208335,3,8,8.99136776717747e-16,1.66950581942882e-11,0.000781378420852016,32
13,apv,wave,apv,G*dF->F,0.000284278343921602,3,8,1.71741539984198e-15,1.66950581942882e-11,2.12126980544059e-07,32
13,apv,wave,apv,F*F->F,0.000283975278845162,3,8,1.84017545833832e-15,1.66950581942882e-11,2.12126980544059e-07,32
13,apv,wave,apv,G*G->F,0.000284278343921704,3,8,1.47038251387397e-15,1.66950581942882e-11,2.12126980544059e-07,32
13,wave,boundary,wave,F*G->G,0.000186734200274866,1,2,3.33066907387547e-16,5.73681637978046e-11,0.000781378420852016,16
13,wave,boundary,wave,G*dG->G,0.00128263303798328,8,2,4.39928762896901e-15,5.73681637978046e-11,0.000781378420852016,16
13,wave,boundary,apv,G*dF->F,0.00111863509420616,2,1,2.16483757047435e-15,5.73681637978046e-11,2.12126980544059e-07,16
13,wave,boundary,apv,F*F->F,0.000144296316445549,1,1,1.99840144432528e-15,5.73681637978046e-11,2.12126980544059e-07,16
13,wave,boundary,apv,G*G->F,0.00111863509420653,2,1,1.67984493806338e-15,5.73681637978046e-11,2.12126980544059e-07,16
13,boundary,wave,wave,F*G->G,0.0039988135232047,2,8,1.95311160177882e-14,1.15214716928833e-10,0.000781378420852016,16
13,boundary,wave,wave,G*dG->G,0.00232721105788887,2,8,3.33066907387547e-16,1.15214716928833e-10,0.000781378420852016,16
13,boundary,wave,apv,G*dF->F,0.0237290619706856,1,2,1.02677428441367e-14,1.15214716928833e-10,2.12126980544059e-07,16
13,boundary,wave,apv,F*F->F,0.00431466363661348,1,1,3.5527136788005e-15,1.15214716928833e-10,2.12126980544059e-07,16
13,boundary,wave,apv,G*G->F,0.0237290619706857,1,2,9.98823467256372e-15,1.15214716928833e-10,2.12126980544059e-07,16
13,apv,boundary,wave,F*G->G,0.000172234082283655,-1,2,2.22044604925031e-16,5.73681637978046e-11,0.000781378420852016,8
13,apv,boundary,wave,G*dG->G,0.00180831539492226,3,2,1.11022302462516e-15,5.73681637978046e-11,0.000781378420852016,8
13,apv,boundary,apv,G*dF->F,0.00107340585149293,3,2,1.55431223447522e-15,5.73681637978046e-11,2.12126980544059e-07,8
13,apv,boundary,apv,F*F->F,0.000143145267186477,-1,1,1.77635683940025e-15,5.73681637978046e-11,2.12126980544059e-07,8
13,apv,boundary,apv,G*G->F,0.00107340585149297,3,2,1.55431223447522e-15,5.73681637978046e-11,2.12126980544059e-07,8
14,wave,wave,wave,F*G->G,0.389208173255958,8,8,1.72586771123139e-15,1.32795212962528e-11,0.000781378420852016,64
14,wave,wave,wave,G*dG->G,0.389208133575792,8,8,1.68741220647341e-15,1.32795212962528e-11,0.000781378420852016,64
14,wave,wave,apv,G*dF->F,0.00858233680954222,7,8,1.34776405409093e-15,1.66950581942882e-11,2.12126980544059e-07,64
14,wave,wave,apv,F*F->F,0.0085819111079996,7,8,1.42237649347143e-15,1.66950581942882e-11,2.12126980544059e-07,64
14,wave,wave,apv,G*G->F,0.00858233680954222,7,8,1.48631750591456e-15,1.66950581942882e-11,2.12126980544059e-07,64
14,wave,apv,wave,F*G->G,0.00398389747798227,8,3,6.3674752120084e-16,1.66950581942882e-11,0.000781378420852016,32
14,wave,apv,wave,G*dG->G,0.00915452253480925,8,3,1.38641986492435e-15,1.66950581942882e-11,0.000781378420852016,32
14,wave,apv,apv,G*dF->F,0.00028427831834381,8,3,1.61410647814805e-15,1.66950581942882e-11,2.12126980544059e-07,32
14,wave,apv,apv,F*F->F,0.000283975267861407,8,3,1.99479308708618e-15,1.66950581942882e-11,2.12126980544059e-07,32
14,wave,apv,apv,G*G->F,0.000284278318343742,8,3,9.94606953822137e-16,1.66950581942882e-11,2.12126980544059e-07,32
14,apv,wave,wave,F*G->G,0.00915452308776426,3,8,1.56958295537051e-15,1.66950581942882e-11,0.000781378420852016,32
14,apv,wave,wave,G*dG->G,0.00398389752314225,3,8,7.12365785908263e-16,1.66950581942882e-11,0.000781378420852016,32
14,apv,wave,apv,G*dF->F,0.000284278309846197,3,8,1.78821091331879e-15,1.66950581942882e-11,2.12126980544059e-07,32
14,apv,wave,apv,F*F->F,0.000283975264209622,3,8,1.76080546052675e-15,1.66950581942882e-11,2.12126980544059e-07,32
14,apv,wave,apv,G*G->F,0.00028427830984631,3,8,2.0477513517588e-15,1.66950581942882e-11,2.12126980544059e-07,32
14,wave,boundary,wave,F*G->G,0.00271196772814499,8,2,3.81065875116458e-16,4.31900125512261e-10,0.000781378420852016,16
14,wave,boundary,wave,G*dG->G,0.00191037737050544,1,2,2.51968519185176e-14,4.31900125512261e-10,0.000781378420852016,16
14,wave,boundary,apv,G*dF->F,0.0310488529918316,2,1,1.46462127633447e-14,4.31900125512261e-10,2.12126980544059e-07,16
14,wave,boundary,apv,F*F->F,0.00656591741933405,1,1,3.99680288865056e-15,4.31900125512261e-10,2.12126980544059e-07,16
14,wave,boundary,apv,G*G->F,0.0310488529918316,2,1,1.48287078279177e-14,4.31900125512261e-10,2.12126980544059e-07,16
14,boundary,wave,wave,F*G->G,0.00399881349390927,2,8,2.1430437267306e-14,1.15214716928833e-10,0.000781378420852016,16
14,boundary,wave,wave,G*dG->G,0.00232721102701183,2,8,4.44089209850063e-16,1.15214716928833e-10,0.000781378420852016,16
14,boundary,wave,apv,G*dF->F,0.0232415279598165,1,2,1.22763724276587e-14,1.15214716928833e-10,2.12126980544059e-07,16
14,boundary,wave,apv,F*F->F,0.00443344002189898,1,1,3.33066907387547e-15,1.15214716928833e-10,2.12126980544059e-07,16
14,boundary,wave,apv,G*G->F,0.0232415279598165,1,2,1.23385878742696e-14,1.15214716928833e-10,2.12126980544059e-07,16
14,apv,boundary,wave,F*G->G,0.00249790532600903,3,2,4.22651630644569e-16,4.31900125512261e-10,0.000781378420852016,8
14,apv,boundary,wave,G*dG->G,0.00446838152153404,3,2,2.18094466875197e-15,4.31900125512261e-10,0.000781378420852016,8
14,apv,boundary,apv,G*dF->F,0.0205769430177084,3,2,3.5527136788005e-15,4.31900125512261e-10,2.12126980544059e-07,8
14,apv,boundary,apv,F*F->F,0.00655469390971222,-1,1,3.77475828372553e-15,4.31900125512261e-10,2.12126980544059e-07,8
14,apv,boundary,apv,G*G->F,0.0205769430177085,3,2,3.5527136788005e-15,4.31900125512261e-10,2.12126980544059e-07,8
15,wave,wave,mda,F*G->G,0.000771592448359905,8,8,2.38647152450363e-15,4.17723838256329e-11,2.46042211589346e-15,64
15,wave,wave,mda,G*dG->G,0.000771592448359975,8,8,2.17630530467014e-15,4.17723838256329e-11,2.46042211589346e-15,64
15,wave,wave,inertial,G*dF->F,0.0708036820497154,7,8,1.33330712998896e-15,5.93438066933404e-11,0.000138412981724886,64
15,wave,wave,inertial,F*F->F,0.0708004763891635,8,7,1.68385356517366e-15,5.93438066933404e-11,0.000138412981724886,64
15,wave,wave,inertial,G*G->F,0.0708036820497154,8,7,1.54078480466761e-15,5.93438066933404e-11,0.000138412981724886,64
15,wave,apv,mda,F*G->G,0.000103982654038149,7,3,3.01751366598907e-15,4.17723838256329e-11,2.46042211589346e-15,32
15,wave,apv,mda,G*dG->G,0.000108459655582993,7,3,3.68575779202082e-15,4.17723838256329e-11,2.46042211589346e-15,32
15,wave,apv,inertial,G*dF->F,0.0005469171799456,8,3,1.88840092483e-15,5.93438066933404e-11,0.000138412981724886,32
15,wave,apv,inertial,F*F->F,0.000563771676692006,8,2,1.31841588944374e-15,5.93438066933404e-11,0.000138412981724886,32
15,wave,apv,inertial,G*G->F,0.000546917179945315,8,3,2.26475753208854e-15,5.93438066933404e-11,0.000138412981724886,32
15,apv,wave,mda,F*G->G,0.000108459655582946,3,7,3.44176941073857e-15,4.17723838256329e-11,2.46042211589346e-15,32
15,apv,wave,mda,G*dG->G,0.000103982654037796,3,7,2.72826429954686e-15,4.17723838256329e-11,2.46042211589346e-15,32
15,apv,wave,inertial,G*dF->F,0.000546917179945521,3,8,1.42353796923224e-15,5.93438066933404e-11,0.000138412981724886,32
15,apv,wave,inertial,F*F->F,0.000563771676692006,2,8,1.31841588944374e-15,5.93438066933404e-11,0.000138412981724886,32
15,apv,wave,inertial,G*G->F,0.000546917179945315,3,8,2.26475753208854e-15,5.93438066933404e-11,0.000138412981724886,32
15,wave,boundary,mda,F*G->G,0.000125437371528738,1,1,2.86886184819388e-16,1.15214716928833e-10,2.46042211589346e-15,16
15,wave,boundary,mda,G*dG->G,0.00907248305966739,8,1,4.59742322685518e-15,1.15214716928833e-10,2.46042211589346e-15,16
15,wave,boundary,inertial,G*dF->F,0.0273040573387136,2,1,1.70263348172053e-14,1.15214716928833e-10,0.000138412981724886,16
15,wave,boundary,inertial,F*F->F,0.00497949802772526,1,1,3.5527136788005e-15,1.15214716928833e-10,0.000138412981724886,16
15,wave,boundary,inertial,G*G->F,0.0273040573387136,2,1,1.70879086910749e-14,1.15214716928833e-10,0.000138412981724886,16
15,boundary,wave,mda,F*G->G,0.00907248305966765,1,8,4.15132422056241e-15,1.15214716928833e-10,2.46042211589346e-15,16
15,boundary,wave,mda,G*dG->G,0.000125437371528095,1,1,3.70817511654082e-16,1.15214716928833e-10,2.46042211589346e-15,16
15,boundary,wave,inertial,G*dF->F,0.0273040573387136,1,2,1.73039360177163e-14,1.15214716928833e-10,0.000138412981724886,16
15,boundary,wave,inertial,F*F->F,0.00497949802772526,1,1,3.5527136788005e-15,1.15214716928833e-10,0.000138412981724886,16
15,boundary,wave,inertial,G*G->F,0.0273040573387136,1,2,1.70879086910749e-14,1.15214716928833e-10,0.000138412981724886,16
15,apv,boundary,mda,F*G->G,0.000125211557402956,-1,1,5.94995401674461e-17,1.15214716928833e-10,2.46042211589346e-15,8
15,apv,boundary,mda,G*dG->G,0.000305021477673759,3,2,2.31033234446755e-16,1.15214716928833e-10,2.46042211589346e-15,8
15,apv,boundary,inertial,G*dF->F,0.0226153169232209,3,2,2.88657986402541e-15,1.15214716928833e-10,0.000138412981724886,8
15,apv,boundary,inertial,F*F->F,0.00496821204281265,-1,1,3.5527136788005e-15,1.15214716928833e-10,0.000138412981724886,8
15,apv,boundary,inertial,G*G->F,0.0226153169232209,3,2,3.10862446895044e-15,1.15214716928833e-10,0.000138412981724886,8
16,wave,wave,wave,F*G->G,0.389208025945813,8,8,1.66477070691115e-15,1.34767072184033e-11,0.000781377838735263,64
16,wave,wave,wave,G*dG->G,0.389208065950429,8,8,2.09835979919659e-15,1.34767072184033e-11,0.000781377838735263,64
16,wave,wave,apv,G*dF->F,0.00858234914652598,8,7,1.43412902420901e-15,1.66950581942882e-11,2.12126980544059e-07,64
16,wave,wave,apv,F*F->F,0.00858192218804722,8,7,1.38287201702457e-15,1.66950581942882e-11,2.12126980544059e-07,64
16,wave,wave,apv,G*G->F,0.00858234914652575,8,7,1.45241998678871e-15,1.66950581942882e-11,2.12126980544059e-07,64
16,wave,apv,wave,F*G->G,0.00398389203017136,8,3,7.96248136454713e-16,1.66950581942882e-11,0.000781377838735263,32
16,wave,apv,wave,G*dG->G,0.00915452018566486,8,3,1.75919840235942e-15,1.66950581942882e-11,0.000781377838735263,32
16,wave,apv,apv,G*dF->F,0.000284278335381233,8,3,1.42552405333119e-15,1.66950581942882e-11,2.12126980544059e-07,32
16,wave,apv,apv,F*F->F,0.000283975275178218,8,3,1.56202631486951e-15,1.66950581942882e-11,2.12126980544059e-07,32
16,wave,apv,apv,G*G->F,0.000284278335381534,8,3,1.22660347776475e-15,1.66950581942882e-11,2.12126980544059e-07,32
16,apv,wave,wave,F*G->G,0.0091545196285238,3,8,1.49791042402018e-15,1.66950581942882e-11,0.000781377838735263,32
16,apv,wave,wave,G*dG->G,0.0039838919847975,3,8,5.92679931312901e-16,1.66950581942882e-11,0.000781377838735263,32
16,apv,wave,apv,G*dF->F,0.000284278343921602,3,8,1.71741539984198e-15,1.66950581942882e-11,2.12126980544059e-07,32
16,apv,wave,apv,F*F->F,0.000283975278845162,3,8,1.84017545833832e-15,1.66950581942882e-11,2.12126980544059e-07,32
16,apv,wave,apv,G*G->F,0.000284278343921704,3,8,1.47038251387397e-15,1.66950581942882e-11,2.12126980544059e-07,32
16,wave,boundary,wave,F*G->G,0.000186546830064108,1,2,4.44089209850063e-16,5.73681637978046e-11,0.000781377838735263,16
16,wave,boundary,wave,G*dG->G,0.00128263284892702,8,2,4.21925209346579e-15,5.73681637978046e-11,0.000781377838735263,16
16,wave,boundary,apv,G*dF->F,0.0011240017658902,2,1,2.34959093075183e-15,5.73681637978046e-11,2.12126980544059e-07,16
16,wave,boundary,apv,F*F->F,0.000138304622173974,1,1,1.77635683940025e-15,5.73681637978046e-11,2.12126980544059e-07,16
16,wave,boundary,apv,G*G->F,0.00112400176589024,2,1,2.46127484942062e-15,5.73681637978046e-11,2.12126980544059e-07,16
16,boundary,wave,wave,F*G->G,0.00402308537575034,2,8,9.14638435587601e-15,1.59122271709527e-11,0.000781377838735263,16
16,boundary,wave,wave,G*dG->G,0.000823277118416697,2,1,3.04643084635479e-16,1.59122271709527e-11,0.000781377838735263,16
16,boundary,wave,apv,G*dF->F,0.00649709546627741,1,2,4.78122530891849e-15,1.66950581942882e-11,2.12126980544059e-07,16
16,boundary,wave,apv,F*F->F,0.00092512640504466,1,1,2.44249065417534e-15,1.66950581942882e-11,2.12126980544059e-07,16
16,boundary,wave,apv,G*G->F,0.00649709546627726,1,2,3.99520264237929e-15,1.66950581942882e-11,2.12126980544059e-07,16
16,apv,boundary,wave,F*G->G,0.000172234095991492,-1,2,2.71110866603232e-16,5.73681637978046e-11,0.000781377838735263,8
16,apv,boundary,wave,G*dG->G,0.00180831517932637,3,2,1.11022302462516e-15,5.73681637978046e-11,0.000781377838735263,8
16,apv,boundary,apv,G*dF->F,0.00107340585149293,3,2,1.55431223447522e-15,5.73681637978046e-11,2.12126980544059e-07,8
16,apv,boundary,apv,F*F->F,0.000143145267186477,-1,1,1.77635683940025e-15,5.73681637978046e-11,2.12126980544059e-07,8
16,apv,boundary,apv,G*G->F,0.00107340585149297,3,2,1.55431223447522e-15,5.73681637978046e-11,2.12126980544059e-07,8
17,wave,wave,wave,F*G->G,0.389208072012641,8,8,1.5846655402087e-15,1.34767072184033e-11,0.000781377983950812,64
17,wave,wave,wave,G*dG->G,0.389208072012641,8,8,1.7623389972394e-15,1.34767072184033e-11,0.000781377983950812,64
17,wave,wave,apv,G*dF->F,0.00858234629395604,8,7,1.22418575601384e-15,1.66950581942882e-11,2.12126980544059e-07,64
17,wave,wave,apv,F*F->F,0.00858191960822752,8,7,1.99314312943012e-15,1.66950581942882e-11,2.12126980544059e-07,64
17,wave,wave,apv,G*G->F,0.00858234629395601,8,7,1.21976866979952e-15,1.66950581942882e-11,2.12126980544059e-07,64
17,wave,apv,wave,F*G->G,0.00398389336645213,8,3,5.83487985058537e-16,1.66950581942882e-11,0.000781377983950812,32
17,wave,apv,wave,G*dG->G,0.00915452049393067,8,3,1.5833565037327e-15,1.66950581942882e-11,0.000781377983950812,32
17,wave,apv,apv,G*dF->F,0.000284278335381233,8,3,1.42552405333119e-15,1.66950581942882e-11,2.12126980544059e-07,32
17,wave,apv,apv,F*F->F,0.000283975275178218,8,3,1.56202631486951e-15,1.66950581942882e-11,2.12126980544059e-07,32
17,wave,apv,apv,G*G->F,0.000284278335381534,8,3,1.22660347776475e-15,1.66950581942882e-11,2.12126980544059e-07,32
17,apv,wave,wave,F*G->G,0.0091545204939309,3,8,2.0754299653642e-15,1.66950581942882e-11,0.000781377983950812,32
17,apv,wave,wave,G*dG->G,0.0039838933664521,3,8,7.65730336485931e-16,1.66950581942882e-11,0.000781377983950812,32
17,apv,wave,apv,G*dF->F,0.000284278335381355,3,8,1.73842211706483e-15,1.66950581942882e-11,2.12126980544059e-07,32
17,apv,wave,apv,F*F->F,0.000283975275178218,3,8,1.56202631486951e-15,1.66950581942882e-11,2.12126980544059e-07,32
17,apv,wave,apv,G*G->F,0.000284278335381534,3,8,1.22660347776475e-15,1.66950581942882e-11,2.12126980544059e-07,32
17,wave,boundary,wave,F*G->G,0.000823306208782373,1,2,3.33066907387547e-16,1.59122271709527e-11,0.000781377983950812,16
17,wave,boundary,wave,G*dG->G,0.00402308546102596,8,2,9.12436298201291e-15,1.59122271709527e-11,0.000781377983950812,16
17,wave,boundary,apv,G*dF->F,0.00647188874488682,2,1,5.00409736597945e-15,1.66950581942882e-11,2.12126980544059e-07,16
17,wave,boundary,apv,F*F->F,0.000940044249150514,1,1,2.44249065417534e-15,1.66950581942882e-11,2.12126980544059e-07,16
17,wave,boundary,apv,G*G->F,0.00647188874488698,2,1,5.27638580479564e-15,1.66950581942882e-11,2.12126980544059e-07,16
17,boundary,wave,wave,F*G->G,0.0040230854610262,2,8,9.47064909380561e-15,1.59122271709527e-11,0.000781377983950812,16
17,boundary,wave,wave,G*dG->G,0.000823306208782351,2,1,2.35067423982678e-16,1.59122271709527e-11,0.000781377983950812,16
17,boundary,wave,apv,G*dF->F,0.00647188874488681,1,2,4.73717765164403e-15,1.66950581942882e-11,2.12126980544059e-07,16
17,boundary,wave,apv,F*F->F,0.000940044249150514,1,1,2.44249065417534e-15,1.66950581942882e-11,2.12126980544059e-07,16
17,boundary,wave,apv,G*G->F,0.00647188874488698,1,2,5.27638580479564e-15,1.66950581942882e-11,2.12126980544059e-07,16
17,apv,boundary,wave,F*G->G,0.000790334065598655,-1,2,2.93235167403456e-16,1.66950581942882e-11,0.000781377983950812,8
17,apv,boundary,wave,G*dG->G,0.00479678572784314,3,2,1.54768638400367e-15,1.66950581942882e-11,0.000781377983950812,8
17,apv,boundary,apv,G*dF->F,0.00563338975007335,3,2,2.22044604925031e-15,1.66950581942882e-11,2.12126980544059e-07,8
17,apv,boundary,apv,F*F->F,0.000959249928611195,-1,1,2.44249065417534e-15,1.66950581942882e-11,2.12126980544059e-07,8
17,apv,boundary,apv,G*G->F,0.00563338975007337,3,2,2.44249065417534e-15,1.66950581942882e-11,2.12126980544059e-07,8
18,wave,wave,wave,F*G->G,0.389208111866562,8,8,1.77267283569682e-15,1.34767072184033e-11,0.000781377838735263,64
18,wave,wave,wave,G*dG->G,0.389207992502439,8,8,2.04012858964389e-15,1.34767072184033e-11,0.000781377838735263,64
18,wave,wave,apv,G*dF->F,0.00858234249575695,7,8,1.16357941928327e-15,1.66950581942882e-11,2.12126980544059e-07,64
18,wave,wave,apv,F*F->F,0.00858191625053689,7,8,1.67707634366945e-15,1.66950581942882e-11,2.12126980544059e-07,64
18,wave,wave,apv,G*G->F,0.00858234249575696,7,8,1.63863403946227e-15,1.66950581942882e-11,2.12126980544059e-07,64
18,wave,apv,wave,F*G->G,0.00398389203017136,8,3,7.96248136454713e-16,1.66950581942882e-11,0.000781377838735263,32
18,wave,apv,wave,G*dG->G,0.00915452018566486,8,3,1.75919840235942e-15,1.66950581942882e-11,0.000781377838735263,32
18,wave,apv,apv,G*dF->F,0.000284278335381233,8,3,1.42552405333119e-15,1.66950581942882e-11,2.12126980544059e-07,32
18,wave,apv,apv,F*F->F,0.000283975275178218,8,3,1.56202631486951e-15,1.66950581942882e-11,2.12126980544059e-07,32
18,wave,apv,apv,G*G->F,0.000284278335381534,8,3,1.22660347776475e-15,1.66950581942882e-11,2.12126980544059e-07,32
18,apv,wave,wave,F*G->G,0.00915452184864718,3,8,1.57307752755098e-15,1.66950581942882e-11,0.000781377838735263,32
18,apv,wave,wave,G*dG->G,0.00398389216585674,3,8,6.25193419685685e-16,1.66950581942882e-11,0.000781377838735263,32
18,apv,wave,apv,G*dF->F,0.000284278309846197,3,8,1.78821091331879e-15,1.66950581942882e-11,2.12126980544059e-07,32
18,apv,wave,apv,F*F->F,0.000283975264209622,3,8,1.76080546052675e-15,1.66950581942882e-11,2.12126980544059e-07,32
18,apv,wave,apv,G*G->F,0.00028427830984631,3,8,2.0477513517588e-15,1.66950581942882e-11,2.12126980544059e-07,32
18,wave,boundary,wave,F*G->G,0.00271196753975927,8,2,3.2785803987854e-16,4.31900125512261e-10,0.000781377838735263,16
18,wave,boundary,wave,G*dG->G,0.0019103753627133,1,2,2.4184302924595e-14,4.31900125512261e-10,0.000781377838735263,16
18,wave,boundary,apv,G*dF->F,0.0314191228329025,2,1,1.40037490473395e-14,4.31900125512261e-10,2.12126980544059e-07,16
18,wave,boundary,apv,F*F->F,0.0064975068924996,1,1,3.77475828372553e-15,4.31900125512261e-10,2.12126980544059e-07,16
18,wave,boundary,apv,G*G->F,0.0314191228329023,2,1,1.35561743748125e-14,4.31900125512261e-10,2.12126980544059e-07,16
18,boundary,wave,wave,F*G->G,0.00402308531264713,2,8,9.77597638779794e-15,1.59122271709527e-11,0.000781377838735263,16
18,boundary,wave,wave,G*dG->G,0.000823393419477949,2,1,2.48795906462294e-16,1.59122271709527e-11,0.000781377838735263,16
18,boundary,wave,apv,G*dF->F,0.00640661179401883,1,2,4.85033068648754e-15,1.66950581942882e-11,2.12126980544059e-07,16
18,boundary,wave,apv,F*F->F,0.000972937260997113,1,1,2.44249065417534e-15,1.66950581942882e-11,2.12126980544059e-07,16
18,boundary,wave,apv,G*G->F,0.00640661179401877,1,2,6.22295526078928e-15,1.66950581942882e-11,2.12126980544059e-07,16
18,apv,boundary,wave,F*G->G,0.00249790513910013,3,2,4.47396599586003e-16,4.31900125512261e-10,0.000781377838735263,8
18,apv,boundary,wave,G*dG->G,0.00446838116315634,3,2,2.17491995590729e-15,4.31900125512261e-10,0.000781377838735263,8
18,apv,boundary,apv,G*dF->F,0.0205769430177084,3,2,3.5527136788005e-15,4.31900125512261e-10,2.12126980544059e-07,8
18,apv,boundary,apv,F*F->F,0.00655469390971222,-1,1,3.77475828372553e-15,4.31900125512261e-10,2.12126980544059e-07,8
18,apv,boundary,apv,G*G->F,0.0205769430177085,3,2,3.5527136788005e-15,4.31900125512261e-10,2.12126980544059e-07,8
19,wave,wave,wave,F*G->G,0.389208124058982,8,8,1.91977675831094e-15,1.34767072184033e-11,0.000781378420852016,64
19,wave,wave,wave,G*dG->G,0.389208164063641,8,8,2.41265153802402e-15,1.34767072184033e-11,0.000781378420852016,64
19,wave,wave,apv,G*dF->F,0.00858234914652598,8,7,1.43412902420901e-15,1.66950581942882e-11,2.12126980544059e-07,64
19,wave,wave,apv,F*F->F,0.00858192218804722,8,7,1.38287201702457e-15,1.66950581942882e-11,2.12126980544059e-07,64
19,wave,wave,apv,G*G->F,0.00858234914652575,8,7,1.45241998678871e-15,1.66950581942882e-11,2.12126980544059e-07,64
19,wave,apv,wave,F*G->G,0.00398389738745712,8,3,6.75356849282948e-16,1.66950581942882e-11,0.000781378420852016,32
19,wave,apv,wave,G*dG->G,0.00915452142469154,8,3,1.56413264921934e-15,1.66950581942882e-11,0.000781378420852016,32
19,wave,apv,apv,G*dF->F,0.000284278335381233,8,3,1.42552405333119e-15,1.66950581942882e-11,2.12126980544059e-07,32
19,wave,apv,apv,F*F->F,0.000283975275178218,8,3,1.56202631486951e-15,1.66950581942882e-11,2.12126980544059e-07,32
19,wave,apv,apv,G*G->F,0.000284278335381534,8,3,1.22660347776475e-15,1.66950581942882e-11,2.12126980544059e-07,32
19,apv,wave,wave,F*G->G,0.00915452086752018,3,8,1.62803031707312e-15,1.66950581942882e-11,0.000781378420852016,32
19,apv,wave,wave,G*dG->G,0.00398389734208335,3,8,8.99136776717747e-16,1.66950581942882e-11,0.000781378420852016,32
19,apv,wave,apv,G*dF->F,0.000284278343921602,3,8,1.71741539984198e-15,1.66950581942882e-11,2.12126980544059e-07,32
19,apv,wave,apv,F*F->F,0.000283975278845162,3,8,1.84017545833832e-15,1.66950581942882e-11,2.12126980544059e-07,32
19,apv,wave,apv,G*G->F,0.000284278343921704,3,8,1.47038251387397e-15,1.66950581942882e-11,2.12126980544059e-07,32
19,wave,boundary,wave,F*G->G,0.000186546816379786,1,2,4.44089209850063e-16,5.73681637978046e-11,0.000781378420852016,16
19,wave,boundary,wave,G*dG->G,0.00128263304027666,8,2,4.49567827647026e-15,5.73681637978046e-11,0.000781378420852016,16
19,wave,boundary,apv,G*dF->F,0.0011240017658902,2,1,2.34959093075183e-15,5.73681637978046e-11,2.12126980544059e-07,16
19,wave,boundary,apv,F*F->F,0.000138304622173974,1,1,1.77635683940025e-15,5.73681637978046e-11,2.12126980544059e-07,16
19,wave,boundary,apv,G*G->F,0.00112400176589024,2,1,2.46127484942062e-15,5.73681637978046e-11,2.12126980544059e-07,16
19,boundary,wave,wave,F*G->G,0.00402308578097168,2,8,9.17928539822028e-15,1.59122271709527e-11,0.000781378420852016,16
19,boundary,wave,wave,G*dG->G,0.0008232771574951,2,1,3.35714710232665e-16,1.59122271709527e-11,0.000781378420852016,16
19,boundary,wave,apv,G*dF->F,0.00649709546627741,1,2,4.78122530891849e-15,1.66950581942882e-11,2.12126980544059e-07,16
19,boundary,wave,apv,F*F->F,0.00092512640504466,1,1,2.44249065417534e-15,1.66950581942882e-11,2.12126980544059e-07,16
19,boundary,wave,apv,G*G->F,0.00649709546627726,1,2,3.99520264237929e-15,1.66950581942882e-11,2.12126980544059e-07,16
19,apv,boundary,wave,F*G->G,0.000172234082283655,-1,2,2.22044604925031e-16,5.73681637978046e-11,0.000781378420852016,8
19,apv,boundary,wave,G*dG->G,0.00180831539492226,3,2,1.11022302462516e-15,5.73681637978046e-11,0.000781378420852016,8
19,apv,boundary,apv,G*dF->F,0.00107340585149293,3,2,1.55431223447522e-15,5.73681637978046e-11,2.12126980544059e-07,8
19,apv,boundary,apv,F*F->F,0.000143145267186477,-1,1,1.77635683940025e-15,5.73681637978046e-11,2.12126980544059e-07,8
19,apv,boundary,apv,G*G->F,0.00107340585149297,3,2,1.55431223447522e-15,5.73681637978046e-11,2.12126980544059e-07,8
20,wave,wave,wave,F*G->G,0.389208164029175,8,8,1.94997533539822e-15,1.34767072184033e-11,0.000781378275008409,64
20,wave,wave,wave,G*dG->G,0.38920808434511,8,8,1.60309778745604e-15,1.34767072184033e-11,0.000781378275008409,64
20,wave,wave,apv,G*dF->F,0.00858234375976434,7,8,1.43262760687802e-15,1.66950581942882e-11,2.12126980544059e-07,64
20,wave,wave,apv,F*F->F,0.00858191736795606,7,8,1.44158085278275e-15,1.66950581942882e-11,2.12126980544059e-07,64
20,wave,wave,apv,G*G->F,0.00858234375976437,7,8,1.36199717821383e-15,1.66950581942882e-11,2.12126980544059e-07,64
20,wave,apv,wave,F*G->G,0.00398389604508368,8,3,1.04445871519012e-15,1.66950581942882e-11,0.000781378275008409,32
20,wave,apv,wave,G*dG->G,0.00915452111344411,8,3,1.81592564322603e-15,1.66950581942882e-11,0.000781378275008409,32
20,wave,apv,apv,G*dF->F,0.000284278335381233,8,3,1.42552405333119e-15,1.66950581942882e-11,2.12126980544059e-07,32
20,wave,apv,apv,F*F->F,0.000283975275178218,8,3,1.56202631486951e-15,1.66950581942882e-11,2.12126980544059e-07,32
20,wave,apv,apv,G*G->F,0.000284278335381534,8,3,1.22660347776475e-15,1.66950581942882e-11,2.12126980544059e-07,32
20,apv,wave,wave,F*G->G,0.009154522223547,3,8,2.03457414034383e-15,1.66950581942882e-11,0.000781378275008409,32
20,apv,wave,wave,G*dG->G,0.00398389613560892,3,8,1.20817163377284e-15,1.66950581942882e-11,0.000781378275008409,32
20,apv,wave,apv,G*dF->F,0.000284278318343917,3,8,1.60243156949077e-15,1.66950581942882e-11,2.12126980544059e-07,32
20,apv,wave,apv,F*F->F,0.000283975267861407,3,8,1.99479308708618e-15,1.66950581942882e-11,2.12126980544059e-07,32
20,apv,wave,apv,G*G->F,0.000284278318343742,3,8,9.94606953822137e-16,1.66950581942882e-11,2.12126980544059e-07,32
20,wave,boundary,wave,F*G->G,0.00232721100679222,8,2,3.61360903082584e-16,1.15214716928833e-10,0.000781378275008409,16
20,wave,boundary,wave,G*dG->G,0.00399881342463479,8,2,1.99736093775541e-14,1.15214716928833e-10,0.000781378275008409,16
20,wave,boundary,apv,G*dF->F,0.0235931723923091,2,1,1.07642020048704e-14,1.15214716928833e-10,2.12126980544059e-07,16
20,wave,boundary,apv,F*F->F,0.00435189827089063,1,1,3.77475828372553e-15,1.15214716928833e-10,2.12126980544059e-07,16
20,wave,boundary,apv,G*G->F,0.023593172392309,2,1,1.09571675733773e-14,1.15214716928833e-10,2.12126980544059e-07,16
20,boundary,wave,wave,F*G->G,0.00402308563208369,2,8,9.76498891074473e-15,1.59122271709527e-11,0.000781378275008409,16
20,boundary,wave,wave,G*dG->G,0.000823364379268696,2,1,3.33066907387547e-16,1.59122271709527e-11,0.000781378275008409,16
20,boundary,wave,apv,G*dF->F,0.00642682864427623,1,2,5.30248703006511e-15,1.66950581942882e-11,2.12126980544059e-07,16
20,boundary,wave,apv,F*F->F,0.00096339139924388,1,1,2.66453525910038e-15,1.66950581942882e-11,2.12126980544059e-07,16
20,boundary,wave,apv,G*G->F,0.00642682864427622,1,2,5.36035583334601e-15,1.66950581942882e-11,2.12126980544059e-07,16
20,apv,boundary,wave,F*G->G,0.00212098026673795,3,2,4.0926285906161e-16,1.15214716928833e-10,0.000781378275008409,8
20,apv,boundary,wave,G*dG->G,0.00550164151570073,3,2,2.04082904320721e-15,1.15214716928833e-10,0.000781378275008409,8
20,apv,boundary,apv,G*dF->F,0.0164519677807785,3,2,2.88657986402541e-15,1.15214716928833e-10,2.12126980544059e-07,8
20,apv,boundary,apv,F*F->F,0.00440019526064693,-1,1,3.5527136788005e-15,1.15214716928833e-10,2.12126980544059e-07,8
20,apv,boundary,apv,G*G->F,0.0164519677807785,3,2,3.10862446895044e-15,1.15214716928833e-10,2.12126980544059e-07,8
21,wave,wave,mda,F*G->G,0.0007715912408552,8,8,3.31494551552226e-15,4.17723838256329e-11,2.46042211589346e-15,64
21,wave,wave,mda,G*dG->G,0.000771591240855186,8,8,3.84873471666907e-15,4.17723838256329e-11,2.46042211589346e-15,64
21,wave,wave,inertial,G*dF->F,0.0708037245665817,7,8,1.50557523755806e-15,5.93438066933404e-11,0.000138412981724886,64
21,wave,wave,inertial,F*F->F,0.0708005119968532,8,7,1.55610680830768e-15,5.93438066933404e-11,0.000138412981724886,64
21,wave,wave,inertial,G*G->F,0.0708037245665817,8,7,1.55855842676195e-15,5.93438066933404e-11,0.000138412981724886,64
21,wave,apv,mda,F*G->G,0.000103982701632967,7,3,2.11656164352506e-15,4.17723838256329e-11,2.46042211589346e-15,32
21,wave,apv,mda,G*dG->G,0.000108459711900565,7,3,2.84192678350166e-15,4.17723838256329e-11,2.46042211589346e-15,32
21,wave,apv,inertial,G*dF->F,0.000546917026907086,8,3,1.49506467162331e-15,5.93438066933404e-11,0.000138412981724886,32
21,wave,apv,inertial,F*F->F,0.000563771819244639,8,2,1.24221809489376e-15,5.93438066933404e-11,0.000138412981724886,32
21,wave,apv,inertial,G*G->F,0.000546917026906784,8,3,1.41488528489075e-15,5.93438066933404e-11,0.000138412981724886,32
21,apv,wave,mda,F*G->G,0.000108459711900502,3,7,1.61088706567212e-15,4.17723838256329e-11,2.46042211589346e-15,32
21,apv,wave,mda,G*dG->G,0.000103982701632741,3,7,1.67842902830803e-15,4.17723838256329e-11,2.46042211589346e-15,32
21,apv,wave,inertial,G*dF->F,0.000546917026907757,3,8,1.28382916303306e-15,5.93438066933404e-11,0.000138412981724886,32
21,apv,wave,inertial,F*F->F,0.000563771819244639,2,8,1.24221809489376e-15,5.93438066933404e-11,0.000138412981724886,32
21,apv,wave,inertial,G*G->F,0.000546917026906784,3,8,1.41488528489075e-15,5.93438066933404e-11,0.000138412981724886,32
21,wave,boundary,mda,F*G->G,3.48306321126487e-05,1,1,2.45463993587013e-16,4.17723838256329e-11,2.46042211589346e-15,16
21,wave,boundary,mda,G*dG->G,0.00276033916768538,8,1,2.35284171948685e-15,4.17723838256329e-11,2.46042211589346e-15,16
21,wave,boundary,inertial,G*dF->F,0.00726176180175278,2,1,8.44913322614627e-15,5.93438066933404e-11,0.000138412981724886,16
21,wave,boundary,inertial,F*F->F,0.000989947331834675,1,1,2.44249065417534e-15,5.93438066933404e-11,0.000138412981724886,16
21,wave,boundary,inertial,G*G->F,0.00726176180175288,2,1,6.97259051241688e-15,5.93438066933404e-11,0.000138412981724886,16
21,boundary,wave,mda,F*G->G,0.00276033916768533,1,8,2.10330455589363e-15,4.17723838256329e-11,2.46042211589346e-15,16
21,boundary,wave,mda,G*dG->G,3.48306321118599e-05,1,1,3.70688819681808e-16,4.17723838256329e-11,2.46042211589346e-15,16
21,boundary,wave,inertial,G*dF->F,0.00726176180175277,1,2,7.93528398303598e-15,5.93438066933404e-11,0.000138412981724886,16
21,boundary,wave,inertial,F*F->F,0.000989947331834675,1,1,2.44249065417534e-15,5.93438066933404e-11,0.000138412981724886,16
21,boundary,wave,inertial,G*G->F,0.00726176180175288,1,2,6.97259051241688e-15,5.93438066933404e-11,0.000138412981724886,16
21,apv,boundary,mda,F*G->G,3.54219059438855e-05,-1,1,3.73773106189688e-16,4.17723838256329e-11,2.46042211589346e-15,8
21,apv,boundary,mda,G*dG->G,0.000131020066410228,3,2,1.70580120578321e-16,4.17723838256329e-11,2.46042211589346e-15,8
21,apv,boundary,inertial,G*dF->F,0.00777466022138596,3,2,2.22044604925031e-15,5.93438066933404e-11,0.000138412981724886,8
21,apv,boundary,inertial,F*F->F,0.00101136222374493,-1,1,2.44249065417534e-15,5.93438066933404e-11,0.000138412981724886,8
21,apv,boundary,inertial,G*G->F,0.00777466022138594,3,2,2.44249065417534e-15,5.93438066933404e-11,0.000138412981724886,8
22,wave,wave,wave,F*G->G,0.38920820997968,8,8,1.55693707297988e-15,1.34767072184033e-11,0.000781378420852016,64
22,wave,wave,wave,G*dG->G,0.389208090615427,8,8,2.20614862604534e-15,1.34767072184033e-11,0.000781378420852016,64
22,wave,wave,apv,G*dF->F,0.00858234249575695,7,8,1.16357941928327e-15,1.66950581942882e-11,2.12126980544059e-07,64
22,wave,wave,apv,F*F->F,0.00858191625053689,7,8,1.67707634366945e-15,1.66950581942882e-11,2.12126980544059e-07,64
22,wave,wave,apv,G*G->F,0.00858234249575696,7,8,1.63863403946227e-15,1.66950581942882e-11,2.12126980544059e-07,64
22,wave,apv,wave,F*G->G,0.00398389738745712,8,3,6.75356849282948e-16,1.66950581942882e-11,0.000781378420852016,32
22,wave,apv,wave,G*dG->G,0.00915452142469154,8,3,1.56413264921934e-15,1.66950581942882e-11,0.000781378420852016,32
22,wave,apv,apv,G*dF->F,0.000284278335381233,8,3,1.42552405333119e-15,1.66950581942882e-11,2.12126980544059e-07,32
22,wave,apv,apv,F*F->F,0.000283975275178218,8,3,1.56202631486951e-15,1.66950581942882e-11,2.12126980544059e-07,32
22,wave,apv,apv,G*G->F,0.000284278335381534,8,3,1.22660347776475e-15,1.66950581942882e-11,2.12126980544059e-07,32
22,apv,wave,wave,F*G->G,0.00915452308776426,3,8,1.56958295537051e-15,1.66950581942882e-11,0.000781378420852016,32
22,apv,wave,wave,G*dG->G,0.00398389752314225,3,8,7.12365785908263e-16,1.66950581942882e-11,0.000781378420852016,32
22,apv,wave,apv,G*dF->F,0.000284278309846197,3,8,1.78821091331879e-15,1.66950581942882e-11,2.12126980544059e-07,32
22,apv,wave,apv,F*F->F,0.000283975264209622,3,8,1.76080546052675e-15,1.66950581942882e-11,2.12126980544059e-07,32
22,apv,wave,apv,G*G->F,0.00028427830984631,3,8,2.0477513517588e-15,1.66950581942882e-11,2.12126980544059e-07,32
22,wave,boundary,wave,F*G->G,0.00271196774501941,8,2,3.55543392083347e-16,4.31900125512261e-10,0.000781378420852016,16
22,wave,boundary,wave,G*dG->G,0.00191037554690092,1,2,2.42287221715827e-14,4.31900125512261e-10,0.000781378420852016,16
22,wave,boundary,apv,G*dF->F,0.0314191228329025,2,1,1.40037490473395e-14,4.31900125512261e-10,2.12126980544059e-07,16
22,wave,boundary,apv,F*F->F,0.0064975068924996,1,1,3.77475828372553e-15,4.31900125512261e-10,2.12126980544059e-07,16
22,wave,boundary,apv,G*G->F,0.0314191228329023,2,1,1.35561743748125e-14,4.31900125512261e-10,2.12126980544059e-07,16
22,boundary,wave,wave,F*G->G,0.00402308571786842,2,8,9.80410707709683e-15,1.59122271709527e-11,0.000781378420852016,16
22,boundary,wave,wave,G*dG->G,0.00082339345855633,2,1,2.56828249059913e-16,1.59122271709527e-11,0.000781378420852016,16
22,boundary,wave,apv,G*dF->F,0.00640661179401883,1,2,4.85033068648754e-15,1.66950581942882e-11,2.12126980544059e-07,16
22,boundary,wave,apv,F*F->F,0.000972937260997113,1,1,2.44249065417534e-15,1.66950581942882e-11,2.12126980544059e-07,16
22,boundary,wave,apv,G*G->F,0.00640661179401877,1,2,6.22295526078928e-15,1.66950581942882e-11,2.12126980544059e-07,16
22,apv,boundary,wave,F*G->G,0.00249790532600903,3,2,4.22651630644569e-16,4.31900125512261e-10,0.000781378420852016,8
22,apv,boundary,wave,G*dG->G,0.00446838152153404,3,2,2.18094466875197e-15,4.31900125512261e-10,0.000781378420852016,8
22,apv,boundary,apv,G*dF->F,0.0205769430177084,3,2,3.5527136788005e-15,4.31900125512261e-10,2.12126980544059e-07,8
22,apv,boundary,apv,F*F->F,0.00655469390971222,-1,1,3.77475828372553e-15,4.31900125512261e-10,2.12126980544059e-07,8
22,apv,boundary,apv,G*G->F,0.0205769430177085,3,2,3.5527136788005e-15,4.31900125512261e-10,2.12126980544059e-07,8
23,wave,wave,wave,F*G->G,0.389208065950429,8,8,1.42298431773514e-15,1.34767072184033e-11,0.000781377838735263,64
23,wave,wave,wave,G*dG->G,0.389208025945813,8,8,1.73466772445569e-15,1.34767072184033e-11,0.000781377838735263,64
23,wave,wave,apv,G*dF->F,0.00858234914652573,7,8,1.65769633119163e-15,1.66950581942882e-11,2.12126980544059e-07,64
23,wave,wave,apv,F*F->F,0.00858192218804722,7,8,1.38287201702457e-15,1.66950581942882e-11,2.12126980544059e-07,64
23,wave,wave,apv,G*G->F,0.00858234914652575,7,8,1.45241998678871e-15,1.66950581942882e-11,2.12126980544059e-07,64
23,wave,apv,wave,F*G->G,0.00398389198479754,8,3,6.26533434362823e-16,1.66950581942882e-11,0.000781377838735263,32
23,wave,apv,wave,G*dG->G,0.00915451962852365,8,3,1.93458996827499e-15,1.66950581942882e-11,0.000781377838735263,32
23,wave,apv,apv,G*dF->F,0.0002842783439217,8,3,1.66425095430968e-15,1.66950581942882e-11,2.12126980544059e-07,32
23,wave,apv,apv,F*F->F,0.000283975278845162,8,3,1.84017545833832e-15,1.66950581942882e-11,2.12126980544059e-07,32
23,wave,apv,apv,G*G->F,0.000284278343921704,8,3,1.47038251387397e-15,1.66950581942882e-11,2.12126980544059e-07,32
23,apv,wave,wave,F*G->G,0.00915452018566499,3,8,1.65424831877976e-15,1.66950581942882e-11,0.000781377838735263,32
23,apv,wave,wave,G*dG->G,0.00398389203017138,3,8,6.13168638875148e-16,1.66950581942882e-11,0.000781377838735263,32
23,apv,wave,apv,G*dF->F,0.000284278335381355,3,8,1.73842211706483e-15,1.66950581942882e-11,2.12126980544059e-07,32
23,apv,wave,apv,F*F->F,0.000283975275178218,3,8,1.56202631486951e-15,1.66950581942882e-11,2.12126980544059e-07,32
23,apv,wave,apv,G*G->F,0.000284278335381534,3,8,1.22660347776475e-15,1.66950581942882e-11,2.12126980544059e-07,32
23,wave,boundary,wave,F*G->G,0.000823277118416696,1,2,3.33066907387547e-16,1.59122271709527e-11,0.000781377838735263,16
23,wave,boundary,wave,G*dG->G,0.00402308537574989,8,2,9.14620584041639e-15,1.59122271709527e-11,0.000781377838735263,16
23,wave,boundary,apv,G*dF->F,0.00649709546627737,2,1,5.06864895172903e-15,1.66950581942882e-11,2.12126980544059e-07,16
23,wave,boundary,apv,F*F->F,0.00092512640504466,1,1,2.44249065417534e-15,1.66950581942882e-11,2.12126980544059e-07,16
23,wave,boundary,apv,G*G->F,0.00649709546627726,2,1,3.99520264237929e-15,1.66950581942882e-11,2.12126980544059e-07,16
23,boundary,wave,wave,F*G->G,0.0012826328489272,2,8,4.09202367253984e-15,5.73681637978046e-11,0.000781377838735263,16
23,boundary,wave,wave,G*dG->G,0.000186546830064118,2,1,3.33066907387547e-16,5.73681637978046e-11,0.000781377838735263,16
23,boundary,wave,apv,G*dF->F,0.00112400176589028,1,2,2.73352679759171e-15,5.73681637978046e-11,2.12126980544059e-07,16
23,boundary,wave,apv,F*F->F,0.000138304622173974,1,1,1.77635683940025e-15,5.73681637978046e-11,2.12126980544059e-07,16
23,boundary,wave,apv,G*G->F,0.00112400176589024,1,2,2.46127484942062e-15,5.73681637978046e-11,2.12126980544059e-07,16
23,apv,boundary,wave,F*G->G,0.000790334056598897,-1,2,3.32833001589328e-16,1.66950581942882e-11,0.000781377838735263,8
23,apv,boundary,wave,G*dG->G,0.00479678562180875,3,2,1.43118775564034e-15,1.66950581942882e-11,0.000781377838735263,8
23,apv,boundary,apv,G*dF->F,0.00563338975007335,3,2,2.22044604925031e-15,1.66950581942882e-11,2.12126980544059e-07,8
23,apv,boundary,apv,F*F->F,0.000959249928611195,-1,1,2.44249065417534e-15,1.66950581942882e-11,2.12126980544059e-07,8
23,apv,boundary,apv,G*G->F,0.00563338975007337,3,2,2.44249065417534e-15,1.66950581942882e-11,2.12126980544059e-07,8
24,wave,wave,wave,F*G->G,0.389208068821817,8,8,1.54837361207131e-15,9.19502912355459e-12,0.000781377983950812,64
24,wave,wave,wave,G*dG->G,0.389208068821817,8,8,1.55935619994259e-15,9.19502912355459e-12,0.000781377983950812,64
24,wave,wave,apv,G*dF->F,0.00858235041672325,7,8,1.47637088444623e-15,1.66950581942882e-11,2.12126980544059e-07,64
24,wave,wave,apv,F*F->F,0.00858192331092654,8,7,1.14049172687377e-15,1.66950581942882e-11,2.12126980544059e-07,64
24,wave,wave,apv,G*G->F,0.00858235041672323,8,7,1.53614407165225e-15,1.66950581942882e-11,2.12126980544059e-07,64
24,wave,apv,wave,F*G->G,0.00398389332107829,8,3,1.02869422558085e-15,1.66950581942882e-11,0.000781377983950812,32
24,wave,apv,wave,G*dG->G,0.00915451993678227,8,3,1.57914374338192e-15,1.66950581942882e-11,0.000781377983950812,32
24,wave,apv,apv,G*dF->F,0.0002842783439217,8,3,1.66425095430968e-15,1.66950581942882e-11,2.12126980544059e-07,32
24,wave,apv,apv,F*F->F,0.000283975278845162,8,3,1.84017545833832e-15,1.66950581942882e-11,2.12126980544059e-07,32
24,wave,apv,apv,G*G->F,0.000284278343921704,8,3,1.47038251387397e-15,1.66950581942882e-11,2.12126980544059e-07,32
24,apv,wave,wave,F*G->G,0.00915451993678214,3,8,1.46035192623995e-15,1.66950581942882e-11,0.000781377983950812,32
24,apv,wave,wave,G*dG->G,0.00398389332107833,3,8,7.23084767390374e-16,1.66950581942882e-11,0.000781377983950812,32
24,apv,wave,apv,G*dF->F,0.000284278343921602,3,8,1.71741539984198e-15,1.66950581942882e-11,2.12126980544059e-07,32
24,apv,wave,apv,F*F->F,0.000283975278845162,3,8,1.84017545833832e-15,1.66950581942882e-11,2.12126980544059e-07,32
24,apv,wave,apv,G*G->F,0.000284278343921704,3,8,1.47038251387397e-15,1.66950581942882e-11,2.12126980544059e-07,32
24,wave,boundary,wave,F*G->G,0.00018645313487024,1,2,3.33066907387547e-16,5.73681637978046e-11,0.000781377983950812,16
24,wave,boundary,wave,G*dG->G,0.00128263289781162,8,2,4.21530039954815e-15,5.73681637978046e-11,0.000781377983950812,16
24,wave,boundary,apv,G*dF->F,0.001127001579034,2,1,2.43699134039102e-15,5.73681637978046e-11,2.12126980544059e-07,16
24,wave,boundary,apv,F*F->F,0.000134505471649181,1,1,1.77635683940025e-15,5.73681637978046e-11,2.12126980544059e-07,16
24,wave,boundary,apv,G*G->F,0.00112700157903398,2,1,2.75481574133184e-15,5.73681637978046e-11,2.12126980544059e-07,16
24,boundary,wave,wave,F*G->G,0.00128263289781162,2,8,4.05392039665115e-15,5.73681637978046e-11,0.000781377983950812,16
24,boundary,wave,wave,G*dG->G,0.000186453134870334,2,1,3.33066907387547e-16,5.73681637978046e-11,0.000781377983950812,16
24,boundary,wave,apv,G*dF->F,0.00112700157903407,1,2,2.34364972616946e-15,5.73681637978046e-11,2.12126980544059e-07,16
24,boundary,wave,apv,F*F->F,0.000134505471649181,1,1,1.77635683940025e-15,5.73681637978046e-11,2.12126980544059e-07,16
24,boundary,wave,apv,G*G->F,0.00112700157903398,1,2,2.75481574133184e-15,5.73681637978046e-11,2.12126980544059e-07,16
24,apv,boundary,wave,F*G->G,0.000172234092572131,-1,2,2.29185204975158e-16,5.73681637978046e-11,0.000781377983950812,8
24,apv,boundary,wave,G*dG->G,0.00180831523311118,3,2,1.13678199273733e-15,5.73681637978046e-11,0.000781377983950812,8
24,apv,boundary,apv,G*dF->F,0.00107340585149293,3,2,1.55431223447522e-15,5.73681637978046e-11,2.12126980544059e-07,8
24,apv,boundary,apv,F*F->F,0.000143145267186477,-1,1,1.77635683940025e-15,5.73681637978046e-11,2.12126980544059e-07,8
24,apv,boundary,apv,G*G->F,0.00107340585149297,3,2,1.55431223447522e-15,5.73681637978046e-11,2.12126980544059e-07,8
25,wave,wave,wave,F*G->G,0.389208108910394,8,8,1.57238042423338e-15,1.32795212962528e-11,0.000781377838735263,64
25,wave,wave,wave,G*dG->G,0.389207989221778,8,8,2.25221376575954e-15,1.32795212962528e-11,0.000781377838735263,64
25,wave,wave,apv,G*dF->F,0.00858234661233475,7,8,1.46060133986184e-15,1.66950581942882e-11,2.12126980544059e-07,64
25,wave,wave,apv,F*F->F,0.00858191994777651,7,8,1.3294660891963e-15,1.66950581942882e-11,2.12126980544059e-07,64
25,wave,wave,apv,G*G->F,0.00858234661233474,7,8,1.67966424636308e-15,1.66950581942882e-11,2.12126980544059e-07,64
25,wave,apv,wave,F*G->G,0.00398389198479754,8,3,6.26533434362823e-16,1.66950581942882e-11,0.000781377838735263,32
25,wave,apv,wave,G*dG->G,0.00915451962852365,8,3,1.93458996827499e-15,1.66950581942882e-11,0.000781377838735263,32
25,wave,apv,apv,G*dF->F,0.0002842783439217,8,3,1.66425095430968e-15,1.66950581942882e-11,2.12126980544059e-07,32
25,wave,apv,apv,F*F->F,0.000283975278845162,8,3,1.84017545833832e-15,1.66950581942882e-11,2.12126980544059e-07,32
25,wave,apv,apv,G*G->F,0.000284278343921704,8,3,1.47038251387397e-15,1.66950581942882e-11,2.12126980544059e-07,32
25,apv,wave,wave,F*G->G,0.00915452129572235,3,8,1.41930470549371e-15,1.66950581942882e-11,0.000781377838735263,32
25,apv,wave,wave,G*dG->G,0.00398389212069664,3,8,6.52232083833982e-16,1.66950581942882e-11,0.000781377838735263,32
25,apv,wave,apv,G*dF->F,0.000284278318343917,3,8,1.60243156949077e-15,1.66950581942882e-11,2.12126980544059e-07,32
25,apv,wave,apv,F*F->F,0.000283975267861407,3,8,1.99479308708618e-15,1.66950581942882e-11,2.12126980544059e-07,32
25,apv,wave,apv,G*G->F,0.000284278318343742,3,8,9.94606953822137e-16,1.66950581942882e-11,2.12126980544059e-07,32
25,wave,boundary,wave,F*G->G,0.00232721088481569,8,2,3.33066907387547e-16,1.15214716928833e-10,0.000781377838735263,16
25,wave,boundary,wave,G*dG->G,0.00399881315907058,8,2,1.96204760381829e-14,1.15214716928833e-10,0.000781377838735263,16
25,wave,boundary,apv,G*dF->F,0.0237290619706856,2,1,1.05198072280277e-14,1.15214716928833e-10,2.12126980544059e-07,16
25,wave,boundary,apv,F*F->F,0.00431466363661348,1,1,3.5527136788005e-15,1.15214716928833e-10,2.12126980544059e-07,16
25,wave,boundary,apv,G*G->F,0.0237290619706857,2,1,9.98823467256372e-15,1.15214716928833e-10,2.12126980544059e-07,16
25,boundary,wave,wave,F*G->G,0.00128263284663379,2,8,4.32849764225832e-15,5.73681637978046e-11,0.000781377838735263,16
25,boundary,wave,wave,G*dG->G,0.000186734213966549,2,1,3.33066907387547e-16,5.73681637978046e-11,0.000781377838735263,16
25,boundary,wave,apv,G*dF->F,0.00111863509420641,1,2,2.9970825166141e-15,5.73681637978046e-11,2.12126980544059e-07,16
25,boundary,wave,apv,F*F->F,0.000144296316445549,1,1,1.99840144432528e-15,5.73681637978046e-11,2.12126980544059e-07,16
25,boundary,wave,apv,G*G->F,0.00111863509420653,1,2,1.67984493806338e-15,5.73681637978046e-11,2.12126980544059e-07,16
25,apv,boundary,wave,F*G->G,0.00212098015088044,3,2,3.92972920501459e-16,1.15214716928833e-10,0.000781377838735263,8
25,apv,boundary,wave,G*dG->G,0.00550164117760971,3,2,2.04316119340364e-15,1.15214716928833e-10,0.000781377838735263,8
25,apv,boundary,apv,G*dF->F,0.0164519677807785,3,2,2.88657986402541e-15,1.15214716928833e-10,2.12126980544059e-07,8
25,apv,boundary,apv,F*F->F,0.00440019526064693,-1,1,3.5527136788005e-15,1.15214716928833e-10,2.12126980544059e-07,8
25,apv,boundary,apv,G*G->F,0.0164519677807785,3,2,3.10862446895044e-15,1.15214716928833e-10,2.12126980544059e-07,8
26,wave,wave,wave,F*G->G,0.389208117878332,8,8,1.35550413023447e-15,1.34767072184033e-11,0.000781378275008409,64
26,wave,wave,wave,G*dG->G,0.389208117878332,8,8,2.41857226843377e-15,1.34767072184033e-11,0.000781378275008409,64
26,wave,wave,apv,G*dF->F,0.00858235041672325,7,8,1.47637088444623e-15,1.66950581942882e-11,2.12126980544059e-07,64
26,wave,wave,apv,F*F->F,0.00858192331092654,8,7,1.14049172687377e-15,1.66950581942882e-11,2.12126980544059e-07,64
26,wave,wave,apv,G*G->F,0.00858235041672323,8,7,1.53614407165225e-15,1.66950581942882e-11,2.12126980544059e-07,64
26,wave,apv,wave,F*G->G,0.00398389599970992,8,3,6.99487546550218e-16,1.66950581942882e-11,0.000781378275008409,32
26,wave,apv,wave,G*dG->G,0.00915452055628052,8,3,1.48287903371736e-15,1.66950581942882e-11,0.000781378275008409,32
26,wave,apv,apv,G*dF->F,0.0002842783439217,8,3,1.66425095430968e-15,1.66950581942882e-11,2.12126980544059e-07,32
26,wave,apv,apv,F*F->F,0.000283975278845162,8,3,1.84017545833832e-15,1.66950581942882e-11,2.12126980544059e-07,32
26,wave,apv,apv,G*G->F,0.000284278343921704,8,3,1.47038251387397e-15,1.66950581942882e-11,2.12126980544059e-07,32
26,apv,wave,wave,F*G->G,0.00915452055628042,3,8,1.60852776816639e-15,1.66950581942882e-11,0.000781378275008409,32
26,apv,wave,wave,G*dG->G,0.00398389599970995,3,8,5.36679514811264e-16,1.66950581942882e-11,0.000781378275008409,32
26,apv,wave,apv,G*dF->F,0.000284278343921602,3,8,1.71741539984198e-15,1.66950581942882e-11,2.12126980544059e-07,32
26,apv,wave,apv,F*F->F,0.000283975278845162,3,8,1.84017545833832e-15,1.66950581942882e-11,2.12126980544059e-07,32
26,apv,wave,apv,G*G->F,0.000284278343921704,3,8,1.47038251387397e-15,1.66950581942882e-11,2.12126980544059e-07,32
26,wave,boundary,wave,F*G->G,0.00018645312802987,1,2,3.33066907387547e-16,5.73681637978046e-11,0.000781378275008409,16
26,wave,boundary,wave,G*dG->G,0.00128263299348513,8,2,4.35520835582324e-15,5.73681637978046e-11,0.000781378275008409,16
26,wave,boundary,apv,G*dF->F,0.001127001579034,2,1,2.43699134039102e-15,5.73681637978046e-11,2.12126980544059e-07,16
26,wave,boundary,apv,F*F->F,0.000134505471649181,1,1,1.77635683940025e-15,5.73681637978046e-11,2.12126980544059e-07,16
26,wave,boundary,apv,G*G->F,0.00112700157903398,2,1,2.75481574133184e-15,5.73681637978046e-11,2.12126980544059e-07,16
26,boundary,wave,wave,F*G->G,0.0012826329934847,2,8,4.2325096167241e-15,5.73681637978046e-11,0.000781378275008409,16
26,boundary,wave,wave,G*dG->G,0.00018645312802993,2,1,3.33066907387547e-16,5.73681637978046e-11,0.000781378275008409,16
26,boundary,wave,apv,G*dF->F,0.00112700157903407,1,2,2.34364972616946e-15,5.73681637978046e-11,2.12126980544059e-07,16
26,boundary,wave,apv,F*F->F,0.000134505471649181,1,1,1.77635683940025e-15,5.73681637978046e-11,2.12126980544059e-07,16
26,boundary,wave,apv,G*G->F,0.00112700157903398,1,2,2.75481574133184e-15,5.73681637978046e-11,2.12126980544059e-07,16
26,apv,boundary,wave,F*G->G,0.000172234085718197,-1,2,2.97288833568682e-16,5.73681637978046e-11,0.000781378275008409,8
26,apv,boundary,wave,G*dG->G,0.00180831534090739,3,2,1.11022302462516e-15,5.73681637978046e-11,0.000781378275008409,8
26,apv,boundary,apv,G*dF->F,0.00107340585149293,3,2,1.55431223447522e-15,5.73681637978046e-11,2.12126980544059e-07,8
26,apv,boundary,apv,F*F->F,0.000143145267186477,-1,1,1.77635683940025e-15,5.73681637978046e-11,2.12126980544059e-07,8
26,apv,boundary,apv,G*G->F,0.00107340585149297,3,2,1.55431223447522e-15,5.73681637978046e-11,2.12126980544059e-07,8
27,wave,wave,wave,F*G->G,0.38920815474234,8,8,1.49156577656921e-15,1.32795212962528e-11,0.000781377983950812,64
27,wave,wave,wave,G*dG->G,0.389207995373558,8,8,1.79297470320226e-15,1.32795212962528e-11,0.000781377983950812,64
27,wave,wave,apv,G*dF->F,0.0085823453483273,7,8,1.82971668851424e-15,1.66950581942882e-11,2.12126980544059e-07,64
27,wave,wave,apv,F*F->F,0.00858191883035743,7,8,1.71191990799999e-15,1.66950581942882e-11,2.12126980544059e-07,64
27,wave,wave,apv,G*G->F,0.0085823453483272,7,8,1.77395449294196e-15,1.66950581942882e-11,2.12126980544059e-07,64
27,wave,apv,wave,F*G->G,0.00398389332107829,8,3,1.02869422558085e-15,1.66950581942882e-11,0.000781377983950812,32
27,wave,apv,wave,G*dG->G,0.00915451993678227,8,3,1.57914374338192e-15,1.66950581942882e-11,0.000781377983950812,32
27,wave,apv,apv,G*dF->F,0.0002842783439217,8,3,1.66425095430968e-15,1.66950581942882e-11,2.12126980544059e-07,32
27,wave,apv,apv,F*F->F,0.000283975278845162,8,3,1.84017545833832e-15,1.66950581942882e-11,2.12126980544059e-07,32
27,wave,apv,apv,G*G->F,0.000284278343921704,8,3,1.47038251387397e-15,1.66950581942882e-11,2.12126980544059e-07,32
27,apv,wave,wave,F*G->G,0.00915452215693551,3,8,1.8751517313957e-15,1.66950581942882e-11,0.000781377983950812,32
27,apv,wave,wave,G*dG->G,0.00398389350213743,3,8,4.15609302333175e-16,1.66950581942882e-11,0.000781377983950812,32
27,apv,wave,apv,G*dF->F,0.000284278309846197,3,8,1.78821091331879e-15,1.66950581942882e-11,2.12126980544059e-07,32
27,apv,wave,apv,F*F->F,0.000283975264209622,3,8,1.76080546052675e-15,1.66950581942882e-11,2.12126980544059e-07,32
27,apv,wave,apv,G*G->F,0.00028427830984631,3,8,2.0477513517588e-15,1.66950581942882e-11,2.12126980544059e-07,32
27,wave,boundary,wave,F*G->G,0.00271196759942235,8,2,3.3135789230304e-16,4.31900125512261e-10,0.000781377983950812,16
27,wave,boundary,wave,G*dG->G,0.00191037447559313,1,2,2.36732234669705e-14,4.31900125512261e-10,0.000781377983950812,16
27,wave,boundary,apv,G*dF->F,0.0316263819907223,2,1,1.33225906284981e-14,4.31900125512261e-10,2.12126980544059e-07,16
27,wave,boundary,apv,F*F->F,0.00645350376760668,1,1,3.77475828372553e-15,4.31900125512261e-10,2.12126980544059e-07,16
27,wave,boundary,apv,G*G->F,0.0316263819907222,2,1,1.29517321089304e-14,4.31900125512261e-10,2.12126980544059e-07,16
27,boundary,wave,wave,F*G->G,0.00128263289322527,2,8,4.31270047396381e-15,5.73681637978046e-11,0.000781377983950812,16
27,boundary,wave,wave,G*dG->G,0.000186827900116097,2,1,4.44089209850063e-16,5.73681637978046e-11,0.000781377983950812,16
27,boundary,wave,apv,G*dF->F,0.00111622539984084,1,2,3.03667973292269e-15,5.73681637978046e-11,2.12126980544059e-07,16
27,boundary,wave,apv,F*F->F,0.000146764726217933,1,1,1.77635683940025e-15,5.73681637978046e-11,2.12126980544059e-07,16
27,boundary,wave,apv,G*G->F,0.001116225399841,1,2,2.6462351625356e-15,5.73681637978046e-11,2.12126980544059e-07,16
27,apv,boundary,wave,F*G->G,0.00249790518572918,3,2,4.36693164529213e-16,4.31900125512261e-10,0.000781377983950812,8
27,apv,boundary,wave,G*dG->G,0.00446838125256166,3,2,2.18621137520183e-15,4.31900125512261e-10,0.000781377983950812,8
27,apv,boundary,apv,G*dF->F,0.0205769430177084,3,2,3.5527136788005e-15,4.31900125512261e-10,2.12126980544059e-07,8
27,apv,boundary,apv,F*F->F,0.00655469390971222,-1,1,3.77475828372553e-15,4.31900125512261e-10,2.12126980544059e-07,8
27,apv,boundary,apv,G*G->F,0.0205769430177085,3,2,3.5527136788005e-15,4.31900125512261e-10,2.12126980544059e-07,8
28,wave,wave,wave,F*G->G,0.389208164063641,8,8,1.4453511311018e-15,1.34767072184033e-11,0.000781378420852016,64
28,wave,wave,wave,G*dG->G,0.389208124058982,8,8,1.73589676141464e-15,1.34767072184033e-11,0.000781378420852016,64
28,wave,wave,apv,G*dF->F,0.00858234914652573,7,8,1.65769633119163e-15,1.66950581942882e-11,2.12126980544059e-07,64
28,wave,wave,apv,F*F->F,0.00858192218804722,7,8,1.38287201702457e-15,1.66950581942882e-11,2.12126980544059e-07,64
28,wave,wave,apv,G*G->F,0.00858234914652575,7,8,1.45241998678871e-15,1.66950581942882e-11,2.12126980544059e-07,64
28,wave,apv,wave,F*G->G,0.00398389734208341,8,3,7.22649008800337e-16,1.66950581942882e-11,0.000781378420852016,32
28,wave,apv,wave,G*dG->G,0.00915452086752022,8,3,1.43429636297435e-15,1.66950581942882e-11,0.000781378420852016,32
28,wave,apv,apv,G*dF->F,0.0002842783439217,8,3,1.66425095430968e-15,1.66950581942882e-11,2.12126980544059e-07,32
28,wave,apv,apv,F*F->F,0.000283975278845162,8,3,1.84017545833832e-15,1.66950581942882e-11,2.12126980544059e-07,32
28,wave,apv,apv,G*G->F,0.000284278343921704,8,3,1.47038251387397e-15,1.66950581942882e-11,2.12126980544059e-07,32
28,apv,wave,wave,F*G->G,0.00915452142469153,3,8,1.69930979193231e-15,1.66950581942882e-11,0.000781378420852016,32
28,apv,wave,wave,G*dG->G,0.00398389738745708,3,8,5.17915757351485e-16,1.66950581942882e-11,0.000781378420852016,32
28,apv,wave,apv,G*dF->F,0.000284278335381355,3,8,1.73842211706483e-15,1.66950581942882e-11,2.12126980544059e-07,32
28,apv,wave,apv,F*F->F,0.000283975275178218,3,8,1.56202631486951e-15,1.66950581942882e-11,2.12126980544059e-07,32
28,apv,wave,apv,G*G->F,0.000284278335381534,3,8,1.22660347776475e-15,1.66950581942882e-11,2.12126980544059e-07,32
28,wave,boundary,wave,F*G->G,0.000823277157495079,1,2,3.33066907387547e-16,1.59122271709527e-11,0.000781378420852016,16
28,wave,boundary,wave,G*dG->G,0.00402308578097129,8,2,9.0023491101231e-15,1.59122271709527e-11,0.000781378420852016,16
28,wave,boundary,apv,G*dF->F,0.00649709546627737,2,1,5.06864895172903e-15,1.66950581942882e-11,2.12126980544059e-07,16
28,wave,boundary,apv,F*F->F,0.00092512640504466,1,1,2.44249065417534e-15,1.66950581942882e-11,2.12126980544059e-07,16
28,wave,boundary,apv,G*G->F,0.00649709546627726,2,1,3.99520264237929e-15,1.66950581942882e-11,2.12126980544059e-07,16
28,boundary,wave,wave,F*G->G,0.00128263304027637,2,8,4.26746454010221e-15,5.73681637978046e-11,0.000781378420852016,16
28,boundary,wave,wave,G*dG->G,0.000186546816379762,2,1,3.33066907387547e-16,5.73681637978046e-11,0.000781378420852016,16
28,boundary,wave,apv,G*dF->F,0.00112400176589028,1,2,2.73352679759171e-15,5.73681637978046e-11,2.12126980544059e-07,16
28,boundary,wave,apv,F*F->F,0.000138304622173974,1,1,1.77635683940025e-15,5.73681637978046e-11,2.12126980544059e-07,16
28,boundary,wave,apv,G*G->F,0.00112400176589024,1,2,2.46127484942062e-15,5.73681637978046e-11,2.12126980544059e-07,16
28,apv,boundary,wave,F*G->G,0.000790334092671682,-1,2,3.72643374853052e-16,1.66950581942882e-11,0.000781378420852016,8
28,apv,boundary,wave,G*dG->G,0.00479678604684334,3,2,1.51898545438869e-15,1.66950581942882e-11,0.000781378420852016,8
28,apv,boundary,apv,G*dF->F,0.00563338975007335,3,2,2.22044604925031e-15,1.66950581942882e-11,2.12126980544059e-07,8
28,apv,boundary,apv,F*F->F,0.000959249928611195,-1,1,2.44249065417534e-15,1.66950581942882e-11,2.12126980544059e-07,8
28,apv,boundary,apv,G*G->F,0.00563338975007337,3,2,2.44249065417534e-15,1.66950581942882e-11,2.12126980544059e-07,8
29,wave,wave,mda,F*G->G,0.00077159063561042,8,8,2.23513697194685e-15,4.17723838256329e-11,2.46042211589346e-15,64
29,wave,wave,mda,G*dG->G,0.000771590635610389,8,8,3.11730211229992e-15,4.17723838256329e-11,2.46042211589346e-15,64
29,wave,wave,inertial,G*dF->F,0.0708037458908683,7,8,1.71059169799035e-15,5.93438066933404e-11,0.000138412981724886,64
29,wave,wave,inertial,F*F->F,0.0708005298561207,8,7,1.38079018285721e-15,5.93438066933404e-11,0.000138412981724886,64
29,wave,wave,inertial,G*G->F,0.0708037458908684,8,7,1.28569307535468e-15,5.93438066933404e-11,0.000138412981724886,64
29,wave,apv,mda,F*G->G,0.000103982725512352,7,3,1.91105621700656e-15,4.17723838256329e-11,2.46042211589346e-15,32
29,wave,apv,mda,G*dG->G,0.000108459740154036,7,3,4.41829344619725e-15,4.17723838256329e-11,2.46042211589346e-15,32
29,wave,apv,inertial,G*dF->F,0.000546916950201961,8,3,1.52049340707854e-15,5.93438066933404e-11,0.000138412981724886,32
29,wave,apv,inertial,F*F->F,0.000563771890693701,8,2,1.54529895396313e-15,5.93438066933404e-11,0.000138412981724886,32
29,wave,apv,inertial,G*G->F,0.000546916950202744,8,3,1.71960007760821e-15,5.93438066933404e-11,0.000138412981724886,32
29,apv,wave,mda,F*G->G,0.000108459740154798,3,7,1.84900636165858e-15,4.17723838256329e-11,2.46042211589346e-15,32
29,apv,wave,mda,G*dG->G,0.00010398272551228,3,7,2.69846404137281e-15,4.17723838256329e-11,2.46042211589346e-15,32
29,apv,wave,inertial,G*dF->F,0.000546916950201711,3,8,1.77616238688898e-15,5.93438066933404e-11,0.000138412981724886,32
29,apv,wave,inertial,F*F->F,0.000563771890693701,2,8,1.54529895396313e-15,5.93438066933404e-11,0.000138412981724886,32
29,apv,wave,inertial,G*G->F,0.000546916950202744,3,8,1.71960007760821e-15,5.93438066933404e-11,0.000138412981724886,32
29,wave,boundary,mda,F*G->G,6.99437354657484e-06,1,1,5.40384705800974e-16,5.73681637978046e-11,2.46042211589346e-15,16
29,wave,boundary,mda,G*dG->G,0.000540240664842,4,1,1.1736248181667e-15,5.73681637978046e-11,2.46042211589346e-15,16
29,wave,boundary,inertial,G*dF->F,0.0011435385330217,2,1,3.07635602332189e-15,5.93438066933404e-11,0.000138412981724886,16
29,wave,boundary,inertial,F*F->F,0.000120550112990545,1,1,1.77635683940025e-15,5.93438066933404e-11,0.000138412981724886,16
29,wave,boundary,inertial,G*G->F,0.00114353853302202,2,1,3.20736884230208e-15,5.93438066933404e-11,0.000138412981724886,16
29,boundary,wave,mda,F*G->G,0.000540240664842572,1,4,1.02183564563613e-15,5.73681637978046e-11,2.46042211589346e-15,16
29,boundary,wave,mda,G*dG->G,6.99437354577737e-06,1,1,5.92573668896709e-16,5.73681637978046e-11,2.46042211589346e-15,16
29,boundary,wave,inertial,G*dF->F,0.00114353853302207,1,2,2.90368660406714e-15,5.93438066933404e-11,0.000138412981724886,16
29,boundary,wave,inertial,F*F->F,0.000120550112990545,1,1,1.77635683940025e-15,5.93438066933404e-11,0.000138412981724886,16
29,boundary,wave,inertial,G*G->F,0.00114353853302202,1,2,3.20736884230208e-15,5.93438066933404e-11,0.000138412981724886,16
29,apv,boundary,mda,F*G->G,7.35798422647302e-06,-1,1,3.39615172809269e-16,5.73681637978046e-11,2.46042211589346e-15,8
29,apv,boundary,mda,G*dG->G,4.20695276323073e-05,3,1,4.8170842885949e-16,5.73681637978046e-11,2.46042211589346e-15,8
29,apv,boundary,inertial,G*dF->F,0.00144480987670073,3,2,1.55431223447522e-15,5.93438066933404e-11,0.000138412981724886,8
29,apv,boundary,inertial,F*F->F,0.000129124087344392,-1,1,1.77635683940025e-15,5.93438066933404e-11,0.000138412981724886,8
29,apv,boundary,inertial,G*G->F,0.00144480987670049,3,2,1.55431223447522e-15,5.93438066933404e-11,0.000138412981724886,8
30,wave,wave,wave,F*G->G,0.38920820379883,8,8,1.44214628166218e-15,1.34767072184033e-11,0.000781378275008409,64
30,wave,wave,wave,G*dG->G,0.389208044429962,8,8,2.04569799941858e-15,1.34767072184033e-11,0.000781378275008409,64
30,wave,wave,apv,G*dF->F,0.0085823453483273,7,8,1.82971668851424e-15,1.66950581942882e-11,2.12126980544059e-07,64
30,wave,wave,apv,F*F->F,0.00858191883035743,7,8,1.71191990799999e-15,1.66950581942882e-11,2.12126980544059e-07,64
30,wave,wave,apv,G*G->F,0.0085823453483272,7,8,1.77395449294196e-15,1.66950581942882e-11,2.12126980544059e-07,64
30,wave,apv,wave,F*G->G,0.00398389599970992,8,3,6.99487546550218e-16,1.66950581942882e-11,0.000781378275008409,32
30,wave,apv,wave,G*dG->G,0.00915452055628052,8,3,1.48287903371736e-15,1.66950581942882e-11,0.000781378275008409,32
30,wave,apv,apv,G*dF->F,0.0002842783439217,8,3,1.66425095430968e-15,1.66950581942882e-11,2.12126980544059e-07,32
30,wave,apv,apv,F*F->F,0.000283975278845162,8,3,1.84017545833832e-15,1.66950581942882e-11,2.12126980544059e-07,32
30,wave,apv,apv,G*G->F,0.000284278343921704,8,3,1.47038251387397e-15,1.66950581942882e-11,2.12126980544059e-07,32
30,apv,wave,wave,F*G->G,0.00915452277649437,3,8,1.39178311699131e-15,1.66950581942882e-11,0.000781378275008409,32
30,apv,wave,wave,G*dG->G,0.00398389618076893,3,8,6.63741857110226e-16,1.66950581942882e-11,0.000781378275008409,32
30,apv,wave,apv,G*dF->F,0.000284278309846197,3,8,1.78821091331879e-15,1.66950581942882e-11,2.12126980544059e-07,32
30,apv,wave,apv,F*F->F,0.000283975264209622,3,8,1.76080546052675e-15,1.66950581942882e-11,2.12126980544059e-07,32
30,apv,wave,apv,G*G->F,0.00028427830984631,3,8,2.0477513517588e-15,1.66950581942882e-11,2.12126980544059e-07,32
30,wave,boundary,wave,F*G->G,0.00271196770205146,8,2,3.23564306566003e-16,4.31900125512261e-10,0.000781378275008409,16
30,wave,boundary,wave,G*dG->G,0.00191037456768566,1,2,2.37642214330328e-14,4.31900125512261e-10,0.000781378275008409,16
30,wave,boundary,apv,G*dF->F,0.0316263819907223,2,1,1.33225906284981e-14,4.31900125512261e-10,2.12126980544059e-07,16
30,wave,boundary,apv,F*F->F,0.00645350376760668,1,1,3.77475828372553e-15,4.31900125512261e-10,2.12126980544059e-07,16
30,wave,boundary,apv,G*G->F,0.0316263819907222,2,1,1.29517321089304e-14,4.31900125512261e-10,2.12126980544059e-07,16
30,boundary,wave,wave,F*G->G,0.00128263298889879,2,8,4.5506737925142e-15,5.73681637978046e-11,0.000781378275008409,16
30,boundary,wave,wave,G*dG->G,0.000186827893268451,2,1,4.44089209850063e-16,5.73681637978046e-11,0.000781378275008409,16
30,boundary,wave,apv,G*dF->F,0.00111622539984084,1,2,3.03667973292269e-15,5.73681637978046e-11,2.12126980544059e-07,16
30,boundary,wave,apv,F*F->F,0.000146764726217933,1,1,1.77635683940025e-15,5.73681637978046e-11,2.12126980544059e-07,16
30,boundary,wave,apv,G*G->F,0.001116225399841,1,2,2.6462351625356e-15,5.73681637978046e-11,2.12126980544059e-07,16
30,apv,boundary,wave,F*G->G,0.00249790527918273,3,2,4.56259240112499e-16,4.31900125512261e-10,0.000781378275008409,8
30,apv,boundary,wave,G*dG->G,0.00446838143174942,3,2,2.18630307888842e-15,4.31900125512261e-10,0.000781378275008409,8
30,apv,boundary,apv,G*dF->F,0.0205769430177084,3,2,3.5527136788005e-15,4.31900125512261e-10,2.12126980544059e-07,8
30,apv,boundary,apv,F*F->F,0.00655469390971222,-1,1,3.77475828372553e-15,4.31900125512261e-10,2.12126980544059e-07,8
30,apv,boundary,apv,G*G->F,0.0205769430177085,3,2,3.5527136788005e-15,4.31900125512261e-10,2.12126980544059e-07,8
31,wave,wave,wave,F*G->G,0.38920820702358,8,8,1.57749023944189e-15,9.19502912355459e-12,0.000781378420852016,64
31,wave,wave,wave,G*dG->G,0.389208087334835,8,8,2.20529906413208e-15,9.19502912355459e-12,0.000781378420852016,64
31,wave,wave,apv,G*dF->F,0.00858234661233475,7,8,1.46060133986184e-15,1.66950581942882e-11,2.12126980544059e-07,64
31,wave,wave,apv,F*F->F,0.00858191994777651,7,8,1.3294660891963e-15,1.66950581942882e-11,2.12126980544059e-07,64
31,wave,wave,apv,G*G->F,0.00858234661233474,7,8,1.67966424636308e-15,1.66950581942882e-11,2.12126980544059e-07,64
31,wave,apv,wave,F*G->G,0.00398389734208341,8,3,7.22649008800337e-16,1.66950581942882e-11,0.000781378420852016,32
31,wave,apv,wave,G*dG->G,0.00915452086752022,8,3,1.43429636297435e-15,1.66950581942882e-11,0.000781378420852016,32
31,wave,apv,apv,G*dF->F,0.0002842783439217,8,3,1.66425095430968e-15,1.66950581942882e-11,2.12126980544059e-07,32
31,wave,apv,apv,F*F->F,0.000283975278845162,8,3,1.84017545833832e-15,1.66950581942882e-11,2.12126980544059e-07,32
31,wave,apv,apv,G*G->F,0.000284278343921704,8,3,1.47038251387397e-15,1.66950581942882e-11,2.12126980544059e-07,32
31,apv,wave,wave,F*G->G,0.00915452253480943,3,8,1.59813340949107e-15,1.66950581942882e-11,0.000781378420852016,32
31,apv,wave,wave,G*dG->G,0.00398389747798223,3,8,6.76877565284573e-16,1.66950581942882e-11,0.000781378420852016,32
31,apv,wave,apv,G*dF->F,0.000284278318343917,3,8,1.60243156949077e-15,1.66950581942882e-11,2.12126980544059e-07,32
31,apv,wave,apv,F*F->F,0.000283975267861407,3,8,1.99479308708618e-15,1.66950581942882e-11,2.12126980544059e-07,32
31,apv,wave,apv,G*G->F,0.000284278318343742,3,8,9.94606953822137e-16,1.66950581942882e-11,2.12126980544059e-07,32
31,wave,boundary,wave,F*G->G,0.00232721105788892,8,2,3.33066907387547e-16,1.15214716928833e-10,0.000781378420852016,16
31,wave,boundary,wave,G*dG->G,0.00399881352320463,8,2,1.94854493918163e-14,1.15214716928833e-10,0.000781378420852016,16
31,wave,boundary,apv,G*dF->F,0.0237290619706856,2,1,1.05198072280277e-14,1.15214716928833e-10,2.12126980544059e-07,16
31,wave,boundary,apv,F*F->F,0.00431466363661348,1,1,3.5527136788005e-15,1.15214716928833e-10,2.12126980544059e-07,16
31,wave,boundary,apv,G*G->F,0.0237290619706857,2,1,9.98823467256372e-15,1.15214716928833e-10,2.12126980544059e-07,16
31,boundary,wave,wave,F*G->G,0.00128263303798307,2,8,4.58310057606284e-15,5.73681637978046e-11,0.000781378420852016,16
31,boundary,wave,wave,G*dG->G,0.000186734200274864,2,1,3.33066907387547e-16,5.73681637978046e-11,0.000781378420852016,16
31,boundary,wave,apv,G*dF->F,0.00111863509420641,1,2,2.9970825166141e-15,5.73681637978046e-11,2.12126980544059e-07,16
31,boundary,wave,apv,F*F->F,0.000144296316445549,1,1,1.99840144432528e-15,5.73681637978046e-11,2.12126980544059e-07,16
31,boundary,wave,apv,G*G->F,0.00111863509420653,1,2,1.67984493806338e-15,5.73681637978046e-11,2.12126980544059e-07,16
31,apv,boundary,wave,F*G->G,0.00212098030546632,3,2,3.97288473859612e-16,1.15214716928833e-10,0.000781378420852016,8
31,apv,boundary,wave,G*dG->G,0.00550164162871722,3,2,2.0368804686604e-15,1.15214716928833e-10,0.000781378420852016,8
31,apv,boundary,apv,G*dF->F,0.0164519677807785,3,2,2.88657986402541e-15,1.15214716928833e-10,2.12126980544059e-07,8
31,apv,boundary,apv,F*F->F,0.00440019526064693,-1,1,3.5527136788005e-15,1.15214716928833e-10,2.12126980544059e-07,8
31,apv,boundary,apv,G*G->F,0.0164519677807785,3,2,3.10862446895044e-15,1.15214716928833e-10,2.12126980544059e-07,8
