interaction,inputA,inputB,output,channel,error,modeA,signA,modeB,signB,referenceStability,eigenProductStability,productCount,zeroProductCount
32027,wave,wave,wave,u*dx(u),7.86213557135412e-07,23,1,24,1,3.52104054637126e-15,1.10610631764985e-10,1056,0
32027,wave,wave,wave,v*dy(u),0,1,1,1,1,0,0,0,1056
32027,wave,wave,wave,w*dz(u),7.86481409475326e-07,23,1,24,1,2.04381418886957e-14,2.07380572741875e-06,1056,0
32027,wave,wave,wave,u*dx(v),7.85761941184925e-07,23,1,24,1,3.47134919165186e-15,8.30715496391576e-11,1056,0
32027,wave,wave,wave,v*dy(v),0,1,1,1,1,0,0,0,1056
32027,wave,wave,wave,w*dz(v),7.86029563653534e-07,23,1,24,1,2.02766059499969e-14,2.03610622727705e-06,1056,0
32027,wave,wave,wave,u*dx(w),5.86631762855777e-10,24,1,24,1,9.99200722162641e-16,1.10442766043661e-10,1056,0
32027,wave,wave,wave,v*dy(w),0,1,1,1,1,0,0,0,1056
32027,wave,wave,wave,w*dz(w),5.86631762872221e-10,24,1,24,1,9.99200722162641e-16,1.10442766043661e-10,1056,0
32027,wave,wave,wave,u*dx(eta),3.98931288787113e-08,24,1,24,1,9.99200722162641e-16,8.27382606871652e-11,1056,0
32027,wave,wave,wave,v*dy(eta),0,1,1,1,1,0,0,0,1056
32027,wave,wave,wave,w*dz(eta),3.98931288807508e-08,24,1,24,1,1.11022302462516e-15,8.27380386425602e-11,1056,0
32027,wave,wave,wave,w*eta*dlogN2,2.40786700425455e-08,24,1,23,1,6.66133814775094e-16,8.32891533519842e-11,1056,0
32027,wave,apv,wave,u*dx(u),0,1,1,-1,0,0,0,0,288
32027,wave,apv,wave,v*dy(u),0,1,1,-1,0,0,0,0,288
32027,wave,apv,wave,w*dz(u),0,1,1,-1,0,0,0,0,288
32027,wave,apv,wave,u*dx(v),5.86647374087911e-11,24,1,5,0,2.2198184342283e-15,5.52435874823232e-11,288,0
32027,wave,apv,wave,v*dy(v),0,1,1,-1,0,0,0,0,288
32027,wave,apv,wave,w*dz(v),6.13639953072505e-11,24,1,5,0,2.59248026182552e-15,5.54680745779024e-11,288,0
32027,wave,apv,wave,u*dx(w),0,1,1,-1,0,0,0,0,288
32027,wave,apv,wave,v*dy(w),0,1,1,-1,0,0,0,0,288
32027,wave,apv,wave,w*dz(w),0,1,1,-1,0,0,0,0,288
32027,wave,apv,wave,u*dx(eta),1.74118366939726e-12,24,1,5,0,1.169903931843e-15,5.53384005286262e-11,288,0
32027,wave,apv,wave,v*dy(eta),0,1,1,-1,0,0,0,0,288
32027,wave,apv,wave,w*dz(eta),1.69824034515474e-12,24,1,5,0,6.66133814775094e-16,1.4941092807419e-10,288,0
32027,wave,apv,wave,w*eta*dlogN2,4.07053013474349e-12,24,1,5,0,6.66133814775094e-16,5.58224577673627e-11,288,0
32027,apv,wave,wave,u*dx(u),0,-1,0,1,1,0,0,0,288
32027,apv,wave,wave,v*dy(u),0,-1,0,1,1,0,0,0,288
32027,apv,wave,wave,w*dz(u),0,-1,0,1,1,0,0,0,288
32027,apv,wave,wave,u*dx(v),0,-1,0,1,1,0,0,0,288
32027,apv,wave,wave,v*dy(v),0,-1,0,1,1,0,0,0,288
32027,apv,wave,wave,w*dz(v),0,-1,0,1,1,0,0,0,288
32027,apv,wave,wave,u*dx(w),0,-1,0,1,1,0,0,0,288
32027,apv,wave,wave,v*dy(w),0,-1,0,1,1,0,0,0,288
32027,apv,wave,wave,w*dz(w),0,-1,0,1,1,0,0,0,288
32027,apv,wave,wave,u*dx(eta),0,-1,0,1,1,0,0,0,288
32027,apv,wave,wave,v*dy(eta),0,-1,0,1,1,0,0,0,288
32027,apv,wave,wave,w*dz(eta),0,-1,0,1,1,0,0,0,288
32027,apv,wave,wave,w*eta*dlogN2,0,-1,0,1,1,0,0,0,288
32027,wave,boundary,wave,u*dx(u),0,1,1,1,0,0,0,0,96
32027,wave,boundary,wave,v*dy(u),0,1,1,1,0,0,0,0,96
32027,wave,boundary,wave,w*dz(u),0,1,1,1,0,0,0,0,96
32027,wave,boundary,wave,u*dx(v),3.71668361076641e-13,24,1,2,0,3.07346722247183e-15,5.54214452108681e-11,96,0
32027,wave,boundary,wave,v*dy(v),0,1,1,1,0,0,0,0,96
32027,wave,boundary,wave,w*dz(v),3.53526723316567e-13,24,1,1,0,2.08771287957004e-15,5.5534465914775e-11,96,0
32027,wave,boundary,wave,u*dx(w),0,1,1,1,0,0,0,0,96
32027,wave,boundary,wave,v*dy(w),0,1,1,1,0,0,0,0,96
32027,wave,boundary,wave,w*dz(w),0,1,1,1,0,0,0,0,96
32027,wave,boundary,wave,u*dx(eta),9.79922469731711e-15,24,1,1,0,5.55111512312578e-16,5.55269163982075e-11,96,0
32027,wave,boundary,wave,v*dy(eta),0,1,1,1,0,0,0,0,96
32027,wave,boundary,wave,w*dz(eta),1.0263044620562e-14,24,1,2,0,6.05441243607107e-16,5.54523094109527e-11,96,0
32027,wave,boundary,wave,w*eta*dlogN2,1.08535805863004e-14,24,1,1,0,6.89419759976378e-16,5.55637758026251e-11,96,0
32027,boundary,wave,wave,u*dx(u),0,1,0,1,1,0,0,0,96
32027,boundary,wave,wave,v*dy(u),0,1,0,1,1,0,0,0,96
32027,boundary,wave,wave,w*dz(u),0,1,0,1,1,0,0,0,96
32027,boundary,wave,wave,u*dx(v),0,1,0,1,1,0,0,0,96
32027,boundary,wave,wave,v*dy(v),0,1,0,1,1,0,0,0,96
32027,boundary,wave,wave,w*dz(v),0,1,0,1,1,0,0,0,96
32027,boundary,wave,wave,u*dx(w),0,1,0,1,1,0,0,0,96
32027,boundary,wave,wave,v*dy(w),0,1,0,1,1,0,0,0,96
32027,boundary,wave,wave,w*dz(w),0,1,0,1,1,0,0,0,96
32027,boundary,wave,wave,u*dx(eta),0,1,0,1,1,0,0,0,96
32027,boundary,wave,wave,v*dy(eta),0,1,0,1,1,0,0,0,96
32027,boundary,wave,wave,w*dz(eta),0,1,0,1,1,0,0,0,96
32027,boundary,wave,wave,w*eta*dlogN2,0,1,0,1,1,0,0,0,96
32027,apv,boundary,wave,u*dx(u),0,-1,0,1,0,0,0,0,12
32027,apv,boundary,wave,v*dy(u),0,-1,0,1,0,0,0,0,12
32027,apv,boundary,wave,w*dz(u),0,-1,0,1,0,0,0,0,12
32027,apv,boundary,wave,u*dx(v),0,-1,0,1,0,0,0,0,12
32027,apv,boundary,wave,v*dy(v),0,-1,0,1,0,0,0,0,12
32027,apv,boundary,wave,w*dz(v),0,-1,0,1,0,0,0,0,12
32027,apv,boundary,wave,u*dx(w),0,-1,0,1,0,0,0,0,12
32027,apv,boundary,wave,v*dy(w),0,-1,0,1,0,0,0,0,12
32027,apv,boundary,wave,w*dz(w),0,-1,0,1,0,0,0,0,12
32027,apv,boundary,wave,u*dx(eta),0,-1,0,1,0,0,0,0,12
32027,apv,boundary,wave,v*dy(eta),0,-1,0,1,0,0,0,0,12
32027,apv,boundary,wave,w*dz(eta),0,-1,0,1,0,0,0,0,12
32027,apv,boundary,wave,w*eta*dlogN2,0,-1,0,1,0,0,0,0,12
32027,boundary,apv,wave,u*dx(u),0,1,0,-1,0,0,0,0,12
32027,boundary,apv,wave,v*dy(u),0,1,0,-1,0,0,0,0,12
32027,boundary,apv,wave,w*dz(u),0,1,0,-1,0,0,0,0,12
32027,boundary,apv,wave,u*dx(v),0,1,0,-1,0,0,0,0,12
32027,boundary,apv,wave,v*dy(v),0,1,0,-1,0,0,0,0,12
32027,boundary,apv,wave,w*dz(v),0,1,0,-1,0,0,0,0,12
32027,boundary,apv,wave,u*dx(w),0,1,0,-1,0,0,0,0,12
32027,boundary,apv,wave,v*dy(w),0,1,0,-1,0,0,0,0,12
32027,boundary,apv,wave,w*dz(w),0,1,0,-1,0,0,0,0,12
32027,boundary,apv,wave,u*dx(eta),0,1,0,-1,0,0,0,0,12
32027,boundary,apv,wave,v*dy(eta),0,1,0,-1,0,0,0,0,12
32027,boundary,apv,wave,w*dz(eta),0,1,0,-1,0,0,0,0,12
32027,boundary,apv,wave,w*eta*dlogN2,0,1,0,-1,0,0,0,0,12
32027,boundary,boundary,wave,u*dx(u),0,1,0,1,0,0,0,0,4
32027,boundary,boundary,wave,v*dy(u),0,1,0,1,0,0,0,0,4
32027,boundary,boundary,wave,w*dz(u),0,1,0,1,0,0,0,0,4
32027,boundary,boundary,wave,u*dx(v),0,1,0,1,0,0,0,0,4
32027,boundary,boundary,wave,v*dy(v),0,1,0,1,0,0,0,0,4
32027,boundary,boundary,wave,w*dz(v),0,1,0,1,0,0,0,0,4
32027,boundary,boundary,wave,u*dx(w),0,1,0,1,0,0,0,0,4
32027,boundary,boundary,wave,v*dy(w),0,1,0,1,0,0,0,0,4
32027,boundary,boundary,wave,w*dz(w),0,1,0,1,0,0,0,0,4
32027,boundary,boundary,wave,u*dx(eta),0,1,0,1,0,0,0,0,4
32027,boundary,boundary,wave,v*dy(eta),0,1,0,1,0,0,0,0,4
32027,boundary,boundary,wave,w*dz(eta),0,1,0,1,0,0,0,0,4
32027,boundary,boundary,wave,w*eta*dlogN2,0,1,0,1,0,0,0,0,4
32068,wave,wave,inertial,u*dx(u),3.33524985330779e-10,24,1,23,1,1.26183680697422e-15,1.10610631764985e-10,1056,0
32068,wave,wave,inertial,v*dy(u),0,1,1,1,1,0,0,0,1056
32068,wave,wave,inertial,w*dz(u),1.11293699070383e-09,1,1,1,1,9.82772986590932e-15,8.22992033756023e-07,1056,0
32068,wave,wave,inertial,u*dx(v),3.33525029930081e-10,24,1,23,1,1.52262673966128e-15,8.30715496391576e-11,1056,0
32068,wave,wave,inertial,v*dy(v),0,1,1,1,1,0,0,0,1056
32068,wave,wave,inertial,w*dz(v),1.11293708513255e-09,1,1,1,1,9.7935305985131e-15,8.2298094700236e-07,1056,0
32068,wave,wave,mda,u*dx(eta),6.20501929835486e-12,24,1,24,1,3.21984371043349e-15,6.94227018735637e-10,1056,0
32068,wave,wave,mda,v*dy(eta),0,1,1,1,1,0,0,0,1056
32068,wave,wave,mda,w*dz(eta),6.20504049277172e-12,24,1,24,1,3.27257156304776e-15,6.94226918725345e-10,1056,0
32068,wave,wave,mda,w*eta*dlogN2,1.06691377912577e-12,24,1,23,1,3.26292225486484e-15,1.0837462436374e-10,1056,0
32068,wave,apv,inertial,u*dx(u),0,1,1,-1,0,0,0,0,288
32068,wave,apv,inertial,v*dy(u),0,1,1,-1,0,0,0,0,288
32068,wave,apv,inertial,w*dz(u),0,1,1,-1,0,0,0,0,288
32068,wave,apv,inertial,u*dx(v),4.21717444151229e-15,23,1,3,0,1.05811855437363e-15,5.52435874823232e-11,288,0
32068,wave,apv,inertial,v*dy(v),0,1,1,-1,0,0,0,0,288
32068,wave,apv,inertial,w*dz(v),3.02849769387546e-15,22,1,5,0,1.26329935107963e-15,5.54680745779024e-11,288,0
32068,wave,apv,mda,u*dx(eta),4.06636513972345e-15,24,1,-1,0,2.11998147428754e-15,7.41129138629778e-10,288,0
32068,wave,apv,mda,v*dy(eta),0,1,1,-1,0,0,0,0,288
32068,wave,apv,mda,w*dz(eta),1.28956281676383e-13,1,1,-1,0,2.82565118103085e-15,3.37137075402209e-07,288,0
32068,wave,apv,mda,w*eta*dlogN2,2.79025291234622e-15,22,1,1,0,3.29308912755798e-15,9.74587919365518e-11,288,0
32068,apv,wave,inertial,u*dx(u),0,-1,0,1,1,0,0,0,288
32068,apv,wave,inertial,v*dy(u),0,-1,0,1,1,0,0,0,288
32068,apv,wave,inertial,w*dz(u),0,-1,0,1,1,0,0,0,288
32068,apv,wave,inertial,u*dx(v),0,-1,0,1,1,0,0,0,288
32068,apv,wave,inertial,v*dy(v),0,-1,0,1,1,0,0,0,288
32068,apv,wave,inertial,w*dz(v),0,-1,0,1,1,0,0,0,288
32068,apv,wave,mda,u*dx(eta),0,-1,0,1,1,0,0,0,288
32068,apv,wave,mda,v*dy(eta),0,-1,0,1,1,0,0,0,288
32068,apv,wave,mda,w*dz(eta),0,-1,0,1,1,0,0,0,288
32068,apv,wave,mda,w*eta*dlogN2,0,-1,0,1,1,0,0,0,288
32068,wave,boundary,inertial,u*dx(u),0,1,1,1,0,0,0,0,96
32068,wave,boundary,inertial,v*dy(u),0,1,1,1,0,0,0,0,96
32068,wave,boundary,inertial,w*dz(u),0,1,1,1,0,0,0,0,96
32068,wave,boundary,inertial,u*dx(v),2.93930816028427e-15,20,1,1,0,1.23824682201801e-15,5.54214452108681e-11,96,0
32068,wave,boundary,inertial,v*dy(v),0,1,1,1,0,0,0,0,96
32068,wave,boundary,inertial,w*dz(v),2.57255459204091e-15,22,1,1,0,1.23204582728065e-15,5.5534465914775e-11,96,0
32068,wave,boundary,mda,u*dx(eta),3.69155297523262e-15,24,1,1,0,7.33415811278253e-16,7.32427340001004e-10,96,0
32068,wave,boundary,mda,v*dy(eta),0,1,1,1,0,0,0,0,96
32068,wave,boundary,mda,w*dz(eta),2.59560219495333e-15,2,1,1,0,4.3905912179874e-15,8.22686859196443e-11,96,0
32068,wave,boundary,mda,w*eta*dlogN2,5.40657593243511e-15,2,1,2,0,3.51932167697603e-15,8.15291468138426e-11,96,0
32068,boundary,wave,inertial,u*dx(u),0,1,0,1,1,0,0,0,96
32068,boundary,wave,inertial,v*dy(u),0,1,0,1,1,0,0,0,96
32068,boundary,wave,inertial,w*dz(u),0,1,0,1,1,0,0,0,96
32068,boundary,wave,inertial,u*dx(v),0,1,0,1,1,0,0,0,96
32068,boundary,wave,inertial,v*dy(v),0,1,0,1,1,0,0,0,96
32068,boundary,wave,inertial,w*dz(v),0,1,0,1,1,0,0,0,96
32068,boundary,wave,mda,u*dx(eta),0,1,0,1,1,0,0,0,96
32068,boundary,wave,mda,v*dy(eta),0,1,0,1,1,0,0,0,96
32068,boundary,wave,mda,w*dz(eta),0,1,0,1,1,0,0,0,96
32068,boundary,wave,mda,w*eta*dlogN2,0,1,0,1,1,0,0,0,96
32068,apv,boundary,inertial,u*dx(u),0,-1,0,1,0,0,0,0,12
32068,apv,boundary,inertial,v*dy(u),0,-1,0,1,0,0,0,0,12
32068,apv,boundary,inertial,w*dz(u),0,-1,0,1,0,0,0,0,12
32068,apv,boundary,inertial,u*dx(v),0,-1,0,1,0,0,0,0,12
32068,apv,boundary,inertial,v*dy(v),0,-1,0,1,0,0,0,0,12
32068,apv,boundary,inertial,w*dz(v),0,-1,0,1,0,0,0,0,12
32068,apv,boundary,mda,u*dx(eta),0,-1,0,1,0,0,0,0,12
32068,apv,boundary,mda,v*dy(eta),0,-1,0,1,0,0,0,0,12
32068,apv,boundary,mda,w*dz(eta),0,-1,0,1,0,0,0,0,12
32068,apv,boundary,mda,w*eta*dlogN2,0,-1,0,1,0,0,0,0,12
32068,boundary,apv,inertial,u*dx(u),0,1,0,-1,0,0,0,0,12
32068,boundary,apv,inertial,v*dy(u),0,1,0,-1,0,0,0,0,12
32068,boundary,apv,inertial,w*dz(u),0,1,0,-1,0,0,0,0,12
32068,boundary,apv,inertial,u*dx(v),0,1,0,-1,0,0,0,0,12
32068,boundary,apv,inertial,v*dy(v),0,1,0,-1,0,0,0,0,12
32068,boundary,apv,inertial,w*dz(v),0,1,0,-1,0,0,0,0,12
32068,boundary,apv,mda,u*dx(eta),0,1,0,-1,0,0,0,0,12
32068,boundary,apv,mda,v*dy(eta),0,1,0,-1,0,0,0,0,12
32068,boundary,apv,mda,w*dz(eta),0,1,0,-1,0,0,0,0,12
32068,boundary,apv,mda,w*eta*dlogN2,0,1,0,-1,0,0,0,0,12
32068,boundary,boundary,inertial,u*dx(u),0,1,0,1,0,0,0,0,4
32068,boundary,boundary,inertial,v*dy(u),0,1,0,1,0,0,0,0,4
32068,boundary,boundary,inertial,w*dz(u),0,1,0,1,0,0,0,0,4
32068,boundary,boundary,inertial,u*dx(v),0,1,0,1,0,0,0,0,4
32068,boundary,boundary,inertial,v*dy(v),0,1,0,1,0,0,0,0,4
32068,boundary,boundary,inertial,w*dz(v),0,1,0,1,0,0,0,0,4
32068,boundary,boundary,mda,u*dx(eta),0,1,0,1,0,0,0,0,4
32068,boundary,boundary,mda,v*dy(eta),0,1,0,1,0,0,0,0,4
32068,boundary,boundary,mda,w*dz(eta),0,1,0,1,0,0,0,0,4
32068,boundary,boundary,mda,w*eta*dlogN2,0,1,0,1,0,0,0,0,4
32047,wave,wave,wave,u*dx(u),0,1,1,1,1,0,0,0,1056
32047,wave,wave,wave,v*dy(u),7.86100643746699e-07,24,1,23,1,3.54147739356563e-15,5.55326895579356e-11,1056,0
32047,wave,wave,wave,w*dz(u),7.86368439912989e-07,23,1,24,1,2.04680516530953e-14,2.06029576224419e-06,1056,0
32047,wave,wave,wave,u*dx(v),0,1,1,1,1,0,0,0,1056
32047,wave,wave,wave,v*dy(v),7.86100643750369e-07,24,1,23,1,3.50667165827895e-15,8.30715496391576e-11,1056,0
32047,wave,wave,wave,w*dz(v),7.86368439930409e-07,23,1,24,1,2.03421090305586e-14,2.06030365489204e-06,1056,0
32047,wave,wave,wave,u*dx(w),0,1,1,1,1,0,0,0,1056
32047,wave,wave,wave,v*dy(w),4.14811325077372e-10,24,1,24,1,9.99200722162641e-16,8.29039059624392e-11,1056,0
32047,wave,wave,wave,w*dz(w),4.14811325076629e-10,24,1,24,1,9.99200722162641e-16,1.10442766043661e-10,1056,0
32047,wave,wave,wave,u*dx(eta),0,1,1,1,1,0,0,0,1056
32047,wave,wave,wave,v*dy(eta),2.821846299757e-08,24,1,24,1,1.11022302462516e-15,5.51991785613382e-11,1056,0
32047,wave,wave,wave,w*dz(eta),2.82184629981923e-08,24,1,24,1,1.11022302462516e-15,8.27380386425602e-11,1056,0
32047,wave,wave,wave,w*eta*dlogN2,1.70316469171811e-08,24,1,23,1,6.83724567922995e-16,8.32891533519842e-11,1056,0
32047,wave,apv,wave,u*dx(u),0,1,1,-1,0,0,0,0,288
32047,wave,apv,wave,v*dy(u),5.86824322051583e-11,24,1,5,0,2.2119454889632e-15,2.77045053564962e-11,288,0
32047,wave,apv,wave,w*dz(u),6.13823973952239e-11,24,1,5,0,2.38289579724206e-15,5.54680745779024e-11,288,0
32047,wave,apv,wave,u*dx(v),0,1,1,-1,0,0,0,0,288
32047,wave,apv,wave,v*dy(v),0,1,1,-1,0,0,0,0,288
32047,wave,apv,wave,w*dz(v),0,1,1,-1,0,0,0,0,288
32047,wave,apv,wave,u*dx(w),0,1,1,-1,0,0,0,0,288
32047,wave,apv,wave,v*dy(w),0,1,1,-1,0,0,0,0,288
32047,wave,apv,wave,w*dz(w),0,1,1,-1,0,0,0,0,288
32047,wave,apv,wave,u*dx(eta),0,1,1,-1,0,0,0,0,288
32047,wave,apv,wave,v*dy(eta),1.23144746687068e-12,24,1,5,0,6.66133814775094e-16,2.77993184027991e-11,288,0
32047,wave,apv,wave,w*dz(eta),1.20108044923634e-12,24,1,5,0,6.66133814775094e-16,1.4941092807419e-10,288,0
32047,wave,apv,wave,w*eta*dlogN2,2.87885146685055e-12,24,1,5,0,6.91649037587198e-16,5.58224577673627e-11,288,0
32047,apv,wave,wave,u*dx(u),0,-1,0,1,1,0,0,0,288
32047,apv,wave,wave,v*dy(u),5.8682446193735e-11,5,0,24,1,2.14633986250601e-15,2.77042833118912e-11,288,0
32047,apv,wave,wave,w*dz(u),0,-1,0,1,1,0,0,0,288
32047,apv,wave,wave,u*dx(v),0,-1,0,1,1,0,0,0,288
32047,apv,wave,wave,v*dy(v),5.86825901286686e-11,5,0,24,1,2.29297894563838e-15,5.52433654377182e-11,288,0
32047,apv,wave,wave,w*dz(v),0,-1,0,1,1,0,0,0,288
32047,apv,wave,wave,u*dx(w),0,-1,0,1,1,0,0,0,288
32047,apv,wave,wave,v*dy(w),2.07504555450931e-14,5,0,24,1,6.66133814775094e-16,5.62074831123027e-11,288,0
32047,apv,wave,wave,w*dz(w),0,-1,0,1,1,0,0,0,288
32047,apv,wave,wave,u*dx(eta),0,-1,0,1,1,0,0,0,288
32047,apv,wave,wave,v*dy(eta),1.20088671412644e-12,5,0,24,1,5.55111512312578e-16,2.86790591275121e-11,288,0
32047,apv,wave,wave,w*dz(eta),0,-1,0,1,1,0,0,0,288
32047,apv,wave,wave,w*eta*dlogN2,0,-1,0,1,1,0,0,0,288
32047,wave,boundary,wave,u*dx(u),0,1,1,1,0,0,0,0,96
32047,wave,boundary,wave,v*dy(u),3.70412420016217e-13,24,1,2,0,2.42633851298014e-15,2.7882585129646e-11,96,0
32047,wave,boundary,wave,w*dz(u),3.53572493290541e-13,24,1,1,0,1.85119662010384e-15,5.5534465914775e-11,96,0
32047,wave,boundary,wave,u*dx(v),0,1,1,1,0,0,0,0,96
32047,wave,boundary,wave,v*dy(v),0,1,1,1,0,0,0,0,96
32047,wave,boundary,wave,w*dz(v),0,1,1,1,0,0,0,0,96
32047,wave,boundary,wave,u*dx(w),0,1,1,1,0,0,0,0,96
32047,wave,boundary,wave,v*dy(w),0,1,1,1,0,0,0,0,96
32047,wave,boundary,wave,w*dz(w),0,1,1,1,0,0,0,0,96
32047,wave,boundary,wave,u*dx(eta),0,1,1,1,0,0,0,0,96
32047,wave,boundary,wave,v*dy(eta),6.93486229833598e-15,24,1,1,0,7.7715611723761e-16,2.79876122277756e-11,96,0
32047,wave,boundary,wave,w*dz(eta),7.26052639193543e-15,24,1,2,0,6.17412852816618e-16,5.54523094109527e-11,96,0
32047,wave,boundary,wave,w*eta*dlogN2,7.685993905738e-15,24,1,1,0,6.90965172370416e-16,5.55637758026251e-11,96,0
32047,boundary,wave,wave,u*dx(u),0,1,0,1,1,0,0,0,96
32047,boundary,wave,wave,v*dy(u),3.7048277148505e-13,2,0,24,1,2.44381791418426e-15,2.78823630850411e-11,96,0
32047,boundary,wave,wave,w*dz(u),0,1,0,1,1,0,0,0,96
32047,boundary,wave,wave,u*dx(v),0,1,0,1,1,0,0,0,96
32047,boundary,wave,wave,v*dy(v),3.70093744696876e-13,2,0,24,1,2.16736696657824e-15,5.54214452108681e-11,96,0
32047,boundary,wave,wave,w*dz(v),0,1,0,1,1,0,0,0,96
32047,boundary,wave,wave,u*dx(w),0,1,0,1,1,0,0,0,96
32047,boundary,wave,wave,v*dy(w),6.9920292493539e-17,1,0,24,1,4.44089209850063e-16,5.55326895579356e-11,96,0
32047,boundary,wave,wave,w*dz(w),0,1,0,1,1,0,0,0,96
32047,boundary,wave,wave,u*dx(eta),0,1,0,1,1,0,0,0,96
32047,boundary,wave,wave,v*dy(eta),7.25488929442058e-15,2,0,24,1,3.33066907387547e-16,2.79600786967649e-11,96,0
32047,boundary,wave,wave,w*dz(eta),0,1,0,1,1,0,0,0,96
32047,boundary,wave,wave,w*eta*dlogN2,0,1,0,1,1,0,0,0,96
32047,apv,boundary,wave,u*dx(u),0,-1,0,1,0,0,0,0,12
32047,apv,boundary,wave,v*dy(u),4.20339009170021e-15,4,0,1,0,1.86826963427077e-15,9.96462003743171e-12,12,0
32047,apv,boundary,wave,w*dz(u),0,-1,0,1,0,0,0,0,12
32047,apv,boundary,wave,u*dx(v),0,-1,0,1,0,0,0,0,12
32047,apv,boundary,wave,v*dy(v),0,-1,0,1,0,0,0,0,12
32047,apv,boundary,wave,w*dz(v),0,-1,0,1,0,0,0,0,12
32047,apv,boundary,wave,u*dx(w),0,-1,0,1,0,0,0,0,12
32047,apv,boundary,wave,v*dy(w),0,-1,0,1,0,0,0,0,12
32047,apv,boundary,wave,w*dz(w),0,-1,0,1,0,0,0,0,12
32047,apv,boundary,wave,u*dx(eta),0,-1,0,1,0,0,0,0,12
32047,apv,boundary,wave,v*dy(eta),3.06445861393343e-16,4,0,2,0,2.22044604925031e-16,9.31166255213611e-12,12,0
32047,apv,boundary,wave,w*dz(eta),0,-1,0,1,0,0,0,0,12
32047,apv,boundary,wave,w*eta*dlogN2,0,-1,0,1,0,0,0,0,12
32047,boundary,apv,wave,u*dx(u),0,1,0,-1,0,0,0,0,12
32047,boundary,apv,wave,v*dy(u),4.16828747065651e-15,1,0,4,0,1.85236124780011e-15,9.96464904788334e-12,12,0
32047,boundary,apv,wave,w*dz(u),0,1,0,-1,0,0,0,0,12
32047,boundary,apv,wave,u*dx(v),0,1,0,-1,0,0,0,0,12
32047,boundary,apv,wave,v*dy(v),0,1,0,-1,0,0,0,0,12
32047,boundary,apv,wave,w*dz(v),0,1,0,-1,0,0,0,0,12
32047,boundary,apv,wave,u*dx(w),0,1,0,-1,0,0,0,0,12
32047,boundary,apv,wave,v*dy(w),0,1,0,-1,0,0,0,0,12
32047,boundary,apv,wave,w*dz(w),0,1,0,-1,0,0,0,0,12
32047,boundary,apv,wave,u*dx(eta),0,1,0,-1,0,0,0,0,12
32047,boundary,apv,wave,v*dy(eta),8.18871598825155e-16,2,0,-1,0,5.46355041615943e-16,2.01855199222223e-11,12,0
32047,boundary,apv,wave,w*dz(eta),0,1,0,-1,0,0,0,0,12
32047,boundary,apv,wave,w*eta*dlogN2,0,1,0,-1,0,0,0,0,12
32047,boundary,boundary,wave,u*dx(u),0,1,0,1,0,0,0,0,4
32047,boundary,boundary,wave,v*dy(u),3.40513220729513e-15,1,0,1,0,1.26455804393274e-15,5.89195359168571e-13,4,0
32047,boundary,boundary,wave,w*dz(u),0,1,0,1,0,0,0,0,4
32047,boundary,boundary,wave,u*dx(v),0,1,0,1,0,0,0,0,4
32047,boundary,boundary,wave,v*dy(v),0,1,0,1,0,0,0,0,4
32047,boundary,boundary,wave,w*dz(v),0,1,0,1,0,0,0,0,4
32047,boundary,boundary,wave,u*dx(w),0,1,0,1,0,0,0,0,4
32047,boundary,boundary,wave,v*dy(w),0,1,0,1,0,0,0,0,4
32047,boundary,boundary,wave,w*dz(w),0,1,0,1,0,0,0,0,4
32047,boundary,boundary,wave,u*dx(eta),0,1,0,1,0,0,0,0,4
32047,boundary,boundary,wave,v*dy(eta),3.39310843722402e-16,1,0,1,0,3.32231845477726e-16,3.58379992349001e-13,4,0
32047,boundary,boundary,wave,w*dz(eta),0,1,0,1,0,0,0,0,4
32047,boundary,boundary,wave,w*eta*dlogN2,0,1,0,1,0,0,0,0,4
32048,wave,wave,wave,u*dx(u),0,1,1,1,1,0,0,0,1056
32048,wave,wave,wave,v*dy(u),7.86100643746699e-07,24,1,23,1,3.54147739356563e-15,5.55326895579356e-11,1056,0
32048,wave,wave,wave,w*dz(u),7.86368439912989e-07,23,1,24,1,2.04680516530953e-14,2.06029576224419e-06,1056,0
32048,wave,wave,wave,u*dx(v),0,1,1,1,1,0,0,0,1056
32048,wave,wave,wave,v*dy(v),7.86100643750369e-07,24,1,23,1,3.50667165827895e-15,8.30715496391576e-11,1056,0
32048,wave,wave,wave,w*dz(v),7.86368439930409e-07,23,1,24,1,2.03421090305586e-14,2.06030365489204e-06,1056,0
32048,wave,wave,wave,u*dx(w),0,1,1,1,1,0,0,0,1056
32048,wave,wave,wave,v*dy(w),4.14811325077372e-10,24,1,24,1,9.99200722162641e-16,8.29039059624392e-11,1056,0
32048,wave,wave,wave,w*dz(w),4.14811325076629e-10,24,1,24,1,9.99200722162641e-16,1.10442766043661e-10,1056,0
32048,wave,wave,wave,u*dx(eta),0,1,1,1,1,0,0,0,1056
32048,wave,wave,wave,v*dy(eta),2.821846299757e-08,24,1,24,1,1.11022302462516e-15,5.51991785613382e-11,1056,0
32048,wave,wave,wave,w*dz(eta),2.82184629981923e-08,24,1,24,1,1.11022302462516e-15,8.27380386425602e-11,1056,0
32048,wave,wave,wave,w*eta*dlogN2,1.70316469171811e-08,24,1,23,1,6.83724567922995e-16,8.32891533519842e-11,1056,0
32048,wave,apv,wave,u*dx(u),0,1,1,-1,0,0,0,0,288
32048,wave,apv,wave,v*dy(u),5.86824322051583e-11,24,1,5,0,2.2119454889632e-15,2.77045053564962e-11,288,0
32048,wave,apv,wave,w*dz(u),6.13823973952239e-11,24,1,5,0,2.38289579724206e-15,5.54680745779024e-11,288,0
32048,wave,apv,wave,u*dx(v),0,1,1,-1,0,0,0,0,288
32048,wave,apv,wave,v*dy(v),0,1,1,-1,0,0,0,0,288
32048,wave,apv,wave,w*dz(v),0,1,1,-1,0,0,0,0,288
32048,wave,apv,wave,u*dx(w),0,1,1,-1,0,0,0,0,288
32048,wave,apv,wave,v*dy(w),0,1,1,-1,0,0,0,0,288
32048,wave,apv,wave,w*dz(w),0,1,1,-1,0,0,0,0,288
32048,wave,apv,wave,u*dx(eta),0,1,1,-1,0,0,0,0,288
32048,wave,apv,wave,v*dy(eta),1.23144746687068e-12,24,1,5,0,6.66133814775094e-16,2.77993184027991e-11,288,0
32048,wave,apv,wave,w*dz(eta),1.20108044923634e-12,24,1,5,0,6.66133814775094e-16,1.4941092807419e-10,288,0
32048,wave,apv,wave,w*eta*dlogN2,2.87885146685055e-12,24,1,5,0,6.91649037587198e-16,5.58224577673627e-11,288,0
32048,apv,wave,wave,u*dx(u),0,-1,0,1,1,0,0,0,288
32048,apv,wave,wave,v*dy(u),5.8682446193735e-11,5,0,24,1,2.14633986250601e-15,2.77042833118912e-11,288,0
32048,apv,wave,wave,w*dz(u),0,-1,0,1,1,0,0,0,288
32048,apv,wave,wave,u*dx(v),0,-1,0,1,1,0,0,0,288
32048,apv,wave,wave,v*dy(v),5.86825901286686e-11,5,0,24,1,2.29297894563838e-15,5.52433654377182e-11,288,0
32048,apv,wave,wave,w*dz(v),0,-1,0,1,1,0,0,0,288
32048,apv,wave,wave,u*dx(w),0,-1,0,1,1,0,0,0,288
32048,apv,wave,wave,v*dy(w),2.07504555450931e-14,5,0,24,1,6.66133814775094e-16,5.62074831123027e-11,288,0
32048,apv,wave,wave,w*dz(w),0,-1,0,1,1,0,0,0,288
32048,apv,wave,wave,u*dx(eta),0,-1,0,1,1,0,0,0,288
32048,apv,wave,wave,v*dy(eta),1.20088671412644e-12,5,0,24,1,5.55111512312578e-16,2.86790591275121e-11,288,0
32048,apv,wave,wave,w*dz(eta),0,-1,0,1,1,0,0,0,288
32048,apv,wave,wave,w*eta*dlogN2,0,-1,0,1,1,0,0,0,288
32048,wave,boundary,wave,u*dx(u),0,1,1,1,0,0,0,0,96
32048,wave,boundary,wave,v*dy(u),3.70412420016217e-13,24,1,2,0,2.42633851298014e-15,2.7882585129646e-11,96,0
32048,wave,boundary,wave,w*dz(u),3.53572493290541e-13,24,1,1,0,1.85119662010384e-15,5.5534465914775e-11,96,0
32048,wave,boundary,wave,u*dx(v),0,1,1,1,0,0,0,0,96
32048,wave,boundary,wave,v*dy(v),0,1,1,1,0,0,0,0,96
32048,wave,boundary,wave,w*dz(v),0,1,1,1,0,0,0,0,96
32048,wave,boundary,wave,u*dx(w),0,1,1,1,0,0,0,0,96
32048,wave,boundary,wave,v*dy(w),0,1,1,1,0,0,0,0,96
32048,wave,boundary,wave,w*dz(w),0,1,1,1,0,0,0,0,96
32048,wave,boundary,wave,u*dx(eta),0,1,1,1,0,0,0,0,96
32048,wave,boundary,wave,v*dy(eta),6.93486229833598e-15,24,1,1,0,7.7715611723761e-16,2.79876122277756e-11,96,0
32048,wave,boundary,wave,w*dz(eta),7.26052639193543e-15,24,1,2,0,6.17412852816618e-16,5.54523094109527e-11,96,0
32048,wave,boundary,wave,w*eta*dlogN2,7.685993905738e-15,24,1,1,0,6.90965172370416e-16,5.55637758026251e-11,96,0
32048,boundary,wave,wave,u*dx(u),0,1,0,1,1,0,0,0,96
32048,boundary,wave,wave,v*dy(u),3.7048277148505e-13,2,0,24,1,2.44381791418426e-15,2.78823630850411e-11,96,0
32048,boundary,wave,wave,w*dz(u),0,1,0,1,1,0,0,0,96
32048,boundary,wave,wave,u*dx(v),0,1,0,1,1,0,0,0,96
32048,boundary,wave,wave,v*dy(v),3.70093744696876e-13,2,0,24,1,2.16736696657824e-15,5.54214452108681e-11,96,0
32048,boundary,wave,wave,w*dz(v),0,1,0,1,1,0,0,0,96
32048,boundary,wave,wave,u*dx(w),0,1,0,1,1,0,0,0,96
32048,boundary,wave,wave,v*dy(w),6.9920292493539e-17,1,0,24,1,4.44089209850063e-16,5.55326895579356e-11,96,0
32048,boundary,wave,wave,w*dz(w),0,1,0,1,1,0,0,0,96
32048,boundary,wave,wave,u*dx(eta),0,1,0,1,1,0,0,0,96
32048,boundary,wave,wave,v*dy(eta),7.25488929442058e-15,2,0,24,1,3.33066907387547e-16,2.79600786967649e-11,96,0
32048,boundary,wave,wave,w*dz(eta),0,1,0,1,1,0,0,0,96
32048,boundary,wave,wave,w*eta*dlogN2,0,1,0,1,1,0,0,0,96
32048,apv,boundary,wave,u*dx(u),0,-1,0,1,0,0,0,0,12
32048,apv,boundary,wave,v*dy(u),4.20339009170021e-15,4,0,1,0,1.86826963427077e-15,9.96462003743171e-12,12,0
32048,apv,boundary,wave,w*dz(u),0,-1,0,1,0,0,0,0,12
32048,apv,boundary,wave,u*dx(v),0,-1,0,1,0,0,0,0,12
32048,apv,boundary,wave,v*dy(v),0,-1,0,1,0,0,0,0,12
32048,apv,boundary,wave,w*dz(v),0,-1,0,1,0,0,0,0,12
32048,apv,boundary,wave,u*dx(w),0,-1,0,1,0,0,0,0,12
32048,apv,boundary,wave,v*dy(w),0,-1,0,1,0,0,0,0,12
32048,apv,boundary,wave,w*dz(w),0,-1,0,1,0,0,0,0,12
32048,apv,boundary,wave,u*dx(eta),0,-1,0,1,0,0,0,0,12
32048,apv,boundary,wave,v*dy(eta),3.06445861393343e-16,4,0,2,0,2.22044604925031e-16,9.31166255213611e-12,12,0
32048,apv,boundary,wave,w*dz(eta),0,-1,0,1,0,0,0,0,12
32048,apv,boundary,wave,w*eta*dlogN2,0,-1,0,1,0,0,0,0,12
32048,boundary,apv,wave,u*dx(u),0,1,0,-1,0,0,0,0,12
32048,boundary,apv,wave,v*dy(u),4.16828747065651e-15,1,0,4,0,1.85236124780011e-15,9.96464904788334e-12,12,0
32048,boundary,apv,wave,w*dz(u),0,1,0,-1,0,0,0,0,12
32048,boundary,apv,wave,u*dx(v),0,1,0,-1,0,0,0,0,12
32048,boundary,apv,wave,v*dy(v),0,1,0,-1,0,0,0,0,12
32048,boundary,apv,wave,w*dz(v),0,1,0,-1,0,0,0,0,12
32048,boundary,apv,wave,u*dx(w),0,1,0,-1,0,0,0,0,12
32048,boundary,apv,wave,v*dy(w),0,1,0,-1,0,0,0,0,12
32048,boundary,apv,wave,w*dz(w),0,1,0,-1,0,0,0,0,12
32048,boundary,apv,wave,u*dx(eta),0,1,0,-1,0,0,0,0,12
32048,boundary,apv,wave,v*dy(eta),8.18871598825155e-16,2,0,-1,0,5.46355041615943e-16,2.01855199222223e-11,12,0
32048,boundary,apv,wave,w*dz(eta),0,1,0,-1,0,0,0,0,12
32048,boundary,apv,wave,w*eta*dlogN2,0,1,0,-1,0,0,0,0,12
32048,boundary,boundary,wave,u*dx(u),0,1,0,1,0,0,0,0,4
32048,boundary,boundary,wave,v*dy(u),3.40513220729513e-15,1,0,1,0,1.26455804393274e-15,5.89195359168571e-13,4,0
32048,boundary,boundary,wave,w*dz(u),0,1,0,1,0,0,0,0,4
32048,boundary,boundary,wave,u*dx(v),0,1,0,1,0,0,0,0,4
32048,boundary,boundary,wave,v*dy(v),0,1,0,1,0,0,0,0,4
32048,boundary,boundary,wave,w*dz(v),0,1,0,1,0,0,0,0,4
32048,boundary,boundary,wave,u*dx(w),0,1,0,1,0,0,0,0,4
32048,boundary,boundary,wave,v*dy(w),0,1,0,1,0,0,0,0,4
32048,boundary,boundary,wave,w*dz(w),0,1,0,1,0,0,0,0,4
32048,boundary,boundary,wave,u*dx(eta),0,1,0,1,0,0,0,0,4
32048,boundary,boundary,wave,v*dy(eta),3.39310843722402e-16,1,0,1,0,3.32231845477726e-16,3.58379992349001e-13,4,0
32048,boundary,boundary,wave,w*dz(eta),0,1,0,1,0,0,0,0,4
32048,boundary,boundary,wave,w*eta*dlogN2,0,1,0,1,0,0,0,0,4
17373,wave,wave,wave,u*dx(u),7.85769724345711e-07,24,1,23,1,3.59274167411222e-15,2.45109266217014e-10,1056,0
17373,wave,wave,wave,v*dy(u),7.8576972431855e-07,24,1,23,1,3.5987932440085e-15,2.44873232801979e-10,1056,0
17373,wave,wave,wave,w*dz(u),7.86037295762964e-07,24,1,23,1,6.48935603220373e-14,4.02406221725154e-06,1056,0
17373,wave,wave,wave,u*dx(v),7.79095375930769e-07,24,1,23,1,3.4577061087635e-15,2.44873232801979e-10,1056,0
17373,wave,wave,wave,v*dy(v),7.79095375911492e-07,24,-1,23,1,3.45995598507326e-15,2.44636977342338e-10,1056,0
17373,wave,wave,wave,w*dz(v),7.79359580798961e-07,24,1,23,1,6.26183617741853e-14,3.73430447307626e-06,1056,0
17373,wave,wave,wave,u*dx(w),2.41874044469212e-09,24,1,24,1,9.99200722162641e-16,2.4489854588694e-10,1056,0
17373,wave,wave,wave,v*dy(w),2.41874044473189e-09,24,1,24,1,9.99200722162641e-16,2.44662512471905e-10,1056,0
17373,wave,wave,wave,w*dz(w),2.41874044465688e-09,24,1,24,1,8.88178419700125e-16,2.44899656109965e-10,1056,0
17373,wave,wave,wave,u*dx(eta),1.62696040830555e-07,24,1,24,1,1.56037563490941e-15,1.83538073628142e-10,1056,0
17373,wave,wave,wave,v*dy(eta),1.62696040826129e-07,24,1,24,1,1.57033143537431e-15,1.83301818168502e-10,1056,0
17373,wave,wave,wave,w*dz(eta),1.6269604083184e-07,24,1,24,1,1.55482244412161e-15,1.83538961806562e-10,1056,0
17373,wave,wave,wave,w*eta*dlogN2,9.82777414448148e-08,24,1,23,1,1.38145588679634e-15,1.84016579751756e-10,1056,0
17373,wave,apv,wave,u*dx(u),5.86691706127675e-11,24,1,5,0,2.29093617977356e-15,1.22773347044358e-10,288,0
17373,wave,apv,wave,v*dy(u),5.86691035403509e-11,24,1,5,0,2.47171033628683e-15,1.22537091584718e-10,288,0
17373,wave,apv,wave,w*dz(u),6.13687687225338e-11,24,1,5,0,2.62250235435207e-15,1.22704291172226e-10,288,0
17373,wave,apv,wave,u*dx(v),5.83166150032819e-11,24,1,5,0,2.23952426833082e-15,1.22773347044358e-10,288,0
17373,wave,apv,wave,v*dy(v),5.83165483128167e-11,24,1,5,0,2.18438062433144e-15,1.22537091584718e-10,288,0
17373,wave,apv,wave,w*dz(v),6.10021636736505e-11,24,1,5,0,2.29682873188531e-15,1.22704291172226e-10,288,0
17373,wave,apv,wave,u*dx(w),0,1,1,-1,0,0,0,0,288
17373,wave,apv,wave,v*dy(w),0,1,1,-1,0,0,0,0,288
17373,wave,apv,wave,w*dz(w),0,1,1,-1,0,0,0,0,288
17373,wave,apv,wave,u*dx(eta),7.13374618787678e-12,24,1,5,0,1.66234253748716e-15,1.22386323297974e-10,288,0
17373,wave,apv,wave,v*dy(eta),7.13374375061626e-12,24,1,5,0,1.16331736811062e-15,1.22150067838334e-10,288,0
17373,wave,apv,wave,w*dz(eta),6.95765342840074e-12,24,1,5,0,1.21250136411619e-15,1.49824153083955e-10,288,0
17373,wave,apv,wave,w*eta*dlogN2,1.66828675352222e-11,24,1,5,0,2.09192687349445e-15,1.23075549751661e-10,288,0
17373,apv,wave,wave,u*dx(u),5.86691267159382e-11,5,0,24,1,2.29094203770469e-15,1.22773347044358e-10,288,0
17373,apv,wave,wave,v*dy(u),5.86691267159382e-11,5,0,24,1,2.29094203770469e-15,1.22773347044358e-10,288,0
17373,apv,wave,wave,w*dz(u),0,-1,0,1,1,0,0,0,288
17373,apv,wave,wave,u*dx(v),5.83165941333512e-11,5,0,24,1,2.14870923488838e-15,1.22537091584718e-10,288,0
17373,apv,wave,wave,v*dy(v),5.83165941333512e-11,5,0,24,1,2.14870923488838e-15,1.22537091584718e-10,288,0
17373,apv,wave,wave,w*dz(v),0,-1,0,1,1,0,0,0,288
17373,apv,wave,wave,u*dx(w),1.20989365365843e-13,5,0,24,1,6.66133814775094e-16,1.23471899371452e-10,288,0
17373,apv,wave,wave,v*dy(w),1.20989365365843e-13,5,0,24,1,6.66133814775094e-16,1.23471899371452e-10,288,0
17373,apv,wave,wave,w*dz(w),0,-1,0,1,1,0,0,0,288
17373,apv,wave,wave,u*dx(eta),6.95654627229299e-12,5,0,24,1,1.21370282977771e-15,6.21966922409456e-11,288,0
17373,apv,wave,wave,v*dy(eta),6.95654627229299e-12,5,0,24,1,1.21370282977771e-15,6.21966922409456e-11,288,0
17373,apv,wave,wave,w*dz(eta),0,-1,0,1,1,0,0,0,288
17373,apv,wave,wave,w*eta*dlogN2,0,-1,0,1,1,0,0,0,288
17373,wave,boundary,wave,u*dx(u),7.72511008071482e-14,24,1,1,0,2.227057966928e-15,1.22387877610208e-10,96,0
17373,wave,boundary,wave,v*dy(u),7.72596325257094e-14,24,1,1,0,2.04947483585855e-15,1.22151844195173e-10,96,0
17373,wave,boundary,wave,w*dz(u),2.09885103869147e-13,24,1,2,0,2.10074201075698e-15,1.23133947482756e-10,96,0
17373,wave,boundary,wave,u*dx(v),7.64065500648869e-14,24,1,1,0,2.15809438075618e-15,1.22387877610208e-10,96,0
17373,wave,boundary,wave,v*dy(v),7.66385335063018e-14,24,1,1,0,2.26389734240361e-15,1.22151844195173e-10,96,0
17373,wave,boundary,wave,w*dz(v),2.08676116900129e-13,24,1,2,0,1.8048107503363e-15,1.23133947482756e-10,96,0
17373,wave,boundary,wave,u*dx(w),0,1,1,1,0,0,0,0,96
17373,wave,boundary,wave,v*dy(w),0,1,1,1,0,0,0,0,96
17373,wave,boundary,wave,w*dz(w),0,1,1,1,0,0,0,0,96
17373,wave,boundary,wave,u*dx(eta),2.36388749155648e-14,24,1,2,0,7.95581282679932e-16,1.23407506436024e-10,96,0
17373,wave,boundary,wave,v*dy(eta),2.36422514097701e-14,24,1,2,0,7.93960177421363e-16,1.23171473020989e-10,96,0
17373,wave,boundary,wave,w*dz(eta),9.02604641935822e-15,24,1,1,0,1.13254784067671e-15,1.23106413951746e-10,96,0
17373,wave,boundary,wave,w*eta*dlogN2,7.34254350871522e-15,24,1,2,0,1.11581211211598e-15,1.23263621532033e-10,96,0
17373,boundary,wave,wave,u*dx(u),7.73661001852197e-14,1,0,24,1,2.28892925231998e-15,1.22388099654813e-10,96,0
17373,boundary,wave,wave,v*dy(u),7.73661001852197e-14,1,0,24,1,2.28892925231998e-15,1.22388099654813e-10,96,0
17373,boundary,wave,wave,w*dz(u),0,1,0,1,1,0,0,0,96
17373,boundary,wave,wave,u*dx(v),7.64518564782502e-14,1,0,24,1,2.24720674541902e-15,1.22151844195173e-10,96,0
17373,boundary,wave,wave,v*dy(v),7.64518564782502e-14,1,0,24,1,2.24720674541902e-15,1.22151844195173e-10,96,0
17373,boundary,wave,wave,w*dz(v),0,1,0,1,1,0,0,0,96
17373,boundary,wave,wave,u*dx(w),1.59061056268322e-16,2,0,24,1,6.66133814775094e-16,1.20845555784399e-10,96,0
17373,boundary,wave,wave,v*dy(w),1.59061056268322e-16,2,0,24,1,6.66133814775094e-16,1.20845555784399e-10,96,0
17373,boundary,wave,wave,w*dz(w),0,1,0,1,1,0,0,0,96
17373,boundary,wave,wave,u*dx(eta),8.95962143601189e-15,1,0,24,1,1.73750661686994e-15,5.95525850854983e-11,96,0
17373,boundary,wave,wave,v*dy(eta),8.95962143601189e-15,1,0,24,1,1.73750661686994e-15,5.95525850854983e-11,96,0
17373,boundary,wave,wave,w*dz(eta),0,1,0,1,1,0,0,0,96
17373,boundary,wave,wave,w*eta*dlogN2,0,1,0,1,1,0,0,0,96
17373,apv,boundary,wave,u*dx(u),4.37210015849837e-15,4,0,1,0,1.81862589423239e-15,1.87157458944163e-11,12,0
17373,apv,boundary,wave,v*dy(u),4.37210015849837e-15,4,0,1,0,1.81862589423239e-15,1.87157458944163e-11,12,0
17373,apv,boundary,wave,w*dz(u),0,-1,0,1,0,0,0,0,12
17373,apv,boundary,wave,u*dx(v),3.51097301643648e-15,4,0,1,0,1.09482826085297e-15,1.6802337299282e-11,12,0
17373,apv,boundary,wave,v*dy(v),3.51097301643648e-15,4,0,1,0,1.09482826085297e-15,1.6802337299282e-11,12,0
17373,apv,boundary,wave,w*dz(v),0,-1,0,1,0,0,0,0,12
17373,apv,boundary,wave,u*dx(w),0,-1,0,1,0,0,0,0,12
17373,apv,boundary,wave,v*dy(w),0,-1,0,1,0,0,0,0,12
17373,apv,boundary,wave,w*dz(w),0,-1,0,1,0,0,0,0,12
17373,apv,boundary,wave,u*dx(eta),8.10992930148465e-16,4,0,2,0,6.9731686110382e-16,1.82573955953558e-11,12,0
17373,apv,boundary,wave,v*dy(eta),8.10992930148465e-16,4,0,2,0,6.9731686110382e-16,1.82573955953558e-11,12,0
17373,apv,boundary,wave,w*dz(eta),0,-1,0,1,0,0,0,0,12
17373,apv,boundary,wave,w*eta*dlogN2,0,-1,0,1,0,0,0,0,12
17373,boundary,apv,wave,u*dx(u),4.31002522501176e-15,1,0,4,0,1.80973149060907e-15,1.87156444987058e-11,12,0
17373,boundary,apv,wave,v*dy(u),4.31002522501176e-15,1,0,4,0,1.80973149060907e-15,1.87156444987058e-11,12,0
17373,boundary,apv,wave,w*dz(u),0,1,0,-1,0,0,0,0,12
17373,boundary,apv,wave,u*dx(v),3.51746356959862e-15,1,0,4,0,1.10963302704951e-15,1.6802337299282e-11,12,0
17373,boundary,apv,wave,v*dy(v),3.51746356959862e-15,1,0,4,0,1.10963302704951e-15,1.6802337299282e-11,12,0
17373,boundary,apv,wave,w*dz(v),0,1,0,-1,0,0,0,0,12
17373,boundary,apv,wave,u*dx(w),0,1,0,-1,0,0,0,0,12
17373,boundary,apv,wave,v*dy(w),0,1,0,-1,0,0,0,0,12
17373,boundary,apv,wave,w*dz(w),0,1,0,-1,0,0,0,0,12
17373,boundary,apv,wave,u*dx(eta),1.17425182361086e-15,2,0,2,0,9.14178825963816e-16,3.61641973012866e-11,12,0
17373,boundary,apv,wave,v*dy(eta),1.17425182361086e-15,2,0,2,0,9.14178825963816e-16,3.61641973012866e-11,12,0
17373,boundary,apv,wave,w*dz(eta),0,1,0,-1,0,0,0,0,12
17373,boundary,apv,wave,w*eta*dlogN2,0,1,0,-1,0,0,0,0,12
17373,boundary,boundary,wave,u*dx(u),3.49010430892329e-15,1,0,1,0,1.23524359849034e-15,2.48499743773964e-11,4,0
17373,boundary,boundary,wave,v*dy(u),3.49010430892329e-15,1,0,1,0,1.23524359849034e-15,2.48499743773964e-11,4,0
17373,boundary,boundary,wave,w*dz(u),0,1,0,1,0,0,0,0,4
17373,boundary,boundary,wave,u*dx(v),3.17733437622497e-15,1,0,2,0,1.1641193394187e-15,2.17612594610728e-11,4,0
17373,boundary,boundary,wave,v*dy(v),3.17733437622497e-15,1,0,2,0,1.1641193394187e-15,2.17612594610728e-11,4,0
17373,boundary,boundary,wave,w*dz(v),0,1,0,1,0,0,0,0,4
17373,boundary,boundary,wave,u*dx(w),0,1,0,1,0,0,0,0,4
17373,boundary,boundary,wave,v*dy(w),0,1,0,1,0,0,0,0,4
17373,boundary,boundary,wave,w*dz(w),0,1,0,1,0,0,0,0,4
17373,boundary,boundary,wave,u*dx(eta),6.6231328288136e-16,1,0,2,0,6.42636970181231e-16,2.20811147144673e-11,4,0
17373,boundary,boundary,wave,v*dy(eta),6.6231328288136e-16,1,0,2,0,6.42636970181231e-16,2.20811147144673e-11,4,0
17373,boundary,boundary,wave,w*dz(eta),0,1,0,1,0,0,0,0,4
17373,boundary,boundary,wave,w*eta*dlogN2,0,1,0,1,0,0,0,0,4
17524,wave,wave,inertial,u*dx(u),3.33526125754198e-10,24,-1,23,1,1.33226762955019e-15,2.45109266217014e-10,1056,0
17524,wave,wave,inertial,v*dy(u),3.33526201081976e-10,23,-1,24,1,1.64290212418789e-15,2.44873232801979e-10,1056,0
17524,wave,wave,inertial,w*dz(u),1.70437906741304e-09,1,1,1,1,2.25695283694516e-14,1.64101519750659e-06,1056,0
17524,wave,wave,inertial,u*dx(v),3.33526179171209e-10,24,-1,23,1,1.58754307045463e-15,2.44873232801979e-10,1056,0
17524,wave,wave,inertial,v*dy(v),3.33526169850866e-10,24,-1,23,1,1.38966031423129e-15,2.44636977342338e-10,1056,0
17524,wave,wave,inertial,w*dz(v),1.70437924332724e-09,1,1,1,1,2.25585351861655e-14,1.64101496125113e-06,1056,0
17524,wave,wave,mda,u*dx(eta),6.20494101139329e-12,24,1,24,1,4.22815414940686e-15,6.07106270963253e-10,1056,0
17524,wave,wave,mda,v*dy(eta),6.20495197771526e-12,24,1,24,1,3.6694022011625e-15,6.07283025810841e-10,1056,0
17524,wave,wave,mda,w*dz(eta),6.20494081592404e-12,24,1,24,1,4.02009861917029e-15,6.07104776435245e-10,1056,0
17524,wave,wave,mda,w*eta*dlogN2,1.06595859207306e-12,24,1,23,1,4.16236329429277e-15,2.07918254487214e-10,1056,0
17524,wave,apv,inertial,u*dx(u),4.17792035950218e-15,23,1,3,0,1.24704865585875e-15,1.22773347044358e-10,288,0
17524,wave,apv,inertial,v*dy(u),4.15548405355701e-15,23,1,3,0,1.03514352570208e-15,1.22537091584718e-10,288,0
17524,wave,apv,inertial,w*dz(u),3.13493047805361e-15,22,1,5,0,1.3381829753586e-15,1.22704291172226e-10,288,0
17524,wave,apv,inertial,u*dx(v),4.17792035950218e-15,23,1,3,0,1.24704865585875e-15,1.22773347044358e-10,288,0
17524,wave,apv,inertial,v*dy(v),4.15548405355701e-15,23,1,3,0,1.03514352570208e-15,1.22537091584718e-10,288,0
17524,wave,apv,inertial,w*dz(v),3.13493047805361e-15,22,1,5,0,1.3381829753586e-15,1.22704291172226e-10,288,0
17524,wave,apv,mda,u*dx(eta),3.36173743790188e-15,24,1,2,0,2.27606339856205e-15,6.8176402928874e-10,288,0
17524,wave,apv,mda,v*dy(eta),4.05958614154206e-15,23,1,-1,0,3.75058394951608e-15,6.81940591654869e-10,288,0
17524,wave,apv,mda,w*dz(eta),1.30551987218285e-13,1,1,-1,0,3.3016885694189e-15,3.37209982407696e-07,288,0
17524,wave,apv,mda,w*eta*dlogN2,2.97840930680788e-15,22,1,1,0,2.73344216572878e-15,1.63233843780919e-10,288,0
17524,apv,wave,inertial,u*dx(u),4.20124440536474e-15,3,0,23,1,1.06093970080343e-15,1.22773347044358e-10,288,0
17524,apv,wave,inertial,v*dy(u),4.20124440536474e-15,3,0,23,1,1.06093970080343e-15,1.22773347044358e-10,288,0
17524,apv,wave,inertial,w*dz(u),0,-1,0,1,1,0,0,0,288
17524,apv,wave,inertial,u*dx(v),4.15033178371775e-15,3,0,23,1,1.03844355956471e-15,1.22537313629323e-10,288,0
17524,apv,wave,inertial,v*dy(v),4.15033178371775e-15,3,0,23,1,1.03844355956471e-15,1.22537313629323e-10,288,0
17524,apv,wave,inertial,w*dz(v),0,-1,0,1,1,0,0,0,288
17524,apv,wave,mda,u*dx(eta),3.73950289937681e-15,1,0,3,1,3.62947779875932e-15,8.96311521536179e-11,288,0
17524,apv,wave,mda,v*dy(eta),3.73950289937681e-15,1,0,3,1,3.62947779875932e-15,8.96311521536179e-11,288,0
17524,apv,wave,mda,w*dz(eta),0,-1,0,1,1,0,0,0,288
17524,apv,wave,mda,w*eta*dlogN2,0,-1,0,1,1,0,0,0,288
17524,wave,boundary,inertial,u*dx(u),5.24581455366133e-15,1,1,1,0,1.29727092449401e-15,1.22387877610208e-10,96,0
17524,wave,boundary,inertial,v*dy(u),5.22666597847789e-15,1,1,1,0,1.28962628545218e-15,1.22151844195173e-10,96,0
17524,wave,boundary,inertial,w*dz(u),1.95334738860526e-15,22,1,2,0,1.00625519946715e-15,1.23133947482756e-10,96,0
17524,wave,boundary,inertial,u*dx(v),5.24581455366133e-15,1,1,1,0,1.29727092449401e-15,1.22387877610208e-10,96,0
17524,wave,boundary,inertial,v*dy(v),5.22666597847789e-15,1,1,1,0,1.28962628545218e-15,1.22151844195173e-10,96,0
17524,wave,boundary,inertial,w*dz(v),1.95334738860526e-15,22,1,2,0,1.00625519946715e-15,1.23133947482756e-10,96,0
17524,wave,boundary,mda,u*dx(eta),3.52810976966381e-15,23,1,1,0,1.18022927637075e-15,7.40884049672872e-10,96,0
17524,wave,boundary,mda,v*dy(eta),3.31576226663405e-15,23,1,1,0,6.40075278323213e-16,7.41109818848237e-10,96,0
17524,wave,boundary,mda,w*dz(eta),2.62129438315423e-15,1,1,1,0,3.15796044937723e-15,1.47106180846701e-10,96,0
17524,wave,boundary,mda,w*eta*dlogN2,2.67348604920851e-15,1,1,1,0,3.01080919155098e-15,1.46777000023118e-10,96,0
17524,boundary,wave,inertial,u*dx(u),5.21384152301061e-15,1,0,1,1,1.31873858051196e-15,1.22387877610208e-10,96,0
17524,boundary,wave,inertial,v*dy(u),5.21384152301061e-15,1,0,1,1,1.31873858051196e-15,1.22387877610208e-10,96,0
17524,boundary,wave,inertial,w*dz(u),0,1,0,1,1,0,0,0,96
17524,boundary,wave,inertial,u*dx(v),5.20063683353629e-15,1,0,1,1,1.11899202715475e-15,1.22151844195173e-10,96,0
17524,boundary,wave,inertial,v*dy(v),5.20063683353629e-15,1,0,1,1,1.11899202715475e-15,1.22151844195173e-10,96,0
17524,boundary,wave,inertial,w*dz(v),0,1,0,1,1,0,0,0,96
17524,boundary,wave,mda,u*dx(eta),2.64146736113857e-15,1,0,1,1,2.36001352648203e-15,8.71156543146603e-11,96,0
17524,boundary,wave,mda,v*dy(eta),2.64146736113857e-15,1,0,1,1,2.36001352648203e-15,8.71156543146603e-11,96,0
17524,boundary,wave,mda,w*dz(eta),0,1,0,1,1,0,0,0,96
17524,boundary,wave,mda,w*eta*dlogN2,0,1,0,1,1,0,0,0,96
17524,apv,boundary,inertial,u*dx(u),2.41657460051727e-15,5,0,1,0,1.3694203073318e-15,1.6802337299282e-11,12,0
17524,apv,boundary,inertial,v*dy(u),2.41657460051727e-15,5,0,1,0,1.3694203073318e-15,1.6802337299282e-11,12,0
17524,apv,boundary,inertial,w*dz(u),0,-1,0,1,0,0,0,0,12
17524,apv,boundary,inertial,u*dx(v),2.41257246810721e-15,5,0,1,0,1.45552860489195e-15,1.6802337299282e-11,12,0
17524,apv,boundary,inertial,v*dy(v),2.41257246810721e-15,5,0,1,0,1.45552860489195e-15,1.6802337299282e-11,12,0
17524,apv,boundary,inertial,w*dz(v),0,-1,0,1,0,0,0,0,12
17524,apv,boundary,mda,u*dx(eta),3.28880255181767e-15,-1,0,1,0,4.07738557029649e-16,5.12917011865853e-11,12,0
17524,apv,boundary,mda,v*dy(eta),3.28880255181767e-15,-1,0,1,0,4.07738557029649e-16,5.12917011865853e-11,12,0
17524,apv,boundary,mda,w*dz(eta),0,-1,0,1,0,0,0,0,12
17524,apv,boundary,mda,w*eta*dlogN2,0,-1,0,1,0,0,0,0,12
17524,boundary,apv,inertial,u*dx(u),2.41168905192162e-15,1,0,5,0,1.35019403376613e-15,1.6802337299282e-11,12,0
17524,boundary,apv,inertial,v*dy(u),2.41168905192162e-15,1,0,5,0,1.35019403376613e-15,1.6802337299282e-11,12,0
17524,boundary,apv,inertial,w*dz(u),0,1,0,-1,0,0,0,0,12
17524,boundary,apv,inertial,u*dx(v),2.39142172058318e-15,1,0,5,0,1.43772560339487e-15,1.6802337299282e-11,12,0
17524,boundary,apv,inertial,v*dy(v),2.39142172058318e-15,1,0,5,0,1.43772560339487e-15,1.6802337299282e-11,12,0
17524,boundary,apv,inertial,w*dz(v),0,1,0,-1,0,0,0,0,12
17524,boundary,apv,mda,u*dx(eta),3.35812470139871e-15,2,0,1,0,1.68817013355578e-15,1.7720081917608e-10,12,0
17524,boundary,apv,mda,v*dy(eta),3.35812470139871e-15,2,0,1,0,1.68817013355578e-15,1.7720081917608e-10,12,0
17524,boundary,apv,mda,w*dz(eta),0,1,0,-1,0,0,0,0,12
17524,boundary,apv,mda,w*eta*dlogN2,0,1,0,-1,0,0,0,0,12
17524,boundary,boundary,inertial,u*dx(u),2.34640739934519e-15,1,0,1,0,4.84377876170269e-16,2.17612594610728e-11,4,0
17524,boundary,boundary,inertial,v*dy(u),2.34640739934519e-15,1,0,1,0,4.84377876170269e-16,2.17612594610728e-11,4,0
17524,boundary,boundary,inertial,w*dz(u),0,1,0,1,0,0,0,0,4
17524,boundary,boundary,inertial,u*dx(v),2.34129865470551e-15,1,0,1,0,4.84377876170269e-16,2.17612594610728e-11,4,0
17524,boundary,boundary,inertial,v*dy(v),2.34129865470551e-15,1,0,1,0,4.84377876170269e-16,2.17612594610728e-11,4,0
17524,boundary,boundary,inertial,w*dz(v),0,1,0,1,0,0,0,0,4
17524,boundary,boundary,mda,u*dx(eta),2.49893389728828e-15,1,0,1,0,7.22212955981003e-16,7.41679117117284e-11,4,0
17524,boundary,boundary,mda,v*dy(eta),2.49893389728828e-15,1,0,1,0,7.22212955981003e-16,7.41679117117284e-11,4,0
17524,boundary,boundary,mda,w*dz(eta),0,1,0,1,0,0,0,0,4
17524,boundary,boundary,mda,w*eta*dlogN2,0,1,0,1,0,0,0,0,4
17425,wave,wave,wave,u*dx(u),7.86101167692266e-07,23,1,24,1,3.56288829071973e-15,1.77859948990999e-10,1056,0
17425,wave,wave,wave,v*dy(u),0,1,1,1,1,0,0,0,1056
17425,wave,wave,wave,w*dz(u),7.86368914951374e-07,23,1,24,1,2.03858612812947e-14,2.0702255009545e-06,1056,0
17425,wave,wave,wave,u*dx(v),7.83405367513941e-07,23,1,24,1,3.47146568913365e-15,1.50321088909777e-10,1056,0
17425,wave,wave,wave,v*dy(v),0,1,1,1,1,0,0,0,1056
17425,wave,wave,wave,w*dz(v),7.83671746923079e-07,23,1,24,1,2.01115734426846e-14,1.97514958169357e-06,1056,0
17425,wave,wave,wave,u*dx(w),1.49562276900074e-09,24,1,24,1,9.99200722162641e-16,1.77601044981657e-10,1056,0
17425,wave,wave,wave,v*dy(w),0,1,1,1,1,0,0,0,1056
17425,wave,wave,wave,w*dz(w),1.49562238488404e-09,24,1,24,1,9.99200722162641e-16,1.7774004490434e-10,1056,0
17425,wave,wave,wave,u*dx(eta),1.01323458123219e-07,24,1,24,1,1.38769207525929e-15,1.50008228061438e-10,1056,0
17425,wave,wave,wave,v*dy(eta),0,1,1,1,1,0,0,0,1056
17425,wave,wave,wave,w*dz(eta),1.01323443525279e-07,24,1,24,1,1.4443761824268e-15,1.49992684939093e-10,1056,0
17425,wave,wave,wave,w*eta*dlogN2,6.11737735453799e-08,23,1,24,1,1.92655807905001e-15,1.50514933849877e-10,1056,0
17425,wave,apv,wave,u*dx(u),0,1,1,-1,0,0,0,0,288
17425,wave,apv,wave,v*dy(u),0,1,1,-1,0,0,0,0,288
17425,wave,apv,wave,w*dz(u),0,1,1,-1,0,0,0,0,288
17425,wave,apv,wave,u*dx(v),5.85425606431759e-11,24,1,5,0,2.18272005967601e-15,1.22773347044358e-10,288,0
17425,wave,apv,wave,v*dy(v),0,1,1,-1,0,0,0,0,288
17425,wave,apv,wave,w*dz(v),6.12371211212005e-11,24,1,5,0,2.18917873385846e-15,1.22704291172226e-10,288,0
17425,wave,apv,wave,u*dx(w),0,1,1,-1,0,0,0,0,288
17425,wave,apv,wave,v*dy(w),0,1,1,-1,0,0,0,0,288
17425,wave,apv,wave,w*dz(w),0,1,1,-1,0,0,0,0,288
17425,wave,apv,wave,u*dx(eta),4.4295026852884e-12,24,1,5,0,9.40773810627457e-16,1.22386323297974e-10,288,0
17425,wave,apv,wave,v*dy(eta),0,1,1,-1,0,0,0,0,288
17425,wave,apv,wave,w*dz(eta),4.32023168122521e-12,24,1,5,0,1.28545324548953e-15,1.49824153083955e-10,288,0
17425,wave,apv,wave,w*eta*dlogN2,1.0356445960204e-11,24,1,5,0,1.15656429698168e-15,1.23075549751661e-10,288,0
17425,apv,wave,wave,u*dx(u),5.86836220952144e-11,5,0,24,1,2.19178269785612e-15,5.52433654377182e-11,288,0
17425,apv,wave,wave,v*dy(u),0,-1,0,1,1,0,0,0,288
17425,apv,wave,wave,w*dz(u),0,-1,0,1,1,0,0,0,288
17425,apv,wave,wave,u*dx(v),5.85417354198471e-11,5,0,24,1,2.14814824850298e-15,2.77042833118912e-11,288,0
17425,apv,wave,wave,v*dy(v),0,-1,0,1,1,0,0,0,288
17425,apv,wave,wave,w*dz(v),0,-1,0,1,1,0,0,0,288
17425,apv,wave,wave,u*dx(w),7.48157493796297e-14,5,0,24,1,6.66133814775094e-16,5.62074831123027e-11,288,0
17425,apv,wave,wave,v*dy(w),0,-1,0,1,1,0,0,0,288
17425,apv,wave,wave,w*dz(w),0,-1,0,1,1,0,0,0,288
17425,apv,wave,wave,u*dx(eta),4.31948285528545e-12,5,0,24,1,8.78306185164168e-16,2.86790591275121e-11,288,0
17425,apv,wave,wave,v*dy(eta),0,-1,0,1,1,0,0,0,288
17425,apv,wave,wave,w*dz(eta),0,-1,0,1,1,0,0,0,288
17425,apv,wave,wave,w*eta*dlogN2,0,-1,0,1,1,0,0,0,288
17425,wave,boundary,wave,u*dx(u),0,1,1,1,0,0,0,0,96
17425,wave,boundary,wave,v*dy(u),0,1,1,1,0,0,0,0,96
17425,wave,boundary,wave,w*dz(u),0,1,1,1,0,0,0,0,96
17425,wave,boundary,wave,u*dx(v),3.69667553544661e-13,24,1,2,0,2.49872562886659e-15,1.22728049944953e-10,96,0
17425,wave,boundary,wave,v*dy(v),0,1,1,1,0,0,0,0,96
17425,wave,boundary,wave,w*dz(v),3.52822560138378e-13,24,1,1,0,1.96646321792622e-15,1.22904131316659e-10,96,0
17425,wave,boundary,wave,u*dx(w),0,1,1,1,0,0,0,0,96
17425,wave,boundary,wave,v*dy(w),0,1,1,1,0,0,0,0,96
17425,wave,boundary,wave,w*dz(w),0,1,1,1,0,0,0,0,96
17425,wave,boundary,wave,u*dx(eta),2.4831976059277e-14,24,1,1,0,6.96562815718648e-16,1.22898802246141e-10,96,0
17425,wave,boundary,wave,v*dy(eta),0,1,1,1,0,0,0,0,96
17425,wave,boundary,wave,w*dz(eta),2.60936209964777e-14,24,1,2,0,9.05158261308322e-16,1.22719612249966e-10,96,0
17425,wave,boundary,wave,w*eta*dlogN2,2.76572021555429e-14,24,1,1,0,7.26874504625543e-16,1.23010046593208e-10,96,0
17425,boundary,wave,wave,u*dx(u),7.69979252628308e-14,1,0,24,1,2.1353740669253e-15,5.46589440375556e-11,96,0
17425,boundary,wave,wave,v*dy(u),0,1,0,1,1,0,0,0,96
17425,boundary,wave,wave,w*dz(u),0,1,0,1,1,0,0,0,96
17425,boundary,wave,wave,u*dx(v),7.68537216808173e-14,1,0,24,1,2.07746707899872e-15,2.71198619117285e-11,96,0
17425,boundary,wave,wave,v*dy(v),0,1,0,1,1,0,0,0,96
17425,boundary,wave,wave,w*dz(v),0,1,0,1,1,0,0,0,96
17425,boundary,wave,wave,u*dx(w),9.81871565142816e-17,2,0,24,1,4.44089209850063e-16,5.34490229853191e-11,96,0
17425,boundary,wave,wave,v*dy(w),0,1,0,1,1,0,0,0,96
17425,boundary,wave,wave,w*dz(w),0,1,0,1,1,0,0,0,96
17425,boundary,wave,wave,u*dx(eta),5.59213211734387e-15,1,0,24,1,7.24750708821616e-16,2.60638177707051e-11,96,0
17425,boundary,wave,wave,v*dy(eta),0,1,0,1,1,0,0,0,96
17425,boundary,wave,wave,w*dz(eta),0,1,0,1,1,0,0,0,96
17425,boundary,wave,wave,w*eta*dlogN2,0,1,0,1,1,0,0,0,96
17425,apv,boundary,wave,u*dx(u),0,-1,0,1,0,0,0,0,12
17425,apv,boundary,wave,v*dy(u),0,-1,0,1,0,0,0,0,12
17425,apv,boundary,wave,w*dz(u),0,-1,0,1,0,0,0,0,12
17425,apv,boundary,wave,u*dx(v),4.1615575046599e-15,4,0,1,0,2.05089386622549e-15,5.71965202671039e-12,12,0
17425,apv,boundary,wave,v*dy(v),0,-1,0,1,0,0,0,0,12
17425,apv,boundary,wave,w*dz(v),0,-1,0,1,0,0,0,0,12
17425,apv,boundary,wave,u*dx(w),0,-1,0,1,0,0,0,0,12
17425,apv,boundary,wave,v*dy(w),0,-1,0,1,0,0,0,0,12
17425,apv,boundary,wave,w*dz(w),0,-1,0,1,0,0,0,0,12
17425,apv,boundary,wave,u*dx(eta),8.0665637021776e-16,4,0,2,0,5.74278051203543e-16,9.31166255213611e-12,12,0
17425,apv,boundary,wave,v*dy(eta),0,-1,0,1,0,0,0,0,12
17425,apv,boundary,wave,w*dz(eta),0,-1,0,1,0,0,0,0,12
17425,apv,boundary,wave,w*eta*dlogN2,0,-1,0,1,0,0,0,0,12
17425,boundary,apv,wave,u*dx(u),0,1,0,-1,0,0,0,0,12
17425,boundary,apv,wave,v*dy(u),0,1,0,-1,0,0,0,0,12
17425,boundary,apv,wave,w*dz(u),0,1,0,-1,0,0,0,0,12
17425,boundary,apv,wave,u*dx(v),3.60958338844124e-15,1,0,4,0,1.32899582277568e-15,1.6802337299282e-11,12,0
17425,boundary,apv,wave,v*dy(v),0,1,0,-1,0,0,0,0,12
17425,boundary,apv,wave,w*dz(v),0,1,0,-1,0,0,0,0,12
17425,boundary,apv,wave,u*dx(w),0,1,0,-1,0,0,0,0,12
17425,boundary,apv,wave,v*dy(w),0,1,0,-1,0,0,0,0,12
17425,boundary,apv,wave,w*dz(w),0,1,0,-1,0,0,0,0,12
17425,boundary,apv,wave,u*dx(eta),7.28151043881395e-16,1,0,2,0,8.01556373577883e-16,3.31483729354431e-11,12,0
17425,boundary,apv,wave,v*dy(eta),0,1,0,-1,0,0,0,0,12
17425,boundary,apv,wave,w*dz(eta),0,1,0,-1,0,0,0,0,12
17425,boundary,apv,wave,w*eta*dlogN2,0,1,0,-1,0,0,0,0,12
17425,boundary,boundary,wave,u*dx(u),0,1,0,1,0,0,0,0,4
17425,boundary,boundary,wave,v*dy(u),0,1,0,1,0,0,0,0,4
17425,boundary,boundary,wave,w*dz(u),0,1,0,1,0,0,0,0,4
17425,boundary,boundary,wave,u*dx(v),3.25582231128818e-15,1,0,2,0,1.1898528697879e-15,2.53008725081827e-12,4,0
17425,boundary,boundary,wave,v*dy(v),0,1,0,1,0,0,0,0,4
17425,boundary,boundary,wave,w*dz(v),0,1,0,1,0,0,0,0,4
17425,boundary,boundary,wave,u*dx(w),0,1,0,1,0,0,0,0,4
17425,boundary,boundary,wave,v*dy(w),0,1,0,1,0,0,0,0,4
17425,boundary,boundary,wave,w*dz(w),0,1,0,1,0,0,0,0,4
17425,boundary,boundary,wave,u*dx(eta),1.0004356268658e-15,2,0,1,0,1.13809073652973e-15,8.92270241191872e-12,4,0
17425,boundary,boundary,wave,v*dy(eta),0,1,0,1,0,0,0,0,4
17425,boundary,boundary,wave,w*dz(eta),0,1,0,1,0,0,0,0,4
17425,boundary,boundary,wave,w*eta*dlogN2,0,1,0,1,0,0,0,0,4
17429,wave,wave,wave,u*dx(u),7.85206027256011e-07,24,-1,23,1,3.59549648730337e-15,2.44873232801979e-10,1056,0
17429,wave,wave,wave,v*dy(u),7.85206027229967e-07,23,1,24,1,3.63234152756784e-15,2.44636977342338e-10,1056,0
17429,wave,wave,wave,w*dz(u),7.85473332837701e-07,24,1,23,1,6.45414547679623e-14,3.98299326623432e-06,1056,0
17429,wave,wave,wave,u*dx(v),7.83412170462911e-07,24,1,23,1,3.53892418971791e-15,2.45109266217014e-10,1056,0
17429,wave,wave,wave,v*dy(v),7.83412170443826e-07,23,1,24,1,3.55746937325076e-15,2.44873232801979e-10,1056,0
17429,wave,wave,wave,w*dz(v),7.83678566883188e-07,24,1,23,1,6.38280211946632e-14,3.87469075643955e-06,1056,0
17429,wave,wave,wave,u*dx(w),1.71030970026433e-09,24,1,24,1,9.99200722162641e-16,2.4489854588694e-10,1056,0
17429,wave,wave,wave,v*dy(w),1.71030970020692e-09,24,1,24,1,9.99200722162641e-16,2.44662512471905e-10,1056,0
17429,wave,wave,wave,w*dz(w),1.71030970028165e-09,24,1,24,1,8.88178419700125e-16,2.44899656109965e-10,1056,0
17429,wave,wave,wave,u*dx(eta),1.15709295468175e-07,24,1,24,1,1.49393225363378e-15,1.83538073628142e-10,1056,0
17429,wave,wave,wave,v*dy(eta),1.15709295464564e-07,24,1,24,1,1.39229670470631e-15,1.83301818168502e-10,1056,0
17429,wave,wave,wave,w*dz(eta),1.15709295468136e-07,24,1,24,1,1.28981586141386e-15,1.83538961806562e-10,1056,0
17429,wave,wave,wave,w*eta*dlogN2,6.98660880810788e-08,23,1,24,1,1.94149155890353e-15,1.84016579751756e-10,1056,0
17429,wave,apv,wave,u*dx(u),5.86378049955669e-11,24,1,5,0,2.26273801092152e-15,1.22773347044358e-10,288,0
17429,wave,apv,wave,v*dy(u),5.86378160455821e-11,24,1,5,0,2.33123164706426e-15,1.22537091584718e-10,288,0
17429,wave,apv,wave,w*dz(u),6.13360199241611e-11,24,1,5,0,2.45719987215041e-15,1.22704291172226e-10,288,0
17429,wave,apv,wave,u*dx(v),5.8543334710556e-11,24,1,5,0,2.26663650863089e-15,1.22773347044358e-10,288,0
17429,wave,apv,wave,v*dy(v),5.85431981544911e-11,24,1,5,0,2.18007174843646e-15,1.22537091584718e-10,288,0
17429,wave,apv,wave,w*dz(v),6.12377331792834e-11,24,1,5,0,2.24603513900928e-15,1.22704291172226e-10,288,0
17429,wave,apv,wave,u*dx(w),0,1,1,-1,0,0,0,0,288
17429,wave,apv,wave,v*dy(w),0,1,1,-1,0,0,0,0,288
17429,wave,apv,wave,w*dz(w),0,1,1,-1,0,0,0,0,288
17429,wave,apv,wave,u*dx(eta),5.0613062035222e-12,24,1,5,0,1.01022946977338e-15,1.22386323297974e-10,288,0
17429,wave,apv,wave,v*dy(eta),5.06130122422508e-12,24,1,5,0,1.02666645625544e-15,1.22150067838334e-10,288,0
17429,wave,apv,wave,w*dz(eta),4.93643766056303e-12,24,1,5,0,1.23958100372631e-15,1.49824153083955e-10,288,0
17429,wave,apv,wave,w*eta*dlogN2,1.18341578216433e-11,24,1,5,0,1.02530475987075e-15,1.23075549751661e-10,288,0
17429,apv,wave,wave,u*dx(u),5.86378205372428e-11,5,0,24,1,2.34013238839963e-15,1.22537091584718e-10,288,0
17429,apv,wave,wave,v*dy(u),5.86378205372428e-11,5,0,24,1,2.34013238839963e-15,1.22537091584718e-10,288,0
17429,apv,wave,wave,w*dz(u),0,-1,0,1,1,0,0,0,288
17429,apv,wave,wave,u*dx(v),5.85433281632011e-11,5,0,24,1,2.26351411507011e-15,1.22773347044358e-10,288,0
17429,apv,wave,wave,v*dy(v),5.85433281632011e-11,5,0,24,1,2.26351411507011e-15,1.22773347044358e-10,288,0
17429,apv,wave,wave,w*dz(v),0,-1,0,1,1,0,0,0,288
17429,apv,wave,wave,u*dx(w),8.55544082448919e-14,5,0,24,1,6.66133814775094e-16,1.23471899371452e-10,288,0
17429,apv,wave,wave,v*dy(w),8.55544082448919e-14,5,0,24,1,6.66133814775094e-16,1.23471899371452e-10,288,0
17429,apv,wave,wave,w*dz(w),0,-1,0,1,1,0,0,0,288
17429,apv,wave,wave,u*dx(eta),4.93565286476175e-12,5,0,24,1,1.25826703988861e-15,6.21966922409456e-11,288,0
17429,apv,wave,wave,v*dy(eta),4.93565286476175e-12,5,0,24,1,1.25826703988861e-15,6.21966922409456e-11,288,0
17429,apv,wave,wave,w*dz(eta),0,-1,0,1,1,0,0,0,288
17429,apv,wave,wave,w*eta*dlogN2,0,-1,0,1,1,0,0,0,288
17429,wave,boundary,wave,u*dx(u),7.7242920041056e-14,24,1,1,0,1.83251357670343e-15,1.22387877610208e-10,96,0
17429,wave,boundary,wave,v*dy(u),7.71452832864807e-14,24,1,1,0,2.17848922265017e-15,1.22151844195173e-10,96,0
17429,wave,boundary,wave,w*dz(u),2.09781076613235e-13,24,1,2,0,1.99938280408416e-15,1.23133947482756e-10,96,0
17429,wave,boundary,wave,u*dx(v),7.71636036209961e-14,24,1,1,0,1.86462646688512e-15,1.22387877610208e-10,96,0
17429,wave,boundary,wave,v*dy(v),7.68802323432787e-14,24,1,1,0,1.99878640123943e-15,1.22151844195173e-10,96,0
17429,wave,boundary,wave,w*dz(v),2.09451551189218e-13,24,1,2,0,1.74180668661583e-15,1.23133947482756e-10,96,0
17429,wave,boundary,wave,u*dx(w),0,1,1,1,0,0,0,0,96
17429,wave,boundary,wave,v*dy(w),0,1,1,1,0,0,0,0,96
17429,wave,boundary,wave,w*dz(w),0,1,1,1,0,0,0,0,96
17429,wave,boundary,wave,u*dx(eta),1.67738329529843e-14,24,1,2,0,7.7715611723761e-16,1.23407506436024e-10,96,0
17429,wave,boundary,wave,v*dy(eta),1.67764406929456e-14,24,1,2,0,6.66759452200256e-16,1.23171473020989e-10,96,0
17429,wave,boundary,wave,w*dz(eta),6.33461540736152e-15,24,1,1,0,9.73755534079312e-16,1.23106413951746e-10,96,0
17429,wave,boundary,wave,w*eta*dlogN2,5.30793552966312e-15,24,1,2,0,1.51699430530479e-15,1.23263621532033e-10,96,0
17429,boundary,wave,wave,u*dx(u),7.71089563451639e-14,1,0,24,1,2.25407498027315e-15,1.22151844195173e-10,96,0
17429,boundary,wave,wave,v*dy(u),7.71089563451639e-14,1,0,24,1,2.25407498027315e-15,1.22151844195173e-10,96,0
17429,boundary,wave,wave,w*dz(u),0,1,0,1,1,0,0,0,96
17429,boundary,wave,wave,u*dx(v),7.72656143925488e-14,1,0,24,1,1.87484822973452e-15,1.22388099654813e-10,96,0
17429,boundary,wave,wave,v*dy(v),7.72656143925488e-14,1,0,24,1,1.87484822973452e-15,1.22388099654813e-10,96,0
17429,boundary,wave,wave,w*dz(v),0,1,0,1,1,0,0,0,96
17429,boundary,wave,wave,u*dx(w),1.12932242032176e-16,2,0,24,1,6.66133814775094e-16,1.20845555784399e-10,96,0
17429,boundary,wave,wave,v*dy(w),1.12932242032176e-16,2,0,24,1,6.66133814775094e-16,1.20845555784399e-10,96,0
17429,boundary,wave,wave,w*dz(w),0,1,0,1,1,0,0,0,96
17429,boundary,wave,wave,u*dx(eta),6.36809965895893e-15,1,0,24,1,8.24974715054237e-16,5.95525850854983e-11,96,0
17429,boundary,wave,wave,v*dy(eta),6.36809965895893e-15,1,0,24,1,8.24974715054237e-16,5.95525850854983e-11,96,0
17429,boundary,wave,wave,w*dz(eta),0,1,0,1,1,0,0,0,96
17429,boundary,wave,wave,w*eta*dlogN2,0,1,0,1,1,0,0,0,96
17429,apv,boundary,wave,u*dx(u),4.18825906525941e-15,4,0,1,0,2.05293492098858e-15,1.72062474571806e-11,12,0
17429,apv,boundary,wave,v*dy(u),4.18825906525941e-15,4,0,1,0,2.05293492098858e-15,1.72062474571806e-11,12,0
17429,apv,boundary,wave,w*dz(u),0,-1,0,1,0,0,0,0,12
17429,apv,boundary,wave,u*dx(v),3.81201558417785e-15,4,0,1,0,1.23316689060537e-15,1.6802337299282e-11,12,0
17429,apv,boundary,wave,v*dy(v),3.81201558417785e-15,4,0,1,0,1.23316689060537e-15,1.6802337299282e-11,12,0
17429,apv,boundary,wave,w*dz(v),0,-1,0,1,0,0,0,0,12
17429,apv,boundary,wave,u*dx(w),0,-1,0,1,0,0,0,0,12
17429,apv,boundary,wave,v*dy(w),0,-1,0,1,0,0,0,0,12
17429,apv,boundary,wave,w*dz(w),0,-1,0,1,0,0,0,0,12
17429,apv,boundary,wave,u*dx(eta),7.59056122803387e-16,-1,0,2,0,6.03108678437913e-16,1.82573955953558e-11,12,0
17429,apv,boundary,wave,v*dy(eta),7.59056122803387e-16,-1,0,2,0,6.03108678437913e-16,1.82573955953558e-11,12,0
17429,apv,boundary,wave,w*dz(eta),0,-1,0,1,0,0,0,0,12
17429,apv,boundary,wave,w*eta*dlogN2,0,-1,0,1,0,0,0,0,12
17429,boundary,apv,wave,u*dx(u),4.16730993706495e-15,1,0,4,0,2.0298041587102e-15,1.72062669734565e-11,12,0
17429,boundary,apv,wave,v*dy(u),4.16730993706495e-15,1,0,4,0,2.0298041587102e-15,1.72062669734565e-11,12,0
17429,boundary,apv,wave,w*dz(u),0,1,0,-1,0,0,0,0,12
17429,boundary,apv,wave,u*dx(v),3.81001160676458e-15,1,0,4,0,1.26462284989644e-15,1.6802337299282e-11,12,0
17429,boundary,apv,wave,v*dy(v),3.81001160676458e-15,1,0,4,0,1.26462284989644e-15,1.6802337299282e-11,12,0
17429,boundary,apv,wave,w*dz(v),0,1,0,-1,0,0,0,0,12
17429,boundary,apv,wave,u*dx(w),0,1,0,-1,0,0,0,0,12
17429,boundary,apv,wave,v*dy(w),0,1,0,-1,0,0,0,0,12
17429,boundary,apv,wave,w*dz(w),0,1,0,-1,0,0,0,0,12
17429,boundary,apv,wave,u*dx(eta),8.17010289277151e-16,2,0,3,0,8.098172836898e-16,3.31483729354431e-11,12,0
17429,boundary,apv,wave,v*dy(eta),8.17010289277151e-16,2,0,3,0,8.098172836898e-16,3.31483729354431e-11,12,0
17429,boundary,apv,wave,w*dz(eta),0,1,0,-1,0,0,0,0,12
17429,boundary,apv,wave,w*eta*dlogN2,0,1,0,-1,0,0,0,0,12
17429,boundary,boundary,wave,u*dx(u),3.46146050969376e-15,2,0,1,0,1.88882990094212e-15,2.23049679941548e-11,4,0
17429,boundary,boundary,wave,v*dy(u),3.46146050969376e-15,2,0,1,0,1.88882990094212e-15,2.23049679941548e-11,4,0
17429,boundary,boundary,wave,w*dz(u),0,1,0,1,0,0,0,0,4
17429,boundary,boundary,wave,u*dx(v),3.12429485385841e-15,2,0,1,0,1.26161168389628e-15,2.17612594610728e-11,4,0
17429,boundary,boundary,wave,v*dy(v),3.12429485385841e-15,2,0,1,0,1.26161168389628e-15,2.17612594610728e-11,4,0
17429,boundary,boundary,wave,w*dz(v),0,1,0,1,0,0,0,0,4
17429,boundary,boundary,wave,u*dx(w),0,1,0,1,0,0,0,0,4
17429,boundary,boundary,wave,v*dy(w),0,1,0,1,0,0,0,0,4
17429,boundary,boundary,wave,w*dz(w),0,1,0,1,0,0,0,0,4
17429,boundary,boundary,wave,u*dx(eta),5.43182178157527e-16,1,0,2,0,1.05391015725362e-15,2.20811147144673e-11,4,0
17429,boundary,boundary,wave,v*dy(eta),5.43182178157527e-16,1,0,2,0,1.05391015725362e-15,2.20811147144673e-11,4,0
17429,boundary,boundary,wave,w*dz(eta),0,1,0,1,0,0,0,0,4
17429,boundary,boundary,wave,w*eta*dlogN2,0,1,0,1,0,0,0,0,4
9534,wave,wave,wave,u*dx(u),7.80841390175846e-07,23,1,24,1,3.55528396758065e-15,5.70858915693861e-11,1056,0
9534,wave,wave,wave,v*dy(u),7.80841390174103e-07,23,-1,24,1,3.5380325809701e-15,5.7059690306005e-11,1056,0
9534,wave,wave,wave,w*dz(u),7.81106428821488e-07,24,1,23,1,5.80122436015061e-14,6.86348797246618e-06,1056,0
9534,wave,wave,wave,u*dx(v),7.79189882247504e-07,23,1,24,1,3.53408364423289e-15,5.70858915693861e-11,1056,0
9534,wave,wave,wave,v*dy(v),7.79189882238506e-07,23,1,24,1,3.56840676037668e-15,5.70594682614001e-11,1056,0
9534,wave,wave,wave,w*dz(v),7.79454093072239e-07,24,1,23,1,5.75281252994638e-14,6.76378090668997e-06,1056,0
9534,wave,wave,wave,u*dx(w),3.11798190925227e-09,24,1,24,1,8.88178419700125e-16,5.72202285553658e-11,1056,0
9534,wave,wave,wave,v*dy(w),3.11798190926508e-09,24,1,24,1,8.88178419700125e-16,5.71940272919846e-11,1056,0
9534,wave,wave,wave,w*dz(w),3.11798135755877e-09,24,1,24,1,1.11022302462516e-15,5.72291103395628e-11,1056,0
9534,wave,wave,wave,u*dx(eta),2.08158963163002e-07,24,1,24,1,1.7938408334974e-15,5.69810865158615e-11,1056,0
9534,wave,wave,wave,v*dy(eta),2.08158963163226e-07,24,1,24,1,1.77653107583485e-15,5.69548852524804e-11,1056,0
9534,wave,wave,wave,w*dz(eta),2.08158942479067e-07,24,1,24,1,1.72567983642759e-15,5.72091263251195e-11,1056,0
9534,wave,wave,wave,w*eta*dlogN2,1.25806358948901e-07,23,1,24,1,1.87970632312543e-15,5.72317748748219e-11,1056,0
9534,wave,apv,wave,u*dx(u),5.84111161474767e-11,24,1,5,0,2.28134022542011e-15,5.70967717550275e-11,288,0
9534,wave,apv,wave,v*dy(u),5.84109901149988e-11,24,1,5,0,2.12822051193798e-15,5.70703484470414e-11,288,0
9534,wave,apv,wave,w*dz(u),6.11003995690774e-11,24,1,5,0,2.25360159877973e-15,5.71984681840831e-11,288,0
9534,wave,apv,wave,u*dx(v),5.83234947928322e-11,24,1,5,0,2.31895251351428e-15,5.70965497104226e-11,288,0
9534,wave,apv,wave,v*dy(v),5.83234263240116e-11,24,1,5,0,2.23862837453677e-15,5.70705704916463e-11,288,0
9534,wave,apv,wave,w*dz(v),6.10094409725512e-11,24,1,5,0,2.14737236129434e-15,5.71982461394782e-11,288,0
9534,wave,apv,wave,u*dx(w),0,1,1,-1,0,0,0,0,288
9534,wave,apv,wave,v*dy(w),0,1,1,-1,0,0,0,0,288
9534,wave,apv,wave,w*dz(w),0,1,1,-1,0,0,0,0,288
9534,wave,apv,wave,u*dx(eta),9.15577059423444e-12,24,1,5,0,1.23903406973383e-15,5.70024027979343e-11,288,0
9534,wave,apv,wave,v*dy(eta),9.15576332147818e-12,24,1,5,0,1.47876311735873e-15,5.69759794899483e-11,288,0
9534,wave,apv,wave,w*dz(eta),8.9295778472879e-12,24,1,5,0,1.76045432081048e-15,1.47822309948253e-10,288,0
9534,wave,apv,wave,w*eta*dlogN2,2.1416249931452e-11,24,1,5,0,1.23834617884796e-15,5.75532954627533e-11,288,0
9534,apv,wave,wave,u*dx(u),5.84105411740617e-11,5,0,24,1,2.19925192909351e-15,2.91660029461127e-11,288,0
9534,apv,wave,wave,v*dy(u),5.84105093118021e-11,5,0,24,1,2.24773303276009e-15,2.91658919238102e-11,288,0
9534,apv,wave,wave,w*dz(u),0,-1,0,1,1,0,0,0,288
9534,apv,wave,wave,u*dx(v),5.8323035884969e-11,5,0,24,1,2.14651578653335e-15,2.91787705108959e-11,288,0
9534,apv,wave,wave,v*dy(v),5.83229604219209e-11,5,0,24,1,2.23945206897083e-15,2.91786594885934e-11,288,0
9534,apv,wave,wave,w*dz(v),0,-1,0,1,1,0,0,0,288
9534,apv,wave,wave,u*dx(w),1.55961334093501e-13,5,0,24,1,5.55111512312578e-16,3.39014372130464e-11,288,0
9534,apv,wave,wave,v*dy(w),1.55961576523624e-13,5,0,24,1,5.55111512312578e-16,3.39014372130464e-11,288,0
9534,apv,wave,wave,w*dz(w),0,-1,0,1,1,0,0,0,288
9534,apv,wave,wave,u*dx(eta),8.92808496347662e-12,5,0,24,1,1.06240911123019e-15,1.99824601310183e-11,288,0
9534,apv,wave,wave,v*dy(eta),8.92806278621434e-12,5,0,24,1,1.2930879104822e-15,1.99822380864134e-11,288,0
9534,apv,wave,wave,w*dz(eta),0,-1,0,1,1,0,0,0,288
9534,apv,wave,wave,w*eta*dlogN2,0,-1,0,1,1,0,0,0,288
9534,wave,boundary,wave,u*dx(u),8.22664923200741e-14,24,1,2,0,1.89853287820552e-15,5.7663873676006e-11,96,0
9534,wave,boundary,wave,v*dy(u),8.34011164390657e-14,24,1,2,0,1.87746048748797e-15,5.76374503680199e-11,96,0
9534,wave,boundary,wave,w*dz(u),1.08106092522127e-13,24,1,2,0,1.85838008765273e-15,5.74440495171302e-11,96,0
9534,wave,boundary,wave,u*dx(v),8.33026561926252e-14,24,1,2,0,1.85954177713124e-15,5.7663873676006e-11,96,0
9534,wave,boundary,wave,v*dy(v),8.30375389628991e-14,24,1,2,0,1.82651218442715e-15,5.76374503680199e-11,96,0
9534,wave,boundary,wave,w*dz(v),1.07930625534432e-13,24,1,2,0,1.94382185609097e-15,5.74438274725253e-11,96,0
9534,wave,boundary,wave,u*dx(w),0,1,1,1,0,0,0,0,96
9534,wave,boundary,wave,v*dy(w),0,1,1,1,0,0,0,0,96
9534,wave,boundary,wave,w*dz(w),0,1,1,1,0,0,0,0,96
9534,wave,boundary,wave,u*dx(eta),1.57118568083133e-14,24,1,2,0,7.80946201380945e-16,5.76720893263882e-11,96,0
9534,wave,boundary,wave,v*dy(eta),1.57189051401511e-14,24,1,2,0,7.70922433019498e-16,5.76456660184022e-11,96,0
9534,wave,boundary,wave,w*dz(eta),1.23460697118953e-14,24,1,2,0,9.61420995762816e-16,5.74369440897726e-11,96,0
9534,wave,boundary,wave,w*eta*dlogN2,1.06393769306203e-14,24,1,1,0,1.24813714054094e-15,5.74942315978433e-11,96,0
9534,boundary,wave,wave,u*dx(u),8.14832194220188e-14,2,0,24,1,2.24399009425614e-15,2.99212876697652e-11,96,0
9534,boundary,wave,wave,v*dy(u),8.17360845871615e-14,2,0,24,1,2.01238093904987e-15,2.99211766474627e-11,96,0
9534,boundary,wave,wave,w*dz(u),0,1,0,1,1,0,0,0,96
9534,boundary,wave,wave,u*dx(v),8.12511526766181e-14,2,0,24,1,2.20726528004437e-15,2.99336111453385e-11,96,0
9534,boundary,wave,wave,v*dy(v),8.12642120529703e-14,2,0,24,1,1.79147513483537e-15,2.9933722167641e-11,96,0
9534,boundary,wave,wave,w*dz(v),0,1,0,1,1,0,0,0,96
9534,boundary,wave,wave,u*dx(w),1.21696335992155e-16,1,0,24,1,6.66133814775094e-16,3.14965831194058e-11,96,0
9534,boundary,wave,wave,v*dy(w),1.23805195486384e-16,1,0,18,1,6.66133814775094e-16,3.14965831194058e-11,96,0
9534,boundary,wave,wave,w*dz(w),0,1,0,1,1,0,0,0,96
9534,boundary,wave,wave,u*dx(eta),1.20147401930558e-14,2,0,24,1,8.18022916717236e-16,1.80319092990544e-11,96,0
9534,boundary,wave,wave,v*dy(eta),1.20146828849745e-14,2,0,24,1,8.60618311818575e-16,1.80317982767519e-11,96,0
9534,boundary,wave,wave,w*dz(eta),0,1,0,1,1,0,0,0,96
9534,boundary,wave,wave,w*eta*dlogN2,0,1,0,1,1,0,0,0,96
9534,apv,boundary,wave,u*dx(u),3.71106154454752e-15,4,0,1,0,1.40834205707893e-15,1.81128445575496e-11,12,0
9534,apv,boundary,wave,v*dy(u),3.64691633882178e-15,4,0,1,0,1.29101350131061e-15,1.81130666021545e-11,12,0
9534,apv,boundary,wave,w*dz(u),0,-1,0,1,0,0,0,0,12
9534,apv,boundary,wave,u*dx(v),3.55835000153843e-15,4,0,1,0,1.26531993787481e-15,1.81130666021545e-11,12,0
9534,apv,boundary,wave,v*dy(v),3.5138519073303e-15,4,0,1,0,1.80697301862279e-15,1.81130666021545e-11,12,0
9534,apv,boundary,wave,w*dz(v),0,-1,0,1,0,0,0,0,12
9534,apv,boundary,wave,u*dx(w),0,-1,0,1,0,0,0,0,12
9534,apv,boundary,wave,v*dy(w),0,-1,0,1,0,0,0,0,12
9534,apv,boundary,wave,w*dz(w),0,-1,0,1,0,0,0,0,12
9534,apv,boundary,wave,u*dx(eta),8.80563305724146e-16,-1,0,2,0,1.25836071288634e-15,2.04078975940547e-11,12,0
9534,apv,boundary,wave,v*dy(eta),9.41024833458252e-16,-1,0,2,0,8.22985208277519e-16,2.04076755494498e-11,12,0
9534,apv,boundary,wave,w*dz(eta),0,-1,0,1,0,0,0,0,12
9534,apv,boundary,wave,w*eta*dlogN2,0,-1,0,1,0,0,0,0,12
9534,boundary,apv,wave,u*dx(u),3.76550832051776e-15,1,0,4,0,1.56543691045541e-15,2.05007122389134e-11,12,0
9534,boundary,apv,wave,v*dy(u),3.85776834418929e-15,1,0,4,0,1.32661925977814e-15,2.05007122389134e-11,12,0
9534,boundary,apv,wave,w*dz(u),0,1,0,-1,0,0,0,0,12
9534,boundary,apv,wave,u*dx(v),3.60920911954942e-15,1,0,4,0,1.59358159028737e-15,2.05011563281232e-11,12,0
9534,boundary,apv,wave,v*dy(v),3.63444877923043e-15,1,0,4,0,1.16068103567904e-15,2.05011563281232e-11,12,0
9534,boundary,apv,wave,w*dz(v),0,1,0,-1,0,0,0,0,12
9534,boundary,apv,wave,u*dx(w),0,1,0,-1,0,0,0,0,12
9534,boundary,apv,wave,v*dy(w),0,1,0,-1,0,0,0,0,12
9534,boundary,apv,wave,w*dz(w),0,1,0,-1,0,0,0,0,12
9534,boundary,apv,wave,u*dx(eta),1.17775327831718e-15,2,0,-1,0,1.34268753315393e-15,3.27745882375084e-11,12,0
9534,boundary,apv,wave,v*dy(eta),1.28866283570091e-15,2,0,1,0,7.14332446499016e-16,3.2774491148776e-11,12,0
9534,boundary,apv,wave,w*dz(eta),0,1,0,-1,0,0,0,0,12
9534,boundary,apv,wave,w*eta*dlogN2,0,1,0,-1,0,0,0,0,12
9534,boundary,boundary,wave,u*dx(u),4.12691825546508e-15,1,0,2,0,1.60770061277441e-15,6.46475095678056e-11,4,0
9534,boundary,boundary,wave,v*dy(u),3.98025990641389e-15,1,0,2,0,1.48331028250603e-15,6.4647842634713e-11,4,0
9534,boundary,boundary,wave,w*dz(u),0,1,0,1,0,0,0,0,4
9534,boundary,boundary,wave,u*dx(v),3.94329851829319e-15,1,0,2,0,1.54392087800565e-15,6.46476205901081e-11,4,0
9534,boundary,boundary,wave,v*dy(v),4.0155221240529e-15,1,0,2,0,1.47093945291864e-15,6.46477316124106e-11,4,0
9534,boundary,boundary,wave,w*dz(v),0,1,0,1,0,0,0,0,4
9534,boundary,boundary,wave,u*dx(w),0,1,0,1,0,0,0,0,4
9534,boundary,boundary,wave,v*dy(w),0,1,0,1,0,0,0,0,4
9534,boundary,boundary,wave,w*dz(w),0,1,0,1,0,0,0,0,4
9534,boundary,boundary,wave,u*dx(eta),9.52170836251814e-16,1,0,2,0,5.88623075260853e-16,3.53551660518657e-11,4,0
9534,boundary,boundary,wave,v*dy(eta),1.42833014108284e-15,2,0,1,0,6.87977945067442e-16,3.53549953578604e-11,4,0
9534,boundary,boundary,wave,w*dz(eta),0,1,0,1,0,0,0,0,4
9534,boundary,boundary,wave,w*eta*dlogN2,0,1,0,1,0,0,0,0,4
9683,wave,wave,inertial,u*dx(u),3.33527830874966e-10,23,1,24,1,1.27331750169871e-15,1.14123821504108e-10,1056,0
9683,wave,wave,inertial,v*dy(u),3.33527880614132e-10,23,1,24,1,1.8258693218651e-15,1.14097398196122e-10,1056,0
9683,wave,wave,inertial,w*dz(u),2.90755180660312e-09,1,1,1,1,1.41290815888839e-14,2.03887362779099e-06,1056,0
9683,wave,wave,inertial,u*dx(v),3.33527894775378e-10,24,-1,23,1,1.74583348741936e-15,1.14097176151517e-10,1056,0
9683,wave,wave,inertial,v*dy(v),3.33527837331805e-10,23,1,24,1,1.16110383686e-15,1.14071196932741e-10,1056,0
9683,wave,wave,inertial,w*dz(v),2.90755168705882e-09,1,1,1,1,1.41195723858322e-14,2.03887362811026e-06,1056,0
9683,wave,wave,mda,u*dx(eta),6.20505280390726e-12,24,1,24,1,3.47769642778747e-15,6.63750140815639e-10,1056,0
9683,wave,wave,mda,v*dy(eta),6.20508232371733e-12,24,1,24,1,4.23259020906435e-15,6.63769929895723e-10,1056,0
9683,wave,wave,mda,w*dz(eta),6.20505701854868e-12,24,1,24,1,4.11648100984787e-15,6.63748703107497e-10,1056,0
9683,wave,wave,mda,w*eta*dlogN2,1.0662334701476e-12,24,1,23,1,3.10553396811385e-15,1.10834440886254e-10,1056,0
9683,wave,apv,inertial,u*dx(u),4.26815954465068e-15,23,1,3,0,1.21956994500953e-15,5.70965497104226e-11,288,0
9683,wave,apv,inertial,v*dy(u),4.25126501209729e-15,23,1,3,0,1.50534992536679e-15,5.70703484470414e-11,288,0
9683,wave,apv,inertial,w*dz(u),3.07994792121773e-15,22,1,5,0,1.17469812184676e-15,5.71982461394782e-11,288,0
9683,wave,apv,inertial,u*dx(v),4.21401498265333e-15,23,1,3,0,1.05873631810342e-15,5.70965497104226e-11,288,0
9683,wave,apv,inertial,v*dy(v),4.18561169675923e-15,23,1,3,0,1.08546775962794e-15,5.70703484470414e-11,288,0
9683,wave,apv,inertial,w*dz(v),3.08430778014425e-15,22,1,5,0,1.22389572392743e-15,5.71984681840831e-11,288,0
9683,wave,apv,mda,u*dx(eta),3.85368894872316e-15,24,1,-1,0,2.18689453840882e-15,7.1206980227644e-10,288,0
9683,wave,apv,mda,v*dy(eta),3.98202372975735e-15,23,1,-1,0,3.20232301088714e-15,7.1208997642991e-10,288,0
9683,wave,apv,mda,w*dz(eta),1.29134018814922e-13,1,1,-1,0,2.11091015425971e-15,3.37163675934016e-07,288,0
9683,wave,apv,mda,w*eta*dlogN2,3.37712634907809e-15,6,1,5,0,3.39105842118532e-15,9.91474324899714e-11,288,0
9683,apv,wave,inertial,u*dx(u),4.2628935803504e-15,3,0,23,1,1.1320907566519e-15,5.70965497104226e-11,288,0
9683,apv,wave,inertial,v*dy(u),4.2538378618245e-15,3,0,23,1,1.13455535555957e-15,5.70965497104226e-11,288,0
9683,apv,wave,inertial,w*dz(u),0,-1,0,1,1,0,0,0,288
9683,apv,wave,inertial,u*dx(v),4.21019548357783e-15,3,0,23,1,1.06023413578626e-15,5.70703484470414e-11,288,0
9683,apv,wave,inertial,v*dy(v),4.20923962011484e-15,3,0,23,1,1.07738430143583e-15,5.70703484470414e-11,288,0
9683,apv,wave,inertial,w*dz(v),0,-1,0,1,1,0,0,0,288
9683,apv,wave,mda,u*dx(eta),3.2403036863651e-15,3,0,1,1,2.2964312085748e-15,6.36228642156784e-11,288,0
9683,apv,wave,mda,v*dy(eta),3.24028196375679e-15,3,0,1,1,1.85773851704737e-15,6.36225878481244e-11,288,0
9683,apv,wave,mda,w*dz(eta),0,-1,0,1,1,0,0,0,288
9683,apv,wave,mda,w*eta*dlogN2,0,-1,0,1,1,0,0,0,288
9683,wave,boundary,inertial,u*dx(u),7.95012311786813e-15,1,1,1,0,1.19983414821213e-15,5.69397862193455e-11,96,0
9683,wave,boundary,inertial,v*dy(u),7.95556258827226e-15,1,1,1,0,1.23362343143555e-15,5.69129188221495e-11,96,0
9683,wave,boundary,inertial,w*dz(u),2.30606695037824e-15,1,1,1,0,9.4355848524174e-16,5.7571947209567e-11,96,0
9683,wave,boundary,inertial,u*dx(v),8.02402191581389e-15,1,1,1,0,1.6213057922239e-15,5.69393421301356e-11,96,0
9683,wave,boundary,inertial,v*dy(v),7.89974446625741e-15,1,1,1,0,9.49182366828251e-16,5.69133629113594e-11,96,0
9683,wave,boundary,inertial,w*dz(v),2.32556040702421e-15,1,1,1,0,1.12328722862629e-15,5.7572169254172e-11,96,0
9683,wave,boundary,mda,u*dx(eta),3.76539012142692e-15,22,1,1,0,5.33235692181865e-16,8.03006437866095e-10,96,0
9683,wave,boundary,mda,v*dy(eta),4.14510877598449e-15,1,1,1,0,6.20612050681175e-16,8.03031760965412e-10,96,0
9683,wave,boundary,mda,w*dz(eta),2.26315963866547e-15,1,1,1,0,1.88927935101227e-15,8.5987199864751e-11,96,0
9683,wave,boundary,mda,w*eta*dlogN2,3.1548854197603e-15,1,1,1,0,2.04070654177419e-15,8.52981428967751e-11,96,0
9683,boundary,wave,inertial,u*dx(u),7.98042399613161e-15,1,0,1,1,1.24456664423872e-15,5.69397862193455e-11,96,0
9683,boundary,wave,inertial,v*dy(u),7.94372902074396e-15,1,0,1,1,1.15598133408106e-15,5.69397862193455e-11,96,0
9683,boundary,wave,inertial,w*dz(u),0,1,0,1,1,0,0,0,96
9683,boundary,wave,inertial,u*dx(v),7.94333756850078e-15,1,0,1,1,8.76038151491491e-16,5.69133629113594e-11,96,0
9683,boundary,wave,inertial,v*dy(v),7.94980315698188e-15,1,0,1,1,8.95894018744927e-16,5.69133629113594e-11,96,0
9683,boundary,wave,inertial,w*dz(v),0,1,0,1,1,0,0,0,96
9683,boundary,wave,mda,u*dx(eta),2.84678245497387e-15,2,0,3,1,2.26998726861591e-15,6.1180131645274e-11,96,0
9683,boundary,wave,mda,v*dy(eta),2.55018986046528e-15,2,0,3,1,2.55958809326646e-15,6.11806243442413e-11,96,0
9683,boundary,wave,mda,w*dz(eta),0,1,0,1,1,0,0,0,96
9683,boundary,wave,mda,w*eta*dlogN2,0,1,0,1,1,0,0,0,96
9683,apv,boundary,inertial,u*dx(u),2.73901976366977e-15,4,0,1,0,8.39820171262544e-16,2.05013783727281e-11,12,0
9683,apv,boundary,inertial,v*dy(u),2.7208994568067e-15,5,0,1,0,8.66302573615462e-16,2.05011563281232e-11,12,0
9683,apv,boundary,inertial,w*dz(u),0,-1,0,1,0,0,0,0,12
9683,apv,boundary,inertial,u*dx(v),2.67434146893388e-15,5,0,1,0,1.52992067011882e-15,2.05011563281232e-11,12,0
9683,apv,boundary,inertial,v*dy(v),2.67280725812989e-15,5,0,1,0,1.41773104552518e-15,2.05011563281232e-11,12,0
9683,apv,boundary,inertial,w*dz(v),0,-1,0,1,0,0,0,0,12
9683,apv,boundary,mda,u*dx(eta),3.12778204123408e-15,4,0,1,0,6.04345605488487e-16,5.14619332663779e-11,12,0
9683,apv,boundary,mda,v*dy(eta),3.32574949665485e-15,2,0,2,0,6.14924226934758e-16,5.14619332663779e-11,12,0
9683,apv,boundary,mda,w*dz(eta),0,-1,0,1,0,0,0,0,12
9683,apv,boundary,mda,w*eta*dlogN2,0,-1,0,1,0,0,0,0,12
9683,boundary,apv,inertial,u*dx(u),2.76166661214772e-15,1,0,5,0,8.92407981330508e-16,2.05013783727281e-11,12,0
9683,boundary,apv,inertial,v*dy(u),2.71222556792829e-15,1,0,4,0,9.30250536840053e-16,2.05013783727281e-11,12,0
9683,boundary,apv,inertial,w*dz(u),0,1,0,-1,0,0,0,0,12
9683,boundary,apv,inertial,u*dx(v),2.63379685227237e-15,1,0,5,0,1.44423710472068e-15,2.05011563281232e-11,12,0
9683,boundary,apv,inertial,v*dy(v),2.66322087984277e-15,1,0,5,0,1.41709598106959e-15,2.05009342835183e-11,12,0
9683,boundary,apv,inertial,w*dz(v),0,1,0,-1,0,0,0,0,12
9683,boundary,apv,mda,u*dx(eta),1.71932430140889e-15,1,0,-1,0,9.25521290201808e-16,1.91076043876137e-10,12,0
9683,boundary,apv,mda,v*dy(eta),1.71932430140889e-15,1,0,-1,0,1.06542288945363e-15,1.91076265920742e-10,12,0
9683,boundary,apv,mda,w*dz(eta),0,1,0,-1,0,0,0,0,12
9683,boundary,apv,mda,w*eta*dlogN2,0,1,0,-1,0,0,0,0,12
9683,boundary,boundary,inertial,u*dx(u),2.95826302023801e-15,1,0,1,0,9.98641265484551e-16,7.1249894872949e-11,4,0
9683,boundary,boundary,inertial,v*dy(u),2.92136486550393e-15,1,0,1,0,1.01449970928317e-15,7.1249894872949e-11,4,0
9683,boundary,boundary,inertial,w*dz(u),0,1,0,1,0,0,0,0,4
9683,boundary,boundary,inertial,u*dx(v),2.94140139771985e-15,1,0,1,0,8.05274004268095e-16,7.12497838506465e-11,4,0
9683,boundary,boundary,inertial,v*dy(v),2.94845224449808e-15,1,0,1,0,7.85751394190648e-16,7.12497838506465e-11,4,0
9683,boundary,boundary,inertial,w*dz(v),0,1,0,1,0,0,0,0,4
9683,boundary,boundary,mda,u*dx(eta),2.52050035055231e-15,1,0,1,0,9.51690298131524e-16,1.85874448451917e-10,4,0
9683,boundary,boundary,mda,v*dy(eta),2.52050035055231e-15,1,0,1,0,9.51690298131524e-16,1.85874074986947e-10,4,0
9683,boundary,boundary,mda,w*dz(eta),0,1,0,1,0,0,0,0,4
9683,boundary,boundary,mda,w*eta*dlogN2,0,1,0,1,0,0,0,0,4
9555,wave,wave,wave,u*dx(u),7.85768052284559e-07,23,1,24,1,3.53649745247788e-15,1.12367004589942e-10,1056,0
9555,wave,wave,wave,v*dy(u),0,1,1,1,1,0,0,0,1056
9555,wave,wave,wave,w*dz(u),7.86035565102678e-07,23,1,24,1,2.03621961915797e-14,2.06358116096716e-06,1056,0
9555,wave,wave,wave,u*dx(v),7.80744970878361e-07,23,1,24,1,3.39301700458101e-15,8.48281445087196e-11,1056,0
9555,wave,wave,wave,v*dy(v),0,1,1,1,1,0,0,0,1056
9555,wave,wave,wave,w*dz(v),7.81009945128266e-07,23,1,24,1,1.99930687387383e-14,1.93711480936503e-06,1056,0
9555,wave,wave,wave,u*dx(w),2.13536997125562e-09,24,1,24,1,9.99200722162641e-16,1.12231113291728e-10,1056,0
9555,wave,wave,wave,v*dy(w),0,1,1,1,1,0,0,0,1056
9555,wave,wave,wave,w*dz(w),2.13536863417606e-09,24,1,24,1,9.99200722162641e-16,1.12186038236928e-10,1056,0
9555,wave,wave,wave,u*dx(eta),1.43999894552247e-07,24,1,24,1,1.46230588190277e-15,8.45763459267346e-11,1056,0
9555,wave,wave,wave,v*dy(eta),0,1,1,1,1,0,0,0,1056
9555,wave,wave,wave,w*dz(eta),1.4399984394171e-07,24,1,24,1,1.54413832162594e-15,8.44753156314937e-11,1056,0
9555,wave,wave,wave,w*eta*dlogN2,8.69685561857468e-08,23,1,24,1,1.10588287123964e-15,8.50246539840782e-11,1056,0
9555,wave,apv,wave,u*dx(u),0,1,1,-1,0,0,0,0,288
9555,wave,apv,wave,v*dy(u),0,1,1,-1,0,0,0,0,288
9555,wave,apv,wave,w*dz(u),0,1,1,-1,0,0,0,0,288
9555,wave,apv,wave,u*dx(v),5.84044511405803e-11,24,1,5,0,2.29214968767338e-15,5.70965497104226e-11,288,0
9555,wave,apv,wave,v*dy(v),0,1,1,-1,0,0,0,0,288
9555,wave,apv,wave,w*dz(v),6.10936620945901e-11,24,1,5,0,2.09360666518515e-15,5.71982461394782e-11,288,0
9555,wave,apv,wave,u*dx(w),0,1,1,-1,0,0,0,0,288
9555,wave,apv,wave,v*dy(w),0,1,1,-1,0,0,0,0,288
9555,wave,apv,wave,w*dz(w),0,1,1,-1,0,0,0,0,288
9555,wave,apv,wave,u*dx(eta),6.30743671774273e-12,24,1,5,0,1.42266293386215e-15,5.70024027979343e-11,288,0
9555,wave,apv,wave,v*dy(eta),0,1,1,-1,0,0,0,0,288
9555,wave,apv,wave,w*dz(eta),6.15178018305492e-12,24,1,5,0,1.19724838249849e-15,1.47822309948253e-10,288,0
9555,wave,apv,wave,w*eta*dlogN2,1.47490658893661e-11,24,1,5,0,1.20488998494872e-15,5.75532954627533e-11,288,0
9555,apv,wave,wave,u*dx(u),5.86675574474646e-11,5,0,24,1,2.38361692030243e-15,5.52433654377182e-11,288,0
9555,apv,wave,wave,v*dy(u),0,-1,0,1,1,0,0,0,288
9555,apv,wave,wave,w*dz(u),0,-1,0,1,1,0,0,0,288
9555,apv,wave,wave,u*dx(v),5.8402602233224e-11,5,0,24,1,2.16832566163497e-15,2.77042833118912e-11,288,0
9555,apv,wave,wave,v*dy(v),0,-1,0,1,1,0,0,0,288
9555,apv,wave,wave,w*dz(v),0,-1,0,1,1,0,0,0,288
9555,apv,wave,wave,u*dx(w),1.06816111960537e-13,5,0,24,1,6.66133814775094e-16,5.62074831123027e-11,288,0
9555,apv,wave,wave,v*dy(w),0,-1,0,1,1,0,0,0,288
9555,apv,wave,wave,w*dz(w),0,-1,0,1,1,0,0,0,288
9555,apv,wave,wave,u*dx(eta),6.15059076150667e-12,5,0,24,1,1.06291155336309e-15,2.86790591275121e-11,288,0
9555,apv,wave,wave,v*dy(eta),0,-1,0,1,1,0,0,0,288
9555,apv,wave,wave,w*dz(eta),0,-1,0,1,1,0,0,0,288
9555,apv,wave,wave,w*eta*dlogN2,0,-1,0,1,1,0,0,0,288
9555,wave,boundary,wave,u*dx(u),0,1,1,1,0,0,0,0,96
9555,wave,boundary,wave,v*dy(u),0,1,1,1,0,0,0,0,96
9555,wave,boundary,wave,w*dz(u),0,1,1,1,0,0,0,0,96
9555,wave,boundary,wave,u*dx(v),3.68987572260345e-13,24,1,2,0,2.30902073881888e-15,5.71851455077876e-11,96,0
9555,wave,boundary,wave,v*dy(v),0,1,1,1,0,0,0,0,96
9555,wave,boundary,wave,w*dz(v),3.52026707949624e-13,24,1,1,0,1.99296041281061e-15,5.72839553569793e-11,96,0
9555,wave,boundary,wave,u*dx(w),0,1,1,1,0,0,0,0,96
9555,wave,boundary,wave,v*dy(w),0,1,1,1,0,0,0,0,96
9555,wave,boundary,wave,w*dz(w),0,1,1,1,0,0,0,0,96
9555,wave,boundary,wave,u*dx(eta),3.53065765400103e-14,24,1,1,0,9.10300774702895e-16,5.72821790001399e-11,96,0
9555,wave,boundary,wave,v*dy(eta),0,1,1,1,0,0,0,0,96
9555,wave,boundary,wave,w*dz(eta),3.71825577945706e-14,24,1,2,0,1.80170483214075e-15,5.71913627567255e-11,96,0
9555,wave,boundary,wave,w*eta*dlogN2,3.93854328678257e-14,24,1,1,0,8.89904181633479e-16,5.73334713038776e-11,96,0
9555,boundary,wave,wave,u*dx(u),8.15939933581213e-14,2,0,24,1,1.99281329897492e-15,5.49800205362772e-11,96,0
9555,boundary,wave,wave,v*dy(u),0,1,0,1,1,0,0,0,96
9555,boundary,wave,wave,w*dz(u),0,1,0,1,1,0,0,0,96
9555,boundary,wave,wave,u*dx(v),8.14843486615796e-14,2,0,24,1,2.63317238537041e-15,2.74411604550551e-11,96,0
9555,boundary,wave,wave,v*dy(v),0,1,0,1,1,0,0,0,96
9555,boundary,wave,wave,w*dz(v),0,1,0,1,1,0,0,0,96
9555,boundary,wave,wave,u*dx(w),8.65940998130116e-17,1,0,18,1,6.66133814775094e-16,5.45770095783382e-11,96,0
9555,boundary,wave,wave,v*dy(w),0,1,0,1,1,0,0,0,96
9555,boundary,wave,wave,w*dz(w),0,1,0,1,1,0,0,0,96
9555,boundary,wave,wave,u*dx(eta),8.31813520134754e-15,2,0,24,1,1.07576605637107e-15,2.70903299792735e-11,96,0
9555,boundary,wave,wave,v*dy(eta),0,1,0,1,1,0,0,0,96
9555,boundary,wave,wave,w*dz(eta),0,1,0,1,1,0,0,0,96
9555,boundary,wave,wave,w*eta*dlogN2,0,1,0,1,1,0,0,0,96
9555,apv,boundary,wave,u*dx(u),0,-1,0,1,0,0,0,0,12
9555,apv,boundary,wave,v*dy(u),0,-1,0,1,0,0,0,0,12
9555,apv,boundary,wave,w*dz(u),0,-1,0,1,0,0,0,0,12
9555,apv,boundary,wave,u*dx(v),4.11808186030007e-15,4,0,1,0,1.50100850991393e-15,4.97438031540232e-12,12,0
9555,apv,boundary,wave,v*dy(v),0,-1,0,1,0,0,0,0,12
9555,apv,boundary,wave,w*dz(v),0,-1,0,1,0,0,0,0,12
9555,apv,boundary,wave,u*dx(w),0,-1,0,1,0,0,0,0,12
9555,apv,boundary,wave,v*dy(w),0,-1,0,1,0,0,0,0,12
9555,apv,boundary,wave,w*dz(w),0,-1,0,1,0,0,0,0,12
9555,apv,boundary,wave,u*dx(eta),1.15724014734292e-15,1,0,2,0,1.03685748640491e-15,9.31166255213611e-12,12,0
9555,apv,boundary,wave,v*dy(eta),0,-1,0,1,0,0,0,0,12
9555,apv,boundary,wave,w*dz(eta),0,-1,0,1,0,0,0,0,12
9555,apv,boundary,wave,w*eta*dlogN2,0,-1,0,1,0,0,0,0,12
9555,boundary,apv,wave,u*dx(u),0,1,0,-1,0,0,0,0,12
9555,boundary,apv,wave,v*dy(u),0,1,0,-1,0,0,0,0,12
9555,boundary,apv,wave,w*dz(u),0,1,0,-1,0,0,0,0,12
9555,boundary,apv,wave,u*dx(v),3.05671412390719e-15,1,0,4,0,1.06911700946443e-15,2.05011563281232e-11,12,0
9555,boundary,apv,wave,v*dy(v),0,1,0,-1,0,0,0,0,12
9555,boundary,apv,wave,w*dz(v),0,1,0,-1,0,0,0,0,12
9555,boundary,apv,wave,u*dx(w),0,1,0,-1,0,0,0,0,12
9555,boundary,apv,wave,v*dy(w),0,1,0,-1,0,0,0,0,12
9555,boundary,apv,wave,w*dz(w),0,1,0,-1,0,0,0,0,12
9555,boundary,apv,wave,u*dx(eta),9.68393461658835e-16,2,0,1,0,9.63159934108743e-16,2.99132904521727e-11,12,0
9555,boundary,apv,wave,v*dy(eta),0,1,0,-1,0,0,0,0,12
9555,boundary,apv,wave,w*dz(eta),0,1,0,-1,0,0,0,0,12
9555,boundary,apv,wave,w*eta*dlogN2,0,1,0,-1,0,0,0,0,12
9555,boundary,boundary,wave,u*dx(u),0,1,0,1,0,0,0,0,4
9555,boundary,boundary,wave,v*dy(u),0,1,0,1,0,0,0,0,4
9555,boundary,boundary,wave,w*dz(u),0,1,0,1,0,0,0,0,4
9555,boundary,boundary,wave,u*dx(v),2.83158926522311e-15,1,0,2,0,1.0541702818514e-15,1.24833476888853e-12,4,0
9555,boundary,boundary,wave,v*dy(v),0,1,0,1,0,0,0,0,4
9555,boundary,boundary,wave,w*dz(v),0,1,0,1,0,0,0,0,4
9555,boundary,boundary,wave,u*dx(w),0,1,0,1,0,0,0,0,4
9555,boundary,boundary,wave,v*dy(w),0,1,0,1,0,0,0,0,4
9555,boundary,boundary,wave,w*dz(w),0,1,0,1,0,0,0,0,4
9555,boundary,boundary,wave,u*dx(eta),1.24668942700893e-15,2,0,1,0,8.96671769510729e-16,7.0535954174418e-12,4,0
9555,boundary,boundary,wave,v*dy(eta),0,1,0,1,0,0,0,0,4
9555,boundary,boundary,wave,w*dz(eta),0,1,0,1,0,0,0,0,4
9555,boundary,boundary,wave,w*eta*dlogN2,0,1,0,1,0,0,0,0,4
9545,wave,wave,wave,u*dx(u),7.84445902895891e-07,24,1,23,1,3.59097038621e-15,1.14097398196122e-10,1056,0
9545,wave,wave,wave,v*dy(u),7.84445902855652e-07,23,-1,24,1,3.58441487013504e-15,1.14071196932741e-10,1056,0
9545,wave,wave,wave,w*dz(u),7.84712775928661e-07,24,1,23,1,3.33675381445834e-14,5.05380333574585e-06,1056,0
9545,wave,wave,wave,u*dx(v),7.79121127984688e-07,23,-1,24,1,3.52061273393876e-15,1.14123599459504e-10,1056,0
9545,wave,wave,wave,v*dy(v),7.79121127957381e-07,23,-1,24,1,3.50202067697427e-15,1.14097398196122e-10,1056,0
9545,wave,wave,wave,w*dz(v),7.7938531970608e-07,24,1,23,1,3.20673075638492e-14,4.78149643859033e-06,1056,0
9545,wave,wave,wave,u*dx(w),2.62349265877808e-09,24,1,24,1,8.88178419700125e-16,1.13974607529599e-10,1056,0
9545,wave,wave,wave,v*dy(w),2.62349265870707e-09,24,1,24,1,7.7715611723761e-16,1.13948184221613e-10,1056,0
9545,wave,wave,wave,w*dz(w),2.62349265870134e-09,24,1,24,1,8.88178419700125e-16,1.13974829574204e-10,1056,0
9545,wave,wave,wave,u*dx(eta),1.76112859758433e-07,24,1,24,1,1.56954042789223e-15,8.53237480669122e-11,1056,0
9545,wave,wave,wave,v*dy(eta),1.76112859750592e-07,24,1,24,1,1.56291221396708e-15,8.52975468035311e-11,1056,0
9545,wave,wave,wave,w*dz(eta),1.76112859745885e-07,24,1,24,1,2.0199653453411e-15,8.53241921561221e-11,1056,0
9545,wave,wave,wave,w*eta*dlogN2,1.06397432980299e-07,24,1,23,1,1.53653917655024e-15,8.57707238566263e-11,1056,0
9545,wave,apv,wave,u*dx(u),5.86009152874164e-11,24,1,5,0,2.36555896355628e-15,5.70965497104226e-11,288,0
9545,wave,apv,wave,v*dy(u),5.86009140302407e-11,24,1,5,0,2.43083679319518e-15,5.70703484470414e-11,288,0
9545,wave,apv,wave,w*dz(u),6.12978897667478e-11,24,1,5,0,2.4604981267691e-15,5.71984681840831e-11,288,0
9545,wave,apv,wave,u*dx(v),5.83193843708127e-11,24,1,5,0,2.29114193819089e-15,5.70965497104226e-11,288,0
9545,wave,apv,wave,v*dy(v),5.83193255608747e-11,24,1,5,0,2.54459132564542e-15,5.70705704916463e-11,288,0
9545,wave,apv,wave,w*dz(v),6.10051077892828e-11,24,1,5,0,2.24082447885209e-15,5.71982461394782e-11,288,0
9545,wave,apv,wave,u*dx(w),0,1,1,-1,0,0,0,0,288
9545,wave,apv,wave,v*dy(w),0,1,1,-1,0,0,0,0,288
9545,wave,apv,wave,w*dz(w),0,1,1,-1,0,0,0,0,288
9545,wave,apv,wave,u*dx(eta),7.72865746218577e-12,24,1,5,0,1.24529119431327e-15,5.70024027979343e-11,288,0
9545,wave,apv,wave,v*dy(eta),7.72866061157301e-12,24,1,5,0,1.22178357245122e-15,5.69762015345532e-11,288,0
9545,wave,apv,wave,w*dz(eta),7.53783097731829e-12,24,1,5,0,1.27914819668668e-15,1.47822309948253e-10,288,0
9545,wave,apv,wave,w*eta*dlogN2,1.80749834474887e-11,24,1,5,0,1.06974264873489e-15,5.75532954627533e-11,288,0
9545,apv,wave,wave,u*dx(u),5.86009278700884e-11,5,0,24,1,2.30183816018819e-15,5.70703484470414e-11,288,0
9545,apv,wave,wave,v*dy(u),5.86009218891744e-11,5,0,24,1,2.42095731476499e-15,5.70703484470414e-11,288,0
9545,apv,wave,wave,w*dz(u),0,-1,0,1,1,0,0,0,288
9545,apv,wave,wave,u*dx(v),5.83194151355014e-11,5,0,24,1,2.39582756001624e-15,5.70967717550275e-11,288,0
9545,apv,wave,wave,v*dy(v),5.83193205151897e-11,5,0,24,1,2.24299336893747e-15,5.70965497104226e-11,288,0
9545,apv,wave,wave,w*dz(v),0,-1,0,1,1,0,0,0,288
9545,apv,wave,wave,u*dx(w),1.31228724837611e-13,5,0,24,1,6.66133814775094e-16,5.79389869415081e-11,288,0
9545,apv,wave,wave,v*dy(w),1.31228881336565e-13,5,0,24,1,6.66133814775094e-16,5.79387648969032e-11,288,0
9545,apv,wave,wave,w*dz(w),0,-1,0,1,1,0,0,0,288
9545,apv,wave,wave,u*dx(eta),7.53663580967826e-12,5,0,24,1,1.2898796964819e-15,2.94217983309863e-11,288,0
9545,apv,wave,wave,v*dy(eta),7.53662789853875e-12,5,0,24,1,1.10101847114011e-15,2.94217983309863e-11,288,0
9545,apv,wave,wave,w*dz(eta),0,-1,0,1,1,0,0,0,288
9545,apv,wave,wave,w*eta*dlogN2,0,-1,0,1,1,0,0,0,288
9545,wave,boundary,wave,u*dx(u),8.17925209418728e-14,24,1,2,0,1.94821784780257e-15,5.69397862193455e-11,96,0
9545,wave,boundary,wave,v*dy(u),8.19611657894931e-14,24,1,2,0,2.04338501745178e-15,5.69131408667545e-11,96,0
9545,wave,boundary,wave,w*dz(u),4.89609114423771e-14,24,1,2,0,2.1691513512697e-15,5.7572169254172e-11,96,0
9545,wave,boundary,wave,u*dx(v),8.1176245100091e-14,24,1,2,0,1.77778727740597e-15,5.69395641747406e-11,96,0
9545,wave,boundary,wave,v*dy(v),8.17070614755281e-14,24,1,2,0,1.97568051240349e-15,5.69135849559643e-11,96,0
9545,wave,boundary,wave,w*dz(v),4.83951930355312e-14,24,1,2,0,1.63834055028883e-15,5.7571947209567e-11,96,0
9545,wave,boundary,wave,u*dx(w),0,1,1,1,0,0,0,0,96
9545,wave,boundary,wave,v*dy(w),0,1,1,1,0,0,0,0,96
9545,wave,boundary,wave,w*dz(w),0,1,1,1,0,0,0,0,96
9545,wave,boundary,wave,u*dx(eta),6.02504576587715e-15,24,1,2,0,7.26834821826227e-16,5.77600189899385e-11,96,0
9545,wave,boundary,wave,v*dy(eta),6.02783597611442e-15,24,1,2,0,7.58122193608231e-16,5.77335956819525e-11,96,0
9545,wave,boundary,wave,w*dz(eta),1.01613503975076e-14,24,1,2,0,1.12205788728206e-15,5.75088865417683e-11,96,0
9545,wave,boundary,wave,w*eta*dlogN2,8.81640182705797e-15,24,1,1,0,1.07144918985222e-15,5.76081404801698e-11,96,0
9545,boundary,wave,wave,u*dx(u),8.15210368737216e-14,2,0,24,1,1.93292671770747e-15,5.69129188221495e-11,96,0
9545,boundary,wave,wave,v*dy(u),8.21163768711368e-14,2,0,24,1,2.09491328131744e-15,5.69131408667545e-11,96,0
9545,boundary,wave,wave,w*dz(u),0,1,0,1,1,0,0,0,96
9545,boundary,wave,wave,u*dx(v),8.11465098650226e-14,2,0,24,1,1.76317943974578e-15,5.69397862193455e-11,96,0
9545,boundary,wave,wave,v*dy(v),8.13444780271771e-14,2,0,24,1,2.07118635133613e-15,5.69393421301356e-11,96,0
9545,boundary,wave,wave,w*dz(v),0,1,0,1,1,0,0,0,96
9545,boundary,wave,wave,u*dx(w),1.19836938333541e-16,1,0,18,1,4.44089209850063e-16,5.63176172363455e-11,96,0
9545,boundary,wave,wave,v*dy(w),1.15996719986252e-16,1,0,18,1,4.44089209850063e-16,5.63176172363455e-11,96,0
9545,boundary,wave,wave,w*dz(w),0,1,0,1,1,0,0,0,96
9545,boundary,wave,wave,u*dx(eta),1.01759730011077e-14,2,0,24,1,1.68518183106246e-15,2.78415068777349e-11,96,0
9545,boundary,wave,wave,v*dy(eta),1.02142049487916e-14,2,0,24,1,1.13055549931517e-15,2.78415068777349e-11,96,0
9545,boundary,wave,wave,w*dz(eta),0,1,0,1,1,0,0,0,96
9545,boundary,wave,wave,w*eta*dlogN2,0,1,0,1,1,0,0,0,96
9545,apv,boundary,wave,u*dx(u),4.03776734648893e-15,4,0,1,0,1.41593811429537e-15,2.05013783727281e-11,12,0
9545,apv,boundary,wave,v*dy(u),4.03366674591192e-15,5,0,1,0,1.42124821063963e-15,2.05011563281232e-11,12,0
9545,apv,boundary,wave,w*dz(u),0,-1,0,1,0,0,0,0,12
9545,apv,boundary,wave,u*dx(v),3.20365616100069e-15,4,0,1,0,1.14406028461911e-15,2.05011563281232e-11,12,0
9545,apv,boundary,wave,v*dy(v),3.18325045453345e-15,4,0,1,0,1.17249235059486e-15,2.05011563281232e-11,12,0
9545,apv,boundary,wave,w*dz(v),0,-1,0,1,0,0,0,0,12
9545,apv,boundary,wave,u*dx(w),0,-1,0,1,0,0,0,0,12
9545,apv,boundary,wave,v*dy(w),0,-1,0,1,0,0,0,0,12
9545,apv,boundary,wave,w*dz(w),0,-1,0,1,0,0,0,0,12
9545,apv,boundary,wave,u*dx(eta),8.69321539414858e-16,-1,0,2,0,7.31700407967702e-16,2.14017692456991e-11,12,0
9545,apv,boundary,wave,v*dy(eta),1.06980354895523e-15,-1,0,2,0,7.51165950264258e-16,2.14015472010942e-11,12,0
9545,apv,boundary,wave,w*dz(eta),0,-1,0,1,0,0,0,0,12
9545,apv,boundary,wave,w*eta*dlogN2,0,-1,0,1,0,0,0,0,12
9545,boundary,apv,wave,u*dx(u),3.99357271148656e-15,1,0,4,0,1.40733966887805e-15,2.05013783727281e-11,12,0
9545,boundary,apv,wave,v*dy(u),4.00133257264895e-15,1,0,5,0,1.38640426498164e-15,2.05013783727281e-11,12,0
9545,boundary,apv,wave,w*dz(u),0,1,0,-1,0,0,0,0,12
9545,boundary,apv,wave,u*dx(v),3.23090655884856e-15,1,0,4,0,1.16460364190576e-15,2.05011563281232e-11,12,0
9545,boundary,apv,wave,v*dy(v),3.20967303587365e-15,1,0,4,0,1.12774294171467e-15,2.05009342835183e-11,12,0
9545,boundary,apv,wave,w*dz(v),0,1,0,-1,0,0,0,0,12
9545,boundary,apv,wave,u*dx(w),0,1,0,-1,0,0,0,0,12
9545,boundary,apv,wave,v*dy(w),0,1,0,-1,0,0,0,0,12
9545,boundary,apv,wave,w*dz(w),0,1,0,-1,0,0,0,0,12
9545,boundary,apv,wave,u*dx(eta),1.05845403100993e-15,2,0,5,0,1.29511520626826e-15,3.15386082046177e-11,12,0
9545,boundary,apv,wave,v*dy(eta),8.61816875494339e-16,2,0,5,0,9.2648252535621e-16,3.15389760743585e-11,12,0
9545,boundary,apv,wave,w*dz(eta),0,1,0,-1,0,0,0,0,12
9545,boundary,apv,wave,w*eta*dlogN2,0,1,0,-1,0,0,0,0,12
9545,boundary,boundary,wave,u*dx(u),4.57213704248678e-15,1,0,2,0,2.07763184045431e-15,7.64182945718465e-11,4,0
9545,boundary,boundary,wave,v*dy(u),4.0994008629076e-15,1,0,2,0,1.87347191682747e-15,7.64169982463973e-11,4,0
9545,boundary,boundary,wave,w*dz(u),0,1,0,1,0,0,0,0,4
9545,boundary,boundary,wave,u*dx(v),3.95954402694153e-15,1,0,2,0,1.63308042843955e-15,7.1249672828344e-11,4,0
9545,boundary,boundary,wave,v*dy(v),3.9498613576616e-15,1,0,2,0,1.61526662807205e-15,7.12497838506465e-11,4,0
9545,boundary,boundary,wave,w*dz(v),0,1,0,1,0,0,0,0,4
9545,boundary,boundary,wave,u*dx(w),0,1,0,1,0,0,0,0,4
9545,boundary,boundary,wave,v*dy(w),0,1,0,1,0,0,0,0,4
9545,boundary,boundary,wave,w*dz(w),0,1,0,1,0,0,0,0,4
9545,boundary,boundary,wave,u*dx(eta),1.07795855804989e-15,2,0,1,0,1.2071113410162e-15,4.92542673313778e-11,4,0
9545,boundary,boundary,wave,v*dy(eta),8.50501885387574e-16,2,0,1,0,7.00073937923505e-16,4.92542673313778e-11,4,0
9545,boundary,boundary,wave,w*dz(eta),0,1,0,1,0,0,0,0,4
9545,boundary,boundary,wave,w*eta*dlogN2,0,1,0,1,0,0,0,0,4
3990,wave,wave,wave,u*dx(u),0,1,1,1,1,0,0,0,1056
3990,wave,wave,wave,v*dy(u),7.80841732409634e-07,23,1,24,1,3.48727892048347e-15,9.99023086478701e-12,1056,0
3990,wave,wave,wave,w*dz(u),7.81106739928624e-07,24,1,23,1,1.91684316605765e-14,2.71368421871117e-06,1056,0
3990,wave,wave,wave,u*dx(v),0,1,1,1,1,0,0,0,1056
3990,wave,wave,wave,v*dy(v),7.79190223337349e-07,23,1,24,1,3.54758673790042e-15,9.99000882018208e-12,1056,0
3990,wave,wave,wave,w*dz(v),7.79454403040194e-07,24,1,23,1,1.87256624656627e-14,2.6742905032209e-06,1056,0
3990,wave,wave,wave,u*dx(w),0,1,1,1,1,0,0,0,1056
3990,wave,wave,wave,v*dy(w),3.11798353557682e-09,24,1,24,1,8.88178419700125e-16,1.0200507105651e-11,1056,0
3990,wave,wave,wave,w*dz(w),3.11798278450431e-09,24,1,24,1,9.99200722162641e-16,2.00823802032346e-11,1056,0
3990,wave,wave,wave,u*dx(eta),0,1,1,1,1,0,0,0,1056
3990,wave,wave,wave,v*dy(eta),2.08159070000749e-07,24,1,24,1,1.78145141676228e-15,1.00426333915493e-11,1056,0
3990,wave,wave,wave,w*dz(eta),2.08159041865507e-07,24,1,24,1,1.76629289729814e-15,2.01119121356896e-11,1056,0
3990,wave,wave,wave,w*eta*dlogN2,1.25806380611078e-07,23,1,24,1,2.18701752237787e-15,2.00859329169134e-11,1056,0
3990,wave,apv,wave,u*dx(u),0,1,1,-1,0,0,0,0,288
3990,wave,apv,wave,v*dy(u),5.84122744303793e-11,24,1,5,0,2.29292902264167e-15,1.03645839928162e-11,288,0
3990,wave,apv,wave,w*dz(u),6.1101746675151e-11,24,1,5,0,2.30449155308319e-15,2.1284615362171e-11,288,0
3990,wave,apv,wave,u*dx(v),0,1,1,-1,0,0,0,0,288
3990,wave,apv,wave,v*dy(v),0,1,1,-1,0,0,0,0,288
3990,wave,apv,wave,w*dz(v),0,1,1,-1,0,0,0,0,288
3990,wave,apv,wave,u*dx(w),0,1,1,-1,0,0,0,0,288
3990,wave,apv,wave,v*dy(w),0,1,1,-1,0,0,0,0,288
3990,wave,apv,wave,w*dz(w),0,1,1,-1,0,0,0,0,288
3990,wave,apv,wave,u*dx(eta),0,1,1,-1,0,0,0,0,288
3990,wave,apv,wave,v*dy(eta),9.15596946589057e-12,24,1,5,0,1.24221858109456e-15,1.96551663833588e-11,288,0
3990,wave,apv,wave,w*dz(eta),8.92976641162417e-12,24,1,5,0,1.82598477899088e-15,1.85017001719245e-10,288,0
3990,wave,apv,wave,w*eta*dlogN2,2.14163897367657e-11,24,1,5,0,1.19334664653447e-15,3.00508976534733e-11,288,0
3990,apv,wave,wave,u*dx(u),0,-1,0,1,1,0,0,0,288
3990,apv,wave,wave,v*dy(u),5.84114609915501e-11,5,0,24,1,2.21747328621652e-15,8.26627280234558e-12,288,0
3990,apv,wave,wave,w*dz(u),0,-1,0,1,1,0,0,0,288
3990,apv,wave,wave,u*dx(v),0,-1,0,1,1,0,0,0,288
3990,apv,wave,wave,v*dy(v),5.83239274303523e-11,5,0,24,1,2.15132151834925e-15,8.67496776738424e-12,288,0
3990,apv,wave,wave,w*dz(v),0,-1,0,1,1,0,0,0,288
3990,apv,wave,wave,u*dx(w),0,-1,0,1,1,0,0,0,288
3990,apv,wave,wave,v*dy(w),1.55959796928738e-13,5,0,24,1,6.66133814775094e-16,1.20546905790775e-11,288,0
3990,apv,wave,wave,w*dz(w),0,-1,0,1,1,0,0,0,288
3990,apv,wave,wave,u*dx(eta),0,-1,0,1,1,0,0,0,288
3990,apv,wave,wave,v*dy(eta),8.92820794805326e-12,5,0,24,1,1.32681553316926e-15,9.02355967724588e-12,288,0
3990,apv,wave,wave,w*dz(eta),0,-1,0,1,1,0,0,0,288
3990,apv,wave,wave,w*eta*dlogN2,0,-1,0,1,1,0,0,0,288
3990,wave,boundary,wave,u*dx(u),0,1,1,1,0,0,0,0,96
3990,wave,boundary,wave,v*dy(u),6.98205125075789e-14,24,1,2,0,1.73195743447547e-15,1.16406884131948e-11,96,0
3990,wave,boundary,wave,w*dz(u),2.07184478641831e-14,24,1,2,0,1.57830079971961e-15,2.02049488251532e-11,96,0
3990,wave,boundary,wave,u*dx(v),0,1,1,1,0,0,0,0,96
3990,wave,boundary,wave,v*dy(v),0,1,1,1,0,0,0,0,96
3990,wave,boundary,wave,w*dz(v),0,1,1,1,0,0,0,0,96
3990,wave,boundary,wave,u*dx(w),0,1,1,1,0,0,0,0,96
3990,wave,boundary,wave,v*dy(w),0,1,1,1,0,0,0,0,96
3990,wave,boundary,wave,w*dz(w),0,1,1,1,0,0,0,0,96
3990,wave,boundary,wave,u*dx(eta),0,1,1,1,0,0,0,0,96
3990,wave,boundary,wave,v*dy(eta),3.22749633845488e-15,24,1,2,0,7.40996177407915e-16,1.01654240580729e-11,96,0
3990,wave,boundary,wave,w*dz(eta),1.0496973831664e-14,24,1,2,0,9.6390361126736e-16,2.01310079717132e-11,96,0
3990,wave,boundary,wave,w*eta*dlogN2,9.0065058523034e-15,24,1,1,0,8.39238984968787e-16,2.01982874870055e-11,96,0
3990,boundary,wave,wave,u*dx(u),0,1,0,1,1,0,0,0,96
3990,boundary,wave,wave,v*dy(u),4.77543940829739e-14,2,0,24,1,1.73531478074614e-15,8.67001765325411e-12,96,0
3990,boundary,wave,wave,w*dz(u),0,1,0,1,1,0,0,0,96
3990,boundary,wave,wave,u*dx(v),0,1,0,1,1,0,0,0,96
3990,boundary,wave,wave,v*dy(v),4.74677923022659e-14,2,0,24,1,1.8254919453421e-15,1.15316645121766e-11,96,0
3990,boundary,wave,wave,w*dz(v),0,1,0,1,1,0,0,0,96
3990,boundary,wave,wave,u*dx(w),0,1,0,1,1,0,0,0,96
3990,boundary,wave,wave,v*dy(w),1.1215520316922e-16,1,0,1,1,6.66133814775094e-16,1.29803945370099e-11,96,0
3990,boundary,wave,wave,w*dz(w),0,1,0,1,1,0,0,0,96
3990,boundary,wave,wave,u*dx(eta),0,1,0,1,1,0,0,0,96
3990,boundary,wave,wave,v*dy(eta),7.31409780922421e-15,2,0,24,1,8.86473275191658e-16,2.01994407445887e-11,96,0
3990,boundary,wave,wave,w*dz(eta),0,1,0,1,1,0,0,0,96
3990,boundary,wave,wave,w*eta*dlogN2,0,1,0,1,1,0,0,0,96
3990,apv,boundary,wave,u*dx(u),0,-1,0,1,0,0,0,0,12
3990,apv,boundary,wave,v*dy(u),3.62962184851293e-15,4,0,1,0,1.15158416005235e-15,2.11566320018619e-11,12,0
3990,apv,boundary,wave,w*dz(u),0,-1,0,1,0,0,0,0,12
3990,apv,boundary,wave,u*dx(v),0,-1,0,1,0,0,0,0,12
3990,apv,boundary,wave,v*dy(v),0,-1,0,1,0,0,0,0,12
3990,apv,boundary,wave,w*dz(v),0,-1,0,1,0,0,0,0,12
3990,apv,boundary,wave,u*dx(w),0,-1,0,1,0,0,0,0,12
3990,apv,boundary,wave,v*dy(w),0,-1,0,1,0,0,0,0,12
3990,apv,boundary,wave,w*dz(w),0,-1,0,1,0,0,0,0,12
3990,apv,boundary,wave,u*dx(eta),0,-1,0,1,0,0,0,0,12
3990,apv,boundary,wave,v*dy(eta),6.99825087460309e-16,4,0,2,0,7.71672260248977e-16,2.18862705736456e-11,12,0
3990,apv,boundary,wave,w*dz(eta),0,-1,0,1,0,0,0,0,12
3990,apv,boundary,wave,w*eta*dlogN2,0,-1,0,1,0,0,0,0,12
3990,boundary,apv,wave,u*dx(u),0,1,0,-1,0,0,0,0,12
3990,boundary,apv,wave,v*dy(u),3.8507499717557e-15,1,0,5,0,1.33536768284395e-15,2.1816770612304e-11,12,0
3990,boundary,apv,wave,w*dz(u),0,1,0,-1,0,0,0,0,12
3990,boundary,apv,wave,u*dx(v),0,1,0,-1,0,0,0,0,12
3990,boundary,apv,wave,v*dy(v),0,1,0,-1,0,0,0,0,12
3990,boundary,apv,wave,w*dz(v),0,1,0,-1,0,0,0,0,12
3990,boundary,apv,wave,u*dx(w),0,1,0,-1,0,0,0,0,12
3990,boundary,apv,wave,v*dy(w),0,1,0,-1,0,0,0,0,12
3990,boundary,apv,wave,w*dz(w),0,1,0,-1,0,0,0,0,12
3990,boundary,apv,wave,u*dx(eta),0,1,0,-1,0,0,0,0,12
3990,boundary,apv,wave,v*dy(eta),1.0638231682286e-15,2,0,-1,0,8.40401670846691e-16,2.68747031851506e-11,12,0
3990,boundary,apv,wave,w*dz(eta),0,1,0,-1,0,0,0,0,12
3990,boundary,apv,wave,w*eta*dlogN2,0,1,0,-1,0,0,0,0,12
3990,boundary,boundary,wave,u*dx(u),0,1,0,1,0,0,0,0,4
3990,boundary,boundary,wave,v*dy(u),7.39266552993897e-15,2,0,1,0,3.63291683559149e-15,5.90403516235849e-10,4,0
3990,boundary,boundary,wave,w*dz(u),0,1,0,1,0,0,0,0,4
3990,boundary,boundary,wave,u*dx(v),0,1,0,1,0,0,0,0,4
3990,boundary,boundary,wave,v*dy(v),0,1,0,1,0,0,0,0,4
3990,boundary,boundary,wave,w*dz(v),0,1,0,1,0,0,0,0,4
3990,boundary,boundary,wave,u*dx(w),0,1,0,1,0,0,0,0,4
3990,boundary,boundary,wave,v*dy(w),0,1,0,1,0,0,0,0,4
3990,boundary,boundary,wave,w*dz(w),0,1,0,1,0,0,0,0,4
3990,boundary,boundary,wave,u*dx(eta),0,1,0,1,0,0,0,0,4
3990,boundary,boundary,wave,v*dy(eta),1.89527242151587e-15,1,0,2,0,1.48974367914833e-15,5.87282968766843e-10,4,0
3990,boundary,boundary,wave,w*dz(eta),0,1,0,1,0,0,0,0,4
3990,boundary,boundary,wave,w*eta*dlogN2,0,1,0,1,0,0,0,0,4
4136,wave,wave,inertial,u*dx(u),3.33529815391054e-10,24,1,23,1,1.2821119132338e-15,4.00268707068108e-11,1056,0
4136,wave,wave,inertial,v*dy(u),0,1,1,1,1,0,0,0,1056
4136,wave,wave,inertial,w*dz(u),1.0660064468806e-09,1,1,1,1,6.51120243894874e-15,6.73892312109793e-07,1056,0
4136,wave,wave,inertial,u*dx(v),3.33529860586e-10,24,1,23,1,1.59907577166115e-15,3.00204305858642e-11,1056,0
4136,wave,wave,inertial,v*dy(v),0,1,1,1,1,0,0,0,1056
4136,wave,wave,inertial,w*dz(v),1.06600668260121e-09,1,1,1,1,6.49211968063499e-15,6.73894553069892e-07,1056,0
4136,wave,wave,mda,u*dx(eta),6.2049132450584e-12,24,1,24,1,3.32348943469184e-15,6.65919905060784e-10,1056,0
4136,wave,wave,mda,v*dy(eta),0,1,1,1,1,0,0,0,1056
4136,wave,wave,mda,w*dz(eta),6.20492997372897e-12,24,1,24,1,3.14092598159396e-15,6.65920293563693e-10,1056,0
4136,wave,wave,mda,w*eta*dlogN2,1.0659419461153e-12,23,1,24,1,3.80834678348087e-15,5.77449175603225e-11,1056,0
4136,wave,apv,inertial,u*dx(u),0,1,1,-1,0,0,0,0,288
4136,wave,apv,inertial,v*dy(u),0,1,1,-1,0,0,0,0,288
4136,wave,apv,inertial,w*dz(u),0,1,1,-1,0,0,0,0,288
4136,wave,apv,inertial,u*dx(v),4.10220591746298e-15,23,1,3,0,1.06490421515145e-15,2.00599536981372e-11,288,0
4136,wave,apv,inertial,v*dy(v),0,1,1,-1,0,0,0,0,288
4136,wave,apv,inertial,w*dz(v),3.04182362532839e-15,22,1,5,0,1.19080088098482e-15,2.10961248470198e-11,288,0
4136,wave,apv,mda,u*dx(eta),3.84392175394016e-15,24,1,-1,0,2.38728963221535e-15,7.00257313568275e-10,288,0
4136,wave,apv,mda,v*dy(eta),0,1,1,-1,0,0,0,0,288
4136,wave,apv,mda,w*dz(eta),1.2902779745848e-13,1,1,-1,0,1.60286408876342e-15,3.37144491055685e-07,288,0
4136,wave,apv,mda,w*eta*dlogN2,2.85449731872776e-15,22,1,1,0,2.3827169809162e-15,6.42002967913313e-11,288,0
4136,apv,wave,inertial,u*dx(u),0,-1,0,1,1,0,0,0,288
4136,apv,wave,inertial,v*dy(u),0,-1,0,1,1,0,0,0,288
4136,apv,wave,inertial,w*dz(u),0,-1,0,1,1,0,0,0,288
4136,apv,wave,inertial,u*dx(v),0,-1,0,1,1,0,0,0,288
4136,apv,wave,inertial,v*dy(v),0,-1,0,1,1,0,0,0,288
4136,apv,wave,inertial,w*dz(v),0,-1,0,1,1,0,0,0,288
4136,apv,wave,mda,u*dx(eta),0,-1,0,1,1,0,0,0,288
4136,apv,wave,mda,v*dy(eta),0,-1,0,1,1,0,0,0,288
4136,apv,wave,mda,w*dz(eta),0,-1,0,1,1,0,0,0,288
4136,apv,wave,mda,w*eta*dlogN2,0,-1,0,1,1,0,0,0,288
4136,wave,boundary,inertial,u*dx(u),0,1,1,1,0,0,0,0,96
4136,wave,boundary,inertial,v*dy(u),0,1,1,1,0,0,0,0,96
4136,wave,boundary,inertial,w*dz(u),0,1,1,1,0,0,0,0,96
4136,wave,boundary,inertial,u*dx(v),9.38403488070578e-15,1,1,1,0,1.01781827979967e-15,1.96165306221019e-11,96,0
4136,wave,boundary,inertial,v*dy(v),0,1,1,1,0,0,0,0,96
4136,wave,boundary,inertial,w*dz(v),2.43073976997143e-15,1,1,1,0,1.11463813038117e-15,2.01305638825033e-11,96,0
4136,wave,boundary,mda,u*dx(eta),3.68503668138853e-15,1,1,1,0,5.64154116138085e-16,7.98641997286378e-10,96,0
4136,wave,boundary,mda,v*dy(eta),0,1,1,1,0,0,0,0,96
4136,wave,boundary,mda,w*dz(eta),2.81249784893756e-15,1,1,1,0,2.03893941774124e-15,5.66072833097342e-11,96,0
4136,wave,boundary,mda,w*eta*dlogN2,2.72901963483056e-15,1,1,1,0,2.31419025958041e-15,5.60915898623717e-11,96,0
4136,boundary,wave,inertial,u*dx(u),0,1,0,1,1,0,0,0,96
4136,boundary,wave,inertial,v*dy(u),0,1,0,1,1,0,0,0,96
4136,boundary,wave,inertial,w*dz(u),0,1,0,1,1,0,0,0,96
4136,boundary,wave,inertial,u*dx(v),0,1,0,1,1,0,0,0,96
4136,boundary,wave,inertial,v*dy(v),0,1,0,1,1,0,0,0,96
4136,boundary,wave,inertial,w*dz(v),0,1,0,1,1,0,0,0,96
4136,boundary,wave,mda,u*dx(eta),0,1,0,1,1,0,0,0,96
4136,boundary,wave,mda,v*dy(eta),0,1,0,1,1,0,0,0,96
4136,boundary,wave,mda,w*dz(eta),0,1,0,1,1,0,0,0,96
4136,boundary,wave,mda,w*eta*dlogN2,0,1,0,1,1,0,0,0,96
4136,apv,boundary,inertial,u*dx(u),0,-1,0,1,0,0,0,0,12
4136,apv,boundary,inertial,v*dy(u),0,-1,0,1,0,0,0,0,12
4136,apv,boundary,inertial,w*dz(u),0,-1,0,1,0,0,0,0,12
4136,apv,boundary,inertial,u*dx(v),0,-1,0,1,0,0,0,0,12
4136,apv,boundary,inertial,v*dy(v),0,-1,0,1,0,0,0,0,12
4136,apv,boundary,inertial,w*dz(v),0,-1,0,1,0,0,0,0,12
4136,apv,boundary,mda,u*dx(eta),0,-1,0,1,0,0,0,0,12
4136,apv,boundary,mda,v*dy(eta),0,-1,0,1,0,0,0,0,12
4136,apv,boundary,mda,w*dz(eta),0,-1,0,1,0,0,0,0,12
4136,apv,boundary,mda,w*eta*dlogN2,0,-1,0,1,0,0,0,0,12
4136,boundary,apv,inertial,u*dx(u),0,1,0,-1,0,0,0,0,12
4136,boundary,apv,inertial,v*dy(u),0,1,0,-1,0,0,0,0,12
4136,boundary,apv,inertial,w*dz(u),0,1,0,-1,0,0,0,0,12
4136,boundary,apv,inertial,u*dx(v),0,1,0,-1,0,0,0,0,12
4136,boundary,apv,inertial,v*dy(v),0,1,0,-1,0,0,0,0,12
4136,boundary,apv,inertial,w*dz(v),0,1,0,-1,0,0,0,0,12
4136,boundary,apv,mda,u*dx(eta),0,1,0,-1,0,0,0,0,12
4136,boundary,apv,mda,v*dy(eta),0,1,0,-1,0,0,0,0,12
4136,boundary,apv,mda,w*dz(eta),0,1,0,-1,0,0,0,0,12
4136,boundary,apv,mda,w*eta*dlogN2,0,1,0,-1,0,0,0,0,12
4136,boundary,boundary,inertial,u*dx(u),0,1,0,1,0,0,0,0,4
4136,boundary,boundary,inertial,v*dy(u),0,1,0,1,0,0,0,0,4
4136,boundary,boundary,inertial,w*dz(u),0,1,0,1,0,0,0,0,4
4136,boundary,boundary,inertial,u*dx(v),0,1,0,1,0,0,0,0,4
4136,boundary,boundary,inertial,v*dy(v),0,1,0,1,0,0,0,0,4
4136,boundary,boundary,inertial,w*dz(v),0,1,0,1,0,0,0,0,4
4136,boundary,boundary,mda,u*dx(eta),0,1,0,1,0,0,0,0,4
4136,boundary,boundary,mda,v*dy(eta),0,1,0,1,0,0,0,0,4
4136,boundary,boundary,mda,w*dz(eta),0,1,0,1,0,0,0,0,4
4136,boundary,boundary,mda,w*eta*dlogN2,0,1,0,1,0,0,0,0,4
3984,wave,wave,wave,u*dx(u),7.8621268750655e-07,23,1,24,1,3.58824607105379e-15,7.53175299905706e-11,1056,0
3984,wave,wave,wave,v*dy(u),0,1,1,1,1,0,0,0,1056
3984,wave,wave,wave,w*dz(u),7.86480355906527e-07,23,1,24,1,2.04899850232399e-14,2.07483197940565e-06,1056,0
3984,wave,wave,wave,u*dx(v),7.77229094310057e-07,23,1,24,1,3.38547314593695e-15,4.77782258201387e-11,1056,0
3984,wave,wave,wave,v*dy(v),0,1,1,1,1,0,0,0,1056
3984,wave,wave,wave,w*dz(v),7.77492240746834e-07,23,1,24,1,1.97117168591747e-14,1.8901971786345e-06,1056,0
3984,wave,wave,wave,u*dx(w),2.63983937047819e-09,24,1,24,1,8.88178419700125e-16,7.5417005973577e-11,1056,0
3984,wave,wave,wave,v*dy(w),0,1,1,1,1,0,0,0,1056
3984,wave,wave,wave,w*dz(w),2.63983670058574e-09,24,1,24,1,1.11022302462516e-15,7.50191020415514e-11,1056,0
3984,wave,wave,wave,u*dx(eta),1.7718043392207e-07,24,1,24,1,1.61074198304075e-15,4.78108663770627e-11,1056,0
3984,wave,wave,wave,v*dy(eta),0,1,1,1,1,0,0,0,1056
3984,wave,wave,wave,w*dz(eta),1.77180333392368e-07,24,1,24,1,1.60563149789845e-15,4.73405759038314e-11,1056,0
3984,wave,wave,wave,w*eta*dlogN2,1.07043930003924e-07,23,1,24,1,1.88031681867396e-15,4.7916559609007e-11,1056,0
3984,wave,apv,wave,u*dx(u),0,1,1,-1,0,0,0,0,288
3984,wave,apv,wave,v*dy(u),0,1,1,-1,0,0,0,0,288
3984,wave,apv,wave,w*dz(u),0,1,1,-1,0,0,0,0,288
3984,wave,apv,wave,u*dx(v),5.82206351468221e-11,24,1,5,0,2.14620259593334e-15,2.00599536981372e-11,288,0
3984,wave,apv,wave,v*dy(v),0,1,1,-1,0,0,0,0,288
3984,wave,apv,wave,w*dz(v),6.09023488397713e-11,24,1,5,0,2.18982921523573e-15,2.10961248470198e-11,288,0
3984,wave,apv,wave,u*dx(w),0,1,1,-1,0,0,0,0,288
3984,wave,apv,wave,v*dy(w),0,1,1,-1,0,0,0,0,288
3984,wave,apv,wave,w*dz(w),0,1,1,-1,0,0,0,0,288
3984,wave,apv,wave,u*dx(eta),7.77620238328118e-12,24,1,5,0,1.18968517242144e-15,2.00424121743481e-11,288,0
3984,wave,apv,wave,v*dy(eta),0,1,1,-1,0,0,0,0,288
3984,wave,apv,wave,w*dz(eta),7.58421937313117e-12,24,1,5,0,2.20199566583476e-15,1.85017001719245e-10,288,0
3984,wave,apv,wave,w*eta*dlogN2,1.81859916827776e-11,24,1,5,0,1.22524389253924e-15,2.93153396704779e-11,288,0
3984,apv,wave,wave,u*dx(u),0,-1,0,1,1,0,0,0,288
3984,apv,wave,wave,v*dy(u),0,-1,0,1,1,0,0,0,288
3984,apv,wave,wave,w*dz(u),0,-1,0,1,1,0,0,0,288
3984,apv,wave,wave,u*dx(v),0,-1,0,1,1,0,0,0,288
3984,apv,wave,wave,v*dy(v),0,-1,0,1,1,0,0,0,288
3984,apv,wave,wave,w*dz(v),0,-1,0,1,1,0,0,0,288
3984,apv,wave,wave,u*dx(w),0,-1,0,1,1,0,0,0,288
3984,apv,wave,wave,v*dy(w),0,-1,0,1,1,0,0,0,288
3984,apv,wave,wave,w*dz(w),0,-1,0,1,1,0,0,0,288
3984,apv,wave,wave,u*dx(eta),0,-1,0,1,1,0,0,0,288
3984,apv,wave,wave,v*dy(eta),0,-1,0,1,1,0,0,0,288
3984,apv,wave,wave,w*dz(eta),0,-1,0,1,1,0,0,0,288
3984,apv,wave,wave,w*eta*dlogN2,0,-1,0,1,1,0,0,0,288
3984,wave,boundary,wave,u*dx(u),0,1,1,1,0,0,0,0,96
3984,wave,boundary,wave,v*dy(u),0,1,1,1,0,0,0,0,96
3984,wave,boundary,wave,w*dz(u),0,1,1,1,0,0,0,0,96
3984,wave,boundary,wave,u*dx(v),3.6715299217563e-13,24,1,2,0,2.07199069097341e-15,2.00734984190376e-11,96,0
3984,wave,boundary,wave,v*dy(v),0,1,1,1,0,0,0,0,96
3984,wave,boundary,wave,w*dz(v),3.50938247457849e-13,24,1,1,0,1.9664827839032e-15,2.00564009844584e-11,96,0
3984,wave,boundary,wave,u*dx(w),0,1,1,1,0,0,0,0,96
3984,wave,boundary,wave,v*dy(w),0,1,1,1,0,0,0,0,96
3984,wave,boundary,wave,w*dz(w),0,1,1,1,0,0,0,0,96
3984,wave,boundary,wave,u*dx(eta),4.35214290780524e-14,24,1,1,0,1.3722639929716e-15,2.00579552966929e-11,96,0
3984,wave,boundary,wave,v*dy(eta),0,1,1,1,0,0,0,0,96
3984,wave,boundary,wave,w*dz(eta),4.58438224081182e-14,24,1,2,0,1.4404501766141e-15,2.00472971556565e-11,96,0
3984,wave,boundary,wave,w*eta*dlogN2,4.85683969399956e-14,24,1,1,0,1.27661933745365e-15,2.00670591254948e-11,96,0
3984,boundary,wave,wave,u*dx(u),0,1,0,1,1,0,0,0,96
3984,boundary,wave,wave,v*dy(u),0,1,0,1,1,0,0,0,96
3984,boundary,wave,wave,w*dz(u),0,1,0,1,1,0,0,0,96
3984,boundary,wave,wave,u*dx(v),0,1,0,1,1,0,0,0,96
3984,boundary,wave,wave,v*dy(v),0,1,0,1,1,0,0,0,96
3984,boundary,wave,wave,w*dz(v),0,1,0,1,1,0,0,0,96
3984,boundary,wave,wave,u*dx(w),0,1,0,1,1,0,0,0,96
3984,boundary,wave,wave,v*dy(w),0,1,0,1,1,0,0,0,96
3984,boundary,wave,wave,w*dz(w),0,1,0,1,1,0,0,0,96
3984,boundary,wave,wave,u*dx(eta),0,1,0,1,1,0,0,0,96
3984,boundary,wave,wave,v*dy(eta),0,1,0,1,1,0,0,0,96
3984,boundary,wave,wave,w*dz(eta),0,1,0,1,1,0,0,0,96
3984,boundary,wave,wave,w*eta*dlogN2,0,1,0,1,1,0,0,0,96
3984,apv,boundary,wave,u*dx(u),0,-1,0,1,0,0,0,0,12
3984,apv,boundary,wave,v*dy(u),0,-1,0,1,0,0,0,0,12
3984,apv,boundary,wave,w*dz(u),0,-1,0,1,0,0,0,0,12
3984,apv,boundary,wave,u*dx(v),0,-1,0,1,0,0,0,0,12
3984,apv,boundary,wave,v*dy(v),0,-1,0,1,0,0,0,0,12
3984,apv,boundary,wave,w*dz(v),0,-1,0,1,0,0,0,0,12
3984,apv,boundary,wave,u*dx(w),0,-1,0,1,0,0,0,0,12
3984,apv,boundary,wave,v*dy(w),0,-1,0,1,0,0,0,0,12
3984,apv,boundary,wave,w*dz(w),0,-1,0,1,0,0,0,0,12
3984,apv,boundary,wave,u*dx(eta),0,-1,0,1,0,0,0,0,12
3984,apv,boundary,wave,v*dy(eta),0,-1,0,1,0,0,0,0,12
3984,apv,boundary,wave,w*dz(eta),0,-1,0,1,0,0,0,0,12
3984,apv,boundary,wave,w*eta*dlogN2,0,-1,0,1,0,0,0,0,12
3984,boundary,apv,wave,u*dx(u),0,1,0,-1,0,0,0,0,12
3984,boundary,apv,wave,v*dy(u),0,1,0,-1,0,0,0,0,12
3984,boundary,apv,wave,w*dz(u),0,1,0,-1,0,0,0,0,12
3984,boundary,apv,wave,u*dx(v),0,1,0,-1,0,0,0,0,12
3984,boundary,apv,wave,v*dy(v),0,1,0,-1,0,0,0,0,12
3984,boundary,apv,wave,w*dz(v),0,1,0,-1,0,0,0,0,12
3984,boundary,apv,wave,u*dx(w),0,1,0,-1,0,0,0,0,12
3984,boundary,apv,wave,v*dy(w),0,1,0,-1,0,0,0,0,12
3984,boundary,apv,wave,w*dz(w),0,1,0,-1,0,0,0,0,12
3984,boundary,apv,wave,u*dx(eta),0,1,0,-1,0,0,0,0,12
3984,boundary,apv,wave,v*dy(eta),0,1,0,-1,0,0,0,0,12
3984,boundary,apv,wave,w*dz(eta),0,1,0,-1,0,0,0,0,12
3984,boundary,apv,wave,w*eta*dlogN2,0,1,0,-1,0,0,0,0,12
3984,boundary,boundary,wave,u*dx(u),0,1,0,1,0,0,0,0,4
3984,boundary,boundary,wave,v*dy(u),0,1,0,1,0,0,0,0,4
3984,boundary,boundary,wave,w*dz(u),0,1,0,1,0,0,0,0,4
3984,boundary,boundary,wave,u*dx(v),0,1,0,1,0,0,0,0,4
3984,boundary,boundary,wave,v*dy(v),0,1,0,1,0,0,0,0,4
3984,boundary,boundary,wave,w*dz(v),0,1,0,1,0,0,0,0,4
3984,boundary,boundary,wave,u*dx(w),0,1,0,1,0,0,0,0,4
3984,boundary,boundary,wave,v*dy(w),0,1,0,1,0,0,0,0,4
3984,boundary,boundary,wave,w*dz(w),0,1,0,1,0,0,0,0,4
3984,boundary,boundary,wave,u*dx(eta),0,1,0,1,0,0,0,0,4
3984,boundary,boundary,wave,v*dy(eta),0,1,0,1,0,0,0,0,4
3984,boundary,boundary,wave,w*dz(eta),0,1,0,1,0,0,0,0,4
3984,boundary,boundary,wave,w*eta*dlogN2,0,1,0,1,0,0,0,0,4
3991,wave,wave,wave,u*dx(u),0,1,1,1,1,0,0,0,1056
3991,wave,wave,wave,v*dy(u),7.82255126050509e-07,23,1,24,1,3.55555214257533e-15,9.98534588347866e-12,1056,0
3991,wave,wave,wave,w*dz(u),7.82520830244028e-07,24,1,23,1,4.75910089576921e-14,5.47112822466502e-06,1056,0
3991,wave,wave,wave,u*dx(v),0,1,1,1,1,0,0,0,1056
3991,wave,wave,wave,v*dy(v),7.7916317993258e-07,23,1,24,1,3.45207461546851e-15,9.98556792808358e-12,1056,0
3991,wave,wave,wave,w*dz(v),7.79427331696484e-07,24,1,23,1,4.69395068157421e-14,5.31497020008708e-06,1056,0
3991,wave,wave,wave,u*dx(w),0,1,1,1,1,0,0,0,1056
3991,wave,wave,wave,v*dy(w),2.93315332662986e-09,24,1,24,1,9.99200722162641e-16,1.01723074408255e-11,1056,0
3991,wave,wave,wave,w*dz(w),2.93315200766251e-09,24,1,24,1,8.88178419700125e-16,2.00908178982218e-11,1056,0
3991,wave,wave,wave,u*dx(eta),0,1,1,1,1,0,0,0,1056
3991,wave,wave,wave,v*dy(eta),1.96242948226183e-07,24,1,24,1,1.72227920967865e-15,1.00401909008951e-11,1056,0
3991,wave,wave,wave,w*dz(eta),1.96242898697496e-07,24,1,24,1,1.7217573895756e-15,2.00954808349252e-11,1056,0
3991,wave,wave,wave,w*eta*dlogN2,1.1858682170443e-07,23,1,24,1,1.38553136578143e-15,2.00701677499637e-11,1056,0
3991,wave,apv,wave,u*dx(u),0,1,1,-1,0,0,0,0,288
3991,wave,apv,wave,v*dy(u),5.84868086559164e-11,24,1,5,0,2.4264679015364e-15,1.10256480190826e-11,288,0
3991,wave,apv,wave,w*dz(u),6.11791525658362e-11,24,1,5,0,2.27279858538269e-15,2.24318947495581e-11,288,0
3991,wave,apv,wave,u*dx(v),0,1,1,-1,0,0,0,0,288
3991,wave,apv,wave,v*dy(v),0,1,1,-1,0,0,0,0,288
3991,wave,apv,wave,w*dz(v),0,1,1,-1,0,0,0,0,288
3991,wave,apv,wave,u*dx(w),0,1,1,-1,0,0,0,0,288
3991,wave,apv,wave,v*dy(w),0,1,1,-1,0,0,0,0,288
3991,wave,apv,wave,w*dz(w),0,1,1,-1,0,0,0,0,288
3991,wave,apv,wave,u*dx(eta),0,1,1,-1,0,0,0,0,288
3991,wave,apv,wave,v*dy(eta),8.62415522937433e-12,24,1,5,0,1.41829640823866e-15,1.96551663833588e-11,288,0
3991,wave,apv,wave,w*dz(eta),8.41113711722222e-12,24,1,5,0,1.22863391369807e-15,1.85017001719245e-10,288,0
3991,wave,apv,wave,w*eta*dlogN2,2.01710908327667e-11,24,1,5,0,1.36193103669011e-15,2.98428834671279e-11,288,0
3991,apv,wave,wave,u*dx(u),0,-1,0,1,1,0,0,0,288
3991,apv,wave,wave,v*dy(u),5.84853743251636e-11,5,0,24,1,2.30177759157577e-15,8.0229927752922e-12,288,0
3991,apv,wave,wave,w*dz(u),0,-1,0,1,1,0,0,0,288
3991,apv,wave,wave,u*dx(v),0,-1,0,1,1,0,0,0,288
3991,apv,wave,wave,v*dy(v),5.83216704019452e-11,5,0,24,1,2.06980885616661e-15,7.97340883592424e-12,288,0
3991,apv,wave,wave,w*dz(v),0,-1,0,1,1,0,0,0,288
3991,apv,wave,wave,u*dx(w),0,-1,0,1,1,0,0,0,288
3991,apv,wave,wave,v*dy(w),1.46717152964738e-13,5,0,24,1,5.55111512312578e-16,7.67419461311647e-12,288,0
3991,apv,wave,wave,w*dz(w),0,-1,0,1,1,0,0,0,288
3991,apv,wave,wave,u*dx(eta),0,-1,0,1,1,0,0,0,288
3991,apv,wave,wave,v*dy(eta),8.4095941390424e-12,5,0,24,1,1.32183582154887e-15,6.89082124694096e-12,288,0
3991,apv,wave,wave,w*dz(eta),0,-1,0,1,1,0,0,0,288
3991,apv,wave,wave,w*eta*dlogN2,0,-1,0,1,1,0,0,0,288
3991,wave,boundary,wave,u*dx(u),0,1,1,1,0,0,0,0,96
3991,wave,boundary,wave,v*dy(u),8.52891487134156e-14,24,1,2,0,1.96992338603817e-15,1.4714229834567e-11,96,0
3991,wave,boundary,wave,w*dz(u),6.58884601170159e-14,24,1,2,0,1.77717420056849e-15,2.01179073400226e-11,96,0
3991,wave,boundary,wave,u*dx(v),0,1,1,1,0,0,0,0,96
3991,wave,boundary,wave,v*dy(v),0,1,1,1,0,0,0,0,96
3991,wave,boundary,wave,w*dz(v),0,1,1,1,0,0,0,0,96
3991,wave,boundary,wave,u*dx(w),0,1,1,1,0,0,0,0,96
3991,wave,boundary,wave,v*dy(w),0,1,1,1,0,0,0,0,96
3991,wave,boundary,wave,w*dz(w),0,1,1,1,0,0,0,0,96
3991,wave,boundary,wave,u*dx(eta),0,1,1,1,0,0,0,0,96
3991,wave,boundary,wave,v*dy(eta),9.05015871372422e-15,24,1,2,0,8.77629649696644e-16,1.0156098184666e-11,96,0
3991,wave,boundary,wave,w*dz(eta),1.17739943997345e-14,24,1,2,0,9.36456585358357e-16,2.01043626191222e-11,96,0
3991,wave,boundary,wave,w*eta*dlogN2,1.0273092641315e-14,24,1,1,0,1.08793317168097e-15,2.01325622839477e-11,96,0
3991,boundary,wave,wave,u*dx(u),0,1,0,1,1,0,0,0,96
3991,boundary,wave,wave,v*dy(u),4.80779732945876e-14,2,0,24,1,1.74824559710097e-15,7.46037785134288e-12,96,0
3991,boundary,wave,wave,w*dz(u),0,1,0,1,1,0,0,0,96
3991,boundary,wave,wave,u*dx(v),0,1,0,1,1,0,0,0,96
3991,boundary,wave,wave,v*dy(v),4.75375057640501e-14,2,0,24,1,1.74288252346447e-15,7.22897339459841e-12,96,0
3991,boundary,wave,wave,w*dz(v),0,1,0,1,1,0,0,0,96
3991,boundary,wave,wave,u*dx(w),0,1,0,1,1,0,0,0,96
3991,boundary,wave,wave,v*dy(w),1.089479974769e-16,1,0,18,1,4.44089209850063e-16,1.28937971410892e-11,96,0
3991,boundary,wave,wave,w*dz(w),0,1,0,1,1,0,0,0,96
3991,boundary,wave,wave,u*dx(eta),0,1,0,1,1,0,0,0,96
3991,boundary,wave,wave,v*dy(eta),6.76977015072079e-15,2,0,24,1,8.71874187536187e-16,2.00579487163959e-11,96,0
3991,boundary,wave,wave,w*dz(eta),0,1,0,1,1,0,0,0,96
3991,boundary,wave,wave,w*eta*dlogN2,0,1,0,1,1,0,0,0,96
3991,apv,boundary,wave,u*dx(u),0,-1,0,1,0,0,0,0,12
3991,apv,boundary,wave,v*dy(u),3.96789901559659e-15,4,0,1,0,1.64038148414352e-15,2.24884555422022e-11,12,0
3991,apv,boundary,wave,w*dz(u),0,-1,0,1,0,0,0,0,12
3991,apv,boundary,wave,u*dx(v),0,-1,0,1,0,0,0,0,12
3991,apv,boundary,wave,v*dy(v),0,-1,0,1,0,0,0,0,12
3991,apv,boundary,wave,w*dz(v),0,-1,0,1,0,0,0,0,12
3991,apv,boundary,wave,u*dx(w),0,-1,0,1,0,0,0,0,12
3991,apv,boundary,wave,v*dy(w),0,-1,0,1,0,0,0,0,12
3991,apv,boundary,wave,w*dz(w),0,-1,0,1,0,0,0,0,12
3991,apv,boundary,wave,u*dx(eta),0,-1,0,1,0,0,0,0,12
3991,apv,boundary,wave,v*dy(eta),9.92616081917113e-16,1,0,2,0,1.05575314651784e-15,2.10984563153715e-11,12,0
3991,apv,boundary,wave,w*dz(eta),0,-1,0,1,0,0,0,0,12
3991,apv,boundary,wave,w*eta*dlogN2,0,-1,0,1,0,0,0,0,12
3991,boundary,apv,wave,u*dx(u),0,1,0,-1,0,0,0,0,12
3991,boundary,apv,wave,v*dy(u),3.93244379035429e-15,1,0,4,0,1.10958288851591e-15,2.1816770612304e-11,12,0
3991,boundary,apv,wave,w*dz(u),0,1,0,-1,0,0,0,0,12
3991,boundary,apv,wave,u*dx(v),0,1,0,-1,0,0,0,0,12
3991,boundary,apv,wave,v*dy(v),0,1,0,-1,0,0,0,0,12
3991,boundary,apv,wave,w*dz(v),0,1,0,-1,0,0,0,0,12
3991,boundary,apv,wave,u*dx(w),0,1,0,-1,0,0,0,0,12
3991,boundary,apv,wave,v*dy(w),0,1,0,-1,0,0,0,0,12
3991,boundary,apv,wave,w*dz(w),0,1,0,-1,0,0,0,0,12
3991,boundary,apv,wave,u*dx(eta),0,1,0,-1,0,0,0,0,12
3991,boundary,apv,wave,v*dy(eta),1.04579439806831e-15,2,0,5,0,9.17302333108336e-16,2.6496512330959e-11,12,0
3991,boundary,apv,wave,w*dz(eta),0,1,0,-1,0,0,0,0,12
3991,boundary,apv,wave,w*eta*dlogN2,0,1,0,-1,0,0,0,0,12
3991,boundary,boundary,wave,u*dx(u),0,1,0,1,0,0,0,0,4
3991,boundary,boundary,wave,v*dy(u),4.62388195293742e-15,1,0,2,0,1.96470785388581e-15,4.45710135466015e-10,4,0
3991,boundary,boundary,wave,w*dz(u),0,1,0,1,0,0,0,0,4
3991,boundary,boundary,wave,u*dx(v),0,1,0,1,0,0,0,0,4
3991,boundary,boundary,wave,v*dy(v),0,1,0,1,0,0,0,0,4
3991,boundary,boundary,wave,w*dz(v),0,1,0,1,0,0,0,0,4
3991,boundary,boundary,wave,u*dx(w),0,1,0,1,0,0,0,0,4
3991,boundary,boundary,wave,v*dy(w),0,1,0,1,0,0,0,0,4
3991,boundary,boundary,wave,w*dz(w),0,1,0,1,0,0,0,0,4
3991,boundary,boundary,wave,u*dx(eta),0,1,0,1,0,0,0,0,4
3991,boundary,boundary,wave,v*dy(eta),1.86720261546485e-15,1,0,2,0,1.17874832298258e-15,3.49501136623361e-10,4,0
3991,boundary,boundary,wave,w*dz(eta),0,1,0,1,0,0,0,0,4
3991,boundary,boundary,wave,w*eta*dlogN2,0,1,0,1,0,0,0,0,4
3105,wave,wave,wave,u*dx(u),0,1,1,1,1,0,0,0,1056
3105,wave,wave,wave,v*dy(u),7.8084158763236e-07,23,1,24,1,3.48860882095674e-15,1.61537672127565e-10,1056,0
3105,wave,wave,wave,w*dz(u),7.81106496756814e-07,23,1,24,1,2.48112783149625e-14,2.24425179533359e-06,1056,0
3105,wave,wave,wave,u*dx(v),0,1,1,1,1,0,0,0,1056
3105,wave,wave,wave,v*dy(v),7.79190079061797e-07,23,1,24,1,3.45207191031827e-15,2.05121697405275e-10,1056,0
3105,wave,wave,wave,w*dz(v),7.79454160608326e-07,23,1,24,1,2.4685141266062e-14,2.21158889501697e-06,1056,0
3105,wave,wave,wave,u*dx(w),0,1,1,1,1,0,0,0,1056
3105,wave,wave,wave,v*dy(w),3.117984590405e-09,24,1,24,1,9.99200722162641e-16,2.05038652723033e-10,1056,0
3105,wave,wave,wave,w*dz(w),3.11798033611179e-09,24,1,24,1,8.88178419700125e-16,2.05144123910372e-10,1056,0
3105,wave,wave,wave,u*dx(eta),0,1,1,1,1,0,0,0,1056
3105,wave,wave,wave,v*dy(eta),2.08159088609507e-07,24,1,24,1,1.8060812899884e-15,1.61426427780498e-10,1056,0
3105,wave,wave,wave,w*dz(eta),2.08158929262419e-07,24,1,24,1,1.71206568214647e-15,1.61487045957642e-10,1056,0
3105,wave,wave,wave,w*eta*dlogN2,1.25806737573962e-07,23,1,24,1,1.35899365627914e-15,1.61608504356536e-10,1056,0
3105,wave,apv,wave,u*dx(u),0,1,1,-1,0,0,0,0,288
3105,wave,apv,wave,v*dy(u),5.84136695938395e-11,24,1,5,0,2.1206184139942e-15,1.17857279491318e-10,288,0
3105,wave,apv,wave,w*dz(u),6.1103303107351e-11,24,1,5,0,2.11205489328311e-15,1.17931220344758e-10,288,0
3105,wave,apv,wave,u*dx(v),0,1,1,-1,0,0,0,0,288
3105,wave,apv,wave,v*dy(v),0,1,1,-1,0,0,0,0,288
3105,wave,apv,wave,w*dz(v),0,1,1,-1,0,0,0,0,288
3105,wave,apv,wave,u*dx(w),0,1,1,-1,0,0,0,0,288
3105,wave,apv,wave,v*dy(w),0,1,1,-1,0,0,0,0,288
3105,wave,apv,wave,w*dz(w),0,1,1,-1,0,0,0,0,288
3105,wave,apv,wave,u*dx(eta),0,1,1,-1,0,0,0,0,288
3105,wave,apv,wave,v*dy(eta),9.15616470068395e-12,24,1,5,0,1.2223778770241e-15,1.17873488747477e-10,288,0
3105,wave,apv,wave,w*dz(eta),8.92992593038136e-12,24,1,5,0,1.20740678081022e-15,1.4509948798036e-10,288,0
3105,wave,apv,wave,w*eta*dlogN2,2.14165051832841e-11,24,1,5,0,1.21982623998736e-15,1.18274057214762e-10,288,0
3105,apv,wave,wave,u*dx(u),0,-1,0,1,1,0,0,0,288
3105,apv,wave,wave,v*dy(u),5.840899825511e-11,5,0,24,1,2.11361170208408e-15,4.36450875440642e-11,288,0
3105,apv,wave,wave,w*dz(u),0,-1,0,1,1,0,0,0,288
3105,apv,wave,wave,u*dx(v),0,-1,0,1,1,0,0,0,288
3105,apv,wave,wave,v*dy(v),5.83215451535104e-11,5,0,24,1,2.41718436901807e-15,8.7228890777169e-11,288,0
3105,apv,wave,wave,w*dz(v),0,-1,0,1,1,0,0,0,288
3105,apv,wave,wave,u*dx(w),0,-1,0,1,1,0,0,0,288
3105,apv,wave,wave,v*dy(w),1.5596383282347e-13,5,0,24,1,5.55111512312578e-16,8.80229222843809e-11,288,0
3105,apv,wave,wave,w*dz(w),0,-1,0,1,1,0,0,0,288
3105,apv,wave,wave,u*dx(eta),0,-1,0,1,1,0,0,0,288
3105,apv,wave,wave,v*dy(eta),8.92789373982913e-12,5,0,24,1,1.09437698281259e-15,4.44877468197546e-11,288,0
3105,apv,wave,wave,w*dz(eta),0,-1,0,1,1,0,0,0,288
3105,apv,wave,wave,w*eta*dlogN2,0,-1,0,1,1,0,0,0,288
3105,wave,boundary,wave,u*dx(u),0,1,1,1,0,0,0,0,96
3105,wave,boundary,wave,v*dy(u),2.5349482022548e-13,24,1,2,0,2.03881736703185e-15,1.18073106847305e-10,96,0
3105,wave,boundary,wave,w*dz(u),3.19570166521786e-13,24,1,2,0,2.05034380663862e-15,1.17930776255548e-10,96,0
3105,wave,boundary,wave,u*dx(v),0,1,1,1,0,0,0,0,96
3105,wave,boundary,wave,v*dy(v),0,1,1,1,0,0,0,0,96
3105,wave,boundary,wave,w*dz(v),0,1,1,1,0,0,0,0,96
3105,wave,boundary,wave,u*dx(w),0,1,1,1,0,0,0,0,96
3105,wave,boundary,wave,v*dy(w),0,1,1,1,0,0,0,0,96
3105,wave,boundary,wave,w*dz(w),0,1,1,1,0,0,0,0,96
3105,wave,boundary,wave,u*dx(eta),0,1,1,1,0,0,0,0,96
3105,wave,boundary,wave,v*dy(eta),4.65272801513314e-14,24,1,2,0,1.25070603432501e-15,1.17943876887239e-10,96,0
3105,wave,boundary,wave,w*dz(eta),3.73636721483127e-14,24,1,2,0,1.43607136916903e-15,1.17913900865574e-10,96,0
3105,wave,boundary,wave,w*eta*dlogN2,3.83443279188458e-14,24,1,1,0,9.84822321280147e-16,1.17949872091572e-10,96,0
3105,boundary,wave,wave,u*dx(u),0,1,0,1,1,0,0,0,96
3105,boundary,wave,wave,v*dy(u),1.9722258579021e-14,1,0,1,1,1.62381820002465e-15,4.44524417275716e-11,96,0
3105,boundary,wave,wave,w*dz(u),0,1,0,1,1,0,0,0,96
3105,boundary,wave,wave,u*dx(v),0,1,0,1,1,0,0,0,96
3105,boundary,wave,wave,v*dy(v),1.93632149266532e-14,1,0,1,1,1.66504233660219e-15,8.80360229160715e-11,96,0
3105,boundary,wave,wave,w*dz(v),0,1,0,1,1,0,0,0,96
3105,boundary,wave,wave,u*dx(w),0,1,0,1,1,0,0,0,96
3105,boundary,wave,wave,v*dy(w),1.14677454470948e-16,1,0,1,1,4.44089209850063e-16,8.98636720592094e-11,96,0
3105,boundary,wave,wave,w*dz(w),0,1,0,1,1,0,0,0,96
3105,boundary,wave,wave,u*dx(eta),0,1,0,1,1,0,0,0,96
3105,boundary,wave,wave,v*dy(eta),3.35018513424286e-15,2,0,24,1,1.40314565095295e-15,4.72533123740959e-11,96,0
3105,boundary,wave,wave,w*dz(eta),0,1,0,1,1,0,0,0,96
3105,boundary,wave,wave,w*eta*dlogN2,0,1,0,1,1,0,0,0,96
3105,apv,boundary,wave,u*dx(u),0,-1,0,1,0,0,0,0,12
3105,apv,boundary,wave,v*dy(u),4.43473386057791e-15,4,0,1,0,1.85154487815659e-15,1.09698909270595e-11,12,0
3105,apv,boundary,wave,w*dz(u),0,-1,0,1,0,0,0,0,12
3105,apv,boundary,wave,u*dx(v),0,-1,0,1,0,0,0,0,12
3105,apv,boundary,wave,v*dy(v),0,-1,0,1,0,0,0,0,12
3105,apv,boundary,wave,w*dz(v),0,-1,0,1,0,0,0,0,12
3105,apv,boundary,wave,u*dx(w),0,-1,0,1,0,0,0,0,12
3105,apv,boundary,wave,v*dy(w),0,-1,0,1,0,0,0,0,12
3105,apv,boundary,wave,w*dz(w),0,-1,0,1,0,0,0,0,12
3105,apv,boundary,wave,u*dx(eta),0,-1,0,1,0,0,0,0,12
3105,apv,boundary,wave,v*dy(eta),1.15817087021959e-15,1,0,2,0,1.17642376581127e-15,1.20154997063082e-11,12,0
3105,apv,boundary,wave,w*dz(eta),0,-1,0,1,0,0,0,0,12
3105,apv,boundary,wave,w*eta*dlogN2,0,-1,0,1,0,0,0,0,12
3105,boundary,apv,wave,u*dx(u),0,1,0,-1,0,0,0,0,12
3105,boundary,apv,wave,v*dy(u),3.97720033622621e-15,1,0,5,0,1.41618294113598e-15,2.38982167388713e-11,12,0
3105,boundary,apv,wave,w*dz(u),0,1,0,-1,0,0,0,0,12
3105,boundary,apv,wave,u*dx(v),0,1,0,-1,0,0,0,0,12
3105,boundary,apv,wave,v*dy(v),0,1,0,-1,0,0,0,0,12
3105,boundary,apv,wave,w*dz(v),0,1,0,-1,0,0,0,0,12
3105,boundary,apv,wave,u*dx(w),0,1,0,-1,0,0,0,0,12
3105,boundary,apv,wave,v*dy(w),0,1,0,-1,0,0,0,0,12
3105,boundary,apv,wave,w*dz(w),0,1,0,-1,0,0,0,0,12
3105,boundary,apv,wave,u*dx(eta),0,1,0,-1,0,0,0,0,12
3105,boundary,apv,wave,v*dy(eta),1.30447751517288e-15,2,0,2,0,7.62790858392903e-16,2.08988382155439e-11,12,0
3105,boundary,apv,wave,w*dz(eta),0,1,0,-1,0,0,0,0,12
3105,boundary,apv,wave,w*eta*dlogN2,0,1,0,-1,0,0,0,0,12
3105,boundary,boundary,wave,u*dx(u),0,1,0,1,0,0,0,0,4
3105,boundary,boundary,wave,v*dy(u),3.31316018358242e-15,1,0,1,0,1.40973391004982e-15,1.73958174220152e-11,4,0
3105,boundary,boundary,wave,w*dz(u),0,1,0,1,0,0,0,0,4
3105,boundary,boundary,wave,u*dx(v),0,1,0,1,0,0,0,0,4
3105,boundary,boundary,wave,v*dy(v),0,1,0,1,0,0,0,0,4
3105,boundary,boundary,wave,w*dz(v),0,1,0,1,0,0,0,0,4
3105,boundary,boundary,wave,u*dx(w),0,1,0,1,0,0,0,0,4
3105,boundary,boundary,wave,v*dy(w),0,1,0,1,0,0,0,0,4
3105,boundary,boundary,wave,w*dz(w),0,1,0,1,0,0,0,0,4
3105,boundary,boundary,wave,u*dx(eta),0,1,0,1,0,0,0,0,4
3105,boundary,boundary,wave,v*dy(eta),8.63897386831736e-16,1,0,2,0,6.69832150290006e-16,8.94630197927474e-11,4,0
3105,boundary,boundary,wave,w*dz(eta),0,1,0,1,0,0,0,0,4
3105,boundary,boundary,wave,w*eta*dlogN2,0,1,0,1,0,0,0,0,4
3227,wave,wave,inertial,u*dx(u),3.33531709468907e-10,24,-1,23,1,1.16603630357137e-15,2.35740094112202e-10,1056,0
3227,wave,wave,inertial,v*dy(u),3.33531723394368e-10,23,1,24,1,1.33226762955019e-15,2.35734320952474e-10,1056,0
3227,wave,wave,inertial,w*dz(u),6.87540660235333e-10,1,1,1,1,4.02187885558351e-15,4.33231255142196e-07,1056,0
3227,wave,wave,inertial,u*dx(v),3.33531726229797e-10,24,-1,23,1,1.62760179731013e-15,2.35734098907869e-10,1056,0
3227,wave,wave,inertial,v*dy(v),3.3353171408526e-10,23,1,24,1,1.32341602426559e-15,2.35728103703536e-10,1056,0
3227,wave,wave,inertial,w*dz(v),6.87540670630193e-10,1,1,1,1,3.99582225084813e-15,4.33231256740717e-07,1056,0
3227,wave,wave,mda,u*dx(eta),6.20520680809533e-12,24,1,24,1,2.95217263202275e-15,6.22876114360866e-10,1056,0
3227,wave,wave,mda,v*dy(eta),6.20520202035857e-12,24,1,24,1,2.4112004659516e-15,6.22881924190097e-10,1056,0
3227,wave,wave,mda,w*dz(eta),6.20518827767308e-12,24,1,24,1,2.92341792008118e-15,6.2287483648861e-10,1056,0
3227,wave,wave,mda,w*eta*dlogN2,1.06597688554288e-12,24,1,23,1,2.99597199546208e-15,2.00880524606171e-10,1056,0
3227,wave,apv,inertial,u*dx(u),4.24337304787048e-15,23,1,3,0,1.07383704038044e-15,1.17863274695651e-10,288,0
3227,wave,apv,inertial,v*dy(u),4.24792258985361e-15,23,1,3,0,1.48597773126518e-15,1.17857279491318e-10,288,0
3227,wave,apv,inertial,w*dz(u),3.16589025956342e-15,22,1,5,0,1.38427781962417e-15,1.17931220344758e-10,288,0
3227,wave,apv,inertial,u*dx(v),4.22259366400539e-15,23,1,3,0,1.04099368108245e-15,1.17863274695651e-10,288,0
3227,wave,apv,inertial,v*dy(v),4.23716461988531e-15,23,1,3,0,1.07287367246724e-15,1.17857279491318e-10,288,0
3227,wave,apv,inertial,w*dz(v),3.19297565919731e-15,22,1,5,0,1.23075918563856e-15,1.17931220344758e-10,288,0
3227,wave,apv,mda,u*dx(eta),3.65325788091645e-15,23,1,-1,0,2.24522344134845e-15,6.96239343028223e-10,288,0
3227,wave,apv,mda,v*dy(eta),4.01299458852602e-15,24,1,1,0,2.22312133513482e-15,6.9624303893735e-10,288,0
3227,wave,apv,mda,w*dz(eta),1.30802759623622e-13,1,1,-1,0,2.05427939742779e-15,3.37251627055411e-07,288,0
3227,wave,apv,mda,w*eta*dlogN2,3.51047093112148e-15,5,1,4,0,2.71275736300797e-15,1.58563398195824e-10,288,0
3227,apv,wave,inertial,u*dx(u),4.25450430572631e-15,3,0,23,1,1.07236270643176e-15,1.17863274695651e-10,288,0
3227,apv,wave,inertial,v*dy(u),4.2421505247503e-15,3,0,23,1,1.05376800263386e-15,1.17863274695651e-10,288,0
3227,apv,wave,inertial,w*dz(u),0,-1,0,1,1,0,0,0,288
3227,apv,wave,inertial,u*dx(v),4.23575500345541e-15,3,0,23,1,1.07245914313669e-15,1.17857279491318e-10,288,0
3227,apv,wave,inertial,v*dy(v),4.22563830616084e-15,3,0,23,1,1.01628259294918e-15,1.17857279491318e-10,288,0
3227,apv,wave,inertial,w*dz(v),0,-1,0,1,1,0,0,0,288
3227,apv,wave,mda,u*dx(eta),3.30415624263229e-15,4,0,6,1,3.41468030358479e-15,8.75963333318269e-11,288,0
3227,apv,wave,mda,v*dy(eta),3.21997143216692e-15,4,0,6,1,3.55492242434035e-15,8.75963679388381e-11,288,0
3227,apv,wave,mda,w*dz(eta),0,-1,0,1,1,0,0,0,288
3227,apv,wave,mda,w*eta*dlogN2,0,-1,0,1,1,0,0,0,288
3227,wave,boundary,inertial,u*dx(u),1.05503663950209e-14,1,1,1,0,1.47106855742447e-15,1.18731247056303e-10,96,0
3227,wave,boundary,inertial,v*dy(u),1.06199130335653e-14,1,1,1,0,1.44543634014877e-15,1.1872525185197e-10,96,0
3227,wave,boundary,inertial,w*dz(u),2.57880259062202e-15,1,1,1,0,1.36153914794062e-15,1.1810263877976e-10,96,0
3227,wave,boundary,inertial,u*dx(v),1.06054530397142e-14,1,1,1,0,1.00933806564935e-15,1.18731247056303e-10,96,0
3227,wave,boundary,inertial,v*dy(v),1.05864705180288e-14,1,1,1,0,1.30748841350253e-15,1.1872525185197e-10,96,0
3227,wave,boundary,inertial,w*dz(v),2.55454477529135e-15,1,1,1,0,9.07183874501105e-16,1.18102416735155e-10,96,0
3227,wave,boundary,mda,u*dx(eta),3.95672799058744e-15,1,1,1,0,4.92962141214238e-16,7.90241182572596e-10,96,0
3227,wave,boundary,mda,v*dy(eta),4.02819074574653e-15,23,1,1,0,5.79346530965866e-16,7.90247514659063e-10,96,0
3227,wave,boundary,mda,w*dz(eta),2.95366414103597e-15,1,1,1,0,2.49076463457902e-15,1.46746543875645e-10,96,0
3227,wave,boundary,mda,w*eta*dlogN2,2.62796583572455e-15,1,1,1,0,2.66014766760961e-15,1.45888768468304e-10,96,0
3227,boundary,wave,inertial,u*dx(u),1.05840194512894e-14,1,0,1,1,1.53070052571108e-15,1.18731025011698e-10,96,0
3227,boundary,wave,inertial,v*dy(u),1.06124022519655e-14,1,0,1,1,1.45696848681146e-15,1.18731247056303e-10,96,0
3227,boundary,wave,inertial,w*dz(u),0,1,0,1,1,0,0,0,96
3227,boundary,wave,inertial,u*dx(v),1.06535799401597e-14,1,0,1,1,1.25803733616555e-15,1.1872525185197e-10,96,0
3227,boundary,wave,inertial,v*dy(v),1.05952195251357e-14,1,0,1,1,1.28143085174051e-15,1.1872525185197e-10,96,0
3227,boundary,wave,inertial,w*dz(v),0,1,0,1,1,0,0,0,96
3227,boundary,wave,mda,u*dx(eta),2.65019609067135e-15,1,0,1,1,2.39386449385986e-15,8.69664553141482e-11,96,0
3227,boundary,wave,mda,v*dy(eta),2.65019609067135e-15,1,0,1,1,2.21624734645618e-15,8.69664553141482e-11,96,0
3227,boundary,wave,mda,w*dz(eta),0,1,0,1,1,0,0,0,96
3227,boundary,wave,mda,w*eta*dlogN2,0,1,0,1,1,0,0,0,96
3227,apv,boundary,inertial,u*dx(u),2.94812824461942e-15,5,0,1,0,1.14723320063056e-15,2.38977726496614e-11,12,0
3227,apv,boundary,inertial,v*dy(u),2.94405352478141e-15,5,0,1,0,1.17172276925847e-15,2.38979946942663e-11,12,0
3227,apv,boundary,inertial,w*dz(u),0,-1,0,1,0,0,0,0,12
3227,apv,boundary,inertial,u*dx(v),3.04718708921122e-15,5,0,1,0,1.00630390121719e-15,2.38979946942663e-11,12,0
3227,apv,boundary,inertial,v*dy(v),3.03089407162034e-15,5,0,1,0,1.00119157371403e-15,2.38977726496614e-11,12,0
3227,apv,boundary,inertial,w*dz(v),0,-1,0,1,0,0,0,0,12
3227,apv,boundary,mda,u*dx(eta),3.53874536272284e-15,5,0,1,0,5.36075142078079e-16,5.14558905176225e-11,12,0
3227,apv,boundary,mda,v*dy(eta),3.53874536272284e-15,5,0,1,0,5.36075142078079e-16,5.14557777803239e-11,12,0
3227,apv,boundary,mda,w*dz(eta),0,-1,0,1,0,0,0,0,12
3227,apv,boundary,mda,w*eta*dlogN2,0,-1,0,1,0,0,0,0,12
3227,boundary,apv,inertial,u*dx(u),2.95162394565858e-15,1,0,5,0,1.12951950929973e-15,2.38979946942663e-11,12,0
3227,boundary,apv,inertial,v*dy(u),2.9662828900485e-15,1,0,5,0,1.08358132434669e-15,2.38977726496614e-11,12,0
3227,boundary,apv,inertial,w*dz(u),0,1,0,-1,0,0,0,0,12
3227,boundary,apv,inertial,u*dx(v),3.06218593531876e-15,1,0,5,0,9.13329597959758e-16,2.38979946942663e-11,12,0
3227,boundary,apv,inertial,v*dy(v),3.02965753744508e-15,1,0,5,0,9.54242055460974e-16,2.38977726496614e-11,12,0
3227,boundary,apv,inertial,w*dz(v),0,1,0,-1,0,0,0,0,12
3227,boundary,apv,mda,u*dx(eta),2.72518512056788e-15,1,0,1,0,8.70614585776594e-16,2.00821359541692e-10,12,0
3227,boundary,apv,mda,v*dy(eta),2.87282896542966e-15,1,0,1,0,7.32158097422666e-16,2.00821359541692e-10,12,0
3227,boundary,apv,mda,w*dz(eta),0,1,0,-1,0,0,0,0,12
3227,boundary,apv,mda,w*eta*dlogN2,0,1,0,-1,0,0,0,0,12
3227,boundary,boundary,inertial,u*dx(u),7.13729485628172e-15,1,0,2,0,4.85691540302448e-15,4.7524288319199e-09,4,0
3227,boundary,boundary,inertial,v*dy(u),7.06665863483624e-15,2,0,1,0,4.8587677577354e-15,4.75242887185247e-09,4,0
3227,boundary,boundary,inertial,w*dz(u),0,1,0,1,0,0,0,0,4
3227,boundary,boundary,inertial,u*dx(v),6.99742155242088e-15,1,0,2,0,4.72102874480367e-15,4.75242894360472e-09,4,0
3227,boundary,boundary,inertial,v*dy(v),6.98794336517713e-15,2,0,1,0,4.76313308156686e-15,4.75242890077054e-09,4,0
3227,boundary,boundary,inertial,w*dz(v),0,1,0,1,0,0,0,0,4
3227,boundary,boundary,mda,u*dx(eta),2.89935105632944e-15,2,0,1,0,1.40424538488678e-15,1.8907904588983e-08,4,0
3227,boundary,boundary,mda,v*dy(eta),2.89935105632944e-15,2,0,1,0,1.39378332783429e-15,1.89079047776094e-08,4,0
3227,boundary,boundary,mda,w*dz(eta),0,1,0,1,0,0,0,0,4
3227,boundary,boundary,mda,w*eta*dlogN2,0,1,0,1,0,0,0,0,4
3094,wave,wave,wave,u*dx(u),7.83471188286856e-07,23,1,24,1,3.57768249400834e-15,1.73173697604057e-10,1056,0
3094,wave,wave,wave,v*dy(u),0,1,1,1,1,0,0,0,1056
3094,wave,wave,wave,w*dz(u),7.83737414654302e-07,23,1,24,1,2.01763495127988e-14,2.02745195432728e-06,1056,0
3094,wave,wave,wave,u*dx(v),7.77295699647586e-07,23,1,24,1,3.42246286237413e-15,1.45634837522834e-10,1056,0
3094,wave,wave,wave,v*dy(v),0,1,1,1,1,0,0,0,1056
3094,wave,wave,wave,w*dz(v),7.77558828635977e-07,23,1,24,1,1.96598453150673e-14,1.915995077689e-06,1056,0
3094,wave,wave,wave,u*dx(w),3.01986669326546e-09,24,1,24,1,9.99200722162641e-16,1.73241643253164e-10,1056,0
3094,wave,wave,wave,v*dy(w),0,1,1,1,1,0,0,0,1056
3094,wave,wave,wave,w*dz(w),3.0198624279736e-09,24,1,24,1,9.99200722162641e-16,1.72890368688172e-10,1056,0
3094,wave,wave,wave,u*dx(eta),2.01842943160471e-07,24,1,24,1,1.72909428804979e-15,1.45635725701254e-10,1056,0
3094,wave,wave,wave,v*dy(eta),0,1,1,1,1,0,0,0,1056
3094,wave,wave,wave,w*dz(eta),2.01842783218752e-07,24,1,24,1,1.66109742522413e-15,1.45206513479934e-10,1056,0
3094,wave,wave,wave,w*eta*dlogN2,1.21979579854851e-07,23,1,24,1,1.75095332598326e-15,1.45777390159196e-10,1056,0
3094,wave,apv,wave,u*dx(u),0,1,1,-1,0,0,0,0,288
3094,wave,apv,wave,v*dy(u),0,1,1,-1,0,0,0,0,288
3094,wave,apv,wave,w*dz(u),0,1,1,-1,0,0,0,0,288
3094,wave,apv,wave,u*dx(v),5.82255064455214e-11,24,1,5,0,2.05125697735905e-15,1.17863274695651e-10,288,0
3094,wave,apv,wave,v*dy(v),0,1,1,-1,0,0,0,0,288
3094,wave,apv,wave,w*dz(v),6.0907843849847e-11,24,1,5,0,2.1853992262771e-15,1.17931220344758e-10,288,0
3094,wave,apv,wave,u*dx(w),0,1,1,-1,0,0,0,0,288
3094,wave,apv,wave,v*dy(w),0,1,1,-1,0,0,0,0,288
3094,wave,apv,wave,w*dz(w),0,1,1,-1,0,0,0,0,288
3094,wave,apv,wave,u*dx(eta),8.87409593103457e-12,24,1,5,0,1.24689503332124e-15,1.1787992804102e-10,288,0
3094,wave,apv,wave,v*dy(eta),0,1,1,-1,0,0,0,0,288
3094,wave,apv,wave,w*dz(eta),8.65487068379994e-12,24,1,5,0,1.38257964420813e-15,1.4509948798036e-10,288,0
3094,wave,apv,wave,w*eta*dlogN2,2.07559801391304e-11,24,1,5,0,1.33642522082341e-15,1.18274057214762e-10,288,0
3094,apv,wave,wave,u*dx(u),5.85481166488941e-11,5,0,24,1,2.30129137945064e-15,5.52438095269281e-11,288,0
3094,apv,wave,wave,v*dy(u),0,-1,0,1,1,0,0,0,288
3094,apv,wave,wave,w*dz(u),0,-1,0,1,1,0,0,0,288
3094,apv,wave,wave,u*dx(v),5.82210597923653e-11,5,0,24,1,2.30107348894824e-15,2.77042833118912e-11,288,0
3094,apv,wave,wave,v*dy(v),0,-1,0,1,1,0,0,0,288
3094,apv,wave,wave,w*dz(v),0,-1,0,1,1,0,0,0,288
3094,apv,wave,wave,u*dx(w),1.5105620945038e-13,5,0,24,1,6.66133814775094e-16,5.62072610676978e-11,288,0
3094,apv,wave,wave,v*dy(w),0,-1,0,1,1,0,0,0,288
3094,apv,wave,wave,w*dz(w),0,-1,0,1,1,0,0,0,288
3094,apv,wave,wave,u*dx(eta),8.65284463227306e-12,5,0,24,1,1.3688493869654e-15,2.86790591275121e-11,288,0
3094,apv,wave,wave,v*dy(eta),0,-1,0,1,1,0,0,0,288
3094,apv,wave,wave,w*dz(eta),0,-1,0,1,1,0,0,0,288
3094,apv,wave,wave,w*eta*dlogN2,0,-1,0,1,1,0,0,0,288
3094,wave,boundary,wave,u*dx(u),0,1,1,1,0,0,0,0,96
3094,wave,boundary,wave,v*dy(u),0,1,1,1,0,0,0,0,96
3094,wave,boundary,wave,w*dz(u),0,1,1,1,0,0,0,0,96
3094,wave,boundary,wave,u*dx(v),3.68066638124814e-13,24,1,2,0,2.55224138331409e-15,1.17936549415276e-10,96,0
3094,wave,boundary,wave,v*dy(v),0,1,1,1,0,0,0,0,96
3094,wave,boundary,wave,w*dz(v),3.5105974782909e-13,24,1,1,0,2.11347046351622e-15,1.17939213950535e-10,96,0
3094,wave,boundary,wave,u*dx(w),0,1,1,1,0,0,0,0,96
3094,wave,boundary,wave,v*dy(w),0,1,1,1,0,0,0,0,96
3094,wave,boundary,wave,w*dz(w),0,1,1,1,0,0,0,0,96
3094,wave,boundary,wave,u*dx(eta),4.96650079548585e-14,24,1,1,0,9.381840077225e-16,1.17939213950535e-10,96,0
3094,wave,boundary,wave,v*dy(eta),0,1,1,1,0,0,0,0,96
3094,wave,boundary,wave,w*dz(eta),5.21657163966178e-14,24,1,2,0,1.34615947847223e-15,1.17915011088598e-10,96,0
3094,wave,boundary,wave,w*eta*dlogN2,5.54838456173867e-14,24,1,1,0,1.42064469718098e-15,1.17954090939065e-10,96,0
3094,boundary,wave,wave,u*dx(u),2.01364877977544e-14,1,0,1,1,1.93559423806511e-15,5.6899818190459e-11,96,0
3094,boundary,wave,wave,v*dy(u),0,1,0,1,1,0,0,0,96
3094,boundary,wave,wave,w*dz(u),0,1,0,1,1,0,0,0,96
3094,boundary,wave,wave,u*dx(v),1.89667624748949e-14,2,0,24,1,1.84409252178852e-15,2.9360514020027e-11,96,0
3094,boundary,wave,wave,v*dy(v),0,1,0,1,1,0,0,0,96
3094,boundary,wave,wave,w*dz(v),0,1,0,1,1,0,0,0,96
3094,boundary,wave,wave,u*dx(w),1.07924904556844e-16,1,0,1,1,4.44089209850063e-16,5.83606496462608e-11,96,0
3094,boundary,wave,wave,v*dy(w),0,1,0,1,1,0,0,0,96
3094,boundary,wave,wave,w*dz(w),0,1,0,1,1,0,0,0,96
3094,boundary,wave,wave,u*dx(eta),3.21714267558127e-15,2,0,24,1,8.15963589475118e-16,3.17499360136253e-11,96,0
3094,boundary,wave,wave,v*dy(eta),0,1,0,1,1,0,0,0,96
3094,boundary,wave,wave,w*dz(eta),0,1,0,1,1,0,0,0,96
3094,boundary,wave,wave,w*eta*dlogN2,0,1,0,1,1,0,0,0,96
3094,apv,boundary,wave,u*dx(u),0,-1,0,1,0,0,0,0,12
3094,apv,boundary,wave,v*dy(u),0,-1,0,1,0,0,0,0,12
3094,apv,boundary,wave,w*dz(u),0,-1,0,1,0,0,0,0,12
3094,apv,boundary,wave,u*dx(v),4.05557053495512e-15,4,0,1,0,1.6867840946902e-15,5.88044176976397e-12,12,0
3094,apv,boundary,wave,v*dy(v),0,-1,0,1,0,0,0,0,12
3094,apv,boundary,wave,w*dz(v),0,-1,0,1,0,0,0,0,12
3094,apv,boundary,wave,u*dx(w),0,-1,0,1,0,0,0,0,12
3094,apv,boundary,wave,v*dy(w),0,-1,0,1,0,0,0,0,12
3094,apv,boundary,wave,w*dz(w),0,-1,0,1,0,0,0,0,12
3094,apv,boundary,wave,u*dx(eta),1.060274413578e-15,3,0,2,0,8.62405254724201e-16,1.04082792416036e-11,12,0
3094,apv,boundary,wave,v*dy(eta),0,-1,0,1,0,0,0,0,12
3094,apv,boundary,wave,w*dz(eta),0,-1,0,1,0,0,0,0,12
3094,apv,boundary,wave,w*eta*dlogN2,0,-1,0,1,0,0,0,0,12
3094,boundary,apv,wave,u*dx(u),0,1,0,-1,0,0,0,0,12
3094,boundary,apv,wave,v*dy(u),0,1,0,-1,0,0,0,0,12
3094,boundary,apv,wave,w*dz(u),0,1,0,-1,0,0,0,0,12
3094,boundary,apv,wave,u*dx(v),3.10852650538595e-15,1,0,4,0,1.20388465093003e-15,2.38979946942663e-11,12,0
3094,boundary,apv,wave,v*dy(v),0,1,0,-1,0,0,0,0,12
3094,boundary,apv,wave,w*dz(v),0,1,0,-1,0,0,0,0,12
3094,boundary,apv,wave,u*dx(w),0,1,0,-1,0,0,0,0,12
3094,boundary,apv,wave,v*dy(w),0,1,0,-1,0,0,0,0,12
3094,boundary,apv,wave,w*dz(w),0,1,0,-1,0,0,0,0,12
3094,boundary,apv,wave,u*dx(eta),9.96067665344018e-16,2,0,5,0,9.24496999199801e-16,2.08990602601489e-11,12,0
3094,boundary,apv,wave,v*dy(eta),0,1,0,-1,0,0,0,0,12
3094,boundary,apv,wave,w*dz(eta),0,1,0,-1,0,0,0,0,12
3094,boundary,apv,wave,w*eta*dlogN2,0,1,0,-1,0,0,0,0,12
3094,boundary,boundary,wave,u*dx(u),0,1,0,1,0,0,0,0,4
3094,boundary,boundary,wave,v*dy(u),0,1,0,1,0,0,0,0,4
3094,boundary,boundary,wave,w*dz(u),0,1,0,1,0,0,0,0,4
3094,boundary,boundary,wave,u*dx(v),2.60254447900709e-15,1,0,1,0,1.11217626272865e-15,7.09376378972182e-12,4,0
3094,boundary,boundary,wave,v*dy(v),0,1,0,1,0,0,0,0,4
3094,boundary,boundary,wave,w*dz(v),0,1,0,1,0,0,0,0,4
3094,boundary,boundary,wave,u*dx(w),0,1,0,1,0,0,0,0,4
3094,boundary,boundary,wave,v*dy(w),0,1,0,1,0,0,0,0,4
3094,boundary,boundary,wave,w*dz(w),0,1,0,1,0,0,0,0,4
3094,boundary,boundary,wave,u*dx(eta),9.5511535583542e-16,1,0,2,0,5.87663921872694e-16,6.7799748173634e-11,4,0
3094,boundary,boundary,wave,v*dy(eta),0,1,0,1,0,0,0,0,4
3094,boundary,boundary,wave,w*dz(eta),0,1,0,1,0,0,0,0,4
3094,boundary,boundary,wave,w*eta*dlogN2,0,1,0,1,0,0,0,0,4
3088,wave,wave,wave,u*dx(u),7.85774352624332e-07,23,1,24,1,3.75355200269692e-15,1.68490776886188e-10,1056,0
3088,wave,wave,wave,v*dy(u),7.8577435258121e-07,23,-1,24,1,3.66072569439453e-15,1.6848500372646e-10,1056,0
3088,wave,wave,wave,w*dz(u),7.86041742544086e-07,23,1,24,1,4.48152389752523e-14,3.17931610358423e-06,1056,0
3088,wave,wave,wave,u*dx(v),7.75182820558051e-07,23,1,24,1,3.43423614841493e-15,1.68504987740903e-10,1056,0
3088,wave,wave,wave,v*dy(v),7.75182820538475e-07,23,1,24,1,3.43574952887885e-15,1.68499214581175e-10,1056,0
3088,wave,wave,wave,w*dz(v),7.75444896480257e-07,23,1,24,1,4.23943187052081e-14,2.88242293582326e-06,1056,0
3088,wave,wave,wave,u*dx(w),2.9912420289961e-09,24,1,24,1,9.99200722162641e-16,1.68517866327988e-10,1056,0
3088,wave,wave,wave,v*dy(w),2.99124202897347e-09,24,1,24,1,9.99200722162641e-16,1.68511871123656e-10,1056,0
3088,wave,wave,wave,w*dz(w),2.99123838016099e-09,24,1,24,1,9.99200722162641e-16,1.68339786554839e-10,1056,0
3088,wave,wave,wave,u*dx(eta),1.99996193275972e-07,24,1,24,1,1.92809890349467e-15,1.43148604081489e-10,1056,0
3088,wave,wave,wave,v*dy(eta),1.99996193269101e-07,24,1,24,1,1.71430335791687e-15,1.43142608877156e-10,1056,0
3088,wave,wave,wave,w*dz(eta),1.99996056378664e-07,24,1,24,1,1.91643057596713e-15,1.42935885349971e-10,1056,0
3088,wave,wave,wave,w*eta*dlogN2,1.20860670079488e-07,23,1,24,1,1.58178049343798e-15,1.43299816457443e-10,1056,0
3088,wave,apv,wave,u*dx(u),5.86748276343116e-11,24,1,5,0,2.36603656272971e-15,1.17863274695651e-10,288,0
3088,wave,apv,wave,v*dy(u),5.86748206642419e-11,24,1,5,0,2.41170209961989e-15,1.17857279491318e-10,288,0
3088,wave,apv,wave,w*dz(u),6.13751274626152e-11,24,1,5,0,2.53383779881002e-15,1.17930998300153e-10,288,0
3088,wave,apv,wave,u*dx(v),5.81137868774493e-11,24,1,5,0,2.03006452252266e-15,1.17863274695651e-10,288,0
3088,wave,apv,wave,v*dy(v),5.81137774680453e-11,24,1,5,0,2.22488890744661e-15,1.17857279491318e-10,288,0
3088,wave,apv,wave,w*dz(v),6.07916299366936e-11,24,1,5,0,2.18852133865406e-15,1.17931220344758e-10,288,0
3088,wave,apv,wave,u*dx(w),0,1,1,-1,0,0,0,0,288
3088,wave,apv,wave,v*dy(w),0,1,1,-1,0,0,0,0,288
3088,wave,apv,wave,w*dz(w),0,1,1,-1,0,0,0,0,288
3088,wave,apv,wave,u*dx(eta),8.79167505160545e-12,24,1,5,0,1.24750939363726e-15,1.1787992804102e-10,288,0
3088,wave,apv,wave,v*dy(eta),8.79168367963436e-12,24,1,5,0,1.23567154509883e-15,1.17873710792082e-10,288,0
3088,wave,apv,wave,w*dz(eta),8.57449017825091e-12,24,1,5,0,1.10500125894241e-15,1.4509948798036e-10,288,0
3088,wave,apv,wave,w*eta*dlogN2,2.05630650464458e-11,24,1,5,0,1.76754251174037e-15,1.18274057214762e-10,288,0
3088,apv,wave,wave,u*dx(u),5.86709484568989e-11,5,0,24,1,2.51413414985127e-15,5.06024111501802e-11,288,0
3088,apv,wave,wave,v*dy(u),5.86710095448319e-11,5,0,24,1,2.33090093556456e-15,5.06026331947851e-11,288,0
3088,apv,wave,wave,w*dz(u),0,-1,0,1,1,0,0,0,288
3088,apv,wave,wave,u*dx(v),5.81100373244127e-11,5,0,24,1,2.14729222353019e-15,5.06168440495003e-11,288,0
3088,apv,wave,wave,v*dy(v),5.81099736450302e-11,5,0,24,-1,2.11976765888506e-15,5.06168440495003e-11,288,0
3088,apv,wave,wave,w*dz(v),0,-1,0,1,1,0,0,0,288
3088,apv,wave,wave,u*dx(w),1.49624386637505e-13,5,0,24,1,6.66133814775094e-16,5.14892573022507e-11,288,0
3088,apv,wave,wave,v*dy(w),1.49624208571383e-13,5,0,24,1,5.55111512312578e-16,5.14892573022507e-11,288,0
3088,apv,wave,wave,w*dz(w),0,-1,0,1,1,0,0,0,288
3088,apv,wave,wave,u*dx(eta),8.57261468640275e-12,5,0,24,1,1.24043889045261e-15,2.61981547566847e-11,288,0
3088,apv,wave,wave,v*dy(eta),8.57260918469168e-12,5,0,24,1,1.29495002847457e-15,2.61981547566847e-11,288,0
3088,apv,wave,wave,w*dz(eta),0,-1,0,1,1,0,0,0,288
3088,apv,wave,wave,w*eta*dlogN2,0,-1,0,1,1,0,0,0,288
3088,wave,boundary,wave,u*dx(u),6.0759714479074e-14,24,1,1,0,1.91936919705362e-15,1.18900223000651e-10,96,0
3088,wave,boundary,wave,v*dy(u),6.08006924411359e-14,24,1,1,0,1.96445946590257e-15,1.18894227796318e-10,96,0
3088,wave,boundary,wave,w*dz(u),2.50444688980859e-13,24,1,2,0,2.12610890009595e-15,1.17964749080102e-10,96,0
3088,wave,boundary,wave,u*dx(v),5.99299682695416e-14,24,1,1,0,2.03211127632099e-15,1.18900000956046e-10,96,0
3088,wave,boundary,wave,v*dy(v),6.05479691793543e-14,24,1,1,0,2.00008937384894e-15,1.18894227796318e-10,96,0
3088,wave,boundary,wave,w*dz(v),2.48219424581356e-13,24,1,2,0,1.83703269007622e-15,1.17964749080102e-10,96,0
3088,wave,boundary,wave,u*dx(w),0,1,1,1,0,0,0,0,96
3088,wave,boundary,wave,v*dy(w),0,1,1,1,0,0,0,0,96
3088,wave,boundary,wave,w*dz(w),0,1,1,1,0,0,0,0,96
3088,wave,boundary,wave,u*dx(eta),3.47709465598795e-14,24,1,2,0,8.76618395244933e-16,1.17973186775089e-10,96,0
3088,wave,boundary,wave,v*dy(eta),3.47699614140339e-14,24,1,2,0,8.7032357890917e-16,1.17967413615361e-10,96,0
3088,wave,boundary,wave,w*dz(eta),9.02634556521344e-15,24,1,1,0,1.04843947637964e-15,1.17954979117485e-10,96,0
3088,wave,boundary,wave,w*eta*dlogN2,8.639581103974e-15,24,1,1,0,1.41342611022966e-15,1.1798406696073e-10,96,0
3088,boundary,wave,wave,u*dx(u),2.16873435528074e-14,1,0,1,1,1.88740857935005e-15,5.21021004118438e-11,96,0
3088,boundary,wave,wave,v*dy(u),2.1621725711311e-14,1,0,1,1,1.52752170676726e-15,5.21025445010537e-11,96,0
3088,boundary,wave,wave,w*dz(u),0,1,0,1,1,0,0,0,96
3088,boundary,wave,wave,u*dx(v),1.91408472909946e-14,1,0,1,1,1.87863782079603e-15,5.21167553557689e-11,96,0
3088,boundary,wave,wave,v*dy(v),1.90481305199677e-14,1,0,1,1,1.75003953046631e-15,5.21169774003738e-11,96,0
3088,boundary,wave,wave,w*dz(v),0,1,0,1,1,0,0,0,96
3088,boundary,wave,wave,u*dx(w),9.48008678963932e-17,1,0,17,1,4.44089209850063e-16,5.37629940566831e-11,96,0
3088,boundary,wave,wave,v*dy(w),1.01219289899263e-16,1,0,17,1,6.66133814775094e-16,5.37634381458929e-11,96,0
3088,boundary,wave,wave,w*dz(w),0,1,0,1,1,0,0,0,96
3088,boundary,wave,wave,u*dx(eta),3.1641604951293e-15,2,0,24,1,6.13011203610164e-16,3.11412361768537e-11,96,0
3088,boundary,wave,wave,v*dy(eta),3.13949633563038e-15,2,0,24,1,8.1789687088475e-16,3.11417149449966e-11,96,0
3088,boundary,wave,wave,w*dz(eta),0,1,0,1,1,0,0,0,96
3088,boundary,wave,wave,w*eta*dlogN2,0,1,0,1,1,0,0,0,96
3088,apv,boundary,wave,u*dx(u),4.49551071786501e-15,4,0,1,0,2.00690665804436e-15,1.91471928770064e-11,12,0
3088,apv,boundary,wave,v*dy(u),4.39164073351827e-15,4,0,1,0,1.64898193949597e-15,1.91478240533712e-11,12,0
3088,apv,boundary,wave,w*dz(u),0,-1,0,1,0,0,0,0,12
3088,apv,boundary,wave,u*dx(v),3.6264559206448e-15,4,0,1,0,1.22000658753318e-15,1.77418080227199e-11,12,0
3088,apv,boundary,wave,v*dy(v),3.55722403741632e-15,4,0,1,0,1.25987556649312e-15,1.77415859781149e-11,12,0
3088,apv,boundary,wave,w*dz(v),0,-1,0,1,0,0,0,0,12
3088,apv,boundary,wave,u*dx(w),0,-1,0,1,0,0,0,0,12
3088,apv,boundary,wave,v*dy(w),0,-1,0,1,0,0,0,0,12
3088,apv,boundary,wave,w*dz(w),0,-1,0,1,0,0,0,0,12
3088,apv,boundary,wave,u*dx(eta),9.46230330436001e-16,-1,0,2,0,7.8210840264887e-16,1.69972924624062e-11,12,0
3088,apv,boundary,wave,v*dy(eta),1.09570590792664e-15,-1,0,2,0,9.92545170586733e-16,1.69972924624062e-11,12,0
3088,apv,boundary,wave,w*dz(eta),0,-1,0,1,0,0,0,0,12
3088,apv,boundary,wave,w*eta*dlogN2,0,-1,0,1,0,0,0,0,12
3088,boundary,apv,wave,u*dx(u),4.39342146160983e-15,1,0,5,0,1.48892388878271e-15,2.38979946942663e-11,12,0
3088,boundary,apv,wave,v*dy(u),4.53960923856088e-15,1,0,5,0,1.68565547097374e-15,2.38979946942663e-11,12,0
3088,boundary,apv,wave,w*dz(u),0,1,0,-1,0,0,0,0,12
3088,boundary,apv,wave,u*dx(v),2.79642367872148e-15,1,0,5,0,1.19317822673076e-15,2.38979946942663e-11,12,0
3088,boundary,apv,wave,v*dy(v),2.72767656134662e-15,1,0,5,0,9.82884073664094e-16,2.38977726496614e-11,12,0
3088,boundary,apv,wave,w*dz(v),0,1,0,-1,0,0,0,0,12
3088,boundary,apv,wave,u*dx(w),0,1,0,-1,0,0,0,0,12
3088,boundary,apv,wave,v*dy(w),0,1,0,-1,0,0,0,0,12
3088,boundary,apv,wave,w*dz(w),0,1,0,-1,0,0,0,0,12
3088,boundary,apv,wave,u*dx(eta),9.15492358342198e-16,2,0,2,0,8.92296780752027e-16,2.08990602601489e-11,12,0
3088,boundary,apv,wave,v*dy(eta),1.25667246600044e-15,2,0,4,0,9.10403166405373e-16,2.08989492378464e-11,12,0
3088,boundary,apv,wave,w*dz(eta),0,1,0,-1,0,0,0,0,12
3088,boundary,apv,wave,w*eta*dlogN2,0,1,0,-1,0,0,0,0,12
3088,boundary,boundary,wave,u*dx(u),4.10420602554135e-15,1,0,1,0,9.55249151087739e-16,7.11037716713499e-11,4,0
3088,boundary,boundary,wave,v*dy(u),3.94629399099776e-15,1,0,1,0,1.53462251669757e-15,7.11040815717e-11,4,0
3088,boundary,boundary,wave,w*dz(u),0,1,0,1,0,0,0,0,4
3088,boundary,boundary,wave,u*dx(v),2.60084617011803e-15,1,0,2,0,9.99195283038125e-16,2.39825936887428e-11,4,0
3088,boundary,boundary,wave,v*dy(v),2.54913326688503e-15,1,0,2,0,8.69666800289491e-16,2.39822606218354e-11,4,0
3088,boundary,boundary,wave,w*dz(v),0,1,0,1,0,0,0,0,4
3088,boundary,boundary,wave,u*dx(w),0,1,0,1,0,0,0,0,4
3088,boundary,boundary,wave,v*dy(w),0,1,0,1,0,0,0,0,4
3088,boundary,boundary,wave,w*dz(w),0,1,0,1,0,0,0,0,4
3088,boundary,boundary,wave,u*dx(eta),9.57409946064071e-16,1,0,2,0,7.00417559734936e-16,1.69555926774455e-10,4,0
3088,boundary,boundary,wave,v*dy(eta),1.56361637088452e-15,1,0,2,0,9.22375576899517e-16,1.6955624917431e-10,4,0
3088,boundary,boundary,wave,w*dz(eta),0,1,0,1,0,0,0,0,4
3088,boundary,boundary,wave,w*eta*dlogN2,0,1,0,1,0,0,0,0,4
2824,wave,wave,wave,u*dx(u),7.79190253158648e-07,23,-1,24,1,3.57462642322746e-15,2.27129426377815e-11,1056,0
2824,wave,wave,wave,v*dy(u),7.79190253164255e-07,23,-1,24,1,3.52021663949218e-15,2.27129426377815e-11,1056,0
2824,wave,wave,wave,w*dz(u),7.7945428190819e-07,23,1,24,1,2.03772960474001e-14,1.71290867991455e-06,1056,0
2824,wave,wave,wave,u*dx(v),7.80841762361086e-07,23,1,24,1,3.52533665383541e-15,2.27129426377815e-11,1056,0
2824,wave,wave,wave,v*dy(v),7.80841762373007e-07,23,1,24,1,3.53731601216167e-15,2.27129426377815e-11,1056,0
2824,wave,wave,wave,w*dz(v),7.81106618571648e-07,23,1,24,1,2.05745753989679e-14,1.73815240939302e-06,1056,0
2824,wave,wave,wave,u*dx(w),3.11798600299974e-09,24,1,24,1,9.99200722162641e-16,2.29780638960619e-11,1056,0
2824,wave,wave,wave,v*dy(w),3.11798600287443e-09,24,1,24,1,1.11022302462516e-15,2.29780638960619e-11,1056,0
2824,wave,wave,wave,w*dz(w),3.11798044775589e-09,24,1,24,1,9.99200722162641e-16,2.27986518552825e-11,1056,0
2824,wave,wave,wave,u*dx(eta),2.08159164440938e-07,24,1,24,1,2.02582554399606e-15,2.27775576178146e-11,1056,0
2824,wave,wave,wave,v*dy(eta),2.08159164436162e-07,24,1,24,1,1.7727433600263e-15,2.27773355732097e-11,1056,0
2824,wave,wave,wave,w*dz(eta),2.08158956372632e-07,24,1,24,1,1.8084348713286e-15,2.28124186207879e-11,1056,0
2824,wave,wave,wave,w*eta*dlogN2,1.25806871042038e-07,23,1,24,1,1.5362501354736e-15,2.27700081012472e-11,1056,0
2824,wave,apv,wave,u*dx(u),5.83273582001034e-11,24,1,5,0,2.17526551096612e-15,2.27311502953853e-11,288,0
2824,wave,apv,wave,v*dy(u),5.8327379505372e-11,24,1,5,0,2.21801873414903e-15,2.27309282507804e-11,288,0
2824,wave,apv,wave,w*dz(u),6.10134246703699e-11,24,1,5,0,2.182245943817e-15,2.27393659457675e-11,288,0
2824,wave,apv,wave,u*dx(v),5.84149207136476e-11,24,1,5,0,2.16554870285016e-15,2.27311502953853e-11,288,0
2824,wave,apv,wave,v*dy(v),5.84149289112231e-11,24,1,5,0,2.22090102778932e-15,2.27309282507804e-11,288,0
2824,wave,apv,wave,w*dz(v),6.11045081017156e-11,24,1,5,0,2.24564842360188e-15,2.27393659457675e-11,288,0
2824,wave,apv,wave,u*dx(w),0,1,1,-1,0,0,0,0,288
2824,wave,apv,wave,v*dy(w),0,1,1,-1,0,0,0,0,288
2824,wave,apv,wave,w*dz(w),0,1,1,-1,0,0,0,0,288
2824,wave,apv,wave,u*dx(eta),9.15637406935366e-12,24,1,5,0,1.77413161878294e-15,2.27724505919014e-11,288,0
2824,wave,apv,wave,v*dy(eta),9.15636988428299e-12,24,1,5,0,1.19938726724329e-15,2.27722285472964e-11,288,0
2824,wave,apv,wave,w*dz(eta),8.93011549275052e-12,24,1,5,0,1.45576587287783e-15,1.82522108538308e-10,288,0
2824,wave,apv,wave,w*eta*dlogN2,2.14165542251878e-11,24,1,5,0,1.35825048455095e-15,2.99650364689416e-11,288,0
2824,apv,wave,wave,u*dx(u),5.8321532530893e-11,5,0,24,1,2.12365186852078e-15,1.48493439766639e-11,288,0
2824,apv,wave,wave,v*dy(u),5.83215377351532e-11,5,0,24,1,2.22217204261575e-15,1.48493439766639e-11,288,0
2824,apv,wave,wave,w*dz(u),0,-1,0,1,1,0,0,0,288
2824,apv,wave,wave,u*dx(v),5.84091160709552e-11,5,0,24,1,2.25732172854601e-15,1.48493439766639e-11,288,0
2824,apv,wave,wave,v*dy(v),5.84090472316802e-11,5,0,24,1,2.25779726462541e-15,1.48493439766639e-11,288,0
2824,apv,wave,wave,w*dz(v),0,-1,0,1,1,0,0,0,288
2824,apv,wave,wave,u*dx(w),1.55963916782223e-13,5,0,24,1,6.66133814775094e-16,1.9374835069641e-11,288,0
2824,apv,wave,wave,v*dy(w),1.55963275202305e-13,5,0,24,1,6.66133814775094e-16,1.9374835069641e-11,288,0
2824,apv,wave,wave,w*dz(w),0,-1,0,1,1,0,0,0,288
2824,apv,wave,wave,u*dx(eta),8.92786801245523e-12,5,0,24,1,1.12352299174668e-15,1.27104993197236e-11,288,0
2824,apv,wave,wave,v*dy(eta),8.92787086776549e-12,5,0,24,1,2.57636465828796e-15,1.27103882974211e-11,288,0
2824,apv,wave,wave,w*dz(eta),0,-1,0,1,1,0,0,0,288
2824,apv,wave,wave,w*eta*dlogN2,0,-1,0,1,1,0,0,0,288
2824,wave,boundary,wave,u*dx(u),3.2809631377641e-13,24,1,2,0,2.14013660487579e-15,2.25284235710888e-11,96,0
2824,wave,boundary,wave,v*dy(u),3.29593720606361e-13,24,1,2,0,1.94535915707548e-15,2.25284235710888e-11,96,0
2824,wave,boundary,wave,w*dz(u),3.35516871222327e-13,24,1,1,0,1.88021835834711e-15,2.27253771356573e-11,96,0
2824,wave,boundary,wave,u*dx(v),3.29689506101141e-13,24,1,2,0,2.02170148882908e-15,2.25284235710888e-11,96,0
2824,wave,boundary,wave,v*dy(v),3.28570403580781e-13,24,1,2,0,2.17102285205687e-15,2.25284235710888e-11,96,0
2824,wave,boundary,wave,w*dz(v),3.36023079939014e-13,24,1,1,0,1.88020256316909e-15,2.27253771356573e-11,96,0
2824,wave,boundary,wave,u*dx(w),0,1,1,1,0,0,0,0,96
2824,wave,boundary,wave,v*dy(w),0,1,1,1,0,0,0,0,96
2824,wave,boundary,wave,w*dz(w),0,1,1,1,0,0,0,0,96
2824,wave,boundary,wave,u*dx(eta),4.88743344316905e-14,24,1,1,0,1.08455905157575e-15,2.27000640506958e-11,96,0
2824,wave,boundary,wave,v*dy(eta),4.88709323854578e-14,24,1,1,0,1.2287314410491e-15,2.26998420060909e-11,96,0
2824,wave,boundary,wave,w*dz(eta),4.85263101104647e-14,24,1,2,0,1.41164349782692e-15,2.2726043269472e-11,96,0
2824,wave,boundary,wave,w*eta*dlogN2,5.02412049443234e-14,24,1,1,0,1.54973681445883e-15,2.27242669126326e-11,96,0
2824,boundary,wave,wave,u*dx(u),1.51723432023568e-14,1,0,1,1,1.50241456477655e-15,1.61625157701906e-11,96,0
2824,boundary,wave,wave,v*dy(u),1.51632829401441e-14,1,0,1,1,1.59038415656796e-15,1.61630708817029e-11,96,0
2824,boundary,wave,wave,w*dz(u),0,1,0,1,1,0,0,0,96
2824,boundary,wave,wave,u*dx(v),1.55014408770837e-14,1,0,1,1,1.56799346697543e-15,1.61625157701906e-11,96,0
2824,boundary,wave,wave,v*dy(v),1.55576270857791e-14,1,0,1,1,1.64935545789639e-15,1.61630708817029e-11,96,0
2824,boundary,wave,wave,w*dz(v),0,1,0,1,1,0,0,0,96
2824,boundary,wave,wave,u*dx(w),7.11756580986819e-17,1,0,1,1,6.66133814775094e-16,2.03067562765114e-11,96,0
2824,boundary,wave,wave,v*dy(w),7.91880226077403e-17,1,0,1,1,4.44089209850063e-16,2.03066452542089e-11,96,0
2824,boundary,wave,wave,w*dz(w),0,1,0,1,1,0,0,0,96
2824,boundary,wave,wave,u*dx(eta),2.01429802179671e-15,2,0,22,1,1.28816420734345e-15,3.13227410644275e-11,96,0
2824,boundary,wave,wave,v*dy(eta),1.98577566380543e-15,2,0,22,1,8.49607638042175e-16,3.13226107721979e-11,96,0
2824,boundary,wave,wave,w*dz(eta),0,1,0,1,1,0,0,0,96
2824,boundary,wave,wave,w*eta*dlogN2,0,1,0,1,1,0,0,0,96
2824,apv,boundary,wave,u*dx(u),4.43957871558351e-15,4,0,1,0,1.65351062360057e-15,8.29484638031433e-12,12,0
2824,apv,boundary,wave,v*dy(u),4.4956556653724e-15,4,0,1,0,1.50233748916603e-15,8.29410686830641e-12,12,0
2824,apv,boundary,wave,w*dz(u),0,-1,0,1,0,0,0,0,12
2824,apv,boundary,wave,u*dx(v),4.59805323648744e-15,4,0,1,0,1.68092021055492e-15,9.28791309704362e-12,12,0
2824,apv,boundary,wave,v*dy(v),4.55818655789577e-15,4,0,1,0,1.63346750601002e-15,9.28837799683003e-12,12,0
2824,apv,boundary,wave,w*dz(v),0,-1,0,1,0,0,0,0,12
2824,apv,boundary,wave,u*dx(w),0,-1,0,1,0,0,0,0,12
2824,apv,boundary,wave,v*dy(w),0,-1,0,1,0,0,0,0,12
2824,apv,boundary,wave,w*dz(w),0,-1,0,1,0,0,0,0,12
2824,apv,boundary,wave,u*dx(eta),1.80045058870749e-15,-1,0,2,0,1.69087821370613e-15,1.08037084674091e-11,12,0
2824,apv,boundary,wave,v*dy(eta),2.08724378297148e-15,-1,0,2,0,1.47214738151768e-15,1.08028771969807e-11,12,0
2824,apv,boundary,wave,w*dz(eta),0,-1,0,1,0,0,0,0,12
2824,apv,boundary,wave,w*eta*dlogN2,0,-1,0,1,0,0,0,0,12
2824,boundary,apv,wave,u*dx(u),3.78601521789502e-15,1,0,5,0,1.20710695898486e-15,2.10367279152024e-11,12,0
2824,boundary,apv,wave,v*dy(u),3.80114739490037e-15,1,0,5,0,1.21007735065676e-15,2.10371720044122e-11,12,0
2824,boundary,apv,wave,w*dz(u),0,1,0,-1,0,0,0,0,12
2824,boundary,apv,wave,u*dx(v),4.04902931258318e-15,1,0,5,0,1.25116890793277e-15,2.10367279152024e-11,12,0
2824,boundary,apv,wave,v*dy(v),4.08916251666017e-15,1,0,5,0,1.34560183487449e-15,2.10371720044122e-11,12,0
2824,boundary,apv,wave,w*dz(v),0,1,0,-1,0,0,0,0,12
2824,boundary,apv,wave,u*dx(w),0,1,0,-1,0,0,0,0,12
2824,boundary,apv,wave,v*dy(w),0,1,0,-1,0,0,0,0,12
2824,boundary,apv,wave,w*dz(w),0,1,0,-1,0,0,0,0,12
2824,boundary,apv,wave,u*dx(eta),9.1365187884588e-16,2,0,5,0,7.99514817725627e-16,2.43918243370584e-11,12,0
2824,boundary,apv,wave,v*dy(eta),9.80787804307336e-16,2,0,5,0,8.59135884265105e-16,2.4391445101389e-11,12,0
2824,boundary,apv,wave,w*dz(eta),0,1,0,-1,0,0,0,0,12
2824,boundary,apv,wave,w*eta*dlogN2,0,1,0,-1,0,0,0,0,12
2824,boundary,boundary,wave,u*dx(u),3.4329555396983e-15,1,0,1,0,1.41411062118985e-15,4.26515311724323e-12,4,0
2824,boundary,boundary,wave,v*dy(u),3.35070720673398e-15,1,0,1,0,9.02882244957634e-16,4.26516803539259e-12,4,0
2824,boundary,boundary,wave,w*dz(u),0,1,0,1,0,0,0,0,4
2824,boundary,boundary,wave,u*dx(v),3.51628145548999e-15,1,0,1,0,9.82618442411003e-16,4.86773899283496e-12,4,0
2824,boundary,boundary,wave,v*dy(v),3.42120226495858e-15,1,0,1,0,9.98850489486344e-16,4.86781013970437e-12,4,0
2824,boundary,boundary,wave,w*dz(v),0,1,0,1,0,0,0,0,4
2824,boundary,boundary,wave,u*dx(w),0,1,0,1,0,0,0,0,4
2824,boundary,boundary,wave,v*dy(w),0,1,0,1,0,0,0,0,4
2824,boundary,boundary,wave,w*dz(w),0,1,0,1,0,0,0,0,4
2824,boundary,boundary,wave,u*dx(eta),1.16158237004648e-15,2,0,1,0,1.19455469990618e-15,3.37782757752414e-11,4,0
2824,boundary,boundary,wave,v*dy(eta),9.12607346854257e-16,2,0,1,0,9.08545785077654e-16,3.37783153288206e-11,4,0
2824,boundary,boundary,wave,w*dz(eta),0,1,0,1,0,0,0,0,4
2824,boundary,boundary,wave,w*eta*dlogN2,0,1,0,1,0,0,0,0,4
2920,wave,wave,inertial,u*dx(u),3.33533530563941e-10,24,-1,23,1,1.33226762955019e-15,4.54161153129462e-11,1056,0
2920,wave,wave,inertial,v*dy(u),3.33533558798338e-10,24,-1,23,1,1.33607602859597e-15,4.54156712237364e-11,1056,0
2920,wave,wave,inertial,w*dz(u),4.06666801957159e-10,1,1,1,1,3.27180525800018e-15,2.84714756421917e-07,1056,0
2920,wave,wave,inertial,u*dx(v),3.33533596379699e-10,24,1,23,1,1.33226762955019e-15,4.54158932683413e-11,1056,0
2920,wave,wave,inertial,v*dy(v),3.33533575012488e-10,23,1,24,1,1.40204913495795e-15,4.54158932683413e-11,1056,0
2920,wave,wave,inertial,w*dz(v),4.06667022383853e-10,1,1,1,1,3.29692051805883e-15,2.84714756567304e-07,1056,0
2920,wave,wave,mda,u*dx(eta),6.20516785739239e-12,24,1,24,1,3.8411558708657e-15,6.7578585702453e-10,1056,0
2920,wave,wave,mda,v*dy(eta),6.20516383221059e-12,24,1,24,1,3.06364036303598e-15,6.757864014087e-10,1056,0
2920,wave,wave,mda,w*dz(eta),6.20517740397473e-12,24,1,24,1,3.5303699936897e-15,6.75785881573705e-10,1056,0
2920,wave,wave,mda,w*eta*dlogN2,1.06648767554508e-12,23,1,24,1,3.38286002473752e-15,6.14455107872184e-11,1056,0
2920,wave,apv,inertial,u*dx(u),4.24300340094602e-15,23,1,3,0,1.03186777142536e-15,2.27311502953853e-11,288,0
2920,wave,apv,inertial,v*dy(u),4.26446736343204e-15,23,1,3,0,1.16212377604543e-15,2.27311502953853e-11,288,0
2920,wave,apv,inertial,w*dz(u),3.15505803560091e-15,22,1,5,0,1.19555117574965e-15,2.27391439011626e-11,288,0
2920,wave,apv,inertial,u*dx(v),4.23551263091248e-15,23,1,3,0,1.1755118565009e-15,2.27311502953853e-11,288,0
2920,wave,apv,inertial,v*dy(v),4.25258984846998e-15,23,1,3,0,1.04967771036806e-15,2.27311502953853e-11,288,0
2920,wave,apv,inertial,w*dz(v),3.15354859964887e-15,22,1,5,0,1.25614988375349e-15,2.27393659457675e-11,288,0
2920,wave,apv,mda,u*dx(eta),3.7892576537331e-15,16,1,-1,0,1.67780793976762e-15,7.10832044249038e-10,288,0
2920,wave,apv,mda,v*dy(eta),3.39353927110595e-15,20,1,-1,0,2.24439698348267e-15,7.10833025979092e-10,288,0
2920,wave,apv,mda,w*dz(eta),1.29084057684628e-13,1,1,-1,0,2.29786177319856e-15,3.37178247318694e-07,288,0
2920,wave,apv,mda,w*eta*dlogN2,3.5902855712136e-15,2,1,-1,0,2.40418432117266e-15,6.66591646705237e-11,288,0
2920,apv,wave,inertial,u*dx(u),4.23925451768343e-15,3,0,23,1,1.06211757739716e-15,2.27311502953853e-11,288,0
2920,apv,wave,inertial,v*dy(u),4.22458741179124e-15,3,0,23,1,1.03815386357194e-15,2.27311502953853e-11,288,0
2920,apv,wave,inertial,w*dz(u),0,-1,0,1,1,0,0,0,288
2920,apv,wave,inertial,u*dx(v),4.26682065344386e-15,3,0,23,1,1.04601612580984e-15,2.27311502953853e-11,288,0
2920,apv,wave,inertial,v*dy(v),4.25783209785777e-15,3,0,23,1,1.05982888999726e-15,2.27311502953853e-11,288,0
2920,apv,wave,inertial,w*dz(v),0,-1,0,1,1,0,0,0,288
2920,apv,wave,mda,u*dx(eta),3.28904386483207e-15,4,0,1,1,3.80899337703398e-15,5.35702142108797e-11,288,0
2920,apv,wave,mda,v*dy(eta),3.28904386483207e-15,4,0,1,1,3.73566234976973e-15,5.35705321510645e-11,288,0
2920,apv,wave,mda,w*dz(eta),0,-1,0,1,1,0,0,0,288
2920,apv,wave,mda,w*eta*dlogN2,0,-1,0,1,1,0,0,0,288
2920,wave,boundary,inertial,u*dx(u),9.7121055576542e-15,1,1,1,0,1.40676092706332e-15,2.40543140961336e-11,96,0
2920,wave,boundary,inertial,v*dy(u),9.45445581822357e-15,1,1,1,0,1.34890202243223e-15,2.40540920515286e-11,96,0
2920,wave,boundary,inertial,w*dz(u),2.73593158046754e-15,1,1,1,0,1.29309303041576e-15,2.27031726751648e-11,96,0
2920,wave,boundary,inertial,u*dx(v),9.6988798184805e-15,1,1,1,0,1.13404618325754e-15,2.40543140961336e-11,96,0
2920,wave,boundary,inertial,v*dy(v),9.92827743063281e-15,1,1,1,0,1.28721834602437e-15,2.40543140961336e-11,96,0
2920,wave,boundary,inertial,w*dz(v),2.77135319864817e-15,1,1,1,0,9.6069426813943e-16,2.27033947197697e-11,96,0
2920,wave,boundary,mda,u*dx(eta),4.52165942242315e-15,1,1,1,0,5.3527629847316e-16,8.1949284157829e-10,96,0
2920,wave,boundary,mda,v*dy(eta),3.79071850870429e-15,7,1,2,0,5.24441740502125e-16,8.19493663728759e-10,96,0
2920,wave,boundary,mda,w*dz(eta),2.81815321922793e-15,1,1,1,0,2.28448863090913e-15,6.68886684052502e-11,96,0
2920,wave,boundary,mda,w*eta*dlogN2,1.94025045544286e-15,1,1,1,0,2.3464852535716e-15,5.94976070552347e-11,96,0
2920,boundary,wave,inertial,u*dx(u),9.71043637509659e-15,1,0,1,1,1.2781891949977e-15,2.40543140961336e-11,96,0
2920,boundary,wave,inertial,v*dy(u),9.68761693352897e-15,1,0,1,1,1.23802596782953e-15,2.40543140961336e-11,96,0
2920,boundary,wave,inertial,w*dz(u),0,1,0,1,1,0,0,0,96
2920,boundary,wave,inertial,u*dx(v),9.82255833101717e-15,1,0,1,1,1.3020771502157e-15,2.40540920515286e-11,96,0
2920,boundary,wave,inertial,v*dy(v),9.86937403884162e-15,1,0,1,1,1.25707457562959e-15,2.40543140961336e-11,96,0
2920,boundary,wave,inertial,w*dz(v),0,1,0,1,1,0,0,0,96
2920,boundary,wave,mda,u*dx(eta),2.83441514900917e-15,2,0,1,1,1.45756288431616e-15,5.39483374214331e-11,96,0
2920,boundary,wave,mda,v*dy(eta),2.7840581930931e-15,2,0,1,1,1.54049965749528e-15,5.3948478471017e-11,96,0
2920,boundary,wave,mda,w*dz(eta),0,1,0,1,1,0,0,0,96
2920,boundary,wave,mda,w*eta*dlogN2,0,1,0,1,1,0,0,0,96
2920,apv,boundary,inertial,u*dx(u),3.0542000614701e-15,5,0,1,0,8.8073497294416e-16,2.10367279152024e-11,12,0
2920,apv,boundary,inertial,v*dy(u),3.03071398536527e-15,5,0,1,0,8.40553267294032e-16,2.10367279152024e-11,12,0
2920,apv,boundary,inertial,w*dz(u),0,-1,0,1,0,0,0,0,12
2920,apv,boundary,inertial,u*dx(v),3.15588880252864e-15,5,0,1,0,1.03470111161511e-15,2.10367279152024e-11,12,0
2920,apv,boundary,inertial,v*dy(v),3.12595625119519e-15,5,0,1,0,1.05201573208391e-15,2.10369499598073e-11,12,0
2920,apv,boundary,inertial,w*dz(v),0,-1,0,1,0,0,0,0,12
2920,apv,boundary,mda,u*dx(eta),3.63786851368087e-15,3,0,1,0,3.75918113639141e-16,5.14607684138201e-11,12,0
2920,apv,boundary,mda,v*dy(eta),3.63786851368087e-15,3,0,1,0,3.75918113639141e-16,5.1460612848737e-11,12,0
2920,apv,boundary,mda,w*dz(eta),0,-1,0,1,0,0,0,0,12
2920,apv,boundary,mda,w*eta*dlogN2,0,-1,0,1,0,0,0,0,12
2920,boundary,apv,inertial,u*dx(u),3.02978835935844e-15,1,0,5,0,8.57009874873075e-16,2.10365058705975e-11,12,0
2920,boundary,apv,inertial,v*dy(u),3.0722827873817e-15,1,0,5,0,8.40307040002256e-16,2.10367279152024e-11,12,0
2920,boundary,apv,inertial,w*dz(u),0,1,0,-1,0,0,0,0,12
2920,boundary,apv,inertial,u*dx(v),3.09282228879364e-15,1,0,5,0,1.07395057960161e-15,2.10367279152024e-11,12,0
2920,boundary,apv,inertial,v*dy(v),3.13640726944542e-15,1,0,5,0,1.01785151344965e-15,2.10369499598073e-11,12,0
2920,boundary,apv,inertial,w*dz(v),0,1,0,-1,0,0,0,0,12
2920,boundary,apv,mda,u*dx(eta),3.29369010015303e-15,1,0,-1,0,1.78100621389105e-15,2.00728766941438e-10,12,0
2920,boundary,apv,mda,v*dy(eta),3.29369010015303e-15,1,0,-1,0,1.79026911426392e-15,2.00728322852228e-10,12,0
2920,boundary,apv,mda,w*dz(eta),0,1,0,-1,0,0,0,0,12
2920,boundary,apv,mda,w*eta*dlogN2,0,1,0,-1,0,0,0,0,12
2920,boundary,boundary,inertial,u*dx(u),1.74202967898038e-14,2,0,1,0,2.40021726610828e-14,6.51966076753349e-09,4,0
2920,boundary,boundary,inertial,v*dy(u),1.74366456523374e-14,1,0,2,0,2.403549497118e-14,6.51966085997382e-09,4,0
2920,boundary,boundary,inertial,w*dz(u),0,1,0,1,0,0,0,0,4
2920,boundary,boundary,inertial,u*dx(v),1.72681029827452e-14,2,0,1,0,2.41044483903423e-14,6.51966058140411e-09,4,0
2920,boundary,boundary,inertial,v*dy(v),1.73084452230902e-14,2,0,1,0,2.41058345599578e-14,6.51966059045952e-09,4,0
2920,boundary,boundary,inertial,w*dz(v),0,1,0,1,0,0,0,0,4
2920,boundary,boundary,mda,u*dx(eta),7.05794555748761e-15,2,0,1,0,4.90411216429848e-15,2.26341657808832e-08,4,0
2920,boundary,boundary,mda,v*dy(eta),7.07492733671446e-15,2,0,1,0,4.82462938853586e-15,2.26341658174197e-08,4,0
2920,boundary,boundary,mda,w*dz(eta),0,1,0,1,0,0,0,0,4
2920,boundary,boundary,mda,w*eta*dlogN2,0,1,0,1,0,0,0,0,4
2814,wave,wave,wave,u*dx(u),0,1,1,1,1,0,0,0,1056
2814,wave,wave,wave,v*dy(u),7.82255247778246e-07,23,1,24,1,3.50905086601817e-15,5.04711827886695e-11,1056,0
2814,wave,wave,wave,w*dz(u),7.82520815152027e-07,23,1,24,1,2.01263447393782e-14,2.00418687990422e-06,1056,0
2814,wave,wave,wave,u*dx(v),0,1,1,1,1,0,0,0,1056
2814,wave,wave,wave,v*dy(v),7.79163300868961e-07,23,1,24,1,3.47112379811211e-15,7.80100428698915e-11,1056,0
2814,wave,wave,wave,w*dz(v),7.79427316338178e-07,23,1,24,1,1.99040449794044e-14,1.94681450367875e-06,1056,0
2814,wave,wave,wave,u*dx(w),0,1,1,1,1,0,0,0,1056
2814,wave,wave,wave,v*dy(w),2.93315575652852e-09,24,1,24,1,9.99200722162641e-16,7.81690268070179e-11,1056,0
2814,wave,wave,wave,w*dz(w),2.9331504832798e-09,24,1,24,1,1.11022302462516e-15,7.76823050330222e-11,1056,0
2814,wave,wave,wave,u*dx(eta),0,1,1,1,1,0,0,0,1056
2814,wave,wave,wave,v*dy(eta),1.96243053217082e-07,24,1,24,1,1.66232167026442e-15,5.05691044594414e-11,1056,0
2814,wave,wave,wave,w*dz(eta),1.96242855270971e-07,24,1,24,1,1.7240788620242e-15,5.0013548857919e-11,1056,0
2814,wave,wave,wave,w*eta*dlogN2,1.18587226545185e-07,23,1,24,1,1.83387309033312e-15,5.0596860035057e-11,1056,0
2814,wave,apv,wave,u*dx(u),0,1,1,-1,0,0,0,0,288
2814,wave,apv,wave,v*dy(u),5.84894135464105e-11,24,1,5,0,2.15532315746699e-15,2.27309282507804e-11,288,0
2814,wave,apv,wave,w*dz(u),6.11819502963436e-11,24,1,5,0,2.25583370017439e-15,2.27393659457675e-11,288,0
2814,wave,apv,wave,u*dx(v),0,1,1,-1,0,0,0,0,288
2814,wave,apv,wave,v*dy(v),0,1,1,-1,0,0,0,0,288
2814,wave,apv,wave,w*dz(v),0,1,1,-1,0,0,0,0,288
2814,wave,apv,wave,u*dx(w),0,1,1,-1,0,0,0,0,288
2814,wave,apv,wave,v*dy(w),0,1,1,-1,0,0,0,0,288
2814,wave,apv,wave,w*dz(w),0,1,1,-1,0,0,0,0,288
2814,wave,apv,wave,u*dx(eta),0,1,1,-1,0,0,0,0,288
2814,wave,apv,wave,v*dy(eta),8.62452964956698e-12,24,1,5,0,2.09634458053777e-15,2.27722285472964e-11,288,0
2814,wave,apv,wave,w*dz(eta),8.41147764586315e-12,24,1,5,0,1.01213399618599e-15,1.82522108538308e-10,288,0
2814,wave,apv,wave,w*eta*dlogN2,2.01713001365466e-11,24,1,5,0,1.66421974729376e-15,2.97571166949158e-11,288,0
2814,apv,wave,wave,u*dx(u),0,-1,0,1,1,0,0,0,288
2814,apv,wave,wave,v*dy(u),5.8483526615454e-11,5,0,24,1,2.32201917073856e-15,2.77042833118912e-11,288,0
2814,apv,wave,wave,w*dz(u),0,-1,0,1,1,0,0,0,288
2814,apv,wave,wave,u*dx(v),0,-1,0,1,1,0,0,0,288
2814,apv,wave,wave,v*dy(v),5.83197962402086e-11,5,0,24,1,2.43700049129811e-15,5.52433654377182e-11,288,0
2814,apv,wave,wave,w*dz(v),0,-1,0,1,1,0,0,0,288
2814,apv,wave,wave,u*dx(w),0,-1,0,1,1,0,0,0,288
2814,apv,wave,wave,v*dy(w),1.46719981452141e-13,5,0,24,1,6.66133814775094e-16,5.62074831123027e-11,288,0
2814,apv,wave,wave,w*dz(w),0,-1,0,1,1,0,0,0,288
2814,apv,wave,wave,u*dx(eta),0,-1,0,1,1,0,0,0,288
2814,apv,wave,wave,v*dy(eta),8.40933092250769e-12,5,0,24,1,1.06608152315416e-15,2.86790591275121e-11,288,0
2814,apv,wave,wave,w*dz(eta),0,-1,0,1,1,0,0,0,288
2814,apv,wave,wave,w*eta*dlogN2,0,-1,0,1,1,0,0,0,288
2814,wave,boundary,wave,u*dx(u),0,1,1,1,0,0,0,0,96
2814,wave,boundary,wave,v*dy(u),3.69224781269641e-13,24,1,2,0,2.00441710493693e-15,2.27475815961498e-11,96,0
2814,wave,boundary,wave,w*dz(u),3.5261768995567e-13,24,1,1,0,1.99087980048767e-15,2.27247110018425e-11,96,0
2814,wave,boundary,wave,u*dx(v),0,1,1,1,0,0,0,0,96
2814,wave,boundary,wave,v*dy(v),0,1,1,1,0,0,0,0,96
2814,wave,boundary,wave,w*dz(v),0,1,1,1,0,0,0,0,96
2814,wave,boundary,wave,u*dx(w),0,1,1,1,0,0,0,0,96
2814,wave,boundary,wave,v*dy(w),0,1,1,1,0,0,0,0,96
2814,wave,boundary,wave,w*dz(w),0,1,1,1,0,0,0,0,96
2814,wave,boundary,wave,u*dx(eta),0,1,1,1,0,0,0,0,96
2814,wave,boundary,wave,v*dy(eta),4.82622769625954e-14,24,1,1,0,1.09691680621008e-15,2.27040608535845e-11,96,0
2814,wave,boundary,wave,w*dz(eta),5.0842306799367e-14,24,1,2,0,1.73196640921556e-15,2.27207141989538e-11,96,0
2814,wave,boundary,wave,w*eta*dlogN2,5.38866965937841e-14,24,1,1,0,1.24734549512747e-15,2.27240448680277e-11,96,0
2814,boundary,wave,wave,u*dx(u),0,1,0,1,1,0,0,0,96
2814,boundary,wave,wave,v*dy(u),2.12058263055385e-14,1,0,1,1,1.67578408997588e-15,2.78606027137585e-11,96,0
2814,boundary,wave,wave,w*dz(u),0,1,0,1,1,0,0,0,96
2814,boundary,wave,wave,u*dx(v),0,1,0,1,1,0,0,0,96
2814,boundary,wave,wave,v*dy(v),2.03595050007317e-14,1,0,1,1,1.76199104870253e-15,5.53996848395855e-11,96,0
2814,boundary,wave,wave,w*dz(v),0,1,0,1,1,0,0,0,96
2814,boundary,wave,wave,u*dx(w),0,1,0,1,1,0,0,0,96
2814,boundary,wave,wave,v*dy(w),7.56978122085967e-17,1,0,18,1,6.66133814775094e-16,5.69080338408412e-11,96,0
2814,boundary,wave,wave,w*dz(w),0,1,0,1,1,0,0,0,96
2814,boundary,wave,wave,u*dx(eta),0,1,0,1,1,0,0,0,96
2814,boundary,wave,wave,v*dy(eta),1.87485017014358e-15,2,0,22,1,9.78288279275781e-16,2.96816695541581e-11,96,0
2814,boundary,wave,wave,w*dz(eta),0,1,0,1,1,0,0,0,96
2814,boundary,wave,wave,w*eta*dlogN2,0,1,0,1,1,0,0,0,96
2814,apv,boundary,wave,u*dx(u),0,-1,0,1,0,0,0,0,12
2814,apv,boundary,wave,v*dy(u),4.31777561716383e-15,4,0,1,0,1.66370407595773e-15,8.84570109114753e-12,12,0
2814,apv,boundary,wave,w*dz(u),0,-1,0,1,0,0,0,0,12
2814,apv,boundary,wave,u*dx(v),0,-1,0,1,0,0,0,0,12
2814,apv,boundary,wave,v*dy(v),0,-1,0,1,0,0,0,0,12
2814,apv,boundary,wave,w*dz(v),0,-1,0,1,0,0,0,0,12
2814,apv,boundary,wave,u*dx(w),0,-1,0,1,0,0,0,0,12
2814,apv,boundary,wave,v*dy(w),0,-1,0,1,0,0,0,0,12
2814,apv,boundary,wave,w*dz(w),0,-1,0,1,0,0,0,0,12
2814,apv,boundary,wave,u*dx(eta),0,-1,0,1,0,0,0,0,12
2814,apv,boundary,wave,v*dy(eta),9.52619363962933e-16,4,0,2,0,7.50313061015634e-16,1.02123640134371e-11,12,0
2814,apv,boundary,wave,w*dz(eta),0,-1,0,1,0,0,0,0,12
2814,apv,boundary,wave,w*eta*dlogN2,0,-1,0,1,0,0,0,0,12
2814,boundary,apv,wave,u*dx(u),0,1,0,-1,0,0,0,0,12
2814,boundary,apv,wave,v*dy(u),4.19223267391041e-15,1,0,5,0,1.12222534397663e-15,2.10371720044122e-11,12,0
2814,boundary,apv,wave,w*dz(u),0,1,0,-1,0,0,0,0,12
2814,boundary,apv,wave,u*dx(v),0,1,0,-1,0,0,0,0,12
2814,boundary,apv,wave,v*dy(v),0,1,0,-1,0,0,0,0,12
2814,boundary,apv,wave,w*dz(v),0,1,0,-1,0,0,0,0,12
2814,boundary,apv,wave,u*dx(w),0,1,0,-1,0,0,0,0,12
2814,boundary,apv,wave,v*dy(w),0,1,0,-1,0,0,0,0,12
2814,boundary,apv,wave,w*dz(w),0,1,0,-1,0,0,0,0,12
2814,boundary,apv,wave,u*dx(eta),0,1,0,-1,0,0,0,0,12
2814,boundary,apv,wave,v*dy(eta),1.04024400002054e-15,2,0,5,0,8.02648927183883e-16,2.40693487948425e-11,12,0
2814,boundary,apv,wave,w*dz(eta),0,1,0,-1,0,0,0,0,12
2814,boundary,apv,wave,w*eta*dlogN2,0,1,0,-1,0,0,0,0,12
2814,boundary,boundary,wave,u*dx(u),0,1,0,1,0,0,0,0,4
2814,boundary,boundary,wave,v*dy(u),3.75323104340203e-15,1,0,1,0,1.03128787707455e-15,4.44389488371357e-12,4,0
2814,boundary,boundary,wave,w*dz(u),0,1,0,1,0,0,0,0,4
2814,boundary,boundary,wave,u*dx(v),0,1,0,1,0,0,0,0,4
2814,boundary,boundary,wave,v*dy(v),0,1,0,1,0,0,0,0,4
2814,boundary,boundary,wave,w*dz(v),0,1,0,1,0,0,0,0,4
2814,boundary,boundary,wave,u*dx(w),0,1,0,1,0,0,0,0,4
2814,boundary,boundary,wave,v*dy(w),0,1,0,1,0,0,0,0,4
2814,boundary,boundary,wave,w*dz(w),0,1,0,1,0,0,0,0,4
2814,boundary,boundary,wave,u*dx(eta),0,1,0,1,0,0,0,0,4
2814,boundary,boundary,wave,v*dy(eta),9.47183442403751e-16,1,0,2,0,4.66275529022439e-16,3.09773249365048e-11,4,0
2814,boundary,boundary,wave,w*dz(eta),0,1,0,1,0,0,0,0,4
2814,boundary,boundary,wave,w*eta*dlogN2,0,1,0,1,0,0,0,0,4
5234,wave,wave,wave,u*dx(u),7.79190253158648e-07,23,-1,24,1,3.57462642322746e-15,2.27129426377815e-11,1056,0
5234,wave,wave,wave,v*dy(u),7.79190253164255e-07,23,-1,24,1,3.52021663949218e-15,2.27129426377815e-11,1056,0
5234,wave,wave,wave,w*dz(u),7.7945428190819e-07,23,1,24,1,2.03772960474001e-14,1.71290867991455e-06,1056,0
5234,wave,wave,wave,u*dx(v),7.80841762361086e-07,23,1,24,1,3.52533665383541e-15,2.27129426377815e-11,1056,0
5234,wave,wave,wave,v*dy(v),7.80841762373007e-07,23,1,24,1,3.53731601216167e-15,2.27129426377815e-11,1056,0
5234,wave,wave,wave,w*dz(v),7.81106618571648e-07,23,1,24,1,2.05745753989679e-14,1.73815240939302e-06,1056,0
5234,wave,wave,wave,u*dx(w),3.11798600299974e-09,24,1,24,1,9.99200722162641e-16,2.29780638960619e-11,1056,0
5234,wave,wave,wave,v*dy(w),3.11798600287443e-09,24,1,24,1,1.11022302462516e-15,2.29780638960619e-11,1056,0
5234,wave,wave,wave,w*dz(w),3.11798044775589e-09,24,1,24,1,9.99200722162641e-16,2.27986518552825e-11,1056,0
5234,wave,wave,wave,u*dx(eta),2.08159164440938e-07,24,1,24,1,2.02582554399606e-15,2.27775576178146e-11,1056,0
5234,wave,wave,wave,v*dy(eta),2.08159164436162e-07,24,1,24,1,1.7727433600263e-15,2.27773355732097e-11,1056,0
5234,wave,wave,wave,w*dz(eta),2.08158956372632e-07,24,1,24,1,1.8084348713286e-15,2.28124186207879e-11,1056,0
5234,wave,wave,wave,w*eta*dlogN2,1.25806871042038e-07,23,1,24,1,1.5362501354736e-15,2.27700081012472e-11,1056,0
5234,wave,apv,wave,u*dx(u),5.83273582001034e-11,24,1,5,0,2.17526551096612e-15,2.27311502953853e-11,288,0
5234,wave,apv,wave,v*dy(u),5.8327379505372e-11,24,1,5,0,2.21801873414903e-15,2.27309282507804e-11,288,0
5234,wave,apv,wave,w*dz(u),6.10134246703699e-11,24,1,5,0,2.182245943817e-15,2.27393659457675e-11,288,0
5234,wave,apv,wave,u*dx(v),5.84149207136476e-11,24,1,5,0,2.16554870285016e-15,2.27311502953853e-11,288,0
5234,wave,apv,wave,v*dy(v),5.84149289112231e-11,24,1,5,0,2.22090102778932e-15,2.27309282507804e-11,288,0
5234,wave,apv,wave,w*dz(v),6.11045081017156e-11,24,1,5,0,2.24564842360188e-15,2.27393659457675e-11,288,0
5234,wave,apv,wave,u*dx(w),0,1,1,-1,0,0,0,0,288
5234,wave,apv,wave,v*dy(w),0,1,1,-1,0,0,0,0,288
5234,wave,apv,wave,w*dz(w),0,1,1,-1,0,0,0,0,288
5234,wave,apv,wave,u*dx(eta),9.15637406935366e-12,24,1,5,0,1.77413161878294e-15,2.27724505919014e-11,288,0
5234,wave,apv,wave,v*dy(eta),9.15636988428299e-12,24,1,5,0,1.19938726724329e-15,2.27722285472964e-11,288,0
5234,wave,apv,wave,w*dz(eta),8.93011549275052e-12,24,1,5,0,1.45576587287783e-15,1.82522108538308e-10,288,0
5234,wave,apv,wave,w*eta*dlogN2,2.14165542251878e-11,24,1,5,0,1.35825048455095e-15,2.99650364689416e-11,288,0
5234,apv,wave,wave,u*dx(u),5.8321532530893e-11,5,0,24,1,2.12365186852078e-15,1.48493439766639e-11,288,0
5234,apv,wave,wave,v*dy(u),5.83215377351532e-11,5,0,24,1,2.22217204261575e-15,1.48493439766639e-11,288,0
5234,apv,wave,wave,w*dz(u),0,-1,0,1,1,0,0,0,288
5234,apv,wave,wave,u*dx(v),5.84091160709552e-11,5,0,24,1,2.25732172854601e-15,1.48493439766639e-11,288,0
5234,apv,wave,wave,v*dy(v),5.84090472316802e-11,5,0,24,1,2.25779726462541e-15,1.48493439766639e-11,288,0
5234,apv,wave,wave,w*dz(v),0,-1,0,1,1,0,0,0,288
5234,apv,wave,wave,u*dx(w),1.55963916782223e-13,5,0,24,1,6.66133814775094e-16,1.9374835069641e-11,288,0
5234,apv,wave,wave,v*dy(w),1.55963275202305e-13,5,0,24,1,6.66133814775094e-16,1.9374835069641e-11,288,0
5234,apv,wave,wave,w*dz(w),0,-1,0,1,1,0,0,0,288
5234,apv,wave,wave,u*dx(eta),8.92786801245523e-12,5,0,24,1,1.12352299174668e-15,1.27104993197236e-11,288,0
5234,apv,wave,wave,v*dy(eta),8.92787086776549e-12,5,0,24,1,2.57636465828796e-15,1.27103882974211e-11,288,0
5234,apv,wave,wave,w*dz(eta),0,-1,0,1,1,0,0,0,288
5234,apv,wave,wave,w*eta*dlogN2,0,-1,0,1,1,0,0,0,288
5234,wave,boundary,wave,u*dx(u),3.2809631377641e-13,24,1,2,0,2.14013660487579e-15,2.25284235710888e-11,96,0
5234,wave,boundary,wave,v*dy(u),3.29593720606361e-13,24,1,2,0,1.94535915707548e-15,2.25284235710888e-11,96,0
5234,wave,boundary,wave,w*dz(u),3.35516871222327e-13,24,1,1,0,1.88021835834711e-15,2.27253771356573e-11,96,0
5234,wave,boundary,wave,u*dx(v),3.29689506101141e-13,24,1,2,0,2.02170148882908e-15,2.25284235710888e-11,96,0
5234,wave,boundary,wave,v*dy(v),3.28570403580781e-13,24,1,2,0,2.17102285205687e-15,2.25284235710888e-11,96,0
5234,wave,boundary,wave,w*dz(v),3.36023079939014e-13,24,1,1,0,1.88020256316909e-15,2.27253771356573e-11,96,0
5234,wave,boundary,wave,u*dx(w),0,1,1,1,0,0,0,0,96
5234,wave,boundary,wave,v*dy(w),0,1,1,1,0,0,0,0,96
5234,wave,boundary,wave,w*dz(w),0,1,1,1,0,0,0,0,96
5234,wave,boundary,wave,u*dx(eta),4.88743344316905e-14,24,1,1,0,1.08455905157575e-15,2.27000640506958e-11,96,0
5234,wave,boundary,wave,v*dy(eta),4.88709323854578e-14,24,1,1,0,1.2287314410491e-15,2.26998420060909e-11,96,0
5234,wave,boundary,wave,w*dz(eta),4.85263101104647e-14,24,1,2,0,1.41164349782692e-15,2.2726043269472e-11,96,0
5234,wave,boundary,wave,w*eta*dlogN2,5.02412049443234e-14,24,1,1,0,1.54973681445883e-15,2.27242669126326e-11,96,0
5234,boundary,wave,wave,u*dx(u),1.51723432023568e-14,1,0,1,1,1.50241456477655e-15,1.61625157701906e-11,96,0
5234,boundary,wave,wave,v*dy(u),1.51632829401441e-14,1,0,1,1,1.59038415656796e-15,1.61630708817029e-11,96,0
5234,boundary,wave,wave,w*dz(u),0,1,0,1,1,0,0,0,96
5234,boundary,wave,wave,u*dx(v),1.55014408770837e-14,1,0,1,1,1.56799346697543e-15,1.61625157701906e-11,96,0
5234,boundary,wave,wave,v*dy(v),1.55576270857791e-14,1,0,1,1,1.64935545789639e-15,1.61630708817029e-11,96,0
5234,boundary,wave,wave,w*dz(v),0,1,0,1,1,0,0,0,96
5234,boundary,wave,wave,u*dx(w),7.11756580986819e-17,1,0,1,1,6.66133814775094e-16,2.03067562765114e-11,96,0
5234,boundary,wave,wave,v*dy(w),7.91880226077403e-17,1,0,1,1,4.44089209850063e-16,2.03066452542089e-11,96,0
5234,boundary,wave,wave,w*dz(w),0,1,0,1,1,0,0,0,96
5234,boundary,wave,wave,u*dx(eta),2.01429802179671e-15,2,0,22,1,1.28816420734345e-15,3.13227410644275e-11,96,0
5234,boundary,wave,wave,v*dy(eta),1.98577566380543e-15,2,0,22,1,8.49607638042175e-16,3.13226107721979e-11,96,0
5234,boundary,wave,wave,w*dz(eta),0,1,0,1,1,0,0,0,96
5234,boundary,wave,wave,w*eta*dlogN2,0,1,0,1,1,0,0,0,96
5234,apv,boundary,wave,u*dx(u),4.43957871558351e-15,4,0,1,0,1.65351062360057e-15,8.29484638031433e-12,12,0
5234,apv,boundary,wave,v*dy(u),4.4956556653724e-15,4,0,1,0,1.50233748916603e-15,8.29410686830641e-12,12,0
5234,apv,boundary,wave,w*dz(u),0,-1,0,1,0,0,0,0,12
5234,apv,boundary,wave,u*dx(v),4.59805323648744e-15,4,0,1,0,1.68092021055492e-15,9.28791309704362e-12,12,0
5234,apv,boundary,wave,v*dy(v),4.55818655789577e-15,4,0,1,0,1.63346750601002e-15,9.28837799683003e-12,12,0
5234,apv,boundary,wave,w*dz(v),0,-1,0,1,0,0,0,0,12
5234,apv,boundary,wave,u*dx(w),0,-1,0,1,0,0,0,0,12
5234,apv,boundary,wave,v*dy(w),0,-1,0,1,0,0,0,0,12
5234,apv,boundary,wave,w*dz(w),0,-1,0,1,0,0,0,0,12
5234,apv,boundary,wave,u*dx(eta),1.80045058870749e-15,-1,0,2,0,1.69087821370613e-15,1.08037084674091e-11,12,0
5234,apv,boundary,wave,v*dy(eta),2.08724378297148e-15,-1,0,2,0,1.47214738151768e-15,1.08028771969807e-11,12,0
5234,apv,boundary,wave,w*dz(eta),0,-1,0,1,0,0,0,0,12
5234,apv,boundary,wave,w*eta*dlogN2,0,-1,0,1,0,0,0,0,12
5234,boundary,apv,wave,u*dx(u),3.78601521789502e-15,1,0,5,0,1.20710695898486e-15,2.10367279152024e-11,12,0
5234,boundary,apv,wave,v*dy(u),3.80114739490037e-15,1,0,5,0,1.21007735065676e-15,2.10371720044122e-11,12,0
5234,boundary,apv,wave,w*dz(u),0,1,0,-1,0,0,0,0,12
5234,boundary,apv,wave,u*dx(v),4.04902931258318e-15,1,0,5,0,1.25116890793277e-15,2.10367279152024e-11,12,0
5234,boundary,apv,wave,v*dy(v),4.08916251666017e-15,1,0,5,0,1.34560183487449e-15,2.10371720044122e-11,12,0
5234,boundary,apv,wave,w*dz(v),0,1,0,-1,0,0,0,0,12
5234,boundary,apv,wave,u*dx(w),0,1,0,-1,0,0,0,0,12
5234,boundary,apv,wave,v*dy(w),0,1,0,-1,0,0,0,0,12
5234,boundary,apv,wave,w*dz(w),0,1,0,-1,0,0,0,0,12
5234,boundary,apv,wave,u*dx(eta),9.1365187884588e-16,2,0,5,0,7.99514817725627e-16,2.43918243370584e-11,12,0
5234,boundary,apv,wave,v*dy(eta),9.80787804307336e-16,2,0,5,0,8.59135884265105e-16,2.4391445101389e-11,12,0
5234,boundary,apv,wave,w*dz(eta),0,1,0,-1,0,0,0,0,12
5234,boundary,apv,wave,w*eta*dlogN2,0,1,0,-1,0,0,0,0,12
5234,boundary,boundary,wave,u*dx(u),3.4329555396983e-15,1,0,1,0,1.41411062118985e-15,4.26515311724323e-12,4,0
5234,boundary,boundary,wave,v*dy(u),3.35070720673398e-15,1,0,1,0,9.02882244957634e-16,4.26516803539259e-12,4,0
5234,boundary,boundary,wave,w*dz(u),0,1,0,1,0,0,0,0,4
5234,boundary,boundary,wave,u*dx(v),3.51628145548999e-15,1,0,1,0,9.82618442411003e-16,4.86773899283496e-12,4,0
5234,boundary,boundary,wave,v*dy(v),3.42120226495858e-15,1,0,1,0,9.98850489486344e-16,4.86781013970437e-12,4,0
5234,boundary,boundary,wave,w*dz(v),0,1,0,1,0,0,0,0,4
5234,boundary,boundary,wave,u*dx(w),0,1,0,1,0,0,0,0,4
5234,boundary,boundary,wave,v*dy(w),0,1,0,1,0,0,0,0,4
5234,boundary,boundary,wave,w*dz(w),0,1,0,1,0,0,0,0,4
5234,boundary,boundary,wave,u*dx(eta),1.16158237004648e-15,2,0,1,0,1.19455469990618e-15,3.37782757752414e-11,4,0
5234,boundary,boundary,wave,v*dy(eta),9.12607346854257e-16,2,0,1,0,9.08545785077654e-16,3.37783153288206e-11,4,0
5234,boundary,boundary,wave,w*dz(eta),0,1,0,1,0,0,0,0,4
5234,boundary,boundary,wave,w*eta*dlogN2,0,1,0,1,0,0,0,0,4
9962,wave,wave,wave,u*dx(u),7.84421554806523e-07,24,1,23,1,3.56552846264367e-15,2.7071012098645e-11,1056,0
9962,wave,wave,wave,v*dy(u),7.84421554803772e-07,24,-1,23,1,3.53180744824697e-15,2.70319322481782e-11,1056,0
9962,wave,wave,wave,w*dz(u),7.84688511293781e-07,24,1,23,1,7.09229582722263e-15,8.82412485193294e-07,1056,0
9962,wave,wave,wave,u*dx(v),7.84421554792278e-07,24,-1,23,1,3.55440501261311e-15,2.70692357418056e-11,1056,0
9962,wave,wave,wave,v*dy(v),7.84421554803316e-07,24,-1,23,1,3.61419397344007e-15,2.70303779359438e-11,1056,0
9962,wave,wave,wave,w*dz(v),7.84688511274759e-07,24,1,23,1,6.97115670291881e-15,8.82412485437208e-07,1056,0
9962,wave,wave,wave,u*dx(w),1.65924534696101e-09,24,1,24,1,8.88178419700125e-16,2.692290834716e-11,1056,0
9962,wave,wave,wave,v*dy(w),1.65924534702565e-09,24,1,24,1,8.88178419700125e-16,2.68838284966932e-11,1056,0
9962,wave,wave,wave,w*dz(w),1.65924726440231e-09,24,1,24,1,1.11022302462516e-15,2.71205280455433e-11,1056,0
9962,wave,wave,wave,u*dx(eta),1.12292994807354e-07,24,1,24,1,1.83369528577125e-15,2.30504504372675e-11,1056,0
9962,wave,wave,wave,v*dy(eta),1.12292994806805e-07,24,1,24,1,1.78052723388149e-15,2.30113705868007e-11,1056,0
9962,wave,wave,wave,w*dz(eta),1.12293067643304e-07,24,1,24,1,1.59738361067108e-15,2.32722729975876e-11,1056,0
9962,wave,wave,wave,w*eta*dlogN2,6.78017556678684e-08,24,1,23,1,1.19745875011613e-15,2.33841834784698e-11,1056,0
9962,wave,apv,wave,u*dx(u),5.85972745531423e-11,24,1,5,0,2.32564245128585e-15,1.94422256072357e-11,288,0
9962,wave,apv,wave,v*dy(u),5.85973496511319e-11,24,1,5,0,2.27542571771541e-15,1.94031457567689e-11,288,0
9962,wave,apv,wave,w*dz(u),6.12938820440788e-11,24,1,5,0,2.33773011104101e-15,2.13736045192669e-11,288,0
9962,wave,apv,wave,u*dx(v),5.85973336328517e-11,24,1,5,0,2.40356973798381e-15,1.94422256072357e-11,288,0
9962,wave,apv,wave,v*dy(v),5.85973259426726e-11,24,1,5,0,2.28252533235027e-15,1.94033678013739e-11,288,0
9962,wave,apv,wave,w*dz(v),6.12939043478614e-11,24,1,5,0,2.35700093413471e-15,2.137373427299e-11,288,0
9962,wave,apv,wave,u*dx(w),0,1,1,-1,0,0,0,0,288
9962,wave,apv,wave,v*dy(w),0,1,1,-1,0,0,0,0,288
9962,wave,apv,wave,w*dz(w),0,1,1,-1,0,0,0,0,288
9962,wave,apv,wave,u*dx(eta),4.91126039886818e-12,24,1,5,0,9.66798939584179e-16,1.95159444160709e-11,288,0
9962,wave,apv,wave,v*dy(eta),4.91125811377899e-12,24,1,5,0,9.4992279937898e-16,1.95250482448728e-11,288,0
9962,wave,apv,wave,w*dz(eta),4.79007956525536e-12,24,1,5,0,9.36203561664348e-16,1.85386594964143e-10,288,0
9962,wave,apv,wave,w*eta*dlogN2,1.14830087816107e-11,24,1,5,0,1.30615410532049e-15,2.67511890325549e-11,288,0
9962,apv,wave,wave,u*dx(u),5.86010105406483e-11,5,0,24,1,2.2926097200122e-15,8.80236497686409e-12,288,0
9962,apv,wave,wave,v*dy(u),5.86009649996314e-11,5,0,24,1,2.24647320853827e-15,8.80210826130303e-12,288,0
9962,apv,wave,wave,w*dz(u),0,-1,0,1,1,0,0,0,288
9962,apv,wave,wave,u*dx(v),5.86009884313199e-11,5,0,24,1,2.24884256213799e-15,8.80239853363022e-12,288,0
9962,apv,wave,wave,v*dy(v),5.86010788772604e-11,5,0,24,1,2.23583011028118e-15,8.80150710393215e-12,288,0
9962,apv,wave,wave,w*dz(v),0,-1,0,1,1,0,0,0,288
9962,apv,wave,wave,u*dx(w),8.29955376862493e-14,5,0,24,1,5.55111512312578e-16,8.33333402283642e-12,288,0
9962,apv,wave,wave,v*dy(w),8.29953543169461e-14,5,0,24,1,5.55111512312578e-16,8.33333402283642e-12,288,0
9962,apv,wave,wave,w*dz(w),0,-1,0,1,1,0,0,0,288
9962,apv,wave,wave,u*dx(eta),4.7896081673547e-12,5,0,24,1,1.23835104497744e-15,6.04259792933797e-12,288,0
9962,apv,wave,wave,v*dy(eta),4.78960328150101e-12,5,0,24,1,1.21310501227124e-15,6.04269389231157e-12,288,0
9962,apv,wave,wave,w*dz(eta),0,-1,0,1,1,0,0,0,288
9962,apv,wave,wave,w*eta*dlogN2,0,-1,0,1,1,0,0,0,288
9962,wave,boundary,wave,u*dx(u),2.08551617914258e-14,1,1,1,0,1.68599686432818e-15,2.26731966534999e-11,96,0
9962,wave,boundary,wave,v*dy(u),2.06935037190036e-14,1,1,1,0,1.94754859453194e-15,2.2634338847638e-11,96,0
9962,wave,boundary,wave,w*dz(u),2.11114967498236e-14,24,1,2,0,1.73159231202643e-15,1.96005434105473e-11,96,0
9962,wave,boundary,wave,u*dx(v),2.08304413773292e-14,1,1,1,0,1.68194171675921e-15,2.26731966534999e-11,96,0
9962,wave,boundary,wave,v*dy(v),2.07815274061639e-14,1,1,1,0,1.84796072956575e-15,2.2634338847638e-11,96,0
9962,wave,boundary,wave,w*dz(v),2.10463148834202e-14,24,1,2,0,1.46480525038243e-15,1.96003213659424e-11,96,0
9962,wave,boundary,wave,u*dx(w),0,1,1,1,0,0,0,0,96
9962,wave,boundary,wave,v*dy(w),0,1,1,1,0,0,0,0,96
9962,wave,boundary,wave,w*dz(w),0,1,1,1,0,0,0,0,96
9962,wave,boundary,wave,u*dx(eta),1.62727920696607e-15,24,1,2,0,6.66133814775094e-16,1.97677429980558e-11,96,0
9962,wave,boundary,wave,v*dy(eta),1.6348696656291e-15,24,1,2,0,7.7715611723761e-16,1.9728663147589e-11,96,0
9962,wave,boundary,wave,w*dz(eta),1.15125945967089e-15,22,1,2,0,9.50534459801162e-16,1.96571647848032e-11,96,0
9962,wave,boundary,wave,w*eta*dlogN2,1.13288242699371e-15,22,1,2,0,8.21953180560193e-16,1.96311855660269e-11,96,0
9962,boundary,wave,wave,u*dx(u),8.40333687267942e-14,2,0,24,1,1.81114312567858e-15,8.10307376752917e-12,96,0
9962,boundary,wave,wave,v*dy(u),8.42203644244469e-14,2,0,24,1,1.93267199843321e-15,8.10307376752917e-12,96,0
9962,boundary,wave,wave,w*dz(u),0,1,0,1,1,0,0,0,96
9962,boundary,wave,wave,u*dx(v),8.43936339431864e-14,2,0,24,1,1.99449428903885e-15,8.10107536608484e-12,96,0
9962,boundary,wave,wave,v*dy(v),8.4546042197637e-14,2,0,24,1,1.83818072556491e-15,8.10129741068977e-12,96,0
9962,boundary,wave,wave,w*dz(v),0,1,0,1,1,0,0,0,96
9962,boundary,wave,wave,u*dx(w),7.12813607465397e-17,1,0,18,1,5.55111512312578e-16,9.00568508654942e-12,96,0
9962,boundary,wave,wave,v*dy(w),7.64880924709566e-17,1,0,18,1,4.44089209850063e-16,9.00546304194449e-12,96,0
9962,boundary,wave,wave,w*dz(w),0,1,0,1,1,0,0,0,96
9962,boundary,wave,wave,u*dx(eta),6.68740927158473e-15,2,0,24,1,9.85380036823771e-16,8.81495748940968e-12,96,0
9962,boundary,wave,wave,v*dy(eta),6.72205280669137e-15,2,0,24,1,8.36017382426596e-16,8.81460467236813e-12,96,0
9962,boundary,wave,wave,w*dz(eta),0,1,0,1,1,0,0,0,96
9962,boundary,wave,wave,w*eta*dlogN2,0,1,0,1,1,0,0,0,96
9962,apv,boundary,wave,u*dx(u),4.08663292612324e-15,5,0,1,0,1.55716580578193e-15,2.45758968731025e-11,12,0
9962,apv,boundary,wave,v*dy(u),3.94960295007959e-15,5,0,1,0,1.28289554365141e-15,2.45758968731025e-11,12,0
9962,apv,boundary,wave,w*dz(u),0,-1,0,1,0,0,0,0,12
9962,apv,boundary,wave,u*dx(v),4.09133351987176e-15,5,0,1,0,1.56768808791609e-15,2.45758968731025e-11,12,0
9962,apv,boundary,wave,v*dy(v),4.04790188632569e-15,5,0,1,0,1.54723999010201e-15,2.45758968731025e-11,12,0
9962,apv,boundary,wave,w*dz(v),0,-1,0,1,0,0,0,0,12
9962,apv,boundary,wave,u*dx(w),0,-1,0,1,0,0,0,0,12
9962,apv,boundary,wave,v*dy(w),0,-1,0,1,0,0,0,0,12
9962,apv,boundary,wave,w*dz(w),0,-1,0,1,0,0,0,0,12
9962,apv,boundary,wave,u*dx(eta),3.82418257765216e-16,-1,0,2,0,6.17733297839315e-16,2.31337171641144e-11,12,0
9962,apv,boundary,wave,v*dy(eta),5.56357656143095e-16,-1,0,2,0,6.53022347832431e-16,2.31339392087193e-11,12,0
9962,apv,boundary,wave,w*dz(eta),0,-1,0,1,0,0,0,0,12
9962,apv,boundary,wave,w*eta*dlogN2,0,-1,0,1,0,0,0,0,12
9962,boundary,apv,wave,u*dx(u),3.56643918798204e-15,1,0,4,0,1.50995639140799e-15,2.19240181564828e-11,12,0
9962,boundary,apv,wave,v*dy(u),3.58645816666968e-15,1,0,4,0,1.41504048529296e-15,2.19242402010877e-11,12,0
9962,boundary,apv,wave,w*dz(u),0,1,0,-1,0,0,0,0,12
9962,boundary,apv,wave,u*dx(v),3.721656327522e-15,1,0,4,0,1.50212060974854e-15,2.19240181564828e-11,12,0
9962,boundary,apv,wave,v*dy(v),3.62347175520053e-15,1,0,4,0,1.22820317553774e-15,2.19242402010877e-11,12,0
9962,boundary,apv,wave,w*dz(v),0,1,0,-1,0,0,0,0,12
9962,boundary,apv,wave,u*dx(w),0,1,0,-1,0,0,0,0,12
9962,boundary,apv,wave,v*dy(w),0,1,0,-1,0,0,0,0,12
9962,boundary,apv,wave,w*dz(w),0,1,0,-1,0,0,0,0,12
9962,boundary,apv,wave,u*dx(eta),7.34487729726642e-16,2,0,1,0,8.39836696193828e-16,2.55318030093942e-11,12,0
9962,boundary,apv,wave,v*dy(eta),6.86172994710216e-16,2,0,1,0,9.67010429519534e-16,2.55318614911712e-11,12,0
9962,boundary,apv,wave,w*dz(eta),0,1,0,-1,0,0,0,0,12
9962,boundary,apv,wave,w*eta*dlogN2,0,1,0,-1,0,0,0,0,12
9962,boundary,boundary,wave,u*dx(u),5.02272700621594e-15,2,0,1,0,2.64588851589929e-15,4.2538840348852e-10,4,0
9962,boundary,boundary,wave,v*dy(u),5.00857985406017e-15,2,0,1,0,2.63038655024629e-15,4.25388465526542e-10,4,0
9962,boundary,boundary,wave,w*dz(u),0,1,0,1,0,0,0,0,4
9962,boundary,boundary,wave,u*dx(v),5.16531873917955e-15,2,0,1,0,2.60945440448361e-15,4.25388375175905e-10,4,0
9962,boundary,boundary,wave,v*dy(v),5.15837245824485e-15,2,0,1,0,2.58228357186743e-15,4.25388437224493e-10,4,0
9962,boundary,boundary,wave,w*dz(v),0,1,0,1,0,0,0,0,4
9962,boundary,boundary,wave,u*dx(w),0,1,0,1,0,0,0,0,4
9962,boundary,boundary,wave,v*dy(w),0,1,0,1,0,0,0,0,4
9962,boundary,boundary,wave,w*dz(w),0,1,0,1,0,0,0,0,4
9962,boundary,boundary,wave,u*dx(eta),7.34273300997443e-16,1,0,2,0,9.0468598298893e-16,2.98096880513299e-10,4,0
9962,boundary,boundary,wave,v*dy(eta),7.50502540442119e-16,2,0,1,0,5.09752360465204e-16,2.98096547446391e-10,4,0
9962,boundary,boundary,wave,w*dz(eta),0,1,0,1,0,0,0,0,4
9962,boundary,boundary,wave,w*eta*dlogN2,0,1,0,1,0,0,0,0,4
2855,wave,wave,wave,u*dx(u),7.85766075840951e-07,23,-1,24,1,3.74654678136221e-15,1.01585184708597e-10,1056,0
2855,wave,wave,wave,v*dy(u),7.85766075880301e-07,23,1,24,1,3.69917926691913e-15,1.01585406753202e-10,1056,0
2855,wave,wave,wave,w*dz(u),7.86033470470359e-07,23,1,24,1,4.73160520190991e-14,6.97823601430536e-06,1056,0
2855,wave,wave,wave,u*dx(v),7.83408893757457e-07,23,1,24,1,3.55792749894735e-15,1.01596953072658e-10,1056,0
2855,wave,wave,wave,v*dy(v),7.83408893737619e-07,23,-1,24,1,3.51224467354548e-15,1.01596731028053e-10,1056,0
2855,wave,wave,wave,w*dz(v),7.83675093274823e-07,23,1,24,1,4.66192042086719e-14,6.71124455688485e-06,1056,0
2855,wave,wave,wave,u*dx(w),1.57955659984577e-09,24,1,24,1,9.99200722162641e-16,1.01474828539949e-10,1056,0
2855,wave,wave,wave,v*dy(w),1.57955659979472e-09,24,1,24,1,1.11022302462516e-15,1.01474606495344e-10,1056,0
2855,wave,wave,wave,w*dz(w),1.57955459655801e-09,24,1,24,1,8.88178419700125e-16,1.01833208532298e-10,1056,0
2855,wave,wave,wave,u*dx(eta),1.06954706603472e-07,24,1,24,1,1.33288231363699e-15,6.20441475973621e-11,1056,0
2855,wave,wave,wave,v*dy(eta),1.06954706600047e-07,24,1,24,1,1.21244606201947e-15,6.20441475973621e-11,1056,0
2855,wave,wave,wave,w*dz(eta),1.06954630457534e-07,24,1,24,1,1.41762724817078e-15,6.24047480357603e-11,1056,0
2855,wave,wave,wave,w*eta*dlogN2,6.45760970922688e-08,23,1,24,1,1.40351863145131e-15,6.21329654393321e-11,1056,0
2855,wave,apv,wave,u*dx(u),5.86719441900242e-11,24,1,5,0,2.30676874776031e-15,2.27827744420568e-11,288,0
2855,wave,apv,wave,v*dy(u),5.86719444888161e-11,24,1,5,0,2.31965735975339e-15,2.27815528476373e-11,288,0
2855,wave,apv,wave,w*dz(u),6.1371687871884e-11,24,1,5,0,2.29570908369327e-15,2.56167014908637e-11,288,0
2855,wave,apv,wave,u*dx(v),5.85479066380126e-11,24,1,5,0,2.23811567754024e-15,2.27311502953853e-11,288,0
2855,wave,apv,wave,v*dy(v),5.85478429510502e-11,24,1,5,0,2.24214262838391e-15,2.27313723399902e-11,288,0
2855,wave,apv,wave,w*dz(v),6.12426073238958e-11,24,1,5,0,2.27573351550457e-15,2.27395879903725e-11,288,0
2855,wave,apv,wave,u*dx(w),0,1,1,-1,0,0,0,0,288
2855,wave,apv,wave,v*dy(w),0,1,1,-1,0,0,0,0,288
2855,wave,apv,wave,w*dz(w),0,1,1,-1,0,0,0,0,288
2855,wave,apv,wave,u*dx(eta),4.67709459787438e-12,24,1,5,0,9.65624840187378e-16,2.27722285472964e-11,288,0
2855,wave,apv,wave,v*dy(eta),4.67709053442946e-12,24,1,5,0,1.30856104867218e-15,2.27722285472964e-11,288,0
2855,wave,apv,wave,w*dz(eta),4.56167143876255e-12,24,1,5,0,8.58058616570285e-16,1.82522108538308e-10,288,0
2855,wave,apv,wave,w*eta*dlogN2,1.09347709903676e-11,24,1,5,0,1.05857743602934e-15,2.62229735880297e-11,288,0
2855,apv,wave,wave,u*dx(u),5.86678993960504e-11,5,0,24,1,2.27323621417591e-15,7.90079113244246e-11,288,0
2855,apv,wave,wave,v*dy(u),5.86679363097514e-11,5,0,24,1,2.23481760113119e-15,7.90076892798197e-11,288,0
2855,apv,wave,wave,w*dz(u),0,-1,0,1,1,0,0,0,288
2855,apv,wave,wave,u*dx(v),5.85438394978467e-11,5,0,24,1,2.23593077241309e-15,7.90196796884857e-11,288,0
2855,apv,wave,wave,v*dy(v),5.85438275250897e-11,5,0,24,1,2.2234767522771e-15,7.90196796884857e-11,288,0
2855,apv,wave,wave,w*dz(v),0,-1,0,1,1,0,0,0,288
2855,apv,wave,wave,u*dx(w),7.90128932947252e-14,5,0,24,1,4.44089209850063e-16,7.95452592683432e-11,288,0
2855,apv,wave,wave,v*dy(w),7.90128524251919e-14,5,0,24,1,5.55111512312578e-16,7.95454813129481e-11,288,0
2855,apv,wave,wave,w*dz(w),0,-1,0,1,1,0,0,0,288
2855,apv,wave,wave,u*dx(eta),4.56064699338619e-12,5,0,24,1,1.16011221935154e-15,4.01814137518386e-11,288,0
2855,apv,wave,wave,v*dy(eta),4.56064237539294e-12,5,0,24,1,8.79766310445881e-16,4.01816357964435e-11,288,0
2855,apv,wave,wave,w*dz(eta),0,-1,0,1,1,0,0,0,288
2855,apv,wave,wave,w*eta*dlogN2,0,-1,0,1,1,0,0,0,288
2855,wave,boundary,wave,u*dx(u),8.52334505352014e-14,24,1,2,0,1.86592083586081e-15,2.16755502435717e-11,96,0
2855,wave,boundary,wave,v*dy(u),8.5814780307335e-14,24,1,2,0,2.14487500358499e-15,2.16751061543619e-11,96,0
2855,wave,boundary,wave,w*dz(u),7.69155197038404e-14,24,1,2,0,2.1890864226799e-15,2.27255991802622e-11,96,0
2855,wave,boundary,wave,u*dx(v),8.52851640386461e-14,24,1,2,0,1.77091050594893e-15,2.16753281989668e-11,96,0
2855,wave,boundary,wave,v*dy(v),8.55549214911975e-14,24,1,2,0,2.05589809127377e-15,2.16751061543619e-11,96,0
2855,wave,boundary,wave,w*dz(v),7.67562688311796e-14,24,1,2,0,1.82420078094943e-15,2.27253771356573e-11,96,0
2855,wave,boundary,wave,u*dx(w),0,1,1,1,0,0,0,0,96
2855,wave,boundary,wave,v*dy(w),0,1,1,1,0,0,0,0,96
2855,wave,boundary,wave,w*dz(w),0,1,1,1,0,0,0,0,96
2855,wave,boundary,wave,u*dx(eta),5.71608963631491e-15,24,1,2,0,8.95563821774292e-16,2.26088037180716e-11,96,0
2855,wave,boundary,wave,v*dy(eta),5.71728630182156e-15,24,1,2,0,6.66133814775094e-16,2.26085816734667e-11,96,0
2855,wave,boundary,wave,w*dz(eta),6.37489018433721e-15,24,1,2,0,9.55596828305922e-16,2.27138308162012e-11,96,0
2855,wave,boundary,wave,w*eta*dlogN2,5.64221320766933e-15,24,1,1,0,6.41922110236311e-16,2.27258212248671e-11,96,0
2855,boundary,wave,wave,u*dx(u),2.14952061191852e-14,1,0,1,1,1.70803960561719e-15,8.02140576183774e-11,96,0
2855,boundary,wave,wave,v*dy(u),2.15661338775247e-14,1,0,1,1,1.88767803420176e-15,8.02140576183774e-11,96,0
2855,boundary,wave,wave,w*dz(u),0,1,0,1,1,0,0,0,96
2855,boundary,wave,wave,u*dx(v),2.02996075577575e-14,1,0,1,1,1.70455592930893e-15,8.02253818932286e-11,96,0
2855,boundary,wave,wave,v*dy(v),2.0177575190637e-14,1,0,1,1,1.86813382851935e-15,8.02253818932286e-11,96,0
2855,boundary,wave,wave,w*dz(v),0,1,0,1,1,0,0,0,96
2855,boundary,wave,wave,u*dx(w),4.44070789882763e-17,1,0,17,1,4.44089209850063e-16,8.04560862377457e-11,96,0
2855,boundary,wave,wave,v*dy(w),4.41644692601158e-17,1,0,1,1,6.66133814775094e-16,8.04558641931408e-11,96,0
2855,boundary,wave,wave,w*dz(w),0,1,0,1,1,0,0,0,96
2855,boundary,wave,wave,u*dx(eta),1.13312117296667e-15,2,0,22,1,7.46036480317721e-16,4.09376976762132e-11,96,0
2855,boundary,wave,wave,v*dy(eta),1.14996881391526e-15,2,0,22,1,4.96336732949959e-16,4.09379197208182e-11,96,0
2855,boundary,wave,wave,w*dz(eta),0,1,0,1,1,0,0,0,96
2855,boundary,wave,wave,w*eta*dlogN2,0,1,0,1,1,0,0,0,96
2855,apv,boundary,wave,u*dx(u),4.1683960873456e-15,4,0,1,0,1.24660476395408e-15,1.99673305978244e-11,12,0
2855,apv,boundary,wave,v*dy(u),4.09995709012334e-15,4,0,1,0,1.80042166466747e-15,1.99678809838261e-11,12,0
2855,apv,boundary,wave,w*dz(u),0,-1,0,1,0,0,0,0,12
2855,apv,boundary,wave,u*dx(v),3.15957799806325e-15,4,0,1,0,1.22145356461159e-15,1.99187333294049e-11,12,0
2855,apv,boundary,wave,v*dy(v),3.14370639157213e-15,4,0,1,0,1.76893202331892e-15,1.99187333294049e-11,12,0
2855,apv,boundary,wave,w*dz(v),0,-1,0,1,0,0,0,0,12
2855,apv,boundary,wave,u*dx(w),0,-1,0,1,0,0,0,0,12
2855,apv,boundary,wave,v*dy(w),0,-1,0,1,0,0,0,0,12
2855,apv,boundary,wave,w*dz(w),0,-1,0,1,0,0,0,0,12
2855,apv,boundary,wave,u*dx(eta),7.36166046907173e-16,-1,0,2,0,9.06446861206194e-16,2.09317008170729e-11,12,0
2855,apv,boundary,wave,v*dy(eta),6.1032174577052e-16,1,0,2,0,8.51135725155028e-16,2.09319228616778e-11,12,0
2855,apv,boundary,wave,w*dz(eta),0,-1,0,1,0,0,0,0,12
2855,apv,boundary,wave,w*eta*dlogN2,0,-1,0,1,0,0,0,0,12
2855,boundary,apv,wave,u*dx(u),4.72252212440706e-15,1,0,5,0,1.63158255453805e-15,2.125384947994e-11,12,0
2855,boundary,apv,wave,v*dy(u),4.67353173563388e-15,1,0,5,0,1.5420966290191e-15,2.12531659465537e-11,12,0
2855,boundary,apv,wave,w*dz(u),0,1,0,-1,0,0,0,0,12
2855,boundary,apv,wave,u*dx(v),3.25887246665633e-15,1,0,5,0,1.45525933584217e-15,2.10373940490172e-11,12,0
2855,boundary,apv,wave,v*dy(v),3.18359270853323e-15,1,0,5,0,1.0543457119938e-15,2.10369499598073e-11,12,0
2855,boundary,apv,wave,w*dz(v),0,1,0,-1,0,0,0,0,12
2855,boundary,apv,wave,u*dx(w),0,1,0,-1,0,0,0,0,12
2855,boundary,apv,wave,v*dy(w),0,1,0,-1,0,0,0,0,12
2855,boundary,apv,wave,w*dz(w),0,1,0,-1,0,0,0,0,12
2855,boundary,apv,wave,u*dx(eta),7.62572957260261e-16,2,0,1,0,6.29693566007688e-16,2.11096695679203e-11,12,0
2855,boundary,apv,wave,v*dy(eta),7.002753879567e-16,2,0,3,0,6.31600150836919e-16,2.11095585456178e-11,12,0
2855,boundary,apv,wave,w*dz(eta),0,1,0,-1,0,0,0,0,12
2855,boundary,apv,wave,w*eta*dlogN2,0,1,0,-1,0,0,0,0,12
2855,boundary,boundary,wave,u*dx(u),4.72249225107383e-15,1,0,2,0,2.07656210297735e-15,3.09083902536782e-10,4,0
2855,boundary,boundary,wave,v*dy(u),4.6427199942805e-15,1,0,2,0,2.11450751699986e-15,3.09084576234502e-10,4,0
2855,boundary,boundary,wave,w*dz(u),0,1,0,1,0,0,0,0,4
2855,boundary,boundary,wave,u*dx(v),4.14597933363858e-15,1,0,2,0,2.04118364136133e-15,2.77135647763771e-10,4,0
2855,boundary,boundary,wave,v*dy(v),4.19960838497266e-15,1,0,2,0,2.05008788831333e-15,2.77135980830678e-10,4,0
2855,boundary,boundary,wave,w*dz(v),0,1,0,1,0,0,0,0,4
2855,boundary,boundary,wave,u*dx(w),0,1,0,1,0,0,0,0,4
2855,boundary,boundary,wave,v*dy(w),0,1,0,1,0,0,0,0,4
2855,boundary,boundary,wave,w*dz(w),0,1,0,1,0,0,0,0,4
2855,boundary,boundary,wave,u*dx(eta),1.22840166099506e-15,2,0,1,0,9.43998506829737e-16,1.97728699470481e-10,4,0
2855,boundary,boundary,wave,v*dy(eta),1.2877595696925e-15,1,0,2,0,8.31783669345447e-16,1.97728594633035e-10,4,0
2855,boundary,boundary,wave,w*dz(eta),0,1,0,1,0,0,0,0,4
2855,boundary,boundary,wave,w*eta*dlogN2,0,1,0,1,0,0,0,0,4
31946,wave,wave,wave,u*dx(u),7.85209192649355e-07,24,1,23,1,3.53920412517272e-15,1.34191324718813e-10,1056,0
31946,wave,wave,wave,v*dy(u),7.85209192677473e-07,24,1,23,1,3.54735643432988e-15,1.06652242592986e-10,1056,0
31946,wave,wave,wave,w*dz(u),7.85476543400122e-07,24,1,23,1,4.71412898016562e-14,6.92013070530238e-06,1056,0
31946,wave,wave,wave,u*dx(v),7.82189771193824e-07,24,1,23,1,3.43998590997207e-15,1.34179556354752e-10,1056,0
31946,wave,wave,wave,v*dy(v),7.82189771201641e-07,24,1,23,1,3.47666729681217e-15,1.06640474228925e-10,1056,0
31946,wave,wave,wave,w*dz(v),7.82455593802927e-07,24,1,23,1,4.63767972040851e-14,6.64300309469908e-06,1056,0
31946,wave,wave,wave,u*dx(w),1.96762027264181e-09,24,1,24,1,9.99200722162641e-16,1.33746569375148e-10,1056,0
31946,wave,wave,wave,v*dy(w),1.9676202727141e-09,24,1,24,1,8.88178419700125e-16,1.06207487249321e-10,1056,0
31946,wave,wave,wave,w*dz(w),1.96762131474373e-09,24,1,24,1,9.99200722162641e-16,1.34592559319913e-10,1056,0
31946,wave,wave,wave,u*dx(eta),1.32868027116282e-07,24,1,24,1,1.92888028289555e-15,9.42115274682465e-11,1056,0
31946,wave,wave,wave,v*dy(eta),1.32868027118898e-07,24,1,24,1,1.44356460497038e-15,6.66726673870244e-11,1056,0
31946,wave,wave,wave,w*dz(eta),1.32868066586074e-07,24,1,24,1,1.43203520310111e-15,9.51283496419819e-11,1056,0
31946,wave,wave,wave,w*eta*dlogN2,8.02376502376228e-08,24,1,23,1,1.69867393552816e-15,9.48245926224445e-11,1056,0
31946,wave,apv,wave,u*dx(u),5.86376587619781e-11,24,1,5,0,2.17921300129155e-15,5.52433654377182e-11,288,0
31946,wave,apv,wave,v*dy(u),5.86376803530638e-11,24,1,5,0,2.5445054758033e-15,2.77042833118912e-11,288,0
31946,wave,apv,wave,w*dz(u),6.13360225231824e-11,24,1,5,0,2.42792758288923e-15,5.54680745779024e-11,288,0
31946,wave,apv,wave,u*dx(v),5.84784142641975e-11,24,1,5,0,2.51521597354722e-15,5.52433654377182e-11,288,0
31946,wave,apv,wave,v*dy(v),5.84785278661242e-11,24,1,5,0,2.17714274424142e-15,2.77047274011011e-11,288,0
31946,wave,apv,wave,w*dz(v),6.11704691940231e-11,24,1,5,0,2.14778396322487e-15,5.54678525332974e-11,288,0
31946,wave,apv,wave,u*dx(w),0,1,1,-1,0,0,0,0,288
31946,wave,apv,wave,v*dy(w),0,1,1,-1,0,0,0,0,288
31946,wave,apv,wave,w*dz(w),0,1,1,-1,0,0,0,0,288
31946,wave,apv,wave,u*dx(eta),5.81633831332644e-12,24,1,5,0,1.31498625459044e-15,5.53386225732311e-11,288,0
31946,wave,apv,wave,v*dy(eta),5.81634215169259e-12,24,1,5,0,1.44927193527601e-15,2.77993184027991e-11,288,0
31946,wave,apv,wave,w*dz(eta),5.67281173267132e-12,24,1,5,0,1.37671187935209e-15,1.4941092807419e-10,288,0
31946,wave,apv,wave,w*eta*dlogN2,1.36004951207005e-11,24,1,5,0,1.09069198884594e-15,5.58224577673627e-11,288,0
31946,apv,wave,wave,u*dx(u),0,-1,0,1,1,0,0,0,288
31946,apv,wave,wave,v*dy(u),5.86394093289075e-11,5,0,24,1,2.30753512574479e-15,7.90196796884857e-11,288,0
31946,apv,wave,wave,w*dz(u),0,-1,0,1,1,0,0,0,288
31946,apv,wave,wave,u*dx(v),0,-1,0,1,1,0,0,0,288
31946,apv,wave,wave,v*dy(v),5.8480270642901e-11,5,0,24,1,2.15218488327702e-15,7.90081333690296e-11,288,0
31946,apv,wave,wave,w*dz(v),0,-1,0,1,1,0,0,0,288
31946,apv,wave,wave,u*dx(w),0,-1,0,1,1,0,0,0,288
31946,apv,wave,wave,v*dy(w),9.84239257654433e-14,5,0,24,1,5.55111512312578e-16,7.95452592683432e-11,288,0
31946,apv,wave,wave,w*dz(w),0,-1,0,1,1,0,0,0,288
31946,apv,wave,wave,u*dx(eta),0,-1,0,1,1,0,0,0,288
31946,apv,wave,wave,v*dy(eta),5.67207252326531e-12,5,0,24,1,1.10283737384908e-15,4.01814137518386e-11,288,0
31946,apv,wave,wave,w*dz(eta),0,-1,0,1,1,0,0,0,288
31946,apv,wave,wave,w*eta*dlogN2,0,-1,0,1,1,0,0,0,288
31946,wave,boundary,wave,u*dx(u),8.57734780900998e-14,24,1,2,0,1.96526444192067e-15,5.48547873790994e-11,96,0
31946,wave,boundary,wave,v*dy(u),8.58571635058721e-14,24,1,2,0,1.80053009668965e-15,2.73163713870872e-11,96,0
31946,wave,boundary,wave,w*dz(u),7.68116779316617e-14,24,1,2,0,1.94618700910704e-15,5.56310553179173e-11,96,0
31946,wave,boundary,wave,u*dx(v),8.53965886383661e-14,24,1,2,0,2.13952646481988e-15,5.48550094237044e-11,96,0
31946,wave,boundary,wave,v*dy(v),8.60552841479997e-14,24,1,2,0,2.06951578438261e-15,2.73159272978774e-11,96,0
31946,wave,boundary,wave,w*dz(v),7.66369950058505e-14,24,1,2,0,1.91752479580218e-15,5.56310553179173e-11,96,0
31946,wave,boundary,wave,u*dx(w),0,1,1,1,0,0,0,0,96
31946,wave,boundary,wave,v*dy(w),0,1,1,1,0,0,0,0,96
31946,wave,boundary,wave,w*dz(w),0,1,1,1,0,0,0,0,96
31946,wave,boundary,wave,u*dx(eta),7.09994401903207e-15,24,1,2,0,7.7715611723761e-16,5.57729418204644e-11,96,0
31946,wave,boundary,wave,v*dy(eta),7.10721806437083e-15,24,1,2,0,8.72311149384512e-16,2.82338596946374e-11,96,0
31946,wave,boundary,wave,w*dz(eta),7.95351760359664e-15,24,1,2,0,1.14961523122379e-15,5.56190649092514e-11,96,0
31946,wave,boundary,wave,w*eta*dlogN2,6.98456553523708e-15,24,1,1,0,8.16566234643262e-16,5.56485968417064e-11,96,0
31946,boundary,wave,wave,u*dx(u),0,1,0,1,1,0,0,0,96
31946,boundary,wave,wave,v*dy(u),3.70014049862627e-13,2,0,24,1,2.72247582620411e-15,7.88666909556923e-11,96,0
31946,boundary,wave,wave,w*dz(u),0,1,0,1,1,0,0,0,96
31946,boundary,wave,wave,u*dx(v),0,1,0,1,1,0,0,0,96
31946,boundary,wave,wave,v*dy(v),3.69368711295262e-13,2,0,24,1,1.99609559189697e-15,7.88544785024214e-11,96,0
31946,boundary,wave,wave,w*dz(v),0,1,0,1,1,0,0,0,96
31946,boundary,wave,wave,u*dx(w),0,1,0,1,1,0,0,0,96
31946,boundary,wave,wave,v*dy(w),3.31874327790408e-16,1,0,24,1,6.66133814775094e-16,7.88056286893379e-11,96,0
31946,boundary,wave,wave,w*dz(w),0,1,0,1,1,0,0,0,96
31946,boundary,wave,wave,u*dx(eta),0,1,0,1,1,0,0,0,96
31946,boundary,wave,wave,v*dy(eta),3.4245114672411e-14,2,0,24,1,1.43873146712917e-15,3.94124732849832e-11,96,0
31946,boundary,wave,wave,w*dz(eta),0,1,0,1,1,0,0,0,96
31946,boundary,wave,wave,w*eta*dlogN2,0,1,0,1,1,0,0,0,96
31946,apv,boundary,wave,u*dx(u),0,-1,0,1,0,0,0,0,12
31946,apv,boundary,wave,v*dy(u),4.01164306485039e-15,4,0,1,0,1.61299646198052e-15,1.99185112847999e-11,12,0
31946,apv,boundary,wave,w*dz(u),0,-1,0,1,0,0,0,0,12
31946,apv,boundary,wave,u*dx(v),0,-1,0,1,0,0,0,0,12
31946,apv,boundary,wave,v*dy(v),3.28127605971147e-15,4,0,1,0,1.12328064392243e-15,1.99185112847999e-11,12,0
31946,apv,boundary,wave,w*dz(v),0,-1,0,1,0,0,0,0,12
31946,apv,boundary,wave,u*dx(w),0,-1,0,1,0,0,0,0,12
31946,apv,boundary,wave,v*dy(w),0,-1,0,1,0,0,0,0,12
31946,apv,boundary,wave,w*dz(w),0,-1,0,1,0,0,0,0,12
31946,apv,boundary,wave,u*dx(eta),0,-1,0,1,0,0,0,0,12
31946,apv,boundary,wave,v*dy(eta),9.09897656465158e-16,1,0,2,0,7.35879232504084e-16,2.09319228616778e-11,12,0
31946,apv,boundary,wave,w*dz(eta),0,-1,0,1,0,0,0,0,12
31946,apv,boundary,wave,w*eta*dlogN2,0,-1,0,1,0,0,0,0,12
31946,boundary,apv,wave,u*dx(u),0,1,0,-1,0,0,0,0,12
31946,boundary,apv,wave,v*dy(u),4.49301747414946e-15,1,0,4,0,2.19497656545289e-15,9.84503972566165e-12,12,0
31946,boundary,apv,wave,w*dz(u),0,1,0,-1,0,0,0,0,12
31946,boundary,apv,wave,u*dx(v),0,1,0,-1,0,0,0,0,12
31946,boundary,apv,wave,v*dy(v),4.33442672664778e-15,1,0,4,0,1.58498937929221e-15,6.24060485353712e-12,12,0
31946,boundary,apv,wave,w*dz(v),0,1,0,-1,0,0,0,0,12
31946,boundary,apv,wave,u*dx(w),0,1,0,-1,0,0,0,0,12
31946,boundary,apv,wave,v*dy(w),0,1,0,-1,0,0,0,0,12
31946,boundary,apv,wave,w*dz(w),0,1,0,-1,0,0,0,0,12
31946,boundary,apv,wave,u*dx(eta),0,1,0,-1,0,0,0,0,12
31946,boundary,apv,wave,v*dy(eta),9.05995718799356e-16,2,0,2,0,1.11305209763172e-15,2.22474989931768e-11,12,0
31946,boundary,apv,wave,w*dz(eta),0,1,0,-1,0,0,0,0,12
31946,boundary,apv,wave,w*eta*dlogN2,0,1,0,-1,0,0,0,0,12
31946,boundary,boundary,wave,u*dx(u),0,1,0,1,0,0,0,0,4
31946,boundary,boundary,wave,v*dy(u),3.40834093061953e-15,1,0,1,0,1.38686098251993e-15,5.56348431676698e-12,4,0
31946,boundary,boundary,wave,w*dz(u),0,1,0,1,0,0,0,0,4
31946,boundary,boundary,wave,u*dx(v),0,1,0,1,0,0,0,0,4
31946,boundary,boundary,wave,v*dy(v),2.92359720784811e-15,2,0,1,0,1.19148641674603e-15,2.79905893201801e-12,4,0
31946,boundary,boundary,wave,w*dz(v),0,1,0,1,0,0,0,0,4
31946,boundary,boundary,wave,u*dx(w),0,1,0,1,0,0,0,0,4
31946,boundary,boundary,wave,v*dy(w),0,1,0,1,0,0,0,0,4
31946,boundary,boundary,wave,w*dz(w),0,1,0,1,0,0,0,0,4
31946,boundary,boundary,wave,u*dx(eta),0,1,0,1,0,0,0,0,4
31946,boundary,boundary,wave,v*dy(eta),5.68793771939104e-16,1,0,2,0,8.02555018573744e-16,3.85247389544929e-13,4,0
31946,boundary,boundary,wave,w*dz(eta),0,1,0,1,0,0,0,0,4
31946,boundary,boundary,wave,w*eta*dlogN2,0,1,0,1,0,0,0,0,4
16706,wave,wave,wave,u*dx(u),7.86101218158527e-07,23,1,24,1,3.62920250443355e-15,1.48101975128156e-10,1056,0
16706,wave,wave,wave,v*dy(u),7.86101218164255e-07,23,-1,24,1,3.56785664872209e-15,1.48101975128156e-10,1056,0
16706,wave,wave,wave,w*dz(u),7.86368967896023e-07,24,1,23,1,5.99823319377761e-14,6.29291642450778e-06,1056,0
16706,wave,wave,wave,u*dx(v),7.85199254498411e-07,23,-1,24,1,3.55770474770066e-15,1.48130174792982e-10,1056,0
16706,wave,wave,wave,v*dy(v),7.85199254500854e-07,23,-1,24,1,3.54790160419025e-15,1.48130174792982e-10,1056,0
16706,wave,wave,wave,w*dz(v),7.85466545560661e-07,24,1,23,1,5.86333134026985e-14,6.14356798539149e-06,1056,0
16706,wave,wave,wave,u*dx(w),9.27546696945728e-10,24,1,24,1,1.11022302462516e-15,1.48405510103089e-10,1056,0
16706,wave,wave,wave,v*dy(w),9.27546696955326e-10,24,1,24,1,8.88178419700125e-16,1.48405510103089e-10,1056,0
16706,wave,wave,wave,w*dz(w),9.27546607512098e-10,24,1,24,1,9.99200722162641e-16,1.48314249770465e-10,1056,0
16706,wave,wave,wave,u*dx(eta),6.30112880868497e-08,24,1,24,1,9.99200722162641e-16,1.48169698732659e-10,1056,0
16706,wave,wave,wave,v*dy(eta),6.30112880870972e-08,24,1,24,1,1.11022302462516e-15,1.48169698732659e-10,1056,0
16706,wave,wave,wave,w*dz(eta),6.30112846774719e-08,24,1,24,1,9.99200722162641e-16,1.48309364789156e-10,1056,0
16706,wave,wave,wave,w*eta*dlogN2,3.80352049555975e-08,23,1,24,1,1.09911800630658e-15,1.48279166722887e-10,1056,0
16706,wave,apv,wave,u*dx(u),5.86845792567127e-11,24,1,5,0,2.3245936807936e-15,1.481670341974e-10,288,0
16706,wave,apv,wave,v*dy(u),5.86845872379366e-11,24,1,5,0,2.28768338463555e-15,1.48166812152795e-10,288,0
16706,wave,apv,wave,w*dz(u),6.13844891014457e-11,24,1,5,0,2.37691941101297e-15,1.48221657170211e-10,288,0
16706,wave,apv,wave,u*dx(v),5.86371644805649e-11,24,1,5,0,2.34132516806551e-15,1.4816659010819e-10,288,0
16706,wave,apv,wave,v*dy(v),5.86371128374264e-11,24,1,5,0,2.29139494445377e-15,1.481670341974e-10,288,0
16706,wave,apv,wave,w*dz(v),6.13352026908553e-11,24,1,5,0,2.42155804853243e-15,1.48221657170211e-10,288,0
16706,wave,apv,wave,u*dx(w),0,1,1,-1,0,0,0,0,288
16706,wave,apv,wave,v*dy(w),0,1,1,-1,0,0,0,0,288
16706,wave,apv,wave,w*dz(w),0,1,1,-1,0,0,0,0,288
16706,wave,apv,wave,u*dx(eta),2.75147613790576e-12,24,1,5,0,7.35939133611533e-16,1.48149270629006e-10,288,0
16706,wave,apv,wave,v*dy(eta),2.75147644747313e-12,24,1,5,0,7.30286087938388e-16,1.48149270629006e-10,288,0
16706,wave,apv,wave,w*dz(eta),2.68361751600021e-12,24,1,5,0,8.80955379664604e-16,1.75357728338099e-10,288,0
16706,wave,apv,wave,w*eta*dlogN2,6.43249882587669e-12,24,1,5,0,6.61621856596708e-16,1.48577372627301e-10,288,0
16706,apv,wave,wave,u*dx(u),5.86842363233003e-11,5,0,24,1,2.69601155194902e-15,1.03039568996165e-11,288,0
16706,apv,wave,wave,v*dy(u),5.8684151443575e-11,5,0,24,1,2.37070122413161e-15,1.03038301509035e-11,288,0
16706,apv,wave,wave,w*dz(u),0,-1,0,1,1,0,0,0,288
16706,apv,wave,wave,u*dx(v),5.86367097029771e-11,5,0,24,1,2.2463979010758e-15,8.08521303592691e-12,288,0
16706,apv,wave,wave,v*dy(v),5.86366970033501e-11,5,0,24,1,2.37671092652701e-15,8.08521130062133e-12,288,0
16706,apv,wave,wave,w*dz(v),0,-1,0,1,1,0,0,0,288
16706,apv,wave,wave,u*dx(w),4.63986034718583e-14,5,0,24,1,6.66133814775094e-16,9.93627402579023e-12,288,0
16706,apv,wave,wave,v*dy(w),4.63985944213687e-14,5,0,24,1,5.55111512312578e-16,9.93616300348776e-12,288,0
16706,apv,wave,wave,w*dz(w),0,-1,0,1,1,0,0,0,288
16706,apv,wave,wave,u*dx(eta),2.68316920161581e-12,5,0,24,1,6.91090762112352e-16,7.99704746867747e-12,288,0
16706,apv,wave,wave,v*dy(eta),2.68317280414322e-12,5,0,24,1,8.88660851583595e-16,7.99715849097993e-12,288,0
16706,apv,wave,wave,w*dz(eta),0,-1,0,1,1,0,0,0,288
16706,apv,wave,wave,w*eta*dlogN2,0,-1,0,1,1,0,0,0,288
16706,wave,boundary,wave,u*dx(u),8.42804553110524e-14,24,1,1,0,1.85713063804539e-15,1.47811762829519e-10,96,0
16706,wave,boundary,wave,v*dy(u),8.426037076625e-14,24,1,1,0,1.93041532809035e-15,1.47811540784915e-10,96,0
16706,wave,boundary,wave,w*dz(u),1.29388690122672e-13,24,1,2,0,2.08910292640436e-15,1.48379086795103e-10,96,0
16706,wave,boundary,wave,u*dx(v),8.41739500421356e-14,24,1,1,0,1.6722440710741e-15,1.47811762829519e-10,96,0
16706,wave,boundary,wave,v*dy(v),8.39031504719002e-14,24,1,1,0,2.0450643258528e-15,1.47811762829519e-10,96,0
16706,wave,boundary,wave,w*dz(v),1.29138748899248e-13,24,1,2,0,1.86780170720063e-15,1.48379308839708e-10,96,0
16706,wave,boundary,wave,u*dx(w),0,1,1,1,0,0,0,0,96
16706,wave,boundary,wave,v*dy(w),0,1,1,1,0,0,0,0,96
16706,wave,boundary,wave,w*dz(w),0,1,1,1,0,0,0,0,96
16706,wave,boundary,wave,u*dx(eta),5.63264830631762e-15,24,1,2,0,6.66133814775094e-16,1.48345336015154e-10,96,0
16706,wave,boundary,wave,v*dy(eta),5.63153231800552e-15,24,1,2,0,3.85173610758317e-16,1.48345336015154e-10,96,0
16706,wave,boundary,wave,w*dz(eta),3.75778976526629e-15,24,1,1,0,9.24438045876922e-16,1.48374867947609e-10,96,0
16706,wave,boundary,wave,w*eta*dlogN2,3.18649583479862e-15,24,1,2,0,7.35412111801869e-16,1.48386414267065e-10,96,0
16706,boundary,wave,wave,u*dx(u),8.59208535895827e-14,2,0,24,1,2.0472272888953e-15,1.13889800380735e-11,96,0
16706,boundary,wave,wave,v*dy(u),8.52783380041141e-14,2,0,24,1,1.67478547915374e-15,1.13894324186019e-11,96,0
16706,boundary,wave,wave,w*dz(u),0,1,0,1,1,0,0,0,96
16706,boundary,wave,wave,u*dx(v),8.56089673483954e-14,2,0,24,1,2.3267123966879e-15,9.21984710799961e-12,96,0
16706,boundary,wave,wave,v*dy(v),8.49449416916358e-14,2,0,24,1,2.11705320956837e-15,9.21973608569715e-12,96,0
16706,boundary,wave,wave,w*dz(v),0,1,0,1,1,0,0,0,96
16706,boundary,wave,wave,u*dx(w),4.50998566206323e-17,2,0,24,1,8.88178419700125e-16,1.1915357589487e-11,96,0
16706,boundary,wave,wave,v*dy(w),4.43160006075159e-17,2,0,24,1,5.55111512312578e-16,1.19154686117895e-11,96,0
16706,boundary,wave,wave,w*dz(w),0,1,0,1,1,0,0,0,96
16706,boundary,wave,wave,u*dx(eta),3.76740034062422e-15,2,0,24,1,7.43325766850053e-16,1.07041562748074e-11,96,0
16706,boundary,wave,wave,v*dy(eta),3.7549332238064e-15,2,0,24,1,7.92479587983136e-16,1.07039177455343e-11,96,0
16706,boundary,wave,wave,w*dz(eta),0,1,0,1,1,0,0,0,96
16706,boundary,wave,wave,w*eta*dlogN2,0,1,0,1,1,0,0,0,96
16706,apv,boundary,wave,u*dx(u),4.5698791379343e-15,4,0,1,0,1.63640112604903e-15,2.01907640785443e-11,12,0
16706,apv,boundary,wave,v*dy(u),4.51554503874767e-15,4,0,1,0,2.49227880949838e-15,2.0191914546208e-11,12,0
16706,apv,boundary,wave,w*dz(u),0,-1,0,1,0,0,0,0,12
16706,apv,boundary,wave,u*dx(v),3.31427801783962e-15,4,0,1,0,1.25929756987001e-15,1.9471091405876e-11,12,0
16706,apv,boundary,wave,v*dy(v),3.48732195333643e-15,4,0,1,0,1.28730316350914e-15,1.94706473166661e-11,12,0
16706,apv,boundary,wave,w*dz(v),0,-1,0,1,0,0,0,0,12
16706,apv,boundary,wave,u*dx(w),0,-1,0,1,0,0,0,0,12
16706,apv,boundary,wave,v*dy(w),0,-1,0,1,0,0,0,0,12
16706,apv,boundary,wave,w*dz(w),0,-1,0,1,0,0,0,0,12
16706,apv,boundary,wave,u*dx(eta),4.46201921749866e-16,-1,0,2,0,4.99554165297057e-16,2.00315319887068e-11,12,0
16706,apv,boundary,wave,v*dy(eta),3.4655083092154e-16,4,0,2,0,2.8277667704303e-16,2.00315319887068e-11,12,0
16706,apv,boundary,wave,w*dz(eta),0,-1,0,1,0,0,0,0,12
16706,apv,boundary,wave,w*eta*dlogN2,0,-1,0,1,0,0,0,0,12
16706,boundary,apv,wave,u*dx(u),4.37752507359597e-15,1,0,4,0,1.93886818072314e-15,2.16309192779818e-11,12,0
16706,boundary,apv,wave,v*dy(u),4.38291084939586e-15,1,0,4,0,1.39346227045345e-15,2.16309192779818e-11,12,0
16706,boundary,apv,wave,w*dz(u),0,1,0,-1,0,0,0,0,12
16706,boundary,apv,wave,u*dx(v),3.17407963507212e-15,1,0,4,0,1.10083355875376e-15,2.16306972333768e-11,12,0
16706,boundary,apv,wave,v*dy(v),3.291611174145e-15,1,0,4,0,1.50990319793526e-15,2.16309192779818e-11,12,0
16706,boundary,apv,wave,w*dz(v),0,1,0,-1,0,0,0,0,12
16706,boundary,apv,wave,u*dx(w),0,1,0,-1,0,0,0,0,12
16706,boundary,apv,wave,v*dy(w),0,1,0,-1,0,0,0,0,12
16706,boundary,apv,wave,w*dz(w),0,1,0,-1,0,0,0,0,12
16706,boundary,apv,wave,u*dx(eta),6.13663186052079e-16,2,0,2,0,4.62848087139343e-16,2.35100827694623e-11,12,0
16706,boundary,apv,wave,v*dy(eta),5.47796942391517e-16,2,0,1,0,6.12260526426064e-16,2.35098607248574e-11,12,0
16706,boundary,apv,wave,w*dz(eta),0,1,0,-1,0,0,0,0,12
16706,boundary,apv,wave,w*eta*dlogN2,0,1,0,-1,0,0,0,0,12
16706,boundary,boundary,wave,u*dx(u),4.04682286667042e-15,1,0,1,0,1.69733155577613e-15,1.23204161406943e-10,4,0
16706,boundary,boundary,wave,v*dy(u),4.03321015777676e-15,1,0,1,0,1.84485778077214e-15,1.2320268775688e-10,4,0
16706,boundary,boundary,wave,w*dz(u),0,1,0,1,0,0,0,0,4
16706,boundary,boundary,wave,u*dx(v),3.39158613512303e-15,1,0,2,0,1.45176541867437e-15,7.47564408186168e-11,4,0
16706,boundary,boundary,wave,v*dy(v),3.38568185832466e-15,1,0,2,0,1.44934723091661e-15,7.47568723238457e-11,4,0
16706,boundary,boundary,wave,w*dz(v),0,1,0,1,0,0,0,0,4
16706,boundary,boundary,wave,u*dx(w),0,1,0,1,0,0,0,0,4
16706,boundary,boundary,wave,v*dy(w),0,1,0,1,0,0,0,0,4
16706,boundary,boundary,wave,w*dz(w),0,1,0,1,0,0,0,0,4
16706,boundary,boundary,wave,u*dx(eta),5.81462397248818e-16,2,0,2,0,6.63145740434418e-16,9.73738867315888e-11,4,0
16706,boundary,boundary,wave,v*dy(eta),5.71189009297442e-16,2,0,1,0,4.47939559158614e-16,9.73737757092863e-11,4,0
16706,boundary,boundary,wave,w*dz(eta),0,1,0,1,0,0,0,0,4
16706,boundary,boundary,wave,w*eta*dlogN2,0,1,0,1,0,0,0,0,4
31857,wave,wave,wave,u*dx(u),7.80797327909567e-07,24,-1,23,1,3.50066243538188e-15,2.27129426377815e-11,1056,0
31857,wave,wave,wave,v*dy(u),7.8079732791875e-07,24,-1,23,1,3.55458984767935e-15,2.27129426377815e-11,1056,0
31857,wave,wave,wave,w*dz(u),7.81062510614057e-07,24,1,23,1,6.93138417007521e-15,6.80155527410432e-07,1056,0
31857,wave,wave,wave,u*dx(v),7.82237797267391e-07,24,-1,23,1,3.59779140979838e-15,2.27127205931765e-11,1056,0
31857,wave,wave,wave,v*dy(v),7.82237797312405e-07,24,-1,23,1,3.52533072560536e-15,2.27129426377815e-11,1056,0
31857,wave,wave,wave,w*dz(v),7.82503705176602e-07,24,1,23,1,6.99814009564901e-15,6.90126121197946e-07,1056,0
31857,wave,wave,wave,u*dx(w),2.70423252598922e-09,24,1,24,1,9.99200722162641e-16,2.27986518552825e-11,1056,0
31857,wave,wave,wave,v*dy(w),2.70423252594796e-09,24,1,24,1,9.99200722162641e-16,2.27988738998874e-11,1056,0
31857,wave,wave,wave,w*dz(w),2.70423734391362e-09,24,1,24,1,9.99200722162641e-16,2.29785079852718e-11,1056,0
31857,wave,wave,wave,u*dx(eta),1.81380838656288e-07,24,1,24,1,1.73898515737447e-15,1.50526258124728e-11,1056,0
31857,wave,wave,wave,v*dy(eta),1.8138083866287e-07,24,1,24,1,1.92430455908259e-15,1.50525147901703e-11,1056,0
31857,wave,wave,wave,w*dz(eta),1.81381019977471e-07,24,1,24,1,1.6862283155037e-15,1.5255019469862e-11,1056,0
31857,wave,wave,wave,w*eta*dlogN2,1.09587031830945e-07,24,1,23,1,1.55004984023286e-15,1.49122936221602e-11,1056,0
31857,wave,apv,wave,u*dx(u),5.84061013975757e-11,24,1,5,0,2.18316637531243e-15,1.48492329543615e-11,288,0
31857,wave,apv,wave,v*dy(u),5.84060583988098e-11,24,1,5,0,2.12826987377258e-15,1.48492329543615e-11,288,0
31857,wave,apv,wave,w*dz(u),6.10950483707697e-11,24,1,5,0,2.18168517954895e-15,2.81551448821915e-11,288,0
31857,wave,apv,wave,u*dx(v),5.84822467403716e-11,24,1,5,0,2.60848091283971e-15,1.4849121932059e-11,288,0
31857,wave,apv,wave,v*dy(v),5.84823403096193e-11,24,1,5,0,2.12015435230568e-15,1.48493439766639e-11,288,0
31857,wave,apv,wave,w*dz(v),6.11742784372309e-11,24,1,5,0,2.29255486275718e-15,2.8155033859889e-11,288,0
31857,wave,apv,wave,u*dx(w),0,1,1,-1,0,0,0,0,288
31857,wave,apv,wave,v*dy(w),0,1,1,-1,0,0,0,0,288
31857,wave,apv,wave,w*dz(w),0,1,1,-1,0,0,0,0,288
31857,wave,apv,wave,u*dx(eta),7.96235078303979e-12,24,1,5,0,1.32929422619377e-15,3.3434699453494e-11,288,0
31857,wave,apv,wave,v*dy(eta),7.96234866778155e-12,24,1,5,0,1.18332345949566e-15,3.34348104757964e-11,288,0
31857,wave,apv,wave,w*dz(eta),7.76575121031602e-12,24,1,5,0,1.37954487428876e-15,2.19564033621111e-10,288,0
31857,wave,apv,wave,w*eta*dlogN2,1.86224880464528e-11,24,1,5,0,1.65272153136601e-15,2.91524782970573e-11,288,0
31857,apv,wave,wave,u*dx(u),5.84118717440282e-11,5,0,24,1,2.18378326613947e-15,2.27311502953853e-11,288,0
31857,apv,wave,wave,v*dy(u),5.84118372512301e-11,5,0,24,1,2.12593820133827e-15,2.27309282507804e-11,288,0
31857,apv,wave,wave,w*dz(u),0,-1,0,1,1,0,0,0,288
31857,apv,wave,wave,u*dx(v),5.84880261667023e-11,5,0,24,1,2.2955571321364e-15,2.27313723399902e-11,288,0
31857,apv,wave,wave,v*dy(v),5.84881467777453e-11,5,0,24,1,2.2502528364648e-15,2.27311502953853e-11,288,0
31857,apv,wave,wave,w*dz(v),0,-1,0,1,1,0,0,0,288
31857,apv,wave,wave,u*dx(w),1.35261752534272e-13,5,0,24,1,5.55111512312578e-16,2.34596786441443e-11,288,0
31857,apv,wave,wave,v*dy(w),1.352614371782e-13,5,0,24,1,7.7715611723761e-16,2.34594565995394e-11,288,0
31857,apv,wave,wave,w*dz(w),0,-1,0,1,1,0,0,0,288
31857,apv,wave,wave,u*dx(eta),7.76523922547669e-12,5,0,24,1,1.3036277196984e-15,1.21518350937322e-11,288,0
31857,apv,wave,wave,v*dy(eta),7.76523365399287e-12,5,0,24,1,2.22456336457888e-15,1.21520571383371e-11,288,0
31857,apv,wave,wave,w*dz(eta),0,-1,0,1,1,0,0,0,288
31857,apv,wave,wave,w*eta*dlogN2,0,-1,0,1,1,0,0,0,288
31857,wave,boundary,wave,u*dx(u),1.50995451858823e-14,1,1,1,0,1.48942271142622e-15,1.6162626792493e-11,96,0
31857,wave,boundary,wave,v*dy(u),1.51104968196754e-14,1,1,1,0,1.60363324463928e-15,1.61630708817029e-11,96,0
31857,wave,boundary,wave,w*dz(u),2.13303886764288e-14,24,1,2,0,1.50179087637642e-15,1.47792889038101e-11,96,0
31857,wave,boundary,wave,u*dx(v),1.55306529842905e-14,1,1,1,0,1.63229458858023e-15,1.6162626792493e-11,96,0
31857,wave,boundary,wave,v*dy(v),1.54513693907055e-14,1,1,1,0,1.87474167212018e-15,1.6162626792493e-11,96,0
31857,wave,boundary,wave,w*dz(v),2.13948035978178e-14,24,1,2,0,1.51077589116384e-15,1.47793999261125e-11,96,0
31857,wave,boundary,wave,u*dx(w),0,1,1,1,0,0,0,0,96
31857,wave,boundary,wave,v*dy(w),0,1,1,1,0,0,0,0,96
31857,wave,boundary,wave,w*dz(w),0,1,1,1,0,0,0,0,96
31857,wave,boundary,wave,u*dx(eta),2.69220037367936e-15,24,1,2,0,5.55111512312578e-16,1.49532608517688e-11,96,0
31857,wave,boundary,wave,v*dy(eta),2.68747406588483e-15,24,1,2,0,6.87875393039706e-16,1.49533718740713e-11,96,0
31857,wave,boundary,wave,w*dz(eta),1.86211583590836e-15,22,1,2,0,1.1405992271e-15,1.47527545735215e-11,96,0
31857,wave,boundary,wave,w*eta*dlogN2,1.82621683000108e-15,22,1,2,0,1.27126791145028e-15,1.47797329930199e-11,96,0
31857,boundary,wave,wave,u*dx(u),3.29040712536043e-13,2,0,24,1,1.83212897408587e-15,2.25284235710888e-11,96,0
31857,boundary,wave,wave,v*dy(u),3.29209905033648e-13,2,0,24,1,2.14151153867864e-15,2.25284235710888e-11,96,0
31857,boundary,wave,wave,w*dz(u),0,1,0,1,1,0,0,0,96
31857,boundary,wave,wave,u*dx(v),3.29261384668134e-13,2,0,24,1,2.23938772538976e-15,2.25286456156937e-11,96,0
31857,boundary,wave,wave,v*dy(v),3.29455874139335e-13,2,0,24,1,2.1162424644567e-15,2.25286456156937e-11,96,0
31857,boundary,wave,wave,w*dz(v),0,1,0,1,1,0,0,0,96
31857,boundary,wave,wave,u*dx(w),4.63726626879597e-16,1,0,24,1,4.44089209850063e-16,2.2498003460214e-11,96,0
31857,boundary,wave,wave,v*dy(w),4.63882172395034e-16,1,0,24,1,6.66133814775094e-16,2.2498003460214e-11,96,0
31857,boundary,wave,wave,w*dz(w),0,1,0,1,1,0,0,0,96
31857,boundary,wave,wave,u*dx(eta),4.20430657609899e-14,2,0,24,1,1.33239580525196e-15,1.1139533739879e-11,96,0
31857,boundary,wave,wave,v*dy(eta),4.20518773701806e-14,2,0,24,1,1.11938871098696e-15,1.1139533739879e-11,96,0
31857,boundary,wave,wave,w*dz(eta),0,1,0,1,1,0,0,0,96
31857,boundary,wave,wave,w*eta*dlogN2,0,1,0,1,1,0,0,0,96
31857,apv,boundary,wave,u*dx(u),3.69685343577074e-15,5,0,1,0,1.43273864403268e-15,2.10369499598073e-11,12,0
31857,apv,boundary,wave,v*dy(u),3.64982988358948e-15,5,0,1,0,1.23582510583941e-15,2.10371720044122e-11,12,0
31857,apv,boundary,wave,w*dz(u),0,-1,0,1,0,0,0,0,12
31857,apv,boundary,wave,u*dx(v),3.931198316848e-15,5,0,1,0,1.29906616947355e-15,2.10367279152024e-11,12,0
31857,apv,boundary,wave,v*dy(v),3.94730209252104e-15,5,0,1,0,1.53803712117851e-15,2.10367279152024e-11,12,0
31857,apv,boundary,wave,w*dz(v),0,-1,0,1,0,0,0,0,12
31857,apv,boundary,wave,u*dx(w),0,-1,0,1,0,0,0,0,12
31857,apv,boundary,wave,v*dy(w),0,-1,0,1,0,0,0,0,12
31857,apv,boundary,wave,w*dz(w),0,-1,0,1,0,0,0,0,12
31857,apv,boundary,wave,u*dx(eta),7.19614204569675e-16,2,0,2,0,7.32666774475685e-16,2.31488161972493e-11,12,0
31857,apv,boundary,wave,v*dy(eta),5.37905094216538e-16,-1,0,2,0,6.26749361915463e-16,2.31488161972493e-11,12,0
31857,apv,boundary,wave,w*dz(eta),0,-1,0,1,0,0,0,0,12
31857,apv,boundary,wave,w*eta*dlogN2,0,-1,0,1,0,0,0,0,12
31857,boundary,apv,wave,u*dx(u),4.2969978063214e-15,1,0,4,0,1.52587632688315e-15,8.3205508099157e-12,12,0
31857,boundary,apv,wave,v*dy(u),4.27965769330727e-15,1,0,4,0,1.48311408271669e-15,8.31987966852683e-12,12,0
31857,boundary,apv,wave,w*dz(u),0,1,0,-1,0,0,0,0,12
31857,boundary,apv,wave,u*dx(v),4.39657260130491e-15,1,0,4,0,1.56190071492364e-15,9.42479829507976e-12,12,0
31857,boundary,apv,wave,v*dy(v),4.36633253318623e-15,1,0,4,0,1.70941589997845e-15,9.42464913712139e-12,12,0
31857,boundary,apv,wave,w*dz(v),0,1,0,-1,0,0,0,0,12
31857,boundary,apv,wave,u*dx(w),0,1,0,-1,0,0,0,0,12
31857,boundary,apv,wave,v*dy(w),0,1,0,-1,0,0,0,0,12
31857,boundary,apv,wave,w*dz(w),0,1,0,-1,0,0,0,0,12
31857,boundary,apv,wave,u*dx(eta),1.02452049644065e-15,1,0,5,0,8.1321510399232e-16,2.56895446745654e-11,12,0
31857,boundary,apv,wave,v*dy(eta),9.9934268685882e-16,1,0,1,0,1.03221500189e-15,2.56861316686918e-11,12,0
31857,boundary,apv,wave,w*dz(eta),0,1,0,-1,0,0,0,0,12
31857,boundary,apv,wave,w*eta*dlogN2,0,1,0,-1,0,0,0,0,12
31857,boundary,boundary,wave,u*dx(u),3.02081705209697e-15,1,0,1,0,1.23057597667982e-15,3.95752809460006e-12,4,0
31857,boundary,boundary,wave,v*dy(u),3.14813360801493e-15,1,0,1,0,1.03811423746773e-15,3.95745172842429e-12,4,0
31857,boundary,boundary,wave,w*dz(u),0,1,0,1,0,0,0,0,4
31857,boundary,boundary,wave,u*dx(v),3.33575677117897e-15,1,0,1,0,1.53919160884449e-15,4.60547682606945e-12,4,0
31857,boundary,boundary,wave,v*dy(v),3.20595026868692e-15,1,0,1,0,1.69682639617807e-15,4.60555571628892e-12,4,0
31857,boundary,boundary,wave,w*dz(v),0,1,0,1,0,0,0,0,4
31857,boundary,boundary,wave,u*dx(w),0,1,0,1,0,0,0,0,4
31857,boundary,boundary,wave,v*dy(w),0,1,0,1,0,0,0,0,4
31857,boundary,boundary,wave,w*dz(w),0,1,0,1,0,0,0,0,4
31857,boundary,boundary,wave,u*dx(eta),4.47446323397447e-16,2,0,2,0,5.50664799260803e-16,1.42152956073005e-12,4,0
31857,boundary,boundary,wave,v*dy(eta),5.23016546181501e-16,2,0,2,0,4.16528896808315e-16,1.42119649382266e-12,4,0
31857,boundary,boundary,wave,w*dz(eta),0,1,0,1,0,0,0,0,4
31857,boundary,boundary,wave,w*eta*dlogN2,0,1,0,1,0,0,0,0,4
32100,wave,wave,wave,u*dx(u),7.75182886779673e-07,24,1,23,1,3.32292670249103e-15,6.28634921895355e-11,1056,0
32100,wave,wave,wave,v*dy(u),7.75182886822174e-07,24,1,23,1,3.38815255580558e-15,3.53246321083134e-11,1056,0
32100,wave,wave,wave,w*dz(u),7.7544524281979e-07,24,1,23,1,6.47271884275296e-15,8.19065932499557e-07,1056,0
32100,wave,wave,wave,u*dx(v),7.85774420319537e-07,24,1,23,1,3.47462550841747e-15,6.28652685463749e-11,1056,0
32100,wave,wave,wave,v*dy(v),7.85774420304856e-07,24,1,23,1,3.53235157465019e-15,3.53261864205479e-11,1056,0
32100,wave,wave,wave,w*dz(v),7.86042094705933e-07,24,1,23,1,7.24164063494751e-15,9.03355962024636e-07,1056,0
32100,wave,wave,wave,u*dx(w),2.99123787637893e-09,24,1,24,1,7.7715611723761e-16,6.25495211181715e-11,1056,0
32100,wave,wave,wave,v*dy(w),2.99123787647307e-09,24,1,24,1,9.99200722162641e-16,3.50104389923445e-11,1056,0
32100,wave,wave,wave,w*dz(w),2.99124306213029e-09,24,1,24,1,9.99200722162641e-16,6.30031582460333e-11,1056,0
32100,wave,wave,wave,u*dx(eta),1.99996045474663e-07,24,1,24,1,1.70294397726506e-15,5.86408699376761e-11,1056,0
32100,wave,wave,wave,v*dy(eta),1.99996045476553e-07,24,1,24,1,1.70552160392172e-15,3.11015657672442e-11,1056,0
32100,wave,wave,wave,w*dz(eta),1.99996239994992e-07,24,1,24,1,1.71911075652538e-15,5.91318105591654e-11,1056,0
32100,wave,wave,wave,w*eta*dlogN2,1.20860827352893e-07,24,1,23,1,1.3496980752663e-15,5.92252913378388e-11,1056,0
32100,wave,apv,wave,u*dx(u),5.81092636964634e-11,24,1,5,0,2.06023731406157e-15,5.52433654377182e-11,288,0
32100,wave,apv,wave,v*dy(u),5.81091570829846e-11,24,1,5,0,2.24887060727737e-15,2.77045053564962e-11,288,0
32100,wave,apv,wave,w*dz(u),6.07867525983409e-11,24,1,5,0,2.49267270138415e-15,5.54678525332974e-11,288,0
32100,wave,apv,wave,u*dx(v),5.86703290172204e-11,24,1,5,0,2.44170366638495e-15,5.52438095269281e-11,288,0
32100,wave,apv,wave,v*dy(v),5.86702389164443e-11,24,1,5,0,2.42795079780438e-15,2.85374711520752e-11,288,0
32100,wave,apv,wave,w*dz(v),6.13701873653472e-11,24,1,5,0,2.41325985570094e-15,5.54680745779024e-11,288,0
32100,wave,apv,wave,u*dx(w),0,1,1,-1,0,0,0,0,288
32100,wave,apv,wave,v*dy(w),0,1,1,-1,0,0,0,0,288
32100,wave,apv,wave,w*dz(w),0,1,1,-1,0,0,0,0,288
32100,wave,apv,wave,u*dx(eta),8.7909965723112e-12,24,1,5,0,1.64459287844138e-15,5.53386225732311e-11,288,0
32100,wave,apv,wave,v*dy(eta),8.79099208712915e-12,24,1,5,0,1.36760016914687e-15,2.77995404474041e-11,288,0
32100,wave,apv,wave,w*dz(eta),8.57387469639854e-12,24,1,5,0,1.62606007708315e-15,1.4941092807419e-10,288,0
32100,wave,apv,wave,w*eta*dlogN2,2.05626106089382e-11,24,1,5,0,1.4153847782606e-15,5.58224577673627e-11,288,0
32100,apv,wave,wave,u*dx(u),0,-1,0,1,1,0,0,0,288
32100,apv,wave,wave,v*dy(u),5.81147594917764e-11,5,0,24,-1,2.00883339955793e-15,7.90573103992698e-12,288,0
32100,apv,wave,wave,w*dz(u),0,-1,0,1,1,0,0,0,288
32100,apv,wave,wave,u*dx(v),0,-1,0,1,1,0,0,0,288
32100,apv,wave,wave,v*dy(v),5.86757462172908e-11,5,0,24,1,2.34322843869495e-15,1.18002601297648e-11,288,0
32100,apv,wave,wave,w*dz(v),0,-1,0,1,1,0,0,0,288
32100,apv,wave,wave,u*dx(w),0,-1,0,1,1,0,0,0,288
32100,apv,wave,wave,v*dy(w),1.49615503933645e-13,5,0,24,1,5.55111512312578e-16,8.33333402283642e-12,288,0
32100,apv,wave,wave,w*dz(w),0,-1,0,1,1,0,0,0,288
32100,apv,wave,wave,u*dx(eta),0,-1,0,1,1,0,0,0,288
32100,apv,wave,wave,v*dy(eta),8.57329109198517e-12,5,0,24,1,1.14156344268594e-15,6.74120891826015e-12,288,0
32100,apv,wave,wave,w*dz(eta),0,-1,0,1,1,0,0,0,288
32100,apv,wave,wave,w*eta*dlogN2,0,-1,0,1,1,0,0,0,288
32100,wave,boundary,wave,u*dx(u),1.92919666810754e-14,1,1,1,0,1.54641537011873e-15,5.78757042291045e-11,96,0
32100,wave,boundary,wave,v*dy(u),1.9304519255976e-14,1,1,1,0,2.00134744788602e-15,3.03366221032775e-11,96,0
32100,wave,boundary,wave,w*dz(u),2.08387773486222e-14,24,1,2,0,1.68166451026924e-15,5.57200952044923e-11,96,0
32100,wave,boundary,wave,u*dx(v),2.17635651295163e-14,1,1,1,0,2.16552678112675e-15,5.78757042291045e-11,96,0
32100,wave,boundary,wave,v*dy(v),2.1895354611644e-14,1,1,1,0,1.8781834113188e-15,3.15640707500639e-11,96,0
32100,wave,boundary,wave,w*dz(v),2.10995480884336e-14,24,1,2,0,1.49930804999297e-15,5.57198731598874e-11,96,0
32100,wave,boundary,wave,u*dx(w),0,1,1,1,0,0,0,0,96
32100,wave,boundary,wave,v*dy(w),0,1,1,1,0,0,0,0,96
32100,wave,boundary,wave,w*dz(w),0,1,1,1,0,0,0,0,96
32100,wave,boundary,wave,u*dx(eta),2.89696436505195e-15,24,1,2,0,5.83872560666068e-16,5.60753665723723e-11,96,0
32100,wave,boundary,wave,v*dy(eta),2.91496821416847e-15,24,1,2,0,5.81685141978661e-16,2.85362844465453e-11,96,0
32100,wave,boundary,wave,w*dz(eta),1.93882325320962e-15,22,1,2,0,1.26037152825847e-15,5.57789370247974e-11,96,0
32100,wave,boundary,wave,w*eta*dlogN2,1.82843755244267e-15,22,1,2,0,8.88178419700125e-16,5.57820456492664e-11,96,0
32100,boundary,wave,wave,u*dx(u),0,1,0,1,1,0,0,0,96
32100,boundary,wave,wave,v*dy(u),3.67728145967452e-13,2,0,24,1,2.2085894552085e-15,7.60258522802815e-12,96,0
32100,boundary,wave,wave,w*dz(u),0,1,0,1,1,0,0,0,96
32100,boundary,wave,wave,u*dx(v),0,1,0,1,1,0,0,0,96
32100,boundary,wave,wave,v*dy(v),3.70868984554342e-13,2,0,24,1,2.26177933965706e-15,7.60436158486755e-12,96,0
32100,boundary,wave,wave,w*dz(v),0,1,0,1,1,0,0,0,96
32100,boundary,wave,wave,u*dx(w),0,1,0,1,1,0,0,0,96
32100,boundary,wave,wave,v*dy(w),5.03850542408501e-16,1,0,24,1,5.55111512312578e-16,7.6234574208911e-12,96,0
32100,boundary,wave,wave,w*dz(w),0,1,0,1,1,0,0,0,96
32100,boundary,wave,wave,u*dx(eta),0,1,0,1,1,0,0,0,96
32100,boundary,wave,wave,v*dy(eta),5.1796907773262e-14,2,0,24,1,2.14738464404142e-15,3.85202980623944e-12,96,0
32100,boundary,wave,wave,w*dz(eta),0,1,0,1,1,0,0,0,96
32100,boundary,wave,wave,w*eta*dlogN2,0,1,0,1,1,0,0,0,96
32100,apv,boundary,wave,u*dx(u),0,-1,0,1,0,0,0,0,12
32100,apv,boundary,wave,v*dy(u),2.9172656958702e-15,5,0,1,0,1.1104163117711e-15,2.45758968731025e-11,12,0
32100,apv,boundary,wave,w*dz(u),0,-1,0,1,0,0,0,0,12
32100,apv,boundary,wave,u*dx(v),0,-1,0,1,0,0,0,0,12
32100,apv,boundary,wave,v*dy(v),4.65921504454304e-15,5,0,1,0,1.69066673706496e-15,2.45758968731025e-11,12,0
32100,apv,boundary,wave,w*dz(v),0,-1,0,1,0,0,0,0,12
32100,apv,boundary,wave,u*dx(w),0,-1,0,1,0,0,0,0,12
32100,apv,boundary,wave,v*dy(w),0,-1,0,1,0,0,0,0,12
32100,apv,boundary,wave,w*dz(w),0,-1,0,1,0,0,0,0,12
32100,apv,boundary,wave,u*dx(eta),0,-1,0,1,0,0,0,0,12
32100,apv,boundary,wave,v*dy(eta),8.24693280934944e-16,-1,0,2,0,7.17881040323476e-16,2.31337171641144e-11,12,0
32100,apv,boundary,wave,w*dz(eta),0,-1,0,1,0,0,0,0,12
32100,apv,boundary,wave,w*eta*dlogN2,0,-1,0,1,0,0,0,0,12
32100,boundary,apv,wave,u*dx(u),0,1,0,-1,0,0,0,0,12
32100,boundary,apv,wave,v*dy(u),4.04459596438439e-15,1,0,4,0,2.32183992251478e-15,3.74042862841823e-12,12,0
32100,boundary,apv,wave,w*dz(u),0,1,0,-1,0,0,0,0,12
32100,boundary,apv,wave,u*dx(v),0,1,0,-1,0,0,0,0,12
32100,boundary,apv,wave,v*dy(v),4.40449854632801e-15,1,0,4,0,1.69167033248582e-15,1.05866852787844e-11,12,0
32100,boundary,apv,wave,w*dz(v),0,1,0,-1,0,0,0,0,12
32100,boundary,apv,wave,u*dx(w),0,1,0,-1,0,0,0,0,12
32100,boundary,apv,wave,v*dy(w),0,1,0,-1,0,0,0,0,12
32100,boundary,apv,wave,w*dz(w),0,1,0,-1,0,0,0,0,12
32100,boundary,apv,wave,u*dx(eta),0,1,0,-1,0,0,0,0,12
32100,boundary,apv,wave,v*dy(eta),1.03641678570213e-15,1,0,1,0,1.30080927136467e-15,2.39368080647267e-11,12,0
32100,boundary,apv,wave,w*dz(eta),0,1,0,-1,0,0,0,0,12
32100,boundary,apv,wave,w*eta*dlogN2,0,1,0,-1,0,0,0,0,12
32100,boundary,boundary,wave,u*dx(u),0,1,0,1,0,0,0,0,4
32100,boundary,boundary,wave,v*dy(u),2.46374160314547e-15,2,0,1,0,7.73110241448153e-16,4.2428283109075e-12,4,0
32100,boundary,boundary,wave,w*dz(u),0,1,0,1,0,0,0,0,4
32100,boundary,boundary,wave,u*dx(v),0,1,0,1,0,0,0,0,4
32100,boundary,boundary,wave,v*dy(v),4.03605712481536e-15,1,0,1,0,1.25459574889385e-15,1.33210774756922e-11,4,0
32100,boundary,boundary,wave,w*dz(v),0,1,0,1,0,0,0,0,4
32100,boundary,boundary,wave,u*dx(w),0,1,0,1,0,0,0,0,4
32100,boundary,boundary,wave,v*dy(w),0,1,0,1,0,0,0,0,4
32100,boundary,boundary,wave,w*dz(w),0,1,0,1,0,0,0,0,4
32100,boundary,boundary,wave,u*dx(eta),0,1,0,1,0,0,0,0,4
32100,boundary,boundary,wave,v*dy(eta),7.77904643008282e-16,1,0,2,0,8.50489853409201e-16,3.60600438398251e-13,4,0
32100,boundary,boundary,wave,w*dz(eta),0,1,0,1,0,0,0,0,4
32100,boundary,boundary,wave,w*eta*dlogN2,0,1,0,1,0,0,0,0,4
31801,wave,wave,wave,u*dx(u),7.85201403219665e-07,24,1,23,1,3.58543847562206e-15,1.48056233939542e-10,1056,0
31801,wave,wave,wave,v*dy(u),7.85201403219665e-07,24,-1,23,1,3.58543847562206e-15,1.48056233939542e-10,1056,0
31801,wave,wave,wave,w*dz(u),7.85468760501235e-07,24,1,23,1,5.19058916101001e-14,8.8832584015402e-06,1056,0
31801,wave,wave,wave,u*dx(v),7.85201403219665e-07,24,-1,23,1,3.58543847562206e-15,1.48056233939542e-10,1056,0
31801,wave,wave,wave,v*dy(v),7.85201403219665e-07,24,1,23,1,3.58543847562206e-15,1.48056233939542e-10,1056,0
31801,wave,wave,wave,w*dz(v),7.85468760501235e-07,24,1,23,1,5.19058916101001e-14,8.8832584015402e-06,1056,0
31801,wave,wave,wave,u*dx(w),1.24443345766863e-09,24,1,24,1,9.99200722162641e-16,1.48301371183379e-10,1056,0
31801,wave,wave,wave,v*dy(w),1.24443345766863e-09,24,1,24,1,9.99200722162641e-16,1.48301371183379e-10,1056,0
31801,wave,wave,wave,w*dz(w),1.24443405691614e-09,24,1,24,1,8.88178419700125e-16,1.48413503708866e-10,1056,0
31801,wave,wave,wave,u*dx(eta),8.44220794883726e-08,24,1,24,1,1.44440402148483e-15,7.42363948091906e-11,1056,0
31801,wave,wave,wave,v*dy(eta),8.44220794883726e-08,24,1,24,1,1.44440402148483e-15,7.42363948091906e-11,1056,0
31801,wave,wave,wave,w*dz(eta),8.44221023058668e-08,24,1,24,1,1.53882734663339e-15,7.41267047743577e-11,1056,0
31801,wave,wave,wave,w*eta*dlogN2,5.09645260845465e-08,24,1,23,1,9.53168847051905e-16,7.42201855530311e-11,1056,0
31801,wave,apv,wave,u*dx(u),5.86360178261382e-11,24,1,5,0,2.24788788459328e-15,1.48492329543615e-11,288,0
31801,wave,apv,wave,v*dy(u),5.86360178261382e-11,24,1,5,0,2.24788788459328e-15,1.48492329543615e-11,288,0
31801,wave,apv,wave,w*dz(u),6.13341019534682e-11,24,1,5,0,2.22127309113275e-15,2.81551448821915e-11,288,0
31801,wave,apv,wave,u*dx(v),5.86360178261382e-11,24,1,5,0,2.24788788459328e-15,1.48492329543615e-11,288,0
31801,wave,apv,wave,v*dy(v),5.86360178261382e-11,24,1,5,0,2.24788788459328e-15,1.48492329543615e-11,288,0
31801,wave,apv,wave,w*dz(v),6.13341019534682e-11,24,1,5,0,2.22127309113275e-15,2.81551448821915e-11,288,0
31801,wave,apv,wave,u*dx(w),0,1,1,-1,0,0,0,0,288
31801,wave,apv,wave,v*dy(w),0,1,1,-1,0,0,0,0,288
31801,wave,apv,wave,w*dz(w),0,1,1,-1,0,0,0,0,288
31801,wave,apv,wave,u*dx(eta),3.68845462846279e-12,24,1,5,0,9.32908609194031e-16,3.34348104757964e-11,288,0
31801,wave,apv,wave,v*dy(eta),3.68845462846279e-12,24,1,5,0,9.32908609194031e-16,3.34348104757964e-11,288,0
31801,wave,apv,wave,w*dz(eta),3.59748174178952e-12,24,1,5,0,8.34870779957561e-16,2.19564033621111e-10,288,0
31801,wave,apv,wave,w*eta*dlogN2,8.62354879907537e-12,24,1,5,0,7.59736286824052e-16,2.90069079866839e-11,288,0
31801,apv,wave,wave,u*dx(u),5.86375746979052e-11,5,0,24,1,2.16505074349389e-15,1.4816659010819e-10,288,0
31801,apv,wave,wave,v*dy(u),5.86375746979052e-11,5,0,24,1,2.16505074349389e-15,1.4816659010819e-10,288,0
31801,apv,wave,wave,w*dz(u),0,-1,0,1,1,0,0,0,288
31801,apv,wave,wave,u*dx(v),5.86375746979052e-11,5,0,24,1,2.16505074349389e-15,1.4816659010819e-10,288,0
31801,apv,wave,wave,v*dy(v),5.86375746979052e-11,5,0,24,1,2.16505074349389e-15,1.4816659010819e-10,288,0
31801,apv,wave,wave,w*dz(v),0,-1,0,1,1,0,0,0,288
31801,apv,wave,wave,u*dx(w),6.22496018429946e-14,5,0,24,1,5.55111512312578e-16,1.48970835667228e-10,288,0
31801,apv,wave,wave,v*dy(w),6.22496018429946e-14,5,0,24,1,5.55111512312578e-16,1.48970835667228e-10,288,0
31801,apv,wave,wave,w*dz(w),0,-1,0,1,1,0,0,0,288
31801,apv,wave,wave,u*dx(eta),3.59699461557481e-12,5,0,24,1,7.75739429436523e-16,7.49376116715439e-11,288,0
31801,apv,wave,wave,v*dy(eta),3.59699461557481e-12,5,0,24,1,7.75739429436523e-16,7.49376116715439e-11,288,0
31801,apv,wave,wave,w*dz(eta),0,-1,0,1,1,0,0,0,288
31801,apv,wave,wave,w*eta*dlogN2,0,-1,0,1,1,0,0,0,288
31801,wave,boundary,wave,u*dx(u),8.50452836265016e-14,24,1,2,0,1.86427722359419e-15,1.91997528986576e-11,96,0
31801,wave,boundary,wave,v*dy(u),8.50452836265016e-14,24,1,2,0,1.86427722359419e-15,1.91997528986576e-11,96,0
31801,wave,boundary,wave,w*dz(u),8.86851693873577e-14,24,1,2,0,1.89482454147227e-15,1.47589718224594e-11,96,0
31801,wave,boundary,wave,u*dx(v),8.50452836265016e-14,24,1,2,0,1.86427722359419e-15,1.91997528986576e-11,96,0
31801,wave,boundary,wave,v*dy(v),8.50452836265016e-14,24,1,2,0,1.86427722359419e-15,1.91997528986576e-11,96,0
31801,wave,boundary,wave,w*dz(v),8.86851693873577e-14,24,1,2,0,1.89482454147227e-15,1.47589718224594e-11,96,0
31801,wave,boundary,wave,u*dx(w),0,1,1,1,0,0,0,0,96
31801,wave,boundary,wave,v*dy(w),0,1,1,1,0,0,0,0,96
31801,wave,boundary,wave,w*dz(w),0,1,1,1,0,0,0,0,96
31801,wave,boundary,wave,u*dx(eta),5.1899374910093e-15,24,1,2,0,5.55111512312578e-16,1.49457113352014e-11,96,0
31801,wave,boundary,wave,v*dy(eta),5.1899374910093e-15,24,1,2,0,5.55111512312578e-16,1.49457113352014e-11,96,0
31801,wave,boundary,wave,w*dz(eta),5.0312608223277e-15,24,1,2,0,1.06995959718901e-15,1.47547529749659e-11,96,0
31801,wave,boundary,wave,w*eta*dlogN2,4.39958633349863e-15,24,1,1,0,6.66133814775094e-16,1.47578615994348e-11,96,0
31801,boundary,wave,wave,u*dx(u),3.30549351945787e-13,2,0,24,1,1.94117904193337e-15,1.48033807434444e-10,96,0
31801,boundary,wave,wave,v*dy(u),3.30549351945787e-13,2,0,24,1,1.94117904193337e-15,1.48033807434444e-10,96,0
31801,boundary,wave,wave,w*dz(u),0,1,0,1,1,0,0,0,96
31801,boundary,wave,wave,u*dx(v),3.30549351945787e-13,2,0,24,1,1.94117904193337e-15,1.48033807434444e-10,96,0
31801,boundary,wave,wave,v*dy(v),3.30549351945787e-13,2,0,24,1,1.94117904193337e-15,1.48033807434444e-10,96,0
31801,boundary,wave,wave,w*dz(v),0,1,0,1,1,0,0,0,96
31801,boundary,wave,wave,u*dx(w),2.14142162083281e-16,1,0,24,1,5.55111512312578e-16,1.48050904869024e-10,96,0
31801,boundary,wave,wave,v*dy(w),2.14142162083281e-16,1,0,24,1,5.55111512312578e-16,1.48050904869024e-10,96,0
31801,boundary,wave,wave,w*dz(w),0,1,0,1,1,0,0,0,96
31801,boundary,wave,wave,u*dx(eta),1.9452820821208e-14,2,0,24,1,6.70884073868496e-16,7.39521777148866e-11,96,0
31801,boundary,wave,wave,v*dy(eta),1.9452820821208e-14,2,0,24,1,6.70884073868496e-16,7.39521777148866e-11,96,0
31801,boundary,wave,wave,w*dz(eta),0,1,0,1,1,0,0,0,96
31801,boundary,wave,wave,w*eta*dlogN2,0,1,0,1,1,0,0,0,96
31801,apv,boundary,wave,u*dx(u),3.70911290923447e-15,4,0,1,0,1.5055223550524e-15,2.16306972333768e-11,12,0
31801,apv,boundary,wave,v*dy(u),3.70911290923447e-15,4,0,1,0,1.5055223550524e-15,2.16306972333768e-11,12,0
31801,apv,boundary,wave,w*dz(u),0,-1,0,1,0,0,0,0,12
31801,apv,boundary,wave,u*dx(v),3.70911290923447e-15,4,0,1,0,1.5055223550524e-15,2.16306972333768e-11,12,0
31801,apv,boundary,wave,v*dy(v),3.70911290923447e-15,4,0,1,0,1.5055223550524e-15,2.16306972333768e-11,12,0
31801,apv,boundary,wave,w*dz(v),0,-1,0,1,0,0,0,0,12
31801,apv,boundary,wave,u*dx(w),0,-1,0,1,0,0,0,0,12
31801,apv,boundary,wave,v*dy(w),0,-1,0,1,0,0,0,0,12
31801,apv,boundary,wave,w*dz(w),0,-1,0,1,0,0,0,0,12
31801,apv,boundary,wave,u*dx(eta),4.75637924630335e-16,1,0,2,0,4.72644377740797e-16,2.07402983676275e-11,12,0
31801,apv,boundary,wave,v*dy(eta),4.75637924630335e-16,1,0,2,0,4.72644377740797e-16,2.07402983676275e-11,12,0
31801,apv,boundary,wave,w*dz(eta),0,-1,0,1,0,0,0,0,12
31801,apv,boundary,wave,w*eta*dlogN2,0,-1,0,1,0,0,0,0,12
31801,boundary,apv,wave,u*dx(u),4.38609093818905e-15,1,0,4,0,1.58388603012679e-15,9.74662904267292e-12,12,0
31801,boundary,apv,wave,v*dy(u),4.38609093818905e-15,1,0,4,0,1.58388603012679e-15,9.74662904267292e-12,12,0
31801,boundary,apv,wave,w*dz(u),0,1,0,-1,0,0,0,0,12
31801,boundary,apv,wave,u*dx(v),4.38609093818905e-15,1,0,4,0,1.58388603012679e-15,9.74662904267292e-12,12,0
31801,boundary,apv,wave,v*dy(v),4.38609093818905e-15,1,0,4,0,1.58388603012679e-15,9.74662904267292e-12,12,0
31801,boundary,apv,wave,w*dz(v),0,1,0,-1,0,0,0,0,12
31801,boundary,apv,wave,u*dx(w),0,1,0,-1,0,0,0,0,12
31801,boundary,apv,wave,v*dy(w),0,1,0,-1,0,0,0,0,12
31801,boundary,apv,wave,w*dz(w),0,1,0,-1,0,0,0,0,12
31801,boundary,apv,wave,u*dx(eta),9.36206211477825e-16,2,0,3,0,7.30440582627406e-16,2.21610507722403e-11,12,0
31801,boundary,apv,wave,v*dy(eta),9.36206211477825e-16,2,0,3,0,7.30440582627406e-16,2.21610507722403e-11,12,0
31801,boundary,apv,wave,w*dz(eta),0,1,0,-1,0,0,0,0,12
31801,boundary,apv,wave,w*eta*dlogN2,0,1,0,-1,0,0,0,0,12
31801,boundary,boundary,wave,u*dx(u),3.37922940202696e-15,2,0,1,0,1.40740300561967e-15,8.31332582751231e-12,4,0
31801,boundary,boundary,wave,v*dy(u),3.37922940202696e-15,2,0,1,0,1.40740300561967e-15,8.31332582751231e-12,4,0
31801,boundary,boundary,wave,w*dz(u),0,1,0,1,0,0,0,0,4
31801,boundary,boundary,wave,u*dx(v),3.37922940202696e-15,2,0,1,0,1.40740300561967e-15,8.31332582751231e-12,4,0
31801,boundary,boundary,wave,v*dy(v),3.37922940202696e-15,2,0,1,0,1.40740300561967e-15,8.31332582751231e-12,4,0
31801,boundary,boundary,wave,w*dz(v),0,1,0,1,0,0,0,0,4
31801,boundary,boundary,wave,u*dx(w),0,1,0,1,0,0,0,0,4
31801,boundary,boundary,wave,v*dy(w),0,1,0,1,0,0,0,0,4
31801,boundary,boundary,wave,w*dz(w),0,1,0,1,0,0,0,0,4
31801,boundary,boundary,wave,u*dx(eta),4.87746699302572e-16,2,0,1,0,3.11418692008143e-16,2.57201826841164e-12,4,0
31801,boundary,boundary,wave,v*dy(eta),4.87746699302572e-16,2,0,1,0,3.11418692008143e-16,2.57201826841164e-12,4,0
31801,boundary,boundary,wave,w*dz(eta),0,1,0,1,0,0,0,0,4
31801,boundary,boundary,wave,w*eta*dlogN2,0,1,0,1,0,0,0,0,4
16806,wave,wave,wave,u*dx(u),7.85202161568293e-07,24,1,23,1,3.5775059750407e-15,1.48043799441666e-10,1056,0
16806,wave,wave,wave,v*dy(u),7.85202161568293e-07,24,-1,23,1,3.5775059750407e-15,1.48043799441666e-10,1056,0
16806,wave,wave,wave,w*dz(u),7.85469520567027e-07,24,1,23,1,7.98734872346345e-15,7.51269812178727e-07,1056,0
16806,wave,wave,wave,u*dx(v),7.85202161568293e-07,24,-1,23,1,3.5775059750407e-15,1.48043799441666e-10,1056,0
16806,wave,wave,wave,v*dy(v),7.85202161568293e-07,24,1,23,1,3.5775059750407e-15,1.48043799441666e-10,1056,0
16806,wave,wave,wave,w*dz(v),7.85469520567027e-07,24,1,23,1,7.98734872346345e-15,7.51269812178727e-07,1056,0
16806,wave,wave,wave,u*dx(w),1.24443442661392e-09,24,1,24,1,8.88178419700125e-16,1.48428380697396e-10,1056,0
16806,wave,wave,wave,v*dy(w),1.24443442661392e-09,24,1,24,1,8.88178419700125e-16,1.48428380697396e-10,1056,0
16806,wave,wave,wave,w*dz(w),1.24443574508111e-09,24,1,24,1,9.99200722162641e-16,1.48276058098418e-10,1056,0
16806,wave,wave,wave,u*dx(eta),8.4422158446423e-08,24,1,24,1,1.11022302462516e-15,1.48162815349906e-10,1056,0
16806,wave,wave,wave,v*dy(eta),8.4422158446423e-08,24,1,24,1,1.11022302462516e-15,1.48162815349906e-10,1056,0
16806,wave,wave,wave,w*dz(eta),8.44222086499797e-08,24,1,24,1,1.4915844657401e-15,1.48256074083974e-10,1056,0
16806,wave,wave,wave,w*eta*dlogN2,5.09646026338155e-08,24,1,23,1,1.45135137275189e-15,1.48246748210568e-10,1056,0
16806,wave,apv,wave,u*dx(u),5.86376435127588e-11,24,1,5,0,2.29374610064475e-15,1.481670341974e-10,288,0
16806,wave,apv,wave,v*dy(u),5.86376435127588e-11,24,1,5,0,2.29374610064475e-15,1.481670341974e-10,288,0
16806,wave,apv,wave,w*dz(u),6.13358080409514e-11,24,1,5,0,2.47388248629395e-15,1.48221657170211e-10,288,0
16806,wave,apv,wave,u*dx(v),5.86376435127588e-11,24,1,5,0,2.29374610064475e-15,1.481670341974e-10,288,0
16806,wave,apv,wave,v*dy(v),5.86376435127588e-11,24,1,5,0,2.29374610064475e-15,1.481670341974e-10,288,0
16806,wave,apv,wave,w*dz(v),6.13358080409514e-11,24,1,5,0,2.47388248629395e-15,1.48221657170211e-10,288,0
16806,wave,apv,wave,u*dx(w),0,1,1,-1,0,0,0,0,288
16806,wave,apv,wave,v*dy(w),0,1,1,-1,0,0,0,0,288
16806,wave,apv,wave,w*dz(w),0,1,1,-1,0,0,0,0,288
16806,wave,apv,wave,u*dx(eta),3.68855463764538e-12,24,1,5,0,9.11917141243262e-16,1.48149270629006e-10,288,0
16806,wave,apv,wave,v*dy(eta),3.68855463764538e-12,24,1,5,0,9.11917141243262e-16,1.48149270629006e-10,288,0
16806,wave,apv,wave,w*dz(eta),3.5975779423824e-12,24,1,5,0,1.03686213755323e-15,1.75357728338099e-10,288,0
16806,wave,apv,wave,w*eta*dlogN2,8.62359111129598e-12,24,1,5,0,1.69625482767771e-15,1.48577372627301e-10,288,0
16806,apv,wave,wave,u*dx(u),5.86410463148679e-11,5,0,24,1,2.29557676588195e-15,2.68306488138137e-11,288,0
16806,apv,wave,wave,v*dy(u),5.86410463148679e-11,5,0,24,1,2.29557676588195e-15,2.68306488138137e-11,288,0
16806,apv,wave,wave,w*dz(u),0,-1,0,1,1,0,0,0,288
16806,apv,wave,wave,u*dx(v),5.86410463148679e-11,5,0,24,1,2.29557676588195e-15,2.68306488138137e-11,288,0
16806,apv,wave,wave,v*dy(v),5.86410463148679e-11,5,0,24,1,2.29557676588195e-15,2.68306488138137e-11,288,0
16806,apv,wave,wave,w*dz(v),0,-1,0,1,1,0,0,0,288
16806,apv,wave,wave,u*dx(w),6.22473981361867e-14,5,0,24,1,4.44089209850063e-16,3.15161230446392e-11,288,0
16806,apv,wave,wave,v*dy(w),6.22473981361867e-14,5,0,24,1,4.44089209850063e-16,3.15161230446392e-11,288,0
16806,apv,wave,wave,w*dz(w),0,-1,0,1,1,0,0,0,288
16806,apv,wave,wave,u*dx(eta),3.59719361492164e-12,5,0,24,1,1.06425322849127e-15,1.87875270896143e-11,288,0
16806,apv,wave,wave,v*dy(eta),3.59719361492164e-12,5,0,24,1,1.06425322849127e-15,1.87875270896143e-11,288,0
16806,apv,wave,wave,w*dz(eta),0,-1,0,1,1,0,0,0,288
16806,apv,wave,wave,w*eta*dlogN2,0,-1,0,1,1,0,0,0,288
16806,wave,boundary,wave,u*dx(u),2.08961163523977e-14,1,1,1,0,1.8920454104843e-15,1.49151135886427e-10,96,0
16806,wave,boundary,wave,v*dy(u),2.08961163523977e-14,1,1,1,0,1.8920454104843e-15,1.49151135886427e-10,96,0
16806,wave,boundary,wave,w*dz(u),2.29109388452639e-14,24,1,2,0,1.52407772959844e-15,1.4831225136902e-10,96,0
16806,wave,boundary,wave,u*dx(v),2.08961163523977e-14,1,1,1,0,1.8920454104843e-15,1.49151135886427e-10,96,0
16806,wave,boundary,wave,v*dy(v),2.08961163523977e-14,1,1,1,0,1.8920454104843e-15,1.49151135886427e-10,96,0
16806,wave,boundary,wave,w*dz(v),2.29109388452639e-14,24,1,2,0,1.52407772959844e-15,1.4831225136902e-10,96,0
16806,wave,boundary,wave,u*dx(w),0,1,1,1,0,0,0,0,96
16806,wave,boundary,wave,v*dy(w),0,1,1,1,0,0,0,0,96
16806,wave,boundary,wave,w*dz(w),0,1,1,1,0,0,0,0,96
16806,wave,boundary,wave,u*dx(eta),1.35659741664266e-15,24,1,2,0,5.55111512312578e-16,1.4822387761626e-10,96,0
16806,wave,boundary,wave,v*dy(eta),1.35659741664266e-15,24,1,2,0,5.55111512312578e-16,1.4822387761626e-10,96,0
16806,wave,boundary,wave,w*dz(eta),9.97266110876374e-16,24,1,2,0,7.72559752311752e-16,1.48395074006658e-10,96,0
16806,wave,boundary,wave,w*eta*dlogN2,8.99246555762516e-16,22,1,2,0,4.82548240342585e-16,1.48308254566132e-10,96,0
16806,boundary,wave,wave,u*dx(u),8.50225840335103e-14,2,0,24,1,1.666040712962e-15,3.07147640654648e-11,96,0
16806,boundary,wave,wave,v*dy(u),8.50225840335103e-14,2,0,24,1,1.666040712962e-15,3.07147640654648e-11,96,0
16806,boundary,wave,wave,w*dz(u),0,1,0,1,1,0,0,0,96
16806,boundary,wave,wave,u*dx(v),8.50225840335103e-14,2,0,24,1,1.666040712962e-15,3.07147640654648e-11,96,0
16806,boundary,wave,wave,v*dy(v),8.50225840335103e-14,2,0,24,1,1.666040712962e-15,3.07147640654648e-11,96,0
16806,boundary,wave,wave,w*dz(v),0,1,0,1,1,0,0,0,96
16806,boundary,wave,wave,u*dx(w),6.00277154709265e-17,2,0,24,1,4.44089209850063e-16,3.05118152965633e-11,96,0
16806,boundary,wave,wave,v*dy(w),6.00277154709265e-17,2,0,24,1,4.44089209850063e-16,3.05118152965633e-11,96,0
16806,boundary,wave,wave,w*dz(w),0,1,0,1,1,0,0,0,96
16806,boundary,wave,wave,u*dx(eta),4.98631661770695e-15,2,0,24,1,6.16436934145456e-16,1.68324243432494e-11,96,0
16806,boundary,wave,wave,v*dy(eta),4.98631661770695e-15,2,0,24,1,6.16436934145456e-16,1.68324243432494e-11,96,0
16806,boundary,wave,wave,w*dz(eta),0,1,0,1,1,0,0,0,96
16806,boundary,wave,wave,w*eta*dlogN2,0,1,0,1,1,0,0,0,96
16806,apv,boundary,wave,u*dx(u),3.99996238791094e-15,5,0,1,0,1.83603270333081e-15,2.40369946169494e-11,12,0
16806,apv,boundary,wave,v*dy(u),3.99996238791094e-15,5,0,1,0,1.83603270333081e-15,2.40369946169494e-11,12,0
16806,apv,boundary,wave,w*dz(u),0,-1,0,1,0,0,0,0,12
16806,apv,boundary,wave,u*dx(v),3.99996238791094e-15,5,0,1,0,1.83603270333081e-15,2.40369946169494e-11,12,0
16806,apv,boundary,wave,v*dy(v),3.99996238791094e-15,5,0,1,0,1.83603270333081e-15,2.40369946169494e-11,12,0
16806,apv,boundary,wave,w*dz(v),0,-1,0,1,0,0,0,0,12
16806,apv,boundary,wave,u*dx(w),0,-1,0,1,0,0,0,0,12
16806,apv,boundary,wave,v*dy(w),0,-1,0,1,0,0,0,0,12
16806,apv,boundary,wave,w*dz(w),0,-1,0,1,0,0,0,0,12
16806,apv,boundary,wave,u*dx(eta),3.13558494593724e-16,-1,0,2,0,3.82030357556723e-16,2.30035990256283e-11,12,0
16806,apv,boundary,wave,v*dy(eta),3.13558494593724e-16,-1,0,2,0,3.82030357556723e-16,2.30035990256283e-11,12,0
16806,apv,boundary,wave,w*dz(eta),0,-1,0,1,0,0,0,0,12
16806,apv,boundary,wave,w*eta*dlogN2,0,-1,0,1,0,0,0,0,12
16806,boundary,apv,wave,u*dx(u),3.74913260462978e-15,1,0,4,0,1.71268487527018e-15,2.16309192779818e-11,12,0
16806,boundary,apv,wave,v*dy(u),3.74913260462978e-15,1,0,4,0,1.71268487527018e-15,2.16309192779818e-11,12,0
16806,boundary,apv,wave,w*dz(u),0,1,0,-1,0,0,0,0,12
16806,boundary,apv,wave,u*dx(v),3.74913260462978e-15,1,0,4,0,1.71268487527018e-15,2.16309192779818e-11,12,0
16806,boundary,apv,wave,v*dy(v),3.74913260462978e-15,1,0,4,0,1.71268487527018e-15,2.16309192779818e-11,12,0
16806,boundary,apv,wave,w*dz(v),0,1,0,-1,0,0,0,0,12
16806,boundary,apv,wave,u*dx(w),0,1,0,-1,0,0,0,0,12
16806,boundary,apv,wave,v*dy(w),0,1,0,-1,0,0,0,0,12
16806,boundary,apv,wave,w*dz(w),0,1,0,-1,0,0,0,0,12
16806,boundary,apv,wave,u*dx(eta),6.3207310806791e-16,2,0,3,0,7.15173184766855e-16,2.35099717471599e-11,12,0
16806,boundary,apv,wave,v*dy(eta),6.3207310806791e-16,2,0,3,0,7.15173184766855e-16,2.35099717471599e-11,12,0
16806,boundary,apv,wave,w*dz(eta),0,1,0,-1,0,0,0,0,12
16806,boundary,apv,wave,w*eta*dlogN2,0,1,0,-1,0,0,0,0,12
16806,boundary,boundary,wave,u*dx(u),4.06515527556397e-15,2,0,1,0,1.97558685662261e-15,3.51077833471436e-10,4,0
16806,boundary,boundary,wave,v*dy(u),4.06515527556397e-15,2,0,1,0,1.97558685662261e-15,3.51077833471436e-10,4,0
16806,boundary,boundary,wave,w*dz(u),0,1,0,1,0,0,0,0,4
16806,boundary,boundary,wave,u*dx(v),4.06515527556397e-15,2,0,1,0,1.97558685662261e-15,3.51077833471436e-10,4,0
16806,boundary,boundary,wave,v*dy(v),4.06515527556397e-15,2,0,1,0,1.97558685662261e-15,3.51077833471436e-10,4,0
16806,boundary,boundary,wave,w*dz(v),0,1,0,1,0,0,0,0,4
16806,boundary,boundary,wave,u*dx(w),0,1,0,1,0,0,0,0,4
16806,boundary,boundary,wave,v*dy(w),0,1,0,1,0,0,0,0,4
16806,boundary,boundary,wave,w*dz(w),0,1,0,1,0,0,0,0,4
16806,boundary,boundary,wave,u*dx(eta),7.89706761173161e-16,1,0,2,0,6.20340678795059e-16,3.55993901024476e-10,4,0
16806,boundary,boundary,wave,v*dy(eta),7.89706761173161e-16,1,0,2,0,6.20340678795059e-16,3.55993901024476e-10,4,0
16806,boundary,boundary,wave,w*dz(eta),0,1,0,1,0,0,0,0,4
16806,boundary,boundary,wave,w*eta*dlogN2,0,1,0,1,0,0,0,0,4
16685,wave,wave,wave,u*dx(u),0,1,1,1,1,0,0,0,1056
16685,wave,wave,wave,v*dy(u),7.85203426831728e-07,23,1,24,1,3.56786288618419e-15,1.75870429330871e-10,1056,0
16685,wave,wave,wave,w*dz(u),7.85470687071473e-07,23,1,24,1,2.03950094598944e-14,2.03858795440754e-06,1056,0
16685,wave,wave,wave,u*dx(v),0,1,1,1,1,0,0,0,1056
16685,wave,wave,wave,v*dy(v),7.84416969403327e-07,23,1,24,1,3.51702934594551e-15,2.03409289412093e-10,1056,0
16685,wave,wave,wave,w*dz(v),7.84683830599184e-07,23,1,24,1,2.02265707393449e-14,2.01034852620938e-06,1056,0
16685,wave,wave,wave,u*dx(w),0,1,1,1,1,0,0,0,1056
16685,wave,wave,wave,v*dy(w),1.46657925546347e-09,24,1,24,1,9.99200722162641e-16,2.03337569004702e-10,1056,0
16685,wave,wave,wave,w*dz(w),1.46657852552373e-09,24,1,24,1,9.99200722162641e-16,2.03203676107933e-10,1056,0
16685,wave,wave,wave,u*dx(eta),0,1,1,1,1,0,0,0,1056
16685,wave,wave,wave,v*dy(eta),9.93728838708772e-08,24,1,24,1,1.26879025626821e-15,1.75714109929004e-10,1056,0
16685,wave,wave,wave,w*dz(eta),9.93728561129277e-08,24,1,24,1,1.65271721570538e-15,1.75497838483807e-10,1056,0
16685,wave,wave,wave,w*eta*dlogN2,5.99953920162836e-08,23,1,24,1,1.15483953501637e-15,1.76049619327046e-10,1056,0
16685,wave,apv,wave,u*dx(u),0,1,1,-1,0,0,0,0,288
16685,wave,apv,wave,v*dy(u),5.86380191655684e-11,24,1,5,0,2.30301163342431e-15,1.4816659010819e-10,288,0
16685,wave,apv,wave,w*dz(u),6.13363470682698e-11,24,1,5,0,2.19375205906593e-15,1.48221657170211e-10,288,0
16685,wave,apv,wave,u*dx(v),0,1,1,-1,0,0,0,0,288
16685,wave,apv,wave,v*dy(v),0,1,1,-1,0,0,0,0,288
16685,wave,apv,wave,w*dz(v),0,1,1,-1,0,0,0,0,288
16685,wave,apv,wave,u*dx(w),0,1,1,-1,0,0,0,0,288
16685,wave,apv,wave,v*dy(w),0,1,1,-1,0,0,0,0,288
16685,wave,apv,wave,w*dz(w),0,1,1,-1,0,0,0,0,288
16685,wave,apv,wave,u*dx(eta),0,1,1,-1,0,0,0,0,288
16685,wave,apv,wave,v*dy(eta),4.34397946478927e-12,24,1,5,0,9.61235453985909e-16,1.48149270629006e-10,288,0
16685,wave,apv,wave,w*dz(eta),4.23681866415295e-12,24,1,5,0,9.1918436882119e-16,1.75357728338099e-10,288,0
16685,wave,apv,wave,w*eta*dlogN2,1.01562873493657e-11,24,1,5,0,1.32204646097551e-15,1.48577372627301e-10,288,0
16685,apv,wave,wave,u*dx(u),0,-1,0,1,1,0,0,0,288
16685,apv,wave,wave,v*dy(u),5.86364783793911e-11,5,0,24,1,2.24979412939544e-15,2.77042833118912e-11,288,0
16685,apv,wave,wave,w*dz(u),0,-1,0,1,1,0,0,0,288
16685,apv,wave,wave,u*dx(v),0,-1,0,1,1,0,0,0,288
16685,apv,wave,wave,v*dy(v),5.85950614470425e-11,5,0,24,1,2.30845967104207e-15,5.52433654377182e-11,288,0
16685,apv,wave,wave,w*dz(v),0,-1,0,1,1,0,0,0,288
16685,apv,wave,wave,u*dx(w),0,-1,0,1,1,0,0,0,288
16685,apv,wave,wave,v*dy(w),7.33629191696544e-14,5,0,24,1,6.66133814775094e-16,5.62074831123027e-11,288,0
16685,apv,wave,wave,w*dz(w),0,-1,0,1,1,0,0,0,288
16685,apv,wave,wave,u*dx(eta),0,-1,0,1,1,0,0,0,288
16685,apv,wave,wave,v*dy(eta),4.23602994481259e-12,5,0,24,1,1.00250521621495e-15,2.86790591275121e-11,288,0
16685,apv,wave,wave,w*dz(eta),0,-1,0,1,1,0,0,0,288
16685,apv,wave,wave,w*eta*dlogN2,0,-1,0,1,1,0,0,0,288
16685,wave,boundary,wave,u*dx(u),0,1,1,1,0,0,0,0,96
16685,wave,boundary,wave,v*dy(u),3.69540991641866e-13,24,1,2,0,2.26813521918975e-15,1.48204781780237e-10,96,0
16685,wave,boundary,wave,w*dz(u),3.5334009382494e-13,24,1,1,0,1.97779705389623e-15,1.482978184697e-10,96,0
16685,wave,boundary,wave,u*dx(v),0,1,1,1,0,0,0,0,96
16685,wave,boundary,wave,v*dy(v),0,1,1,1,0,0,0,0,96
16685,wave,boundary,wave,w*dz(v),0,1,1,1,0,0,0,0,96
16685,wave,boundary,wave,u*dx(w),0,1,1,1,0,0,0,0,96
16685,wave,boundary,wave,v*dy(w),0,1,1,1,0,0,0,0,96
16685,wave,boundary,wave,w*dz(w),0,1,1,1,0,0,0,0,96
16685,wave,boundary,wave,u*dx(eta),0,1,1,1,0,0,0,0,96
16685,wave,boundary,wave,v*dy(eta),2.43671086248497e-14,24,1,1,0,7.8469112971658e-16,1.48277168321442e-10,96,0
16685,wave,boundary,wave,w*dz(eta),2.56230581809728e-14,24,1,2,0,7.31058231870201e-16,1.48212775386014e-10,96,0
16685,wave,boundary,wave,w*eta*dlogN2,2.7103370413949e-14,24,1,1,0,7.40015353479937e-16,1.48331347205044e-10,96,0
16685,boundary,wave,wave,u*dx(u),0,1,0,1,1,0,0,0,96
16685,boundary,wave,wave,v*dy(u),8.5722236314958e-14,2,0,24,1,2.15941065920877e-15,2.88880031007466e-11,96,0
16685,boundary,wave,wave,w*dz(u),0,1,0,1,1,0,0,0,96
16685,boundary,wave,wave,u*dx(v),0,1,0,1,1,0,0,0,96
16685,boundary,wave,wave,v*dy(v),8.560292906236e-14,2,0,24,1,1.84152369806653e-15,5.64268631819687e-11,96,0
16685,boundary,wave,wave,w*dz(v),0,1,0,1,1,0,0,0,96
16685,boundary,wave,wave,u*dx(w),0,1,0,1,1,0,0,0,96
16685,boundary,wave,wave,v*dy(w),7.13155697617356e-17,2,0,24,1,6.66133814775094e-16,5.73863179198497e-11,96,0
16685,boundary,wave,wave,w*dz(w),0,1,0,1,1,0,0,0,96
16685,boundary,wave,wave,u*dx(eta),0,1,0,1,1,0,0,0,96
16685,boundary,wave,wave,v*dy(eta),5.97764033182812e-15,2,0,24,1,8.02773585690618e-16,3.06115133241747e-11,96,0
16685,boundary,wave,wave,w*dz(eta),0,1,0,1,1,0,0,0,96
16685,boundary,wave,wave,w*eta*dlogN2,0,1,0,1,1,0,0,0,96
16685,apv,boundary,wave,u*dx(u),0,-1,0,1,0,0,0,0,12
16685,apv,boundary,wave,v*dy(u),4.41205484376642e-15,4,0,1,0,1.90541251061989e-15,9.23269944248832e-12,12,0
16685,apv,boundary,wave,w*dz(u),0,-1,0,1,0,0,0,0,12
16685,apv,boundary,wave,u*dx(v),0,-1,0,1,0,0,0,0,12
16685,apv,boundary,wave,v*dy(v),0,-1,0,1,0,0,0,0,12
16685,apv,boundary,wave,w*dz(v),0,-1,0,1,0,0,0,0,12
16685,apv,boundary,wave,u*dx(w),0,-1,0,1,0,0,0,0,12
16685,apv,boundary,wave,v*dy(w),0,-1,0,1,0,0,0,0,12
16685,apv,boundary,wave,w*dz(w),0,-1,0,1,0,0,0,0,12
16685,apv,boundary,wave,u*dx(eta),0,-1,0,1,0,0,0,0,12
16685,apv,boundary,wave,v*dy(eta),7.63044266941139e-16,4,0,2,0,7.1531713145555e-16,9.31166255213611e-12,12,0
16685,apv,boundary,wave,w*dz(eta),0,-1,0,1,0,0,0,0,12
16685,apv,boundary,wave,w*eta*dlogN2,0,-1,0,1,0,0,0,0,12
16685,boundary,apv,wave,u*dx(u),0,1,0,-1,0,0,0,0,12
16685,boundary,apv,wave,v*dy(u),3.82749486305904e-15,1,0,4,0,1.20980790879278e-15,2.16306972333768e-11,12,0
16685,boundary,apv,wave,w*dz(u),0,1,0,-1,0,0,0,0,12
16685,boundary,apv,wave,u*dx(v),0,1,0,-1,0,0,0,0,12
16685,boundary,apv,wave,v*dy(v),0,1,0,-1,0,0,0,0,12
16685,boundary,apv,wave,w*dz(v),0,1,0,-1,0,0,0,0,12
16685,boundary,apv,wave,u*dx(w),0,1,0,-1,0,0,0,0,12
16685,boundary,apv,wave,v*dy(w),0,1,0,-1,0,0,0,0,12
16685,boundary,apv,wave,w*dz(w),0,1,0,-1,0,0,0,0,12
16685,boundary,apv,wave,u*dx(eta),0,1,0,-1,0,0,0,0,12
16685,boundary,apv,wave,v*dy(eta),7.67246520744122e-16,2,0,2,0,7.99534578283854e-16,2.5208931572369e-11,12,0
16685,boundary,apv,wave,w*dz(eta),0,1,0,-1,0,0,0,0,12
16685,boundary,apv,wave,w*eta*dlogN2,0,1,0,-1,0,0,0,0,12
16685,boundary,boundary,wave,u*dx(u),0,1,0,1,0,0,0,0,4
16685,boundary,boundary,wave,v*dy(u),3.32505822849617e-15,1,0,2,0,1.81603068367144e-15,7.94486004983825e-12,4,0
16685,boundary,boundary,wave,w*dz(u),0,1,0,1,0,0,0,0,4
16685,boundary,boundary,wave,u*dx(v),0,1,0,1,0,0,0,0,4
16685,boundary,boundary,wave,v*dy(v),0,1,0,1,0,0,0,0,4
16685,boundary,boundary,wave,w*dz(v),0,1,0,1,0,0,0,0,4
16685,boundary,boundary,wave,u*dx(w),0,1,0,1,0,0,0,0,4
16685,boundary,boundary,wave,v*dy(w),0,1,0,1,0,0,0,0,4
16685,boundary,boundary,wave,w*dz(w),0,1,0,1,0,0,0,0,4
16685,boundary,boundary,wave,u*dx(eta),0,1,0,1,0,0,0,0,4
16685,boundary,boundary,wave,v*dy(eta),5.67181707193741e-16,1,0,2,0,7.16513840190061e-16,2.49820619439201e-11,4,0
16685,boundary,boundary,wave,w*dz(eta),0,1,0,1,0,0,0,0,4
16685,boundary,boundary,wave,w*eta*dlogN2,0,1,0,1,0,0,0,0,4
1903,wave,wave,wave,u*dx(u),7.84426017800807e-07,23,1,24,1,3.64455209378947e-15,2.19248175170605e-10,1056,0
1903,wave,wave,wave,v*dy(u),7.84426017835438e-07,23,1,24,1,3.61589688913394e-15,1.83674409015566e-10,1056,0
1903,wave,wave,wave,w*dz(u),7.84692794673387e-07,23,1,24,1,5.16481394031643e-14,8.8621608080885e-06,1056,0
1903,wave,wave,wave,u*dx(v),7.83418610915106e-07,23,1,24,1,3.53660003986015e-15,2.19248175170605e-10,1056,0
1903,wave,wave,wave,v*dy(v),7.83418610936898e-07,23,1,24,1,3.52762284469368e-15,1.83674409015566e-10,1056,0
1903,wave,wave,wave,w*dz(v),7.8368487783042e-07,23,1,24,1,5.13810098584262e-14,8.73696721866152e-06,1056,0
1903,wave,wave,wave,u*dx(w),1.8781387810073e-09,24,1,24,1,8.88178419700125e-16,2.18772555626856e-10,1056,0
1903,wave,wave,wave,v*dy(w),1.878138781015e-09,24,1,24,1,1.11022302462516e-15,1.83198789471817e-10,1056,0
1903,wave,wave,wave,w*dz(w),1.87813730363539e-09,24,1,24,1,9.99200722162641e-16,2.19330553719033e-10,1056,0
1903,wave,wave,wave,u*dx(eta),1.26911938911139e-07,24,1,24,1,1.36006212918061e-15,1.44557255055133e-10,1056,0
1903,wave,wave,wave,v*dy(eta),1.26911938910039e-07,24,1,24,1,1.52338656534624e-15,1.08983710944699e-10,1056,0
1903,wave,wave,wave,w*dz(eta),1.26911882892809e-07,24,1,24,1,2.0104834915233e-15,1.45148559838049e-10,1056,0
1903,wave,wave,wave,w*eta*dlogN2,7.66370184394137e-08,23,1,24,1,1.67306629357026e-15,1.45434997378402e-10,1056,0
1903,wave,apv,wave,u*dx(u),5.86004063330204e-11,24,1,5,0,2.3525540607907e-15,7.12456760254554e-11,288,0
1903,wave,apv,wave,v*dy(u),5.86004508157249e-11,24,1,5,0,2.1755830385153e-15,3.5672353959626e-11,288,0
1903,wave,apv,wave,w*dz(u),6.12971381018281e-11,24,1,5,0,2.21749958171929e-15,7.1392003420101e-11,288,0
1903,wave,apv,wave,u*dx(v),5.85472587071626e-11,24,1,5,0,2.11179421606525e-15,7.12456760254554e-11,288,0
1903,wave,apv,wave,v*dy(v),5.85473005006984e-11,24,1,5,0,2.25901612594149e-15,3.5672353959626e-11,288,0
1903,wave,apv,wave,w*dz(v),6.1241908899667e-11,24,1,5,0,2.31911968393665e-15,7.1392003420101e-11,288,0
1903,wave,apv,wave,u*dx(w),0,1,1,-1,0,0,0,0,288
1903,wave,apv,wave,v*dy(w),0,1,1,-1,0,0,0,0,288
1903,wave,apv,wave,w*dz(w),0,1,1,-1,0,0,0,0,288
1903,wave,apv,wave,u*dx(eta),5.55441736761173e-12,24,1,5,0,1.1553479401913e-15,7.09454717195968e-11,288,0
1903,wave,apv,wave,v*dy(eta),5.55442158189859e-12,24,1,5,0,1.0561206673946e-15,3.53717055645575e-11,288,0
1903,wave,apv,wave,w*dz(eta),5.41735407964694e-12,24,1,5,0,1.22833446023306e-15,1.33827171566736e-10,288,0
1903,wave,apv,wave,w*eta*dlogN2,1.2987042675447e-11,24,1,5,0,1.30595940912446e-15,7.17730319621523e-11,288,0
1903,apv,wave,wave,u*dx(u),0,-1,0,1,1,0,0,0,288
1903,apv,wave,wave,v*dy(u),5.8597851833984e-11,5,0,24,1,2.32789195901935e-15,1.48166812152795e-10,288,0
1903,apv,wave,wave,w*dz(u),0,-1,0,1,1,0,0,0,288
1903,apv,wave,wave,u*dx(v),0,-1,0,1,1,0,0,0,288
1903,apv,wave,wave,v*dy(v),5.85447379920758e-11,5,0,24,-1,2.18614971623312e-15,1.48166812152795e-10,288,0
1903,apv,wave,wave,w*dz(v),0,-1,0,1,1,0,0,0,288
1903,apv,wave,wave,u*dx(w),0,-1,0,1,1,0,0,0,288
1903,apv,wave,wave,v*dy(w),9.39479053984415e-14,5,0,24,1,6.66133814775094e-16,1.48970835667228e-10,288,0
1903,apv,wave,wave,w*dz(w),0,-1,0,1,1,0,0,0,288
1903,apv,wave,wave,u*dx(eta),0,-1,0,1,1,0,0,0,288
1903,apv,wave,wave,v*dy(eta),5.41626923659255e-12,5,0,24,1,8.93092534267736e-16,7.49378337161488e-11,288,0
1903,apv,wave,wave,w*dz(eta),0,-1,0,1,1,0,0,0,288
1903,apv,wave,wave,w*eta*dlogN2,0,-1,0,1,1,0,0,0,288
1903,wave,boundary,wave,u*dx(u),8.49934620025892e-14,24,1,2,0,2.03584288794156e-15,7.29130089638375e-11,96,0
1903,wave,boundary,wave,v*dy(u),8.51389679326205e-14,24,1,2,0,2.10340723380219e-15,3.73390207641933e-11,96,0
1903,wave,boundary,wave,w*dz(u),8.85685826872328e-14,24,1,2,0,1.67157932942213e-15,7.20152826261256e-11,96,0
1903,wave,boundary,wave,u*dx(v),8.55011410986081e-14,24,1,2,0,1.87629447564381e-15,7.29130089638375e-11,96,0
1903,wave,boundary,wave,v*dy(v),8.49115701754505e-14,24,1,2,0,1.92213369553768e-15,3.73390207641933e-11,96,0
1903,wave,boundary,wave,w*dz(v),8.85162234804231e-14,24,1,2,0,1.78282601768615e-15,7.20152826261256e-11,96,0
1903,wave,boundary,wave,u*dx(w),0,1,1,1,0,0,0,0,96
1903,wave,boundary,wave,v*dy(w),0,1,1,1,0,0,0,0,96
1903,wave,boundary,wave,w*dz(w),0,1,1,1,0,0,0,0,96
1903,wave,boundary,wave,u*dx(eta),7.8248597562629e-15,24,1,2,0,6.66133814775094e-16,7.22377713202604e-11,96,0
1903,wave,boundary,wave,v*dy(eta),7.80393912742914e-15,24,1,2,0,7.12678709482827e-16,3.66640051652212e-11,96,0
1903,wave,boundary,wave,w*dz(eta),7.60457750133285e-15,24,1,2,0,1.15475796992498e-15,7.19595494302894e-11,96,0
1903,wave,boundary,wave,w*eta*dlogN2,6.64596731708027e-15,24,1,1,0,1.1581550270531e-15,7.20905557471951e-11,96,0
1903,boundary,wave,wave,u*dx(u),0,1,0,1,1,0,0,0,96
1903,boundary,wave,wave,v*dy(u),2.56415604704595e-14,2,0,24,1,1.7682922095161e-15,1.47944101414055e-10,96,0
1903,boundary,wave,wave,w*dz(u),0,1,0,1,1,0,0,0,96
1903,boundary,wave,wave,u*dx(v),0,1,0,1,1,0,0,0,96
1903,boundary,wave,wave,v*dy(v),2.64163690549217e-14,2,0,24,1,1.68604016841224e-15,1.47944101414055e-10,96,0
1903,boundary,wave,wave,w*dz(v),0,1,0,1,1,0,0,0,96
1903,boundary,wave,wave,u*dx(w),0,1,0,1,1,0,0,0,96
1903,boundary,wave,wave,v*dy(w),6.37796077164111e-17,1,0,17,1,6.66133814775094e-16,1.48585144188473e-10,96,0
1903,boundary,wave,wave,w*dz(w),0,1,0,1,1,0,0,0,96
1903,boundary,wave,wave,u*dx(eta),0,1,0,1,1,0,0,0,96
1903,boundary,wave,wave,v*dy(eta),2.59128808607385e-15,2,0,24,1,8.40889373445232e-16,7.45128403423223e-11,96,0
1903,boundary,wave,wave,w*dz(eta),0,1,0,1,1,0,0,0,96
1903,boundary,wave,wave,w*eta*dlogN2,0,1,0,1,1,0,0,0,96
1903,apv,boundary,wave,u*dx(u),0,-1,0,1,0,0,0,0,12
1903,apv,boundary,wave,v*dy(u),3.80401420067803e-15,4,0,1,0,1.4644560146143e-15,2.16306972333768e-11,12,0
1903,apv,boundary,wave,w*dz(u),0,-1,0,1,0,0,0,0,12
1903,apv,boundary,wave,u*dx(v),0,-1,0,1,0,0,0,0,12
1903,apv,boundary,wave,v*dy(v),3.53849227261551e-15,4,0,1,0,1.60989139701079e-15,2.16306972333768e-11,12,0
1903,apv,boundary,wave,w*dz(v),0,-1,0,1,0,0,0,0,12
1903,apv,boundary,wave,u*dx(w),0,-1,0,1,0,0,0,0,12
1903,apv,boundary,wave,v*dy(w),0,-1,0,1,0,0,0,0,12
1903,apv,boundary,wave,w*dz(w),0,-1,0,1,0,0,0,0,12
1903,apv,boundary,wave,u*dx(eta),0,-1,0,1,0,0,0,0,12
1903,apv,boundary,wave,v*dy(eta),5.23893273655278e-16,-1,0,2,0,4.85546380827091e-16,2.07400763230225e-11,12,0
1903,apv,boundary,wave,w*dz(eta),0,-1,0,1,0,0,0,0,12
1903,apv,boundary,wave,w*eta*dlogN2,0,-1,0,1,0,0,0,0,12
1903,boundary,apv,wave,u*dx(u),0,1,0,-1,0,0,0,0,12
1903,boundary,apv,wave,v*dy(u),3.93656625732147e-15,1,0,5,0,1.44580580486621e-15,2.11419770579369e-11,12,0
1903,boundary,apv,wave,w*dz(u),0,1,0,-1,0,0,0,0,12
1903,boundary,apv,wave,u*dx(v),0,1,0,-1,0,0,0,0,12
1903,boundary,apv,wave,v*dy(v),3.6308903771142e-15,1,0,5,0,1.34035634746243e-15,2.11419770579369e-11,12,0
1903,boundary,apv,wave,w*dz(v),0,1,0,-1,0,0,0,0,12
1903,boundary,apv,wave,u*dx(w),0,1,0,-1,0,0,0,0,12
1903,boundary,apv,wave,v*dy(w),0,1,0,-1,0,0,0,0,12
1903,boundary,apv,wave,w*dz(w),0,1,0,-1,0,0,0,0,12
1903,boundary,apv,wave,u*dx(eta),0,1,0,-1,0,0,0,0,12
1903,boundary,apv,wave,v*dy(eta),7.53125847007433e-16,2,0,2,0,7.52293156901353e-16,2.31994184299006e-11,12,0
1903,boundary,apv,wave,w*dz(eta),0,1,0,-1,0,0,0,0,12
1903,boundary,apv,wave,w*eta*dlogN2,0,1,0,-1,0,0,0,0,12
1903,boundary,boundary,wave,u*dx(u),0,1,0,1,0,0,0,0,4
1903,boundary,boundary,wave,v*dy(u),4.15695957220795e-15,1,0,2,0,1.75931948876449e-15,3.50216633471234e-10,4,0
1903,boundary,boundary,wave,w*dz(u),0,1,0,1,0,0,0,0,4
1903,boundary,boundary,wave,u*dx(v),0,1,0,1,0,0,0,0,4
1903,boundary,boundary,wave,v*dy(v),3.88182470526153e-15,1,0,2,0,1.75135649056269e-15,3.50216633471234e-10,4,0
1903,boundary,boundary,wave,w*dz(v),0,1,0,1,0,0,0,0,4
1903,boundary,boundary,wave,u*dx(w),0,1,0,1,0,0,0,0,4
1903,boundary,boundary,wave,v*dy(w),0,1,0,1,0,0,0,0,4
1903,boundary,boundary,wave,w*dz(w),0,1,0,1,0,0,0,0,4
1903,boundary,boundary,wave,u*dx(eta),0,1,0,1,0,0,0,0,4
1903,boundary,boundary,wave,v*dy(eta),9.50454214862077e-16,2,0,1,0,7.37294353203057e-16,1.07407956000028e-10,4,0
1903,boundary,boundary,wave,w*dz(eta),0,1,0,1,0,0,0,0,4
1903,boundary,boundary,wave,w*eta*dlogN2,0,1,0,1,0,0,0,0,4
9919,wave,wave,wave,u*dx(u),7.77232428375448e-07,24,-1,23,1,3.46448981231313e-15,4.22160084667667e-11,1056,0
9919,wave,wave,wave,v*dy(u),7.77232428361169e-07,24,1,23,1,3.4888420015729e-15,4.21769286162998e-11,1056,0
9919,wave,wave,wave,w*dz(u),7.77495742634899e-07,24,1,23,1,6.61892010351391e-15,6.54037011756618e-07,1056,0
9919,wave,wave,wave,u*dx(v),7.86103089352172e-07,24,1,23,1,3.73267038431907e-15,4.22162305113716e-11,1056,0
9919,wave,wave,wave,v*dy(v),7.86103089372685e-07,24,1,23,1,3.63979614291484e-15,4.21773727055097e-11,1056,0
9919,wave,wave,wave,w*dz(v),7.86370870720369e-07,24,1,23,1,7.33162093727789e-15,7.16593390615236e-07,1056,0
9919,wave,wave,wave,u*dx(w),2.65608414965564e-09,24,1,24,1,8.88178419700125e-16,4.20559143066157e-11,1056,0
9919,wave,wave,wave,v*dy(w),2.65608414966427e-09,24,1,24,1,8.88178419700125e-16,4.20168344561489e-11,1056,0
9919,wave,wave,wave,w*dz(w),2.65608738950212e-09,24,1,24,1,9.99200722162641e-16,4.22870627403427e-11,1056,0
9919,wave,wave,wave,u*dx(eta),1.78240945841779e-07,24,1,24,1,1.76986475343234e-15,3.06084046997057e-11,1056,0
9919,wave,wave,wave,v*dy(eta),1.78240945848299e-07,24,1,24,1,1.6585317955486e-15,3.05695468938438e-11,1056,0
9919,wave,wave,wave,w*dz(eta),1.78241067853062e-07,24,1,24,1,1.60290911921079e-15,3.08959524630836e-11,1056,0
9919,wave,wave,wave,w*eta*dlogN2,1.07685938117072e-07,24,1,23,1,1.7498782211165e-15,3.09412495624883e-11,1056,0
9919,wave,apv,wave,u*dx(u),5.82193360058835e-11,24,1,5,0,2.10394281930602e-15,1.94422256072357e-11,288,0
9919,wave,apv,wave,v*dy(u),5.82194343206887e-11,24,1,5,0,2.2325870203784e-15,1.94031457567689e-11,288,0
9919,wave,apv,wave,w*dz(u),6.09011924211308e-11,24,1,5,0,2.37407953696388e-15,2.08953798206322e-11,288,0
9919,wave,apv,wave,u*dx(v),5.86885348525685e-11,24,1,5,0,2.50985295387275e-15,2.13016103044054e-11,288,0
9919,wave,apv,wave,v*dy(v),5.86885329710013e-11,24,1,5,0,2.36459432277052e-15,2.12781131744251e-11,288,0
9919,wave,apv,wave,w*dz(v),6.1389056054664e-11,24,1,5,0,2.34053439261243e-15,2.6805316758161e-11,288,0
9919,wave,apv,wave,u*dx(w),0,1,1,-1,0,0,0,0,288
9919,wave,apv,wave,v*dy(w),0,1,1,-1,0,0,0,0,288
9919,wave,apv,wave,w*dz(w),0,1,1,-1,0,0,0,0,288
9919,wave,apv,wave,u*dx(eta),7.82310185335556e-12,24,1,5,0,1.40839812670957e-15,1.95158333937684e-11,288,0
9919,wave,apv,wave,v*dy(eta),7.82311137837962e-12,24,1,5,0,1.29002984402808e-15,1.95252702894777e-11,288,0
9919,wave,apv,wave,w*dz(eta),7.62993186143756e-12,24,1,5,0,1.21839256065976e-15,1.85386594964143e-10,288,0
9919,wave,apv,wave,w*eta*dlogN2,1.829615927964e-11,24,1,5,0,1.0413686442913e-15,2.91491376188307e-11,288,0
9919,apv,wave,wave,u*dx(u),5.82233446244553e-11,5,0,24,1,2.07826407375684e-15,2.27311502953853e-11,288,0
9919,apv,wave,wave,v*dy(u),5.82234280201192e-11,5,0,24,1,2.10731569759648e-15,2.27311502953853e-11,288,0
9919,apv,wave,wave,w*dz(u),0,-1,0,1,1,0,0,0,288
9919,apv,wave,wave,u*dx(v),5.86925105389067e-11,5,0,24,1,2.24536749097282e-15,2.41936608517083e-11,288,0
9919,apv,wave,wave,v*dy(v),5.86925687381065e-11,5,0,24,-1,2.26340617098684e-15,2.41931000226035e-11,288,0
9919,apv,wave,wave,w*dz(v),0,-1,0,1,1,0,0,0,288
9919,apv,wave,wave,u*dx(w),1.32853669978059e-13,5,0,24,1,5.55111512312578e-16,2.34596786441443e-11,288,0
9919,apv,wave,wave,v*dy(w),1.32853291442002e-13,5,0,24,1,5.55111512312578e-16,2.34596786441443e-11,288,0
9919,apv,wave,wave,w*dz(w),0,-1,0,1,1,0,0,0,288
9919,apv,wave,wave,u*dx(eta),7.62920495070923e-12,5,0,24,1,2.07519742816956e-15,1.21518350937322e-11,288,0
9919,apv,wave,wave,v*dy(eta),7.62922588309496e-12,5,0,24,1,1.4946567753631e-15,1.21518350937322e-11,288,0
9919,apv,wave,wave,w*dz(eta),0,-1,0,1,1,0,0,0,288
9919,apv,wave,wave,w*eta*dlogN2,0,-1,0,1,1,0,0,0,288
9919,wave,boundary,wave,u*dx(u),1.93899904110648e-14,1,1,1,0,1.79067825043066e-15,2.02047267805483e-11,96,0
9919,wave,boundary,wave,v*dy(u),1.94915000701039e-14,1,1,1,0,2.02235620102708e-15,2.01656469300815e-11,96,0
9919,wave,boundary,wave,w*dz(u),2.12523839873835e-14,24,1,2,0,1.54929935397467e-15,1.95288230031565e-11,96,0
9919,wave,boundary,wave,u*dx(v),2.1829357207093e-14,1,1,1,0,2.435369183072e-15,2.03348324557394e-11,96,0
9919,wave,boundary,wave,v*dy(v),2.19392363015203e-14,1,1,1,0,1.82920675279274e-15,2.03060462603427e-11,96,0
9919,wave,boundary,wave,w*dz(v),2.15457445134506e-14,24,1,2,0,1.72320349633712e-15,1.95286009585516e-11,96,0
9919,wave,boundary,wave,u*dx(w),0,1,1,1,0,0,0,0,96
9919,wave,boundary,wave,v*dy(w),0,1,1,1,0,0,0,0,96
9919,wave,boundary,wave,w*dz(w),0,1,1,1,0,0,0,0,96
9919,wave,boundary,wave,u*dx(eta),2.59311204746675e-15,24,1,2,0,7.7715611723761e-16,1.97539762325505e-11,96,0
9919,wave,boundary,wave,v*dy(eta),2.61777108507926e-15,24,1,2,0,5.55533585230081e-16,1.97148963820837e-11,96,0
9919,wave,boundary,wave,w*dz(eta),1.79675985122263e-15,22,1,2,0,1.03936917560672e-15,1.96709315503085e-11,96,0
9919,wave,boundary,wave,w*eta*dlogN2,1.81804287150123e-15,22,1,2,0,8.93893221226104e-16,1.95963245630537e-11,96,0
9919,boundary,wave,wave,u*dx(u),8.3706490384656e-14,2,0,24,1,1.87386269720642e-15,2.31470398404099e-11,96,0
9919,boundary,wave,wave,v*dy(u),8.38326575548365e-14,2,0,24,1,2.01589283595819e-15,2.31472618850148e-11,96,0
9919,boundary,wave,wave,w*dz(u),0,1,0,1,1,0,0,0,96
9919,boundary,wave,wave,u*dx(v),8.32776824500685e-14,2,0,24,1,2.62108577389107e-15,2.31989418134655e-11,96,0
9919,boundary,wave,wave,v*dy(v),8.43749295931083e-14,2,0,24,1,2.16035623016355e-15,2.3197290862767e-11,96,0
9919,boundary,wave,wave,w*dz(v),0,1,0,1,1,0,0,0,96
9919,boundary,wave,wave,u*dx(w),1.07044312685952e-16,2,0,24,1,4.44089209850063e-16,2.41662245770158e-11,96,0
9919,boundary,wave,wave,v*dy(w),1.06792118368147e-16,2,0,24,1,4.44089209850063e-16,2.41662245770158e-11,96,0
9919,boundary,wave,wave,w*dz(w),0,1,0,1,1,0,0,0,96
9919,boundary,wave,wave,u*dx(eta),1.0626639506855e-14,2,0,24,1,8.62194694499256e-16,1.35205180384901e-11,96,0
9919,boundary,wave,wave,v*dy(eta),1.058896570756e-14,2,0,24,1,9.23139954441015e-16,1.35209621276999e-11,96,0
9919,boundary,wave,wave,w*dz(eta),0,1,0,1,1,0,0,0,96
9919,boundary,wave,wave,w*eta*dlogN2,0,1,0,1,1,0,0,0,96
9919,apv,boundary,wave,u*dx(u),2.79396477748231e-15,5,0,1,0,1.68634737196874e-15,2.10369499598073e-11,12,0
9919,apv,boundary,wave,v*dy(u),2.84249409725474e-15,5,0,1,0,1.19467757594189e-15,2.10367279152024e-11,12,0
9919,apv,boundary,wave,w*dz(u),0,-1,0,1,0,0,0,0,12
9919,apv,boundary,wave,u*dx(v),4.22390597391348e-15,5,0,1,0,1.50882954079782e-15,2.20882693423702e-11,12,0
9919,apv,boundary,wave,v*dy(v),4.40426080200923e-15,5,0,1,0,1.56590190748904e-15,2.20892826777923e-11,12,0
9919,apv,boundary,wave,w*dz(v),0,-1,0,1,0,0,0,0,12
9919,apv,boundary,wave,u*dx(w),0,-1,0,1,0,0,0,0,12
9919,apv,boundary,wave,v*dy(w),0,-1,0,1,0,0,0,0,12
9919,apv,boundary,wave,w*dz(w),0,-1,0,1,0,0,0,0,12
9919,apv,boundary,wave,u*dx(eta),5.66659472464834e-16,-1,0,2,0,5.37939090072619e-16,2.31488161972493e-11,12,0
9919,apv,boundary,wave,v*dy(eta),5.845057855157e-16,2,0,2,0,6.37956583909159e-16,2.31490382418542e-11,12,0
9919,apv,boundary,wave,w*dz(eta),0,-1,0,1,0,0,0,0,12
9919,apv,boundary,wave,w*eta*dlogN2,0,-1,0,1,0,0,0,0,12
9919,boundary,apv,wave,u*dx(u),2.69254693638065e-15,1,0,3,0,1.02138762305312e-15,2.19242402010877e-11,12,0
9919,boundary,apv,wave,v*dy(u),2.72934964345981e-15,1,0,4,0,9.46794999012386e-16,2.19242402010877e-11,12,0
9919,boundary,apv,wave,w*dz(u),0,1,0,-1,0,0,0,0,12
9919,boundary,apv,wave,u*dx(v),3.93878260818042e-15,1,0,4,0,1.70145578079538e-15,2.23452173569969e-11,12,0
9919,boundary,apv,wave,v*dy(v),3.80291038603268e-15,1,0,4,0,1.58219159520371e-15,2.23443131170522e-11,12,0
9919,boundary,apv,wave,w*dz(v),0,1,0,-1,0,0,0,0,12
9919,boundary,apv,wave,u*dx(w),0,1,0,-1,0,0,0,0,12
9919,boundary,apv,wave,v*dy(w),0,1,0,-1,0,0,0,0,12
9919,boundary,apv,wave,w*dz(w),0,1,0,-1,0,0,0,0,12
9919,boundary,apv,wave,u*dx(eta),9.29299505912418e-16,2,0,-1,0,1.0529203903102e-15,2.97527972429278e-11,12,0
9919,boundary,apv,wave,v*dy(eta),8.19218406911751e-16,2,0,5,0,6.49564291675274e-16,2.97542801589597e-11,12,0
9919,boundary,apv,wave,w*dz(eta),0,1,0,-1,0,0,0,0,12
9919,boundary,apv,wave,w*eta*dlogN2,0,1,0,-1,0,0,0,0,12
9919,boundary,boundary,wave,u*dx(u),4.52476385608816e-15,2,0,1,0,2.3945245046697e-15,3.15150350260751e-10,4,0
9919,boundary,boundary,wave,v*dy(u),4.47691110316052e-15,2,0,1,0,2.38410010326591e-15,3.15150350260751e-10,4,0
9919,boundary,boundary,wave,w*dz(u),0,1,0,1,0,0,0,0,4
9919,boundary,boundary,wave,u*dx(v),5.21059911536234e-15,2,0,1,0,2.49113734496889e-15,3.76155676975457e-10,4,0
9919,boundary,boundary,wave,v*dy(v),5.30907832058516e-15,2,0,1,0,2.52812779538372e-15,3.76156062996196e-10,4,0
9919,boundary,boundary,wave,w*dz(v),0,1,0,1,0,0,0,0,4
9919,boundary,boundary,wave,u*dx(w),0,1,0,1,0,0,0,0,4
9919,boundary,boundary,wave,v*dy(w),0,1,0,1,0,0,0,0,4
9919,boundary,boundary,wave,w*dz(w),0,1,0,1,0,0,0,0,4
9919,boundary,boundary,wave,u*dx(eta),1.23613148672305e-15,1,0,2,0,7.34684501052576e-16,3.01096925170441e-10,4,0
9919,boundary,boundary,wave,v*dy(eta),1.05882989664452e-15,1,0,2,0,6.66133814775094e-16,3.01096592103534e-10,4,0
9919,boundary,boundary,wave,w*dz(eta),0,1,0,1,0,0,0,0,4
9919,boundary,boundary,wave,w*eta*dlogN2,0,1,0,1,0,0,0,0,4
17353,wave,wave,wave,u*dx(u),7.86212255849896e-07,24,1,23,1,3.68805746994139e-15,1.4206347209722e-10,1056,0
17353,wave,wave,wave,v*dy(u),7.86212255827836e-07,24,1,23,1,3.65996249537958e-15,1.4182721663758e-10,1056,0
17353,wave,wave,wave,w*dz(u),7.86480049452274e-07,24,1,23,1,4.41833134744834e-14,6.13114743433281e-06,1056,0
17353,wave,wave,wave,u*dx(v),7.75169344862607e-07,24,1,23,1,3.45747671572854e-15,1.42024392246753e-10,1056,0
17353,wave,wave,wave,v*dy(v),7.75169344818939e-07,24,-1,23,1,3.47395157049224e-15,1.41788580876323e-10,1056,0
17353,wave,wave,wave,w*dz(v),7.75431592392472e-07,24,1,23,1,4.15078548068222e-14,5.525444635782e-06,1056,0
17353,wave,wave,wave,u*dx(w),2.93315069502522e-09,24,1,24,1,8.88178419700125e-16,1.41718192736562e-10,1056,0
17353,wave,wave,wave,v*dy(w),2.93315069499087e-09,24,1,24,1,9.99200722162641e-16,1.41481937276922e-10,1056,0
17353,wave,wave,wave,w*dz(w),2.93315163698571e-09,24,1,24,1,1.11022302462516e-15,1.42112765999514e-10,1056,0
17353,wave,wave,wave,u*dx(eta),1.9624280395023e-07,24,1,24,1,1.68590458945234e-15,1.3193468539896e-10,1056,0
17353,wave,wave,wave,v*dy(eta),1.96242803949875e-07,24,1,24,1,1.68234716083077e-15,1.31698651983925e-10,1056,0
17353,wave,wave,wave,w*dz(eta),1.96242839301045e-07,24,1,24,1,1.79394927934613e-15,1.32187816248575e-10,1056,0
17353,wave,wave,wave,w*eta*dlogN2,1.18586781793751e-07,24,1,23,1,1.37272745012014e-15,1.32460264978818e-10,1056,0
17353,wave,apv,wave,u*dx(u),5.86941852280486e-11,24,1,5,0,2.33738136070171e-15,1.22773347044358e-10,288,0
17353,wave,apv,wave,v*dy(u),5.86941214138873e-11,24,1,5,0,2.28925688036407e-15,1.22537091584718e-10,288,0
17353,wave,apv,wave,w*dz(u),6.13948515913436e-11,24,1,5,0,2.51367236786499e-15,1.22826088961361e-10,288,0
17353,wave,apv,wave,u*dx(v),5.8109483984521e-11,24,1,5,0,2.14635900708534e-15,1.22773347044358e-10,288,0
17353,wave,apv,wave,v*dy(v),5.81092451433049e-11,24,1,5,0,2.27646141261346e-15,1.22537313629323e-10,288,0
17353,wave,apv,wave,w*dz(v),6.07866316920018e-11,24,1,5,0,2.35893587119839e-15,1.22704513216831e-10,288,0
17353,wave,apv,wave,u*dx(w),0,1,1,-1,0,0,0,0,288
17353,wave,apv,wave,v*dy(w),0,1,1,-1,0,0,0,0,288
17353,wave,apv,wave,w*dz(w),0,1,1,-1,0,0,0,0,288
17353,wave,apv,wave,u*dx(eta),8.62379857001269e-12,24,1,5,0,1.17455793047741e-15,1.22386101253369e-10,288,0
17353,wave,apv,wave,v*dy(eta),8.62377044174698e-12,24,1,5,0,1.24542417514685e-15,1.22150067838334e-10,288,0
17353,wave,apv,wave,w*dz(eta),8.41077524790788e-12,24,1,5,0,1.3282486784333e-15,1.49824153083955e-10,288,0
17353,wave,apv,wave,w*eta*dlogN2,2.01708651959203e-11,24,1,5,0,1.16222866377028e-15,1.23075549751661e-10,288,0
17353,apv,wave,wave,u*dx(u),5.86952182251189e-11,5,0,24,1,2.39595670905403e-15,2.15117555029915e-11,288,0
17353,apv,wave,wave,v*dy(u),5.86952332079628e-11,5,0,24,1,2.33008786974941e-15,2.15132650763263e-11,288,0
17353,apv,wave,wave,w*dz(u),0,-1,0,1,1,0,0,0,288
17353,apv,wave,wave,u*dx(v),5.81103615126246e-11,5,0,24,1,2.05325121903831e-15,1.94033678013739e-11,288,0
17353,apv,wave,wave,v*dy(v),5.81104886077969e-11,5,0,24,1,2.0306001610096e-15,1.94033678013739e-11,288,0
17353,apv,wave,wave,w*dz(v),0,-1,0,1,1,0,0,0,288
17353,apv,wave,wave,u*dx(w),1.467169504653e-13,5,0,24,1,6.66133814775094e-16,2.03344008298245e-11,288,0
17353,apv,wave,wave,v*dy(w),1.4671682918287e-13,5,0,24,1,5.55111512312578e-16,2.03344008298245e-11,288,0
17353,apv,wave,wave,w*dz(w),0,-1,0,1,1,0,0,0,288
17353,apv,wave,wave,u*dx(eta),8.40959007076272e-12,5,0,24,1,1.58691419941581e-15,1.06112896247623e-11,288,0
17353,apv,wave,wave,v*dy(eta),8.40959773650656e-12,5,0,24,1,1.38230138075606e-15,1.06112896247623e-11,288,0
17353,apv,wave,wave,w*dz(eta),0,-1,0,1,1,0,0,0,288
17353,apv,wave,wave,w*eta*dlogN2,0,-1,0,1,1,0,0,0,288
17353,wave,boundary,wave,u*dx(u),8.35744692258397e-14,24,1,2,0,1.87735853650163e-15,1.24191767980619e-10,96,0
17353,wave,boundary,wave,v*dy(u),8.41697960168454e-14,24,1,2,0,1.98073972592282e-15,1.23955956610189e-10,96,0
17353,wave,boundary,wave,w*dz(u),6.23585233567153e-14,24,1,2,0,1.74047242956493e-15,1.23357546399916e-10,96,0
17353,wave,boundary,wave,u*dx(v),8.28600760177329e-14,24,1,2,0,1.90793523042916e-15,1.24191990025224e-10,96,0
17353,wave,boundary,wave,v*dy(v),8.41527842893897e-14,24,1,2,0,1.65607536278541e-15,1.23955734565584e-10,96,0
17353,wave,boundary,wave,w*dz(v),6.17349574206401e-14,24,1,2,0,1.72043207711967e-15,1.23357546399916e-10,96,0
17353,wave,boundary,wave,u*dx(w),0,1,1,1,0,0,0,0,96
17353,wave,boundary,wave,v*dy(w),0,1,1,1,0,0,0,0,96
17353,wave,boundary,wave,w*dz(w),0,1,1,1,0,0,0,0,96
17353,wave,boundary,wave,u*dx(eta),8.58500545212361e-15,24,1,2,0,9.44469033383335e-16,1.23635768289887e-10,96,0
17353,wave,boundary,wave,v*dy(eta),8.60336291774638e-15,24,1,2,0,7.56901522529906e-16,1.23399956919457e-10,96,0
17353,wave,boundary,wave,w*dz(eta),1.16273536390253e-14,24,1,2,0,1.00964040778412e-15,1.23367538407138e-10,96,0
17353,wave,boundary,wave,w*eta*dlogN2,1.01656163714314e-14,24,1,1,0,1.47342850624325e-15,1.23463461676465e-10,96,0
17353,boundary,wave,wave,u*dx(u),7.708968623242e-14,1,0,24,1,2.11338914400653e-15,1.85929049933975e-11,96,0
17353,boundary,wave,wave,v*dy(u),7.74208041935958e-14,1,0,24,1,2.16474813365401e-15,1.85929049933975e-11,96,0
17353,boundary,wave,wave,w*dz(u),0,1,0,1,1,0,0,0,96
17353,boundary,wave,wave,u*dx(v),7.58095900469848e-14,1,0,24,1,1.88811748523461e-15,1.85540471875356e-11,96,0
17353,boundary,wave,wave,v*dy(v),7.6123587920867e-14,1,0,24,1,1.93033516230668e-15,1.85540471875356e-11,96,0
17353,boundary,wave,wave,w*dz(v),0,1,0,1,1,0,0,0,96
17353,boundary,wave,wave,u*dx(w),1.90273875919277e-16,2,0,24,1,6.66133814775094e-16,1.76245684713194e-11,96,0
17353,boundary,wave,wave,v*dy(w),1.9257903326985e-16,2,0,24,1,4.44089209850063e-16,1.76243464267145e-11,96,0
17353,boundary,wave,wave,w*dz(w),0,1,0,1,1,0,0,0,96
17353,boundary,wave,wave,u*dx(eta),1.09325229590132e-14,1,0,24,1,9.67692697158429e-16,8.02713451264481e-12,96,0
17353,boundary,wave,wave,v*dy(eta),1.08269785008105e-14,1,0,24,1,1.03104560928337e-15,8.02713451264481e-12,96,0
17353,boundary,wave,wave,w*dz(eta),0,1,0,1,1,0,0,0,96
17353,boundary,wave,wave,w*eta*dlogN2,0,1,0,1,1,0,0,0,96
17353,apv,boundary,wave,u*dx(u),4.38780793503632e-15,4,0,1,0,1.74029124371552e-15,2.2270737892853e-11,12,0
17353,apv,boundary,wave,v*dy(u),4.44422670631324e-15,4,0,1,0,1.86673159248952e-15,2.22700038196469e-11,12,0
17353,apv,boundary,wave,w*dz(u),0,-1,0,1,0,0,0,0,12
17353,apv,boundary,wave,u*dx(v),2.67877206170204e-15,4,0,1,0,9.94091955087795e-16,2.19242402010877e-11,12,0
17353,apv,boundary,wave,v*dy(v),2.74615802079044e-15,4,0,1,0,1.24533700288375e-15,2.19242402010877e-11,12,0
17353,apv,boundary,wave,w*dz(v),0,-1,0,1,0,0,0,0,12
17353,apv,boundary,wave,u*dx(w),0,-1,0,1,0,0,0,0,12
17353,apv,boundary,wave,v*dy(w),0,-1,0,1,0,0,0,0,12
17353,apv,boundary,wave,w*dz(w),0,-1,0,1,0,0,0,0,12
17353,apv,boundary,wave,u*dx(eta),6.46999928640544e-16,1,0,2,0,5.5570323666715e-16,2.11881623357613e-11,12,0
17353,apv,boundary,wave,v*dy(eta),8.69387520881134e-16,-1,0,2,0,7.08425346209226e-16,2.11881623357613e-11,12,0
17353,apv,boundary,wave,w*dz(eta),0,-1,0,1,0,0,0,0,12
17353,apv,boundary,wave,w*eta*dlogN2,0,-1,0,1,0,0,0,0,12
17353,boundary,apv,wave,u*dx(u),4.54984803306954e-15,1,0,4,0,2.55133143880363e-15,1.9225500427313e-11,12,0
17353,boundary,apv,wave,v*dy(u),4.68786448606194e-15,1,0,4,0,1.54595234157041e-15,1.9225656172514e-11,12,0
17353,boundary,apv,wave,w*dz(u),0,1,0,-1,0,0,0,0,12
17353,boundary,apv,wave,u*dx(v),3.3730130598963e-15,1,0,4,0,1.65104590548532e-15,1.6802337299282e-11,12,0
17353,boundary,apv,wave,v*dy(v),3.40964062029949e-15,1,0,4,0,1.22084568410914e-15,1.6802337299282e-11,12,0
17353,boundary,apv,wave,w*dz(v),0,1,0,-1,0,0,0,0,12
17353,boundary,apv,wave,u*dx(w),0,1,0,-1,0,0,0,0,12
17353,boundary,apv,wave,v*dy(w),0,1,0,-1,0,0,0,0,12
17353,boundary,apv,wave,w*dz(w),0,1,0,-1,0,0,0,0,12
17353,boundary,apv,wave,u*dx(eta),1.23215817234163e-15,2,0,3,0,1.28358722995156e-15,3.7598414626504e-11,12,0
17353,boundary,apv,wave,v*dy(eta),9.26981707754023e-16,2,0,2,0,7.78100734796154e-16,3.75995764262443e-11,12,0
17353,boundary,apv,wave,w*dz(eta),0,1,0,-1,0,0,0,0,12
17353,boundary,apv,wave,w*eta*dlogN2,0,1,0,-1,0,0,0,0,12
17353,boundary,boundary,wave,u*dx(u),3.98361653157752e-15,1,0,1,0,1.42874493007657e-15,4.15375893251685e-11,4,0
17353,boundary,boundary,wave,v*dy(u),4.07199643124038e-15,1,0,1,0,1.54871837015617e-15,4.15368405713711e-11,4,0
17353,boundary,boundary,wave,w*dz(u),0,1,0,1,0,0,0,0,4
17353,boundary,boundary,wave,u*dx(v),3.09161122534773e-15,2,0,1,0,1.22467856174555e-15,3.30122595926241e-11,4,0
17353,boundary,boundary,wave,v*dy(v),3.02474905297629e-15,2,0,1,0,1.1929689698817e-15,3.30122595926241e-11,4,0
17353,boundary,boundary,wave,w*dz(v),0,1,0,1,0,0,0,0,4
17353,boundary,boundary,wave,u*dx(w),0,1,0,1,0,0,0,0,4
17353,boundary,boundary,wave,v*dy(w),0,1,0,1,0,0,0,0,4
17353,boundary,boundary,wave,w*dz(w),0,1,0,1,0,0,0,0,4
17353,boundary,boundary,wave,u*dx(eta),7.21998916885484e-16,2,0,1,0,6.55247065296911e-16,3.66078278801751e-11,4,0
17353,boundary,boundary,wave,v*dy(eta),9.01148409277148e-16,1,0,2,0,1.00606169650956e-15,3.66078278801751e-11,4,0
17353,boundary,boundary,wave,w*dz(eta),0,1,0,1,0,0,0,0,4
17353,boundary,boundary,wave,w*eta*dlogN2,0,1,0,1,0,0,0,0,4
