interaction,inputA,inputB,output,channel,error,modeA,signA,modeB,signB,referenceStability,eigenProductStability,productCount,zeroProductCount
32027,wave,wave,wave,u*dx(u),7.86213557135412e-07,23,1,24,1,3.52104054637126e-15,1.10610631764985e-10,1056,0
32027,wave,wave,wave,v*dy(u),0,1,1,1,1,0,0,0,1056
32027,wave,wave,wave,w*dz(u),7.86481409475326e-07,23,1,24,1,2.04381418886957e-14,2.07380572741875e-06,1056,0
32027,wave,wave,wave,u*dx(v),7.85761941184925e-07,23,1,24,1,3.47134919165186e-15,8.30715496391576e-11,1056,0
32027,wave,wave,wave,v*dy(v),0,1,1,1,1,0,0,0,1056
32027,wave,wave,wave,w*dz(v),7.86029563653534e-07,23,1,24,1,2.02766059499969e-14,2.03610622727705e-06,1056,0
32027,wave,wave,wave,u*dx(w),5.86631762855777e-10,24,1,24,1,9.99200722162641e-16,1.10442766043661e-10,1056,0
32027,wave,wave,wave,v*dy(w),0,1,1,1,1,0,0,0,1056
32027,wave,wave,wave,w*dz(w),5.86631762872221e-10,24,1,24,1,9.99200722162641e-16,1.10442766043661e-10,1056,0
32027,wave,wave,wave,u*dx(eta),3.98931288787113e-08,24,1,24,1,9.99200722162641e-16,8.27382606871652e-11,1056,0
32027,wave,wave,wave,v*dy(eta),0,1,1,1,1,0,0,0,1056
32027,wave,wave,wave,w*dz(eta),3.98931288807508e-08,24,1,24,1,1.11022302462516e-15,8.27380386425602e-11,1056,0
32027,wave,wave,wave,w*eta*dlogN2,2.40786700425455e-08,24,1,23,1,6.66133814775094e-16,8.32891533519842e-11,1056,0
32027,wave,apv,wave,u*dx(u),0,1,1,-1,0,0,0,0,288
32027,wave,apv,wave,v*dy(u),0,1,1,-1,0,0,0,0,288
32027,wave,apv,wave,w*dz(u),0,1,1,-1,0,0,0,0,288
32027,wave,apv,wave,u*dx(v),5.86647374087911e-11,24,1,5,0,2.2198184342283e-15,5.52435874823232e-11,288,0
32027,wave,apv,wave,v*dy(v),0,1,1,-1,0,0,0,0,288
32027,wave,apv,wave,w*dz(v),6.13639953072505e-11,24,1,5,0,2.59248026182552e-15,5.54680745779024e-11,288,0
32027,wave,apv,wave,u*dx(w),0,1,1,-1,0,0,0,0,288
32027,wave,apv,wave,v*dy(w),0,1,1,-1,0,0,0,0,288
32027,wave,apv,wave,w*dz(w),0,1,1,-1,0,0,0,0,288
32027,wave,apv,wave,u*dx(eta),1.74118366939726e-12,24,1,5,0,1.169903931843e-15,5.53384005286262e-11,288,0
32027,wave,apv,wave,v*dy(eta),0,1,1,-1,0,0,0,0,288
32027,wave,apv,wave,w*dz(eta),1.69824034515474e-12,24,1,5,0,6.66133814775094e-16,1.4941092807419e-10,288,0
32027,wave,apv,wave,w*eta*dlogN2,4.07053013474349e-12,24,1,5,0,6.66133814775094e-16,5.58224577673627e-11,288,0
32027,apv,wave,wave,u*dx(u),0,-1,0,1,1,0,0,0,288
32027,apv,wave,wave,v*dy(u),0,-1,0,1,1,0,0,0,288
32027,apv,wave,wave,w*dz(u),0,-1,0,1,1,0,0,0,288
32027,apv,wave,wave,u*dx(v),0,-1,0,1,1,0,0,0,288
32027,apv,wave,wave,v*dy(v),0,-1,0,1,1,0,0,0,288
32027,apv,wave,wave,w*dz(v),0,-1,0,1,1,0,0,0,288
32027,apv,wave,wave,u*dx(w),0,-1,0,1,1,0,0,0,288
32027,apv,wave,wave,v*dy(w),0,-1,0,1,1,0,0,0,288
32027,apv,wave,wave,w*dz(w),0,-1,0,1,1,0,0,0,288
32027,apv,wave,wave,u*dx(eta),0,-1,0,1,1,0,0,0,288
32027,apv,wave,wave,v*dy(eta),0,-1,0,1,1,0,0,0,288
32027,apv,wave,wave,w*dz(eta),0,-1,0,1,1,0,0,0,288
32027,apv,wave,wave,w*eta*dlogN2,0,-1,0,1,1,0,0,0,288
32027,wave,boundary,wave,u*dx(u),0,1,1,1,0,0,0,0,96
32027,wave,boundary,wave,v*dy(u),0,1,1,1,0,0,0,0,96
32027,wave,boundary,wave,w*dz(u),0,1,1,1,0,0,0,0,96
32027,wave,boundary,wave,u*dx(v),3.71668361076641e-13,24,1,2,0,3.07346722247183e-15,5.54214452108681e-11,96,0
32027,wave,boundary,wave,v*dy(v),0,1,1,1,0,0,0,0,96
32027,wave,boundary,wave,w*dz(v),3.53526723316567e-13,24,1,1,0,2.08771287957004e-15,5.5534465914775e-11,96,0
32027,wave,boundary,wave,u*dx(w),0,1,1,1,0,0,0,0,96
32027,wave,boundary,wave,v*dy(w),0,1,1,1,0,0,0,0,96
32027,wave,boundary,wave,w*dz(w),0,1,1,1,0,0,0,0,96
32027,wave,boundary,wave,u*dx(eta),9.79922469731711e-15,24,1,1,0,5.55111512312578e-16,5.55269163982075e-11,96,0
32027,wave,boundary,wave,v*dy(eta),0,1,1,1,0,0,0,0,96
32027,wave,boundary,wave,w*dz(eta),1.0263044620562e-14,24,1,2,0,6.05441243607107e-16,5.54523094109527e-11,96,0
32027,wave,boundary,wave,w*eta*dlogN2,1.08535805863004e-14,24,1,1,0,6.89419759976378e-16,5.55637758026251e-11,96,0
32027,boundary,wave,wave,u*dx(u),0,1,0,1,1,0,0,0,96
32027,boundary,wave,wave,v*dy(u),0,1,0,1,1,0,0,0,96
32027,boundary,wave,wave,w*dz(u),0,1,0,1,1,0,0,0,96
32027,boundary,wave,wave,u*dx(v),0,1,0,1,1,0,0,0,96
32027,boundary,wave,wave,v*dy(v),0,1,0,1,1,0,0,0,96
32027,boundary,wave,wave,w*dz(v),0,1,0,1,1,0,0,0,96
32027,boundary,wave,wave,u*dx(w),0,1,0,1,1,0,0,0,96
32027,boundary,wave,wave,v*dy(w),0,1,0,1,1,0,0,0,96
32027,boundary,wave,wave,w*dz(w),0,1,0,1,1,0,0,0,96
32027,boundary,wave,wave,u*dx(eta),0,1,0,1,1,0,0,0,96
32027,boundary,wave,wave,v*dy(eta),0,1,0,1,1,0,0,0,96
32027,boundary,wave,wave,w*dz(eta),0,1,0,1,1,0,0,0,96
32027,boundary,wave,wave,w*eta*dlogN2,0,1,0,1,1,0,0,0,96
32027,apv,boundary,wave,u*dx(u),0,-1,0,1,0,0,0,0,12
32027,apv,boundary,wave,v*dy(u),0,-1,0,1,0,0,0,0,12
32027,apv,boundary,wave,w*dz(u),0,-1,0,1,0,0,0,0,12
32027,apv,boundary,wave,u*dx(v),0,-1,0,1,0,0,0,0,12
32027,apv,boundary,wave,v*dy(v),0,-1,0,1,0,0,0,0,12
32027,apv,boundary,wave,w*dz(v),0,-1,0,1,0,0,0,0,12
32027,apv,boundary,wave,u*dx(w),0,-1,0,1,0,0,0,0,12
32027,apv,boundary,wave,v*dy(w),0,-1,0,1,0,0,0,0,12
32027,apv,boundary,wave,w*dz(w),0,-1,0,1,0,0,0,0,12
32027,apv,boundary,wave,u*dx(eta),0,-1,0,1,0,0,0,0,12
32027,apv,boundary,wave,v*dy(eta),0,-1,0,1,0,0,0,0,12
32027,apv,boundary,wave,w*dz(eta),0,-1,0,1,0,0,0,0,12
32027,apv,boundary,wave,w*eta*dlogN2,0,-1,0,1,0,0,0,0,12
32027,boundary,apv,wave,u*dx(u),0,1,0,-1,0,0,0,0,12
32027,boundary,apv,wave,v*dy(u),0,1,0,-1,0,0,0,0,12
32027,boundary,apv,wave,w*dz(u),0,1,0,-1,0,0,0,0,12
32027,boundary,apv,wave,u*dx(v),0,1,0,-1,0,0,0,0,12
32027,boundary,apv,wave,v*dy(v),0,1,0,-1,0,0,0,0,12
32027,boundary,apv,wave,w*dz(v),0,1,0,-1,0,0,0,0,12
32027,boundary,apv,wave,u*dx(w),0,1,0,-1,0,0,0,0,12
32027,boundary,apv,wave,v*dy(w),0,1,0,-1,0,0,0,0,12
32027,boundary,apv,wave,w*dz(w),0,1,0,-1,0,0,0,0,12
32027,boundary,apv,wave,u*dx(eta),0,1,0,-1,0,0,0,0,12
32027,boundary,apv,wave,v*dy(eta),0,1,0,-1,0,0,0,0,12
32027,boundary,apv,wave,w*dz(eta),0,1,0,-1,0,0,0,0,12
32027,boundary,apv,wave,w*eta*dlogN2,0,1,0,-1,0,0,0,0,12
32027,boundary,boundary,wave,u*dx(u),0,1,0,1,0,0,0,0,4
32027,boundary,boundary,wave,v*dy(u),0,1,0,1,0,0,0,0,4
32027,boundary,boundary,wave,w*dz(u),0,1,0,1,0,0,0,0,4
32027,boundary,boundary,wave,u*dx(v),0,1,0,1,0,0,0,0,4
32027,boundary,boundary,wave,v*dy(v),0,1,0,1,0,0,0,0,4
32027,boundary,boundary,wave,w*dz(v),0,1,0,1,0,0,0,0,4
32027,boundary,boundary,wave,u*dx(w),0,1,0,1,0,0,0,0,4
32027,boundary,boundary,wave,v*dy(w),0,1,0,1,0,0,0,0,4
32027,boundary,boundary,wave,w*dz(w),0,1,0,1,0,0,0,0,4
32027,boundary,boundary,wave,u*dx(eta),0,1,0,1,0,0,0,0,4
32027,boundary,boundary,wave,v*dy(eta),0,1,0,1,0,0,0,0,4
32027,boundary,boundary,wave,w*dz(eta),0,1,0,1,0,0,0,0,4
32027,boundary,boundary,wave,w*eta*dlogN2,0,1,0,1,0,0,0,0,4
32068,wave,wave,inertial,u*dx(u),3.33524985330779e-10,24,1,23,1,1.26183680697422e-15,1.10610631764985e-10,1056,0
32068,wave,wave,inertial,v*dy(u),0,1,1,1,1,0,0,0,1056
32068,wave,wave,inertial,w*dz(u),1.11293699070383e-09,1,1,1,1,9.82772986590932e-15,8.22992033756023e-07,1056,0
32068,wave,wave,inertial,u*dx(v),3.33525029930081e-10,24,1,23,1,1.52262673966128e-15,8.30715496391576e-11,1056,0
32068,wave,wave,inertial,v*dy(v),0,1,1,1,1,0,0,0,1056
32068,wave,wave,inertial,w*dz(v),1.11293708513255e-09,1,1,1,1,9.7935305985131e-15,8.2298094700236e-07,1056,0
32068,wave,wave,mda,u*dx(eta),6.20501929835486e-12,24,1,24,1,3.21984371043349e-15,6.94227018735637e-10,1056,0
32068,wave,wave,mda,v*dy(eta),0,1,1,1,1,0,0,0,1056
32068,wave,wave,mda,w*dz(eta),6.20504049277172e-12,24,1,24,1,3.27257156304776e-15,6.94226918725345e-10,1056,0
32068,wave,wave,mda,w*eta*dlogN2,1.06691377912577e-12,24,1,23,1,3.26292225486484e-15,1.0837462436374e-10,1056,0
32068,wave,apv,inertial,u*dx(u),0,1,1,-1,0,0,0,0,288
32068,wave,apv,inertial,v*dy(u),0,1,1,-1,0,0,0,0,288
32068,wave,apv,inertial,w*dz(u),0,1,1,-1,0,0,0,0,288
32068,wave,apv,inertial,u*dx(v),4.21717444151229e-15,23,1,3,0,1.05811855437363e-15,5.52435874823232e-11,288,0
32068,wave,apv,inertial,v*dy(v),0,1,1,-1,0,0,0,0,288
32068,wave,apv,inertial,w*dz(v),3.02849769387546e-15,22,1,5,0,1.26329935107963e-15,5.54680745779024e-11,288,0
32068,wave,apv,mda,u*dx(eta),4.06636513972345e-15,24,1,-1,0,2.11998147428754e-15,7.41129138629778e-10,288,0
32068,wave,apv,mda,v*dy(eta),0,1,1,-1,0,0,0,0,288
32068,wave,apv,mda,w*dz(eta),1.28956281676383e-13,1,1,-1,0,2.82565118103085e-15,3.37137075402209e-07,288,0
32068,wave,apv,mda,w*eta*dlogN2,2.79025291234622e-15,22,1,1,0,3.29308912755798e-15,9.74587919365518e-11,288,0
32068,apv,wave,inertial,u*dx(u),0,-1,0,1,1,0,0,0,288
32068,apv,wave,inertial,v*dy(u),0,-1,0,1,1,0,0,0,288
32068,apv,wave,inertial,w*dz(u),0,-1,0,1,1,0,0,0,288
32068,apv,wave,inertial,u*dx(v),0,-1,0,1,1,0,0,0,288
32068,apv,wave,inertial,v*dy(v),0,-1,0,1,1,0,0,0,288
32068,apv,wave,inertial,w*dz(v),0,-1,0,1,1,0,0,0,288
32068,apv,wave,mda,u*dx(eta),0,-1,0,1,1,0,0,0,288
32068,apv,wave,mda,v*dy(eta),0,-1,0,1,1,0,0,0,288
32068,apv,wave,mda,w*dz(eta),0,-1,0,1,1,0,0,0,288
32068,apv,wave,mda,w*eta*dlogN2,0,-1,0,1,1,0,0,0,288
32068,wave,boundary,inertial,u*dx(u),0,1,1,1,0,0,0,0,96
32068,wave,boundary,inertial,v*dy(u),0,1,1,1,0,0,0,0,96
32068,wave,boundary,inertial,w*dz(u),0,1,1,1,0,0,0,0,96
32068,wave,boundary,inertial,u*dx(v),2.93930816028427e-15,20,1,1,0,1.23824682201801e-15,5.54214452108681e-11,96,0
32068,wave,boundary,inertial,v*dy(v),0,1,1,1,0,0,0,0,96
32068,wave,boundary,inertial,w*dz(v),2.57255459204091e-15,22,1,1,0,1.23204582728065e-15,5.5534465914775e-11,96,0
32068,wave,boundary,mda,u*dx(eta),3.69155297523262e-15,24,1,1,0,7.33415811278253e-16,7.32427340001004e-10,96,0
32068,wave,boundary,mda,v*dy(eta),0,1,1,1,0,0,0,0,96
32068,wave,boundary,mda,w*dz(eta),2.59560219495333e-15,2,1,1,0,4.3905912179874e-15,8.22686859196443e-11,96,0
32068,wave,boundary,mda,w*eta*dlogN2,5.40657593243511e-15,2,1,2,0,3.51932167697603e-15,8.15291468138426e-11,96,0
32068,boundary,wave,inertial,u*dx(u),0,1,0,1,1,0,0,0,96
32068,boundary,wave,inertial,v*dy(u),0,1,0,1,1,0,0,0,96
32068,boundary,wave,inertial,w*dz(u),0,1,0,1,1,0,0,0,96
32068,boundary,wave,inertial,u*dx(v),0,1,0,1,1,0,0,0,96
32068,boundary,wave,inertial,v*dy(v),0,1,0,1,1,0,0,0,96
32068,boundary,wave,inertial,w*dz(v),0,1,0,1,1,0,0,0,96
32068,boundary,wave,mda,u*dx(eta),0,1,0,1,1,0,0,0,96
32068,boundary,wave,mda,v*dy(eta),0,1,0,1,1,0,0,0,96
32068,boundary,wave,mda,w*dz(eta),0,1,0,1,1,0,0,0,96
32068,boundary,wave,mda,w*eta*dlogN2,0,1,0,1,1,0,0,0,96
32068,apv,boundary,inertial,u*dx(u),0,-1,0,1,0,0,0,0,12
32068,apv,boundary,inertial,v*dy(u),0,-1,0,1,0,0,0,0,12
32068,apv,boundary,inertial,w*dz(u),0,-1,0,1,0,0,0,0,12
32068,apv,boundary,inertial,u*dx(v),0,-1,0,1,0,0,0,0,12
32068,apv,boundary,inertial,v*dy(v),0,-1,0,1,0,0,0,0,12
32068,apv,boundary,inertial,w*dz(v),0,-1,0,1,0,0,0,0,12
32068,apv,boundary,mda,u*dx(eta),0,-1,0,1,0,0,0,0,12
32068,apv,boundary,mda,v*dy(eta),0,-1,0,1,0,0,0,0,12
32068,apv,boundary,mda,w*dz(eta),0,-1,0,1,0,0,0,0,12
32068,apv,boundary,mda,w*eta*dlogN2,0,-1,0,1,0,0,0,0,12
32068,boundary,apv,inertial,u*dx(u),0,1,0,-1,0,0,0,0,12
32068,boundary,apv,inertial,v*dy(u),0,1,0,-1,0,0,0,0,12
32068,boundary,apv,inertial,w*dz(u),0,1,0,-1,0,0,0,0,12
32068,boundary,apv,inertial,u*dx(v),0,1,0,-1,0,0,0,0,12
32068,boundary,apv,inertial,v*dy(v),0,1,0,-1,0,0,0,0,12
32068,boundary,apv,inertial,w*dz(v),0,1,0,-1,0,0,0,0,12
32068,boundary,apv,mda,u*dx(eta),0,1,0,-1,0,0,0,0,12
32068,boundary,apv,mda,v*dy(eta),0,1,0,-1,0,0,0,0,12
32068,boundary,apv,mda,w*dz(eta),0,1,0,-1,0,0,0,0,12
32068,boundary,apv,mda,w*eta*dlogN2,0,1,0,-1,0,0,0,0,12
32068,boundary,boundary,inertial,u*dx(u),0,1,0,1,0,0,0,0,4
32068,boundary,boundary,inertial,v*dy(u),0,1,0,1,0,0,0,0,4
32068,boundary,boundary,inertial,w*dz(u),0,1,0,1,0,0,0,0,4
32068,boundary,boundary,inertial,u*dx(v),0,1,0,1,0,0,0,0,4
32068,boundary,boundary,inertial,v*dy(v),0,1,0,1,0,0,0,0,4
32068,boundary,boundary,inertial,w*dz(v),0,1,0,1,0,0,0,0,4
32068,boundary,boundary,mda,u*dx(eta),0,1,0,1,0,0,0,0,4
32068,boundary,boundary,mda,v*dy(eta),0,1,0,1,0,0,0,0,4
32068,boundary,boundary,mda,w*dz(eta),0,1,0,1,0,0,0,0,4
32068,boundary,boundary,mda,w*eta*dlogN2,0,1,0,1,0,0,0,0,4
32047,wave,wave,wave,u*dx(u),0,1,1,1,1,0,0,0,1056
32047,wave,wave,wave,v*dy(u),7.86100643746699e-07,24,1,23,1,3.54147739356563e-15,5.55326895579356e-11,1056,0
32047,wave,wave,wave,w*dz(u),7.86368439912989e-07,23,1,24,1,2.04680516530953e-14,2.06029576224419e-06,1056,0
32047,wave,wave,wave,u*dx(v),0,1,1,1,1,0,0,0,1056
32047,wave,wave,wave,v*dy(v),7.86100643750369e-07,24,1,23,1,3.50667165827895e-15,8.30715496391576e-11,1056,0
32047,wave,wave,wave,w*dz(v),7.86368439930409e-07,23,1,24,1,2.03421090305586e-14,2.06030365489204e-06,1056,0
32047,wave,wave,wave,u*dx(w),0,1,1,1,1,0,0,0,1056
32047,wave,wave,wave,v*dy(w),4.14811325077372e-10,24,1,24,1,9.99200722162641e-16,8.29039059624392e-11,1056,0
32047,wave,wave,wave,w*dz(w),4.14811325076629e-10,24,1,24,1,9.99200722162641e-16,1.10442766043661e-10,1056,0
32047,wave,wave,wave,u*dx(eta),0,1,1,1,1,0,0,0,1056
32047,wave,wave,wave,v*dy(eta),2.821846299757e-08,24,1,24,1,1.11022302462516e-15,5.51991785613382e-11,1056,0
32047,wave,wave,wave,w*dz(eta),2.82184629981923e-08,24,1,24,1,1.11022302462516e-15,8.27380386425602e-11,1056,0
32047,wave,wave,wave,w*eta*dlogN2,1.70316469171811e-08,24,1,23,1,6.83724567922995e-16,8.32891533519842e-11,1056,0
32047,wave,apv,wave,u*dx(u),0,1,1,-1,0,0,0,0,288
32047,wave,apv,wave,v*dy(u),5.86824322051583e-11,24,1,5,0,2.2119454889632e-15,2.77045053564962e-11,288,0
32047,wave,apv,wave,w*dz(u),6.13823973952239e-11,24,1,5,0,2.38289579724206e-15,5.54680745779024e-11,288,0
32047,wave,apv,wave,u*dx(v),0,1,1,-1,0,0,0,0,288
32047,wave,apv,wave,v*dy(v),0,1,1,-1,0,0,0,0,288
32047,wave,apv,wave,w*dz(v),0,1,1,-1,0,0,0,0,288
32047,wave,apv,wave,u*dx(w),0,1,1,-1,0,0,0,0,288
32047,wave,apv,wave,v*dy(w),0,1,1,-1,0,0,0,0,288
32047,wave,apv,wave,w*dz(w),0,1,1,-1,0,0,0,0,288
32047,wave,apv,wave,u*dx(eta),0,1,1,-1,0,0,0,0,288
32047,wave,apv,wave,v*dy(eta),1.23144746687068e-12,24,1,5,0,6.66133814775094e-16,2.77993184027991e-11,288,0
32047,wave,apv,wave,w*dz(eta),1.20108044923634e-12,24,1,5,0,6.66133814775094e-16,1.4941092807419e-10,288,0
32047,wave,apv,wave,w*eta*dlogN2,2.87885146685055e-12,24,1,5,0,6.91649037587198e-16,5.58224577673627e-11,288,0
32047,apv,wave,wave,u*dx(u),0,-1,0,1,1,0,0,0,288
32047,apv,wave,wave,v*dy(u),5.8682446193735e-11,5,0,24,1,2.14633986250601e-15,2.77042833118912e-11,288,0
32047,apv,wave,wave,w*dz(u),0,-1,0,1,1,0,0,0,288
32047,apv,wave,wave,u*dx(v),0,-1,0,1,1,0,0,0,288
32047,apv,wave,wave,v*dy(v),5.86825901286686e-11,5,0,24,1,2.29297894563838e-15,5.52433654377182e-11,288,0
32047,apv,wave,wave,w*dz(v),0,-1,0,1,1,0,0,0,288
32047,apv,wave,wave,u*dx(w),0,-1,0,1,1,0,0,0,288
32047,apv,wave,wave,v*dy(w),2.07504555450931e-14,5,0,24,1,6.66133814775094e-16,5.62074831123027e-11,288,0
32047,apv,wave,wave,w*dz(w),0,-1,0,1,1,0,0,0,288
32047,apv,wave,wave,u*dx(eta),0,-1,0,1,1,0,0,0,288
32047,apv,wave,wave,v*dy(eta),1.20088671412644e-12,5,0,24,1,5.55111512312578e-16,2.86790591275121e-11,288,0
32047,apv,wave,wave,w*dz(eta),0,-1,0,1,1,0,0,0,288
32047,apv,wave,wave,w*eta*dlogN2,0,-1,0,1,1,0,0,0,288
32047,wave,boundary,wave,u*dx(u),0,1,1,1,0,0,0,0,96
32047,wave,boundary,wave,v*dy(u),3.70412420016217e-13,24,1,2,0,2.42633851298014e-15,2.7882585129646e-11,96,0
32047,wave,boundary,wave,w*dz(u),3.53572493290541e-13,24,1,1,0,1.85119662010384e-15,5.5534465914775e-11,96,0
32047,wave,boundary,wave,u*dx(v),0,1,1,1,0,0,0,0,96
32047,wave,boundary,wave,v*dy(v),0,1,1,1,0,0,0,0,96
32047,wave,boundary,wave,w*dz(v),0,1,1,1,0,0,0,0,96
32047,wave,boundary,wave,u*dx(w),0,1,1,1,0,0,0,0,96
32047,wave,boundary,wave,v*dy(w),0,1,1,1,0,0,0,0,96
32047,wave,boundary,wave,w*dz(w),0,1,1,1,0,0,0,0,96
32047,wave,boundary,wave,u*dx(eta),0,1,1,1,0,0,0,0,96
32047,wave,boundary,wave,v*dy(eta),6.93486229833598e-15,24,1,1,0,7.7715611723761e-16,2.79876122277756e-11,96,0
32047,wave,boundary,wave,w*dz(eta),7.26052639193543e-15,24,1,2,0,6.17412852816618e-16,5.54523094109527e-11,96,0
32047,wave,boundary,wave,w*eta*dlogN2,7.685993905738e-15,24,1,1,0,6.90965172370416e-16,5.55637758026251e-11,96,0
32047,boundary,wave,wave,u*dx(u),0,1,0,1,1,0,0,0,96
32047,boundary,wave,wave,v*dy(u),3.7048277148505e-13,2,0,24,1,2.44381791418426e-15,2.78823630850411e-11,96,0
32047,boundary,wave,wave,w*dz(u),0,1,0,1,1,0,0,0,96
32047,boundary,wave,wave,u*dx(v),0,1,0,1,1,0,0,0,96
32047,boundary,wave,wave,v*dy(v),3.70093744696876e-13,2,0,24,1,2.16736696657824e-15,5.54214452108681e-11,96,0
32047,boundary,wave,wave,w*dz(v),0,1,0,1,1,0,0,0,96
32047,boundary,wave,wave,u*dx(w),0,1,0,1,1,0,0,0,96
32047,boundary,wave,wave,v*dy(w),6.9920292493539e-17,1,0,24,1,4.44089209850063e-16,5.55326895579356e-11,96,0
32047,boundary,wave,wave,w*dz(w),0,1,0,1,1,0,0,0,96
32047,boundary,wave,wave,u*dx(eta),0,1,0,1,1,0,0,0,96
32047,boundary,wave,wave,v*dy(eta),7.25488929442058e-15,2,0,24,1,3.33066907387547e-16,2.79600786967649e-11,96,0
32047,boundary,wave,wave,w*dz(eta),0,1,0,1,1,0,0,0,96
32047,boundary,wave,wave,w*eta*dlogN2,0,1,0,1,1,0,0,0,96
32047,apv,boundary,wave,u*dx(u),0,-1,0,1,0,0,0,0,12
32047,apv,boundary,wave,v*dy(u),4.20339009170021e-15,4,0,1,0,1.86826963427077e-15,9.96462003743171e-12,12,0
32047,apv,boundary,wave,w*dz(u),0,-1,0,1,0,0,0,0,12
32047,apv,boundary,wave,u*dx(v),0,-1,0,1,0,0,0,0,12
32047,apv,boundary,wave,v*dy(v),0,-1,0,1,0,0,0,0,12
32047,apv,boundary,wave,w*dz(v),0,-1,0,1,0,0,0,0,12
32047,apv,boundary,wave,u*dx(w),0,-1,0,1,0,0,0,0,12
32047,apv,boundary,wave,v*dy(w),0,-1,0,1,0,0,0,0,12
32047,apv,boundary,wave,w*dz(w),0,-1,0,1,0,0,0,0,12
32047,apv,boundary,wave,u*dx(eta),0,-1,0,1,0,0,0,0,12
32047,apv,boundary,wave,v*dy(eta),3.06445861393343e-16,4,0,2,0,2.22044604925031e-16,9.31166255213611e-12,12,0
32047,apv,boundary,wave,w*dz(eta),0,-1,0,1,0,0,0,0,12
32047,apv,boundary,wave,w*eta*dlogN2,0,-1,0,1,0,0,0,0,12
32047,boundary,apv,wave,u*dx(u),0,1,0,-1,0,0,0,0,12
32047,boundary,apv,wave,v*dy(u),4.16828747065651e-15,1,0,4,0,1.85236124780011e-15,9.96464904788334e-12,12,0
32047,boundary,apv,wave,w*dz(u),0,1,0,-1,0,0,0,0,12
32047,boundary,apv,wave,u*dx(v),0,1,0,-1,0,0,0,0,12
32047,boundary,apv,wave,v*dy(v),0,1,0,-1,0,0,0,0,12
32047,boundary,apv,wave,w*dz(v),0,1,0,-1,0,0,0,0,12
32047,boundary,apv,wave,u*dx(w),0,1,0,-1,0,0,0,0,12
32047,boundary,apv,wave,v*dy(w),0,1,0,-1,0,0,0,0,12
32047,boundary,apv,wave,w*dz(w),0,1,0,-1,0,0,0,0,12
32047,boundary,apv,wave,u*dx(eta),0,1,0,-1,0,0,0,0,12
32047,boundary,apv,wave,v*dy(eta),8.18871598825155e-16,2,0,-1,0,5.46355041615943e-16,2.01855199222223e-11,12,0
32047,boundary,apv,wave,w*dz(eta),0,1,0,-1,0,0,0,0,12
32047,boundary,apv,wave,w*eta*dlogN2,0,1,0,-1,0,0,0,0,12
32047,boundary,boundary,wave,u*dx(u),0,1,0,1,0,0,0,0,4
32047,boundary,boundary,wave,v*dy(u),3.40513220729513e-15,1,0,1,0,1.26455804393274e-15,5.89195359168571e-13,4,0
32047,boundary,boundary,wave,w*dz(u),0,1,0,1,0,0,0,0,4
32047,boundary,boundary,wave,u*dx(v),0,1,0,1,0,0,0,0,4
32047,boundary,boundary,wave,v*dy(v),0,1,0,1,0,0,0,0,4
32047,boundary,boundary,wave,w*dz(v),0,1,0,1,0,0,0,0,4
32047,boundary,boundary,wave,u*dx(w),0,1,0,1,0,0,0,0,4
32047,boundary,boundary,wave,v*dy(w),0,1,0,1,0,0,0,0,4
32047,boundary,boundary,wave,w*dz(w),0,1,0,1,0,0,0,0,4
32047,boundary,boundary,wave,u*dx(eta),0,1,0,1,0,0,0,0,4
32047,boundary,boundary,wave,v*dy(eta),3.39310843722402e-16,1,0,1,0,3.32231845477726e-16,3.58379992349001e-13,4,0
32047,boundary,boundary,wave,w*dz(eta),0,1,0,1,0,0,0,0,4
32047,boundary,boundary,wave,w*eta*dlogN2,0,1,0,1,0,0,0,0,4
32048,wave,wave,wave,u*dx(u),0,1,1,1,1,0,0,0,1056
32048,wave,wave,wave,v*dy(u),7.86100643746699e-07,24,1,23,1,3.54147739356563e-15,5.55326895579356e-11,1056,0
32048,wave,wave,wave,w*dz(u),7.86368439912989e-07,23,1,24,1,2.04680516530953e-14,2.06029576224419e-06,1056,0
32048,wave,wave,wave,u*dx(v),0,1,1,1,1,0,0,0,1056
32048,wave,wave,wave,v*dy(v),7.86100643750369e-07,24,1,23,1,3.50667165827895e-15,8.30715496391576e-11,1056,0
32048,wave,wave,wave,w*dz(v),7.86368439930409e-07,23,1,24,1,2.03421090305586e-14,2.06030365489204e-06,1056,0
32048,wave,wave,wave,u*dx(w),0,1,1,1,1,0,0,0,1056
32048,wave,wave,wave,v*dy(w),4.14811325077372e-10,24,1,24,1,9.99200722162641e-16,8.29039059624392e-11,1056,0
32048,wave,wave,wave,w*dz(w),4.14811325076629e-10,24,1,24,1,9.99200722162641e-16,1.10442766043661e-10,1056,0
32048,wave,wave,wave,u*dx(eta),0,1,1,1,1,0,0,0,1056
32048,wave,wave,wave,v*dy(eta),2.821846299757e-08,24,1,24,1,1.11022302462516e-15,5.51991785613382e-11,1056,0
32048,wave,wave,wave,w*dz(eta),2.82184629981923e-08,24,1,24,1,1.11022302462516e-15,8.27380386425602e-11,1056,0
32048,wave,wave,wave,w*eta*dlogN2,1.70316469171811e-08,24,1,23,1,6.83724567922995e-16,8.32891533519842e-11,1056,0
32048,wave,apv,wave,u*dx(u),0,1,1,-1,0,0,0,0,288
32048,wave,apv,wave,v*dy(u),5.86824322051583e-11,24,1,5,0,2.2119454889632e-15,2.77045053564962e-11,288,0
32048,wave,apv,wave,w*dz(u),6.13823973952239e-11,24,1,5,0,2.38289579724206e-15,5.54680745779024e-11,288,0
32048,wave,apv,wave,u*dx(v),0,1,1,-1,0,0,0,0,288
32048,wave,apv,wave,v*dy(v),0,1,1,-1,0,0,0,0,288
32048,wave,apv,wave,w*dz(v),0,1,1,-1,0,0,0,0,288
32048,wave,apv,wave,u*dx(w),0,1,1,-1,0,0,0,0,288
32048,wave,apv,wave,v*dy(w),0,1,1,-1,0,0,0,0,288
32048,wave,apv,wave,w*dz(w),0,1,1,-1,0,0,0,0,288
32048,wave,apv,wave,u*dx(eta),0,1,1,-1,0,0,0,0,288
32048,wave,apv,wave,v*dy(eta),1.23144746687068e-12,24,1,5,0,6.66133814775094e-16,2.77993184027991e-11,288,0
32048,wave,apv,wave,w*dz(eta),1.20108044923634e-12,24,1,5,0,6.66133814775094e-16,1.4941092807419e-10,288,0
32048,wave,apv,wave,w*eta*dlogN2,2.87885146685055e-12,24,1,5,0,6.91649037587198e-16,5.58224577673627e-11,288,0
32048,apv,wave,wave,u*dx(u),0,-1,0,1,1,0,0,0,288
32048,apv,wave,wave,v*dy(u),5.8682446193735e-11,5,0,24,1,2.14633986250601e-15,2.77042833118912e-11,288,0
32048,apv,wave,wave,w*dz(u),0,-1,0,1,1,0,0,0,288
32048,apv,wave,wave,u*dx(v),0,-1,0,1,1,0,0,0,288
32048,apv,wave,wave,v*dy(v),5.86825901286686e-11,5,0,24,1,2.29297894563838e-15,5.52433654377182e-11,288,0
32048,apv,wave,wave,w*dz(v),0,-1,0,1,1,0,0,0,288
32048,apv,wave,wave,u*dx(w),0,-1,0,1,1,0,0,0,288
32048,apv,wave,wave,v*dy(w),2.07504555450931e-14,5,0,24,1,6.66133814775094e-16,5.62074831123027e-11,288,0
32048,apv,wave,wave,w*dz(w),0,-1,0,1,1,0,0,0,288
32048,apv,wave,wave,u*dx(eta),0,-1,0,1,1,0,0,0,288
32048,apv,wave,wave,v*dy(eta),1.20088671412644e-12,5,0,24,1,5.55111512312578e-16,2.86790591275121e-11,288,0
32048,apv,wave,wave,w*dz(eta),0,-1,0,1,1,0,0,0,288
32048,apv,wave,wave,w*eta*dlogN2,0,-1,0,1,1,0,0,0,288
32048,wave,boundary,wave,u*dx(u),0,1,1,1,0,0,0,0,96
32048,wave,boundary,wave,v*dy(u),3.70412420016217e-13,24,1,2,0,2.42633851298014e-15,2.7882585129646e-11,96,0
32048,wave,boundary,wave,w*dz(u),3.53572493290541e-13,24,1,1,0,1.85119662010384e-15,5.5534465914775e-11,96,0
32048,wave,boundary,wave,u*dx(v),0,1,1,1,0,0,0,0,96
32048,wave,boundary,wave,v*dy(v),0,1,1,1,0,0,0,0,96
32048,wave,boundary,wave,w*dz(v),0,1,1,1,0,0,0,0,96
32048,wave,boundary,wave,u*dx(w),0,1,1,1,0,0,0,0,96
32048,wave,boundary,wave,v*dy(w),0,1,1,1,0,0,0,0,96
32048,wave,boundary,wave,w*dz(w),0,1,1,1,0,0,0,0,96
32048,wave,boundary,wave,u*dx(eta),0,1,1,1,0,0,0,0,96
32048,wave,boundary,wave,v*dy(eta),6.93486229833598e-15,24,1,1,0,7.7715611723761e-16,2.79876122277756e-11,96,0
32048,wave,boundary,wave,w*dz(eta),7.26052639193543e-15,24,1,2,0,6.17412852816618e-16,5.54523094109527e-11,96,0
32048,wave,boundary,wave,w*eta*dlogN2,7.685993905738e-15,24,1,1,0,6.90965172370416e-16,5.55637758026251e-11,96,0
32048,boundary,wave,wave,u*dx(u),0,1,0,1,1,0,0,0,96
32048,boundary,wave,wave,v*dy(u),3.7048277148505e-13,2,0,24,1,2.44381791418426e-15,2.78823630850411e-11,96,0
32048,boundary,wave,wave,w*dz(u),0,1,0,1,1,0,0,0,96
32048,boundary,wave,wave,u*dx(v),0,1,0,1,1,0,0,0,96
32048,boundary,wave,wave,v*dy(v),3.70093744696876e-13,2,0,24,1,2.16736696657824e-15,5.54214452108681e-11,96,0
32048,boundary,wave,wave,w*dz(v),0,1,0,1,1,0,0,0,96
32048,boundary,wave,wave,u*dx(w),0,1,0,1,1,0,0,0,96
32048,boundary,wave,wave,v*dy(w),6.9920292493539e-17,1,0,24,1,4.44089209850063e-16,5.55326895579356e-11,96,0
32048,boundary,wave,wave,w*dz(w),0,1,0,1,1,0,0,0,96
32048,boundary,wave,wave,u*dx(eta),0,1,0,1,1,0,0,0,96
32048,boundary,wave,wave,v*dy(eta),7.25488929442058e-15,2,0,24,1,3.33066907387547e-16,2.79600786967649e-11,96,0
32048,boundary,wave,wave,w*dz(eta),0,1,0,1,1,0,0,0,96
32048,boundary,wave,wave,w*eta*dlogN2,0,1,0,1,1,0,0,0,96
32048,apv,boundary,wave,u*dx(u),0,-1,0,1,0,0,0,0,12
32048,apv,boundary,wave,v*dy(u),4.20339009170021e-15,4,0,1,0,1.86826963427077e-15,9.96462003743171e-12,12,0
32048,apv,boundary,wave,w*dz(u),0,-1,0,1,0,0,0,0,12
32048,apv,boundary,wave,u*dx(v),0,-1,0,1,0,0,0,0,12
32048,apv,boundary,wave,v*dy(v),0,-1,0,1,0,0,0,0,12
32048,apv,boundary,wave,w*dz(v),0,-1,0,1,0,0,0,0,12
32048,apv,boundary,wave,u*dx(w),0,-1,0,1,0,0,0,0,12
32048,apv,boundary,wave,v*dy(w),0,-1,0,1,0,0,0,0,12
32048,apv,boundary,wave,w*dz(w),0,-1,0,1,0,0,0,0,12
32048,apv,boundary,wave,u*dx(eta),0,-1,0,1,0,0,0,0,12
32048,apv,boundary,wave,v*dy(eta),3.06445861393343e-16,4,0,2,0,2.22044604925031e-16,9.31166255213611e-12,12,0
32048,apv,boundary,wave,w*dz(eta),0,-1,0,1,0,0,0,0,12
32048,apv,boundary,wave,w*eta*dlogN2,0,-1,0,1,0,0,0,0,12
32048,boundary,apv,wave,u*dx(u),0,1,0,-1,0,0,0,0,12
32048,boundary,apv,wave,v*dy(u),4.16828747065651e-15,1,0,4,0,1.85236124780011e-15,9.96464904788334e-12,12,0
32048,boundary,apv,wave,w*dz(u),0,1,0,-1,0,0,0,0,12
32048,boundary,apv,wave,u*dx(v),0,1,0,-1,0,0,0,0,12
32048,boundary,apv,wave,v*dy(v),0,1,0,-1,0,0,0,0,12
32048,boundary,apv,wave,w*dz(v),0,1,0,-1,0,0,0,0,12
32048,boundary,apv,wave,u*dx(w),0,1,0,-1,0,0,0,0,12
32048,boundary,apv,wave,v*dy(w),0,1,0,-1,0,0,0,0,12
32048,boundary,apv,wave,w*dz(w),0,1,0,-1,0,0,0,0,12
32048,boundary,apv,wave,u*dx(eta),0,1,0,-1,0,0,0,0,12
32048,boundary,apv,wave,v*dy(eta),8.18871598825155e-16,2,0,-1,0,5.46355041615943e-16,2.01855199222223e-11,12,0
32048,boundary,apv,wave,w*dz(eta),0,1,0,-1,0,0,0,0,12
32048,boundary,apv,wave,w*eta*dlogN2,0,1,0,-1,0,0,0,0,12
32048,boundary,boundary,wave,u*dx(u),0,1,0,1,0,0,0,0,4
32048,boundary,boundary,wave,v*dy(u),3.40513220729513e-15,1,0,1,0,1.26455804393274e-15,5.89195359168571e-13,4,0
32048,boundary,boundary,wave,w*dz(u),0,1,0,1,0,0,0,0,4
32048,boundary,boundary,wave,u*dx(v),0,1,0,1,0,0,0,0,4
32048,boundary,boundary,wave,v*dy(v),0,1,0,1,0,0,0,0,4
32048,boundary,boundary,wave,w*dz(v),0,1,0,1,0,0,0,0,4
32048,boundary,boundary,wave,u*dx(w),0,1,0,1,0,0,0,0,4
32048,boundary,boundary,wave,v*dy(w),0,1,0,1,0,0,0,0,4
32048,boundary,boundary,wave,w*dz(w),0,1,0,1,0,0,0,0,4
32048,boundary,boundary,wave,u*dx(eta),0,1,0,1,0,0,0,0,4
32048,boundary,boundary,wave,v*dy(eta),3.39310843722402e-16,1,0,1,0,3.32231845477726e-16,3.58379992349001e-13,4,0
32048,boundary,boundary,wave,w*dz(eta),0,1,0,1,0,0,0,0,4
32048,boundary,boundary,wave,w*eta*dlogN2,0,1,0,1,0,0,0,0,4
17373,wave,wave,wave,u*dx(u),7.85769724345711e-07,24,1,23,1,3.59274167411222e-15,2.45109266217014e-10,1056,0
17373,wave,wave,wave,v*dy(u),7.8576972431855e-07,24,1,23,1,3.5987932440085e-15,2.44873232801979e-10,1056,0
17373,wave,wave,wave,w*dz(u),7.86037295762964e-07,24,1,23,1,6.48935603220373e-14,4.02406221725154e-06,1056,0
17373,wave,wave,wave,u*dx(v),7.79095375930769e-07,24,1,23,1,3.4577061087635e-15,2.44873232801979e-10,1056,0
17373,wave,wave,wave,v*dy(v),7.79095375911492e-07,24,-1,23,1,3.45995598507326e-15,2.44636977342338e-10,1056,0
17373,wave,wave,wave,w*dz(v),7.79359580798961e-07,24,1,23,1,6.26183617741853e-14,3.73430447307626e-06,1056,0
17373,wave,wave,wave,u*dx(w),2.41874044469212e-09,24,1,24,1,9.99200722162641e-16,2.4489854588694e-10,1056,0
17373,wave,wave,wave,v*dy(w),2.41874044473189e-09,24,1,24,1,9.99200722162641e-16,2.44662512471905e-10,1056,0
17373,wave,wave,wave,w*dz(w),2.41874044465688e-09,24,1,24,1,8.88178419700125e-16,2.44899656109965e-10,1056,0
17373,wave,wave,wave,u*dx(eta),1.62696040830555e-07,24,1,24,1,1.56037563490941e-15,1.83538073628142e-10,1056,0
17373,wave,wave,wave,v*dy(eta),1.62696040826129e-07,24,1,24,1,1.57033143537431e-15,1.83301818168502e-10,1056,0
17373,wave,wave,wave,w*dz(eta),1.6269604083184e-07,24,1,24,1,1.55482244412161e-15,1.83538961806562e-10,1056,0
17373,wave,wave,wave,w*eta*dlogN2,9.82777414448148e-08,24,1,23,1,1.38145588679634e-15,1.84016579751756e-10,1056,0
17373,wave,apv,wave,u*dx(u),5.86691706127675e-11,24,1,5,0,2.29093617977356e-15,1.22773347044358e-10,288,0
17373,wave,apv,wave,v*dy(u),5.86691035403509e-11,24,1,5,0,2.47171033628683e-15,1.22537091584718e-10,288,0
17373,wave,apv,wave,w*dz(u),6.13687687225338e-11,24,1,5,0,2.62250235435207e-15,1.22704291172226e-10,288,0
17373,wave,apv,wave,u*dx(v),5.83166150032819e-11,24,1,5,0,2.23952426833082e-15,1.22773347044358e-10,288,0
17373,wave,apv,wave,v*dy(v),5.83165483128167e-11,24,1,5,0,2.18438062433144e-15,1.22537091584718e-10,288,0
17373,wave,apv,wave,w*dz(v),6.10021636736505e-11,24,1,5,0,2.29682873188531e-15,1.22704291172226e-10,288,0
17373,wave,apv,wave,u*dx(w),0,1,1,-1,0,0,0,0,288
17373,wave,apv,wave,v*dy(w),0,1,1,-1,0,0,0,0,288
17373,wave,apv,wave,w*dz(w),0,1,1,-1,0,0,0,0,288
17373,wave,apv,wave,u*dx(eta),7.13374618787678e-12,24,1,5,0,1.66234253748716e-15,1.22386323297974e-10,288,0
17373,wave,apv,wave,v*dy(eta),7.13374375061626e-12,24,1,5,0,1.16331736811062e-15,1.22150067838334e-10,288,0
17373,wave,apv,wave,w*dz(eta),6.95765342840074e-12,24,1,5,0,1.21250136411619e-15,1.49824153083955e-10,288,0
17373,wave,apv,wave,w*eta*dlogN2,1.66828675352222e-11,24,1,5,0,2.09192687349445e-15,1.23075549751661e-10,288,0
17373,apv,wave,wave,u*dx(u),5.86691267159382e-11,5,0,24,1,2.29094203770469e-15,1.22773347044358e-10,288,0
17373,apv,wave,wave,v*dy(u),5.86691267159382e-11,5,0,24,1,2.29094203770469e-15,1.22773347044358e-10,288,0
17373,apv,wave,wave,w*dz(u),0,-1,0,1,1,0,0,0,288
17373,apv,wave,wave,u*dx(v),5.83165941333512e-11,5,0,24,1,2.14870923488838e-15,1.22537091584718e-10,288,0
17373,apv,wave,wave,v*dy(v),5.83165941333512e-11,5,0,24,1,2.14870923488838e-15,1.22537091584718e-10,288,0
17373,apv,wave,wave,w*dz(v),0,-1,0,1,1,0,0,0,288
17373,apv,wave,wave,u*dx(w),1.20989365365843e-13,5,0,24,1,6.66133814775094e-16,1.23471899371452e-10,288,0
17373,apv,wave,wave,v*dy(w),1.20989365365843e-13,5,0,24,1,6.66133814775094e-16,1.23471899371452e-10,288,0
17373,apv,wave,wave,w*dz(w),0,-1,0,1,1,0,0,0,288
17373,apv,wave,wave,u*dx(eta),6.95654627229299e-12,5,0,24,1,1.21370282977771e-15,6.21966922409456e-11,288,0
17373,apv,wave,wave,v*dy(eta),6.95654627229299e-12,5,0,24,1,1.21370282977771e-15,6.21966922409456e-11,288,0
17373,apv,wave,wave,w*dz(eta),0,-1,0,1,1,0,0,0,288
17373,apv,wave,wave,w*eta*dlogN2,0,-1,0,1,1,0,0,0,288
17373,wave,boundary,wave,u*dx(u),7.72511008071482e-14,24,1,1,0,2.227057966928e-15,1.22387877610208e-10,96,0
17373,wave,boundary,wave,v*dy(u),7.72596325257094e-14,24,1,1,0,2.04947483585855e-15,1.22151844195173e-10,96,0
17373,wave,boundary,wave,w*dz(u),2.09885103869147e-13,24,1,2,0,2.10074201075698e-15,1.23133947482756e-10,96,0
17373,wave,boundary,wave,u*dx(v),7.64065500648869e-14,24,1,1,0,2.15809438075618e-15,1.22387877610208e-10,96,0
17373,wave,boundary,wave,v*dy(v),7.66385335063018e-14,24,1,1,0,2.26389734240361e-15,1.22151844195173e-10,96,0
17373,wave,boundary,wave,w*dz(v),2.08676116900129e-13,24,1,2,0,1.8048107503363e-15,1.23133947482756e-10,96,0
17373,wave,boundary,wave,u*dx(w),0,1,1,1,0,0,0,0,96
17373,wave,boundary,wave,v*dy(w),0,1,1,1,0,0,0,0,96
17373,wave,boundary,wave,w*dz(w),0,1,1,1,0,0,0,0,96
17373,wave,boundary,wave,u*dx(eta),2.36388749155648e-14,24,1,2,0,7.95581282679932e-16,1.23407506436024e-10,96,0
17373,wave,boundary,wave,v*dy(eta),2.36422514097701e-14,24,1,2,0,7.93960177421363e-16,1.23171473020989e-10,96,0
17373,wave,boundary,wave,w*dz(eta),9.02604641935822e-15,24,1,1,0,1.13254784067671e-15,1.23106413951746e-10,96,0
17373,wave,boundary,wave,w*eta*dlogN2,7.34254350871522e-15,24,1,2,0,1.11581211211598e-15,1.23263621532033e-10,96,0
17373,boundary,wave,wave,u*dx(u),7.73661001852197e-14,1,0,24,1,2.28892925231998e-15,1.22388099654813e-10,96,0
17373,boundary,wave,wave,v*dy(u),7.73661001852197e-14,1,0,24,1,2.28892925231998e-15,1.22388099654813e-10,96,0
17373,boundary,wave,wave,w*dz(u),0,1,0,1,1,0,0,0,96
17373,boundary,wave,wave,u*dx(v),7.64518564782502e-14,1,0,24,1,2.24720674541902e-15,1.22151844195173e-10,96,0
17373,boundary,wave,wave,v*dy(v),7.64518564782502e-14,1,0,24,1,2.24720674541902e-15,1.22151844195173e-10,96,0
17373,boundary,wave,wave,w*dz(v),0,1,0,1,1,0,0,0,96
17373,boundary,wave,wave,u*dx(w),1.59061056268322e-16,2,0,24,1,6.66133814775094e-16,1.20845555784399e-10,96,0
17373,boundary,wave,wave,v*dy(w),1.59061056268322e-16,2,0,24,1,6.66133814775094e-16,1.20845555784399e-10,96,0
17373,boundary,wave,wave,w*dz(w),0,1,0,1,1,0,0,0,96
17373,boundary,wave,wave,u*dx(eta),8.95962143601189e-15,1,0,24,1,1.73750661686994e-15,5.95525850854983e-11,96,0
17373,boundary,wave,wave,v*dy(eta),8.95962143601189e-15,1,0,24,1,1.73750661686994e-15,5.95525850854983e-11,96,0
17373,boundary,wave,wave,w*dz(eta),0,1,0,1,1,0,0,0,96
17373,boundary,wave,wave,w*eta*dlogN2,0,1,0,1,1,0,0,0,96
17373,apv,boundary,wave,u*dx(u),4.37210015849837e-15,4,0,1,0,1.81862589423239e-15,1.87157458944163e-11,12,0
17373,apv,boundary,wave,v*dy(u),4.37210015849837e-15,4,0,1,0,1.81862589423239e-15,1.87157458944163e-11,12,0
17373,apv,boundary,wave,w*dz(u),0,-1,0,1,0,0,0,0,12
17373,apv,boundary,wave,u*dx(v),3.51097301643648e-15,4,0,1,0,1.09482826085297e-15,1.6802337299282e-11,12,0
17373,apv,boundary,wave,v*dy(v),3.51097301643648e-15,4,0,1,0,1.09482826085297e-15,1.6802337299282e-11,12,0
17373,apv,boundary,wave,w*dz(v),0,-1,0,1,0,0,0,0,12
17373,apv,boundary,wave,u*dx(w),0,-1,0,1,0,0,0,0,12
17373,apv,boundary,wave,v*dy(w),0,-1,0,1,0,0,0,0,12
17373,apv,boundary,wave,w*dz(w),0,-1,0,1,0,0,0,0,12
17373,apv,boundary,wave,u*dx(eta),8.10992930148465e-16,4,0,2,0,6.9731686110382e-16,1.82573955953558e-11,12,0
17373,apv,boundary,wave,v*dy(eta),8.10992930148465e-16,4,0,2,0,6.9731686110382e-16,1.82573955953558e-11,12,0
17373,apv,boundary,wave,w*dz(eta),0,-1,0,1,0,0,0,0,12
17373,apv,boundary,wave,w*eta*dlogN2,0,-1,0,1,0,0,0,0,12
17373,boundary,apv,wave,u*dx(u),4.31002522501176e-15,1,0,4,0,1.80973149060907e-15,1.87156444987058e-11,12,0
17373,boundary,apv,wave,v*dy(u),4.31002522501176e-15,1,0,4,0,1.80973149060907e-15,1.87156444987058e-11,12,0
17373,boundary,apv,wave,w*dz(u),0,1,0,-1,0,0,0,0,12
17373,boundary,apv,wave,u*dx(v),3.51746356959862e-15,1,0,4,0,1.10963302704951e-15,1.6802337299282e-11,12,0
17373,boundary,apv,wave,v*dy(v),3.51746356959862e-15,1,0,4,0,1.10963302704951e-15,1.6802337299282e-11,12,0
17373,boundary,apv,wave,w*dz(v),0,1,0,-1,0,0,0,0,12
17373,boundary,apv,wave,u*dx(w),0,1,0,-1,0,0,0,0,12
17373,boundary,apv,wave,v*dy(w),0,1,0,-1,0,0,0,0,12
17373,boundary,apv,wave,w*dz(w),0,1,0,-1,0,0,0,0,12
17373,boundary,apv,wave,u*dx(eta),1.17425182361086e-15,2,0,2,0,9.14178825963816e-16,3.61641973012866e-11,12,0
17373,boundary,apv,wave,v*dy(eta),1.17425182361086e-15,2,0,2,0,9.14178825963816e-16,3.61641973012866e-11,12,0
17373,boundary,apv,wave,w*dz(eta),0,1,0,-1,0,0,0,0,12
17373,boundary,apv,wave,w*eta*dlogN2,0,1,0,-1,0,0,0,0,12
17373,boundary,boundary,wave,u*dx(u),3.49010430892329e-15,1,0,1,0,1.23524359849034e-15,2.48499743773964e-11,4,0
17373,boundary,boundary,wave,v*dy(u),3.49010430892329e-15,1,0,1,0,1.23524359849034e-15,2.48499743773964e-11,4,0
17373,boundary,boundary,wave,w*dz(u),0,1,0,1,0,0,0,0,4
17373,boundary,boundary,wave,u*dx(v),3.17733437622497e-15,1,0,2,0,1.1641193394187e-15,2.17612594610728e-11,4,0
17373,boundary,boundary,wave,v*dy(v),3.17733437622497e-15,1,0,2,0,1.1641193394187e-15,2.17612594610728e-11,4,0
17373,boundary,boundary,wave,w*dz(v),0,1,0,1,0,0,0,0,4
17373,boundary,boundary,wave,u*dx(w),0,1,0,1,0,0,0,0,4
17373,boundary,boundary,wave,v*dy(w),0,1,0,1,0,0,0,0,4
17373,boundary,boundary,wave,w*dz(w),0,1,0,1,0,0,0,0,4
17373,boundary,boundary,wave,u*dx(eta),6.6231328288136e-16,1,0,2,0,6.42636970181231e-16,2.20811147144673e-11,4,0
17373,boundary,boundary,wave,v*dy(eta),6.6231328288136e-16,1,0,2,0,6.42636970181231e-16,2.20811147144673e-11,4,0
17373,boundary,boundary,wave,w*dz(eta),0,1,0,1,0,0,0,0,4
17373,boundary,boundary,wave,w*eta*dlogN2,0,1,0,1,0,0,0,0,4
17524,wave,wave,inertial,u*dx(u),3.33526125754198e-10,24,-1,23,1,1.33226762955019e-15,2.45109266217014e-10,1056,0
17524,wave,wave,inertial,v*dy(u),3.33526201081976e-10,23,-1,24,1,1.64290212418789e-15,2.44873232801979e-10,1056,0
17524,wave,wave,inertial,w*dz(u),1.70437906741304e-09,1,1,1,1,2.25695283694516e-14,1.64101519750659e-06,1056,0
17524,wave,wave,inertial,u*dx(v),3.33526179171209e-10,24,-1,23,1,1.58754307045463e-15,2.44873232801979e-10,1056,0
17524,wave,wave,inertial,v*dy(v),3.33526169850866e-10,24,-1,23,1,1.38966031423129e-15,2.44636977342338e-10,1056,0
17524,wave,wave,inertial,w*dz(v),1.70437924332724e-09,1,1,1,1,2.25585351861655e-14,1.64101496125113e-06,1056,0
17524,wave,wave,mda,u*dx(eta),6.20494101139329e-12,24,1,24,1,4.22815414940686e-15,6.07106270963253e-10,1056,0
17524,wave,wave,mda,v*dy(eta),6.20495197771526e-12,24,1,24,1,3.6694022011625e-15,6.07283025810841e-10,1056,0
17524,wave,wave,mda,w*dz(eta),6.20494081592404e-12,24,1,24,1,4.02009861917029e-15,6.07104776435245e-10,1056,0
17524,wave,wave,mda,w*eta*dlogN2,1.06595859207306e-12,24,1,23,1,4.16236329429277e-15,2.07918254487214e-10,1056,0
17524,wave,apv,inertial,u*dx(u),4.17792035950218e-15,23,1,3,0,1.24704865585875e-15,1.22773347044358e-10,288,0
17524,wave,apv,inertial,v*dy(u),4.15548405355701e-15,23,1,3,0,1.03514352570208e-15,1.22537091584718e-10,288,0
17524,wave,apv,inertial,w*dz(u),3.13493047805361e-15,22,1,5,0,1.3381829753586e-15,1.22704291172226e-10,288,0
17524,wave,apv,inertial,u*dx(v),4.17792035950218e-15,23,1,3,0,1.24704865585875e-15,1.22773347044358e-10,288,0
17524,wave,apv,inertial,v*dy(v),4.15548405355701e-15,23,1,3,0,1.03514352570208e-15,1.22537091584718e-10,288,0
17524,wave,apv,inertial,w*dz(v),3.13493047805361e-15,22,1,5,0,1.3381829753586e-15,1.22704291172226e-10,288,0
17524,wave,apv,mda,u*dx(eta),3.36173743790188e-15,24,1,2,0,2.27606339856205e-15,6.8176402928874e-10,288,0
17524,wave,apv,mda,v*dy(eta),4.05958614154206e-15,23,1,-1,0,3.75058394951608e-15,6.81940591654869e-10,288,0
17524,wave,apv,mda,w*dz(eta),1.30551987218285e-13,1,1,-1,0,3.3016885694189e-15,3.37209982407696e-07,288,0
17524,wave,apv,mda,w*eta*dlogN2,2.97840930680788e-15,22,1,1,0,2.73344216572878e-15,1.63233843780919e-10,288,0
17524,apv,wave,inertial,u*dx(u),4.20124440536474e-15,3,0,23,1,1.06093970080343e-15,1.22773347044358e-10,288,0
17524,apv,wave,inertial,v*dy(u),4.20124440536474e-15,3,0,23,1,1.06093970080343e-15,1.22773347044358e-10,288,0
17524,apv,wave,inertial,w*dz(u),0,-1,0,1,1,0,0,0,288
17524,apv,wave,inertial,u*dx(v),4.15033178371775e-15,3,0,23,1,1.03844355956471e-15,1.22537313629323e-10,288,0
17524,apv,wave,inertial,v*dy(v),4.15033178371775e-15,3,0,23,1,1.03844355956471e-15,1.22537313629323e-10,288,0
17524,apv,wave,inertial,w*dz(v),0,-1,0,1,1,0,0,0,288
17524,apv,wave,mda,u*dx(eta),3.73950289937681e-15,1,0,3,1,3.62947779875932e-15,8.96311521536179e-11,288,0
17524,apv,wave,mda,v*dy(eta),3.73950289937681e-15,1,0,3,1,3.62947779875932e-15,8.96311521536179e-11,288,0
17524,apv,wave,mda,w*dz(eta),0,-1,0,1,1,0,0,0,288
17524,apv,wave,mda,w*eta*dlogN2,0,-1,0,1,1,0,0,0,288
17524,wave,boundary,inertial,u*dx(u),5.24581455366133e-15,1,1,1,0,1.29727092449401e-15,1.22387877610208e-10,96,0
17524,wave,boundary,inertial,v*dy(u),5.22666597847789e-15,1,1,1,0,1.28962628545218e-15,1.22151844195173e-10,96,0
17524,wave,boundary,inertial,w*dz(u),1.95334738860526e-15,22,1,2,0,1.00625519946715e-15,1.23133947482756e-10,96,0
17524,wave,boundary,inertial,u*dx(v),5.24581455366133e-15,1,1,1,0,1.29727092449401e-15,1.22387877610208e-10,96,0
17524,wave,boundary,inertial,v*dy(v),5.22666597847789e-15,1,1,1,0,1.28962628545218e-15,1.22151844195173e-10,96,0
17524,wave,boundary,inertial,w*dz(v),1.95334738860526e-15,22,1,2,0,1.00625519946715e-15,1.23133947482756e-10,96,0
17524,wave,boundary,mda,u*dx(eta),3.52810976966381e-15,23,1,1,0,1.18022927637075e-15,7.40884049672872e-10,96,0
17524,wave,boundary,mda,v*dy(eta),3.31576226663405e-15,23,1,1,0,6.40075278323213e-16,7.41109818848237e-10,96,0
17524,wave,boundary,mda,w*dz(eta),2.62129438315423e-15,1,1,1,0,3.15796044937723e-15,1.47106180846701e-10,96,0
17524,wave,boundary,mda,w*eta*dlogN2,2.67348604920851e-15,1,1,1,0,3.01080919155098e-15,1.46777000023118e-10,96,0
17524,boundary,wave,inertial,u*dx(u),5.21384152301061e-15,1,0,1,1,1.31873858051196e-15,1.22387877610208e-10,96,0
17524,boundary,wave,inertial,v*dy(u),5.21384152301061e-15,1,0,1,1,1.31873858051196e-15,1.22387877610208e-10,96,0
17524,boundary,wave,inertial,w*dz(u),0,1,0,1,1,0,0,0,96
17524,boundary,wave,inertial,u*dx(v),5.20063683353629e-15,1,0,1,1,1.11899202715475e-15,1.22151844195173e-10,96,0
17524,boundary,wave,inertial,v*dy(v),5.20063683353629e-15,1,0,1,1,1.11899202715475e-15,1.22151844195173e-10,96,0
17524,boundary,wave,inertial,w*dz(v),0,1,0,1,1,0,0,0,96
17524,boundary,wave,mda,u*dx(eta),2.64146736113857e-15,1,0,1,1,2.36001352648203e-15,8.71156543146603e-11,96,0
17524,boundary,wave,mda,v*dy(eta),2.64146736113857e-15,1,0,1,1,2.36001352648203e-15,8.71156543146603e-11,96,0
17524,boundary,wave,mda,w*dz(eta),0,1,0,1,1,0,0,0,96
17524,boundary,wave,mda,w*eta*dlogN2,0,1,0,1,1,0,0,0,96
17524,apv,boundary,inertial,u*dx(u),2.41657460051727e-15,5,0,1,0,1.3694203073318e-15,1.6802337299282e-11,12,0
17524,apv,boundary,inertial,v*dy(u),2.41657460051727e-15,5,0,1,0,1.3694203073318e-15,1.6802337299282e-11,12,0
17524,apv,boundary,inertial,w*dz(u),0,-1,0,1,0,0,0,0,12
17524,apv,boundary,inertial,u*dx(v),2.41257246810721e-15,5,0,1,0,1.45552860489195e-15,1.6802337299282e-11,12,0
17524,apv,boundary,inertial,v*dy(v),2.41257246810721e-15,5,0,1,0,1.45552860489195e-15,1.6802337299282e-11,12,0
17524,apv,boundary,inertial,w*dz(v),0,-1,0,1,0,0,0,0,12
17524,apv,boundary,mda,u*dx(eta),3.28880255181767e-15,-1,0,1,0,4.07738557029649e-16,5.12917011865853e-11,12,0
17524,apv,boundary,mda,v*dy(eta),3.28880255181767e-15,-1,0,1,0,4.07738557029649e-16,5.12917011865853e-11,12,0
17524,apv,boundary,mda,w*dz(eta),0,-1,0,1,0,0,0,0,12
17524,apv,boundary,mda,w*eta*dlogN2,0,-1,0,1,0,0,0,0,12
17524,boundary,apv,inertial,u*dx(u),2.41168905192162e-15,1,0,5,0,1.35019403376613e-15,1.6802337299282e-11,12,0
17524,boundary,apv,inertial,v*dy(u),2.41168905192162e-15,1,0,5,0,1.35019403376613e-15,1.6802337299282e-11,12,0
17524,boundary,apv,inertial,w*dz(u),0,1,0,-1,0,0,0,0,12
17524,boundary,apv,inertial,u*dx(v),2.39142172058318e-15,1,0,5,0,1.43772560339487e-15,1.6802337299282e-11,12,0
17524,boundary,apv,inertial,v*dy(v),2.39142172058318e-15,1,0,5,0,1.43772560339487e-15,1.6802337299282e-11,12,0
17524,boundary,apv,inertial,w*dz(v),0,1,0,-1,0,0,0,0,12
17524,boundary,apv,mda,u*dx(eta),3.35812470139871e-15,2,0,1,0,1.68817013355578e-15,1.7720081917608e-10,12,0
17524,boundary,apv,mda,v*dy(eta),3.35812470139871e-15,2,0,1,0,1.68817013355578e-15,1.7720081917608e-10,12,0
17524,boundary,apv,mda,w*dz(eta),0,1,0,-1,0,0,0,0,12
17524,boundary,apv,mda,w*eta*dlogN2,0,1,0,-1,0,0,0,0,12
17524,boundary,boundary,inertial,u*dx(u),2.34640739934519e-15,1,0,1,0,4.84377876170269e-16,2.17612594610728e-11,4,0
17524,boundary,boundary,inertial,v*dy(u),2.34640739934519e-15,1,0,1,0,4.84377876170269e-16,2.17612594610728e-11,4,0
17524,boundary,boundary,inertial,w*dz(u),0,1,0,1,0,0,0,0,4
17524,boundary,boundary,inertial,u*dx(v),2.34129865470551e-15,1,0,1,0,4.84377876170269e-16,2.17612594610728e-11,4,0
17524,boundary,boundary,inertial,v*dy(v),2.34129865470551e-15,1,0,1,0,4.84377876170269e-16,2.17612594610728e-11,4,0
17524,boundary,boundary,inertial,w*dz(v),0,1,0,1,0,0,0,0,4
17524,boundary,boundary,mda,u*dx(eta),2.49893389728828e-15,1,0,1,0,7.22212955981003e-16,7.41679117117284e-11,4,0
17524,boundary,boundary,mda,v*dy(eta),2.49893389728828e-15,1,0,1,0,7.22212955981003e-16,7.41679117117284e-11,4,0
17524,boundary,boundary,mda,w*dz(eta),0,1,0,1,0,0,0,0,4
17524,boundary,boundary,mda,w*eta*dlogN2,0,1,0,1,0,0,0,0,4
17425,wave,wave,wave,u*dx(u),7.86101167692266e-07,23,1,24,1,3.56288829071973e-15,1.77859948990999e-10,1056,0
17425,wave,wave,wave,v*dy(u),0,1,1,1,1,0,0,0,1056
17425,wave,wave,wave,w*dz(u),7.86368914951374e-07,23,1,24,1,2.03858612812947e-14,2.0702255009545e-06,1056,0
17425,wave,wave,wave,u*dx(v),7.83405367513941e-07,23,1,24,1,3.47146568913365e-15,1.50321088909777e-10,1056,0
17425,wave,wave,wave,v*dy(v),0,1,1,1,1,0,0,0,1056
17425,wave,wave,wave,w*dz(v),7.83671746923079e-07,23,1,24,1,2.01115734426846e-14,1.97514958169357e-06,1056,0
17425,wave,wave,wave,u*dx(w),1.49562276900074e-09,24,1,24,1,9.99200722162641e-16,1.77601044981657e-10,1056,0
17425,wave,wave,wave,v*dy(w),0,1,1,1,1,0,0,0,1056
17425,wave,wave,wave,w*dz(w),1.49562238488404e-09,24,1,24,1,9.99200722162641e-16,1.7774004490434e-10,1056,0
17425,wave,wave,wave,u*dx(eta),1.01323458123219e-07,24,1,24,1,1.38769207525929e-15,1.50008228061438e-10,1056,0
17425,wave,wave,wave,v*dy(eta),0,1,1,1,1,0,0,0,1056
17425,wave,wave,wave,w*dz(eta),1.01323443525279e-07,24,1,24,1,1.4443761824268e-15,1.49992684939093e-10,1056,0
17425,wave,wave,wave,w*eta*dlogN2,6.11737735453799e-08,23,1,24,1,1.92655807905001e-15,1.50514933849877e-10,1056,0
17425,wave,apv,wave,u*dx(u),0,1,1,-1,0,0,0,0,288
17425,wave,apv,wave,v*dy(u),0,1,1,-1,0,0,0,0,288
17425,wave,apv,wave,w*dz(u),0,1,1,-1,0,0,0,0,288
17425,wave,apv,wave,u*dx(v),5.85425606431759e-11,24,1,5,0,2.18272005967601e-15,1.22773347044358e-10,288,0
17425,wave,apv,wave,v*dy(v),0,1,1,-1,0,0,0,0,288
17425,wave,apv,wave,w*dz(v),6.12371211212005e-11,24,1,5,0,2.18917873385846e-15,1.22704291172226e-10,288,0
17425,wave,apv,wave,u*dx(w),0,1,1,-1,0,0,0,0,288
17425,wave,apv,wave,v*dy(w),0,1,1,-1,0,0,0,0,288
17425,wave,apv,wave,w*dz(w),0,1,1,-1,0,0,0,0,288
17425,wave,apv,wave,u*dx(eta),4.4295026852884e-12,24,1,5,0,9.40773810627457e-16,1.22386323297974e-10,288,0
17425,wave,apv,wave,v*dy(eta),0,1,1,-1,0,0,0,0,288
17425,wave,apv,wave,w*dz(eta),4.32023168122521e-12,24,1,5,0,1.28545324548953e-15,1.49824153083955e-10,288,0
17425,wave,apv,wave,w*eta*dlogN2,1.0356445960204e-11,24,1,5,0,1.15656429698168e-15,1.23075549751661e-10,288,0
17425,apv,wave,wave,u*dx(u),5.86836220952144e-11,5,0,24,1,2.19178269785612e-15,5.52433654377182e-11,288,0
17425,apv,wave,wave,v*dy(u),0,-1,0,1,1,0,0,0,288
17425,apv,wave,wave,w*dz(u),0,-1,0,1,1,0,0,0,288
17425,apv,wave,wave,u*dx(v),5.85417354198471e-11,5,0,24,1,2.14814824850298e-15,2.77042833118912e-11,288,0
17425,apv,wave,wave,v*dy(v),0,-1,0,1,1,0,0,0,288
17425,apv,wave,wave,w*dz(v),0,-1,0,1,1,0,0,0,288
17425,apv,wave,wave,u*dx(w),7.48157493796297e-14,5,0,24,1,6.66133814775094e-16,5.62074831123027e-11,288,0
17425,apv,wave,wave,v*dy(w),0,-1,0,1,1,0,0,0,288
17425,apv,wave,wave,w*dz(w),0,-1,0,1,1,0,0,0,288
17425,apv,wave,wave,u*dx(eta),4.31948285528545e-12,5,0,24,1,8.78306185164168e-16,2.86790591275121e-11,288,0
17425,apv,wave,wave,v*dy(eta),0,-1,0,1,1,0,0,0,288
17425,apv,wave,wave,w*dz(eta),0,-1,0,1,1,0,0,0,288
17425,apv,wave,wave,w*eta*dlogN2,0,-1,0,1,1,0,0,0,288
17425,wave,boundary,wave,u*dx(u),0,1,1,1,0,0,0,0,96
17425,wave,boundary,wave,v*dy(u),0,1,1,1,0,0,0,0,96
17425,wave,boundary,wave,w*dz(u),0,1,1,1,0,0,0,0,96
17425,wave,boundary,wave,u*dx(v),3.69667553544661e-13,24,1,2,0,2.49872562886659e-15,1.22728049944953e-10,96,0
17425,wave,boundary,wave,v*dy(v),0,1,1,1,0,0,0,0,96
17425,wave,boundary,wave,w*dz(v),3.52822560138378e-13,24,1,1,0,1.96646321792622e-15,1.22904131316659e-10,96,0
17425,wave,boundary,wave,u*dx(w),0,1,1,1,0,0,0,0,96
17425,wave,boundary,wave,v*dy(w),0,1,1,1,0,0,0,0,96
17425,wave,boundary,wave,w*dz(w),0,1,1,1,0,0,0,0,96
17425,wave,boundary,wave,u*dx(eta),2.4831976059277e-14,24,1,1,0,6.96562815718648e-16,1.22898802246141e-10,96,0
17425,wave,boundary,wave,v*dy(eta),0,1,1,1,0,0,0,0,96
17425,wave,boundary,wave,w*dz(eta),2.60936209964777e-14,24,1,2,0,9.05158261308322e-16,1.22719612249966e-10,96,0
17425,wave,boundary,wave,w*eta*dlogN2,2.76572021555429e-14,24,1,1,0,7.26874504625543e-16,1.23010046593208e-10,96,0
17425,boundary,wave,wave,u*dx(u),7.69979252628308e-14,1,0,24,1,2.1353740669253e-15,5.46589440375556e-11,96,0
17425,boundary,wave,wave,v*dy(u),0,1,0,1,1,0,0,0,96
17425,boundary,wave,wave,w*dz(u),0,1,0,1,1,0,0,0,96
17425,boundary,wave,wave,u*dx(v),7.68537216808173e-14,1,0,24,1,2.07746707899872e-15,2.71198619117285e-11,96,0
17425,boundary,wave,wave,v*dy(v),0,1,0,1,1,0,0,0,96
17425,boundary,wave,wave,w*dz(v),0,1,0,1,1,0,0,0,96
17425,boundary,wave,wave,u*dx(w),9.81871565142816e-17,2,0,24,1,4.44089209850063e-16,5.34490229853191e-11,96,0
17425,boundary,wave,wave,v*dy(w),0,1,0,1,1,0,0,0,96
17425,boundary,wave,wave,w*dz(w),0,1,0,1,1,0,0,0,96
17425,boundary,wave,wave,u*dx(eta),5.59213211734387e-15,1,0,24,1,7.24750708821616e-16,2.60638177707051e-11,96,0
17425,boundary,wave,wave,v*dy(eta),0,1,0,1,1,0,0,0,96
17425,boundary,wave,wave,w*dz(eta),0,1,0,1,1,0,0,0,96
17425,boundary,wave,wave,w*eta*dlogN2,0,1,0,1,1,0,0,0,96
17425,apv,boundary,wave,u*dx(u),0,-1,0,1,0,0,0,0,12
17425,apv,boundary,wave,v*dy(u),0,-1,0,1,0,0,0,0,12
17425,apv,boundary,wave,w*dz(u),0,-1,0,1,0,0,0,0,12
17425,apv,boundary,wave,u*dx(v),4.1615575046599e-15,4,0,1,0,2.05089386622549e-15,5.71965202671039e-12,12,0
17425,apv,boundary,wave,v*dy(v),0,-1,0,1,0,0,0,0,12
17425,apv,boundary,wave,w*dz(v),0,-1,0,1,0,0,0,0,12
17425,apv,boundary,wave,u*dx(w),0,-1,0,1,0,0,0,0,12
17425,apv,boundary,wave,v*dy(w),0,-1,0,1,0,0,0,0,12
17425,apv,boundary,wave,w*dz(w),0,-1,0,1,0,0,0,0,12
17425,apv,boundary,wave,u*dx(eta),8.0665637021776e-16,4,0,2,0,5.74278051203543e-16,9.31166255213611e-12,12,0
17425,apv,boundary,wave,v*dy(eta),0,-1,0,1,0,0,0,0,12
17425,apv,boundary,wave,w*dz(eta),0,-1,0,1,0,0,0,0,12
17425,apv,boundary,wave,w*eta*dlogN2,0,-1,0,1,0,0,0,0,12
17425,boundary,apv,wave,u*dx(u),0,1,0,-1,0,0,0,0,12
17425,boundary,apv,wave,v*dy(u),0,1,0,-1,0,0,0,0,12
17425,boundary,apv,wave,w*dz(u),0,1,0,-1,0,0,0,0,12
17425,boundary,apv,wave,u*dx(v),3.60958338844124e-15,1,0,4,0,1.32899582277568e-15,1.6802337299282e-11,12,0
17425,boundary,apv,wave,v*dy(v),0,1,0,-1,0,0,0,0,12
17425,boundary,apv,wave,w*dz(v),0,1,0,-1,0,0,0,0,12
17425,boundary,apv,wave,u*dx(w),0,1,0,-1,0,0,0,0,12
17425,boundary,apv,wave,v*dy(w),0,1,0,-1,0,0,0,0,12
17425,boundary,apv,wave,w*dz(w),0,1,0,-1,0,0,0,0,12
17425,boundary,apv,wave,u*dx(eta),7.28151043881395e-16,1,0,2,0,8.01556373577883e-16,3.31483729354431e-11,12,0
17425,boundary,apv,wave,v*dy(eta),0,1,0,-1,0,0,0,0,12
17425,boundary,apv,wave,w*dz(eta),0,1,0,-1,0,0,0,0,12
17425,boundary,apv,wave,w*eta*dlogN2,0,1,0,-1,0,0,0,0,12
17425,boundary,boundary,wave,u*dx(u),0,1,0,1,0,0,0,0,4
17425,boundary,boundary,wave,v*dy(u),0,1,0,1,0,0,0,0,4
17425,boundary,boundary,wave,w*dz(u),0,1,0,1,0,0,0,0,4
17425,boundary,boundary,wave,u*dx(v),3.25582231128818e-15,1,0,2,0,1.1898528697879e-15,2.53008725081827e-12,4,0
17425,boundary,boundary,wave,v*dy(v),0,1,0,1,0,0,0,0,4
17425,boundary,boundary,wave,w*dz(v),0,1,0,1,0,0,0,0,4
17425,boundary,boundary,wave,u*dx(w),0,1,0,1,0,0,0,0,4
17425,boundary,boundary,wave,v*dy(w),0,1,0,1,0,0,0,0,4
17425,boundary,boundary,wave,w*dz(w),0,1,0,1,0,0,0,0,4
17425,boundary,boundary,wave,u*dx(eta),1.0004356268658e-15,2,0,1,0,1.13809073652973e-15,8.92270241191872e-12,4,0
17425,boundary,boundary,wave,v*dy(eta),0,1,0,1,0,0,0,0,4
17425,boundary,boundary,wave,w*dz(eta),0,1,0,1,0,0,0,0,4
17425,boundary,boundary,wave,w*eta*dlogN2,0,1,0,1,0,0,0,0,4
17429,wave,wave,wave,u*dx(u),7.85206027256011e-07,24,-1,23,1,3.59549648730337e-15,2.44873232801979e-10,1056,0
17429,wave,wave,wave,v*dy(u),7.85206027229967e-07,23,1,24,1,3.63234152756784e-15,2.44636977342338e-10,1056,0
17429,wave,wave,wave,w*dz(u),7.85473332837701e-07,24,1,23,1,6.45414547679623e-14,3.98299326623432e-06,1056,0
17429,wave,wave,wave,u*dx(v),7.83412170462911e-07,24,1,23,1,3.53892418971791e-15,2.45109266217014e-10,1056,0
17429,wave,wave,wave,v*dy(v),7.83412170443826e-07,23,1,24,1,3.55746937325076e-15,2.44873232801979e-10,1056,0
17429,wave,wave,wave,w*dz(v),7.83678566883188e-07,24,1,23,1,6.38280211946632e-14,3.87469075643955e-06,1056,0
17429,wave,wave,wave,u*dx(w),1.71030970026433e-09,24,1,24,1,9.99200722162641e-16,2.4489854588694e-10,1056,0
17429,wave,wave,wave,v*dy(w),1.71030970020692e-09,24,1,24,1,9.99200722162641e-16,2.44662512471905e-10,1056,0
17429,wave,wave,wave,w*dz(w),1.71030970028165e-09,24,1,24,1,8.88178419700125e-16,2.44899656109965e-10,1056,0
17429,wave,wave,wave,u*dx(eta),1.15709295468175e-07,24,1,24,1,1.49393225363378e-15,1.83538073628142e-10,1056,0
17429,wave,wave,wave,v*dy(eta),1.15709295464564e-07,24,1,24,1,1.39229670470631e-15,1.83301818168502e-10,1056,0
17429,wave,wave,wave,w*dz(eta),1.15709295468136e-07,24,1,24,1,1.28981586141386e-15,1.83538961806562e-10,1056,0
17429,wave,wave,wave,w*eta*dlogN2,6.98660880810788e-08,23,1,24,1,1.94149155890353e-15,1.84016579751756e-10,1056,0
17429,wave,apv,wave,u*dx(u),5.86378049955669e-11,24,1,5,0,2.26273801092152e-15,1.22773347044358e-10,288,0
17429,wave,apv,wave,v*dy(u),5.86378160455821e-11,24,1,5,0,2.33123164706426e-15,1.22537091584718e-10,288,0
17429,wave,apv,wave,w*dz(u),6.13360199241611e-11,24,1,5,0,2.45719987215041e-15,1.22704291172226e-10,288,0
17429,wave,apv,wave,u*dx(v),5.8543334710556e-11,24,1,5,0,2.26663650863089e-15,1.22773347044358e-10,288,0
17429,wave,apv,wave,v*dy(v),5.85431981544911e-11,24,1,5,0,2.18007174843646e-15,1.22537091584718e-10,288,0
17429,wave,apv,wave,w*dz(v),6.12377331792834e-11,24,1,5,0,2.24603513900928e-15,1.22704291172226e-10,288,0
17429,wave,apv,wave,u*dx(w),0,1,1,-1,0,0,0,0,288
17429,wave,apv,wave,v*dy(w),0,1,1,-1,0,0,0,0,288
17429,wave,apv,wave,w*dz(w),0,1,1,-1,0,0,0,0,288
17429,wave,apv,wave,u*dx(eta),5.0613062035222e-12,24,1,5,0,1.01022946977338e-15,1.22386323297974e-10,288,0
17429,wave,apv,wave,v*dy(eta),5.06130122422508e-12,24,1,5,0,1.02666645625544e-15,1.22150067838334e-10,288,0
17429,wave,apv,wave,w*dz(eta),4.93643766056303e-12,24,1,5,0,1.23958100372631e-15,1.49824153083955e-10,288,0
17429,wave,apv,wave,w*eta*dlogN2,1.18341578216433e-11,24,1,5,0,1.02530475987075e-15,1.23075549751661e-10,288,0
17429,apv,wave,wave,u*dx(u),5.86378205372428e-11,5,0,24,1,2.34013238839963e-15,1.22537091584718e-10,288,0
17429,apv,wave,wave,v*dy(u),5.86378205372428e-11,5,0,24,1,2.34013238839963e-15,1.22537091584718e-10,288,0
17429,apv,wave,wave,w*dz(u),0,-1,0,1,1,0,0,0,288
17429,apv,wave,wave,u*dx(v),5.85433281632011e-11,5,0,24,1,2.26351411507011e-15,1.22773347044358e-10,288,0
17429,apv,wave,wave,v*dy(v),5.85433281632011e-11,5,0,24,1,2.26351411507011e-15,1.22773347044358e-10,288,0
17429,apv,wave,wave,w*dz(v),0,-1,0,1,1,0,0,0,288
17429,apv,wave,wave,u*dx(w),8.55544082448919e-14,5,0,24,1,6.66133814775094e-16,1.23471899371452e-10,288,0
17429,apv,wave,wave,v*dy(w),8.55544082448919e-14,5,0,24,1,6.66133814775094e-16,1.23471899371452e-10,288,0
17429,apv,wave,wave,w*dz(w),0,-1,0,1,1,0,0,0,288
17429,apv,wave,wave,u*dx(eta),4.93565286476175e-12,5,0,24,1,1.25826703988861e-15,6.21966922409456e-11,288,0
17429,apv,wave,wave,v*dy(eta),4.93565286476175e-12,5,0,24,1,1.25826703988861e-15,6.21966922409456e-11,288,0
17429,apv,wave,wave,w*dz(eta),0,-1,0,1,1,0,0,0,288
17429,apv,wave,wave,w*eta*dlogN2,0,-1,0,1,1,0,0,0,288
17429,wave,boundary,wave,u*dx(u),7.7242920041056e-14,24,1,1,0,1.83251357670343e-15,1.22387877610208e-10,96,0
17429,wave,boundary,wave,v*dy(u),7.71452832864807e-14,24,1,1,0,2.17848922265017e-15,1.22151844195173e-10,96,0
17429,wave,boundary,wave,w*dz(u),2.09781076613235e-13,24,1,2,0,1.99938280408416e-15,1.23133947482756e-10,96,0
17429,wave,boundary,wave,u*dx(v),7.71636036209961e-14,24,1,1,0,1.86462646688512e-15,1.22387877610208e-10,96,0
17429,wave,boundary,wave,v*dy(v),7.68802323432787e-14,24,1,1,0,1.99878640123943e-15,1.22151844195173e-10,96,0
17429,wave,boundary,wave,w*dz(v),2.09451551189218e-13,24,1,2,0,1.74180668661583e-15,1.23133947482756e-10,96,0
17429,wave,boundary,wave,u*dx(w),0,1,1,1,0,0,0,0,96
17429,wave,boundary,wave,v*dy(w),0,1,1,1,0,0,0,0,96
17429,wave,boundary,wave,w*dz(w),0,1,1,1,0,0,0,0,96
17429,wave,boundary,wave,u*dx(eta),1.67738329529843e-14,24,1,2,0,7.7715611723761e-16,1.23407506436024e-10,96,0
17429,wave,boundary,wave,v*dy(eta),1.67764406929456e-14,24,1,2,0,6.66759452200256e-16,1.23171473020989e-10,96,0
17429,wave,boundary,wave,w*dz(eta),6.33461540736152e-15,24,1,1,0,9.73755534079312e-16,1.23106413951746e-10,96,0
17429,wave,boundary,wave,w*eta*dlogN2,5.30793552966312e-15,24,1,2,0,1.51699430530479e-15,1.23263621532033e-10,96,0
17429,boundary,wave,wave,u*dx(u),7.71089563451639e-14,1,0,24,1,2.25407498027315e-15,1.22151844195173e-10,96,0
17429,boundary,wave,wave,v*dy(u),7.71089563451639e-14,1,0,24,1,2.25407498027315e-15,1.22151844195173e-10,96,0
17429,boundary,wave,wave,w*dz(u),0,1,0,1,1,0,0,0,96
17429,boundary,wave,wave,u*dx(v),7.72656143925488e-14,1,0,24,1,1.87484822973452e-15,1.22388099654813e-10,96,0
17429,boundary,wave,wave,v*dy(v),7.72656143925488e-14,1,0,24,1,1.87484822973452e-15,1.22388099654813e-10,96,0
17429,boundary,wave,wave,w*dz(v),0,1,0,1,1,0,0,0,96
17429,boundary,wave,wave,u*dx(w),1.12932242032176e-16,2,0,24,1,6.66133814775094e-16,1.20845555784399e-10,96,0
17429,boundary,wave,wave,v*dy(w),1.12932242032176e-16,2,0,24,1,6.66133814775094e-16,1.20845555784399e-10,96,0
17429,boundary,wave,wave,w*dz(w),0,1,0,1,1,0,0,0,96
17429,boundary,wave,wave,u*dx(eta),6.36809965895893e-15,1,0,24,1,8.24974715054237e-16,5.95525850854983e-11,96,0
17429,boundary,wave,wave,v*dy(eta),6.36809965895893e-15,1,0,24,1,8.24974715054237e-16,5.95525850854983e-11,96,0
17429,boundary,wave,wave,w*dz(eta),0,1,0,1,1,0,0,0,96
17429,boundary,wave,wave,w*eta*dlogN2,0,1,0,1,1,0,0,0,96
17429,apv,boundary,wave,u*dx(u),4.18825906525941e-15,4,0,1,0,2.05293492098858e-15,1.72062474571806e-11,12,0
17429,apv,boundary,wave,v*dy(u),4.18825906525941e-15,4,0,1,0,2.05293492098858e-15,1.72062474571806e-11,12,0
17429,apv,boundary,wave,w*dz(u),0,-1,0,1,0,0,0,0,12
17429,apv,boundary,wave,u*dx(v),3.81201558417785e-15,4,0,1,0,1.23316689060537e-15,1.6802337299282e-11,12,0
17429,apv,boundary,wave,v*dy(v),3.81201558417785e-15,4,0,1,0,1.23316689060537e-15,1.6802337299282e-11,12,0
17429,apv,boundary,wave,w*dz(v),0,-1,0,1,0,0,0,0,12
17429,apv,boundary,wave,u*dx(w),0,-1,0,1,0,0,0,0,12
17429,apv,boundary,wave,v*dy(w),0,-1,0,1,0,0,0,0,12
17429,apv,boundary,wave,w*dz(w),0,-1,0,1,0,0,0,0,12
17429,apv,boundary,wave,u*dx(eta),7.59056122803387e-16,-1,0,2,0,6.03108678437913e-16,1.82573955953558e-11,12,0
17429,apv,boundary,wave,v*dy(eta),7.59056122803387e-16,-1,0,2,0,6.03108678437913e-16,1.82573955953558e-11,12,0
17429,apv,boundary,wave,w*dz(eta),0,-1,0,1,0,0,0,0,12
17429,apv,boundary,wave,w*eta*dlogN2,0,-1,0,1,0,0,0,0,12
17429,boundary,apv,wave,u*dx(u),4.16730993706495e-15,1,0,4,0,2.0298041587102e-15,1.72062669734565e-11,12,0
17429,boundary,apv,wave,v*dy(u),4.16730993706495e-15,1,0,4,0,2.0298041587102e-15,1.72062669734565e-11,12,0
17429,boundary,apv,wave,w*dz(u),0,1,0,-1,0,0,0,0,12
17429,boundary,apv,wave,u*dx(v),3.81001160676458e-15,1,0,4,0,1.26462284989644e-15,1.6802337299282e-11,12,0
17429,boundary,apv,wave,v*dy(v),3.81001160676458e-15,1,0,4,0,1.26462284989644e-15,1.6802337299282e-11,12,0
17429,boundary,apv,wave,w*dz(v),0,1,0,-1,0,0,0,0,12
17429,boundary,apv,wave,u*dx(w),0,1,0,-1,0,0,0,0,12
17429,boundary,apv,wave,v*dy(w),0,1,0,-1,0,0,0,0,12
17429,boundary,apv,wave,w*dz(w),0,1,0,-1,0,0,0,0,12
17429,boundary,apv,wave,u*dx(eta),8.17010289277151e-16,2,0,3,0,8.098172836898e-16,3.31483729354431e-11,12,0
17429,boundary,apv,wave,v*dy(eta),8.17010289277151e-16,2,0,3,0,8.098172836898e-16,3.31483729354431e-11,12,0
17429,boundary,apv,wave,w*dz(eta),0,1,0,-1,0,0,0,0,12
17429,boundary,apv,wave,w*eta*dlogN2,0,1,0,-1,0,0,0,0,12
17429,boundary,boundary,wave,u*dx(u),3.46146050969376e-15,2,0,1,0,1.88882990094212e-15,2.23049679941548e-11,4,0
17429,boundary,boundary,wave,v*dy(u),3.46146050969376e-15,2,0,1,0,1.88882990094212e-15,2.23049679941548e-11,4,0
17429,boundary,boundary,wave,w*dz(u),0,1,0,1,0,0,0,0,4
17429,boundary,boundary,wave,u*dx(v),3.12429485385841e-15,2,0,1,0,1.26161168389628e-15,2.17612594610728e-11,4,0
17429,boundary,boundary,wave,v*dy(v),3.12429485385841e-15,2,0,1,0,1.26161168389628e-15,2.17612594610728e-11,4,0
17429,boundary,boundary,wave,w*dz(v),0,1,0,1,0,0,0,0,4
17429,boundary,boundary,wave,u*dx(w),0,1,0,1,0,0,0,0,4
17429,boundary,boundary,wave,v*dy(w),0,1,0,1,0,0,0,0,4
17429,boundary,boundary,wave,w*dz(w),0,1,0,1,0,0,0,0,4
17429,boundary,boundary,wave,u*dx(eta),5.43182178157527e-16,1,0,2,0,1.05391015725362e-15,2.20811147144673e-11,4,0
17429,boundary,boundary,wave,v*dy(eta),5.43182178157527e-16,1,0,2,0,1.05391015725362e-15,2.20811147144673e-11,4,0
17429,boundary,boundary,wave,w*dz(eta),0,1,0,1,0,0,0,0,4
17429,boundary,boundary,wave,w*eta*dlogN2,0,1,0,1,0,0,0,0,4
9534,wave,wave,wave,u*dx(u),7.80841390175846e-07,23,1,24,1,3.55528396758065e-15,5.70858915693861e-11,1056,0
9534,wave,wave,wave,v*dy(u),7.80841390174103e-07,23,-1,24,1,3.5380325809701e-15,5.7059690306005e-11,1056,0
9534,wave,wave,wave,w*dz(u),7.81106428821488e-07,24,1,23,1,5.80122436015061e-14,6.86348797246618e-06,1056,0
9534,wave,wave,wave,u*dx(v),7.79189882247504e-07,23,1,24,1,3.53408364423289e-15,5.70858915693861e-11,1056,0
9534,wave,wave,wave,v*dy(v),7.79189882238506e-07,23,1,24,1,3.56840676037668e-15,5.70594682614001e-11,1056,0
9534,wave,wave,wave,w*dz(v),7.79454093072239e-07,24,1,23,1,5.75281252994638e-14,6.76378090668997e-06,1056,0
9534,wave,wave,wave,u*dx(w),3.11798190925227e-09,24,1,24,1,8.88178419700125e-16,5.72202285553658e-11,1056,0
9534,wave,wave,wave,v*dy(w),3.11798190926508e-09,24,1,24,1,8.88178419700125e-16,5.71940272919846e-11,1056,0
9534,wave,wave,wave,w*dz(w),3.11798135755877e-09,24,1,24,1,1.11022302462516e-15,5.72291103395628e-11,1056,0
9534,wave,wave,wave,u*dx(eta),2.08158963163002e-07,24,1,24,1,1.7938408334974e-15,5.69810865158615e-11,1056,0
9534,wave,wave,wave,v*dy(eta),2.08158963163226e-07,24,1,24,1,1.77653107583485e-15,5.69548852524804e-11,1056,0
9534,wave,wave,wave,w*dz(eta),2.08158942479067e-07,24,1,24,1,1.72567983642759e-15,5.72091263251195e-11,1056,0
9534,wave,wave,wave,w*eta*dlogN2,1.25806358948901e-07,23,1,24,1,1.87970632312543e-15,5.72317748748219e-11,1056,0
9534,wave,apv,wave,u*dx(u),5.84111161474767e-11,24,1,5,0,2.28134022542011e-15,5.70967717550275e-11,288,0
9534,wave,apv,wave,v*dy(u),5.84109901149988e-11,24,1,5,0,2.12822051193798e-15,5.70703484470414e-11,288,0
9534,wave,apv,wave,w*dz(u),6.11003995690774e-11,24,1,5,0,2.25360159877973e-15,5.71984681840831e-11,288,0
9534,wave,apv,wave,u*dx(v),5.83234947928322e-11,24,1,5,0,2.31895251351428e-15,5.70965497104226e-11,288,0
9534,wave,apv,wave,v*dy(v),5.83234263240116e-11,24,1,5,0,2.23862837453677e-15,5.70705704916463e-11,288,0
9534,wave,apv,wave,w*dz(v),6.10094409725512e-11,24,1,5,0,2.14737236129434e-15,5.71982461394782e-11,288,0
9534,wave,apv,wave,u*dx(w),0,1,1,-1,0,0,0,0,288
9534,wave,apv,wave,v*dy(w),0,1,1,-1,0,0,0,0,288
9534,wave,apv,wave,w*dz(w),0,1,1,-1,0,0,0,0,288
9534,wave,apv,wave,u*dx(eta),9.15577059423444e-12,24,1,5,0,1.23903406973383e-15,5.70024027979343e-11,288,0
9534,wave,apv,wave,v*dy(eta),9.15576332147818e-12,24,1,5,0,1.47876311735873e-15,5.69759794899483e-11,288,0
9534,wave,apv,wave,w*dz(eta),8.9295778472879e-12,24,1,5,0,1.76045432081048e-15,1.47822309948253e-10,288,0
9534,wave,apv,wave,w*eta*dlogN2,2.1416249931452e-11,24,1,5,0,1.23834617884796e-15,5.75532954627533e-11,288,0
9534,apv,wave,wave,u*dx(u),5.84105411740617e-11,5,0,24,1,2.19925192909351e-15,2.91660029461127e-11,288,0
9534,apv,wave,wave,v*dy(u),5.84105093118021e-11,5,0,24,1,2.24773303276009e-15,2.91658919238102e-11,288,0
9534,apv,wave,wave,w*dz(u),0,-1,0,1,1,0,0,0,288
9534,apv,wave,wave,u*dx(v),5.8323035884969e-11,5,0,24,1,2.14651578653335e-15,2.91787705108959e-11,288,0
9534,apv,wave,wave,v*dy(v),5.83229604219209e-11,5,0,24,1,2.23945206897083e-15,2.91786594885934e-11,288,0
9534,apv,wave,wave,w*dz(v),0,-1,0,1,1,0,0,0,288
9534,apv,wave,wave,u*dx(w),1.55961334093501e-13,5,0,24,1,5.55111512312578e-16,3.39014372130464e-11,288,0
9534,apv,wave,wave,v*dy(w),1.55961576523624e-13,5,0,24,1,5.55111512312578e-16,3.39014372130464e-11,288,0
9534,apv,wave,wave,w*dz(w),0,-1,0,1,1,0,0,0,288
9534,apv,wave,wave,u*dx(eta),8.92808496347662e-12,5,0,24,1,1.06240911123019e-15,1.99824601310183e-11,288,0
9534,apv,wave,wave,v*dy(eta),8.92806278621434e-12,5,0,24,1,1.2930879104822e-15,1.99822380864134e-11,288,0
9534,apv,wave,wave,w*dz(eta),0,-1,0,1,1,0,0,0,288
9534,apv,wave,wave,w*eta*dlogN2,0,-1,0,1,1,0,0,0,288
9534,wave,boundary,wave,u*dx(u),8.22664923200741e-14,24,1,2,0,1.89853287820552e-15,5.7663873676006e-11,96,0
9534,wave,boundary,wave,v*dy(u),8.34011164390657e-14,24,1,2,0,1.87746048748797e-15,5.76374503680199e-11,96,0
9534,wave,boundary,wave,w*dz(u),1.08106092522127e-13,24,1,2,0,1.85838008765273e-15,5.74440495171302e-11,96,0
9534,wave,boundary,wave,u*dx(v),8.33026561926252e-14,24,1,2,0,1.85954177713124e-15,5.7663873676006e-11,96,0
9534,wave,boundary,wave,v*dy(v),8.30375389628991e-14,24,1,2,0,1.82651218442715e-15,5.76374503680199e-11,96,0
9534,wave,boundary,wave,w*dz(v),1.07930625534432e-13,24,1,2,0,1.94382185609097e-15,5.74438274725253e-11,96,0
9534,wave,boundary,wave,u*dx(w),0,1,1,1,0,0,0,0,96
9534,wave,boundary,wave,v*dy(w),0,1,1,1,0,0,0,0,96
9534,wave,boundary,wave,w*dz(w),0,1,1,1,0,0,0,0,96
9534,wave,boundary,wave,u*dx(eta),1.57118568083133e-14,24,1,2,0,7.80946201380945e-16,5.76720893263882e-11,96,0
9534,wave,boundary,wave,v*dy(eta),1.57189051401511e-14,24,1,2,0,7.70922433019498e-16,5.76456660184022e-11,96,0
9534,wave,boundary,wave,w*dz(eta),1.23460697118953e-14,24,1,2,0,9.61420995762816e-16,5.74369440897726e-11,96,0
9534,wave,boundary,wave,w*eta*dlogN2,1.06393769306203e-14,24,1,1,0,1.24813714054094e-15,5.74942315978433e-11,96,0
9534,boundary,wave,wave,u*dx(u),8.14832194220188e-14,2,0,24,1,2.24399009425614e-15,2.99212876697652e-11,96,0
9534,boundary,wave,wave,v*dy(u),8.17360845871615e-14,2,0,24,1,2.01238093904987e-15,2.99211766474627e-11,96,0
9534,boundary,wave,wave,w*dz(u),0,1,0,1,1,0,0,0,96
9534,boundary,wave,wave,u*dx(v),8.12511526766181e-14,2,0,24,1,2.20726528004437e-15,2.99336111453385e-11,96,0
9534,boundary,wave,wave,v*dy(v),8.12642120529703e-14,2,0,24,1,1.79147513483537e-15,2.9933722167641e-11,96,0
9534,boundary,wave,wave,w*dz(v),0,1,0,1,1,0,0,0,96
9534,boundary,wave,wave,u*dx(w),1.21696335992155e-16,1,0,24,1,6.66133814775094e-16,3.14965831194058e-11,96,0
9534,boundary,wave,wave,v*dy(w),1.23805195486384e-16,1,0,18,1,6.66133814775094e-16,3.14965831194058e-11,96,0
9534,boundary,wave,wave,w*dz(w),0,1,0,1,1,0,0,0,96
9534,boundary,wave,wave,u*dx(eta),1.20147401930558e-14,2,0,24,1,8.18022916717236e-16,1.80319092990544e-11,96,0
9534,boundary,wave,wave,v*dy(eta),1.20146828849745e-14,2,0,24,1,8.60618311818575e-16,1.80317982767519e-11,96,0
9534,boundary,wave,wave,w*dz(eta),0,1,0,1,1,0,0,0,96
9534,boundary,wave,wave,w*eta*dlogN2,0,1,0,1,1,0,0,0,96
9534,apv,boundary,wave,u*dx(u),3.71106154454752e-15,4,0,1,0,1.40834205707893e-15,1.81128445575496e-11,12,0
9534,apv,boundary,wave,v*dy(u),3.64691633882178e-15,4,0,1,0,1.29101350131061e-15,1.81130666021545e-11,12,0
9534,apv,boundary,wave,w*dz(u),0,-1,0,1,0,0,0,0,12
9534,apv,boundary,wave,u*dx(v),3.55835000153843e-15,4,0,1,0,1.26531993787481e-15,1.81130666021545e-11,12,0
9534,apv,boundary,wave,v*dy(v),3.5138519073303e-15,4,0,1,0,1.80697301862279e-15,1.81130666021545e-11,12,0
9534,apv,boundary,wave,w*dz(v),0,-1,0,1,0,0,0,0,12
9534,apv,boundary,wave,u*dx(w),0,-1,0,1,0,0,0,0,12
9534,apv,boundary,wave,v*dy(w),0,-1,0,1,0,0,0,0,12
9534,apv,boundary,wave,w*dz(w),0,-1,0,1,0,0,0,0,12
9534,apv,boundary,wave,u*dx(eta),8.80563305724146e-16,-1,0,2,0,1.25836071288634e-15,2.04078975940547e-11,12,0
9534,apv,boundary,wave,v*dy(eta),9.41024833458252e-16,-1,0,2,0,8.22985208277519e-16,2.04076755494498e-11,12,0
9534,apv,boundary,wave,w*dz(eta),0,-1,0,1,0,0,0,0,12
9534,apv,boundary,wave,w*eta*dlogN2,0,-1,0,1,0,0,0,0,12
9534,boundary,apv,wave,u*dx(u),3.76550832051776e-15,1,0,4,0,1.56543691045541e-15,2.05007122389134e-11,12,0
9534,boundary,apv,wave,v*dy(u),3.85776834418929e-15,1,0,4,0,1.32661925977814e-15,2.05007122389134e-11,12,0
9534,boundary,apv,wave,w*dz(u),0,1,0,-1,0,0,0,0,12
9534,boundary,apv,wave,u*dx(v),3.60920911954942e-15,1,0,4,0,1.59358159028737e-15,2.05011563281232e-11,12,0
9534,boundary,apv,wave,v*dy(v),3.63444877923043e-15,1,0,4,0,1.16068103567904e-15,2.05011563281232e-11,12,0
9534,boundary,apv,wave,w*dz(v),0,1,0,-1,0,0,0,0,12
9534,boundary,apv,wave,u*dx(w),0,1,0,-1,0,0,0,0,12
9534,boundary,apv,wave,v*dy(w),0,1,0,-1,0,0,0,0,12
9534,boundary,apv,wave,w*dz(w),0,1,0,-1,0,0,0,0,12
9534,boundary,apv,wave,u*dx(eta),1.17775327831718e-15,2,0,-1,0,1.34268753315393e-15,3.27745882375084e-11,12,0
9534,boundary,apv,wave,v*dy(eta),1.28866283570091e-15,2,0,1,0,7.14332446499016e-16,3.2774491148776e-11,12,0
9534,boundary,apv,wave,w*dz(eta),0,1,0,-1,0,0,0,0,12
9534,boundary,apv,wave,w*eta*dlogN2,0,1,0,-1,0,0,0,0,12
9534,boundary,boundary,wave,u*dx(u),4.12691825546508e-15,1,0,2,0,1.60770061277441e-15,6.46475095678056e-11,4,0
9534,boundary,boundary,wave,v*dy(u),3.98025990641389e-15,1,0,2,0,1.48331028250603e-15,6.4647842634713e-11,4,0
9534,boundary,boundary,wave,w*dz(u),0,1,0,1,0,0,0,0,4
9534,boundary,boundary,wave,u*dx(v),3.94329851829319e-15,1,0,2,0,1.54392087800565e-15,6.46476205901081e-11,4,0
9534,boundary,boundary,wave,v*dy(v),4.0155221240529e-15,1,0,2,0,1.47093945291864e-15,6.46477316124106e-11,4,0
9534,boundary,boundary,wave,w*dz(v),0,1,0,1,0,0,0,0,4
9534,boundary,boundary,wave,u*dx(w),0,1,0,1,0,0,0,0,4
9534,boundary,boundary,wave,v*dy(w),0,1,0,1,0,0,0,0,4
9534,boundary,boundary,wave,w*dz(w),0,1,0,1,0,0,0,0,4
9534,boundary,boundary,wave,u*dx(eta),9.52170836251814e-16,1,0,2,0,5.88623075260853e-16,3.53551660518657e-11,4,0
9534,boundary,boundary,wave,v*dy(eta),1.42833014108284e-15,2,0,1,0,6.87977945067442e-16,3.53549953578604e-11,4,0
9534,boundary,boundary,wave,w*dz(eta),0,1,0,1,0,0,0,0,4
9534,boundary,boundary,wave,w*eta*dlogN2,0,1,0,1,0,0,0,0,4
9683,wave,wave,inertial,u*dx(u),3.33527830874966e-10,23,1,24,1,1.27331750169871e-15,1.14123821504108e-10,1056,0
9683,wave,wave,inertial,v*dy(u),3.33527880614132e-10,23,1,24,1,1.8258693218651e-15,1.14097398196122e-10,1056,0
9683,wave,wave,inertial,w*dz(u),2.90755180660312e-09,1,1,1,1,1.41290815888839e-14,2.03887362779099e-06,1056,0
9683,wave,wave,inertial,u*dx(v),3.33527894775378e-10,24,-1,23,1,1.74583348741936e-15,1.14097176151517e-10,1056,0
9683,wave,wave,inertial,v*dy(v),3.33527837331805e-10,23,1,24,1,1.16110383686e-15,1.14071196932741e-10,1056,0
9683,wave,wave,inertial,w*dz(v),2.90755168705882e-09,1,1,1,1,1.41195723858322e-14,2.03887362811026e-06,1056,0
9683,wave,wave,mda,u*dx(eta),6.20505280390726e-12,24,1,24,1,3.47769642778747e-15,6.63750140815639e-10,1056,0
9683,wave,wave,mda,v*dy(eta),6.20508232371733e-12,24,1,24,1,4.23259020906435e-15,6.63769929895723e-10,1056,0
9683,wave,wave,mda,w*dz(eta),6.20505701854868e-12,24,1,24,1,4.11648100984787e-15,6.63748703107497e-10,1056,0
9683,wave,wave,mda,w*eta*dlogN2,1.0662334701476e-12,24,1,23,1,3.10553396811385e-15,1.10834440886254e-10,1056,0
9683,wave,apv,inertial,u*dx(u),4.26815954465068e-15,23,1,3,0,1.21956994500953e-15,5.70965497104226e-11,288,0
9683,wave,apv,inertial,v*dy(u),4.25126501209729e-15,23,1,3,0,1.50534992536679e-15,5.70703484470414e-11,288,0
9683,wave,apv,inertial,w*dz(u),3.07994792121773e-15,22,1,5,0,1.17469812184676e-15,5.71982461394782e-11,288,0
9683,wave,apv,inertial,u*dx(v),4.21401498265333e-15,23,1,3,0,1.05873631810342e-15,5.70965497104226e-11,288,0
9683,wave,apv,inertial,v*dy(v),4.18561169675923e-15,23,1,3,0,1.08546775962794e-15,5.70703484470414e-11,288,0
9683,wave,apv,inertial,w*dz(v),3.08430778014425e-15,22,1,5,0,1.22389572392743e-15,5.71984681840831e-11,288,0
9683,wave,apv,mda,u*dx(eta),3.85368894872316e-15,24,1,-1,0,2.18689453840882e-15,7.1206980227644e-10,288,0
9683,wave,apv,mda,v*dy(eta),3.98202372975735e-15,23,1,-1,0,3.20232301088714e-15,7.1208997642991e-10,288,0
9683,wave,apv,mda,w*dz(eta),1.29134018814922e-13,1,1,-1,0,2.11091015425971e-15,3.37163675934016e-07,288,0
9683,wave,apv,mda,w*eta*dlogN2,3.37712634907809e-15,6,1,5,0,3.39105842118532e-15,9.91474324899714e-11,288,0
9683,apv,wave,inertial,u*dx(u),4.2628935803504e-15,3,0,23,1,1.1320907566519e-15,5.70965497104226e-11,288,0
9683,apv,wave,inertial,v*dy(u),4.2538378618245e-15,3,0,23,1,1.13455535555957e-15,5.70965497104226e-11,288,0
9683,apv,wave,inertial,w*dz(u),0,-1,0,1,1,0,0,0,288
9683,apv,wave,inertial,u*dx(v),4.21019548357783e-15,3,0,23,1,1.06023413578626e-15,5.70703484470414e-11,288,0
9683,apv,wave,inertial,v*dy(v),4.20923962011484e-15,3,0,23,1,1.07738430143583e-15,5.70703484470414e-11,288,0
9683,apv,wave,inertial,w*dz(v),0,-1,0,1,1,0,0,0,288
9683,apv,wave,mda,u*dx(eta),3.2403036863651e-15,3,0,1,1,2.2964312085748e-15,6.36228642156784e-11,288,0
9683,apv,wave,mda,v*dy(eta),3.24028196375679e-15,3,0,1,1,1.85773851704737e-15,6.36225878481244e-11,288,0
9683,apv,wave,mda,w*dz(eta),0,-1,0,1,1,0,0,0,288
9683,apv,wave,mda,w*eta*dlogN2,0,-1,0,1,1,0,0,0,288
9683,wave,boundary,inertial,u*dx(u),7.95012311786813e-15,1,1,1,0,1.19983414821213e-15,5.69397862193455e-11,96,0
9683,wave,boundary,inertial,v*dy(u),7.95556258827226e-15,1,1,1,0,1.23362343143555e-15,5.69129188221495e-11,96,0
9683,wave,boundary,inertial,w*dz(u),2.30606695037824e-15,1,1,1,0,9.4355848524174e-16,5.7571947209567e-11,96,0
9683,wave,boundary,inertial,u*dx(v),8.02402191581389e-15,1,1,1,0,1.6213057922239e-15,5.69393421301356e-11,96,0
9683,wave,boundary,inertial,v*dy(v),7.89974446625741e-15,1,1,1,0,9.49182366828251e-16,5.69133629113594e-11,96,0
9683,wave,boundary,inertial,w*dz(v),2.32556040702421e-15,1,1,1,0,1.12328722862629e-15,5.7572169254172e-11,96,0
9683,wave,boundary,mda,u*dx(eta),3.76539012142692e-15,22,1,1,0,5.33235692181865e-16,8.03006437866095e-10,96,0
9683,wave,boundary,mda,v*dy(eta),4.14510877598449e-15,1,1,1,0,6.20612050681175e-16,8.03031760965412e-10,96,0
9683,wave,boundary,mda,w*dz(eta),2.26315963866547e-15,1,1,1,0,1.88927935101227e-15,8.5987199864751e-11,96,0
9683,wave,boundary,mda,w*eta*dlogN2,3.1548854197603e-15,1,1,1,0,2.04070654177419e-15,8.52981428967751e-11,96,0
9683,boundary,wave,inertial,u*dx(u),7.98042399613161e-15,1,0,1,1,1.24456664423872e-15,5.69397862193455e-11,96,0
9683,boundary,wave,inertial,v*dy(u),7.94372902074396e-15,1,0,1,1,1.15598133408106e-15,5.69397862193455e-11,96,0
9683,boundary,wave,inertial,w*dz(u),0,1,0,1,1,0,0,0,96
9683,boundary,wave,inertial,u*dx(v),7.94333756850078e-15,1,0,1,1,8.76038151491491e-16,5.69133629113594e-11,96,0
9683,boundary,wave,inertial,v*dy(v),7.94980315698188e-15,1,0,1,1,8.95894018744927e-16,5.69133629113594e-11,96,0
9683,boundary,wave,inertial,w*dz(v),0,1,0,1,1,0,0,0,96
9683,boundary,wave,mda,u*dx(eta),2.84678245497387e-15,2,0,3,1,2.26998726861591e-15,6.1180131645274e-11,96,0
9683,boundary,wave,mda,v*dy(eta),2.55018986046528e-15,2,0,3,1,2.55958809326646e-15,6.11806243442413e-11,96,0
9683,boundary,wave,mda,w*dz(eta),0,1,0,1,1,0,0,0,96
9683,boundary,wave,mda,w*eta*dlogN2,0,1,0,1,1,0,0,0,96
9683,apv,boundary,inertial,u*dx(u),2.73901976366977e-15,4,0,1,0,8.39820171262544e-16,2.05013783727281e-11,12,0
9683,apv,boundary,inertial,v*dy(u),2.7208994568067e-15,5,0,1,0,8.66302573615462e-16,2.05011563281232e-11,12,0
9683,apv,boundary,inertial,w*dz(u),0,-1,0,1,0,0,0,0,12
9683,apv,boundary,inertial,u*dx(v),2.67434146893388e-15,5,0,1,0,1.52992067011882e-15,2.05011563281232e-11,12,0
9683,apv,boundary,inertial,v*dy(v),2.67280725812989e-15,5,0,1,0,1.41773104552518e-15,2.05011563281232e-11,12,0
9683,apv,boundary,inertial,w*dz(v),0,-1,0,1,0,0,0,0,12
9683,apv,boundary,mda,u*dx(eta),3.12778204123408e-15,4,0,1,0,6.04345605488487e-16,5.14619332663779e-11,12,0
9683,apv,boundary,mda,v*dy(eta),3.32574949665485e-15,2,0,2,0,6.14924226934758e-16,5.14619332663779e-11,12,0
9683,apv,boundary,mda,w*dz(eta),0,-1,0,1,0,0,0,0,12
9683,apv,boundary,mda,w*eta*dlogN2,0,-1,0,1,0,0,0,0,12
9683,boundary,apv,inertial,u*dx(u),2.76166661214772e-15,1,0,5,0,8.92407981330508e-16,2.05013783727281e-11,12,0
9683,boundary,apv,inertial,v*dy(u),2.71222556792829e-15,1,0,4,0,9.30250536840053e-16,2.05013783727281e-11,12,0
9683,boundary,apv,inertial,w*dz(u),0,1,0,-1,0,0,0,0,12
9683,boundary,apv,inertial,u*dx(v),2.63379685227237e-15,1,0,5,0,1.44423710472068e-15,2.05011563281232e-11,12,0
9683,boundary,apv,inertial,v*dy(v),2.66322087984277e-15,1,0,5,0,1.41709598106959e-15,2.05009342835183e-11,12,0
9683,boundary,apv,inertial,w*dz(v),0,1,0,-1,0,0,0,0,12
9683,boundary,apv,mda,u*dx(eta),1.71932430140889e-15,1,0,-1,0,9.25521290201808e-16,1.91076043876137e-10,12,0
9683,boundary,apv,mda,v*dy(eta),1.71932430140889e-15,1,0,-1,0,1.06542288945363e-15,1.91076265920742e-10,12,0
9683,boundary,apv,mda,w*dz(eta),0,1,0,-1,0,0,0,0,12
9683,boundary,apv,mda,w*eta*dlogN2,0,1,0,-1,0,0,0,0,12
9683,boundary,boundary,inertial,u*dx(u),2.95826302023801e-15,1,0,1,0,9.98641265484551e-16,7.1249894872949e-11,4,0
9683,boundary,boundary,inertial,v*dy(u),2.92136486550393e-15,1,0,1,0,1.01449970928317e-15,7.1249894872949e-11,4,0
9683,boundary,boundary,inertial,w*dz(u),0,1,0,1,0,0,0,0,4
9683,boundary,boundary,inertial,u*dx(v),2.94140139771985e-15,1,0,1,0,8.05274004268095e-16,7.12497838506465e-11,4,0
9683,boundary,boundary,inertial,v*dy(v),2.94845224449808e-15,1,0,1,0,7.85751394190648e-16,7.12497838506465e-11,4,0
9683,boundary,boundary,inertial,w*dz(v),0,1,0,1,0,0,0,0,4
9683,boundary,boundary,mda,u*dx(eta),2.52050035055231e-15,1,0,1,0,9.51690298131524e-16,1.85874448451917e-10,4,0
9683,boundary,boundary,mda,v*dy(eta),2.52050035055231e-15,1,0,1,0,9.51690298131524e-16,1.85874074986947e-10,4,0
9683,boundary,boundary,mda,w*dz(eta),0,1,0,1,0,0,0,0,4
9683,boundary,boundary,mda,w*eta*dlogN2,0,1,0,1,0,0,0,0,4
9555,wave,wave,wave,u*dx(u),7.85768052284559e-07,23,1,24,1,3.53649745247788e-15,1.12367004589942e-10,1056,0
9555,wave,wave,wave,v*dy(u),0,1,1,1,1,0,0,0,1056
9555,wave,wave,wave,w*dz(u),7.86035565102678e-07,23,1,24,1,2.03621961915797e-14,2.06358116096716e-06,1056,0
9555,wave,wave,wave,u*dx(v),7.80744970878361e-07,23,1,24,1,3.39301700458101e-15,8.48281445087196e-11,1056,0
9555,wave,wave,wave,v*dy(v),0,1,1,1,1,0,0,0,1056
9555,wave,wave,wave,w*dz(v),7.81009945128266e-07,23,1,24,1,1.99930687387383e-14,1.93711480936503e-06,1056,0
9555,wave,wave,wave,u*dx(w),2.13536997125562e-09,24,1,24,1,9.99200722162641e-16,1.12231113291728e-10,1056,0
9555,wave,wave,wave,v*dy(w),0,1,1,1,1,0,0,0,1056
9555,wave,wave,wave,w*dz(w),2.13536863417606e-09,24,1,24,1,9.99200722162641e-16,1.12186038236928e-10,1056,0
9555,wave,wave,wave,u*dx(eta),1.43999894552247e-07,24,1,24,1,1.46230588190277e-15,8.45763459267346e-11,1056,0
9555,wave,wave,wave,v*dy(eta),0,1,1,1,1,0,0,0,1056
9555,wave,wave,wave,w*dz(eta),1.4399984394171e-07,24,1,24,1,1.54413832162594e-15,8.44753156314937e-11,1056,0
9555,wave,wave,wave,w*eta*dlogN2,8.69685561857468e-08,23,1,24,1,1.10588287123964e-15,8.50246539840782e-11,1056,0
9555,wave,apv,wave,u*dx(u),0,1,1,-1,0,0,0,0,288
9555,wave,apv,wave,v*dy(u),0,1,1,-1,0,0,0,0,288
9555,wave,apv,wave,w*dz(u),0,1,1,-1,0,0,0,0,288
9555,wave,apv,wave,u*dx(v),5.84044511405803e-11,24,1,5,0,2.29214968767338e-15,5.70965497104226e-11,288,0
9555,wave,apv,wave,v*dy(v),0,1,1,-1,0,0,0,0,288
9555,wave,apv,wave,w*dz(v),6.10936620945901e-11,24,1,5,0,2.09360666518515e-15,5.71982461394782e-11,288,0
9555,wave,apv,wave,u*dx(w),0,1,1,-1,0,0,0,0,288
9555,wave,apv,wave,v*dy(w),0,1,1,-1,0,0,0,0,288
9555,wave,apv,wave,w*dz(w),0,1,1,-1,0,0,0,0,288
9555,wave,apv,wave,u*dx(eta),6.30743671774273e-12,24,1,5,0,1.42266293386215e-15,5.70024027979343e-11,288,0
9555,wave,apv,wave,v*dy(eta),0,1,1,-1,0,0,0,0,288
9555,wave,apv,wave,w*dz(eta),6.15178018305492e-12,24,1,5,0,1.19724838249849e-15,1.47822309948253e-10,288,0
9555,wave,apv,wave,w*eta*dlogN2,1.47490658893661e-11,24,1,5,0,1.20488998494872e-15,5.75532954627533e-11,288,0
9555,apv,wave,wave,u*dx(u),5.86675574474646e-11,5,0,24,1,2.38361692030243e-15,5.52433654377182e-11,288,0
9555,apv,wave,wave,v*dy(u),0,-1,0,1,1,0,0,0,288
9555,apv,wave,wave,w*dz(u),0,-1,0,1,1,0,0,0,288
9555,apv,wave,wave,u*dx(v),5.8402602233224e-11,5,0,24,1,2.16832566163497e-15,2.77042833118912e-11,288,0
9555,apv,wave,wave,v*dy(v),0,-1,0,1,1,0,0,0,288
9555,apv,wave,wave,w*dz(v),0,-1,0,1,1,0,0,0,288
9555,apv,wave,wave,u*dx(w),1.06816111960537e-13,5,0,24,1,6.66133814775094e-16,5.62074831123027e-11,288,0
9555,apv,wave,wave,v*dy(w),0,-1,0,1,1,0,0,0,288
9555,apv,wave,wave,w*dz(w),0,-1,0,1,1,0,0,0,288
9555,apv,wave,wave,u*dx(eta),6.15059076150667e-12,5,0,24,1,1.06291155336309e-15,2.86790591275121e-11,288,0
9555,apv,wave,wave,v*dy(eta),0,-1,0,1,1,0,0,0,288
9555,apv,wave,wave,w*dz(eta),0,-1,0,1,1,0,0,0,288
9555,apv,wave,wave,w*eta*dlogN2,0,-1,0,1,1,0,0,0,288
9555,wave,boundary,wave,u*dx(u),0,1,1,1,0,0,0,0,96
9555,wave,boundary,wave,v*dy(u),0,1,1,1,0,0,0,0,96
9555,wave,boundary,wave,w*dz(u),0,1,1,1,0,0,0,0,96
9555,wave,boundary,wave,u*dx(v),3.68987572260345e-13,24,1,2,0,2.30902073881888e-15,5.71851455077876e-11,96,0
9555,wave,boundary,wave,v*dy(v),0,1,1,1,0,0,0,0,96
9555,wave,boundary,wave,w*dz(v),3.52026707949624e-13,24,1,1,0,1.99296041281061e-15,5.72839553569793e-11,96,0
9555,wave,boundary,wave,u*dx(w),0,1,1,1,0,0,0,0,96
9555,wave,boundary,wave,v*dy(w),0,1,1,1,0,0,0,0,96
9555,wave,boundary,wave,w*dz(w),0,1,1,1,0,0,0,0,96
9555,wave,boundary,wave,u*dx(eta),3.53065765400103e-14,24,1,1,0,9.10300774702895e-16,5.72821790001399e-11,96,0
9555,wave,boundary,wave,v*dy(eta),0,1,1,1,0,0,0,0,96
9555,wave,boundary,wave,w*dz(eta),3.71825577945706e-14,24,1,2,0,1.80170483214075e-15,5.71913627567255e-11,96,0
9555,wave,boundary,wave,w*eta*dlogN2,3.93854328678257e-14,24,1,1,0,8.89904181633479e-16,5.73334713038776e-11,96,0
9555,boundary,wave,wave,u*dx(u),8.15939933581213e-14,2,0,24,1,1.99281329897492e-15,5.49800205362772e-11,96,0
9555,boundary,wave,wave,v*dy(u),0,1,0,1,1,0,0,0,96
9555,boundary,wave,wave,w*dz(u),0,1,0,1,1,0,0,0,96
9555,boundary,wave,wave,u*dx(v),8.14843486615796e-14,2,0,24,1,2.63317238537041e-15,2.74411604550551e-11,96,0
9555,boundary,wave,wave,v*dy(v),0,1,0,1,1,0,0,0,96
9555,boundary,wave,wave,w*dz(v),0,1,0,1,1,0,0,0,96
9555,boundary,wave,wave,u*dx(w),8.65940998130116e-17,1,0,18,1,6.66133814775094e-16,5.45770095783382e-11,96,0
9555,boundary,wave,wave,v*dy(w),0,1,0,1,1,0,0,0,96
9555,boundary,wave,wave,w*dz(w),0,1,0,1,1,0,0,0,96
9555,boundary,wave,wave,u*dx(eta),8.31813520134754e-15,2,0,24,1,1.07576605637107e-15,2.70903299792735e-11,96,0
9555,boundary,wave,wave,v*dy(eta),0,1,0,1,1,0,0,0,96
9555,boundary,wave,wave,w*dz(eta),0,1,0,1,1,0,0,0,96
9555,boundary,wave,wave,w*eta*dlogN2,0,1,0,1,1,0,0,0,96
9555,apv,boundary,wave,u*dx(u),0,-1,0,1,0,0,0,0,12
9555,apv,boundary,wave,v*dy(u),0,-1,0,1,0,0,0,0,12
9555,apv,boundary,wave,w*dz(u),0,-1,0,1,0,0,0,0,12
9555,apv,boundary,wave,u*dx(v),4.11808186030007e-15,4,0,1,0,1.50100850991393e-15,4.97438031540232e-12,12,0
9555,apv,boundary,wave,v*dy(v),0,-1,0,1,0,0,0,0,12
9555,apv,boundary,wave,w*dz(v),0,-1,0,1,0,0,0,0,12
9555,apv,boundary,wave,u*dx(w),0,-1,0,1,0,0,0,0,12
9555,apv,boundary,wave,v*dy(w),0,-1,0,1,0,0,0,0,12
9555,apv,boundary,wave,w*dz(w),0,-1,0,1,0,0,0,0,12
9555,apv,boundary,wave,u*dx(eta),1.15724014734292e-15,1,0,2,0,1.03685748640491e-15,9.31166255213611e-12,12,0
9555,apv,boundary,wave,v*dy(eta),0,-1,0,1,0,0,0,0,12
9555,apv,boundary,wave,w*dz(eta),0,-1,0,1,0,0,0,0,12
9555,apv,boundary,wave,w*eta*dlogN2,0,-1,0,1,0,0,0,0,12
9555,boundary,apv,wave,u*dx(u),0,1,0,-1,0,0,0,0,12
9555,boundary,apv,wave,v*dy(u),0,1,0,-1,0,0,0,0,12
9555,boundary,apv,wave,w*dz(u),0,1,0,-1,0,0,0,0,12
9555,boundary,apv,wave,u*dx(v),3.05671412390719e-15,1,0,4,0,1.06911700946443e-15,2.05011563281232e-11,12,0
9555,boundary,apv,wave,v*dy(v),0,1,0,-1,0,0,0,0,12
9555,boundary,apv,wave,w*dz(v),0,1,0,-1,0,0,0,0,12
9555,boundary,apv,wave,u*dx(w),0,1,0,-1,0,0,0,0,12
9555,boundary,apv,wave,v*dy(w),0,1,0,-1,0,0,0,0,12
9555,boundary,apv,wave,w*dz(w),0,1,0,-1,0,0,0,0,12
9555,boundary,apv,wave,u*dx(eta),9.68393461658835e-16,2,0,1,0,9.63159934108743e-16,2.99132904521727e-11,12,0
9555,boundary,apv,wave,v*dy(eta),0,1,0,-1,0,0,0,0,12
9555,boundary,apv,wave,w*dz(eta),0,1,0,-1,0,0,0,0,12
9555,boundary,apv,wave,w*eta*dlogN2,0,1,0,-1,0,0,0,0,12
9555,boundary,boundary,wave,u*dx(u),0,1,0,1,0,0,0,0,4
9555,boundary,boundary,wave,v*dy(u),0,1,0,1,0,0,0,0,4
9555,boundary,boundary,wave,w*dz(u),0,1,0,1,0,0,0,0,4
9555,boundary,boundary,wave,u*dx(v),2.83158926522311e-15,1,0,2,0,1.0541702818514e-15,1.24833476888853e-12,4,0
9555,boundary,boundary,wave,v*dy(v),0,1,0,1,0,0,0,0,4
9555,boundary,boundary,wave,w*dz(v),0,1,0,1,0,0,0,0,4
9555,boundary,boundary,wave,u*dx(w),0,1,0,1,0,0,0,0,4
9555,boundary,boundary,wave,v*dy(w),0,1,0,1,0,0,0,0,4
9555,boundary,boundary,wave,w*dz(w),0,1,0,1,0,0,0,0,4
9555,boundary,boundary,wave,u*dx(eta),1.24668942700893e-15,2,0,1,0,8.96671769510729e-16,7.0535954174418e-12,4,0
9555,boundary,boundary,wave,v*dy(eta),0,1,0,1,0,0,0,0,4
9555,boundary,boundary,wave,w*dz(eta),0,1,0,1,0,0,0,0,4
9555,boundary,boundary,wave,w*eta*dlogN2,0,1,0,1,0,0,0,0,4
9545,wave,wave,wave,u*dx(u),7.84445902895891e-07,24,1,23,1,3.59097038621e-15,1.14097398196122e-10,1056,0
9545,wave,wave,wave,v*dy(u),7.84445902855652e-07,23,-1,24,1,3.58441487013504e-15,1.14071196932741e-10,1056,0
9545,wave,wave,wave,w*dz(u),7.84712775928661e-07,24,1,23,1,3.33675381445834e-14,5.05380333574585e-06,1056,0
9545,wave,wave,wave,u*dx(v),7.79121127984688e-07,23,-1,24,1,3.52061273393876e-15,1.14123599459504e-10,1056,0
9545,wave,wave,wave,v*dy(v),7.79121127957381e-07,23,-1,24,1,3.50202067697427e-15,1.14097398196122e-10,1056,0
9545,wave,wave,wave,w*dz(v),7.7938531970608e-07,24,1,23,1,3.20673075638492e-14,4.78149643859033e-06,1056,0
9545,wave,wave,wave,u*dx(w),2.62349265877808e-09,24,1,24,1,8.88178419700125e-16,1.13974607529599e-10,1056,0
9545,wave,wave,wave,v*dy(w),2.62349265870707e-09,24,1,24,1,7.7715611723761e-16,1.13948184221613e-10,1056,0
9545,wave,wave,wave,w*dz(w),2.62349265870134e-09,24,1,24,1,8.88178419700125e-16,1.13974829574204e-10,1056,0
9545,wave,wave,wave,u*dx(eta),1.76112859758433e-07,24,1,24,1,1.56954042789223e-15,8.53237480669122e-11,1056,0
9545,wave,wave,wave,v*dy(eta),1.76112859750592e-07,24,1,24,1,1.56291221396708e-15,8.52975468035311e-11,1056,0
9545,wave,wave,wave,w*dz(eta),1.76112859745885e-07,24,1,24,1,2.0199653453411e-15,8.53241921561221e-11,1056,0
9545,wave,wave,wave,w*eta*dlogN2,1.06397432980299e-07,24,1,23,1,1.53653917655024e-15,8.57707238566263e-11,1056,0
9545,wave,apv,wave,u*dx(u),5.86009152874164e-11,24,1,5,0,2.36555896355628e-15,5.70965497104226e-11,288,0
9545,wave,apv,wave,v*dy(u),5.86009140302407e-11,24,1,5,0,2.43083679319518e-15,5.70703484470414e-11,288,0
9545,wave,apv,wave,w*dz(u),6.12978897667478e-11,24,1,5,0,2.4604981267691e-15,5.71984681840831e-11,288,0
9545,wave,apv,wave,u*dx(v),5.83193843708127e-11,24,1,5,0,2.29114193819089e-15,5.70965497104226e-11,288,0
9545,wave,apv,wave,v*dy(v),5.83193255608747e-11,24,1,5,0,2.54459132564542e-15,5.70705704916463e-11,288,0
9545,wave,apv,wave,w*dz(v),6.10051077892828e-11,24,1,5,0,2.24082447885209e-15,5.71982461394782e-11,288,0
9545,wave,apv,wave,u*dx(w),0,1,1,-1,0,0,0,0,288
9545,wave,apv,wave,v*dy(w),0,1,1,-1,0,0,0,0,288
9545,wave,apv,wave,w*dz(w),0,1,1,-1,0,0,0,0,288
9545,wave,apv,wave,u*dx(eta),7.72865746218577e-12,24,1,5,0,1.24529119431327e-15,5.70024027979343e-11,288,0
9545,wave,apv,wave,v*dy(eta),7.72866061157301e-12,24,1,5,0,1.22178357245122e-15,5.69762015345532e-11,288,0
9545,wave,apv,wave,w*dz(eta),7.53783097731829e-12,24,1,5,0,1.27914819668668e-15,1.47822309948253e-10,288,0
9545,wave,apv,wave,w*eta*dlogN2,1.80749834474887e-11,24,1,5,0,1.06974264873489e-15,5.75532954627533e-11,288,0
9545,apv,wave,wave,u*dx(u),5.86009278700884e-11,5,0,24,1,2.30183816018819e-15,5.70703484470414e-11,288,0
9545,apv,wave,wave,v*dy(u),5.86009218891744e-11,5,0,24,1,2.42095731476499e-15,5.70703484470414e-11,288,0
9545,apv,wave,wave,w*dz(u),0,-1,0,1,1,0,0,0,288
9545,apv,wave,wave,u*dx(v),5.83194151355014e-11,5,0,24,1,2.39582756001624e-15,5.70967717550275e-11,288,0
9545,apv,wave,wave,v*dy(v),5.83193205151897e-11,5,0,24,1,2.24299336893747e-15,5.70965497104226e-11,288,0
9545,apv,wave,wave,w*dz(v),0,-1,0,1,1,0,0,0,288
9545,apv,wave,wave,u*dx(w),1.31228724837611e-13,5,0,24,1,6.66133814775094e-16,5.79389869415081e-11,288,0
9545,apv,wave,wave,v*dy(w),1.31228881336565e-13,5,0,24,1,6.66133814775094e-16,5.79387648969032e-11,288,0
9545,apv,wave,wave,w*dz(w),0,-1,0,1,1,0,0,0,288
9545,apv,wave,wave,u*dx(eta),7.53663580967826e-12,5,0,24,1,1.2898796964819e-15,2.94217983309863e-11,288,0
9545,apv,wave,wave,v*dy(eta),7.53662789853875e-12,5,0,24,1,1.10101847114011e-15,2.94217983309863e-11,288,0
9545,apv,wave,wave,w*dz(eta),0,-1,0,1,1,0,0,0,288
9545,apv,wave,wave,w*eta*dlogN2,0,-1,0,1,1,0,0,0,288
9545,wave,boundary,wave,u*dx(u),8.17925209418728e-14,24,1,2,0,1.94821784780257e-15,5.69397862193455e-11,96,0
9545,wave,boundary,wave,v*dy(u),8.19611657894931e-14,24,1,2,0,2.04338501745178e-15,5.69131408667545e-11,96,0
9545,wave,boundary,wave,w*dz(u),4.89609114423771e-14,24,1,2,0,2.1691513512697e-15,5.7572169254172e-11,96,0
9545,wave,boundary,wave,u*dx(v),8.1176245100091e-14,24,1,2,0,1.77778727740597e-15,5.69395641747406e-11,96,0
9545,wave,boundary,wave,v*dy(v),8.17070614755281e-14,24,1,2,0,1.97568051240349e-15,5.69135849559643e-11,96,0
9545,wave,boundary,wave,w*dz(v),4.83951930355312e-14,24,1,2,0,1.63834055028883e-15,5.7571947209567e-11,96,0
9545,wave,boundary,wave,u*dx(w),0,1,1,1,0,0,0,0,96
9545,wave,boundary,wave,v*dy(w),0,1,1,1,0,0,0,0,96
9545,wave,boundary,wave,w*dz(w),0,1,1,1,0,0,0,0,96
9545,wave,boundary,wave,u*dx(eta),6.02504576587715e-15,24,1,2,0,7.26834821826227e-16,5.77600189899385e-11,96,0
9545,wave,boundary,wave,v*dy(eta),6.02783597611442e-15,24,1,2,0,7.58122193608231e-16,5.77335956819525e-11,96,0
9545,wave,boundary,wave,w*dz(eta),1.01613503975076e-14,24,1,2,0,1.12205788728206e-15,5.75088865417683e-11,96,0
9545,wave,boundary,wave,w*eta*dlogN2,8.81640182705797e-15,24,1,1,0,1.07144918985222e-15,5.76081404801698e-11,96,0
9545,boundary,wave,wave,u*dx(u),8.15210368737216e-14,2,0,24,1,1.93292671770747e-15,5.69129188221495e-11,96,0
9545,boundary,wave,wave,v*dy(u),8.21163768711368e-14,2,0,24,1,2.09491328131744e-15,5.69131408667545e-11,96,0
9545,boundary,wave,wave,w*dz(u),0,1,0,1,1,0,0,0,96
9545,boundary,wave,wave,u*dx(v),8.11465098650226e-14,2,0,24,1,1.76317943974578e-15,5.69397862193455e-11,96,0
9545,boundary,wave,wave,v*dy(v),8.13444780271771e-14,2,0,24,1,2.07118635133613e-15,5.69393421301356e-11,96,0
9545,boundary,wave,wave,w*dz(v),0,1,0,1,1,0,0,0,96
9545,boundary,wave,wave,u*dx(w),1.19836938333541e-16,1,0,18,1,4.44089209850063e-16,5.63176172363455e-11,96,0
9545,boundary,wave,wave,v*dy(w),1.15996719986252e-16,1,0,18,1,4.44089209850063e-16,5.63176172363455e-11,96,0
9545,boundary,wave,wave,w*dz(w),0,1,0,1,1,0,0,0,96
9545,boundary,wave,wave,u*dx(eta),1.01759730011077e-14,2,0,24,1,1.68518183106246e-15,2.78415068777349e-11,96,0
9545,boundary,wave,wave,v*dy(eta),1.02142049487916e-14,2,0,24,1,1.13055549931517e-15,2.78415068777349e-11,96,0
9545,boundary,wave,wave,w*dz(eta),0,1,0,1,1,0,0,0,96
9545,boundary,wave,wave,w*eta*dlogN2,0,1,0,1,1,0,0,0,96
9545,apv,boundary,wave,u*dx(u),4.03776734648893e-15,4,0,1,0,1.41593811429537e-15,2.05013783727281e-11,12,0
9545,apv,boundary,wave,v*dy(u),4.03366674591192e-15,5,0,1,0,1.42124821063963e-15,2.05011563281232e-11,12,0
9545,apv,boundary,wave,w*dz(u),0,-1,0,1,0,0,0,0,12
9545,apv,boundary,wave,u*dx(v),3.20365616100069e-15,4,0,1,0,1.14406028461911e-15,2.05011563281232e-11,12,0
9545,apv,boundary,wave,v*dy(v),3.18325045453345e-15,4,0,1,0,1.17249235059486e-15,2.05011563281232e-11,12,0
9545,apv,boundary,wave,w*dz(v),0,-1,0,1,0,0,0,0,12
9545,apv,boundary,wave,u*dx(w),0,-1,0,1,0,0,0,0,12
9545,apv,boundary,wave,v*dy(w),0,-1,0,1,0,0,0,0,12
9545,apv,boundary,wave,w*dz(w),0,-1,0,1,0,0,0,0,12
9545,apv,boundary,wave,u*dx(eta),8.69321539414858e-16,-1,0,2,0,7.31700407967702e-16,2.14017692456991e-11,12,0
9545,apv,boundary,wave,v*dy(eta),1.06980354895523e-15,-1,0,2,0,7.51165950264258e-16,2.14015472010942e-11,12,0
9545,apv,boundary,wave,w*dz(eta),0,-1,0,1,0,0,0,0,12
9545,apv,boundary,wave,w*eta*dlogN2,0,-1,0,1,0,0,0,0,12
9545,boundary,apv,wave,u*dx(u),3.99357271148656e-15,1,0,4,0,1.40733966887805e-15,2.05013783727281e-11,12,0
9545,boundary,apv,wave,v*dy(u),4.00133257264895e-15,1,0,5,0,1.38640426498164e-15,2.05013783727281e-11,12,0
9545,boundary,apv,wave,w*dz(u),0,1,0,-1,0,0,0,0,12
9545,boundary,apv,wave,u*dx(v),3.23090655884856e-15,1,0,4,0,1.16460364190576e-15,2.05011563281232e-11,12,0
9545,boundary,apv,wave,v*dy(v),3.20967303587365e-15,1,0,4,0,1.12774294171467e-15,2.05009342835183e-11,12,0
9545,boundary,apv,wave,w*dz(v),0,1,0,-1,0,0,0,0,12
9545,boundary,apv,wave,u*dx(w),0,1,0,-1,0,0,0,0,12
9545,boundary,apv,wave,v*dy(w),0,1,0,-1,0,0,0,0,12
9545,boundary,apv,wave,w*dz(w),0,1,0,-1,0,0,0,0,12
9545,boundary,apv,wave,u*dx(eta),1.05845403100993e-15,2,0,5,0,1.29511520626826e-15,3.15386082046177e-11,12,0
9545,boundary,apv,wave,v*dy(eta),8.61816875494339e-16,2,0,5,0,9.2648252535621e-16,3.15389760743585e-11,12,0
9545,boundary,apv,wave,w*dz(eta),0,1,0,-1,0,0,0,0,12
9545,boundary,apv,wave,w*eta*dlogN2,0,1,0,-1,0,0,0,0,12
9545,boundary,boundary,wave,u*dx(u),4.57213704248678e-15,1,0,2,0,2.07763184045431e-15,7.64182945718465e-11,4,0
9545,boundary,boundary,wave,v*dy(u),4.0994008629076e-15,1,0,2,0,1.87347191682747e-15,7.64169982463973e-11,4,0
9545,boundary,boundary,wave,w*dz(u),0,1,0,1,0,0,0,0,4
9545,boundary,boundary,wave,u*dx(v),3.95954402694153e-15,1,0,2,0,1.63308042843955e-15,7.1249672828344e-11,4,0
9545,boundary,boundary,wave,v*dy(v),3.9498613576616e-15,1,0,2,0,1.61526662807205e-15,7.12497838506465e-11,4,0
9545,boundary,boundary,wave,w*dz(v),0,1,0,1,0,0,0,0,4
9545,boundary,boundary,wave,u*dx(w),0,1,0,1,0,0,0,0,4
9545,boundary,boundary,wave,v*dy(w),0,1,0,1,0,0,0,0,4
9545,boundary,boundary,wave,w*dz(w),0,1,0,1,0,0,0,0,4
9545,boundary,boundary,wave,u*dx(eta),1.07795855804989e-15,2,0,1,0,1.2071113410162e-15,4.92542673313778e-11,4,0
9545,boundary,boundary,wave,v*dy(eta),8.50501885387574e-16,2,0,1,0,7.00073937923505e-16,4.92542673313778e-11,4,0
9545,boundary,boundary,wave,w*dz(eta),0,1,0,1,0,0,0,0,4
9545,boundary,boundary,wave,w*eta*dlogN2,0,1,0,1,0,0,0,0,4
3990,wave,wave,wave,u*dx(u),0,1,1,1,1,0,0,0,1056
3990,wave,wave,wave,v*dy(u),7.80841732409634e-07,23,1,24,1,3.48727892048347e-15,9.99023086478701e-12,1056,0
3990,wave,wave,wave,w*dz(u),7.81106739928624e-07,24,1,23,1,1.91684316605765e-14,2.71368421871117e-06,1056,0
3990,wave,wave,wave,u*dx(v),0,1,1,1,1,0,0,0,1056
3990,wave,wave,wave,v*dy(v),7.79190223337349e-07,23,1,24,1,3.54758673790042e-15,9.99000882018208e-12,1056,0
3990,wave,wave,wave,w*dz(v),7.79454403040194e-07,24,1,23,1,1.87256624656627e-14,2.6742905032209e-06,1056,0
3990,wave,wave,wave,u*dx(w),0,1,1,1,1,0,0,0,1056
3990,wave,wave,wave,v*dy(w),3.11798353557682e-09,24,1,24,1,8.88178419700125e-16,1.0200507105651e-11,1056,0
3990,wave,wave,wave,w*dz(w),3.11798278450431e-09,24,1,24,1,9.99200722162641e-16,2.00823802032346e-11,1056,0
3990,wave,wave,wave,u*dx(eta),0,1,1,1,1,0,0,0,1056
3990,wave,wave,wave,v*dy(eta),2.08159070000749e-07,24,1,24,1,1.78145141676228e-15,1.00426333915493e-11,1056,0
3990,wave,wave,wave,w*dz(eta),2.08159041865507e-07,24,1,24,1,1.76629289729814e-15,2.01119121356896e-11,1056,0
3990,wave,wave,wave,w*eta*dlogN2,1.25806380611078e-07,23,1,24,1,2.18701752237787e-15,2.00859329169134e-11,1056,0
3990,wave,apv,wave,u*dx(u),0,1,1,-1,0,0,0,0,288
3990,wave,apv,wave,v*dy(u),5.84122744303793e-11,24,1,5,0,2.29292902264167e-15,1.03645839928162e-11,288,0
3990,wave,apv,wave,w*dz(u),6.1101746675151e-11,24,1,5,0,2.30449155308319e-15,2.1284615362171e-11,288,0
3990,wave,apv,wave,u*dx(v),0,1,1,-1,0,0,0,0,288
3990,wave,apv,wave,v*dy(v),0,1,1,-1,0,0,0,0,288
3990,wave,apv,wave,w*dz(v),0,1,1,-1,0,0,0,0,288
3990,wave,apv,wave,u*dx(w),0,1,1,-1,0,0,0,0,288
3990,wave,apv,wave,v*dy(w),0,1,1,-1,0,0,0,0,288
3990,wave,apv,wave,w*dz(w),0,1,1,-1,0,0,0,0,288
3990,wave,apv,wave,u*dx(eta),0,1,1,-1,0,0,0,0,288
3990,wave,apv,wave,v*dy(eta),9.15596946589057e-12,24,1,5,0,1.24221858109456e-15,1.96551663833588e-11,288,0
3990,wave,apv,wave,w*dz(eta),8.92976641162417e-12,24,1,5,0,1.82598477899088e-15,1.85017001719245e-10,288,0
3990,wave,apv,wave,w*eta*dlogN2,2.14163897367657e-11,24,1,5,0,1.19334664653447e-15,3.00508976534733e-11,288,0
3990,apv,wave,wave,u*dx(u),0,-1,0,1,1,0,0,0,288
3990,apv,wave,wave,v*dy(u),5.84114609915501e-11,5,0,24,1,2.21747328621652e-15,8.26627280234558e-12,288,0
3990,apv,wave,wave,w*dz(u),0,-1,0,1,1,0,0,0,288
3990,apv,wave,wave,u*dx(v),0,-1,0,1,1,0,0,0,288
3990,apv,wave,wave,v*dy(v),5.83239274303523e-11,5,0,24,1,2.15132151834925e-15,8.67496776738424e-12,288,0
3990,apv,wave,wave,w*dz(v),0,-1,0,1,1,0,0,0,288
3990,apv,wave,wave,u*dx(w),0,-1,0,1,1,0,0,0,288
3990,apv,wave,wave,v*dy(w),1.55959796928738e-13,5,0,24,1,6.66133814775094e-16,1.20546905790775e-11,288,0
3990,apv,wave,wave,w*dz(w),0,-1,0,1,1,0,0,0,288
3990,apv,wave,wave,u*dx(eta),0,-1,0,1,1,0,0,0,288
3990,apv,wave,wave,v*dy(eta),8.92820794805326e-12,5,0,24,1,1.32681553316926e-15,9.02355967724588e-12,288,0
3990,apv,wave,wave,w*dz(eta),0,-1,0,1,1,0,0,0,288
3990,apv,wave,wave,w*eta*dlogN2,0,-1,0,1,1,0,0,0,288
3990,wave,boundary,wave,u*dx(u),0,1,1,1,0,0,0,0,96
3990,wave,boundary,wave,v*dy(u),6.98205125075789e-14,24,1,2,0,1.73195743447547e-15,1.16406884131948e-11,96,0
3990,wave,boundary,wave,w*dz(u),2.07184478641831e-14,24,1,2,0,1.57830079971961e-15,2.02049488251532e-11,96,0
3990,wave,boundary,wave,u*dx(v),0,1,1,1,0,0,0,0,96
3990,wave,boundary,wave,v*dy(v),0,1,1,1,0,0,0,0,96
3990,wave,boundary,wave,w*dz(v),0,1,1,1,0,0,0,0,96
3990,wave,boundary,wave,u*dx(w),0,1,1,1,0,0,0,0,96
3990,wave,boundary,wave,v*dy(w),0,1,1,1,0,0,0,0,96
3990,wave,boundary,wave,w*dz(w),0,1,1,1,0,0,0,0,96
3990,wave,boundary,wave,u*dx(eta),0,1,1,1,0,0,0,0,96
3990,wave,boundary,wave,v*dy(eta),3.22749633845488e-15,24,1,2,0,7.40996177407915e-16,1.01654240580729e-11,96,0
3990,wave,boundary,wave,w*dz(eta),1.0496973831664e-14,24,1,2,0,9.6390361126736e-16,2.01310079717132e-11,96,0
3990,wave,boundary,wave,w*eta*dlogN2,9.0065058523034e-15,24,1,1,0,8.39238984968787e-16,2.01982874870055e-11,96,0
3990,boundary,wave,wave,u*dx(u),0,1,0,1,1,0,0,0,96
3990,boundary,wave,wave,v*dy(u),4.77543940829739e-14,2,0,24,1,1.73531478074614e-15,8.67001765325411e-12,96,0
3990,boundary,wave,wave,w*dz(u),0,1,0,1,1,0,0,0,96
3990,boundary,wave,wave,u*dx(v),0,1,0,1,1,0,0,0,96
3990,boundary,wave,wave,v*dy(v),4.74677923022659e-14,2,0,24,1,1.8254919453421e-15,1.15316645121766e-11,96,0
3990,boundary,wave,wave,w*dz(v),0,1,0,1,1,0,0,0,96
3990,boundary,wave,wave,u*dx(w),0,1,0,1,1,0,0,0,96
3990,boundary,wave,wave,v*dy(w),1.1215520316922e-16,1,0,1,1,6.66133814775094e-16,1.29803945370099e-11,96,0
3990,boundary,wave,wave,w*dz(w),0,1,0,1,1,0,0,0,96
3990,boundary,wave,wave,u*dx(eta),0,1,0,1,1,0,0,0,96
3990,boundary,wave,wave,v*dy(eta),7.31409780922421e-15,2,0,24,1,8.86473275191658e-16,2.01994407445887e-11,96,0
3990,boundary,wave,wave,w*dz(eta),0,1,0,1,1,0,0,0,96
3990,boundary,wave,wave,w*eta*dlogN2,0,1,0,1,1,0,0,0,96
3990,apv,boundary,wave,u*dx(u),0,-1,0,1,0,0,0,0,12
3990,apv,boundary,wave,v*dy(u),3.62962184851293e-15,4,0,1,0,1.15158416005235e-15,2.11566320018619e-11,12,0
3990,apv,boundary,wave,w*dz(u),0,-1,0,1,0,0,0,0,12
3990,apv,boundary,wave,u*dx(v),0,-1,0,1,0,0,0,0,12
3990,apv,boundary,wave,v*dy(v),0,-1,0,1,0,0,0,0,12
3990,apv,boundary,wave,w*dz(v),0,-1,0,1,0,0,0,0,12
3990,apv,boundary,wave,u*dx(w),0,-1,0,1,0,0,0,0,12
3990,apv,boundary,wave,v*dy(w),0,-1,0,1,0,0,0,0,12
3990,apv,boundary,wave,w*dz(w),0,-1,0,1,0,0,0,0,12
3990,apv,boundary,wave,u*dx(eta),0,-1,0,1,0,0,0,0,12
3990,apv,boundary,wave,v*dy(eta),6.99825087460309e-16,4,0,2,0,7.71672260248977e-16,2.18862705736456e-11,12,0
3990,apv,boundary,wave,w*dz(eta),0,-1,0,1,0,0,0,0,12
3990,apv,boundary,wave,w*eta*dlogN2,0,-1,0,1,0,0,0,0,12
3990,boundary,apv,wave,u*dx(u),0,1,0,-1,0,0,0,0,12
3990,boundary,apv,wave,v*dy(u),3.8507499717557e-15,1,0,5,0,1.33536768284395e-15,2.1816770612304e-11,12,0
3990,boundary,apv,wave,w*dz(u),0,1,0,-1,0,0,0,0,12
3990,boundary,apv,wave,u*dx(v),0,1,0,-1,0,0,0,0,12
3990,boundary,apv,wave,v*dy(v),0,1,0,-1,0,0,0,0,12
3990,boundary,apv,wave,w*dz(v),0,1,0,-1,0,0,0,0,12
3990,boundary,apv,wave,u*dx(w),0,1,0,-1,0,0,0,0,12
3990,boundary,apv,wave,v*dy(w),0,1,0,-1,0,0,0,0,12
3990,boundary,apv,wave,w*dz(w),0,1,0,-1,0,0,0,0,12
3990,boundary,apv,wave,u*dx(eta),0,1,0,-1,0,0,0,0,12
3990,boundary,apv,wave,v*dy(eta),1.0638231682286e-15,2,0,-1,0,8.40401670846691e-16,2.68747031851506e-11,12,0
3990,boundary,apv,wave,w*dz(eta),0,1,0,-1,0,0,0,0,12
3990,boundary,apv,wave,w*eta*dlogN2,0,1,0,-1,0,0,0,0,12
3990,boundary,boundary,wave,u*dx(u),0,1,0,1,0,0,0,0,4
3990,boundary,boundary,wave,v*dy(u),7.39266552993897e-15,2,0,1,0,3.63291683559149e-15,5.90403516235849e-10,4,0
3990,boundary,boundary,wave,w*dz(u),0,1,0,1,0,0,0,0,4
3990,boundary,boundary,wave,u*dx(v),0,1,0,1,0,0,0,0,4
3990,boundary,boundary,wave,v*dy(v),0,1,0,1,0,0,0,0,4
3990,boundary,boundary,wave,w*dz(v),0,1,0,1,0,0,0,0,4
3990,boundary,boundary,wave,u*dx(w),0,1,0,1,0,0,0,0,4
3990,boundary,boundary,wave,v*dy(w),0,1,0,1,0,0,0,0,4
3990,boundary,boundary,wave,w*dz(w),0,1,0,1,0,0,0,0,4
3990,boundary,boundary,wave,u*dx(eta),0,1,0,1,0,0,0,0,4
3990,boundary,boundary,wave,v*dy(eta),1.89527242151587e-15,1,0,2,0,1.48974367914833e-15,5.87282968766843e-10,4,0
3990,boundary,boundary,wave,w*dz(eta),0,1,0,1,0,0,0,0,4
3990,boundary,boundary,wave,w*eta*dlogN2,0,1,0,1,0,0,0,0,4
4136,wave,wave,inertial,u*dx(u),3.33529815391054e-10,24,1,23,1,1.2821119132338e-15,4.00268707068108e-11,1056,0
4136,wave,wave,inertial,v*dy(u),0,1,1,1,1,0,0,0,1056
4136,wave,wave,inertial,w*dz(u),1.0660064468806e-09,1,1,1,1,6.51120243894874e-15,6.73892312109793e-07,1056,0
4136,wave,wave,inertial,u*dx(v),3.33529860586e-10,24,1,23,1,1.59907577166115e-15,3.00204305858642e-11,1056,0
4136,wave,wave,inertial,v*dy(v),0,1,1,1,1,0,0,0,1056
4136,wave,wave,inertial,w*dz(v),1.06600668260121e-09,1,1,1,1,6.49211968063499e-15,6.73894553069892e-07,1056,0
4136,wave,wave,mda,u*dx(eta),6.2049132450584e-12,24,1,24,1,3.32348943469184e-15,6.65919905060784e-10,1056,0
4136,wave,wave,mda,v*dy(eta),0,1,1,1,1,0,0,0,1056
4136,wave,wave,mda,w*dz(eta),6.20492997372897e-12,24,1,24,1,3.14092598159396e-15,6.65920293563693e-10,1056,0
4136,wave,wave,mda,w*eta*dlogN2,1.0659419461153e-12,23,1,24,1,3.80834678348087e-15,5.77449175603225e-11,1056,0
4136,wave,apv,inertial,u*dx(u),0,1,1,-1,0,0,0,0,288
4136,wave,apv,inertial,v*dy(u),0,1,1,-1,0,0,0,0,288
4136,wave,apv,inertial,w*dz(u),0,1,1,-1,0,0,0,0,288
4136,wave,apv,inertial,u*dx(v),4.10220591746298e-15,23,1,3,0,1.06490421515145e-15,2.00599536981372e-11,288,0
4136,wave,apv,inertial,v*dy(v),0,1,1,-1,0,0,0,0,288
4136,wave,apv,inertial,w*dz(v),3.04182362532839e-15,22,1,5,0,1.19080088098482e-15,2.10961248470198e-11,288,0
4136,wave,apv,mda,u*dx(eta),3.84392175394016e-15,24,1,-1,0,2.38728963221535e-15,7.00257313568275e-10,288,0
4136,wave,apv,mda,v*dy(eta),0,1,1,-1,0,0,0,0,288
4136,wave,apv,mda,w*dz(eta),1.2902779745848e-13,1,1,-1,0,1.60286408876342e-15,3.37144491055685e-07,288,0
4136,wave,apv,mda,w*eta*dlogN2,2.85449731872776e-15,22,1,1,0,2.3827169809162e-15,6.42002967913313e-11,288,0
4136,apv,wave,inertial,u*dx(u),0,-1,0,1,1,0,0,0,288
4136,apv,wave,inertial,v*dy(u),0,-1,0,1,1,0,0,0,288
4136,apv,wave,inertial,w*dz(u),0,-1,0,1,1,0,0,0,288
4136,apv,wave,inertial,u*dx(v),0,-1,0,1,1,0,0,0,288
4136,apv,wave,inertial,v*dy(v),0,-1,0,1,1,0,0,0,288
4136,apv,wave,inertial,w*dz(v),0,-1,0,1,1,0,0,0,288
4136,apv,wave,mda,u*dx(eta),0,-1,0,1,1,0,0,0,288
4136,apv,wave,mda,v*dy(eta),0,-1,0,1,1,0,0,0,288
4136,apv,wave,mda,w*dz(eta),0,-1,0,1,1,0,0,0,288
4136,apv,wave,mda,w*eta*dlogN2,0,-1,0,1,1,0,0,0,288
4136,wave,boundary,inertial,u*dx(u),0,1,1,1,0,0,0,0,96
4136,wave,boundary,inertial,v*dy(u),0,1,1,1,0,0,0,0,96
4136,wave,boundary,inertial,w*dz(u),0,1,1,1,0,0,0,0,96
4136,wave,boundary,inertial,u*dx(v),9.38403488070578e-15,1,1,1,0,1.01781827979967e-15,1.96165306221019e-11,96,0
4136,wave,boundary,inertial,v*dy(v),0,1,1,1,0,0,0,0,96
4136,wave,boundary,inertial,w*dz(v),2.43073976997143e-15,1,1,1,0,1.11463813038117e-15,2.01305638825033e-11,96,0
4136,wave,boundary,mda,u*dx(eta),3.68503668138853e-15,1,1,1,0,5.64154116138085e-16,7.98641997286378e-10,96,0
4136,wave,boundary,mda,v*dy(eta),0,1,1,1,0,0,0,0,96
4136,wave,boundary,mda,w*dz(eta),2.81249784893756e-15,1,1,1,0,2.03893941774124e-15,5.66072833097342e-11,96,0
4136,wave,boundary,mda,w*eta*dlogN2,2.72901963483056e-15,1,1,1,0,2.31419025958041e-15,5.60915898623717e-11,96,0
4136,boundary,wave,inertial,u*dx(u),0,1,0,1,1,0,0,0,96
4136,boundary,wave,inertial,v*dy(u),0,1,0,1,1,0,0,0,96
4136,boundary,wave,inertial,w*dz(u),0,1,0,1,1,0,0,0,96
4136,boundary,wave,inertial,u*dx(v),0,1,0,1,1,0,0,0,96
4136,boundary,wave,inertial,v*dy(v),0,1,0,1,1,0,0,0,96
4136,boundary,wave,inertial,w*dz(v),0,1,0,1,1,0,0,0,96
4136,boundary,wave,mda,u*dx(eta),0,1,0,1,1,0,0,0,96
4136,boundary,wave,mda,v*dy(eta),0,1,0,1,1,0,0,0,96
4136,boundary,wave,mda,w*dz(eta),0,1,0,1,1,0,0,0,96
4136,boundary,wave,mda,w*eta*dlogN2,0,1,0,1,1,0,0,0,96
4136,apv,boundary,inertial,u*dx(u),0,-1,0,1,0,0,0,0,12
4136,apv,boundary,inertial,v*dy(u),0,-1,0,1,0,0,0,0,12
4136,apv,boundary,inertial,w*dz(u),0,-1,0,1,0,0,0,0,12
4136,apv,boundary,inertial,u*dx(v),0,-1,0,1,0,0,0,0,12
4136,apv,boundary,inertial,v*dy(v),0,-1,0,1,0,0,0,0,12
4136,apv,boundary,inertial,w*dz(v),0,-1,0,1,0,0,0,0,12
4136,apv,boundary,mda,u*dx(eta),0,-1,0,1,0,0,0,0,12
4136,apv,boundary,mda,v*dy(eta),0,-1,0,1,0,0,0,0,12
4136,apv,boundary,mda,w*dz(eta),0,-1,0,1,0,0,0,0,12
4136,apv,boundary,mda,w*eta*dlogN2,0,-1,0,1,0,0,0,0,12
4136,boundary,apv,inertial,u*dx(u),0,1,0,-1,0,0,0,0,12
4136,boundary,apv,inertial,v*dy(u),0,1,0,-1,0,0,0,0,12
4136,boundary,apv,inertial,w*dz(u),0,1,0,-1,0,0,0,0,12
4136,boundary,apv,inertial,u*dx(v),0,1,0,-1,0,0,0,0,12
4136,boundary,apv,inertial,v*dy(v),0,1,0,-1,0,0,0,0,12
4136,boundary,apv,inertial,w*dz(v),0,1,0,-1,0,0,0,0,12
4136,boundary,apv,mda,u*dx(eta),0,1,0,-1,0,0,0,0,12
4136,boundary,apv,mda,v*dy(eta),0,1,0,-1,0,0,0,0,12
4136,boundary,apv,mda,w*dz(eta),0,1,0,-1,0,0,0,0,12
4136,boundary,apv,mda,w*eta*dlogN2,0,1,0,-1,0,0,0,0,12
4136,boundary,boundary,inertial,u*dx(u),0,1,0,1,0,0,0,0,4
4136,boundary,boundary,inertial,v*dy(u),0,1,0,1,0,0,0,0,4
4136,boundary,boundary,inertial,w*dz(u),0,1,0,1,0,0,0,0,4
4136,boundary,boundary,inertial,u*dx(v),0,1,0,1,0,0,0,0,4
4136,boundary,boundary,inertial,v*dy(v),0,1,0,1,0,0,0,0,4
4136,boundary,boundary,inertial,w*dz(v),0,1,0,1,0,0,0,0,4
4136,boundary,boundary,mda,u*dx(eta),0,1,0,1,0,0,0,0,4
4136,boundary,boundary,mda,v*dy(eta),0,1,0,1,0,0,0,0,4
4136,boundary,boundary,mda,w*dz(eta),0,1,0,1,0,0,0,0,4
4136,boundary,boundary,mda,w*eta*dlogN2,0,1,0,1,0,0,0,0,4
3984,wave,wave,wave,u*dx(u),7.8621268750655e-07,23,1,24,1,3.58824607105379e-15,7.53175299905706e-11,1056,0
3984,wave,wave,wave,v*dy(u),0,1,1,1,1,0,0,0,1056
3984,wave,wave,wave,w*dz(u),7.86480355906527e-07,23,1,24,1,2.04899850232399e-14,2.07483197940565e-06,1056,0
3984,wave,wave,wave,u*dx(v),7.77229094310057e-07,23,1,24,1,3.38547314593695e-15,4.77782258201387e-11,1056,0
3984,wave,wave,wave,v*dy(v),0,1,1,1,1,0,0,0,1056
3984,wave,wave,wave,w*dz(v),7.77492240746834e-07,23,1,24,1,1.97117168591747e-14,1.8901971786345e-06,1056,0
3984,wave,wave,wave,u*dx(w),2.63983937047819e-09,24,1,24,1,8.88178419700125e-16,7.5417005973577e-11,1056,0
3984,wave,wave,wave,v*dy(w),0,1,1,1,1,0,0,0,1056
3984,wave,wave,wave,w*dz(w),2.63983670058574e-09,24,1,24,1,1.11022302462516e-15,7.50191020415514e-11,1056,0
3984,wave,wave,wave,u*dx(eta),1.7718043392207e-07,24,1,24,1,1.61074198304075e-15,4.78108663770627e-11,1056,0
3984,wave,wave,wave,v*dy(eta),0,1,1,1,1,0,0,0,1056
3984,wave,wave,wave,w*dz(eta),1.77180333392368e-07,24,1,24,1,1.60563149789845e-15,4.73405759038314e-11,1056,0
3984,wave,wave,wave,w*eta*dlogN2,1.07043930003924e-07,23,1,24,1,1.88031681867396e-15,4.7916559609007e-11,1056,0
3984,wave,apv,wave,u*dx(u),0,1,1,-1,0,0,0,0,288
3984,wave,apv,wave,v*dy(u),0,1,1,-1,0,0,0,0,288
3984,wave,apv,wave,w*dz(u),0,1,1,-1,0,0,0,0,288
3984,wave,apv,wave,u*dx(v),5.82206351468221e-11,24,1,5,0,2.14620259593334e-15,2.00599536981372e-11,288,0
3984,wave,apv,wave,v*dy(v),0,1,1,-1,0,0,0,0,288
3984,wave,apv,wave,w*dz(v),6.09023488397713e-11,24,1,5,0,2.18982921523573e-15,2.10961248470198e-11,288,0
3984,wave,apv,wave,u*dx(w),0,1,1,-1,0,0,0,0,288
3984,wave,apv,wave,v*dy(w),0,1,1,-1,0,0,0,0,288
3984,wave,apv,wave,w*dz(w),0,1,1,-1,0,0,0,0,288
3984,wave,apv,wave,u*dx(eta),7.77620238328118e-12,24,1,5,0,1.18968517242144e-15,2.00424121743481e-11,288,0
3984,wave,apv,wave,v*dy(eta),0,1,1,-1,0,0,0,0,288
3984,wave,apv,wave,w*dz(eta),7.58421937313117e-12,24,1,5,0,2.20199566583476e-15,1.85017001719245e-10,288,0
3984,wave,apv,wave,w*eta*dlogN2,1.81859916827776e-11,24,1,5,0,1.22524389253924e-15,2.93153396704779e-11,288,0
3984,apv,wave,wave,u*dx(u),0,-1,0,1,1,0,0,0,288
3984,apv,wave,wave,v*dy(u),0,-1,0,1,1,0,0,0,288
3984,apv,wave,wave,w*dz(u),0,-1,0,1,1,0,0,0,288
3984,apv,wave,wave,u*dx(v),0,-1,0,1,1,0,0,0,288
3984,apv,wave,wave,v*dy(v),0,-1,0,1,1,0,0,0,288
3984,apv,wave,wave,w*dz(v),0,-1,0,1,1,0,0,0,288
3984,apv,wave,wave,u*dx(w),0,-1,0,1,1,0,0,0,288
3984,apv,wave,wave,v*dy(w),0,-1,0,1,1,0,0,0,288
3984,apv,wave,wave,w*dz(w),0,-1,0,1,1,0,0,0,288
3984,apv,wave,wave,u*dx(eta),0,-1,0,1,1,0,0,0,288
3984,apv,wave,wave,v*dy(eta),0,-1,0,1,1,0,0,0,288
3984,apv,wave,wave,w*dz(eta),0,-1,0,1,1,0,0,0,288
3984,apv,wave,wave,w*eta*dlogN2,0,-1,0,1,1,0,0,0,288
3984,wave,boundary,wave,u*dx(u),0,1,1,1,0,0,0,0,96
3984,wave,boundary,wave,v*dy(u),0,1,1,1,0,0,0,0,96
3984,wave,boundary,wave,w*dz(u),0,1,1,1,0,0,0,0,96
3984,wave,boundary,wave,u*dx(v),3.6715299217563e-13,24,1,2,0,2.07199069097341e-15,2.00734984190376e-11,96,0
3984,wave,boundary,wave,v*dy(v),0,1,1,1,0,0,0,0,96
3984,wave,boundary,wave,w*dz(v),3.50938247457849e-13,24,1,1,0,1.9664827839032e-15,2.00564009844584e-11,96,0
3984,wave,boundary,wave,u*dx(w),0,1,1,1,0,0,0,0,96
3984,wave,boundary,wave,v*dy(w),0,1,1,1,0,0,0,0,96
3984,wave,boundary,wave,w*dz(w),0,1,1,1,0,0,0,0,96
3984,wave,boundary,wave,u*dx(eta),4.35214290780524e-14,24,1,1,0,1.3722639929716e-15,2.00579552966929e-11,96,0
3984,wave,boundary,wave,v*dy(eta),0,1,1,1,0,0,0,0,96
3984,wave,boundary,wave,w*dz(eta),4.58438224081182e-14,24,1,2,0,1.4404501766141e-15,2.00472971556565e-11,96,0
3984,wave,boundary,wave,w*eta*dlogN2,4.85683969399956e-14,24,1,1,0,1.27661933745365e-15,2.00670591254948e-11,96,0
3984,boundary,wave,wave,u*dx(u),0,1,0,1,1,0,0,0,96
3984,boundary,wave,wave,v*dy(u),0,1,0,1,1,0,0,0,96
3984,boundary,wave,wave,w*dz(u),0,1,0,1,1,0,0,0,96
3984,boundary,wave,wave,u*dx(v),0,1,0,1,1,0,0,0,96
3984,boundary,wave,wave,v*dy(v),0,1,0,1,1,0,0,0,96
3984,boundary,wave,wave,w*dz(v),0,1,0,1,1,0,0,0,96
3984,boundary,wave,wave,u*dx(w),0,1,0,1,1,0,0,0,96
3984,boundary,wave,wave,v*dy(w),0,1,0,1,1,0,0,0,96
3984,boundary,wave,wave,w*dz(w),0,1,0,1,1,0,0,0,96
3984,boundary,wave,wave,u*dx(eta),0,1,0,1,1,0,0,0,96
3984,boundary,wave,wave,v*dy(eta),0,1,0,1,1,0,0,0,96
3984,boundary,wave,wave,w*dz(eta),0,1,0,1,1,0,0,0,96
3984,boundary,wave,wave,w*eta*dlogN2,0,1,0,1,1,0,0,0,96
3984,apv,boundary,wave,u*dx(u),0,-1,0,1,0,0,0,0,12
3984,apv,boundary,wave,v*dy(u),0,-1,0,1,0,0,0,0,12
3984,apv,boundary,wave,w*dz(u),0,-1,0,1,0,0,0,0,12
3984,apv,boundary,wave,u*dx(v),0,-1,0,1,0,0,0,0,12
3984,apv,boundary,wave,v*dy(v),0,-1,0,1,0,0,0,0,12
3984,apv,boundary,wave,w*dz(v),0,-1,0,1,0,0,0,0,12
3984,apv,boundary,wave,u*dx(w),0,-1,0,1,0,0,0,0,12
3984,apv,boundary,wave,v*dy(w),0,-1,0,1,0,0,0,0,12
3984,apv,boundary,wave,w*dz(w),0,-1,0,1,0,0,0,0,12
3984,apv,boundary,wave,u*dx(eta),0,-1,0,1,0,0,0,0,12
3984,apv,boundary,wave,v*dy(eta),0,-1,0,1,0,0,0,0,12
3984,apv,boundary,wave,w*dz(eta),0,-1,0,1,0,0,0,0,12
3984,apv,boundary,wave,w*eta*dlogN2,0,-1,0,1,0,0,0,0,12
3984,boundary,apv,wave,u*dx(u),0,1,0,-1,0,0,0,0,12
3984,boundary,apv,wave,v*dy(u),0,1,0,-1,0,0,0,0,12
3984,boundary,apv,wave,w*dz(u),0,1,0,-1,0,0,0,0,12
3984,boundary,apv,wave,u*dx(v),0,1,0,-1,0,0,0,0,12
3984,boundary,apv,wave,v*dy(v),0,1,0,-1,0,0,0,0,12
3984,boundary,apv,wave,w*dz(v),0,1,0,-1,0,0,0,0,12
3984,boundary,apv,wave,u*dx(w),0,1,0,-1,0,0,0,0,12
3984,boundary,apv,wave,v*dy(w),0,1,0,-1,0,0,0,0,12
3984,boundary,apv,wave,w*dz(w),0,1,0,-1,0,0,0,0,12
3984,boundary,apv,wave,u*dx(eta),0,1,0,-1,0,0,0,0,12
3984,boundary,apv,wave,v*dy(eta),0,1,0,-1,0,0,0,0,12
3984,boundary,apv,wave,w*dz(eta),0,1,0,-1,0,0,0,0,12
3984,boundary,apv,wave,w*eta*dlogN2,0,1,0,-1,0,0,0,0,12
3984,boundary,boundary,wave,u*dx(u),0,1,0,1,0,0,0,0,4
3984,boundary,boundary,wave,v*dy(u),0,1,0,1,0,0,0,0,4
3984,boundary,boundary,wave,w*dz(u),0,1,0,1,0,0,0,0,4
3984,boundary,boundary,wave,u*dx(v),0,1,0,1,0,0,0,0,4
3984,boundary,boundary,wave,v*dy(v),0,1,0,1,0,0,0,0,4
3984,boundary,boundary,wave,w*dz(v),0,1,0,1,0,0,0,0,4
3984,boundary,boundary,wave,u*dx(w),0,1,0,1,0,0,0,0,4
3984,boundary,boundary,wave,v*dy(w),0,1,0,1,0,0,0,0,4
3984,boundary,boundary,wave,w*dz(w),0,1,0,1,0,0,0,0,4
3984,boundary,boundary,wave,u*dx(eta),0,1,0,1,0,0,0,0,4
3984,boundary,boundary,wave,v*dy(eta),0,1,0,1,0,0,0,0,4
3984,boundary,boundary,wave,w*dz(eta),0,1,0,1,0,0,0,0,4
3984,boundary,boundary,wave,w*eta*dlogN2,0,1,0,1,0,0,0,0,4
3991,wave,wave,wave,u*dx(u),0,1,1,1,1,0,0,0,1056
3991,wave,wave,wave,v*dy(u),7.82255126050509e-07,23,1,24,1,3.55555214257533e-15,9.98534588347866e-12,1056,0
3991,wave,wave,wave,w*dz(u),7.82520830244028e-07,24,1,23,1,4.75910089576921e-14,5.47112822466502e-06,1056,0
3991,wave,wave,wave,u*dx(v),0,1,1,1,1,0,0,0,1056
3991,wave,wave,wave,v*dy(v),7.7916317993258e-07,23,1,24,1,3.45207461546851e-15,9.98556792808358e-12,1056,0
3991,wave,wave,wave,w*dz(v),7.79427331696484e-07,24,1,23,1,4.69395068157421e-14,5.31497020008708e-06,1056,0
3991,wave,wave,wave,u*dx(w),0,1,1,1,1,0,0,0,1056
3991,wave,wave,wave,v*dy(w),2.93315332662986e-09,24,1,24,1,9.99200722162641e-16,1.01723074408255e-11,1056,0
3991,wave,wave,wave,w*dz(w),2.93315200766251e-09,24,1,24,1,8.88178419700125e-16,2.00908178982218e-11,1056,0
3991,wave,wave,wave,u*dx(eta),0,1,1,1,1,0,0,0,1056
3991,wave,wave,wave,v*dy(eta),1.96242948226183e-07,24,1,24,1,1.72227920967865e-15,1.00401909008951e-11,1056,0
3991,wave,wave,wave,w*dz(eta),1.96242898697496e-07,24,1,24,1,1.7217573895756e-15,2.00954808349252e-11,1056,0
3991,wave,wave,wave,w*eta*dlogN2,1.1858682170443e-07,23,1,24,1,1.38553136578143e-15,2.00701677499637e-11,1056,0
3991,wave,apv,wave,u*dx(u),0,1,1,-1,0,0,0,0,288
3991,wave,apv,wave,v*dy(u),5.84868086559164e-11,24,1,5,0,2.4264679015364e-15,1.10256480190826e-11,288,0
3991,wave,apv,wave,w*dz(u),6.11791525658362e-11,24,1,5,0,2.27279858538269e-15,2.24318947495581e-11,288,0
3991,wave,apv,wave,u*dx(v),0,1,1,-1,0,0,0,0,288
3991,wave,apv,wave,v*dy(v),0,1,1,-1,0,0,0,0,288
3991,wave,apv,wave,w*dz(v),0,1,1,-1,0,0,0,0,288
3991,wave,apv,wave,u*dx(w),0,1,1,-1,0,0,0,0,288
3991,wave,apv,wave,v*dy(w),0,1,1,-1,0,0,0,0,288
3991,wave,apv,wave,w*dz(w),0,1,1,-1,0,0,0,0,288
3991,wave,apv,wave,u*dx(eta),0,1,1,-1,0,0,0,0,288
3991,wave,apv,wave,v*dy(eta),8.62415522937433e-12,24,1,5,0,1.41829640823866e-15,1.96551663833588e-11,288,0
3991,wave,apv,wave,w*dz(eta),8.41113711722222e-12,24,1,5,0,1.22863391369807e-15,1.85017001719245e-10,288,0
3991,wave,apv,wave,w*eta*dlogN2,2.01710908327667e-11,24,1,5,0,1.36193103669011e-15,2.98428834671279e-11,288,0
3991,apv,wave,wave,u*dx(u),0,-1,0,1,1,0,0,0,288
3991,apv,wave,wave,v*dy(u),5.84853743251636e-11,5,0,24,1,2.30177759157577e-15,8.0229927752922e-12,288,0
3991,apv,wave,wave,w*dz(u),0,-1,0,1,1,0,0,0,288
3991,apv,wave,wave,u*dx(v),0,-1,0,1,1,0,0,0,288
3991,apv,wave,wave,v*dy(v),5.83216704019452e-11,5,0,24,1,2.06980885616661e-15,7.97340883592424e-12,288,0
3991,apv,wave,wave,w*dz(v),0,-1,0,1,1,0,0,0,288
3991,apv,wave,wave,u*dx(w),0,-1,0,1,1,0,0,0,288
3991,apv,wave,wave,v*dy(w),1.46717152964738e-13,5,0,24,1,5.55111512312578e-16,7.67419461311647e-12,288,0
3991,apv,wave,wave,w*dz(w),0,-1,0,1,1,0,0,0,288
3991,apv,wave,wave,u*dx(eta),0,-1,0,1,1,0,0,0,288
3991,apv,wave,wave,v*dy(eta),8.4095941390424e-12,5,0,24,1,1.32183582154887e-15,6.89082124694096e-12,288,0
3991,apv,wave,wave,w*dz(eta),0,-1,0,1,1,0,0,0,288
3991,apv,wave,wave,w*eta*dlogN2,0,-1,0,1,1,0,0,0,288
3991,wave,boundary,wave,u*dx(u),0,1,1,1,0,0,0,0,96
3991,wave,boundary,wave,v*dy(u),8.52891487134156e-14,24,1,2,0,1.96992338603817e-15,1.4714229834567e-11,96,0
3991,wave,boundary,wave,w*dz(u),6.58884601170159e-14,24,1,2,0,1.77717420056849e-15,2.01179073400226e-11,96,0
3991,wave,boundary,wave,u*dx(v),0,1,1,1,0,0,0,0,96
3991,wave,boundary,wave,v*dy(v),0,1,1,1,0,0,0,0,96
3991,wave,boundary,wave,w*dz(v),0,1,1,1,0,0,0,0,96
3991,wave,boundary,wave,u*dx(w),0,1,1,1,0,0,0,0,96
3991,wave,boundary,wave,v*dy(w),0,1,1,1,0,0,0,0,96
3991,wave,boundary,wave,w*dz(w),0,1,1,1,0,0,0,0,96
3991,wave,boundary,wave,u*dx(eta),0,1,1,1,0,0,0,0,96
3991,wave,boundary,wave,v*dy(eta),9.05015871372422e-15,24,1,2,0,8.77629649696644e-16,1.0156098184666e-11,96,0
3991,wave,boundary,wave,w*dz(eta),1.17739943997345e-14,24,1,2,0,9.36456585358357e-16,2.01043626191222e-11,96,0
3991,wave,boundary,wave,w*eta*dlogN2,1.0273092641315e-14,24,1,1,0,1.08793317168097e-15,2.01325622839477e-11,96,0
3991,boundary,wave,wave,u*dx(u),0,1,0,1,1,0,0,0,96
3991,boundary,wave,wave,v*dy(u),4.80779732945876e-14,2,0,24,1,1.74824559710097e-15,7.46037785134288e-12,96,0
3991,boundary,wave,wave,w*dz(u),0,1,0,1,1,0,0,0,96
3991,boundary,wave,wave,u*dx(v),0,1,0,1,1,0,0,0,96
3991,boundary,wave,wave,v*dy(v),4.75375057640501e-14,2,0,24,1,1.74288252346447e-15,7.22897339459841e-12,96,0
3991,boundary,wave,wave,w*dz(v),0,1,0,1,1,0,0,0,96
3991,boundary,wave,wave,u*dx(w),0,1,0,1,1,0,0,0,96
3991,boundary,wave,wave,v*dy(w),1.089479974769e-16,1,0,18,1,4.44089209850063e-16,1.28937971410892e-11,96,0
3991,boundary,wave,wave,w*dz(w),0,1,0,1,1,0,0,0,96
3991,boundary,wave,wave,u*dx(eta),0,1,0,1,1,0,0,0,96
3991,boundary,wave,wave,v*dy(eta),6.76977015072079e-15,2,0,24,1,8.71874187536187e-16,2.00579487163959e-11,96,0
3991,boundary,wave,wave,w*dz(eta),0,1,0,1,1,0,0,0,96
3991,boundary,wave,wave,w*eta*dlogN2,0,1,0,1,1,0,0,0,96
3991,apv,boundary,wave,u*dx(u),0,-1,0,1,0,0,0,0,12
3991,apv,boundary,wave,v*dy(u),3.96789901559659e-15,4,0,1,0,1.64038148414352e-15,2.24884555422022e-11,12,0
3991,apv,boundary,wave,w*dz(u),0,-1,0,1,0,0,0,0,12
3991,apv,boundary,wave,u*dx(v),0,-1,0,1,0,0,0,0,12
3991,apv,boundary,wave,v*dy(v),0,-1,0,1,0,0,0,0,12
3991,apv,boundary,wave,w*dz(v),0,-1,0,1,0,0,0,0,12
3991,apv,boundary,wave,u*dx(w),0,-1,0,1,0,0,0,0,12
3991,apv,boundary,wave,v*dy(w),0,-1,0,1,0,0,0,0,12
3991,apv,boundary,wave,w*dz(w),0,-1,0,1,0,0,0,0,12
3991,apv,boundary,wave,u*dx(eta),0,-1,0,1,0,0,0,0,12
3991,apv,boundary,wave,v*dy(eta),9.92616081917113e-16,1,0,2,0,1.05575314651784e-15,2.10984563153715e-11,12,0
3991,apv,boundary,wave,w*dz(eta),0,-1,0,1,0,0,0,0,12
3991,apv,boundary,wave,w*eta*dlogN2,0,-1,0,1,0,0,0,0,12
3991,boundary,apv,wave,u*dx(u),0,1,0,-1,0,0,0,0,12
3991,boundary,apv,wave,v*dy(u),3.93244379035429e-15,1,0,4,0,1.10958288851591e-15,2.1816770612304e-11,12,0
3991,boundary,apv,wave,w*dz(u),0,1,0,-1,0,0,0,0,12
3991,boundary,apv,wave,u*dx(v),0,1,0,-1,0,0,0,0,12
3991,boundary,apv,wave,v*dy(v),0,1,0,-1,0,0,0,0,12
3991,boundary,apv,wave,w*dz(v),0,1,0,-1,0,0,0,0,12
3991,boundary,apv,wave,u*dx(w),0,1,0,-1,0,0,0,0,12
3991,boundary,apv,wave,v*dy(w),0,1,0,-1,0,0,0,0,12
3991,boundary,apv,wave,w*dz(w),0,1,0,-1,0,0,0,0,12
3991,boundary,apv,wave,u*dx(eta),0,1,0,-1,0,0,0,0,12
3991,boundary,apv,wave,v*dy(eta),1.04579439806831e-15,2,0,5,0,9.17302333108336e-16,2.6496512330959e-11,12,0
3991,boundary,apv,wave,w*dz(eta),0,1,0,-1,0,0,0,0,12
3991,boundary,apv,wave,w*eta*dlogN2,0,1,0,-1,0,0,0,0,12
3991,boundary,boundary,wave,u*dx(u),0,1,0,1,0,0,0,0,4
3991,boundary,boundary,wave,v*dy(u),4.62388195293742e-15,1,0,2,0,1.96470785388581e-15,4.45710135466015e-10,4,0
3991,boundary,boundary,wave,w*dz(u),0,1,0,1,0,0,0,0,4
3991,boundary,boundary,wave,u*dx(v),0,1,0,1,0,0,0,0,4
3991,boundary,boundary,wave,v*dy(v),0,1,0,1,0,0,0,0,4
3991,boundary,boundary,wave,w*dz(v),0,1,0,1,0,0,0,0,4
3991,boundary,boundary,wave,u*dx(w),0,1,0,1,0,0,0,0,4
3991,boundary,boundary,wave,v*dy(w),0,1,0,1,0,0,0,0,4
3991,boundary,boundary,wave,w*dz(w),0,1,0,1,0,0,0,0,4
3991,boundary,boundary,wave,u*dx(eta),0,1,0,1,0,0,0,0,4
3991,boundary,boundary,wave,v*dy(eta),1.86720261546485e-15,1,0,2,0,1.17874832298258e-15,3.49501136623361e-10,4,0
3991,boundary,boundary,wave,w*dz(eta),0,1,0,1,0,0,0,0,4
3991,boundary,boundary,wave,w*eta*dlogN2,0,1,0,1,0,0,0,0,4
3105,wave,wave,wave,u*dx(u),0,1,1,1,1,0,0,0,1056
3105,wave,wave,wave,v*dy(u),7.8084158763236e-07,23,1,24,1,3.48860882095674e-15,1.61537672127565e-10,1056,0
3105,wave,wave,wave,w*dz(u),7.81106496756814e-07,23,1,24,1,2.48112783149625e-14,2.24425179533359e-06,1056,0
3105,wave,wave,wave,u*dx(v),0,1,1,1,1,0,0,0,1056
3105,wave,wave,wave,v*dy(v),7.79190079061797e-07,23,1,24,1,3.45207191031827e-15,2.05121697405275e-10,1056,0
3105,wave,wave,wave,w*dz(v),7.79454160608326e-07,23,1,24,1,2.4685141266062e-14,2.21158889501697e-06,1056,0
3105,wave,wave,wave,u*dx(w),0,1,1,1,1,0,0,0,1056
3105,wave,wave,wave,v*dy(w),3.117984590405e-09,24,1,24,1,9.99200722162641e-16,2.05038652723033e-10,1056,0
3105,wave,wave,wave,w*dz(w),3.11798033611179e-09,24,1,24,1,8.88178419700125e-16,2.05144123910372e-10,1056,0
3105,wave,wave,wave,u*dx(eta),0,1,1,1,1,0,0,0,1056
3105,wave,wave,wave,v*dy(eta),2.08159088609507e-07,24,1,24,1,1.8060812899884e-15,1.61426427780498e-10,1056,0
3105,wave,wave,wave,w*dz(eta),2.08158929262419e-07,24,1,24,1,1.71206568214647e-15,1.61487045957642e-10,1056,0
3105,wave,wave,wave,w*eta*dlogN2,1.25806737573962e-07,23,1,24,1,1.35899365627914e-15,1.61608504356536e-10,1056,0
3105,wave,apv,wave,u*dx(u),0,1,1,-1,0,0,0,0,288
3105,wave,apv,wave,v*dy(u),5.84136695938395e-11,24,1,5,0,2.1206184139942e-15,1.17857279491318e-10,288,0
3105,wave,apv,wave,w*dz(u),6.1103303107351e-11,24,1,5,0,2.11205489328311e-15,1.17931220344758e-10,288,0
3105,wave,apv,wave,u*dx(v),0,1,1,-1,0,0,0,0,288
3105,wave,apv,wave,v*dy(v),0,1,1,-1,0,0,0,0,288
3105,wave,apv,wave,w*dz(v),0,1,1,-1,0,0,0,0,288
3105,wave,apv,wave,u*dx(w),0,1,1,-1,0,0,0,0,288
3105,wave,apv,wave,v*dy(w),0,1,1,-1,0,0,0,0,288
3105,wave,apv,wave,w*dz(w),0,1,1,-1,0,0,0,0,288
3105,wave,apv,wave,u*dx(eta),0,1,1,-1,0,0,0,0,288
3105,wave,apv,wave,v*dy(eta),9.15616470068395e-12,24,1,5,0,1.2223778770241e-15,1.17873488747477e-10,288,0
3105,wave,apv,wave,w*dz(eta),8.92992593038136e-12,24,1,5,0,1.20740678081022e-15,1.4509948798036e-10,288,0
3105,wave,apv,wave,w*eta*dlogN2,2.14165051832841e-11,24,1,5,0,1.21982623998736e-15,1.18274057214762e-10,288,0
3105,apv,wave,wave,u*dx(u),0,-1,0,1,1,0,0,0,288
3105,apv,wave,wave,v*dy(u),5.840899825511e-11,5,0,24,1,2.11361170208408e-15,4.36450875440642e-11,288,0
3105,apv,wave,wave,w*dz(u),0,-1,0,1,1,0,0,0,288
3105,apv,wave,wave,u*dx(v),0,-1,0,1,1,0,0,0,288
3105,apv,wave,wave,v*dy(v),5.83215451535104e-11,5,0,24,1,2.41718436901807e-15,8.7228890777169e-11,288,0
3105,apv,wave,wave,w*dz(v),0,-1,0,1,1,0,0,0,288
3105,apv,wave,wave,u*dx(w),0,-1,0,1,1,0,0,0,288
3105,apv,wave,wave,v*dy(w),1.5596383282347e-13,5,0,24,1,5.55111512312578e-16,8.80229222843809e-11,288,0
3105,apv,wave,wave,w*dz(w),0,-1,0,1,1,0,0,0,288
3105,apv,wave,wave,u*dx(eta),0,-1,0,1,1,0,0,0,288
3105,apv,wave,wave,v*dy(eta),8.92789373982913e-12,5,0,24,1,1.09437698281259e-15,4.44877468197546e-11,288,0
3105,apv,wave,wave,w*dz(eta),0,-1,0,1,1,0,0,0,288
3105,apv,wave,wave,w*eta*dlogN2,0,-1,0,1,1,0,0,0,288
3105,wave,boundary,wave,u*dx(u),0,1,1,1,0,0,0,0,96
3105,wave,boundary,wave,v*dy(u),2.5349482022548e-13,24,1,2,0,2.03881736703185e-15,1.18073106847305e-10,96,0
3105,wave,boundary,wave,w*dz(u),3.19570166521786e-13,24,1,2,0,2.05034380663862e-15,1.17930776255548e-10,96,0
3105,wave,boundary,wave,u*dx(v),0,1,1,1,0,0,0,0,96
3105,wave,boundary,wave,v*dy(v),0,1,1,1,0,0,0,0,96
3105,wave,boundary,wave,w*dz(v),0,1,1,1,0,0,0,0,96
3105,wave,boundary,wave,u*dx(w),0,1,1,1,0,0,0,0,96
3105,wave,boundary,wave,v*dy(w),0,1,1,1,0,0,0,0,96
3105,wave,boundary,wave,w*dz(w),0,1,1,1,0,0,0,0,96
3105,wave,boundary,wave,u*dx(eta),0,1,1,1,0,0,0,0,96
3105,wave,boundary,wave,v*dy(eta),4.65272801513314e-14,24,1,2,0,1.25070603432501e-15,1.17943876887239e-10,96,0
3105,wave,boundary,wave,w*dz(eta),3.73636721483127e-14,24,1,2,0,1.43607136916903e-15,1.17913900865574e-10,96,0
3105,wave,boundary,wave,w*eta*dlogN2,3.83443279188458e-14,24,1,1,0,9.84822321280147e-16,1.17949872091572e-10,96,0
3105,boundary,wave,wave,u*dx(u),0,1,0,1,1,0,0,0,96
3105,boundary,wave,wave,v*dy(u),1.9722258579021e-14,1,0,1,1,1.62381820002465e-15,4.44524417275716e-11,96,0
3105,boundary,wave,wave,w*dz(u),0,1,0,1,1,0,0,0,96
3105,boundary,wave,wave,u*dx(v),0,1,0,1,1,0,0,0,96
3105,boundary,wave,wave,v*dy(v),1.93632149266532e-14,1,0,1,1,1.66504233660219e-15,8.80360229160715e-11,96,0
3105,boundary,wave,wave,w*dz(v),0,1,0,1,1,0,0,0,96
3105,boundary,wave,wave,u*dx(w),0,1,0,1,1,0,0,0,96
3105,boundary,wave,wave,v*dy(w),1.14677454470948e-16,1,0,1,1,4.44089209850063e-16,8.98636720592094e-11,96,0
3105,boundary,wave,wave,w*dz(w),0,1,0,1,1,0,0,0,96
3105,boundary,wave,wave,u*dx(eta),0,1,0,1,1,0,0,0,96
3105,boundary,wave,wave,v*dy(eta),3.35018513424286e-15,2,0,24,1,1.40314565095295e-15,4.72533123740959e-11,96,0
3105,boundary,wave,wave,w*dz(eta),0,1,0,1,1,0,0,0,96
3105,boundary,wave,wave,w*eta*dlogN2,0,1,0,1,1,0,0,0,96
3105,apv,boundary,wave,u*dx(u),0,-1,0,1,0,0,0,0,12
3105,apv,boundary,wave,v*dy(u),4.43473386057791e-15,4,0,1,0,1.85154487815659e-15,1.09698909270595e-11,12,0
3105,apv,boundary,wave,w*dz(u),0,-1,0,1,0,0,0,0,12
3105,apv,boundary,wave,u*dx(v),0,-1,0,1,0,0,0,0,12
3105,apv,boundary,wave,v*dy(v),0,-1,0,1,0,0,0,0,12
3105,apv,boundary,wave,w*dz(v),0,-1,0,1,0,0,0,0,12
3105,apv,boundary,wave,u*dx(w),0,-1,0,1,0,0,0,0,12
3105,apv,boundary,wave,v*dy(w),0,-1,0,1,0,0,0,0,12
3105,apv,boundary,wave,w*dz(w),0,-1,0,1,0,0,0,0,12
3105,apv,boundary,wave,u*dx(eta),0,-1,0,1,0,0,0,0,12
3105,apv,boundary,wave,v*dy(eta),1.15817087021959e-15,1,0,2,0,1.17642376581127e-15,1.20154997063082e-11,12,0
3105,apv,boundary,wave,w*dz(eta),0,-1,0,1,0,0,0,0,12
3105,apv,boundary,wave,w*eta*dlogN2,0,-1,0,1,0,0,0,0,12
3105,boundary,apv,wave,u*dx(u),0,1,0,-1,0,0,0,0,12
3105,boundary,apv,wave,v*dy(u),3.97720033622621e-15,1,0,5,0,1.41618294113598e-15,2.38982167388713e-11,12,0
3105,boundary,apv,wave,w*dz(u),0,1,0,-1,0,0,0,0,12
3105,boundary,apv,wave,u*dx(v),0,1,0,-1,0,0,0,0,12
3105,boundary,apv,wave,v*dy(v),0,1,0,-1,0,0,0,0,12
3105,boundary,apv,wave,w*dz(v),0,1,0,-1,0,0,0,0,12
3105,boundary,apv,wave,u*dx(w),0,1,0,-1,0,0,0,0,12
3105,boundary,apv,wave,v*dy(w),0,1,0,-1,0,0,0,0,12
3105,boundary,apv,wave,w*dz(w),0,1,0,-1,0,0,0,0,12
3105,boundary,apv,wave,u*dx(eta),0,1,0,-1,0,0,0,0,12
3105,boundary,apv,wave,v*dy(eta),1.30447751517288e-15,2,0,2,0,7.62790858392903e-16,2.08988382155439e-11,12,0
3105,boundary,apv,wave,w*dz(eta),0,1,0,-1,0,0,0,0,12
3105,boundary,apv,wave,w*eta*dlogN2,0,1,0,-1,0,0,0,0,12
3105,boundary,boundary,wave,u*dx(u),0,1,0,1,0,0,0,0,4
3105,boundary,boundary,wave,v*dy(u),3.31316018358242e-15,1,0,1,0,1.40973391004982e-15,1.73958174220152e-11,4,0
3105,boundary,boundary,wave,w*dz(u),0,1,0,1,0,0,0,0,4
3105,boundary,boundary,wave,u*dx(v),0,1,0,1,0,0,0,0,4
3105,boundary,boundary,wave,v*dy(v),0,1,0,1,0,0,0,0,4
3105,boundary,boundary,wave,w*dz(v),0,1,0,1,0,0,0,0,4
3105,boundary,boundary,wave,u*dx(w),0,1,0,1,0,0,0,0,4
3105,boundary,boundary,wave,v*dy(w),0,1,0,1,0,0,0,0,4
3105,boundary,boundary,wave,w*dz(w),0,1,0,1,0,0,0,0,4
3105,boundary,boundary,wave,u*dx(eta),0,1,0,1,0,0,0,0,4
3105,boundary,boundary,wave,v*dy(eta),8.63897386831736e-16,1,0,2,0,6.69832150290006e-16,8.94630197927474e-11,4,0
3105,boundary,boundary,wave,w*dz(eta),0,1,0,1,0,0,0,0,4
3105,boundary,boundary,wave,w*eta*dlogN2,0,1,0,1,0,0,0,0,4
3227,wave,wave,inertial,u*dx(u),3.33531709468907e-10,24,-1,23,1,1.16603630357137e-15,2.35740094112202e-10,1056,0
3227,wave,wave,inertial,v*dy(u),3.33531723394368e-10,23,1,24,1,1.33226762955019e-15,2.35734320952474e-10,1056,0
3227,wave,wave,inertial,w*dz(u),6.87540660235333e-10,1,1,1,1,4.02187885558351e-15,4.33231255142196e-07,1056,0
3227,wave,wave,inertial,u*dx(v),3.33531726229797e-10,24,-1,23,1,1.62760179731013e-15,2.35734098907869e-10,1056,0
3227,wave,wave,inertial,v*dy(v),3.3353171408526e-10,23,1,24,1,1.32341602426559e-15,2.35728103703536e-10,1056,0
3227,wave,wave,inertial,w*dz(v),6.87540670630193e-10,1,1,1,1,3.99582225084813e-15,4.33231256740717e-07,1056,0
3227,wave,wave,mda,u*dx(eta),6.20520680809533e-12,24,1,24,1,2.95217263202275e-15,6.22876114360866e-10,1056,0
3227,wave,wave,mda,v*dy(eta),6.20520202035857e-12,24,1,24,1,2.4112004659516e-15,6.22881924190097e-10,1056,0
3227,wave,wave,mda,w*dz(eta),6.20518827767308e-12,24,1,24,1,2.92341792008118e-15,6.2287483648861e-10,1056,0
3227,wave,wave,mda,w*eta*dlogN2,1.06597688554288e-12,24,1,23,1,2.99597199546208e-15,2.00880524606171e-10,1056,0
3227,wave,apv,inertial,u*dx(u),4.24337304787048e-15,23,1,3,0,1.07383704038044e-15,1.17863274695651e-10,288,0
3227,wave,apv,inertial,v*dy(u),4.24792258985361e-15,23,1,3,0,1.48597773126518e-15,1.17857279491318e-10,288,0
3227,wave,apv,inertial,w*dz(u),3.16589025956342e-15,22,1,5,0,1.38427781962417e-15,1.17931220344758e-10,288,0
3227,wave,apv,inertial,u*dx(v),4.22259366400539e-15,23,1,3,0,1.04099368108245e-15,1.17863274695651e-10,288,0
3227,wave,apv,inertial,v*dy(v),4.23716461988531e-15,23,1,3,0,1.07287367246724e-15,1.17857279491318e-10,288,0
3227,wave,apv,inertial,w*dz(v),3.19297565919731e-15,22,1,5,0,1.23075918563856e-15,1.17931220344758e-10,288,0
3227,wave,apv,mda,u*dx(eta),3.65325788091645e-15,23,1,-1,0,2.24522344134845e-15,6.96239343028223e-10,288,0
3227,wave,apv,mda,v*dy(eta),4.01299458852602e-15,24,1,1,0,2.22312133513482e-15,6.9624303893735e-10,288,0
3227,wave,apv,mda,w*dz(eta),1.30802759623622e-13,1,1,-1,0,2.05427939742779e-15,3.37251627055411e-07,288,0
3227,wave,apv,mda,w*eta*dlogN2,3.51047093112148e-15,5,1,4,0,2.71275736300797e-15,1.58563398195824e-10,288,0
3227,apv,wave,inertial,u*dx(u),4.25450430572631e-15,3,0,23,1,1.07236270643176e-15,1.17863274695651e-10,288,0
3227,apv,wave,inertial,v*dy(u),4.2421505247503e-15,3,0,23,1,1.05376800263386e-15,1.17863274695651e-10,288,0
3227,apv,wave,inertial,w*dz(u),0,-1,0,1,1,0,0,0,288
3227,apv,wave,inertial,u*dx(v),4.23575500345541e-15,3,0,23,1,1.07245914313669e-15,1.17857279491318e-10,288,0
3227,apv,wave,inertial,v*dy(v),4.22563830616084e-15,3,0,23,1,1.01628259294918e-15,1.17857279491318e-10,288,0
3227,apv,wave,inertial,w*dz(v),0,-1,0,1,1,0,0,0,288
3227,apv,wave,mda,u*dx(eta),3.30415624263229e-15,4,0,6,1,3.41468030358479e-15,8.75963333318269e-11,288,0
3227,apv,wave,mda,v*dy(eta),3.21997143216692e-15,4,0,6,1,3.55492242434035e-15,8.75963679388381e-11,288,0
3227,apv,wave,mda,w*dz(eta),0,-1,0,1,1,0,0,0,288
3227,apv,wave,mda,w*eta*dlogN2,0,-1,0,1,1,0,0,0,288
3227,wave,boundary,inertial,u*dx(u),1.05503663950209e-14,1,1,1,0,1.47106855742447e-15,1.18731247056303e-10,96,0
3227,wave,boundary,inertial,v*dy(u),1.06199130335653e-14,1,1,1,0,1.44543634014877e-15,1.1872525185197e-10,96,0
3227,wave,boundary,inertial,w*dz(u),2.57880259062202e-15,1,1,1,0,1.36153914794062e-15,1.1810263877976e-10,96,0
3227,wave,boundary,inertial,u*dx(v),1.06054530397142e-14,1,1,1,0,1.00933806564935e-15,1.18731247056303e-10,96,0
3227,wave,boundary,inertial,v*dy(v),1.05864705180288e-14,1,1,1,0,1.30748841350253e-15,1.1872525185197e-10,96,0
3227,wave,boundary,inertial,w*dz(v),2.55454477529135e-15,1,1,1,0,9.07183874501105e-16,1.18102416735155e-10,96,0
3227,wave,boundary,mda,u*dx(eta),3.95672799058744e-15,1,1,1,0,4.92962141214238e-16,7.90241182572596e-10,96,0
3227,wave,boundary,mda,v*dy(eta),4.02819074574653e-15,23,1,1,0,5.79346530965866e-16,7.90247514659063e-10,96,0
3227,wave,boundary,mda,w*dz(eta),2.95366414103597e-15,1,1,1,0,2.49076463457902e-15,1.46746543875645e-10,96,0
3227,wave,boundary,mda,w*eta*dlogN2,2.62796583572455e-15,1,1,1,0,2.66014766760961e-15,1.45888768468304e-10,96,0
3227,boundary,wave,inertial,u*dx(u),1.05840194512894e-14,1,0,1,1,1.53070052571108e-15,1.18731025011698e-10,96,0
3227,boundary,wave,inertial,v*dy(u),1.06124022519655e-14,1,0,1,1,1.45696848681146e-15,1.18731247056303e-10,96,0
3227,boundary,wave,inertial,w*dz(u),0,1,0,1,1,0,0,0,96
3227,boundary,wave,inertial,u*dx(v),1.06535799401597e-14,1,0,1,1,1.25803733616555e-15,1.1872525185197e-10,96,0
3227,boundary,wave,inertial,v*dy(v),1.05952195251357e-14,1,0,1,1,1.28143085174051e-15,1.1872525185197e-10,96,0
3227,boundary,wave,inertial,w*dz(v),0,1,0,1,1,0,0,0,96
3227,boundary,wave,mda,u*dx(eta),2.65019609067135e-15,1,0,1,1,2.39386449385986e-15,8.69664553141482e-11,96,0
3227,boundary,wave,mda,v*dy(eta),2.65019609067135e-15,1,0,1,1,2.21624734645618e-15,8.69664553141482e-11,96,0
3227,boundary,wave,mda,w*dz(eta),0,1,0,1,1,0,0,0,96
3227,boundary,wave,mda,w*eta*dlogN2,0,1,0,1,1,0,0,0,96
3227,apv,boundary,inertial,u*dx(u),2.94812824461942e-15,5,0,1,0,1.14723320063056e-15,2.38977726496614e-11,12,0
3227,apv,boundary,inertial,v*dy(u),2.94405352478141e-15,5,0,1,0,1.17172276925847e-15,2.38979946942663e-11,12,0
3227,apv,boundary,inertial,w*dz(u),0,-1,0,1,0,0,0,0,12
3227,apv,boundary,inertial,u*dx(v),3.04718708921122e-15,5,0,1,0,1.00630390121719e-15,2.38979946942663e-11,12,0
3227,apv,boundary,inertial,v*dy(v),3.03089407162034e-15,5,0,1,0,1.00119157371403e-15,2.38977726496614e-11,12,0
3227,apv,boundary,inertial,w*dz(v),0,-1,0,1,0,0,0,0,12
3227,apv,boundary,mda,u*dx(eta),3.53874536272284e-15,5,0,1,0,5.36075142078079e-16,5.14558905176225e-11,12,0
3227,apv,boundary,mda,v*dy(eta),3.53874536272284e-15,5,0,1,0,5.36075142078079e-16,5.14557777803239e-11,12,0
3227,apv,boundary,mda,w*dz(eta),0,-1,0,1,0,0,0,0,12
3227,apv,boundary,mda,w*eta*dlogN2,0,-1,0,1,0,0,0,0,12
3227,boundary,apv,inertial,u*dx(u),2.95162394565858e-15,1,0,5,0,1.12951950929973e-15,2.38979946942663e-11,12,0
3227,boundary,apv,inertial,v*dy(u),2.9662828900485e-15,1,0,5,0,1.08358132434669e-15,2.38977726496614e-11,12,0
3227,boundary,apv,inertial,w*dz(u),0,1,0,-1,0,0,0,0,12
3227,boundary,apv,inertial,u*dx(v),3.06218593531876e-15,1,0,5,0,9.13329597959758e-16,2.38979946942663e-11,12,0
3227,boundary,apv,inertial,v*dy(v),3.02965753744508e-15,1,0,5,0,9.54242055460974e-16,2.38977726496614e-11,12,0
3227,boundary,apv,inertial,w*dz(v),0,1,0,-1,0,0,0,0,12
3227,boundary,apv,mda,u*dx(eta),2.72518512056788e-15,1,0,1,0,8.70614585776594e-16,2.00821359541692e-10,12,0
3227,boundary,apv,mda,v*dy(eta),2.87282896542966e-15,1,0,1,0,7.32158097422666e-16,2.00821359541692e-10,12,0
3227,boundary,apv,mda,w*dz(eta),0,1,0,-1,0,0,0,0,12
3227,boundary,apv,mda,w*eta*dlogN2,0,1,0,-1,0,0,0,0,12
3227,boundary,boundary,inertial,u*dx(u),7.13729485628172e-15,1,0,2,0,4.85691540302448e-15,4.7524288319199e-09,4,0
3227,boundary,boundary,inertial,v*dy(u),7.06665863483624e-15,2,0,1,0,4.8587677577354e-15,4.75242887185247e-09,4,0
3227,boundary,boundary,inertial,w*dz(u),0,1,0,1,0,0,0,0,4
3227,boundary,boundary,inertial,u*dx(v),6.99742155242088e-15,1,0,2,0,4.72102874480367e-15,4.75242894360472e-09,4,0
3227,boundary,boundary,inertial,v*dy(v),6.98794336517713e-15,2,0,1,0,4.76313308156686e-15,4.75242890077054e-09,4,0
3227,boundary,boundary,inertial,w*dz(v),0,1,0,1,0,0,0,0,4
3227,boundary,boundary,mda,u*dx(eta),2.89935105632944e-15,2,0,1,0,1.40424538488678e-15,1.8907904588983e-08,4,0
3227,boundary,boundary,mda,v*dy(eta),2.89935105632944e-15,2,0,1,0,1.39378332783429e-15,1.89079047776094e-08,4,0
3227,boundary,boundary,mda,w*dz(eta),0,1,0,1,0,0,0,0,4
3227,boundary,boundary,mda,w*eta*dlogN2,0,1,0,1,0,0,0,0,4
3094,wave,wave,wave,u*dx(u),7.83471188286856e-07,23,1,24,1,3.57768249400834e-15,1.73173697604057e-10,1056,0
3094,wave,wave,wave,v*dy(u),0,1,1,1,1,0,0,0,1056
3094,wave,wave,wave,w*dz(u),7.83737414654302e-07,23,1,24,1,2.01763495127988e-14,2.02745195432728e-06,1056,0
3094,wave,wave,wave,u*dx(v),7.77295699647586e-07,23,1,24,1,3.42246286237413e-15,1.45634837522834e-10,1056,0
3094,wave,wave,wave,v*dy(v),0,1,1,1,1,0,0,0,1056
3094,wave,wave,wave,w*dz(v),7.77558828635977e-07,23,1,24,1,1.96598453150673e-14,1.915995077689e-06,1056,0
3094,wave,wave,wave,u*dx(w),3.01986669326546e-09,24,1,24,1,9.99200722162641e-16,1.73241643253164e-10,1056,0
3094,wave,wave,wave,v*dy(w),0,1,1,1,1,0,0,0,1056
3094,wave,wave,wave,w*dz(w),3.0198624279736e-09,24,1,24,1,9.99200722162641e-16,1.72890368688172e-10,1056,0
3094,wave,wave,wave,u*dx(eta),2.01842943160471e-07,24,1,24,1,1.72909428804979e-15,1.45635725701254e-10,1056,0
3094,wave,wave,wave,v*dy(eta),0,1,1,1,1,0,0,0,1056
3094,wave,wave,wave,w*dz(eta),2.01842783218752e-07,24,1,24,1,1.66109742522413e-15,1.45206513479934e-10,1056,0
3094,wave,wave,wave,w*eta*dlogN2,1.21979579854851e-07,23,1,24,1,1.75095332598326e-15,1.45777390159196e-10,1056,0
3094,wave,apv,wave,u*dx(u),0,1,1,-1,0,0,0,0,288
3094,wave,apv,wave,v*dy(u),0,1,1,-1,0,0,0,0,288
3094,wave,apv,wave,w*dz(u),0,1,1,-1,0,0,0,0,288
3094,wave,apv,wave,u*dx(v),5.82255064455214e-11,24,1,5,0,2.05125697735905e-15,1.17863274695651e-10,288,0
3094,wave,apv,wave,v*dy(v),0,1,1,-1,0,0,0,0,288
3094,wave,apv,wave,w*dz(v),6.0907843849847e-11,24,1,5,0,2.1853992262771e-15,1.17931220344758e-10,288,0
3094,wave,apv,wave,u*dx(w),0,1,1,-1,0,0,0,0,288
3094,wave,apv,wave,v*dy(w),0,1,1,-1,0,0,0,0,288
3094,wave,apv,wave,w*dz(w),0,1,1,-1,0,0,0,0,288
3094,wave,apv,wave,u*dx(eta),8.87409593103457e-12,24,1,5,0,1.24689503332124e-15,1.1787992804102e-10,288,0
3094,wave,apv,wave,v*dy(eta),0,1,1,-1,0,0,0,0,288
3094,wave,apv,wave,w*dz(eta),8.65487068379994e-12,24,1,5,0,1.38257964420813e-15,1.4509948798036e-10,288,0
3094,wave,apv,wave,w*eta*dlogN2,2.07559801391304e-11,24,1,5,0,1.33642522082341e-15,1.18274057214762e-10,288,0
3094,apv,wave,wave,u*dx(u),5.85481166488941e-11,5,0,24,1,2.30129137945064e-15,5.52438095269281e-11,288,0
3094,apv,wave,wave,v*dy(u),0,-1,0,1,1,0,0,0,288
3094,apv,wave,wave,w*dz(u),0,-1,0,1,1,0,0,0,288
3094,apv,wave,wave,u*dx(v),5.82210597923653e-11,5,0,24,1,2.30107348894824e-15,2.77042833118912e-11,288,0
3094,apv,wave,wave,v*dy(v),0,-1,0,1,1,0,0,0,288
3094,apv,wave,wave,w*dz(v),0,-1,0,1,1,0,0,0,288
3094,apv,wave,wave,u*dx(w),1.5105620945038e-13,5,0,24,1,6.66133814775094e-16,5.62072610676978e-11,288,0
3094,apv,wave,wave,v*dy(w),0,-1,0,1,1,0,0,0,288
3094,apv,wave,wave,w*dz(w),0,-1,0,1,1,0,0,0,288
3094,apv,wave,wave,u*dx(eta),8.65284463227306e-12,5,0,24,1,1.3688493869654e-15,2.86790591275121e-11,288,0
3094,apv,wave,wave,v*dy(eta),0,-1,0,1,1,0,0,0,288
3094,apv,wave,wave,w*dz(eta),0,-1,0,1,1,0,0,0,288
3094,apv,wave,wave,w*eta*dlogN2,0,-1,0,1,1,0,0,0,288
3094,wave,boundary,wave,u*dx(u),0,1,1,1,0,0,0,0,96
3094,wave,boundary,wave,v*dy(u),0,1,1,1,0,0,0,0,96
3094,wave,boundary,wave,w*dz(u),0,1,1,1,0,0,0,0,96
3094,wave,boundary,wave,u*dx(v),3.68066638124814e-13,24,1,2,0,2.55224138331409e-15,1.17936549415276e-10,96,0
3094,wave,boundary,wave,v*dy(v),0,1,1,1,0,0,0,0,96
3094,wave,boundary,wave,w*dz(v),3.5105974782909e-13,24,1,1,0,2.11347046351622e-15,1.17939213950535e-10,96,0
3094,wave,boundary,wave,u*dx(w),0,1,1,1,0,0,0,0,96
3094,wave,boundary,wave,v*dy(w),0,1,1,1,0,0,0,0,96
3094,wave,boundary,wave,w*dz(w),0,1,1,1,0,0,0,0,96
3094,wave,boundary,wave,u*dx(eta),4.96650079548585e-14,24,1,1,0,9.381840077225e-16,1.17939213950535e-10,96,0
3094,wave,boundary,wave,v*dy(eta),0,1,1,1,0,0,0,0,96
3094,wave,boundary,wave,w*dz(eta),5.21657163966178e-14,24,1,2,0,1.34615947847223e-15,1.17915011088598e-10,96,0
3094,wave,boundary,wave,w*eta*dlogN2,5.54838456173867e-14,24,1,1,0,1.42064469718098e-15,1.17954090939065e-10,96,0
3094,boundary,wave,wave,u*dx(u),2.01364877977544e-14,1,0,1,1,1.93559423806511e-15,5.6899818190459e-11,96,0
3094,boundary,wave,wave,v*dy(u),0,1,0,1,1,0,0,0,96
3094,boundary,wave,wave,w*dz(u),0,1,0,1,1,0,0,0,96
3094,boundary,wave,wave,u*dx(v),1.89667624748949e-14,2,0,24,1,1.84409252178852e-15,2.9360514020027e-11,96,0
3094,boundary,wave,wave,v*dy(v),0,1,0,1,1,0,0,0,96
3094,boundary,wave,wave,w*dz(v),0,1,0,1,1,0,0,0,96
3094,boundary,wave,wave,u*dx(w),1.07924904556844e-16,1,0,1,1,4.44089209850063e-16,5.83606496462608e-11,96,0
3094,boundary,wave,wave,v*dy(w),0,1,0,1,1,0,0,0,96
3094,boundary,wave,wave,w*dz(w),0,1,0,1,1,0,0,0,96
3094,boundary,wave,wave,u*dx(eta),3.21714267558127e-15,2,0,24,1,8.15963589475118e-16,3.17499360136253e-11,96,0
3094,boundary,wave,wave,v*dy(eta),0,1,0,1,1,0,0,0,96
3094,boundary,wave,wave,w*dz(eta),0,1,0,1,1,0,0,0,96
3094,boundary,wave,wave,w*eta*dlogN2,0,1,0,1,1,0,0,0,96
3094,apv,boundary,wave,u*dx(u),0,-1,0,1,0,0,0,0,12
3094,apv,boundary,wave,v*dy(u),0,-1,0,1,0,0,0,0,12
3094,apv,boundary,wave,w*dz(u),0,-1,0,1,0,0,0,0,12
3094,apv,boundary,wave,u*dx(v),4.05557053495512e-15,4,0,1,0,1.6867840946902e-15,5.88044176976397e-12,12,0
3094,apv,boundary,wave,v*dy(v),0,-1,0,1,0,0,0,0,12
3094,apv,boundary,wave,w*dz(v),0,-1,0,1,0,0,0,0,12
3094,apv,boundary,wave,u*dx(w),0,-1,0,1,0,0,0,0,12
3094,apv,boundary,wave,v*dy(w),0,-1,0,1,0,0,0,0,12
3094,apv,boundary,wave,w*dz(w),0,-1,0,1,0,0,0,0,12
3094,apv,boundary,wave,u*dx(eta),1.060274413578e-15,3,0,2,0,8.62405254724201e-16,1.04082792416036e-11,12,0
3094,apv,boundary,wave,v*dy(eta),0,-1,0,1,0,0,0,0,12
3094,apv,boundary,wave,w*dz(eta),0,-1,0,1,0,0,0,0,12
3094,apv,boundary,wave,w*eta*dlogN2,0,-1,0,1,0,0,0,0,12
3094,boundary,apv,wave,u*dx(u),0,1,0,-1,0,0,0,0,12
3094,boundary,apv,wave,v*dy(u),0,1,0,-1,0,0,0,0,12
3094,boundary,apv,wave,w*dz(u),0,1,0,-1,0,0,0,0,12
3094,boundary,apv,wave,u*dx(v),3.10852650538595e-15,1,0,4,0,1.20388465093003e-15,2.38979946942663e-11,12,0
3094,boundary,apv,wave,v*dy(v),0,1,0,-1,0,0,0,0,12
3094,boundary,apv,wave,w*dz(v),0,1,0,-1,0,0,0,0,12
3094,boundary,apv,wave,u*dx(w),0,1,0,-1,0,0,0,0,12
3094,boundary,apv,wave,v*dy(w),0,1,0,-1,0,0,0,0,12
3094,boundary,apv,wave,w*dz(w),0,1,0,-1,0,0,0,0,12
3094,boundary,apv,wave,u*dx(eta),9.96067665344018e-16,2,0,5,0,9.24496999199801e-16,2.08990602601489e-11,12,0
3094,boundary,apv,wave,v*dy(eta),0,1,0,-1,0,0,0,0,12
3094,boundary,apv,wave,w*dz(eta),0,1,0,-1,0,0,0,0,12
3094,boundary,apv,wave,w*eta*dlogN2,0,1,0,-1,0,0,0,0,12
3094,boundary,boundary,wave,u*dx(u),0,1,0,1,0,0,0,0,4
3094,boundary,boundary,wave,v*dy(u),0,1,0,1,0,0,0,0,4
3094,boundary,boundary,wave,w*dz(u),0,1,0,1,0,0,0,0,4
3094,boundary,boundary,wave,u*dx(v),2.60254447900709e-15,1,0,1,0,1.11217626272865e-15,7.09376378972182e-12,4,0
3094,boundary,boundary,wave,v*dy(v),0,1,0,1,0,0,0,0,4
3094,boundary,boundary,wave,w*dz(v),0,1,0,1,0,0,0,0,4
3094,boundary,boundary,wave,u*dx(w),0,1,0,1,0,0,0,0,4
3094,boundary,boundary,wave,v*dy(w),0,1,0,1,0,0,0,0,4
3094,boundary,boundary,wave,w*dz(w),0,1,0,1,0,0,0,0,4
3094,boundary,boundary,wave,u*dx(eta),9.5511535583542e-16,1,0,2,0,5.87663921872694e-16,6.7799748173634e-11,4,0
3094,boundary,boundary,wave,v*dy(eta),0,1,0,1,0,0,0,0,4
3094,boundary,boundary,wave,w*dz(eta),0,1,0,1,0,0,0,0,4
3094,boundary,boundary,wave,w*eta*dlogN2,0,1,0,1,0,0,0,0,4
3088,wave,wave,wave,u*dx(u),7.85774352624332e-07,23,1,24,1,3.75355200269692e-15,1.68490776886188e-10,1056,0
3088,wave,wave,wave,v*dy(u),7.8577435258121e-07,23,-1,24,1,3.66072569439453e-15,1.6848500372646e-10,1056,0
3088,wave,wave,wave,w*dz(u),7.86041742544086e-07,23,1,24,1,4.48152389752523e-14,3.17931610358423e-06,1056,0
3088,wave,wave,wave,u*dx(v),7.75182820558051e-07,23,1,24,1,3.43423614841493e-15,1.68504987740903e-10,1056,0
3088,wave,wave,wave,v*dy(v),7.75182820538475e-07,23,1,24,1,3.43574952887885e-15,1.68499214581175e-10,1056,0
3088,wave,wave,wave,w*dz(v),7.75444896480257e-07,23,1,24,1,4.23943187052081e-14,2.88242293582326e-06,1056,0
3088,wave,wave,wave,u*dx(w),2.9912420289961e-09,24,1,24,1,9.99200722162641e-16,1.68517866327988e-10,1056,0
3088,wave,wave,wave,v*dy(w),2.99124202897347e-09,24,1,24,1,9.99200722162641e-16,1.68511871123656e-10,1056,0
3088,wave,wave,wave,w*dz(w),2.99123838016099e-09,24,1,24,1,9.99200722162641e-16,1.68339786554839e-10,1056,0
3088,wave,wave,wave,u*dx(eta),1.99996193275972e-07,24,1,24,1,1.92809890349467e-15,1.43148604081489e-10,1056,0
3088,wave,wave,wave,v*dy(eta),1.99996193269101e-07,24,1,24,1,1.71430335791687e-15,1.43142608877156e-10,1056,0
3088,wave,wave,wave,w*dz(eta),1.99996056378664e-07,24,1,24,1,1.91643057596713e-15,1.42935885349971e-10,1056,0
3088,wave,wave,wave,w*eta*dlogN2,1.20860670079488e-07,23,1,24,1,1.58178049343798e-15,1.43299816457443e-10,1056,0
3088,wave,apv,wave,u*dx(u),5.86748276343116e-11,24,1,5,0,2.36603656272971e-15,1.17863274695651e-10,288,0
3088,wave,apv,wave,v*dy(u),5.86748206642419e-11,24,1,5,0,2.41170209961989e-15,1.17857279491318e-10,288,0
3088,wave,apv,wave,w*dz(u),6.13751274626152e-11,24,1,5,0,2.53383779881002e-15,1.17930998300153e-10,288,0
3088,wave,apv,wave,u*dx(v),5.81137868774493e-11,24,1,5,0,2.03006452252266e-15,1.17863274695651e-10,288,0
3088,wave,apv,wave,v*dy(v),5.81137774680453e-11,24,1,5,0,2.22488890744661e-15,1.17857279491318e-10,288,0
3088,wave,apv,wave,w*dz(v),6.07916299366936e-11,24,1,5,0,2.18852133865406e-15,1.17931220344758e-10,288,0
3088,wave,apv,wave,u*dx(w),0,1,1,-1,0,0,0,0,288
3088,wave,apv,wave,v*dy(w),0,1,1,-1,0,0,0,0,288
3088,wave,apv,wave,w*dz(w),0,1,1,-1,0,0,0,0,288
3088,wave,apv,wave,u*dx(eta),8.79167505160545e-12,24,1,5,0,1.24750939363726e-15,1.1787992804102e-10,288,0
3088,wave,apv,wave,v*dy(eta),8.79168367963436e-12,24,1,5,0,1.23567154509883e-15,1.17873710792082e-10,288,0
3088,wave,apv,wave,w*dz(eta),8.57449017825091e-12,24,1,5,0,1.10500125894241e-15,1.4509948798036e-10,288,0
3088,wave,apv,wave,w*eta*dlogN2,2.05630650464458e-11,24,1,5,0,1.76754251174037e-15,1.18274057214762e-10,288,0
3088,apv,wave,wave,u*dx(u),5.86709484568989e-11,5,0,24,1,2.51413414985127e-15,5.06024111501802e-11,288,0
3088,apv,wave,wave,v*dy(u),5.86710095448319e-11,5,0,24,1,2.33090093556456e-15,5.06026331947851e-11,288,0
3088,apv,wave,wave,w*dz(u),0,-1,0,1,1,0,0,0,288
3088,apv,wave,wave,u*dx(v),5.81100373244127e-11,5,0,24,1,2.14729222353019e-15,5.06168440495003e-11,288,0
3088,apv,wave,wave,v*dy(v),5.81099736450302e-11,5,0,24,-1,2.11976765888506e-15,5.06168440495003e-11,288,0
3088,apv,wave,wave,w*dz(v),0,-1,0,1,1,0,0,0,288
3088,apv,wave,wave,u*dx(w),1.49624386637505e-13,5,0,24,1,6.66133814775094e-16,5.14892573022507e-11,288,0
3088,apv,wave,wave,v*dy(w),1.49624208571383e-13,5,0,24,1,5.55111512312578e-16,5.14892573022507e-11,288,0
3088,apv,wave,wave,w*dz(w),0,-1,0,1,1,0,0,0,288
3088,apv,wave,wave,u*dx(eta),8.57261468640275e-12,5,0,24,1,1.24043889045261e-15,2.61981547566847e-11,288,0
3088,apv,wave,wave,v*dy(eta),8.57260918469168e-12,5,0,24,1,1.29495002847457e-15,2.61981547566847e-11,288,0
3088,apv,wave,wave,w*dz(eta),0,-1,0,1,1,0,0,0,288
3088,apv,wave,wave,w*eta*dlogN2,0,-1,0,1,1,0,0,0,288
3088,wave,boundary,wave,u*dx(u),6.0759714479074e-14,24,1,1,0,1.91936919705362e-15,1.18900223000651e-10,96,0
3088,wave,boundary,wave,v*dy(u),6.08006924411359e-14,24,1,1,0,1.96445946590257e-15,1.18894227796318e-10,96,0
3088,wave,boundary,wave,w*dz(u),2.50444688980859e-13,24,1,2,0,2.12610890009595e-15,1.17964749080102e-10,96,0
3088,wave,boundary,wave,u*dx(v),5.99299682695416e-14,24,1,1,0,2.03211127632099e-15,1.18900000956046e-10,96,0
3088,wave,boundary,wave,v*dy(v),6.05479691793543e-14,24,1,1,0,2.00008937384894e-15,1.18894227796318e-10,96,0
3088,wave,boundary,wave,w*dz(v),2.48219424581356e-13,24,1,2,0,1.83703269007622e-15,1.17964749080102e-10,96,0
3088,wave,boundary,wave,u*dx(w),0,1,1,1,0,0,0,0,96
3088,wave,boundary,wave,v*dy(w),0,1,1,1,0,0,0,0,96
3088,wave,boundary,wave,w*dz(w),0,1,1,1,0,0,0,0,96
3088,wave,boundary,wave,u*dx(eta),3.47709465598795e-14,24,1,2,0,8.76618395244933e-16,1.17973186775089e-10,96,0
3088,wave,boundary,wave,v*dy(eta),3.47699614140339e-14,24,1,2,0,8.7032357890917e-16,1.17967413615361e-10,96,0
3088,wave,boundary,wave,w*dz(eta),9.02634556521344e-15,24,1,1,0,1.04843947637964e-15,1.17954979117485e-10,96,0
3088,wave,boundary,wave,w*eta*dlogN2,8.639581103974e-15,24,1,1,0,1.41342611022966e-15,1.1798406696073e-10,96,0
3088,boundary,wave,wave,u*dx(u),2.16873435528074e-14,1,0,1,1,1.88740857935005e-15,5.21021004118438e-11,96,0
3088,boundary,wave,wave,v*dy(u),2.1621725711311e-14,1,0,1,1,1.52752170676726e-15,5.21025445010537e-11,96,0
3088,boundary,wave,wave,w*dz(u),0,1,0,1,1,0,0,0,96
3088,boundary,wave,wave,u*dx(v),1.91408472909946e-14,1,0,1,1,1.87863782079603e-15,5.21167553557689e-11,96,0
3088,boundary,wave,wave,v*dy(v),1.90481305199677e-14,1,0,1,1,1.75003953046631e-15,5.21169774003738e-11,96,0
3088,boundary,wave,wave,w*dz(v),0,1,0,1,1,0,0,0,96
3088,boundary,wave,wave,u*dx(w),9.48008678963932e-17,1,0,17,1,4.44089209850063e-16,5.37629940566831e-11,96,0
3088,boundary,wave,wave,v*dy(w),1.01219289899263e-16,1,0,17,1,6.66133814775094e-16,5.37634381458929e-11,96,0
3088,boundary,wave,wave,w*dz(w),0,1,0,1,1,0,0,0,96
3088,boundary,wave,wave,u*dx(eta),3.1641604951293e-15,2,0,24,1,6.13011203610164e-16,3.11412361768537e-11,96,0
3088,boundary,wave,wave,v*dy(eta),3.13949633563038e-15,2,0,24,1,8.1789687088475e-16,3.11417149449966e-11,96,0
3088,boundary,wave,wave,w*dz(eta),0,1,0,1,1,0,0,0,96
3088,boundary,wave,wave,w*eta*dlogN2,0,1,0,1,1,0,0,0,96
3088,apv,boundary,wave,u*dx(u),4.49551071786501e-15,4,0,1,0,2.00690665804436e-15,1.91471928770064e-11,12,0
3088,apv,boundary,wave,v*dy(u),4.39164073351827e-15,4,0,1,0,1.64898193949597e-15,1.91478240533712e-11,12,0
3088,apv,boundary,wave,w*dz(u),0,-1,0,1,0,0,0,0,12
3088,apv,boundary,wave,u*dx(v),3.6264559206448e-15,4,0,1,0,1.22000658753318e-15,1.77418080227199e-11,12,0
3088,apv,boundary,wave,v*dy(v),3.55722403741632e-15,4,0,1,0,1.25987556649312e-15,1.77415859781149e-11,12,0
3088,apv,boundary,wave,w*dz(v),0,-1,0,1,0,0,0,0,12
3088,apv,boundary,wave,u*dx(w),0,-1,0,1,0,0,0,0,12
3088,apv,boundary,wave,v*dy(w),0,-1,0,1,0,0,0,0,12
3088,apv,boundary,wave,w*dz(w),0,-1,0,1,0,0,0,0,12
3088,apv,boundary,wave,u*dx(eta),9.46230330436001e-16,-1,0,2,0,7.8210840264887e-16,1.69972924624062e-11,12,0
3088,apv,boundary,wave,v*dy(eta),1.09570590792664e-15,-1,0,2,0,9.92545170586733e-16,1.69972924624062e-11,12,0
3088,apv,boundary,wave,w*dz(eta),0,-1,0,1,0,0,0,0,12
3088,apv,boundary,wave,w*eta*dlogN2,0,-1,0,1,0,0,0,0,12
3088,boundary,apv,wave,u*dx(u),4.39342146160983e-15,1,0,5,0,1.48892388878271e-15,2.38979946942663e-11,12,0
3088,boundary,apv,wave,v*dy(u),4.53960923856088e-15,1,0,5,0,1.68565547097374e-15,2.38979946942663e-11,12,0
3088,boundary,apv,wave,w*dz(u),0,1,0,-1,0,0,0,0,12
3088,boundary,apv,wave,u*dx(v),2.79642367872148e-15,1,0,5,0,1.19317822673076e-15,2.38979946942663e-11,12,0
3088,boundary,apv,wave,v*dy(v),2.72767656134662e-15,1,0,5,0,9.82884073664094e-16,2.38977726496614e-11,12,0
3088,boundary,apv,wave,w*dz(v),0,1,0,-1,0,0,0,0,12
3088,boundary,apv,wave,u*dx(w),0,1,0,-1,0,0,0,0,12
3088,boundary,apv,wave,v*dy(w),0,1,0,-1,0,0,0,0,12
3088,boundary,apv,wave,w*dz(w),0,1,0,-1,0,0,0,0,12
3088,boundary,apv,wave,u*dx(eta),9.15492358342198e-16,2,0,2,0,8.92296780752027e-16,2.08990602601489e-11,12,0
3088,boundary,apv,wave,v*dy(eta),1.25667246600044e-15,2,0,4,0,9.10403166405373e-16,2.08989492378464e-11,12,0
3088,boundary,apv,wave,w*dz(eta),0,1,0,-1,0,0,0,0,12
3088,boundary,apv,wave,w*eta*dlogN2,0,1,0,-1,0,0,0,0,12
3088,boundary,boundary,wave,u*dx(u),4.10420602554135e-15,1,0,1,0,9.55249151087739e-16,7.11037716713499e-11,4,0
3088,boundary,boundary,wave,v*dy(u),3.94629399099776e-15,1,0,1,0,1.53462251669757e-15,7.11040815717e-11,4,0
3088,boundary,boundary,wave,w*dz(u),0,1,0,1,0,0,0,0,4
3088,boundary,boundary,wave,u*dx(v),2.60084617011803e-15,1,0,2,0,9.99195283038125e-16,2.39825936887428e-11,4,0
3088,boundary,boundary,wave,v*dy(v),2.54913326688503e-15,1,0,2,0,8.69666800289491e-16,2.39822606218354e-11,4,0
3088,boundary,boundary,wave,w*dz(v),0,1,0,1,0,0,0,0,4
3088,boundary,boundary,wave,u*dx(w),0,1,0,1,0,0,0,0,4
3088,boundary,boundary,wave,v*dy(w),0,1,0,1,0,0,0,0,4
3088,boundary,boundary,wave,w*dz(w),0,1,0,1,0,0,0,0,4
3088,boundary,boundary,wave,u*dx(eta),9.57409946064071e-16,1,0,2,0,7.00417559734936e-16,1.69555926774455e-10,4,0
3088,boundary,boundary,wave,v*dy(eta),1.56361637088452e-15,1,0,2,0,9.22375576899517e-16,1.6955624917431e-10,4,0
3088,boundary,boundary,wave,w*dz(eta),0,1,0,1,0,0,0,0,4
3088,boundary,boundary,wave,w*eta*dlogN2,0,1,0,1,0,0,0,0,4
2824,wave,wave,wave,u*dx(u),7.79190253158648e-07,23,-1,24,1,3.57462642322746e-15,2.27129426377815e-11,1056,0
2824,wave,wave,wave,v*dy(u),7.79190253164255e-07,23,-1,24,1,3.52021663949218e-15,2.27129426377815e-11,1056,0
2824,wave,wave,wave,w*dz(u),7.7945428190819e-07,23,1,24,1,2.03772960474001e-14,1.71290867991455e-06,1056,0
2824,wave,wave,wave,u*dx(v),7.80841762361086e-07,23,1,24,1,3.52533665383541e-15,2.27129426377815e-11,1056,0
2824,wave,wave,wave,v*dy(v),7.80841762373007e-07,23,1,24,1,3.53731601216167e-15,2.27129426377815e-11,1056,0
2824,wave,wave,wave,w*dz(v),7.81106618571648e-07,23,1,24,1,2.05745753989679e-14,1.73815240939302e-06,1056,0
2824,wave,wave,wave,u*dx(w),3.11798600299974e-09,24,1,24,1,9.99200722162641e-16,2.29780638960619e-11,1056,0
2824,wave,wave,wave,v*dy(w),3.11798600287443e-09,24,1,24,1,1.11022302462516e-15,2.29780638960619e-11,1056,0
2824,wave,wave,wave,w*dz(w),3.11798044775589e-09,24,1,24,1,9.99200722162641e-16,2.27986518552825e-11,1056,0
2824,wave,wave,wave,u*dx(eta),2.08159164440938e-07,24,1,24,1,2.02582554399606e-15,2.27775576178146e-11,1056,0
2824,wave,wave,wave,v*dy(eta),2.08159164436162e-07,24,1,24,1,1.7727433600263e-15,2.27773355732097e-11,1056,0
2824,wave,wave,wave,w*dz(eta),2.08158956372632e-07,24,1,24,1,1.8084348713286e-15,2.28124186207879e-11,1056,0
2824,wave,wave,wave,w*eta*dlogN2,1.25806871042038e-07,23,1,24,1,1.5362501354736e-15,2.27700081012472e-11,1056,0
2824,wave,apv,wave,u*dx(u),5.83273582001034e-11,24,1,5,0,2.17526551096612e-15,2.27311502953853e-11,288,0
2824,wave,apv,wave,v*dy(u),5.8327379505372e-11,24,1,5,0,2.21801873414903e-15,2.27309282507804e-11,288,0
2824,wave,apv,wave,w*dz(u),6.10134246703699e-11,24,1,5,0,2.182245943817e-15,2.27393659457675e-11,288,0
2824,wave,apv,wave,u*dx(v),5.84149207136476e-11,24,1,5,0,2.16554870285016e-15,2.27311502953853e-11,288,0
2824,wave,apv,wave,v*dy(v),5.84149289112231e-11,24,1,5,0,2.22090102778932e-15,2.27309282507804e-11,288,0
2824,wave,apv,wave,w*dz(v),6.11045081017156e-11,24,1,5,0,2.24564842360188e-15,2.27393659457675e-11,288,0
2824,wave,apv,wave,u*dx(w),0,1,1,-1,0,0,0,0,288
2824,wave,apv,wave,v*dy(w),0,1,1,-1,0,0,0,0,288
2824,wave,apv,wave,w*dz(w),0,1,1,-1,0,0,0,0,288
2824,wave,apv,wave,u*dx(eta),9.15637406935366e-12,24,1,5,0,1.77413161878294e-15,2.27724505919014e-11,288,0
2824,wave,apv,wave,v*dy(eta),9.15636988428299e-12,24,1,5,0,1.19938726724329e-15,2.27722285472964e-11,288,0
2824,wave,apv,wave,w*dz(eta),8.93011549275052e-12,24,1,5,0,1.45576587287783e-15,1.82522108538308e-10,288,0
2824,wave,apv,wave,w*eta*dlogN2,2.14165542251878e-11,24,1,5,0,1.35825048455095e-15,2.99650364689416e-11,288,0
2824,apv,wave,wave,u*dx(u),5.8321532530893e-11,5,0,24,1,2.12365186852078e-15,1.48493439766639e-11,288,0
2824,apv,wave,wave,v*dy(u),5.83215377351532e-11,5,0,24,1,2.22217204261575e-15,1.48493439766639e-11,288,0
2824,apv,wave,wave,w*dz(u),0,-1,0,1,1,0,0,0,288
2824,apv,wave,wave,u*dx(v),5.84091160709552e-11,5,0,24,1,2.25732172854601e-15,1.48493439766639e-11,288,0
2824,apv,wave,wave,v*dy(v),5.84090472316802e-11,5,0,24,1,2.25779726462541e-15,1.48493439766639e-11,288,0
2824,apv,wave,wave,w*dz(v),0,-1,0,1,1,0,0,0,288
2824,apv,wave,wave,u*dx(w),1.55963916782223e-13,5,0,24,1,6.66133814775094e-16,1.9374835069641e-11,288,0
2824,apv,wave,wave,v*dy(w),1.55963275202305e-13,5,0,24,1,6.66133814775094e-16,1.9374835069641e-11,288,0
2824,apv,wave,wave,w*dz(w),0,-1,0,1,1,0,0,0,288
2824,apv,wave,wave,u*dx(eta),8.92786801245523e-12,5,0,24,1,1.12352299174668e-15,1.27104993197236e-11,288,0
2824,apv,wave,wave,v*dy(eta),8.92787086776549e-12,5,0,24,1,2.57636465828796e-15,1.27103882974211e-11,288,0
2824,apv,wave,wave,w*dz(eta),0,-1,0,1,1,0,0,0,288
2824,apv,wave,wave,w*eta*dlogN2,0,-1,0,1,1,0,0,0,288
2824,wave,boundary,wave,u*dx(u),3.2809631377641e-13,24,1,2,0,2.14013660487579e-15,2.25284235710888e-11,96,0
2824,wave,boundary,wave,v*dy(u),3.29593720606361e-13,24,1,2,0,1.94535915707548e-15,2.25284235710888e-11,96,0
2824,wave,boundary,wave,w*dz(u),3.35516871222327e-13,24,1,1,0,1.88021835834711e-15,2.27253771356573e-11,96,0
2824,wave,boundary,wave,u*dx(v),3.29689506101141e-13,24,1,2,0,2.02170148882908e-15,2.25284235710888e-11,96,0
2824,wave,boundary,wave,v*dy(v),3.28570403580781e-13,24,1,2,0,2.17102285205687e-15,2.25284235710888e-11,96,0
2824,wave,boundary,wave,w*dz(v),3.36023079939014e-13,24,1,1,0,1.88020256316909e-15,2.27253771356573e-11,96,0
2824,wave,boundary,wave,u*dx(w),0,1,1,1,0,0,0,0,96
2824,wave,boundary,wave,v*dy(w),0,1,1,1,0,0,0,0,96
2824,wave,boundary,wave,w*dz(w),0,1,1,1,0,0,0,0,96
2824,wave,boundary,wave,u*dx(eta),4.88743344316905e-14,24,1,1,0,1.08455905157575e-15,2.27000640506958e-11,96,0
2824,wave,boundary,wave,v*dy(eta),4.88709323854578e-14,24,1,1,0,1.2287314410491e-15,2.26998420060909e-11,96,0
2824,wave,boundary,wave,w*dz(eta),4.85263101104647e-14,24,1,2,0,1.41164349782692e-15,2.2726043269472e-11,96,0
2824,wave,boundary,wave,w*eta*dlogN2,5.02412049443234e-14,24,1,1,0,1.54973681445883e-15,2.27242669126326e-11,96,0
2824,boundary,wave,wave,u*dx(u),1.51723432023568e-14,1,0,1,1,1.50241456477655e-15,1.61625157701906e-11,96,0
2824,boundary,wave,wave,v*dy(u),1.51632829401441e-14,1,0,1,1,1.59038415656796e-15,1.61630708817029e-11,96,0
2824,boundary,wave,wave,w*dz(u),0,1,0,1,1,0,0,0,96
2824,boundary,wave,wave,u*dx(v),1.55014408770837e-14,1,0,1,1,1.56799346697543e-15,1.61625157701906e-11,96,0
2824,boundary,wave,wave,v*dy(v),1.55576270857791e-14,1,0,1,1,1.64935545789639e-15,1.61630708817029e-11,96,0
2824,boundary,wave,wave,w*dz(v),0,1,0,1,1,0,0,0,96
2824,boundary,wave,wave,u*dx(w),7.11756580986819e-17,1,0,1,1,6.66133814775094e-16,2.03067562765114e-11,96,0
2824,boundary,wave,wave,v*dy(w),7.91880226077403e-17,1,0,1,1,4.44089209850063e-16,2.03066452542089e-11,96,0
2824,boundary,wave,wave,w*dz(w),0,1,0,1,1,0,0,0,96
2824,boundary,wave,wave,u*dx(eta),2.01429802179671e-15,2,0,22,1,1.28816420734345e-15,3.13227410644275e-11,96,0
2824,boundary,wave,wave,v*dy(eta),1.98577566380543e-15,2,0,22,1,8.49607638042175e-16,3.13226107721979e-11,96,0
2824,boundary,wave,wave,w*dz(eta),0,1,0,1,1,0,0,0,96
2824,boundary,wave,wave,w*eta*dlogN2,0,1,0,1,1,0,0,0,96
2824,apv,boundary,wave,u*dx(u),4.43957871558351e-15,4,0,1,0,1.65351062360057e-15,8.29484638031433e-12,12,0
2824,apv,boundary,wave,v*dy(u),4.4956556653724e-15,4,0,1,0,1.50233748916603e-15,8.29410686830641e-12,12,0
2824,apv,boundary,wave,w*dz(u),0,-1,0,1,0,0,0,0,12
2824,apv,boundary,wave,u*dx(v),4.59805323648744e-15,4,0,1,0,1.68092021055492e-15,9.28791309704362e-12,12,0
2824,apv,boundary,wave,v*dy(v),4.55818655789577e-15,4,0,1,0,1.63346750601002e-15,9.28837799683003e-12,12,0
2824,apv,boundary,wave,w*dz(v),0,-1,0,1,0,0,0,0,12
2824,apv,boundary,wave,u*dx(w),0,-1,0,1,0,0,0,0,12
2824,apv,boundary,wave,v*dy(w),0,-1,0,1,0,0,0,0,12
2824,apv,boundary,wave,w*dz(w),0,-1,0,1,0,0,0,0,12
2824,apv,boundary,wave,u*dx(eta),1.80045058870749e-15,-1,0,2,0,1.69087821370613e-15,1.08037084674091e-11,12,0
2824,apv,boundary,wave,v*dy(eta),2.08724378297148e-15,-1,0,2,0,1.47214738151768e-15,1.08028771969807e-11,12,0
2824,apv,boundary,wave,w*dz(eta),0,-1,0,1,0,0,0,0,12
2824,apv,boundary,wave,w*eta*dlogN2,0,-1,0,1,0,0,0,0,12
2824,boundary,apv,wave,u*dx(u),3.78601521789502e-15,1,0,5,0,1.20710695898486e-15,2.10367279152024e-11,12,0
2824,boundary,apv,wave,v*dy(u),3.80114739490037e-15,1,0,5,0,1.21007735065676e-15,2.10371720044122e-11,12,0
2824,boundary,apv,wave,w*dz(u),0,1,0,-1,0,0,0,0,12
2824,boundary,apv,wave,u*dx(v),4.04902931258318e-15,1,0,5,0,1.25116890793277e-15,2.10367279152024e-11,12,0
2824,boundary,apv,wave,v*dy(v),4.08916251666017e-15,1,0,5,0,1.34560183487449e-15,2.10371720044122e-11,12,0
2824,boundary,apv,wave,w*dz(v),0,1,0,-1,0,0,0,0,12
2824,boundary,apv,wave,u*dx(w),0,1,0,-1,0,0,0,0,12
2824,boundary,apv,wave,v*dy(w),0,1,0,-1,0,0,0,0,12
2824,boundary,apv,wave,w*dz(w),0,1,0,-1,0,0,0,0,12
2824,boundary,apv,wave,u*dx(eta),9.1365187884588e-16,2,0,5,0,7.99514817725627e-16,2.43918243370584e-11,12,0
2824,boundary,apv,wave,v*dy(eta),9.80787804307336e-16,2,0,5,0,8.59135884265105e-16,2.4391445101389e-11,12,0
2824,boundary,apv,wave,w*dz(eta),0,1,0,-1,0,0,0,0,12
2824,boundary,apv,wave,w*eta*dlogN2,0,1,0,-1,0,0,0,0,12
2824,boundary,boundary,wave,u*dx(u),3.4329555396983e-15,1,0,1,0,1.41411062118985e-15,4.26515311724323e-12,4,0
2824,boundary,boundary,wave,v*dy(u),3.35070720673398e-15,1,0,1,0,9.02882244957634e-16,4.26516803539259e-12,4,0
2824,boundary,boundary,wave,w*dz(u),0,1,0,1,0,0,0,0,4
2824,boundary,boundary,wave,u*dx(v),3.51628145548999e-15,1,0,1,0,9.82618442411003e-16,4.86773899283496e-12,4,0
2824,boundary,boundary,wave,v*dy(v),3.42120226495858e-15,1,0,1,0,9.98850489486344e-16,4.86781013970437e-12,4,0
2824,boundary,boundary,wave,w*dz(v),0,1,0,1,0,0,0,0,4
2824,boundary,boundary,wave,u*dx(w),0,1,0,1,0,0,0,0,4
2824,boundary,boundary,wave,v*dy(w),0,1,0,1,0,0,0,0,4
2824,boundary,boundary,wave,w*dz(w),0,1,0,1,0,0,0,0,4
2824,boundary,boundary,wave,u*dx(eta),1.16158237004648e-15,2,0,1,0,1.19455469990618e-15,3.37782757752414e-11,4,0
2824,boundary,boundary,wave,v*dy(eta),9.12607346854257e-16,2,0,1,0,9.08545785077654e-16,3.37783153288206e-11,4,0
2824,boundary,boundary,wave,w*dz(eta),0,1,0,1,0,0,0,0,4
2824,boundary,boundary,wave,w*eta*dlogN2,0,1,0,1,0,0,0,0,4
2920,wave,wave,inertial,u*dx(u),3.33533530563941e-10,24,-1,23,1,1.33226762955019e-15,4.54161153129462e-11,1056,0
2920,wave,wave,inertial,v*dy(u),3.33533558798338e-10,24,-1,23,1,1.33607602859597e-15,4.54156712237364e-11,1056,0
2920,wave,wave,inertial,w*dz(u),4.06666801957159e-10,1,1,1,1,3.27180525800018e-15,2.84714756421917e-07,1056,0
2920,wave,wave,inertial,u*dx(v),3.33533596379699e-10,24,1,23,1,1.33226762955019e-15,4.54158932683413e-11,1056,0
2920,wave,wave,inertial,v*dy(v),3.33533575012488e-10,23,1,24,1,1.40204913495795e-15,4.54158932683413e-11,1056,0
2920,wave,wave,inertial,w*dz(v),4.06667022383853e-10,1,1,1,1,3.29692051805883e-15,2.84714756567304e-07,1056,0
2920,wave,wave,mda,u*dx(eta),6.20516785739239e-12,24,1,24,1,3.8411558708657e-15,6.7578585702453e-10,1056,0
2920,wave,wave,mda,v*dy(eta),6.20516383221059e-12,24,1,24,1,3.06364036303598e-15,6.757864014087e-10,1056,0
2920,wave,wave,mda,w*dz(eta),6.20517740397473e-12,24,1,24,1,3.5303699936897e-15,6.75785881573705e-10,1056,0
2920,wave,wave,mda,w*eta*dlogN2,1.06648767554508e-12,23,1,24,1,3.38286002473752e-15,6.14455107872184e-11,1056,0
2920,wave,apv,inertial,u*dx(u),4.24300340094602e-15,23,1,3,0,1.03186777142536e-15,2.27311502953853e-11,288,0
2920,wave,apv,inertial,v*dy(u),4.26446736343204e-15,23,1,3,0,1.16212377604543e-15,2.27311502953853e-11,288,0
2920,wave,apv,inertial,w*dz(u),3.15505803560091e-15,22,1,5,0,1.19555117574965e-15,2.27391439011626e-11,288,0
2920,wave,apv,inertial,u*dx(v),4.23551263091248e-15,23,1,3,0,1.1755118565009e-15,2.27311502953853e-11,288,0
2920,wave,apv,inertial,v*dy(v),4.25258984846998e-15,23,1,3,0,1.04967771036806e-15,2.27311502953853e-11,288,0
2920,wave,apv,inertial,w*dz(v),3.15354859964887e-15,22,1,5,0,1.25614988375349e-15,2.27393659457675e-11,288,0
2920,wave,apv,mda,u*dx(eta),3.7892576537331e-15,16,1,-1,0,1.67780793976762e-15,7.10832044249038e-10,288,0
2920,wave,apv,mda,v*dy(eta),3.39353927110595e-15,20,1,-1,0,2.24439698348267e-15,7.10833025979092e-10,288,0
2920,wave,apv,mda,w*dz(eta),1.29084057684628e-13,1,1,-1,0,2.29786177319856e-15,3.37178247318694e-07,288,0
2920,wave,apv,mda,w*eta*dlogN2,3.5902855712136e-15,2,1,-1,0,2.40418432117266e-15,6.66591646705237e-11,288,0
2920,apv,wave,inertial,u*dx(u),4.23925451768343e-15,3,0,23,1,1.06211757739716e-15,2.27311502953853e-11,288,0
2920,apv,wave,inertial,v*dy(u),4.22458741179124e-15,3,0,23,1,1.03815386357194e-15,2.27311502953853e-11,288,0
2920,apv,wave,inertial,w*dz(u),0,-1,0,1,1,0,0,0,288
2920,apv,wave,inertial,u*dx(v),4.26682065344386e-15,3,0,23,1,1.04601612580984e-15,2.27311502953853e-11,288,0
2920,apv,wave,inertial,v*dy(v),4.25783209785777e-15,3,0,23,1,1.05982888999726e-15,2.27311502953853e-11,288,0
2920,apv,wave,inertial,w*dz(v),0,-1,0,1,1,0,0,0,288
2920,apv,wave,mda,u*dx(eta),3.28904386483207e-15,4,0,1,1,3.80899337703398e-15,5.35702142108797e-11,288,0
2920,apv,wave,mda,v*dy(eta),3.28904386483207e-15,4,0,1,1,3.73566234976973e-15,5.35705321510645e-11,288,0
2920,apv,wave,mda,w*dz(eta),0,-1,0,1,1,0,0,0,288
2920,apv,wave,mda,w*eta*dlogN2,0,-1,0,1,1,0,0,0,288
2920,wave,boundary,inertial,u*dx(u),9.7121055576542e-15,1,1,1,0,1.40676092706332e-15,2.40543140961336e-11,96,0
2920,wave,boundary,inertial,v*dy(u),9.45445581822357e-15,1,1,1,0,1.34890202243223e-15,2.40540920515286e-11,96,0
2920,wave,boundary,inertial,w*dz(u),2.73593158046754e-15,1,1,1,0,1.29309303041576e-15,2.27031726751648e-11,96,0
2920,wave,boundary,inertial,u*dx(v),9.6988798184805e-15,1,1,1,0,1.13404618325754e-15,2.40543140961336e-11,96,0
2920,wave,boundary,inertial,v*dy(v),9.92827743063281e-15,1,1,1,0,1.28721834602437e-15,2.40543140961336e-11,96,0
2920,wave,boundary,inertial,w*dz(v),2.77135319864817e-15,1,1,1,0,9.6069426813943e-16,2.27033947197697e-11,96,0
2920,wave,boundary,mda,u*dx(eta),4.52165942242315e-15,1,1,1,0,5.3527629847316e-16,8.1949284157829e-10,96,0
2920,wave,boundary,mda,v*dy(eta),3.79071850870429e-15,7,1,2,0,5.24441740502125e-16,8.19493663728759e-10,96,0
2920,wave,boundary,mda,w*dz(eta),2.81815321922793e-15,1,1,1,0,2.28448863090913e-15,6.68886684052502e-11,96,0
2920,wave,boundary,mda,w*eta*dlogN2,1.94025045544286e-15,1,1,1,0,2.3464852535716e-15,5.94976070552347e-11,96,0
2920,boundary,wave,inertial,u*dx(u),9.71043637509659e-15,1,0,1,1,1.2781891949977e-15,2.40543140961336e-11,96,0
2920,boundary,wave,inertial,v*dy(u),9.68761693352897e-15,1,0,1,1,1.23802596782953e-15,2.40543140961336e-11,96,0
2920,boundary,wave,inertial,w*dz(u),0,1,0,1,1,0,0,0,96
2920,boundary,wave,inertial,u*dx(v),9.82255833101717e-15,1,0,1,1,1.3020771502157e-15,2.40540920515286e-11,96,0
2920,boundary,wave,inertial,v*dy(v),9.86937403884162e-15,1,0,1,1,1.25707457562959e-15,2.40543140961336e-11,96,0
2920,boundary,wave,inertial,w*dz(v),0,1,0,1,1,0,0,0,96
2920,boundary,wave,mda,u*dx(eta),2.83441514900917e-15,2,0,1,1,1.45756288431616e-15,5.39483374214331e-11,96,0
2920,boundary,wave,mda,v*dy(eta),2.7840581930931e-15,2,0,1,1,1.54049965749528e-15,5.3948478471017e-11,96,0
2920,boundary,wave,mda,w*dz(eta),0,1,0,1,1,0,0,0,96
2920,boundary,wave,mda,w*eta*dlogN2,0,1,0,1,1,0,0,0,96
2920,apv,boundary,inertial,u*dx(u),3.0542000614701e-15,5,0,1,0,8.8073497294416e-16,2.10367279152024e-11,12,0
2920,apv,boundary,inertial,v*dy(u),3.03071398536527e-15,5,0,1,0,8.40553267294032e-16,2.10367279152024e-11,12,0
2920,apv,boundary,inertial,w*dz(u),0,-1,0,1,0,0,0,0,12
2920,apv,boundary,inertial,u*dx(v),3.15588880252864e-15,5,0,1,0,1.03470111161511e-15,2.10367279152024e-11,12,0
2920,apv,boundary,inertial,v*dy(v),3.12595625119519e-15,5,0,1,0,1.05201573208391e-15,2.10369499598073e-11,12,0
2920,apv,boundary,inertial,w*dz(v),0,-1,0,1,0,0,0,0,12
2920,apv,boundary,mda,u*dx(eta),3.63786851368087e-15,3,0,1,0,3.75918113639141e-16,5.14607684138201e-11,12,0
2920,apv,boundary,mda,v*dy(eta),3.63786851368087e-15,3,0,1,0,3.75918113639141e-16,5.1460612848737e-11,12,0
2920,apv,boundary,mda,w*dz(eta),0,-1,0,1,0,0,0,0,12
2920,apv,boundary,mda,w*eta*dlogN2,0,-1,0,1,0,0,0,0,12
2920,boundary,apv,inertial,u*dx(u),3.02978835935844e-15,1,0,5,0,8.57009874873075e-16,2.10365058705975e-11,12,0
2920,boundary,apv,inertial,v*dy(u),3.0722827873817e-15,1,0,5,0,8.40307040002256e-16,2.10367279152024e-11,12,0
2920,boundary,apv,inertial,w*dz(u),0,1,0,-1,0,0,0,0,12
2920,boundary,apv,inertial,u*dx(v),3.09282228879364e-15,1,0,5,0,1.07395057960161e-15,2.10367279152024e-11,12,0
2920,boundary,apv,inertial,v*dy(v),3.13640726944542e-15,1,0,5,0,1.01785151344965e-15,2.10369499598073e-11,12,0
2920,boundary,apv,inertial,w*dz(v),0,1,0,-1,0,0,0,0,12
2920,boundary,apv,mda,u*dx(eta),3.29369010015303e-15,1,0,-1,0,1.78100621389105e-15,2.00728766941438e-10,12,0
2920,boundary,apv,mda,v*dy(eta),3.29369010015303e-15,1,0,-1,0,1.79026911426392e-15,2.00728322852228e-10,12,0
2920,boundary,apv,mda,w*dz(eta),0,1,0,-1,0,0,0,0,12
2920,boundary,apv,mda,w*eta*dlogN2,0,1,0,-1,0,0,0,0,12
2920,boundary,boundary,inertial,u*dx(u),1.74202967898038e-14,2,0,1,0,2.40021726610828e-14,6.51966076753349e-09,4,0
2920,boundary,boundary,inertial,v*dy(u),1.74366456523374e-14,1,0,2,0,2.403549497118e-14,6.51966085997382e-09,4,0
2920,boundary,boundary,inertial,w*dz(u),0,1,0,1,0,0,0,0,4
2920,boundary,boundary,inertial,u*dx(v),1.72681029827452e-14,2,0,1,0,2.41044483903423e-14,6.51966058140411e-09,4,0
2920,boundary,boundary,inertial,v*dy(v),1.73084452230902e-14,2,0,1,0,2.41058345599578e-14,6.51966059045952e-09,4,0
2920,boundary,boundary,inertial,w*dz(v),0,1,0,1,0,0,0,0,4
2920,boundary,boundary,mda,u*dx(eta),7.05794555748761e-15,2,0,1,0,4.90411216429848e-15,2.26341657808832e-08,4,0
2920,boundary,boundary,mda,v*dy(eta),7.07492733671446e-15,2,0,1,0,4.82462938853586e-15,2.26341658174197e-08,4,0
2920,boundary,boundary,mda,w*dz(eta),0,1,0,1,0,0,0,0,4
2920,boundary,boundary,mda,w*eta*dlogN2,0,1,0,1,0,0,0,0,4
2814,wave,wave,wave,u*dx(u),0,1,1,1,1,0,0,0,1056
2814,wave,wave,wave,v*dy(u),7.82255247778246e-07,23,1,24,1,3.50905086601817e-15,5.04711827886695e-11,1056,0
2814,wave,wave,wave,w*dz(u),7.82520815152027e-07,23,1,24,1,2.01263447393782e-14,2.00418687990422e-06,1056,0
2814,wave,wave,wave,u*dx(v),0,1,1,1,1,0,0,0,1056
2814,wave,wave,wave,v*dy(v),7.79163300868961e-07,23,1,24,1,3.47112379811211e-15,7.80100428698915e-11,1056,0
2814,wave,wave,wave,w*dz(v),7.79427316338178e-07,23,1,24,1,1.99040449794044e-14,1.94681450367875e-06,1056,0
2814,wave,wave,wave,u*dx(w),0,1,1,1,1,0,0,0,1056
2814,wave,wave,wave,v*dy(w),2.93315575652852e-09,24,1,24,1,9.99200722162641e-16,7.81690268070179e-11,1056,0
2814,wave,wave,wave,w*dz(w),2.9331504832798e-09,24,1,24,1,1.11022302462516e-15,7.76823050330222e-11,1056,0
2814,wave,wave,wave,u*dx(eta),0,1,1,1,1,0,0,0,1056
2814,wave,wave,wave,v*dy(eta),1.96243053217082e-07,24,1,24,1,1.66232167026442e-15,5.05691044594414e-11,1056,0
2814,wave,wave,wave,w*dz(eta),1.96242855270971e-07,24,1,24,1,1.7240788620242e-15,5.0013548857919e-11,1056,0
2814,wave,wave,wave,w*eta*dlogN2,1.18587226545185e-07,23,1,24,1,1.83387309033312e-15,5.0596860035057e-11,1056,0
2814,wave,apv,wave,u*dx(u),0,1,1,-1,0,0,0,0,288
2814,wave,apv,wave,v*dy(u),5.84894135464105e-11,24,1,5,0,2.15532315746699e-15,2.27309282507804e-11,288,0
2814,wave,apv,wave,w*dz(u),6.11819502963436e-11,24,1,5,0,2.25583370017439e-15,2.27393659457675e-11,288,0
2814,wave,apv,wave,u*dx(v),0,1,1,-1,0,0,0,0,288
2814,wave,apv,wave,v*dy(v),0,1,1,-1,0,0,0,0,288
2814,wave,apv,wave,w*dz(v),0,1,1,-1,0,0,0,0,288
2814,wave,apv,wave,u*dx(w),0,1,1,-1,0,0,0,0,288
2814,wave,apv,wave,v*dy(w),0,1,1,-1,0,0,0,0,288
2814,wave,apv,wave,w*dz(w),0,1,1,-1,0,0,0,0,288
2814,wave,apv,wave,u*dx(eta),0,1,1,-1,0,0,0,0,288
2814,wave,apv,wave,v*dy(eta),8.62452964956698e-12,24,1,5,0,2.09634458053777e-15,2.27722285472964e-11,288,0
2814,wave,apv,wave,w*dz(eta),8.41147764586315e-12,24,1,5,0,1.01213399618599e-15,1.82522108538308e-10,288,0
2814,wave,apv,wave,w*eta*dlogN2,2.01713001365466e-11,24,1,5,0,1.66421974729376e-15,2.97571166949158e-11,288,0
2814,apv,wave,wave,u*dx(u),0,-1,0,1,1,0,0,0,288
2814,apv,wave,wave,v*dy(u),5.8483526615454e-11,5,0,24,1,2.32201917073856e-15,2.77042833118912e-11,288,0
2814,apv,wave,wave,w*dz(u),0,-1,0,1,1,0,0,0,288
2814,apv,wave,wave,u*dx(v),0,-1,0,1,1,0,0,0,288
2814,apv,wave,wave,v*dy(v),5.83197962402086e-11,5,0,24,1,2.43700049129811e-15,5.52433654377182e-11,288,0
2814,apv,wave,wave,w*dz(v),0,-1,0,1,1,0,0,0,288
2814,apv,wave,wave,u*dx(w),0,-1,0,1,1,0,0,0,288
2814,apv,wave,wave,v*dy(w),1.46719981452141e-13,5,0,24,1,6.66133814775094e-16,5.62074831123027e-11,288,0
2814,apv,wave,wave,w*dz(w),0,-1,0,1,1,0,0,0,288
2814,apv,wave,wave,u*dx(eta),0,-1,0,1,1,0,0,0,288
2814,apv,wave,wave,v*dy(eta),8.40933092250769e-12,5,0,24,1,1.06608152315416e-15,2.86790591275121e-11,288,0
2814,apv,wave,wave,w*dz(eta),0,-1,0,1,1,0,0,0,288
2814,apv,wave,wave,w*eta*dlogN2,0,-1,0,1,1,0,0,0,288
2814,wave,boundary,wave,u*dx(u),0,1,1,1,0,0,0,0,96
2814,wave,boundary,wave,v*dy(u),3.69224781269641e-13,24,1,2,0,2.00441710493693e-15,2.27475815961498e-11,96,0
2814,wave,boundary,wave,w*dz(u),3.5261768995567e-13,24,1,1,0,1.99087980048767e-15,2.27247110018425e-11,96,0
2814,wave,boundary,wave,u*dx(v),0,1,1,1,0,0,0,0,96
2814,wave,boundary,wave,v*dy(v),0,1,1,1,0,0,0,0,96
2814,wave,boundary,wave,w*dz(v),0,1,1,1,0,0,0,0,96
2814,wave,boundary,wave,u*dx(w),0,1,1,1,0,0,0,0,96
2814,wave,boundary,wave,v*dy(w),0,1,1,1,0,0,0,0,96
2814,wave,boundary,wave,w*dz(w),0,1,1,1,0,0,0,0,96
2814,wave,boundary,wave,u*dx(eta),0,1,1,1,0,0,0,0,96
2814,wave,boundary,wave,v*dy(eta),4.82622769625954e-14,24,1,1,0,1.09691680621008e-15,2.27040608535845e-11,96,0
2814,wave,boundary,wave,w*dz(eta),5.0842306799367e-14,24,1,2,0,1.73196640921556e-15,2.27207141989538e-11,96,0
2814,wave,boundary,wave,w*eta*dlogN2,5.38866965937841e-14,24,1,1,0,1.24734549512747e-15,2.27240448680277e-11,96,0
2814,boundary,wave,wave,u*dx(u),0,1,0,1,1,0,0,0,96
2814,boundary,wave,wave,v*dy(u),2.12058263055385e-14,1,0,1,1,1.67578408997588e-15,2.78606027137585e-11,96,0
2814,boundary,wave,wave,w*dz(u),0,1,0,1,1,0,0,0,96
2814,boundary,wave,wave,u*dx(v),0,1,0,1,1,0,0,0,96
2814,boundary,wave,wave,v*dy(v),2.03595050007317e-14,1,0,1,1,1.76199104870253e-15,5.53996848395855e-11,96,0
2814,boundary,wave,wave,w*dz(v),0,1,0,1,1,0,0,0,96
2814,boundary,wave,wave,u*dx(w),0,1,0,1,1,0,0,0,96
2814,boundary,wave,wave,v*dy(w),7.56978122085967e-17,1,0,18,1,6.66133814775094e-16,5.69080338408412e-11,96,0
2814,boundary,wave,wave,w*dz(w),0,1,0,1,1,0,0,0,96
2814,boundary,wave,wave,u*dx(eta),0,1,0,1,1,0,0,0,96
2814,boundary,wave,wave,v*dy(eta),1.87485017014358e-15,2,0,22,1,9.78288279275781e-16,2.96816695541581e-11,96,0
2814,boundary,wave,wave,w*dz(eta),0,1,0,1,1,0,0,0,96
2814,boundary,wave,wave,w*eta*dlogN2,0,1,0,1,1,0,0,0,96
2814,apv,boundary,wave,u*dx(u),0,-1,0,1,0,0,0,0,12
2814,apv,boundary,wave,v*dy(u),4.31777561716383e-15,4,0,1,0,1.66370407595773e-15,8.84570109114753e-12,12,0
2814,apv,boundary,wave,w*dz(u),0,-1,0,1,0,0,0,0,12
2814,apv,boundary,wave,u*dx(v),0,-1,0,1,0,0,0,0,12
2814,apv,boundary,wave,v*dy(v),0,-1,0,1,0,0,0,0,12
2814,apv,boundary,wave,w*dz(v),0,-1,0,1,0,0,0,0,12
2814,apv,boundary,wave,u*dx(w),0,-1,0,1,0,0,0,0,12
2814,apv,boundary,wave,v*dy(w),0,-1,0,1,0,0,0,0,12
2814,apv,boundary,wave,w*dz(w),0,-1,0,1,0,0,0,0,12
2814,apv,boundary,wave,u*dx(eta),0,-1,0,1,0,0,0,0,12
2814,apv,boundary,wave,v*dy(eta),9.52619363962933e-16,4,0,2,0,7.50313061015634e-16,1.02123640134371e-11,12,0
2814,apv,boundary,wave,w*dz(eta),0,-1,0,1,0,0,0,0,12
2814,apv,boundary,wave,w*eta*dlogN2,0,-1,0,1,0,0,0,0,12
2814,boundary,apv,wave,u*dx(u),0,1,0,-1,0,0,0,0,12
2814,boundary,apv,wave,v*dy(u),4.19223267391041e-15,1,0,5,0,1.12222534397663e-15,2.10371720044122e-11,12,0
2814,boundary,apv,wave,w*dz(u),0,1,0,-1,0,0,0,0,12
2814,boundary,apv,wave,u*dx(v),0,1,0,-1,0,0,0,0,12
2814,boundary,apv,wave,v*dy(v),0,1,0,-1,0,0,0,0,12
2814,boundary,apv,wave,w*dz(v),0,1,0,-1,0,0,0,0,12
2814,boundary,apv,wave,u*dx(w),0,1,0,-1,0,0,0,0,12
2814,boundary,apv,wave,v*dy(w),0,1,0,-1,0,0,0,0,12
2814,boundary,apv,wave,w*dz(w),0,1,0,-1,0,0,0,0,12
2814,boundary,apv,wave,u*dx(eta),0,1,0,-1,0,0,0,0,12
2814,boundary,apv,wave,v*dy(eta),1.04024400002054e-15,2,0,5,0,8.02648927183883e-16,2.40693487948425e-11,12,0
2814,boundary,apv,wave,w*dz(eta),0,1,0,-1,0,0,0,0,12
2814,boundary,apv,wave,w*eta*dlogN2,0,1,0,-1,0,0,0,0,12
2814,boundary,boundary,wave,u*dx(u),0,1,0,1,0,0,0,0,4
2814,boundary,boundary,wave,v*dy(u),3.75323104340203e-15,1,0,1,0,1.03128787707455e-15,4.44389488371357e-12,4,0
2814,boundary,boundary,wave,w*dz(u),0,1,0,1,0,0,0,0,4
2814,boundary,boundary,wave,u*dx(v),0,1,0,1,0,0,0,0,4
2814,boundary,boundary,wave,v*dy(v),0,1,0,1,0,0,0,0,4
2814,boundary,boundary,wave,w*dz(v),0,1,0,1,0,0,0,0,4
2814,boundary,boundary,wave,u*dx(w),0,1,0,1,0,0,0,0,4
2814,boundary,boundary,wave,v*dy(w),0,1,0,1,0,0,0,0,4
2814,boundary,boundary,wave,w*dz(w),0,1,0,1,0,0,0,0,4
2814,boundary,boundary,wave,u*dx(eta),0,1,0,1,0,0,0,0,4
2814,boundary,boundary,wave,v*dy(eta),9.47183442403751e-16,1,0,2,0,4.66275529022439e-16,3.09773249365048e-11,4,0
2814,boundary,boundary,wave,w*dz(eta),0,1,0,1,0,0,0,0,4
2814,boundary,boundary,wave,w*eta*dlogN2,0,1,0,1,0,0,0,0,4
5234,wave,wave,wave,u*dx(u),7.79190253158648e-07,23,-1,24,1,3.57462642322746e-15,2.27129426377815e-11,1056,0
5234,wave,wave,wave,v*dy(u),7.79190253164255e-07,23,-1,24,1,3.52021663949218e-15,2.27129426377815e-11,1056,0
5234,wave,wave,wave,w*dz(u),7.7945428190819e-07,23,1,24,1,2.03772960474001e-14,1.71290867991455e-06,1056,0
5234,wave,wave,wave,u*dx(v),7.80841762361086e-07,23,1,24,1,3.52533665383541e-15,2.27129426377815e-11,1056,0
5234,wave,wave,wave,v*dy(v),7.80841762373007e-07,23,1,24,1,3.53731601216167e-15,2.27129426377815e-11,1056,0
5234,wave,wave,wave,w*dz(v),7.81106618571648e-07,23,1,24,1,2.05745753989679e-14,1.73815240939302e-06,1056,0
5234,wave,wave,wave,u*dx(w),3.11798600299974e-09,24,1,24,1,9.99200722162641e-16,2.29780638960619e-11,1056,0
5234,wave,wave,wave,v*dy(w),3.11798600287443e-09,24,1,24,1,1.11022302462516e-15,2.29780638960619e-11,1056,0
5234,wave,wave,wave,w*dz(w),3.11798044775589e-09,24,1,24,1,9.99200722162641e-16,2.27986518552825e-11,1056,0
5234,wave,wave,wave,u*dx(eta),2.08159164440938e-07,24,1,24,1,2.02582554399606e-15,2.27775576178146e-11,1056,0
5234,wave,wave,wave,v*dy(eta),2.08159164436162e-07,24,1,24,1,1.7727433600263e-15,2.27773355732097e-11,1056,0
5234,wave,wave,wave,w*dz(eta),2.08158956372632e-07,24,1,24,1,1.8084348713286e-15,2.28124186207879e-11,1056,0
5234,wave,wave,wave,w*eta*dlogN2,1.25806871042038e-07,23,1,24,1,1.5362501354736e-15,2.27700081012472e-11,1056,0
5234,wave,apv,wave,u*dx(u),5.83273582001034e-11,24,1,5,0,2.17526551096612e-15,2.27311502953853e-11,288,0
5234,wave,apv,wave,v*dy(u),5.8327379505372e-11,24,1,5,0,2.21801873414903e-15,2.27309282507804e-11,288,0
5234,wave,apv,wave,w*dz(u),6.10134246703699e-11,24,1,5,0,2.182245943817e-15,2.27393659457675e-11,288,0
5234,wave,apv,wave,u*dx(v),5.84149207136476e-11,24,1,5,0,2.16554870285016e-15,2.27311502953853e-11,288,0
5234,wave,apv,wave,v*dy(v),5.84149289112231e-11,24,1,5,0,2.22090102778932e-15,2.27309282507804e-11,288,0
5234,wave,apv,wave,w*dz(v),6.11045081017156e-11,24,1,5,0,2.24564842360188e-15,2.27393659457675e-11,288,0
5234,wave,apv,wave,u*dx(w),0,1,1,-1,0,0,0,0,288
5234,wave,apv,wave,v*dy(w),0,1,1,-1,0,0,0,0,288
5234,wave,apv,wave,w*dz(w),0,1,1,-1,0,0,0,0,288
5234,wave,apv,wave,u*dx(eta),9.15637406935366e-12,24,1,5,0,1.77413161878294e-15,2.27724505919014e-11,288,0
5234,wave,apv,wave,v*dy(eta),9.15636988428299e-12,24,1,5,0,1.19938726724329e-15,2.27722285472964e-11,288,0
5234,wave,apv,wave,w*dz(eta),8.93011549275052e-12,24,1,5,0,1.45576587287783e-15,1.82522108538308e-10,288,0
5234,wave,apv,wave,w*eta*dlogN2,2.14165542251878e-11,24,1,5,0,1.35825048455095e-15,2.99650364689416e-11,288,0
5234,apv,wave,wave,u*dx(u),5.8321532530893e-11,5,0,24,1,2.12365186852078e-15,1.48493439766639e-11,288,0
5234,apv,wave,wave,v*dy(u),5.83215377351532e-11,5,0,24,1,2.22217204261575e-15,1.48493439766639e-11,288,0
5234,apv,wave,wave,w*dz(u),0,-1,0,1,1,0,0,0,288
5234,apv,wave,wave,u*dx(v),5.84091160709552e-11,5,0,24,1,2.25732172854601e-15,1.48493439766639e-11,288,0
5234,apv,wave,wave,v*dy(v),5.84090472316802e-11,5,0,24,1,2.25779726462541e-15,1.48493439766639e-11,288,0
5234,apv,wave,wave,w*dz(v),0,-1,0,1,1,0,0,0,288
5234,apv,wave,wave,u*dx(w),1.55963916782223e-13,5,0,24,1,6.66133814775094e-16,1.9374835069641e-11,288,0
5234,apv,wave,wave,v*dy(w),1.55963275202305e-13,5,0,24,1,6.66133814775094e-16,1.9374835069641e-11,288,0
5234,apv,wave,wave,w*dz(w),0,-1,0,1,1,0,0,0,288
5234,apv,wave,wave,u*dx(eta),8.92786801245523e-12,5,0,24,1,1.12352299174668e-15,1.27104993197236e-11,288,0
5234,apv,wave,wave,v*dy(eta),8.92787086776549e-12,5,0,24,1,2.57636465828796e-15,1.27103882974211e-11,288,0
5234,apv,wave,wave,w*dz(eta),0,-1,0,1,1,0,0,0,288
5234,apv,wave,wave,w*eta*dlogN2,0,-1,0,1,1,0,0,0,288
5234,wave,boundary,wave,u*dx(u),3.2809631377641e-13,24,1,2,0,2.14013660487579e-15,2.25284235710888e-11,96,0
5234,wave,boundary,wave,v*dy(u),3.29593720606361e-13,24,1,2,0,1.94535915707548e-15,2.25284235710888e-11,96,0
5234,wave,boundary,wave,w*dz(u),3.35516871222327e-13,24,1,1,0,1.88021835834711e-15,2.27253771356573e-11,96,0
5234,wave,boundary,wave,u*dx(v),3.29689506101141e-13,24,1,2,0,2.02170148882908e-15,2.25284235710888e-11,96,0
5234,wave,boundary,wave,v*dy(v),3.28570403580781e-13,24,1,2,0,2.17102285205687e-15,2.25284235710888e-11,96,0
5234,wave,boundary,wave,w*dz(v),3.36023079939014e-13,24,1,1,0,1.88020256316909e-15,2.27253771356573e-11,96,0
5234,wave,boundary,wave,u*dx(w),0,1,1,1,0,0,0,0,96
5234,wave,boundary,wave,v*dy(w),0,1,1,1,0,0,0,0,96
5234,wave,boundary,wave,w*dz(w),0,1,1,1,0,0,0,0,96
5234,wave,boundary,wave,u*dx(eta),4.88743344316905e-14,24,1,1,0,1.08455905157575e-15,2.27000640506958e-11,96,0
5234,wave,boundary,wave,v*dy(eta),4.88709323854578e-14,24,1,1,0,1.2287314410491e-15,2.26998420060909e-11,96,0
5234,wave,boundary,wave,w*dz(eta),4.85263101104647e-14,24,1,2,0,1.41164349782692e-15,2.2726043269472e-11,96,0
5234,wave,boundary,wave,w*eta*dlogN2,5.02412049443234e-14,24,1,1,0,1.54973681445883e-15,2.27242669126326e-11,96,0
5234,boundary,wave,wave,u*dx(u),1.51723432023568e-14,1,0,1,1,1.50241456477655e-15,1.61625157701906e-11,96,0
5234,boundary,wave,wave,v*dy(u),1.51632829401441e-14,1,0,1,1,1.59038415656796e-15,1.61630708817029e-11,96,0
5234,boundary,wave,wave,w*dz(u),0,1,0,1,1,0,0,0,96
5234,boundary,wave,wave,u*dx(v),1.55014408770837e-14,1,0,1,1,1.56799346697543e-15,1.61625157701906e-11,96,0
5234,boundary,wave,wave,v*dy(v),1.55576270857791e-14,1,0,1,1,1.64935545789639e-15,1.61630708817029e-11,96,0
5234,boundary,wave,wave,w*dz(v),0,1,0,1,1,0,0,0,96
5234,boundary,wave,wave,u*dx(w),7.11756580986819e-17,1,0,1,1,6.66133814775094e-16,2.03067562765114e-11,96,0
5234,boundary,wave,wave,v*dy(w),7.91880226077403e-17,1,0,1,1,4.44089209850063e-16,2.03066452542089e-11,96,0
5234,boundary,wave,wave,w*dz(w),0,1,0,1,1,0,0,0,96
5234,boundary,wave,wave,u*dx(eta),2.01429802179671e-15,2,0,22,1,1.28816420734345e-15,3.13227410644275e-11,96,0
5234,boundary,wave,wave,v*dy(eta),1.98577566380543e-15,2,0,22,1,8.49607638042175e-16,3.13226107721979e-11,96,0
5234,boundary,wave,wave,w*dz(eta),0,1,0,1,1,0,0,0,96
5234,boundary,wave,wave,w*eta*dlogN2,0,1,0,1,1,0,0,0,96
5234,apv,boundary,wave,u*dx(u),4.43957871558351e-15,4,0,1,0,1.65351062360057e-15,8.29484638031433e-12,12,0
5234,apv,boundary,wave,v*dy(u),4.4956556653724e-15,4,0,1,0,1.50233748916603e-15,8.29410686830641e-12,12,0
5234,apv,boundary,wave,w*dz(u),0,-1,0,1,0,0,0,0,12
5234,apv,boundary,wave,u*dx(v),4.59805323648744e-15,4,0,1,0,1.68092021055492e-15,9.28791309704362e-12,12,0
5234,apv,boundary,wave,v*dy(v),4.55818655789577e-15,4,0,1,0,1.63346750601002e-15,9.28837799683003e-12,12,0
5234,apv,boundary,wave,w*dz(v),0,-1,0,1,0,0,0,0,12
5234,apv,boundary,wave,u*dx(w),0,-1,0,1,0,0,0,0,12
5234,apv,boundary,wave,v*dy(w),0,-1,0,1,0,0,0,0,12
5234,apv,boundary,wave,w*dz(w),0,-1,0,1,0,0,0,0,12
5234,apv,boundary,wave,u*dx(eta),1.80045058870749e-15,-1,0,2,0,1.69087821370613e-15,1.08037084674091e-11,12,0
5234,apv,boundary,wave,v*dy(eta),2.08724378297148e-15,-1,0,2,0,1.47214738151768e-15,1.08028771969807e-11,12,0
5234,apv,boundary,wave,w*dz(eta),0,-1,0,1,0,0,0,0,12
5234,apv,boundary,wave,w*eta*dlogN2,0,-1,0,1,0,0,0,0,12
5234,boundary,apv,wave,u*dx(u),3.78601521789502e-15,1,0,5,0,1.20710695898486e-15,2.10367279152024e-11,12,0
5234,boundary,apv,wave,v*dy(u),3.80114739490037e-15,1,0,5,0,1.21007735065676e-15,2.10371720044122e-11,12,0
5234,boundary,apv,wave,w*dz(u),0,1,0,-1,0,0,0,0,12
5234,boundary,apv,wave,u*dx(v),4.04902931258318e-15,1,0,5,0,1.25116890793277e-15,2.10367279152024e-11,12,0
5234,boundary,apv,wave,v*dy(v),4.08916251666017e-15,1,0,5,0,1.34560183487449e-15,2.10371720044122e-11,12,0
5234,boundary,apv,wave,w*dz(v),0,1,0,-1,0,0,0,0,12
5234,boundary,apv,wave,u*dx(w),0,1,0,-1,0,0,0,0,12
5234,boundary,apv,wave,v*dy(w),0,1,0,-1,0,0,0,0,12
5234,boundary,apv,wave,w*dz(w),0,1,0,-1,0,0,0,0,12
5234,boundary,apv,wave,u*dx(eta),9.1365187884588e-16,2,0,5,0,7.99514817725627e-16,2.43918243370584e-11,12,0
5234,boundary,apv,wave,v*dy(eta),9.80787804307336e-16,2,0,5,0,8.59135884265105e-16,2.4391445101389e-11,12,0
5234,boundary,apv,wave,w*dz(eta),0,1,0,-1,0,0,0,0,12
5234,boundary,apv,wave,w*eta*dlogN2,0,1,0,-1,0,0,0,0,12
5234,boundary,boundary,wave,u*dx(u),3.4329555396983e-15,1,0,1,0,1.41411062118985e-15,4.26515311724323e-12,4,0
5234,boundary,boundary,wave,v*dy(u),3.35070720673398e-15,1,0,1,0,9.02882244957634e-16,4.26516803539259e-12,4,0
5234,boundary,boundary,wave,w*dz(u),0,1,0,1,0,0,0,0,4
5234,boundary,boundary,wave,u*dx(v),3.51628145548999e-15,1,0,1,0,9.82618442411003e-16,4.86773899283496e-12,4,0
5234,boundary,boundary,wave,v*dy(v),3.42120226495858e-15,1,0,1,0,9.98850489486344e-16,4.86781013970437e-12,4,0
5234,boundary,boundary,wave,w*dz(v),0,1,0,1,0,0,0,0,4
5234,boundary,boundary,wave,u*dx(w),0,1,0,1,0,0,0,0,4
5234,boundary,boundary,wave,v*dy(w),0,1,0,1,0,0,0,0,4
5234,boundary,boundary,wave,w*dz(w),0,1,0,1,0,0,0,0,4
5234,boundary,boundary,wave,u*dx(eta),1.16158237004648e-15,2,0,1,0,1.19455469990618e-15,3.37782757752414e-11,4,0
5234,boundary,boundary,wave,v*dy(eta),9.12607346854257e-16,2,0,1,0,9.08545785077654e-16,3.37783153288206e-11,4,0
5234,boundary,boundary,wave,w*dz(eta),0,1,0,1,0,0,0,0,4
5234,boundary,boundary,wave,w*eta*dlogN2,0,1,0,1,0,0,0,0,4
