interaction,inputA,inputB,output,channel,error,modeA,signA,modeB,signB,referenceStability,eigenProductStability,productCount,zeroProductCount
192,wave,wave,wave,u*dx(u),5.00453417479704e-11,16,1,15,1,4.52517090460945e-15,5.01068075919875e-11,640,0
192,wave,wave,wave,v*dy(u),0,1,1,1,1,0,0,0,640
192,wave,wave,wave,w*dz(u),1.37001718464269e-06,16,1,1,1,3.49453799231014e-12,3.37186659005794e-06,640,0
192,wave,wave,wave,u*dx(v),4.95868346063507e-11,15,1,16,1,3.90229882900523e-15,3.75863784540797e-11,640,0
192,wave,wave,wave,v*dy(v),0,1,1,1,1,0,0,0,640
192,wave,wave,wave,w*dz(v),1.34891326543818e-06,16,1,1,1,3.49442697000768e-12,3.112399428478e-06,640,0
192,wave,wave,wave,u*dx(w),1.64331431358372e-13,15,1,15,1,1.33226762955019e-15,4.98394658876578e-11,640,0
192,wave,wave,wave,v*dy(w),0,1,1,1,1,0,0,0,640
192,wave,wave,wave,w*dz(w),1.64331031829125e-13,15,1,15,1,1.33226762955019e-15,4.98394658876578e-11,640,0
192,wave,wave,wave,u*dx(eta),3.87378316705916e-12,16,1,16,1,3.14327786019857e-15,3.74182906881515e-11,640,0
192,wave,wave,wave,v*dy(eta),0,1,1,1,1,0,0,0,640
192,wave,wave,wave,w*dz(eta),3.87378429687366e-12,16,1,16,1,2.81111670347872e-15,3.74180686435466e-11,640,0
192,wave,wave,wave,w*eta*dlogN2,3.57670605116295e-11,16,1,14,1,1.65974041641965e-15,3.82365250573002e-11,640,0
192,wave,apv,wave,u*dx(u),0,1,1,-1,0,0,0,0,128
192,wave,apv,wave,v*dy(u),0,1,1,-1,0,0,0,0,128
192,wave,apv,wave,w*dz(u),0,1,1,-1,0,0,0,0,128
192,wave,apv,wave,u*dx(v),5.68099575476853e-12,16,1,1,0,3.93086532773031e-15,6.09460577538421e-10,128,0
192,wave,apv,wave,v*dy(v),0,1,1,-1,0,0,0,0,128
192,wave,apv,wave,w*dz(v),1.36610601568523e-12,16,1,2,0,4.19993789031533e-15,7.68129448935895e-10,128,0
192,wave,apv,wave,u*dx(w),0,1,1,-1,0,0,0,0,128
192,wave,apv,wave,v*dy(w),0,1,1,-1,0,0,0,0,128
192,wave,apv,wave,w*dz(w),0,1,1,-1,0,0,0,0,128
192,wave,apv,wave,u*dx(eta),1.30367623170853e-13,16,1,2,0,1.99840144432528e-15,8.42768632658419e-10,128,0
192,wave,apv,wave,v*dy(eta),0,1,1,-1,0,0,0,0,128
192,wave,apv,wave,w*dz(eta),7.37213583884847e-11,16,1,-1,0,1.66533453693773e-15,1.34006739038739e-09,128,0
192,wave,apv,wave,w*eta*dlogN2,8.82545706652017e-12,15,1,1,0,8.88178419700125e-16,7.80520204024526e-10,128,0
192,apv,wave,wave,u*dx(u),0,-1,0,1,1,0,0,0,128
192,apv,wave,wave,v*dy(u),0,-1,0,1,1,0,0,0,128
192,apv,wave,wave,w*dz(u),0,-1,0,1,1,0,0,0,128
192,apv,wave,wave,u*dx(v),0,-1,0,1,1,0,0,0,128
192,apv,wave,wave,v*dy(v),0,-1,0,1,1,0,0,0,128
192,apv,wave,wave,w*dz(v),0,-1,0,1,1,0,0,0,128
192,apv,wave,wave,u*dx(w),0,-1,0,1,1,0,0,0,128
192,apv,wave,wave,v*dy(w),0,-1,0,1,1,0,0,0,128
192,apv,wave,wave,w*dz(w),0,-1,0,1,1,0,0,0,128
192,apv,wave,wave,u*dx(eta),0,-1,0,1,1,0,0,0,128
192,apv,wave,wave,v*dy(eta),0,-1,0,1,1,0,0,0,128
192,apv,wave,wave,w*dz(eta),0,-1,0,1,1,0,0,0,128
192,apv,wave,wave,w*eta*dlogN2,0,-1,0,1,1,0,0,0,128
192,wave,boundary,wave,u*dx(u),0,1,1,1,0,0,0,0,64
192,wave,boundary,wave,v*dy(u),0,1,1,1,0,0,0,0,64
192,wave,boundary,wave,w*dz(u),0,1,1,1,0,0,0,0,64
192,wave,boundary,wave,u*dx(v),5.48449248023402e-12,16,1,2,0,2.83478972043016e-15,3.39305250562916e-10,64,0
192,wave,boundary,wave,v*dy(v),0,1,1,1,0,0,0,0,64
192,wave,boundary,wave,w*dz(v),6.53470905206739e-13,16,1,2,0,3.3745320543542e-15,5.45972489440771e-10,64,0
192,wave,boundary,wave,u*dx(w),0,1,1,1,0,0,0,0,64
192,wave,boundary,wave,v*dy(w),0,1,1,1,0,0,0,0,64
192,wave,boundary,wave,w*dz(w),0,1,1,1,0,0,0,0,64
192,wave,boundary,wave,u*dx(eta),8.78525755253667e-14,15,1,2,0,1.38961748163213e-15,5.58737056621794e-10,64,0
192,wave,boundary,wave,v*dy(eta),0,1,1,1,0,0,0,0,64
192,wave,boundary,wave,w*dz(eta),2.23250656133134e-11,16,1,2,0,1.16661087138673e-15,3.02812885877302e-10,64,0
192,wave,boundary,wave,w*eta*dlogN2,9.46531394153753e-12,15,1,2,0,1.13118000046373e-15,5.42750622223309e-10,64,0
192,boundary,wave,wave,u*dx(u),0,1,0,1,1,0,0,0,64
192,boundary,wave,wave,v*dy(u),0,1,0,1,1,0,0,0,64
192,boundary,wave,wave,w*dz(u),0,1,0,1,1,0,0,0,64
192,boundary,wave,wave,u*dx(v),0,1,0,1,1,0,0,0,64
192,boundary,wave,wave,v*dy(v),0,1,0,1,1,0,0,0,64
192,boundary,wave,wave,w*dz(v),0,1,0,1,1,0,0,0,64
192,boundary,wave,wave,u*dx(w),0,1,0,1,1,0,0,0,64
192,boundary,wave,wave,v*dy(w),0,1,0,1,1,0,0,0,64
192,boundary,wave,wave,w*dz(w),0,1,0,1,1,0,0,0,64
192,boundary,wave,wave,u*dx(eta),0,1,0,1,1,0,0,0,64
192,boundary,wave,wave,v*dy(eta),0,1,0,1,1,0,0,0,64
192,boundary,wave,wave,w*dz(eta),0,1,0,1,1,0,0,0,64
192,boundary,wave,wave,w*eta*dlogN2,0,1,0,1,1,0,0,0,64
192,apv,boundary,wave,u*dx(u),0,-1,0,1,0,0,0,0,8
192,apv,boundary,wave,v*dy(u),0,-1,0,1,0,0,0,0,8
192,apv,boundary,wave,w*dz(u),0,-1,0,1,0,0,0,0,8
192,apv,boundary,wave,u*dx(v),0,-1,0,1,0,0,0,0,8
192,apv,boundary,wave,v*dy(v),0,-1,0,1,0,0,0,0,8
192,apv,boundary,wave,w*dz(v),0,-1,0,1,0,0,0,0,8
192,apv,boundary,wave,u*dx(w),0,-1,0,1,0,0,0,0,8
192,apv,boundary,wave,v*dy(w),0,-1,0,1,0,0,0,0,8
192,apv,boundary,wave,w*dz(w),0,-1,0,1,0,0,0,0,8
192,apv,boundary,wave,u*dx(eta),0,-1,0,1,0,0,0,0,8
192,apv,boundary,wave,v*dy(eta),0,-1,0,1,0,0,0,0,8
192,apv,boundary,wave,w*dz(eta),0,-1,0,1,0,0,0,0,8
192,apv,boundary,wave,w*eta*dlogN2,0,-1,0,1,0,0,0,0,8
192,boundary,apv,wave,u*dx(u),0,1,0,-1,0,0,0,0,8
192,boundary,apv,wave,v*dy(u),0,1,0,-1,0,0,0,0,8
192,boundary,apv,wave,w*dz(u),0,1,0,-1,0,0,0,0,8
192,boundary,apv,wave,u*dx(v),0,1,0,-1,0,0,0,0,8
192,boundary,apv,wave,v*dy(v),0,1,0,-1,0,0,0,0,8
192,boundary,apv,wave,w*dz(v),0,1,0,-1,0,0,0,0,8
192,boundary,apv,wave,u*dx(w),0,1,0,-1,0,0,0,0,8
192,boundary,apv,wave,v*dy(w),0,1,0,-1,0,0,0,0,8
192,boundary,apv,wave,w*dz(w),0,1,0,-1,0,0,0,0,8
192,boundary,apv,wave,u*dx(eta),0,1,0,-1,0,0,0,0,8
192,boundary,apv,wave,v*dy(eta),0,1,0,-1,0,0,0,0,8
192,boundary,apv,wave,w*dz(eta),0,1,0,-1,0,0,0,0,8
192,boundary,apv,wave,w*eta*dlogN2,0,1,0,-1,0,0,0,0,8
192,boundary,boundary,wave,u*dx(u),0,1,0,1,0,0,0,0,4
192,boundary,boundary,wave,v*dy(u),0,1,0,1,0,0,0,0,4
192,boundary,boundary,wave,w*dz(u),0,1,0,1,0,0,0,0,4
192,boundary,boundary,wave,u*dx(v),0,1,0,1,0,0,0,0,4
192,boundary,boundary,wave,v*dy(v),0,1,0,1,0,0,0,0,4
192,boundary,boundary,wave,w*dz(v),0,1,0,1,0,0,0,0,4
192,boundary,boundary,wave,u*dx(w),0,1,0,1,0,0,0,0,4
192,boundary,boundary,wave,v*dy(w),0,1,0,1,0,0,0,0,4
192,boundary,boundary,wave,w*dz(w),0,1,0,1,0,0,0,0,4
192,boundary,boundary,wave,u*dx(eta),0,1,0,1,0,0,0,0,4
192,boundary,boundary,wave,v*dy(eta),0,1,0,1,0,0,0,0,4
192,boundary,boundary,wave,w*dz(eta),0,1,0,1,0,0,0,0,4
192,boundary,boundary,wave,w*eta*dlogN2,0,1,0,1,0,0,0,0,4
201,wave,wave,inertial,u*dx(u),7.86199934980641e-12,14,1,16,1,2.07934317441662e-15,5.01068075919875e-11,640,0
201,wave,wave,inertial,v*dy(u),0,1,1,1,1,0,0,0,640
201,wave,wave,inertial,w*dz(u),2.6696239632955e-07,16,1,1,1,3.49453799231014e-12,1.40978661751378e-06,640,0
201,wave,wave,inertial,u*dx(v),7.86210104239353e-12,16,1,14,1,2.43851164620581e-15,3.75863784540797e-11,640,0
201,wave,wave,inertial,v*dy(v),0,1,1,1,1,0,0,0,640
201,wave,wave,inertial,w*dz(v),2.66962396344505e-07,16,1,1,1,3.49442697000768e-12,1.40978960939424e-06,640,0
201,wave,wave,mda,u*dx(eta),1.45560624055014e-12,16,1,16,1,4.97145398723371e-15,6.18771554814366e-10,640,0
201,wave,wave,mda,v*dy(eta),0,1,1,1,1,0,0,0,640
201,wave,wave,mda,w*dz(eta),1.45562818030489e-12,16,1,16,1,6.8813731593606e-15,6.18771373012099e-10,640,0
201,wave,wave,mda,w*eta*dlogN2,1.66722586155574e-11,16,1,14,1,6.22966537428686e-15,1.59561022015181e-10,640,0
201,wave,apv,inertial,u*dx(u),0,1,1,-1,0,0,0,0,128
201,wave,apv,inertial,v*dy(u),0,1,1,-1,0,0,0,0,128
201,wave,apv,inertial,w*dz(u),0,1,1,-1,0,0,0,0,128
201,wave,apv,inertial,u*dx(v),1.03515460532905e-12,16,1,1,0,1.88737914186277e-15,4.58646169106955e-10,128,0
201,wave,apv,inertial,v*dy(v),0,1,1,-1,0,0,0,0,128
201,wave,apv,inertial,w*dz(v),3.00515894508938e-13,15,1,2,0,1.92540566700948e-15,7.68129448935895e-10,128,0
201,wave,apv,mda,u*dx(eta),1.19340004040841e-13,2,1,1,0,3.29681443035544e-15,7.20183058288011e-10,128,0
201,wave,apv,mda,v*dy(eta),0,1,1,-1,0,0,0,0,128
201,wave,apv,mda,w*dz(eta),2.79184563125671e-10,1,1,-1,0,5.38084574465695e-15,2.72811861933256e-05,128,0
201,wave,apv,mda,w*eta*dlogN2,4.62619896553522e-12,15,1,1,0,4.27959911985883e-15,7.80520093002224e-10,128,0
201,apv,wave,inertial,u*dx(u),0,-1,0,1,1,0,0,0,128
201,apv,wave,inertial,v*dy(u),0,-1,0,1,1,0,0,0,128
201,apv,wave,inertial,w*dz(u),0,-1,0,1,1,0,0,0,128
201,apv,wave,inertial,u*dx(v),0,-1,0,1,1,0,0,0,128
201,apv,wave,inertial,v*dy(v),0,-1,0,1,1,0,0,0,128
201,apv,wave,inertial,w*dz(v),0,-1,0,1,1,0,0,0,128
201,apv,wave,mda,u*dx(eta),0,-1,0,1,1,0,0,0,128
201,apv,wave,mda,v*dy(eta),0,-1,0,1,1,0,0,0,128
201,apv,wave,mda,w*dz(eta),0,-1,0,1,1,0,0,0,128
201,apv,wave,mda,w*eta*dlogN2,0,-1,0,1,1,0,0,0,128
201,wave,boundary,inertial,u*dx(u),0,1,1,1,0,0,0,0,64
201,wave,boundary,inertial,v*dy(u),0,1,1,1,0,0,0,0,64
201,wave,boundary,inertial,w*dz(u),0,1,1,1,0,0,0,0,64
201,wave,boundary,inertial,u*dx(v),1.01338833041097e-12,16,1,2,0,1.43388696292618e-15,3.39305250562916e-10,64,0
201,wave,boundary,inertial,v*dy(v),0,1,1,1,0,0,0,0,64
201,wave,boundary,inertial,w*dz(v),1.58396972109039e-13,15,1,2,0,1.84324716539588e-15,5.45972489440771e-10,64,0
201,wave,boundary,mda,u*dx(eta),3.70266160439229e-14,16,1,1,0,4.90296125114853e-16,7.26882665169626e-10,64,0
201,wave,boundary,mda,v*dy(eta),0,1,1,1,0,0,0,0,64
201,wave,boundary,mda,w*dz(eta),1.22256658143894e-10,1,1,2,0,2.68909573084501e-15,1.56473675086565e-05,64,0
201,wave,boundary,mda,w*eta*dlogN2,4.79056041938914e-12,15,1,2,0,2.57454209448526e-15,5.42750733245612e-10,64,0
201,boundary,wave,inertial,u*dx(u),0,1,0,1,1,0,0,0,64
201,boundary,wave,inertial,v*dy(u),0,1,0,1,1,0,0,0,64
201,boundary,wave,inertial,w*dz(u),0,1,0,1,1,0,0,0,64
201,boundary,wave,inertial,u*dx(v),0,1,0,1,1,0,0,0,64
201,boundary,wave,inertial,v*dy(v),0,1,0,1,1,0,0,0,64
201,boundary,wave,inertial,w*dz(v),0,1,0,1,1,0,0,0,64
201,boundary,wave,mda,u*dx(eta),0,1,0,1,1,0,0,0,64
201,boundary,wave,mda,v*dy(eta),0,1,0,1,1,0,0,0,64
201,boundary,wave,mda,w*dz(eta),0,1,0,1,1,0,0,0,64
201,boundary,wave,mda,w*eta*dlogN2,0,1,0,1,1,0,0,0,64
201,apv,boundary,inertial,u*dx(u),0,-1,0,1,0,0,0,0,8
201,apv,boundary,inertial,v*dy(u),0,-1,0,1,0,0,0,0,8
201,apv,boundary,inertial,w*dz(u),0,-1,0,1,0,0,0,0,8
201,apv,boundary,inertial,u*dx(v),0,-1,0,1,0,0,0,0,8
201,apv,boundary,inertial,v*dy(v),0,-1,0,1,0,0,0,0,8
201,apv,boundary,inertial,w*dz(v),0,-1,0,1,0,0,0,0,8
201,apv,boundary,mda,u*dx(eta),0,-1,0,1,0,0,0,0,8
201,apv,boundary,mda,v*dy(eta),0,-1,0,1,0,0,0,0,8
201,apv,boundary,mda,w*dz(eta),0,-1,0,1,0,0,0,0,8
201,apv,boundary,mda,w*eta*dlogN2,0,-1,0,1,0,0,0,0,8
201,boundary,apv,inertial,u*dx(u),0,1,0,-1,0,0,0,0,8
201,boundary,apv,inertial,v*dy(u),0,1,0,-1,0,0,0,0,8
201,boundary,apv,inertial,w*dz(u),0,1,0,-1,0,0,0,0,8
201,boundary,apv,inertial,u*dx(v),0,1,0,-1,0,0,0,0,8
201,boundary,apv,inertial,v*dy(v),0,1,0,-1,0,0,0,0,8
201,boundary,apv,inertial,w*dz(v),0,1,0,-1,0,0,0,0,8
201,boundary,apv,mda,u*dx(eta),0,1,0,-1,0,0,0,0,8
201,boundary,apv,mda,v*dy(eta),0,1,0,-1,0,0,0,0,8
201,boundary,apv,mda,w*dz(eta),0,1,0,-1,0,0,0,0,8
201,boundary,apv,mda,w*eta*dlogN2,0,1,0,-1,0,0,0,0,8
201,boundary,boundary,inertial,u*dx(u),0,1,0,1,0,0,0,0,4
201,boundary,boundary,inertial,v*dy(u),0,1,0,1,0,0,0,0,4
201,boundary,boundary,inertial,w*dz(u),0,1,0,1,0,0,0,0,4
201,boundary,boundary,inertial,u*dx(v),0,1,0,1,0,0,0,0,4
201,boundary,boundary,inertial,v*dy(v),0,1,0,1,0,0,0,0,4
201,boundary,boundary,inertial,w*dz(v),0,1,0,1,0,0,0,0,4
201,boundary,boundary,mda,u*dx(eta),0,1,0,1,0,0,0,0,4
201,boundary,boundary,mda,v*dy(eta),0,1,0,1,0,0,0,0,4
201,boundary,boundary,mda,w*dz(eta),0,1,0,1,0,0,0,0,4
201,boundary,boundary,mda,w*eta*dlogN2,0,1,0,1,0,0,0,0,4
378,wave,wave,inertial,u*dx(u),7.86199934980641e-12,14,1,16,1,2.07934317441662e-15,5.01068075919875e-11,640,0
378,wave,wave,inertial,v*dy(u),0,1,1,1,1,0,0,0,640
378,wave,wave,inertial,w*dz(u),2.6696239632955e-07,16,1,1,1,3.49453799231014e-12,1.40978661751378e-06,640,0
378,wave,wave,inertial,u*dx(v),7.86210104239353e-12,16,1,14,1,2.43851164620581e-15,3.75863784540797e-11,640,0
378,wave,wave,inertial,v*dy(v),0,1,1,1,1,0,0,0,640
378,wave,wave,inertial,w*dz(v),2.66962396344505e-07,16,1,1,1,3.49442697000768e-12,1.40978960939424e-06,640,0
378,wave,wave,mda,u*dx(eta),1.45560624055014e-12,16,1,16,1,4.97145398723371e-15,6.18771554814366e-10,640,0
378,wave,wave,mda,v*dy(eta),0,1,1,1,1,0,0,0,640
378,wave,wave,mda,w*dz(eta),1.45562818030489e-12,16,1,16,1,6.8813731593606e-15,6.18771373012099e-10,640,0
378,wave,wave,mda,w*eta*dlogN2,1.66722586155574e-11,16,1,14,1,6.22966537428686e-15,1.59561022015181e-10,640,0
378,wave,apv,inertial,u*dx(u),0,1,1,-1,0,0,0,0,128
378,wave,apv,inertial,v*dy(u),0,1,1,-1,0,0,0,0,128
378,wave,apv,inertial,w*dz(u),0,1,1,-1,0,0,0,0,128
378,wave,apv,inertial,u*dx(v),1.03515460532905e-12,16,1,1,0,1.88737914186277e-15,4.58646169106955e-10,128,0
378,wave,apv,inertial,v*dy(v),0,1,1,-1,0,0,0,0,128
378,wave,apv,inertial,w*dz(v),3.00515894508938e-13,15,1,2,0,1.92540566700948e-15,7.68129448935895e-10,128,0
378,wave,apv,mda,u*dx(eta),1.19340004040841e-13,2,1,1,0,3.29681443035544e-15,7.20183058288011e-10,128,0
378,wave,apv,mda,v*dy(eta),0,1,1,-1,0,0,0,0,128
378,wave,apv,mda,w*dz(eta),2.79184563125671e-10,1,1,-1,0,5.38084574465695e-15,2.72811861933256e-05,128,0
378,wave,apv,mda,w*eta*dlogN2,4.62619896553522e-12,15,1,1,0,4.27959911985883e-15,7.80520093002224e-10,128,0
378,apv,wave,inertial,u*dx(u),0,-1,0,1,1,0,0,0,128
378,apv,wave,inertial,v*dy(u),0,-1,0,1,1,0,0,0,128
378,apv,wave,inertial,w*dz(u),0,-1,0,1,1,0,0,0,128
378,apv,wave,inertial,u*dx(v),0,-1,0,1,1,0,0,0,128
378,apv,wave,inertial,v*dy(v),0,-1,0,1,1,0,0,0,128
378,apv,wave,inertial,w*dz(v),0,-1,0,1,1,0,0,0,128
378,apv,wave,mda,u*dx(eta),0,-1,0,1,1,0,0,0,128
378,apv,wave,mda,v*dy(eta),0,-1,0,1,1,0,0,0,128
378,apv,wave,mda,w*dz(eta),0,-1,0,1,1,0,0,0,128
378,apv,wave,mda,w*eta*dlogN2,0,-1,0,1,1,0,0,0,128
378,wave,boundary,inertial,u*dx(u),0,1,1,1,0,0,0,0,64
378,wave,boundary,inertial,v*dy(u),0,1,1,1,0,0,0,0,64
378,wave,boundary,inertial,w*dz(u),0,1,1,1,0,0,0,0,64
378,wave,boundary,inertial,u*dx(v),1.01338833041097e-12,16,1,2,0,1.43388696292618e-15,3.39305250562916e-10,64,0
378,wave,boundary,inertial,v*dy(v),0,1,1,1,0,0,0,0,64
378,wave,boundary,inertial,w*dz(v),1.58396972109039e-13,15,1,2,0,1.84324716539588e-15,5.45972489440771e-10,64,0
378,wave,boundary,mda,u*dx(eta),3.70266160439229e-14,16,1,1,0,4.90296125114853e-16,7.26882665169626e-10,64,0
378,wave,boundary,mda,v*dy(eta),0,1,1,1,0,0,0,0,64
378,wave,boundary,mda,w*dz(eta),1.22256658143894e-10,1,1,2,0,2.68909573084501e-15,1.56473675086565e-05,64,0
378,wave,boundary,mda,w*eta*dlogN2,4.79056041938914e-12,15,1,2,0,2.57454209448526e-15,5.42750733245612e-10,64,0
378,boundary,wave,inertial,u*dx(u),0,1,0,1,1,0,0,0,64
378,boundary,wave,inertial,v*dy(u),0,1,0,1,1,0,0,0,64
378,boundary,wave,inertial,w*dz(u),0,1,0,1,1,0,0,0,64
378,boundary,wave,inertial,u*dx(v),0,1,0,1,1,0,0,0,64
378,boundary,wave,inertial,v*dy(v),0,1,0,1,1,0,0,0,64
378,boundary,wave,inertial,w*dz(v),0,1,0,1,1,0,0,0,64
378,boundary,wave,mda,u*dx(eta),0,1,0,1,1,0,0,0,64
378,boundary,wave,mda,v*dy(eta),0,1,0,1,1,0,0,0,64
378,boundary,wave,mda,w*dz(eta),0,1,0,1,1,0,0,0,64
378,boundary,wave,mda,w*eta*dlogN2,0,1,0,1,1,0,0,0,64
378,apv,boundary,inertial,u*dx(u),0,-1,0,1,0,0,0,0,8
378,apv,boundary,inertial,v*dy(u),0,-1,0,1,0,0,0,0,8
378,apv,boundary,inertial,w*dz(u),0,-1,0,1,0,0,0,0,8
378,apv,boundary,inertial,u*dx(v),0,-1,0,1,0,0,0,0,8
378,apv,boundary,inertial,v*dy(v),0,-1,0,1,0,0,0,0,8
378,apv,boundary,inertial,w*dz(v),0,-1,0,1,0,0,0,0,8
378,apv,boundary,mda,u*dx(eta),0,-1,0,1,0,0,0,0,8
378,apv,boundary,mda,v*dy(eta),0,-1,0,1,0,0,0,0,8
378,apv,boundary,mda,w*dz(eta),0,-1,0,1,0,0,0,0,8
378,apv,boundary,mda,w*eta*dlogN2,0,-1,0,1,0,0,0,0,8
378,boundary,apv,inertial,u*dx(u),0,1,0,-1,0,0,0,0,8
378,boundary,apv,inertial,v*dy(u),0,1,0,-1,0,0,0,0,8
378,boundary,apv,inertial,w*dz(u),0,1,0,-1,0,0,0,0,8
378,boundary,apv,inertial,u*dx(v),0,1,0,-1,0,0,0,0,8
378,boundary,apv,inertial,v*dy(v),0,1,0,-1,0,0,0,0,8
378,boundary,apv,inertial,w*dz(v),0,1,0,-1,0,0,0,0,8
378,boundary,apv,mda,u*dx(eta),0,1,0,-1,0,0,0,0,8
378,boundary,apv,mda,v*dy(eta),0,1,0,-1,0,0,0,0,8
378,boundary,apv,mda,w*dz(eta),0,1,0,-1,0,0,0,0,8
378,boundary,apv,mda,w*eta*dlogN2,0,1,0,-1,0,0,0,0,8
378,boundary,boundary,inertial,u*dx(u),0,1,0,1,0,0,0,0,4
378,boundary,boundary,inertial,v*dy(u),0,1,0,1,0,0,0,0,4
378,boundary,boundary,inertial,w*dz(u),0,1,0,1,0,0,0,0,4
378,boundary,boundary,inertial,u*dx(v),0,1,0,1,0,0,0,0,4
378,boundary,boundary,inertial,v*dy(v),0,1,0,1,0,0,0,0,4
378,boundary,boundary,inertial,w*dz(v),0,1,0,1,0,0,0,0,4
378,boundary,boundary,mda,u*dx(eta),0,1,0,1,0,0,0,0,4
378,boundary,boundary,mda,v*dy(eta),0,1,0,1,0,0,0,0,4
378,boundary,boundary,mda,w*dz(eta),0,1,0,1,0,0,0,0,4
378,boundary,boundary,mda,w*eta*dlogN2,0,1,0,1,0,0,0,0,4
387,wave,wave,wave,u*dx(u),5.00453417479704e-11,16,1,15,1,4.52517090460945e-15,5.01068075919875e-11,640,0
387,wave,wave,wave,v*dy(u),0,1,1,1,1,0,0,0,640
387,wave,wave,wave,w*dz(u),1.37001718464269e-06,16,1,1,1,3.49453799231014e-12,3.37186659005794e-06,640,0
387,wave,wave,wave,u*dx(v),4.95868346063507e-11,15,1,16,1,3.90229882900523e-15,3.75863784540797e-11,640,0
387,wave,wave,wave,v*dy(v),0,1,1,1,1,0,0,0,640
387,wave,wave,wave,w*dz(v),1.34891326543818e-06,16,1,1,1,3.49442697000768e-12,3.112399428478e-06,640,0
387,wave,wave,wave,u*dx(w),1.64331431358372e-13,15,1,15,1,1.33226762955019e-15,4.98394658876578e-11,640,0
387,wave,wave,wave,v*dy(w),0,1,1,1,1,0,0,0,640
387,wave,wave,wave,w*dz(w),1.64331031829125e-13,15,1,15,1,1.33226762955019e-15,4.98394658876578e-11,640,0
387,wave,wave,wave,u*dx(eta),3.87378316705916e-12,16,1,16,1,3.14327786019857e-15,3.74182906881515e-11,640,0
387,wave,wave,wave,v*dy(eta),0,1,1,1,1,0,0,0,640
387,wave,wave,wave,w*dz(eta),3.87378429687366e-12,16,1,16,1,2.81111670347872e-15,3.74180686435466e-11,640,0
387,wave,wave,wave,w*eta*dlogN2,3.57670605116295e-11,16,1,14,1,1.65974041641965e-15,3.82365250573002e-11,640,0
387,wave,apv,wave,u*dx(u),0,1,1,-1,0,0,0,0,128
387,wave,apv,wave,v*dy(u),0,1,1,-1,0,0,0,0,128
387,wave,apv,wave,w*dz(u),0,1,1,-1,0,0,0,0,128
387,wave,apv,wave,u*dx(v),5.68099575476853e-12,16,1,1,0,3.93086532773031e-15,6.09460577538421e-10,128,0
387,wave,apv,wave,v*dy(v),0,1,1,-1,0,0,0,0,128
387,wave,apv,wave,w*dz(v),1.36610601568523e-12,16,1,2,0,4.19993789031533e-15,7.68129448935895e-10,128,0
387,wave,apv,wave,u*dx(w),0,1,1,-1,0,0,0,0,128
387,wave,apv,wave,v*dy(w),0,1,1,-1,0,0,0,0,128
387,wave,apv,wave,w*dz(w),0,1,1,-1,0,0,0,0,128
387,wave,apv,wave,u*dx(eta),1.30367623170853e-13,16,1,2,0,1.99840144432528e-15,8.42768632658419e-10,128,0
387,wave,apv,wave,v*dy(eta),0,1,1,-1,0,0,0,0,128
387,wave,apv,wave,w*dz(eta),7.37213583884847e-11,16,1,-1,0,1.66533453693773e-15,1.34006739038739e-09,128,0
387,wave,apv,wave,w*eta*dlogN2,8.82545706652017e-12,15,1,1,0,8.88178419700125e-16,7.80520204024526e-10,128,0
387,apv,wave,wave,u*dx(u),0,-1,0,1,1,0,0,0,128
387,apv,wave,wave,v*dy(u),0,-1,0,1,1,0,0,0,128
387,apv,wave,wave,w*dz(u),0,-1,0,1,1,0,0,0,128
387,apv,wave,wave,u*dx(v),0,-1,0,1,1,0,0,0,128
387,apv,wave,wave,v*dy(v),0,-1,0,1,1,0,0,0,128
387,apv,wave,wave,w*dz(v),0,-1,0,1,1,0,0,0,128
387,apv,wave,wave,u*dx(w),0,-1,0,1,1,0,0,0,128
387,apv,wave,wave,v*dy(w),0,-1,0,1,1,0,0,0,128
387,apv,wave,wave,w*dz(w),0,-1,0,1,1,0,0,0,128
387,apv,wave,wave,u*dx(eta),0,-1,0,1,1,0,0,0,128
387,apv,wave,wave,v*dy(eta),0,-1,0,1,1,0,0,0,128
387,apv,wave,wave,w*dz(eta),0,-1,0,1,1,0,0,0,128
387,apv,wave,wave,w*eta*dlogN2,0,-1,0,1,1,0,0,0,128
387,wave,boundary,wave,u*dx(u),0,1,1,1,0,0,0,0,64
387,wave,boundary,wave,v*dy(u),0,1,1,1,0,0,0,0,64
387,wave,boundary,wave,w*dz(u),0,1,1,1,0,0,0,0,64
387,wave,boundary,wave,u*dx(v),5.48449248023402e-12,16,1,2,0,2.83478972043016e-15,3.39305250562916e-10,64,0
387,wave,boundary,wave,v*dy(v),0,1,1,1,0,0,0,0,64
387,wave,boundary,wave,w*dz(v),6.53470905206739e-13,16,1,2,0,3.3745320543542e-15,5.45972489440771e-10,64,0
387,wave,boundary,wave,u*dx(w),0,1,1,1,0,0,0,0,64
387,wave,boundary,wave,v*dy(w),0,1,1,1,0,0,0,0,64
387,wave,boundary,wave,w*dz(w),0,1,1,1,0,0,0,0,64
387,wave,boundary,wave,u*dx(eta),8.78525755253667e-14,15,1,2,0,1.38961748163213e-15,5.58737056621794e-10,64,0
387,wave,boundary,wave,v*dy(eta),0,1,1,1,0,0,0,0,64
387,wave,boundary,wave,w*dz(eta),2.23250656133134e-11,16,1,2,0,1.16661087138673e-15,3.02812885877302e-10,64,0
387,wave,boundary,wave,w*eta*dlogN2,9.46531394153753e-12,15,1,2,0,1.13118000046373e-15,5.42750622223309e-10,64,0
387,boundary,wave,wave,u*dx(u),0,1,0,1,1,0,0,0,64
387,boundary,wave,wave,v*dy(u),0,1,0,1,1,0,0,0,64
387,boundary,wave,wave,w*dz(u),0,1,0,1,1,0,0,0,64
387,boundary,wave,wave,u*dx(v),0,1,0,1,1,0,0,0,64
387,boundary,wave,wave,v*dy(v),0,1,0,1,1,0,0,0,64
387,boundary,wave,wave,w*dz(v),0,1,0,1,1,0,0,0,64
387,boundary,wave,wave,u*dx(w),0,1,0,1,1,0,0,0,64
387,boundary,wave,wave,v*dy(w),0,1,0,1,1,0,0,0,64
387,boundary,wave,wave,w*dz(w),0,1,0,1,1,0,0,0,64
387,boundary,wave,wave,u*dx(eta),0,1,0,1,1,0,0,0,64
387,boundary,wave,wave,v*dy(eta),0,1,0,1,1,0,0,0,64
387,boundary,wave,wave,w*dz(eta),0,1,0,1,1,0,0,0,64
387,boundary,wave,wave,w*eta*dlogN2,0,1,0,1,1,0,0,0,64
387,apv,boundary,wave,u*dx(u),0,-1,0,1,0,0,0,0,8
387,apv,boundary,wave,v*dy(u),0,-1,0,1,0,0,0,0,8
387,apv,boundary,wave,w*dz(u),0,-1,0,1,0,0,0,0,8
387,apv,boundary,wave,u*dx(v),0,-1,0,1,0,0,0,0,8
387,apv,boundary,wave,v*dy(v),0,-1,0,1,0,0,0,0,8
387,apv,boundary,wave,w*dz(v),0,-1,0,1,0,0,0,0,8
387,apv,boundary,wave,u*dx(w),0,-1,0,1,0,0,0,0,8
387,apv,boundary,wave,v*dy(w),0,-1,0,1,0,0,0,0,8
387,apv,boundary,wave,w*dz(w),0,-1,0,1,0,0,0,0,8
387,apv,boundary,wave,u*dx(eta),0,-1,0,1,0,0,0,0,8
387,apv,boundary,wave,v*dy(eta),0,-1,0,1,0,0,0,0,8
387,apv,boundary,wave,w*dz(eta),0,-1,0,1,0,0,0,0,8
387,apv,boundary,wave,w*eta*dlogN2,0,-1,0,1,0,0,0,0,8
387,boundary,apv,wave,u*dx(u),0,1,0,-1,0,0,0,0,8
387,boundary,apv,wave,v*dy(u),0,1,0,-1,0,0,0,0,8
387,boundary,apv,wave,w*dz(u),0,1,0,-1,0,0,0,0,8
387,boundary,apv,wave,u*dx(v),0,1,0,-1,0,0,0,0,8
387,boundary,apv,wave,v*dy(v),0,1,0,-1,0,0,0,0,8
387,boundary,apv,wave,w*dz(v),0,1,0,-1,0,0,0,0,8
387,boundary,apv,wave,u*dx(w),0,1,0,-1,0,0,0,0,8
387,boundary,apv,wave,v*dy(w),0,1,0,-1,0,0,0,0,8
387,boundary,apv,wave,w*dz(w),0,1,0,-1,0,0,0,0,8
387,boundary,apv,wave,u*dx(eta),0,1,0,-1,0,0,0,0,8
387,boundary,apv,wave,v*dy(eta),0,1,0,-1,0,0,0,0,8
387,boundary,apv,wave,w*dz(eta),0,1,0,-1,0,0,0,0,8
387,boundary,apv,wave,w*eta*dlogN2,0,1,0,-1,0,0,0,0,8
387,boundary,boundary,wave,u*dx(u),0,1,0,1,0,0,0,0,4
387,boundary,boundary,wave,v*dy(u),0,1,0,1,0,0,0,0,4
387,boundary,boundary,wave,w*dz(u),0,1,0,1,0,0,0,0,4
387,boundary,boundary,wave,u*dx(v),0,1,0,1,0,0,0,0,4
387,boundary,boundary,wave,v*dy(v),0,1,0,1,0,0,0,0,4
387,boundary,boundary,wave,w*dz(v),0,1,0,1,0,0,0,0,4
387,boundary,boundary,wave,u*dx(w),0,1,0,1,0,0,0,0,4
387,boundary,boundary,wave,v*dy(w),0,1,0,1,0,0,0,0,4
387,boundary,boundary,wave,w*dz(w),0,1,0,1,0,0,0,0,4
387,boundary,boundary,wave,u*dx(eta),0,1,0,1,0,0,0,0,4
387,boundary,boundary,wave,v*dy(eta),0,1,0,1,0,0,0,0,4
387,boundary,boundary,wave,w*dz(eta),0,1,0,1,0,0,0,0,4
387,boundary,boundary,wave,w*eta*dlogN2,0,1,0,1,0,0,0,0,4
167,wave,wave,wave,u*dx(u),4.93371927583879e-11,16,-1,15,-1,3.25392792176016e-15,9.22515397405732e-11,640,0
167,wave,wave,wave,v*dy(u),4.93371546136913e-11,15,1,16,1,3.88710415032431e-15,9.22575349449062e-11,640,0
167,wave,wave,wave,w*dz(u),5.92885020437366e-07,16,1,1,1,7.72493180534184e-13,1.74735067474505e-06,640,0
167,wave,wave,wave,u*dx(v),4.96842957213302e-11,15,1,16,1,4.19005037723448e-15,9.2257979034116e-11,640,0
167,wave,wave,wave,v*dy(v),4.9684265351122e-11,15,1,16,1,3.50959857745096e-15,9.22635301492392e-11,640,0
167,wave,wave,wave,w*dz(v),5.98864703992325e-07,16,1,1,1,7.72382158231721e-13,1.81646699967843e-06,640,0
167,wave,wave,wave,u*dx(w),2.82225127974427e-13,15,1,15,1,1.33226762955019e-15,9.22835141636824e-11,640,0
167,wave,wave,wave,v*dy(w),2.82224523876136e-13,15,1,15,1,1.11022302462516e-15,9.22886211895957e-11,640,0
167,wave,wave,wave,w*dz(w),2.82222848464668e-13,15,1,15,1,9.99200722162641e-16,9.22910636802499e-11,640,0
167,wave,wave,wave,u*dx(eta),6.27352400674937e-12,16,1,16,1,2.96162971722586e-15,6.9194427965158e-11,640,0
167,wave,wave,wave,v*dy(eta),6.27352543324071e-12,16,1,16,1,2.46154688365538e-15,6.92004231694909e-11,640,0
167,wave,wave,wave,w*dz(eta),6.27354252331607e-12,16,1,16,1,3.09152588725352e-15,6.92024215709353e-11,640,0
167,wave,wave,wave,w*eta*dlogN2,5.65047857164466e-11,16,1,14,1,1.52097112091407e-15,6.91282586728903e-11,640,0
167,wave,apv,wave,u*dx(u),5.653555692406e-12,16,-1,1,0,3.72255393968298e-15,5.98464688418509e-10,128,0
167,wave,apv,wave,v*dy(u),5.65361874186146e-12,16,1,1,0,3.74264631768284e-15,5.98464953626794e-10,128,0
167,wave,apv,wave,w*dz(u),1.35921526264778e-12,16,1,2,0,4.11288154487784e-15,7.68219821090099e-10,128,0
167,wave,apv,wave,u*dx(v),5.70270814687049e-12,16,1,1,0,4.376033907967e-15,6.13636645713292e-10,128,0
167,wave,apv,wave,v*dy(v),5.70228658850296e-12,16,1,1,0,4.08555962597701e-15,6.13636451630785e-10,128,0
167,wave,apv,wave,w*dz(v),1.36618905464797e-12,16,1,2,0,4.10380631577982e-15,7.68219599045494e-10,128,0
167,wave,apv,wave,u*dx(w),0,1,1,-1,0,0,0,0,128
167,wave,apv,wave,v*dy(w),0,1,1,-1,0,0,0,0,128
167,wave,apv,wave,w*dz(w),0,1,1,-1,0,0,0,0,128
167,wave,apv,wave,u*dx(eta),2.15881201570636e-13,16,1,2,0,2.39329756014316e-15,8.42815373047756e-10,128,0
167,wave,apv,wave,v*dy(eta),2.15872658725076e-13,16,1,2,0,1.8339327586952e-15,8.42814262824731e-10,128,0
167,wave,apv,wave,w*dz(eta),1.13949594655827e-10,16,1,-1,0,1.88737914186277e-15,1.34024324971449e-09,128,0
167,wave,apv,wave,w*eta*dlogN2,1.37245819905215e-11,15,1,1,0,1.5833652605786e-15,7.80260300814462e-10,128,0
167,apv,wave,wave,u*dx(u),5.65357769510218e-12,1,0,16,-1,3.75413543557849e-15,5.98464685588012e-10,128,0
167,apv,wave,wave,v*dy(u),5.65355463269101e-12,1,0,16,1,3.74231426047375e-15,5.98464692008375e-10,128,0
167,apv,wave,wave,w*dz(u),0,-1,0,1,1,0,0,0,128
167,apv,wave,wave,u*dx(v),5.70227491980847e-12,1,0,16,1,3.97263040891846e-15,6.136364737268e-10,128,0
167,apv,wave,wave,v*dy(v),5.7022847546568e-12,1,0,16,1,4.0631224084668e-15,6.13636399972379e-10,128,0
167,apv,wave,wave,w*dz(v),0,-1,0,1,1,0,0,0,128
167,apv,wave,wave,u*dx(w),6.69563518195649e-14,3,0,15,1,6.66133814775094e-16,5.11971576244719e-10,128,0
167,apv,wave,wave,v*dy(w),6.69559676046625e-14,3,0,15,1,5.55111512312578e-16,5.11971576244719e-10,128,0
167,apv,wave,wave,w*dz(w),0,-1,0,1,1,0,0,0,128
167,apv,wave,wave,u*dx(eta),2.33511209083394e-13,1,0,16,1,1.77635683940025e-15,8.18957278598442e-10,128,0
167,apv,wave,wave,v*dy(eta),2.33506915509777e-13,1,0,16,1,1.66533453693773e-15,8.18957256578961e-10,128,0
167,apv,wave,wave,w*dz(eta),0,-1,0,1,1,0,0,0,128
167,apv,wave,wave,w*eta*dlogN2,0,-1,0,1,1,0,0,0,128
167,wave,boundary,wave,u*dx(u),4.704053241149e-12,16,1,2,0,2.93060938032224e-15,2.31475271896808e-10,64,0
167,wave,boundary,wave,v*dy(u),4.70439710390424e-12,16,1,2,0,2.18309694283215e-15,2.31475558053754e-10,64,0
167,wave,boundary,wave,w*dz(u),5.4969894942483e-13,16,1,2,0,2.38787626517526e-15,2.88692736383211e-10,64,0
167,wave,boundary,wave,u*dx(v),4.74474032764835e-12,16,1,2,0,2.04314798211845e-15,2.32861326712643e-10,64,0
167,wave,boundary,wave,v*dy(v),4.74506109710921e-12,16,1,2,0,2.03694848154486e-15,2.32861551674751e-10,64,0
167,wave,boundary,wave,w*dz(v),5.5360555906122e-13,16,1,2,0,2.54571424751301e-15,2.88692625360909e-10,64,0
167,wave,boundary,wave,u*dx(w),0,1,1,1,0,0,0,0,64
167,wave,boundary,wave,v*dy(w),0,1,1,1,0,0,0,0,64
167,wave,boundary,wave,w*dz(w),0,1,1,1,0,0,0,0,64
167,wave,boundary,wave,u*dx(eta),9.91386484480159e-14,15,1,2,0,1.33354541232419e-15,2.9140856394605e-10,64,0
167,wave,boundary,wave,v*dy(eta),9.91233500473943e-14,15,1,2,0,1.09916274431265e-15,2.9140811985684e-10,64,0
167,wave,boundary,wave,w*dz(eta),1.79003867987172e-11,16,1,2,0,2.12596887006383e-15,2.21163091476556e-10,64,0
167,wave,boundary,wave,w*eta*dlogN2,1.72225900493946e-11,16,1,2,0,1.24401188831442e-15,2.84478551826339e-10,64,0
167,boundary,wave,wave,u*dx(u),4.70408176442835e-12,2,0,16,1,2.91890077516629e-15,2.31475320908128e-10,64,0
167,boundary,wave,wave,v*dy(u),4.70406662118237e-12,2,0,16,1,2.75333630627304e-15,2.31475339469413e-10,64,0
167,boundary,wave,wave,w*dz(u),0,1,0,1,1,0,0,0,64
167,boundary,wave,wave,u*dx(v),4.74503273844721e-12,2,0,16,1,1.9807816268188e-15,2.32861606953744e-10,64,0
167,boundary,wave,wave,v*dy(v),4.74498069788547e-12,2,0,16,1,2.01230001823355e-15,2.32861603537673e-10,64,0
167,boundary,wave,wave,w*dz(v),0,1,0,1,1,0,0,0,64
167,boundary,wave,wave,u*dx(w),3.6769773577792e-14,2,0,15,1,6.66133814775094e-16,2.21841101044618e-10,64,0
167,boundary,wave,wave,v*dy(w),3.67691731656156e-14,2,0,15,1,5.55111512312578e-16,2.21840990022315e-10,64,0
167,boundary,wave,wave,w*dz(w),0,1,0,1,1,0,0,0,64
167,boundary,wave,wave,u*dx(eta),1.91662950503117e-13,2,0,16,1,1.60825476286222e-15,2.16790474460993e-10,64,0
167,boundary,wave,wave,v*dy(eta),1.91657281672723e-13,2,0,16,1,1.45694437114596e-15,2.1679036343869e-10,64,0
167,boundary,wave,wave,w*dz(eta),0,1,0,1,1,0,0,0,64
167,boundary,wave,wave,w*eta*dlogN2,0,1,0,1,1,0,0,0,64
167,apv,boundary,wave,u*dx(u),4.25947229837467e-13,3,0,2,0,2.25974347913861e-15,5.9115112804875e-10,8,0
167,apv,boundary,wave,v*dy(u),4.2593320538137e-13,3,0,2,0,2.19413246808606e-15,5.9115112804875e-10,8,0
167,apv,boundary,wave,w*dz(u),0,-1,0,1,0,0,0,0,8
167,apv,boundary,wave,u*dx(v),4.31270555539293e-13,3,0,2,0,1.6821936206438e-15,5.91150461914935e-10,8,0
167,apv,boundary,wave,v*dy(v),4.31349479033983e-13,3,0,2,0,1.62982749508026e-15,5.91150461914935e-10,8,0
167,apv,boundary,wave,w*dz(v),0,-1,0,1,0,0,0,0,8
167,apv,boundary,wave,u*dx(w),0,-1,0,1,0,0,0,0,8
167,apv,boundary,wave,v*dy(w),0,-1,0,1,0,0,0,0,8
167,apv,boundary,wave,w*dz(w),0,-1,0,1,0,0,0,0,8
167,apv,boundary,wave,u*dx(eta),1.34804054343041e-14,3,0,2,0,1.3225484058669e-15,5.07086594936368e-10,8,0
167,apv,boundary,wave,v*dy(eta),1.34379158619442e-14,3,0,2,0,1.30169867867989e-15,5.07086594936368e-10,8,0
167,apv,boundary,wave,w*dz(eta),0,-1,0,1,0,0,0,0,8
167,apv,boundary,wave,w*eta*dlogN2,0,-1,0,1,0,0,0,0,8
167,boundary,apv,wave,u*dx(u),4.259347630988e-13,2,0,3,0,2.1745451578843e-15,5.9115112804875e-10,8,0
167,boundary,apv,wave,v*dy(u),4.25962186370292e-13,2,0,3,0,2.16567640951786e-15,5.9115112804875e-10,8,0
167,boundary,apv,wave,w*dz(u),0,1,0,-1,0,0,0,0,8
167,boundary,apv,wave,u*dx(v),4.31294191819589e-13,2,0,3,0,1.59879049722467e-15,5.91150461914935e-10,8,0
167,boundary,apv,wave,v*dy(v),4.31320989233629e-13,2,0,3,0,1.68476143633209e-15,5.91150461914935e-10,8,0
167,boundary,apv,wave,w*dz(v),0,1,0,-1,0,0,0,0,8
167,boundary,apv,wave,u*dx(w),0,1,0,-1,0,0,0,0,8
167,boundary,apv,wave,v*dy(w),0,1,0,-1,0,0,0,0,8
167,boundary,apv,wave,w*dz(w),0,1,0,-1,0,0,0,0,8
167,boundary,apv,wave,u*dx(eta),2.58861442876727e-14,2,0,1,0,2.11201306768259e-15,1.08367070872362e-09,8,0
167,boundary,apv,wave,v*dy(eta),2.59663575021923e-14,2,0,1,0,1.96137327667948e-15,1.08367070872362e-09,8,0
167,boundary,apv,wave,w*dz(eta),0,1,0,-1,0,0,0,0,8
167,boundary,apv,wave,w*eta*dlogN2,0,1,0,-1,0,0,0,0,8
167,boundary,boundary,wave,u*dx(u),2.04090807620454e-13,1,0,2,0,8.25606411184713e-16,6.68111121981951e-10,4,0
167,boundary,boundary,wave,v*dy(u),2.04081969711247e-13,2,0,1,0,8.4041435213131e-16,6.68111121981951e-10,4,0
167,boundary,boundary,wave,w*dz(u),0,1,0,1,0,0,0,0,4
167,boundary,boundary,wave,u*dx(v),2.05955765547937e-13,2,0,1,0,1.16032276780373e-15,6.8726860893854e-10,4,0
167,boundary,boundary,wave,v*dy(v),2.05946943931702e-13,2,0,1,0,1.18346280915245e-15,6.87268674829828e-10,4,0
167,boundary,boundary,wave,w*dz(v),0,1,0,1,0,0,0,0,4
167,boundary,boundary,wave,u*dx(w),0,1,0,1,0,0,0,0,4
167,boundary,boundary,wave,v*dy(w),0,1,0,1,0,0,0,0,4
167,boundary,boundary,wave,w*dz(w),0,1,0,1,0,0,0,0,4
167,boundary,boundary,wave,u*dx(eta),2.55478349328714e-14,2,0,1,0,1.34500004166069e-15,4.78120413729991e-10,4,0
167,boundary,boundary,wave,v*dy(eta),2.55272934026968e-14,2,0,1,0,1.24554054641046e-15,4.78120520241609e-10,4,0
167,boundary,boundary,wave,w*dz(eta),0,1,0,1,0,0,0,0,4
167,boundary,boundary,wave,w*eta*dlogN2,0,1,0,1,0,0,0,0,4
176,wave,wave,inertial,u*dx(u),7.86180569319137e-12,16,1,14,1,2.17119529861395e-15,9.22517617851781e-11,640,0
176,wave,wave,inertial,v*dy(u),7.86207118150264e-12,16,-1,14,1,3.15378297970112e-15,9.22575349449062e-11,640,0
176,wave,wave,inertial,w*dz(u),1.17912906769698e-07,16,1,1,1,7.72493180534184e-13,9.72364083473565e-07,640,0
176,wave,wave,inertial,u*dx(v),7.86242610709077e-12,14,-1,16,1,2.74340452531136e-15,9.22577569895111e-11,640,0
176,wave,wave,inertial,v*dy(v),7.86191836659171e-12,14,1,16,1,2.53173734216954e-15,9.22635301492392e-11,640,0
176,wave,wave,inertial,w*dz(v),1.17912906748214e-07,16,1,1,1,7.72382158231721e-13,9.72364077700405e-07,640,0
176,wave,wave,mda,u*dx(eta),1.45557994523475e-12,16,1,16,1,5.46184824934122e-15,5.9432546406632e-10,640,0
176,wave,wave,mda,v*dy(eta),1.4556736061069e-12,16,1,16,1,7.97842223996129e-15,5.94320710882516e-10,640,0
176,wave,wave,mda,w*dz(eta),1.45556943491705e-12,16,1,16,1,4.69599499645466e-15,5.94320200545802e-10,640,0
176,wave,wave,mda,w*eta*dlogN2,1.66728623337104e-11,16,1,14,1,4.64358680859022e-15,1.59546365455947e-10,640,0
176,wave,apv,inertial,u*dx(u),1.03513028765394e-12,16,1,1,0,2.00154822632562e-15,4.58635479980551e-10,128,0
176,wave,apv,inertial,v*dy(u),1.03513985637583e-12,16,1,1,0,1.55431223447522e-15,4.58636024009467e-10,128,0
176,wave,apv,inertial,w*dz(u),3.00589117662806e-13,15,1,2,0,1.99840144432528e-15,7.68219821090099e-10,128,0
176,wave,apv,inertial,u*dx(v),1.03505661643912e-12,16,1,1,0,1.66533453693773e-15,4.58635069285293e-10,128,0
176,wave,apv,inertial,v*dy(v),1.03510358590545e-12,16,1,1,0,1.77635683940025e-15,4.5863490804187e-10,128,0
176,wave,apv,inertial,w*dz(v),3.00583873662356e-13,15,1,2,0,1.77635683940025e-15,7.68219599045494e-10,128,0
176,wave,apv,mda,u*dx(eta),1.20622122897966e-13,2,1,1,0,5.88641665919243e-15,7.1858442027562e-10,128,0
176,wave,apv,mda,v*dy(eta),1.18731326279341e-13,2,1,1,0,2.87936339103873e-15,7.1858344974898e-10,128,0
176,wave,apv,mda,w*dz(eta),2.79198223903005e-10,1,1,-1,0,2.73403750187661e-15,2.72825959330246e-05,128,0
176,wave,apv,mda,w*eta*dlogN2,4.62634076586857e-12,15,1,1,0,3.50517557984901e-15,7.80260300814462e-10,128,0
176,apv,wave,inertial,u*dx(u),1.03510998962702e-12,1,0,16,1,2.0123689816401e-15,4.58635492720115e-10,128,0
176,apv,wave,inertial,v*dy(u),1.03512837883168e-12,1,0,16,1,1.86799005608494e-15,4.58635529178979e-10,128,0
176,apv,wave,inertial,w*dz(u),0,-1,0,1,1,0,0,0,128
176,apv,wave,inertial,u*dx(v),1.03508013326006e-12,1,0,16,1,1.77635683940025e-15,4.58634862633173e-10,128,0
176,apv,wave,inertial,v*dy(v),1.03511931534684e-12,1,0,16,1,1.78275515922824e-15,4.58634763843953e-10,128,0
176,apv,wave,inertial,w*dz(v),0,-1,0,1,1,0,0,0,128
176,apv,wave,mda,u*dx(eta),6.6913484678925e-14,2,0,16,1,2.78654260152618e-15,8.6826004891167e-10,128,0
176,apv,wave,mda,v*dy(eta),6.69388828891227e-14,2,0,16,1,2.48031146841285e-15,8.68260203380257e-10,128,0
176,apv,wave,mda,w*dz(eta),0,-1,0,1,1,0,0,0,128
176,apv,wave,mda,w*eta*dlogN2,0,-1,0,1,1,0,0,0,128
176,wave,boundary,inertial,u*dx(u),8.6421751708364e-13,16,1,2,0,1.38861606120247e-15,2.26770380251651e-10,64,0
176,wave,boundary,inertial,v*dy(u),8.6420030298989e-13,16,1,2,0,1.54712887084624e-15,2.26769159006324e-10,64,0
176,wave,boundary,inertial,w*dz(u),1.28963804025453e-13,15,1,2,0,1.54463685787658e-15,2.88692736383211e-10,64,0
176,wave,boundary,inertial,u*dx(v),8.64150083977847e-13,16,1,2,0,1.7891900166301e-15,2.26770380251651e-10,64,0
176,wave,boundary,inertial,v*dy(v),8.64253618592545e-13,16,1,2,0,2.11632282665329e-15,2.26769159006324e-10,64,0
176,wave,boundary,inertial,w*dz(v),1.29019712909814e-13,15,1,2,0,1.36406815369075e-15,2.88692625360909e-10,64,0
176,wave,boundary,mda,u*dx(eta),2.38010524159645e-14,16,1,1,0,1.82827871121906e-15,7.04303837473219e-10,64,0
176,wave,boundary,mda,v*dy(eta),2.50020679979776e-14,16,1,1,0,6.82557151482432e-16,7.04298286358096e-10,64,0
176,wave,boundary,mda,w*dz(eta),8.69649587050312e-11,1,1,2,0,3.1165653448904e-15,1.11274255997287e-05,64,0
176,wave,boundary,mda,w*eta*dlogN2,4.60967562904776e-12,15,1,2,0,2.60374533730758e-15,2.84478551826339e-10,64,0
176,boundary,wave,inertial,u*dx(u),8.64245655604201e-13,2,0,16,1,1.49008901156246e-15,2.26770380251651e-10,64,0
176,boundary,wave,inertial,v*dy(u),8.64220280915234e-13,2,0,16,1,1.40819580024013e-15,2.26770380251651e-10,64,0
176,boundary,wave,inertial,w*dz(u),0,1,0,1,1,0,0,0,64
176,boundary,wave,inertial,u*dx(v),8.64260768786131e-13,2,0,16,1,2.12143902256688e-15,2.26769047984021e-10,64,0
176,boundary,wave,inertial,v*dy(v),8.64228003912283e-13,2,0,16,1,2.12993350660993e-15,2.26769270028626e-10,64,0
176,boundary,wave,inertial,w*dz(v),0,1,0,1,1,0,0,0,64
176,boundary,wave,mda,u*dx(eta),5.28454160939299e-14,2,0,15,1,3.74650508361343e-15,6.70581617162175e-10,64,0
176,boundary,wave,mda,v*dy(eta),5.27731598570989e-14,2,0,15,1,3.41956272304629e-15,6.705813680927e-10,64,0
176,boundary,wave,mda,w*dz(eta),0,1,0,1,1,0,0,0,64
176,boundary,wave,mda,w*eta*dlogN2,0,1,0,1,1,0,0,0,64
176,apv,boundary,inertial,u*dx(u),1.02380477541195e-13,3,0,2,0,1.42329805924432e-15,5.9115112804875e-10,8,0
176,apv,boundary,inertial,v*dy(u),1.02299350510778e-13,3,0,2,0,1.39050859994131e-15,5.9115112804875e-10,8,0
176,apv,boundary,inertial,w*dz(u),0,-1,0,1,0,0,0,0,8
176,apv,boundary,inertial,u*dx(v),1.02777751832271e-13,3,0,2,0,1.73884181567241e-15,5.91150461914935e-10,8,0
176,apv,boundary,inertial,v*dy(v),1.0286205317147e-13,3,0,2,0,1.75597673076206e-15,5.91150461914935e-10,8,0
176,apv,boundary,inertial,w*dz(v),0,-1,0,1,0,0,0,0,8
176,apv,boundary,mda,u*dx(eta),2.19045752952582e-14,2,0,1,0,8.70350701739778e-16,8.19803085597042e-10,8,0
176,apv,boundary,mda,v*dy(eta),2.19841694252962e-14,2,0,1,0,9.11829197480502e-16,8.19803373571888e-10,8,0
176,apv,boundary,mda,w*dz(eta),0,-1,0,1,0,0,0,0,8
176,apv,boundary,mda,w*eta*dlogN2,0,-1,0,1,0,0,0,0,8
176,boundary,apv,inertial,u*dx(u),1.02284953025817e-13,2,0,3,0,1.28874068119267e-15,5.9115112804875e-10,8,0
176,boundary,apv,inertial,v*dy(u),1.02315248342429e-13,2,0,3,0,1.41862351424852e-15,5.9115112804875e-10,8,0
176,boundary,apv,inertial,w*dz(u),0,1,0,-1,0,0,0,0,8
176,boundary,apv,inertial,u*dx(v),1.02834246258263e-13,2,0,3,0,1.75626031879667e-15,5.91150461914935e-10,8,0
176,boundary,apv,inertial,v*dy(v),1.02781636874791e-13,2,0,3,0,1.75570216716073e-15,5.91150461914935e-10,8,0
176,boundary,apv,inertial,w*dz(v),0,1,0,-1,0,0,0,0,8
176,boundary,apv,mda,u*dx(eta),1.39190148961419e-13,1,0,1,0,3.76289960134244e-15,5.37151767251842e-10,8,0
176,boundary,apv,mda,v*dy(eta),1.39237334734819e-13,1,0,1,0,3.50069146742679e-15,5.37151408327865e-10,8,0
176,boundary,apv,mda,w*dz(eta),0,1,0,-1,0,0,0,0,8
176,boundary,apv,mda,w*eta*dlogN2,0,1,0,-1,0,0,0,0,8
176,boundary,boundary,inertial,u*dx(u),3.33067898086484e-14,1,0,2,0,1.09200802921665e-15,6.68111121981951e-10,4,0
176,boundary,boundary,inertial,v*dy(u),3.33203620422656e-14,1,0,2,0,1.08428321680556e-15,6.68111121981951e-10,4,0
176,boundary,boundary,inertial,w*dz(u),0,1,0,1,0,0,0,0,4
176,boundary,boundary,inertial,u*dx(v),3.30801315153474e-14,2,0,1,0,1.6190578627443e-15,6.68111344026556e-10,4,0
176,boundary,boundary,inertial,v*dy(v),3.3050790466354e-14,2,0,1,0,1.67577408132443e-15,6.68111344026556e-10,4,0
176,boundary,boundary,inertial,w*dz(v),0,1,0,1,0,0,0,0,4
176,boundary,boundary,mda,u*dx(eta),9.9011731963412e-14,2,0,1,0,2.80950949310162e-15,1.40988139346545e-09,4,0
176,boundary,boundary,mda,v*dy(eta),9.90100646265991e-14,2,0,1,0,2.32580508828123e-15,1.40988096933052e-09,4,0
176,boundary,boundary,mda,w*dz(eta),0,1,0,1,0,0,0,0,4
176,boundary,boundary,mda,w*eta*dlogN2,0,1,0,1,0,0,0,0,4
168,wave,wave,wave,u*dx(u),4.98413895018448e-11,15,1,16,1,3.56064260610575e-15,7.11783965101631e-11,640,0
168,wave,wave,wave,v*dy(u),0,1,1,1,1,0,0,0,640
168,wave,wave,wave,w*dz(u),1.36126133136709e-06,16,1,1,1,3.49453799231014e-12,3.27805208588911e-06,640,0
168,wave,wave,wave,u*dx(v),4.96288310027888e-11,15,1,16,1,3.56643531214471e-15,5.86579673722554e-11,640,0
168,wave,wave,wave,v*dy(v),0,1,1,1,1,0,0,0,640
168,wave,wave,wave,w*dz(v),1.35210732679279e-06,16,1,1,1,3.49442697000768e-12,3.17618486874017e-06,640,0
168,wave,wave,wave,u*dx(w),2.00496899427913e-13,15,1,15,1,9.99200722162641e-16,7.14959202952059e-11,640,0
168,wave,wave,wave,v*dy(w),0,1,1,1,1,0,0,0,640
168,wave,wave,wave,w*dz(w),2.0049641472106e-13,15,1,15,1,1.11022302462516e-15,7.06266156669244e-11,640,0
168,wave,wave,wave,u*dx(eta),4.6253509144066e-12,16,1,16,1,2.19061227018082e-15,5.90261173272211e-11,640,0
168,wave,wave,wave,v*dy(eta),0,1,1,1,1,0,0,0,640
168,wave,wave,wave,w*dz(eta),4.62537016936287e-12,16,1,16,1,2.62315252423123e-15,5.81290571233239e-11,640,0
168,wave,wave,wave,w*eta*dlogN2,4.23017565771056e-11,16,1,14,1,1.79592124578707e-15,5.89537307860155e-11,640,0
168,wave,apv,wave,u*dx(u),0,1,1,-1,0,0,0,0,128
168,wave,apv,wave,v*dy(u),0,1,1,-1,0,0,0,0,128
168,wave,apv,wave,w*dz(u),0,1,1,-1,0,0,0,0,128
168,wave,apv,wave,u*dx(v),5.69109132761535e-12,16,-1,1,0,3.7188680104265e-15,6.09624774534581e-10,128,0
168,wave,apv,wave,v*dy(v),0,1,1,-1,0,0,0,0,128
168,wave,apv,wave,w*dz(v),1.36575867705207e-12,16,1,2,0,4.58471001321172e-15,7.68219599045494e-10,128,0
168,wave,apv,wave,u*dx(w),0,1,1,-1,0,0,0,0,128
168,wave,apv,wave,v*dy(w),0,1,1,-1,0,0,0,0,128
168,wave,apv,wave,w*dz(w),0,1,1,-1,0,0,0,0,128
168,wave,apv,wave,u*dx(eta),1.57119831294867e-13,16,1,2,0,1.69568420786937e-15,8.42815373047756e-10,128,0
168,wave,apv,wave,v*dy(eta),0,1,1,-1,0,0,0,0,128
168,wave,apv,wave,w*dz(eta),8.64099804059853e-11,16,1,-1,0,1.88737914186277e-15,1.34024324971449e-09,128,0
168,wave,apv,wave,w*eta*dlogN2,1.03734888117355e-11,15,1,1,0,1.26389445949579e-15,7.80260300814462e-10,128,0
168,apv,wave,wave,u*dx(u),5.72230474113881e-12,1,0,16,1,3.62573214747504e-15,6.29120013482314e-10,128,0
168,apv,wave,wave,v*dy(u),0,-1,0,1,1,0,0,0,128
168,apv,wave,wave,w*dz(u),0,-1,0,1,1,0,0,0,128
168,apv,wave,wave,u*dx(v),5.69017415802314e-12,1,0,16,1,3.83415317401049e-15,6.09810638221124e-10,128,0
168,apv,wave,wave,v*dy(v),0,-1,0,1,1,0,0,0,128
168,apv,wave,wave,w*dz(v),0,-1,0,1,1,0,0,0,128
168,apv,wave,wave,u*dx(w),4.75777625385609e-14,3,0,15,1,7.7715611723761e-16,4.91024554349906e-10,128,0
168,apv,wave,wave,v*dy(w),0,-1,0,1,1,0,0,0,128
168,apv,wave,wave,w*dz(w),0,-1,0,1,1,0,0,0,128
168,apv,wave,wave,u*dx(eta),1.728123631797e-13,1,0,16,1,1.66533453693773e-15,7.73086390339969e-10,128,0
168,apv,wave,wave,v*dy(eta),0,-1,0,1,1,0,0,0,128
168,apv,wave,wave,w*dz(eta),0,-1,0,1,1,0,0,0,128
168,apv,wave,wave,w*eta*dlogN2,0,-1,0,1,1,0,0,0,128
168,wave,boundary,wave,u*dx(u),0,1,1,1,0,0,0,0,64
168,wave,boundary,wave,v*dy(u),0,1,1,1,0,0,0,0,64
168,wave,boundary,wave,w*dz(u),0,1,1,1,0,0,0,0,64
168,wave,boundary,wave,u*dx(v),5.49495170688471e-12,16,1,2,0,2.35107472584297e-15,3.39341332811216e-10,64,0
168,wave,boundary,wave,v*dy(v),0,1,1,1,0,0,0,0,64
168,wave,boundary,wave,w*dz(v),6.53381711749734e-13,15,1,2,0,3.51681773051035e-15,5.45543721308661e-10,64,0
168,wave,boundary,wave,u*dx(w),0,1,1,1,0,0,0,0,64
168,wave,boundary,wave,v*dy(w),0,1,1,1,0,0,0,0,64
168,wave,boundary,wave,w*dz(w),0,1,1,1,0,0,0,0,64
168,wave,boundary,wave,u*dx(eta),1.01690126764839e-13,15,1,2,0,1.41086992458695e-15,5.5855065017596e-10,64,0
168,wave,boundary,wave,v*dy(eta),0,1,1,1,0,0,0,0,64
168,wave,boundary,wave,w*dz(eta),2.62423806150644e-11,16,1,2,0,1.52140912460527e-15,3.0304636577938e-10,64,0
168,wave,boundary,wave,w*eta*dlogN2,1.13788836504789e-11,16,1,2,0,1.0861575971061e-15,5.42796918523436e-10,64,0
168,boundary,wave,wave,u*dx(u),4.76051734213846e-12,2,0,16,1,2.45564785358273e-15,2.33782213163524e-10,64,0
168,boundary,wave,wave,v*dy(u),0,1,0,1,1,0,0,0,64
168,boundary,wave,wave,w*dz(u),0,1,0,1,1,0,0,0,64
168,boundary,wave,wave,u*dx(v),4.73453315272541e-12,2,0,16,1,3.48044690926681e-15,2.32858664174313e-10,64,0
168,boundary,wave,wave,v*dy(v),0,1,0,1,1,0,0,0,64
168,boundary,wave,wave,w*dz(v),0,1,0,1,1,0,0,0,64
168,boundary,wave,wave,u*dx(w),2.61353908288408e-14,2,0,15,1,4.44089209850063e-16,2.21480389583917e-10,64,0
168,boundary,wave,wave,v*dy(w),0,1,0,1,1,0,0,0,64
168,boundary,wave,wave,w*dz(w),0,1,0,1,1,0,0,0,64
168,boundary,wave,wave,u*dx(eta),1.41744151265202e-13,2,0,16,1,1.45884111730563e-15,2.16491602422764e-10,64,0
168,boundary,wave,wave,v*dy(eta),0,1,0,1,1,0,0,0,64
168,boundary,wave,wave,w*dz(eta),0,1,0,1,1,0,0,0,64
168,boundary,wave,wave,w*eta*dlogN2,0,1,0,1,1,0,0,0,64
168,apv,boundary,wave,u*dx(u),0,-1,0,1,0,0,0,0,8
168,apv,boundary,wave,v*dy(u),0,-1,0,1,0,0,0,0,8
168,apv,boundary,wave,w*dz(u),0,-1,0,1,0,0,0,0,8
168,apv,boundary,wave,u*dx(v),4.63252096448542e-13,3,0,2,0,2.02403008096959e-15,5.14420062103227e-10,8,0
168,apv,boundary,wave,v*dy(v),0,-1,0,1,0,0,0,0,8
168,apv,boundary,wave,w*dz(v),0,-1,0,1,0,0,0,0,8
168,apv,boundary,wave,u*dx(w),0,-1,0,1,0,0,0,0,8
168,apv,boundary,wave,v*dy(w),0,-1,0,1,0,0,0,0,8
168,apv,boundary,wave,w*dz(w),0,-1,0,1,0,0,0,0,8
168,apv,boundary,wave,u*dx(eta),1.18692381266386e-14,3,0,2,0,1.05889906738218e-15,6.47226605643425e-10,8,0
168,apv,boundary,wave,v*dy(eta),0,-1,0,1,0,0,0,0,8
168,apv,boundary,wave,w*dz(eta),0,-1,0,1,0,0,0,0,8
168,apv,boundary,wave,w*eta*dlogN2,0,-1,0,1,0,0,0,0,8
168,boundary,apv,wave,u*dx(u),0,1,0,-1,0,0,0,0,8
168,boundary,apv,wave,v*dy(u),0,1,0,-1,0,0,0,0,8
168,boundary,apv,wave,w*dz(u),0,1,0,-1,0,0,0,0,8
168,boundary,apv,wave,u*dx(v),4.29365894715389e-13,2,0,3,0,1.95026794710107e-15,5.91150461914935e-10,8,0
168,boundary,apv,wave,v*dy(v),0,1,0,-1,0,0,0,0,8
168,boundary,apv,wave,w*dz(v),0,1,0,-1,0,0,0,0,8
168,boundary,apv,wave,u*dx(w),0,1,0,-1,0,0,0,0,8
168,boundary,apv,wave,v*dy(w),0,1,0,-1,0,0,0,0,8
168,boundary,apv,wave,w*dz(w),0,1,0,-1,0,0,0,0,8
168,boundary,apv,wave,u*dx(eta),1.90079844502235e-14,2,0,1,0,1.15809651729054e-15,1.08367070872362e-09,8,0
168,boundary,apv,wave,v*dy(eta),0,1,0,-1,0,0,0,0,8
168,boundary,apv,wave,w*dz(eta),0,1,0,-1,0,0,0,0,8
168,boundary,apv,wave,w*eta*dlogN2,0,1,0,-1,0,0,0,0,8
168,boundary,boundary,wave,u*dx(u),0,1,0,1,0,0,0,0,4
168,boundary,boundary,wave,v*dy(u),0,1,0,1,0,0,0,0,4
168,boundary,boundary,wave,w*dz(u),0,1,0,1,0,0,0,0,4
168,boundary,boundary,wave,u*dx(v),2.27520783061572e-13,2,0,1,0,1.02668288523422e-15,5.93140092597366e-10,4,0
168,boundary,boundary,wave,v*dy(v),0,1,0,1,0,0,0,0,4
168,boundary,boundary,wave,w*dz(v),0,1,0,1,0,0,0,0,4
168,boundary,boundary,wave,u*dx(w),0,1,0,1,0,0,0,0,4
168,boundary,boundary,wave,v*dy(w),0,1,0,1,0,0,0,0,4
168,boundary,boundary,wave,w*dz(w),0,1,0,1,0,0,0,0,4
168,boundary,boundary,wave,u*dx(eta),1.85137156321082e-14,2,0,1,0,8.86504970467054e-16,6.85097201191809e-10,4,0
168,boundary,boundary,wave,v*dy(eta),0,1,0,1,0,0,0,0,4
168,boundary,boundary,wave,w*dz(eta),0,1,0,1,0,0,0,0,4
168,boundary,boundary,wave,w*eta*dlogN2,0,1,0,1,0,0,0,0,4
169,wave,wave,wave,u*dx(u),5.00450498959506e-11,16,-1,15,1,4.70374021413163e-15,9.22515397405732e-11,640,0
169,wave,wave,wave,v*dy(u),5.00450001705044e-11,15,1,16,1,3.97033999208336e-15,9.22575349449062e-11,640,0
169,wave,wave,wave,w*dz(u),6.05061440930383e-07,16,1,1,1,7.72493180534184e-13,1.88576194103242e-06,640,0
169,wave,wave,wave,u*dx(v),4.95864813689931e-11,15,1,16,1,3.70721007176203e-15,9.2257979034116e-11,640,0
169,wave,wave,wave,v*dy(v),4.95864603852469e-11,15,-1,16,1,3.83277716666241e-15,9.22635301492392e-11,640,0
169,wave,wave,wave,w*dz(v),5.95739430361259e-07,16,1,1,1,7.72382158231721e-13,1.74066777950544e-06,640,0
169,wave,wave,wave,u*dx(w),1.64323159574192e-13,15,1,15,1,1.33226762955019e-15,9.22835141636824e-11,640,0
169,wave,wave,wave,v*dy(w),1.64322923967447e-13,15,1,15,1,1.11022302462516e-15,9.22886211895957e-11,640,0
169,wave,wave,wave,w*dz(w),1.64322921680408e-13,15,1,15,1,9.99200722162641e-16,9.22910636802499e-11,640,0
169,wave,wave,wave,u*dx(eta),3.87374256200841e-12,16,1,16,1,2.50431091573141e-15,6.9194427965158e-11,640,0
169,wave,wave,wave,v*dy(eta),3.87375157648869e-12,16,1,16,1,3.03970136548615e-15,6.92004231694909e-11,640,0
169,wave,wave,wave,w*dz(eta),3.87375796235257e-12,16,1,16,1,2.75298881054039e-15,6.92024215709353e-11,640,0
169,wave,wave,wave,w*eta*dlogN2,3.57668601485073e-11,16,1,14,1,1.52431193560769e-15,6.91282586728903e-11,640,0
169,wave,apv,wave,u*dx(u),5.75281630236597e-12,16,1,1,0,3.46842426087487e-15,6.51374705677992e-10,128,0
169,wave,apv,wave,v*dy(u),5.75285220140928e-12,16,1,1,0,3.47017780369014e-15,6.51375838299864e-10,128,0
169,wave,apv,wave,w*dz(u),1.37329332743349e-12,16,1,2,0,4.07346469287988e-15,7.69990248701371e-10,128,0
169,wave,apv,wave,u*dx(v),5.68132044630511e-12,16,1,1,0,3.53165416845789e-15,6.09274699134173e-10,128,0
169,wave,apv,wave,v*dy(v),5.68136368090226e-12,16,1,1,0,3.23679086770194e-15,6.09274280611815e-10,128,0
169,wave,apv,wave,w*dz(v),1.36521173917976e-12,16,1,2,0,3.73974976108363e-15,7.68219599045494e-10,128,0
169,wave,apv,wave,u*dx(w),0,1,1,-1,0,0,0,0,128
169,wave,apv,wave,v*dy(w),0,1,1,-1,0,0,0,0,128
169,wave,apv,wave,w*dz(w),0,1,1,-1,0,0,0,0,128
169,wave,apv,wave,u*dx(eta),1.30386423028582e-13,16,1,2,0,1.55431223447522e-15,8.42815373047756e-10,128,0
169,wave,apv,wave,v*dy(eta),1.30385783936384e-13,16,1,2,0,1.66533453693773e-15,8.42814262824731e-10,128,0
169,wave,apv,wave,w*dz(eta),7.37216706407526e-11,16,1,-1,0,1.88737914186277e-15,1.34024324971449e-09,128,0
169,wave,apv,wave,w*eta*dlogN2,8.82551628111883e-12,15,1,1,0,2.07934080461379e-15,7.80260300814462e-10,128,0
169,apv,wave,wave,u*dx(u),5.75287680208035e-12,1,0,16,1,3.43235273120833e-15,6.51374705057679e-10,128,0
169,apv,wave,wave,v*dy(u),5.75287045448676e-12,1,0,16,1,3.45604709655887e-15,6.51374635068629e-10,128,0
169,apv,wave,wave,w*dz(u),0,-1,0,1,1,0,0,0,128
169,apv,wave,wave,u*dx(v),5.68139079756366e-12,1,0,16,1,3.24789096565365e-15,6.0927428385442e-10,128,0
169,apv,wave,wave,v*dy(v),5.68137240089573e-12,1,0,16,1,3.27235069031857e-15,6.09274301134124e-10,128,0
169,apv,wave,wave,w*dz(v),0,-1,0,1,1,0,0,0,128
169,apv,wave,wave,u*dx(w),3.8987939170672e-14,3,0,15,1,6.66133814775094e-16,5.11971576244719e-10,128,0
169,apv,wave,wave,v*dy(w),3.8987905779455e-14,3,0,15,1,5.55111512312578e-16,5.11971576244719e-10,128,0
169,apv,wave,wave,w*dz(w),0,-1,0,1,1,0,0,0,128
169,apv,wave,wave,u*dx(eta),1.45207031196487e-13,1,0,16,1,1.77635683940025e-15,7.36171108937149e-10,128,0
169,apv,wave,wave,v*dy(eta),1.45197934190013e-13,1,0,16,1,1.66533453693773e-15,7.36171038722237e-10,128,0
169,apv,wave,wave,w*dz(eta),0,-1,0,1,1,0,0,0,128
169,apv,wave,wave,w*eta*dlogN2,0,-1,0,1,1,0,0,0,128
169,wave,boundary,wave,u*dx(u),4.78720980052485e-12,16,1,2,0,2.08291555206848e-15,2.52109128151326e-10,64,0
169,wave,boundary,wave,v*dy(u),4.78694706659668e-12,16,1,2,0,2.98307262779782e-15,2.52107973378679e-10,64,0
169,wave,boundary,wave,w*dz(u),5.57518542006811e-13,16,1,2,0,2.95070566345481e-15,3.1359007840476e-10,64,0
169,wave,boundary,wave,u*dx(v),4.72565782523207e-12,16,1,2,0,1.92421734823241e-15,2.32784631303913e-10,64,0
169,wave,boundary,wave,v*dy(v),4.72519515965367e-12,16,1,2,0,2.15594195118532e-15,2.32784302853139e-10,64,0
169,wave,boundary,wave,w*dz(v),5.52500414332813e-13,16,1,2,0,2.91367408561655e-15,2.88692625360909e-10,64,0
169,wave,boundary,wave,u*dx(w),0,1,1,1,0,0,0,0,64
169,wave,boundary,wave,v*dy(w),0,1,1,1,0,0,0,0,64
169,wave,boundary,wave,w*dz(w),0,1,1,1,0,0,0,0,64
169,wave,boundary,wave,u*dx(eta),6.54118517495035e-14,15,1,2,0,1.01461897596882e-15,2.9140856394605e-10,64,0
169,wave,boundary,wave,v*dy(eta),6.54058145336996e-14,15,1,2,0,7.7715611723761e-16,2.9140811985684e-10,64,0
169,wave,boundary,wave,w*dz(eta),1.14363685060603e-11,16,1,2,0,2.42692915907371e-15,2.16583750933808e-10,64,0
169,wave,boundary,wave,w*eta*dlogN2,1.03996079229335e-11,16,1,2,0,8.34190981135372e-16,2.84478551826339e-10,64,0
169,boundary,wave,wave,u*dx(u),4.78723016428647e-12,2,0,16,1,2.10857313867456e-15,2.52109144480083e-10,64,0
169,boundary,wave,wave,v*dy(u),4.78717604968963e-12,2,0,16,1,2.10747747564813e-15,2.52109273912135e-10,64,0
169,boundary,wave,wave,w*dz(u),0,1,0,1,1,0,0,0,64
169,boundary,wave,wave,u*dx(v),4.72515807720891e-12,2,0,16,1,2.1604097005745e-15,2.32784257789773e-10,64,0
169,boundary,wave,wave,v*dy(v),4.72518878687537e-12,2,0,16,1,2.21875708691248e-15,2.3278424969993e-10,64,0
169,boundary,wave,wave,w*dz(v),0,1,0,1,1,0,0,0,64
169,boundary,wave,wave,u*dx(w),2.14153097239829e-14,2,0,15,1,6.66133814775094e-16,2.21841101044618e-10,64,0
169,boundary,wave,wave,v*dy(w),2.14149648143443e-14,2,0,15,1,5.55111512312578e-16,2.21840990022315e-10,64,0
169,boundary,wave,wave,w*dz(w),0,1,0,1,1,0,0,0,64
169,boundary,wave,wave,u*dx(eta),1.1928627581798e-13,2,0,15,1,1.96014447171604e-15,2.16790474460993e-10,64,0
169,boundary,wave,wave,v*dy(eta),1.19282228716721e-13,2,0,15,1,1.96781258347259e-15,2.1679036343869e-10,64,0
169,boundary,wave,wave,w*dz(eta),0,1,0,1,1,0,0,0,64
169,boundary,wave,wave,w*eta*dlogN2,0,1,0,1,1,0,0,0,64
169,apv,boundary,wave,u*dx(u),4.37032414150415e-13,3,0,2,0,2.15969228831834e-15,6.04123843612771e-10,8,0
169,apv,boundary,wave,v*dy(u),4.37072008154033e-13,3,0,2,0,2.06481008282054e-15,6.04123824574169e-10,8,0
169,apv,boundary,wave,w*dz(u),0,-1,0,1,0,0,0,0,8
169,apv,boundary,wave,u*dx(v),4.27276932665142e-13,3,0,2,0,1.94635644495418e-15,5.91150461914935e-10,8,0
169,apv,boundary,wave,v*dy(v),4.27329957123392e-13,3,0,2,0,1.9556019525647e-15,5.91150461914935e-10,8,0
169,apv,boundary,wave,w*dz(v),0,-1,0,1,0,0,0,0,8
169,apv,boundary,wave,u*dx(w),0,-1,0,1,0,0,0,0,8
169,apv,boundary,wave,v*dy(w),0,-1,0,1,0,0,0,0,8
169,apv,boundary,wave,w*dz(w),0,-1,0,1,0,0,0,0,8
169,apv,boundary,wave,u*dx(eta),9.08841119231877e-15,3,0,2,0,7.22001583508134e-16,5.07086594936368e-10,8,0
169,apv,boundary,wave,v*dy(eta),9.09925200512983e-15,3,0,2,0,7.22284150725123e-16,5.07086594936368e-10,8,0
169,apv,boundary,wave,w*dz(eta),0,-1,0,1,0,0,0,0,8
169,apv,boundary,wave,w*eta*dlogN2,0,-1,0,1,0,0,0,0,8
169,boundary,apv,wave,u*dx(u),4.37036197992063e-13,2,0,3,0,2.16103685372434e-15,6.04123883631991e-10,8,0
169,boundary,apv,wave,v*dy(u),4.37032538199123e-13,2,0,3,0,2.11967440954226e-15,6.04123767383541e-10,8,0
169,boundary,apv,wave,w*dz(u),0,1,0,-1,0,0,0,0,8
169,boundary,apv,wave,u*dx(v),4.27311835866138e-13,2,0,3,0,1.93179746063445e-15,5.91150461914935e-10,8,0
169,boundary,apv,wave,v*dy(v),4.27333339259184e-13,2,0,3,0,1.93394545679193e-15,5.91150461914935e-10,8,0
169,boundary,apv,wave,w*dz(v),0,1,0,-1,0,0,0,0,8
169,boundary,apv,wave,u*dx(w),0,1,0,-1,0,0,0,0,8
169,boundary,apv,wave,v*dy(w),0,1,0,-1,0,0,0,0,8
169,boundary,apv,wave,w*dz(w),0,1,0,-1,0,0,0,0,8
169,boundary,apv,wave,u*dx(eta),1.59074017851287e-14,2,0,1,0,1.82310217561443e-15,1.08367070872362e-09,8,0
169,boundary,apv,wave,v*dy(eta),1.59095842407076e-14,2,0,1,0,1.82355730074596e-15,1.08367070872362e-09,8,0
169,boundary,apv,wave,w*dz(eta),0,1,0,-1,0,0,0,0,8
169,boundary,apv,wave,w*eta*dlogN2,0,1,0,-1,0,0,0,0,8
169,boundary,boundary,wave,u*dx(u),2.08093622920475e-13,1,0,2,0,1.6308024822656e-15,8.06716700559504e-10,4,0
169,boundary,boundary,wave,v*dy(u),2.08111651865502e-13,1,0,2,0,1.77487619960036e-15,8.06716729616247e-10,4,0
169,boundary,boundary,wave,w*dz(u),0,1,0,1,0,0,0,0,4
169,boundary,boundary,wave,u*dx(v),2.05024061287659e-13,2,0,1,0,8.99976441722707e-16,6.68111344026556e-10,4,0
169,boundary,boundary,wave,v*dy(v),2.05019894664812e-13,2,0,1,0,8.54891817894072e-16,6.68111344026556e-10,4,0
169,boundary,boundary,wave,w*dz(v),0,1,0,1,0,0,0,0,4
169,boundary,boundary,wave,u*dx(w),0,1,0,1,0,0,0,0,4
169,boundary,boundary,wave,v*dy(w),0,1,0,1,0,0,0,0,4
169,boundary,boundary,wave,w*dz(w),0,1,0,1,0,0,0,0,4
169,boundary,boundary,wave,u*dx(eta),1.5178794388509e-14,2,0,1,0,1.10464967930763e-15,4.7701687044821e-10,4,0
169,boundary,boundary,wave,v*dy(eta),1.51876525198402e-14,2,0,1,0,1.11002102497607e-15,4.77016759425908e-10,4,0
169,boundary,boundary,wave,w*dz(eta),0,1,0,1,0,0,0,0,4
169,boundary,boundary,wave,w*eta*dlogN2,0,1,0,1,0,0,0,0,4
74,wave,wave,wave,u*dx(u),5.00418347477764e-11,16,1,15,1,4.12858183918353e-15,8.66204885596744e-11,640,0
74,wave,wave,wave,v*dy(u),5.00417802460957e-11,15,1,16,1,4.06683071556077e-15,8.66173799352055e-11,640,0
74,wave,wave,wave,w*dz(u),2.67899890295866e-07,16,1,1,1,3.00449318571631e-13,7.97699804141339e-07,640,0
74,wave,wave,wave,u*dx(v),4.86765132841095e-11,15,1,16,1,3.2869973492105e-15,8.66176019798104e-11,640,0
74,wave,wave,wave,v*dy(v),4.8676536572388e-11,15,1,16,1,3.33642473484941e-15,8.66147153999464e-11,640,0
74,wave,wave,wave,w*dz(v),2.5786866976677e-07,16,1,1,1,2.62482101435975e-13,6.96340494568026e-07,640,0
74,wave,wave,wave,u*dx(w),3.2778500239918e-13,15,1,15,1,1.33226762955019e-15,8.67010907512622e-11,640,0
74,wave,wave,wave,v*dy(w),3.27785648878816e-13,15,1,15,1,1.33226762955019e-15,8.66977600821883e-11,640,0
74,wave,wave,wave,w*dz(w),3.27783645257094e-13,15,1,15,1,1.22124532708767e-15,8.6701756885077e-11,640,0
74,wave,wave,wave,u*dx(eta),7.16526541118497e-12,16,1,16,1,3.21287948154203e-15,6.51636522519539e-11,640,0
74,wave,wave,wave,v*dy(eta),7.16526050495435e-12,16,1,16,1,2.89699629168244e-15,6.516032158288e-11,640,0
74,wave,wave,wave,w*dz(eta),7.16525129024642e-12,16,1,16,1,4.00997140918892e-15,6.51643183857686e-11,640,0
74,wave,wave,wave,w*eta*dlogN2,6.413847667491e-11,14,1,16,1,1.81683646409618e-15,6.47655262753233e-11,640,0
74,wave,apv,wave,u*dx(u),5.75157678889619e-12,16,1,1,0,3.73381858455402e-15,6.51464212782326e-10,128,0
74,wave,apv,wave,v*dy(u),5.7517540319436e-12,16,1,1,0,3.46969047605278e-15,6.51464581573529e-10,128,0
74,wave,apv,wave,w*dz(u),1.37357268486576e-12,16,1,2,0,3.65063469052852e-15,7.70254459683859e-10,128,0
74,wave,apv,wave,u*dx(v),5.56494634488843e-12,16,1,1,0,4.01705051400654e-15,5.80235965340493e-10,128,0
74,wave,apv,wave,v*dy(v),5.56435683045314e-12,16,1,1,0,4.02046468170822e-15,5.8023666306926e-10,128,0
74,wave,apv,wave,w*dz(v),1.34468568277138e-12,16,1,2,0,4.09752127230412e-15,7.68383467963929e-10,128,0
74,wave,apv,wave,u*dx(w),0,1,1,-1,0,0,0,0,128
74,wave,apv,wave,v*dy(w),0,1,1,-1,0,0,0,0,128
74,wave,apv,wave,w*dz(w),0,1,1,-1,0,0,0,0,128
74,wave,apv,wave,u*dx(eta),2.47871212735195e-13,16,1,2,0,2.22044604925031e-15,8.4266316147108e-10,128,0
74,wave,apv,wave,v*dy(eta),2.47828170345939e-13,16,1,2,0,2.2322139221369e-15,8.42676595169678e-10,128,0
74,wave,apv,wave,w*dz(eta),1.28748048332847e-10,16,1,-1,0,1.97565605968356e-15,1.3402345899749e-09,128,0
74,wave,apv,wave,w*eta*dlogN2,1.55202480467365e-11,15,1,1,0,1.58974376171976e-15,7.80095321673002e-10,128,0
74,apv,wave,wave,u*dx(u),5.75158222708347e-12,1,0,16,1,3.72542654775544e-15,6.51464156177341e-10,128,0
74,apv,wave,wave,v*dy(u),5.75166879778007e-12,1,0,16,1,3.79925431460144e-15,6.51464130424413e-10,128,0
74,apv,wave,wave,w*dz(u),0,-1,0,1,1,0,0,0,128
74,apv,wave,wave,u*dx(v),5.56430203224501e-12,1,0,16,1,4.00369348993872e-15,5.80236700329706e-10,128,0
74,apv,wave,wave,v*dy(v),5.56437833446241e-12,1,0,16,1,4.03388756281889e-15,5.80236583460316e-10,128,0
74,apv,wave,wave,w*dz(v),0,-1,0,1,1,0,0,0,128
74,apv,wave,wave,u*dx(w),7.77654975374737e-14,3,0,15,1,5.55111512312578e-16,5.09305486673384e-10,128,0
74,apv,wave,wave,v*dy(w),7.77652130573212e-14,3,0,15,1,5.55111512312578e-16,5.09305486673384e-10,128,0
74,apv,wave,wave,w*dz(w),0,-1,0,1,1,0,0,0,128
74,apv,wave,wave,u*dx(eta),2.6629864280099e-13,1,0,16,1,1.33226762955019e-15,8.33611065776129e-10,128,0
74,apv,wave,wave,v*dy(eta),2.66307647650071e-13,1,0,16,1,1.55431223447522e-15,8.33611002445998e-10,128,0
74,apv,wave,wave,w*dz(eta),0,-1,0,1,1,0,0,0,128
74,apv,wave,wave,w*eta*dlogN2,0,-1,0,1,1,0,0,0,128
74,wave,boundary,wave,u*dx(u),3.62468338836136e-12,16,1,2,0,2.29701200287943e-15,1.70556356751522e-10,64,0
74,wave,boundary,wave,v*dy(u),3.62478294230022e-12,16,1,2,0,2.37504090605777e-15,1.70561954868756e-10,64,0
74,wave,boundary,wave,w*dz(u),4.24052121977602e-13,16,1,2,0,2.13127002456617e-15,1.82453485130726e-10,64,0
74,wave,boundary,wave,u*dx(v),3.50856899728601e-12,16,1,2,0,2.26435401942125e-15,1.43145022813051e-10,64,0
74,wave,boundary,wave,v*dy(v),3.50888676496314e-12,16,1,2,0,1.91494000643698e-15,1.4314448004735e-10,64,0
74,wave,boundary,wave,w*dz(v),4.12234455396523e-13,16,1,2,0,1.92707301171387e-15,1.63041691259025e-10,64,0
74,wave,boundary,wave,u*dx(w),0,1,1,1,0,0,0,0,64
74,wave,boundary,wave,v*dy(w),0,1,1,1,0,0,0,0,64
74,wave,boundary,wave,w*dz(w),0,1,1,1,0,0,0,0,64
74,wave,boundary,wave,u*dx(eta),7.74750018475405e-14,15,1,2,0,1.58011158295663e-15,1.5925882834722e-10,64,0
74,wave,boundary,wave,v*dy(eta),7.74070056665282e-14,15,1,2,0,8.54359260608699e-16,1.59266599908392e-10,64,0
74,wave,boundary,wave,w*dz(eta),1.60394515249691e-13,16,1,2,0,1.5584560639979e-15,8.80684263827117e-10,64,0
74,wave,boundary,wave,w*eta*dlogN2,2.19571871955259e-11,16,1,2,0,1.1140727595399e-15,1.59402047117396e-10,64,0
74,boundary,wave,wave,u*dx(u),3.62465125988176e-12,2,0,16,1,2.41341059381655e-15,1.70556324302334e-10,64,0
74,boundary,wave,wave,v*dy(u),3.62466044748052e-12,2,0,16,1,2.34998666973368e-15,1.70556312870017e-10,64,0
74,boundary,wave,wave,w*dz(u),0,1,0,1,1,0,0,0,64
74,boundary,wave,wave,u*dx(v),3.50884934622235e-12,2,0,16,1,1.96743394936435e-15,1.43144497732367e-10,64,0
74,boundary,wave,wave,v*dy(v),3.50884931333662e-12,2,0,16,1,1.94991747795887e-15,1.43144559508259e-10,64,0
74,boundary,wave,wave,w*dz(v),0,1,0,1,1,0,0,0,64
74,boundary,wave,wave,u*dx(w),3.01118184979495e-14,2,0,15,1,5.55111512312578e-16,1.37582611969833e-10,64,0
74,boundary,wave,wave,v*dy(w),3.01126447600733e-14,2,0,15,1,4.44089209850063e-16,1.37582611969833e-10,64,0
74,boundary,wave,wave,w*dz(w),0,1,0,1,1,0,0,0,64
74,boundary,wave,wave,u*dx(eta),1.61761347934881e-13,2,0,16,1,1.32065551343158e-15,1.35086719588173e-10,64,0
74,boundary,wave,wave,v*dy(eta),1.61758207148022e-13,2,0,16,1,1.32477182517331e-15,1.35086719588173e-10,64,0
74,boundary,wave,wave,w*dz(eta),0,1,0,1,1,0,0,0,64
74,boundary,wave,wave,w*eta*dlogN2,0,1,0,1,1,0,0,0,64
74,apv,boundary,wave,u*dx(u),3.67688038476665e-13,3,0,2,0,2.3015213268412e-15,6.30421348215321e-10,8,0
74,apv,boundary,wave,v*dy(u),3.67682837479332e-13,3,0,2,0,2.38166548985354e-15,6.3042137317978e-10,8,0
74,apv,boundary,wave,w*dz(u),0,-1,0,1,0,0,0,0,8
74,apv,boundary,wave,u*dx(v),3.5034344909073e-13,3,0,2,0,1.27209307159815e-15,6.22750073731027e-10,8,0
74,apv,boundary,wave,v*dy(v),3.50345104732254e-13,3,0,2,0,1.17009176448282e-15,6.22750073731027e-10,8,0
74,apv,boundary,wave,w*dz(v),0,-1,0,1,0,0,0,0,8
74,apv,boundary,wave,u*dx(w),0,-1,0,1,0,0,0,0,8
74,apv,boundary,wave,v*dy(w),0,-1,0,1,0,0,0,0,8
74,apv,boundary,wave,w*dz(w),0,-1,0,1,0,0,0,0,8
74,apv,boundary,wave,u*dx(eta),1.1181583322029e-14,3,0,2,0,9.51249977090848e-16,6.33792796023158e-10,8,0
74,apv,boundary,wave,v*dy(eta),1.12146769311885e-14,3,0,2,0,9.92394564826066e-16,6.33792796023158e-10,8,0
74,apv,boundary,wave,w*dz(eta),0,-1,0,1,0,0,0,0,8
74,apv,boundary,wave,w*eta*dlogN2,0,-1,0,1,0,0,0,0,8
74,boundary,apv,wave,u*dx(u),3.67682449863144e-13,2,0,3,0,2.24979125308296e-15,6.30421485793417e-10,8,0
74,boundary,apv,wave,v*dy(u),3.67679674793121e-13,2,0,3,0,2.30946195014413e-15,6.30421398117586e-10,8,0
74,boundary,apv,wave,w*dz(u),0,1,0,-1,0,0,0,0,8
74,boundary,apv,wave,u*dx(v),3.50334038246301e-13,2,0,3,0,1.2745302983483e-15,6.22750073731027e-10,8,0
74,boundary,apv,wave,v*dy(v),3.50350258635149e-13,2,0,3,0,1.16306179822565e-15,6.22750073731027e-10,8,0
74,boundary,apv,wave,w*dz(v),0,1,0,-1,0,0,0,0,8
74,boundary,apv,wave,u*dx(w),0,1,0,-1,0,0,0,0,8
74,boundary,apv,wave,v*dy(w),0,1,0,-1,0,0,0,0,8
74,boundary,apv,wave,w*dz(w),0,1,0,-1,0,0,0,0,8
74,boundary,apv,wave,u*dx(eta),3.08171310929916e-14,2,0,1,0,1.67537221133218e-15,1.02326103146311e-09,8,0
74,boundary,apv,wave,v*dy(eta),3.08020781281359e-14,2,0,1,0,1.67348346370389e-15,1.02326114248541e-09,8,0
74,boundary,apv,wave,w*dz(eta),0,1,0,-1,0,0,0,0,8
74,boundary,apv,wave,w*eta*dlogN2,0,1,0,-1,0,0,0,0,8
74,boundary,boundary,wave,u*dx(u),2.12269439834989e-13,1,0,2,0,2.25066297467624e-15,1.49911960693616e-09,4,0
74,boundary,boundary,wave,v*dy(u),2.12272450077974e-13,1,0,2,0,2.28465612476047e-15,1.49911952116557e-09,4,0
74,boundary,boundary,wave,w*dz(u),0,1,0,1,0,0,0,0,4
74,boundary,boundary,wave,u*dx(v),2.05532087256655e-13,1,0,2,0,1.00564945893777e-15,9.92968818280815e-10,4,0
74,boundary,boundary,wave,v*dy(v),2.0551066591399e-13,2,0,1,0,9.97185068095309e-16,9.92968818280815e-10,4,0
74,boundary,boundary,wave,w*dz(v),0,1,0,1,0,0,0,0,4
74,boundary,boundary,wave,u*dx(w),0,1,0,1,0,0,0,0,4
74,boundary,boundary,wave,v*dy(w),0,1,0,1,0,0,0,0,4
74,boundary,boundary,wave,w*dz(w),0,1,0,1,0,0,0,0,4
74,boundary,boundary,wave,u*dx(eta),4.0424048691474e-14,2,0,1,0,6.07573883831715e-16,7.42290562090616e-10,4,0
74,boundary,boundary,wave,v*dy(eta),4.04212860672124e-14,2,0,1,0,5.95174621209822e-16,7.42290521371111e-10,4,0
74,boundary,boundary,wave,w*dz(eta),0,1,0,1,0,0,0,0,4
74,boundary,boundary,wave,w*eta*dlogN2,0,1,0,1,0,0,0,0,4
87,wave,wave,inertial,u*dx(u),7.86153080115473e-12,16,1,14,1,2.55476481613028e-15,8.66204885596744e-11,640,0
87,wave,wave,inertial,v*dy(u),7.86163941090246e-12,16,1,14,1,2.55318626467155e-15,8.66176019798104e-11,640,0
87,wave,wave,inertial,w*dz(u),5.22159398881143e-08,16,1,1,1,1.77635683940025e-13,4.06874900327203e-07,640,0
87,wave,wave,inertial,u*dx(v),7.8618242153429e-12,14,-1,16,1,2.38233436006224e-15,8.66176019798104e-11,640,0
87,wave,wave,inertial,v*dy(v),7.86187097490316e-12,16,1,14,1,2.41492778723448e-15,8.66147153999464e-11,640,0
87,wave,wave,inertial,w*dz(v),5.22159399687706e-08,16,1,1,1,1.77746706242488e-13,4.06874903435828e-07,640,0
87,wave,wave,mda,u*dx(eta),1.45557335486853e-12,16,1,16,1,6.18164482514528e-15,5.60937162802027e-10,640,0
87,wave,wave,mda,v*dy(eta),1.45556706259065e-12,16,1,16,1,6.2227686655061e-15,5.60941688994282e-10,640,0
87,wave,wave,mda,w*dz(eta),1.45554137405252e-12,16,1,16,1,5.25692025003535e-15,5.60936531764183e-10,640,0
87,wave,wave,mda,w*eta*dlogN2,1.66726508663e-11,16,1,14,1,2.94547597248711e-15,1.59505195878361e-10,640,0
87,wave,apv,inertial,u*dx(u),1.03510066178089e-12,16,1,1,0,1.88737914186277e-15,4.58683189652684e-10,128,0
87,wave,apv,inertial,v*dy(u),1.03509069746949e-12,16,1,1,0,1.59643155641334e-15,4.58683731037695e-10,128,0
87,wave,apv,inertial,w*dz(u),3.0053116594354e-13,15,1,2,0,1.77635683940025e-15,7.68383356941627e-10,128,0
87,wave,apv,inertial,u*dx(v),1.03514313963203e-12,16,1,1,0,2.0584794374981e-15,4.58683898829577e-10,128,0
87,wave,apv,inertial,v*dy(v),1.03506166077182e-12,16,1,1,0,1.77635683940025e-15,4.58683576694694e-10,128,0
87,wave,apv,inertial,w*dz(v),3.00494574874632e-13,15,1,2,0,1.77635683940025e-15,7.68383467963929e-10,128,0
87,wave,apv,mda,u*dx(eta),1.17331675028251e-13,2,1,1,0,4.36650892988423e-15,7.12354057610723e-10,128,0
87,wave,apv,mda,v*dy(eta),1.19646388061278e-13,2,1,1,0,3.06652116757493e-15,7.12353043227311e-10,128,0
87,wave,apv,mda,w*dz(eta),2.79221441844931e-10,1,1,-1,0,3.77620354137551e-15,2.72847189099838e-05,128,0
87,wave,apv,mda,w*eta*dlogN2,4.62623767869017e-12,15,1,1,0,6.75138400943918e-15,7.80094988606095e-10,128,0
87,apv,wave,inertial,u*dx(u),1.03508765550967e-12,1,0,16,1,1.88737914186277e-15,4.58683139945177e-10,128,0
87,apv,wave,inertial,v*dy(u),1.03508395472671e-12,1,0,16,1,1.88737914186277e-15,4.58683163040817e-10,128,0
87,apv,wave,inertial,w*dz(u),0,-1,0,1,1,0,0,0,128
87,apv,wave,inertial,u*dx(v),1.03506991169638e-12,1,0,16,1,1.66533453693773e-15,4.58683693107666e-10,128,0
87,apv,wave,inertial,v*dy(v),1.03507648557438e-12,1,0,16,1,1.77635683940025e-15,4.58683601511516e-10,128,0
87,apv,wave,inertial,w*dz(v),0,-1,0,1,1,0,0,0,128
87,apv,wave,mda,u*dx(eta),6.6928014871318e-14,2,0,16,1,3.84526991683557e-15,8.68288570647459e-10,128,0
87,apv,wave,mda,v*dy(eta),6.6894814268976e-14,2,0,16,1,3.60325914986191e-15,8.68288571810911e-10,128,0
87,apv,wave,mda,w*dz(eta),0,-1,0,1,1,0,0,0,128
87,apv,wave,mda,w*eta*dlogN2,0,-1,0,1,1,0,0,0,128
87,wave,boundary,inertial,u*dx(u),6.56283216203111e-13,16,1,2,0,1.95313837630271e-15,1.38496103474495e-10,64,0
87,wave,boundary,inertial,v*dy(u),6.56295019885192e-13,16,1,2,0,1.40139352629045e-15,1.38509537173093e-10,64,0
87,wave,boundary,inertial,w*dz(u),1.07178085594305e-13,1,1,1,0,1.50119070077839e-15,1.63042024325932e-10,64,0
87,wave,boundary,inertial,u*dx(v),6.56231886203164e-13,16,1,2,0,1.32728794247308e-15,1.38496103474495e-10,64,0
87,wave,boundary,inertial,v*dy(v),6.5622810632895e-13,16,1,2,0,1.84496452691899e-15,1.3850942615079e-10,64,0
87,wave,boundary,inertial,w*dz(v),1.0717880805844e-13,1,1,1,0,1.42538218009133e-15,1.63041691259025e-10,64,0
87,wave,boundary,mda,u*dx(eta),1.7302345832961e-14,16,1,1,0,4.10665177490255e-16,6.74995614957652e-10,64,0
87,wave,boundary,mda,v*dy(eta),1.66589395426787e-14,16,1,1,0,5.32356897228408e-16,6.74998945626726e-10,64,0
87,wave,boundary,mda,w*dz(eta),3.99553526375351e-14,15,1,2,0,3.22634382323298e-15,6.30535456589312e-07,64,0
87,wave,boundary,mda,w*eta*dlogN2,5.14768012633009e-12,14,1,2,0,3.96057874712244e-15,1.87967394031712e-10,64,0
87,boundary,wave,inertial,u*dx(u),6.56283791430266e-13,2,0,16,1,2.10454605064241e-15,1.38495992452192e-10,64,0
87,boundary,wave,inertial,v*dy(u),6.56279886916033e-13,2,0,16,1,2.04819650366481e-15,1.38495992452192e-10,64,0
87,boundary,wave,inertial,w*dz(u),0,1,0,1,1,0,0,0,64
87,boundary,wave,inertial,u*dx(v),6.56251551678027e-13,2,0,16,1,1.69622558137559e-15,1.3850942615079e-10,64,0
87,boundary,wave,inertial,v*dy(v),6.56258125385433e-13,2,0,16,1,1.72358014057826e-15,1.3850942615079e-10,64,0
87,boundary,wave,inertial,w*dz(v),0,1,0,1,1,0,0,0,64
87,boundary,wave,mda,u*dx(eta),4.04511516614159e-14,2,0,15,1,3.27436782499762e-15,3.24689897321289e-10,64,0
87,boundary,wave,mda,v*dy(eta),4.04410924998158e-14,2,0,15,1,3.27436782499762e-15,3.24689742431158e-10,64,0
87,boundary,wave,mda,w*dz(eta),0,1,0,1,1,0,0,0,64
87,boundary,wave,mda,w*eta*dlogN2,0,1,0,1,1,0,0,0,64
87,apv,boundary,inertial,u*dx(u),8.59698016248931e-14,3,0,2,0,2.15159125184425e-15,6.22750295775631e-10,8,0
87,apv,boundary,inertial,v*dy(u),8.5918020111301e-14,3,0,2,0,2.10042970458918e-15,6.22750295775631e-10,8,0
87,apv,boundary,inertial,w*dz(u),0,-1,0,1,0,0,0,0,8
87,apv,boundary,inertial,u*dx(v),8.50299486209424e-14,3,0,2,0,1.54154358166401e-15,6.22750073731027e-10,8,0
87,apv,boundary,inertial,v*dy(v),8.50981789116551e-14,3,0,2,0,1.57652838626785e-15,6.22750073731027e-10,8,0
87,apv,boundary,inertial,w*dz(v),0,-1,0,1,0,0,0,0,8
87,apv,boundary,mda,u*dx(eta),1.34607226730799e-14,2,0,1,0,5.21362752620594e-16,8.08194880002155e-10,8,0
87,apv,boundary,mda,v*dy(eta),1.34607226730799e-14,2,0,1,0,5.21362752620594e-16,8.08194880002155e-10,8,0
87,apv,boundary,mda,w*dz(eta),0,-1,0,1,0,0,0,0,8
87,apv,boundary,mda,w*eta*dlogN2,0,-1,0,1,0,0,0,0,8
87,boundary,apv,inertial,u*dx(u),8.59693442961503e-14,2,0,3,0,2.15038310748852e-15,6.22750295775631e-10,8,0
87,boundary,apv,inertial,v*dy(u),8.59227564546742e-14,2,0,3,0,2.12365888854826e-15,6.22750295775631e-10,8,0
87,boundary,apv,inertial,w*dz(u),0,1,0,-1,0,0,0,0,8
87,boundary,apv,inertial,u*dx(v),8.50770842319569e-14,2,0,3,0,1.60344921068263e-15,6.22750073731027e-10,8,0
87,boundary,apv,inertial,v*dy(v),8.50618983339179e-14,2,0,3,0,1.54436054513551e-15,6.22750073731027e-10,8,0
87,boundary,apv,inertial,w*dz(v),0,1,0,-1,0,0,0,0,8
87,boundary,apv,mda,u*dx(eta),1.53177285687469e-13,1,0,1,0,8.13402440660058e-16,6.22961601357554e-10,8,0
87,boundary,apv,mda,v*dy(eta),1.53313509840894e-13,1,0,1,0,9.99999557590519e-16,6.22961626208808e-10,8,0
87,boundary,apv,mda,w*dz(eta),0,1,0,-1,0,0,0,0,8
87,boundary,apv,mda,w*eta*dlogN2,0,1,0,-1,0,0,0,0,8
87,boundary,boundary,inertial,u*dx(u),3.14497820912371e-14,2,0,1,0,9.62786744844276e-16,1.03905592965427e-09,4,0
87,boundary,boundary,inertial,v*dy(u),3.14090039072724e-14,1,0,2,0,9.71432400870907e-16,1.03905595155128e-09,4,0
87,boundary,boundary,inertial,w*dz(u),0,1,0,1,0,0,0,0,4
87,boundary,boundary,inertial,u*dx(v),3.23170267174717e-14,1,0,2,0,1.42204544376651e-15,1.03905666352841e-09,4,0
87,boundary,boundary,inertial,v*dy(v),3.23288120284204e-14,2,0,1,0,1.3352657658097e-15,1.03905666401017e-09,4,0
87,boundary,boundary,inertial,w*dz(v),0,1,0,1,0,0,0,0,4
87,boundary,boundary,mda,u*dx(eta),2.20525755625278e-13,2,0,1,0,2.19466456620052e-15,3.72502159699916e-09,4,0
87,boundary,boundary,mda,v*dy(eta),2.20621413892712e-13,2,0,1,0,2.22946398853827e-15,3.72502157409376e-09,4,0
87,boundary,boundary,mda,w*dz(eta),0,1,0,1,0,0,0,0,4
87,boundary,boundary,mda,w*eta*dlogN2,0,1,0,1,0,0,0,0,4
75,wave,wave,wave,u*dx(u),4.98651201470865e-11,15,1,16,1,3.6375010034428e-15,6.83615386520842e-11,640,0
75,wave,wave,wave,v*dy(u),0,1,1,1,1,0,0,0,640
75,wave,wave,wave,w*dz(u),1.3629494350445e-06,16,1,1,1,3.49431594770522e-12,3.31152195488601e-06,640,0
75,wave,wave,wave,u*dx(v),4.92191800830229e-11,15,1,16,1,3.33315964184881e-15,5.58408874695715e-11,640,0
75,wave,wave,wave,v*dy(v),0,1,1,1,1,0,0,0,640
75,wave,wave,wave,w*dz(v),1.33749190511644e-06,16,1,1,1,3.49442697000768e-12,3.0734326436929e-06,640,0
75,wave,wave,wave,u*dx(w),2.71596262049676e-13,15,1,15,1,1.11022302462516e-15,6.87918610964289e-11,640,0
75,wave,wave,wave,v*dy(w),0,1,1,1,1,0,0,0,640
75,wave,wave,wave,w*dz(w),2.71584324319646e-13,15,1,15,1,1.11022302462516e-15,6.77473632748615e-11,640,0
75,wave,wave,wave,u*dx(eta),6.06252161612501e-12,16,1,16,1,3.22428177613292e-15,5.64872593145083e-11,640,0
75,wave,wave,wave,v*dy(eta),0,1,1,1,1,0,0,0,640
75,wave,wave,wave,w*dz(eta),6.06261815864102e-12,16,1,16,1,3.77169758822352e-15,5.52271561815587e-11,640,0
75,wave,wave,wave,w*eta*dlogN2,5.46946841814509e-11,16,1,14,1,1.45627693164617e-15,5.6067372966595e-11,640,0
75,wave,apv,wave,u*dx(u),0,1,1,-1,0,0,0,0,128
75,wave,apv,wave,v*dy(u),0,1,1,-1,0,0,0,0,128
75,wave,apv,wave,w*dz(u),0,1,1,-1,0,0,0,0,128
75,wave,apv,wave,u*dx(v),5.63556036827863e-12,16,1,1,0,3.90777529209194e-15,5.94740896632372e-10,128,0
75,wave,apv,wave,v*dy(v),0,1,1,-1,0,0,0,0,128
75,wave,apv,wave,w*dz(v),1.3572404502808e-12,16,1,2,0,3.60980161574363e-15,7.68383467963929e-10,128,0
75,wave,apv,wave,u*dx(w),0,1,1,-1,0,0,0,0,128
75,wave,apv,wave,v*dy(w),0,1,1,-1,0,0,0,0,128
75,wave,apv,wave,w*dz(w),0,1,1,-1,0,0,0,0,128
75,wave,apv,wave,u*dx(eta),2.0839922341241e-13,16,1,2,0,2.22044604925031e-15,8.4266316147108e-10,128,0
75,wave,apv,wave,v*dy(eta),0,1,1,-1,0,0,0,0,128
75,wave,apv,wave,w*dz(eta),1.10440198253806e-10,16,1,-1,0,2.14842362425404e-15,1.3402345899749e-09,128,0
75,wave,apv,wave,w*eta*dlogN2,1.32981443045202e-11,15,1,1,0,1.80287130526367e-15,7.80095321673002e-10,128,0
75,apv,wave,wave,u*dx(u),5.72677843796367e-12,1,0,16,1,4.24178973333154e-15,6.32643878437359e-10,128,0
75,apv,wave,wave,v*dy(u),0,-1,0,1,1,0,0,0,128
75,apv,wave,wave,w*dz(u),0,-1,0,1,1,0,0,0,128
75,apv,wave,wave,u*dx(v),5.63620812525167e-12,1,0,16,1,3.41513035802476e-15,5.94894111826017e-10,128,0
75,apv,wave,wave,v*dy(v),0,-1,0,1,1,0,0,0,128
75,apv,wave,wave,w*dz(v),0,-1,0,1,1,0,0,0,128
75,apv,wave,wave,u*dx(w),6.44472029829622e-14,3,0,15,1,7.7715611723761e-16,4.91024554349906e-10,128,0
75,apv,wave,wave,v*dy(w),0,-1,0,1,1,0,0,0,128
75,apv,wave,wave,w*dz(w),0,-1,0,1,1,0,0,0,128
75,apv,wave,wave,u*dx(eta),2.25703619325401e-13,1,0,16,1,2.80493682546316e-15,8.14774406029556e-10,128,0
75,apv,wave,wave,v*dy(eta),0,-1,0,1,1,0,0,0,128
75,apv,wave,wave,w*dz(eta),0,-1,0,1,1,0,0,0,128
75,apv,wave,wave,w*eta*dlogN2,0,-1,0,1,1,0,0,0,128
75,wave,boundary,wave,u*dx(u),0,1,1,1,0,0,0,0,64
75,wave,boundary,wave,v*dy(u),0,1,1,1,0,0,0,0,64
75,wave,boundary,wave,w*dz(u),0,1,1,1,0,0,0,0,64
75,wave,boundary,wave,u*dx(v),5.44189223193326e-12,16,1,2,0,2.16845514616823e-15,3.3916658370714e-10,64,0
75,wave,boundary,wave,v*dy(v),0,1,1,1,0,0,0,0,64
75,wave,boundary,wave,w*dz(v),6.49122414570978e-13,16,1,2,0,3.13043237613082e-15,5.4542104166444e-10,64,0
75,wave,boundary,wave,u*dx(w),0,1,1,1,0,0,0,0,64
75,wave,boundary,wave,v*dy(w),0,1,1,1,0,0,0,0,64
75,wave,boundary,wave,w*dz(w),0,1,1,1,0,0,0,0,64
75,wave,boundary,wave,u*dx(eta),1.2738655888867e-13,15,1,2,0,1.22124532708767e-15,5.58404766870524e-10,64,0
75,wave,boundary,wave,v*dy(eta),0,1,1,1,0,0,0,0,64
75,wave,boundary,wave,w*dz(eta),3.3680727884743e-11,16,1,2,0,1.30583802441739e-15,3.03010061486475e-10,64,0
75,wave,boundary,wave,w*eta*dlogN2,1.51381874157932e-11,16,1,2,0,9.42269069065436e-16,5.42834888150878e-10,64,0
75,boundary,wave,wave,u*dx(u),3.60952514150697e-12,2,0,16,1,2.30021935908734e-15,1.62600044480402e-10,64,0
75,boundary,wave,wave,v*dy(u),0,1,0,1,1,0,0,0,64
75,boundary,wave,wave,w*dz(u),0,1,0,1,1,0,0,0,64
75,boundary,wave,wave,u*dx(v),3.55237538118947e-12,2,0,16,1,2.11764916593664e-15,1.44973104440062e-10,64,0
75,boundary,wave,wave,v*dy(v),0,1,0,1,1,0,0,0,64
75,boundary,wave,wave,w*dz(v),0,1,0,1,1,0,0,0,64
75,boundary,wave,wave,u*dx(w),2.49505575983108e-14,2,0,15,1,4.44089209850063e-16,1.374143021593e-10,64,0
75,boundary,wave,wave,v*dy(w),0,1,0,1,1,0,0,0,64
75,boundary,wave,wave,w*dz(w),0,1,0,1,1,0,0,0,64
75,boundary,wave,wave,u*dx(eta),1.37471638335123e-13,2,0,15,1,1.54896344245815e-15,1.34899202919314e-10,64,0
75,boundary,wave,wave,v*dy(eta),0,1,0,1,1,0,0,0,64
75,boundary,wave,wave,w*dz(eta),0,1,0,1,1,0,0,0,64
75,boundary,wave,wave,w*eta*dlogN2,0,1,0,1,1,0,0,0,64
75,apv,boundary,wave,u*dx(u),0,-1,0,1,0,0,0,0,8
75,apv,boundary,wave,v*dy(u),0,-1,0,1,0,0,0,0,8
75,apv,boundary,wave,w*dz(u),0,-1,0,1,0,0,0,0,8
75,apv,boundary,wave,u*dx(v),4.56549337197796e-13,3,0,2,0,1.68462249976861e-15,5.14420062103227e-10,8,0
75,apv,boundary,wave,v*dy(v),0,-1,0,1,0,0,0,0,8
75,apv,boundary,wave,w*dz(v),0,-1,0,1,0,0,0,0,8
75,apv,boundary,wave,u*dx(w),0,-1,0,1,0,0,0,0,8
75,apv,boundary,wave,v*dy(w),0,-1,0,1,0,0,0,0,8
75,apv,boundary,wave,w*dz(w),0,-1,0,1,0,0,0,0,8
75,apv,boundary,wave,u*dx(eta),1.48497856997014e-14,3,0,2,0,1.27694110710099e-15,6.47226605643425e-10,8,0
75,apv,boundary,wave,v*dy(eta),0,-1,0,1,0,0,0,0,8
75,apv,boundary,wave,w*dz(eta),0,-1,0,1,0,0,0,0,8
75,apv,boundary,wave,w*eta*dlogN2,0,-1,0,1,0,0,0,0,8
75,boundary,apv,wave,u*dx(u),0,1,0,-1,0,0,0,0,8
75,boundary,apv,wave,v*dy(u),0,1,0,-1,0,0,0,0,8
75,boundary,apv,wave,w*dz(u),0,1,0,-1,0,0,0,0,8
75,boundary,apv,wave,u*dx(v),3.56340521885117e-13,2,0,3,0,1.74504645455848e-15,6.22750073731027e-10,8,0
75,boundary,apv,wave,v*dy(v),0,1,0,-1,0,0,0,0,8
75,boundary,apv,wave,w*dz(v),0,1,0,-1,0,0,0,0,8
75,boundary,apv,wave,u*dx(w),0,1,0,-1,0,0,0,0,8
75,boundary,apv,wave,v*dy(w),0,1,0,-1,0,0,0,0,8
75,boundary,apv,wave,w*dz(w),0,1,0,-1,0,0,0,0,8
75,boundary,apv,wave,u*dx(eta),2.60941736649967e-14,2,0,1,0,8.54387065763183e-16,1.02326103146311e-09,8,0
75,boundary,apv,wave,v*dy(eta),0,1,0,-1,0,0,0,0,8
75,boundary,apv,wave,w*dz(eta),0,1,0,-1,0,0,0,0,8
75,boundary,apv,wave,w*eta*dlogN2,0,1,0,-1,0,0,0,0,8
75,boundary,boundary,wave,u*dx(u),0,1,0,1,0,0,0,0,4
75,boundary,boundary,wave,v*dy(u),0,1,0,1,0,0,0,0,4
75,boundary,boundary,wave,w*dz(u),0,1,0,1,0,0,0,0,4
75,boundary,boundary,wave,u*dx(v),1.71196927081231e-13,2,0,1,0,1.19409012227864e-15,5.28074917127697e-10,4,0
75,boundary,boundary,wave,v*dy(v),0,1,0,1,0,0,0,0,4
75,boundary,boundary,wave,w*dz(v),0,1,0,1,0,0,0,0,4
75,boundary,boundary,wave,u*dx(w),0,1,0,1,0,0,0,0,4
75,boundary,boundary,wave,v*dy(w),0,1,0,1,0,0,0,0,4
75,boundary,boundary,wave,w*dz(w),0,1,0,1,0,0,0,0,4
75,boundary,boundary,wave,u*dx(eta),2.82194730128286e-14,2,0,1,0,5.2875496139602e-16,9.33743971032186e-10,4,0
75,boundary,boundary,wave,v*dy(eta),0,1,0,1,0,0,0,0,4
75,boundary,boundary,wave,w*dz(eta),0,1,0,1,0,0,0,0,4
75,boundary,boundary,wave,w*eta*dlogN2,0,1,0,1,0,0,0,0,4
76,wave,wave,wave,u*dx(u),5.00435497237309e-11,15,-1,16,1,3.98617028290412e-15,8.94362361947287e-11,640,0
76,wave,wave,wave,v*dy(u),5.00436288684259e-11,15,-1,16,1,4.06441770257205e-15,8.94326834810499e-11,640,0
76,wave,wave,wave,w*dz(u),6.05040697953904e-07,16,1,1,1,7.72382158231721e-13,1.88621495969546e-06,640,0
76,wave,wave,wave,u*dx(v),4.91847128643778e-11,15,1,16,1,5.17964847255599e-15,8.94420093544568e-11,640,0
76,wave,wave,wave,v*dy(v),4.91847598915133e-11,15,-1,16,1,3.63412585024062e-15,8.94386786853829e-11,640,0
76,wave,wave,wave,w*dz(v),5.89677955914007e-07,16,1,1,1,7.72493180534184e-13,1.69332653982486e-06,640,0
76,wave,wave,wave,u*dx(w),2.46216615549571e-13,15,1,15,1,1.33226762955019e-15,8.95798990541152e-11,640,0
76,wave,wave,wave,v*dy(w),2.46217860299175e-13,15,1,15,1,1.33226762955019e-15,8.95763463404364e-11,640,0
76,wave,wave,wave,w*dz(w),2.462104199991e-13,15,1,15,1,9.99200722162641e-16,8.94120333327919e-11,640,0
76,wave,wave,wave,u*dx(eta),5.55506329467385e-12,16,1,16,1,2.44463220516407e-15,6.6656014041655e-11,640,0
76,wave,wave,wave,v*dy(eta),5.55506501843048e-12,16,1,16,1,2.81540945656412e-15,6.6652905417186e-11,640,0
76,wave,wave,wave,w*dz(eta),5.55515688269728e-12,16,1,16,1,3.0295430015974e-15,6.63002985845651e-11,640,0
76,wave,wave,wave,w*eta*dlogN2,5.0331717068365e-11,14,1,16,1,2.05026423490009e-15,6.62421228980747e-11,640,0
76,wave,apv,wave,u*dx(u),5.75258727355217e-12,16,1,1,0,4.34205412797944e-15,6.51488220380693e-10,128,0
76,wave,apv,wave,v*dy(u),5.75255976989591e-12,16,1,1,0,4.14724602458879e-15,6.51488854552022e-10,128,0
76,wave,apv,wave,w*dz(u),1.37388309877058e-12,16,1,2,0,3.87991957640654e-15,7.70057678713942e-10,128,0
76,wave,apv,wave,u*dx(v),5.62903925319981e-12,16,1,1,0,3.45221092915127e-15,5.94096265098855e-10,128,0
76,wave,apv,wave,v*dy(v),5.62898370551294e-12,16,1,1,0,3.72973706529349e-15,5.9409690875654e-10,128,0
76,wave,apv,wave,w*dz(v),1.35687414234198e-12,16,1,2,0,3.43583656431863e-15,7.68383467963929e-10,128,0
76,wave,apv,wave,u*dx(w),0,1,1,-1,0,0,0,0,128
76,wave,apv,wave,v*dy(w),0,1,1,-1,0,0,0,0,128
76,wave,apv,wave,w*dz(w),0,1,1,-1,0,0,0,0,128
76,wave,apv,wave,u*dx(eta),1.90273551786548e-13,16,1,2,0,2.22044604925031e-15,8.4266316147108e-10,128,0
76,wave,apv,wave,v*dy(eta),1.90253145418885e-13,16,1,2,0,1.99840144432528e-15,8.42676595169678e-10,128,0
76,wave,apv,wave,w*dz(eta),1.01981351238739e-10,16,1,-1,0,1.6812679578073e-15,1.3402345899749e-09,128,0
76,wave,apv,wave,w*eta*dlogN2,1.22697212018715e-11,15,1,1,0,1.41745719765686e-15,7.80095321673002e-10,128,0
76,apv,wave,wave,u*dx(u),5.75251088385142e-12,1,0,16,1,3.22016899309378e-15,6.51420721022836e-10,128,0
76,apv,wave,wave,v*dy(u),5.75258039480195e-12,1,0,16,1,3.19076514914341e-15,6.51420674555272e-10,128,0
76,apv,wave,wave,w*dz(u),0,-1,0,1,1,0,0,0,128
76,apv,wave,wave,u*dx(v),5.62974394390993e-12,1,0,16,1,3.8330750701318e-15,5.94067801307971e-10,128,0
76,apv,wave,wave,v*dy(v),5.62970838845806e-12,1,0,16,1,3.83164633142504e-15,5.94067836430762e-10,128,0
76,apv,wave,wave,w*dz(v),0,-1,0,1,1,0,0,0,128
76,apv,wave,wave,u*dx(w),5.84128750641331e-14,3,0,15,1,6.66133814775094e-16,5.11971576244719e-10,128,0
76,apv,wave,wave,v*dy(w),5.84136785816828e-14,3,0,15,1,5.55111512312578e-16,5.11971576244719e-10,128,0
76,apv,wave,wave,w*dz(w),0,-1,0,1,1,0,0,0,128
76,apv,wave,wave,u*dx(eta),2.06998841226411e-13,1,0,16,1,2.67126214634676e-15,8.03005710810634e-10,128,0
76,apv,wave,wave,v*dy(eta),2.06981151753056e-13,1,0,16,1,2.6715542184812e-15,8.03005728860954e-10,128,0
76,apv,wave,wave,w*dz(eta),0,-1,0,1,1,0,0,0,128
76,apv,wave,wave,w*eta*dlogN2,0,-1,0,1,1,0,0,0,128
76,wave,boundary,wave,u*dx(u),4.78672368138461e-12,16,1,2,0,2.45699046871916e-15,2.51903191810983e-10,64,0
76,wave,boundary,wave,v*dy(u),4.78632138845127e-12,16,1,2,0,2.38920850164446e-15,2.51908971252833e-10,64,0
76,wave,boundary,wave,w*dz(u),5.57332979166079e-13,16,1,2,0,2.54449528923493e-15,3.13392717483771e-10,64,0
76,wave,boundary,wave,u*dx(v),4.68333537992499e-12,16,1,2,0,2.67219298863353e-15,2.31264335107657e-10,64,0
76,wave,boundary,wave,v*dy(v),4.68343645160575e-12,16,1,2,0,2.2959642524797e-15,2.31264499974275e-10,64,0
76,wave,boundary,wave,w*dz(v),5.47899418909305e-13,16,1,2,0,2.5298891885189e-15,2.88553736460528e-10,64,0
76,wave,boundary,wave,u*dx(w),0,1,1,1,0,0,0,0,64
76,wave,boundary,wave,v*dy(w),0,1,1,1,0,0,0,0,64
76,wave,boundary,wave,w*dz(w),0,1,1,1,0,0,0,0,64
76,wave,boundary,wave,u*dx(eta),8.91129681317999e-14,15,1,2,0,9.61717200753272e-16,2.91270119134879e-10,64,0
76,wave,boundary,wave,v*dy(eta),8.91279274342493e-14,15,1,2,0,9.99200722162641e-16,2.91277890696051e-10,64,0
76,wave,boundary,wave,w*dz(eta),1.59714869868922e-11,16,1,2,0,1.83994970207667e-15,2.1662038829362e-10,64,0
76,wave,boundary,wave,w*eta*dlogN2,1.51912279951253e-11,16,1,2,0,1.00427616564214e-15,2.84475665246475e-10,64,0
76,boundary,wave,wave,u*dx(u),3.62499927222647e-12,2,0,16,1,2.23978474606312e-15,1.71033014619007e-10,64,0
76,boundary,wave,wave,v*dy(u),3.62492096604785e-12,2,0,16,1,2.29886960834655e-15,1.71033072151505e-10,64,0
76,boundary,wave,wave,w*dz(u),0,1,0,1,1,0,0,0,64
76,boundary,wave,wave,u*dx(v),3.54766762971461e-12,2,0,16,1,1.8309023661526e-15,1.44852388264202e-10,64,0
76,boundary,wave,wave,v*dy(v),3.54770135370894e-12,2,0,16,1,1.85243589175563e-15,1.44852398266337e-10,64,0
76,boundary,wave,wave,w*dz(v),0,1,0,1,1,0,0,0,64
76,boundary,wave,wave,u*dx(w),2.26149926382108e-14,2,0,15,1,4.44089209850063e-16,1.37794442522932e-10,64,0
76,boundary,wave,wave,v*dy(w),2.26154936654812e-14,2,0,15,1,4.44089209850063e-16,1.37794442522932e-10,64,0
76,boundary,wave,wave,w*dz(w),0,1,0,1,1,0,0,0,64
76,boundary,wave,wave,u*dx(eta),1.26399305556845e-13,2,0,15,1,9.66821651290319e-16,1.35231936759794e-10,64,0
76,boundary,wave,wave,v*dy(eta),1.26392294136275e-13,2,0,15,1,9.37459545743522e-16,1.35232047782097e-10,64,0
76,boundary,wave,wave,w*dz(eta),0,1,0,1,1,0,0,0,64
76,boundary,wave,wave,w*eta*dlogN2,0,1,0,1,1,0,0,0,64
76,apv,boundary,wave,u*dx(u),4.36783812420865e-13,3,0,2,0,3.35786476351961e-15,6.02705522188399e-10,8,0
76,apv,boundary,wave,v*dy(u),4.36841627817261e-13,3,0,2,0,3.18853247174525e-15,6.0270569002355e-10,8,0
76,apv,boundary,wave,w*dz(u),0,-1,0,1,0,0,0,0,8
76,apv,boundary,wave,u*dx(v),4.22483384600338e-13,3,0,2,0,1.37089582332271e-15,5.91150461914935e-10,8,0
76,apv,boundary,wave,v*dy(v),4.22547988051596e-13,3,0,2,0,1.30946264957124e-15,5.91150461914935e-10,8,0
76,apv,boundary,wave,w*dz(v),0,-1,0,1,0,0,0,0,8
76,apv,boundary,wave,u*dx(w),0,-1,0,1,0,0,0,0,8
76,apv,boundary,wave,v*dy(w),0,-1,0,1,0,0,0,0,8
76,apv,boundary,wave,w*dz(w),0,-1,0,1,0,0,0,0,8
76,apv,boundary,wave,u*dx(eta),1.24076304384818e-14,3,0,2,0,9.81845826500055e-16,5.07086594936368e-10,8,0
76,apv,boundary,wave,v*dy(eta),1.23937374136565e-14,3,0,2,0,1.07824520953989e-15,5.07086594936368e-10,8,0
76,apv,boundary,wave,w*dz(eta),0,-1,0,1,0,0,0,0,8
76,apv,boundary,wave,w*eta*dlogN2,0,-1,0,1,0,0,0,0,8
76,boundary,apv,wave,u*dx(u),3.67362698216252e-13,2,0,3,0,1.76693865206618e-15,6.30860556595458e-10,8,0
76,boundary,apv,wave,v*dy(u),3.67377537561126e-13,2,0,3,0,1.82556650246984e-15,6.30860647756384e-10,8,0
76,boundary,apv,wave,w*dz(u),0,1,0,-1,0,0,0,0,8
76,boundary,apv,wave,u*dx(v),3.5533374236347e-13,2,0,3,0,1.27656737482986e-15,6.22750073731027e-10,8,0
76,boundary,apv,wave,v*dy(v),3.55324384117917e-13,2,0,3,0,1.30149309544564e-15,6.22750073731027e-10,8,0
76,boundary,apv,wave,w*dz(v),0,1,0,-1,0,0,0,0,8
76,boundary,apv,wave,u*dx(w),0,1,0,-1,0,0,0,0,8
76,boundary,apv,wave,v*dy(w),0,1,0,-1,0,0,0,0,8
76,boundary,apv,wave,w*dz(w),0,1,0,-1,0,0,0,0,8
76,boundary,apv,wave,u*dx(eta),2.37934655163141e-14,2,0,1,0,1.5912312617821e-15,1.02326103146311e-09,8,0
76,boundary,apv,wave,v*dy(eta),2.38416164240031e-14,2,0,1,0,1.57994484119155e-15,1.02326114248541e-09,8,0
76,boundary,apv,wave,w*dz(eta),0,1,0,-1,0,0,0,0,8
76,boundary,apv,wave,w*eta*dlogN2,0,1,0,-1,0,0,0,0,8
76,boundary,boundary,wave,u*dx(u),2.20086004458139e-13,2,0,1,0,1.30515501158845e-15,1.00415037433124e-09,4,0
76,boundary,boundary,wave,v*dy(u),2.20075848814036e-13,2,0,1,0,1.30752956696566e-15,1.00415049266712e-09,4,0
76,boundary,boundary,wave,w*dz(u),0,1,0,1,0,0,0,0,4
76,boundary,boundary,wave,u*dx(v),2.15202946073627e-13,2,0,1,0,6.79337347912931e-16,8.34385449621777e-10,4,0
76,boundary,boundary,wave,v*dy(v),2.15185673266718e-13,2,0,1,0,6.70543987284319e-16,8.34385227577172e-10,4,0
76,boundary,boundary,wave,w*dz(v),0,1,0,1,0,0,0,0,4
76,boundary,boundary,wave,u*dx(w),0,1,0,1,0,0,0,0,4
76,boundary,boundary,wave,v*dy(w),0,1,0,1,0,0,0,0,4
76,boundary,boundary,wave,w*dz(w),0,1,0,1,0,0,0,0,4
76,boundary,boundary,wave,u*dx(eta),2.87805784347924e-14,2,0,1,0,1.0996603008647e-15,6.61314551159754e-10,4,0
76,boundary,boundary,wave,v*dy(eta),2.87818196325587e-14,2,0,1,0,1.10560444316722e-15,6.6131441909983e-10,4,0
76,boundary,boundary,wave,w*dz(eta),0,1,0,1,0,0,0,0,4
76,boundary,boundary,wave,w*eta*dlogN2,0,1,0,1,0,0,0,0,4
150,wave,wave,wave,u*dx(u),4.9337237260253e-11,15,1,16,1,3.41886956996152e-15,9.23003895536567e-11,640,0
150,wave,wave,wave,v*dy(u),0,1,1,1,1,0,0,0,640
150,wave,wave,wave,w*dz(u),1.34244474876788e-06,16,1,1,1,3.49453799231014e-12,3.12872277485642e-06,640,0
150,wave,wave,wave,u*dx(v),4.96842572954994e-11,15,1,16,1,3.62631993859694e-15,7.9779960415749e-11,640,0
150,wave,wave,wave,v*dy(v),0,1,1,1,1,0,0,0,640
150,wave,wave,wave,w*dz(v),1.3559832558253e-06,16,1,1,1,3.49431594770522e-12,3.25245815981568e-06,640,0
150,wave,wave,wave,u*dx(w),2.82230534646616e-13,15,1,15,1,1.11022302462516e-15,9.249800925204e-11,640,0
150,wave,wave,wave,v*dy(w),0,1,1,1,1,0,0,0,640
150,wave,wave,wave,w*dz(w),2.8223205465169e-13,15,1,15,1,1.4432899320127e-15,9.18192188947842e-11,640,0
150,wave,wave,wave,u*dx(eta),6.2734275415997e-12,16,1,16,1,2.62928485178793e-15,8.01416710771718e-11,640,0
150,wave,wave,wave,v*dy(eta),0,1,1,1,1,0,0,0,640
150,wave,wave,wave,w*dz(eta),6.27359887841327e-12,16,1,16,1,3.21304731908261e-15,7.9341422321022e-11,640,0
150,wave,wave,wave,w*eta*dlogN2,5.65050942016911e-11,16,1,14,1,1.88080381517167e-15,8.01740895894909e-11,640,0
150,wave,apv,wave,u*dx(u),0,1,1,-1,0,0,0,0,128
150,wave,apv,wave,v*dy(u),0,1,1,-1,0,0,0,0,128
150,wave,apv,wave,w*dz(u),0,1,1,-1,0,0,0,0,128
150,wave,apv,wave,u*dx(v),5.70236164624019e-12,16,1,1,0,3.35053893061778e-15,6.13647207620186e-10,128,0
150,wave,apv,wave,v*dy(v),0,1,1,-1,0,0,0,0,128
150,wave,apv,wave,w*dz(v),1.36691318735423e-12,16,1,2,0,4.09564357023043e-15,7.6825323880314e-10,128,0
150,wave,apv,wave,u*dx(w),0,1,1,-1,0,0,0,0,128
150,wave,apv,wave,v*dy(w),0,1,1,-1,0,0,0,0,128
150,wave,apv,wave,w*dz(w),0,1,1,-1,0,0,0,0,128
150,wave,apv,wave,u*dx(eta),2.15843217230218e-13,16,1,2,0,1.90325409374091e-15,8.42768410613814e-10,128,0
150,wave,apv,wave,v*dy(eta),0,1,1,-1,0,0,0,0,128
150,wave,apv,wave,w*dz(eta),1.13951225894351e-10,16,1,-1,0,1.76774213688351e-15,1.34020450293093e-09,128,0
150,wave,apv,wave,w*eta*dlogN2,1.3724498872977e-11,15,1,1,0,2.45585512516884e-15,7.80231546038124e-10,128,0
150,apv,wave,wave,u*dx(u),5.65325025864068e-12,1,0,16,1,3.77618616950225e-15,5.98648194003513e-10,128,0
150,apv,wave,wave,v*dy(u),0,-1,0,1,1,0,0,0,128
150,apv,wave,wave,w*dz(u),0,-1,0,1,1,0,0,0,128
150,apv,wave,wave,u*dx(v),5.70192355075281e-12,1,0,16,1,4.24813363598801e-15,6.13652391829057e-10,128,0
150,apv,wave,wave,v*dy(v),0,-1,0,1,1,0,0,0,128
150,apv,wave,wave,w*dz(v),0,-1,0,1,1,0,0,0,128
150,apv,wave,wave,u*dx(w),6.69637788579921e-14,3,0,15,1,7.7715611723761e-16,4.91024554349906e-10,128,0
150,apv,wave,wave,v*dy(w),0,-1,0,1,1,0,0,0,128
150,apv,wave,wave,w*dz(w),0,-1,0,1,1,0,0,0,128
150,apv,wave,wave,u*dx(eta),2.33450812166281e-13,1,0,16,1,1.66533453693773e-15,8.1893655796053e-10,128,0
150,apv,wave,wave,v*dy(eta),0,-1,0,1,1,0,0,0,128
150,apv,wave,wave,w*dz(eta),0,-1,0,1,1,0,0,0,128
150,apv,wave,wave,w*eta*dlogN2,0,-1,0,1,1,0,0,0,128
150,wave,boundary,wave,u*dx(u),0,1,1,1,0,0,0,0,64
150,wave,boundary,wave,v*dy(u),0,1,1,1,0,0,0,0,64
150,wave,boundary,wave,w*dz(u),0,1,1,1,0,0,0,0,64
150,wave,boundary,wave,u*dx(v),5.50716040221218e-12,16,1,2,0,2.52823311429918e-15,3.39294592421879e-10,64,0
150,wave,boundary,wave,v*dy(v),0,1,1,1,0,0,0,0,64
150,wave,boundary,wave,w*dz(v),6.56709199941434e-13,15,1,2,0,3.39071562220591e-15,5.45544498464778e-10,64,0
150,wave,boundary,wave,u*dx(w),0,1,1,1,0,0,0,0,64
150,wave,boundary,wave,v*dy(w),0,1,1,1,0,0,0,0,64
150,wave,boundary,wave,w*dz(w),0,1,1,1,0,0,0,0,64
150,wave,boundary,wave,u*dx(eta),1.31100189634046e-13,15,1,2,0,1.35498872772724e-15,5.58519452908968e-10,64,0
150,wave,boundary,wave,v*dy(eta),0,1,1,1,0,0,0,0,64
150,wave,boundary,wave,w*dz(eta),3.47689869614088e-11,16,1,2,0,9.61053380647193e-16,3.06598935396182e-10,64,0
150,wave,boundary,wave,w*eta*dlogN2,1.56874323501678e-11,16,1,2,0,2.26751668403265e-15,5.4263660231868e-10,64,0
150,boundary,wave,wave,u*dx(u),2.78609261592071e-12,2,0,16,1,2.97050170688765e-15,1.13137720834153e-10,64,0
150,boundary,wave,wave,v*dy(u),0,1,0,1,1,0,0,0,64
150,boundary,wave,wave,w*dz(u),0,1,0,1,1,0,0,0,64
150,boundary,wave,wave,u*dx(v),2.81017517024639e-12,2,0,16,1,2.16765556541655e-15,1.14154262670255e-10,64,0
150,boundary,wave,wave,v*dy(v),0,1,0,1,1,0,0,0,64
150,boundary,wave,wave,w*dz(v),0,1,0,1,1,0,0,0,64
150,boundary,wave,wave,u*dx(w),1.92523868102181e-14,2,0,15,1,3.33066907387547e-16,1.11377684852698e-10,64,0
150,boundary,wave,wave,v*dy(w),0,1,0,1,1,0,0,0,64
150,boundary,wave,wave,w*dz(w),0,1,0,1,1,0,0,0,64
150,boundary,wave,wave,u*dx(eta),1.09173012242975e-13,2,0,15,1,1.26827489834519e-15,1.1284706502579e-10,64,0
150,boundary,wave,wave,v*dy(eta),0,1,0,1,1,0,0,0,64
150,boundary,wave,wave,w*dz(eta),0,1,0,1,1,0,0,0,64
150,boundary,wave,wave,w*eta*dlogN2,0,1,0,1,1,0,0,0,64
150,apv,boundary,wave,u*dx(u),0,-1,0,1,0,0,0,0,8
150,apv,boundary,wave,v*dy(u),0,-1,0,1,0,0,0,0,8
150,apv,boundary,wave,w*dz(u),0,-1,0,1,0,0,0,0,8
150,apv,boundary,wave,u*dx(v),4.65251291542195e-13,3,0,2,0,1.42428894439257e-15,5.14420062103227e-10,8,0
150,apv,boundary,wave,v*dy(v),0,-1,0,1,0,0,0,0,8
150,apv,boundary,wave,w*dz(v),0,-1,0,1,0,0,0,0,8
150,apv,boundary,wave,u*dx(w),0,-1,0,1,0,0,0,0,8
150,apv,boundary,wave,v*dy(w),0,-1,0,1,0,0,0,0,8
150,apv,boundary,wave,w*dz(w),0,-1,0,1,0,0,0,0,8
150,apv,boundary,wave,u*dx(eta),1.5589184344909e-14,3,0,2,0,1.26639436417299e-15,6.50497788460939e-10,8,0
150,apv,boundary,wave,v*dy(eta),0,-1,0,1,0,0,0,0,8
150,apv,boundary,wave,w*dz(eta),0,-1,0,1,0,0,0,0,8
150,apv,boundary,wave,w*eta*dlogN2,0,-1,0,1,0,0,0,0,8
150,boundary,apv,wave,u*dx(u),0,1,0,-1,0,0,0,0,8
150,boundary,apv,wave,v*dy(u),0,1,0,-1,0,0,0,0,8
150,boundary,apv,wave,w*dz(u),0,1,0,-1,0,0,0,0,8
150,boundary,apv,wave,u*dx(v),3.18392421993606e-13,2,0,3,0,2.0108035375644e-15,6.51752207758705e-10,8,0
150,boundary,apv,wave,v*dy(v),0,1,0,-1,0,0,0,0,8
150,boundary,apv,wave,w*dz(v),0,1,0,-1,0,0,0,0,8
150,boundary,apv,wave,u*dx(w),0,1,0,-1,0,0,0,0,8
150,boundary,apv,wave,v*dy(w),0,1,0,-1,0,0,0,0,8
150,boundary,apv,wave,w*dz(w),0,1,0,-1,0,0,0,0,8
150,boundary,apv,wave,u*dx(eta),2.64144130512288e-14,2,0,1,0,1.09702755004284e-15,1.0148071272198e-09,8,0
150,boundary,apv,wave,v*dy(eta),0,1,0,-1,0,0,0,0,8
150,boundary,apv,wave,w*dz(eta),0,1,0,-1,0,0,0,0,8
150,boundary,apv,wave,w*eta*dlogN2,0,1,0,-1,0,0,0,0,8
150,boundary,boundary,wave,u*dx(u),0,1,0,1,0,0,0,0,4
150,boundary,boundary,wave,v*dy(u),0,1,0,1,0,0,0,0,4
150,boundary,boundary,wave,w*dz(u),0,1,0,1,0,0,0,0,4
150,boundary,boundary,wave,u*dx(v),1.36073343487065e-13,2,0,1,0,1.31849558234441e-15,5.66421798353645e-10,4,0
150,boundary,boundary,wave,v*dy(v),0,1,0,1,0,0,0,0,4
150,boundary,boundary,wave,w*dz(v),0,1,0,1,0,0,0,0,4
150,boundary,boundary,wave,u*dx(w),0,1,0,1,0,0,0,0,4
150,boundary,boundary,wave,v*dy(w),0,1,0,1,0,0,0,0,4
150,boundary,boundary,wave,w*dz(w),0,1,0,1,0,0,0,0,4
150,boundary,boundary,wave,u*dx(eta),3.08315429247618e-14,2,0,1,0,5.77988379996687e-16,1.23101562277128e-09,4,0
150,boundary,boundary,wave,v*dy(eta),0,1,0,1,0,0,0,0,4
150,boundary,boundary,wave,w*dz(eta),0,1,0,1,0,0,0,0,4
150,boundary,boundary,wave,w*eta*dlogN2,0,1,0,1,0,0,0,0,4
157,wave,wave,inertial,u*dx(u),7.86169363745328e-12,14,1,16,1,2.018764365998e-15,1.34498634452029e-10,640,0
157,wave,wave,inertial,v*dy(u),7.86201854727225e-12,14,-1,16,1,2.3481659464418e-15,1.34513733485164e-10,640,0
157,wave,wave,inertial,w*dz(u),3.36284916966564e-08,16,1,1,1,8.75965966429249e-14,2.65777164942804e-07,640,0
157,wave,wave,inertial,u*dx(v),7.86172338664067e-12,14,-1,16,1,2.22604753488676e-15,1.34513733485164e-10,640,0
157,wave,wave,inertial,v*dy(v),7.86189990926626e-12,14,1,16,1,2.31523775928514e-15,1.34528610473694e-10,640,0
157,wave,wave,inertial,w*dz(v),3.36284916403027e-08,16,1,1,1,8.77076189453874e-14,2.65777149954793e-07,640,0
157,wave,wave,mda,u*dx(eta),1.45553949355834e-12,16,1,16,1,4.07556955855391e-15,5.6317477128291e-10,640,0
157,wave,wave,mda,v*dy(eta),1.45558157079682e-12,16,1,16,1,4.80328339050233e-15,5.63161760435143e-10,640,0
157,wave,wave,mda,w*dz(eta),1.45546351347385e-12,16,1,16,1,5.31696438945558e-15,5.63161230457872e-10,640,0
157,wave,wave,mda,w*eta*dlogN2,1.66723431699348e-11,14,1,16,1,3.10686841076121e-15,1.5951852801285e-10,640,0
157,wave,apv,inertial,u*dx(u),1.03505799944419e-12,16,1,1,0,1.82991768523533e-15,4.58645406058528e-10,128,0
157,wave,apv,inertial,v*dy(u),1.03509804144241e-12,16,1,1,0,2.06384073296159e-15,4.58644982584585e-10,128,0
157,wave,apv,inertial,w*dz(u),3.00471853196424e-13,15,1,2,0,1.77635683940025e-15,7.6825323880314e-10,128,0
157,wave,apv,inertial,u*dx(v),1.03507472589103e-12,16,1,1,0,2.00428239662318e-15,4.58644963149048e-10,128,0
157,wave,apv,inertial,v*dy(v),1.0351001474149e-12,16,1,1,0,1.77635683940025e-15,4.58645443151307e-10,128,0
157,wave,apv,inertial,w*dz(v),3.00493205015473e-13,15,1,2,0,2.1094237467878e-15,7.6825323880314e-10,128,0
157,wave,apv,mda,u*dx(eta),1.16799620129777e-13,2,1,1,0,2.34319124491056e-15,7.24831317022788e-10,128,0
157,wave,apv,mda,v*dy(eta),1.19020743284203e-13,2,1,1,0,4.33497482259563e-15,7.24828697163633e-10,128,0
157,wave,apv,mda,w*dz(eta),2.79243166654178e-10,1,1,-1,0,4.15848945394631e-15,2.72867787516946e-05,128,0
157,wave,apv,mda,w*eta*dlogN2,4.6260982755645e-12,15,1,1,0,6.16810935235639e-15,7.80231212971216e-10,128,0
157,apv,wave,inertial,u*dx(u),1.03508851107267e-12,1,0,16,1,1.89136322242506e-15,4.58645396592445e-10,128,0
157,apv,wave,inertial,v*dy(u),1.03508960594582e-12,1,0,16,1,1.82772561147627e-15,4.58645462554981e-10,128,0
157,apv,wave,inertial,w*dz(u),0,-1,0,1,1,0,0,0,128
157,apv,wave,inertial,u*dx(v),1.03509672680688e-12,1,0,16,1,1.77635683940025e-15,4.58645499424787e-10,128,0
157,apv,wave,inertial,v*dy(v),1.03510997504299e-12,1,0,16,1,1.77635683940025e-15,4.58645317318413e-10,128,0
157,apv,wave,inertial,w*dz(v),0,-1,0,1,1,0,0,0,128
157,apv,wave,mda,u*dx(eta),6.67637116343964e-14,2,0,16,1,2.70582041141094e-15,8.68344900138921e-10,128,0
157,apv,wave,mda,v*dy(eta),6.68140588696666e-14,2,0,16,1,2.73363831102331e-15,8.68344953843688e-10,128,0
157,apv,wave,mda,w*dz(eta),0,-1,0,1,1,0,0,0,128
157,apv,wave,mda,w*eta*dlogN2,0,-1,0,1,1,0,0,0,128
157,wave,boundary,inertial,u*dx(u),5.23450092323199e-13,16,1,2,0,1.42935542314611e-15,1.24206644969149e-10,64,0
157,wave,boundary,inertial,v*dy(u),5.23448599882444e-13,16,1,2,0,1.49437059155732e-15,1.24221521957679e-10,64,0
157,wave,boundary,inertial,w*dz(u),9.31594891929695e-14,1,1,1,0,1.68289739205524e-15,1.15545795154048e-10,64,0
157,wave,boundary,inertial,u*dx(v),5.23574037259394e-13,16,1,2,0,1.32006345251148e-15,1.24206644969149e-10,64,0
157,wave,boundary,inertial,v*dy(v),5.23456965975875e-13,16,1,2,0,1.46139533427085e-15,1.24221744002284e-10,64,0
157,wave,boundary,inertial,w*dz(v),9.35328026126224e-14,1,1,1,0,2.01956868769788e-15,1.15545795154048e-10,64,0
157,wave,boundary,mda,u*dx(eta),1.4006098414589e-14,16,1,1,0,5.86726462869285e-16,6.85301593250642e-10,64,0
157,wave,boundary,mda,v*dy(eta),1.43148927601311e-14,16,1,1,0,7.57793796173958e-16,6.852861611506e-10,64,0
157,wave,boundary,mda,w*dz(eta),3.09030291577193e-14,15,1,2,0,2.32678987617174e-15,6.89924384790236e-07,64,0
157,wave,boundary,mda,w*eta*dlogN2,5.63487082911702e-12,14,1,2,0,3.35669821099251e-15,1.59585644922434e-10,64,0
157,boundary,wave,inertial,u*dx(u),5.23457271419648e-13,2,0,16,1,1.42595851788553e-15,1.24206644969149e-10,64,0
157,boundary,wave,inertial,v*dy(u),5.23454952048459e-13,2,0,16,1,1.41786097871505e-15,1.24206644969149e-10,64,0
157,boundary,wave,inertial,w*dz(u),0,1,0,1,1,0,0,0,64
157,boundary,wave,inertial,u*dx(v),5.23495479909122e-13,2,0,16,1,1.49315974769304e-15,1.24221966046889e-10,64,0
157,boundary,wave,inertial,v*dy(v),5.23467284368025e-13,2,0,16,1,1.52305219291144e-15,1.24221966046889e-10,64,0
157,boundary,wave,inertial,w*dz(v),0,1,0,1,1,0,0,0,64
157,boundary,wave,mda,u*dx(eta),3.14485005828955e-14,2,0,15,1,2.00603434146212e-15,2.40269519740499e-10,64,0
157,boundary,wave,mda,v*dy(eta),3.14506401512817e-14,2,0,15,1,1.89907048657078e-15,2.40269443699523e-10,64,0
157,boundary,wave,mda,w*dz(eta),0,1,0,1,1,0,0,0,64
157,boundary,wave,mda,w*eta*dlogN2,0,1,0,1,1,0,0,0,64
157,apv,boundary,inertial,u*dx(u),7.29786902471225e-14,3,0,2,0,1.31917012380826e-15,6.51752207758705e-10,8,0
157,apv,boundary,inertial,v*dy(u),7.29996244532389e-14,3,0,2,0,1.26300466247369e-15,6.51752207758705e-10,8,0
157,apv,boundary,inertial,w*dz(u),0,-1,0,1,0,0,0,0,8
157,apv,boundary,inertial,u*dx(v),7.2999557316881e-14,3,0,2,0,1.31827169224319e-15,6.51752207758705e-10,8,0
157,apv,boundary,inertial,v*dy(v),7.30672216904559e-14,3,0,2,0,1.25639350293932e-15,6.517519857141e-10,8,0
157,apv,boundary,inertial,w*dz(v),0,-1,0,1,0,0,0,0,8
157,apv,boundary,mda,u*dx(eta),9.63300064911563e-15,2,0,1,0,6.7003750224593e-16,8.05814940263185e-10,8,0
157,apv,boundary,mda,v*dy(eta),9.36068748899286e-15,2,0,1,0,6.7003750224593e-16,8.05815034105233e-10,8,0
157,apv,boundary,mda,w*dz(eta),0,-1,0,1,0,0,0,0,8
157,apv,boundary,mda,w*eta*dlogN2,0,-1,0,1,0,0,0,0,8
157,boundary,apv,inertial,u*dx(u),7.2967347395612e-14,2,0,3,0,1.35124292808641e-15,6.51752207758705e-10,8,0
157,boundary,apv,inertial,v*dy(u),7.29221759587224e-14,2,0,3,0,1.38265796909802e-15,6.51752207758705e-10,8,0
157,boundary,apv,inertial,w*dz(u),0,1,0,-1,0,0,0,0,8
157,boundary,apv,inertial,u*dx(v),7.30596927111897e-14,2,0,3,0,1.24471088834525e-15,6.51752207758705e-10,8,0
157,boundary,apv,inertial,v*dy(v),7.30539052424603e-14,2,0,3,0,1.21008616090921e-15,6.51752207758705e-10,8,0
157,boundary,apv,inertial,w*dz(v),0,1,0,-1,0,0,0,0,8
157,boundary,apv,mda,u*dx(eta),1.63983819431005e-13,1,0,1,0,1.16345919921609e-15,6.97524604065257e-10,8,0
157,boundary,apv,mda,v*dy(eta),1.64131938489948e-13,1,0,1,0,1.20030925671028e-15,6.97524616272846e-10,8,0
157,boundary,apv,mda,w*dz(eta),0,1,0,-1,0,0,0,0,8
157,boundary,apv,mda,w*eta*dlogN2,0,1,0,-1,0,0,0,0,8
157,boundary,boundary,inertial,u*dx(u),3.12552677424689e-14,2,0,1,0,1.3390505648034e-15,1.39431381848803e-09,4,0
157,boundary,boundary,inertial,v*dy(u),3.12499049803601e-14,1,0,2,0,1.35753354830927e-15,1.39431382965329e-09,4,0
157,boundary,boundary,inertial,w*dz(u),0,1,0,1,0,0,0,0,4
157,boundary,boundary,inertial,u*dx(v),3.09037921177859e-14,1,0,2,0,1.42714396482602e-15,1.39431373745673e-09,4,0
157,boundary,boundary,inertial,v*dy(v),3.08928121587018e-14,1,0,2,0,1.41191898788119e-15,1.39431376766931e-09,4,0
157,boundary,boundary,inertial,w*dz(v),0,1,0,1,0,0,0,0,4
157,boundary,boundary,mda,u*dx(eta),4.08062861181191e-13,2,0,1,0,1.18780648403008e-15,6.08110586697926e-09,4,0
157,boundary,boundary,mda,v*dy(eta),4.08105282096245e-13,2,0,1,0,1.16875700206783e-15,6.08110550264744e-09,4,0
157,boundary,boundary,mda,w*dz(eta),0,1,0,1,0,0,0,0,4
157,boundary,boundary,mda,w*eta*dlogN2,0,1,0,1,0,0,0,0,4
155,wave,wave,wave,u*dx(u),4.9274340406924e-11,15,1,16,1,3.42891267833115e-15,9.23003895536567e-11,640,0
155,wave,wave,wave,v*dy(u),0,1,1,1,1,0,0,0,640
155,wave,wave,wave,w*dz(u),1.33818097673168e-06,16,1,1,1,3.49453799231014e-12,3.04801914049001e-06,640,0
155,wave,wave,wave,u*dx(v),5.00439814176754e-11,15,1,16,1,3.83543511655043e-15,7.9779960415749e-11,640,0
155,wave,wave,wave,v*dy(v),0,1,1,1,1,0,0,0,640
155,wave,wave,wave,w*dz(v),1.3699790429379e-06,16,1,1,1,3.49431594770522e-12,3.37652039331436e-06,640,0
155,wave,wave,wave,u*dx(w),2.29860233209172e-13,15,1,15,1,1.11022302462516e-15,9.249800925204e-11,640,0
155,wave,wave,wave,v*dy(w),0,1,1,1,1,0,0,0,640
155,wave,wave,wave,w*dz(w),2.29861491249592e-13,15,1,15,1,1.4432899320127e-15,9.18192188947842e-11,640,0
155,wave,wave,wave,u*dx(eta),5.22478737025932e-12,16,1,16,1,2.57884135254799e-15,8.01416710771718e-11,640,0
155,wave,wave,wave,v*dy(eta),0,1,1,1,1,0,0,0,640
155,wave,wave,wave,w*dz(eta),5.22492248170043e-12,16,1,16,1,3.19639639910041e-15,7.9341422321022e-11,640,0
155,wave,wave,wave,w*eta*dlogN2,4.74851780992867e-11,16,1,14,1,1.83354323817577e-15,8.01740895894909e-11,640,0
155,wave,apv,wave,u*dx(u),0,1,1,-1,0,0,0,0,128
155,wave,apv,wave,v*dy(u),0,1,1,-1,0,0,0,0,128
155,wave,apv,wave,w*dz(u),0,1,1,-1,0,0,0,0,128
155,wave,apv,wave,u*dx(v),5.75194561617059e-12,16,1,1,0,3.82244120558197e-15,6.51485217483332e-10,128,0
155,wave,apv,wave,v*dy(v),0,1,1,-1,0,0,0,0,128
155,wave,apv,wave,w*dz(v),1.37412889471175e-12,16,1,2,0,5.19348677866429e-15,7.69833579223726e-10,128,0
155,wave,apv,wave,u*dx(w),0,1,1,-1,0,0,0,0,128
155,wave,apv,wave,v*dy(w),0,1,1,-1,0,0,0,0,128
155,wave,apv,wave,w*dz(w),0,1,1,-1,0,0,0,0,128
155,wave,apv,wave,u*dx(eta),1.7846576894951e-13,16,1,2,0,1.66533453693773e-15,8.42768410613814e-10,128,0
155,wave,apv,wave,v*dy(eta),0,1,1,-1,0,0,0,0,128
155,wave,apv,wave,w*dz(eta),9.64629016941545e-11,16,1,-1,0,1.55431223447522e-15,1.34020450293093e-09,128,0
155,wave,apv,wave,w*eta*dlogN2,1.15980510306867e-11,15,1,1,0,1.37040906532505e-15,7.80231546038124e-10,128,0
155,apv,wave,wave,u*dx(u),5.6400650192645e-12,1,0,16,1,3.45378232541042e-15,5.97712471019326e-10,128,0
155,apv,wave,wave,v*dy(u),0,-1,0,1,1,0,0,0,128
155,apv,wave,wave,w*dz(u),0,-1,0,1,1,0,0,0,128
155,apv,wave,wave,u*dx(v),5.75209140950547e-12,1,0,16,1,3.94529551386115e-15,6.51492453677998e-10,128,0
155,apv,wave,wave,v*dy(v),0,-1,0,1,1,0,0,0,128
155,apv,wave,wave,w*dz(v),0,-1,0,1,1,0,0,0,128
155,apv,wave,wave,u*dx(w),5.4536873465192e-14,3,0,15,1,7.7715611723761e-16,4.91024554349906e-10,128,0
155,apv,wave,wave,v*dy(w),0,-1,0,1,1,0,0,0,128
155,apv,wave,wave,w*dz(w),0,-1,0,1,1,0,0,0,128
155,apv,wave,wave,u*dx(eta),1.94784195203866e-13,1,0,16,1,1.67120645157666e-15,7.93829541741132e-10,128,0
155,apv,wave,wave,v*dy(eta),0,-1,0,1,1,0,0,0,128
155,apv,wave,wave,w*dz(eta),0,-1,0,1,1,0,0,0,128
155,apv,wave,wave,w*eta*dlogN2,0,-1,0,1,1,0,0,0,128
155,wave,boundary,wave,u*dx(u),0,1,1,1,0,0,0,0,64
155,wave,boundary,wave,v*dy(u),0,1,1,1,0,0,0,0,64
155,wave,boundary,wave,w*dz(u),0,1,1,1,0,0,0,0,64
155,wave,boundary,wave,u*dx(v),5.55663340871751e-12,16,1,2,0,3.65550169616186e-15,3.59639135744565e-10,64,0
155,wave,boundary,wave,v*dy(v),0,1,1,1,0,0,0,0,64
155,wave,boundary,wave,w*dz(v),6.65547234718956e-13,15,1,2,0,3.18939670682026e-15,5.71701432569153e-10,64,0
155,wave,boundary,wave,u*dx(w),0,1,1,1,0,0,0,0,64
155,wave,boundary,wave,v*dy(w),0,1,1,1,0,0,0,0,64
155,wave,boundary,wave,w*dz(w),0,1,1,1,0,0,0,0,64
155,wave,boundary,wave,u*dx(eta),1.12481910032181e-13,15,1,2,0,1.17499639964616e-15,5.58519452908968e-10,64,0
155,wave,boundary,wave,v*dy(eta),0,1,1,1,0,0,0,0,64
155,wave,boundary,wave,w*dz(eta),2.93516085651957e-11,16,1,2,0,2.49959932217394e-15,3.02998293122414e-10,64,0
155,wave,boundary,wave,w*eta*dlogN2,1.29502401826875e-11,16,1,2,0,1.12517266947775e-15,5.4263660231868e-10,64,0
155,boundary,wave,wave,u*dx(u),2.77906514516467e-12,2,0,16,1,2.44831800244422e-15,1.131248042241e-10,64,0
155,boundary,wave,wave,v*dy(u),0,1,0,1,1,0,0,0,64
155,boundary,wave,wave,w*dz(u),0,1,0,1,1,0,0,0,64
155,boundary,wave,wave,u*dx(v),2.83472287762633e-12,2,0,16,1,2.74439175616238e-15,1.27290795789227e-10,64,0
155,boundary,wave,wave,v*dy(v),0,1,0,1,1,0,0,0,64
155,boundary,wave,wave,w*dz(v),0,1,0,1,1,0,0,0,64
155,boundary,wave,wave,u*dx(w),1.56823187786601e-14,2,0,15,1,3.33066907387547e-16,1.11377684852698e-10,64,0
155,boundary,wave,wave,v*dy(w),0,1,0,1,1,0,0,0,64
155,boundary,wave,wave,w*dz(w),0,1,0,1,1,0,0,0,64
155,boundary,wave,wave,u*dx(eta),9.16273298056799e-14,2,0,15,1,6.94990334122023e-16,1.1284706502579e-10,64,0
155,boundary,wave,wave,v*dy(eta),0,1,0,1,1,0,0,0,64
155,boundary,wave,wave,w*dz(eta),0,1,0,1,1,0,0,0,64
155,boundary,wave,wave,w*eta*dlogN2,0,1,0,1,1,0,0,0,64
155,apv,boundary,wave,u*dx(u),0,-1,0,1,0,0,0,0,8
155,apv,boundary,wave,v*dy(u),0,-1,0,1,0,0,0,0,8
155,apv,boundary,wave,w*dz(u),0,-1,0,1,0,0,0,0,8
155,apv,boundary,wave,u*dx(v),4.71239548023243e-13,3,0,2,0,1.6100942545587e-15,5.57104057899466e-10,8,0
155,apv,boundary,wave,v*dy(v),0,-1,0,1,0,0,0,0,8
155,apv,boundary,wave,w*dz(v),0,-1,0,1,0,0,0,0,8
155,apv,boundary,wave,u*dx(w),0,-1,0,1,0,0,0,0,8
155,apv,boundary,wave,v*dy(w),0,-1,0,1,0,0,0,0,8
155,apv,boundary,wave,w*dz(w),0,-1,0,1,0,0,0,0,8
155,apv,boundary,wave,u*dx(eta),1.33572915995305e-14,3,0,2,0,9.82865686085827e-16,6.47226605643425e-10,8,0
155,apv,boundary,wave,v*dy(eta),0,-1,0,1,0,0,0,0,8
155,apv,boundary,wave,w*dz(eta),0,-1,0,1,0,0,0,0,8
155,apv,boundary,wave,w*eta*dlogN2,0,-1,0,1,0,0,0,0,8
155,boundary,apv,wave,u*dx(u),0,1,0,-1,0,0,0,0,8
155,boundary,apv,wave,v*dy(u),0,1,0,-1,0,0,0,0,8
155,boundary,apv,wave,w*dz(u),0,1,0,-1,0,0,0,0,8
155,boundary,apv,wave,u*dx(v),3.2202173414128e-13,2,0,3,0,1.90147909351672e-15,6.5670343472375e-10,8,0
155,boundary,apv,wave,v*dy(v),0,1,0,-1,0,0,0,0,8
155,boundary,apv,wave,w*dz(v),0,1,0,-1,0,0,0,0,8
155,boundary,apv,wave,u*dx(w),0,1,0,-1,0,0,0,0,8
155,boundary,apv,wave,v*dy(w),0,1,0,-1,0,0,0,0,8
155,boundary,apv,wave,w*dz(w),0,1,0,-1,0,0,0,0,8
155,boundary,apv,wave,u*dx(eta),2.20426549582146e-14,2,0,1,0,1.25999656117827e-15,1.0148071272198e-09,8,0
155,boundary,apv,wave,v*dy(eta),0,1,0,-1,0,0,0,0,8
155,boundary,apv,wave,w*dz(eta),0,1,0,-1,0,0,0,0,8
155,boundary,apv,wave,w*eta*dlogN2,0,1,0,-1,0,0,0,0,8
155,boundary,boundary,wave,u*dx(u),0,1,0,1,0,0,0,0,4
155,boundary,boundary,wave,v*dy(u),0,1,0,1,0,0,0,0,4
155,boundary,boundary,wave,w*dz(u),0,1,0,1,0,0,0,0,4
155,boundary,boundary,wave,u*dx(v),1.36887975851894e-13,2,0,1,0,1.74375387849609e-15,5.84037409478792e-10,4,0
155,boundary,boundary,wave,v*dy(v),0,1,0,1,0,0,0,0,4
155,boundary,boundary,wave,w*dz(v),0,1,0,1,0,0,0,0,4
155,boundary,boundary,wave,u*dx(w),0,1,0,1,0,0,0,0,4
155,boundary,boundary,wave,v*dy(w),0,1,0,1,0,0,0,0,4
155,boundary,boundary,wave,w*dz(w),0,1,0,1,0,0,0,0,4
155,boundary,boundary,wave,u*dx(eta),2.53297746388369e-14,2,0,1,0,2.30202541397177e-15,1.23101562277128e-09,4,0
155,boundary,boundary,wave,v*dy(eta),0,1,0,1,0,0,0,0,4
155,boundary,boundary,wave,w*dz(eta),0,1,0,1,0,0,0,0,4
155,boundary,boundary,wave,w*eta*dlogN2,0,1,0,1,0,0,0,0,4
77,wave,wave,wave,u*dx(u),4.98645073393193e-11,16,1,15,1,3.79560144364239e-15,1.10560005595062e-10,640,0
77,wave,wave,wave,v*dy(u),4.98645774293194e-11,16,1,15,-1,3.73223754813372e-15,1.10557119015198e-10,640,0
77,wave,wave,wave,w*dz(u),1.7165129578609e-07,16,1,1,1,1.7546668618389e-13,5.22958707707003e-07,640,0
77,wave,wave,wave,u*dx(v),4.92185168168827e-11,16,1,15,1,3.30322176219046e-15,1.10575104628197e-10,640,0
77,wave,wave,wave,v*dy(v),4.92184584623873e-11,16,-1,15,-1,3.58891076447801e-15,1.10571773959123e-10,640,0
77,wave,wave,wave,w*dz(v),1.68444009603241e-07,16,1,1,1,1.64413242355959e-13,4.85367542338948e-07,640,0
77,wave,wave,wave,u*dx(w),2.7159013551293e-13,15,1,15,1,1.4432899320127e-15,1.10772502281975e-10,640,0
77,wave,wave,wave,v*dy(w),2.71591592514313e-13,15,1,15,1,1.11022302462516e-15,1.10769615702111e-10,640,0
77,wave,wave,wave,w*dz(w),2.71577305707513e-13,15,1,15,1,1.55431223447522e-15,1.10422782029218e-10,640,0
77,wave,wave,wave,u*dx(eta),6.06251021223958e-12,16,1,16,1,2.40994432058796e-15,7.72999442233413e-11,640,0
77,wave,wave,wave,v*dy(eta),6.06252344262097e-12,16,1,16,1,3.22222074791933e-15,7.72972796880822e-11,640,0
77,wave,wave,wave,w*dz(eta),6.06248568357619e-12,16,1,16,1,2.92603366374964e-15,7.68562991027011e-11,640,0
77,wave,wave,wave,w*eta*dlogN2,5.46942691044745e-11,14,1,16,1,2.4510176199306e-15,7.68947128193531e-11,640,0
77,wave,apv,wave,u*dx(u),5.72701266024954e-12,16,1,1,0,4.10302594734615e-15,6.32692828984522e-10,128,0
77,wave,apv,wave,v*dy(u),5.72697410915289e-12,16,1,1,0,3.82794888295411e-15,6.32691981732269e-10,128,0
77,wave,apv,wave,w*dz(u),1.37046923896487e-12,16,1,2,0,3.98112422620435e-15,7.68383356941627e-10,128,0
77,wave,apv,wave,u*dx(v),5.63556036827863e-12,16,1,1,0,3.90777529209194e-15,5.94740896632372e-10,128,0
77,wave,apv,wave,v*dy(v),5.63581381002162e-12,16,1,1,0,3.95169723778175e-15,5.94740471320446e-10,128,0
77,wave,apv,wave,w*dz(v),1.3572404502808e-12,16,1,2,0,3.60980161574363e-15,7.68383467963929e-10,128,0
77,wave,apv,wave,u*dx(w),0,1,1,-1,0,0,0,0,128
77,wave,apv,wave,v*dy(w),0,1,1,-1,0,0,0,0,128
77,wave,apv,wave,w*dz(w),0,1,1,-1,0,0,0,0,128
77,wave,apv,wave,u*dx(eta),2.0839922341241e-13,16,1,2,0,2.22044604925031e-15,8.4266316147108e-10,128,0
77,wave,apv,wave,v*dy(eta),2.08368816233307e-13,16,1,2,0,1.99840144432528e-15,8.42676595169678e-10,128,0
77,wave,apv,wave,w*dz(eta),1.10440198253806e-10,16,1,-1,0,2.14842362425404e-15,1.3402345899749e-09,128,0
77,wave,apv,wave,w*eta*dlogN2,1.32981443045202e-11,15,1,1,0,1.80287130526367e-15,7.80095321673002e-10,128,0
77,apv,wave,wave,u*dx(u),5.7265648505532e-12,1,0,16,1,3.54824581455564e-15,6.32636411533612e-10,128,0
77,apv,wave,wave,v*dy(u),5.72662066901224e-12,1,0,16,1,3.56143641690111e-15,6.32636416886799e-10,128,0
77,apv,wave,wave,w*dz(u),0,-1,0,1,1,0,0,0,128
77,apv,wave,wave,u*dx(v),5.63590343258008e-12,1,0,16,-1,4.50187166626311e-15,5.94776080982018e-10,128,0
77,apv,wave,wave,v*dy(v),5.63588272256738e-12,1,0,16,-1,4.43856202112866e-15,5.94775972856823e-10,128,0
77,apv,wave,wave,w*dz(v),0,-1,0,1,1,0,0,0,128
77,apv,wave,wave,u*dx(w),6.44392305038803e-14,3,0,15,1,4.44089209850063e-16,5.33562083404604e-10,128,0
77,apv,wave,wave,v*dy(w),6.44398993252582e-14,3,0,15,1,4.44089209850063e-16,5.33562305449209e-10,128,0
77,apv,wave,wave,w*dz(w),0,-1,0,1,1,0,0,0,128
77,apv,wave,wave,u*dx(eta),2.25799820793893e-13,1,0,16,1,2.00511944108209e-15,8.14893775177715e-10,128,0
77,apv,wave,wave,v*dy(eta),2.25785821931985e-13,1,0,16,1,2.15815965952949e-15,8.1489369729736e-10,128,0
77,apv,wave,wave,w*dz(eta),0,-1,0,1,1,0,0,0,128
77,apv,wave,wave,w*eta*dlogN2,0,-1,0,1,1,0,0,0,128
77,wave,boundary,wave,u*dx(u),2.82159773225318e-12,16,1,2,0,2.74043444326516e-15,1.2024323036365e-10,64,0
77,wave,boundary,wave,v*dy(u),2.82137812939624e-12,16,1,2,0,2.19868173726305e-15,1.20250027561625e-10,64,0
77,wave,boundary,wave,w*dz(u),3.33682559831008e-13,16,1,2,0,2.28935800472669e-15,1.20268074690599e-10,64,0
77,wave,boundary,wave,u*dx(v),2.77712949440744e-12,16,1,2,0,2.38968872769145e-15,1.12827696787804e-10,64,0
77,wave,boundary,wave,v*dy(v),2.77690957936911e-12,16,1,2,0,1.8756558493023e-15,1.12827630692838e-10,64,0
77,wave,boundary,wave,w*dz(v),3.28904797005153e-13,16,1,2,0,2.09037690636551e-15,1.13847931082489e-10,64,0
77,wave,boundary,wave,u*dx(w),0,1,1,1,0,0,0,0,64
77,wave,boundary,wave,v*dy(w),0,1,1,1,0,0,0,0,64
77,wave,boundary,wave,w*dz(w),0,1,1,1,0,0,0,0,64
77,wave,boundary,wave,u*dx(eta),5.04567590145394e-14,16,1,2,0,6.24210084158212e-16,1.1029888113967e-10,64,0
77,wave,boundary,wave,v*dy(eta),5.04880996693297e-14,16,1,2,0,8.49459501962594e-16,1.10306652700842e-10,64,0
77,wave,boundary,wave,w*dz(eta),1.04478963616181e-13,15,1,2,0,1.07876918629581e-15,5.34416485887946e-10,64,0
77,wave,boundary,wave,w*eta*dlogN2,2.01320593031894e-11,16,1,2,0,7.92720378127986e-16,1.11584852469093e-10,64,0
77,boundary,wave,wave,u*dx(u),3.60893931577402e-12,2,0,16,1,2.31911177703233e-15,1.62255776631451e-10,64,0
77,boundary,wave,wave,v*dy(u),3.60888344364745e-12,2,0,16,-1,2.38788795415318e-15,1.6225576962703e-10,64,0
77,boundary,wave,wave,w*dz(u),0,1,0,1,1,0,0,0,64
77,boundary,wave,wave,u*dx(v),3.5520030601491e-12,2,0,16,1,1.97742510791399e-15,1.44949418639371e-10,64,0
77,boundary,wave,wave,v*dy(v),3.55210232683088e-12,2,0,16,1,1.93753806773579e-15,1.4494950837455e-10,64,0
77,boundary,wave,wave,w*dz(v),0,1,0,1,1,0,0,0,64
77,boundary,wave,wave,u*dx(w),2.49476124501907e-14,2,0,15,1,3.33066907387547e-16,1.37648781262101e-10,64,0
77,boundary,wave,wave,v*dy(w),2.49481118558822e-14,2,0,15,1,3.33066907387547e-16,1.37648781262101e-10,64,0
77,boundary,wave,wave,w*dz(w),0,1,0,1,1,0,0,0,64
77,boundary,wave,wave,u*dx(eta),1.37383759265318e-13,2,0,15,1,2.22055846855973e-15,1.35115252319906e-10,64,0
77,boundary,wave,wave,v*dy(eta),1.37387486546392e-13,2,0,15,1,2.22055846855973e-15,1.35115030275301e-10,64,0
77,boundary,wave,wave,w*dz(eta),0,1,0,1,1,0,0,0,64
77,boundary,wave,wave,w*eta*dlogN2,0,1,0,1,1,0,0,0,64
77,apv,boundary,wave,u*dx(u),3.20577853646601e-13,3,0,2,0,2.57530432710865e-15,6.51752207758705e-10,8,0
77,apv,boundary,wave,v*dy(u),3.20556670278401e-13,3,0,2,0,2.55901910462446e-15,6.51752207758705e-10,8,0
77,apv,boundary,wave,w*dz(u),0,-1,0,1,0,0,0,0,8
77,apv,boundary,wave,u*dx(v),3.12822603944574e-13,3,0,2,0,1.18202898691265e-15,6.51752207758705e-10,8,0
77,apv,boundary,wave,v*dy(v),3.1284463821686e-13,3,0,2,0,1.20302167627471e-15,6.517519857141e-10,8,0
77,apv,boundary,wave,w*dz(v),0,-1,0,1,0,0,0,0,8
77,apv,boundary,wave,u*dx(w),0,-1,0,1,0,0,0,0,8
77,apv,boundary,wave,v*dy(w),0,-1,0,1,0,0,0,0,8
77,apv,boundary,wave,w*dz(w),0,-1,0,1,0,0,0,0,8
77,apv,boundary,wave,u*dx(eta),7.56784608832735e-15,3,0,2,0,7.61391943120233e-16,6.65823618462014e-10,8,0
77,apv,boundary,wave,v*dy(eta),7.58026958162878e-15,3,0,2,0,7.83480679061467e-16,6.65823618462014e-10,8,0
77,apv,boundary,wave,w*dz(eta),0,-1,0,1,0,0,0,0,8
77,apv,boundary,wave,w*eta*dlogN2,0,-1,0,1,0,0,0,0,8
77,boundary,apv,wave,u*dx(u),3.64924303030428e-13,2,0,3,0,2.5145528346638e-15,6.22750295775631e-10,8,0
77,boundary,apv,wave,v*dy(u),3.64912996996143e-13,2,0,3,0,2.69715917183564e-15,6.22750295775631e-10,8,0
77,boundary,apv,wave,w*dz(u),0,1,0,-1,0,0,0,0,8
77,boundary,apv,wave,u*dx(v),3.56340521885117e-13,2,0,3,0,1.74504645455848e-15,6.22750073731027e-10,8,0
77,boundary,apv,wave,v*dy(v),3.56403519565325e-13,2,0,3,0,1.7874710957467e-15,6.22750073731027e-10,8,0
77,boundary,apv,wave,w*dz(v),0,1,0,-1,0,0,0,0,8
77,boundary,apv,wave,u*dx(w),0,1,0,-1,0,0,0,0,8
77,boundary,apv,wave,v*dy(w),0,1,0,-1,0,0,0,0,8
77,boundary,apv,wave,w*dz(w),0,1,0,-1,0,0,0,0,8
77,boundary,apv,wave,u*dx(eta),2.60941736649967e-14,2,0,1,0,8.54387065763183e-16,1.02326103146311e-09,8,0
77,boundary,apv,wave,v*dy(eta),2.61208547680133e-14,2,0,1,0,8.54160867691188e-16,1.02326114248541e-09,8,0
77,boundary,apv,wave,w*dz(eta),0,1,0,-1,0,0,0,0,8
77,boundary,apv,wave,w*eta*dlogN2,0,1,0,-1,0,0,0,0,8
77,boundary,boundary,wave,u*dx(u),2.27732830904669e-13,1,0,2,0,3.38385718319025e-15,1.99078303319281e-09,4,0
77,boundary,boundary,wave,v*dy(u),2.27704346603172e-13,1,0,2,0,3.29877653175591e-15,1.99078293112687e-09,4,0
77,boundary,boundary,wave,w*dz(u),0,1,0,1,0,0,0,0,4
77,boundary,boundary,wave,u*dx(v),2.23812121474042e-13,1,0,2,0,9.57450484025331e-16,1.52537515951678e-09,4,0
77,boundary,boundary,wave,v*dy(v),2.23824769704549e-13,1,0,2,0,1.00294489580424e-15,1.52537538156139e-09,4,0
77,boundary,boundary,wave,w*dz(v),0,1,0,1,0,0,0,0,4
77,boundary,boundary,wave,u*dx(w),0,1,0,1,0,0,0,0,4
77,boundary,boundary,wave,v*dy(w),0,1,0,1,0,0,0,0,4
77,boundary,boundary,wave,w*dz(w),0,1,0,1,0,0,0,0,4
77,boundary,boundary,wave,u*dx(eta),3.30314860213504e-14,2,0,1,0,1.65120675051559e-15,1.45269973828022e-09,4,0
77,boundary,boundary,wave,v*dy(eta),3.30345923854575e-14,2,0,1,0,1.54006334179723e-15,1.45269973828022e-09,4,0
77,boundary,boundary,wave,w*dz(eta),0,1,0,1,0,0,0,0,4
77,boundary,boundary,wave,w*eta*dlogN2,0,1,0,1,0,0,0,0,4
13,wave,wave,wave,u*dx(u),5.00418773502621e-11,15,1,16,1,4.08302601511656e-15,6.82858214418047e-11,640,0
13,wave,wave,wave,v*dy(u),5.00418659206844e-11,15,-1,16,1,4.0434447438922e-15,6.82833789511506e-11,640,0
13,wave,wave,wave,w*dz(u),6.05011509241048e-07,16,1,1,1,7.72604202836646e-13,1.88697617981063e-06,640,0
13,wave,wave,wave,u*dx(v),4.86766070362524e-11,15,1,16,1,3.24231815271274e-15,6.82918166461377e-11,640,0
13,wave,wave,wave,v*dy(v),4.86765708818902e-11,15,-1,16,1,3.11991263633561e-15,6.82895962000885e-11,640,0
13,wave,wave,wave,w*dz(v),5.82360705787689e-07,16,1,1,1,7.72382158231721e-13,1.64713438829586e-06,640,0
13,wave,wave,wave,u*dx(w),3.27767417625649e-13,15,1,15,1,1.22124532708767e-15,6.81696921134289e-11,640,0
13,wave,wave,wave,v*dy(w),3.27766331619554e-13,15,1,15,1,1.33226762955019e-15,6.81674716673797e-11,640,0
13,wave,wave,wave,w*dz(w),3.27779595215514e-13,15,1,15,1,1.11022302462516e-15,6.83901824061195e-11,640,0
13,wave,wave,wave,u*dx(eta),7.16522689960533e-12,16,1,16,1,3.18679994940008e-15,4.48503456595972e-11,640,0
13,wave,wave,wave,v*dy(eta),7.16521692915815e-12,16,1,16,1,3.43185683997015e-15,4.4847903168943e-11,640,0
13,wave,wave,wave,w*dz(eta),7.16532980413958e-12,16,1,16,1,3.50446682633493e-15,4.52784476578927e-11,640,0
13,wave,wave,wave,w*eta*dlogN2,6.41386908085428e-11,16,1,14,1,2.0279974280172e-15,4.51862991468488e-11,640,0
13,wave,apv,wave,u*dx(u),5.7517722010041e-12,16,1,1,0,3.91772812082675e-15,6.51424185653033e-10,128,0
13,wave,apv,wave,v*dy(u),5.75215759306986e-12,16,1,1,0,3.93630787554385e-15,6.51422695815613e-10,128,0
13,wave,apv,wave,w*dz(u),1.37457475156237e-12,16,1,2,0,4.03059138281575e-15,7.70173223102618e-10,128,0
13,wave,apv,wave,u*dx(v),5.56516186044106e-12,16,1,1,0,3.95681646917696e-15,5.80242056782859e-10,128,0
13,wave,apv,wave,v*dy(v),5.56547626334646e-12,16,1,1,0,3.53957202105884e-15,5.80241902839445e-10,128,0
13,wave,apv,wave,w*dz(v),1.34466067348768e-12,16,1,2,0,3.97152296086132e-15,7.68281327445663e-10,128,0
13,wave,apv,wave,u*dx(w),0,1,1,-1,0,0,0,0,128
13,wave,apv,wave,v*dy(w),0,1,1,-1,0,0,0,0,128
13,wave,apv,wave,w*dz(w),0,1,1,-1,0,0,0,0,128
13,wave,apv,wave,u*dx(eta),2.47767109341348e-13,16,1,2,0,1.88737914186277e-15,8.42454550564753e-10,128,0
13,wave,apv,wave,v*dy(eta),2.47851513857859e-13,16,1,2,0,2.20023306906246e-15,8.42501512998695e-10,128,0
13,wave,apv,wave,w*dz(eta),1.287495979879e-10,16,1,-1,0,2.97498917471497e-15,1.34034650045578e-09,128,0
13,wave,apv,wave,w*eta*dlogN2,1.55204056501818e-11,15,1,1,0,2.23670476561968e-15,7.80436271163865e-10,128,0
13,apv,wave,wave,u*dx(u),5.75230667321483e-12,1,0,16,1,3.74903682323418e-15,6.51396193584113e-10,128,0
13,apv,wave,wave,v*dy(u),5.75203801118131e-12,1,0,16,1,3.57419216221296e-15,6.51396056092483e-10,128,0
13,apv,wave,wave,w*dz(u),0,-1,0,1,1,0,0,0,128
13,apv,wave,wave,u*dx(v),5.56489421873556e-12,1,0,16,1,3.64096294159795e-15,5.80175835444497e-10,128,0
13,apv,wave,wave,v*dy(v),5.56531981240292e-12,1,0,16,1,3.76721564861664e-15,5.80175938944117e-10,128,0
13,apv,wave,wave,w*dz(v),0,-1,0,1,1,0,0,0,128
13,apv,wave,wave,u*dx(w),7.77521093887545e-14,3,0,15,1,6.66133814775094e-16,5.11971576244719e-10,128,0
13,apv,wave,wave,v*dy(w),7.77495842731528e-14,3,0,15,1,6.66133814775094e-16,5.11971132155509e-10,128,0
13,apv,wave,wave,w*dz(w),0,-1,0,1,1,0,0,0,128
13,apv,wave,wave,u*dx(eta),2.66482436982599e-13,1,0,16,1,1.77635683940025e-15,8.33561398984678e-10,128,0
13,apv,wave,wave,v*dy(eta),2.6639229011596e-13,1,0,16,1,1.77635683940025e-15,8.33561373745275e-10,128,0
13,apv,wave,wave,w*dz(eta),0,-1,0,1,1,0,0,0,128
13,apv,wave,wave,w*eta*dlogN2,0,-1,0,1,1,0,0,0,128
13,wave,boundary,wave,u*dx(u),4.78604949812872e-12,16,1,2,0,3.90056918746071e-15,2.51659934158461e-10,64,0
13,wave,boundary,wave,v*dy(u),4.78621118635857e-12,16,1,2,0,3.14259407779542e-15,2.51627426097241e-10,64,0
13,wave,boundary,wave,w*dz(u),5.5771529393261e-13,16,1,2,0,3.64505596999426e-15,3.13719446976299e-10,64,0
13,wave,boundary,wave,u*dx(v),4.63190938387544e-12,16,1,2,0,2.50815130582423e-15,2.29403846818486e-10,64,0
13,wave,boundary,wave,v*dy(v),4.63098866915251e-12,16,1,2,0,2.58283946762719e-15,2.29403416503044e-10,64,0
13,wave,boundary,wave,w*dz(v),5.43088946889674e-13,16,1,2,0,2.94425742322189e-15,2.88344348398084e-10,64,0
13,wave,boundary,wave,u*dx(w),0,1,1,1,0,0,0,0,64
13,wave,boundary,wave,v*dy(w),0,1,1,1,0,0,0,0,64
13,wave,boundary,wave,w*dz(w),0,1,1,1,0,0,0,0,64
13,wave,boundary,wave,u*dx(eta),1.11456459184321e-13,15,1,2,0,1.69095307270216e-15,2.91651258699233e-10,64,0
13,wave,boundary,wave,v*dy(eta),1.11367282274918e-13,15,1,2,0,9.61464569344873e-16,2.91606627733643e-10,64,0
13,wave,boundary,wave,w*dz(eta),2.02892800936045e-11,16,1,2,0,1.95811065161617e-15,2.16532125563162e-10,64,0
13,wave,boundary,wave,w*eta*dlogN2,1.97293623090326e-11,16,1,2,0,1.1994107882135e-15,2.84316792331651e-10,64,0
13,boundary,wave,wave,u*dx(u),2.40673542280264e-12,2,0,16,1,2.4888610171128e-15,1.13596327918373e-10,64,0
13,boundary,wave,wave,v*dy(u),2.40667446635219e-12,2,0,16,1,2.15864275307962e-15,1.13593778928812e-10,64,0
13,boundary,wave,wave,w*dz(u),0,1,0,1,1,0,0,0,64
13,boundary,wave,wave,u*dx(v),2.3290419710081e-12,2,0,16,1,2.46122624219102e-15,1.12910791827403e-10,64,0
13,boundary,wave,wave,v*dy(v),2.3287871038859e-12,2,0,16,1,1.99748936592576e-15,1.12911235916613e-10,64,0
13,boundary,wave,wave,w*dz(v),0,1,0,1,1,0,0,0,64
13,boundary,wave,wave,u*dx(w),1.82820510590872e-14,2,0,15,1,5.55111512312578e-16,1.19397824960288e-10,64,0
13,boundary,wave,wave,v*dy(w),1.8283816400104e-14,2,0,15,1,4.44089209850063e-16,1.19396936781868e-10,64,0
13,boundary,wave,wave,w*dz(w),0,1,0,1,1,0,0,0,64
13,boundary,wave,wave,u*dx(eta),1.03420898859152e-13,2,0,15,1,2.36165376819149e-15,1.03997921385712e-10,64,0
13,boundary,wave,wave,v*dy(eta),1.03503020167254e-13,2,0,15,1,2.1986325254479e-15,1.03997477296502e-10,64,0
13,boundary,wave,wave,w*dz(eta),0,1,0,1,1,0,0,0,64
13,boundary,wave,wave,w*eta*dlogN2,0,1,0,1,1,0,0,0,64
13,apv,boundary,wave,u*dx(u),4.37016584470898e-13,3,0,2,0,2.61918661420228e-15,6.02173836892537e-10,8,0
13,apv,boundary,wave,v*dy(u),4.37119621610157e-13,3,0,2,0,2.33783349977085e-15,6.02173054098885e-10,8,0
13,apv,boundary,wave,w*dz(u),0,-1,0,1,0,0,0,0,8
13,apv,boundary,wave,u*dx(v),4.15860317546357e-13,3,0,2,0,1.86558617385394e-15,5.91150461914935e-10,8,0
13,apv,boundary,wave,v*dy(v),4.16247156471633e-13,3,0,2,0,1.13502872580353e-15,5.91150461914935e-10,8,0
13,apv,boundary,wave,w*dz(v),0,-1,0,1,0,0,0,0,8
13,apv,boundary,wave,u*dx(w),0,-1,0,1,0,0,0,0,8
13,apv,boundary,wave,v*dy(w),0,-1,0,1,0,0,0,0,8
13,apv,boundary,wave,w*dz(w),0,-1,0,1,0,0,0,0,8
13,apv,boundary,wave,u*dx(eta),1.47064435397133e-14,3,0,2,0,2.83765742657197e-15,5.07086594936368e-10,8,0
13,apv,boundary,wave,v*dy(eta),1.48502626645239e-14,3,0,2,0,1.22072629735414e-15,5.07086594936368e-10,8,0
13,apv,boundary,wave,w*dz(eta),0,-1,0,1,0,0,0,0,8
13,apv,boundary,wave,w*eta*dlogN2,0,-1,0,1,0,0,0,0,8
13,boundary,apv,wave,u*dx(u),2.99562786361269e-13,2,0,3,0,1.38159486960212e-15,6.75127440942375e-10,8,0
13,boundary,apv,wave,v*dy(u),2.99897623499362e-13,2,0,3,0,1.42528447188727e-15,6.75126498143948e-10,8,0
13,boundary,apv,wave,w*dz(u),0,1,0,-1,0,0,0,0,8
13,boundary,apv,wave,u*dx(v),2.86595027345343e-13,2,0,3,0,1.8020079706699e-15,6.73557432051552e-10,8,0
13,boundary,apv,wave,v*dy(v),2.86416325111109e-13,2,0,3,0,1.45677054822493e-15,6.73557210006948e-10,8,0
13,boundary,apv,wave,w*dz(v),0,1,0,-1,0,0,0,0,8
13,boundary,apv,wave,u*dx(w),0,1,0,-1,0,0,0,0,8
13,boundary,apv,wave,v*dy(w),0,1,0,-1,0,0,0,0,8
13,boundary,apv,wave,w*dz(w),0,1,0,-1,0,0,0,0,8
13,boundary,apv,wave,u*dx(eta),2.84752359409878e-14,2,0,1,0,2.1982624565047e-15,1.14600728906566e-09,8,0
13,boundary,apv,wave,v*dy(eta),2.83218942698693e-14,2,0,1,0,1.66494646405468e-15,1.14600728906566e-09,8,0
13,boundary,apv,wave,w*dz(eta),0,1,0,-1,0,0,0,0,8
13,boundary,apv,wave,w*eta*dlogN2,0,1,0,-1,0,0,0,0,8
13,boundary,boundary,wave,u*dx(u),1.59783618110034e-13,2,0,1,0,1.68242718755896e-15,1.23290789238007e-09,4,0
13,boundary,boundary,wave,v*dy(u),1.59808761214241e-13,2,0,1,0,1.79172938769724e-15,1.23290871570631e-09,4,0
13,boundary,boundary,wave,w*dz(u),0,1,0,1,0,0,0,0,4
13,boundary,boundary,wave,u*dx(v),1.55539186874531e-13,2,0,1,0,7.59984884611048e-16,1.1409864164591e-09,4,0
13,boundary,boundary,wave,v*dy(v),1.55554171299312e-13,2,0,1,0,9.01291191251853e-16,1.1409861944145e-09,4,0
13,boundary,boundary,wave,w*dz(v),0,1,0,1,0,0,0,0,4
13,boundary,boundary,wave,u*dx(w),0,1,0,1,0,0,0,0,4
13,boundary,boundary,wave,v*dy(w),0,1,0,1,0,0,0,0,4
13,boundary,boundary,wave,w*dz(w),0,1,0,1,0,0,0,0,4
13,boundary,boundary,wave,u*dx(eta),4.31021921644271e-14,2,0,1,0,1.84167125778402e-15,1.18248432645384e-09,4,0
13,boundary,boundary,wave,v*dy(eta),4.31072458040386e-14,2,0,1,0,1.54915907596706e-15,1.18248342751572e-09,4,0
13,boundary,boundary,wave,w*dz(eta),0,1,0,1,0,0,0,0,4
13,boundary,boundary,wave,w*eta*dlogN2,0,1,0,1,0,0,0,0,4
26,wave,wave,inertial,u*dx(u),7.86118781831089e-12,14,1,16,1,2.48899834965476e-15,4.43185488308018e-11,640,0
26,wave,wave,inertial,v*dy(u),7.86190286183328e-12,16,-1,14,1,2.81263076707661e-15,4.43161063401476e-11,640,0
26,wave,wave,inertial,w*dz(u),2.66112410517884e-08,16,1,1,1,6.77435659838455e-14,1.827255824427e-07,640,0
26,wave,wave,inertial,u*dx(v),7.86187349580895e-12,16,-1,14,1,2.74107869391988e-15,4.43165504293574e-11,640,0
26,wave,wave,inertial,v*dy(v),7.86155073286267e-12,16,-1,14,1,2.42588645660112e-15,4.43141079387033e-11,640,0
26,wave,wave,inertial,w*dz(v),2.66112411542731e-08,16,1,1,1,6.81055820786642e-14,1.82725584663146e-07,640,0
26,wave,wave,mda,u*dx(eta),1.45551385023146e-12,16,1,16,1,4.77695169964133e-15,5.29587224742438e-10,640,0
26,wave,wave,mda,v*dy(eta),1.45545549596505e-12,16,1,16,1,5.0669756123139e-15,5.29588925319793e-10,640,0
26,wave,wave,mda,w*dz(eta),1.45545801131108e-12,16,1,16,1,6.41281806137217e-15,5.29584854038984e-10,640,0
26,wave,wave,mda,w*eta*dlogN2,1.66711758107657e-11,16,1,14,1,3.4763899174424e-15,1.59489434794174e-10,640,0
26,wave,apv,inertial,u*dx(u),1.03516537508093e-12,16,1,1,0,1.88737914186277e-15,4.58656978503621e-10,128,0
26,wave,apv,inertial,v*dy(u),1.03511280588055e-12,16,1,1,0,1.99840144432528e-15,4.58657843367604e-10,128,0
26,wave,apv,inertial,w*dz(u),3.00384753136202e-13,15,1,2,0,1.66533453693773e-15,7.68281771534873e-10,128,0
26,wave,apv,inertial,u*dx(v),1.03512366060006e-12,16,1,1,0,1.93378378017432e-15,4.58657304593259e-10,128,0
26,wave,apv,inertial,v*dy(v),1.03514596825516e-12,16,1,1,0,1.77635683940025e-15,4.58657115800437e-10,128,0
26,wave,apv,inertial,w*dz(v),3.00492401874372e-13,15,1,2,0,1.77635683940025e-15,7.68281549490268e-10,128,0
26,wave,apv,mda,u*dx(eta),1.18861763973244e-13,2,1,1,0,2.44959898072397e-15,7.19507027973794e-10,128,0
26,wave,apv,mda,v*dy(eta),1.18238903619612e-13,2,1,1,0,3.42527809341222e-15,7.19509924563681e-10,128,0
26,wave,apv,mda,w*dz(eta),2.79257706517379e-10,1,1,-1,0,3.984516365585e-15,2.72882354737779e-05,128,0
26,wave,apv,mda,w*eta*dlogN2,4.62644846644356e-12,15,1,1,0,4.00275694422229e-15,7.80436271163865e-10,128,0
26,apv,wave,inertial,u*dx(u),1.03517374913481e-12,1,0,16,1,1.77635683940025e-15,4.58656965717507e-10,128,0
26,apv,wave,inertial,v*dy(u),1.03516715514616e-12,1,0,16,1,1.88737914186277e-15,4.58656952905928e-10,128,0
26,apv,wave,inertial,w*dz(u),0,-1,0,1,1,0,0,0,128
26,apv,wave,inertial,u*dx(v),1.03514041295253e-12,1,0,16,1,1.66533453693773e-15,4.58656995158504e-10,128,0
26,apv,wave,inertial,v*dy(v),1.03516113008396e-12,1,0,16,1,1.77635683940025e-15,4.58657149001143e-10,128,0
26,apv,wave,inertial,w*dz(v),0,-1,0,1,1,0,0,0,128
26,apv,wave,mda,u*dx(eta),6.67531440264525e-14,2,0,16,1,2.37867654791099e-15,8.68388608387804e-10,128,0
26,apv,wave,mda,v*dy(eta),6.67569153477868e-14,2,0,16,1,2.49604438683113e-15,8.68388585399054e-10,128,0
26,apv,wave,mda,w*dz(eta),0,-1,0,1,1,0,0,0,128
26,apv,wave,mda,w*eta*dlogN2,0,-1,0,1,1,0,0,0,128
26,wave,boundary,inertial,u*dx(u),4.55777922093386e-13,16,1,2,0,1.72078885197533e-15,9.05762131964138e-11,64,0
26,wave,boundary,inertial,v*dy(u),4.55785215814117e-13,16,1,2,0,1.0829071104775e-15,9.05540087359213e-11,64,0
26,wave,boundary,inertial,w*dz(u),8.56900878492025e-14,1,1,1,0,1.19791840204726e-15,9.28329635385694e-11,64,0
26,wave,boundary,inertial,u*dx(v),4.5579745301094e-13,16,1,2,0,1.40298957393801e-15,9.05763242187163e-11,64,0
26,wave,boundary,inertial,v*dy(v),4.55831588296331e-13,16,1,2,0,1.0988326052493e-15,9.05538977136189e-11,64,0
26,wave,boundary,inertial,w*dz(v),8.62404057907601e-14,1,1,1,0,1.38411759370351e-15,9.28327414939645e-11,64,0
26,wave,boundary,mda,u*dx(eta),1.26584161221681e-14,16,1,1,0,6.3638964304045e-16,6.41372399634577e-10,64,0
26,wave,boundary,mda,v*dy(eta),1.22791875418364e-14,16,1,1,0,4.5595768107339e-16,6.41374842125231e-10,64,0
26,wave,boundary,mda,w*dz(eta),2.60735125875414e-14,15,1,2,0,4.13908698095058e-15,4.5592751936154e-07,64,0
26,wave,boundary,mda,w*eta*dlogN2,5.94448118561209e-12,14,1,2,0,2.12896803241769e-15,1.48107921189277e-10,64,0
26,boundary,wave,inertial,u*dx(u),4.55810624044611e-13,2,0,16,1,1.75532600549388e-15,9.05762131964138e-11,64,0
26,boundary,wave,inertial,v*dy(u),4.55811824185254e-13,2,0,16,1,1.73331711365245e-15,9.05762131964138e-11,64,0
26,boundary,wave,inertial,w*dz(u),0,1,0,1,1,0,0,0,64
26,boundary,wave,inertial,u*dx(v),4.5583487895524e-13,2,0,16,1,1.0964359388858e-15,9.05540087359213e-11,64,0
26,boundary,wave,inertial,v*dy(v),4.55828017567354e-13,2,0,16,1,1.08423353648306e-15,9.05538977136189e-11,64,0
26,boundary,wave,inertial,w*dz(v),0,1,0,1,1,0,0,0,64
26,boundary,wave,mda,u*dx(eta),2.63594882970103e-14,2,0,15,1,3.82622440965548e-15,2.35163812231193e-10,64,0
26,boundary,wave,mda,v*dy(eta),2.64674400679858e-14,2,0,15,1,4.09413479122103e-15,2.35163890122396e-10,64,0
26,boundary,wave,mda,w*dz(eta),0,1,0,1,1,0,0,0,64
26,boundary,wave,mda,w*eta*dlogN2,0,1,0,1,1,0,0,0,64
26,apv,boundary,inertial,u*dx(u),6.7506923403455e-14,3,0,2,0,1.65031145965458e-15,6.73558098185367e-10,8,0
26,apv,boundary,inertial,v*dy(u),6.7474409174966e-14,3,0,2,0,1.45399379117781e-15,6.73558098185367e-10,8,0
26,apv,boundary,inertial,w*dz(u),0,-1,0,1,0,0,0,0,8
26,apv,boundary,inertial,u*dx(v),6.71076936045292e-14,3,0,2,0,1.70965286297565e-15,6.73558098185367e-10,8,0
26,apv,boundary,inertial,v*dy(v),6.70325044981652e-14,3,0,2,0,1.70524048236304e-15,6.73557876140762e-10,8,0
26,apv,boundary,inertial,w*dz(v),0,-1,0,1,0,0,0,0,8
26,apv,boundary,mda,u*dx(eta),8.67178592713582e-15,3,0,1,0,8.90192547501154e-16,8.0556511580537e-10,8,0
26,apv,boundary,mda,v*dy(eta),8.67178592713582e-15,3,0,1,0,6.47686233491953e-16,8.05565256568512e-10,8,0
26,apv,boundary,mda,w*dz(eta),0,-1,0,1,0,0,0,0,8
26,apv,boundary,mda,w*eta*dlogN2,0,-1,0,1,0,0,0,0,8
26,boundary,apv,inertial,u*dx(u),6.7528286267498e-14,2,0,3,0,1.65100358421281e-15,6.73558098185367e-10,8,0
26,boundary,apv,inertial,v*dy(u),6.74665106335178e-14,2,0,3,0,1.64902182567569e-15,6.73558098185367e-10,8,0
26,boundary,apv,inertial,w*dz(u),0,1,0,-1,0,0,0,0,8
26,boundary,apv,inertial,u*dx(v),6.70812750210978e-14,2,0,3,0,1.76359855987639e-15,6.73558098185367e-10,8,0
26,boundary,apv,inertial,v*dy(v),6.70821968208745e-14,2,0,3,0,1.76363557342624e-15,6.73558098185367e-10,8,0
26,boundary,apv,inertial,w*dz(v),0,1,0,-1,0,0,0,0,8
26,boundary,apv,mda,u*dx(eta),1.67575357596918e-13,1,0,1,0,1.32360962445021e-15,7.40876579929779e-10,8,0
26,boundary,apv,mda,v*dy(eta),1.67650878821384e-13,1,0,1,0,1.06156696745395e-15,7.40876193728613e-10,8,0
26,boundary,apv,mda,w*dz(eta),0,1,0,-1,0,0,0,0,8
26,boundary,apv,mda,w*eta*dlogN2,0,1,0,-1,0,0,0,0,8
26,boundary,boundary,inertial,u*dx(u),3.56175442516378e-14,2,0,2,0,1.90699443957518e-15,2.17855500250765e-09,4,0
26,boundary,boundary,inertial,v*dy(u),3.55565722244722e-14,2,0,2,0,1.91252886143208e-15,2.17855498636914e-09,4,0
26,boundary,boundary,inertial,w*dz(u),0,1,0,1,0,0,0,0,4
26,boundary,boundary,inertial,u*dx(v),3.5603021679268e-14,2,0,2,0,1.09802128758466e-15,2.17855360283965e-09,4,0
26,boundary,boundary,inertial,v*dy(v),3.56395674799882e-14,2,0,2,0,1.21261816521923e-15,2.17855345069294e-09,4,0
26,boundary,boundary,inertial,w*dz(v),0,1,0,1,0,0,0,0,4
26,boundary,boundary,mda,u*dx(eta),6.09475038712296e-13,2,0,1,0,1.77447026910727e-15,9.67590369646116e-09,4,0
26,boundary,boundary,mda,v*dy(eta),6.09379017269437e-13,2,0,1,0,1.72555175061978e-15,9.67590372669156e-09,4,0
26,boundary,boundary,mda,w*dz(eta),0,1,0,1,0,0,0,0,4
26,boundary,boundary,mda,w*eta*dlogN2,0,1,0,1,0,0,0,0,4
17,wave,wave,wave,u*dx(u),4.98410648254903e-11,15,1,16,1,3.56173682861331e-15,4.72095695869257e-11,640,0
17,wave,wave,wave,v*dy(u),0,1,1,1,1,0,0,0,640
17,wave,wave,wave,w*dz(u),1.36125707508714e-06,16,1,1,1,3.49464901461261e-12,3.28266811709742e-06,640,0
17,wave,wave,wave,u*dx(v),4.96285225692749e-11,15,1,16,1,3.57088458154531e-15,3.46893624936229e-11,640,0
17,wave,wave,wave,v*dy(v),0,1,1,1,1,0,0,0,640
17,wave,wave,wave,w*dz(v),1.35210288435502e-06,16,1,1,1,3.49464901461261e-12,3.18065759083696e-06,640,0
17,wave,wave,wave,u*dx(w),2.00488169817348e-13,15,1,15,1,1.22124532708767e-15,4.73814321111377e-11,640,0
17,wave,wave,wave,v*dy(w),0,1,1,1,1,0,0,0,640
17,wave,wave,wave,w*dz(w),2.00492341330544e-13,15,1,15,1,1.11022302462516e-15,4.67255123481891e-11,640,0
17,wave,wave,wave,u*dx(eta),4.62524783413013e-12,16,1,16,1,2.89241486368901e-15,3.46809247986357e-11,640,0
17,wave,wave,wave,v*dy(eta),0,1,1,1,1,0,0,0,640
17,wave,wave,wave,w*dz(eta),4.62533354404385e-12,16,1,16,1,2.55247375788387e-15,3.42048611656764e-11,640,0
17,wave,wave,wave,w*eta*dlogN2,4.23016866698143e-11,16,1,14,1,1.6442143873014e-15,3.50111051261592e-11,640,0
17,wave,apv,wave,u*dx(u),0,1,1,-1,0,0,0,0,128
17,wave,apv,wave,v*dy(u),0,1,1,-1,0,0,0,0,128
17,wave,apv,wave,w*dz(u),0,1,1,-1,0,0,0,0,128
17,wave,apv,wave,u*dx(v),5.69053551159101e-12,16,1,1,0,3.79579074824838e-15,6.09536722926929e-10,128,0
17,wave,apv,wave,v*dy(v),0,1,1,-1,0,0,0,0,128
17,wave,apv,wave,w*dz(v),1.36644583161588e-12,16,1,2,0,4.0610206227863e-15,7.68281327445663e-10,128,0
17,wave,apv,wave,u*dx(w),0,1,1,-1,0,0,0,0,128
17,wave,apv,wave,v*dy(w),0,1,1,-1,0,0,0,0,128
17,wave,apv,wave,w*dz(w),0,1,1,-1,0,0,0,0,128
17,wave,apv,wave,u*dx(eta),1.57039361651763e-13,16,1,2,0,1.88737914186277e-15,8.42454550564753e-10,128,0
17,wave,apv,wave,v*dy(eta),0,1,1,-1,0,0,0,0,128
17,wave,apv,wave,w*dz(eta),8.64117150022705e-11,16,1,-1,0,2.54328877821517e-15,1.34034650045578e-09,128,0
17,wave,apv,wave,w*eta*dlogN2,1.03734928156944e-11,15,1,1,0,1.33226762955019e-15,7.80436271163865e-10,128,0
17,apv,wave,wave,u*dx(u),5.72230474113881e-12,1,0,16,1,3.62573214747504e-15,6.29120013482314e-10,128,0
17,apv,wave,wave,v*dy(u),0,-1,0,1,1,0,0,0,128
17,apv,wave,wave,w*dz(u),0,-1,0,1,1,0,0,0,128
17,apv,wave,wave,u*dx(v),5.69017415802314e-12,1,0,16,1,3.83415317401049e-15,6.09810638221124e-10,128,0
17,apv,wave,wave,v*dy(v),0,-1,0,1,1,0,0,0,128
17,apv,wave,wave,w*dz(v),0,-1,0,1,1,0,0,0,128
17,apv,wave,wave,u*dx(w),4.75777625385609e-14,3,0,15,1,7.7715611723761e-16,4.91024554349906e-10,128,0
17,apv,wave,wave,v*dy(w),0,-1,0,1,1,0,0,0,128
17,apv,wave,wave,w*dz(w),0,-1,0,1,1,0,0,0,128
17,apv,wave,wave,u*dx(eta),1.728123631797e-13,1,0,16,1,1.66533453693773e-15,7.73086390339969e-10,128,0
17,apv,wave,wave,v*dy(eta),0,-1,0,1,1,0,0,0,128
17,apv,wave,wave,w*dz(eta),0,-1,0,1,1,0,0,0,128
17,apv,wave,wave,w*eta*dlogN2,0,-1,0,1,1,0,0,0,128
17,wave,boundary,wave,u*dx(u),0,1,1,1,0,0,0,0,64
17,wave,boundary,wave,v*dy(u),0,1,1,1,0,0,0,0,64
17,wave,boundary,wave,w*dz(u),0,1,1,1,0,0,0,0,64
17,wave,boundary,wave,u*dx(v),5.49490824814894e-12,16,1,2,0,3.09761399636034e-15,3.38987060644058e-10,64,0
17,wave,boundary,wave,v*dy(v),0,1,1,1,0,0,0,0,64
17,wave,boundary,wave,w*dz(v),6.5382127646156e-13,15,1,2,0,3.36383601906091e-15,5.45840372900841e-10,64,0
17,wave,boundary,wave,u*dx(w),0,1,1,1,0,0,0,0,64
17,wave,boundary,wave,v*dy(w),0,1,1,1,0,0,0,0,64
17,wave,boundary,wave,w*dz(w),0,1,1,1,0,0,0,0,64
17,wave,boundary,wave,u*dx(eta),1.01607760803862e-13,15,1,2,0,1.55431223447522e-15,5.58739832179356e-10,64,0
17,wave,boundary,wave,v*dy(eta),0,1,1,1,0,0,0,0,64
17,wave,boundary,wave,w*dz(eta),2.62428038317082e-11,16,1,2,0,6.92156719132031e-16,3.03202019047433e-10,64,0
17,wave,boundary,wave,w*eta*dlogN2,1.13786559937792e-11,16,1,2,0,1.856459607481e-15,5.42645040013667e-10,64,0
17,boundary,wave,wave,u*dx(u),2.39366053652348e-12,2,0,16,1,2.2220444917291e-15,9.68695816595861e-11,64,0
17,boundary,wave,wave,v*dy(u),0,1,0,1,1,0,0,0,64
17,boundary,wave,wave,w*dz(u),0,1,0,1,1,0,0,0,64
17,boundary,wave,wave,u*dx(v),2.37847813750505e-12,2,0,16,1,2.38414965739877e-15,9.29088554117196e-11,64,0
17,boundary,wave,wave,v*dy(v),0,1,0,1,1,0,0,0,64
17,boundary,wave,wave,w*dz(v),0,1,0,1,1,0,0,0,64
17,boundary,wave,wave,u*dx(w),1.11903700977631e-14,2,0,15,1,6.66133814775094e-16,9.899925323964e-11,64,0
17,boundary,wave,wave,v*dy(w),0,1,0,1,1,0,0,0,64
17,boundary,wave,wave,w*dz(w),0,1,0,1,1,0,0,0,64
17,boundary,wave,wave,u*dx(eta),6.80508774508624e-14,2,0,15,1,1.04858791325076e-15,9.40896249801426e-11,64,0
17,boundary,wave,wave,v*dy(eta),0,1,0,1,1,0,0,0,64
17,boundary,wave,wave,w*dz(eta),0,1,0,1,1,0,0,0,64
17,boundary,wave,wave,w*eta*dlogN2,0,1,0,1,1,0,0,0,64
17,apv,boundary,wave,u*dx(u),0,-1,0,1,0,0,0,0,8
17,apv,boundary,wave,v*dy(u),0,-1,0,1,0,0,0,0,8
17,apv,boundary,wave,w*dz(u),0,-1,0,1,0,0,0,0,8
17,apv,boundary,wave,u*dx(v),4.63252096448542e-13,3,0,2,0,2.02403008096959e-15,5.14420062103227e-10,8,0
17,apv,boundary,wave,v*dy(v),0,-1,0,1,0,0,0,0,8
17,apv,boundary,wave,w*dz(v),0,-1,0,1,0,0,0,0,8
17,apv,boundary,wave,u*dx(w),0,-1,0,1,0,0,0,0,8
17,apv,boundary,wave,v*dy(w),0,-1,0,1,0,0,0,0,8
17,apv,boundary,wave,w*dz(w),0,-1,0,1,0,0,0,0,8
17,apv,boundary,wave,u*dx(eta),1.18692381266386e-14,3,0,2,0,1.05889906738218e-15,6.47226605643425e-10,8,0
17,apv,boundary,wave,v*dy(eta),0,-1,0,1,0,0,0,0,8
17,apv,boundary,wave,w*dz(eta),0,-1,0,1,0,0,0,0,8
17,apv,boundary,wave,w*eta*dlogN2,0,-1,0,1,0,0,0,0,8
17,boundary,apv,wave,u*dx(u),0,1,0,-1,0,0,0,0,8
17,boundary,apv,wave,v*dy(u),0,1,0,-1,0,0,0,0,8
17,boundary,apv,wave,w*dz(u),0,1,0,-1,0,0,0,0,8
17,boundary,apv,wave,u*dx(v),2.94870666683349e-13,2,0,3,0,2.13465763860177e-15,6.73557432051552e-10,8,0
17,boundary,apv,wave,v*dy(v),0,1,0,-1,0,0,0,0,8
17,boundary,apv,wave,w*dz(v),0,1,0,-1,0,0,0,0,8
17,boundary,apv,wave,u*dx(w),0,1,0,-1,0,0,0,0,8
17,boundary,apv,wave,v*dy(w),0,1,0,-1,0,0,0,0,8
17,boundary,apv,wave,w*dz(w),0,1,0,-1,0,0,0,0,8
17,boundary,apv,wave,u*dx(eta),1.82150584205928e-14,2,0,1,0,9.47723184770177e-16,1.14600728906566e-09,8,0
17,boundary,apv,wave,v*dy(eta),0,1,0,-1,0,0,0,0,8
17,boundary,apv,wave,w*dz(eta),0,1,0,-1,0,0,0,0,8
17,boundary,apv,wave,w*eta*dlogN2,0,1,0,-1,0,0,0,0,8
17,boundary,boundary,wave,u*dx(u),0,1,0,1,0,0,0,0,4
17,boundary,boundary,wave,v*dy(u),0,1,0,1,0,0,0,0,4
17,boundary,boundary,wave,w*dz(u),0,1,0,1,0,0,0,0,4
17,boundary,boundary,wave,u*dx(v),1.22691918769572e-13,2,0,1,0,1.14038675963601e-15,5.9747606862004e-10,4,0
17,boundary,boundary,wave,v*dy(v),0,1,0,1,0,0,0,0,4
17,boundary,boundary,wave,w*dz(v),0,1,0,1,0,0,0,0,4
17,boundary,boundary,wave,u*dx(w),0,1,0,1,0,0,0,0,4
17,boundary,boundary,wave,v*dy(w),0,1,0,1,0,0,0,0,4
17,boundary,boundary,wave,w*dz(w),0,1,0,1,0,0,0,0,4
17,boundary,boundary,wave,u*dx(eta),2.28189011710032e-14,2,0,1,0,1.2613308000285e-15,1.41295530831087e-09,4,0
17,boundary,boundary,wave,v*dy(eta),0,1,0,1,0,0,0,0,4
17,boundary,boundary,wave,w*dz(eta),0,1,0,1,0,0,0,0,4
17,boundary,boundary,wave,w*eta*dlogN2,0,1,0,1,0,0,0,0,4
14,wave,wave,wave,u*dx(u),0,1,1,1,1,0,0,0,640
14,wave,wave,wave,v*dy(u),5.00435052785058e-11,15,1,16,1,3.75862658857106e-15,2.23474572180749e-11,640,0
14,wave,wave,wave,w*dz(u),9.51661414502572e-07,16,1,1,1,1.8268719870207e-12,2.85822184097665e-06,640,0
14,wave,wave,wave,u*dx(v),0,1,1,1,1,0,0,0,640
14,wave,wave,wave,v*dy(v),4.91846828719008e-11,15,1,16,1,3.25578838709829e-15,2.23583374037162e-11,640,0
14,wave,wave,wave,w*dz(v),9.27497547325736e-07,16,1,1,1,1.82642789781085e-12,2.56613681548562e-06,640,0
14,wave,wave,wave,u*dx(w),0,1,1,1,1,0,0,0,640
14,wave,wave,wave,v*dy(w),2.46206505345873e-13,15,1,15,1,1.11022302462516e-15,2.24715801522279e-11,640,0
14,wave,wave,wave,w*dz(w),2.46200097068452e-13,15,1,15,1,1.22124532708767e-15,2.25939267295416e-11,640,0
14,wave,wave,wave,u*dx(eta),0,1,1,1,1,0,0,0,640
14,wave,wave,wave,v*dy(eta),5.55509794276064e-12,16,1,16,1,2.811427805385e-15,2.21673790434807e-11,640,0
14,wave,wave,wave,w*dz(eta),5.55509491634926e-12,16,1,16,1,2.62058359621563e-15,2.25999219338746e-11,640,0
14,wave,wave,wave,w*eta*dlogN2,5.03317941516091e-11,16,1,14,1,1.56726768267185e-15,2.22519780379571e-11,640,0
14,wave,apv,wave,u*dx(u),0,1,1,-1,0,0,0,0,128
14,wave,apv,wave,v*dy(u),5.75239634685934e-12,16,1,1,0,3.84154527337792e-15,6.51448303286663e-10,128,0
14,wave,apv,wave,w*dz(u),1.37371933308364e-12,16,1,2,0,3.56462692604424e-15,7.69974327489267e-10,128,0
14,wave,apv,wave,u*dx(v),0,1,1,-1,0,0,0,0,128
14,wave,apv,wave,v*dy(v),0,1,1,-1,0,0,0,0,128
14,wave,apv,wave,w*dz(v),0,1,1,-1,0,0,0,0,128
14,wave,apv,wave,u*dx(w),0,1,1,-1,0,0,0,0,128
14,wave,apv,wave,v*dy(w),0,1,1,-1,0,0,0,0,128
14,wave,apv,wave,w*dz(w),0,1,1,-1,0,0,0,0,128
14,wave,apv,wave,u*dx(eta),0,1,1,-1,0,0,0,0,128
14,wave,apv,wave,v*dy(eta),1.90214548036541e-13,16,1,2,0,1.99840144432528e-15,8.42501512998695e-10,128,0
14,wave,apv,wave,w*dz(eta),1.01982593015763e-10,16,1,-1,0,1.77635683940025e-15,1.34034650045578e-09,128,0
14,wave,apv,wave,w*eta*dlogN2,1.22698582091857e-11,15,1,1,0,1.50275207072985e-15,7.80436271163865e-10,128,0
14,apv,wave,wave,u*dx(u),0,-1,0,1,1,0,0,0,128
14,apv,wave,wave,v*dy(u),5.75228416163598e-12,1,0,16,1,3.11509966137965e-15,6.51457114293208e-10,128,0
14,apv,wave,wave,w*dz(u),0,-1,0,1,1,0,0,0,128
14,apv,wave,wave,u*dx(v),0,-1,0,1,1,0,0,0,128
14,apv,wave,wave,v*dy(v),5.63002006328495e-12,1,0,16,1,3.92321588837834e-15,5.94169975252467e-10,128,0
14,apv,wave,wave,w*dz(v),0,-1,0,1,1,0,0,0,128
14,apv,wave,wave,u*dx(w),0,-1,0,1,1,0,0,0,128
14,apv,wave,wave,v*dy(w),5.84260074336244e-14,3,0,15,1,7.7715611723761e-16,4.6550985288718e-10,128,0
14,apv,wave,wave,w*dz(w),0,-1,0,1,1,0,0,0,128
14,apv,wave,wave,u*dx(eta),0,-1,0,1,1,0,0,0,128
14,apv,wave,wave,v*dy(eta),2.06966053069522e-13,1,0,16,1,2.50371742652676e-15,8.03030458942666e-10,128,0
14,apv,wave,wave,w*dz(eta),0,-1,0,1,1,0,0,0,128
14,apv,wave,wave,w*eta*dlogN2,0,-1,0,1,1,0,0,0,128
14,wave,boundary,wave,u*dx(u),0,1,1,1,0,0,0,0,64
14,wave,boundary,wave,v*dy(u),5.22722448232829e-12,16,1,2,0,3.35769528161779e-15,2.90631347190552e-10,64,0
14,wave,boundary,wave,w*dz(u),6.12971113542288e-13,15,1,2,0,2.8068687742775e-15,4.08638261711744e-10,64,0
14,wave,boundary,wave,u*dx(v),0,1,1,1,0,0,0,0,64
14,wave,boundary,wave,v*dy(v),0,1,1,1,0,0,0,0,64
14,wave,boundary,wave,w*dz(v),0,1,1,1,0,0,0,0,64
14,wave,boundary,wave,u*dx(w),0,1,1,1,0,0,0,0,64
14,wave,boundary,wave,v*dy(w),0,1,1,1,0,0,0,0,64
14,wave,boundary,wave,w*dz(w),0,1,1,1,0,0,0,0,64
14,wave,boundary,wave,u*dx(eta),0,1,1,1,0,0,0,0,64
14,wave,boundary,wave,v*dy(eta),1.02893507248671e-13,15,1,2,0,1.22124532708767e-15,3.90026344554428e-10,64,0
14,wave,boundary,wave,w*dz(eta),2.15312310846846e-11,16,1,2,0,1.42547191584608e-15,2.58869037317311e-10,64,0
14,wave,boundary,wave,w*eta*dlogN2,1.45107467419123e-11,16,1,2,0,1.33226762955019e-15,3.78412967627639e-10,64,0
14,boundary,wave,wave,u*dx(u),0,1,0,1,1,0,0,0,64
14,boundary,wave,wave,v*dy(u),2.40716568840423e-12,2,0,16,1,2.59729410240139e-15,1.05295516255787e-10,64,0
14,boundary,wave,wave,w*dz(u),0,1,0,1,1,0,0,0,64
14,boundary,wave,wave,u*dx(v),0,1,0,1,1,0,0,0,64
14,boundary,wave,wave,v*dy(v),2.35262006622332e-12,2,0,16,1,3.08864082824101e-15,9.18077800338362e-11,64,0
14,boundary,wave,wave,w*dz(v),0,1,0,1,1,0,0,0,64
14,boundary,wave,wave,u*dx(w),0,1,0,1,1,0,0,0,64
14,boundary,wave,wave,v*dy(w),1.37377641631622e-14,2,0,15,1,4.44089209850063e-16,8.98786600700419e-11,64,0
14,boundary,wave,wave,w*dz(w),0,1,0,1,1,0,0,0,64
14,boundary,wave,wave,u*dx(eta),0,1,0,1,1,0,0,0,64
14,boundary,wave,wave,v*dy(eta),8.10090663089628e-14,2,0,15,1,8.52514136028551e-16,8.98845442520724e-11,64,0
14,boundary,wave,wave,w*dz(eta),0,1,0,1,1,0,0,0,64
14,boundary,wave,wave,w*eta*dlogN2,0,1,0,1,1,0,0,0,64
14,apv,boundary,wave,u*dx(u),0,-1,0,1,0,0,0,0,8
14,apv,boundary,wave,v*dy(u),4.61592760309408e-13,3,0,2,0,2.30098418945093e-15,5.7192618728438e-10,8,0
14,apv,boundary,wave,w*dz(u),0,-1,0,1,0,0,0,0,8
14,apv,boundary,wave,u*dx(v),0,-1,0,1,0,0,0,0,8
14,apv,boundary,wave,v*dy(v),0,-1,0,1,0,0,0,0,8
14,apv,boundary,wave,w*dz(v),0,-1,0,1,0,0,0,0,8
14,apv,boundary,wave,u*dx(w),0,-1,0,1,0,0,0,0,8
14,apv,boundary,wave,v*dy(w),0,-1,0,1,0,0,0,0,8
14,apv,boundary,wave,w*dz(w),0,-1,0,1,0,0,0,0,8
14,apv,boundary,wave,u*dx(eta),0,-1,0,1,0,0,0,0,8
14,apv,boundary,wave,v*dy(eta),1.32082829576879e-14,3,0,2,0,1.99425161797702e-15,5.20213374759183e-10,8,0
14,apv,boundary,wave,w*dz(eta),0,-1,0,1,0,0,0,0,8
14,apv,boundary,wave,w*eta*dlogN2,0,-1,0,1,0,0,0,0,8
14,boundary,apv,wave,u*dx(u),0,1,0,-1,0,0,0,0,8
14,boundary,apv,wave,v*dy(u),2.99462957156603e-13,2,0,3,0,4.14127236834063e-15,6.75634743685711e-10,8,0
14,boundary,apv,wave,w*dz(u),0,1,0,-1,0,0,0,0,8
14,boundary,apv,wave,u*dx(v),0,1,0,-1,0,0,0,0,8
14,boundary,apv,wave,v*dy(v),0,1,0,-1,0,0,0,0,8
14,boundary,apv,wave,w*dz(v),0,1,0,-1,0,0,0,0,8
14,boundary,apv,wave,u*dx(w),0,1,0,-1,0,0,0,0,8
14,boundary,apv,wave,v*dy(w),0,1,0,-1,0,0,0,0,8
14,boundary,apv,wave,w*dz(w),0,1,0,-1,0,0,0,0,8
14,boundary,apv,wave,u*dx(eta),0,1,0,-1,0,0,0,0,8
14,boundary,apv,wave,v*dy(eta),2.21758398653409e-14,2,0,1,0,1.02232862453247e-15,1.14600728906566e-09,8,0
14,boundary,apv,wave,w*dz(eta),0,1,0,-1,0,0,0,0,8
14,boundary,apv,wave,w*eta*dlogN2,0,1,0,-1,0,0,0,0,8
14,boundary,boundary,wave,u*dx(u),0,1,0,1,0,0,0,0,4
14,boundary,boundary,wave,v*dy(u),1.40039256961699e-13,2,0,1,0,2.24126339097915e-15,8.39687020096895e-10,4,0
14,boundary,boundary,wave,w*dz(u),0,1,0,1,0,0,0,0,4
14,boundary,boundary,wave,u*dx(v),0,1,0,1,0,0,0,0,4
14,boundary,boundary,wave,v*dy(v),0,1,0,1,0,0,0,0,4
14,boundary,boundary,wave,w*dz(v),0,1,0,1,0,0,0,0,4
14,boundary,boundary,wave,u*dx(w),0,1,0,1,0,0,0,0,4
14,boundary,boundary,wave,v*dy(w),0,1,0,1,0,0,0,0,4
14,boundary,boundary,wave,w*dz(w),0,1,0,1,0,0,0,0,4
14,boundary,boundary,wave,u*dx(eta),0,1,0,1,0,0,0,0,4
14,boundary,boundary,wave,v*dy(eta),3.01028095800866e-14,2,0,1,0,1.38056123081342e-15,1.24085930419682e-09,4,0
14,boundary,boundary,wave,w*dz(eta),0,1,0,1,0,0,0,0,4
14,boundary,boundary,wave,w*eta*dlogN2,0,1,0,1,0,0,0,0,4
4,wave,wave,wave,u*dx(u),4.9335648090374e-11,15,1,16,1,3.65778060421498e-15,1.48885348494332e-11,640,0
4,wave,wave,wave,v*dy(u),4.93356206521235e-11,15,1,16,1,3.67560827043358e-15,8.35242985885998e-12,640,0
4,wave,wave,wave,w*dz(u),1.23120159299104e-07,16,1,1,1,1.22373610275579e-13,2.96231786498653e-07,640,0
4,wave,wave,wave,u*dx(v),4.96828285032094e-11,15,1,16,1,3.6008795553613e-15,1.48880907602233e-11,640,0
4,wave,wave,wave,v*dy(v),4.96828065123924e-11,15,1,16,1,3.69298096725627e-15,8.3526519034649e-12,640,0
4,wave,wave,wave,w*dz(v),1.24362384997647e-07,16,1,1,1,1.27159472263827e-13,3.07938979805651e-07,640,0
4,wave,wave,wave,u*dx(w),2.82210294661141e-13,15,1,15,1,1.22124532708767e-15,1.4871215370249e-11,640,0
4,wave,wave,wave,v*dy(w),2.82211803228613e-13,15,1,15,1,1.33226762955019e-15,8.33555446888568e-12,640,0
4,wave,wave,wave,w*dz(w),2.82193263385447e-13,15,1,15,1,1.22124532708767e-15,1.61912705465284e-11,640,0
4,wave,wave,wave,u*dx(eta),6.27327610521106e-12,16,1,16,1,3.1380690931227e-15,1.38267175486817e-11,640,0
4,wave,wave,wave,v*dy(eta),6.27327641422758e-12,16,1,16,1,2.79071632254626e-15,7.29105664731833e-12,640,0
4,wave,wave,wave,w*dz(eta),6.27331175925576e-12,16,1,16,1,2.73944687313585e-15,1.58617563528196e-11,640,0
4,wave,wave,wave,w*eta*dlogN2,5.65048721141942e-11,16,1,14,1,1.9679849455245e-15,1.5603074388082e-11,640,0
4,wave,apv,wave,u*dx(u),5.6534528792649e-12,16,1,1,0,3.63492288926032e-15,5.98638298522685e-10,128,0
4,wave,apv,wave,v*dy(u),5.65352354447219e-12,16,1,1,0,3.09212786890909e-15,5.98638413233959e-10,128,0
4,wave,apv,wave,w*dz(u),1.35918640127133e-12,16,1,2,0,3.53011965609011e-15,7.68236918524678e-10,128,0
4,wave,apv,wave,u*dx(v),5.7020046794837e-12,16,1,1,0,4.01596493510308e-15,6.1360852029351e-10,128,0
4,wave,apv,wave,v*dy(v),5.70209248304232e-12,16,1,1,0,3.19227794066667e-15,6.13609108272622e-10,128,0
4,wave,apv,wave,w*dz(v),1.3662255443799e-12,16,1,2,0,4.03851786302962e-15,7.68237029546981e-10,128,0
4,wave,apv,wave,u*dx(w),0,1,1,-1,0,0,0,0,128
4,wave,apv,wave,v*dy(w),0,1,1,-1,0,0,0,0,128
4,wave,apv,wave,w*dz(w),0,1,1,-1,0,0,0,0,128
4,wave,apv,wave,u*dx(eta),2.15937149244103e-13,16,1,2,0,1.66533453693773e-15,8.41873126766757e-10,128,0
4,wave,apv,wave,v*dy(eta),2.1581920482108e-13,16,1,2,0,1.9554283345232e-15,8.42315439619767e-10,128,0
4,wave,apv,wave,w*dz(eta),1.13953179676215e-10,16,1,-1,0,1.82183063777081e-15,1.34012434482855e-09,128,0
4,wave,apv,wave,w*eta*dlogN2,1.3724574790983e-11,15,1,1,0,1.24781717800634e-15,7.80374986852905e-10,128,0
4,apv,wave,wave,u*dx(u),0,-1,0,1,1,0,0,0,128
4,apv,wave,wave,v*dy(u),5.65333827515125e-12,1,0,16,1,3.66425403112581e-15,5.9829566093128e-10,128,0
4,apv,wave,wave,w*dz(u),0,-1,0,1,1,0,0,0,128
4,apv,wave,wave,u*dx(v),0,-1,0,1,1,0,0,0,128
4,apv,wave,wave,v*dy(v),5.70220111628568e-12,1,0,16,1,3.90789845855015e-15,6.13682100787441e-10,128,0
4,apv,wave,wave,w*dz(v),0,-1,0,1,1,0,0,0,128
4,apv,wave,wave,u*dx(w),0,-1,0,1,1,0,0,0,128
4,apv,wave,wave,v*dy(w),6.69551752486113e-14,3,0,15,1,7.7715611723761e-16,4.6826453825588e-10,128,0
4,apv,wave,wave,w*dz(w),0,-1,0,1,1,0,0,0,128
4,apv,wave,wave,u*dx(eta),0,-1,0,1,1,0,0,0,128
4,apv,wave,wave,v*dy(eta),2.33384912260673e-13,1,0,16,1,1.74541765412721e-15,8.19147499140195e-10,128,0
4,apv,wave,wave,w*dz(eta),0,-1,0,1,1,0,0,0,128
4,apv,wave,wave,w*eta*dlogN2,0,-1,0,1,1,0,0,0,128
4,wave,boundary,wave,u*dx(u),2.21887722860721e-12,16,1,2,0,1.82024143848803e-15,8.95434760707258e-11,64,0
4,wave,boundary,wave,v*dy(u),2.21917046807992e-12,16,1,2,0,2.45409876503464e-15,8.95433668439267e-11,64,0
4,wave,boundary,wave,w*dz(u),2.63397365210531e-13,16,1,2,0,1.83578436764463e-15,8.55704396229839e-11,64,0
4,wave,boundary,wave,u*dx(v),2.23828257873016e-12,16,1,2,0,2.26123562355245e-15,9.02719530377152e-11,64,0
4,wave,boundary,wave,v*dy(v),2.23869599230603e-12,16,1,2,0,2.59217629240755e-15,9.02718185517654e-11,64,0
4,wave,boundary,wave,w*dz(v),2.65606210992312e-13,16,1,2,0,2.05299244634646e-15,8.55707726898913e-11,64,0
4,wave,boundary,wave,u*dx(w),0,1,1,1,0,0,0,0,64
4,wave,boundary,wave,v*dy(w),0,1,1,1,0,0,0,0,64
4,wave,boundary,wave,w*dz(w),0,1,1,1,0,0,0,0,64
4,wave,boundary,wave,u*dx(eta),4.19654437311979e-14,16,1,2,0,9.21355428538203e-16,8.47846237661543e-11,64,0
4,wave,boundary,wave,v*dy(eta),4.1993036246287e-14,16,1,2,0,7.83771726275008e-16,8.4788398524438e-11,64,0
4,wave,boundary,wave,w*dz(eta),8.34656767205664e-14,15,1,2,0,1.32613372985708e-15,5.17592444743588e-10,64,0
4,wave,boundary,wave,w*eta*dlogN2,2.23426348561556e-11,16,1,2,0,1.01443475869748e-15,8.56632542678426e-11,64,0
4,boundary,wave,wave,u*dx(u),0,1,0,1,1,0,0,0,64
4,boundary,wave,wave,v*dy(u),1.69379600085154e-12,2,0,16,1,1.97662632847675e-15,7.17630399549307e-11,64,0
4,boundary,wave,wave,w*dz(u),0,1,0,1,1,0,0,0,64
4,boundary,wave,wave,u*dx(v),0,1,0,1,1,0,0,0,64
4,boundary,wave,wave,v*dy(v),1.7107980005643e-12,2,0,16,1,2.22607825402478e-15,7.19896722416395e-11,64,0
4,boundary,wave,wave,w*dz(v),0,1,0,1,1,0,0,0,64
4,boundary,wave,wave,u*dx(w),0,1,0,1,1,0,0,0,64
4,boundary,wave,wave,v*dy(w),1.02432875773787e-14,2,0,15,1,7.7715611723761e-16,7.52397033565444e-11,64,0
4,boundary,wave,wave,w*dz(w),0,1,0,1,1,0,0,0,64
4,boundary,wave,wave,u*dx(eta),0,1,0,1,1,0,0,0,64
4,boundary,wave,wave,v*dy(eta),6.14679546932749e-14,2,0,15,1,1.04621841737881e-15,2.88990295128849e-10,64,0
4,boundary,wave,wave,w*dz(eta),0,1,0,1,1,0,0,0,64
4,boundary,wave,wave,w*eta*dlogN2,0,1,0,1,1,0,0,0,64
4,apv,boundary,wave,u*dx(u),0,-1,0,1,0,0,0,0,8
4,apv,boundary,wave,v*dy(u),2.85392530535409e-13,3,0,2,0,1.33909495367398e-15,6.63856747351588e-10,8,0
4,apv,boundary,wave,w*dz(u),0,-1,0,1,0,0,0,0,8
4,apv,boundary,wave,u*dx(v),0,-1,0,1,0,0,0,0,8
4,apv,boundary,wave,v*dy(v),2.888394659506e-13,3,0,2,0,1.84986852990953e-15,6.63857413485403e-10,8,0
4,apv,boundary,wave,w*dz(v),0,-1,0,1,0,0,0,0,8
4,apv,boundary,wave,u*dx(w),0,-1,0,1,0,0,0,0,8
4,apv,boundary,wave,v*dy(w),0,-1,0,1,0,0,0,0,8
4,apv,boundary,wave,w*dz(w),0,-1,0,1,0,0,0,0,8
4,apv,boundary,wave,u*dx(eta),0,-1,0,1,0,0,0,0,8
4,apv,boundary,wave,v*dy(eta),6.15896701199398e-15,3,0,2,0,1.1146420280983e-15,6.78989309221834e-10,8,0
4,apv,boundary,wave,w*dz(eta),0,-1,0,1,0,0,0,0,8
4,apv,boundary,wave,w*eta*dlogN2,0,-1,0,1,0,0,0,0,8
4,boundary,apv,wave,u*dx(u),0,1,0,-1,0,0,0,0,8
4,boundary,apv,wave,v*dy(u),2.61688905998611e-13,2,0,3,0,1.54285058671802e-15,6.49501785687789e-10,8,0
4,boundary,apv,wave,w*dz(u),0,1,0,-1,0,0,0,0,8
4,boundary,apv,wave,u*dx(v),0,1,0,-1,0,0,0,0,8
4,boundary,apv,wave,v*dy(v),2.64550801715009e-13,2,0,3,0,1.82971391094764e-15,6.49501785687789e-10,8,0
4,boundary,apv,wave,w*dz(v),0,1,0,-1,0,0,0,0,8
4,boundary,apv,wave,u*dx(w),0,1,0,-1,0,0,0,0,8
4,boundary,apv,wave,v*dy(w),0,1,0,-1,0,0,0,0,8
4,boundary,apv,wave,w*dz(w),0,1,0,-1,0,0,0,0,8
4,boundary,apv,wave,u*dx(eta),0,1,0,-1,0,0,0,0,8
4,boundary,apv,wave,v*dy(eta),2.17616313336336e-14,1,0,1,0,1.1038162656059e-15,1.42362210908686e-09,8,0
4,boundary,apv,wave,w*dz(eta),0,1,0,-1,0,0,0,0,8
4,boundary,apv,wave,w*eta*dlogN2,0,1,0,-1,0,0,0,0,8
4,boundary,boundary,wave,u*dx(u),0,1,0,1,0,0,0,0,4
4,boundary,boundary,wave,v*dy(u),2.35282321330586e-13,2,0,1,0,1.42101624183179e-15,5.1411792975015e-09,4,0
4,boundary,boundary,wave,w*dz(u),0,1,0,1,0,0,0,0,4
4,boundary,boundary,wave,u*dx(v),0,1,0,1,0,0,0,0,4
4,boundary,boundary,wave,v*dy(v),2.37071287085636e-13,2,0,1,0,1.64407147734068e-15,6.06221430591319e-09,4,0
4,boundary,boundary,wave,w*dz(v),0,1,0,1,0,0,0,0,4
4,boundary,boundary,wave,u*dx(w),0,1,0,1,0,0,0,0,4
4,boundary,boundary,wave,v*dy(w),0,1,0,1,0,0,0,0,4
4,boundary,boundary,wave,w*dz(w),0,1,0,1,0,0,0,0,4
4,boundary,boundary,wave,u*dx(eta),0,1,0,1,0,0,0,0,4
4,boundary,boundary,wave,v*dy(eta),8.11116281133637e-14,2,0,1,0,1.00377438892069e-15,3.12722203688054e-09,4,0
4,boundary,boundary,wave,w*dz(eta),0,1,0,1,0,0,0,0,4
4,boundary,boundary,wave,w*eta*dlogN2,0,1,0,1,0,0,0,0,4
12,wave,wave,inertial,u*dx(u),7.86137435599078e-12,14,1,16,1,2.31847278470763e-15,2.60678145735938e-11,640,0
12,wave,wave,inertial,v*dy(u),0,1,1,1,1,0,0,0,640
12,wave,wave,inertial,w*dz(u),1.77783477323298e-08,16,1,1,1,3.89438560147112e-14,1.25198516220948e-07,640,0
12,wave,wave,inertial,u*dx(v),7.86161004417912e-12,16,1,14,1,2.45099258381061e-15,1.95319316276255e-11,640,0
12,wave,wave,inertial,v*dy(v),0,1,1,1,1,0,0,0,640
12,wave,wave,inertial,w*dz(v),1.77783477473564e-08,16,1,1,1,3.93364476750328e-14,1.25205052103894e-07,640,0
12,wave,wave,mda,u*dx(eta),1.455435733447e-12,16,1,16,1,7.67228324166488e-15,5.68033685450574e-10,640,0
12,wave,wave,mda,v*dy(eta),0,1,1,1,1,0,0,0,640
12,wave,wave,mda,w*dz(eta),1.45543901823253e-12,16,1,16,1,6.99320074098886e-15,5.68033036837453e-10,640,0
12,wave,wave,mda,w*eta*dlogN2,1.66720075013918e-11,14,1,16,1,3.4794411795392e-15,1.59230174932596e-10,640,0
12,wave,apv,inertial,u*dx(u),0,1,1,-1,0,0,0,0,128
12,wave,apv,inertial,v*dy(u),0,1,1,-1,0,0,0,0,128
12,wave,apv,inertial,w*dz(u),0,1,1,-1,0,0,0,0,128
12,wave,apv,inertial,u*dx(v),1.0351959984346e-12,16,1,1,0,1.63003026847321e-15,4.58609300787398e-10,128,0
12,wave,apv,inertial,v*dy(v),0,1,1,-1,0,0,0,0,128
12,wave,apv,inertial,w*dz(v),3.00490541858256e-13,15,1,2,0,1.99840144432528e-15,7.68237029546981e-10,128,0
12,wave,apv,mda,u*dx(eta),1.1783046853097e-13,2,1,1,0,4.36138723793079e-15,7.20678690962867e-10,128,0
12,wave,apv,mda,v*dy(eta),0,1,1,-1,0,0,0,0,128
12,wave,apv,mda,w*dz(eta),2.79295308170347e-10,1,1,-1,0,2.75336106957449e-15,2.72917831152446e-05,128,0
12,wave,apv,mda,w*eta*dlogN2,4.62629249416713e-12,15,1,1,0,3.33414618411853e-15,7.80374875830603e-10,128,0
12,apv,wave,inertial,u*dx(u),0,-1,0,1,1,0,0,0,128
12,apv,wave,inertial,v*dy(u),0,-1,0,1,1,0,0,0,128
12,apv,wave,inertial,w*dz(u),0,-1,0,1,1,0,0,0,128
12,apv,wave,inertial,u*dx(v),0,-1,0,1,1,0,0,0,128
12,apv,wave,inertial,v*dy(v),0,-1,0,1,1,0,0,0,128
12,apv,wave,inertial,w*dz(v),0,-1,0,1,1,0,0,0,128
12,apv,wave,mda,u*dx(eta),0,-1,0,1,1,0,0,0,128
12,apv,wave,mda,v*dy(eta),0,-1,0,1,1,0,0,0,128
12,apv,wave,mda,w*dz(eta),0,-1,0,1,1,0,0,0,128
12,apv,wave,mda,w*eta*dlogN2,0,-1,0,1,1,0,0,0,128
12,wave,boundary,inertial,u*dx(u),0,1,1,1,0,0,0,0,64
12,wave,boundary,inertial,v*dy(u),0,1,1,1,0,0,0,0,64
12,wave,boundary,inertial,w*dz(u),0,1,1,1,0,0,0,0,64
12,wave,boundary,inertial,u*dx(v),3.5789951738482e-13,16,1,2,0,1.18261667417894e-15,7.14218684194634e-11,64,0
12,wave,boundary,inertial,v*dy(v),0,1,1,1,0,0,0,0,64
12,wave,boundary,inertial,w*dz(v),7.22460920634599e-14,1,1,1,0,1.54781839113783e-15,7.77644615368445e-11,64,0
12,wave,boundary,mda,u*dx(eta),1.19714544759946e-14,16,1,2,0,4.93245848061063e-16,6.83276657476029e-10,64,0
12,wave,boundary,mda,v*dy(eta),0,1,1,1,0,0,0,0,64
12,wave,boundary,mda,w*dz(eta),1.81015119449591e-14,15,1,2,0,2.20427679358033e-15,3.92300271703344e-07,64,0
12,wave,boundary,mda,w*eta*dlogN2,6.60176754995966e-12,14,1,2,0,2.41365630558407e-15,1.3269885140306e-10,64,0
12,boundary,wave,inertial,u*dx(u),0,1,0,1,1,0,0,0,64
12,boundary,wave,inertial,v*dy(u),0,1,0,1,1,0,0,0,64
12,boundary,wave,inertial,w*dz(u),0,1,0,1,1,0,0,0,64
12,boundary,wave,inertial,u*dx(v),0,1,0,1,1,0,0,0,64
12,boundary,wave,inertial,v*dy(v),0,1,0,1,1,0,0,0,64
12,boundary,wave,inertial,w*dz(v),0,1,0,1,1,0,0,0,64
12,boundary,wave,mda,u*dx(eta),0,1,0,1,1,0,0,0,64
12,boundary,wave,mda,v*dy(eta),0,1,0,1,1,0,0,0,64
12,boundary,wave,mda,w*dz(eta),0,1,0,1,1,0,0,0,64
12,boundary,wave,mda,w*eta*dlogN2,0,1,0,1,1,0,0,0,64
12,apv,boundary,inertial,u*dx(u),0,-1,0,1,0,0,0,0,8
12,apv,boundary,inertial,v*dy(u),0,-1,0,1,0,0,0,0,8
12,apv,boundary,inertial,w*dz(u),0,-1,0,1,0,0,0,0,8
12,apv,boundary,inertial,u*dx(v),0,-1,0,1,0,0,0,0,8
12,apv,boundary,inertial,v*dy(v),0,-1,0,1,0,0,0,0,8
12,apv,boundary,inertial,w*dz(v),0,-1,0,1,0,0,0,0,8
12,apv,boundary,mda,u*dx(eta),0,-1,0,1,0,0,0,0,8
12,apv,boundary,mda,v*dy(eta),0,-1,0,1,0,0,0,0,8
12,apv,boundary,mda,w*dz(eta),0,-1,0,1,0,0,0,0,8
12,apv,boundary,mda,w*eta*dlogN2,0,-1,0,1,0,0,0,0,8
12,boundary,apv,inertial,u*dx(u),0,1,0,-1,0,0,0,0,8
12,boundary,apv,inertial,v*dy(u),0,1,0,-1,0,0,0,0,8
12,boundary,apv,inertial,w*dz(u),0,1,0,-1,0,0,0,0,8
12,boundary,apv,inertial,u*dx(v),0,1,0,-1,0,0,0,0,8
12,boundary,apv,inertial,v*dy(v),0,1,0,-1,0,0,0,0,8
12,boundary,apv,inertial,w*dz(v),0,1,0,-1,0,0,0,0,8
12,boundary,apv,mda,u*dx(eta),0,1,0,-1,0,0,0,0,8
12,boundary,apv,mda,v*dy(eta),0,1,0,-1,0,0,0,0,8
12,boundary,apv,mda,w*dz(eta),0,1,0,-1,0,0,0,0,8
12,boundary,apv,mda,w*eta*dlogN2,0,1,0,-1,0,0,0,0,8
12,boundary,boundary,inertial,u*dx(u),0,1,0,1,0,0,0,0,4
12,boundary,boundary,inertial,v*dy(u),0,1,0,1,0,0,0,0,4
12,boundary,boundary,inertial,w*dz(u),0,1,0,1,0,0,0,0,4
12,boundary,boundary,inertial,u*dx(v),0,1,0,1,0,0,0,0,4
12,boundary,boundary,inertial,v*dy(v),0,1,0,1,0,0,0,0,4
12,boundary,boundary,inertial,w*dz(v),0,1,0,1,0,0,0,0,4
12,boundary,boundary,mda,u*dx(eta),0,1,0,1,0,0,0,0,4
12,boundary,boundary,mda,v*dy(eta),0,1,0,1,0,0,0,0,4
12,boundary,boundary,mda,w*dz(eta),0,1,0,1,0,0,0,0,4
12,boundary,boundary,mda,w*eta*dlogN2,0,1,0,1,0,0,0,0,4
2,wave,wave,wave,u*dx(u),5.00433420397034e-11,15,1,16,1,3.9254245576621e-15,3.81388060080017e-11,640,0
2,wave,wave,wave,v*dy(u),0,1,1,1,1,0,0,0,640
2,wave,wave,wave,w*dz(u),1.36996510068811e-06,16,1,1,1,3.49453799231014e-12,3.38077654457204e-06,640,0
2,wave,wave,wave,u*dx(v),4.91845597088193e-11,15,1,16,1,3.61580947276065e-15,2.55850896024867e-11,640,0
2,wave,wave,wave,v*dy(v),0,1,1,1,1,0,0,0,640
2,wave,wave,wave,w*dz(v),1.3351827237529e-06,16,1,1,1,3.49487105921753e-12,3.03509117756306e-06,640,0
2,wave,wave,wave,u*dx(w),2.46208213556627e-13,15,1,15,1,1.22124532708767e-15,3.60145246958155e-11,640,0
2,wave,wave,wave,v*dy(w),0,1,1,1,1,0,0,0,640
2,wave,wave,wave,w*dz(w),2.4620520045097e-13,15,1,15,1,1.4432899320127e-15,3.87778698041075e-11,640,0
2,wave,wave,wave,u*dx(eta),5.55496694482354e-12,16,1,16,1,3.35198892649259e-15,2.37536657010651e-11,640,0
2,wave,wave,wave,v*dy(eta),0,1,1,1,1,0,0,0,640
2,wave,wave,wave,w*dz(eta),5.55514617664805e-12,16,1,16,1,3.08810872588149e-15,2.66868749321247e-11,640,0
2,wave,wave,wave,w*eta*dlogN2,5.03320110652244e-11,16,1,14,1,1.84122103876364e-15,2.75448552855551e-11,640,0
2,wave,apv,wave,u*dx(u),0,1,1,-1,0,0,0,0,128
2,wave,apv,wave,v*dy(u),0,1,1,-1,0,0,0,0,128
2,wave,apv,wave,w*dz(u),0,1,1,-1,0,0,0,0,128
2,wave,apv,wave,u*dx(v),5.62918406191984e-12,16,1,1,0,4.10996774024592e-15,5.94239859997589e-10,128,0
2,wave,apv,wave,v*dy(v),0,1,1,-1,0,0,0,0,128
2,wave,apv,wave,w*dz(v),1.35705662217866e-12,16,1,2,0,4.172458721059e-15,7.68237029546981e-10,128,0
2,wave,apv,wave,u*dx(w),0,1,1,-1,0,0,0,0,128
2,wave,apv,wave,v*dy(w),0,1,1,-1,0,0,0,0,128
2,wave,apv,wave,w*dz(w),0,1,1,-1,0,0,0,0,128
2,wave,apv,wave,u*dx(eta),1.90274191129892e-13,16,1,2,0,1.77532936732251e-15,8.41873126766757e-10,128,0
2,wave,apv,wave,v*dy(eta),0,1,1,-1,0,0,0,0,128
2,wave,apv,wave,w*dz(eta),1.01983887295352e-10,16,1,-1,0,2.18015799606333e-15,1.34012434482855e-09,128,0
2,wave,apv,wave,w*eta*dlogN2,1.22698212439173e-11,15,1,1,0,2.18444263838209e-15,7.80374986852905e-10,128,0
2,apv,wave,wave,u*dx(u),0,-1,0,1,1,0,0,0,128
2,apv,wave,wave,v*dy(u),0,-1,0,1,1,0,0,0,128
2,apv,wave,wave,w*dz(u),0,-1,0,1,1,0,0,0,128
2,apv,wave,wave,u*dx(v),0,-1,0,1,1,0,0,0,128
2,apv,wave,wave,v*dy(v),0,-1,0,1,1,0,0,0,128
2,apv,wave,wave,w*dz(v),0,-1,0,1,1,0,0,0,128
2,apv,wave,wave,u*dx(w),0,-1,0,1,1,0,0,0,128
2,apv,wave,wave,v*dy(w),0,-1,0,1,1,0,0,0,128
2,apv,wave,wave,w*dz(w),0,-1,0,1,1,0,0,0,128
2,apv,wave,wave,u*dx(eta),0,-1,0,1,1,0,0,0,128
2,apv,wave,wave,v*dy(eta),0,-1,0,1,1,0,0,0,128
2,apv,wave,wave,w*dz(eta),0,-1,0,1,1,0,0,0,128
2,apv,wave,wave,w*eta*dlogN2,0,-1,0,1,1,0,0,0,128
2,wave,boundary,wave,u*dx(u),0,1,1,1,0,0,0,0,64
2,wave,boundary,wave,v*dy(u),0,1,1,1,0,0,0,0,64
2,wave,boundary,wave,w*dz(u),0,1,1,1,0,0,0,0,64
2,wave,boundary,wave,u*dx(v),5.43488530312749e-12,16,1,2,0,2.29176172669608e-15,3.3814495647988e-10,64,0
2,wave,boundary,wave,v*dy(v),0,1,1,1,0,0,0,0,64
2,wave,boundary,wave,w*dz(v),6.48157206998044e-13,16,1,2,0,2.90865664554102e-15,5.45664735618345e-10,64,0
2,wave,boundary,wave,u*dx(w),0,1,1,1,0,0,0,0,64
2,wave,boundary,wave,v*dy(w),0,1,1,1,0,0,0,0,64
2,wave,boundary,wave,w*dz(w),0,1,1,1,0,0,0,0,64
2,wave,boundary,wave,u*dx(eta),1.18338336923727e-13,15,1,2,0,1.70135974958788e-15,5.58687873741803e-10,64,0
2,wave,boundary,wave,v*dy(eta),0,1,1,1,0,0,0,0,64
2,wave,boundary,wave,w*dz(eta),3.10609059459967e-11,16,1,2,0,9.74421185472696e-16,3.02856406619867e-10,64,0
2,wave,boundary,wave,w*eta*dlogN2,1.38139393973604e-11,16,1,2,0,1.00415588121777e-15,5.42833999972459e-10,64,0
2,boundary,wave,wave,u*dx(u),0,1,0,1,1,0,0,0,64
2,boundary,wave,wave,v*dy(u),0,1,0,1,1,0,0,0,64
2,boundary,wave,wave,w*dz(u),0,1,0,1,1,0,0,0,64
2,boundary,wave,wave,u*dx(v),0,1,0,1,1,0,0,0,64
2,boundary,wave,wave,v*dy(v),0,1,0,1,1,0,0,0,64
2,boundary,wave,wave,w*dz(v),0,1,0,1,1,0,0,0,64
2,boundary,wave,wave,u*dx(w),0,1,0,1,1,0,0,0,64
2,boundary,wave,wave,v*dy(w),0,1,0,1,1,0,0,0,64
2,boundary,wave,wave,w*dz(w),0,1,0,1,1,0,0,0,64
2,boundary,wave,wave,u*dx(eta),0,1,0,1,1,0,0,0,64
2,boundary,wave,wave,v*dy(eta),0,1,0,1,1,0,0,0,64
2,boundary,wave,wave,w*dz(eta),0,1,0,1,1,0,0,0,64
2,boundary,wave,wave,w*eta*dlogN2,0,1,0,1,1,0,0,0,64
2,apv,boundary,wave,u*dx(u),0,-1,0,1,0,0,0,0,8
2,apv,boundary,wave,v*dy(u),0,-1,0,1,0,0,0,0,8
2,apv,boundary,wave,w*dz(u),0,-1,0,1,0,0,0,0,8
2,apv,boundary,wave,u*dx(v),0,-1,0,1,0,0,0,0,8
2,apv,boundary,wave,v*dy(v),0,-1,0,1,0,0,0,0,8
2,apv,boundary,wave,w*dz(v),0,-1,0,1,0,0,0,0,8
2,apv,boundary,wave,u*dx(w),0,-1,0,1,0,0,0,0,8
2,apv,boundary,wave,v*dy(w),0,-1,0,1,0,0,0,0,8
2,apv,boundary,wave,w*dz(w),0,-1,0,1,0,0,0,0,8
2,apv,boundary,wave,u*dx(eta),0,-1,0,1,0,0,0,0,8
2,apv,boundary,wave,v*dy(eta),0,-1,0,1,0,0,0,0,8
2,apv,boundary,wave,w*dz(eta),0,-1,0,1,0,0,0,0,8
2,apv,boundary,wave,w*eta*dlogN2,0,-1,0,1,0,0,0,0,8
2,boundary,apv,wave,u*dx(u),0,1,0,-1,0,0,0,0,8
2,boundary,apv,wave,v*dy(u),0,1,0,-1,0,0,0,0,8
2,boundary,apv,wave,w*dz(u),0,1,0,-1,0,0,0,0,8
2,boundary,apv,wave,u*dx(v),0,1,0,-1,0,0,0,0,8
2,boundary,apv,wave,v*dy(v),0,1,0,-1,0,0,0,0,8
2,boundary,apv,wave,w*dz(v),0,1,0,-1,0,0,0,0,8
2,boundary,apv,wave,u*dx(w),0,1,0,-1,0,0,0,0,8
2,boundary,apv,wave,v*dy(w),0,1,0,-1,0,0,0,0,8
2,boundary,apv,wave,w*dz(w),0,1,0,-1,0,0,0,0,8
2,boundary,apv,wave,u*dx(eta),0,1,0,-1,0,0,0,0,8
2,boundary,apv,wave,v*dy(eta),0,1,0,-1,0,0,0,0,8
2,boundary,apv,wave,w*dz(eta),0,1,0,-1,0,0,0,0,8
2,boundary,apv,wave,w*eta*dlogN2,0,1,0,-1,0,0,0,0,8
2,boundary,boundary,wave,u*dx(u),0,1,0,1,0,0,0,0,4
2,boundary,boundary,wave,v*dy(u),0,1,0,1,0,0,0,0,4
2,boundary,boundary,wave,w*dz(u),0,1,0,1,0,0,0,0,4
2,boundary,boundary,wave,u*dx(v),0,1,0,1,0,0,0,0,4
2,boundary,boundary,wave,v*dy(v),0,1,0,1,0,0,0,0,4
2,boundary,boundary,wave,w*dz(v),0,1,0,1,0,0,0,0,4
2,boundary,boundary,wave,u*dx(w),0,1,0,1,0,0,0,0,4
2,boundary,boundary,wave,v*dy(w),0,1,0,1,0,0,0,0,4
2,boundary,boundary,wave,w*dz(w),0,1,0,1,0,0,0,0,4
2,boundary,boundary,wave,u*dx(eta),0,1,0,1,0,0,0,0,4
2,boundary,boundary,wave,v*dy(eta),0,1,0,1,0,0,0,0,4
2,boundary,boundary,wave,w*dz(eta),0,1,0,1,0,0,0,0,4
2,boundary,boundary,wave,w*eta*dlogN2,0,1,0,1,0,0,0,0,4
1,wave,wave,wave,u*dx(u),4.98643753507949e-11,15,1,16,1,4.31465962668059e-15,5.91811044614587e-11,640,0
1,wave,wave,wave,v*dy(u),4.98643966263551e-11,15,1,16,-1,3.69375151044552e-15,5.26452215154904e-11,640,0
1,wave,wave,wave,w*dz(u),6.01935937888096e-07,16,1,1,1,7.72382158231721e-13,1.85230828761193e-06,640,0
1,wave,wave,wave,u*dx(v),4.92184387161086e-11,15,1,16,1,3.25791176230255e-15,5.91868776211868e-11,640,0
1,wave,wave,wave,v*dy(v),4.92184367308476e-11,15,1,16,1,3.65418432819637e-15,5.26507726306136e-11,640,0
1,wave,wave,wave,w*dz(v),5.90691496464589e-07,16,1,1,1,7.72493180534184e-13,1.71910493096158e-06,640,0
1,wave,wave,wave,u*dx(w),2.71570457508541e-13,15,1,15,1,1.33226762955019e-15,5.68032287873166e-11,640,0
1,wave,wave,wave,v*dy(w),2.71570837363767e-13,15,1,15,1,1.22124532708767e-15,5.02675678859532e-11,640,0
1,wave,wave,wave,w*dz(w),2.71569132894169e-13,15,1,15,1,1.22124532708767e-15,6.04423178174329e-11,640,0
1,wave,wave,wave,u*dx(eta),6.06237570171232e-12,16,1,16,1,3.21539461615288e-15,3.39230865620266e-11,640,0
1,wave,wave,wave,v*dy(eta),6.06237076846995e-12,16,1,16,1,2.88023080468343e-15,2.73869815714534e-11,640,0
1,wave,wave,wave,w*dz(eta),6.0625557291356e-12,16,1,16,1,2.77890263287741e-15,3.77597952905262e-11,640,0
1,wave,wave,wave,w*eta*dlogN2,5.46944698903487e-11,16,1,14,1,1.65448233526971e-15,3.77193831724298e-11,640,0
1,wave,apv,wave,u*dx(u),5.72679238696014e-12,16,1,1,0,3.74174041783489e-15,6.32596796783368e-10,128,0
1,wave,apv,wave,v*dy(u),5.72727150927875e-12,16,1,1,0,3.49356475158254e-15,6.32596873823596e-10,128,0
1,wave,apv,wave,w*dz(u),1.37042929378493e-12,16,1,2,0,3.69511072896922e-15,7.68236918524678e-10,128,0
1,wave,apv,wave,u*dx(v),5.63616334557013e-12,16,1,1,0,3.69994454834989e-15,5.94883732858843e-10,128,0
1,wave,apv,wave,v*dy(v),5.63653749552183e-12,16,1,1,0,3.68205363441329e-15,5.94884589308298e-10,128,0
1,wave,apv,wave,w*dz(v),1.35670341647593e-12,16,1,2,0,3.72614084545127e-15,7.68237029546981e-10,128,0
1,wave,apv,wave,u*dx(w),0,1,1,-1,0,0,0,0,128
1,wave,apv,wave,v*dy(w),0,1,1,-1,0,0,0,0,128
1,wave,apv,wave,w*dz(w),0,1,1,-1,0,0,0,0,128
1,wave,apv,wave,u*dx(eta),2.08316343805233e-13,16,1,2,0,1.66533453693773e-15,8.41873126766757e-10,128,0
1,wave,apv,wave,v*dy(eta),2.08417910132262e-13,16,1,2,0,2.60141967649843e-15,8.42315439619767e-10,128,0
1,wave,apv,wave,w*dz(eta),1.10442853100626e-10,16,1,-1,0,3.05945134416671e-15,1.34012434482855e-09,128,0
1,wave,apv,wave,w*eta*dlogN2,1.32981343172667e-11,15,1,1,0,1.09500046335817e-15,7.80374986852905e-10,128,0
1,apv,wave,wave,u*dx(u),0,-1,0,1,1,0,0,0,128
1,apv,wave,wave,v*dy(u),5.72731759648635e-12,1,0,16,1,4.11633477734584e-15,6.32625640632433e-10,128,0
1,apv,wave,wave,w*dz(u),0,-1,0,1,1,0,0,0,128
1,apv,wave,wave,u*dx(v),0,-1,0,1,1,0,0,0,128
1,apv,wave,wave,v*dy(v),5.63623297519372e-12,1,0,16,1,3.95734449905972e-15,5.94711951610744e-10,128,0
1,apv,wave,wave,w*dz(v),0,-1,0,1,1,0,0,0,128
1,apv,wave,wave,u*dx(w),0,-1,0,1,1,0,0,0,128
1,apv,wave,wave,v*dy(w),6.44342122186858e-14,3,0,15,1,5.55111512312578e-16,5.11971576244719e-10,128,0
1,apv,wave,wave,w*dz(w),0,-1,0,1,1,0,0,0,128
1,apv,wave,wave,u*dx(eta),0,-1,0,1,1,0,0,0,128
1,apv,wave,wave,v*dy(eta),2.25715664458311e-13,1,0,16,1,1.66533453693773e-15,8.14795240065188e-10,128,0
1,apv,wave,wave,w*dz(eta),0,-1,0,1,1,0,0,0,128
1,apv,wave,wave,w*eta*dlogN2,0,-1,0,1,1,0,0,0,128
1,wave,boundary,wave,u*dx(u),4.76484106267382e-12,16,1,2,0,3.13835729785995e-15,2.39791529468101e-10,64,0
1,wave,boundary,wave,v*dy(u),4.76543142392394e-12,16,1,2,0,3.26047483297316e-15,2.39794622168863e-10,64,0
1,wave,boundary,wave,w*dz(u),5.55772264111822e-13,16,1,2,0,2.31139065000437e-15,2.95466231322967e-10,64,0
1,wave,boundary,wave,u*dx(v),4.68972648737967e-12,16,1,2,0,1.99789449652682e-15,2.31302978531043e-10,64,0
1,wave,boundary,wave,v*dy(v),4.68913467119552e-12,16,1,2,0,2.58619872914224e-15,2.31302459641308e-10,64,0
1,wave,boundary,wave,w*dz(v),5.48790860791845e-13,16,1,2,0,2.44946406621459e-15,2.87580737001747e-10,64,0
1,wave,boundary,wave,u*dx(w),0,1,1,1,0,0,0,0,64
1,wave,boundary,wave,v*dy(w),0,1,1,1,0,0,0,0,64
1,wave,boundary,wave,w*dz(w),0,1,1,1,0,0,0,0,64
1,wave,boundary,wave,u*dx(eta),9.62072180440992e-14,15,1,2,0,1.30664293345191e-15,2.91619173253821e-10,64,0
1,wave,boundary,wave,v*dy(eta),9.61635971985976e-14,15,1,2,0,1.11022302462516e-15,2.91622836989802e-10,64,0
1,wave,boundary,wave,w*dz(eta),1.73347166802267e-11,16,1,2,0,1.85752503582097e-15,2.16602957792134e-10,64,0
1,wave,boundary,wave,w*eta*dlogN2,1.6626729868431e-11,16,1,2,0,9.13005759629158e-16,2.84538392847367e-10,64,0
1,boundary,wave,wave,u*dx(u),0,1,0,1,1,0,0,0,64
1,boundary,wave,wave,v*dy(u),1.71867221206526e-12,2,0,16,1,2.14821702330308e-15,8.3246000741991e-11,64,0
1,boundary,wave,wave,w*dz(u),0,1,0,1,1,0,0,0,64
1,boundary,wave,wave,u*dx(v),0,1,0,1,1,0,0,0,64
1,boundary,wave,wave,v*dy(v),1.68815695977091e-12,2,0,16,1,1.82151809046786e-15,7.72146790950501e-11,64,0
1,boundary,wave,wave,w*dz(v),0,1,0,1,1,0,0,0,64
1,boundary,wave,wave,u*dx(w),0,1,0,1,1,0,0,0,64
1,boundary,wave,wave,v*dy(w),9.849635085529e-15,2,0,15,1,4.44089209850063e-16,7.55493445581124e-11,64,0
1,boundary,wave,wave,w*dz(w),0,1,0,1,1,0,0,0,64
1,boundary,wave,wave,u*dx(eta),0,1,0,1,1,0,0,0,64
1,boundary,wave,wave,v*dy(eta),5.96597053054836e-14,2,0,15,1,1.0733680348036e-15,2.78266195141102e-10,64,0
1,boundary,wave,wave,w*dz(eta),0,1,0,1,1,0,0,0,64
1,boundary,wave,wave,w*eta*dlogN2,0,1,0,1,1,0,0,0,64
1,apv,boundary,wave,u*dx(u),0,-1,0,1,0,0,0,0,8
1,apv,boundary,wave,v*dy(u),4.34020273527833e-13,3,0,2,0,1.68245494284056e-15,5.9115112804875e-10,8,0
1,apv,boundary,wave,w*dz(u),0,-1,0,1,0,0,0,0,8
1,apv,boundary,wave,u*dx(v),0,-1,0,1,0,0,0,0,8
1,apv,boundary,wave,v*dy(v),4.23270794457175e-13,3,0,2,0,1.26062256652225e-15,5.91150461914935e-10,8,0
1,apv,boundary,wave,w*dz(v),0,-1,0,1,0,0,0,0,8
1,apv,boundary,wave,u*dx(w),0,-1,0,1,0,0,0,0,8
1,apv,boundary,wave,v*dy(w),0,-1,0,1,0,0,0,0,8
1,apv,boundary,wave,w*dz(w),0,-1,0,1,0,0,0,0,8
1,apv,boundary,wave,u*dx(eta),0,-1,0,1,0,0,0,0,8
1,apv,boundary,wave,v*dy(eta),1.31304321849235e-14,3,0,2,0,1.25631726675658e-15,5.07086594936368e-10,8,0
1,apv,boundary,wave,w*dz(eta),0,-1,0,1,0,0,0,0,8
1,apv,boundary,wave,w*eta*dlogN2,0,-1,0,1,0,0,0,0,8
1,boundary,apv,wave,u*dx(u),0,1,0,-1,0,0,0,0,8
1,boundary,apv,wave,v*dy(u),2.66092654595937e-13,2,0,3,0,2.45536973532641e-15,6.49501785687789e-10,8,0
1,boundary,apv,wave,w*dz(u),0,1,0,-1,0,0,0,0,8
1,boundary,apv,wave,u*dx(v),0,1,0,-1,0,0,0,0,8
1,boundary,apv,wave,v*dy(v),2.60459956029316e-13,2,0,3,0,1.55158325443813e-15,6.49501785687789e-10,8,0
1,boundary,apv,wave,w*dz(v),0,1,0,-1,0,0,0,0,8
1,boundary,apv,wave,u*dx(w),0,1,0,-1,0,0,0,0,8
1,boundary,apv,wave,v*dy(w),0,1,0,-1,0,0,0,0,8
1,boundary,apv,wave,w*dz(w),0,1,0,-1,0,0,0,0,8
1,boundary,apv,wave,u*dx(eta),0,1,0,-1,0,0,0,0,8
1,boundary,apv,wave,v*dy(eta),2.16670094316996e-14,1,0,1,0,1.48033837840151e-15,1.42362210908686e-09,8,0
1,boundary,apv,wave,w*dz(eta),0,1,0,-1,0,0,0,0,8
1,boundary,apv,wave,w*eta*dlogN2,0,1,0,-1,0,0,0,0,8
1,boundary,boundary,wave,u*dx(u),0,1,0,1,0,0,0,0,4
1,boundary,boundary,wave,v*dy(u),1.65376084932722e-13,2,0,2,0,1.5857012946602e-15,1.28449591180234e-09,4,0
1,boundary,boundary,wave,w*dz(u),0,1,0,1,0,0,0,0,4
1,boundary,boundary,wave,u*dx(v),0,1,0,1,0,0,0,0,4
1,boundary,boundary,wave,v*dy(v),1.62935899096049e-13,2,0,2,0,1.08152805538342e-15,1.20729470864944e-09,4,0
1,boundary,boundary,wave,w*dz(v),0,1,0,1,0,0,0,0,4
1,boundary,boundary,wave,u*dx(w),0,1,0,1,0,0,0,0,4
1,boundary,boundary,wave,v*dy(w),0,1,0,1,0,0,0,0,4
1,boundary,boundary,wave,w*dz(w),0,1,0,1,0,0,0,0,4
1,boundary,boundary,wave,u*dx(eta),0,1,0,1,0,0,0,0,4
1,boundary,boundary,wave,v*dy(eta),3.97951129485746e-14,2,0,1,0,1.72014890760407e-15,2.11601769439795e-09,4,0
1,boundary,boundary,wave,w*dz(eta),0,1,0,1,0,0,0,0,4
1,boundary,boundary,wave,w*eta*dlogN2,0,1,0,1,0,0,0,0,4
184,wave,wave,wave,u*dx(u),5.00447254131929e-11,16,1,15,1,3.83564796915918e-15,6.82860434864097e-11,640,0
184,wave,wave,wave,v*dy(u),5.00446924542786e-11,16,1,15,1,4.70120510679443e-15,6.82913725569279e-11,640,0
184,wave,wave,wave,w*dz(u),1.36546769505459e-07,16,1,1,1,1.40485794333743e-13,3.70217692640366e-07,640,0
184,wave,wave,wave,u*dx(v),4.95861317174526e-11,16,1,15,1,4.21806361853677e-15,6.82836009957555e-11,640,0
184,wave,wave,wave,v*dy(v),4.95861672716733e-11,16,-1,15,1,3.56325271332906e-15,6.82893741554835e-11,640,0
184,wave,wave,wave,w*dz(v),1.34442324162025e-07,16,1,1,1,1.30079936100611e-13,3.41791157294777e-07,640,0
184,wave,wave,wave,u*dx(w),1.64320126751581e-13,15,1,15,1,1.33226762955019e-15,6.8382632889552e-11,640,0
184,wave,wave,wave,v*dy(w),1.6431890835801e-13,15,1,15,1,1.11022302462516e-15,6.8388628093885e-11,640,0
184,wave,wave,wave,w*dz(w),1.64314422997224e-13,15,1,15,1,1.33226762955019e-15,6.81701362026388e-11,640,0
184,wave,wave,wave,u*dx(eta),3.87372941483219e-12,16,1,16,1,2.8980051827143e-15,5.7255089558339e-11,640,0
184,wave,wave,wave,v*dy(eta),3.87373927681656e-12,16,1,16,1,2.00423225403263e-15,5.72606406734621e-11,640,0
184,wave,wave,wave,w*dz(eta),3.87364815320283e-12,16,1,16,1,3.27949886763264e-15,5.68343150320061e-11,640,0
184,wave,wave,wave,w*eta*dlogN2,3.57667937733818e-11,14,1,16,1,1.74498518095762e-15,5.71700464746527e-11,640,0
184,wave,apv,wave,u*dx(u),5.75320271295941e-12,16,1,1,0,3.81678926388362e-15,6.51375363598558e-10,128,0
184,wave,apv,wave,v*dy(u),5.75285220140928e-12,16,1,1,0,3.47017780369014e-15,6.51375838299864e-10,128,0
184,wave,apv,wave,w*dz(u),1.37329332743349e-12,16,1,2,0,4.07346469287988e-15,7.69990248701371e-10,128,0
184,wave,apv,wave,u*dx(v),5.68109571865607e-12,16,1,1,0,3.26728062034516e-15,6.09274750405714e-10,128,0
184,wave,apv,wave,v*dy(v),5.68138401187893e-12,16,1,1,0,3.78813489858848e-15,6.09274340687444e-10,128,0
184,wave,apv,wave,w*dz(v),1.36594873461998e-12,16,1,2,0,4.23865622712132e-15,7.68219377000889e-10,128,0
184,wave,apv,wave,u*dx(w),0,1,1,-1,0,0,0,0,128
184,wave,apv,wave,v*dy(w),0,1,1,-1,0,0,0,0,128
184,wave,apv,wave,w*dz(w),0,1,1,-1,0,0,0,0,128
184,wave,apv,wave,u*dx(eta),1.30365421759953e-13,16,1,2,0,2.09081014194809e-15,8.42815706114663e-10,128,0
184,wave,apv,wave,v*dy(eta),1.30385783936384e-13,16,1,2,0,1.66533453693773e-15,8.42814262824731e-10,128,0
184,wave,apv,wave,w*dz(eta),7.37216706407526e-11,16,1,-1,0,1.88737914186277e-15,1.34024324971449e-09,128,0
184,wave,apv,wave,w*eta*dlogN2,8.82551628111883e-12,15,1,1,0,2.07934080461379e-15,7.80260300814462e-10,128,0
184,apv,wave,wave,u*dx(u),5.75265885452501e-12,1,0,16,1,4.44745078545182e-15,6.51402981189925e-10,128,0
184,apv,wave,wave,v*dy(u),5.75292277814589e-12,1,0,16,1,3.85555222161215e-15,6.51402065908618e-10,128,0
184,apv,wave,wave,w*dz(u),0,-1,0,1,1,0,0,0,128
184,apv,wave,wave,u*dx(v),5.68124955256e-12,1,0,16,1,3.13402583646484e-15,6.09185970893951e-10,128,0
184,apv,wave,wave,v*dy(v),5.68030219689169e-12,1,0,16,1,3.9433380096831e-15,6.09186728884132e-10,128,0
184,apv,wave,wave,w*dz(v),0,-1,0,1,1,0,0,0,128
184,apv,wave,wave,u*dx(w),3.90005652734923e-14,3,0,15,1,6.66133814775094e-16,4.88642237783665e-10,128,0
184,apv,wave,wave,v*dy(w),3.89987117744961e-14,3,0,15,1,6.66133814775094e-16,4.8864201573906e-10,128,0
184,apv,wave,wave,w*dz(w),0,-1,0,1,1,0,0,0,128
184,apv,wave,wave,u*dx(eta),1.45250455478282e-13,1,0,16,1,1.66533453693773e-15,7.36304129845869e-10,128,0
184,apv,wave,wave,v*dy(eta),1.45247780604287e-13,1,0,16,1,1.66533453693773e-15,7.36304451698569e-10,128,0
184,apv,wave,wave,w*dz(eta),0,-1,0,1,1,0,0,0,128
184,apv,wave,wave,w*eta*dlogN2,0,-1,0,1,1,0,0,0,128
184,wave,boundary,wave,u*dx(u),2.40693443038182e-12,16,1,2,0,2.20619787756346e-15,1.1345935281361e-10,64,0
184,wave,boundary,wave,v*dy(u),2.40668755033572e-12,16,1,2,0,2.47328442162615e-15,1.13463884668462e-10,64,0
184,wave,boundary,wave,w*dz(u),2.8589734893309e-13,16,1,2,0,2.64764048665156e-15,1.08452027611138e-10,64,0
184,wave,boundary,wave,u*dx(v),2.37371560907384e-12,16,1,2,0,2.29091753964355e-15,1.1290479662307e-10,64,0
184,wave,boundary,wave,v*dy(v),2.3732156857951e-12,16,1,2,0,2.2640214523626e-15,1.12911013872008e-10,64,0
184,wave,boundary,wave,w*dz(v),2.81941987276026e-13,16,1,2,0,1.92002732824924e-15,1.03075548096854e-10,64,0
184,wave,boundary,wave,u*dx(w),0,1,1,1,0,0,0,0,64
184,wave,boundary,wave,v*dy(w),0,1,1,1,0,0,0,0,64
184,wave,boundary,wave,w*dz(w),0,1,1,1,0,0,0,0,64
184,wave,boundary,wave,u*dx(eta),2.73477490618971e-14,14,1,2,0,8.37579719641078e-16,1.09771969292183e-10,64,0
184,wave,boundary,wave,v*dy(eta),2.73295754241646e-14,14,1,2,0,7.7715611723761e-16,1.09777520407306e-10,64,0
184,wave,boundary,wave,w*dz(eta),5.66333871824578e-14,15,1,2,0,9.58352440171977e-16,3.59459996026061e-10,64,0
184,wave,boundary,wave,w*eta*dlogN2,1.34983047439247e-11,16,1,2,0,1.10728338928266e-15,1.0055556387556e-10,64,0
184,boundary,wave,wave,u*dx(u),4.78632104634079e-12,2,0,16,1,2.83037090881286e-15,2.52273927256308e-10,64,0
184,boundary,wave,wave,v*dy(u),4.78644470371138e-12,2,0,16,1,2.26074679765729e-15,2.52273609000469e-10,64,0
184,boundary,wave,wave,w*dz(u),0,1,0,1,1,0,0,0,64
184,boundary,wave,wave,u*dx(v),4.72473873850736e-12,2,0,16,1,3.95569607349538e-15,2.3278606520916e-10,64,0
184,boundary,wave,wave,v*dy(v),4.72577534872673e-12,2,0,16,1,2.72859307094499e-15,2.32786978754001e-10,64,0
184,boundary,wave,wave,w*dz(v),0,1,0,1,1,0,0,0,64
184,boundary,wave,wave,u*dx(w),2.14201807427552e-14,2,0,15,1,3.33066907387547e-16,2.22088125667597e-10,64,0
184,boundary,wave,wave,v*dy(w),2.14195250442762e-14,2,0,15,1,3.33066907387547e-16,2.22087903622992e-10,64,0
184,boundary,wave,wave,w*dz(w),0,1,0,1,1,0,0,0,64
184,boundary,wave,wave,u*dx(eta),1.19220432702431e-13,2,0,15,1,6.8320732275796e-16,2.16992535051475e-10,64,0
184,boundary,wave,wave,v*dy(eta),1.19174676187384e-13,2,0,15,1,2.07846948408357e-15,2.16992424029172e-10,64,0
184,boundary,wave,wave,w*dz(eta),0,1,0,1,1,0,0,0,64
184,boundary,wave,wave,w*eta*dlogN2,0,1,0,1,1,0,0,0,64
184,apv,boundary,wave,u*dx(u),2.99874829364869e-13,3,0,2,0,2.10838502108026e-15,6.76909437247383e-10,8,0
184,apv,boundary,wave,v*dy(u),2.99423873028087e-13,3,0,2,0,1.55205590473032e-15,6.7690898337444e-10,8,0
184,apv,boundary,wave,w*dz(u),0,-1,0,1,0,0,0,0,8
184,apv,boundary,wave,u*dx(v),2.94017899022e-13,3,0,2,0,1.8275566666025e-15,6.73558098185367e-10,8,0
184,apv,boundary,wave,v*dy(v),2.93830277639378e-13,3,0,2,0,2.06863018213634e-15,6.73557210006948e-10,8,0
184,apv,boundary,wave,w*dz(v),0,-1,0,1,0,0,0,0,8
184,apv,boundary,wave,u*dx(w),0,-1,0,1,0,0,0,0,8
184,apv,boundary,wave,v*dy(w),0,-1,0,1,0,0,0,0,8
184,apv,boundary,wave,w*dz(w),0,-1,0,1,0,0,0,0,8
184,apv,boundary,wave,u*dx(eta),4.34656854983364e-15,3,0,2,0,7.8807829032168e-16,6.76069422667069e-10,8,0
184,apv,boundary,wave,v*dy(eta),4.54862854091257e-15,3,0,2,0,8.59935921580313e-16,6.76069422667069e-10,8,0
184,apv,boundary,wave,w*dz(eta),0,-1,0,1,0,0,0,0,8
184,apv,boundary,wave,w*eta*dlogN2,0,-1,0,1,0,0,0,0,8
184,boundary,apv,wave,u*dx(u),4.37017831712235e-13,2,0,3,0,1.81608876992608e-15,6.04122811377029e-10,8,0
184,boundary,apv,wave,v*dy(u),4.37032538199123e-13,2,0,3,0,2.11967440954226e-15,6.04123767383541e-10,8,0
184,boundary,apv,wave,w*dz(u),0,1,0,-1,0,0,0,0,8
184,boundary,apv,wave,u*dx(v),4.27612199756085e-13,2,0,3,0,1.53056225893261e-15,5.91150461914935e-10,8,0
184,boundary,apv,wave,v*dy(v),4.27614943517599e-13,2,0,3,0,2.05650678322859e-15,5.91150239870331e-10,8,0
184,boundary,apv,wave,w*dz(v),0,1,0,-1,0,0,0,0,8
184,boundary,apv,wave,u*dx(w),0,1,0,-1,0,0,0,0,8
184,boundary,apv,wave,v*dy(w),0,1,0,-1,0,0,0,0,8
184,boundary,apv,wave,w*dz(w),0,1,0,-1,0,0,0,0,8
184,boundary,apv,wave,u*dx(eta),1.59180134058097e-14,2,0,1,0,9.9545762676852e-16,1.08367093076822e-09,8,0
184,boundary,apv,wave,v*dy(eta),1.59095842407076e-14,2,0,1,0,1.82355730074596e-15,1.08367070872362e-09,8,0
184,boundary,apv,wave,w*dz(eta),0,1,0,-1,0,0,0,0,8
184,boundary,apv,wave,w*eta*dlogN2,0,1,0,-1,0,0,0,0,8
184,boundary,boundary,wave,u*dx(u),1.59822196138196e-13,1,0,2,0,1.59479246510108e-15,1.23575159879613e-09,4,0
184,boundary,boundary,wave,v*dy(u),1.59985435940958e-13,1,0,2,0,3.04630767906548e-15,1.23575175341484e-09,4,0
184,boundary,boundary,wave,w*dz(u),0,1,0,1,0,0,0,0,4
184,boundary,boundary,wave,u*dx(v),1.58246315482875e-13,1,0,2,0,1.09320486512848e-15,1.1409864164591e-09,4,0
184,boundary,boundary,wave,v*dy(v),1.58259051278235e-13,1,0,2,0,1.46636773340722e-15,1.1409861944145e-09,4,0
184,boundary,boundary,wave,w*dz(v),0,1,0,1,0,0,0,0,4
184,boundary,boundary,wave,u*dx(w),0,1,0,1,0,0,0,0,4
184,boundary,boundary,wave,v*dy(w),0,1,0,1,0,0,0,0,4
184,boundary,boundary,wave,w*dz(w),0,1,0,1,0,0,0,0,4
184,boundary,boundary,wave,u*dx(eta),9.68773250221637e-15,2,0,1,0,8.82965812285324e-16,1.16223519697201e-09,4,0
184,boundary,boundary,wave,v*dy(eta),9.68784415185794e-15,2,0,1,0,4.55005793289256e-16,1.16223541901661e-09,4,0
184,boundary,boundary,wave,w*dz(eta),0,1,0,1,0,0,0,0,4
184,boundary,boundary,wave,w*eta*dlogN2,0,1,0,1,0,0,0,0,4
212,wave,wave,wave,u*dx(u),5.00433523095354e-11,16,1,15,1,4.01653699197723e-15,3.81388058684161e-11,640,0
212,wave,wave,wave,v*dy(u),0,1,1,1,1,0,0,0,640
212,wave,wave,wave,w*dz(u),9.11992635089325e-08,16,1,1,1,8.50859310815273e-14,2.56610365862879e-07,640,0
212,wave,wave,wave,u*dx(v),4.9184465190388e-11,16,1,15,1,3.36557617944734e-15,3.15696357944262e-11,640,0
212,wave,wave,wave,v*dy(v),0,1,1,1,1,0,0,0,640
212,wave,wave,wave,w*dz(v),8.88822914888383e-08,16,1,1,1,7.64099752148127e-14,2.30338931080458e-07,640,0
212,wave,wave,wave,u*dx(w),2.46205116801216e-13,15,1,15,1,1.4432899320127e-15,3.87778698041075e-11,640,0
212,wave,wave,wave,v*dy(w),0,1,1,1,1,0,0,0,640
212,wave,wave,wave,w*dz(w),2.4620681231748e-13,15,1,15,1,1.22124532708767e-15,3.60145246958155e-11,640,0
212,wave,wave,wave,u*dx(eta),5.55514739041254e-12,16,1,16,1,3.7772249784159e-15,3.26716431686691e-11,640,0
212,wave,wave,wave,v*dy(eta),0,1,1,1,1,0,0,0,640
212,wave,wave,wave,w*dz(eta),5.55498670821934e-12,16,1,16,1,2.44421372914166e-15,2.97384339376094e-11,640,0
212,wave,wave,wave,w*eta*dlogN2,5.03319663452105e-11,14,1,16,1,1.64756114471101e-15,3.35291794328896e-11,640,0
212,wave,apv,wave,u*dx(u),0,1,1,-1,0,0,0,0,128
212,wave,apv,wave,v*dy(u),0,1,1,-1,0,0,0,0,128
212,wave,apv,wave,w*dz(u),0,1,1,-1,0,0,0,0,128
212,wave,apv,wave,u*dx(v),5.62947747129908e-12,16,1,1,0,3.92624063427968e-15,5.9424934553541e-10,128,0
212,wave,apv,wave,v*dy(v),0,1,1,-1,0,0,0,0,128
212,wave,apv,wave,w*dz(v),1.35674572499412e-12,16,1,2,0,4.27928460838463e-15,7.68129448935895e-10,128,0
212,wave,apv,wave,u*dx(w),0,1,1,-1,0,0,0,0,128
212,wave,apv,wave,v*dy(w),0,1,1,-1,0,0,0,0,128
212,wave,apv,wave,w*dz(w),0,1,1,-1,0,0,0,0,128
212,wave,apv,wave,u*dx(eta),1.90194418253911e-13,16,1,2,0,1.99840144432528e-15,8.42768632658419e-10,128,0
212,wave,apv,wave,v*dy(eta),0,1,1,-1,0,0,0,0,128
212,wave,apv,wave,w*dz(eta),1.01980225194791e-10,16,1,-1,0,1.66533453693773e-15,1.34006739038739e-09,128,0
212,wave,apv,wave,w*eta*dlogN2,1.2269665688638e-11,15,1,1,0,9.94705299215912e-16,7.80520204024526e-10,128,0
212,apv,wave,wave,u*dx(u),0,-1,0,1,1,0,0,0,128
212,apv,wave,wave,v*dy(u),0,-1,0,1,1,0,0,0,128
212,apv,wave,wave,w*dz(u),0,-1,0,1,1,0,0,0,128
212,apv,wave,wave,u*dx(v),0,-1,0,1,1,0,0,0,128
212,apv,wave,wave,v*dy(v),0,-1,0,1,1,0,0,0,128
212,apv,wave,wave,w*dz(v),0,-1,0,1,1,0,0,0,128
212,apv,wave,wave,u*dx(w),0,-1,0,1,1,0,0,0,128
212,apv,wave,wave,v*dy(w),0,-1,0,1,1,0,0,0,128
212,apv,wave,wave,w*dz(w),0,-1,0,1,1,0,0,0,128
212,apv,wave,wave,u*dx(eta),0,-1,0,1,1,0,0,0,128
212,apv,wave,wave,v*dy(eta),0,-1,0,1,1,0,0,0,128
212,apv,wave,wave,w*dz(eta),0,-1,0,1,1,0,0,0,128
212,apv,wave,wave,w*eta*dlogN2,0,-1,0,1,1,0,0,0,128
212,wave,boundary,wave,u*dx(u),0,1,1,1,0,0,0,0,64
212,wave,boundary,wave,v*dy(u),0,1,1,1,0,0,0,0,64
212,wave,boundary,wave,w*dz(u),0,1,1,1,0,0,0,0,64
212,wave,boundary,wave,u*dx(v),1.68622145120309e-12,16,1,2,0,1.85002253768502e-15,7.14786008160218e-11,64,0
212,wave,boundary,wave,v*dy(v),0,1,1,1,0,0,0,0,64
212,wave,boundary,wave,w*dz(v),1.97447753613269e-13,16,1,2,0,1.67380035969075e-15,8.78768169343402e-11,64,0
212,wave,boundary,wave,u*dx(w),0,1,1,1,0,0,0,0,64
212,wave,boundary,wave,v*dy(w),0,1,1,1,0,0,0,0,64
212,wave,boundary,wave,w*dz(w),0,1,1,1,0,0,0,0,64
212,wave,boundary,wave,u*dx(eta),2.80586083411687e-14,16,1,2,0,6.70514886335588e-16,8.7297058470881e-11,64,0
212,wave,boundary,wave,v*dy(eta),0,1,1,1,0,0,0,0,64
212,wave,boundary,wave,w*dz(eta),5.38090853747711e-14,15,1,2,0,1.09834112692699e-15,2.82685679045492e-10,64,0
212,wave,boundary,wave,w*eta*dlogN2,2.15192230749917e-11,16,1,2,0,8.88178419700125e-16,8.92101947869151e-11,64,0
212,boundary,wave,wave,u*dx(u),0,1,0,1,1,0,0,0,64
212,boundary,wave,wave,v*dy(u),0,1,0,1,1,0,0,0,64
212,boundary,wave,wave,w*dz(u),0,1,0,1,1,0,0,0,64
212,boundary,wave,wave,u*dx(v),0,1,0,1,1,0,0,0,64
212,boundary,wave,wave,v*dy(v),0,1,0,1,1,0,0,0,64
212,boundary,wave,wave,w*dz(v),0,1,0,1,1,0,0,0,64
212,boundary,wave,wave,u*dx(w),0,1,0,1,1,0,0,0,64
212,boundary,wave,wave,v*dy(w),0,1,0,1,1,0,0,0,64
212,boundary,wave,wave,w*dz(w),0,1,0,1,1,0,0,0,64
212,boundary,wave,wave,u*dx(eta),0,1,0,1,1,0,0,0,64
212,boundary,wave,wave,v*dy(eta),0,1,0,1,1,0,0,0,64
212,boundary,wave,wave,w*dz(eta),0,1,0,1,1,0,0,0,64
212,boundary,wave,wave,w*eta*dlogN2,0,1,0,1,1,0,0,0,64
212,apv,boundary,wave,u*dx(u),0,-1,0,1,0,0,0,0,8
212,apv,boundary,wave,v*dy(u),0,-1,0,1,0,0,0,0,8
212,apv,boundary,wave,w*dz(u),0,-1,0,1,0,0,0,0,8
212,apv,boundary,wave,u*dx(v),0,-1,0,1,0,0,0,0,8
212,apv,boundary,wave,v*dy(v),0,-1,0,1,0,0,0,0,8
212,apv,boundary,wave,w*dz(v),0,-1,0,1,0,0,0,0,8
212,apv,boundary,wave,u*dx(w),0,-1,0,1,0,0,0,0,8
212,apv,boundary,wave,v*dy(w),0,-1,0,1,0,0,0,0,8
212,apv,boundary,wave,w*dz(w),0,-1,0,1,0,0,0,0,8
212,apv,boundary,wave,u*dx(eta),0,-1,0,1,0,0,0,0,8
212,apv,boundary,wave,v*dy(eta),0,-1,0,1,0,0,0,0,8
212,apv,boundary,wave,w*dz(eta),0,-1,0,1,0,0,0,0,8
212,apv,boundary,wave,w*eta*dlogN2,0,-1,0,1,0,0,0,0,8
212,boundary,apv,wave,u*dx(u),0,1,0,-1,0,0,0,0,8
212,boundary,apv,wave,v*dy(u),0,1,0,-1,0,0,0,0,8
212,boundary,apv,wave,w*dz(u),0,1,0,-1,0,0,0,0,8
212,boundary,apv,wave,u*dx(v),0,1,0,-1,0,0,0,0,8
212,boundary,apv,wave,v*dy(v),0,1,0,-1,0,0,0,0,8
212,boundary,apv,wave,w*dz(v),0,1,0,-1,0,0,0,0,8
212,boundary,apv,wave,u*dx(w),0,1,0,-1,0,0,0,0,8
212,boundary,apv,wave,v*dy(w),0,1,0,-1,0,0,0,0,8
212,boundary,apv,wave,w*dz(w),0,1,0,-1,0,0,0,0,8
212,boundary,apv,wave,u*dx(eta),0,1,0,-1,0,0,0,0,8
212,boundary,apv,wave,v*dy(eta),0,1,0,-1,0,0,0,0,8
212,boundary,apv,wave,w*dz(eta),0,1,0,-1,0,0,0,0,8
212,boundary,apv,wave,w*eta*dlogN2,0,1,0,-1,0,0,0,0,8
212,boundary,boundary,wave,u*dx(u),0,1,0,1,0,0,0,0,4
212,boundary,boundary,wave,v*dy(u),0,1,0,1,0,0,0,0,4
212,boundary,boundary,wave,w*dz(u),0,1,0,1,0,0,0,0,4
212,boundary,boundary,wave,u*dx(v),0,1,0,1,0,0,0,0,4
212,boundary,boundary,wave,v*dy(v),0,1,0,1,0,0,0,0,4
212,boundary,boundary,wave,w*dz(v),0,1,0,1,0,0,0,0,4
212,boundary,boundary,wave,u*dx(w),0,1,0,1,0,0,0,0,4
212,boundary,boundary,wave,v*dy(w),0,1,0,1,0,0,0,0,4
212,boundary,boundary,wave,w*dz(w),0,1,0,1,0,0,0,0,4
212,boundary,boundary,wave,u*dx(eta),0,1,0,1,0,0,0,0,4
212,boundary,boundary,wave,v*dy(eta),0,1,0,1,0,0,0,0,4
212,boundary,boundary,wave,w*dz(eta),0,1,0,1,0,0,0,0,4
212,boundary,boundary,wave,w*eta*dlogN2,0,1,0,1,0,0,0,0,4
279,wave,wave,wave,u*dx(u),0,1,1,1,1,0,0,0,640
279,wave,wave,wave,v*dy(u),4.97666383172881e-11,16,1,15,1,4.18259124765048e-15,1.34383615346678e-11,640,0
279,wave,wave,wave,w*dz(u),1.94872583579428e-07,16,1,1,1,2.09850813429242e-13,5.49243846998457e-07,640,0
279,wave,wave,wave,u*dx(v),0,1,1,1,1,0,0,0,640
279,wave,wave,wave,v*dy(v),5.00454575848951e-11,16,1,15,1,3.7457684433607e-15,2.69096381073828e-11,640,0
279,wave,wave,wave,w*dz(v),1.96971769494474e-07,16,1,1,1,2.20071644165075e-13,5.84358060418304e-07,640,0
279,wave,wave,wave,u*dx(w),0,1,1,1,1,0,0,0,640
279,wave,wave,wave,v*dy(w),1.1506916745968e-13,15,1,15,1,1.22124532708767e-15,2.73325806432467e-11,640,0
279,wave,wave,wave,w*dz(w),1.15072378824265e-13,15,1,15,1,1.11022302462516e-15,2.7210456110538e-11,640,0
279,wave,wave,wave,u*dx(eta),0,1,1,1,1,0,0,0,640
279,wave,wave,wave,v*dy(eta),2.81996514329715e-12,16,1,16,1,2.9456412763433e-15,1.38900002610853e-11,640,0
279,wave,wave,wave,w*dz(eta),2.81994579522185e-12,16,1,16,1,3.26936060818554e-15,1.36548550244697e-11,640,0
279,wave,wave,wave,w*eta*dlogN2,2.64878825176148e-11,14,1,16,1,1.33226762955019e-15,1.35642608256603e-11,640,0
279,wave,apv,wave,u*dx(u),0,1,1,-1,0,0,0,0,128
279,wave,apv,wave,v*dy(u),5.70481143991163e-12,16,1,1,0,3.75292589797092e-15,6.23676864732133e-10,128,0
279,wave,apv,wave,w*dz(u),1.37014944807469e-12,16,1,2,0,5.07627875577376e-15,7.68194508005138e-10,128,0
279,wave,apv,wave,u*dx(v),0,1,1,-1,0,0,0,0,128
279,wave,apv,wave,v*dy(v),0,1,1,-1,0,0,0,0,128
279,wave,apv,wave,w*dz(v),0,1,1,-1,0,0,0,0,128
279,wave,apv,wave,u*dx(w),0,1,1,-1,0,0,0,0,128
279,wave,apv,wave,v*dy(w),0,1,1,-1,0,0,0,0,128
279,wave,apv,wave,w*dz(w),0,1,1,-1,0,0,0,0,128
279,wave,apv,wave,u*dx(eta),0,1,1,-1,0,0,0,0,128
279,wave,apv,wave,v*dy(eta),9.69357026871266e-14,15,1,3,0,1.77635683940025e-15,8.42786729293721e-10,128,0
279,wave,apv,wave,w*dz(eta),5.55540187546142e-11,16,1,-1,0,1.55431223447522e-15,1.34015476493943e-09,128,0
279,wave,apv,wave,w*eta*dlogN2,6.61075390631341e-12,15,1,1,0,1.11253677004672e-15,7.80323916593773e-10,128,0
279,apv,wave,wave,u*dx(u),0,-1,0,1,1,0,0,0,128
279,apv,wave,wave,v*dy(u),0,-1,0,1,1,0,0,0,128
279,apv,wave,wave,w*dz(u),0,-1,0,1,1,0,0,0,128
279,apv,wave,wave,u*dx(v),0,-1,0,1,1,0,0,0,128
279,apv,wave,wave,v*dy(v),0,-1,0,1,1,0,0,0,128
279,apv,wave,wave,w*dz(v),0,-1,0,1,1,0,0,0,128
279,apv,wave,wave,u*dx(w),0,-1,0,1,1,0,0,0,128
279,apv,wave,wave,v*dy(w),0,-1,0,1,1,0,0,0,128
279,apv,wave,wave,w*dz(w),0,-1,0,1,1,0,0,0,128
279,apv,wave,wave,u*dx(eta),0,-1,0,1,1,0,0,0,128
279,apv,wave,wave,v*dy(eta),0,-1,0,1,1,0,0,0,128
279,apv,wave,wave,w*dz(eta),0,-1,0,1,1,0,0,0,128
279,apv,wave,wave,w*eta*dlogN2,0,-1,0,1,1,0,0,0,128
279,wave,boundary,wave,u*dx(u),0,1,1,1,0,0,0,0,64
279,wave,boundary,wave,v*dy(u),3.04855064102433e-12,16,1,2,0,2.68448705454319e-15,1.20430473505256e-10,64,0
279,wave,boundary,wave,w*dz(u),3.59788633272169e-13,16,1,2,0,1.95858033757979e-15,1.27242993919197e-10,64,0
279,wave,boundary,wave,u*dx(v),0,1,1,1,0,0,0,0,64
279,wave,boundary,wave,v*dy(v),0,1,1,1,0,0,0,0,64
279,wave,boundary,wave,w*dz(v),0,1,1,1,0,0,0,0,64
279,wave,boundary,wave,u*dx(w),0,1,1,1,0,0,0,0,64
279,wave,boundary,wave,v*dy(w),0,1,1,1,0,0,0,0,64
279,wave,boundary,wave,w*dz(w),0,1,1,1,0,0,0,0,64
279,wave,boundary,wave,u*dx(eta),0,1,1,1,0,0,0,0,64
279,wave,boundary,wave,v*dy(eta),2.71722959931961e-14,15,1,2,0,4.44089209850063e-16,1.23632881710023e-10,64,0
279,wave,boundary,wave,w*dz(eta),5.49058362831256e-14,15,1,2,0,6.66133814775094e-16,2.85466181166887e-10,64,0
279,wave,boundary,wave,w*eta*dlogN2,8.93970836048855e-12,16,1,2,0,1.37983992243128e-15,1.24576460258652e-10,64,0
279,boundary,wave,wave,u*dx(u),0,1,0,1,1,0,0,0,64
279,boundary,wave,wave,v*dy(u),0,1,0,1,1,0,0,0,64
279,boundary,wave,wave,w*dz(u),0,1,0,1,1,0,0,0,64
279,boundary,wave,wave,u*dx(v),0,1,0,1,1,0,0,0,64
279,boundary,wave,wave,v*dy(v),0,1,0,1,1,0,0,0,64
279,boundary,wave,wave,w*dz(v),0,1,0,1,1,0,0,0,64
279,boundary,wave,wave,u*dx(w),0,1,0,1,1,0,0,0,64
279,boundary,wave,wave,v*dy(w),0,1,0,1,1,0,0,0,64
279,boundary,wave,wave,w*dz(w),0,1,0,1,1,0,0,0,64
279,boundary,wave,wave,u*dx(eta),0,1,0,1,1,0,0,0,64
279,boundary,wave,wave,v*dy(eta),0,1,0,1,1,0,0,0,64
279,boundary,wave,wave,w*dz(eta),0,1,0,1,1,0,0,0,64
279,boundary,wave,wave,w*eta*dlogN2,0,1,0,1,1,0,0,0,64
279,apv,boundary,wave,u*dx(u),0,-1,0,1,0,0,0,0,8
279,apv,boundary,wave,v*dy(u),0,-1,0,1,0,0,0,0,8
279,apv,boundary,wave,w*dz(u),0,-1,0,1,0,0,0,0,8
279,apv,boundary,wave,u*dx(v),0,-1,0,1,0,0,0,0,8
279,apv,boundary,wave,v*dy(v),0,-1,0,1,0,0,0,0,8
279,apv,boundary,wave,w*dz(v),0,-1,0,1,0,0,0,0,8
279,apv,boundary,wave,u*dx(w),0,-1,0,1,0,0,0,0,8
279,apv,boundary,wave,v*dy(w),0,-1,0,1,0,0,0,0,8
279,apv,boundary,wave,w*dz(w),0,-1,0,1,0,0,0,0,8
279,apv,boundary,wave,u*dx(eta),0,-1,0,1,0,0,0,0,8
279,apv,boundary,wave,v*dy(eta),0,-1,0,1,0,0,0,0,8
279,apv,boundary,wave,w*dz(eta),0,-1,0,1,0,0,0,0,8
279,apv,boundary,wave,w*eta*dlogN2,0,-1,0,1,0,0,0,0,8
279,boundary,apv,wave,u*dx(u),0,1,0,-1,0,0,0,0,8
279,boundary,apv,wave,v*dy(u),0,1,0,-1,0,0,0,0,8
279,boundary,apv,wave,w*dz(u),0,1,0,-1,0,0,0,0,8
279,boundary,apv,wave,u*dx(v),0,1,0,-1,0,0,0,0,8
279,boundary,apv,wave,v*dy(v),0,1,0,-1,0,0,0,0,8
279,boundary,apv,wave,w*dz(v),0,1,0,-1,0,0,0,0,8
279,boundary,apv,wave,u*dx(w),0,1,0,-1,0,0,0,0,8
279,boundary,apv,wave,v*dy(w),0,1,0,-1,0,0,0,0,8
279,boundary,apv,wave,w*dz(w),0,1,0,-1,0,0,0,0,8
279,boundary,apv,wave,u*dx(eta),0,1,0,-1,0,0,0,0,8
279,boundary,apv,wave,v*dy(eta),0,1,0,-1,0,0,0,0,8
279,boundary,apv,wave,w*dz(eta),0,1,0,-1,0,0,0,0,8
279,boundary,apv,wave,w*eta*dlogN2,0,1,0,-1,0,0,0,0,8
279,boundary,boundary,wave,u*dx(u),0,1,0,1,0,0,0,0,4
279,boundary,boundary,wave,v*dy(u),0,1,0,1,0,0,0,0,4
279,boundary,boundary,wave,w*dz(u),0,1,0,1,0,0,0,0,4
279,boundary,boundary,wave,u*dx(v),0,1,0,1,0,0,0,0,4
279,boundary,boundary,wave,v*dy(v),0,1,0,1,0,0,0,0,4
279,boundary,boundary,wave,w*dz(v),0,1,0,1,0,0,0,0,4
279,boundary,boundary,wave,u*dx(w),0,1,0,1,0,0,0,0,4
279,boundary,boundary,wave,v*dy(w),0,1,0,1,0,0,0,0,4
279,boundary,boundary,wave,w*dz(w),0,1,0,1,0,0,0,0,4
279,boundary,boundary,wave,u*dx(eta),0,1,0,1,0,0,0,0,4
279,boundary,boundary,wave,v*dy(eta),0,1,0,1,0,0,0,0,4
279,boundary,boundary,wave,w*dz(eta),0,1,0,1,0,0,0,0,4
279,boundary,boundary,wave,w*eta*dlogN2,0,1,0,1,0,0,0,0,4
258,wave,wave,wave,u*dx(u),0,1,1,1,1,0,0,0,640
258,wave,wave,wave,v*dy(u),4.97666004281831e-11,15,1,16,1,3.83199503640569e-15,2.69011479758774e-11,640,0
258,wave,wave,wave,w*dz(u),9.41567494331608e-07,16,1,1,1,1.82664994241577e-12,2.68590795124498e-06,640,0
258,wave,wave,wave,u*dx(v),0,1,1,1,1,0,0,0,640
258,wave,wave,wave,v*dy(v),5.00454513351139e-11,15,1,16,1,3.72536839734531e-15,2.69096384739099e-11,640,0
258,wave,wave,wave,w*dz(v),9.51706615731645e-07,16,1,1,1,1.82642789781085e-12,2.8572682498364e-06,640,0
258,wave,wave,wave,u*dx(w),0,1,1,1,1,0,0,0,640
258,wave,wave,wave,v*dy(w),1.15073293013536e-13,15,1,15,1,1.33226762955019e-15,2.7210456110538e-11,640,0
258,wave,wave,wave,w*dz(w),1.15068980204439e-13,15,1,15,1,1.22124532708767e-15,2.73325806432467e-11,640,0
258,wave,wave,wave,u*dx(eta),0,1,1,1,1,0,0,0,640
258,wave,wave,wave,v*dy(eta),2.81996924790421e-12,16,1,16,1,2.47824066055417e-15,2.71145328412103e-11,640,0
258,wave,wave,wave,w*dz(eta),2.81997429086989e-12,16,1,16,1,2.69886774781478e-15,2.73865374822435e-11,640,0
258,wave,wave,wave,w*eta*dlogN2,2.64879192528184e-11,16,1,14,1,1.61883369733197e-15,2.70254929546354e-11,640,0
258,wave,apv,wave,u*dx(u),0,1,1,-1,0,0,0,0,128
258,wave,apv,wave,v*dy(u),5.70491900617361e-12,16,1,1,0,4.35216784000261e-15,6.23675445205488e-10,128,0
258,wave,apv,wave,w*dz(u),1.37024096379492e-12,16,1,2,0,4.30310014211107e-15,7.68268892947788e-10,128,0
258,wave,apv,wave,u*dx(v),0,1,1,-1,0,0,0,0,128
258,wave,apv,wave,v*dy(v),0,1,1,-1,0,0,0,0,128
258,wave,apv,wave,w*dz(v),0,1,1,-1,0,0,0,0,128
258,wave,apv,wave,u*dx(w),0,1,1,-1,0,0,0,0,128
258,wave,apv,wave,v*dy(w),0,1,1,-1,0,0,0,0,128
258,wave,apv,wave,w*dz(w),0,1,1,-1,0,0,0,0,128
258,wave,apv,wave,u*dx(eta),0,1,1,-1,0,0,0,0,128
258,wave,apv,wave,v*dy(eta),9.69490660857587e-14,15,1,3,0,2.1094237467878e-15,8.42846237247841e-10,128,0
258,wave,apv,wave,w*dz(eta),5.55549146018868e-11,16,1,-1,0,1.4432899320127e-15,1.34025501807855e-09,128,0
258,wave,apv,wave,w*eta*dlogN2,6.61074030584062e-12,15,1,1,0,1.42528249078415e-15,7.80187026094836e-10,128,0
258,apv,wave,wave,u*dx(u),0,-1,0,1,1,0,0,0,128
258,apv,wave,wave,v*dy(u),0,-1,0,1,1,0,0,0,128
258,apv,wave,wave,w*dz(u),0,-1,0,1,1,0,0,0,128
258,apv,wave,wave,u*dx(v),0,-1,0,1,1,0,0,0,128
258,apv,wave,wave,v*dy(v),0,-1,0,1,1,0,0,0,128
258,apv,wave,wave,w*dz(v),0,-1,0,1,1,0,0,0,128
258,apv,wave,wave,u*dx(w),0,-1,0,1,1,0,0,0,128
258,apv,wave,wave,v*dy(w),0,-1,0,1,1,0,0,0,128
258,apv,wave,wave,w*dz(w),0,-1,0,1,1,0,0,0,128
258,apv,wave,wave,u*dx(eta),0,-1,0,1,1,0,0,0,128
258,apv,wave,wave,v*dy(eta),0,-1,0,1,1,0,0,0,128
258,apv,wave,wave,w*dz(eta),0,-1,0,1,1,0,0,0,128
258,apv,wave,wave,w*eta*dlogN2,0,-1,0,1,1,0,0,0,128
258,wave,boundary,wave,u*dx(u),0,1,1,1,0,0,0,0,64
258,wave,boundary,wave,v*dy(u),5.18275842242045e-12,16,1,2,0,2.98345402667052e-15,2.81058864404845e-10,64,0
258,wave,boundary,wave,w*dz(u),6.07937788343137e-13,16,1,2,0,3.05592670079103e-15,3.81588538544975e-10,64,0
258,wave,boundary,wave,u*dx(v),0,1,1,1,0,0,0,0,64
258,wave,boundary,wave,v*dy(v),0,1,1,1,0,0,0,0,64
258,wave,boundary,wave,w*dz(v),0,1,1,1,0,0,0,0,64
258,wave,boundary,wave,u*dx(w),0,1,1,1,0,0,0,0,64
258,wave,boundary,wave,v*dy(w),0,1,1,1,0,0,0,0,64
258,wave,boundary,wave,w*dz(w),0,1,1,1,0,0,0,0,64
258,wave,boundary,wave,u*dx(eta),0,1,1,1,0,0,0,0,64
258,wave,boundary,wave,v*dy(eta),5.82433597726562e-14,15,1,2,0,1.22124532708767e-15,3.89796195321424e-10,64,0
258,wave,boundary,wave,w*dz(eta),1.1563847236565e-11,16,1,2,0,8.40613515995127e-16,2.58708832134857e-10,64,0
258,wave,boundary,wave,w*eta*dlogN2,7.04600276247122e-12,15,1,2,0,1.11022302462516e-15,3.78467923667358e-10,64,0
258,boundary,wave,wave,u*dx(u),0,1,0,1,1,0,0,0,64
258,boundary,wave,wave,v*dy(u),0,1,0,1,1,0,0,0,64
258,boundary,wave,wave,w*dz(u),0,1,0,1,1,0,0,0,64
258,boundary,wave,wave,u*dx(v),0,1,0,1,1,0,0,0,64
258,boundary,wave,wave,v*dy(v),0,1,0,1,1,0,0,0,64
258,boundary,wave,wave,w*dz(v),0,1,0,1,1,0,0,0,64
258,boundary,wave,wave,u*dx(w),0,1,0,1,1,0,0,0,64
258,boundary,wave,wave,v*dy(w),0,1,0,1,1,0,0,0,64
258,boundary,wave,wave,w*dz(w),0,1,0,1,1,0,0,0,64
258,boundary,wave,wave,u*dx(eta),0,1,0,1,1,0,0,0,64
258,boundary,wave,wave,v*dy(eta),0,1,0,1,1,0,0,0,64
258,boundary,wave,wave,w*dz(eta),0,1,0,1,1,0,0,0,64
258,boundary,wave,wave,w*eta*dlogN2,0,1,0,1,1,0,0,0,64
258,apv,boundary,wave,u*dx(u),0,-1,0,1,0,0,0,0,8
258,apv,boundary,wave,v*dy(u),0,-1,0,1,0,0,0,0,8
258,apv,boundary,wave,w*dz(u),0,-1,0,1,0,0,0,0,8
258,apv,boundary,wave,u*dx(v),0,-1,0,1,0,0,0,0,8
258,apv,boundary,wave,v*dy(v),0,-1,0,1,0,0,0,0,8
258,apv,boundary,wave,w*dz(v),0,-1,0,1,0,0,0,0,8
258,apv,boundary,wave,u*dx(w),0,-1,0,1,0,0,0,0,8
258,apv,boundary,wave,v*dy(w),0,-1,0,1,0,0,0,0,8
258,apv,boundary,wave,w*dz(w),0,-1,0,1,0,0,0,0,8
258,apv,boundary,wave,u*dx(eta),0,-1,0,1,0,0,0,0,8
258,apv,boundary,wave,v*dy(eta),0,-1,0,1,0,0,0,0,8
258,apv,boundary,wave,w*dz(eta),0,-1,0,1,0,0,0,0,8
258,apv,boundary,wave,w*eta*dlogN2,0,-1,0,1,0,0,0,0,8
258,boundary,apv,wave,u*dx(u),0,1,0,-1,0,0,0,0,8
258,boundary,apv,wave,v*dy(u),0,1,0,-1,0,0,0,0,8
258,boundary,apv,wave,w*dz(u),0,1,0,-1,0,0,0,0,8
258,boundary,apv,wave,u*dx(v),0,1,0,-1,0,0,0,0,8
258,boundary,apv,wave,v*dy(v),0,1,0,-1,0,0,0,0,8
258,boundary,apv,wave,w*dz(v),0,1,0,-1,0,0,0,0,8
258,boundary,apv,wave,u*dx(w),0,1,0,-1,0,0,0,0,8
258,boundary,apv,wave,v*dy(w),0,1,0,-1,0,0,0,0,8
258,boundary,apv,wave,w*dz(w),0,1,0,-1,0,0,0,0,8
258,boundary,apv,wave,u*dx(eta),0,1,0,-1,0,0,0,0,8
258,boundary,apv,wave,v*dy(eta),0,1,0,-1,0,0,0,0,8
258,boundary,apv,wave,w*dz(eta),0,1,0,-1,0,0,0,0,8
258,boundary,apv,wave,w*eta*dlogN2,0,1,0,-1,0,0,0,0,8
258,boundary,boundary,wave,u*dx(u),0,1,0,1,0,0,0,0,4
258,boundary,boundary,wave,v*dy(u),0,1,0,1,0,0,0,0,4
258,boundary,boundary,wave,w*dz(u),0,1,0,1,0,0,0,0,4
258,boundary,boundary,wave,u*dx(v),0,1,0,1,0,0,0,0,4
258,boundary,boundary,wave,v*dy(v),0,1,0,1,0,0,0,0,4
258,boundary,boundary,wave,w*dz(v),0,1,0,1,0,0,0,0,4
258,boundary,boundary,wave,u*dx(w),0,1,0,1,0,0,0,0,4
258,boundary,boundary,wave,v*dy(w),0,1,0,1,0,0,0,0,4
258,boundary,boundary,wave,w*dz(w),0,1,0,1,0,0,0,0,4
258,boundary,boundary,wave,u*dx(eta),0,1,0,1,0,0,0,0,4
258,boundary,boundary,wave,v*dy(eta),0,1,0,1,0,0,0,0,4
258,boundary,boundary,wave,w*dz(eta),0,1,0,1,0,0,0,0,4
258,boundary,boundary,wave,w*eta*dlogN2,0,1,0,1,0,0,0,0,4
9,wave,wave,wave,u*dx(u),4.98001360210541e-11,15,1,16,1,3.59504545993046e-15,3.52007312187652e-11,640,0
9,wave,wave,wave,v*dy(u),4.98001377467772e-11,15,1,16,1,3.61082455104948e-15,2.86648482727969e-11,640,0
9,wave,wave,wave,w*dz(u),1.35367675515214e-07,16,1,1,1,1.34486111965091e-13,3.5386671618259e-07,640,0
9,wave,wave,wave,u*dx(v),4.99196978478637e-11,15,1,16,1,3.57933099964242e-15,3.5198510772716e-11,640,0
9,wave,wave,wave,v*dy(v),4.99197924418285e-11,15,1,16,1,3.78990704684935e-15,2.86626278267477e-11,640,0
9,wave,wave,wave,w*dz(v),1.35946398909596e-07,16,1,1,1,1.37434016064969e-13,3.62183429108812e-07,640,0
9,wave,wave,wave,u*dx(w),1.41379350952215e-13,15,1,15,1,1.33226762955019e-15,3.28987947995074e-11,640,0
9,wave,wave,wave,v*dy(w),1.4137766706614e-13,15,1,15,1,1.4432899320127e-15,2.6363133898144e-11,640,0
9,wave,wave,wave,w*dz(w),1.41373684479043e-13,15,1,15,1,1.22124532708767e-15,3.63182817153529e-11,640,0
9,wave,wave,wave,u*dx(eta),3.38820289854958e-12,16,1,16,1,2.81843477787987e-15,2.19817497537633e-11,640,0
9,wave,wave,wave,v*dy(eta),3.38820623791834e-12,16,1,16,1,2.49408067170977e-15,1.54454227185852e-11,640,0
9,wave,wave,wave,w*dz(eta),3.38824659563915e-12,16,1,16,1,2.31258614687359e-15,2.53901344393626e-11,640,0
9,wave,wave,wave,w*eta*dlogN2,3.15146765161799e-11,16,1,14,1,1.4102945613516e-15,2.57609489295874e-11,640,0
9,wave,apv,wave,u*dx(u),5.71293260907679e-12,16,1,1,0,3.87797997023547e-15,6.25491598871426e-10,128,0
9,wave,apv,wave,v*dy(u),5.71302280820112e-12,16,1,1,0,3.42829083346606e-15,6.25492500156272e-10,128,0
9,wave,apv,wave,w*dz(u),1.37035481262098e-12,16,1,2,0,3.97073941944613e-15,7.68236918524678e-10,128,0
9,wave,apv,wave,u*dx(v),5.73274374707306e-12,16,1,1,0,4.01429612160815e-15,6.38296823191209e-10,128,0
9,wave,apv,wave,v*dy(v),5.73242967182193e-12,16,1,1,0,3.38754716138746e-15,6.3829679200248e-10,128,0
9,wave,apv,wave,w*dz(v),1.37211489292211e-12,16,1,2,0,3.86753558677323e-15,7.68237029546981e-10,128,0
9,wave,apv,wave,u*dx(w),0,1,1,-1,0,0,0,0,128
9,wave,apv,wave,v*dy(w),0,1,1,-1,0,0,0,0,128
9,wave,apv,wave,w*dz(w),0,1,1,-1,0,0,0,0,128
9,wave,apv,wave,u*dx(eta),1.14741261037558e-13,15,1,3,0,1.77635683940025e-15,8.41873015744454e-10,128,0
9,wave,apv,wave,v*dy(eta),1.14777419844543e-13,15,1,3,0,1.88737914186277e-15,8.42315439619767e-10,128,0
9,wave,apv,wave,w*dz(eta),6.54348829130016e-11,16,1,-1,0,1.66533453693773e-15,1.34012434482855e-09,128,0
9,wave,apv,wave,w*eta*dlogN2,7.81405826819749e-12,15,1,1,0,8.88178419700125e-16,7.80374986852905e-10,128,0
9,apv,wave,wave,u*dx(u),0,-1,0,1,1,0,0,0,128
9,apv,wave,wave,v*dy(u),5.71307054231935e-12,1,0,16,1,3.88663873685572e-15,6.25547754687737e-10,128,0
9,apv,wave,wave,w*dz(u),0,-1,0,1,1,0,0,0,128
9,apv,wave,wave,u*dx(v),0,-1,0,1,1,0,0,0,128
9,apv,wave,wave,v*dy(v),5.73211123029048e-12,1,0,16,1,4.05605415138525e-15,6.38354680769093e-10,128,0
9,apv,wave,wave,w*dz(v),0,-1,0,1,1,0,0,0,128
9,apv,wave,wave,u*dx(w),0,-1,0,1,1,0,0,0,128
9,apv,wave,wave,v*dy(w),3.35570783209001e-14,3,0,15,1,6.66133814775094e-16,4.8864201573906e-10,128,0
9,apv,wave,wave,w*dz(w),0,-1,0,1,1,0,0,0,128
9,apv,wave,wave,u*dx(eta),0,-1,0,1,1,0,0,0,128
9,apv,wave,wave,v*dy(eta),1.2741716126744e-13,1,0,16,1,1.66533453693773e-15,7.02591260790665e-10,128,0
9,apv,wave,wave,w*dz(eta),0,-1,0,1,1,0,0,0,128
9,apv,wave,wave,w*eta*dlogN2,0,-1,0,1,1,0,0,0,128
9,wave,boundary,wave,u*dx(u),2.38749809943552e-12,16,1,2,0,2.03757413023539e-15,9.34952993211331e-11,64,0
9,wave,boundary,wave,v*dy(u),2.38734857118468e-12,16,1,2,0,2.25936401087857e-15,9.349486754123e-11,64,0
9,wave,boundary,wave,w*dz(u),2.83320751176022e-13,16,1,2,0,1.99116950314669e-15,9.19895271067617e-11,64,0
9,wave,boundary,wave,u*dx(v),2.39690899759529e-12,16,1,2,0,1.86217656754606e-15,9.86321807344575e-11,64,0
9,wave,boundary,wave,v*dy(v),2.39755063369566e-12,16,1,2,0,2.26501196921413e-15,9.86354201257972e-11,64,0
9,wave,boundary,wave,w*dz(v),2.84519669620075e-13,16,1,2,0,1.82925257849776e-15,9.57272941762342e-11,64,0
9,wave,boundary,wave,u*dx(w),0,1,1,1,0,0,0,0,64
9,wave,boundary,wave,v*dy(w),0,1,1,1,0,0,0,0,64
9,wave,boundary,wave,w*dz(w),0,1,1,1,0,0,0,0,64
9,wave,boundary,wave,u*dx(eta),2.41858933553042e-14,14,1,2,0,8.42048097670769e-16,9.09619046751686e-11,64,0
9,wave,boundary,wave,v*dy(eta),2.41717343261557e-14,14,1,2,0,6.66133814775094e-16,9.09655684111499e-11,64,0
9,wave,boundary,wave,w*dz(eta),4.98959146925009e-14,15,1,2,0,1.56901464211121e-15,3.33956962353847e-10,64,0
9,wave,boundary,wave,w*eta*dlogN2,1.17734978137378e-11,16,1,2,0,8.88178419700125e-16,9.18370934854806e-11,64,0
9,boundary,wave,wave,u*dx(u),0,1,0,1,1,0,0,0,64
9,boundary,wave,wave,v*dy(u),1.71130935349602e-12,2,0,16,1,2.12754687511494e-15,7.22139973796572e-11,64,0
9,boundary,wave,wave,w*dz(u),0,1,0,1,1,0,0,0,64
9,boundary,wave,wave,u*dx(v),0,1,0,1,1,0,0,0,64
9,boundary,wave,wave,v*dy(v),1.71920344631785e-12,2,0,16,1,2.20023363372263e-15,7.25379161208773e-11,64,0
9,boundary,wave,wave,w*dz(v),0,1,0,1,1,0,0,0,64
9,boundary,wave,wave,u*dx(w),0,1,0,1,1,0,0,0,64
9,boundary,wave,wave,v*dy(w),5.13043066443205e-15,2,0,15,1,5.55111512312578e-16,7.51561035627901e-11,64,0
9,boundary,wave,wave,w*dz(w),0,1,0,1,1,0,0,0,64
9,boundary,wave,wave,u*dx(eta),0,1,0,1,1,0,0,0,64
9,boundary,wave,wave,v*dy(eta),3.42796969237028e-14,2,0,15,1,1.14985454161157e-15,2.40866228724615e-10,64,0
9,boundary,wave,wave,w*dz(eta),0,1,0,1,1,0,0,0,64
9,boundary,wave,wave,w*eta*dlogN2,0,1,0,1,1,0,0,0,64
9,apv,boundary,wave,u*dx(u),0,-1,0,1,0,0,0,0,8
9,apv,boundary,wave,v*dy(u),2.96590485950797e-13,3,0,2,0,1.83172919184268e-15,6.73557876140762e-10,8,0
9,apv,boundary,wave,w*dz(u),0,-1,0,1,0,0,0,0,8
9,apv,boundary,wave,u*dx(v),0,-1,0,1,0,0,0,0,8
9,apv,boundary,wave,v*dy(v),2.98045166860909e-13,3,0,2,0,1.78710834796236e-15,6.73557210006948e-10,8,0
9,apv,boundary,wave,w*dz(v),0,-1,0,1,0,0,0,0,8
9,apv,boundary,wave,u*dx(w),0,-1,0,1,0,0,0,0,8
9,apv,boundary,wave,v*dy(w),0,-1,0,1,0,0,0,0,8
9,apv,boundary,wave,w*dz(w),0,-1,0,1,0,0,0,0,8
9,apv,boundary,wave,u*dx(eta),0,-1,0,1,0,0,0,0,8
9,apv,boundary,wave,v*dy(eta),4.08092941039373e-15,3,0,2,0,4.44089209850063e-16,6.76069422667069e-10,8,0
9,apv,boundary,wave,w*dz(eta),0,-1,0,1,0,0,0,0,8
9,apv,boundary,wave,w*eta*dlogN2,0,-1,0,1,0,0,0,0,8
9,boundary,apv,wave,u*dx(u),0,1,0,-1,0,0,0,0,8
9,boundary,apv,wave,v*dy(u),2.64997957657772e-13,2,0,3,0,1.94095180848941e-15,6.49501785687789e-10,8,0
9,boundary,apv,wave,w*dz(u),0,1,0,-1,0,0,0,0,8
9,boundary,apv,wave,u*dx(v),0,1,0,-1,0,0,0,0,8
9,boundary,apv,wave,v*dy(v),2.66347118081754e-13,2,0,3,0,2.09404236594282e-15,6.49502007732394e-10,8,0
9,boundary,apv,wave,w*dz(v),0,1,0,-1,0,0,0,0,8
9,boundary,apv,wave,u*dx(w),0,1,0,-1,0,0,0,0,8
9,boundary,apv,wave,v*dy(w),0,1,0,-1,0,0,0,0,8
9,boundary,apv,wave,w*dz(w),0,1,0,-1,0,0,0,0,8
9,boundary,apv,wave,u*dx(eta),0,1,0,-1,0,0,0,0,8
9,boundary,apv,wave,v*dy(eta),2.09338197829097e-14,1,0,1,0,8.87785876432703e-16,1.42362210908686e-09,8,0
9,boundary,apv,wave,w*dz(eta),0,1,0,-1,0,0,0,0,8
9,boundary,apv,wave,w*eta*dlogN2,0,1,0,-1,0,0,0,0,8
9,boundary,boundary,wave,u*dx(u),0,1,0,1,0,0,0,0,4
9,boundary,boundary,wave,v*dy(u),2.3189148606995e-13,2,0,1,0,1.41263359565674e-15,5.52445354598191e-09,4,0
9,boundary,boundary,wave,w*dz(u),0,1,0,1,0,0,0,0,4
9,boundary,boundary,wave,u*dx(v),0,1,0,1,0,0,0,0,4
9,boundary,boundary,wave,v*dy(v),2.32542696882687e-13,2,0,1,0,2.74612902297418e-15,6.07415776221691e-09,4,0
9,boundary,boundary,wave,w*dz(v),0,1,0,1,0,0,0,0,4
9,boundary,boundary,wave,u*dx(w),0,1,0,1,0,0,0,0,4
9,boundary,boundary,wave,v*dy(w),0,1,0,1,0,0,0,0,4
9,boundary,boundary,wave,w*dz(w),0,1,0,1,0,0,0,0,4
9,boundary,boundary,wave,u*dx(eta),0,1,0,1,0,0,0,0,4
9,boundary,boundary,wave,v*dy(eta),4.05519322169933e-14,2,0,1,0,8.36859590219633e-16,2.92063140339138e-09,4,0
9,boundary,boundary,wave,w*dz(eta),0,1,0,1,0,0,0,0,4
9,boundary,boundary,wave,w*eta*dlogN2,0,1,0,1,0,0,0,0,4
187,wave,wave,wave,u*dx(u),4.98651214254145e-11,16,1,15,1,3.70777577608595e-15,6.83615386520842e-11,640,0
187,wave,wave,wave,v*dy(u),4.98651111125447e-11,16,1,15,1,3.66017305308756e-15,5.58411095141764e-11,640,0
187,wave,wave,wave,w*dz(u),2.66539438035932e-07,16,1,1,1,2.94337495882682e-13,7.82435811222547e-07,640,0
187,wave,wave,wave,u*dx(v),4.92191793438656e-11,16,1,15,1,3.7089308104977e-15,6.83582079830103e-11,640,0
187,wave,wave,wave,v*dy(v),4.9219183582477e-11,16,1,15,1,3.44794575488269e-15,5.58380008897075e-11,640,0
187,wave,wave,wave,w*dz(v),2.61559542352133e-07,16,1,1,1,2.75426621447703e-13,7.261839147252e-07,640,0
187,wave,wave,wave,u*dx(w),2.71586739097178e-13,15,1,15,1,1.11022302462516e-15,6.77473632748615e-11,640,0
187,wave,wave,wave,v*dy(w),2.71584165221126e-13,15,1,15,1,1.22124532708767e-15,5.52267120923489e-11,640,0
187,wave,wave,wave,w*dz(w),2.71595049603727e-13,15,1,15,1,1.33226762955019e-15,6.87927492748486e-11,640,0
187,wave,wave,wave,u*dx(eta),6.0626279508194e-12,16,1,16,1,2.96685402437252e-15,4.60944615809922e-11,640,0
187,wave,wave,wave,v*dy(eta),6.06263042841374e-12,16,1,16,1,2.7080186938279e-15,3.35740324430844e-11,640,0
187,wave,wave,wave,w*dz(eta),6.06250406317884e-12,16,1,16,1,3.49952313388898e-15,4.73547867585467e-11,640,0
187,wave,wave,wave,w*eta*dlogN2,5.46947504618408e-11,14,1,16,1,2.2120724359024e-15,4.69346783660285e-11,640,0
187,wave,apv,wave,u*dx(u),5.72675258843221e-12,16,1,1,0,4.25769586829133e-15,6.32643808526121e-10,128,0
187,wave,apv,wave,v*dy(u),5.72690579397607e-12,16,1,1,0,4.03495509588129e-15,6.32643418076825e-10,128,0
187,wave,apv,wave,w*dz(u),1.37040740375071e-12,16,1,2,0,3.9955734331204e-15,7.68129559958197e-10,128,0
187,wave,apv,wave,u*dx(v),5.6362717771096e-12,16,1,1,0,3.32958453706849e-15,5.94893365000294e-10,128,0
187,wave,apv,wave,v*dy(v),5.63616236672033e-12,16,1,1,0,3.51512459952424e-15,5.94894185219721e-10,128,0
187,wave,apv,wave,w*dz(v),1.35685057575368e-12,16,1,2,0,3.71115840641923e-15,7.68129448935895e-10,128,0
187,wave,apv,wave,u*dx(w),0,1,1,-1,0,0,0,0,128
187,wave,apv,wave,v*dy(w),0,1,1,-1,0,0,0,0,128
187,wave,apv,wave,w*dz(w),0,1,1,-1,0,0,0,0,128
187,wave,apv,wave,u*dx(eta),2.08364069887354e-13,16,1,2,0,2.12319098221497e-15,8.42768632658419e-10,128,0
187,wave,apv,wave,v*dy(eta),2.08338213802522e-13,16,1,2,0,2.25501271361444e-15,8.42772962528215e-10,128,0
187,wave,apv,wave,w*dz(eta),1.10438835823078e-10,16,1,-1,0,1.66533453693773e-15,1.34006739038739e-09,128,0
187,wave,apv,wave,w*eta*dlogN2,1.32980217572131e-11,15,1,1,0,1.51351008082358e-15,7.80520204024526e-10,128,0
187,apv,wave,wave,u*dx(u),0,-1,0,1,1,0,0,0,128
187,apv,wave,wave,v*dy(u),5.72699163434682e-12,1,0,16,1,4.09864102978818e-15,6.32692727651084e-10,128,0
187,apv,wave,wave,w*dz(u),0,-1,0,1,1,0,0,0,128
187,apv,wave,wave,u*dx(v),0,-1,0,1,1,0,0,0,128
187,apv,wave,wave,v*dy(v),5.63580754124576e-12,1,0,16,1,3.97830732076465e-15,5.94740504851033e-10,128,0
187,apv,wave,wave,w*dz(v),0,-1,0,1,1,0,0,0,128
187,apv,wave,wave,u*dx(w),0,-1,0,1,1,0,0,0,128
187,apv,wave,wave,v*dy(w),6.44464338843892e-14,3,0,15,1,5.55111512312578e-16,5.09305486673384e-10,128,0
187,apv,wave,wave,w*dz(w),0,-1,0,1,1,0,0,0,128
187,apv,wave,wave,u*dx(eta),0,-1,0,1,1,0,0,0,128
187,apv,wave,wave,v*dy(eta),2.25653578438261e-13,1,0,16,1,1.55431223447522e-15,8.14840404564726e-10,128,0
187,apv,wave,wave,w*dz(eta),0,-1,0,1,1,0,0,0,128
187,apv,wave,wave,w*eta*dlogN2,0,-1,0,1,1,0,0,0,128
187,wave,boundary,wave,u*dx(u),3.6095037815891e-12,16,1,2,0,2.39793178191329e-15,1.62600046100978e-10,64,0
187,wave,boundary,wave,v*dy(u),3.60896970581583e-12,16,1,2,0,2.32645070403851e-15,1.62594203607548e-10,64,0
187,wave,boundary,wave,w*dz(u),4.22293019993588e-13,16,1,2,0,2.3795809668955e-15,1.71228288352535e-10,64,0
187,wave,boundary,wave,u*dx(v),3.55253702115305e-12,16,1,2,0,1.72724551963539e-15,1.44972750282155e-10,64,0
187,wave,boundary,wave,v*dy(v),3.55240017410663e-12,16,1,2,0,2.13869997415799e-15,1.44973178918017e-10,64,0
187,wave,boundary,wave,w*dz(v),4.16977692457638e-13,16,1,2,0,1.99950725714394e-15,1.63154822985234e-10,64,0
187,wave,boundary,wave,u*dx(w),0,1,1,1,0,0,0,0,64
187,wave,boundary,wave,v*dy(w),0,1,1,1,0,0,0,0,64
187,wave,boundary,wave,w*dz(w),0,1,1,1,0,0,0,0,64
187,wave,boundary,wave,u*dx(eta),6.63564795511703e-14,15,1,2,0,8.90410952631845e-16,1.59711133207452e-10,64,0
187,wave,boundary,wave,v*dy(eta),6.64756405547082e-14,15,1,2,0,6.88299672953968e-16,1.59702140400952e-10,64,0
187,wave,boundary,wave,w*dz(eta),1.36089073894051e-13,15,1,2,0,1.28258942220353e-15,8.23276665702981e-10,64,0
187,wave,boundary,wave,w*eta*dlogN2,1.85560533462038e-11,16,1,2,0,1.21937942797564e-15,1.59296686952359e-10,64,0
187,boundary,wave,wave,u*dx(u),0,1,0,1,1,0,0,0,64
187,boundary,wave,wave,v*dy(u),5.5313652652213e-12,2,0,16,-1,3.21090127892024e-15,3.39166694729442e-10,64,0
187,boundary,wave,wave,w*dz(u),0,1,0,1,1,0,0,0,64
187,boundary,wave,wave,u*dx(v),0,1,0,1,1,0,0,0,64
187,boundary,wave,wave,v*dy(v),5.44232600745752e-12,2,0,16,1,2.13858123066636e-15,3.39180017405738e-10,64,0
187,boundary,wave,wave,w*dz(v),0,1,0,1,1,0,0,0,64
187,boundary,wave,wave,u*dx(w),0,1,0,1,1,0,0,0,64
187,boundary,wave,wave,v*dy(w),4.54423626322514e-14,2,0,15,1,6.66133814775094e-16,3.25967253189674e-10,64,0
187,boundary,wave,wave,w*dz(w),0,1,0,1,1,0,0,0,64
187,boundary,wave,wave,u*dx(eta),0,1,0,1,1,0,0,0,64
187,boundary,wave,wave,v*dy(eta),2.18478206136898e-13,2,0,16,1,1.1517842385245e-15,3.05147351831181e-10,64,0
187,boundary,wave,wave,w*dz(eta),0,1,0,1,1,0,0,0,64
187,boundary,wave,wave,w*eta*dlogN2,0,1,0,1,1,0,0,0,64
187,apv,boundary,wave,u*dx(u),0,-1,0,1,0,0,0,0,8
187,apv,boundary,wave,v*dy(u),3.64924567672098e-13,3,0,2,0,2.69503168505693e-15,6.22750295775631e-10,8,0
187,apv,boundary,wave,w*dz(u),0,-1,0,1,0,0,0,0,8
187,apv,boundary,wave,u*dx(v),0,-1,0,1,0,0,0,0,8
187,apv,boundary,wave,v*dy(v),3.56368668608766e-13,3,0,2,0,1.78840198632613e-15,6.22750073731027e-10,8,0
187,apv,boundary,wave,w*dz(v),0,-1,0,1,0,0,0,0,8
187,apv,boundary,wave,u*dx(w),0,-1,0,1,0,0,0,0,8
187,apv,boundary,wave,v*dy(w),0,-1,0,1,0,0,0,0,8
187,apv,boundary,wave,w*dz(w),0,-1,0,1,0,0,0,0,8
187,apv,boundary,wave,u*dx(eta),0,-1,0,1,0,0,0,0,8
187,apv,boundary,wave,v*dy(eta),9.81735560037203e-15,3,0,2,0,1.17425831271625e-15,6.33792796023158e-10,8,0
187,apv,boundary,wave,w*dz(eta),0,-1,0,1,0,0,0,0,8
187,apv,boundary,wave,w*eta*dlogN2,0,-1,0,1,0,0,0,0,8
187,boundary,apv,wave,u*dx(u),0,1,0,-1,0,0,0,0,8
187,boundary,apv,wave,v*dy(u),4.68115221893721e-13,2,0,3,0,2.61578442920635e-15,5.14420284147832e-10,8,0
187,boundary,apv,wave,w*dz(u),0,1,0,-1,0,0,0,0,8
187,boundary,apv,wave,u*dx(v),0,1,0,-1,0,0,0,0,8
187,boundary,apv,wave,v*dy(v),4.5658748487483e-13,2,0,3,0,1.66151891223112e-15,5.14420062103227e-10,8,0
187,boundary,apv,wave,w*dz(v),0,1,0,-1,0,0,0,0,8
187,boundary,apv,wave,u*dx(w),0,1,0,-1,0,0,0,0,8
187,boundary,apv,wave,v*dy(w),0,1,0,-1,0,0,0,0,8
187,boundary,apv,wave,w*dz(w),0,1,0,-1,0,0,0,0,8
187,boundary,apv,wave,u*dx(eta),0,1,0,-1,0,0,0,0,8
187,boundary,apv,wave,v*dy(eta),2.68125316704737e-14,2,0,2,0,1.51718575046606e-15,1.1544306621758e-09,8,0
187,boundary,apv,wave,w*dz(eta),0,1,0,-1,0,0,0,0,8
187,boundary,apv,wave,w*eta*dlogN2,0,1,0,-1,0,0,0,0,8
187,boundary,boundary,wave,u*dx(u),0,1,0,1,0,0,0,0,4
187,boundary,boundary,wave,v*dy(u),1.73790801685503e-13,1,0,2,0,1.71748668930536e-15,5.28074917127697e-10,4,0
187,boundary,boundary,wave,w*dz(u),0,1,0,1,0,0,0,0,4
187,boundary,boundary,wave,u*dx(v),0,1,0,1,0,0,0,0,4
187,boundary,boundary,wave,v*dy(v),1.71165716665599e-13,1,0,2,0,1.21492680026229e-15,5.28075139172302e-10,4,0
187,boundary,boundary,wave,w*dz(v),0,1,0,1,0,0,0,0,4
187,boundary,boundary,wave,u*dx(w),0,1,0,1,0,0,0,0,4
187,boundary,boundary,wave,v*dy(w),0,1,0,1,0,0,0,0,4
187,boundary,boundary,wave,w*dz(w),0,1,0,1,0,0,0,0,4
187,boundary,boundary,wave,u*dx(eta),0,1,0,1,0,0,0,0,4
187,boundary,boundary,wave,v*dy(eta),1.12868467361832e-14,2,0,1,0,9.10216288491714e-16,5.12358711013405e-10,4,0
187,boundary,boundary,wave,w*dz(eta),0,1,0,1,0,0,0,0,4
187,boundary,boundary,wave,w*eta*dlogN2,0,1,0,1,0,0,0,0,4
185,wave,wave,wave,u*dx(u),4.98643817047903e-11,16,1,15,1,4.32275680075527e-15,5.91811044614587e-11,640,0
185,wave,wave,wave,v*dy(u),0,1,1,1,1,0,0,0,640
185,wave,wave,wave,w*dz(u),9.07315018163622e-08,16,1,1,1,8.32405619419854e-14,2.51827788022611e-07,640,0
185,wave,wave,wave,u*dx(v),4.92183930550337e-11,16,1,15,1,3.3626615613273e-15,5.26452215154904e-11,640,0
185,wave,wave,wave,v*dy(v),0,1,1,1,1,0,0,0,640
185,wave,wave,wave,w*dz(v),8.90357613519325e-08,16,1,1,1,7.71984740058556e-14,2.33706520180912e-07,640,0
185,wave,wave,wave,u*dx(w),2.71569120359287e-13,15,1,15,1,1.11022302462516e-15,6.04349903454704e-11,640,0
185,wave,wave,wave,v*dy(w),0,1,1,1,1,0,0,0,640
185,wave,wave,wave,w*dz(w),2.71569870452645e-13,15,1,15,1,1.33226762955019e-15,5.68032287873166e-11,640,0
185,wave,wave,wave,u*dx(eta),6.06254494908859e-12,16,1,16,1,2.41996109030722e-15,5.42792477631338e-11,640,0
185,wave,wave,wave,v*dy(eta),0,1,1,1,1,0,0,0,640
185,wave,wave,wave,w*dz(eta),6.0623752006072e-12,16,1,16,1,2.45206536102692e-15,5.04500885512016e-11,640,0
185,wave,wave,wave,w*eta*dlogN2,5.4694484035779e-11,14,1,16,1,1.63252972087832e-15,5.42466072062098e-11,640,0
185,wave,apv,wave,u*dx(u),0,1,1,-1,0,0,0,0,128
185,wave,apv,wave,v*dy(u),0,1,1,-1,0,0,0,0,128
185,wave,apv,wave,w*dz(u),0,1,1,-1,0,0,0,0,128
185,wave,apv,wave,u*dx(v),5.63616100136414e-12,16,1,1,0,3.50949238179001e-15,5.94712266580479e-10,128,0
185,wave,apv,wave,v*dy(v),0,1,1,-1,0,0,0,0,128
185,wave,apv,wave,w*dz(v),1.35683282489192e-12,16,1,2,0,3.63714805454415e-15,7.68219599045494e-10,128,0
185,wave,apv,wave,u*dx(w),0,1,1,-1,0,0,0,0,128
185,wave,apv,wave,v*dy(w),0,1,1,-1,0,0,0,0,128
185,wave,apv,wave,w*dz(w),0,1,1,-1,0,0,0,0,128
185,wave,apv,wave,u*dx(eta),2.08425004097999e-13,16,1,2,0,1.59501564216663e-15,8.42815373047756e-10,128,0
185,wave,apv,wave,v*dy(eta),0,1,1,-1,0,0,0,0,128
185,wave,apv,wave,w*dz(eta),1.10439298219876e-10,16,1,-1,0,1.88737914186277e-15,1.34024324971449e-09,128,0
185,wave,apv,wave,w*eta*dlogN2,1.32980908612779e-11,15,1,1,0,1.17064325905348e-15,7.80260300814462e-10,128,0
185,apv,wave,wave,u*dx(u),5.7267472105774e-12,1,0,16,1,3.71577789935544e-15,6.32596790220279e-10,128,0
185,apv,wave,wave,v*dy(u),0,-1,0,1,1,0,0,0,128
185,apv,wave,wave,w*dz(u),0,-1,0,1,1,0,0,0,128
185,apv,wave,wave,u*dx(v),5.63649033717806e-12,1,0,16,1,3.68599497784938e-15,5.94884596643909e-10,128,0
185,apv,wave,wave,v*dy(v),0,-1,0,1,1,0,0,0,128
185,apv,wave,wave,w*dz(v),0,-1,0,1,1,0,0,0,128
185,apv,wave,wave,u*dx(w),6.44440134129565e-14,3,0,15,1,5.55111512312578e-16,4.80877559994042e-10,128,0
185,apv,wave,wave,v*dy(w),0,-1,0,1,1,0,0,0,128
185,apv,wave,wave,w*dz(w),0,-1,0,1,1,0,0,0,128
185,apv,wave,wave,u*dx(eta),2.25768404644362e-13,1,0,16,1,1.99840144432528e-15,8.15169404384448e-10,128,0
185,apv,wave,wave,v*dy(eta),0,-1,0,1,1,0,0,0,128
185,apv,wave,wave,w*dz(eta),0,-1,0,1,1,0,0,0,128
185,apv,wave,wave,w*eta*dlogN2,0,-1,0,1,1,0,0,0,128
185,wave,boundary,wave,u*dx(u),0,1,1,1,0,0,0,0,64
185,wave,boundary,wave,v*dy(u),0,1,1,1,0,0,0,0,64
185,wave,boundary,wave,w*dz(u),0,1,1,1,0,0,0,0,64
185,wave,boundary,wave,u*dx(v),1.68863415159768e-12,16,1,2,0,2.10377009668978e-15,7.72093500245319e-11,64,0
185,wave,boundary,wave,v*dy(v),0,1,1,1,0,0,0,0,64
185,wave,boundary,wave,w*dz(v),1.98091588439516e-13,16,1,2,0,1.62889468448631e-15,1.08315356683875e-10,64,0
185,wave,boundary,wave,u*dx(w),0,1,1,1,0,0,0,0,64
185,wave,boundary,wave,v*dy(w),0,1,1,1,0,0,0,0,64
185,wave,boundary,wave,w*dz(w),0,1,1,1,0,0,0,0,64
185,wave,boundary,wave,u*dx(eta),3.06915984701124e-14,16,1,2,0,6.66133814775094e-16,1.08064002191099e-10,64,0
185,wave,boundary,wave,v*dy(eta),0,1,1,1,0,0,0,0,64
185,wave,boundary,wave,w*dz(eta),5.85551890201274e-14,15,1,2,0,1.38060419981076e-15,3.01801513506809e-10,64,0
185,wave,boundary,wave,w*eta*dlogN2,2.34567836779057e-11,16,1,2,0,1.17111084732727e-15,1.09746212118011e-10,64,0
185,boundary,wave,wave,u*dx(u),4.76480408476692e-12,2,0,16,1,3.14746587004597e-15,2.39791458762381e-10,64,0
185,boundary,wave,wave,v*dy(u),0,1,0,1,1,0,0,0,64
185,boundary,wave,wave,w*dz(u),0,1,0,1,1,0,0,0,64
185,boundary,wave,wave,u*dx(v),4.68912315611078e-12,2,0,16,1,2.58678784745021e-15,2.31302340882539e-10,64,0
185,boundary,wave,wave,v*dy(v),0,1,0,1,1,0,0,0,64
185,boundary,wave,wave,w*dz(v),0,1,0,1,1,0,0,0,64
185,boundary,wave,wave,u*dx(w),3.53962873529708e-14,2,0,15,1,4.44089209850063e-16,2.2141877220605e-10,64,0
185,boundary,wave,wave,v*dy(w),0,1,0,1,1,0,0,0,64
185,boundary,wave,wave,w*dz(w),0,1,0,1,1,0,0,0,64
185,boundary,wave,wave,u*dx(eta),1.85437241416803e-13,2,0,16,1,1.4958769300364e-15,2.16505480210571e-10,64,0
185,boundary,wave,wave,v*dy(eta),0,1,0,1,1,0,0,0,64
185,boundary,wave,wave,w*dz(eta),0,1,0,1,1,0,0,0,64
185,boundary,wave,wave,w*eta*dlogN2,0,1,0,1,1,0,0,0,64
185,apv,boundary,wave,u*dx(u),0,-1,0,1,0,0,0,0,8
185,apv,boundary,wave,v*dy(u),0,-1,0,1,0,0,0,0,8
185,apv,boundary,wave,w*dz(u),0,-1,0,1,0,0,0,0,8
185,apv,boundary,wave,u*dx(v),2.60476144473038e-13,3,0,2,0,1.55149327617779e-15,6.49501785687789e-10,8,0
185,apv,boundary,wave,v*dy(v),0,-1,0,1,0,0,0,0,8
185,apv,boundary,wave,w*dz(v),0,-1,0,1,0,0,0,0,8
185,apv,boundary,wave,u*dx(w),0,-1,0,1,0,0,0,0,8
185,apv,boundary,wave,v*dy(w),0,-1,0,1,0,0,0,0,8
185,apv,boundary,wave,w*dz(w),0,-1,0,1,0,0,0,0,8
185,apv,boundary,wave,u*dx(eta),4.242666750161e-15,3,0,2,0,1.2035727589862e-15,6.8695249488826e-10,8,0
185,apv,boundary,wave,v*dy(eta),0,-1,0,1,0,0,0,0,8
185,apv,boundary,wave,w*dz(eta),0,-1,0,1,0,0,0,0,8
185,apv,boundary,wave,w*eta*dlogN2,0,-1,0,1,0,0,0,0,8
185,boundary,apv,wave,u*dx(u),0,1,0,-1,0,0,0,0,8
185,boundary,apv,wave,v*dy(u),0,1,0,-1,0,0,0,0,8
185,boundary,apv,wave,w*dz(u),0,1,0,-1,0,0,0,0,8
185,boundary,apv,wave,u*dx(v),4.23281516582295e-13,2,0,3,0,1.26682737385461e-15,5.91150461914935e-10,8,0
185,boundary,apv,wave,v*dy(v),0,1,0,-1,0,0,0,0,8
185,boundary,apv,wave,w*dz(v),0,1,0,-1,0,0,0,0,8
185,boundary,apv,wave,u*dx(w),0,1,0,-1,0,0,0,0,8
185,boundary,apv,wave,v*dy(w),0,1,0,-1,0,0,0,0,8
185,boundary,apv,wave,w*dz(w),0,1,0,-1,0,0,0,0,8
185,boundary,apv,wave,u*dx(eta),2.48383911497169e-14,2,0,1,0,1.24996934992306e-15,1.08367070872362e-09,8,0
185,boundary,apv,wave,v*dy(eta),0,1,0,-1,0,0,0,0,8
185,boundary,apv,wave,w*dz(eta),0,1,0,-1,0,0,0,0,8
185,boundary,apv,wave,w*eta*dlogN2,0,1,0,-1,0,0,0,0,8
185,boundary,boundary,wave,u*dx(u),0,1,0,1,0,0,0,0,4
185,boundary,boundary,wave,v*dy(u),0,1,0,1,0,0,0,0,4
185,boundary,boundary,wave,w*dz(u),0,1,0,1,0,0,0,0,4
185,boundary,boundary,wave,u*dx(v),1.62935520304967e-13,2,0,2,0,1.06269796191255e-15,1.20729448660484e-09,4,0
185,boundary,boundary,wave,v*dy(v),0,1,0,1,0,0,0,0,4
185,boundary,boundary,wave,w*dz(v),0,1,0,1,0,0,0,0,4
185,boundary,boundary,wave,u*dx(w),0,1,0,1,0,0,0,0,4
185,boundary,boundary,wave,v*dy(w),0,1,0,1,0,0,0,0,4
185,boundary,boundary,wave,w*dz(w),0,1,0,1,0,0,0,0,4
185,boundary,boundary,wave,u*dx(eta),1.10685664521788e-14,2,0,1,0,9.51134673770574e-16,1.28968458135148e-09,4,0
185,boundary,boundary,wave,v*dy(eta),0,1,0,1,0,0,0,0,4
185,boundary,boundary,wave,w*dz(eta),0,1,0,1,0,0,0,0,4
185,boundary,boundary,wave,w*eta*dlogN2,0,1,0,1,0,0,0,0,4
275,wave,wave,wave,u*dx(u),5.00457282886885e-11,16,1,15,1,3.79217617087551e-15,4.62917903738332e-11,640,0
275,wave,wave,wave,v*dy(u),5.00457882388907e-11,16,1,15,1,4.43533241965166e-15,4.62907354587344e-11,640,0
275,wave,wave,wave,w*dz(u),6.05073632257061e-07,16,1,1,1,7.72271135929259e-13,1.88563269549149e-06,640,0
275,wave,wave,wave,u*dx(v),4.98574134467201e-11,16,1,15,1,3.96777972535544e-15,4.62918592347705e-11,640,0
275,wave,wave,wave,v*dy(v),4.98574438888008e-11,16,1,15,1,3.46189609433061e-15,4.62916371901656e-11,640,0
275,wave,wave,wave,w*dz(v),6.00167822653923e-07,16,1,1,1,7.72382158231721e-13,1.79667950881815e-06,640,0
275,wave,wave,wave,u*dx(w),8.22131056016607e-14,15,1,15,1,1.11022302462516e-15,4.65278926498058e-11,640,0
275,wave,wave,wave,v*dy(w),8.22137791698162e-14,15,1,15,1,1.22124532708767e-15,4.64939198252523e-11,640,0
275,wave,wave,wave,w*dz(w),8.22159334548672e-14,15,1,15,1,1.11022302462516e-15,4.61168880860896e-11,640,0
275,wave,wave,wave,u*dx(eta),2.08343080540823e-12,16,1,16,1,1.99840144432528e-15,2.34610109117739e-11,640,0
275,wave,wave,wave,v*dy(eta),2.08342994133057e-12,16,1,16,1,2.76224792866375e-15,2.34268160426154e-11,640,0
275,wave,wave,wave,w*dz(eta),2.08351962735187e-12,16,1,16,1,1.73398493416881e-15,2.31281660489913e-11,640,0
275,wave,wave,wave,w*eta*dlogN2,1.98529273891626e-11,14,1,16,1,1.34861294484038e-15,2.30913066445737e-11,640,0
275,wave,apv,wave,u*dx(u),5.75213286803646e-12,16,1,1,0,3.91676105750204e-15,6.51475533755861e-10,128,0
275,wave,apv,wave,v*dy(u),5.75243617255231e-12,16,1,1,0,3.55089013300355e-15,6.5147440109438e-10,128,0
275,wave,apv,wave,w*dz(u),1.37446534178209e-12,16,1,2,0,3.92109455576828e-15,7.69912699996831e-10,128,0
275,wave,apv,wave,u*dx(v),5.71749030155721e-12,16,1,1,0,3.56711324277556e-15,6.35619783960873e-10,128,0
275,wave,apv,wave,v*dy(v),5.71698396008764e-12,16,1,1,0,5.19242570936683e-15,6.35619204754879e-10,128,0
275,wave,apv,wave,w*dz(v),1.37202901240852e-12,16,1,2,0,4.52278816806087e-15,7.68194508005138e-10,128,0
275,wave,apv,wave,u*dx(w),0,1,1,-1,0,0,0,0,128
275,wave,apv,wave,v*dy(w),0,1,1,-1,0,0,0,0,128
275,wave,apv,wave,w*dz(w),0,1,1,-1,0,0,0,0,128
275,wave,apv,wave,u*dx(eta),7.30784213099228e-14,15,1,3,0,1.77635683940025e-15,8.42797609479362e-10,128,0
275,wave,apv,wave,v*dy(eta),7.30951103676589e-14,15,1,3,0,1.77635683940025e-15,8.42786729293721e-10,128,0
275,wave,apv,wave,w*dz(eta),4.22656056345307e-11,16,1,-1,0,1.86635344783402e-15,1.34015476493943e-09,128,0
275,wave,apv,wave,w*eta*dlogN2,5.00229924947772e-12,15,1,1,0,1.11022302462516e-15,7.80323916593773e-10,128,0
275,apv,wave,wave,u*dx(u),5.75273283644679e-12,1,0,16,1,4.0417896814518e-15,6.51439714237012e-10,128,0
275,apv,wave,wave,v*dy(u),0,-1,0,1,1,0,0,0,128
275,apv,wave,wave,w*dz(u),0,-1,0,1,1,0,0,0,128
275,apv,wave,wave,u*dx(v),5.71751249313967e-12,1,0,16,1,3.35153686255504e-15,6.35584675971138e-10,128,0
275,apv,wave,wave,v*dy(v),0,-1,0,1,1,0,0,0,128
275,apv,wave,wave,w*dz(v),0,-1,0,1,1,0,0,0,128
275,apv,wave,wave,u*dx(w),1.95095429649866e-14,3,0,15,1,6.66133814775094e-16,5.11971576244719e-10,128,0
275,apv,wave,wave,v*dy(w),0,-1,0,1,1,0,0,0,128
275,apv,wave,wave,w*dz(w),0,-1,0,1,1,0,0,0,128
275,apv,wave,wave,u*dx(eta),7.94405974587767e-14,1,0,16,1,1.77635683940025e-15,5.45013787364346e-10,128,0
275,apv,wave,wave,v*dy(eta),0,-1,0,1,1,0,0,0,128
275,apv,wave,wave,w*dz(eta),0,-1,0,1,1,0,0,0,128
275,apv,wave,wave,w*eta*dlogN2,0,-1,0,1,1,0,0,0,128
275,wave,boundary,wave,u*dx(u),4.78669695664307e-12,16,1,2,0,3.85626040344861e-15,2.52306393976918e-10,64,0
275,wave,boundary,wave,v*dy(u),4.787686957164e-12,16,1,2,0,3.32716558363521e-15,2.52303718830413e-10,64,0
275,wave,boundary,wave,w*dz(u),5.57031478836767e-13,16,1,2,0,2.04781190634608e-15,3.13629314116062e-10,64,0
275,wave,boundary,wave,u*dx(v),4.75483471525502e-12,16,1,2,0,2.96656772095494e-15,2.34518300640032e-10,64,0
275,wave,boundary,wave,v*dy(v),4.75526561279506e-12,16,1,2,0,2.88165315349849e-15,2.34518601384723e-10,64,0
275,wave,boundary,wave,w*dz(v),5.55095795407162e-13,16,1,2,0,3.07033506466969e-15,2.88620238819703e-10,64,0
275,wave,boundary,wave,u*dx(w),0,1,1,1,0,0,0,0,64
275,wave,boundary,wave,v*dy(w),0,1,1,1,0,0,0,0,64
275,wave,boundary,wave,w*dz(w),0,1,1,1,0,0,0,0,64
275,wave,boundary,wave,u*dx(eta),3.83580524297823e-14,15,1,2,0,8.88178419700125e-16,2.91549340225572e-10,64,0
275,wave,boundary,wave,v*dy(eta),3.83810122995973e-14,15,1,2,0,7.7715611723761e-16,2.91545898534196e-10,64,0
275,wave,boundary,wave,w*dz(eta),6.46373386417054e-12,16,1,2,0,8.4075711388533e-16,2.16594631119449e-10,64,0
275,wave,boundary,wave,w*eta*dlogN2,5.33811630207961e-12,16,1,2,0,1.0980250188431e-15,2.84408163686578e-10,64,0
275,boundary,wave,wave,u*dx(u),5.22732555308909e-12,2,0,16,1,2.20960871244322e-15,2.91520927114259e-10,64,0
275,boundary,wave,wave,v*dy(u),0,1,0,1,1,0,0,0,64
275,boundary,wave,wave,w*dz(u),0,1,0,1,1,0,0,0,64
275,boundary,wave,wave,u*dx(v),5.19356531146827e-12,2,0,16,1,2.47863362509857e-15,2.82549110963001e-10,64,0
275,boundary,wave,wave,v*dy(v),0,1,0,1,1,0,0,0,64
275,boundary,wave,wave,w*dz(v),0,1,0,1,1,0,0,0,64
275,boundary,wave,wave,u*dx(w),1.21738784887929e-14,2,0,15,1,4.44089209850063e-16,2.66486832600776e-10,64,0
275,boundary,wave,wave,v*dy(w),0,1,0,1,1,0,0,0,64
275,boundary,wave,wave,w*dz(w),0,1,0,1,1,0,0,0,64
275,boundary,wave,wave,u*dx(eta),7.17346317427104e-14,2,0,15,1,7.24901452887163e-16,2.59183452477885e-10,64,0
275,boundary,wave,wave,v*dy(eta),0,1,0,1,1,0,0,0,64
275,boundary,wave,wave,w*dz(eta),0,1,0,1,1,0,0,0,64
275,boundary,wave,wave,w*eta*dlogN2,0,1,0,1,1,0,0,0,64
275,apv,boundary,wave,u*dx(u),4.36950455031389e-13,3,0,2,0,2.46457050457061e-15,6.0475455299652e-10,8,0
275,apv,boundary,wave,v*dy(u),0,-1,0,1,0,0,0,0,8
275,apv,boundary,wave,w*dz(u),0,-1,0,1,0,0,0,0,8
275,apv,boundary,wave,u*dx(v),4.31568564236111e-13,3,0,2,0,2.32403707879986e-15,5.91150461914935e-10,8,0
275,apv,boundary,wave,v*dy(v),0,-1,0,1,0,0,0,0,8
275,apv,boundary,wave,w*dz(v),0,-1,0,1,0,0,0,0,8
275,apv,boundary,wave,u*dx(w),0,-1,0,1,0,0,0,0,8
275,apv,boundary,wave,v*dy(w),0,-1,0,1,0,0,0,0,8
275,apv,boundary,wave,w*dz(w),0,-1,0,1,0,0,0,0,8
275,apv,boundary,wave,u*dx(eta),5.44441462620717e-15,3,0,2,0,2.8993772651926e-16,5.07086594936368e-10,8,0
275,apv,boundary,wave,v*dy(eta),0,-1,0,1,0,0,0,0,8
275,apv,boundary,wave,w*dz(eta),0,-1,0,1,0,0,0,0,8
275,apv,boundary,wave,w*eta*dlogN2,0,-1,0,1,0,0,0,0,8
275,boundary,apv,wave,u*dx(u),4.61439049874444e-13,2,0,3,0,4.3325898011864e-15,5.73834696512515e-10,8,0
275,boundary,apv,wave,v*dy(u),0,1,0,-1,0,0,0,0,8
275,boundary,apv,wave,w*dz(u),0,1,0,-1,0,0,0,0,8
275,boundary,apv,wave,u*dx(v),4.5562474868291e-13,2,0,3,0,1.64571863473603e-15,5.6022919636689e-10,8,0
275,boundary,apv,wave,v*dy(v),0,1,0,-1,0,0,0,0,8
275,boundary,apv,wave,w*dz(v),0,1,0,-1,0,0,0,0,8
275,boundary,apv,wave,u*dx(w),0,1,0,-1,0,0,0,0,8
275,boundary,apv,wave,v*dy(w),0,1,0,-1,0,0,0,0,8
275,boundary,apv,wave,w*dz(w),0,1,0,-1,0,0,0,0,8
275,boundary,apv,wave,u*dx(eta),9.18830051086524e-15,2,0,2,0,7.31468984702844e-16,1.11733966523531e-09,8,0
275,boundary,apv,wave,v*dy(eta),0,1,0,-1,0,0,0,0,8
275,boundary,apv,wave,w*dz(eta),0,1,0,-1,0,0,0,0,8
275,boundary,apv,wave,w*eta*dlogN2,0,1,0,-1,0,0,0,0,8
275,boundary,boundary,wave,u*dx(u),2.29097709720166e-13,1,0,2,0,2.34919847943065e-15,6.61284316302726e-10,4,0
275,boundary,boundary,wave,v*dy(u),0,1,0,1,0,0,0,0,4
275,boundary,boundary,wave,w*dz(u),0,1,0,1,0,0,0,0,4
275,boundary,boundary,wave,u*dx(v),2.27223193544887e-13,1,0,2,0,7.46283644073665e-16,5.65833380150593e-10,4,0
275,boundary,boundary,wave,v*dy(v),0,1,0,1,0,0,0,0,4
275,boundary,boundary,wave,w*dz(v),0,1,0,1,0,0,0,0,4
275,boundary,boundary,wave,u*dx(w),0,1,0,1,0,0,0,0,4
275,boundary,boundary,wave,v*dy(w),0,1,0,1,0,0,0,0,4
275,boundary,boundary,wave,w*dz(w),0,1,0,1,0,0,0,0,4
275,boundary,boundary,wave,u*dx(eta),6.76958717613657e-15,2,0,1,0,6.61827467131798e-16,5.32600963332186e-10,4,0
275,boundary,boundary,wave,v*dy(eta),0,1,0,1,0,0,0,0,4
275,boundary,boundary,wave,w*dz(eta),0,1,0,1,0,0,0,0,4
275,boundary,boundary,wave,w*eta*dlogN2,0,1,0,1,0,0,0,0,4
199,wave,wave,wave,u*dx(u),4.92743142376771e-11,16,1,15,1,3.45101860776229e-15,9.23003895536567e-11,640,0
199,wave,wave,wave,v*dy(u),4.92742819471102e-11,16,1,15,1,3.36978786269442e-15,7.9779960415749e-11,640,0
199,wave,wave,wave,w*dz(u),1.68531295748584e-07,16,1,1,1,1.64253470918599e-13,4.80920008005975e-07,640,0
199,wave,wave,wave,u*dx(v),5.00440351927109e-11,16,1,15,1,4.0444570947974e-15,9.23150444975818e-11,640,0
199,wave,wave,wave,v*dy(v),5.00439950778699e-11,16,1,15,1,3.93721041698924e-15,7.9794837404279e-11,640,0
199,wave,wave,wave,w*dz(v),1.72537624370322e-07,16,1,1,1,1.77928848954396e-13,5.32738237605644e-07,640,0
199,wave,wave,wave,u*dx(w),2.2986323222271e-13,15,1,15,1,1.33226762955019e-15,9.18192188947842e-11,640,0
199,wave,wave,wave,v*dy(w),2.29859067104168e-13,15,1,15,1,1.11022302462516e-15,7.92985677122715e-11,640,0
199,wave,wave,wave,w*dz(w),2.29861437666341e-13,15,1,15,1,1.22124532708767e-15,9.25131082851749e-11,640,0
199,wave,wave,wave,u*dx(eta),5.22492124069328e-12,16,1,16,1,2.60464216285871e-15,5.82314196861944e-11,640,0
199,wave,wave,wave,v*dy(eta),5.22492766766574e-12,16,1,16,1,3.62446076663373e-15,4.57105464590768e-11,640,0
199,wave,wave,wave,w*dz(eta),5.22479426812236e-12,16,1,16,1,2.98332860052874e-15,5.9046989520084e-11,640,0
199,wave,wave,wave,w*eta*dlogN2,4.74851681553362e-11,14,1,16,1,2.09286865558718e-15,5.90638649100583e-11,640,0
199,wave,apv,wave,u*dx(u),5.64001493740154e-12,16,1,1,0,3.44644231586436e-15,5.97712426887438e-10,128,0
199,wave,apv,wave,v*dy(u),5.64086597269226e-12,16,1,1,0,3.37159590753049e-15,5.97712018714853e-10,128,0
199,wave,apv,wave,w*dz(u),1.35901181882908e-12,16,1,2,0,3.87393736142751e-15,7.68129559958197e-10,128,0
199,wave,apv,wave,u*dx(v),5.75155134514777e-12,16,1,1,0,3.67464185167531e-15,6.51492886186678e-10,128,0
199,wave,apv,wave,v*dy(v),5.75206734845724e-12,16,1,1,0,3.96661141663142e-15,6.51492453393898e-10,128,0
199,wave,apv,wave,w*dz(v),1.37364683773453e-12,16,1,2,0,3.54111791003211e-15,7.69703770295432e-10,128,0
199,wave,apv,wave,u*dx(w),0,1,1,-1,0,0,0,0,128
199,wave,apv,wave,v*dy(w),0,1,1,-1,0,0,0,0,128
199,wave,apv,wave,w*dz(w),0,1,1,-1,0,0,0,0,128
199,wave,apv,wave,u*dx(eta),1.78489614009891e-13,16,1,2,0,2.22309391519812e-15,8.42768632658419e-10,128,0
199,wave,apv,wave,v*dy(eta),1.78499648917809e-13,16,1,2,0,1.86549032633961e-15,8.42772962528215e-10,128,0
199,wave,apv,wave,w*dz(eta),9.64610321668361e-11,16,1,-1,0,1.66533453693773e-15,1.34006739038739e-09,128,0
199,wave,apv,wave,w*eta*dlogN2,1.15980819919416e-11,15,1,1,0,9.9333178910968e-16,7.80520204024526e-10,128,0
199,apv,wave,wave,u*dx(u),0,-1,0,1,1,0,0,0,128
199,apv,wave,wave,v*dy(u),5.64079397311927e-12,1,0,16,1,3.6746949474952e-15,5.97594191048523e-10,128,0
199,apv,wave,wave,w*dz(u),0,-1,0,1,1,0,0,0,128
199,apv,wave,wave,u*dx(v),0,-1,0,1,1,0,0,0,128
199,apv,wave,wave,v*dy(v),5.75202619404754e-12,1,0,16,1,3.52653459822903e-15,6.51483630724775e-10,128,0
199,apv,wave,wave,w*dz(v),0,-1,0,1,1,0,0,0,128
199,apv,wave,wave,u*dx(w),0,-1,0,1,1,0,0,0,128
199,apv,wave,wave,v*dy(w),5.45407563630743e-14,3,0,15,1,4.44089209850063e-16,5.33562305449209e-10,128,0
199,apv,wave,wave,w*dz(w),0,-1,0,1,1,0,0,0,128
199,apv,wave,wave,u*dx(eta),0,-1,0,1,1,0,0,0,128
199,apv,wave,wave,v*dy(eta),1.94942637649303e-13,1,0,16,1,1.77635683940025e-15,7.93944053644283e-10,128,0
199,apv,wave,wave,w*dz(eta),0,-1,0,1,1,0,0,0,128
199,apv,wave,wave,w*eta*dlogN2,0,-1,0,1,1,0,0,0,128
199,wave,boundary,wave,u*dx(u),2.77910299804198e-12,16,1,2,0,2.47276871529086e-15,1.1312481253984e-10,64,0
199,wave,boundary,wave,v*dy(u),2.77849733690056e-12,16,1,2,0,2.10058173162048e-15,1.13125811870718e-10,64,0
199,wave,boundary,wave,w*dz(u),3.288778781141e-13,16,1,2,0,1.94658187887113e-15,1.13960507697186e-10,64,0
199,wave,boundary,wave,u*dx(v),2.83431493239034e-12,16,1,2,0,2.26399725007358e-15,1.27297522882455e-10,64,0
199,wave,boundary,wave,v*dy(v),2.83477138297647e-12,16,1,2,0,2.675707973071e-15,1.27290807194632e-10,64,0
199,wave,boundary,wave,w*dz(v),3.34854382172904e-13,16,1,2,0,2.50708935511346e-15,1.29483575675533e-10,64,0
199,wave,boundary,wave,u*dx(w),0,1,1,1,0,0,0,0,64
199,wave,boundary,wave,v*dy(w),0,1,1,1,0,0,0,0,64
199,wave,boundary,wave,w*dz(w),0,1,1,1,0,0,0,0,64
199,wave,boundary,wave,u*dx(eta),4.32617997808321e-14,16,1,2,0,5.86702049533726e-16,1.107871572259e-10,64,0
199,wave,boundary,wave,v*dy(eta),4.32139162440047e-14,16,1,2,0,1.24467112151803e-15,1.10777942374796e-10,64,0
199,wave,boundary,wave,w*dz(eta),9.04299744193779e-14,15,1,2,0,1.59927059737516e-15,5.003821403915e-10,64,0
199,wave,boundary,wave,w*eta*dlogN2,1.73384548323708e-11,16,1,2,0,7.80624759437717e-16,1.11479825370964e-10,64,0
199,boundary,wave,wave,u*dx(u),0,1,0,1,1,0,0,0,64
199,boundary,wave,wave,v*dy(u),5.4454468759067e-12,2,0,16,1,3.70511143217492e-15,3.39294370377274e-10,64,0
199,boundary,wave,wave,w*dz(u),0,1,0,1,1,0,0,0,64
199,boundary,wave,wave,u*dx(v),0,1,0,1,1,0,0,0,64
199,boundary,wave,wave,v*dy(v),5.55709552713704e-12,2,0,16,1,3.16055999286049e-15,3.59626058980697e-10,64,0
199,boundary,wave,wave,w*dz(v),0,1,0,1,1,0,0,0,64
199,boundary,wave,wave,u*dx(w),0,1,0,1,1,0,0,0,64
199,boundary,wave,wave,v*dy(w),3.84629085123093e-14,2,0,15,1,4.44089209850063e-16,3.50244278024547e-10,64,0
199,boundary,wave,wave,w*dz(w),0,1,0,1,1,0,0,0,64
199,boundary,wave,wave,u*dx(eta),0,1,0,1,1,0,0,0,64
199,boundary,wave,wave,v*dy(eta),1.88821701754222e-13,2,0,16,1,2.09362475073702e-15,3.05137581868564e-10,64,0
199,boundary,wave,wave,w*dz(eta),0,1,0,1,1,0,0,0,64
199,boundary,wave,wave,w*eta*dlogN2,0,1,0,1,1,0,0,0,64
199,apv,boundary,wave,u*dx(u),0,-1,0,1,0,0,0,0,8
199,apv,boundary,wave,v*dy(u),3.13162310860902e-13,3,0,2,0,2.32151608416848e-15,6.51752207758705e-10,8,0
199,apv,boundary,wave,w*dz(u),0,-1,0,1,0,0,0,0,8
199,apv,boundary,wave,u*dx(v),0,-1,0,1,0,0,0,0,8
199,apv,boundary,wave,v*dy(v),3.22059147265984e-13,3,0,2,0,1.83995906279218e-15,6.567033746713e-10,8,0
199,apv,boundary,wave,w*dz(v),0,-1,0,1,0,0,0,0,8
199,apv,boundary,wave,u*dx(w),0,-1,0,1,0,0,0,0,8
199,apv,boundary,wave,v*dy(w),0,-1,0,1,0,0,0,0,8
199,apv,boundary,wave,w*dz(w),0,-1,0,1,0,0,0,0,8
199,apv,boundary,wave,u*dx(eta),0,-1,0,1,0,0,0,0,8
199,apv,boundary,wave,v*dy(eta),6.94910221749114e-15,3,0,2,0,7.29427988409339e-16,6.65823618462014e-10,8,0
199,apv,boundary,wave,w*dz(eta),0,-1,0,1,0,0,0,0,8
199,apv,boundary,wave,w*eta*dlogN2,0,-1,0,1,0,0,0,0,8
199,boundary,apv,wave,u*dx(u),0,1,0,-1,0,0,0,0,8
199,boundary,apv,wave,v*dy(u),4.56616947248616e-13,2,0,3,0,1.05058329481287e-15,5.14420284147832e-10,8,0
199,boundary,apv,wave,w*dz(u),0,1,0,-1,0,0,0,0,8
199,boundary,apv,wave,u*dx(v),0,1,0,-1,0,0,0,0,8
199,boundary,apv,wave,v*dy(v),4.71229481574209e-13,2,0,3,0,1.51937450840878e-15,5.57104312949693e-10,8,0
199,boundary,apv,wave,w*dz(v),0,1,0,-1,0,0,0,0,8
199,boundary,apv,wave,u*dx(w),0,1,0,-1,0,0,0,0,8
199,boundary,apv,wave,v*dy(w),0,1,0,-1,0,0,0,0,8
199,boundary,apv,wave,w*dz(w),0,1,0,-1,0,0,0,0,8
199,boundary,apv,wave,u*dx(eta),0,1,0,-1,0,0,0,0,8
199,boundary,apv,wave,v*dy(eta),2.38220606530427e-14,2,0,2,0,2.29150426715442e-15,1.1544306621758e-09,8,0
199,boundary,apv,wave,w*dz(eta),0,1,0,-1,0,0,0,0,8
199,boundary,apv,wave,w*eta*dlogN2,0,1,0,-1,0,0,0,0,8
199,boundary,boundary,wave,u*dx(u),0,1,0,1,0,0,0,0,4
199,boundary,boundary,wave,v*dy(u),1.34960079822788e-13,1,0,2,0,1.20755254413153e-15,5.6642202039825e-10,4,0
199,boundary,boundary,wave,w*dz(u),0,1,0,1,0,0,0,0,4
199,boundary,boundary,wave,u*dx(v),0,1,0,1,0,0,0,0,4
199,boundary,boundary,wave,v*dy(v),1.36871961689919e-13,1,0,2,0,1.75638776671888e-15,5.84037484019894e-10,4,0
199,boundary,boundary,wave,w*dz(v),0,1,0,1,0,0,0,0,4
199,boundary,boundary,wave,u*dx(w),0,1,0,1,0,0,0,0,4
199,boundary,boundary,wave,v*dy(w),0,1,0,1,0,0,0,0,4
199,boundary,boundary,wave,w*dz(w),0,1,0,1,0,0,0,0,4
199,boundary,boundary,wave,u*dx(eta),0,1,0,1,0,0,0,0,4
199,boundary,boundary,wave,v*dy(eta),7.21444125526378e-15,2,0,1,0,1.43830607775258e-15,5.46299450121523e-10,4,0
199,boundary,boundary,wave,w*dz(eta),0,1,0,1,0,0,0,0,4
199,boundary,boundary,wave,w*eta*dlogN2,0,1,0,1,0,0,0,0,4
28,wave,wave,wave,u*dx(u),5.0042123639783e-11,15,1,16,1,4.06788743303581e-15,3.84874354608655e-11,640,0
28,wave,wave,wave,v*dy(u),0,1,1,1,1,0,0,0,640
28,wave,wave,wave,w*dz(u),1.36990679699689e-06,16,1,1,1,3.49442697000768e-12,3.37664945547512e-06,640,0
28,wave,wave,wave,u*dx(v),4.86767714098041e-11,15,1,16,1,3.69452696324517e-15,3.84784426543661e-11,640,0
28,wave,wave,wave,v*dy(v),0,1,1,1,1,0,0,0,640
28,wave,wave,wave,w*dz(v),1.31862337067889e-06,16,1,1,1,3.49464901461261e-12,2.94757695547477e-06,640,0
28,wave,wave,wave,u*dx(w),3.27785903548946e-13,15,1,15,1,1.11022302462516e-15,3.87889720343537e-11,640,0
28,wave,wave,wave,v*dy(w),0,1,1,1,1,0,0,0,640
28,wave,wave,wave,w*dz(w),3.2779278266014e-13,15,1,15,1,1.4432899320127e-15,3.86962684117975e-11,640,0
28,wave,wave,wave,u*dx(eta),7.16526278302751e-12,16,1,16,1,2.56422115846792e-15,3.86506382454854e-11,640,0
28,wave,wave,wave,v*dy(eta),0,1,1,1,1,0,0,0,640
28,wave,wave,wave,w*dz(eta),7.16538023405152e-12,16,1,16,1,2.99233099446855e-15,3.86157772425122e-11,640,0
28,wave,wave,wave,w*eta*dlogN2,6.41387117759623e-11,16,1,14,1,1.85825982280468e-15,3.86736198620952e-11,640,0
28,wave,apv,wave,u*dx(u),0,1,1,-1,0,0,0,0,128
28,wave,apv,wave,v*dy(u),0,1,1,-1,0,0,0,0,128
28,wave,apv,wave,w*dz(u),0,1,1,-1,0,0,0,0,128
28,wave,apv,wave,u*dx(v),5.56465484940443e-12,16,1,1,0,4.08493790659587e-15,5.8011490400368e-10,128,0
28,wave,apv,wave,v*dy(v),0,1,1,-1,0,0,0,0,128
28,wave,apv,wave,w*dz(v),1.34494561055502e-12,16,1,2,0,6.1335423905742e-15,8.05060351716236e-10,128,0
28,wave,apv,wave,u*dx(w),0,1,1,-1,0,0,0,0,128
28,wave,apv,wave,v*dy(w),0,1,1,-1,0,0,0,0,128
28,wave,apv,wave,w*dz(w),0,1,1,-1,0,0,0,0,128
28,wave,apv,wave,u*dx(eta),2.47708740148467e-13,16,1,2,0,2.22044604925031e-15,8.42710901061139e-10,128,0
28,wave,apv,wave,v*dy(eta),0,1,1,-1,0,0,0,0,128
28,wave,apv,wave,w*dz(eta),1.28749003466744e-10,16,1,-1,0,2.1338562240072e-15,1.34038680155157e-09,128,0
28,wave,apv,wave,w*eta*dlogN2,1.55203228703439e-11,15,1,1,0,2.6695125406704e-15,8.1729611967063e-10,128,0
28,apv,wave,wave,u*dx(u),0,-1,0,1,1,0,0,0,128
28,apv,wave,wave,v*dy(u),0,-1,0,1,1,0,0,0,128
28,apv,wave,wave,w*dz(u),0,-1,0,1,1,0,0,0,128
28,apv,wave,wave,u*dx(v),0,-1,0,1,1,0,0,0,128
28,apv,wave,wave,v*dy(v),0,-1,0,1,1,0,0,0,128
28,apv,wave,wave,w*dz(v),0,-1,0,1,1,0,0,0,128
28,apv,wave,wave,u*dx(w),0,-1,0,1,1,0,0,0,128
28,apv,wave,wave,v*dy(w),0,-1,0,1,1,0,0,0,128
28,apv,wave,wave,w*dz(w),0,-1,0,1,1,0,0,0,128
28,apv,wave,wave,u*dx(eta),0,-1,0,1,1,0,0,0,128
28,apv,wave,wave,v*dy(eta),0,-1,0,1,1,0,0,0,128
28,apv,wave,wave,w*dz(eta),0,-1,0,1,1,0,0,0,128
28,apv,wave,wave,w*eta*dlogN2,0,-1,0,1,1,0,0,0,128
28,wave,boundary,wave,u*dx(u),0,1,1,1,0,0,0,0,64
28,wave,boundary,wave,v*dy(u),0,1,1,1,0,0,0,0,64
28,wave,boundary,wave,w*dz(u),0,1,1,1,0,0,0,0,64
28,wave,boundary,wave,u*dx(v),5.37246585525125e-12,16,1,2,0,3.24121901824797e-15,3.39229533352636e-10,64,0
28,wave,boundary,wave,v*dy(v),0,1,1,1,0,0,0,0,64
28,wave,boundary,wave,w*dz(v),6.422654677326e-13,16,1,2,0,2.9852199622424e-15,5.59724822046803e-10,64,0
28,wave,boundary,wave,u*dx(w),0,1,1,1,0,0,0,0,64
28,wave,boundary,wave,v*dy(w),0,1,1,1,0,0,0,0,64
28,wave,boundary,wave,w*dz(w),0,1,1,1,0,0,0,0,64
28,wave,boundary,wave,u*dx(eta),1.46652345976258e-13,15,1,2,0,1.4432899320127e-15,5.58420754082078e-10,64,0
28,wave,boundary,wave,v*dy(eta),0,1,1,1,0,0,0,0,64
28,wave,boundary,wave,w*dz(eta),3.93582982312348e-11,16,1,2,0,2.16494355708732e-15,3.03252090105843e-10,64,0
28,wave,boundary,wave,w*eta*dlogN2,1.80017540320355e-11,16,1,2,0,1.20034680741908e-15,5.53666557046029e-10,64,0
28,boundary,wave,wave,u*dx(u),0,1,0,1,1,0,0,0,64
28,boundary,wave,wave,v*dy(u),0,1,0,1,1,0,0,0,64
28,boundary,wave,wave,w*dz(u),0,1,0,1,1,0,0,0,64
28,boundary,wave,wave,u*dx(v),0,1,0,1,1,0,0,0,64
28,boundary,wave,wave,v*dy(v),0,1,0,1,1,0,0,0,64
28,boundary,wave,wave,w*dz(v),0,1,0,1,1,0,0,0,64
28,boundary,wave,wave,u*dx(w),0,1,0,1,1,0,0,0,64
28,boundary,wave,wave,v*dy(w),0,1,0,1,1,0,0,0,64
28,boundary,wave,wave,w*dz(w),0,1,0,1,1,0,0,0,64
28,boundary,wave,wave,u*dx(eta),0,1,0,1,1,0,0,0,64
28,boundary,wave,wave,v*dy(eta),0,1,0,1,1,0,0,0,64
28,boundary,wave,wave,w*dz(eta),0,1,0,1,1,0,0,0,64
28,boundary,wave,wave,w*eta*dlogN2,0,1,0,1,1,0,0,0,64
28,apv,boundary,wave,u*dx(u),0,-1,0,1,0,0,0,0,8
28,apv,boundary,wave,v*dy(u),0,-1,0,1,0,0,0,0,8
28,apv,boundary,wave,w*dz(u),0,-1,0,1,0,0,0,0,8
28,apv,boundary,wave,u*dx(v),0,-1,0,1,0,0,0,0,8
28,apv,boundary,wave,v*dy(v),0,-1,0,1,0,0,0,0,8
28,apv,boundary,wave,w*dz(v),0,-1,0,1,0,0,0,0,8
28,apv,boundary,wave,u*dx(w),0,-1,0,1,0,0,0,0,8
28,apv,boundary,wave,v*dy(w),0,-1,0,1,0,0,0,0,8
28,apv,boundary,wave,w*dz(w),0,-1,0,1,0,0,0,0,8
28,apv,boundary,wave,u*dx(eta),0,-1,0,1,0,0,0,0,8
28,apv,boundary,wave,v*dy(eta),0,-1,0,1,0,0,0,0,8
28,apv,boundary,wave,w*dz(eta),0,-1,0,1,0,0,0,0,8
28,apv,boundary,wave,w*eta*dlogN2,0,-1,0,1,0,0,0,0,8
28,boundary,apv,wave,u*dx(u),0,1,0,-1,0,0,0,0,8
28,boundary,apv,wave,v*dy(u),0,1,0,-1,0,0,0,0,8
28,boundary,apv,wave,w*dz(u),0,1,0,-1,0,0,0,0,8
28,boundary,apv,wave,u*dx(v),0,1,0,-1,0,0,0,0,8
28,boundary,apv,wave,v*dy(v),0,1,0,-1,0,0,0,0,8
28,boundary,apv,wave,w*dz(v),0,1,0,-1,0,0,0,0,8
28,boundary,apv,wave,u*dx(w),0,1,0,-1,0,0,0,0,8
28,boundary,apv,wave,v*dy(w),0,1,0,-1,0,0,0,0,8
28,boundary,apv,wave,w*dz(w),0,1,0,-1,0,0,0,0,8
28,boundary,apv,wave,u*dx(eta),0,1,0,-1,0,0,0,0,8
28,boundary,apv,wave,v*dy(eta),0,1,0,-1,0,0,0,0,8
28,boundary,apv,wave,w*dz(eta),0,1,0,-1,0,0,0,0,8
28,boundary,apv,wave,w*eta*dlogN2,0,1,0,-1,0,0,0,0,8
28,boundary,boundary,wave,u*dx(u),0,1,0,1,0,0,0,0,4
28,boundary,boundary,wave,v*dy(u),0,1,0,1,0,0,0,0,4
28,boundary,boundary,wave,w*dz(u),0,1,0,1,0,0,0,0,4
28,boundary,boundary,wave,u*dx(v),0,1,0,1,0,0,0,0,4
28,boundary,boundary,wave,v*dy(v),0,1,0,1,0,0,0,0,4
28,boundary,boundary,wave,w*dz(v),0,1,0,1,0,0,0,0,4
28,boundary,boundary,wave,u*dx(w),0,1,0,1,0,0,0,0,4
28,boundary,boundary,wave,v*dy(w),0,1,0,1,0,0,0,0,4
28,boundary,boundary,wave,w*dz(w),0,1,0,1,0,0,0,0,4
28,boundary,boundary,wave,u*dx(eta),0,1,0,1,0,0,0,0,4
28,boundary,boundary,wave,v*dy(eta),0,1,0,1,0,0,0,0,4
28,boundary,boundary,wave,w*dz(eta),0,1,0,1,0,0,0,0,4
28,boundary,boundary,wave,w*eta*dlogN2,0,1,0,1,0,0,0,0,4
186,wave,wave,wave,u*dx(u),5.00421219055574e-11,16,1,15,1,4.60640076966691e-15,3.8488798997182e-11,640,0
186,wave,wave,wave,v*dy(u),0,1,1,1,1,0,0,0,640
186,wave,wave,wave,w*dz(u),1.69166169495152e-07,16,1,1,1,1.77558356922501e-13,4.72790770262594e-07,640,0
186,wave,wave,wave,u*dx(v),4.86767780619489e-11,16,1,15,1,3.65867178235511e-15,2.53717047371538e-11,640,0
186,wave,wave,wave,v*dy(v),0,1,1,1,1,0,0,0,640
186,wave,wave,wave,w*dz(v),1.62831547794243e-07,16,1,1,1,1.53705173811105e-13,4.12716516181446e-07,640,0
186,wave,wave,wave,u*dx(w),3.27794874710773e-13,15,1,15,1,1.33226762955019e-15,3.86963794341e-11,640,0
186,wave,wave,wave,v*dy(w),0,1,1,1,1,0,0,0,640
186,wave,wave,wave,w*dz(w),3.27788574851104e-13,15,1,15,1,9.99200722162641e-16,3.87893051012611e-11,640,0
186,wave,wave,wave,u*dx(eta),7.16538603464306e-12,16,1,16,1,2.84809956992852e-15,2.52313725468412e-11,640,0
186,wave,wave,wave,v*dy(eta),0,1,1,1,1,0,0,0,640
186,wave,wave,wave,w*dz(eta),7.16524944671964e-12,16,1,16,1,3.81196887749354e-15,2.55759857736848e-11,640,0
186,wave,wave,wave,w*eta*dlogN2,6.4138812010392e-11,14,1,16,1,2.21858886251638e-15,2.55424570383411e-11,640,0
186,wave,apv,wave,u*dx(u),0,1,1,-1,0,0,0,0,128
186,wave,apv,wave,v*dy(u),0,1,1,-1,0,0,0,0,128
186,wave,apv,wave,w*dz(u),0,1,1,-1,0,0,0,0,128
186,wave,apv,wave,u*dx(v),5.56544204174839e-12,16,1,1,0,4.02570366385392e-15,5.80205088791972e-10,128,0
186,wave,apv,wave,v*dy(v),0,1,1,-1,0,0,0,0,128
186,wave,apv,wave,w*dz(v),1.34452668617913e-12,16,1,2,0,4.53250158240844e-15,7.68129559958197e-10,128,0
186,wave,apv,wave,u*dx(w),0,1,1,-1,0,0,0,0,128
186,wave,apv,wave,v*dy(w),0,1,1,-1,0,0,0,0,128
186,wave,apv,wave,w*dz(w),0,1,1,-1,0,0,0,0,128
186,wave,apv,wave,u*dx(eta),2.47778179585405e-13,16,1,2,0,1.88737914186277e-15,8.42768521636117e-10,128,0
186,wave,apv,wave,v*dy(eta),0,1,1,-1,0,0,0,0,128
186,wave,apv,wave,w*dz(eta),1.28746735239143e-10,16,1,-1,0,1.66533453693773e-15,1.34006739038739e-09,128,0
186,wave,apv,wave,w*eta*dlogN2,1.55201973233239e-11,15,1,1,0,1.34394636507103e-15,7.80520204024526e-10,128,0
186,apv,wave,wave,u*dx(u),0,-1,0,1,1,0,0,0,128
186,apv,wave,wave,v*dy(u),0,-1,0,1,1,0,0,0,128
186,apv,wave,wave,w*dz(u),0,-1,0,1,1,0,0,0,128
186,apv,wave,wave,u*dx(v),0,-1,0,1,1,0,0,0,128
186,apv,wave,wave,v*dy(v),0,-1,0,1,1,0,0,0,128
186,apv,wave,wave,w*dz(v),0,-1,0,1,1,0,0,0,128
186,apv,wave,wave,u*dx(w),0,-1,0,1,1,0,0,0,128
186,apv,wave,wave,v*dy(w),0,-1,0,1,1,0,0,0,128
186,apv,wave,wave,w*dz(w),0,-1,0,1,1,0,0,0,128
186,apv,wave,wave,u*dx(eta),0,-1,0,1,1,0,0,0,128
186,apv,wave,wave,v*dy(eta),0,-1,0,1,1,0,0,0,128
186,apv,wave,wave,w*dz(eta),0,-1,0,1,1,0,0,0,128
186,apv,wave,wave,w*eta*dlogN2,0,-1,0,1,1,0,0,0,128
186,wave,boundary,wave,u*dx(u),0,1,1,1,0,0,0,0,64
186,wave,boundary,wave,v*dy(u),0,1,1,1,0,0,0,0,64
186,wave,boundary,wave,w*dz(u),0,1,1,1,0,0,0,0,64
186,wave,boundary,wave,u*dx(v),2.70817192834891e-12,16,1,2,0,1.7326049474992e-15,1.08289316314436e-10,64,0
186,wave,boundary,wave,v*dy(v),0,1,1,1,0,0,0,0,64
186,wave,boundary,wave,w*dz(v),3.21084667386516e-13,16,1,2,0,1.58297390182007e-15,1.12093112569767e-10,64,0
186,wave,boundary,wave,u*dx(w),0,1,1,1,0,0,0,0,64
186,wave,boundary,wave,v*dy(w),0,1,1,1,0,0,0,0,64
186,wave,boundary,wave,w*dz(w),0,1,1,1,0,0,0,0,64
186,wave,boundary,wave,u*dx(eta),5.92881530707326e-14,16,1,2,0,1.39322943347844e-15,1.08966058398607e-10,64,0
186,wave,boundary,wave,v*dy(eta),0,1,1,1,0,0,0,0,64
186,wave,boundary,wave,w*dz(eta),1.20788007339657e-13,15,1,2,0,1.56921849526717e-15,5.96507897101294e-10,64,0
186,wave,boundary,wave,w*eta*dlogN2,2.38727680239743e-11,16,1,2,0,1.1314623677073e-15,1.09748987675573e-10,64,0
186,boundary,wave,wave,u*dx(u),0,1,0,1,1,0,0,0,64
186,boundary,wave,wave,v*dy(u),0,1,0,1,1,0,0,0,64
186,boundary,wave,wave,w*dz(u),0,1,0,1,1,0,0,0,64
186,boundary,wave,wave,u*dx(v),0,1,0,1,1,0,0,0,64
186,boundary,wave,wave,v*dy(v),0,1,0,1,1,0,0,0,64
186,boundary,wave,wave,w*dz(v),0,1,0,1,1,0,0,0,64
186,boundary,wave,wave,u*dx(w),0,1,0,1,1,0,0,0,64
186,boundary,wave,wave,v*dy(w),0,1,0,1,1,0,0,0,64
186,boundary,wave,wave,w*dz(w),0,1,0,1,1,0,0,0,64
186,boundary,wave,wave,u*dx(eta),0,1,0,1,1,0,0,0,64
186,boundary,wave,wave,v*dy(eta),0,1,0,1,1,0,0,0,64
186,boundary,wave,wave,w*dz(eta),0,1,0,1,1,0,0,0,64
186,boundary,wave,wave,w*eta*dlogN2,0,1,0,1,1,0,0,0,64
186,apv,boundary,wave,u*dx(u),0,-1,0,1,0,0,0,0,8
186,apv,boundary,wave,v*dy(u),0,-1,0,1,0,0,0,0,8
186,apv,boundary,wave,w*dz(u),0,-1,0,1,0,0,0,0,8
186,apv,boundary,wave,u*dx(v),0,-1,0,1,0,0,0,0,8
186,apv,boundary,wave,v*dy(v),0,-1,0,1,0,0,0,0,8
186,apv,boundary,wave,w*dz(v),0,-1,0,1,0,0,0,0,8
186,apv,boundary,wave,u*dx(w),0,-1,0,1,0,0,0,0,8
186,apv,boundary,wave,v*dy(w),0,-1,0,1,0,0,0,0,8
186,apv,boundary,wave,w*dz(w),0,-1,0,1,0,0,0,0,8
186,apv,boundary,wave,u*dx(eta),0,-1,0,1,0,0,0,0,8
186,apv,boundary,wave,v*dy(eta),0,-1,0,1,0,0,0,0,8
186,apv,boundary,wave,w*dz(eta),0,-1,0,1,0,0,0,0,8
186,apv,boundary,wave,w*eta*dlogN2,0,-1,0,1,0,0,0,0,8
186,boundary,apv,wave,u*dx(u),0,1,0,-1,0,0,0,0,8
186,boundary,apv,wave,v*dy(u),0,1,0,-1,0,0,0,0,8
186,boundary,apv,wave,w*dz(u),0,1,0,-1,0,0,0,0,8
186,boundary,apv,wave,u*dx(v),0,1,0,-1,0,0,0,0,8
186,boundary,apv,wave,v*dy(v),0,1,0,-1,0,0,0,0,8
186,boundary,apv,wave,w*dz(v),0,1,0,-1,0,0,0,0,8
186,boundary,apv,wave,u*dx(w),0,1,0,-1,0,0,0,0,8
186,boundary,apv,wave,v*dy(w),0,1,0,-1,0,0,0,0,8
186,boundary,apv,wave,w*dz(w),0,1,0,-1,0,0,0,0,8
186,boundary,apv,wave,u*dx(eta),0,1,0,-1,0,0,0,0,8
186,boundary,apv,wave,v*dy(eta),0,1,0,-1,0,0,0,0,8
186,boundary,apv,wave,w*dz(eta),0,1,0,-1,0,0,0,0,8
186,boundary,apv,wave,w*eta*dlogN2,0,1,0,-1,0,0,0,0,8
186,boundary,boundary,wave,u*dx(u),0,1,0,1,0,0,0,0,4
186,boundary,boundary,wave,v*dy(u),0,1,0,1,0,0,0,0,4
186,boundary,boundary,wave,w*dz(u),0,1,0,1,0,0,0,0,4
186,boundary,boundary,wave,u*dx(v),0,1,0,1,0,0,0,0,4
186,boundary,boundary,wave,v*dy(v),0,1,0,1,0,0,0,0,4
186,boundary,boundary,wave,w*dz(v),0,1,0,1,0,0,0,0,4
186,boundary,boundary,wave,u*dx(w),0,1,0,1,0,0,0,0,4
186,boundary,boundary,wave,v*dy(w),0,1,0,1,0,0,0,0,4
186,boundary,boundary,wave,w*dz(w),0,1,0,1,0,0,0,0,4
186,boundary,boundary,wave,u*dx(eta),0,1,0,1,0,0,0,0,4
186,boundary,boundary,wave,v*dy(eta),0,1,0,1,0,0,0,0,4
186,boundary,boundary,wave,w*dz(eta),0,1,0,1,0,0,0,0,4
186,boundary,boundary,wave,w*eta*dlogN2,0,1,0,1,0,0,0,0,4
256,wave,wave,wave,u*dx(u),4.98011117860429e-11,15,1,16,1,3.45246978384515e-15,5.95898885791257e-11,640,0
256,wave,wave,wave,v*dy(u),4.98011409333801e-11,15,1,16,1,3.58666314206459e-15,7.30528970649402e-11,640,0
256,wave,wave,wave,w*dz(u),5.9984168171328e-07,16,1,1,1,7.72493180534184e-13,1.80092288571804e-06,640,0
256,wave,wave,wave,u*dx(v),4.99206567258156e-11,15,1,16,1,3.61321287497942e-15,5.95956617388538e-11,640,0
256,wave,wave,wave,v*dy(v),4.99206897528342e-11,15,1,16,1,3.53009147366803e-15,7.30584481800634e-11,640,0
256,wave,wave,wave,w*dz(v),6.02405073474115e-07,16,1,1,1,7.72271135929259e-13,1.84333212959017e-06,640,0
256,wave,wave,wave,u*dx(w),1.41383678989848e-13,15,1,15,1,1.33226762955019e-15,5.95326010710551e-11,640,0
256,wave,wave,wave,v*dy(w),1.41383382731974e-13,15,1,15,1,1.22124532708767e-15,7.29956095568696e-11,640,0
256,wave,wave,wave,w*dz(w),1.41382855521208e-13,15,1,15,1,1.11022302462516e-15,7.31290583644295e-11,640,0
256,wave,wave,wave,u*dx(eta),3.38828316649221e-12,16,1,16,1,3.39378557277506e-15,3.64821506337876e-11,640,0
256,wave,wave,wave,v*dy(eta),3.3882859034438e-12,16,1,16,1,2.53899910788378e-15,4.99451591196021e-11,640,0
256,wave,wave,wave,w*dz(eta),3.38840522798612e-12,16,1,16,1,2.73892758993762e-15,5.00652852508665e-11,640,0
256,wave,wave,wave,w*eta*dlogN2,3.15148549210327e-11,16,1,14,1,1.54222116427872e-15,5.00011143600432e-11,640,0
256,wave,apv,wave,u*dx(u),5.7134221324506e-12,16,1,1,0,3.79993100059262e-15,6.25553160676361e-10,128,0
256,wave,apv,wave,v*dy(u),5.71308336031653e-12,16,1,1,0,3.52245671490952e-15,6.25553909389565e-10,128,0
256,wave,apv,wave,w*dz(u),1.37083141439334e-12,16,1,2,0,3.94401717856156e-15,7.68268892947788e-10,128,0
256,wave,apv,wave,u*dx(v),5.73265597014105e-12,16,1,1,0,4.00614042749248e-15,6.38360405160895e-10,128,0
256,wave,apv,wave,v*dy(v),5.73267072674114e-12,16,1,1,0,3.62883972542145e-15,6.38361380341415e-10,128,0
256,wave,apv,wave,w*dz(v),1.37216655170132e-12,16,1,2,0,4.33422431473149e-15,7.68269226014695e-10,128,0
256,wave,apv,wave,u*dx(w),0,1,1,-1,0,0,0,0,128
256,wave,apv,wave,v*dy(w),0,1,1,-1,0,0,0,0,128
256,wave,apv,wave,w*dz(w),0,1,1,-1,0,0,0,0,128
256,wave,apv,wave,u*dx(eta),1.14778721739435e-13,15,1,3,0,1.99840144432528e-15,8.42840019998903e-10,128,0
256,wave,apv,wave,v*dy(eta),1.14778968848448e-13,15,1,3,0,2.1094237467878e-15,8.42846237247841e-10,128,0
256,wave,apv,wave,w*dz(eta),6.5433495794044e-11,16,1,-1,0,1.4432899320127e-15,1.34025501807855e-09,128,0
256,wave,apv,wave,w*eta*dlogN2,7.81395465572025e-12,15,1,1,0,1.11022302462516e-15,7.80187026094836e-10,128,0
256,apv,wave,wave,u*dx(u),5.71313278883918e-12,1,0,16,1,3.18438649765492e-15,6.25520520589073e-10,128,0
256,apv,wave,wave,v*dy(u),0,-1,0,1,1,0,0,0,128
256,apv,wave,wave,w*dz(u),0,-1,0,1,1,0,0,0,128
256,apv,wave,wave,u*dx(v),5.73274747350078e-12,1,0,16,1,3.22857340848457e-15,6.38326614822471e-10,128,0
256,apv,wave,wave,v*dy(v),0,-1,0,1,1,0,0,0,128
256,apv,wave,wave,w*dz(v),0,-1,0,1,1,0,0,0,128
256,apv,wave,wave,u*dx(w),3.35530645622322e-14,3,0,15,1,6.66133814775094e-16,5.11971576244719e-10,128,0
256,apv,wave,wave,v*dy(w),0,-1,0,1,1,0,0,0,128
256,apv,wave,wave,w*dz(w),0,-1,0,1,1,0,0,0,128
256,apv,wave,wave,u*dx(eta),1.27490278999535e-13,1,0,16,1,1.77635683940025e-15,7.02466285713883e-10,128,0
256,apv,wave,wave,v*dy(eta),0,-1,0,1,1,0,0,0,128
256,apv,wave,wave,w*dz(eta),0,-1,0,1,1,0,0,0,128
256,apv,wave,wave,w*eta*dlogN2,0,-1,0,1,1,0,0,0,128
256,wave,boundary,wave,u*dx(u),4.75352481713544e-12,16,1,2,0,2.46763130715303e-15,2.33842445181623e-10,64,0
256,wave,boundary,wave,v*dy(u),4.75219188193886e-12,16,1,2,0,2.60859639496275e-15,2.33842191701474e-10,64,0
256,wave,boundary,wave,w*dz(u),5.54730517128038e-13,16,1,2,0,2.60630580572984e-15,2.88713941642982e-10,64,0
256,wave,boundary,wave,u*dx(v),4.76960028228753e-12,16,1,2,0,2.29284148231962e-15,2.3746328684395e-10,64,0
256,wave,boundary,wave,v*dy(v),4.76872311255103e-12,16,1,2,0,2.85119422893543e-15,2.37439389908688e-10,64,0
256,wave,boundary,wave,w*dz(v),5.56046693580141e-13,16,1,2,0,2.67556776358723e-15,2.89925238332036e-10,64,0
256,wave,boundary,wave,u*dx(w),0,1,1,1,0,0,0,0,64
256,wave,boundary,wave,v*dy(w),0,1,1,1,0,0,0,0,64
256,wave,boundary,wave,w*dz(w),0,1,1,1,0,0,0,0,64
256,wave,boundary,wave,u*dx(eta),5.83644342360432e-14,15,1,2,0,9.99200722162641e-16,2.91339286029313e-10,64,0
256,wave,boundary,wave,v*dy(eta),5.83874050321623e-14,15,1,2,0,1.37644140444466e-15,2.91305202182457e-10,64,0
256,wave,boundary,wave,w*dz(eta),1.01148319392184e-11,16,1,2,0,1.53244296898333e-15,2.16492823668091e-10,64,0
256,wave,boundary,wave,w*eta*dlogN2,9.01243858097104e-12,16,1,2,0,1.43959385430647e-15,2.84361201252636e-10,64,0
256,boundary,wave,wave,u*dx(u),3.05563266924565e-12,2,0,16,1,2.26270565720586e-15,1.21586677318491e-10,64,0
256,boundary,wave,wave,v*dy(u),0,1,0,1,1,0,0,0,64
256,boundary,wave,wave,w*dz(u),0,1,0,1,1,0,0,0,64
256,boundary,wave,wave,u*dx(v),3.06644258371864e-12,2,0,16,-1,2.37706744468697e-15,1.30614689302913e-10,64,0
256,boundary,wave,wave,v*dy(v),0,1,0,1,1,0,0,0,64
256,boundary,wave,wave,w*dz(v),0,1,0,1,1,0,0,0,64
256,boundary,wave,wave,u*dx(w),1.06580503865388e-14,2,0,15,1,4.44089209850063e-16,1.26968879854417e-10,64,0
256,boundary,wave,wave,v*dy(w),0,1,0,1,1,0,0,0,64
256,boundary,wave,wave,w*dz(w),0,1,0,1,1,0,0,0,64
256,boundary,wave,wave,u*dx(eta),6.62839482945004e-14,2,0,15,1,1.39766400498814e-15,1.17537091171016e-10,64,0
256,boundary,wave,wave,v*dy(eta),0,1,0,1,1,0,0,0,64
256,boundary,wave,wave,w*dz(eta),0,1,0,1,1,0,0,0,64
256,boundary,wave,wave,w*eta*dlogN2,0,1,0,1,1,0,0,0,64
256,apv,boundary,wave,u*dx(u),4.31592813193832e-13,3,0,2,0,1.52206058213013e-15,5.9115112804875e-10,8,0
256,apv,boundary,wave,v*dy(u),0,-1,0,1,0,0,0,0,8
256,apv,boundary,wave,w*dz(u),0,-1,0,1,0,0,0,0,8
256,apv,boundary,wave,u*dx(v),4.34285337995339e-13,3,0,2,0,1.5819279843368e-15,5.91150461914935e-10,8,0
256,apv,boundary,wave,v*dy(v),0,-1,0,1,0,0,0,0,8
256,apv,boundary,wave,w*dz(v),0,-1,0,1,0,0,0,0,8
256,apv,boundary,wave,u*dx(w),0,-1,0,1,0,0,0,0,8
256,apv,boundary,wave,v*dy(w),0,-1,0,1,0,0,0,0,8
256,apv,boundary,wave,w*dz(w),0,-1,0,1,0,0,0,0,8
256,apv,boundary,wave,u*dx(eta),8.33042463462075e-15,3,0,2,0,6.83919105812668e-16,5.07086594936368e-10,8,0
256,apv,boundary,wave,v*dy(eta),0,-1,0,1,0,0,0,0,8
256,apv,boundary,wave,w*dz(eta),0,-1,0,1,0,0,0,0,8
256,apv,boundary,wave,w*eta*dlogN2,0,-1,0,1,0,0,0,0,8
256,boundary,apv,wave,u*dx(u),3.32041791005606e-13,2,0,3,0,1.75785514426855e-15,6.57376819646061e-10,8,0
256,boundary,apv,wave,v*dy(u),0,1,0,-1,0,0,0,0,8
256,boundary,apv,wave,w*dz(u),0,1,0,-1,0,0,0,0,8
256,boundary,apv,wave,u*dx(v),3.33983821769765e-13,2,0,3,0,2.31043700871261e-15,6.57376375556851e-10,8,0
256,boundary,apv,wave,v*dy(v),0,1,0,-1,0,0,0,0,8
256,boundary,apv,wave,w*dz(v),0,1,0,-1,0,0,0,0,8
256,boundary,apv,wave,u*dx(w),0,1,0,-1,0,0,0,0,8
256,boundary,apv,wave,v*dy(w),0,1,0,-1,0,0,0,0,8
256,boundary,apv,wave,w*dz(w),0,1,0,-1,0,0,0,0,8
256,boundary,apv,wave,u*dx(eta),1.45989659746153e-14,2,0,1,0,7.93532035307766e-16,1.01102293204036e-09,8,0
256,boundary,apv,wave,v*dy(eta),0,1,0,-1,0,0,0,0,8
256,boundary,apv,wave,w*dz(eta),0,1,0,-1,0,0,0,0,8
256,boundary,apv,wave,w*eta*dlogN2,0,1,0,-1,0,0,0,0,8
256,boundary,boundary,wave,u*dx(u),1.95737322349473e-13,2,0,1,0,1.17584858868642e-15,1.00331387642427e-09,4,0
256,boundary,boundary,wave,v*dy(u),0,1,0,1,0,0,0,0,4
256,boundary,boundary,wave,w*dz(u),0,1,0,1,0,0,0,0,4
256,boundary,boundary,wave,u*dx(v),1.9658911026308e-13,2,0,1,0,1.47539955863393e-15,1.02542532871946e-09,4,0
256,boundary,boundary,wave,v*dy(v),0,1,0,1,0,0,0,0,4
256,boundary,boundary,wave,w*dz(v),0,1,0,1,0,0,0,0,4
256,boundary,boundary,wave,u*dx(w),0,1,0,1,0,0,0,0,4
256,boundary,boundary,wave,v*dy(w),0,1,0,1,0,0,0,0,4
256,boundary,boundary,wave,w*dz(w),0,1,0,1,0,0,0,0,4
256,boundary,boundary,wave,u*dx(eta),1.8280700371286e-14,2,0,1,0,6.61258330101424e-16,7.07455205528618e-10,4,0
256,boundary,boundary,wave,v*dy(eta),0,1,0,1,0,0,0,0,4
256,boundary,boundary,wave,w*dz(eta),0,1,0,1,0,0,0,0,4
256,boundary,boundary,wave,w*eta*dlogN2,0,1,0,1,0,0,0,0,4
