completeName,functionName,fileName,type,numCalls,totalTime,childTime,selfTime,totalTimePerCall,selfTimePerCall,selfFraction,isLeaf,isRecursive,numChildren,numParents,numExecutedLines,isBuiltIn,isToolboxCode,isProjectCode
"/private/tmp/wvm42-before/@WVTransformFreeSurfaceBoussinesq/fromStratification.m>fromStratification","WVTransformFreeSurfaceBoussinesq.fromStratification",/private/tmp/wvm42-before/@WVTransformFreeSurfaceBoussinesq/fromStratification.m,M-function,1,23.6739955415733,23.6495965831971,0.0243989583761781,23.6739955415733,0.0243989583761781,0.00103062274947766,0,0,21,1,109,0,0,1
"/private/tmp/wvm42-before/+WVInternal/buildFreeSurfaceBalancedState.m>buildFreeSurfaceBalancedState","buildFreeSurfaceBalancedState",/private/tmp/wvm42-before/+WVInternal/buildFreeSurfaceBalancedState.m,M-function,1,4.34903859097057,4.31677954924725,0.0322590417233153,4.34903859097057,0.0322590417233153,0.00741751103112564,0,0,17,1,195,0,0,1
"/private/tmp/wvm42-before/@WVGeometryDoublyPeriodic/WVGeometryDoublyPeriodic.m>WVGeometryDoublyPeriodic.WVGeometryDoublyPeriodic","WVGeometryDoublyPeriodic.WVGeometryDoublyPeriodic>WVGeometryDoublyPeriodic.WVGeometryDoublyPeriodic",/private/tmp/wvm42-before/@WVGeometryDoublyPeriodic/WVGeometryDoublyPeriodic.m,M-method,2,0.440189500773006,0.435028125763942,0.00516137500906377,0.220094750386503,0.00258068750453189,0.0117253478331492,0,0,16,2,40,0,0,1
"/Users/jearly/Documents/OceanKitRepositories/oceankit-internal-modes-beta7/InternalModes-2.0.0-beta.7/@IMInternalModes/IMInternalModes.m>IMInternalModes.geostrophicAPVModes","IMInternalModes.IMInternalModes>IMInternalModes.geostrophicAPVModes",/Users/jearly/Documents/OceanKitRepositories/oceankit-internal-modes-beta7/InternalModes-2.0.0-beta.7/@IMInternalModes/IMInternalModes.m,M-method,1,0.00898983334912015,0.00800458334738998,0.000985250001730173,0.00898983334912015,0.000985250001730173,0.10959602513951,0,0,7,1,28,0,0,1
"/Users/jearly/Documents/OceanKitRepositories/oceankit-internal-modes-beta7/InternalModes-2.0.0-beta.7/@IMInternalModes/IMInternalModes.m>IMInternalModes.IMInternalModes","IMInternalModes.IMInternalModes>IMInternalModes.IMInternalModes",/Users/jearly/Documents/OceanKitRepositories/oceankit-internal-modes-beta7/InternalModes-2.0.0-beta.7/@IMInternalModes/IMInternalModes.m,M-method,1144,0.278308042155396,0.206792375363143,0.0715156667922535,0.000243276260625346,6.25136947484734e-05,0.256965865011985,0,0,6,3,36,0,0,1
"/Users/jearly/Documents/OceanKitRepositories/oceankit-internal-modes-beta7/InternalModes-2.0.0-beta.7/@IMEigenvalueProblem/IMEigenvalueProblem.m>IMEigenvalueProblem.IMEigenvalueProblem","IMEigenvalueProblem.IMEigenvalueProblem>IMEigenvalueProblem.IMEigenvalueProblem",/Users/jearly/Documents/OceanKitRepositories/oceankit-internal-modes-beta7/InternalModes-2.0.0-beta.7/@IMEigenvalueProblem/IMEigenvalueProblem.m,M-method,1144,0.183184750321686,0.130782250229663,0.0524025000920227,0.000160126530001474,4.58063811993206e-05,0.286063659775172,0,0,4,1,24,0,0,1
"/Users/jearly/Documents/OceanKitRepositories/oceankit-internal-modes-beta7/InternalModes-2.0.0-beta.7/@IMInternalModes/IMInternalModes.m>IMInternalModes.meanDensityAnomalyModes","IMInternalModes.IMInternalModes>IMInternalModes.meanDensityAnomalyModes",/Users/jearly/Documents/OceanKitRepositories/oceankit-internal-modes-beta7/InternalModes-2.0.0-beta.7/@IMInternalModes/IMInternalModes.m,M-method,1,0.00730391667949289,0.00677483334523044,0.000529083334262443,0.00730391667949289,0.000529083334262443,0.0724383036498682,0,0,4,1,9,0,0,1
"/Users/jearly/Documents/OceanKitRepositories/oceankit-internal-modes-beta7/InternalModes-2.0.0-beta.7/@IMMeanDensityAnomalyModes/IMMeanDensityAnomalyModes.m>IMMeanDensityAnomalyModes.IMMeanDensityAnomalyModes","IMMeanDensityAnomalyModes.IMMeanDensityAnomalyModes>IMMeanDensityAnomalyModes.IMMeanDensityAnomalyModes",/Users/jearly/Documents/OceanKitRepositories/oceankit-internal-modes-beta7/InternalModes-2.0.0-beta.7/@IMMeanDensityAnomalyModes/IMMeanDensityAnomalyModes.m,M-method,1,0.00675283334519181,0.00614979167746616,0.000603041667725654,0.00675283334519181,0.000603041667725654,0.0893020213737445,0,0,5,1,29,0,0,1
"/Users/jearly/Documents/OceanKitRepositories/oceankit-internal-modes-beta7/InternalModes-2.0.0-beta.7/@IMSolver/IMSolver.m>IMSolver.nativeDifferentiationRule","IMSolver.IMSolver>IMSolver.nativeDifferentiationRule",/Users/jearly/Documents/OceanKitRepositories/oceankit-internal-modes-beta7/InternalModes-2.0.0-beta.7/@IMSolver/IMSolver.m,M-method,1,0.00433266667427515,0.00361579167301627,0.000716875001258886,0.00433266667427515,0.000716875001258886,0.165458147407293,0,0,6,1,15,0,0,1
"/Users/jearly/Documents/OceanKitRepositories/oceankit-internal-modes-beta7/InternalModes-2.0.0-beta.7/@IMSolverSpectral/IMSolverSpectral.m>IMSolverSpectral.innerProductGrid","IMSolverSpectral.IMSolverSpectral>IMSolverSpectral.innerProductGrid",/Users/jearly/Documents/OceanKitRepositories/oceankit-internal-modes-beta7/InternalModes-2.0.0-beta.7/@IMSolverSpectral/IMSolverSpectral.m,M-method,2313,0.0135041250237142,0.00724037501271464,0.00626375001099961,5.83835928392315e-06,2.70806312624281e-06,0.463839752668166,0,0,1,5,6,0,0,1
"/Users/jearly/Documents/OceanKitRepositories/oceankit-internal-modes-beta7/InternalModes-2.0.0-beta.7/@IMSolverSpectral/IMSolverSpectral.m>IMSolverSpectral.innerProductWeights","IMSolverSpectral.IMSolverSpectral>IMSolverSpectral.innerProductWeights",/Users/jearly/Documents/OceanKitRepositories/oceankit-internal-modes-beta7/InternalModes-2.0.0-beta.7/@IMSolverSpectral/IMSolverSpectral.m,M-method,2313,0.544040167622042,0.354688125622859,0.189352041999183,0.000235209756862102,8.18642637264086e-05,0.348047907614665,0,0,4,5,27,0,0,1
"/Users/jearly/Documents/OceanKitRepositories/oceankit-internal-modes-beta7/InternalModes-2.0.0-beta.7/@IMInternalModesBasis/IMInternalModesBasis.m>IMInternalModesBasis.endpointGramTerms","IMInternalModesBasis.IMInternalModesBasis>IMInternalModesBasis.endpointGramTerms",/Users/jearly/Documents/OceanKitRepositories/oceankit-internal-modes-beta7/InternalModes-2.0.0-beta.7/@IMInternalModesBasis/IMInternalModesBasis.m,M-method,2300,1.16784291871749,1.09424483525491,0.0735980834625771,0.000507757790746733,3.19991667228596e-05,0.063020533226679,0,0,8,2,35,0,0,1
"/Users/jearly/Documents/OceanKitRepositories/oceankit-internal-modes-beta7/InternalModes-2.0.0-beta.7/@IMBasisSet/IMBasisSet.m>IMBasisSet.endpointGramTerms","IMBasisSet.IMBasisSet>IMBasisSet.endpointGramTerms",/Users/jearly/Documents/OceanKitRepositories/oceankit-internal-modes-beta7/InternalModes-2.0.0-beta.7/@IMBasisSet/IMBasisSet.m,M-method,2296,0.823610251446321,0.718705792928768,0.104904458517553,0.000358715266309373,4.56900951731504e-05,0.127371482243371,0,0,8,1,38,0,0,1
"/Users/jearly/Documents/OceanKitRepositories/oceankit-internal-modes-beta7/InternalModes-2.0.0-beta.7/@IMInternalModesDiscreteTransform/IMInternalModesDiscreteTransform.m>IMInternalModesDiscreteTransform.IMInternalModesDiscreteTransform","IMInternalModesDiscreteTransform.IMInternalModesDiscreteTransform>IMInternalModesDiscreteTransform.IMInternalModesDiscreteTransform",/Users/jearly/Documents/OceanKitRepositories/oceankit-internal-modes-beta7/InternalModes-2.0.0-beta.7/@IMInternalModesDiscreteTransform/IMInternalModesDiscreteTransform.m,M-method,5,0.0482694167514314,0.0293052917181289,0.0189641250333024,0.00965388335028627,0.00379282500666048,0.392880757829751,0,0,8,2,110,0,0,1
"/Users/jearly/Documents/OceanKitRepositories/oceankit-internal-modes-beta7/InternalModes-2.0.0-beta.7/@IMSolver/IMSolver.m>IMSolver.nativeQuadratureRule","IMSolver.IMSolver>IMSolver.nativeQuadratureRule",/Users/jearly/Documents/OceanKitRepositories/oceankit-internal-modes-beta7/InternalModes-2.0.0-beta.7/@IMSolver/IMSolver.m,M-method,4,0.00886445834889998,0.00694879167886926,0.00191566667003072,0.002216114587225,0.00047891666750768,0.216106455085148,0,0,3,3,9,0,0,1
"/Users/jearly/Documents/OceanKitRepositories/oceankit-internal-modes-beta7/InternalModes-2.0.0-beta.7/@IMGeostrophicZeroAPVModes/IMGeostrophicZeroAPVModes.m>IMGeostrophicZeroAPVModes.atWavenumber","IMGeostrophicZeroAPVModes.IMGeostrophicZeroAPVModes>IMGeostrophicZeroAPVModes.atWavenumber",/Users/jearly/Documents/OceanKitRepositories/oceankit-internal-modes-beta7/InternalModes-2.0.0-beta.7/@IMGeostrophicZeroAPVModes/IMGeostrophicZeroAPVModes.m,M-method,1,0.0026075416712457,0.00174250000305996,0.000865041668185745,0.0026075416712457,0.000865041668185745,0.331746057109986,0,0,7,1,12,0,0,1
"/Users/jearly/Documents/OceanKitRepositories/oceankit-internal-modes-beta7/InternalModes-2.0.0-beta.7/@IMGeostrophicZeroAPVModes/IMGeostrophicZeroAPVModes.m>IMGeostrophicZeroAPVModes.IMGeostrophicZeroAPVModes","IMGeostrophicZeroAPVModes.IMGeostrophicZeroAPVModes>IMGeostrophicZeroAPVModes.IMGeostrophicZeroAPVModes",/Users/jearly/Documents/OceanKitRepositories/oceankit-internal-modes-beta7/InternalModes-2.0.0-beta.7/@IMGeostrophicZeroAPVModes/IMGeostrophicZeroAPVModes.m,M-method,1,0.00150633333597857,0.000540166667615239,0.000966166668363327,0.00150633333597857,0.000966166668363327,0.6414029652578,0,0,8,1,31,0,0,1
"/Users/jearly/Documents/OceanKitRepositories/oceankit-internal-modes-beta7/InternalModes-2.0.0-beta.7/@IMSolver/solveWaveModesAtWavenumbers.m>solveWaveModesAtWavenumbers","IMSolver.solveWaveModesAtWavenumbers",/Users/jearly/Documents/OceanKitRepositories/oceankit-internal-modes-beta7/InternalModes-2.0.0-beta.7/@IMSolver/solveWaveModesAtWavenumbers.m,M-function,2,11.1426193112339,11.1039653111661,0.0386540000678774,5.57130965561697,0.0193270000339387,0.00346902276638911,0,0,18,2,87,0,0,1
"/Users/jearly/Documents/OceanKitRepositories/oceankit-internal-modes-beta7/InternalModes-2.0.0-beta.7/@IMInternalModes/IMInternalModes.m>IMInternalModes.waveModesAtWavenumber","IMInternalModes.IMInternalModes>IMInternalModes.waveModesAtWavenumber",/Users/jearly/Documents/OceanKitRepositories/oceankit-internal-modes-beta7/InternalModes-2.0.0-beta.7/@IMInternalModes/IMInternalModes.m,M-method,1142,0.328211500576364,0.282893083830115,0.0453184167462492,0.000287400613464417,3.96833771858574e-05,0.138076870148263,0,0,5,1,19,0,0,1
"/private/tmp/wvm42-before/@WVGeometryDoublyPeriodicStratified/WVGeometryDoublyPeriodicStratified.m>WVGeometryDoublyPeriodicStratified.WVGeometryDoublyPeriodicStratified","WVGeometryDoublyPeriodicStratified.WVGeometryDoublyPeriodicStratified>WVGeometryDoublyPeriodicStratified.WVGeometryDoublyPeriodicStratified",/private/tmp/wvm42-before/@WVGeometryDoublyPeriodicStratified/WVGeometryDoublyPeriodicStratified.m,M-method,1,0.273034167146135,0.271563000476885,0.00147116666925012,0.273034167146135,0.00147116666925012,0.00538821453969428,0,0,5,1,58,0,0,1
"/Applications/MATLAB_R2026a.app/toolbox/matlab/lang/+matlab/+lang/+internal/isMatchingSize.m>isMatchingSize","isMatchingSize",/Applications/MATLAB_R2026a.app/toolbox/matlab/lang/+matlab/+lang/+internal/isMatchingSize.m,M-function,12689,0.0406392500713655,0,0.0406392500713655,3.20271495558086e-06,3.20271495558086e-06,1,1,0,0,20,11,0,1,0
"/Users/jearly/Documents/OceanKitRepositories/oceankit-internal-modes-beta7/InternalModes-2.0.0-beta.7/@IMBoundaryCondition/IMBoundaryCondition.m>IMBoundaryCondition.IMBoundaryCondition","IMBoundaryCondition.IMBoundaryCondition>IMBoundaryCondition.IMBoundaryCondition",/Users/jearly/Documents/OceanKitRepositories/oceankit-internal-modes-beta7/InternalModes-2.0.0-beta.7/@IMBoundaryCondition/IMBoundaryCondition.m,M-method,8,0.00404554167377094,0.000104125000182851,0.00394141667358809,0.000505692709221367,0.000492677084198511,0.974261790242345,0,0,1,5,14,0,0,1
"/Users/jearly/Documents/OceanKitRepositories/oceankit-internal-modes-beta7/InternalModes-2.0.0-beta.7/@IMBoundaryCondition/IMBoundaryCondition.m>IMBoundaryCondition.isEigenvalueDependent","IMBoundaryCondition.IMBoundaryCondition>IMBoundaryCondition.isEigenvalueDependent",/Users/jearly/Documents/OceanKitRepositories/oceankit-internal-modes-beta7/InternalModes-2.0.0-beta.7/@IMBoundaryCondition/IMBoundaryCondition.m,M-method,21794,0.634451959447478,0.563209875989038,0.0712420834584397,2.91113131801174e-05,3.2688851729118e-06,0.112289169254804,0,0,3,4,6,0,0,1
"/Users/jearly/Documents/OceanKitRepositories/oceankit-internal-modes-beta7/InternalModes-2.0.0-beta.7/@IMEigenvalueProblem/IMEigenvalueProblem.m>IMEigenvalueProblem.selectModes","IMEigenvalueProblem.IMEigenvalueProblem>IMEigenvalueProblem.selectModes",/Users/jearly/Documents/OceanKitRepositories/oceankit-internal-modes-beta7/InternalModes-2.0.0-beta.7/@IMEigenvalueProblem/IMEigenvalueProblem.m,M-method,1144,0.348092292277943,0.297887000523112,0.050205291754831,0.000304276479263936,4.38857445409362e-05,0.144229828894756,0,0,7,1,47,0,0,1
"/Users/jearly/Documents/OceanKitRepositories/oceankit-internal-modes-beta7/InternalModes-2.0.0-beta.7/@IMEigenvalueProblem/IMEigenvalueProblem.m>IMEigenvalueProblem.eigenvalueTolerance","IMEigenvalueProblem.IMEigenvalueProblem>IMEigenvalueProblem.eigenvalueTolerance",/Users/jearly/Documents/OceanKitRepositories/oceankit-internal-modes-beta7/InternalModes-2.0.0-beta.7/@IMEigenvalueProblem/IMEigenvalueProblem.m,M-method,1144,0.0123824166884111,0.00327333333908155,0.00910908334932956,1.08237908115482e-05,7.96248544521815e-06,0.735646649482802,0,0,1,1,13,0,0,1
"/Users/jearly/Documents/OceanKitRepositories/oceankit-internal-modes-beta7/InternalModes-2.0.0-beta.7/@IMEigenvalueProblem/IMEigenvalueProblem.m>IMEigenvalueProblem.signTolerance","IMEigenvalueProblem.IMEigenvalueProblem>IMEigenvalueProblem.signTolerance",/Users/jearly/Documents/OceanKitRepositories/oceankit-internal-modes-beta7/InternalModes-2.0.0-beta.7/@IMEigenvalueProblem/IMEigenvalueProblem.m,M-method,3432,0.0206912083696686,0.0111704583529495,0.00952075001671915,6.02890686761907e-06,2.77411131023285e-06,0.460135041251417,0,0,2,1,6,0,0,1
"/Users/jearly/Documents/OceanKitRepositories/oceankit-internal-modes-beta7/InternalModes-2.0.0-beta.7/@IMEigenvalueProblem/IMEigenvalueProblem.m>IMEigenvalueProblem.negativeEndpointWeightCount","IMEigenvalueProblem.IMEigenvalueProblem>IMEigenvalueProblem.negativeEndpointWeightCount",/Users/jearly/Documents/OceanKitRepositories/oceankit-internal-modes-beta7/InternalModes-2.0.0-beta.7/@IMEigenvalueProblem/IMEigenvalueProblem.m,M-method,1144,0.0293094167181362,0.0133708333568135,0.0159385833613227,2.56201195088603e-05,1.39323281130443e-05,0.543804181250053,0,0,3,1,12,0,0,1
"/Users/jearly/Documents/OceanKitRepositories/oceankit-internal-modes-beta7/InternalModes-2.0.0-beta.7/@IMInternalModes/IMInternalModes.m>IMInternalModes.makeBasisSet","IMInternalModes.IMInternalModes>IMInternalModes.makeBasisSet",/Users/jearly/Documents/OceanKitRepositories/oceankit-internal-modes-beta7/InternalModes-2.0.0-beta.7/@IMInternalModes/IMInternalModes.m,M-method,1142,0.321512000564599,0.308188792207869,0.0133232083567298,0.000281534151107355,1.16665572300612e-05,0.041439225700233,0,0,3,1,16,0,0,1
"/Users/jearly/Documents/OceanKitRepositories/oceankit-internal-modes-beta7/InternalModes-2.0.0-beta.7/@IMInternalModesBasis/IMInternalModesBasis.m>IMInternalModesBasis.IMInternalModesBasis","IMInternalModesBasis.IMInternalModesBasis>IMInternalModesBasis.IMInternalModesBasis",/Users/jearly/Documents/OceanKitRepositories/oceankit-internal-modes-beta7/InternalModes-2.0.0-beta.7/@IMInternalModesBasis/IMInternalModesBasis.m,M-method,1144,0.310309417211593,0.253278167111442,0.0570312501001512,0.000271249490569574,4.9852491346286e-05,0.183788331700107,0,0,8,2,36,0,0,1
"/Users/jearly/Documents/OceanKitRepositories/oceankit-internal-modes-beta7/InternalModes-2.0.0-beta.7/@IMBasisSet/IMBasisSet.m>IMBasisSet.IMBasisSet","IMBasisSet.IMBasisSet>IMBasisSet.IMBasisSet",/Users/jearly/Documents/OceanKitRepositories/oceankit-internal-modes-beta7/InternalModes-2.0.0-beta.7/@IMBasisSet/IMBasisSet.m,M-method,1144,0.0780927084704699,0.0311564167213796,0.0469362917490903,6.82628570546066e-05,4.10282270534006e-05,0.601032960290253,0,0,3,1,30,0,0,1
"/Users/jearly/Documents/OceanKitRepositories/oceankit-internal-modes-beta7/InternalModes-2.0.0-beta.7/@IMInternalModesBasis/IMInternalModesBasis.m>IMInternalModesBasis.rawVariable","IMInternalModesBasis.IMInternalModesBasis>IMInternalModesBasis.rawVariable",/Users/jearly/Documents/OceanKitRepositories/oceankit-internal-modes-beta7/InternalModes-2.0.0-beta.7/@IMInternalModesBasis/IMInternalModesBasis.m,M-method,4599,0.784504001377648,0.719693417930502,0.0648105834471457,0.000170581431045368,1.40923208191228e-05,0.0826134517266114,0,0,8,8,24,0,0,1
"/Users/jearly/Documents/OceanKitRepositories/oceankit-internal-modes-beta7/InternalModes-2.0.0-beta.7/IMModeOrientationTools.m>IMModeOrientationTools.shallowInteriorGPositive","IMModeOrientationTools>IMModeOrientationTools.shallowInteriorGPositive",/Users/jearly/Documents/OceanKitRepositories/oceankit-internal-modes-beta7/InternalModes-2.0.0-beta.7/IMModeOrientationTools.m,M-method,1144,0.0982227501724865,0.0214830417043925,0.076739708468094,8.58590473535721e-05,6.70801647448374e-05,0.781282425235837,0,0,3,1,34,0,0,1
"/Users/jearly/Documents/OceanKitRepositories/oceankit-internal-modes-beta7/InternalModes-2.0.0-beta.7/@IMInternalModesBasis/discreteTransform.m>discreteTransform","IMInternalModesBasis.discreteTransform",/Users/jearly/Documents/OceanKitRepositories/oceankit-internal-modes-beta7/InternalModes-2.0.0-beta.7/@IMInternalModesBasis/discreteTransform.m,M-function,3,0.518331750910229,0.505727792554762,0.0126039583554668,0.17277725030341,0.00420131945182226,0.0243163926063439,0,0,15,3,112,0,0,1
"/Users/jearly/Documents/OceanKitRepositories/oceankit-internal-modes-beta7/InternalModes-2.0.0-beta.7/@IMInternalModesBasis/IMInternalModesBasis.m>IMInternalModesBasis.buildInternalModesDiscreteTransform","IMInternalModesBasis.IMInternalModesBasis>IMInternalModesBasis.buildInternalModesDiscreteTransform",/Users/jearly/Documents/OceanKitRepositories/oceankit-internal-modes-beta7/InternalModes-2.0.0-beta.7/@IMInternalModesBasis/IMInternalModesBasis.m,M-method,3,0.163661583620735,0.162152291951418,0.00150929166931713,0.0545538612069118,0.000503097223105708,0.00922202777173851,0,0,5,1,13,0,0,1
"/Users/jearly/Documents/OceanKitRepositories/oceankit-internal-modes-beta7/InternalModes-2.0.0-beta.7/@IMInternalModesBasis/IMInternalModesBasis.m>IMInternalModesBasis.prepareInternalModesDiscreteTransform","IMInternalModesBasis.IMInternalModesBasis>IMInternalModesBasis.prepareInternalModesDiscreteTransform",/Users/jearly/Documents/OceanKitRepositories/oceankit-internal-modes-beta7/InternalModes-2.0.0-beta.7/@IMInternalModesBasis/IMInternalModesBasis.m,M-method,3,0.128022500224817,0.120398291878095,0.00762420834672201,0.0426741667416057,0.00254140278224067,0.0595536591875126,0,0,13,1,82,0,0,1
"/Users/jearly/Documents/OceanKitRepositories/oceankit-internal-modes-beta7/InternalModes-2.0.0-beta.7/@IMProjection/IMProjection.m>IMProjection.IMProjection","IMProjection.IMProjection>IMProjection.IMProjection",/Users/jearly/Documents/OceanKitRepositories/oceankit-internal-modes-beta7/InternalModes-2.0.0-beta.7/@IMProjection/IMProjection.m,M-method,8,0.0281168750493753,0.0178612083646989,0.0102556666846764,0.00351460938117192,0.00128195833558455,0.364751298523277,0,0,4,1,38,0,0,1
"/Users/jearly/Documents/OceanKitRepositories/oceankit-internal-modes-beta7/InternalModes-2.0.0-beta.7/@IMMeanDensityAnomalyModes/IMMeanDensityAnomalyModes.m>IMMeanDensityAnomalyModes.makeBasisSet","IMMeanDensityAnomalyModes.IMMeanDensityAnomalyModes>IMMeanDensityAnomalyModes.makeBasisSet",/Users/jearly/Documents/OceanKitRepositories/oceankit-internal-modes-beta7/InternalModes-2.0.0-beta.7/@IMMeanDensityAnomalyModes/IMMeanDensityAnomalyModes.m,M-method,2,0.0640181251124206,0.0634749584448001,0.000543166667620498,0.0320090625562103,0.000271583333810249,0.00848457630814175,0,0,3,1,12,0,0,1
"/Users/jearly/Documents/OceanKitRepositories/oceankit-internal-modes-beta7/InternalModes-2.0.0-beta.7/@IMMeanDensityAnomalyModesBasis/IMMeanDensityAnomalyModesBasis.m>IMMeanDensityAnomalyModesBasis.IMMeanDensityAnomalyModesBasis","IMMeanDensityAnomalyModesBasis.IMMeanDensityAnomalyModesBasis>IMMeanDensityAnomalyModesBasis.IMMeanDensityAnomalyModesBasis",/Users/jearly/Documents/OceanKitRepositories/oceankit-internal-modes-beta7/InternalModes-2.0.0-beta.7/@IMMeanDensityAnomalyModesBasis/IMMeanDensityAnomalyModesBasis.m,M-method,2,0.0633097501111766,0.0610128751071431,0.00229687500403349,0.0316548750555883,0.00114843750201674,0.0362799568786799,0,0,7,1,32,0,0,1
"/Users/jearly/Documents/OceanKitRepositories/oceankit-internal-modes-beta7/InternalModes-2.0.0-beta.7/@IMSolverSpectral/IMSolverSpectral.m>IMSolverSpectral.integrateGridValuesFromSurface","IMSolverSpectral.IMSolverSpectral>IMSolverSpectral.integrateGridValuesFromSurface",/Users/jearly/Documents/OceanKitRepositories/oceankit-internal-modes-beta7/InternalModes-2.0.0-beta.7/@IMSolverSpectral/IMSolverSpectral.m,M-method,2,0.00951666668337864,0.00514329167569867,0.00437337500767997,0.00475833334168932,0.00218668750383999,0.459549036777583,0,0,3,1,18,0,0,1
"/Users/jearly/Documents/OceanKitRepositories/oceankit-internal-modes-beta7/InternalModes-2.0.0-beta.7/@IMMeanDensityAnomalyModesBasis/IMMeanDensityAnomalyModesBasis.m>IMMeanDensityAnomalyModesBasis.rawVariable","IMMeanDensityAnomalyModesBasis.IMMeanDensityAnomalyModesBasis>IMMeanDensityAnomalyModesBasis.rawVariable",/Users/jearly/Documents/OceanKitRepositories/oceankit-internal-modes-beta7/InternalModes-2.0.0-beta.7/@IMMeanDensityAnomalyModesBasis/IMMeanDensityAnomalyModesBasis.m,M-method,25,0.0137487500241438,0.0109277083525232,0.00282104167162063,0.000549950000965753,0.000112841666864825,0.205185319877565,0,0,4,6,11,0,0,1
"/Users/jearly/Documents/OceanKitRepositories/oceankit-internal-modes-beta7/InternalModes-2.0.0-beta.7/@IMBasisSet/IMBasisSet.m>IMBasisSet.rawU","IMBasisSet.IMBasisSet>IMBasisSet.rawU",/Users/jearly/Documents/OceanKitRepositories/oceankit-internal-modes-beta7/InternalModes-2.0.0-beta.7/@IMBasisSet/IMBasisSet.m,M-method,2305,0.36103658396734,0.348364333945087,0.0126722500222534,0.000156631923630083,5.4977223523876e-06,0.0350996286387414,0,0,2,1,6,0,0,1
"/Users/jearly/Documents/OceanKitRepositories/oceankit-internal-modes-beta7/InternalModes-2.0.0-beta.7/@IMBasisSet/IMBasisSet.m>IMBasisSet.rawUz","IMBasisSet.IMBasisSet>IMBasisSet.rawUz",/Users/jearly/Documents/OceanKitRepositories/oceankit-internal-modes-beta7/InternalModes-2.0.0-beta.7/@IMBasisSet/IMBasisSet.m,M-method,26,0.017791208364576,0.0164674583622514,0.0013237500023246,0.000684277244791385,5.09134616278693e-05,0.0744047270538584,0,0,2,1,6,0,0,1
"/Users/jearly/Documents/OceanKitRepositories/oceankit-internal-modes-beta7/InternalModes-2.0.0-beta.7/@IMInternalModesBasis/IMInternalModesBasis.m>IMInternalModesBasis.F","IMInternalModesBasis.IMInternalModesBasis>IMInternalModesBasis.F",/Users/jearly/Documents/OceanKitRepositories/oceankit-internal-modes-beta7/InternalModes-2.0.0-beta.7/@IMInternalModesBasis/IMInternalModesBasis.m,M-method,4,0.0235505417080232,0.020500250036,0.0030502916720232,0.00588763542700579,0.000762572918005801,0.129521083202262,0,0,4,1,7,0,0,1
"/Users/jearly/Documents/OceanKitRepositories/oceankit-internal-modes-beta7/InternalModes-2.0.0-beta.7/@IMInternalModesBasis/IMInternalModesBasis.m>IMInternalModesBasis.G","IMInternalModesBasis.IMInternalModesBasis>IMInternalModesBasis.G",/Users/jearly/Documents/OceanKitRepositories/oceankit-internal-modes-beta7/InternalModes-2.0.0-beta.7/@IMInternalModesBasis/IMInternalModesBasis.m,M-method,4,0.0220621250387427,0.0192794583671895,0.00278266667155323,0.00551553125968568,0.000695666667888308,0.126128678296704,0,0,4,1,7,0,0,1
"/Users/jearly/Documents/OceanKitRepositories/oceankit-internal-modes-beta7/InternalModes-2.0.0-beta.7/assessModeConvergence.m>assessModeConvergence","assessModeConvergence",/Users/jearly/Documents/OceanKitRepositories/oceankit-internal-modes-beta7/InternalModes-2.0.0-beta.7/assessModeConvergence.m,M-function,572,1.03697658515434,0.800851501406355,0.236125083747986,0.00181289612789221,0.000412806090468508,0.227705318643084,0,0,12,2,87,0,0,1
"/Users/jearly/Documents/OceanKitRepositories/oceankit-internal-modes-beta7/InternalModes-2.0.0-beta.7/assessQuadraticDealiasing.m>assessQuadraticDealiasing","assessQuadraticDealiasing",/Users/jearly/Documents/OceanKitRepositories/oceankit-internal-modes-beta7/InternalModes-2.0.0-beta.7/assessQuadraticDealiasing.m,M-function,571,0.0577650417681064,0.0254631250447151,0.0323019167233912,0.000101164696616649,5.65707823526992e-05,0.559194899452596,0,0,6,1,34,0,0,1
"/Users/jearly/Documents/OceanKitRepositories/oceankit-internal-modes-beta7/InternalModes-2.0.0-beta.7/@IMGeostrophicZeroAPVModesBasis/IMGeostrophicZeroAPVModesBasis.m>IMGeostrophicZeroAPVModesBasis.IMGeostrophicZeroAPVModesBasis","IMGeostrophicZeroAPVModesBasis.IMGeostrophicZeroAPVModesBasis>IMGeostrophicZeroAPVModesBasis.IMGeostrophicZeroAPVModesBasis",/Users/jearly/Documents/OceanKitRepositories/oceankit-internal-modes-beta7/InternalModes-2.0.0-beta.7/@IMGeostrophicZeroAPVModesBasis/IMGeostrophicZeroAPVModesBasis.m,M-method,2,1.35650604404879,1.35437421071172,0.002131833337077,0.678253022024396,0.0010659166685385,0.00157156198929573,0,0,2,1,37,0,0,1
"/Users/jearly/Documents/OceanKitRepositories/oceankit-internal-modes-beta7/InternalModes-2.0.0-beta.7/@IMGeostrophicTransform/IMGeostrophicTransform.m>IMGeostrophicTransform.IMGeostrophicTransform","IMGeostrophicTransform.IMGeostrophicTransform>IMGeostrophicTransform.IMGeostrophicTransform",/Users/jearly/Documents/OceanKitRepositories/oceankit-internal-modes-beta7/InternalModes-2.0.0-beta.7/@IMGeostrophicTransform/IMGeostrophicTransform.m,M-method,1,0.0604584584395029,0.0175412916974705,0.0429171667420324,0.0604584584395029,0.0429171667420324,0.709862074716593,0,0,9,1,163,0,0,1
"/Users/jearly/Documents/OceanKitRepositories/oceankit-internal-modes-beta7/InternalModes-2.0.0-beta.7/@IMGeostrophicZeroAPVModesBasis/IMGeostrophicZeroAPVModesBasis.m>IMGeostrophicZeroAPVModesBasis.F","IMGeostrophicZeroAPVModesBasis.IMGeostrophicZeroAPVModesBasis>IMGeostrophicZeroAPVModesBasis.F",/Users/jearly/Documents/OceanKitRepositories/oceankit-internal-modes-beta7/InternalModes-2.0.0-beta.7/@IMGeostrophicZeroAPVModesBasis/IMGeostrophicZeroAPVModesBasis.m,M-method,7,0.00784345834710703,0.00462679167479166,0.00321666667231537,0.00112049404958672,0.000459523810330768,0.410108211195104,0,0,4,3,13,0,0,1
"/Users/jearly/Documents/OceanKitRepositories/oceankit-internal-modes-beta7/InternalModes-2.0.0-beta.7/@IMGeostrophicZeroAPVModesBasis/IMGeostrophicZeroAPVModesBasis.m>IMGeostrophicZeroAPVModesBasis.G","IMGeostrophicZeroAPVModesBasis.IMGeostrophicZeroAPVModesBasis>IMGeostrophicZeroAPVModesBasis.G",/Users/jearly/Documents/OceanKitRepositories/oceankit-internal-modes-beta7/InternalModes-2.0.0-beta.7/@IMGeostrophicZeroAPVModesBasis/IMGeostrophicZeroAPVModesBasis.m,M-method,7,0.0131696666897936,0.0083867916813945,0.00478287500839908,0.0018813809556848,0.000683267858342726,0.363173580703131,0,0,5,3,17,0,0,1
"/Users/jearly/Documents/OceanKitRepositories/oceankit-internal-modes-beta7/InternalModes-2.0.0-beta.7/@IMGeostrophicZeroAPVModesBasis/IMGeostrophicZeroAPVModesBasis.m>IMGeostrophicZeroAPVModesBasis.generalizedEnergyMatrix","IMGeostrophicZeroAPVModesBasis.IMGeostrophicZeroAPVModesBasis>IMGeostrophicZeroAPVModesBasis.generalizedEnergyMatrix",/Users/jearly/Documents/OceanKitRepositories/oceankit-internal-modes-beta7/InternalModes-2.0.0-beta.7/@IMGeostrophicZeroAPVModesBasis/IMGeostrophicZeroAPVModesBasis.m,M-method,2,0.016821791696207,0.0158868333612318,0.00093495833497519,0.00841089584810349,0.000467479167487595,0.0555801874057212,0,0,2,2,8,0,0,1
"/Users/jearly/Documents/OceanKitRepositories/oceankit-internal-modes-beta7/InternalModes-2.0.0-beta.7/@IMBasisCollection/IMBasisCollection.m>IMBasisCollection.IMBasisCollection","IMBasisCollection.IMBasisCollection>IMBasisCollection.IMBasisCollection",/Users/jearly/Documents/OceanKitRepositories/oceankit-internal-modes-beta7/InternalModes-2.0.0-beta.7/@IMBasisCollection/IMBasisCollection.m,M-method,2,0.505878709221694,0.109505458525633,0.396373250696061,0.252939354610847,0.19818662534803,0.783534162380327,0,0,6,1,47,0,0,1
"/Users/jearly/Documents/OceanKitRepositories/oceankit-internal-modes-beta7/InternalModes-2.0.0-beta.7/@IMBasisCollection/evaluate.m>evaluate","IMBasisCollection.evaluate",/Users/jearly/Documents/OceanKitRepositories/oceankit-internal-modes-beta7/InternalModes-2.0.0-beta.7/@IMBasisCollection/evaluate.m,M-function,1,0.018611041699349,0.0178350000313196,0.000776041668029456,0.018611041699349,0.000776041668029456,0.0416979167832717,0,0,5,1,25,0,0,1
"/Users/jearly/Documents/OceanKitRepositories/oceankit-internal-modes-beta7/InternalModes-2.0.0-beta.7/@IMBasisCollection/evaluateChunks.m>evaluateChunks","IMBasisCollection.evaluateChunks",/Users/jearly/Documents/OceanKitRepositories/oceankit-internal-modes-beta7/InternalModes-2.0.0-beta.7/@IMBasisCollection/evaluateChunks.m,M-function,3,2.12082337872432,2.06666125362921,0.0541621250951123,0.706941126241441,0.0180540416983708,0.0255382535096774,0,0,15,2,83,0,0,1
"/private/tmp/wvm42-before/+WVInternal/prepareWaveModeConvergenceBatches.m>prepareWaveModeConvergenceBatches","prepareWaveModeConvergenceBatches",/private/tmp/wvm42-before/+WVInternal/prepareWaveModeConvergenceBatches.m,M-function,1,3.37695358926352,3.36985233925104,0.00710125001247031,3.37695358926352,0.00710125001247031,0.00210285685744915,0,0,8,1,32,0,0,1
"/Applications/MATLAB_R2026a.app/toolbox/matlab/mathvalidator/mustBeFinite.m>mustBeFinite","mustBeFinite",/Applications/MATLAB_R2026a.app/toolbox/matlab/mathvalidator/mustBeFinite.m,M-function,62738,0.168248958628791,0,0.168248958628791,2.6817711535081e-06,2.6817711535081e-06,1,1,0,0,47,2,0,1,0
"/private/tmp/wvm42-before/+WVInternal/resolveFreeSurfaceInputs.m>resolveFreeSurfaceInputs","resolveFreeSurfaceInputs",/private/tmp/wvm42-before/+WVInternal/resolveFreeSurfaceInputs.m,M-function,1,0.00381029167335782,0.00357820833961693,0.000232083333740889,0.00381029167335782,0.000232083333740889,0.0609095979091715,0,0,2,1,31,0,0,1
"/private/tmp/wvm42-before/@WVGeometryDoublyPeriodic/WVGeometryDoublyPeriodic.m>WVGeometryDoublyPeriodic.maskForAliasedModes","WVGeometryDoublyPeriodic.WVGeometryDoublyPeriodic>WVGeometryDoublyPeriodic.maskForAliasedModes",/private/tmp/wvm42-before/@WVGeometryDoublyPeriodic/WVGeometryDoublyPeriodic.m,M-method,2,0.00140433333579945,0.000875291668203744,0.000529041667595703,0.000702166667899724,0.000264520833797852,0.376720863992404,0,0,4,1,13,0,0,1
"/private/tmp/wvm42-before/@WVGeometryDoublyPeriodic/WVGeometryDoublyPeriodic.m>WVGeometryDoublyPeriodic.maskForNyquistModes","WVGeometryDoublyPeriodic.WVGeometryDoublyPeriodic>WVGeometryDoublyPeriodic.maskForNyquistModes",/private/tmp/wvm42-before/@WVGeometryDoublyPeriodic/WVGeometryDoublyPeriodic.m,M-method,2,0.00065216666781192,0.000322583333899814,0.000329583333912106,0.00032608333390596,0.000164791666956053,0.505366726296959,0,0,3,1,16,0,0,1
"/private/tmp/wvm42-before/@WVGeometryDoublyPeriodic/WVGeometryDoublyPeriodic.m>WVGeometryDoublyPeriodic.maskForConjugateFourierCoefficients","WVGeometryDoublyPeriodic.WVGeometryDoublyPeriodic>WVGeometryDoublyPeriodic.maskForConjugateFourierCoefficients",/private/tmp/wvm42-before/@WVGeometryDoublyPeriodic/WVGeometryDoublyPeriodic.m,M-method,2,0.00143012500251141,0.0007387500012973,0.000691375001214106,0.000715062501255703,0.000345687500607053,0.483436762520759,0,0,5,1,19,0,0,1
"/private/tmp/wvm42-before/@WVGeometryDoublyPeriodic/WVGeometryDoublyPeriodic.m>WVGeometryDoublyPeriodic.indicesOfFourierConjugates","WVGeometryDoublyPeriodic.WVGeometryDoublyPeriodic>WVGeometryDoublyPeriodic.indicesOfFourierConjugates",/private/tmp/wvm42-before/@WVGeometryDoublyPeriodic/WVGeometryDoublyPeriodic.m,M-method,2,0.259878375456366,0.243553958761032,0.0163244166953336,0.129939187728183,0.0081622083476668,0.062815602362708,0,0,3,1,17,0,0,1
"/private/tmp/wvm42-before/FastTransforms/WVFourierStorageLayout.m>WVFourierStorageLayout.allocateFourierStorage","WVFourierStorageLayout>WVFourierStorageLayout.allocateFourierStorage",/private/tmp/wvm42-before/FastTransforms/WVFourierStorageLayout.m,M-method,2,0.00159958333614232,0.000325500000571602,0.00127408333557072,0.00079979166807116,0.000637041667785359,0.796509507684293,0,0,2,1,6,0,0,1
"/private/tmp/wvm42-before/+WVInternal/buildFreeSurfaceBalancedModes.m>buildFreeSurfaceBalancedModes","buildFreeSurfaceBalancedModes",/private/tmp/wvm42-before/+WVInternal/buildFreeSurfaceBalancedModes.m,M-function,1,1.60703854448875,1.60416187781703,0.0028766666717186,1.60703854448875,0.0028766666717186,0.00179004211291881,0,0,15,1,63,0,0,1
"/Users/jearly/Documents/OceanKitRepositories/oceankit-internal-modes-beta7/InternalModes-2.0.0-beta.7/@IMSolver/IMSolver.m>IMSolver.solveEVP","IMSolver.IMSolver>IMSolver.solveEVP",/Users/jearly/Documents/OceanKitRepositories/oceankit-internal-modes-beta7/InternalModes-2.0.0-beta.7/@IMSolver/IMSolver.m,M-method,4,0.73666933462698,0.731641501284817,0.00502783334216261,0.184167333656745,0.00125695833554065,0.00682508841596958,0,0,5,3,9,0,0,1
"/Users/jearly/Documents/OceanKitRepositories/oceankit-internal-modes-beta7/InternalModes-2.0.0-beta.7/@IMSolver/IMSolver.m>IMSolver.solveAssembledEVP","IMSolver.IMSolver>IMSolver.solveAssembledEVP",/Users/jearly/Documents/OceanKitRepositories/oceankit-internal-modes-beta7/InternalModes-2.0.0-beta.7/@IMSolver/IMSolver.m,M-method,1144,9.63290635024943,2.30676496238418,7.32614138786525,0.00842037268378447,0.00640396974463746,0.760532815485697,0,0,9,2,38,0,0,1
"/Users/jearly/Documents/OceanKitRepositories/oceankit-internal-modes-beta7/InternalModes-2.0.0-beta.7/@IMInternalModesDiscreteTransform/IMInternalModesDiscreteTransform.m>IMInternalModesDiscreteTransform.prefixTransform","IMInternalModesDiscreteTransform.IMInternalModesDiscreteTransform>IMInternalModesDiscreteTransform.prefixTransform",/Users/jearly/Documents/OceanKitRepositories/oceankit-internal-modes-beta7/InternalModes-2.0.0-beta.7/@IMInternalModesDiscreteTransform/IMInternalModesDiscreteTransform.m,M-method,2,0.0155660833606685,0.0144260000253331,0.00114008333533541,0.00778304168033427,0.000570041667667703,0.0732415026259015,0,0,3,1,22,0,0,1
"/Users/jearly/Documents/OceanKitRepositories/oceankit-internal-modes-beta7/InternalModes-2.0.0-beta.7/@IMInternalModesDiscreteTransformAssessment/IMInternalModesDiscreteTransformAssessment.m>IMInternalModesDiscreteTransformAssessment.IMInternalModesDiscreteTransformAssessment","IMInternalModesDiscreteTransformAssessment.IMInternalModesDiscreteTransformAssessment>IMInternalModesDiscreteTransformAssessment.IMInternalModesDiscreteTransformAssessment",/Users/jearly/Documents/OceanKitRepositories/oceankit-internal-modes-beta7/InternalModes-2.0.0-beta.7/@IMInternalModesDiscreteTransformAssessment/IMInternalModesDiscreteTransformAssessment.m,M-method,3,0.00612212501075091,0.00175720833641912,0.00436491667433178,0.00204070833691697,0.00145497222477726,0.712974117102586,0,0,5,1,59,0,0,1
"/private/tmp/wvm42-before/@WVStratification/WVStratification.m>WVStratification.WVStratification","WVStratification.WVStratification>WVStratification.WVStratification",/private/tmp/wvm42-before/@WVStratification/WVStratification.m,M-method,1,0.023031666707112,0.0217976250382782,0.00123404166883374,0.023031666707112,0.00123404166883374,0.0535802156451265,0,0,4,1,29,0,0,1
"/Applications/MATLAB_R2026a.app/toolbox/matlab/mathvalidator/mustBePositive.m>mustBePositive","mustBePositive",/Applications/MATLAB_R2026a.app/toolbox/matlab/mathvalidator/mustBePositive.m,M-function,8701,0.012311000021619,0,0.012311000021619,1.41489484215826e-06,1.41489484215826e-06,1,1,0,0,37,4,0,1,0
"/Users/jearly/Documents/OceanKitRepositories/oceankit-internal-modes-beta7/InternalModes-2.0.0-beta.7/@IMSolverSpectral/IMSolverSpectral.m>IMSolverSpectral.IMSolverSpectral","IMSolverSpectral.IMSolverSpectral>IMSolverSpectral.IMSolverSpectral",/Users/jearly/Documents/OceanKitRepositories/oceankit-internal-modes-beta7/InternalModes-2.0.0-beta.7/@IMSolverSpectral/IMSolverSpectral.m,M-method,10,0.00325220833904445,0.000306416667204757,0.0029457916718397,0.000325220833904445,0.00029457916718397,0.905781968662319,0,0,4,5,7,0,0,1
"/private/tmp/wvm42-before/+WVInternal/quadraticDealiasingPrefix.m>quadraticDealiasingPrefix","quadraticDealiasingPrefix",/private/tmp/wvm42-before/+WVInternal/quadraticDealiasingPrefix.m,M-function,571,0.066702750117135,0.0599850834386716,0.00671766667846339,0.000116817425774317,1.17647402424928e-05,0.100710490447046,0,0,3,2,22,0,0,1
"/Applications/MATLAB_R2026a.app/toolbox/matlab/mathvalidator/mustBeInteger.m>mustBeInteger","mustBeInteger",/Applications/MATLAB_R2026a.app/toolbox/matlab/mathvalidator/mustBeInteger.m,M-function,8690,0.0254497917113584,0,0.0254497917113584,2.92862965608267e-06,2.92862965608267e-06,1,1,0,0,33,4,0,1,0
"/Applications/MATLAB_R2026a.app/toolbox/matlab/mathvalidator/mustBeNonnegative.m>mustBeNonnegative","mustBeNonnegative",/Applications/MATLAB_R2026a.app/toolbox/matlab/mathvalidator/mustBeNonnegative.m,M-function,29816,0.0362506667303255,0,0.0362506667303255,1.21581254126394e-06,1.21581254126394e-06,1,1,0,0,17,4,0,1,0
"/Applications/MATLAB_R2026a.app/toolbox/matlab/ops/ismember.m>ismemberR2012a","ismember>ismemberR2012a",/Applications/MATLAB_R2026a.app/toolbox/matlab/ops/ismember.m,M-subfunction,33066,0.511641542565147,0.301329250529157,0.210312292035991,1.54733424836735e-05,6.36037900066506e-06,0.411053979279276,0,0,2,1,25,0,1,0
"/Applications/MATLAB_R2026a.app/toolbox/matlab/ops/ismember.m>ismemberClassTypes","ismember>ismemberClassTypes",/Applications/MATLAB_R2026a.app/toolbox/matlab/ops/ismember.m,M-subfunction,11885,0.217854250382568,0.161447666950181,0.0564065834323875,1.83301851394673e-05,4.74603142047855e-06,0.258918902584335,0,0,2,1,54,0,1,0
"/Applications/MATLAB_R2026a.app/toolbox/matlab/ops/ismember.m>ismemberBuiltinTypes","ismember>ismemberBuiltinTypes",/Applications/MATLAB_R2026a.app/toolbox/matlab/ops/ismember.m,M-subfunction,23678,0.0967809585032879,0,0.0967809585032879,4.08737893839378e-06,4.08737893839378e-06,1,1,0,0,2,49,0,1,0
"/Applications/MATLAB_R2026a.app/toolbox/matlab/ops/unique.m>unique","unique",/Applications/MATLAB_R2026a.app/toolbox/matlab/ops/unique.m,M-function,19326,0.283136375497209,0.134522708569565,0.148613666927643,1.46505420416645e-05,7.68983063891356e-06,0.524883694886136,0,1,3,19,80,0,1,0
"/Applications/MATLAB_R2026a.app/toolbox/matlab/ops/unique.m>convertFlag","unique>convertFlag",/Applications/MATLAB_R2026a.app/toolbox/matlab/ops/unique.m,M-subfunction,6997,0.0243108750426917,0,0.0243108750426917,3.47447120804512e-06,3.47447120804512e-06,1,1,0,0,1,4,0,1,0
"/Applications/MATLAB_R2026a.app/toolbox/matlab/ops/unique.m>uniqueR2012a","unique>uniqueR2012a",/Applications/MATLAB_R2026a.app/toolbox/matlab/ops/unique.m,M-subfunction,12329,0.110211833526874,0,0.110211833526874,8.93923542273287e-06,8.93923542273287e-06,1,1,0,0,1,67,0,1,0
"/Applications/MATLAB_R2026a.app/toolbox/matlab/ops/setdiff.m>setdiffR2012a","setdiff>setdiffR2012a",/Applications/MATLAB_R2026a.app/toolbox/matlab/ops/setdiff.m,M-subfunction,1269,0.0935606668309662,0.0720558334598687,0.0215048333710974,7.37278698431569e-05,1.69462831923541e-05,0.229849081879137,0,0,2,1,36,0,1,0
"/private/tmp/wvm42-before/FastTransforms/WVFourierStorageLayout.m>WVFourierStorageLayout.hermitianBoundaryMappings","WVFourierStorageLayout>WVFourierStorageLayout.hermitianBoundaryMappings",/private/tmp/wvm42-before/FastTransforms/WVFourierStorageLayout.m,M-method,2,0.00601216667722448,0.00555562500975609,0.000456541667468387,0.00300608333861224,0.000228270833734193,0.0759362958445373,0,0,3,1,19,0,0,1
"/Users/jearly/Documents/OceanKitRepositories/chebfun/@chebfun/chebfun.m>chebfun.chebfun","chebfun.chebfun>chebfun.chebfun",/Users/jearly/Documents/OceanKitRepositories/chebfun/@chebfun/chebfun.m,M-method,45,0.168622625296114,0.105359083518352,0.0632635417777621,0.00374716945102475,0.00140585648395027,0.375178251831073,0,0,8,4,28,0,1,0
"/Users/jearly/Documents/OceanKitRepositories/oceankit-internal-modes-beta7/InternalModes-2.0.0-beta.7/@IMProjection/initializeProjection.m>initializeProjection","IMProjection.initializeProjection",/Users/jearly/Documents/OceanKitRepositories/oceankit-internal-modes-beta7/InternalModes-2.0.0-beta.7/@IMProjection/initializeProjection.m,M-function,8,0.0161116250282932,0.00807312501417701,0.0080385000141162,0.00201395312853665,0.00100481250176453,0.498925465308434,0,0,4,1,46,0,0,1
"/Applications/MATLAB_R2026a.app/toolbox/matlab/ops/union.m>unionR2012a","union>unionR2012a",/Applications/MATLAB_R2026a.app/toolbox/matlab/ops/union.m,M-subfunction,572,0.0197067083679398,0.0158865416945646,0.00382016667337516,3.44522873565381e-05,6.67861306534119e-06,0.193851078630162,0,0,1,1,18,0,1,0
"/Users/jearly/Documents/OceanKitRepositories/oceankit-internal-modes-beta7/InternalModes-2.0.0-beta.7/@IMBasisCollection/IMBasisCollection.m>IMBasisCollection.describeBasis","IMBasisCollection.IMBasisCollection>IMBasisCollection.describeBasis",/Users/jearly/Documents/OceanKitRepositories/oceankit-internal-modes-beta7/InternalModes-2.0.0-beta.7/@IMBasisCollection/IMBasisCollection.m,M-method,1140,0.0501632084214237,0.0130479583562465,0.0371152500651772,4.40028144047576e-05,3.25572368992782e-05,0.739889876129335,0,0,1,1,18,0,0,1
"/private/tmp/wvm42-before/+WVInternal/buildFreeSurfaceWaveState.m>buildFreeSurfaceWaveState","buildFreeSurfaceWaveState",/private/tmp/wvm42-before/+WVInternal/buildFreeSurfaceWaveState.m,M-function,1,5.83602013524849,5.72949801006143,0.106522125187061,5.83602013524849,0.106522125187061,0.0182525287299279,0,0,7,1,46,0,0,1
"/private/tmp/wvm42-before/+WVInternal/prepareWaveModeConvergenceBatches.m>preparePlan","prepareWaveModeConvergenceBatches>preparePlan",/private/tmp/wvm42-before/+WVInternal/prepareWaveModeConvergenceBatches.m,M-subfunction,2,1.95284500342934,1.9262457950493,0.0265992083800437,0.976422501714671,0.0132996041900219,0.013620747337005,0,0,6,1,22,0,0,1
"/private/tmp/wvm42-before/+WVInternal/prepareWaveModeConvergenceBatches.m>prepareChunk","prepareWaveModeConvergenceBatches>prepareChunk",/private/tmp/wvm42-before/+WVInternal/prepareWaveModeConvergenceBatches.m,M-subfunction,72,0.344788750605475,0.132939166900118,0.211849583705357,0.00478873264729826,0.00294235532924107,0.614432992182411,0,0,6,1,50,0,0,1
"/private/tmp/wvm42-before/+WVInternal/summarizeModeConvergence.m>summarizeModeConvergence","summarizeModeConvergence",/private/tmp/wvm42-before/+WVInternal/summarizeModeConvergence.m,M-function,570,0.191552625336381,0.128600625225832,0.0629520001105484,0.000336057237432247,0.000110442105457102,0.328640758642697,0,0,5,1,22,0,0,1
"/Applications/MATLAB_R2026a.app/toolbox/matlab/ops/intersect.m>intersectR2012a","intersect>intersectR2012a",/Applications/MATLAB_R2026a.app/toolbox/matlab/ops/intersect.m,M-subfunction,9,0.00802783334743081,0.00642537501128344,0.00160245833614737,0.000891981483047867,0.000178050926238597,0.199612805447713,0,0,2,1,26,0,1,0
"/private/tmp/wvm42-before/@WVTransformFreeSurfaceBoussinesq/operationForKnownVariable.m>operationForKnownVariable","WVTransformFreeSurfaceBoussinesq.operationForKnownVariable",/private/tmp/wvm42-before/@WVTransformFreeSurfaceBoussinesq/operationForKnownVariable.m,M-function,7,0.050421000088543,0.0317789583891395,0.0186420416994035,0.007203000012649,0.0026631488142005,0.369727725881412,0,0,6,2,56,0,0,1
"/private/tmp/wvm42-before/@WVTransform/addOperation.m>addOperation","WVTransform.addOperation",/private/tmp/wvm42-before/@WVTransform/addOperation.m,M-function,7,0.0840842084809915,0.0670110417843431,0.0170731666966484,0.0120120297829988,0.00243902381380692,0.20304843210254,0,0,11,2,65,0,0,1
"/Applications/MATLAB_R2026a.app/toolbox/matlab/ops/ismember.m>ismember","ismember",/Applications/MATLAB_R2026a.app/toolbox/matlab/ops/ismember.m,M-function,33066,0.783071459708465,0.511641542565147,0.271429917143318,2.36820740249339e-05,8.20873154126044e-06,0.346622155332248,0,0,1,24,19,0,1,0
"/Applications/MATLAB_R2026a.app/toolbox/matlab/mathvalidator/mustBeMember.m>mustBeMember","mustBeMember",/Applications/MATLAB_R2026a.app/toolbox/matlab/mathvalidator/mustBeMember.m,M-function,55596,0.0953178335007185,0.00694575001219725,0.0883720834885213,1.71447286676593e-06,1.58954031744229e-06,0.92713063487595,0,0,1,39,8,0,1,0
"/Users/jearly/Documents/OceanKitRepositories/chebfun/@chebfun/feval.m>columnFeval","chebfun.feval>columnFeval",/Users/jearly/Documents/OceanKitRepositories/chebfun/@chebfun/feval.m,M-subfunction,17508,1.40017671079215,1.25291200220021,0.147264708591941,7.99735384276986e-05,8.41128104820317e-06,0.105175802066174,0,0,2,1,29,0,1,0
"/Users/jearly/Documents/OceanKitRepositories/oceankit-internal-modes-beta7/InternalModes-2.0.0-beta.7/@IMInternalModesBasis/IMInternalModesBasis.m>IMInternalModesBasis.canonicalDiscreteVariables","IMInternalModesBasis.IMInternalModesBasis>IMInternalModesBasis.canonicalDiscreteVariables",/Users/jearly/Documents/OceanKitRepositories/oceankit-internal-modes-beta7/InternalModes-2.0.0-beta.7/@IMInternalModesBasis/IMInternalModesBasis.m,M-method,6,0.00555862500976136,0.00488287500857469,0.000675750001186668,0.000926437501626893,0.000112625000197778,0.121567833771841,0,0,1,2,6,0,0,1
"/private/tmp/wvm42-before/+WVInternal/compareResolvedModes.m>compareResolvedModes","compareResolvedModes",/private/tmp/wvm42-before/+WVInternal/compareResolvedModes.m,M-function,2,0.249651292105073,0.237362250416826,0.0122890416882471,0.124825646052536,0.00614452084412356,0.0492248270963282,0,0,12,1,17,0,0,1
"/Users/jearly/Documents/OceanKitRepositories/oceankit-internal-modes-beta7/InternalModes-2.0.0-beta.7/@IMGeostrophicZeroAPVModesBasis/IMGeostrophicZeroAPVModesBasis.m>IMGeostrophicZeroAPVModesBasis.formCanonicalQuadraticMatrices","IMGeostrophicZeroAPVModesBasis.IMGeostrophicZeroAPVModesBasis>IMGeostrophicZeroAPVModesBasis.formCanonicalQuadraticMatrices",/Users/jearly/Documents/OceanKitRepositories/oceankit-internal-modes-beta7/InternalModes-2.0.0-beta.7/@IMGeostrophicZeroAPVModesBasis/IMGeostrophicZeroAPVModesBasis.m,M-method,2,1.35419141904473,1.33446425234342,0.019727166701309,0.677095709522364,0.00986358335065451,0.0145674875973036,0,0,5,1,41,0,0,1
"/private/tmp/wvm42-before/+WVInternal/assessFreeSurfaceBoundaryGrid.m>assessFreeSurfaceBoundaryGrid","assessFreeSurfaceBoundaryGrid",/private/tmp/wvm42-before/+WVInternal/assessFreeSurfaceBoundaryGrid.m,M-function,1,1.51279437765658,1.48886458594789,0.0239297917086896,1.51279437765658,0.0239297917086896,0.0158182711822068,0,0,14,1,34,0,0,1
"/Users/jearly/Documents/OceanKitRepositories/oceankit-internal-modes-beta7/InternalModes-2.0.0-beta.7/@IMBasisCollection/evaluateChunks.m>prepareNativeGroups","IMBasisCollection.evaluateChunks>prepareNativeGroups",/Users/jearly/Documents/OceanKitRepositories/oceankit-internal-modes-beta7/InternalModes-2.0.0-beta.7/@IMBasisCollection/evaluateChunks.m,M-subfunction,3,2.00203400351572,1.97713033680532,0.0249036667103992,0.667344667838574,0.00830122223679974,0.0124391826845431,0,0,3,1,22,0,0,1
"/private/tmp/wvm42-before/@WVTransformFreeSurfaceBoussinesq/WVTransformFreeSurfaceBoussinesq.m>WVTransformFreeSurfaceBoussinesq.validateCoefficient","WVTransformFreeSurfaceBoussinesq.WVTransformFreeSurfaceBoussinesq>WVTransformFreeSurfaceBoussinesq.validateCoefficient",/private/tmp/wvm42-before/@WVTransformFreeSurfaceBoussinesq/WVTransformFreeSurfaceBoussinesq.m,M-method,6,0.00273625000480506,0.00111650000196066,0.0016197500028444,0.00045604166746751,0.0002699583338074,0.591959798994975,0,0,2,6,12,0,0,1
"/private/tmp/wvm42-before/WVFlowComponent.m>WVFlowComponent.WVFlowComponent","WVFlowComponent>WVFlowComponent.WVFlowComponent",/private/tmp/wvm42-before/WVFlowComponent.m,M-method,6,0.0236722500415702,0.0176352083643021,0.00603704167726816,0.00394537500692837,0.00100617361287803,0.255026102996828,0,0,3,1,25,0,0,1
"/private/tmp/wvm42-before/WVFlowComponent.m>WVFlowComponent.get.coefficientMasks","WVFlowComponent>WVFlowComponent.get.coefficientMasks",/private/tmp/wvm42-before/WVFlowComponent.m,M-method,6,0.0149605416929385,0.0120411250211451,0.00291941667179338,0.00249342361548975,0.000486569445298897,0.195141107301708,0,0,2,1,12,0,0,1
"/private/tmp/wvm42-before/FastTransforms/WVFourierStorageLayout.m>WVFourierStorageLayout.WVFourierStorageLayout","WVFourierStorageLayout>WVFourierStorageLayout.WVFourierStorageLayout",/private/tmp/wvm42-before/FastTransforms/WVFourierStorageLayout.m,M-method,2,0.0148954166928241,0.0133500000234436,0.00154541666938053,0.00744770834641206,0.000772708334690266,0.10375115387843,0,0,9,1,25,0,0,1
"/Users/jearly/Documents/OceanKitRepositories/oceankit-internal-modes-beta7/InternalModes-2.0.0-beta.7/@IMEigenvalueProblem/IMEigenvalueProblem.m>IMEigenvalueProblem.weightForBoundary","IMEigenvalueProblem.IMEigenvalueProblem>IMEigenvalueProblem.weightForBoundary",/Users/jearly/Documents/OceanKitRepositories/oceankit-internal-modes-beta7/InternalModes-2.0.0-beta.7/@IMEigenvalueProblem/IMEigenvalueProblem.m,M-method,2288,0.122345958548182,0.101760375178699,0.0205855833694831,5.34728839808487e-05,8.99719552862025e-06,0.1682571587469,0,0,4,1,17,0,0,1
"/Users/jearly/Documents/OceanKitRepositories/oceankit-internal-modes-beta7/InternalModes-2.0.0-beta.7/@IMBoundaryCondition/IMBoundaryCondition.m>IMBoundaryCondition.endpointWeightCoefficient","IMBoundaryCondition.IMBoundaryCondition>IMBoundaryCondition.endpointWeightCoefficient",/Users/jearly/Documents/OceanKitRepositories/oceankit-internal-modes-beta7/InternalModes-2.0.0-beta.7/@IMBoundaryCondition/IMBoundaryCondition.m,M-method,3432,0.0600395417721006,0.0490809584195232,0.0109585833525774,1.74940389778848e-05,3.19306041741766e-06,0.182522767981379,0,0,3,2,10,0,0,1
"/Users/jearly/Documents/OceanKitRepositories/oceankit-internal-modes-beta7/InternalModes-2.0.0-beta.7/@IMBoundaryCondition/IMBoundaryCondition.m>IMBoundaryCondition.determinant","IMBoundaryCondition.IMBoundaryCondition>IMBoundaryCondition.determinant",/Users/jearly/Documents/OceanKitRepositories/oceankit-internal-modes-beta7/InternalModes-2.0.0-beta.7/@IMBoundaryCondition/IMBoundaryCondition.m,M-method,4576,0.0479977500842876,0.0355005000623415,0.0124972500219461,1.04890188121258e-05,2.73104239990081e-06,0.260371579917809,0,0,3,2,6,0,0,1
"/Users/jearly/Documents/OceanKitRepositories/oceankit-internal-modes-beta7/InternalModes-2.0.0-beta.7/@IMBoundaryCondition/IMBoundaryCondition.m>IMBoundaryCondition.endpointSign","IMBoundaryCondition.IMBoundaryCondition>IMBoundaryCondition.endpointSign",/Users/jearly/Documents/OceanKitRepositories/oceankit-internal-modes-beta7/InternalModes-2.0.0-beta.7/@IMBoundaryCondition/IMBoundaryCondition.m,M-method,4580,0.0221906667056351,0.013093041689659,0.00909762501597611,4.84512373485483e-06,1.98638100785505e-06,0.409975289911675,0,0,2,2,10,0,0,1
"/Users/jearly/Documents/OceanKitRepositories/oceankit-internal-modes-beta7/InternalModes-2.0.0-beta.7/@IMEigenvalueProblem/IMEigenvalueProblem.m>IMEigenvalueProblem.applyBoundaryRow","IMEigenvalueProblem.IMEigenvalueProblem>IMEigenvalueProblem.applyBoundaryRow",/Users/jearly/Documents/OceanKitRepositories/oceankit-internal-modes-beta7/InternalModes-2.0.0-beta.7/@IMEigenvalueProblem/IMEigenvalueProblem.m,M-method,12,0.00455258334132801,0.000677916667857139,0.00387466667347087,0.000379381945110667,0.000322888889455906,0.85109187091578,0,0,4,1,16,0,0,1
"/Users/jearly/Documents/OceanKitRepositories/oceankit-internal-modes-beta7/InternalModes-2.0.0-beta.7/@IMEigenvalueProblem/IMEigenvalueProblem.m>IMEigenvalueProblem.endpointWeights","IMEigenvalueProblem.IMEigenvalueProblem>IMEigenvalueProblem.endpointWeights",/Users/jearly/Documents/OceanKitRepositories/oceankit-internal-modes-beta7/InternalModes-2.0.0-beta.7/@IMEigenvalueProblem/IMEigenvalueProblem.m,M-method,16074,0.114939583535176,0.0577140834346836,0.0572255001004922,7.15065220450266e-06,3.56012816352446e-06,0.497874608036831,0,0,2,3,14,0,0,1
"/Users/jearly/Documents/OceanKitRepositories/oceankit-internal-modes-beta7/InternalModes-2.0.0-beta.7/@IMEigenvalueProblem/IMEigenvalueProblem.m>IMEigenvalueProblem.isDegenerateEndpointMetric","IMEigenvalueProblem.IMEigenvalueProblem>IMEigenvalueProblem.isDegenerateEndpointMetric",/Users/jearly/Documents/OceanKitRepositories/oceankit-internal-modes-beta7/InternalModes-2.0.0-beta.7/@IMEigenvalueProblem/IMEigenvalueProblem.m,M-method,3432,0.161667166950566,0.146042208589794,0.0156249583607719,4.71058178760391e-05,4.55272679509672e-06,0.0966489278899138,0,0,4,2,7,0,0,1
"/Users/jearly/Documents/OceanKitRepositories/oceankit-internal-modes-beta7/InternalModes-2.0.0-beta.7/@IMBoundaryCondition/IMBoundaryCondition.m>IMBoundaryCondition.robinEnergyCoefficient","IMBoundaryCondition.IMBoundaryCondition>IMBoundaryCondition.robinEnergyCoefficient",/Users/jearly/Documents/OceanKitRepositories/oceankit-internal-modes-beta7/InternalModes-2.0.0-beta.7/@IMBoundaryCondition/IMBoundaryCondition.m,M-method,4,0.00148591666927605,0.000183083333654841,0.00130283333562121,0.000371479167319012,0.000325708333905301,0.876787617071393,0,0,3,1,8,0,0,1
"/Users/jearly/Documents/OceanKitRepositories/oceankit-internal-modes-beta7/InternalModes-2.0.0-beta.7/@IMInternalModes/IMInternalModes.m>IMInternalModes.innerProduct","IMInternalModes.IMInternalModes>IMInternalModes.innerProduct",/Users/jearly/Documents/OceanKitRepositories/oceankit-internal-modes-beta7/InternalModes-2.0.0-beta.7/@IMInternalModes/IMInternalModes.m,M-method,6904,0.739517209631981,0.646784959469136,0.0927322501628447,0.000107114311939742,1.34316700699369e-05,0.125395662136102,0,0,7,8,29,0,0,1
"/Users/jearly/Documents/OceanKitRepositories/oceankit-internal-modes-beta7/InternalModes-2.0.0-beta.7/IMHydrostaticInnerProductCatalog.m>IMHydrostaticInnerProductCatalog.resolve","IMHydrostaticInnerProductCatalog>IMHydrostaticInnerProductCatalog.resolve",/Users/jearly/Documents/OceanKitRepositories/oceankit-internal-modes-beta7/InternalModes-2.0.0-beta.7/IMHydrostaticInnerProductCatalog.m,M-method,11,0.00895200001572038,0.00565483334326364,0.00329716667245674,0.000813818183247307,0.000299742424768794,0.368316204944891,0,0,4,1,22,0,0,1
"/Users/jearly/Documents/OceanKitRepositories/oceankit-internal-modes-beta7/InternalModes-2.0.0-beta.7/@IMInternalModes/IMInternalModes.m>IMInternalModes.majorantInnerProduct","IMInternalModes.IMInternalModes>IMInternalModes.majorantInnerProduct",/Users/jearly/Documents/OceanKitRepositories/oceankit-internal-modes-beta7/InternalModes-2.0.0-beta.7/@IMInternalModes/IMInternalModes.m,M-method,7,0.00596245834380385,0.00356662500626326,0.00239583333754059,0.000851779763400551,0.000342261905362942,0.401819719215368,0,0,4,1,18,0,0,1
"/Users/jearly/Documents/OceanKitRepositories/oceankit-internal-modes-beta7/InternalModes-2.0.0-beta.7/@IMInternalModesDiscreteTransform/IMInternalModesDiscreteTransform.m>IMInternalModesDiscreteTransform.inverseMatrix","IMInternalModesDiscreteTransform.IMInternalModesDiscreteTransform>IMInternalModesDiscreteTransform.inverseMatrix",/Users/jearly/Documents/OceanKitRepositories/oceankit-internal-modes-beta7/InternalModes-2.0.0-beta.7/@IMInternalModesDiscreteTransform/IMInternalModesDiscreteTransform.m,M-method,9,0.00205804167028074,0.00017841666697998,0.00187962500330076,0.00022867129669786,0.000208847222588973,0.913307553701942,0,0,2,2,6,0,0,1
"/Users/jearly/Documents/OceanKitRepositories/oceankit-internal-modes-beta7/InternalModes-2.0.0-beta.7/@IMInternalModesDiscreteTransform/IMInternalModesDiscreteTransform.m>IMInternalModesDiscreteTransform.metricMatrix","IMInternalModesDiscreteTransform.IMInternalModesDiscreteTransform>IMInternalModesDiscreteTransform.metricMatrix",/Users/jearly/Documents/OceanKitRepositories/oceankit-internal-modes-beta7/InternalModes-2.0.0-beta.7/@IMInternalModesDiscreteTransform/IMInternalModesDiscreteTransform.m,M-method,5,0.00236683333748967,0.000373916667323292,0.00199291667016638,0.000473366667497934,0.000398583334033275,0.842018167734667,0,0,3,1,7,0,0,1
"/Users/jearly/Documents/OceanKitRepositories/oceankit-internal-modes-beta7/InternalModes-2.0.0-beta.7/@IMInternalModesDiscreteTransform/IMInternalModesDiscreteTransform.m>IMInternalModesDiscreteTransform.gramMatrix","IMInternalModesDiscreteTransform.IMInternalModesDiscreteTransform>IMInternalModesDiscreteTransform.gramMatrix",/Users/jearly/Documents/OceanKitRepositories/oceankit-internal-modes-beta7/InternalModes-2.0.0-beta.7/@IMInternalModesDiscreteTransform/IMInternalModesDiscreteTransform.m,M-method,5,0.00198716667015628,0.000236333333748352,0.00175083333640793,0.000397433334031256,0.000350166667281585,0.881070200452906,0,0,3,1,7,0,0,1
"/Users/jearly/Documents/OceanKitRepositories/oceankit-internal-modes-beta7/InternalModes-2.0.0-beta.7/@IMInternalModesDiscreteTransform/IMInternalModesDiscreteTransform.m>IMInternalModesDiscreteTransform.targetGramMatrix","IMInternalModesDiscreteTransform.IMInternalModesDiscreteTransform>IMInternalModesDiscreteTransform.targetGramMatrix",/Users/jearly/Documents/OceanKitRepositories/oceankit-internal-modes-beta7/InternalModes-2.0.0-beta.7/@IMInternalModesDiscreteTransform/IMInternalModesDiscreteTransform.m,M-method,5,0.0019262083367159,0.000188958333665158,0.00173725000305074,0.00038524166734318,0.000347450000610148,0.901901403880681,0,0,3,1,7,0,0,1
"/Users/jearly/Documents/OceanKitRepositories/oceankit-internal-modes-beta7/InternalModes-2.0.0-beta.7/@IMInternalModesDiscreteTransform/IMInternalModesDiscreteTransform.m>IMInternalModesDiscreteTransform.activeModeMask","IMInternalModesDiscreteTransform.IMInternalModesDiscreteTransform>IMInternalModesDiscreteTransform.activeModeMask",/Users/jearly/Documents/OceanKitRepositories/oceankit-internal-modes-beta7/InternalModes-2.0.0-beta.7/@IMInternalModesDiscreteTransform/IMInternalModesDiscreteTransform.m,M-method,5,0.00190683333668187,0.000176416666976467,0.00173041666970541,0.000381366667336375,0.000346083333941081,0.907481863473473,0,0,3,1,7,0,0,1
"/Users/jearly/Documents/OceanKitRepositories/oceankit-internal-modes-beta7/InternalModes-2.0.0-beta.7/@IMBoundaryCondition/IMBoundaryCondition.m>IMBoundaryCondition.endpointNumeratorMatrix","IMBoundaryCondition.IMBoundaryCondition>IMBoundaryCondition.endpointNumeratorMatrix",/Users/jearly/Documents/OceanKitRepositories/oceankit-internal-modes-beta7/InternalModes-2.0.0-beta.7/@IMBoundaryCondition/IMBoundaryCondition.m,M-method,1144,0.0199292083683305,0.0140145000246105,0.00591470834372,1.74206366856036e-05,5.17019960115385e-06,0.296785915145484,0,0,3,1,7,0,0,1
"/Users/jearly/Documents/OceanKitRepositories/oceankit-internal-modes-beta7/InternalModes-2.0.0-beta.7/@IMMeanDensityAnomalyModes/IMMeanDensityAnomalyModes.m>IMMeanDensityAnomalyModes.innerProduct","IMMeanDensityAnomalyModes.IMMeanDensityAnomalyModes>IMMeanDensityAnomalyModes.innerProduct",/Users/jearly/Documents/OceanKitRepositories/oceankit-internal-modes-beta7/InternalModes-2.0.0-beta.7/@IMMeanDensityAnomalyModes/IMMeanDensityAnomalyModes.m,M-method,41,0.0170815416966631,0.015319041693568,0.00176250000309508,0.000416622968211296,4.29878049535385e-05,0.103181553187285,0,0,3,6,10,0,0,1
"/Users/jearly/Documents/OceanKitRepositories/oceankit-internal-modes-beta7/InternalModes-2.0.0-beta.7/@IMInternalModesBasis/IMInternalModesBasis.m>IMInternalModesBasis.innerProductNormFactors","IMInternalModesBasis.IMInternalModesBasis>IMInternalModesBasis.innerProductNormFactors",/Users/jearly/Documents/OceanKitRepositories/oceankit-internal-modes-beta7/InternalModes-2.0.0-beta.7/@IMInternalModesBasis/IMInternalModesBasis.m,M-method,2286,2.30092883737394,2.21331621222008,0.0876126251538545,0.00100653055003234,3.83257327882128e-05,0.0380770685867223,0,0,11,2,25,0,0,1
"/Users/jearly/Documents/OceanKitRepositories/oceankit-internal-modes-beta7/InternalModes-2.0.0-beta.7/@IMInternalModesDiscreteTransform/IMInternalModesDiscreteTransform.m>IMInternalModesDiscreteTransform.forwardMatrix","IMInternalModesDiscreteTransform.IMInternalModesDiscreteTransform>IMInternalModesDiscreteTransform.forwardMatrix",/Users/jearly/Documents/OceanKitRepositories/oceankit-internal-modes-beta7/InternalModes-2.0.0-beta.7/@IMInternalModesDiscreteTransform/IMInternalModesDiscreteTransform.m,M-method,3,0.000529250000929402,0.000113083333531916,0.000416166667397486,0.000176416666976467,0.000138722222465829,0.786332860966777,0,0,3,1,7,0,0,1
"/Users/jearly/Documents/OceanKitRepositories/oceankit-internal-modes-beta7/InternalModes-2.0.0-beta.7/@IMInternalModesDiscreteTransform/IMInternalModesDiscreteTransform.m>IMInternalModesDiscreteTransform.endpointValues","IMInternalModesDiscreteTransform.IMInternalModesDiscreteTransform>IMInternalModesDiscreteTransform.endpointValues",/Users/jearly/Documents/OceanKitRepositories/oceankit-internal-modes-beta7/InternalModes-2.0.0-beta.7/@IMInternalModesDiscreteTransform/IMInternalModesDiscreteTransform.m,M-method,2,0.000379875000667089,2.25833333729913e-05,0.000357291667294097,0.000189937500333544,0.000178645833647049,0.9405506197214,0,0,2,1,6,0,0,1
"/Users/jearly/Documents/OceanKitRepositories/oceankit-internal-modes-beta7/InternalModes-2.0.0-beta.7/@IMInternalModesDiscreteTransform/IMInternalModesDiscreteTransform.m>IMInternalModesDiscreteTransform.modeProjectionFunctional","IMInternalModesDiscreteTransform.IMInternalModesDiscreteTransform>IMInternalModesDiscreteTransform.modeProjectionFunctional",/Users/jearly/Documents/OceanKitRepositories/oceankit-internal-modes-beta7/InternalModes-2.0.0-beta.7/@IMInternalModesDiscreteTransform/IMInternalModesDiscreteTransform.m,M-method,2,0.000489250000859159,7.78333334700145e-05,0.000411416667389145,0.00024462500042958,0.000205708333694572,0.840912962016692,0,0,3,1,12,0,0,1
"/Users/jearly/Documents/OceanKitRepositories/oceankit-internal-modes-beta7/InternalModes-2.0.0-beta.7/@IMInternalModesDiscreteTransform/IMInternalModesDiscreteTransform.m>IMInternalModesDiscreteTransform.channelDiagnostics","IMInternalModesDiscreteTransform.IMInternalModesDiscreteTransform>IMInternalModesDiscreteTransform.channelDiagnostics",/Users/jearly/Documents/OceanKitRepositories/oceankit-internal-modes-beta7/InternalModes-2.0.0-beta.7/@IMInternalModesDiscreteTransform/IMInternalModesDiscreteTransform.m,M-method,3,0.00175904166975567,0.00114333333534111,0.000615708334414563,0.000586347223251892,0.000205236111471521,0.350024871497264,0,0,4,1,7,0,0,1
"/private/tmp/wvm42-before/WVVariableAnnotation.m>WVVariableAnnotation.WVVariableAnnotation","WVVariableAnnotation>WVVariableAnnotation.WVVariableAnnotation",/private/tmp/wvm42-before/WVVariableAnnotation.m,M-method,207,0.0608850834402521,0.0455004167465688,0.0153846666936833,0.000294130837875614,7.43220613221415e-05,0.252683675941425,0,0,2,4,10,0,0,1
"/private/tmp/wvm42-before/WVCoefficientAnnotation.m>WVCoefficientAnnotation.WVCoefficientAnnotation","WVCoefficientAnnotation>WVCoefficientAnnotation.WVCoefficientAnnotation",/private/tmp/wvm42-before/WVCoefficientAnnotation.m,M-method,90,0.0550705417633746,0.0294818333851056,0.025588708378269,0.00061189490848194,0.000284318981980767,0.464653289379606,0,0,3,2,34,0,0,1
"/private/tmp/wvm42-before/ArgumentValidationFunctions/mustBeSupportedLatitude.m>mustBeSupportedLatitude","mustBeSupportedLatitude",/private/tmp/wvm42-before/ArgumentValidationFunctions/mustBeSupportedLatitude.m,M-function,1,4.7125000082755e-05,2.10000000368776e-05,2.61250000458774e-05,4.7125000082755e-05,2.61250000458774e-05,0.554376657824934,0,0,2,1,3,0,0,1
"/Applications/MATLAB_R2026a.app/toolbox/matlab/mathvalidator/mustBeGreaterThanOrEqual.m>mustBeGreaterThanOrEqual","mustBeGreaterThanOrEqual",/Applications/MATLAB_R2026a.app/toolbox/matlab/mathvalidator/mustBeGreaterThanOrEqual.m,M-function,14,0.000193000000338922,0,0.000193000000338922,1.3785714309923e-05,1.3785714309923e-05,1,1,0,0,4,6,0,1,0
"/Applications/MATLAB_R2026a.app/toolbox/matlab/mathvalidator/mustBeLessThanOrEqual.m>mustBeLessThanOrEqual","mustBeLessThanOrEqual",/Applications/MATLAB_R2026a.app/toolbox/matlab/mathvalidator/mustBeLessThanOrEqual.m,M-function,1717,0.00338495833927757,0,0.00338495833927757,1.97143758839696e-06,1.97143758839696e-06,1,1,0,0,3,6,0,1,0
"/Applications/MATLAB_R2026a.app/toolbox/matlab/mathvalidator/mustBeGreaterThan.m>mustBeGreaterThan","mustBeGreaterThan",/Applications/MATLAB_R2026a.app/toolbox/matlab/mathvalidator/mustBeGreaterThan.m,M-function,1,1.9875000034902e-05,0,1.9875000034902e-05,1.9875000034902e-05,1.9875000034902e-05,1,1,0,0,1,6,0,1,0
"/Users/jearly/Documents/OceanKitRepositories/chebfun/@chebfunpref/chebfunpref.m>chebfunpref.chebfunpref","chebfunpref.chebfunpref>chebfunpref.chebfunpref",/Users/jearly/Documents/OceanKitRepositories/chebfun/@chebfunpref/chebfunpref.m,M-method,171,0.00562662500988077,0.00083816666813855,0.00478845834174222,3.29042398238642e-05,2.80026803610656e-05,0.851035626744866,0,0,1,9,16,0,1,0
"/Users/jearly/Documents/OceanKitRepositories/chebfun/@chebfunpref/chebfunpref.m>chebfunpref.manageDefaultPrefs","chebfunpref.chebfunpref>chebfunpref.manageDefaultPrefs",/Users/jearly/Documents/OceanKitRepositories/chebfun/@chebfunpref/chebfunpref.m,M-method,49,0.00083816666813855,0,0.00083816666813855,1.71054422069092e-05,1.71054422069092e-05,1,1,0,0,1,7,0,1,0
"/Users/jearly/Documents/OceanKitRepositories/chebfun/@chebfun/chebfun.m>parseInputs","chebfun.chebfun>parseInputs",/Users/jearly/Documents/OceanKitRepositories/chebfun/@chebfun/chebfun.m,M-subfunction,24,0.0128335833558701,0.00693937501218606,0.005894208343684,0.000534732639827919,0.000245592014320167,0.459280014025701,0,0,3,1,58,0,1,0
"/Users/jearly/Documents/OceanKitRepositories/chebfun/@fun/fun.m>fun.constructor","fun.fun>fun.constructor",/Users/jearly/Documents/OceanKitRepositories/chebfun/@fun/fun.m,M-method,24,0.064297208446244,0.062627583443312,0.00166962500293197,0.00267905035192683,6.95677084554987e-05,0.0259673015870956,0,0,2,1,13,0,1,0
"/Users/jearly/Documents/OceanKitRepositories/chebfun/@classicfun/classicfun.m>classicfun.constructor","classicfun.classicfun>classicfun.constructor",/Users/jearly/Documents/OceanKitRepositories/chebfun/@classicfun/classicfun.m,M-method,24,0.0618131667752152,0.0599787084386604,0.00183445833655479,0.00257554861563397,7.64357640231162e-05,0.0296774689319159,0,0,3,1,13,0,1,0
"/Users/jearly/Documents/OceanKitRepositories/chebfun/@bndfun/bndfun.m>bndfun.bndfun","bndfun.bndfun>bndfun.bndfun",/Users/jearly/Documents/OceanKitRepositories/chebfun/@bndfun/bndfun.m,M-method,24,0.0594872084377973,0.0550204584299534,0.00446675000784393,0.00247863368490822,0.000186114583660164,0.0750875713476214,0,0,4,1,22,0,1,0
"/Users/jearly/Documents/OceanKitRepositories/chebfun/@onefun/onefun.m>onefun.constructor","onefun.onefun>onefun.constructor",/Users/jearly/Documents/OceanKitRepositories/chebfun/@onefun/onefun.m,M-method,24,0.0523825417586543,0.0500202500878393,0.00236229167081503,0.0021826059066106,9.8428819617293e-05,0.0450969271727779,0,0,3,1,15,0,1,0
"/Users/jearly/Documents/OceanKitRepositories/chebfun/@smoothfun/smoothfun.m>smoothfun.constructor","smoothfun.smoothfun>smoothfun.constructor",/Users/jearly/Documents/OceanKitRepositories/chebfun/@smoothfun/smoothfun.m,M-method,24,0.0491396667529596,0.0461200000809902,0.00301966667196942,0.00204748611470665,0.000125819444665393,0.061450694957909,0,0,3,1,12,0,1,0
"/Users/jearly/Documents/OceanKitRepositories/chebfun/@chebfun/diff.m>diffContinuousDim","chebfun.diff>diffContinuousDim",/Users/jearly/Documents/OceanKitRepositories/chebfun/@chebfun/diff.m,M-subfunction,23,0.0178959166980932,0.0136337083572751,0.00426220834081809,0.000778083334699706,0.000185313406122526,0.238166527746087,0,0,7,1,23,0,1,0
"/Users/jearly/Documents/OceanKitRepositories/chebfun/@chebfun/log.m>log","chebfun.log",/Users/jearly/Documents/OceanKitRepositories/chebfun/@chebfun/log.m,M-function,2,0.0136762916906833,0.0134357083569274,0.000240583333755815,0.00683814584534163,0.000120291666877908,0.017591269563204,0,0,3,1,6,0,1,0
"/Users/jearly/Documents/OceanKitRepositories/chebfun/@bndfun/compose.m>compose","bndfun.compose",/Users/jearly/Documents/OceanKitRepositories/chebfun/@bndfun/compose.m,M-function,2,0.00636283334450694,0.00614650001079371,0.000216333333713231,0.00318141667225347,0.000108166666856615,0.0339995285119313,0,0,2,1,12,0,1,0
"/Users/jearly/Documents/OceanKitRepositories/chebfun/@chebfunpref/chebfunpref.m>chebfunpref.mergeTechPrefs","chebfunpref.chebfunpref>chebfunpref.mergeTechPrefs",/Users/jearly/Documents/OceanKitRepositories/chebfun/@chebfunpref/chebfunpref.m,M-method,54,0.00332400000583719,0.00216329167046557,0.00116070833537162,6.15555556636517e-05,2.14945988031782e-05,0.349190232651424,0,1,3,1,9,0,1,0
"/Users/jearly/Documents/OceanKitRepositories/chebfun/@chebpref/chebpref.m>chebpref.mergePrefStructs","chebpref.chebpref>chebpref.mergePrefStructs",/Users/jearly/Documents/OceanKitRepositories/chebfun/@chebpref/chebpref.m,M-method,56,0.00204070833691697,0,0.00204070833691697,3.64412203020887e-05,3.64412203020887e-05,1,1,0,0,1,4,0,1,0
"/Users/jearly/Documents/OceanKitRepositories/chebfun/@chebtech2/chebtech2.m>chebtech2.chebtech2","chebtech2.chebtech2>chebtech2.chebtech2",/Users/jearly/Documents/OceanKitRepositories/chebfun/@chebtech2/chebtech2.m,M-method,80,0.049937500087694,0.0441166667441388,0.00582083334355515,0.000624218751096175,7.27604167944393e-05,0.116562369628702,0,1,3,4,24,0,1,0
"/Users/jearly/Documents/OceanKitRepositories/chebfun/@chebtech/happinessCheck.m>happinessCheck","chebtech.happinessCheck",/Users/jearly/Documents/OceanKitRepositories/chebfun/@chebtech/happinessCheck.m,M-function,36,0.0182201250319959,0.0140261666912977,0.00419395834069823,0.000506114584222108,0.000116498842797173,0.230182742068637,0,0,4,1,19,0,1,0
"/Users/jearly/Documents/OceanKitRepositories/chebfun/@chebtech/parseDataInputs.m>parseDataInputs","chebtech.parseDataInputs",/Users/jearly/Documents/OceanKitRepositories/chebfun/@chebtech/parseDataInputs.m,M-function,90,0.0012282500021569,0,0.0012282500021569,1.36472222461878e-05,1.36472222461878e-05,1,1,0,0,2,7,0,1,0
"/Users/jearly/Documents/OceanKitRepositories/chebfun/@chebtech2/refine.m>refineResampling","chebtech2.refine>refineResampling",/Users/jearly/Documents/OceanKitRepositories/chebfun/@chebtech2/refine.m,M-subfunction,24,0.00330554167247144,0.00199879167017669,0.00130675000229475,0.000137730903019643,5.44479167622813e-05,0.39532098874365,0,0,2,1,13,0,1,0
"/Users/jearly/Documents/OceanKitRepositories/chebfun/@chebtech2/refine.m>refineNested","chebtech2.refine>refineNested",/Users/jearly/Documents/OceanKitRepositories/chebfun/@chebtech2/refine.m,M-subfunction,34,0.00560187500983731,0.00395762500694988,0.00164425000288743,0.000164761029701097,4.83602942025714e-05,0.293517795381011,0,0,3,1,14,0,1,0
"/Users/jearly/Documents/OceanKitRepositories/chebfun/@chebtech/points.m>points","chebtech.points",/Users/jearly/Documents/OceanKitRepositories/chebfun/@chebtech/points.m,M-function,22,0.00127608333557423,0.000710333334580732,0.000565750000993499,5.80037879806468e-05,2.57159091360681e-05,0.443348788610984,0,0,2,1,2,0,1,0
"/Users/jearly/Documents/OceanKitRepositories/chebfun/@chebtech2/chebpts.m>chebpts","chebtech2.chebpts",/Users/jearly/Documents/OceanKitRepositories/chebfun/@chebtech2/chebpts.m,M-function,56,0.00145495833588835,0,0.00145495833588835,2.59813988551491e-05,2.59813988551491e-05,1,1,0,0,3,17,0,1,0
"/Users/jearly/Documents/OceanKitRepositories/chebfun/@bndfun/bndfun.m>@(x)op(linmap.For(x))","bndfun.bndfun>@(x)op(linmap.For(x))",/Users/jearly/Documents/OceanKitRepositories/chebfun/@bndfun/bndfun.m,M-anonymous-function,58,0.00205620833694419,0.000700375001229911,0.00135583333571428,3.54518678783481e-05,2.337643682266e-05,0.659385195242051,0,0,4,3,0,0,1,0
"/Users/jearly/Documents/OceanKitRepositories/chebfun/@classicfun/minandmax.m>minandmax","classicfun.minandmax",/Users/jearly/Documents/OceanKitRepositories/chebfun/@classicfun/minandmax.m,M-function,22,0.01860591669934,0.0174500416973102,0.0011558750020298,0.000845723486333638,5.25397728195362e-05,0.0621240555199732,0,0,2,1,3,0,1,0
"/Users/jearly/Documents/OceanKitRepositories/chebfun/@classicfun/roots.m>roots","classicfun.roots",/Users/jearly/Documents/OceanKitRepositories/chebfun/@classicfun/roots.m,M-function,2,0.00196095833677692,0.00166700000292738,0.000293958333849546,0.000980479168388461,0.000146979166924773,0.149905445891677,0,0,3,1,5,0,1,0
"/Users/jearly/Documents/OceanKitRepositories/chebfun/@mapping/mapping.m>@(y)b*(y+1)/2+a*(1-y)/2","mapping.mapping>@(y)b*(y+1)/2+a*(1-y)/2",/Users/jearly/Documents/OceanKitRepositories/chebfun/@mapping/mapping.m,M-anonymous-function,82,0.000388291667348536,0,0.000388291667348536,4.73526423595775e-06,4.73526423595775e-06,1,1,0,0,3,0,0,1,0
"/Users/jearly/Documents/OceanKitRepositories/chebfun/@chebfun/chebfun.m>vectorCheck","chebfun.chebfun>vectorCheck",/Users/jearly/Documents/OceanKitRepositories/chebfun/@chebfun/chebfun.m,M-subfunction,24,0.00167637500294384,0.00031070833387896,0.00136566666906488,6.98489584559933e-05,5.69027778777033e-05,0.814654636740984,0,0,3,1,14,0,1,0
"/Users/jearly/Documents/OceanKitRepositories/chebfun/@chebfun/getValuesAtBreakpoints.m>getValuesAtBreakpoints","chebfun.getValuesAtBreakpoints",/Users/jearly/Documents/OceanKitRepositories/chebfun/@chebfun/getValuesAtBreakpoints.m,M-function,68,0.0106917916854422,0.00634458334447489,0.00434720834096735,0.000157232230668268,6.39295344259905e-05,0.406593063993796,0,0,7,2,19,0,1,0
"/Applications/MATLAB_R2026a.app/toolbox/matlab/funfun/private/evaluateVectorizedFcn.m>evaluateVectorizedFcn","funfun/private/evaluateVectorizedFcn",/Applications/MATLAB_R2026a.app/toolbox/matlab/funfun/private/evaluateVectorizedFcn.m,M-function,65,0.00136654166906642,0.000207583333697865,0.00115895833536855,2.10237179856372e-05,1.78301282364392e-05,0.848095862426442,0,0,1,1,4,0,1,0
"/Users/jearly/Documents/OceanKitRepositories/oceankit-internal-modes-beta7/InternalModes-2.0.0-beta.7/@IMSolverSpectral/IMSolverSpectral.m>@(z)evp.N2(z)","IMSolverSpectral.IMSolverSpectral>@(z)evp.N2(z)",/Users/jearly/Documents/OceanKitRepositories/oceankit-internal-modes-beta7/InternalModes-2.0.0-beta.7/@IMSolverSpectral/IMSolverSpectral.m,M-anonymous-function,42,0.00121875000214022,0.000329333333911667,0.000889416668228549,2.90178571938147e-05,2.1176587338775e-05,0.729777777777778,0,0,1,1,0,0,0,1
"/Users/jearly/Documents/OceanKitRepositories/oceankit-internal-modes-beta7/InternalModes-2.0.0-beta.7/@IMInternalModes/IMInternalModes.m>@(z)self.N2(z)","IMInternalModes.IMInternalModes>@(z)self.N2(z)",/Users/jearly/Documents/OceanKitRepositories/oceankit-internal-modes-beta7/InternalModes-2.0.0-beta.7/@IMInternalModes/IMInternalModes.m,M-anonymous-function,2329,0.0104975000184344,0.00369220833981713,0.00680529167861726,4.50729927798815e-06,2.92198011104219e-06,0.648277367627213,0,0,1,5,0,0,0,1
"/private/tmp/wvm42-before/+WVInternal/evaluateResolvedModes.m>evaluateResolvedModes","evaluateResolvedModes",/private/tmp/wvm42-before/+WVInternal/evaluateResolvedModes.m,M-function,4,0.0794761668062327,0.0751854584653646,0.00429070834086813,0.0198690417015582,0.00107267708521703,0.0539873588937563,0,0,6,1,12,0,0,1
"/Users/jearly/Documents/OceanKitRepositories/oceankit-internal-modes-beta7/InternalModes-2.0.0-beta.7/@IMSolver/IMSolver.m>IMSolver.solveGeostrophicZeroAPVModes","IMSolver.IMSolver>IMSolver.solveGeostrophicZeroAPVModes",/Users/jearly/Documents/OceanKitRepositories/oceankit-internal-modes-beta7/InternalModes-2.0.0-beta.7/@IMSolver/IMSolver.m,M-method,2,2.09932746201991,2.02074571188191,0.0785817501379955,1.04966373100995,0.0392908750689978,0.0374318688054443,0,0,7,2,65,0,0,1
"/Applications/MATLAB_R2026a.app/toolbox/matlab/funfun/private/integralCalc.m>midpArea","funfun/private/integralCalc>midpArea",/Applications/MATLAB_R2026a.app/toolbox/matlab/funfun/private/integralCalc.m,M-subfunction,1,4.37500000768283e-05,1.16666666871542e-06,4.25833334081128e-05,4.37500000768283e-05,4.25833334081128e-05,0.973333333333333,0,0,1,1,8,0,1,0
"/Users/jearly/Documents/OceanKitRepositories/wvm-v5-construction-optimization/tools/quadratic-dealiasing-study/measureLegacyRemoval.m>@(z)1e-4*exp(2*z/700)","measureLegacyRemoval>@(z)1e-4*exp(2*z/700)",/Users/jearly/Documents/OceanKitRepositories/wvm-v5-construction-optimization/tools/quadratic-dealiasing-study/measureLegacyRemoval.m,M-anonymous-function,5320,0.00566145834327527,0,0.00566145834327527,1.06418389911189e-06,1.06418389911189e-06,1,1,0,0,18,0,0,1,0
"/Users/jearly/Documents/OceanKitRepositories/oceankit-internal-modes-beta7/InternalModes-2.0.0-beta.7/@IMSolverSpectral/IMSolverSpectral.m>@(z)sqrt(profileFunction(z))","IMSolverSpectral.IMSolverSpectral>@(z)sqrt(profileFunction(z))",/Users/jearly/Documents/OceanKitRepositories/oceankit-internal-modes-beta7/InternalModes-2.0.0-beta.7/@IMSolverSpectral/IMSolverSpectral.m,M-anonymous-function,42,0.00184562500324105,0.00121875000214022,0.000626875001100839,4.39434524581204e-05,1.49255952643057e-05,0.339654588554013,0,0,1,4,0,0,0,1
"/Users/jearly/Documents/OceanKitRepositories/oceankit-internal-modes-beta7/InternalModes-2.0.0-beta.7/@IMSolverSpectral/IMSolverSpectral.m>IMSolverSpectral.setupCoordinate","IMSolverSpectral.IMSolverSpectral>IMSolverSpectral.setupCoordinate",/Users/jearly/Documents/OceanKitRepositories/oceankit-internal-modes-beta7/InternalModes-2.0.0-beta.7/@IMSolverSpectral/IMSolverSpectral.m,M-method,21,0.273331292146657,0.260661750457741,0.0126695416889153,0.0130157758165075,0.000603311508995965,0.0463523279365956,0,0,9,2,20,0,0,1
"/Users/jearly/Documents/OceanKitRepositories/oceankit-internal-modes-beta7/InternalModes-2.0.0-beta.7/@IMSolverSpectral/IMSolverSpectral.m>@(z)ones(size(z))","IMSolverSpectral.IMSolverSpectral>@(z)ones(size(z))",/Users/jearly/Documents/OceanKitRepositories/oceankit-internal-modes-beta7/InternalModes-2.0.0-beta.7/@IMSolverSpectral/IMSolverSpectral.m,M-anonymous-function,70,0.000300000000526822,0,0.000300000000526822,4.28571429324032e-06,4.28571429324032e-06,1,1,0,0,4,0,0,0,1
"/Users/jearly/Documents/OceanKitRepositories/chebfun/@chebtech/sampleTest.m>sampleTest","chebtech.sampleTest",/Users/jearly/Documents/OceanKitRepositories/chebfun/@chebtech/sampleTest.m,M-function,24,0.0053692500094288,0.00378500000664674,0.00158425000278206,0.000223718750392867,6.60104167825859e-05,0.295059831447595,0,0,2,1,11,0,1,0
"/Users/jearly/Documents/OceanKitRepositories/chebfun/@chebtech2/refine.m>refine","chebtech2.refine",/Users/jearly/Documents/OceanKitRepositories/chebfun/@chebtech2/refine.m,M-function,36,0.00796554168065475,0.00624550001096756,0.00172004166968719,0.000221265046684854,4.77789352690886e-05,0.215935304671685,0,0,2,1,13,0,1,0
"/Users/jearly/Documents/OceanKitRepositories/chebfun/@chebtech/populate.m>populate","chebtech.populate",/Users/jearly/Documents/OceanKitRepositories/chebfun/@chebtech/populate.m,M-function,54,0.038695375067952,0.0306489167204884,0.00804645834746352,0.000716581019776888,0.000149008487915991,0.207943671132101,0,0,5,1,34,0,1,0
"/Users/jearly/Documents/OceanKitRepositories/chebfun/@chebtech/simplify.m>simplify","chebtech.simplify",/Users/jearly/Documents/OceanKitRepositories/chebfun/@chebtech/simplify.m,M-function,21,0.00534287500938249,0.00357429167294339,0.0017685833364391,0.000254422619494404,8.42182541161475e-05,0.331017164603951,0,0,7,1,23,0,1,0
"/Users/jearly/Documents/OceanKitRepositories/chebfun/@chebtech2/compose.m>composeResample1","chebtech2.compose>composeResample1",/Users/jearly/Documents/OceanKitRepositories/chebfun/@chebtech2/compose.m,M-subfunction,2,0.000535583334273858,0.000320666667229781,0.000214916667044076,0.000267791667136929,0.000107458333522038,0.401275867434262,0,0,3,1,14,0,1,0
"/Users/jearly/Documents/OceanKitRepositories/chebfun/@chebtech/prolong.m>prolong","chebtech.prolong",/Users/jearly/Documents/OceanKitRepositories/chebfun/@chebtech/prolong.m,M-function,49,0.00132733333566423,0,0.00132733333566423,2.7088435421719e-05,2.7088435421719e-05,1,1,0,0,3,14,0,1,0
"/Users/jearly/Documents/OceanKitRepositories/chebfun/@chebtech2/vals2coeffs.m>vals2coeffs","chebtech2.vals2coeffs",/Users/jearly/Documents/OceanKitRepositories/chebfun/@chebtech2/vals2coeffs.m,M-function,85,0.00297050000521642,0.000385333334010007,0.00258516667120641,3.4947058884899e-05,3.04137255436048e-05,0.870279975312798,0,0,1,2,17,0,1,0
"/Users/jearly/Documents/OceanKitRepositories/chebfun/@chebtech2/coeffs2vals.m>coeffs2vals","chebtech2.coeffs2vals",/Users/jearly/Documents/OceanKitRepositories/chebfun/@chebtech2/coeffs2vals.m,M-function,131,0.005511916676346,0.000826583334784875,0.00468533334156113,4.20756998194351e-05,3.57659033706956e-05,0.850037040956715,0,0,1,4,14,0,1,0
"/Users/jearly/Documents/OceanKitRepositories/chebfun/@chebtech/roots.m>roots_scalar/roots_main","chebtech.roots>roots_scalar/roots_main",/Users/jearly/Documents/OceanKitRepositories/chebfun/@chebtech/roots.m,M-nested-function,10,0.00234833333745718,6.9041666787909e-05,0.00227929167066927,0.000234833333745718,0.000227929167066927,0.970599716110717,0,0,1,1,31,0,1,0
"/Applications/MATLAB_R2026a.app/toolbox/matlab/elmat/flipud.m>flipud","flipud",/Applications/MATLAB_R2026a.app/toolbox/matlab/elmat/flipud.m,M-function,386,0.00128095833558279,0,0.00128095833558279,3.31854491083625e-06,3.31854491083625e-06,1,1,0,0,3,1,0,1,0
"/Users/jearly/Documents/OceanKitRepositories/chebfun/@chebtech/vscale.m>vscale","chebtech.vscale",/Users/jearly/Documents/OceanKitRepositories/chebfun/@chebtech/vscale.m,M-function,114,0.00645041667799408,0.00409629167386006,0.00235412500413402,5.65826024385446e-05,2.06502193345089e-05,0.364957044118597,0,0,1,4,9,0,1,0
"/Users/jearly/Documents/OceanKitRepositories/chebfun/@chebtech/minandmax.m>minandmaxColumn","chebtech.minandmax>minandmaxColumn",/Users/jearly/Documents/OceanKitRepositories/chebfun/@chebtech/minandmax.m,M-subfunction,22,0.0082230000144402,0.00642195834461077,0.00180104166982943,0.0003737727279291,8.18655304467923e-05,0.219024889537476,0,0,4,1,23,0,1,0
"/Users/jearly/Documents/OceanKitRepositories/chebfun/@chebfun/compose.m>columnCompose","chebfun.compose>columnCompose",/Users/jearly/Documents/OceanKitRepositories/chebfun/@chebfun/compose.m,M-subfunction,2,0.00770679168020037,0.0069853333456001,0.000721458334600268,0.00385339584010018,0.000360729167300134,0.0936133172580462,0,0,5,1,32,0,1,0
"/Users/jearly/Documents/OceanKitRepositories/chebfun/@chebfun/log.m>@(x)log(x)","chebfun.log>@(x)log(x)",/Users/jearly/Documents/OceanKitRepositories/chebfun/@chebfun/log.m,M-anonymous-function,4,0.000102500000179998,0,0.000102500000179998,2.56250000449994e-05,2.56250000449994e-05,1,1,0,0,2,0,0,1,0
"/Users/jearly/Documents/OceanKitRepositories/chebfun/@chebtech2/compose.m>composeNested1","chebtech2.compose>composeNested1",/Users/jearly/Documents/OceanKitRepositories/chebfun/@chebtech2/compose.m,M-subfunction,2,0.000585041667694043,0.000535583334273858,4.94583334201858e-05,0.000292520833847022,2.47291667100929e-05,0.0845381383092372,0,0,1,1,4,0,1,0
"/Users/jearly/Documents/OceanKitRepositories/chebfun/@chebtech2/compose.m>@(op,values,pref)composeNested1(op,values,pref,f)","chebtech2.compose>@(op,values,pref)composeNested1(op,values,pref,f)",/Users/jearly/Documents/OceanKitRepositories/chebfun/@chebtech2/compose.m,M-anonymous-function,2,0.000643625001130253,0.000585041667694043,5.858333343621e-05,0.000321812500565127,2.9291666718105e-05,0.0910209102091021,0,0,1,1,0,0,1,0
"/Users/jearly/Documents/OceanKitRepositories/chebfun/@chebtech/extrapolate.m>extrapolate","chebtech.extrapolate",/Users/jearly/Documents/OceanKitRepositories/chebfun/@chebtech/extrapolate.m,M-function,64,0.00132387500232482,0,0.00132387500232482,2.06855469113254e-05,2.06855469113254e-05,1,1,0,0,1,6,0,1,0
"/Users/jearly/Documents/OceanKitRepositories/chebfun/@chebtech2/get.m>get","chebtech2.get",/Users/jearly/Documents/OceanKitRepositories/chebfun/@chebtech2/get.m,M-function,138,0.0061904166775375,0.00285729167168428,0.00333312500585322,4.48580918662138e-05,2.41530797525595e-05,0.538433061856364,0,0,3,2,18,0,1,0
"/Users/jearly/Documents/OceanKitRepositories/chebfun/@chebtech/roots.m>roots_scalar","chebtech.roots>roots_scalar",/Users/jearly/Documents/OceanKitRepositories/chebfun/@chebtech/roots.m,M-subfunction,10,0.00446379167450542,0.00299466667192552,0.00146912500257989,0.000446379167450542,0.000146912500257989,0.329120422660108,0,0,3,1,19,0,1,0
"/Users/jearly/Documents/OceanKitRepositories/chebfun/@chebtech/mtimes.m>mtimes","chebtech.mtimes",/Users/jearly/Documents/OceanKitRepositories/chebfun/@chebtech/mtimes.m,M-function,42,0.00272887500479211,0.00146629166924158,0.00126258333555052,6.49732143998121e-05,3.00615079892982e-05,0.462675400424473,0,1,3,2,14,0,1,0
"/Users/jearly/Documents/OceanKitRepositories/chebfun/standardChop.m>standardChop","standardChop",/Users/jearly/Documents/OceanKitRepositories/chebfun/standardChop.m,M-function,57,0.0046206666747809,0.00116979166872091,0.00345087500605999,8.10643276277351e-05,6.05416667729823e-05,0.746834872312798,0,0,1,2,44,0,1,0
"/Applications/MATLAB_R2026a.app/toolbox/matlab/elmat/linspace.m>linspace","linspace",/Applications/MATLAB_R2026a.app/toolbox/matlab/elmat/linspace.m,M-function,68,0.00220887500387895,0,0.00220887500387895,3.24834559393963e-05,3.24834559393963e-05,1,1,0,0,2,25,0,1,0
"/Users/jearly/Documents/OceanKitRepositories/chebfun/@chebtech/standardCheck.m>standardCheck","chebtech.standardCheck",/Users/jearly/Documents/OceanKitRepositories/chebfun/@chebtech/standardCheck.m,M-function,36,0.00547087500960726,0.00366733333977344,0.00180354166983382,0.000151968750266868,5.00983797176061e-05,0.329662378808996,0,0,1,1,27,0,1,0
"/Users/jearly/Documents/OceanKitRepositories/chebfun/@chebtech/feval.m>feval","chebtech.feval",/Users/jearly/Documents/OceanKitRepositories/chebfun/@chebtech/feval.m,M-function,17554,0.730670876283112,0.518053084243073,0.212617792040039,4.16241811714203e-05,1.21122132870024e-05,0.290989827214157,0,0,3,3,15,0,1,0
"/Users/jearly/Documents/OceanKitRepositories/chebfun/@classicfun/isempty.m>isempty","classicfun.isempty",/Users/jearly/Documents/OceanKitRepositories/chebfun/@classicfun/isempty.m,M-function,51934,0.327596750575284,0.145842916922778,0.181753833652507,6.30794374735788e-06,3.49970796881632e-06,0.554809635117972,0,0,1,5,2,0,1,0
"/Users/jearly/Documents/OceanKitRepositories/chebfun/@chebtech/diff.m>diff","chebtech.diff",/Users/jearly/Documents/OceanKitRepositories/chebfun/@chebtech/diff.m,M-function,45,0.00931195834968583,0.00829612501456861,0.00101583333511721,0.000206932407770796,2.25740741137158e-05,0.109089119277631,0,0,2,2,13,0,1,0
"/Users/jearly/Documents/OceanKitRepositories/chebfun/@chebtech/roots.m>roots","chebtech.roots",/Users/jearly/Documents/OceanKitRepositories/chebfun/@chebtech/roots.m,M-function,10,0.00521925000916539,0.00464925000816443,0.000570000001000962,0.000521925000916539,5.70000001000962e-05,0.109211093547923,0,0,2,2,6,0,1,0
"/Users/jearly/Documents/OceanKitRepositories/chebfun/@chebtech/cumsum.m>cumsum","chebtech.cumsum",/Users/jearly/Documents/OceanKitRepositories/chebfun/@chebtech/cumsum.m,M-function,21,0.0106298333520001,0.0101706666845271,0.000459166667472997,0.000506182540571434,2.18650794034761e-05,0.043196036312893,0,0,2,1,9,0,1,0
"/Users/jearly/Documents/OceanKitRepositories/chebfun/@chebtech/plus.m>plus","chebtech.plus",/Users/jearly/Documents/OceanKitRepositories/chebfun/@chebtech/plus.m,M-function,42,0.00138700000243568,0.00023433333374484,0.00115266666869084,3.30238095818018e-05,2.74444444926389e-05,0.831050228310502,0,0,1,1,7,0,1,0
"/Users/jearly/Documents/OceanKitRepositories/chebfun/@chebtech/isempty.m>isempty","chebtech.isempty",/Users/jearly/Documents/OceanKitRepositories/chebfun/@chebtech/isempty.m,M-function,69669,0.204585708692601,0,0.204585708692601,2.93653861391151e-06,2.93653861391151e-06,1,1,0,0,8,2,0,1,0
"/Users/jearly/Documents/OceanKitRepositories/chebfun/@classicfun/size.m>size","classicfun.size",/Users/jearly/Documents/OceanKitRepositories/chebfun/@classicfun/size.m,M-function,13805,0.221722417056028,0.174735875306849,0.0469865417491785,1.60610226045656e-05,3.40358868157758e-06,0.21191606321568,0,0,1,4,4,0,1,0
"/Users/jearly/Documents/OceanKitRepositories/chebfun/@chebtech/minandmax.m>minandmax","chebtech.minandmax",/Users/jearly/Documents/OceanKitRepositories/chebfun/@chebtech/minandmax.m,M-function,22,0.017414208363914,0.0160704166948875,0.00134379166902647,0.000791554925632454,6.10814395012032e-05,0.0771663942996742,0,0,5,1,9,0,1,0
"/Users/jearly/Documents/OceanKitRepositories/chebfun/@chebtech/mrdivide.m>mrdivide","chebtech.mrdivide",/Users/jearly/Documents/OceanKitRepositories/chebfun/@chebtech/mrdivide.m,M-function,23,0.00142537500250306,0.000360833333966984,0.00106454166853608,6.19728261957854e-05,4.6284420371134e-05,0.746850244087813,0,0,1,1,9,0,1,0
"/Users/jearly/Documents/OceanKitRepositories/chebfun/@chebtech/diff.m>diffContinuousDim","chebtech.diff>diffContinuousDim",/Users/jearly/Documents/OceanKitRepositories/chebfun/@chebtech/diff.m,M-subfunction,45,0.00768304168015866,0.00628866667771003,0.00139437500244863,0.000170734259559081,3.0986111165525e-05,0.181487366657086,0,0,3,1,12,0,1,0
"/Users/jearly/Documents/OceanKitRepositories/chebfun/@chebtech/size.m>size","chebtech.size",/Users/jearly/Documents/OceanKitRepositories/chebfun/@chebtech/size.m,M-function,31432,0.357080042293726,0,0.357080042293726,1.13603983931575e-05,1.13603983931575e-05,1,1,0,0,5,6,0,1,0
"/Users/jearly/Documents/OceanKitRepositories/chebfun/@chebtech/clenshaw.m>clenshaw","chebtech.clenshaw",/Users/jearly/Documents/OceanKitRepositories/chebfun/@chebtech/clenshaw.m,M-function,17554,0.279816792158046,0.189281458665726,0.09053533349232,1.59403436343879e-05,5.15753295501424e-06,0.323552181390115,0,0,1,1,6,0,1,0
"/Users/jearly/Documents/OceanKitRepositories/chebfun/@chebtech/clenshaw.m>clenshaw_scl","chebtech.clenshaw>clenshaw_scl",/Users/jearly/Documents/OceanKitRepositories/chebfun/@chebtech/clenshaw.m,M-subfunction,17554,0.189281458665726,0,0.189281458665726,1.07828106793737e-05,1.07828106793737e-05,1,1,0,0,1,15,0,1,0
"/Users/jearly/Documents/OceanKitRepositories/chebfun/@bndfun/feval.m>feval","bndfun.feval",/Users/jearly/Documents/OceanKitRepositories/chebfun/@bndfun/feval.m,M-function,17508,0.934361251640808,0.736632792960249,0.197728458680559,5.33676748709623e-05,1.12936062760201e-05,0.211618855483715,0,0,2,1,3,0,1,0
"/Users/jearly/Documents/OceanKitRepositories/chebfun/@chebfunpref/chebfunpref.m>chebfunpref.subsref","chebfunpref.chebfunpref>chebfunpref.subsref",/Users/jearly/Documents/OceanKitRepositories/chebfun/@chebfunpref/chebfunpref.m,M-method,240,0.00886979168224268,0.00244116667095354,0.00642862501128914,3.69574653426778e-05,2.67859375470381e-05,0.724777451556077,0,0,2,8,20,0,1,0
"/Users/jearly/Documents/OceanKitRepositories/chebfun/@chebtech2/make.m>make","chebtech2.make",/Users/jearly/Documents/OceanKitRepositories/chebfun/@chebtech2/make.m,M-function,30,0.00891729168232609,0.00808379168086241,0.000833500001463688,0.000297243056077536,2.77833333821229e-05,0.0934700838726257,0,0,1,2,2,0,1,0
"/Users/jearly/Documents/OceanKitRepositories/chebfun/@chebtech/techPref.m>techPref","chebtech.techPref",/Users/jearly/Documents/OceanKitRepositories/chebfun/@chebtech/techPref.m,M-function,105,0.00827004168118948,0.00320141667228859,0.00506862500890088,7.8762301725614e-05,4.82726191323894e-05,0.612889898781243,0,1,1,6,19,0,1,0
"/Users/jearly/Documents/OceanKitRepositories/chebfun/@chebtech2/compose.m>compose","chebtech2.compose",/Users/jearly/Documents/OceanKitRepositories/chebfun/@chebtech2/compose.m,M-function,2,0.00607320834399834,0.00586283334362891,0.000210375000369433,0.00303660417199917,0.000105187500184717,0.0346398457707004,0,0,2,1,20,0,1,0
"/Users/jearly/Documents/OceanKitRepositories/chebfun/@chebtech/compose.m>compose","chebtech.compose",/Users/jearly/Documents/OceanKitRepositories/chebfun/@chebtech/compose.m,M-function,2,0.00470975000827067,0.0045027916745739,0.000206958333696768,0.00235487500413534,0.000103479166848384,0.0439425305660245,0,0,3,1,19,0,1,0
"/Users/jearly/Documents/OceanKitRepositories/chebfun/@chebfun/chebfun.m>parseInputs/parseOp","chebfun.chebfun>parseInputs/parseOp",/Users/jearly/Documents/OceanKitRepositories/chebfun/@chebfun/chebfun.m,M-nested-function,24,0.00352500000619016,0.00209979167035406,0.00142520833583611,0.000146875000257923,5.93836806598377e-05,0.404314420803782,0,0,2,1,10,0,1,0
"/Users/jearly/Documents/OceanKitRepositories/chebfun/@chebfun/constructor.m>constructor","chebfun.constructor",/Users/jearly/Documents/OceanKitRepositories/chebfun/@chebfun/constructor.m,M-function,24,0.0744543334640807,0.0729110834613706,0.00154325000271006,0.0031022638943367,6.43020834462527e-05,0.0207274705300341,0,0,2,1,14,0,1,0
"/Users/jearly/Documents/OceanKitRepositories/chebfun/@chebfun/constructor.m>constructorNoSplit","chebfun.constructor>constructorNoSplit",/Users/jearly/Documents/OceanKitRepositories/chebfun/@chebfun/constructor.m,M-subfunction,24,0.0726248751275347,0.0696725417890168,0.00295233333851785,0.00302603646364728,0.000123013889104911,0.040651819825278,0,0,2,1,20,0,1,0
"/Users/jearly/Documents/OceanKitRepositories/chebfun/@classicfun/classicfun.m>parseDataInputs","classicfun.classicfun>parseDataInputs",/Users/jearly/Documents/OceanKitRepositories/chebfun/@classicfun/classicfun.m,M-subfunction,24,0.00024208333375845,0,0.00024208333375845,1.00868055732687e-05,1.00868055732687e-05,1,1,0,0,1,3,0,1,0
"/Users/jearly/Documents/OceanKitRepositories/chebfun/@bndfun/bndfun.m>parseDataInputs","bndfun.bndfun>parseDataInputs",/Users/jearly/Documents/OceanKitRepositories/chebfun/@bndfun/bndfun.m,M-subfunction,24,0.000314541667219025,0,0.000314541667219025,1.31059028007927e-05,1.31059028007927e-05,1,1,0,0,1,5,0,1,0
"/Users/jearly/Documents/OceanKitRepositories/chebfun/@mapping/mapping.m>mapping.linear","mapping.mapping>mapping.linear",/Users/jearly/Documents/OceanKitRepositories/chebfun/@mapping/mapping.m,M-method,24,0.00157170833609337,0.000726625001276008,0.000845083334817362,6.54878473372237e-05,3.52118056173901e-05,0.53768457888179,0,0,1,1,7,0,1,0
"/Users/jearly/Documents/OceanKitRepositories/chebfun/@mapping/mapping.m>mapping.mapping","mapping.mapping>mapping.mapping",/Users/jearly/Documents/OceanKitRepositories/chebfun/@mapping/mapping.m,M-method,24,0.000726625001276008,0,0.000726625001276008,3.02760417198337e-05,3.02760417198337e-05,1,1,0,0,1,8,0,1,0
"/Users/jearly/Documents/OceanKitRepositories/chebfun/@bndfun/createMap.m>createMap","bndfun.createMap",/Users/jearly/Documents/OceanKitRepositories/chebfun/@bndfun/createMap.m,M-function,24,0.00215575000378566,0.00157170833609337,0.000584041667692287,8.98229168244024e-05,2.43350694871786e-05,0.270922726042754,0,0,1,1,2,0,1,0
"/Users/jearly/Documents/OceanKitRepositories/chebfun/@chebfun/constructor.m>getFun","chebfun.constructor>getFun",/Users/jearly/Documents/OceanKitRepositories/chebfun/@chebfun/constructor.m,M-subfunction,24,0.069338583455097,0.06783120845245,0.00150737500264707,0.00288910764396238,6.28072917769612e-05,0.0217393394490562,0,0,2,1,9,0,1,0
"/Users/jearly/Documents/OceanKitRepositories/chebfun/@classicfun/lval.m>lval","classicfun.lval",/Users/jearly/Documents/OceanKitRepositories/chebfun/@classicfun/lval.m,M-function,44,0.00183708333655939,0.000767583334681267,0.00106950000187812,4.17518940127134e-05,2.43068182245028e-05,0.582172828305738,0,0,1,1,2,0,1,0
"/Users/jearly/Documents/OceanKitRepositories/chebfun/@chebtech/lval.m>lval","chebtech.lval",/Users/jearly/Documents/OceanKitRepositories/chebfun/@chebtech/lval.m,M-function,65,0.00128283333558608,0,0.00128283333558608,1.97358974705551e-05,1.97358974705551e-05,1,1,0,0,2,4,0,1,0
"/Users/jearly/Documents/OceanKitRepositories/chebfun/@classicfun/rval.m>rval","classicfun.rval",/Users/jearly/Documents/OceanKitRepositories/chebfun/@classicfun/rval.m,M-function,44,0.00159158333612827,0.000602791667725214,0.000988791668403058,3.61723485483698e-05,2.24725379182513e-05,0.621262893345201,0,0,1,1,2,0,1,0
"/Users/jearly/Documents/OceanKitRepositories/chebfun/@chebtech/rval.m>rval","chebtech.rval",/Users/jearly/Documents/OceanKitRepositories/chebfun/@chebtech/rval.m,M-function,86,0.00106225000186539,0,0.00106225000186539,1.23517442077371e-05,1.23517442077371e-05,1,1,0,0,2,2,0,1,0
"/Users/jearly/Documents/OceanKitRepositories/chebfun/@classicfun/get.m>get","classicfun.get",/Users/jearly/Documents/OceanKitRepositories/chebfun/@classicfun/get.m,M-function,138,0.00879737501544885,0.00506475000889408,0.00373262500655477,6.37490943148467e-05,2.70480072938751e-05,0.4242884951477,0,0,1,6,12,0,1,0
"/Users/jearly/Documents/OceanKitRepositories/chebfun/@chebtech/cumsum.m>cumsumContinuousDim","chebtech.cumsum>cumsumContinuousDim",/Users/jearly/Documents/OceanKitRepositories/chebfun/@chebtech/cumsum.m,M-subfunction,21,0.0100320416842837,0.00646854167802591,0.00356350000625777,0.000477716270680175,0.000169690476488465,0.355211842056079,0,0,2,1,14,0,1,0
"/Users/jearly/Documents/OceanKitRepositories/chebfun/@bndfun/cumsum.m>cumsum","bndfun.cumsum",/Users/jearly/Documents/OceanKitRepositories/chebfun/@bndfun/cumsum.m,M-function,21,0.0163612500287316,0.0150292916930592,0.00133195833567235,0.000779107144225313,6.34265874129691e-05,0.0814093258970637,0,0,4,1,17,0,1,0
"/Users/jearly/Documents/OceanKitRepositories/chebfun/@chebfun/cumsum.m>cumsumContinousDim","chebfun.cumsum>cumsumContinousDim",/Users/jearly/Documents/OceanKitRepositories/chebfun/@chebfun/cumsum.m,M-subfunction,21,0.0301465000529395,0.02732608338132,0.00282041667161953,0.00143554762156855,0.000134305555791406,0.0935570187805108,0,0,5,1,23,0,1,0
"/Users/jearly/Documents/OceanKitRepositories/chebfun/@chebfun/chebfun.m>@(fun)get(fun,'domain')","chebfun.chebfun>@(fun)get(fun,'domain')",/Users/jearly/Documents/OceanKitRepositories/chebfun/@chebfun/chebfun.m,M-anonymous-function,21,0.000372416667320658,0.000216083333712792,0.000156333333607866,1.77341270152694e-05,7.44444445751744e-06,0.419780711568584,0,0,1,1,0,0,1,0
"/Users/jearly/Documents/OceanKitRepositories/chebfun/@chebfun/get.m>getSimpleNumericLocalPropArrayValued","chebfun.get>getSimpleNumericLocalPropArrayValued",/Users/jearly/Documents/OceanKitRepositories/chebfun/@chebfun/get.m,M-subfunction,23,0.00712354167917614,0.0055750833431236,0.00154845833605254,0.000309719203442441,6.73242754805453e-05,0.217371976720381,0,0,3,1,16,0,1,0
"/Users/jearly/Documents/OceanKitRepositories/chebfun/@chebfun/isempty.m>isempty","chebfun.isempty",/Users/jearly/Documents/OceanKitRepositories/chebfun/@chebfun/isempty.m,M-function,51801,0.860147001510482,0.325616375571807,0.534530625938676,1.66048339126751e-05,1.03189248458268e-05,0.621441015314824,0,0,1,11,4,0,1,0
"/Users/jearly/Documents/OceanKitRepositories/chebfun/@classicfun/plus.m>plus","classicfun.plus",/Users/jearly/Documents/OceanKitRepositories/chebfun/@classicfun/plus.m,M-function,42,0.00318104167225281,0.00198316667014925,0.00119787500210356,7.57390874345908e-05,2.8520833383418e-05,0.376566900255419,0,0,2,2,5,0,1,0
"/Users/jearly/Documents/OceanKitRepositories/chebfun/@chebfun/numColumns.m>numColumns","chebfun.numColumns",/Users/jearly/Documents/OceanKitRepositories/chebfun/@chebfun/numColumns.m,M-function,13712,0.571152167669652,0.438841875770639,0.132310291899013,4.16534544683235e-05,9.64923365657916e-06,0.231655063901535,0,0,2,5,5,0,1,0
"/Users/jearly/Documents/OceanKitRepositories/chebfun/@chebfun/roots.m>columnRoots","chebfun.roots>columnRoots",/Users/jearly/Documents/OceanKitRepositories/chebfun/@chebfun/roots.m,M-subfunction,2,0.00373754167323007,0.00303604167199818,0.000701500001231886,0.00186877083661503,0.000350750000615943,0.187690215270733,0,0,4,1,34,0,1,0
"/Applications/MATLAB_R2026a.app/toolbox/matlab/ops/setdiff.m>setdiff","setdiff",/Applications/MATLAB_R2026a.app/toolbox/matlab/ops/setdiff.m,M-function,2413,0.129621041894291,0.0986852085066319,0.030935833387659,5.37177960606261e-05,1.28204862775213e-05,0.238663668610903,0,1,3,5,53,0,1,0
"/Applications/MATLAB_R2026a.app/toolbox/matlab/ops/setdiff.m>convertFlag","setdiff>convertFlag",/Applications/MATLAB_R2026a.app/toolbox/matlab/ops/setdiff.m,M-subfunction,1144,0.00512454167566574,0,0.00512454167566574,4.47949447173579e-06,4.47949447173579e-06,1,1,0,0,1,4,0,1,0
"/private/tmp/wvm42-before/@WVTransform/classDefinedOperationForKnownVariable.m>classDefinedOperationForKnownVariable","WVTransform.classDefinedOperationForKnownVariable",/private/tmp/wvm42-before/@WVTransform/classDefinedOperationForKnownVariable.m,M-function,2,0.0260796250457978,0.0218131667049722,0.00426645834082555,0.0130398125228989,0.00213322917041277,0.163593546047281,0,0,4,1,60,0,0,1
"/Users/jearly/Documents/OceanKitRepositories/chebfun/@chebfun/merge.m>merge","chebfun.merge",/Users/jearly/Documents/OceanKitRepositories/chebfun/@chebfun/merge.m,M-function,24,0.000842208334812314,0.000244833333763279,0.000597375001049035,3.50920139505131e-05,2.48906250437098e-05,0.709295997625291,0,0,1,1,12,0,1,0
"/Users/jearly/Documents/OceanKitRepositories/chebfun/@chebfun/merge.m>mergeColumn","chebfun.merge>mergeColumn",/Users/jearly/Documents/OceanKitRepositories/chebfun/@chebfun/merge.m,M-subfunction,24,0.000244833333763279,0,0.000244833333763279,1.02013889068033e-05,1.02013889068033e-05,1,1,0,0,1,3,0,1,0
"/Users/jearly/Documents/OceanKitRepositories/chebfun/@chebfun/chebfun.m>@(x)isa(x,'fun')","chebfun.chebfun>@(x)isa(x,'fun')",/Users/jearly/Documents/OceanKitRepositories/chebfun/@chebfun/chebfun.m,M-anonymous-function,21,8.05416668081038e-05,0,8.05416668081038e-05,3.83531746705256e-06,3.83531746705256e-06,1,1,0,0,1,0,0,1,0
"/Users/jearly/Documents/OceanKitRepositories/chebfun/@chebfun/min.m>min","chebfun.min",/Users/jearly/Documents/OceanKitRepositories/chebfun/@chebfun/min.m,M-function,22,0.0289825000508954,0.0283594583831346,0.000623041667760778,0.00131738636594979,2.83200758073081e-05,0.0214971678311626,0,0,2,2,10,0,1,0
"/Users/jearly/Documents/OceanKitRepositories/chebfun/@chebfun/minandmax.m>minandmax","chebfun.minandmax",/Users/jearly/Documents/OceanKitRepositories/chebfun/@chebfun/minandmax.m,M-function,22,0.0266187500467445,0.0230991250405638,0.00351962500618072,0.00120994318394293,0.000159982954826396,0.132223526649448,0,0,4,1,33,0,1,0
"/Users/jearly/Documents/OceanKitRepositories/chebfun/@chebfun/cumsum.m>cumsum","chebfun.cumsum",/Users/jearly/Documents/OceanKitRepositories/chebfun/@chebfun/cumsum.m,M-function,21,0.0341622917266582,0.0322239167232543,0.00193837500340392,0.00162677579650753,9.2303571590663e-05,0.056740192341702,0,0,3,1,18,0,1,0
"/Users/jearly/Documents/OceanKitRepositories/chebfun/@chebfun/feval.m>feval","chebfun.feval",/Users/jearly/Documents/OceanKitRepositories/chebfun/@chebfun/feval.m,M-function,17508,1.79962425316027,1.71053508633716,0.089089166823114,0.00010278868249716,5.08848336892358e-06,0.0495043155073437,0,0,2,6,15,0,1,0
"/Users/jearly/Documents/OceanKitRepositories/chebfun/@chebfun/vscale.m>vscale","chebfun.vscale",/Users/jearly/Documents/OceanKitRepositories/chebfun/@chebfun/vscale.m,M-function,23,0.0119970833544011,0.0112382500197352,0.000758833334665901,0.00052161231975657,3.29927536811261e-05,0.0632514847358733,0,0,2,2,13,0,1,0
"/Users/jearly/Documents/OceanKitRepositories/chebfun/@chebfun/diff.m>diff","chebfun.diff",/Users/jearly/Documents/OceanKitRepositories/chebfun/@chebfun/diff.m,M-function,23,0.0198622083682128,0.0186184583660287,0.00124375000218412,0.000863574276878819,5.40760870514833e-05,0.0626189182555648,0,0,2,2,19,0,1,0
"/Users/jearly/Documents/OceanKitRepositories/chebfun/@chebfun/roots.m>roots","chebfun.roots",/Users/jearly/Documents/OceanKitRepositories/chebfun/@chebfun/roots.m,M-function,2,0.00480150000843179,0.00457508334136752,0.00022641666706427,0.0024007500042159,0.000113208333532135,0.0471554028255057,0,0,4,1,11,0,1,0
"/Users/jearly/Documents/OceanKitRepositories/chebfun/@chebfun/compose.m>compose","chebfun.compose",/Users/jearly/Documents/OceanKitRepositories/chebfun/@chebfun/compose.m,M-function,2,0.00810845834757239,0.00788629168051558,0.000222166667056807,0.00405422917378619,0.000111083333528403,0.0273993720549014,0,0,2,1,23,0,1,0
"/Users/jearly/Documents/OceanKitRepositories/chebfun/@chebfun/isequal.m>isequal","chebfun.isequal",/Users/jearly/Documents/OceanKitRepositories/chebfun/@chebfun/isequal.m,M-function,6822,1.36055512738924,1.26885821056154,0.0916969168276933,0.00019943640096588,1.34413539765015e-05,0.0673966934391333,0,0,4,2,9,0,1,0
"/Users/jearly/Documents/OceanKitRepositories/chebfun/@chebfun/domainCheck.m>domainCheck","chebfun.domainCheck",/Users/jearly/Documents/OceanKitRepositories/chebfun/@chebfun/domainCheck.m,M-function,6822,0.381370584003048,0.2966466671876,0.0847239168154481,5.59030466143431e-05,1.24192197032319e-05,0.222156402117188,0,0,3,1,12,0,1,0
"/Users/jearly/Documents/OceanKitRepositories/chebfun/@chebfun/plus.m>plus","chebfun.plus",/Users/jearly/Documents/OceanKitRepositories/chebfun/@chebfun/plus.m,M-function,21,0.0168859166963196,0.0148927916928195,0.00199312500350008,0.000804091271253314,9.49107144523845e-05,0.118034752826566,0,0,3,1,18,0,1,0
"/Users/jearly/Documents/OceanKitRepositories/chebfun/@chebfun/subsref.m>subsref","chebfun.subsref",/Users/jearly/Documents/OceanKitRepositories/chebfun/@chebfun/subsref.m,M-function,2,0.00127645833557489,0.000924041668289353,0.000352416667285537,0.000638229167787445,0.000176208333642768,0.276089440182798,0,0,3,1,32,0,1,0
"/Users/jearly/Documents/OceanKitRepositories/chebfun/@classicfun/isreal.m>isreal","classicfun.isreal",/Users/jearly/Documents/OceanKitRepositories/chebfun/@classicfun/isreal.m,M-function,24,0.000840041668141842,0.000250458333773157,0.000589583334368686,3.50017361725768e-05,2.45659722653619e-05,0.701850106641536,0,0,1,1,2,0,1,0
"/Users/jearly/Documents/OceanKitRepositories/chebfun/@chebtech/isreal.m>isreal","chebtech.isreal",/Users/jearly/Documents/OceanKitRepositories/chebfun/@chebtech/isreal.m,M-function,46,0.000451125000792209,0,0.000451125000792209,9.80706523461324e-06,9.80706523461324e-06,1,1,0,0,2,2,0,1,0
"/Users/jearly/Documents/OceanKitRepositories/chebfun/@chebfun/isreal.m>columnIsreal","chebfun.isreal>columnIsreal",/Users/jearly/Documents/OceanKitRepositories/chebfun/@chebfun/isreal.m,M-subfunction,24,0.00151900000266748,0.000840041668141842,0.000678958334525635,6.32916667778115e-05,2.82899306052348e-05,0.446977177967961,0,0,1,1,9,0,1,0
"/Users/jearly/Documents/OceanKitRepositories/chebfun/@chebfun/isreal.m>isreal","chebfun.isreal",/Users/jearly/Documents/OceanKitRepositories/chebfun/@chebfun/isreal.m,M-function,24,0.00226350000397487,0.00151900000266748,0.000744500001307397,9.43125001656198e-05,3.10208333878082e-05,0.32891539650983,0,0,1,2,6,0,1,0
"/Users/jearly/Documents/OceanKitRepositories/chebfun/@chebfun/roots.m>parseInputs","chebfun.roots>parseInputs",/Users/jearly/Documents/OceanKitRepositories/chebfun/@chebfun/roots.m,M-subfunction,2,0.000551166667634556,0.000196666667012028,0.000354500000622528,0.000275583333817278,0.000177250000311264,0.643181130934382,0,0,1,1,21,0,1,0
"/Users/jearly/Documents/OceanKitRepositories/chebfun/@chebtech/diff.m>computeDerCoeffs","chebtech.diff>computeDerCoeffs",/Users/jearly/Documents/OceanKitRepositories/chebfun/@chebtech/diff.m,M-subfunction,17,0.00112891666864913,0,0.00112891666864913,6.64068628617134e-05,6.64068628617134e-05,1,1,0,0,1,8,0,1,0
"/Users/jearly/Documents/OceanKitRepositories/chebfun/@bndfun/diff.m>diff","bndfun.diff",/Users/jearly/Documents/OceanKitRepositories/chebfun/@bndfun/diff.m,M-function,23,0.00576637501012618,0.00472475000829701,0.00104162500182917,0.000250711956962008,4.52880435577901e-05,0.180637749019098,0,0,2,1,11,0,1,0
"/Users/jearly/Documents/OceanKitRepositories/chebfun/@chebtech/length.m>length","chebtech.length",/Users/jearly/Documents/OceanKitRepositories/chebfun/@chebtech/length.m,M-function,77,0.000795333334729998,0,0.000795333334729998,1.03290043471428e-05,1.03290043471428e-05,1,1,0,0,5,2,0,1,0
"/Users/jearly/Documents/OceanKitRepositories/chebfun/@chebfun/min.m>globalMin","chebfun.min>globalMin",/Users/jearly/Documents/OceanKitRepositories/chebfun/@chebfun/min.m,M-subfunction,22,0.0272590417145356,0.0266187500467445,0.000640291667791067,0.00123904735066071,2.91041667177758e-05,0.023489148096121,0,0,1,1,4,0,1,0
"/Applications/MATLAB_R2026a.app/toolbox/matlab/funfun/private/integralParseArgs.m>integralParseArgs","funfun/private/integralParseArgs",/Applications/MATLAB_R2026a.app/toolbox/matlab/funfun/private/integralParseArgs.m,M-function,66,0.0041213333405707,0.00176800000310474,0.00235333333746596,6.24444445541015e-05,3.56565657191812e-05,0.571012617275962,0,0,5,1,12,0,1,0
"/Applications/MATLAB_R2026a.app/toolbox/matlab/funfun/private/integralParseArgs.m>validateAbsTol","funfun/private/integralParseArgs>validateAbsTol",/Applications/MATLAB_R2026a.app/toolbox/matlab/funfun/private/integralParseArgs.m,M-subfunction,66,0.000336916667258317,0,0.000336916667258317,5.10479798876239e-06,5.10479798876239e-06,1,1,0,0,1,2,0,1,0
"/Applications/MATLAB_R2026a.app/toolbox/matlab/funfun/private/integralParseArgs.m>validateRelTol","funfun/private/integralParseArgs>validateRelTol",/Applications/MATLAB_R2026a.app/toolbox/matlab/funfun/private/integralParseArgs.m,M-subfunction,66,0.000324083333902448,0,0.000324083333902448,4.91035354397648e-06,4.91035354397648e-06,1,1,0,0,1,2,0,1,0
"/Applications/MATLAB_R2026a.app/toolbox/matlab/funfun/private/integralParseArgs.m>validateWaypoints","funfun/private/integralParseArgs>validateWaypoints",/Applications/MATLAB_R2026a.app/toolbox/matlab/funfun/private/integralParseArgs.m,M-subfunction,66,0.000208625000366361,0,0.000208625000366361,3.16098485403577e-06,3.16098485403577e-06,1,1,0,0,1,2,0,1,0
"/Applications/MATLAB_R2026a.app/toolbox/matlab/funfun/private/integralParseArgs.m>validateArrayValued","funfun/private/integralParseArgs>validateArrayValued",/Applications/MATLAB_R2026a.app/toolbox/matlab/funfun/private/integralParseArgs.m,M-subfunction,66,0.000325833333905521,0,0.000325833333905521,4.9368686955382e-06,4.9368686955382e-06,1,1,0,0,1,2,0,1,0
"/Applications/MATLAB_R2026a.app/toolbox/matlab/funfun/private/Gauss7Kronrod15.m>Gauss7Kronrod15","funfun/private/Gauss7Kronrod15",/Applications/MATLAB_R2026a.app/toolbox/matlab/funfun/private/Gauss7Kronrod15.m,M-function,66,0.000572541667672092,0,0.000572541667672092,8.67487375260746e-06,8.67487375260746e-06,1,1,0,0,1,4,0,1,0
"/Applications/MATLAB_R2026a.app/toolbox/matlab/funfun/integral.m>integral","integral",/Applications/MATLAB_R2026a.app/toolbox/matlab/funfun/integral.m,M-function,66,0.0240762083756129,0.0229500417069686,0.0011261666686443,0.000364791035994136,1.70631313430955e-05,0.046775083978132,0,0,2,2,6,0,1,0
"/Applications/MATLAB_R2026a.app/toolbox/matlab/funfun/private/integralCalc.m>vadapt","funfun/private/integralCalc>vadapt",/Applications/MATLAB_R2026a.app/toolbox/matlab/funfun/private/integralCalc.m,M-subfunction,65,0.0137129583574143,0.0128102500224958,0.000902708334918555,0.000210968590114066,1.38878205372085e-05,0.065828854094819,0,0,2,1,10,0,1,0
"/Applications/MATLAB_R2026a.app/toolbox/matlab/funfun/private/integralCalc.m>split","funfun/private/integralCalc>split",/Applications/MATLAB_R2026a.app/toolbox/matlab/funfun/private/integralCalc.m,M-subfunction,65,0.00127754166891012,0,0.00127754166891012,1.96544872140019e-05,1.96544872140019e-05,1,1,0,0,1,23,0,1,0
"/Applications/MATLAB_R2026a.app/toolbox/matlab/funfun/private/integralCalc.m>@(t)AtoBInvTransform(t,A,B)","funfun/private/integralCalc>@(t)AtoBInvTransform(t,A,B)",/Applications/MATLAB_R2026a.app/toolbox/matlab/funfun/private/integralCalc.m,M-anonymous-function,65,0.00380341667334575,0.00286625000503335,0.000937166668312401,5.85141026668577e-05,1.44179487432677e-05,0.246401262023181,0,0,1,1,0,0,1,0
"/Applications/MATLAB_R2026a.app/toolbox/matlab/funfun/private/integralCalc.m>AtoBInvTransform","funfun/private/integralCalc>AtoBInvTransform",/Applications/MATLAB_R2026a.app/toolbox/matlab/funfun/private/integralCalc.m,M-subfunction,65,0.00286625000503335,0,0.00286625000503335,4.409615392359e-05,4.409615392359e-05,1,1,0,0,1,10,0,1,0
"/Applications/MATLAB_R2026a.app/toolbox/matlab/funfun/private/integralCalc.m>iterateScalarValued","funfun/private/integralCalc>iterateScalarValued",/Applications/MATLAB_R2026a.app/toolbox/matlab/funfun/private/integralCalc.m,M-subfunction,65,0.0115327083535856,0.00624154167762728,0.00529116667595835,0.000177426282362856,8.14025642455131e-05,0.458796538829778,0,0,3,1,45,0,1,0
"/Applications/MATLAB_R2026a.app/toolbox/matlab/funfun/private/integralCalc.m>finalInputChecks","funfun/private/integralCalc>finalInputChecks",/Applications/MATLAB_R2026a.app/toolbox/matlab/funfun/private/integralCalc.m,M-subfunction,65,0.00107158333521511,0,0.00107158333521511,1.64858974648479e-05,1.64858974648479e-05,1,1,0,0,1,11,0,1,0
"/Applications/MATLAB_R2026a.app/toolbox/matlab/funfun/private/integralCalc.m>integralCalc","funfun/private/integralCalc",/Applications/MATLAB_R2026a.app/toolbox/matlab/funfun/private/integralCalc.m,M-function,66,0.0188287083663979,0.0137567083574911,0.00507200000890681,0.000285283460096939,7.68484849834365e-05,0.269375886556212,0,0,2,1,47,0,1,0
"/private/tmp/wvm42-before/+WVInternal/resolveFreeSurfaceInputs.m>densityFromStratification","resolveFreeSurfaceInputs>densityFromStratification",/private/tmp/wvm42-before/+WVInternal/resolveFreeSurfaceInputs.m,M-subfunction,1,0.0211604583704927,0.0205110417026856,0.000649416667807091,0.0211604583704927,0.000649416667807091,0.0306901039871931,0,0,1,1,8,0,0,1
"/Applications/MATLAB_R2026a.app/toolbox/matlab/strfun/strcat.m>strcat","strcat",/Applications/MATLAB_R2026a.app/toolbox/matlab/strfun/strcat.m,M-function,3,0.00233154167076103,0.000183166666988321,0.00214837500377271,0.000777180556920342,0.000716125001257569,0.921439676894758,0,0,1,1,53,0,1,0
"/Applications/MATLAB_R2026a.app/toolbox/matlab/strfun/blanks.m>blanks","blanks",/Applications/MATLAB_R2026a.app/toolbox/matlab/strfun/blanks.m,M-function,3,0.000183166666988321,0,0.000183166666988321,6.10555556627737e-05,6.10555556627737e-05,1,1,0,0,1,4,0,1,0
"/Users/jearly/Documents/OceanKitRepositories/oceankit-internal-modes-beta7/ClassAnnotations-1.2.1/@CAAnnotatedClass/CAAnnotatedClass.m>CAAnnotatedClass.CAAnnotatedClass","CAAnnotatedClass.CAAnnotatedClass>CAAnnotatedClass.CAAnnotatedClass",/Users/jearly/Documents/OceanKitRepositories/oceankit-internal-modes-beta7/ClassAnnotations-1.2.1/@CAAnnotatedClass/CAAnnotatedClass.m,M-method,3,0.211681958705063,0.210825667036892,0.000856291668170417,0.0705606529016875,0.000285430556056806,0.00404518020056443,0,0,4,2,9,0,1,0
"/Users/jearly/Documents/OceanKitRepositories/oceankit-internal-modes-beta7/ClassAnnotations-1.2.1/CADimensionProperty.m>CADimensionProperty.CADimensionProperty","CADimensionProperty>CADimensionProperty.CADimensionProperty",/Users/jearly/Documents/OceanKitRepositories/oceankit-internal-modes-beta7/ClassAnnotations-1.2.1/CADimensionProperty.m,M-method,64,0.0155222500272582,0.0092831666829686,0.00623908334428963,0.00024253515667591,9.74856772545255e-05,0.401944520500142,0,0,1,4,9,0,1,0
"/Users/jearly/Documents/OceanKitRepositories/oceankit-internal-modes-beta7/ClassAnnotations-1.2.1/CANumericProperty.m>CANumericProperty.CANumericProperty","CANumericProperty>CANumericProperty.CANumericProperty",/Users/jearly/Documents/OceanKitRepositories/oceankit-internal-modes-beta7/ClassAnnotations-1.2.1/CANumericProperty.m,M-method,539,0.0897260001575655,0.0348634583945562,0.0548625417630094,0.000166467532759862,0.000101785791768106,0.611445307565997,0,0,1,9,15,0,1,0
"/Users/jearly/Documents/OceanKitRepositories/oceankit-internal-modes-beta7/ClassAnnotations-1.2.1/CAFunctionProperty.m>CAFunctionProperty.CAFunctionProperty","CAFunctionProperty>CAFunctionProperty.CAFunctionProperty",/Users/jearly/Documents/OceanKitRepositories/oceankit-internal-modes-beta7/ClassAnnotations-1.2.1/CAFunctionProperty.m,M-method,8,0.00403154167374635,0.00228350000401,0.00174804166973636,0.000503942709218294,0.000218505208717045,0.433591368066393,0,0,1,1,7,0,1,0
"/private/tmp/wvm42-before/@WVStratification/WVStratification.m>WVStratification.propertyAnnotationsForStratification","WVStratification.WVStratification>WVStratification.propertyAnnotationsForStratification",/private/tmp/wvm42-before/@WVStratification/WVStratification.m,M-method,4,0.0274772083815854,0.023978500042108,0.00349870833947733,0.00686930209539634,0.000874677084869332,0.127331288204012,0,0,5,1,23,0,0,1
"/Users/jearly/Documents/OceanKitRepositories/oceankit-internal-modes-beta7/ClassAnnotations-1.2.1/CAObjectProperty.m>CAObjectProperty.CAObjectProperty","CAObjectProperty>CAObjectProperty.CAObjectProperty",/Users/jearly/Documents/OceanKitRepositories/oceankit-internal-modes-beta7/ClassAnnotations-1.2.1/CAObjectProperty.m,M-method,4,0.00378700000665025,0.00188904166998396,0.00189795833666629,0.000946750001662563,0.000474489584166572,0.501177273127365,0,0,1,1,11,0,1,0
"/private/tmp/wvm42-before/@WVTransformFreeSurfaceBoussinesq/classDefinedPropertyAnnotations.m>classDefinedPropertyAnnotations","WVTransformFreeSurfaceBoussinesq.classDefinedPropertyAnnotations",/private/tmp/wvm42-before/@WVTransformFreeSurfaceBoussinesq/classDefinedPropertyAnnotations.m,M-function,2,0.174988000307292,0.1659952502915,0.00899275001579194,0.087494000153646,0.00449637500789597,0.0513906667885798,0,0,9,1,23,0,0,1
"/private/tmp/wvm42-before/@WVTransformFreeSurfaceQG/WVTransformFreeSurfaceQG.m>WVTransformFreeSurfaceQG.propertyAnnotationsForTransform","WVTransformFreeSurfaceQG.WVTransformFreeSurfaceQG>WVTransformFreeSurfaceQG.propertyAnnotationsForTransform",/private/tmp/wvm42-before/@WVTransformFreeSurfaceQG/WVTransformFreeSurfaceQG.m,M-method,2,0.0805403751414349,0.0764562501342629,0.00408412500717203,0.0402701875707174,0.00204206250358602,0.0507090387895513,0,0,7,1,53,0,0,1
"/Users/jearly/Documents/OceanKitRepositories/oceankit-internal-modes-beta7/ClassAnnotations-1.2.1/CAPropertyAnnotation.m>CAPropertyAnnotation.CAPropertyAnnotation","CAPropertyAnnotation>CAPropertyAnnotation.CAPropertyAnnotation",/Users/jearly/Documents/OceanKitRepositories/oceankit-internal-modes-beta7/ClassAnnotations-1.2.1/CAPropertyAnnotation.m,M-method,629,0.0502333334215468,0,0.0502333334215468,7.98622152965768e-05,7.98622152965768e-05,1,1,0,0,7,15,0,1,0
"/private/tmp/wvm42-before/@WVGeometryDoublyPeriodic/WVGeometryDoublyPeriodic.m>WVGeometryDoublyPeriodic.propertyAnnotationsForGeometry","WVGeometryDoublyPeriodic.WVGeometryDoublyPeriodic>WVGeometryDoublyPeriodic.propertyAnnotationsForGeometry",/private/tmp/wvm42-before/@WVGeometryDoublyPeriodic/WVGeometryDoublyPeriodic.m,M-method,5,0.0292812500514201,0.0237433333750284,0.00553791667639166,0.00585625001028401,0.00110758333527833,0.189128424048381,0,0,2,2,24,0,0,1
"/private/tmp/wvm42-before/WVRotatingFPlane.m>WVRotatingFPlane.propertyAnnotationsForRotatingFPlane","WVRotatingFPlane>WVRotatingFPlane.propertyAnnotationsForRotatingFPlane",/private/tmp/wvm42-before/WVRotatingFPlane.m,M-method,4,0.0107161666854851,0.00837237501470251,0.00234379167078254,0.00267904167137126,0.000585947917695635,0.218715492169152,0,0,1,1,10,0,0,1
"/private/tmp/wvm42-before/@WVGeometryCartesianXYZ/WVGeometryCartesianXYZ.m>WVGeometryCartesianXYZ.propertyAnnotationsForGeometry","WVGeometryCartesianXYZ.WVGeometryCartesianXYZ>WVGeometryCartesianXYZ.propertyAnnotationsForGeometry",/private/tmp/wvm42-before/@WVGeometryCartesianXYZ/WVGeometryCartesianXYZ.m,M-method,4,0.00883066668217397,0.00690570834546027,0.0019249583367137,0.00220766667054349,0.000481239584178426,0.217985618299864,0,0,1,1,10,0,0,1
"/private/tmp/wvm42-before/@WVGeometryDoublyPeriodicStratified/WVGeometryDoublyPeriodicStratified.m>WVGeometryDoublyPeriodicStratified.propertyAnnotationsForGeometry","WVGeometryDoublyPeriodicStratified.WVGeometryDoublyPeriodicStratified>WVGeometryDoublyPeriodicStratified.propertyAnnotationsForGeometry",/private/tmp/wvm42-before/@WVGeometryDoublyPeriodicStratified/WVGeometryDoublyPeriodicStratified.m,M-method,4,0.0630450417773784,0.0612878751076261,0.00175716666975238,0.0157612604443446,0.000439291667438094,0.0278716076667408,0,0,4,2,13,0,0,1
"/private/tmp/wvm42-before/@WVTransform/WVTransform.m>WVTransform.propertyAnnotationsForTransform","WVTransform.WVTransform>WVTransform.propertyAnnotationsForTransform",/private/tmp/wvm42-before/@WVTransform/WVTransform.m,M-method,4,0.0214583333710158,0.0166503333625726,0.0048080000084432,0.00536458334275394,0.0012020000021108,0.22406213592233,0,0,3,2,23,0,0,1
"/private/tmp/wvm42-before/@WVGeometryDoublyPeriodic/WVGeometryDoublyPeriodic.m>WVGeometryDoublyPeriodic.classDefinedPropertyAnnotations","WVGeometryDoublyPeriodic.WVGeometryDoublyPeriodic>WVGeometryDoublyPeriodic.classDefinedPropertyAnnotations",/private/tmp/wvm42-before/@WVGeometryDoublyPeriodic/WVGeometryDoublyPeriodic.m,M-method,1,0.00874675001535994,0.00868191668191276,6.4833333447185e-05,0.00874675001535994,6.4833333447185e-05,0.00741227694095897,0,0,1,1,2,0,0,1
"/Users/jearly/Documents/OceanKitRepositories/oceankit-internal-modes-beta7/ClassAnnotations-1.2.1/@CAAnnotatedClass/addPropertyAnnotation.m>addPropertyAnnotation","CAAnnotatedClass.addPropertyAnnotation",/Users/jearly/Documents/OceanKitRepositories/oceankit-internal-modes-beta7/ClassAnnotations-1.2.1/@CAAnnotatedClass/addPropertyAnnotation.m,M-function,10,0.0554195417639875,0.0229289583735983,0.0324905833903892,0.00554195417639875,0.00324905833903892,0.586265825306807,0,0,2,2,17,0,1,0
"/private/tmp/wvm42-before/WVOperation.m>WVOperation.WVOperation","WVOperation>WVOperation.WVOperation",/private/tmp/wvm42-before/WVOperation.m,M-method,17,0.00743345834638704,7.99166668070063e-05,0.00735354167958003,0.000437262255669826,0.000432561275269414,0.989249059713121,0,0,1,2,17,0,0,1
"/private/tmp/wvm42-before/@WVTransform/WVTransform.m>WVTransform.WVTransform","WVTransform.WVTransform>WVTransform.WVTransform",/private/tmp/wvm42-before/@WVTransform/WVTransform.m,M-method,1,0.0730370417949251,0.0715064167922373,0.00153062500268787,0.0730370417949251,0.00153062500268787,0.0209568318359003,0,0,7,1,21,0,0,1
"/Users/jearly/Documents/OceanKitRepositories/oceankit-internal-modes-beta7/ClassAnnotations-1.2.1/@CAAnnotatedClass/annotatedDimensionNames.m>annotatedDimensionNames","CAAnnotatedClass.annotatedDimensionNames",/Users/jearly/Documents/OceanKitRepositories/oceankit-internal-modes-beta7/ClassAnnotations-1.2.1/@CAAnnotatedClass/annotatedDimensionNames.m,M-function,99,0.00276733333819298,0.000284666667166562,0.00248266667102641,2.79528620019493e-05,2.50774411214789e-05,0.897133220910624,0,0,1,1,8,0,1,0
"/Users/jearly/Documents/OceanKitRepositories/oceankit-internal-modes-beta7/ClassAnnotations-1.2.1/@CAAnnotatedClass/annotatedPropertyNames.m>annotatedPropertyNames","CAAnnotatedClass.annotatedPropertyNames",/Users/jearly/Documents/OceanKitRepositories/oceankit-internal-modes-beta7/ClassAnnotations-1.2.1/@CAAnnotatedClass/annotatedPropertyNames.m,M-function,99,0.00258841667121212,0.000294833333851083,0.00229358333736104,2.61456229415366e-05,2.31675084581923e-05,0.886095103184057,0,0,1,1,8,0,1,0
"/private/tmp/wvm42-before/@WVTransform/addFlowComponent.m>addFlowComponent","WVTransform.addFlowComponent",/private/tmp/wvm42-before/@WVTransform/addFlowComponent.m,M-function,6,0.0969905418369893,0.0939628334983391,0.00302770833865021,0.0161650903061649,0.000504618056441702,0.0312165318525474,0,0,5,1,12,0,0,1
"/Applications/MATLAB_R2026a.app/toolbox/matlab/mathvalidator/mustBeNonempty.m>mustBeNonempty","mustBeNonempty",/Applications/MATLAB_R2026a.app/toolbox/matlab/mathvalidator/mustBeNonempty.m,M-function,348,0.00128062500224887,0,0.00128062500224887,3.679956903014e-06,3.679956903014e-06,1,1,0,0,9,2,0,1,0
"/private/tmp/wvm42-before/@WVTransform/WVTransform.m>WVTransform.updateDependentVariablesNameMap","WVTransform.WVTransform>WVTransform.updateDependentVariablesNameMap",/private/tmp/wvm42-before/@WVTransform/WVTransform.m,M-method,8,0.0257536250452253,0.00317133333890243,0.0225822917063229,0.00321920313065316,0.00282278646329036,0.876858759365591,0,0,1,2,14,0,0,1
"/Users/jearly/Documents/OceanKitRepositories/oceankit-internal-modes-beta7/ClassAnnotations-1.2.1/@CAAnnotatedClass/CAAnnotatedClass.m>CAAnnotatedClass.propertyAnnotations","CAAnnotatedClass.CAAnnotatedClass>CAAnnotatedClass.propertyAnnotations",/Users/jearly/Documents/OceanKitRepositories/oceankit-internal-modes-beta7/ClassAnnotations-1.2.1/@CAAnnotatedClass/CAAnnotatedClass.m,M-method,8,0.00317133333890243,0,0.00317133333890243,0.000396416667362804,0.000396416667362804,1,1,0,0,1,8,0,1,0
"/private/tmp/wvm42-before/@WVTransform/WVTransform.m>@(varargin)self.updateDependentVariablesNameMap(varargin{:})","WVTransform.WVTransform>@(varargin)self.updateDependentVariablesNameMap(varargin{:})",/private/tmp/wvm42-before/@WVTransform/WVTransform.m,M-anonymous-function,7,0.0228705833734958,0.0223815833726371,0.000489000000858723,0.00326722619621368,6.98571429798175e-05,0.0213811774222346,0,0,1,1,0,0,0,1
"/private/tmp/wvm42-before/@WVTransformFreeSurfaceBoussinesq/WVTransformFreeSurfaceBoussinesq.m>WVTransformFreeSurfaceBoussinesq.coefficientAnnotations","WVTransformFreeSurfaceBoussinesq.WVTransformFreeSurfaceBoussinesq>WVTransformFreeSurfaceBoussinesq.coefficientAnnotations",/private/tmp/wvm42-before/@WVTransformFreeSurfaceBoussinesq/WVTransformFreeSurfaceBoussinesq.m,M-method,14,0.0517007084241236,0.0486579167521136,0.00304279167201004,0.00369290774458026,0.000217342262286431,0.0588539647667626,0,0,1,2,8,0,0,1
"/private/tmp/wvm42-before/@WVTransformFreeSurfaceQG/WVTransformFreeSurfaceQG.m>WVTransformFreeSurfaceQG.prototypeCoefficientAnnotations","WVTransformFreeSurfaceQG.WVTransformFreeSurfaceQG>WVTransformFreeSurfaceQG.prototypeCoefficientAnnotations",/private/tmp/wvm42-before/@WVTransformFreeSurfaceQG/WVTransformFreeSurfaceQG.m,M-method,2,0.00676012501187128,0.00641262501126105,0.000347500000610236,0.00338006250593564,0.000173750000305118,0.0514043749191028,0,0,1,1,5,0,0,1
"/private/tmp/wvm42-before/@WVTransformFreeSurfaceBoussinesq/WVTransformFreeSurfaceBoussinesq.m>WVTransformFreeSurfaceBoussinesq.coefficientStateAnnotations","WVTransformFreeSurfaceBoussinesq.WVTransformFreeSurfaceBoussinesq>WVTransformFreeSurfaceBoussinesq.coefficientStateAnnotations",/private/tmp/wvm42-before/@WVTransformFreeSurfaceBoussinesq/WVTransformFreeSurfaceBoussinesq.m,M-method,12,0.0250705000440257,0.0248326667102747,0.000237833333750988,0.00208920833700214,1.9819444479249e-05,0.00948658117442155,0,0,1,2,2,0,0,1
"/private/tmp/wvm42-before/@WVTransform/optimizedTransformsForFlowComponent.m>optimizedTransformsForFlowComponent","WVTransform.optimizedTransformsForFlowComponent",/private/tmp/wvm42-before/@WVTransform/optimizedTransformsForFlowComponent.m,M-function,2,0.000143250000251558,0,0.000143250000251558,7.16250001257788e-05,7.16250001257788e-05,1,1,0,0,1,12,0,0,1
"/private/tmp/wvm42-before/+WVInternal/@FreeSurfaceFieldOperation/FreeSurfaceFieldOperation.m>FreeSurfaceFieldOperation.FreeSurfaceFieldOperation","FreeSurfaceFieldOperation.FreeSurfaceFieldOperation>FreeSurfaceFieldOperation.FreeSurfaceFieldOperation",/private/tmp/wvm42-before/+WVInternal/@FreeSurfaceFieldOperation/FreeSurfaceFieldOperation.m,M-method,7,0.00361075000634075,0.00322695833900011,0.000383791667340633,0.000515821429477249,5.48273810486619e-05,0.106291398370606,0,0,1,1,4,0,0,1
"/private/tmp/wvm42-before/@WVTransform/propertyAnnotationForKnownVariable.m>propertyAnnotationForKnownVariable","WVTransform.propertyAnnotationForKnownVariable",/private/tmp/wvm42-before/@WVTransform/propertyAnnotationForKnownVariable.m,M-function,2,0.0278670000489365,0.0260796250457978,0.00178737500313876,0.0139335000244683,0.00089368750156938,0.0641394839774643,0,0,1,1,18,0,0,1
"/private/tmp/wvm42-before/@WVTransformFreeSurfaceQG/WVTransformFreeSurfaceQG.m>WVTransformFreeSurfaceQG.classDefinedPropertyAnnotations","WVTransformFreeSurfaceQG.WVTransformFreeSurfaceQG>WVTransformFreeSurfaceQG.classDefinedPropertyAnnotations",/private/tmp/wvm42-before/@WVTransformFreeSurfaceQG/WVTransformFreeSurfaceQG.m,M-method,2,0.0806075001415528,0.0805403751414349,6.71250001178791e-05,0.0403037500707764,3.35625000589396e-05,0.000832738889061224,0,0,1,1,2,0,0,1
"/private/tmp/wvm42-before/@WVTransformFreeSurfaceBoussinesq/WVTransformFreeSurfaceBoussinesq.m>WVTransformFreeSurfaceBoussinesq.WVTransformFreeSurfaceBoussinesq","WVTransformFreeSurfaceBoussinesq.WVTransformFreeSurfaceBoussinesq>WVTransformFreeSurfaceBoussinesq.WVTransformFreeSurfaceBoussinesq",/private/tmp/wvm42-before/@WVTransformFreeSurfaceBoussinesq/WVTransformFreeSurfaceBoussinesq.m,M-method,1,0.530530250931651,0.517476375908727,0.0130538750229234,0.530530250931651,0.0130538750229234,0.0246053358880099,0,0,15,1,53,0,0,1
"/private/tmp/wvm42-before/@WVTransformFreeSurfaceBoussinesq/WVTransformFreeSurfaceBoussinesq.m>WVTransformFreeSurfaceBoussinesq.scientificPropertyNames","WVTransformFreeSurfaceBoussinesq.WVTransformFreeSurfaceBoussinesq>WVTransformFreeSurfaceBoussinesq.scientificPropertyNames",/private/tmp/wvm42-before/@WVTransformFreeSurfaceBoussinesq/WVTransformFreeSurfaceBoussinesq.m,M-method,4,1.94583333675036e-05,0,1.94583333675036e-05,4.8645833418759e-06,4.8645833418759e-06,1,1,0,0,2,2,0,0,1
"/Applications/MATLAB_R2026a.app/toolbox/matlab/ops/@cell/unique.m>unique","cell.unique",/Applications/MATLAB_R2026a.app/toolbox/matlab/ops/@cell/unique.m,M-function,5,0.00146258333590174,0.000475083334167615,0.000987500001734123,0.000292516667180348,0.000197500000346825,0.675175203692097,0,0,1,2,40,0,1,0
"/Applications/MATLAB_R2026a.app/toolbox/matlab/ops/+matlab/+internal/+math/partialMatchString.m>partialMatchString","partialMatchString",/Applications/MATLAB_R2026a.app/toolbox/matlab/ops/+matlab/+internal/+math/partialMatchString.m,M-function,5,0.000475083334167615,0,0.000475083334167615,9.5016666833523e-05,9.5016666833523e-05,1,1,0,0,1,12,0,1,0
"/Applications/MATLAB_R2026a.app/toolbox/matlab/ops/@cell/union.m>cellunionR2012a","cell.union>cellunionR2012a",/Applications/MATLAB_R2026a.app/toolbox/matlab/ops/@cell/union.m,M-subfunction,1,0.000789333334719461,0.000661583334495123,0.000127750000224338,0.000789333334719461,0.000127750000224338,0.161845439189189,0,0,1,1,23,0,1,0
"/Applications/MATLAB_R2026a.app/toolbox/matlab/ops/@cell/setdiff.m>cellsetdiffR2012a","cell.setdiff>cellsetdiffR2012a",/Applications/MATLAB_R2026a.app/toolbox/matlab/ops/@cell/setdiff.m,M-subfunction,2,0.0011195833352994,0.000801000001406616,0.000318583333892789,0.000559791667649702,0.000159291666946395,0.284555266096018,0,0,1,1,37,0,1,0
"/Applications/MATLAB_R2026a.app/toolbox/matlab/ops/@cell/setdiff.m>setdiff","cell.setdiff",/Applications/MATLAB_R2026a.app/toolbox/matlab/ops/@cell/setdiff.m,M-function,2,0.00125875000221046,0.0011195833352994,0.000139166666911054,0.000629375001105229,6.95833334555269e-05,0.110559417411453,0,0,1,1,10,0,1,0
"/private/tmp/wvm42-before/@WVGeometryDoublyPeriodic/WVGeometryDoublyPeriodic.m>WVGeometryDoublyPeriodic.get.Nk_dft","WVGeometryDoublyPeriodic.WVGeometryDoublyPeriodic>WVGeometryDoublyPeriodic.get.Nk_dft",/private/tmp/wvm42-before/@WVGeometryDoublyPeriodic/WVGeometryDoublyPeriodic.m,M-method,6,6.40416667791286e-05,0,6.40416667791286e-05,1.06736111298548e-05,1.06736111298548e-05,1,1,0,0,1,2,0,0,1
"/private/tmp/wvm42-before/@WVGeometryDoublyPeriodic/WVGeometryDoublyPeriodic.m>WVGeometryDoublyPeriodic.get.Nl_dft","WVGeometryDoublyPeriodic.WVGeometryDoublyPeriodic>WVGeometryDoublyPeriodic.get.Nl_dft",/private/tmp/wvm42-before/@WVGeometryDoublyPeriodic/WVGeometryDoublyPeriodic.m,M-method,6,5.39583334280882e-05,0,5.39583334280882e-05,8.99305557134803e-06,8.99305557134803e-06,1,1,0,0,1,2,0,0,1
"/private/tmp/wvm42-before/@WVGeometryDoublyPeriodic/WVGeometryDoublyPeriodic.m>WVGeometryDoublyPeriodic.get.k_dft","WVGeometryDoublyPeriodic.WVGeometryDoublyPeriodic>WVGeometryDoublyPeriodic.get.k_dft",/private/tmp/wvm42-before/@WVGeometryDoublyPeriodic/WVGeometryDoublyPeriodic.m,M-method,4,0.000312875000549432,0,0.000312875000549432,7.82187501373579e-05,7.82187501373579e-05,1,1,0,0,1,2,0,0,1
"/private/tmp/wvm42-before/@WVGeometryDoublyPeriodic/WVGeometryDoublyPeriodic.m>WVGeometryDoublyPeriodic.get.l_dft","WVGeometryDoublyPeriodic.WVGeometryDoublyPeriodic>WVGeometryDoublyPeriodic.get.l_dft",/private/tmp/wvm42-before/@WVGeometryDoublyPeriodic/WVGeometryDoublyPeriodic.m,M-method,4,0.000269333333806303,0,0.000269333333806303,6.73333334515757e-05,6.73333334515757e-05,1,1,0,0,1,2,0,0,1
"/private/tmp/wvm42-before/@WVGeometryDoublyPeriodic/WVGeometryDoublyPeriodic.m>WVGeometryDoublyPeriodic.get.kMode_wv","WVGeometryDoublyPeriodic.WVGeometryDoublyPeriodic>WVGeometryDoublyPeriodic.get.kMode_wv",/private/tmp/wvm42-before/@WVGeometryDoublyPeriodic/WVGeometryDoublyPeriodic.m,M-method,2,0.000665583334502147,0.000483125000848403,0.000182458333653744,0.000332791667251074,9.12291668268718e-05,0.274132966069863,0,0,3,1,3,0,0,1
"/private/tmp/wvm42-before/@WVGeometryDoublyPeriodic/WVGeometryDoublyPeriodic.m>WVGeometryDoublyPeriodic.get.lMode_wv","WVGeometryDoublyPeriodic.WVGeometryDoublyPeriodic>WVGeometryDoublyPeriodic.get.lMode_wv",/private/tmp/wvm42-before/@WVGeometryDoublyPeriodic/WVGeometryDoublyPeriodic.m,M-method,2,0.000372791667321317,0.000235708333747255,0.000137083333574062,0.000186395833660658,6.8541666787031e-05,0.367721023806863,0,0,3,1,3,0,0,1
"/Applications/MATLAB_R2026a.app/toolbox/matlab/elmat/ndgrid.m>ndgrid","ndgrid",/Applications/MATLAB_R2026a.app/toolbox/matlab/elmat/ndgrid.m,M-function,10,0.00113300000198963,0,0.00113300000198963,0.000113300000198963,0.000113300000198963,1,1,0,0,5,25,0,1,0
"/Applications/MATLAB_R2026a.app/toolbox/matlab/datafun/sortrows.m>sortrows","sortrows",/Applications/MATLAB_R2026a.app/toolbox/matlab/datafun/sortrows.m,M-function,2,0.00252875000444067,2.81250000493896e-05,0.00250062500439128,0.00126437500222034,0.00125031250219564,0.988877904102818,0,0,1,1,8,0,1,0
"/Applications/MATLAB_R2026a.app/toolbox/matlab/datafun/sortrows.m>canCallBuiltinHelper","sortrows>canCallBuiltinHelper",/Applications/MATLAB_R2026a.app/toolbox/matlab/datafun/sortrows.m,M-subfunction,2,2.81250000493896e-05,0,2.81250000493896e-05,1.40625000246948e-05,1.40625000246948e-05,1,1,0,0,1,2,0,1,0
"/Applications/MATLAB_R2026a.app/toolbox/matlab/elmat/sub2ind.m>sub2ind","sub2ind",/Applications/MATLAB_R2026a.app/toolbox/matlab/elmat/sub2ind.m,M-function,32768,0.24327575042721,0,0.24327575042721,7.42418671958039e-06,7.42418671958039e-06,1,1,0,0,1,41,0,1,0
"/private/tmp/wvm42-before/FastTransforms/WVFourierStorageLayout.m>validateCompressedDimension","WVFourierStorageLayout>validateCompressedDimension",/private/tmp/wvm42-before/FastTransforms/WVFourierStorageLayout.m,M-subfunction,2,3.05833333870399e-05,0,3.05833333870399e-05,1.529166669352e-05,1.529166669352e-05,1,1,0,0,1,5,0,0,1
"/private/tmp/wvm42-before/@WVGeometryDoublyPeriodic/WVGeometryDoublyPeriodic.m>WVGeometryDoublyPeriodic.get.Nkl","WVGeometryDoublyPeriodic.WVGeometryDoublyPeriodic>WVGeometryDoublyPeriodic.get.Nkl",/private/tmp/wvm42-before/@WVGeometryDoublyPeriodic/WVGeometryDoublyPeriodic.m,M-method,2,2.60833333791376e-05,0,2.60833333791376e-05,1.30416666895688e-05,1.30416666895688e-05,1,1,0,0,1,2,0,0,1
"/private/tmp/wvm42-before/@WVGeometryDoublyPeriodic/WVGeometryDoublyPeriodic.m>WVGeometryDoublyPeriodic.get.kMode_dft","WVGeometryDoublyPeriodic.WVGeometryDoublyPeriodic>WVGeometryDoublyPeriodic.get.kMode_dft",/private/tmp/wvm42-before/@WVGeometryDoublyPeriodic/WVGeometryDoublyPeriodic.m,M-method,4,0.00020625000036219,0,0.00020625000036219,5.15625000905476e-05,5.15625000905476e-05,1,1,0,0,2,2,0,0,1
"/private/tmp/wvm42-before/@WVGeometryDoublyPeriodic/WVGeometryDoublyPeriodic.m>WVGeometryDoublyPeriodic.get.lMode_dft","WVGeometryDoublyPeriodic.WVGeometryDoublyPeriodic>WVGeometryDoublyPeriodic.get.lMode_dft",/private/tmp/wvm42-before/@WVGeometryDoublyPeriodic/WVGeometryDoublyPeriodic.m,M-method,4,0.000168750000296338,0,0.000168750000296338,4.21875000740844e-05,4.21875000740844e-05,1,1,0,0,2,2,0,0,1
"/private/tmp/wvm42-before/FastTransforms/WVFourierStorageLayout.m>WVFourierStorageLayout.wvModeMappings","WVFourierStorageLayout>WVFourierStorageLayout.wvModeMappings",/private/tmp/wvm42-before/FastTransforms/WVFourierStorageLayout.m,M-method,2,0.000776791668030771,0.000561416667652556,0.000215375000378215,0.000388395834015385,0.000107687500189107,0.277262243201202,0,0,1,1,12,0,0,1
"/private/tmp/wvm42-before/FastTransforms/WVFourierStorageLayout.m>WVFourierStorageLayout.fourierRowIndicesForModeNumbers","WVFourierStorageLayout>WVFourierStorageLayout.fourierRowIndicesForModeNumbers",/private/tmp/wvm42-before/FastTransforms/WVFourierStorageLayout.m,M-method,6,0.000897250001575638,0,0.000897250001575638,0.000149541666929273,0.000149541666929273,1,1,0,0,2,6,0,0,1
"/private/tmp/wvm42-before/FastTransforms/WVFourierStorageLayout.m>WVFourierStorageLayout.wvIndicesForDirectFourierRows","WVFourierStorageLayout>WVFourierStorageLayout.wvIndicesForDirectFourierRows",/private/tmp/wvm42-before/FastTransforms/WVFourierStorageLayout.m,M-method,2,0.00261504167125887,0,0.00261504167125887,0.00130752083562944,0.00130752083562944,1,1,0,0,1,8,0,0,1
"/Applications/MATLAB_R2026a.app/toolbox/matlab/elmat/+matlab/+internal/+builtinhelper/repmat.m>repmat","repmat",/Applications/MATLAB_R2026a.app/toolbox/matlab/elmat/+matlab/+internal/+builtinhelper/repmat.m,M-function,8015,0.104951208517635,0.0328281667243154,0.0721230417933201,1.30943491600294e-05,8.99850802162446e-06,0.687205443481872,0,0,1,1,37,0,1,0
"/Applications/MATLAB_R2026a.app/toolbox/matlab/elmat/+matlab/+internal/+builtinhelper/repmat.m>checkSizesType","repmat>checkSizesType",/Applications/MATLAB_R2026a.app/toolbox/matlab/elmat/+matlab/+internal/+builtinhelper/repmat.m,M-subfunction,14886,0.0328281667243154,0,0.0328281667243154,2.20530476449788e-06,2.20530476449788e-06,1,1,0,0,1,6,0,1,0
"/Applications/MATLAB_R2026a.app/toolbox/matlab/elmat/repmat.m>repmat","repmat",/Applications/MATLAB_R2026a.app/toolbox/matlab/elmat/repmat.m,M-function,8015,0.136001458572162,0.104951208517635,0.0310502500545266,1.69683666340814e-05,3.87401747405197e-06,0.228308213606778,0,0,1,8,3,0,1,0
"/private/tmp/wvm42-before/FastTransforms/WVFourierStorageLayout.m>WVFourierStorageLayout.mappingMemoryUsage","WVFourierStorageLayout>WVFourierStorageLayout.mappingMemoryUsage",/private/tmp/wvm42-before/FastTransforms/WVFourierStorageLayout.m,M-method,2,0.00252429167109951,0.00127941666891342,0.00124487500218609,0.00126214583554976,0.000622437501093047,0.49315814667481,0,0,1,1,8,0,0,1
"/Applications/MATLAB_R2026a.app/toolbox/matlab/datatypes/tabular/@table/table.m>table.table","table.table>table.table",/Applications/MATLAB_R2026a.app/toolbox/matlab/datatypes/tabular/@table/table.m,M-method,1727,0.549485750964938,0.47887679250761,0.070608958457328,0.000318173567437717,4.08853262636525e-05,0.128500071809566,0,0,7,7,47,0,1,0
"/Users/jearly/Documents/OceanKitRepositories/oceankit-internal-modes-beta7/InternalModes-2.0.0-beta.7/assessModeConvergence.m>scalarError","assessModeConvergence>scalarError",/Users/jearly/Documents/OceanKitRepositories/oceankit-internal-modes-beta7/InternalModes-2.0.0-beta.7/assessModeConvergence.m,M-subfunction,572,0.0125162083553127,0.00842970834813653,0.0040865000071762,2.18814831386586e-05,7.14423078177657e-06,0.32649664268665,0,0,1,1,7,0,0,1
"/private/tmp/wvm42-before/+WVInternal/assessWaveModeConstruction.m>assessWaveModeConstruction","assessWaveModeConstruction",/private/tmp/wvm42-before/+WVInternal/assessWaveModeConstruction.m,M-function,1,12.726868564016,11.1229578945327,1.60391066948325,12.726868564016,1.60391066948325,0.126025554630002,0,0,9,1,73,0,0,1
"/private/tmp/wvm42-before/+WVInternal/selectFreeSurfaceWaveCounts.m>selectFreeSurfaceWaveCounts","selectFreeSurfaceWaveCounts",/private/tmp/wvm42-before/+WVInternal/selectFreeSurfaceWaveCounts.m,M-function,1,0.172972208637085,0.131891625231612,0.0410805834054739,0.172972208637085,0.0410805834054739,0.237498172273821,0,0,8,1,88,0,0,1
"/private/tmp/wvm42-before/@WVTransform/addOperation.m>outputAnnotationsForOperations","WVTransform.addOperation>outputAnnotationsForOperations",/private/tmp/wvm42-before/@WVTransform/addOperation.m,M-subfunction,14,0.00388350000681971,0.00218408333716875,0.00169941666965097,0.00027739285762998,0.000121386904975069,0.437599244667611,0,0,2,1,14,0,0,1
"/private/tmp/wvm42-before/FastTransforms/WVFourierStorageLayout.m>WVFourierStorageLayout.calculateMappingMemoryBytes","WVFourierStorageLayout>WVFourierStorageLayout.calculateMappingMemoryBytes",/private/tmp/wvm42-before/FastTransforms/WVFourierStorageLayout.m,M-method,2,0.00264983333798664,0.00252429167109951,0.000125541666887127,0.00132491666899332,6.27708334435637e-05,0.0473771935341846,0,0,1,1,3,0,0,1
"/private/tmp/wvm42-before/FastTransforms/@WVFastTransformDoublyPeriodicMatlab/WVFastTransformDoublyPeriodicMatlab.m>WVFastTransformDoublyPeriodicMatlab.WVFastTransformDoublyPeriodicMatlab","WVFastTransformDoublyPeriodicMatlab.WVFastTransformDoublyPeriodicMatlab>WVFastTransformDoublyPeriodicMatlab.WVFastTransformDoublyPeriodicMatlab",/private/tmp/wvm42-before/FastTransforms/@WVFastTransformDoublyPeriodicMatlab/WVFastTransformDoublyPeriodicMatlab.m,M-method,2,0.0170416250299264,0.0164950000289664,0.000546625000959915,0.00852081251496318,0.000273312500479957,0.0320758730461444,0,0,2,1,5,0,0,1
"/Applications/MATLAB_R2026a.app/toolbox/matlab/datafun/mean.m>mean","mean",/Applications/MATLAB_R2026a.app/toolbox/matlab/datafun/mean.m,M-function,569,0.00931441668302348,0.003697833339827,0.00561658334319647,1.63698008488989e-05,9.87097248364934e-06,0.602998935342167,0,0,2,1,21,0,1,0
"/Applications/MATLAB_R2026a.app/toolbox/matlab/datafun/+matlab/+internal/+math/firstNonSingletonDim.m>firstNonSingletonDim","firstNonSingletonDim",/Applications/MATLAB_R2026a.app/toolbox/matlab/datafun/+matlab/+internal/+math/firstNonSingletonDim.m,M-function,569,0.00244275000428965,0,0.00244275000428965,4.29305800402399e-06,4.29305800402399e-06,1,1,0,0,1,9,0,1,0
"/Applications/MATLAB_R2026a.app/toolbox/matlab/datafun/mean.m>mysize","mean>mysize",/Applications/MATLAB_R2026a.app/toolbox/matlab/datafun/mean.m,M-subfunction,569,0.00125508333553735,0,0.00125508333553735,2.20577036122558e-06,2.20577036122558e-06,1,1,0,0,1,6,0,1,0
"/private/tmp/wvm42-before/+WVInternal/buildFreeSurfaceBalancedState.m>uniqueWavenumberPages","buildFreeSurfaceBalancedState>uniqueWavenumberPages",/private/tmp/wvm42-before/+WVInternal/buildFreeSurfaceBalancedState.m,M-subfunction,1,0.0189894167000135,0.00931441668302348,0.00967500001699002,0.0189894167000135,0.00967500001699002,0.509494323592527,0,0,1,1,16,0,0,1
"/Users/jearly/Documents/OceanKitRepositories/oceankit-internal-modes-beta7/InternalModes-2.0.0-beta.7/@IMEigenvalueProblem/IMEigenvalueProblem.m>IMEigenvalueProblem.expandCoefficient","IMEigenvalueProblem.IMEigenvalueProblem>IMEigenvalueProblem.expandCoefficient",/Users/jearly/Documents/OceanKitRepositories/oceankit-internal-modes-beta7/InternalModes-2.0.0-beta.7/@IMEigenvalueProblem/IMEigenvalueProblem.m,M-method,30,0.000972208335040603,0.000110166666860128,0.000862041668180476,3.24069445013535e-05,2.87347222726825e-05,0.886684095487078,0,0,1,1,11,0,0,1
"/Users/jearly/Documents/OceanKitRepositories/oceankit-internal-modes-beta7/InternalModes-2.0.0-beta.7/@IMBasisSet/IMBasisSet.m>IMBasisSet.addVectorNormalization","IMBasisSet.IMBasisSet>IMBasisSet.addVectorNormalization",/Users/jearly/Documents/OceanKitRepositories/oceankit-internal-modes-beta7/InternalModes-2.0.0-beta.7/@IMBasisSet/IMBasisSet.m,M-method,5718,0.095467500167648,0.0598382084384137,0.0356292917292344,1.66959601552375e-05,6.23107585331136e-06,0.373208596293678,0,0,2,2,10,0,0,1
"/Applications/MATLAB_R2026a.app/toolbox/matlab/strfun/validators/mustBeTextScalar.m>mustBeTextScalar","mustBeTextScalar",/Applications/MATLAB_R2026a.app/toolbox/matlab/strfun/validators/mustBeTextScalar.m,M-function,62115,0.131746958564691,0,0.131746958564691,2.12101680052629e-06,2.12101680052629e-06,1,1,0,0,36,3,0,1,0
"/Users/jearly/Documents/OceanKitRepositories/oceankit-internal-modes-beta7/InternalModes-2.0.0-beta.7/@IMBoundaryCondition/IMBoundaryCondition.m>IMBoundaryCondition.dirichlet","IMBoundaryCondition.IMBoundaryCondition>IMBoundaryCondition.dirichlet",/Users/jearly/Documents/OceanKitRepositories/oceankit-internal-modes-beta7/InternalModes-2.0.0-beta.7/@IMBoundaryCondition/IMBoundaryCondition.m,M-method,2,0.000715125001255813,0.000640208334457587,7.4916666798226e-05,0.000357562500627906,3.7458333399113e-05,0.104760240051273,0,0,1,1,2,0,0,1
"/Users/jearly/Documents/OceanKitRepositories/oceankit-internal-modes-beta7/InternalModes-2.0.0-beta.7/@IMBoundaryCondition/IMBoundaryCondition.m>IMBoundaryCondition.activityTolerance","IMBoundaryCondition.IMBoundaryCondition>IMBoundaryCondition.activityTolerance",/Users/jearly/Documents/OceanKitRepositories/oceankit-internal-modes-beta7/InternalModes-2.0.0-beta.7/@IMBoundaryCondition/IMBoundaryCondition.m,M-method,21794,0.483136750848424,0,0.483136750848424,2.21683376547868e-05,2.21683376547868e-05,1,1,0,0,1,2,0,0,1
"/Users/jearly/Documents/OceanKitRepositories/oceankit-internal-modes-beta7/InternalModes-2.0.0-beta.7/@IMEigenvalueProblem/IMEigenvalueProblem.m>IMEigenvalueProblem.endpointNegativeDirections","IMEigenvalueProblem.IMEigenvalueProblem>IMEigenvalueProblem.endpointNegativeDirections",/Users/jearly/Documents/OceanKitRepositories/oceankit-internal-modes-beta7/InternalModes-2.0.0-beta.7/@IMEigenvalueProblem/IMEigenvalueProblem.m,M-method,1144,0.170090000298691,0.144021416919579,0.0260685833791117,0.000148680070191163,2.27872232334893e-05,0.153263468359888,0,0,4,1,21,0,0,1
"/Users/jearly/Documents/OceanKitRepositories/oceankit-internal-modes-beta7/InternalModes-2.0.0-beta.7/@IMInternalModes/IMInternalModes.m>IMInternalModes.solvedInnerProductAvailability","IMInternalModes.IMInternalModes>IMInternalModes.solvedInnerProductAvailability",/Users/jearly/Documents/OceanKitRepositories/oceankit-internal-modes-beta7/InternalModes-2.0.0-beta.7/@IMInternalModes/IMInternalModes.m,M-method,6893,0.490830542528602,0.400628875703534,0.0902016668250675,7.12071003233137e-05,1.30859809698343e-05,0.183773540987033,0,0,1,1,11,0,0,1
"/Users/jearly/Documents/OceanKitRepositories/chebfun/@chebfun/isdelta.m>@(f)isdelta(f)","chebfun.isdelta>@(f)isdelta(f)",/Users/jearly/Documents/OceanKitRepositories/chebfun/@chebfun/isdelta.m,M-anonymous-function,21,0.000506208334222273,7.46666667977869e-05,0.000431541667424486,2.41051587724892e-05,2.05496032106898e-05,0.85249814799572,0,0,1,1,0,0,1,0
"/Users/jearly/Documents/OceanKitRepositories/chebfun/@classicfun/isdelta.m>isdelta","classicfun.isdelta",/Users/jearly/Documents/OceanKitRepositories/chebfun/@classicfun/isdelta.m,M-function,21,7.46666667977869e-05,0,7.46666667977869e-05,3.55555556179938e-06,3.55555556179938e-06,1,1,0,0,1,2,0,1,0
"/Users/jearly/Documents/OceanKitRepositories/chebfun/@chebfun/isdelta.m>isdelta","chebfun.isdelta",/Users/jearly/Documents/OceanKitRepositories/chebfun/@chebfun/isdelta.m,M-function,21,0.00119075000209105,0.000506208334222273,0.000684541667868773,5.67023810519546e-05,3.25972222794654e-05,0.574882776961299,0,0,1,1,2,0,1,0
"/Users/jearly/Documents/OceanKitRepositories/chebfun/@classicfun/classicfun.m>classicfun.isPeriodicTech","classicfun.classicfun>classicfun.isPeriodicTech",/Users/jearly/Documents/OceanKitRepositories/chebfun/@classicfun/classicfun.m,M-method,21,0.000717208334592805,6.7750000118974e-05,0.00064945833447383,3.41527778377526e-05,3.09265873558967e-05,0.905536513100563,0,0,1,1,2,0,1,0
"/Users/jearly/Documents/OceanKitRepositories/chebfun/@smoothfun/smoothfun.m>smoothfun.isPeriodicTech","smoothfun.smoothfun>smoothfun.isPeriodicTech",/Users/jearly/Documents/OceanKitRepositories/chebfun/@smoothfun/smoothfun.m,M-method,21,6.7750000118974e-05,0,6.7750000118974e-05,3.22619048185591e-06,3.22619048185591e-06,1,1,0,0,1,2,0,1,0
"/Users/jearly/Documents/OceanKitRepositories/chebfun/@chebfun/isPeriodicTech.m>isPeriodicTech","chebfun.isPeriodicTech",/Users/jearly/Documents/OceanKitRepositories/chebfun/@chebfun/isPeriodicTech.m,M-function,21,0.00112608333531082,0.000717208334592805,0.000408875000718015,5.36230159671819e-05,1.94702381294293e-05,0.363094797602309,0,0,1,1,2,0,1,0
"/Users/jearly/Documents/OceanKitRepositories/chebfun/@mapping/mapping.m>@(x)(x-a)/(b-a)-(b-x)/(b-a)","mapping.mapping>@(x)(x-a)/(b-a)-(b-x)/(b-a)",/Users/jearly/Documents/OceanKitRepositories/chebfun/@mapping/mapping.m,M-anonymous-function,17508,0.01145737502012,0,0.01145737502012,6.54407986070368e-07,6.54407986070368e-07,1,1,0,0,1,0,0,1,0
"/Users/jearly/Documents/OceanKitRepositories/oceankit-internal-modes-beta7/InternalModes-2.0.0-beta.7/@IMSolverSpectral/IMSolverSpectral.m>IMSolverSpectral.zOfX","IMSolverSpectral.IMSolverSpectral>IMSolverSpectral.zOfX",/Users/jearly/Documents/OceanKitRepositories/oceankit-internal-modes-beta7/InternalModes-2.0.0-beta.7/@IMSolverSpectral/IMSolverSpectral.m,M-method,21,0.188589833664511,0.177505083645045,0.0110847500194657,0.00898046826973863,0.000527845239022175,0.0587770284541675,0,0,1,1,19,0,0,1
"/Users/jearly/Documents/OceanKitRepositories/oceankit-internal-modes-beta7/InternalModes-2.0.0-beta.7/@IMSolverSpectral/IMSolverSpectral.m>IMSolverSpectral.qAtZ","IMSolverSpectral.IMSolverSpectral>IMSolverSpectral.qAtZ",/Users/jearly/Documents/OceanKitRepositories/oceankit-internal-modes-beta7/InternalModes-2.0.0-beta.7/@IMSolverSpectral/IMSolverSpectral.m,M-method,5819,0.70832054291053,0.602277876057645,0.106042666852886,0.000121725475667732,1.82235206827437e-05,0.149709997704076,0,0,1,4,2,0,0,1
"/Users/jearly/Documents/OceanKitRepositories/oceankit-internal-modes-beta7/InternalModes-2.0.0-beta.7/@IMSolverSpectral/IMSolverSpectral.m>IMSolverSpectral.qzAtZ","IMSolverSpectral.IMSolverSpectral>IMSolverSpectral.qzAtZ",/Users/jearly/Documents/OceanKitRepositories/oceankit-internal-modes-beta7/InternalModes-2.0.0-beta.7/@IMSolverSpectral/IMSolverSpectral.m,M-method,3504,0.393454167357601,0.333281625585267,0.0601725417723342,0.000112287148218494,1.71725290446159e-05,0.152934056275085,0,0,1,2,2,0,0,1
"/Users/jearly/Documents/OceanKitRepositories/oceankit-internal-modes-beta7/InternalModes-2.0.0-beta.7/@IMSolverSpectral/IMSolverSpectral.m>IMSolverSpectral.xOfZ","IMSolverSpectral.IMSolverSpectral>IMSolverSpectral.xOfZ",/Users/jearly/Documents/OceanKitRepositories/oceankit-internal-modes-beta7/InternalModes-2.0.0-beta.7/@IMSolverSpectral/IMSolverSpectral.m,M-method,6944,0.686762667872673,0.660071334492468,0.0266913333802051,9.89001537835071e-05,3.84379800982217e-06,0.0388654401714709,0,0,1,2,7,0,0,1
"/Applications/MATLAB_R2026a.app/toolbox/matlab/datatypes/cell/mat2cell.m>mat2cell","mat2cell",/Applications/MATLAB_R2026a.app/toolbox/matlab/datatypes/cell/mat2cell.m,M-function,25,0.00231741667073622,0,0.00231741667073622,9.26966668294489e-05,9.26966668294489e-05,1,1,0,0,2,34,0,1,0
"/Users/jearly/Documents/OceanKitRepositories/chebfun/@chebfun/get.m>getSimpleNumericLocalProp","chebfun.get>getSimpleNumericLocalProp",/Users/jearly/Documents/OceanKitRepositories/chebfun/@chebfun/get.m,M-subfunction,23,0.00972041668373644,0.00890325001563477,0.000817166668101671,0.000422626812336367,3.55289855696379e-05,0.0840670410219039,0,0,4,1,12,0,1,0
"/Users/jearly/Documents/OceanKitRepositories/chebfun/@chebfun/get.m>canConvertCellOfCellsTo2DCellArray","chebfun.get>canConvertCellOfCellsTo2DCellArray",/Users/jearly/Documents/OceanKitRepositories/chebfun/@chebfun/get.m,M-subfunction,23,0.00064945833447383,0.000103416666848274,0.000546041667625556,2.82373188901665e-05,2.37409420706764e-05,0.840764739847309,0,0,1,1,2,0,1,0
"/Users/jearly/Documents/OceanKitRepositories/chebfun/@chebfun/get.m>@(C)size(C,1)","chebfun.get>@(C)size(C,1)",/Users/jearly/Documents/OceanKitRepositories/chebfun/@chebfun/get.m,M-anonymous-function,23,0.000103416666848274,0,0.000103416666848274,4.49637681949017e-06,4.49637681949017e-06,1,1,0,0,1,0,0,1,0
"/Users/jearly/Documents/OceanKitRepositories/chebfun/@chebfun/get.m>canConvert2DCellArrayToNumeric","chebfun.get>canConvert2DCellArrayToNumeric",/Users/jearly/Documents/OceanKitRepositories/chebfun/@chebfun/get.m,M-subfunction,23,0.000559250000982085,0,0.000559250000982085,2.43152174340037e-05,2.43152174340037e-05,1,1,0,0,1,13,0,1,0
"/Applications/MATLAB_R2026a.app/toolbox/matlab/datatypes/cell/cell2mat.m>cell2mat","cell2mat",/Applications/MATLAB_R2026a.app/toolbox/matlab/datatypes/cell/cell2mat.m,M-function,25,0.000725750001274471,0,0.000725750001274471,2.90300000509788e-05,2.90300000509788e-05,1,1,0,0,2,11,0,1,0
"/Users/jearly/Documents/OceanKitRepositories/chebfun/@chebfun/get.m>get","chebfun.get",/Users/jearly/Documents/OceanKitRepositories/chebfun/@chebfun/get.m,M-function,23,0.0105157916851332,0.00972041668373644,0.00079537500139674,0.000457208334136225,3.45815217998582e-05,0.075636245487937,0,0,1,1,17,0,1,0
"/Users/jearly/Documents/OceanKitRepositories/chebfun/@chebfun/thresholdBreakpointValues.m>thresholdBreakpointValues","chebfun.thresholdBreakpointValues",/Users/jearly/Documents/OceanKitRepositories/chebfun/@chebfun/thresholdBreakpointValues.m,M-function,21,0.0121972500214193,0.0112360833530647,0.000961166668354548,0.000580821429591394,4.57698413502166e-05,0.0788019157323715,0,0,1,1,6,0,1,0
"/Users/jearly/Documents/OceanKitRepositories/chebfun/@chebfun/minus.m>minus","chebfun.minus",/Users/jearly/Documents/OceanKitRepositories/chebfun/@chebfun/minus.m,M-function,21,0.017378166697184,0.0168859166963196,0.00049225000086443,0.000827531747484953,2.34404762316395e-05,0.0283257727608399,0,0,1,1,2,0,1,0
"/Users/jearly/Documents/OceanKitRepositories/chebfun/@chebfun/diff.m>diffContinuousDim/getDeltaMag","chebfun.diff>diffContinuousDim/getDeltaMag",/Users/jearly/Documents/OceanKitRepositories/chebfun/@chebfun/diff.m,M-nested-function,23,0.000419250000736234,0,0.000419250000736234,1.82282609015754e-05,1.82282609015754e-05,1,1,0,0,1,3,0,1,0
"/Users/jearly/Documents/OceanKitRepositories/chebfun/@chebfun/diff.m>diffContinuousDim/makeDeltaFun","chebfun.diff>diffContinuousDim/makeDeltaFun",/Users/jearly/Documents/OceanKitRepositories/chebfun/@chebfun/diff.m,M-nested-function,23,0.00028033333382562,0,0.00028033333382562,1.21884058185052e-05,1.21884058185052e-05,1,1,0,0,1,3,0,1,0
"/Users/jearly/Documents/OceanKitRepositories/oceankit-internal-modes-beta7/InternalModes-2.0.0-beta.7/@IMSolverSpectral/IMSolverSpectral.m>IMSolverSpectral.configuredForEVP","IMSolverSpectral.IMSolverSpectral>IMSolverSpectral.configuredForEVP",/Users/jearly/Documents/OceanKitRepositories/oceankit-internal-modes-beta7/InternalModes-2.0.0-beta.7/@IMSolverSpectral/IMSolverSpectral.m,M-method,19,0.521460500915723,0.518018167576345,0.00344233333937838,0.0274452895218802,0.000181175438914652,0.00660133094133378,0,0,2,8,14,0,0,1
"/Users/jearly/Documents/OceanKitRepositories/oceankit-internal-modes-beta7/InternalModes-2.0.0-beta.7/@IMSolverSpectral/IMSolverSpectral.m>IMSolverSpectral.configuredForGeostrophicZeroAPVModes","IMSolverSpectral.IMSolverSpectral>IMSolverSpectral.configuredForGeostrophicZeroAPVModes",/Users/jearly/Documents/OceanKitRepositories/oceankit-internal-modes-beta7/InternalModes-2.0.0-beta.7/@IMSolverSpectral/IMSolverSpectral.m,M-method,2,0.0274339583815094,0.0271605833810293,0.000273375000480063,0.0137169791907547,0.000136687500240032,0.00996483980468233,0,0,2,1,10,0,0,1
"/Users/jearly/Documents/OceanKitRepositories/oceankit-internal-modes-beta7/InternalModes-2.0.0-beta.7/@IMSolverSpectral/IMSolverSpectral.m>IMSolverSpectral.setupNativeGrid","IMSolverSpectral.IMSolverSpectral>IMSolverSpectral.setupNativeGrid",/Users/jearly/Documents/OceanKitRepositories/oceankit-internal-modes-beta7/InternalModes-2.0.0-beta.7/@IMSolverSpectral/IMSolverSpectral.m,M-method,21,0.271847458810718,0.249286500437766,0.022560958372952,0.0129451170862247,0.00107433135109295,0.0829912424844876,0,0,5,2,13,0,0,1
"/Users/jearly/Documents/OceanKitRepositories/oceankit-internal-modes-beta7/InternalModes-2.0.0-beta.7/@IMSolverSpectral/IMSolverSpectral.m>IMSolverSpectral.chebyshevPolynomialsAtNativePoints","IMSolverSpectral.IMSolverSpectral>IMSolverSpectral.chebyshevPolynomialsAtNativePoints",/Users/jearly/Documents/OceanKitRepositories/oceankit-internal-modes-beta7/InternalModes-2.0.0-beta.7/@IMSolverSpectral/IMSolverSpectral.m,M-method,6965,0.197667542013786,0.0989265835070558,0.0987409585067298,2.83801208921444e-05,1.41767348896956e-05,0.499530461606304,0,0,1,3,22,0,0,1
"/Users/jearly/Documents/OceanKitRepositories/oceankit-internal-modes-beta7/InternalModes-2.0.0-beta.7/@IMSolverSpectral/IMSolverSpectral.m>IMSolverSpectral.differentiateChebyshevBasis","IMSolverSpectral.IMSolverSpectral>IMSolverSpectral.differentiateChebyshevBasis",/Users/jearly/Documents/OceanKitRepositories/oceankit-internal-modes-beta7/InternalModes-2.0.0-beta.7/@IMSolverSpectral/IMSolverSpectral.m,M-method,4716,0.0989265835070558,0,0.0989265835070558,2.09767988776624e-05,2.09767988776624e-05,1,1,0,0,1,10,0,0,1
"/Users/jearly/Documents/OceanKitRepositories/oceankit-internal-modes-beta7/InternalModes-2.0.0-beta.7/@IMSolverSpectral/IMSolverSpectral.m>IMSolverSpectral.evaluateNativeModes","IMSolverSpectral.IMSolverSpectral>IMSolverSpectral.evaluateNativeModes",/Users/jearly/Documents/OceanKitRepositories/oceankit-internal-modes-beta7/InternalModes-2.0.0-beta.7/@IMSolverSpectral/IMSolverSpectral.m,M-method,8057,0.817427084768796,0.670857667844743,0.146569416924053,0.000101455515051359,1.81915622345853e-05,0.179305799446944,0,0,4,8,10,0,0,1
"/Users/jearly/Documents/OceanKitRepositories/oceankit-internal-modes-beta7/InternalModes-2.0.0-beta.7/@IMSolverSpectral/IMSolverSpectral.m>IMSolverSpectral.evaluatePhysicalDerivative","IMSolverSpectral.IMSolverSpectral>IMSolverSpectral.evaluatePhysicalDerivative",/Users/jearly/Documents/OceanKitRepositories/oceankit-internal-modes-beta7/InternalModes-2.0.0-beta.7/@IMSolverSpectral/IMSolverSpectral.m,M-method,3483,1.36927262740454,1.22474671048408,0.144525916920465,0.000393130240426226,4.14946646340697e-05,0.105549409246874,0,0,6,7,20,0,0,1
"/Applications/MATLAB_R2026a.app/toolbox/matlab/matfun/decomposition.m>parseInputs","decomposition>parseInputs",/Applications/MATLAB_R2026a.app/toolbox/matlab/matfun/decomposition.m,M-subfunction,1159,0.00821237501442154,0.00305333333869521,0.00515904167572633,7.08574203142497e-06,4.45128703686482e-06,0.628203371943764,0,0,2,1,29,0,1,0
"/Applications/MATLAB_R2026a.app/toolbox/matlab/matfun/decomposition.m>strncmpiWithInputCheck","decomposition>strncmpiWithInputCheck",/Applications/MATLAB_R2026a.app/toolbox/matlab/matfun/decomposition.m,M-subfunction,42,0.000528416667594606,0,0.000528416667594606,1.2581349228443e-05,1.2581349228443e-05,1,1,0,0,1,5,0,1,0
"/Applications/MATLAB_R2026a.app/toolbox/matlab/lang/validatestring.m>validatestring","validatestring",/Applications/MATLAB_R2026a.app/toolbox/matlab/lang/validatestring.m,M-function,21,0.00252491667110061,0.001849958336582,0.000674958334518611,0.000120234127195267,3.21408730723148e-05,0.267319053434107,0,0,2,1,8,0,1,0
"/Applications/MATLAB_R2026a.app/toolbox/matlab/lang/validatestring.m>checkInputs","validatestring>checkInputs",/Applications/MATLAB_R2026a.app/toolbox/matlab/lang/validatestring.m,M-subfunction,21,0.000293458333848668,0,0.000293458333848668,1.39742063737461e-05,1.39742063737461e-05,1,1,0,0,1,6,0,1,0
"/Applications/MATLAB_R2026a.app/toolbox/matlab/lang/validatestring.m>checkString","validatestring>checkString",/Applications/MATLAB_R2026a.app/toolbox/matlab/lang/validatestring.m,M-subfunction,21,0.00155650000273333,0.000192125000337386,0.00136437500239594,7.41190477492062e-05,6.49702382093307e-05,0.876566013491809,0,0,1,1,27,0,1,0
"/Applications/MATLAB_R2026a.app/toolbox/matlab/strfun/cellstr.m>cellstr","cellstr",/Applications/MATLAB_R2026a.app/toolbox/matlab/strfun/cellstr.m,M-function,21,0.000192125000337386,0,0.000192125000337386,9.14880953987551e-06,9.14880953987551e-06,1,1,0,0,1,4,0,1,0
"/Applications/MATLAB_R2026a.app/toolbox/matlab/matfun/decomposition.m>decomposition.decomposition","decomposition>decomposition.decomposition",/Applications/MATLAB_R2026a.app/toolbox/matlab/matfun/decomposition.m,M-method,1159,0.587965167699177,0.570045417667709,0.0179197500314685,0.000507303854787901,1.54613891557105e-05,0.0304775708084749,0,0,4,2,29,0,1,0
"/Applications/MATLAB_R2026a.app/toolbox/matlab/matfun/decomposition.m>chooseDecomposition","decomposition>chooseDecomposition",/Applications/MATLAB_R2026a.app/toolbox/matlab/matfun/decomposition.m,M-subfunction,1138,0.388166417348316,0.351986333951448,0.0361800833968682,0.000341095270077606,3.17926919128895e-05,0.0932076598589479,0,0,1,1,22,0,1,0
"/Applications/MATLAB_R2026a.app/toolbox/matlab/matfun/+matlab/+internal/+decomposition/DenseLU.m>DenseLU.DenseLU","DenseLU>DenseLU.DenseLU",/Applications/MATLAB_R2026a.app/toolbox/matlab/matfun/+matlab/+internal/+decomposition/DenseLU.m,M-method,1159,0.364280208973037,0,0.364280208973037,0.000314305616025053,0.000314305616025053,1,1,0,0,2,2,0,1,0
"/Applications/MATLAB_R2026a.app/toolbox/matlab/matfun/decomposition.m>decomposition.set.CheckCondition","decomposition>decomposition.set.CheckCondition",/Applications/MATLAB_R2026a.app/toolbox/matlab/matfun/decomposition.m,M-method,1159,0.161372750283383,0.145003375254637,0.0163693750287458,0.000139234469614653,1.41237058056478e-05,0.101438284964469,0,0,1,1,7,0,1,0
"/Applications/MATLAB_R2026a.app/toolbox/matlab/matfun/+matlab/+internal/+decomposition/DenseLU.m>DenseLU.rcond","DenseLU>DenseLU.rcond",/Applications/MATLAB_R2026a.app/toolbox/matlab/matfun/+matlab/+internal/+decomposition/DenseLU.m,M-method,1159,0.145003375254637,0,0.145003375254637,0.000125110763809005,0.000125110763809005,1,1,0,0,1,2,0,1,0
"/Users/jearly/Documents/OceanKitRepositories/oceankit-internal-modes-beta7/InternalModes-2.0.0-beta.7/@IMSolver/IMSolver.m>IMSolver.solveBoundaryValueSystems","IMSolver.IMSolver>IMSolver.solveBoundaryValueSystems",/Users/jearly/Documents/OceanKitRepositories/oceankit-internal-modes-beta7/InternalModes-2.0.0-beta.7/@IMSolver/IMSolver.m,M-method,1138,0.636245459450628,0.617910834418431,0.018334625032197,0.000559090913401255,1.61112697998216e-05,0.0288169051108485,0,0,2,1,3,0,0,1
"/Users/jearly/Documents/OceanKitRepositories/oceankit-internal-modes-beta7/InternalModes-2.0.0-beta.7/@IMEigenvalueProblem/IMEigenvalueProblem.m>IMEigenvalueProblem.assemble","IMEigenvalueProblem.IMEigenvalueProblem>IMEigenvalueProblem.assemble",/Users/jearly/Documents/OceanKitRepositories/oceankit-internal-modes-beta7/InternalModes-2.0.0-beta.7/@IMEigenvalueProblem/IMEigenvalueProblem.m,M-method,4,0.100519333509853,0.0982832918392595,0.00223604167059331,0.0251298333774632,0.000559010417648328,0.0222448915299875,0,0,2,1,7,0,0,1
"/Users/jearly/Documents/OceanKitRepositories/oceankit-internal-modes-beta7/InternalModes-2.0.0-beta.7/@IMEigenvalueProblem/IMEigenvalueProblem.m>IMEigenvalueProblem.definitenessDiagnostics","IMEigenvalueProblem.IMEigenvalueProblem>IMEigenvalueProblem.definitenessDiagnostics",/Users/jearly/Documents/OceanKitRepositories/oceankit-internal-modes-beta7/InternalModes-2.0.0-beta.7/@IMEigenvalueProblem/IMEigenvalueProblem.m,M-method,4,0.108376791856984,0.104719000183894,0.00365779167309001,0.0270941979642461,0.000914447918272502,0.0337506915495052,0,0,4,1,10,0,0,1
"/Users/jearly/Documents/OceanKitRepositories/oceankit-internal-modes-beta7/InternalModes-2.0.0-beta.7/@IMInternalModesBasis/IMInternalModesBasis.m>IMInternalModesBasis.depthNormFactors","IMInternalModesBasis.IMInternalModesBasis>IMInternalModesBasis.depthNormFactors",/Users/jearly/Documents/OceanKitRepositories/oceankit-internal-modes-beta7/InternalModes-2.0.0-beta.7/@IMInternalModesBasis/IMInternalModesBasis.m,M-method,8,0.00982391668391819,0.00791912501390657,0.00190479167001162,0.00122798958548977,0.000238098958751453,0.193893304605258,0,0,3,1,6,0,0,1
"/Users/jearly/Documents/OceanKitRepositories/oceankit-internal-modes-beta7/InternalModes-2.0.0-beta.7/@IMInternalModesBasis/IMInternalModesBasis.m>IMInternalModesBasis.variableGramMatrix","IMInternalModesBasis.IMInternalModesBasis>IMInternalModesBasis.variableGramMatrix",/Users/jearly/Documents/OceanKitRepositories/oceankit-internal-modes-beta7/InternalModes-2.0.0-beta.7/@IMInternalModesBasis/IMInternalModesBasis.m,M-method,14,0.117305833539331,0.104113875182832,0.0131919583564994,0.00837898810995222,0.000942282739749957,0.112457820369831,0,0,10,2,32,0,0,1
"/Users/jearly/Documents/OceanKitRepositories/oceankit-internal-modes-beta7/InternalModes-2.0.0-beta.7/@IMSolverSpectral/IMSolverSpectral.m>IMSolverSpectral.boundsCoverDomain","IMSolverSpectral.IMSolverSpectral>IMSolverSpectral.boundsCoverDomain",/Users/jearly/Documents/OceanKitRepositories/oceankit-internal-modes-beta7/InternalModes-2.0.0-beta.7/@IMSolverSpectral/IMSolverSpectral.m,M-method,2313,0.0252343750443134,0.0189975417000278,0.00623683334428568,1.09098033049345e-05,2.69642600271754e-06,0.247156243550052,0,0,1,1,5,0,0,1
"/Users/jearly/Documents/OceanKitRepositories/oceankit-internal-modes-beta7/InternalModes-2.0.0-beta.7/@IMSolverSpectral/IMSolverSpectral.m>IMSolverSpectral.isNativePhysicalGrid","IMSolverSpectral.IMSolverSpectral>IMSolverSpectral.isNativePhysicalGrid",/Users/jearly/Documents/OceanKitRepositories/oceankit-internal-modes-beta7/InternalModes-2.0.0-beta.7/@IMSolverSpectral/IMSolverSpectral.m,M-method,11534,0.142942000251017,0.0424994167412988,0.100442583509718,1.23930986865803e-05,8.70839114875308e-06,0.702680691002878,0,0,1,2,2,0,0,1
"/Users/jearly/Documents/OceanKitRepositories/oceankit-internal-modes-beta7/InternalModes-2.0.0-beta.7/@IMSolverSpectral/IMSolverSpectral.m>IMSolverSpectral.gridTolerance","IMSolverSpectral.IMSolverSpectral>IMSolverSpectral.gridTolerance",/Users/jearly/Documents/OceanKitRepositories/oceankit-internal-modes-beta7/InternalModes-2.0.0-beta.7/@IMSolverSpectral/IMSolverSpectral.m,M-method,9222,0.0873639168200842,0,0.0873639168200842,9.47342407504708e-06,9.47342407504708e-06,1,1,0,0,3,2,0,0,1
"/Applications/MATLAB_R2026a.app/toolbox/matlab/matfun/decomposition.m>decomposition.mldivide","decomposition>decomposition.mldivide",/Applications/MATLAB_R2026a.app/toolbox/matlab/matfun/decomposition.m,M-method,1151,0.0587706251032056,0.0495705417537162,0.00920008334948937,5.10604909671639e-05,7.99312193700206e-06,0.15654220681392,0,0,2,2,25,0,1,0
"/Applications/MATLAB_R2026a.app/toolbox/matlab/matfun/+matlab/+internal/+decomposition/DenseLU.m>DenseLU.solve","DenseLU>DenseLU.solve",/Applications/MATLAB_R2026a.app/toolbox/matlab/matfun/+matlab/+internal/+decomposition/DenseLU.m,M-method,1151,0.0379753334000208,0,0.0379753334000208,3.2993339183337e-05,3.2993339183337e-05,1,1,0,0,1,2,0,1,0
"/Applications/MATLAB_R2026a.app/toolbox/matlab/matfun/decomposition.m>decomposition.warnIfIllConditioned","decomposition>decomposition.warnIfIllConditioned",/Applications/MATLAB_R2026a.app/toolbox/matlab/matfun/decomposition.m,M-method,1151,0.0115952083536954,0,0.0115952083536954,1.00740298468248e-05,1.00740298468248e-05,1,1,0,0,1,8,0,1,0
"/Users/jearly/Documents/OceanKitRepositories/oceankit-internal-modes-beta7/InternalModes-2.0.0-beta.7/@IMSolverSpectral/IMSolverSpectral.m>IMSolverSpectral.differentiateGridValues","IMSolverSpectral.IMSolverSpectral>IMSolverSpectral.differentiateGridValues",/Users/jearly/Documents/OceanKitRepositories/oceankit-internal-modes-beta7/InternalModes-2.0.0-beta.7/@IMSolverSpectral/IMSolverSpectral.m,M-method,13,0.00541766667618049,0.00419420834069868,0.00122345833548182,0.000416743590475422,9.41121796524474e-05,0.225827539531163,0,0,2,4,8,0,0,1
"/Users/jearly/Documents/OceanKitRepositories/oceankit-internal-modes-beta7/InternalModes-2.0.0-beta.7/@IMEigenvalueProblem/IMEigenvalueProblem.m>IMEigenvalueProblem.assembleConfigured","IMEigenvalueProblem.IMEigenvalueProblem>IMEigenvalueProblem.assembleConfigured",/Users/jearly/Documents/OceanKitRepositories/oceankit-internal-modes-beta7/InternalModes-2.0.0-beta.7/@IMEigenvalueProblem/IMEigenvalueProblem.m,M-method,6,0.0245980000431959,0.0168506250295909,0.00774737501360497,0.00409966667386599,0.00129122916893416,0.314959549556875,0,0,5,2,13,0,0,1
"/Users/jearly/Documents/OceanKitRepositories/oceankit-internal-modes-beta7/InternalModes-2.0.0-beta.7/@IMSolverSpectral/IMSolverSpectral.m>IMSolverSpectral.physicalDerivativeMatrix","IMSolverSpectral.IMSolverSpectral>IMSolverSpectral.physicalDerivativeMatrix",/Users/jearly/Documents/OceanKitRepositories/oceankit-internal-modes-beta7/InternalModes-2.0.0-beta.7/@IMSolverSpectral/IMSolverSpectral.m,M-method,63,0.000745833334643072,0,0.000745833334643072,1.18386243594138e-05,1.18386243594138e-05,1,1,0,0,5,9,0,0,1
"/Users/jearly/Documents/OceanKitRepositories/oceankit-internal-modes-beta7/InternalModes-2.0.0-beta.7/@IMInternalModesBasis/IMInternalModesBasis.m>IMInternalModesBasis.orientModeSigns","IMInternalModesBasis.IMInternalModesBasis>IMInternalModesBasis.orientModeSigns",/Users/jearly/Documents/OceanKitRepositories/oceankit-internal-modes-beta7/InternalModes-2.0.0-beta.7/@IMInternalModesBasis/IMInternalModesBasis.m,M-method,1144,0.726591126275948,0.668976251174772,0.0576148751011758,0.000635132103388067,5.03626530604684e-05,0.0792947684297683,0,0,5,2,26,0,0,1
"/Users/jearly/Documents/OceanKitRepositories/oceankit-internal-modes-beta7/InternalModes-2.0.0-beta.7/@IMEigenvalueProblem/IMEigenvalueProblem.m>IMEigenvalueProblem.contextForSolver","IMEigenvalueProblem.IMEigenvalueProblem>IMEigenvalueProblem.contextForSolver",/Users/jearly/Documents/OceanKitRepositories/oceankit-internal-modes-beta7/InternalModes-2.0.0-beta.7/@IMEigenvalueProblem/IMEigenvalueProblem.m,M-method,10920,0.206419625362488,0.104417625183365,0.102002000179123,1.8902896095466e-05,9.3408425072457e-06,0.49414875160247,0,0,1,1,12,0,0,1
"/Users/jearly/Documents/OceanKitRepositories/oceankit-internal-modes-beta7/InternalModes-2.0.0-beta.7/@IMSolverSpectral/IMSolverSpectral.m>IMSolverSpectral.context","IMSolverSpectral.IMSolverSpectral>IMSolverSpectral.context",/Users/jearly/Documents/OceanKitRepositories/oceankit-internal-modes-beta7/InternalModes-2.0.0-beta.7/@IMSolverSpectral/IMSolverSpectral.m,M-method,10920,0.104417625183365,0,0.104417625183365,9.56205358822025e-06,9.56205358822025e-06,1,1,0,0,1,2,0,0,1
"/Users/jearly/Documents/OceanKitRepositories/oceankit-internal-modes-beta7/InternalModes-2.0.0-beta.7/@IMInternalModes/IMInternalModes.m>IMInternalModes.contextForSolver","IMInternalModes.IMInternalModes>IMInternalModes.contextForSolver",/Users/jearly/Documents/OceanKitRepositories/oceankit-internal-modes-beta7/InternalModes-2.0.0-beta.7/@IMInternalModes/IMInternalModes.m,M-method,10920,0.328525125576915,0.206419625362488,0.122105500214426,3.00847184594244e-05,1.11818223639585e-05,0.371677813074419,0,0,1,9,10,0,0,1
"/Users/jearly/Documents/OceanKitRepositories/oceankit-internal-modes-beta7/InternalModes-2.0.0-beta.7/@IMInternalModesBasis/IMInternalModesBasis.m>IMInternalModesBasis.sampledInternalModesMetric","IMInternalModesBasis.IMInternalModesBasis>IMInternalModesBasis.sampledInternalModesMetric",/Users/jearly/Documents/OceanKitRepositories/oceankit-internal-modes-beta7/InternalModes-2.0.0-beta.7/@IMInternalModesBasis/IMInternalModesBasis.m,M-method,6,0.0135632916904848,0.0100064166842387,0.00355687500624613,0.0022605486150808,0.000592812501041022,0.262242756951207,0,0,5,1,57,0,0,1
"/Users/jearly/Documents/OceanKitRepositories/oceankit-internal-modes-beta7/InternalModes-2.0.0-beta.7/@IMInternalModes/IMInternalModes.m>@(z,ctx)1./ctx.N2(z)","IMInternalModes.IMInternalModes>@(z,ctx)1./ctx.N2(z)",/Users/jearly/Documents/OceanKitRepositories/oceankit-internal-modes-beta7/InternalModes-2.0.0-beta.7/@IMInternalModes/IMInternalModes.m,M-anonymous-function,4,0.000747958334646804,0.000315291667220342,0.000432666667426462,0.000186989583661701,0.000108166666856615,0.578463595342878,0,0,1,1,0,0,0,1
"/Users/jearly/Documents/OceanKitRepositories/oceankit-internal-modes-beta7/InternalModes-2.0.0-beta.7/@IMInternalModes/IMInternalModes.m>@(z,dFdz,h,ctx)-(ctx.g./ctx.N2(z(:))).*dFdz","IMInternalModes.IMInternalModes>@(z,dFdz,h,ctx)-(ctx.g./ctx.N2(z(:))).*dFdz",/Users/jearly/Documents/OceanKitRepositories/oceankit-internal-modes-beta7/InternalModes-2.0.0-beta.7/@IMInternalModes/IMInternalModes.m,M-anonymous-function,20,0.00196191667011194,0.000732625001286544,0.00122929166882539,9.80958335055969e-05,6.14645834412697e-05,0.626576901839188,0,0,1,1,0,0,0,1
"/Users/jearly/Documents/OceanKitRepositories/oceankit-internal-modes-beta7/InternalModes-2.0.0-beta.7/@IMInternalModes/IMInternalModes.m>@(z,ctx)ctx.N2(z)/ctx.g","IMInternalModes.IMInternalModes>@(z,ctx)ctx.N2(z)/ctx.g",/Users/jearly/Documents/OceanKitRepositories/oceankit-internal-modes-beta7/InternalModes-2.0.0-beta.7/@IMInternalModes/IMInternalModes.m,M-anonymous-function,6,0.000511666667565191,0.000102833333513916,0.000408833334051275,8.52777779275319e-05,6.81388890085458e-05,0.799022801302932,0,0,1,2,0,0,0,1
"/Users/jearly/Documents/OceanKitRepositories/oceankit-internal-modes-beta7/InternalModes-2.0.0-beta.7/@IMMeanDensityAnomalyModes/IMMeanDensityAnomalyModes.m>@(z,ctx)ctx.N2(z)/ctx.g","IMMeanDensityAnomalyModes.IMMeanDensityAnomalyModes>@(z,ctx)ctx.N2(z)/ctx.g",/Users/jearly/Documents/OceanKitRepositories/oceankit-internal-modes-beta7/InternalModes-2.0.0-beta.7/@IMMeanDensityAnomalyModes/IMMeanDensityAnomalyModes.m,M-anonymous-function,18,0.00099087500174005,0.000439708334105494,0.000551166667634556,5.50486112077806e-05,3.0620370424142e-05,0.556242378369286,0,0,1,2,0,0,0,1
"/Users/jearly/Documents/OceanKitRepositories/oceankit-internal-modes-beta7/InternalModes-2.0.0-beta.7/@IMInternalModes/IMInternalModes.m>@(z,ctx)(ctx.N2(z)-ctx.f0*ctx.f0)/ctx.g","IMInternalModes.IMInternalModes>@(z,ctx)(ctx.N2(z)-ctx.f0*ctx.f0)/ctx.g",/Users/jearly/Documents/OceanKitRepositories/oceankit-internal-modes-beta7/InternalModes-2.0.0-beta.7/@IMInternalModes/IMInternalModes.m,M-anonymous-function,2281,0.0157769583610388,0.00890704168230809,0.00686991667873075,6.91668494565491e-06,3.01180038523926e-06,0.435439868796003,0,0,1,1,0,0,0,1
"/Users/jearly/Documents/OceanKitRepositories/oceankit-internal-modes-beta7/InternalModes-2.0.0-beta.7/@IMEigenvalueProblem/IMEigenvalueProblem.m>IMEigenvalueProblem.evaluateCoefficient","IMEigenvalueProblem.IMEigenvalueProblem>IMEigenvalueProblem.evaluateCoefficient",/Users/jearly/Documents/OceanKitRepositories/oceankit-internal-modes-beta7/InternalModes-2.0.0-beta.7/@IMEigenvalueProblem/IMEigenvalueProblem.m,M-method,4640,0.0986319168398717,0.0214796250377198,0.0771522918021518,2.12568786292827e-05,1.66276490952913e-05,0.782224398288924,0,0,11,5,11,0,0,1
"/Users/jearly/Documents/OceanKitRepositories/oceankit-internal-modes-beta7/InternalModes-2.0.0-beta.7/@IMInternalModes/IMInternalModes.m>@(z,~)zeros(size(z))","IMInternalModes.IMInternalModes>@(z,~)zeros(size(z))",/Users/jearly/Documents/OceanKitRepositories/oceankit-internal-modes-beta7/InternalModes-2.0.0-beta.7/@IMInternalModes/IMInternalModes.m,M-anonymous-function,4,0.000105625000185485,0,0.000105625000185485,2.64062500463713e-05,2.64062500463713e-05,1,1,0,0,1,0,0,0,1
"/Users/jearly/Documents/OceanKitRepositories/oceankit-internal-modes-beta7/InternalModes-2.0.0-beta.7/@IMInternalModes/IMInternalModes.m>@(z,ctx)ones(size(z))/ctx.g","IMInternalModes.IMInternalModes>@(z,ctx)ones(size(z))/ctx.g",/Users/jearly/Documents/OceanKitRepositories/oceankit-internal-modes-beta7/InternalModes-2.0.0-beta.7/@IMInternalModes/IMInternalModes.m,M-anonymous-function,4,0.000146541666924005,0,0.000146541666924005,3.66354167310012e-05,3.66354167310012e-05,1,1,0,0,1,0,0,0,1
"/Users/jearly/Documents/OceanKitRepositories/oceankit-internal-modes-beta7/InternalModes-2.0.0-beta.7/@IMInternalModes/IMInternalModes.m>@(z,ctx)abs(signedWeight(z,ctx))","IMInternalModes.IMInternalModes>@(z,ctx)abs(signedWeight(z,ctx))",/Users/jearly/Documents/OceanKitRepositories/oceankit-internal-modes-beta7/InternalModes-2.0.0-beta.7/@IMInternalModes/IMInternalModes.m,M-anonymous-function,7,0.000365333333974886,0.000199750000350776,0.00016558333362411,5.21904762821266e-05,2.36547619463014e-05,0.453239051094891,0,0,3,1,0,0,0,1
"/Users/jearly/Documents/OceanKitRepositories/oceankit-internal-modes-beta7/InternalModes-2.0.0-beta.7/@IMInternalModes/IMInternalModes.m>@(z,~)ones(size(z))","IMInternalModes.IMInternalModes>@(z,~)ones(size(z))",/Users/jearly/Documents/OceanKitRepositories/oceankit-internal-modes-beta7/InternalModes-2.0.0-beta.7/@IMInternalModes/IMInternalModes.m,M-anonymous-function,2287,0.00260466667124066,0,0.00260466667124066,1.13890103683457e-06,1.13890103683457e-06,1,1,0,0,2,0,0,0,1
"/Users/jearly/Documents/OceanKitRepositories/oceankit-internal-modes-beta7/InternalModes-2.0.0-beta.7/@IMMeanDensityAnomalyModes/IMMeanDensityAnomalyModes.m>@(z,~)ones(size(z))","IMMeanDensityAnomalyModes.IMMeanDensityAnomalyModes>@(z,~)ones(size(z))",/Users/jearly/Documents/OceanKitRepositories/oceankit-internal-modes-beta7/InternalModes-2.0.0-beta.7/@IMMeanDensityAnomalyModes/IMMeanDensityAnomalyModes.m,M-anonymous-function,30,0.000290041667176001,0,0.000290041667176001,9.66805557253338e-06,9.66805557253338e-06,1,1,0,0,1,0,0,0,1
"/Users/jearly/Documents/OceanKitRepositories/oceankit-internal-modes-beta7/InternalModes-2.0.0-beta.7/@IMMeanDensityAnomalyModes/IMMeanDensityAnomalyModes.m>@(z,~)zeros(size(z))","IMMeanDensityAnomalyModes.IMMeanDensityAnomalyModes>@(z,~)zeros(size(z))",/Users/jearly/Documents/OceanKitRepositories/oceankit-internal-modes-beta7/InternalModes-2.0.0-beta.7/@IMMeanDensityAnomalyModes/IMMeanDensityAnomalyModes.m,M-anonymous-function,4,0.000115250000202388,0,0.000115250000202388,2.88125000505969e-05,2.88125000505969e-05,1,1,0,0,1,0,0,0,1
"/Users/jearly/Documents/OceanKitRepositories/oceankit-internal-modes-beta7/InternalModes-2.0.0-beta.7/@IMInternalModes/IMInternalModes.m>@(z,~)k*k*ones(size(z))","IMInternalModes.IMInternalModes>@(z,~)k*k*ones(size(z))",/Users/jearly/Documents/OceanKitRepositories/oceankit-internal-modes-beta7/InternalModes-2.0.0-beta.7/@IMInternalModes/IMInternalModes.m,M-anonymous-function,2,2.4458333376284e-05,0,2.4458333376284e-05,1.2229166688142e-05,1.2229166688142e-05,1,1,0,0,1,0,0,0,1
"/Users/jearly/Documents/OceanKitRepositories/oceankit-internal-modes-beta7/InternalModes-2.0.0-beta.7/@IMEigenvalueProblem/IMEigenvalueProblem.m>IMEigenvalueProblem.coefficientValues","IMEigenvalueProblem.IMEigenvalueProblem>IMEigenvalueProblem.coefficientValues",/Users/jearly/Documents/OceanKitRepositories/oceankit-internal-modes-beta7/InternalModes-2.0.0-beta.7/@IMEigenvalueProblem/IMEigenvalueProblem.m,M-method,10,0.00983975001727933,0.00525437500922707,0.00458537500805226,0.000983975001727933,0.000458537500805226,0.466005233872812,0,0,2,2,12,0,0,1
"/Users/jearly/Documents/OceanKitRepositories/oceankit-internal-modes-beta7/InternalModes-2.0.0-beta.7/@IMSolverSpectral/IMSolverSpectral.m>IMSolverSpectral.boundaryIndex","IMSolverSpectral.IMSolverSpectral>IMSolverSpectral.boundaryIndex",/Users/jearly/Documents/OceanKitRepositories/oceankit-internal-modes-beta7/InternalModes-2.0.0-beta.7/@IMSolverSpectral/IMSolverSpectral.m,M-method,1164,0.00896520834907691,0,0.00896520834907691,7.70206902841659e-06,7.70206902841659e-06,1,1,0,0,4,7,0,0,1
"/Users/jearly/Documents/OceanKitRepositories/oceankit-internal-modes-beta7/InternalModes-2.0.0-beta.7/@IMSolverSpectral/IMSolverSpectral.m>IMSolverSpectral.eigenproblemColumnScale","IMSolverSpectral.IMSolverSpectral>IMSolverSpectral.eigenproblemColumnScale",/Users/jearly/Documents/OceanKitRepositories/oceankit-internal-modes-beta7/InternalModes-2.0.0-beta.7/@IMSolverSpectral/IMSolverSpectral.m,M-method,1144,0.00397816667365262,0,0.00397816667365262,3.47741842102502e-06,3.47741842102502e-06,1,1,0,0,1,2,0,0,1
"/Users/jearly/Documents/OceanKitRepositories/oceankit-internal-modes-beta7/InternalModes-2.0.0-beta.7/@IMEigenvalueProblem/IMEigenvalueProblem.m>IMEigenvalueProblem.finiteGeneralizedEigenpairMask","IMEigenvalueProblem.IMEigenvalueProblem>IMEigenvalueProblem.finiteGeneralizedEigenpairMask",/Users/jearly/Documents/OceanKitRepositories/oceankit-internal-modes-beta7/InternalModes-2.0.0-beta.7/@IMEigenvalueProblem/IMEigenvalueProblem.m,M-method,1144,0.838150709805188,0,0.838150709805188,0.000732649221857682,0.000732649221857682,1,1,0,0,1,6,0,0,1
"/Users/jearly/Documents/OceanKitRepositories/oceankit-internal-modes-beta7/InternalModes-2.0.0-beta.7/@IMEigenvalueProblem/IMEigenvalueProblem.m>IMEigenvalueProblem.definitenessFromSamples","IMEigenvalueProblem.IMEigenvalueProblem>IMEigenvalueProblem.definitenessFromSamples",/Users/jearly/Documents/OceanKitRepositories/oceankit-internal-modes-beta7/InternalModes-2.0.0-beta.7/@IMEigenvalueProblem/IMEigenvalueProblem.m,M-method,1144,0.380197334000988,0.353262458953689,0.0269348750472996,0.000332340326923941,2.3544471195192e-05,0.070844460595901,0,0,5,2,24,0,0,1
"/Users/jearly/Documents/OceanKitRepositories/oceankit-internal-modes-beta7/InternalModes-2.0.0-beta.7/@IMEigenvalueProblem/IMEigenvalueProblem.m>IMEigenvalueProblem.hasDegenerateEndpointMetric","IMEigenvalueProblem.IMEigenvalueProblem>IMEigenvalueProblem.hasDegenerateEndpointMetric",/Users/jearly/Documents/OceanKitRepositories/oceankit-internal-modes-beta7/InternalModes-2.0.0-beta.7/@IMEigenvalueProblem/IMEigenvalueProblem.m,M-method,1144,0.120715250211985,0.104171708516267,0.0165435416957184,0.000105520323611875,1.44611378459077e-05,0.137045995983661,0,0,1,1,6,0,0,1
"/Users/jearly/Documents/OceanKitRepositories/oceankit-internal-modes-beta7/InternalModes-2.0.0-beta.7/@IMEigenvalueProblem/IMEigenvalueProblem.m>IMEigenvalueProblem.preparedModeSelectionDiagnostics","IMEigenvalueProblem.IMEigenvalueProblem>IMEigenvalueProblem.preparedModeSelectionDiagnostics",/Users/jearly/Documents/OceanKitRepositories/oceankit-internal-modes-beta7/InternalModes-2.0.0-beta.7/@IMEigenvalueProblem/IMEigenvalueProblem.m,M-method,1140,1.05992021019463,1.05176066851364,0.00815954168099586,0.000929754570346169,7.15749270262795e-06,0.00769826030536538,0,0,3,1,4,0,0,1
"/Users/jearly/Documents/OceanKitRepositories/oceankit-internal-modes-beta7/InternalModes-2.0.0-beta.7/@IMEigenvalueProblem/IMEigenvalueProblem.m>IMEigenvalueProblem.negativeEigenvalueBounds","IMEigenvalueProblem.IMEigenvalueProblem>IMEigenvalueProblem.negativeEigenvalueBounds",/Users/jearly/Documents/OceanKitRepositories/oceankit-internal-modes-beta7/InternalModes-2.0.0-beta.7/@IMEigenvalueProblem/IMEigenvalueProblem.m,M-method,4,0.132601125232857,0.130283791895455,0.00231733333740275,0.0331502813082144,0.000579333334350687,0.0174759703836098,0,0,2,1,8,0,0,1
"/Users/jearly/Documents/OceanKitRepositories/oceankit-internal-modes-beta7/InternalModes-2.0.0-beta.7/@IMEigenvalueProblem/IMEigenvalueProblem.m>IMEigenvalueProblem.negativeBoundsFromDefiniteness","IMEigenvalueProblem.IMEigenvalueProblem>IMEigenvalueProblem.negativeBoundsFromDefiniteness",/Users/jearly/Documents/OceanKitRepositories/oceankit-internal-modes-beta7/InternalModes-2.0.0-beta.7/@IMEigenvalueProblem/IMEigenvalueProblem.m,M-method,1144,0.706659501240947,0.694301209552578,0.0123582916883689,0.000617709354231597,1.0802702524798e-05,0.0174883259429284,0,0,1,2,26,0,0,1
"/Users/jearly/Documents/OceanKitRepositories/oceankit-internal-modes-beta7/InternalModes-2.0.0-beta.7/@IMEigenvalueProblem/IMEigenvalueProblem.m>IMEigenvalueProblem.selectionDiagnosticsFromBounds","IMEigenvalueProblem.IMEigenvalueProblem>IMEigenvalueProblem.selectionDiagnosticsFromBounds",/Users/jearly/Documents/OceanKitRepositories/oceankit-internal-modes-beta7/InternalModes-2.0.0-beta.7/@IMEigenvalueProblem/IMEigenvalueProblem.m,M-method,1144,0.0320885417230165,0.0184247083656885,0.013663833357328,2.80494245830564e-05,1.19439102773847e-05,0.425816588216199,0,0,1,2,11,0,0,1
"/Users/jearly/Documents/OceanKitRepositories/oceankit-internal-modes-beta7/InternalModes-2.0.0-beta.7/@IMEigenvalueProblem/IMEigenvalueProblem.m>IMEigenvalueProblem.zeroModeAssessment","IMEigenvalueProblem.IMEigenvalueProblem>IMEigenvalueProblem.zeroModeAssessment",/Users/jearly/Documents/OceanKitRepositories/oceankit-internal-modes-beta7/InternalModes-2.0.0-beta.7/@IMEigenvalueProblem/IMEigenvalueProblem.m,M-method,1148,0.712725917918266,0,0.712725917918266,0.000620841391914866,0.000620841391914866,1,1,0,0,2,20,0,0,1
"/Users/jearly/Documents/OceanKitRepositories/oceankit-internal-modes-beta7/InternalModes-2.0.0-beta.7/@IMEigenvalueProblem/IMEigenvalueProblem.m>IMEigenvalueProblem.modeSelectionDiagnostics","IMEigenvalueProblem.IMEigenvalueProblem>IMEigenvalueProblem.modeSelectionDiagnostics",/Users/jearly/Documents/OceanKitRepositories/oceankit-internal-modes-beta7/InternalModes-2.0.0-beta.7/@IMEigenvalueProblem/IMEigenvalueProblem.m,M-method,4,0.154525541938025,0.152134583600493,0.00239095833753203,0.0386313854845063,0.000597739584383007,0.0154729005156375,0,0,2,1,8,0,0,1
"/Users/jearly/Documents/OceanKitRepositories/oceankit-internal-modes-beta7/InternalModes-2.0.0-beta.7/@IMBasisSet/IMBasisSet.m>IMBasisSet.normalizationFactors","IMBasisSet.IMBasisSet>IMBasisSet.normalizationFactors",/Users/jearly/Documents/OceanKitRepositories/oceankit-internal-modes-beta7/InternalModes-2.0.0-beta.7/@IMBasisSet/IMBasisSet.m,M-method,2294,2.37080496249664,2.34091367077749,0.0298912917191578,0.00103348080318075,1.30302056317166e-05,0.0126080770843671,0,0,4,6,20,0,0,1
"/Users/jearly/Documents/OceanKitRepositories/oceankit-internal-modes-beta7/InternalModes-2.0.0-beta.7/@IMBasisSet/IMBasisSet.m>IMBasisSet.normalizationName","IMBasisSet.IMBasisSet>IMBasisSet.normalizationName",/Users/jearly/Documents/OceanKitRepositories/oceankit-internal-modes-beta7/InternalModes-2.0.0-beta.7/@IMBasisSet/IMBasisSet.m,M-method,8015,0.0733649167955009,0,0.0733649167955009,9.15345187716793e-06,9.15345187716793e-06,1,1,0,0,3,3,0,0,1
"/Users/jearly/Documents/OceanKitRepositories/oceankit-internal-modes-beta7/InternalModes-2.0.0-beta.7/@IMInternalModes/IMInternalModes.m>@(lambda)1./lambda","IMInternalModes.IMInternalModes>@(lambda)1./lambda",/Users/jearly/Documents/OceanKitRepositories/oceankit-internal-modes-beta7/InternalModes-2.0.0-beta.7/@IMInternalModes/IMInternalModes.m,M-anonymous-function,1144,0.000944250001658173,0,0.000944250001658173,8.25393358092809e-07,8.25393358092809e-07,1,1,0,0,1,0,0,0,1
"/Users/jearly/Documents/OceanKitRepositories/oceankit-internal-modes-beta7/InternalModes-2.0.0-beta.7/IMHydrostaticInnerProductCatalog.m>IMHydrostaticInnerProductCatalog.endpointResult","IMHydrostaticInnerProductCatalog>IMHydrostaticInnerProductCatalog.endpointResult",/Users/jearly/Documents/OceanKitRepositories/oceankit-internal-modes-beta7/InternalModes-2.0.0-beta.7/IMHydrostaticInnerProductCatalog.m,M-method,20,0.00545366667624371,0.00306866667205547,0.00238500000418824,0.000272683333812186,0.000119250000209412,0.437320457184769,0,0,2,1,15,0,0,1
"/Users/jearly/Documents/OceanKitRepositories/oceankit-internal-modes-beta7/InternalModes-2.0.0-beta.7/IMHydrostaticInnerProductCatalog.m>IMHydrostaticInnerProductCatalog.fFormulationGEndpoint","IMHydrostaticInnerProductCatalog>IMHydrostaticInnerProductCatalog.fFormulationGEndpoint",/Users/jearly/Documents/OceanKitRepositories/oceankit-internal-modes-beta7/InternalModes-2.0.0-beta.7/IMHydrostaticInnerProductCatalog.m,M-method,20,0.00272429167145073,0.000798916668069624,0.0019253750033811,0.000136214583572536,9.62687501690551e-05,0.706743343070829,0,0,3,1,14,0,0,1
"/Users/jearly/Documents/OceanKitRepositories/oceankit-internal-modes-beta7/InternalModes-2.0.0-beta.7/IMHydrostaticInnerProductCatalog.m>IMHydrostaticInnerProductCatalog.emptyEndpointInnerProductTerms","IMHydrostaticInnerProductCatalog>IMHydrostaticInnerProductCatalog.emptyEndpointInnerProductTerms",/Users/jearly/Documents/OceanKitRepositories/oceankit-internal-modes-beta7/InternalModes-2.0.0-beta.7/IMHydrostaticInnerProductCatalog.m,M-method,6955,0.0275822083817697,0,0.0275822083817697,3.96580997581161e-06,3.96580997581161e-06,1,1,0,0,4,2,0,0,1
"/Users/jearly/Documents/OceanKitRepositories/oceankit-internal-modes-beta7/InternalModes-2.0.0-beta.7/@IMInternalModes/IMInternalModes.m>IMInternalModes.emptyEndpointWeights","IMInternalModes.IMInternalModes>IMInternalModes.emptyEndpointWeights",/Users/jearly/Documents/OceanKitRepositories/oceankit-internal-modes-beta7/InternalModes-2.0.0-beta.7/@IMInternalModes/IMInternalModes.m,M-method,22,0.000205708333694572,0,0.000205708333694572,9.35037880429875e-06,9.35037880429875e-06,1,1,0,0,1,2,0,0,1
"/Users/jearly/Documents/OceanKitRepositories/oceankit-internal-modes-beta7/InternalModes-2.0.0-beta.7/IMHydrostaticInnerProductCatalog.m>IMHydrostaticInnerProductCatalog.eta","IMHydrostaticInnerProductCatalog>IMHydrostaticInnerProductCatalog.eta",/Users/jearly/Documents/OceanKitRepositories/oceankit-internal-modes-beta7/InternalModes-2.0.0-beta.7/IMHydrostaticInnerProductCatalog.m,M-method,20,0.000222708333724426,0,0.000222708333724426,1.11354166862213e-05,1.11354166862213e-05,1,1,0,0,1,6,0,0,1
"/Users/jearly/Documents/OceanKitRepositories/oceankit-internal-modes-beta7/InternalModes-2.0.0-beta.7/IMHydrostaticInnerProductCatalog.m>IMHydrostaticInnerProductCatalog.innerProductTerm","IMHydrostaticInnerProductCatalog>IMHydrostaticInnerProductCatalog.innerProductTerm",/Users/jearly/Documents/OceanKitRepositories/oceankit-internal-modes-beta7/InternalModes-2.0.0-beta.7/IMHydrostaticInnerProductCatalog.m,M-method,20,0.000448750000788038,0,0.000448750000788038,2.24375000394019e-05,2.24375000394019e-05,1,1,0,0,1,7,0,0,1
"/Users/jearly/Documents/OceanKitRepositories/oceankit-internal-modes-beta7/InternalModes-2.0.0-beta.7/IMInternalModesNormalizationTools.m>IMInternalModesNormalizationTools.available","IMInternalModesNormalizationTools>IMInternalModesNormalizationTools.available",/Users/jearly/Documents/OceanKitRepositories/oceankit-internal-modes-beta7/InternalModes-2.0.0-beta.7/IMInternalModesNormalizationTools.m,M-method,1144,0.0088135416821439,0.00296375000520457,0.00584979167693934,7.70414482704887e-06,5.11345426305886e-06,0.663727691762203,0,0,1,1,16,0,0,1
"/Users/jearly/Documents/OceanKitRepositories/oceankit-internal-modes-beta7/InternalModes-2.0.0-beta.7/IMInternalModesNormalizationTools.m>IMInternalModesNormalizationTools.default","IMInternalModesNormalizationTools>IMInternalModesNormalizationTools.default",/Users/jearly/Documents/OceanKitRepositories/oceankit-internal-modes-beta7/InternalModes-2.0.0-beta.7/IMInternalModesNormalizationTools.m,M-method,1144,0.00366637500643843,0,0.00366637500643843,3.20487325737625e-06,3.20487325737625e-06,1,1,0,0,1,10,0,0,1
"/Users/jearly/Documents/OceanKitRepositories/oceankit-internal-modes-beta7/InternalModes-2.0.0-beta.7/@IMSolverSpectral/IMSolverSpectral.m>IMSolverSpectral.clampNativeCoordinate","IMSolverSpectral.IMSolverSpectral>IMSolverSpectral.clampNativeCoordinate",/Users/jearly/Documents/OceanKitRepositories/oceankit-internal-modes-beta7/InternalModes-2.0.0-beta.7/@IMSolverSpectral/IMSolverSpectral.m,M-method,6944,0.0970111668370255,0,0.0970111668370255,1.39705021366684e-05,1.39705021366684e-05,1,1,0,0,2,2,0,0,1
"/Users/jearly/Documents/OceanKitRepositories/oceankit-internal-modes-beta7/InternalModes-2.0.0-beta.7/@IMInternalModes/IMInternalModes.m>@(z,dGdz,h,ctx)dGdz.*reshape(h,1,[])","IMInternalModes.IMInternalModes>@(z,dGdz,h,ctx)dGdz.*reshape(h,1,[])",/Users/jearly/Documents/OceanKitRepositories/oceankit-internal-modes-beta7/InternalModes-2.0.0-beta.7/@IMInternalModes/IMInternalModes.m,M-anonymous-function,2850,0.0164770833622683,0,0.0164770833622683,5.78143275869064e-06,5.78143275869064e-06,1,1,0,0,3,0,0,0,1
"/Users/jearly/Documents/OceanKitRepositories/oceankit-internal-modes-beta7/InternalModes-2.0.0-beta.7/@IMMeanDensityAnomalyModesBasis/IMMeanDensityAnomalyModesBasis.m>IMMeanDensityAnomalyModesBasis.orientModeSigns","IMMeanDensityAnomalyModesBasis.IMMeanDensityAnomalyModesBasis>IMMeanDensityAnomalyModesBasis.orientModeSigns",/Users/jearly/Documents/OceanKitRepositories/oceankit-internal-modes-beta7/InternalModes-2.0.0-beta.7/@IMMeanDensityAnomalyModesBasis/IMMeanDensityAnomalyModesBasis.m,M-method,2,0.00797650001400733,0.00785345834712459,0.000123041666882737,0.00398825000700366,6.15208334413687e-05,0.0154255208006854,0,0,1,1,3,0,0,1
"/Users/jearly/Documents/OceanKitRepositories/oceankit-internal-modes-beta7/InternalModes-2.0.0-beta.7/@InternalModesSpectral/InternalModesSpectral.m>InternalModesSpectral.IntegrateChebyshevVector","InternalModesSpectral.InternalModesSpectral>InternalModesSpectral.IntegrateChebyshevVector",/Users/jearly/Documents/OceanKitRepositories/oceankit-internal-modes-beta7/InternalModes-2.0.0-beta.7/@InternalModesSpectral/InternalModesSpectral.m,M-method,108,0.00450325000790804,0,0.00450325000790804,4.16967593324819e-05,4.16967593324819e-05,1,1,0,0,1,10,0,0,1
"/private/tmp/wvm42-before/+WVInternal/buildFreeSurfaceBalancedModes.m>buildFreeSurfaceBalancedModes/buildAPV","buildFreeSurfaceBalancedModes>buildAPV",/private/tmp/wvm42-before/+WVInternal/buildFreeSurfaceBalancedModes.m,M-nested-function,1,0.576479542679008,0.576045376011579,0.000434166667429015,0.576479542679008,0.000434166667429015,0.000753134561222002,0,0,2,1,9,0,0,1
"/private/tmp/wvm42-before/+WVInternal/buildFreeSurfaceBalancedModes.m>buildFreeSurfaceBalancedModes/buildMDA","buildFreeSurfaceBalancedModes>buildMDA",/private/tmp/wvm42-before/+WVInternal/buildFreeSurfaceBalancedModes.m,M-nested-function,1,0.296178417186778,0.295662083852538,0.00051633333424006,0.296178417186778,0.00051633333424006,0.00174331856839672,0,0,2,1,12,0,0,1
"/Users/jearly/Documents/OceanKitRepositories/oceankit-internal-modes-beta7/InternalModes-2.0.0-beta.7/IMDiscreteTransformTools.m>IMDiscreteTransformTools.validateOptionalPositiveInteger","IMDiscreteTransformTools>IMDiscreteTransformTools.validateOptionalPositiveInteger",/Users/jearly/Documents/OceanKitRepositories/oceankit-internal-modes-beta7/InternalModes-2.0.0-beta.7/IMDiscreteTransformTools.m,M-method,9,0.000121125000212705,0,0.000121125000212705,1.34583333569672e-05,1.34583333569672e-05,1,1,0,0,1,3,0,0,1
"/Users/jearly/Documents/OceanKitRepositories/oceankit-internal-modes-beta7/InternalModes-2.0.0-beta.7/IMDiscreteTransformTools.m>IMDiscreteTransformTools.validateOptionalPositiveTolerance","IMDiscreteTransformTools>IMDiscreteTransformTools.validateOptionalPositiveTolerance",/Users/jearly/Documents/OceanKitRepositories/oceankit-internal-modes-beta7/InternalModes-2.0.0-beta.7/IMDiscreteTransformTools.m,M-method,6,7.99583334737461e-05,0,7.99583334737461e-05,1.3326388912291e-05,1.3326388912291e-05,1,1,0,0,1,3,0,0,1
"/Users/jearly/Documents/OceanKitRepositories/oceankit-internal-modes-beta7/InternalModes-2.0.0-beta.7/IMDiscreteTransformTools.m>IMDiscreteTransformTools.explicitGridDesign","IMDiscreteTransformTools>IMDiscreteTransformTools.explicitGridDesign",/Users/jearly/Documents/OceanKitRepositories/oceankit-internal-modes-beta7/InternalModes-2.0.0-beta.7/IMDiscreteTransformTools.m,M-method,3,0.000368333333980154,0.000106375000186802,0.000261958333793352,0.000122777777993385,8.73194445977839e-05,0.711199095022624,0,0,1,1,9,0,0,1
"/Users/jearly/Documents/OceanKitRepositories/oceankit-internal-modes-beta7/InternalModes-2.0.0-beta.7/IMDiscreteTransformTools.m>IMDiscreteTransformTools.sourceFamily","IMDiscreteTransformTools>IMDiscreteTransformTools.sourceFamily",/Users/jearly/Documents/OceanKitRepositories/oceankit-internal-modes-beta7/InternalModes-2.0.0-beta.7/IMDiscreteTransformTools.m,M-method,3,0.000106375000186802,0,0.000106375000186802,3.54583333956008e-05,3.54583333956008e-05,1,1,0,0,1,5,0,0,1
"/Users/jearly/Documents/OceanKitRepositories/oceankit-internal-modes-beta7/InternalModes-2.0.0-beta.7/@IMInternalModesBasis/IMInternalModesBasis.m>endpointSampleIndex","IMInternalModesBasis.IMInternalModesBasis>endpointSampleIndex",/Users/jearly/Documents/OceanKitRepositories/oceankit-internal-modes-beta7/InternalModes-2.0.0-beta.7/@IMInternalModesBasis/IMInternalModesBasis.m,M-subfunction,6,0.000292625000513871,0,0.000292625000513871,4.87708334189785e-05,4.87708334189785e-05,1,1,0,0,1,7,0,0,1
"/Users/jearly/Documents/OceanKitRepositories/oceankit-internal-modes-beta7/InternalModes-2.0.0-beta.7/@IMInternalModesBasis/IMInternalModesBasis.m>@(basisSet)basisSet.depthNormFactors()","IMInternalModesBasis.IMInternalModesBasis>@(basisSet)basisSet.depthNormFactors()",/Users/jearly/Documents/OceanKitRepositories/oceankit-internal-modes-beta7/InternalModes-2.0.0-beta.7/@IMInternalModesBasis/IMInternalModesBasis.m,M-anonymous-function,8,0.0101191666844367,0.00982391668391819,0.000295250000518481,0.00126489583555458,3.69062500648102e-05,0.029177303796426,0,0,1,1,0,0,0,1
"/Users/jearly/Documents/OceanKitRepositories/oceankit-internal-modes-beta7/InternalModes-2.0.0-beta.7/@IMBasisSet/IMBasisSet.m>@(basisSet)basisSet.innerProductNormFactors()","IMBasisSet.IMBasisSet>@(basisSet)basisSet.innerProductNormFactors()",/Users/jearly/Documents/OceanKitRepositories/oceankit-internal-modes-beta7/InternalModes-2.0.0-beta.7/@IMBasisSet/IMBasisSet.m,M-anonymous-function,7,0.032033375056253,0.0312404583881939,0.000792916668059088,0.00457619643660757,0.000113273809722727,0.024752829405789,0,0,1,1,0,0,0,1
"/Users/jearly/Documents/OceanKitRepositories/oceankit-internal-modes-beta7/InternalModes-2.0.0-beta.7/@IMInternalModesBasis/IMInternalModesBasis.m>@(basisSet)basisSet.innerProductNormFactors(variable=""G"")","IMInternalModesBasis.IMInternalModesBasis>@(basisSet)basisSet.innerProductNormFactors(variable=""G"")",/Users/jearly/Documents/OceanKitRepositories/oceankit-internal-modes-beta7/InternalModes-2.0.0-beta.7/@IMInternalModesBasis/IMInternalModesBasis.m,M-anonymous-function,2279,2.2730421706583,2.26968837898574,0.00335379167255612,0.000997385770363448,1.47160670142875e-06,0.00147546390289135,0,0,1,1,0,0,0,1
"/Users/jearly/Documents/OceanKitRepositories/oceankit-internal-modes-beta7/InternalModes-2.0.0-beta.7/@IMInternalModesBasis/IMInternalModesBasis.m>IMInternalModesBasis.internalModesTransformActiveMask","IMInternalModesBasis.IMInternalModesBasis>IMInternalModesBasis.internalModesTransformActiveMask",/Users/jearly/Documents/OceanKitRepositories/oceankit-internal-modes-beta7/InternalModes-2.0.0-beta.7/@IMInternalModesBasis/IMInternalModesBasis.m,M-method,5,0.00100666666843445,0,0.00100666666843445,0.00020133333368689,0.00020133333368689,1,1,0,0,1,12,0,0,1
"/Users/jearly/Documents/OceanKitRepositories/oceankit-internal-modes-beta7/InternalModes-2.0.0-beta.7/@IMProjection/IMProjection.m>symmetricMatrix","IMProjection.IMProjection>symmetricMatrix",/Users/jearly/Documents/OceanKitRepositories/oceankit-internal-modes-beta7/InternalModes-2.0.0-beta.7/@IMProjection/IMProjection.m,M-subfunction,8,0.000509000000893842,0,0.000509000000893842,6.36250001117302e-05,6.36250001117302e-05,1,1,0,0,1,4,0,0,1
"/Users/jearly/Documents/OceanKitRepositories/oceankit-internal-modes-beta7/InternalModes-2.0.0-beta.7/@IMProjection/initializeProjection.m>symmetricMatrix","IMProjection.initializeProjection>symmetricMatrix",/Users/jearly/Documents/OceanKitRepositories/oceankit-internal-modes-beta7/InternalModes-2.0.0-beta.7/@IMProjection/initializeProjection.m,M-subfunction,24,0.00379587500666584,0,0.00379587500666584,0.000158161458611077,0.000158161458611077,1,1,0,0,1,4,0,0,1
"/Users/jearly/Documents/OceanKitRepositories/oceankit-internal-modes-beta7/InternalModes-2.0.0-beta.7/@IMInternalModesBasis/discreteTransform.m>preparePrefixData","IMInternalModesBasis.discreteTransform>preparePrefixData",/Users/jearly/Documents/OceanKitRepositories/oceankit-internal-modes-beta7/InternalModes-2.0.0-beta.7/@IMInternalModesBasis/discreteTransform.m,M-subfunction,3,0.291670083845528,0.165833500291216,0.125836583554312,0.0972233612818426,0.0419455278514372,0.431434660336836,0,0,9,1,66,0,0,1
"/Applications/MATLAB_R2026a.app/toolbox/matlab/matfun/pinv.m>pinv","pinv",/Applications/MATLAB_R2026a.app/toolbox/matlab/matfun/pinv.m,M-function,36,0.0112262500197141,0,0.0112262500197141,0.000311840278325393,0.000311840278325393,1,1,0,0,2,14,0,1,0
"/Applications/MATLAB_R2026a.app/toolbox/matlab/matfun/cond.m>cond","cond",/Applications/MATLAB_R2026a.app/toolbox/matlab/matfun/cond.m,M-function,16,0.00248033333768898,0,0.00248033333768898,0.000155020833605561,0.000155020833605561,1,1,0,0,2,16,0,1,0
"/Users/jearly/Documents/OceanKitRepositories/oceankit-internal-modes-beta7/InternalModes-2.0.0-beta.7/@IMInternalModesDiscreteTransform/IMInternalModesDiscreteTransform.m>IMInternalModesDiscreteTransform.requireChannel","IMInternalModesDiscreteTransform.IMInternalModesDiscreteTransform>IMInternalModesDiscreteTransform.requireChannel",/Users/jearly/Documents/OceanKitRepositories/oceankit-internal-modes-beta7/InternalModes-2.0.0-beta.7/@IMInternalModesDiscreteTransform/IMInternalModesDiscreteTransform.m,M-method,28,0.000727125001276886,0,0.000727125001276886,2.59687500456031e-05,2.59687500456031e-05,1,1,0,0,7,4,0,0,1
"/Applications/MATLAB_R2026a.app/toolbox/matlab/datatypes/tabular/@tabular/tabular.m>tabular.tabular","tabular.tabular>tabular.tabular",/Applications/MATLAB_R2026a.app/toolbox/matlab/datatypes/tabular/@tabular/tabular.m,M-method,1727,0.0232276667074562,0.007266583346094,0.0159610833613622,1.34497201548675e-05,9.24208648602327e-06,0.687158273897507,0,0,2,1,1,0,1,0
"/Applications/MATLAB_R2026a.app/toolbox/matlab/indexing/+matlab/+mixin/+indexing/@OverridesPublicDotMethodCall/OverridesPublicDotMethodCall.m>OverridesPublicDotMethodCall.OverridesPublicDotMethodCall","OverridesPublicDotMethodCall.OverridesPublicDotMethodCall>OverridesPublicDotMethodCall.OverridesPublicDotMethodCall",/Applications/MATLAB_R2026a.app/toolbox/matlab/indexing/+matlab/+mixin/+indexing/@OverridesPublicDotMethodCall/OverridesPublicDotMethodCall.m,M-method,1727,0.00486979167521838,0,0.00486979167521838,2.81979830643798e-06,2.81979830643798e-06,1,1,0,0,1,5,0,1,0
"/Applications/MATLAB_R2026a.app/toolbox/matlab/indexing/+matlab/+mixin/+internal/+indexing/@RedefinesDotParen/RedefinesDotParen.m>RedefinesDotParen.RedefinesDotParen","RedefinesDotParen.RedefinesDotParen>RedefinesDotParen.RedefinesDotParen",/Applications/MATLAB_R2026a.app/toolbox/matlab/indexing/+matlab/+mixin/+internal/+indexing/@RedefinesDotParen/RedefinesDotParen.m,M-method,1727,0.00239679167087561,0,0.00239679167087561,1.38783536240626e-06,1.38783536240626e-06,1,1,0,0,1,3,0,1,0
"/Applications/MATLAB_R2026a.app/toolbox/matlab/datatypes/tabular/@tabular/tabular.m>tabular.countVarInputs","tabular.tabular>tabular.countVarInputs",/Applications/MATLAB_R2026a.app/toolbox/matlab/datatypes/tabular/@tabular/tabular.m,M-method,1724,0.0461310000810095,0.0239883333754586,0.0221426667055508,2.67581206966412e-05,1.28437741911548e-05,0.479995375488645,0,0,1,1,24,0,1,0
"/Applications/MATLAB_R2026a.app/toolbox/matlab/lang/+matlab/+lang/makeUniqueStrings.m>validateStringContents","makeUniqueStrings>validateStringContents",/Applications/MATLAB_R2026a.app/toolbox/matlab/lang/+matlab/+lang/makeUniqueStrings.m,M-subfunction,2302,0.0297296667188742,0.00838262501472051,0.0213470417041537,1.29147118674519e-05,9.27325877678265e-06,0.718038379172319,0,0,1,1,5,0,1,0
"/Applications/MATLAB_R2026a.app/toolbox/matlab/lang/+matlab/+lang/makeUniqueStrings.m>makeUniqueStrings","makeUniqueStrings",/Applications/MATLAB_R2026a.app/toolbox/matlab/lang/+matlab/+lang/makeUniqueStrings.m,M-function,2302,0.12403045855114,0.0730170834615568,0.0510133750895833,5.38794346442832e-05,2.21604583360483e-05,0.411297157855379,0,0,7,2,48,0,1,0
"/Applications/MATLAB_R2026a.app/toolbox/matlab/datatypes/shared/matlab_datatypes/+matlab/+internal/+datatypes/isCharString.m>isCharString","isCharString",/Applications/MATLAB_R2026a.app/toolbox/matlab/datatypes/shared/matlab_datatypes/+matlab/+internal/+datatypes/isCharString.m,M-function,14981,0.0386385000678521,0,0.0386385000678521,2.57916694932595e-06,2.57916694932595e-06,1,1,0,0,3,3,0,1,0
"/Applications/MATLAB_R2026a.app/toolbox/matlab/lang/+matlab/+lang/makeUniqueStrings.m>mustBeValidExcludes","makeUniqueStrings>mustBeValidExcludes",/Applications/MATLAB_R2026a.app/toolbox/matlab/lang/+matlab/+lang/makeUniqueStrings.m,M-subfunction,2302,0.00408129167383372,0,0.00408129167383372,1.77293295996252e-06,1.77293295996252e-06,1,1,0,0,1,2,0,1,0
"/Applications/MATLAB_R2026a.app/toolbox/matlab/lang/+matlab/+lang/makeUniqueStrings.m>mustBeValidMaxStrLen","makeUniqueStrings>mustBeValidMaxStrLen",/Applications/MATLAB_R2026a.app/toolbox/matlab/lang/+matlab/+lang/makeUniqueStrings.m,M-subfunction,2302,0.00591162501038125,0,0.00591162501038125,2.56803866654268e-06,2.56803866654268e-06,1,1,0,0,1,4,0,1,0
"/Applications/MATLAB_R2026a.app/toolbox/matlab/lang/+matlab/+lang/makeUniqueStrings.m>getComputerMaxStringLength","makeUniqueStrings>getComputerMaxStringLength",/Applications/MATLAB_R2026a.app/toolbox/matlab/lang/+matlab/+lang/makeUniqueStrings.m,M-subfunction,2302,0.00347287500609863,0,0.00347287500609863,1.5086337993478e-06,1.5086337993478e-06,1,1,0,0,1,2,0,1,0
"/Applications/MATLAB_R2026a.app/toolbox/matlab/lang/+matlab/+lang/makeUniqueStrings.m>processExcludes","makeUniqueStrings>processExcludes",/Applications/MATLAB_R2026a.app/toolbox/matlab/lang/+matlab/+lang/makeUniqueStrings.m,M-subfunction,2302,0.0153687916936554,0,0.0153687916936554,6.67627788603623e-06,6.67627788603623e-06,1,1,0,0,1,8,0,1,0
"/Applications/MATLAB_R2026a.app/toolbox/matlab/lang/+matlab/+lang/makeUniqueStrings.m>reshapeAndTypecastOutputs","makeUniqueStrings>reshapeAndTypecastOutputs",/Applications/MATLAB_R2026a.app/toolbox/matlab/lang/+matlab/+lang/makeUniqueStrings.m,M-subfunction,2302,0.00818529168104065,0,0.00818529168104065,3.555730530426e-06,3.555730530426e-06,1,1,0,0,1,9,0,1,0
"/Applications/MATLAB_R2026a.app/toolbox/matlab/datatypes/tabular/+matlab/+internal/+tabular/+private/metaDim.m>metaDim.checkAgainstVarLabels","metaDim>metaDim.checkAgainstVarLabels",/Applications/MATLAB_R2026a.app/toolbox/matlab/datatypes/tabular/+matlab/+internal/+tabular/+private/metaDim.m,M-method,1724,0.135642666904865,0.0938931668315501,0.0417495000733152,7.86790411281121e-05,2.42166473743128e-05,0.307790321629379,0,0,2,1,5,0,1,0
"/Applications/MATLAB_R2026a.app/toolbox/matlab/datatypes/tabular/+matlab/+internal/+tabular/+private/@tabularDimension/tabularDimension.m>tabularDimension.setLabels","tabularDimension.tabularDimension>tabularDimension.setLabels",/Applications/MATLAB_R2026a.app/toolbox/matlab/datatypes/tabular/+matlab/+internal/+tabular/+private/@tabularDimension/tabularDimension.m,M-method,3448,0.120970041879099,0.103495875181746,0.0174741666973526,3.50841188744487e-05,5.06791377533428e-06,0.144450364949173,0,0,2,1,18,0,1,0
"/Applications/MATLAB_R2026a.app/toolbox/matlab/datatypes/tabular/+matlab/+internal/+tabular/+private/rowNamesDim.m>rowNamesDim.validateAndAssignLabels","rowNamesDim>rowNamesDim.validateAndAssignLabels",/Applications/MATLAB_R2026a.app/toolbox/matlab/datatypes/tabular/+matlab/+internal/+tabular/+private/rowNamesDim.m,M-method,1724,0.00755741667993805,0,0.00755741667993805,4.38365236655339e-06,4.38365236655339e-06,1,1,0,0,1,7,0,1,0
"/Applications/MATLAB_R2026a.app/toolbox/matlab/datatypes/tabular/+matlab/+internal/+tabular/+private/varNamesDim.m>varNamesDim.validateAndAssignLabels","varNamesDim>varNamesDim.validateAndAssignLabels",/Applications/MATLAB_R2026a.app/toolbox/matlab/datatypes/tabular/+matlab/+internal/+tabular/+private/varNamesDim.m,M-method,1724,0.0959384585018084,0.0811343334758113,0.0148041250259971,5.56487578316754e-05,8.58707948143685e-06,0.154308556309752,0,0,4,1,27,0,1,0
"/Applications/MATLAB_R2026a.app/toolbox/matlab/datatypes/shared/matlab_datatypes/+matlab/+internal/+datatypes/isText.m>isText","isText",/Applications/MATLAB_R2026a.app/toolbox/matlab/datatypes/shared/matlab_datatypes/+matlab/+internal/+datatypes/isText.m,M-function,1724,0.0129772916894558,0,0.0129772916894558,7.52743137439429e-06,7.52743137439429e-06,1,1,0,0,1,7,0,1,0
"/Applications/MATLAB_R2026a.app/toolbox/matlab/datatypes/tabular/+matlab/+internal/+tabular/+private/varNamesDim.m>varNamesDim.makeValidName","varNamesDim>varNamesDim.makeValidName",/Applications/MATLAB_R2026a.app/toolbox/matlab/datatypes/tabular/+matlab/+internal/+tabular/+private/varNamesDim.m,M-method,1738,0.0567839584330502,0.0408289167383653,0.0159550416946849,3.26720129073937e-05,9.18011604987624e-06,0.280977975734051,0,0,3,3,23,0,1,0
"/Applications/MATLAB_R2026a.app/toolbox/matlab/datatypes/tabular/+matlab/+internal/+tabular/+private/varNamesDim.m>parseMode","varNamesDim>parseMode",/Applications/MATLAB_R2026a.app/toolbox/matlab/datatypes/tabular/+matlab/+internal/+tabular/+private/varNamesDim.m,M-subfunction,1738,0.00403283334041529,0,0.00403283334041529,2.32038742256346e-06,2.32038742256346e-06,1,1,0,0,1,18,0,1,0
"/Applications/MATLAB_R2026a.app/toolbox/matlab/datatypes/tabular/+matlab/+internal/+tabular/validateVariableNameLength.m>validateVariableNameLength","validateVariableNameLength",/Applications/MATLAB_R2026a.app/toolbox/matlab/datatypes/tabular/+matlab/+internal/+tabular/validateVariableNameLength.m,M-function,3462,0.011031041686038,0,0.011031041686038,3.18632053322877e-06,3.18632053322877e-06,1,1,0,0,2,10,0,1,0
"/Applications/MATLAB_R2026a.app/toolbox/matlab/datatypes/tabular/+matlab/+internal/+tabular/+private/varNamesDim.m>varNamesDim.checkReservedNames","varNamesDim>varNamesDim.checkReservedNames",/Applications/MATLAB_R2026a.app/toolbox/matlab/datatypes/tabular/+matlab/+internal/+tabular/+private/varNamesDim.m,M-method,1745,0.031894833389343,0.00714795834588568,0.0247468750434574,1.82778414838642e-05,1.41815902827836e-05,0.775889773160752,0,0,1,2,9,0,1,0
"/Applications/MATLAB_R2026a.app/toolbox/matlab/datatypes/tabular/+matlab/+internal/+tabular/+private/@tabularDimension/tabularDimension.m>tabularDimension.checkReservedNamesImpl","tabularDimension.tabularDimension>tabularDimension.checkReservedNamesImpl",/Applications/MATLAB_R2026a.app/toolbox/matlab/datatypes/tabular/+matlab/+internal/+tabular/+private/@tabularDimension/tabularDimension.m,M-method,1745,0.00714795834588568,0,0.00714795834588568,4.09625120108062e-06,4.09625120108062e-06,1,1,0,0,1,2,0,1,0
"/Applications/MATLAB_R2026a.app/toolbox/matlab/datatypes/tabular/@tabular/dotAssign.m>dotAssign","tabular.dotAssign",/Applications/MATLAB_R2026a.app/toolbox/matlab/datatypes/tabular/@tabular/dotAssign.m,M-function,3440,0.206774625363112,0.0568527500998377,0.149921875263274,6.01089027218348e-05,4.35819404835099e-05,0.725049676670916,0,0,6,4,78,0,1,0
"/Applications/MATLAB_R2026a.app/toolbox/matlab/datatypes/tabular/+matlab/+internal/+tabular/+private/varNamesDim.m>varNamesDim.lengthenTo","varNamesDim>varNamesDim.lengthenTo",/Applications/MATLAB_R2026a.app/toolbox/matlab/datatypes/tabular/+matlab/+internal/+tabular/+private/varNamesDim.m,M-method,7,0.00466400000819033,0.00257695833785866,0.00208704167033167,0.000666285715455762,0.000298148810047381,0.447478916523728,0,0,1,1,13,0,1,0
"/Applications/MATLAB_R2026a.app/toolbox/matlab/datatypes/tabular/+matlab/+internal/+tabular/+private/@tabularDimension/tabularDimension.m>tabularDimension.checkDuplicateLabels","tabularDimension.tabularDimension>tabularDimension.checkDuplicateLabels",/Applications/MATLAB_R2026a.app/toolbox/matlab/datatypes/tabular/+matlab/+internal/+tabular/+private/@tabularDimension/tabularDimension.m,M-method,1724,0.0115245833535714,0,0.0115245833535714,6.68479312852167e-06,6.68479312852167e-06,1,1,0,0,1,10,0,1,0
"/Applications/MATLAB_R2026a.app/toolbox/matlab/datatypes/tabular/+matlab/+internal/+tabular/+private/@tabularDimension/tabularDimension.m>tabularDimension.assignLabels","tabularDimension.tabularDimension>tabularDimension.assignLabels",/Applications/MATLAB_R2026a.app/toolbox/matlab/datatypes/tabular/+matlab/+internal/+tabular/+private/@tabularDimension/tabularDimension.m,M-method,1724,0.00473262500831084,0,0.00473262500831084,2.74514211618958e-06,2.74514211618958e-06,1,1,0,0,1,7,0,1,0
"/Applications/MATLAB_R2026a.app/toolbox/matlab/datatypes/tabular/+matlab/+internal/+tabular/+private/@tabularDimension/tabularDimension.m>tabularDimension.createLike","tabularDimension.tabularDimension>tabularDimension.createLike",/Applications/MATLAB_R2026a.app/toolbox/matlab/datatypes/tabular/+matlab/+internal/+tabular/+private/@tabularDimension/tabularDimension.m,M-method,3449,0.185769875326226,0.120970041879099,0.0647998334471267,5.38619528345102e-05,1.87880062183609e-05,0.348817768937689,0,0,1,3,11,0,1,0
"/Applications/MATLAB_R2026a.app/toolbox/matlab/datatypes/tabular/@tabular/tabular.m>tabular.initInternals","tabular.tabular>tabular.initInternals",/Applications/MATLAB_R2026a.app/toolbox/matlab/datatypes/tabular/@tabular/tabular.m,M-method,1724,0.215530292045154,0.1978275003474,0.0177027916977541,0.000125017570791853,1.02684406599502e-05,0.0821359797259744,0,0,2,1,8,0,1,0
"/Applications/MATLAB_R2026a.app/toolbox/matlab/datatypes/tabular/+matlab/+internal/+tabular/+private/varNamesDim.m>varNamesDim.createLike","varNamesDim>varNamesDim.createLike",/Applications/MATLAB_R2026a.app/toolbox/matlab/datatypes/tabular/+matlab/+internal/+tabular/+private/varNamesDim.m,M-method,1724,0.148229958593636,0.13608391690564,0.012146041687996,8.59802544046614e-05,7.04526780046174e-06,0.081940532151761,0,0,1,1,13,0,1,0
"/Applications/MATLAB_R2026a.app/toolbox/matlab/datatypes/tabular/@tabular/vertcat.m>vertcat","tabular.vertcat",/Applications/MATLAB_R2026a.app/toolbox/matlab/datatypes/tabular/@tabular/vertcat.m,M-function,1,0.0452273750794226,0.0238354583751902,0.0213919167042325,0.0452273750794226,0.0213919167042325,0.472986032611149,0,0,7,1,85,0,1,0
"/Applications/MATLAB_R2026a.app/toolbox/matlab/datatypes/shared/matlab_datatypes/+matlab/+internal/+datatypes/parseArgsTabularConstructors.m>parseArgsTabularConstructors","parseArgsTabularConstructors",/Applications/MATLAB_R2026a.app/toolbox/matlab/datatypes/shared/matlab_datatypes/+matlab/+internal/+datatypes/parseArgsTabularConstructors.m,M-function,1146,0.0130724166896228,0,0.0130724166896228,1.1406995366163e-05,1.1406995366163e-05,1,1,0,0,1,24,0,1,0
"/Users/jearly/Documents/OceanKitRepositories/oceankit-internal-modes-beta7/InternalModes-2.0.0-beta.7/@IMInternalModesBasis/discreteTransform.m>emptyVariableDiagnostics","IMInternalModesBasis.discreteTransform>emptyVariableDiagnostics",/Users/jearly/Documents/OceanKitRepositories/oceankit-internal-modes-beta7/InternalModes-2.0.0-beta.7/@IMInternalModesBasis/discreteTransform.m,M-subfunction,5,0.0243309583760603,0.0235560417080328,0.000774916668027478,0.00486619167521206,0.000154983333605496,0.031848998960515,0,0,1,1,11,0,0,1
"/Users/jearly/Documents/OceanKitRepositories/oceankit-internal-modes-beta7/InternalModes-2.0.0-beta.7/@IMInternalModesBasis/discreteTransform.m>singularValueConditionNumber","IMInternalModesBasis.discreteTransform>singularValueConditionNumber",/Users/jearly/Documents/OceanKitRepositories/oceankit-internal-modes-beta7/InternalModes-2.0.0-beta.7/@IMInternalModesBasis/discreteTransform.m,M-subfunction,490,0.00476287500836396,0,0.00476287500836396,9.7201530782938e-06,9.7201530782938e-06,1,1,0,0,1,5,0,0,1
"/Applications/MATLAB_R2026a.app/toolbox/matlab/datatypes/tabular/@tabular/dotAssign.m>localTranslatedAssign","tabular.dotAssign>localTranslatedAssign",/Applications/MATLAB_R2026a.app/toolbox/matlab/datatypes/tabular/@tabular/dotAssign.m,M-subfunction,3430,0.0438577084103507,0,0.0438577084103507,1.27865039097232e-05,1.27865039097232e-05,1,1,0,0,1,9,0,1,0
"/Applications/MATLAB_R2026a.app/toolbox/matlab/datatypes/tabular/@tabular/tabular.m>tabular.validateAcrossVars","tabular.tabular>tabular.validateAcrossVars",/Applications/MATLAB_R2026a.app/toolbox/matlab/datatypes/tabular/@tabular/tabular.m,M-method,3440,0.00500062500878147,0,0.00500062500878147,1.45367006069229e-06,1.45367006069229e-06,1,1,0,0,1,1,0,1,0
"/Applications/MATLAB_R2026a.app/toolbox/matlab/datatypes/shared/matlab_datatypes/+matlab/+internal/+datatypes/isColon.m>isColon","isColon",/Applications/MATLAB_R2026a.app/toolbox/matlab/datatypes/shared/matlab_datatypes/+matlab/+internal/+datatypes/isColon.m,M-function,1,5.92916667707872e-05,0,5.92916667707872e-05,5.92916667707872e-05,5.92916667707872e-05,1,1,0,0,1,1,0,1,0
"/private/tmp/wvm42-before/+WVInternal/selectFreeSurfaceWaveCounts.m>withSelectedConvergence","selectFreeSurfaceWaveCounts>withSelectedConvergence",/private/tmp/wvm42-before/+WVInternal/selectFreeSurfaceWaveCounts.m,M-subfunction,1,0.0172771250303399,0.0130616666896039,0.00421545834073599,0.0172771250303399,0.00421545834073599,0.243990729553287,0,0,1,1,8,0,0,1
"/Users/jearly/Documents/OceanKitRepositories/oceankit-internal-modes-beta7/InternalModes-2.0.0-beta.7/@IMInternalModesBasis/discreteTransform.m>@(variable)variableDiagnostics.(char(variable)).gramError(nPrefix)","IMInternalModesBasis.discreteTransform>@(variable)variableDiagnostics.(char(variable)).gramError(nPrefix)",/Users/jearly/Documents/OceanKitRepositories/oceankit-internal-modes-beta7/InternalModes-2.0.0-beta.7/@IMInternalModesBasis/discreteTransform.m,M-anonymous-function,245,0.0119825416877089,0.00697191667890987,0.00501062500879903,4.890833341922e-05,2.04515306481593e-05,0.418160448708364,0,0,1,1,0,0,0,1
"/Applications/MATLAB_R2026a.app/toolbox/matlab/datatypes/tabular/@tabular/dotParenReference.m>dotParenReference","tabular.dotParenReference",/Applications/MATLAB_R2026a.app/toolbox/matlab/datatypes/tabular/@tabular/dotParenReference.m,M-function,3248,0.0279051667156702,0,0.0279051667156702,8.59149221541571e-06,8.59149221541571e-06,1,1,0,0,4,14,0,1,0
"/Users/jearly/Documents/OceanKitRepositories/oceankit-internal-modes-beta7/InternalModes-2.0.0-beta.7/IMDiscreteTransformTools.m>IMDiscreteTransformTools.cumulativeAcceptance","IMDiscreteTransformTools>IMDiscreteTransformTools.cumulativeAcceptance",/Users/jearly/Documents/OceanKitRepositories/oceankit-internal-modes-beta7/InternalModes-2.0.0-beta.7/IMDiscreteTransformTools.m,M-method,3,4.82083334179907e-05,0,4.82083334179907e-05,1.60694444726636e-05,1.60694444726636e-05,1,1,0,0,1,2,0,0,1
"/Users/jearly/Documents/OceanKitRepositories/oceankit-internal-modes-beta7/InternalModes-2.0.0-beta.7/IMDiscreteTransformTools.m>IMDiscreteTransformTools.policyResult","IMDiscreteTransformTools>IMDiscreteTransformTools.policyResult",/Users/jearly/Documents/OceanKitRepositories/oceankit-internal-modes-beta7/InternalModes-2.0.0-beta.7/IMDiscreteTransformTools.m,M-method,9,0.00116429166871125,0,0.00116429166871125,0.000129365740967917,0.000129365740967917,1,1,0,0,1,16,0,0,1
"/Users/jearly/Documents/OceanKitRepositories/oceankit-internal-modes-beta7/InternalModes-2.0.0-beta.7/@IMInternalModesBasis/discreteTransform.m>combinedPolicyResult","IMInternalModesBasis.discreteTransform>combinedPolicyResult",/Users/jearly/Documents/OceanKitRepositories/oceankit-internal-modes-beta7/InternalModes-2.0.0-beta.7/@IMInternalModesBasis/discreteTransform.m,M-subfunction,3,0.000250416667106417,0,0.000250416667106417,8.34722223688056e-05,8.34722223688056e-05,1,1,0,0,1,17,0,0,1
"/Applications/MATLAB_R2026a.app/toolbox/matlab/datatypes/tabular/@tabular/size.m>size","tabular.size",/Applications/MATLAB_R2026a.app/toolbox/matlab/datatypes/tabular/@tabular/size.m,M-function,1147,0.0075762916799712,0.000620333334422685,0.00695595834554851,6.60531096771683e-06,6.06447981303271e-06,0.918121772415045,0,0,1,3,13,0,1,0
"/Applications/MATLAB_R2026a.app/toolbox/matlab/datatypes/shared/matlab_datatypes/+matlab/+internal/+datatypes/isScalarInt.m>isScalarInt","isScalarInt",/Applications/MATLAB_R2026a.app/toolbox/matlab/datatypes/shared/matlab_datatypes/+matlab/+internal/+datatypes/isScalarInt.m,M-function,9,0.000620333334422685,0,0.000620333334422685,6.8925926046965e-05,6.8925926046965e-05,1,1,0,0,1,8,0,1,0
"/Applications/MATLAB_R2026a.app/toolbox/matlab/elmat/height.m>height","height",/Applications/MATLAB_R2026a.app/toolbox/matlab/elmat/height.m,M-function,9,0.00163270833620049,0.00134666666903151,0.000286041667168977,0.00018141203735561,3.17824074632197e-05,0.175194589766492,0,0,1,2,1,0,1,0
"/Applications/MATLAB_R2026a.app/toolbox/matlab/datatypes/tabular/@table/table.m>table.getTemplateForConcatenation","table.table>table.getTemplateForConcatenation",/Applications/MATLAB_R2026a.app/toolbox/matlab/datatypes/tabular/@table/table.m,M-method,1,0.00467195834153764,0.0019407500034081,0.00273120833812954,0.00467195834153764,0.00273120833812954,0.584596038420719,0,0,1,1,24,0,1,0
"/Users/jearly/Documents/OceanKitRepositories/chebfun/@chebfun/getRootsForBreaks.m>getRootsForBreaks","chebfun.getRootsForBreaks",/Users/jearly/Documents/OceanKitRepositories/chebfun/@chebfun/getRootsForBreaks.m,M-function,2,0.00505645834221285,0.00489854167526887,0.000157916666943979,0.00252822917110642,7.89583334719897e-05,0.0312306868279015,0,0,2,1,8,0,1,0
"/Users/jearly/Documents/OceanKitRepositories/chebfun/@chebfun/hscale.m>hscale","chebfun.hscale",/Users/jearly/Documents/OceanKitRepositories/chebfun/@chebfun/hscale.m,M-function,13648,0.0265032917132084,0,0.0265032917132084,1.94191762259733e-06,1.94191762259733e-06,1,1,0,0,3,4,0,1,0
"/Users/jearly/Documents/OceanKitRepositories/chebfun/@chebfun/addBreaksAtRoots.m>columnAddBreaksAtRoots","chebfun.addBreaksAtRoots>columnAddBreaksAtRoots",/Users/jearly/Documents/OceanKitRepositories/chebfun/@chebfun/addBreaksAtRoots.m,M-subfunction,2,0.00513575000901876,0.00505645834221285,7.92916668059087e-05,0.00256787500450938,3.96458334029543e-05,0.0154391601356504,0,0,1,1,4,0,1,0
"/Users/jearly/Documents/OceanKitRepositories/chebfun/@chebfun/addBreaksAtRoots.m>addBreaksAtRoots","chebfun.addBreaksAtRoots",/Users/jearly/Documents/OceanKitRepositories/chebfun/@chebfun/addBreaksAtRoots.m,M-function,2,0.00527687500926659,0.00513575000901876,0.000141125000247827,0.00263843750463329,7.05625001239133e-05,0.0267440483240556,0,0,1,1,7,0,1,0
"/Users/jearly/Documents/OceanKitRepositories/chebfun/@chebfunpref/chebfunpref.m>chebfunpref.subsasgn","chebfunpref.chebfunpref>chebfunpref.subsasgn",/Users/jearly/Documents/OceanKitRepositories/chebfun/@chebfunpref/chebfunpref.m,M-method,2,0.000209750000368337,0,0.000209750000368337,0.000104875000184168,0.000104875000184168,1,1,0,0,1,8,0,1,0
"/private/tmp/wvm42-before/+WVInternal/compareResolvedModes.m>@(z)dProfile(z)","compareResolvedModes>@(z)dProfile(z)",/private/tmp/wvm42-before/+WVInternal/compareResolvedModes.m,M-anonymous-function,2,0.00137066666907366,0.00127645833557489,9.42083334987698e-05,0.00068533333453683,4.71041667493849e-05,0.0687317607003888,0,0,1,1,0,0,0,1
"/private/tmp/wvm42-before/+WVInternal/compareResolvedModes.m>compareResolvedModes/prepare","compareResolvedModes>prepare",/private/tmp/wvm42-before/+WVInternal/compareResolvedModes.m,M-nested-function,4,0.0808612084753316,0.0794761668062327,0.0013850416690989,0.0202153021188329,0.000346260417274726,0.0171286293541042,0,0,1,1,3,0,0,1
"/Users/jearly/Documents/OceanKitRepositories/oceankit-internal-modes-beta7/InternalModes-2.0.0-beta.7/assessModeConvergence.m>validatePrepared","assessModeConvergence>validatePrepared",/Users/jearly/Documents/OceanKitRepositories/oceankit-internal-modes-beta7/InternalModes-2.0.0-beta.7/assessModeConvergence.m,M-subfunction,1144,0.133100375233734,0,0.133100375233734,0.00011634648184767,0.00011634648184767,1,1,0,0,1,40,0,0,1
"/Applications/MATLAB_R2026a.app/toolbox/matlab/ops/union.m>union","union",/Applications/MATLAB_R2026a.app/toolbox/matlab/ops/union.m,M-function,572,0.0355561250624392,0.0197067083679398,0.0158494166944994,6.21610578014671e-05,2.77087704449291e-05,0.445757704661761,0,0,1,1,21,0,1,0
"/Applications/MATLAB_R2026a.app/toolbox/matlab/elmat/repelem.m>repelem","repelem",/Applications/MATLAB_R2026a.app/toolbox/matlab/elmat/repelem.m,M-function,572,0.00804770834746571,0.00620054167755528,0.00184716666991043,1.40694201878771e-05,3.22931235998327e-06,0.229527039271014,0,0,1,1,3,0,1,0
"/Applications/MATLAB_R2026a.app/toolbox/matlab/elmat/+matlab/+internal/+builtinhelper/repelem.m>repelem","repelem",/Applications/MATLAB_R2026a.app/toolbox/matlab/elmat/+matlab/+internal/+builtinhelper/repelem.m,M-function,572,0.00620054167755528,0,0.00620054167755528,1.08401078278938e-05,1.08401078278938e-05,1,1,0,0,1,28,0,1,0
"/Users/jearly/Documents/OceanKitRepositories/oceankit-internal-modes-beta7/InternalModes-2.0.0-beta.7/assessModeConvergence.m>commonOrientation","assessModeConvergence>commonOrientation",/Users/jearly/Documents/OceanKitRepositories/oceankit-internal-modes-beta7/InternalModes-2.0.0-beta.7/assessModeConvergence.m,M-subfunction,572,0.0988313751735553,0,0.0988313751735553,0.000172782124429292,0.000172782124429292,1,1,0,0,1,18,0,0,1
"/Users/jearly/Documents/OceanKitRepositories/oceankit-internal-modes-beta7/InternalModes-2.0.0-beta.7/assessModeConvergence.m>normRatio","assessModeConvergence>normRatio",/Users/jearly/Documents/OceanKitRepositories/oceankit-internal-modes-beta7/InternalModes-2.0.0-beta.7/assessModeConvergence.m,M-subfunction,3432,0.0108834583524455,0,0.0108834583524455,3.17117084861466e-06,3.17117084861466e-06,1,1,0,0,1,4,0,0,1
"/private/tmp/wvm42-before/+WVInternal/assessWaveModeConstruction.m>assessWaveModeConstruction/acceptPrepared","assessWaveModeConstruction>acceptPrepared",/private/tmp/wvm42-before/+WVInternal/assessWaveModeConstruction.m,M-nested-function,36,1.07190741854902,1.06552500187114,0.00638241667787454,0.029775206070806,0.000177289352163182,0.00595426113060592,0,0,2,1,8,0,0,1
"/Applications/MATLAB_R2026a.app/toolbox/matlab/datatypes/tabular/@tabular/dotReference.m>dotReference","tabular.dotReference",/Applications/MATLAB_R2026a.app/toolbox/matlab/datatypes/tabular/@tabular/dotReference.m,M-function,1874,0.0315573750554171,0.00285387500501162,0.0287035000504055,1.68395811394969e-05,1.53167022680926e-05,0.90956551360815,0,0,1,6,23,0,1,0
"/Applications/MATLAB_R2026a.app/toolbox/matlab/datatypes/tabular/@tabular/translateAndForwardReference.m>translateAndForwardReference","tabular.translateAndForwardReference",/Applications/MATLAB_R2026a.app/toolbox/matlab/datatypes/tabular/@tabular/translateAndForwardReference.m,M-function,569,0.00285387500501162,0,0.00285387500501162,5.01559754835082e-06,5.01559754835082e-06,1,1,0,0,1,13,0,1,0
"/Applications/MATLAB_R2026a.app/toolbox/matlab/datatypes/tabular/@tabular/dotListLength.m>dotListLength","tabular.dotListLength",/Applications/MATLAB_R2026a.app/toolbox/matlab/datatypes/tabular/@tabular/dotListLength.m,M-function,1302,0.0200496667018754,0.00800333334738778,0.0120463333544876,1.53991295713329e-05,9.25217615552042e-06,0.600824618863157,0,0,2,5,13,0,1,0
"/Applications/MATLAB_R2026a.app/toolbox/matlab/datatypes/tabular/@tabular/listLengthRecurser.m>listLengthRecurser","tabular.listLengthRecurser",/Applications/MATLAB_R2026a.app/toolbox/matlab/datatypes/tabular/@tabular/listLengthRecurser.m,M-function,569,0.00395475000694484,0,0.00395475000694484,6.95035150605419e-06,6.95035150605419e-06,1,1,0,0,1,9,0,1,0
"/Applications/MATLAB_R2026a.app/toolbox/matlab/strfun/validators/mustBeText.m>mustBeText","mustBeText",/Applications/MATLAB_R2026a.app/toolbox/matlab/strfun/validators/mustBeText.m,M-function,2,5.47916667628849e-05,1.61250000283167e-05,3.86666667345682e-05,2.73958333814425e-05,1.93333333672841e-05,0.705703422053232,0,0,1,2,3,0,1,0
"/Applications/MATLAB_R2026a.app/toolbox/matlab/strfun/validators/private/istext.m>istext","validators/private/istext",/Applications/MATLAB_R2026a.app/toolbox/matlab/strfun/validators/private/istext.m,M-function,2,1.61250000283167e-05,0,1.61250000283167e-05,8.06250001415835e-06,8.06250001415835e-06,1,1,0,0,1,2,0,1,0
"/Users/jearly/Documents/OceanKitRepositories/oceankit-internal-modes-beta7/InternalModes-2.0.0-beta.7/@IMGeostrophicZeroAPVModesBasis/IMGeostrophicZeroAPVModesBasis.m>IMGeostrophicZeroAPVModesBasis.symmetrize","IMGeostrophicZeroAPVModesBasis.IMGeostrophicZeroAPVModesBasis>IMGeostrophicZeroAPVModesBasis.symmetrize",/Users/jearly/Documents/OceanKitRepositories/oceankit-internal-modes-beta7/InternalModes-2.0.0-beta.7/@IMGeostrophicZeroAPVModesBasis/IMGeostrophicZeroAPVModesBasis.m,M-method,4552,0.0693128751217186,0.0219084167051395,0.0474044584165791,1.52269057824514e-05,1.04139847136597e-05,0.683919954746262,0,0,1,1,2,0,0,1
"/Users/jearly/Documents/OceanKitRepositories/oceankit-internal-modes-beta7/InternalModes-2.0.0-beta.7/@IMGeostrophicZeroAPVFormTools/IMGeostrophicZeroAPVFormTools.m>IMGeostrophicZeroAPVFormTools.symmetrizePages","IMGeostrophicZeroAPVFormTools.IMGeostrophicZeroAPVFormTools>IMGeostrophicZeroAPVFormTools.symmetrizePages",/Users/jearly/Documents/OceanKitRepositories/oceankit-internal-modes-beta7/InternalModes-2.0.0-beta.7/@IMGeostrophicZeroAPVFormTools/IMGeostrophicZeroAPVFormTools.m,M-method,2,0.0158155416944399,0.00465629167484346,0.0111592500195965,0.00790777084721997,0.00557962500979824,0.705587594481167,0,0,1,1,4,0,0,1
"/Users/jearly/Documents/OceanKitRepositories/oceankit-internal-modes-beta7/InternalModes-2.0.0-beta.7/@IMGeostrophicZeroAPVFormTools/IMGeostrophicZeroAPVFormTools.m>IMGeostrophicZeroAPVFormTools.symmetrize","IMGeostrophicZeroAPVFormTools.IMGeostrophicZeroAPVFormTools>IMGeostrophicZeroAPVFormTools.symmetrize",/Users/jearly/Documents/OceanKitRepositories/oceankit-internal-modes-beta7/InternalModes-2.0.0-beta.7/@IMGeostrophicZeroAPVFormTools/IMGeostrophicZeroAPVFormTools.m,M-method,5690,0.0265647083799829,0,0.0265647083799829,4.66866579613057e-06,4.66866579613057e-06,1,1,0,0,2,2,0,0,1
"/Users/jearly/Documents/OceanKitRepositories/oceankit-internal-modes-beta7/InternalModes-2.0.0-beta.7/@IMGeostrophicTransform/IMGeostrophicTransform.m>IMGeostrophicTransform.validateEndpointAcceleration","IMGeostrophicTransform.IMGeostrophicTransform>IMGeostrophicTransform.validateEndpointAcceleration",/Users/jearly/Documents/OceanKitRepositories/oceankit-internal-modes-beta7/InternalModes-2.0.0-beta.7/@IMGeostrophicTransform/IMGeostrophicTransform.m,M-method,2,2.64583333797961e-05,0,2.64583333797961e-05,1.32291666898981e-05,1.32291666898981e-05,1,1,0,0,1,3,0,0,1
"/Users/jearly/Documents/OceanKitRepositories/oceankit-internal-modes-beta7/InternalModes-2.0.0-beta.7/@IMGeostrophicTransform/IMGeostrophicTransform.m>IMGeostrophicTransform.relativeMismatch","IMGeostrophicTransform.IMGeostrophicTransform>IMGeostrophicTransform.relativeMismatch",/Users/jearly/Documents/OceanKitRepositories/oceankit-internal-modes-beta7/InternalModes-2.0.0-beta.7/@IMGeostrophicTransform/IMGeostrophicTransform.m,M-method,3,0.000102750000180437,0,0.000102750000180437,3.42500000601456e-05,3.42500000601456e-05,1,1,0,0,1,7,0,0,1
"/Users/jearly/Documents/OceanKitRepositories/oceankit-internal-modes-beta7/InternalModes-2.0.0-beta.7/@IMGeostrophicZeroAPVModesBasis/IMGeostrophicZeroAPVModesBasis.m>IMGeostrophicZeroAPVModesBasis.symmetrizePages","IMGeostrophicZeroAPVModesBasis.IMGeostrophicZeroAPVModesBasis>IMGeostrophicZeroAPVModesBasis.symmetrizePages",/Users/jearly/Documents/OceanKitRepositories/oceankit-internal-modes-beta7/InternalModes-2.0.0-beta.7/@IMGeostrophicZeroAPVModesBasis/IMGeostrophicZeroAPVModesBasis.m,M-method,2,0.0158699583612022,0.0158155416944399,5.44166667622269e-05,0.00793497918060108,2.72083333811134e-05,0.00342891049388391,0,0,1,1,2,0,0,1
"/Applications/MATLAB_R2026a.app/toolbox/matlab/datatypes/struct/rmfield.m>rmfield","rmfield",/Applications/MATLAB_R2026a.app/toolbox/matlab/datatypes/struct/rmfield.m,M-function,6,0.00194579167008362,0.0005350000009395,0.00141079166914412,0.000324298611680604,0.000235131944857354,0.725047645559862,0,0,1,3,25,0,1,0
"/Applications/MATLAB_R2026a.app/toolbox/matlab/datatypes/struct/rmfield.m>smallcase","rmfield>smallcase",/Applications/MATLAB_R2026a.app/toolbox/matlab/datatypes/struct/rmfield.m,M-subfunction,5,0.0005350000009395,0,0.0005350000009395,0.0001070000001879,0.0001070000001879,1,1,0,0,1,10,0,1,0
"/Applications/MATLAB_R2026a.app/toolbox/matlab/datafun/gradient.m>gradient","gradient",/Applications/MATLAB_R2026a.app/toolbox/matlab/datafun/gradient.m,M-function,1,0.000237833333750986,7.21250001266569e-05,0.00016570833362433,0.000237833333750986,0.00016570833362433,0.696741415557113,0,0,1,1,22,0,1,0
"/Applications/MATLAB_R2026a.app/toolbox/matlab/datafun/gradient.m>parse_inputs","gradient>parse_inputs",/Applications/MATLAB_R2026a.app/toolbox/matlab/datafun/gradient.m,M-subfunction,1,7.21250001266569e-05,0,7.21250001266569e-05,7.21250001266569e-05,7.21250001266569e-05,1,1,0,0,1,19,0,1,0
"/private/tmp/wvm42-before/+WVInternal/assessFreeSurfaceBoundaryGrid.m>columnError","assessFreeSurfaceBoundaryGrid>columnError",/private/tmp/wvm42-before/+WVInternal/assessFreeSurfaceBoundaryGrid.m,M-subfunction,2276,0.00812016668092628,0,0.00812016668092628,3.56773580005548e-06,3.56773580005548e-06,1,1,0,0,1,3,0,0,1
"/private/tmp/wvm42-before/+WVInternal/assessFreeSurfaceBoundaryGrid.m>assessFreeSurfaceBoundaryGrid/forms","assessFreeSurfaceBoundaryGrid>forms",/private/tmp/wvm42-before/+WVInternal/assessFreeSurfaceBoundaryGrid.m,M-nested-function,1138,0.0104178333516278,0,0.0104178333516278,9.15451085380301e-06,9.15451085380301e-06,1,1,0,0,1,5,0,0,1
"/Applications/MATLAB_R2026a.app/toolbox/matlab/datatypes/tabular/+matlab/+internal/+tabular/+private/rowNamesDim.m>rowNamesDim.hasExplicitLabels","rowNamesDim>rowNamesDim.hasExplicitLabels",/Applications/MATLAB_R2026a.app/toolbox/matlab/datatypes/tabular/+matlab/+internal/+tabular/+private/rowNamesDim.m,M-method,1,1.91250000335849e-05,0,1.91250000335849e-05,1.91250000335849e-05,1.91250000335849e-05,1,1,0,0,1,2,0,1,0
"/Applications/MATLAB_R2026a.app/toolbox/matlab/datatypes/tabular/+matlab/+internal/+tabular/+private/@tabularDimension/tabularDimension.m>tabularDimension.mergeProps","tabularDimension.tabularDimension>tabularDimension.mergeProps",/Applications/MATLAB_R2026a.app/toolbox/matlab/datatypes/tabular/+matlab/+internal/+tabular/+private/@tabularDimension/tabularDimension.m,M-method,569,0.000901541668249841,0,0.000901541668249841,1.58443175439339e-06,1.58443175439339e-06,1,1,0,0,1,1,0,1,0
"/Applications/MATLAB_R2026a.app/toolbox/matlab/datatypes/tabular/+matlab/+internal/+tabular/+private/varNamesDim.m>varNamesDim.mergeProps","varNamesDim>varNamesDim.mergeProps",/Applications/MATLAB_R2026a.app/toolbox/matlab/datatypes/tabular/+matlab/+internal/+tabular/+private/varNamesDim.m,M-method,569,0.00793333334726486,0,0.00793333334726486,1.39425893625041e-05,1.39425893625041e-05,1,1,0,0,1,11,0,1,0
"/Applications/MATLAB_R2026a.app/toolbox/matlab/datatypes/tabular/@tabular/mergeArrayProps.m>mergeArrayProps","tabular.mergeArrayProps",/Applications/MATLAB_R2026a.app/toolbox/matlab/datatypes/tabular/@tabular/mergeArrayProps.m,M-function,569,0.00593220834375073,0.00178629166980353,0.0041459166739472,1.04256737148519e-05,7.28632104384394e-06,0.698882512836001,0,0,1,1,9,0,1,0
"/Applications/MATLAB_R2026a.app/toolbox/matlab/datatypes/tabular/@tabular/mergeArrayProps.m>mergeNonemptyScalarStructs","tabular.mergeArrayProps>mergeNonemptyScalarStructs",/Applications/MATLAB_R2026a.app/toolbox/matlab/datatypes/tabular/@tabular/mergeArrayProps.m,M-subfunction,569,0.00178629166980353,0,0.00178629166980353,3.13935267100796e-06,3.13935267100796e-06,1,1,0,0,1,5,0,1,0
"/Users/jearly/Documents/OceanKitRepositories/oceankit-internal-modes-beta7/InternalModes-2.0.0-beta.7/@IMBasisCollection/IMBasisCollection.m>IMBasisCollection.basisWavenumbers","IMBasisCollection.IMBasisCollection>IMBasisCollection.basisWavenumbers",/Users/jearly/Documents/OceanKitRepositories/oceankit-internal-modes-beta7/InternalModes-2.0.0-beta.7/@IMBasisCollection/IMBasisCollection.m,M-method,1140,0.0588038334365972,0.0441643750775559,0.0146394583590413,5.15823100321028e-05,1.28416301395099e-05,0.248954149814496,0,0,1,1,5,0,0,1
"/Applications/MATLAB_R2026a.app/toolbox/matlab/lang/isprop.p>isprop","isprop",/Applications/MATLAB_R2026a.app/toolbox/matlab/lang/isprop.p,M-function,2280,0.0441643750775559,0,0.0441643750775559,1.93703399462965e-05,1.93703399462965e-05,1,1,0,0,1,0,0,1,0
"/Users/jearly/Documents/OceanKitRepositories/oceankit-internal-modes-beta7/InternalModes-2.0.0-beta.7/@IMBasisCollection/evaluateChunks.m>@(i)numel(self.metadata(self.basisIndex(i)).columnLabels)","IMBasisCollection.evaluateChunks>@(i)numel(self.metadata(self.basisIndex(i)).columnLabels)",/Users/jearly/Documents/OceanKitRepositories/oceankit-internal-modes-beta7/InternalModes-2.0.0-beta.7/@IMBasisCollection/evaluateChunks.m,M-anonymous-function,1139,0.0125502083553724,0,0.0125502083553724,1.10186201539705e-05,1.10186201539705e-05,1,1,0,0,1,0,0,0,1
"/Users/jearly/Documents/OceanKitRepositories/chebfun/@chebfun/domain.m>domain","chebfun.domain",/Users/jearly/Documents/OceanKitRepositories/chebfun/@chebfun/domain.m,M-function,13644,0.0606881251065729,0,0.0606881251065729,4.44797164369487e-06,4.44797164369487e-06,1,1,0,0,1,7,0,1,0
"/Users/jearly/Documents/OceanKitRepositories/chebfun/@classicfun/isequal.m>isequal","classicfun.isequal",/Users/jearly/Documents/OceanKitRepositories/chebfun/@classicfun/isequal.m,M-function,6822,0.180628541983864,0.0871455834863675,0.0934829584974964,2.64773588366848e-05,1.37031601432859e-05,0.517542562602579,0,0,1,1,2,0,1,0
"/Users/jearly/Documents/OceanKitRepositories/chebfun/@chebtech/isequal.m>isequal","chebtech.isequal",/Users/jearly/Documents/OceanKitRepositories/chebfun/@chebtech/isequal.m,M-function,6822,0.0871455834863675,0,0.0871455834863675,1.27741986933989e-05,1.27741986933989e-05,1,1,0,0,1,3,0,1,0
"/Users/jearly/Documents/OceanKitRepositories/chebfun/@chebfun/isequal.m>columnIsequal","chebfun.isequal>columnIsequal",/Users/jearly/Documents/OceanKitRepositories/chebfun/@chebfun/isequal.m,M-subfunction,6822,0.205103792026844,0.180628541983864,0.0244752500429804,3.00650530675527e-05,3.58769423086784e-06,0.119331046009023,0,0,1,1,11,0,1,0
"/Users/jearly/Documents/OceanKitRepositories/oceankit-internal-modes-beta7/InternalModes-2.0.0-beta.7/@IMBasisCollection/evaluateChunks.m>@(g)g.derivativeOrder==nativeOrder&&g.nPolynomials==nPolynomials&&isequal(g.solver,basis.solver)","IMBasisCollection.evaluateChunks>@(g)g.derivativeOrder==nativeOrder&&g.nPolynomials==nPolynomials&&isequal(g.solver,basis.solver)",/Users/jearly/Documents/OceanKitRepositories/oceankit-internal-modes-beta7/InternalModes-2.0.0-beta.7/@IMBasisCollection/evaluateChunks.m,M-anonymous-function,1136,0.77433858469313,0.691367417880759,0.0829711668123703,0.000681636078074938,7.30379989545513e-05,0.107151016948551,0,0,1,1,0,0,0,1
"/private/tmp/wvm42-before/+WVInternal/prepareWaveModeConvergenceBatches.m>@(group)group.nPolynomials==nPolynomials&&isequal(group.solver,basis.solver)","prepareWaveModeConvergenceBatches>@(group)group.nPolynomials==nPolynomials&&isequal(group.solver,basis.solver)",/private/tmp/wvm42-before/+WVInternal/prepareWaveModeConvergenceBatches.m,M-anonymous-function,1138,0.759899168001106,0.669187709508477,0.0907114584926295,0.000667749708261078,7.97112992026621e-05,0.119373019885314,0,0,1,1,0,0,0,1
"/Users/jearly/Documents/OceanKitRepositories/oceankit-internal-modes-beta7/InternalModes-2.0.0-beta.7/@IMBasisCollection/evaluate.m>evaluate/acceptChunk","IMBasisCollection.evaluate>acceptChunk",/Users/jearly/Documents/OceanKitRepositories/oceankit-internal-modes-beta7/InternalModes-2.0.0-beta.7/@IMBasisCollection/evaluate.m,M-nested-function,1,1.48333333593818e-05,0,1.48333333593818e-05,1.48333333593818e-05,1.48333333593818e-05,1,1,0,0,1,2,0,0,1
"/private/tmp/wvm42-before/+WVInternal/buildFreeSurfaceWaveState.m>buildFreeSurfaceWaveState/acceptWaveF","buildFreeSurfaceWaveState>acceptWaveF",/private/tmp/wvm42-before/+WVInternal/buildFreeSurfaceWaveState.m,M-nested-function,36,0.0011310833353196,0,0.0011310833353196,3.14189815366555e-05,3.14189815366555e-05,1,1,0,0,1,2,0,0,1
"/private/tmp/wvm42-before/+WVInternal/buildFreeSurfaceWaveState.m>buildFreeSurfaceWaveState/acceptWaveG","buildFreeSurfaceWaveState>acceptWaveG",/private/tmp/wvm42-before/+WVInternal/buildFreeSurfaceWaveState.m,M-nested-function,36,0.00126900000222846,0,0.00126900000222846,3.52500000619016e-05,3.52500000619016e-05,1,1,0,0,1,2,0,0,1
"/private/tmp/wvm42-before/+WVInternal/prepareWaveModeConvergenceBatches.m>validateKappa","prepareWaveModeConvergenceBatches>validateKappa",/private/tmp/wvm42-before/+WVInternal/prepareWaveModeConvergenceBatches.m,M-subfunction,2,8.13333334761607e-05,0,8.13333334761607e-05,4.06666667380804e-05,4.06666667380804e-05,1,1,0,0,1,3,0,0,1
"/private/tmp/wvm42-before/+WVInternal/prepareWaveModeConvergenceBatches.m>isFastWaveBasis","prepareWaveModeConvergenceBatches>isFastWaveBasis",/private/tmp/wvm42-before/+WVInternal/prepareWaveModeConvergenceBatches.m,M-subfunction,1140,0.00495204167536282,0,0.00495204167536282,4.34389620645861e-06,4.34389620645861e-06,1,1,0,0,1,4,0,0,1
"/private/tmp/wvm42-before/+WVInternal/prepareWaveModeConvergenceBatches.m>@(iBasis)size(collection.bases{iBasis}.nativeModes,2)","prepareWaveModeConvergenceBatches>@(iBasis)size(collection.bases{iBasis}.nativeModes,2)",/private/tmp/wvm42-before/+WVInternal/prepareWaveModeConvergenceBatches.m,M-anonymous-function,1140,0.00233212500409539,0,0.00233212500409539,2.04572368780297e-06,2.04572368780297e-06,1,1,0,0,1,0,0,0,1
"/private/tmp/wvm42-before/+WVInternal/prepareWaveModeConvergenceBatches.m>basePreparation","prepareWaveModeConvergenceBatches>basePreparation",/private/tmp/wvm42-before/+WVInternal/prepareWaveModeConvergenceBatches.m,M-subfunction,1140,0.0321986250565432,0,0.0321986250565432,2.82444079443361e-05,2.82444079443361e-05,1,1,0,0,1,4,0,0,1
"/private/tmp/wvm42-before/+WVInternal/selectFreeSurfaceWaveCounts.m>limitReport","selectFreeSurfaceWaveCounts>limitReport",/private/tmp/wvm42-before/+WVInternal/selectFreeSurfaceWaveCounts.m,M-subfunction,570,0.0103204166847901,0,0.0103204166847901,1.81059941838423e-05,1.81059941838423e-05,1,1,0,0,1,17,0,0,1
"/private/tmp/wvm42-before/@WVTransformFreeSurfaceBoussinesq/WVTransformFreeSurfaceBoussinesq.m>WVTransformFreeSurfaceBoussinesq.geometryStateNames","WVTransformFreeSurfaceBoussinesq.WVTransformFreeSurfaceBoussinesq>WVTransformFreeSurfaceBoussinesq.geometryStateNames",/private/tmp/wvm42-before/@WVTransformFreeSurfaceBoussinesq/WVTransformFreeSurfaceBoussinesq.m,M-method,1,3.33333333918691e-06,0,3.33333333918691e-06,3.33333333918691e-06,3.33333333918691e-06,1,1,0,0,1,2,0,0,1
"/private/tmp/wvm42-before/@WVStratification/WVStratification.m>WVStratification.namesOfRequiredPropertiesForStratification","WVStratification.WVStratification>WVStratification.namesOfRequiredPropertiesForStratification",/private/tmp/wvm42-before/@WVStratification/WVStratification.m,M-method,1,0.000946541668328864,0.000878708334876411,6.78333334524538e-05,0.000946541668328864,6.78333334524538e-05,0.0716643923053221,0,0,2,1,3,0,0,1
"/private/tmp/wvm42-before/WVRotatingFPlane.m>WVRotatingFPlane.namesOfRequiredPropertiesForRotatingFPlane","WVRotatingFPlane>WVRotatingFPlane.namesOfRequiredPropertiesForRotatingFPlane",/private/tmp/wvm42-before/WVRotatingFPlane.m,M-method,1,4.37500000768283e-06,0,4.37500000768283e-06,4.37500000768283e-06,4.37500000768283e-06,1,1,0,0,1,2,0,0,1
"/Applications/MATLAB_R2026a.app/toolbox/matlab/ops/@cell/union.m>union","cell.union",/Applications/MATLAB_R2026a.app/toolbox/matlab/ops/@cell/union.m,M-function,1,0.000874333334868728,0.000789333334719461,8.50000001492663e-05,0.000874333334868728,8.50000001492663e-05,0.0972169271826153,0,0,1,1,10,0,1,0
"/private/tmp/wvm42-before/WVRotatingFPlane.m>WVRotatingFPlane.WVRotatingFPlane","WVRotatingFPlane>WVRotatingFPlane.WVRotatingFPlane",/private/tmp/wvm42-before/WVRotatingFPlane.m,M-method,1,0.000511250000897793,0,0.000511250000897793,0.000511250000897793,0.000511250000897793,1,1,0,0,1,11,0,0,1
"/private/tmp/wvm42-before/+WVInternal/resolveFreeSurfaceInputs.m>@(z)densityFromStratification(z,N2Function,options.rho0,options.g)","resolveFreeSurfaceInputs>@(z)densityFromStratification(z,N2Function,options.rho0,options.g)",/private/tmp/wvm42-before/+WVInternal/resolveFreeSurfaceInputs.m,M-anonymous-function,1,0.0211886250372088,0.0211604583704927,2.81666667161298e-05,0.0211886250372088,2.81666667161298e-05,0.00132932961278361,0,0,1,1,0,0,0,1
"/private/tmp/wvm42-before/WVForcing.m>WVForcing.spatialFluxTypes","WVForcing>WVForcing.spatialFluxTypes",/private/tmp/wvm42-before/WVForcing.m,M-method,1,2.75833333817717e-05,0,2.75833333817717e-05,2.75833333817717e-05,2.75833333817717e-05,1,1,0,0,1,2,0,0,1
"/Applications/MATLAB_R2026a.app/toolbox/matlab/ops/intersect.m>intersect","intersect",/Applications/MATLAB_R2026a.app/toolbox/matlab/ops/intersect.m,M-function,9,0.0112181666863666,0.00802783334743081,0.0031903333389358,0.00124646296515184,0.000354481482103977,0.284389903281879,0,0,1,2,21,0,1,0
"/private/tmp/wvm42-before/@WVTransform/clearVariableCacheOfApAmA0DependentVariables.m>clearVariableCacheOfApAmA0DependentVariables","WVTransform.clearVariableCacheOfApAmA0DependentVariables",/private/tmp/wvm42-before/@WVTransform/clearVariableCacheOfApAmA0DependentVariables.m,M-function,6,0.00569166667666166,0.00432845834093443,0.00136320833572723,0.000948611112776943,0.000227201389287872,0.239509516837482,0,0,1,6,2,0,0,1
"/private/tmp/wvm42-before/WVForcing.m>WVForcing.spectralFluxTypes","WVForcing>WVForcing.spectralFluxTypes",/private/tmp/wvm42-before/WVForcing.m,M-method,1,2.13750000375361e-05,0,2.13750000375361e-05,2.13750000375361e-05,2.13750000375361e-05,1,1,0,0,1,2,0,0,1
"/private/tmp/wvm42-before/WVForcing.m>WVForcing.spectralAmplitudeTypes","WVForcing>WVForcing.spectralAmplitudeTypes",/private/tmp/wvm42-before/WVForcing.m,M-method,1,1.78750000313898e-05,0,1.78750000313898e-05,1.78750000313898e-05,1.78750000313898e-05,1,1,0,0,1,2,0,0,1
"/private/tmp/wvm42-before/@WVTransformFreeSurfaceBoussinesq/WVTransformFreeSurfaceBoussinesq.m>WVTransformFreeSurfaceBoussinesq.get.activeWaveModes","WVTransformFreeSurfaceBoussinesq.WVTransformFreeSurfaceBoussinesq>WVTransformFreeSurfaceBoussinesq.get.activeWaveModes",/private/tmp/wvm42-before/@WVTransformFreeSurfaceBoussinesq/WVTransformFreeSurfaceBoussinesq.m,M-method,2,0.000395958334028666,0,0.000395958334028666,0.000197979167014333,0.000197979167014333,1,1,0,0,1,1,0,0,1
"/private/tmp/wvm42-before/@WVTransformFreeSurfaceBoussinesq/WVTransformFreeSurfaceBoussinesq.m>WVTransformFreeSurfaceBoussinesq.set.Aw_p","WVTransformFreeSurfaceBoussinesq.WVTransformFreeSurfaceBoussinesq>WVTransformFreeSurfaceBoussinesq.set.Aw_p",/private/tmp/wvm42-before/@WVTransformFreeSurfaceBoussinesq/WVTransformFreeSurfaceBoussinesq.m,M-method,1,0.00311254167213252,0.00270783333808849,0.000404708334044031,0.00311254167213252,0.000404708334044031,0.130025033132087,0,0,2,1,4,0,0,1
"/private/tmp/wvm42-before/@WVTransformFreeSurfaceBoussinesq/WVTransformFreeSurfaceBoussinesq.m>WVTransformFreeSurfaceBoussinesq.set.Aw_m","WVTransformFreeSurfaceBoussinesq.WVTransformFreeSurfaceBoussinesq>WVTransformFreeSurfaceBoussinesq.set.Aw_m",/private/tmp/wvm42-before/@WVTransformFreeSurfaceBoussinesq/WVTransformFreeSurfaceBoussinesq.m,M-method,1,0.0020026666701835,0.00193125000339142,7.14166667920798e-05,0.0020026666701835,7.14166667920798e-05,0.0356607856191745,0,0,2,1,4,0,0,1
"/private/tmp/wvm42-before/@WVTransformFreeSurfaceBoussinesq/WVTransformFreeSurfaceBoussinesq.m>WVTransformFreeSurfaceBoussinesq.set.Ag_q","WVTransformFreeSurfaceBoussinesq.WVTransformFreeSurfaceBoussinesq>WVTransformFreeSurfaceBoussinesq.set.Ag_q",/private/tmp/wvm42-before/@WVTransformFreeSurfaceBoussinesq/WVTransformFreeSurfaceBoussinesq.m,M-method,1,0.00167000000293264,0.0016007083361443,6.9291666788348e-05,0.00167000000293264,6.9291666788348e-05,0.0414920159680639,0,0,2,1,4,0,0,1
"/private/tmp/wvm42-before/@WVTransformFreeSurfaceBoussinesq/WVTransformFreeSurfaceBoussinesq.m>WVTransformFreeSurfaceBoussinesq.set.Ag_0","WVTransformFreeSurfaceBoussinesq.WVTransformFreeSurfaceBoussinesq>WVTransformFreeSurfaceBoussinesq.set.Ag_0",/private/tmp/wvm42-before/@WVTransformFreeSurfaceBoussinesq/WVTransformFreeSurfaceBoussinesq.m,M-method,1,0.000843708334814948,0.000781708334706071,6.20000001088764e-05,0.000843708334814948,6.20000001088764e-05,0.0734851103758208,0,0,2,1,4,0,0,1
"/private/tmp/wvm42-before/@WVTransformFreeSurfaceBoussinesq/WVTransformFreeSurfaceBoussinesq.m>WVTransformFreeSurfaceBoussinesq.set.Aio","WVTransformFreeSurfaceBoussinesq.WVTransformFreeSurfaceBoussinesq>WVTransformFreeSurfaceBoussinesq.set.Aio",/private/tmp/wvm42-before/@WVTransformFreeSurfaceBoussinesq/WVTransformFreeSurfaceBoussinesq.m,M-method,1,0.00109675000192597,0.00103079166847681,6.59583334491612e-05,0.00109675000192597,6.59583334491612e-05,0.0601398070055468,0,0,2,1,4,0,0,1
"/private/tmp/wvm42-before/@WVTransformFreeSurfaceBoussinesq/WVTransformFreeSurfaceBoussinesq.m>WVTransformFreeSurfaceBoussinesq.set.Amda","WVTransformFreeSurfaceBoussinesq.WVTransformFreeSurfaceBoussinesq>WVTransformFreeSurfaceBoussinesq.set.Amda",/private/tmp/wvm42-before/@WVTransformFreeSurfaceBoussinesq/WVTransformFreeSurfaceBoussinesq.m,M-method,1,0.000436875000767185,0.000375625000659625,6.12500001075596e-05,0.000436875000767185,6.12500001075596e-05,0.140200286123033,0,0,2,1,4,0,0,1
"/private/tmp/wvm42-before/@WVTransformFreeSurfaceBoussinesq/WVTransformFreeSurfaceBoussinesq.m>WVTransformFreeSurfaceBoussinesq.namesOfTransformVariables","WVTransformFreeSurfaceBoussinesq.WVTransformFreeSurfaceBoussinesq>WVTransformFreeSurfaceBoussinesq.namesOfTransformVariables",/private/tmp/wvm42-before/@WVTransformFreeSurfaceBoussinesq/WVTransformFreeSurfaceBoussinesq.m,M-method,14,4.86250000853891e-05,0,4.86250000853891e-05,3.47321429181351e-06,3.47321429181351e-06,1,1,0,0,3,2,0,0,1
"/private/tmp/wvm42-before/@WVTransform/addOperation.m>operationsAbsentFrom","WVTransform.addOperation>operationsAbsentFrom",/private/tmp/wvm42-before/@WVTransform/addOperation.m,M-subfunction,14,0.00299491667192596,0.000513208334234565,0.0024817083376914,0.000213922619423283,0.000177264881263671,0.828640195887476,0,0,1,1,12,0,0,1
"/private/tmp/wvm42-before/@WVTransform/addOperation.m>@(other)other==candidate","WVTransform.addOperation>@(other)other==candidate",/private/tmp/wvm42-before/@WVTransform/addOperation.m,M-anonymous-function,224,0.000513208334234565,0,0.000513208334234565,2.29110863497574e-06,2.29110863497574e-06,1,1,0,0,1,0,0,0,1
"/private/tmp/wvm42-before/@WVTransform/addOperation.m>@(operation)operation.nVarOut","WVTransform.addOperation>@(operation)operation.nVarOut",/private/tmp/wvm42-before/@WVTransform/addOperation.m,M-anonymous-function,7,0.00013491666690359,0,0.00013491666690359,1.92738095576558e-05,1.92738095576558e-05,1,1,0,0,1,0,0,0,1
"/private/tmp/wvm42-before/@WVTransform/removeFromVariableCache.m>removeFromVariableCache","WVTransform.removeFromVariableCache",/private/tmp/wvm42-before/@WVTransform/removeFromVariableCache.m,M-function,99,0.0016097083361601,0,0.0016097083361601,1.62596801632333e-05,1.62596801632333e-05,1,1,0,0,1,3,0,0,1
"/Applications/MATLAB_R2026a.app/toolbox/matlab/datatypes/dictionary/+matlab/+internal/+dictionary/sliceArray.m>sliceArray","sliceArray",/Applications/MATLAB_R2026a.app/toolbox/matlab/datatypes/dictionary/+matlab/+internal/+dictionary/sliceArray.m,M-function,99,0.00128920833559728,0,0.00128920833559728,1.30223064201745e-05,1.30223064201745e-05,1,1,0,0,1,12,0,1,0
"/Applications/MATLAB_R2026a.app/toolbox/matlab/ops/@cell/ismember.m>ismember","cell.ismember",/Applications/MATLAB_R2026a.app/toolbox/matlab/ops/@cell/ismember.m,M-function,6,0.000946750001662563,0,0.000946750001662563,0.000157791666943761,0.000157791666943761,1,1,0,0,1,13,0,1,0
"/Users/jearly/Documents/OceanKitRepositories/wvm-v5-construction-optimization/tools/quadratic-dealiasing-study/measureLegacyRemoval.m>measureLegacyRemoval/construct","measureLegacyRemoval>construct",/Users/jearly/Documents/OceanKitRepositories/wvm-v5-construction-optimization/tools/quadratic-dealiasing-study/measureLegacyRemoval.m,M-nested-function,1,23.6741371665735,23.6739955415733,0.000141625000249945,23.6741371665735,0.000141625000249945,5.98226660821714e-06,0,0,1,1,3,0,1,0
"/Users/jearly/Documents/OceanKitRepositories/wvm-v5-construction-optimization/tools/quadratic-dealiasing-study/measureLegacyRemoval.m>@()construct(""fixedFraction"")","measureLegacyRemoval>@()construct(""fixedFraction"")",/Users/jearly/Documents/OceanKitRepositories/wvm-v5-construction-optimization/tools/quadratic-dealiasing-study/measureLegacyRemoval.m,M-anonymous-function,1,23.6741982915737,23.6741371665735,6.11250001121277e-05,23.6741982915737,6.11250001121277e-05,2.58192481786739e-06,0,0,1,1,0,0,1,0
"/Users/jearly/Documents/OceanKitRepositories/oceankit-internal-modes-beta7/tools/profiling/profileCodeHotspots.m>profileCodeHotspots","profileCodeHotspots",/Users/jearly/Documents/OceanKitRepositories/oceankit-internal-modes-beta7/tools/profiling/profileCodeHotspots.m,M-function,1,23.6790532082488,23.6741982915737,0.004854916675189,23.6790532082488,0.004854916675189,0.000205030016719492,0,0,1,1,5,0,1,0
"/Users/jearly/Documents/OceanKitRepositories/wvm-v5-construction-optimization/tools/quadratic-dealiasing-study/measureLegacyRemoval.m>measureLegacyRemoval","measureLegacyRemoval",/Users/jearly/Documents/OceanKitRepositories/wvm-v5-construction-optimization/tools/quadratic-dealiasing-study/measureLegacyRemoval.m,M-function,1,23.6790882915822,23.6790532082488,3.50833333939704e-05,23.6790882915822,3.50833333939704e-05,1.48161673126758e-06,0,0,1,0,0,0,1,0
