interaction,inputA,inputB,output,channel,error,modeA,signA,modeB,signB,referenceStability,eigenProductStability,productCount,zeroProductCount
52,wave,wave,wave,u*dx(u),0.275158460995361,7,1,8,1,1.55612665578001e-15,6.72488731368048e-11,232,0
52,wave,wave,wave,v*dy(u),0,1,1,1,1,0,0,0,232
52,wave,wave,wave,w*dz(u),0.275155471705317,8,1,7,1,2.32234215891297e-15,6.84849596381828e-07,232,0
52,wave,wave,wave,u*dx(v),0.237354396622259,8,1,7,1,2.39220563481749e-15,5.044009654398e-11,232,0
52,wave,wave,wave,v*dy(v),0,1,1,1,1,0,0,0,232
52,wave,wave,wave,w*dz(v),0.237351641893254,8,1,7,1,1.23548595419868e-15,4.45673676206736e-07,232,0
52,wave,wave,wave,u*dx(w),0.00270710666325741,8,1,8,1,3.33066907387547e-16,6.73536781903294e-11,232,0
52,wave,wave,wave,v*dy(w),0,1,1,1,1,0,0,0,232
52,wave,wave,wave,w*dz(w),0.00270710666325741,8,1,8,1,3.33066907387547e-16,6.73536781903294e-11,232,0
52,wave,wave,wave,u*dx(eta),0.220330677738148,8,1,8,1,1.55876151729112e-15,5.05451236421095e-11,232,0
52,wave,wave,wave,v*dy(eta),0,1,1,1,1,0,0,0,232
52,wave,wave,wave,w*dz(eta),0.220330677738148,8,1,8,1,1.58348840244976e-15,5.05451236421095e-11,232,0
52,wave,wave,wave,w*eta*dlogN2,0,1,1,1,1,0,0,0,232
52,wave,apv,wave,u*dx(u),0,1,1,-1,0,0,0,0,48
52,wave,apv,wave,v*dy(u),0,1,1,-1,0,0,0,0,48
52,wave,apv,wave,w*dz(u),0,1,1,-1,0,0,0,0,48
52,wave,apv,wave,u*dx(v),0.0076994138890741,8,1,2,0,1.20606780567986e-15,3.37414540751979e-11,48,0
52,wave,apv,wave,v*dy(v),0,1,1,-1,0,0,0,0,48
52,wave,apv,wave,w*dz(v),0.00728628995261303,8,1,2,0,9.88152320278402e-16,4.49120740597664e-11,48,0
52,wave,apv,wave,u*dx(w),0,1,1,-1,0,0,0,0,48
52,wave,apv,wave,v*dy(w),0,1,1,-1,0,0,0,0,48
52,wave,apv,wave,w*dz(w),0,1,1,-1,0,0,0,0,48
52,wave,apv,wave,u*dx(eta),0.0041714549171282,8,1,2,0,1.04083023457065e-15,4.64692728741056e-11,48,0
52,wave,apv,wave,v*dy(eta),0,1,1,-1,0,0,0,0,48
52,wave,apv,wave,w*dz(eta),0.00441070736134491,8,1,2,0,1.81019146739337e-15,5.24042809146863e-10,48,0
52,wave,apv,wave,w*eta*dlogN2,0,1,1,-1,0,0,0,0,48
52,apv,wave,wave,u*dx(u),0,-1,0,1,1,0,0,0,48
52,apv,wave,wave,v*dy(u),0,-1,0,1,1,0,0,0,48
52,apv,wave,wave,w*dz(u),0,-1,0,1,1,0,0,0,48
52,apv,wave,wave,u*dx(v),0,-1,0,1,1,0,0,0,48
52,apv,wave,wave,v*dy(v),0,-1,0,1,1,0,0,0,48
52,apv,wave,wave,w*dz(v),0,-1,0,1,1,0,0,0,48
52,apv,wave,wave,u*dx(w),0,-1,0,1,1,0,0,0,48
52,apv,wave,wave,v*dy(w),0,-1,0,1,1,0,0,0,48
52,apv,wave,wave,w*dz(w),0,-1,0,1,1,0,0,0,48
52,apv,wave,wave,u*dx(eta),0,-1,0,1,1,0,0,0,48
52,apv,wave,wave,v*dy(eta),0,-1,0,1,1,0,0,0,48
52,apv,wave,wave,w*dz(eta),0,-1,0,1,1,0,0,0,48
52,apv,wave,wave,w*eta*dlogN2,0,-1,0,1,1,0,0,0,48
52,wave,boundary,wave,u*dx(u),0,1,1,1,0,0,0,0,32
52,wave,boundary,wave,v*dy(u),0,1,1,1,0,0,0,0,32
52,wave,boundary,wave,w*dz(u),0,1,1,1,0,0,0,0,32
52,wave,boundary,wave,u*dx(v),0.000238467204913615,8,1,1,0,1.04477531999383e-15,3.33992833390084e-11,32,0
52,wave,boundary,wave,v*dy(v),0,1,1,1,0,0,0,0,32
52,wave,boundary,wave,w*dz(v),0.000240420356040624,8,1,2,0,7.54988899861825e-16,3.36015659740951e-11,32,0
52,wave,boundary,wave,u*dx(w),0,1,1,1,0,0,0,0,32
52,wave,boundary,wave,v*dy(w),0,1,1,1,0,0,0,0,32
52,wave,boundary,wave,w*dz(w),0,1,1,1,0,0,0,0,32
52,wave,boundary,wave,u*dx(eta),0.000137560682109055,8,1,2,0,6.12900776938481e-16,3.38500338870062e-11,32,0
52,wave,boundary,wave,v*dy(eta),0,1,1,1,0,0,0,0,32
52,wave,boundary,wave,w*dz(eta),0.000169441694527188,8,1,1,0,1.60951781693426e-15,3.36206618101187e-11,32,0
52,wave,boundary,wave,w*eta*dlogN2,0,1,1,1,0,0,0,0,32
52,boundary,wave,wave,u*dx(u),0,1,0,1,1,0,0,0,32
52,boundary,wave,wave,v*dy(u),0,1,0,1,1,0,0,0,32
52,boundary,wave,wave,w*dz(u),0,1,0,1,1,0,0,0,32
52,boundary,wave,wave,u*dx(v),0,1,0,1,1,0,0,0,32
52,boundary,wave,wave,v*dy(v),0,1,0,1,1,0,0,0,32
52,boundary,wave,wave,w*dz(v),0,1,0,1,1,0,0,0,32
52,boundary,wave,wave,u*dx(w),0,1,0,1,1,0,0,0,32
52,boundary,wave,wave,v*dy(w),0,1,0,1,1,0,0,0,32
52,boundary,wave,wave,w*dz(w),0,1,0,1,1,0,0,0,32
52,boundary,wave,wave,u*dx(eta),0,1,0,1,1,0,0,0,32
52,boundary,wave,wave,v*dy(eta),0,1,0,1,1,0,0,0,32
52,boundary,wave,wave,w*dz(eta),0,1,0,1,1,0,0,0,32
52,boundary,wave,wave,w*eta*dlogN2,0,1,0,1,1,0,0,0,32
52,apv,boundary,wave,u*dx(u),0,-1,0,1,0,0,0,0,6
52,apv,boundary,wave,v*dy(u),0,-1,0,1,0,0,0,0,6
52,apv,boundary,wave,w*dz(u),0,-1,0,1,0,0,0,0,6
52,apv,boundary,wave,u*dx(v),0,-1,0,1,0,0,0,0,6
52,apv,boundary,wave,v*dy(v),0,-1,0,1,0,0,0,0,6
52,apv,boundary,wave,w*dz(v),0,-1,0,1,0,0,0,0,6
52,apv,boundary,wave,u*dx(w),0,-1,0,1,0,0,0,0,6
52,apv,boundary,wave,v*dy(w),0,-1,0,1,0,0,0,0,6
52,apv,boundary,wave,w*dz(w),0,-1,0,1,0,0,0,0,6
52,apv,boundary,wave,u*dx(eta),0,-1,0,1,0,0,0,0,6
52,apv,boundary,wave,v*dy(eta),0,-1,0,1,0,0,0,0,6
52,apv,boundary,wave,w*dz(eta),0,-1,0,1,0,0,0,0,6
52,apv,boundary,wave,w*eta*dlogN2,0,-1,0,1,0,0,0,0,6
52,boundary,apv,wave,u*dx(u),0,1,0,-1,0,0,0,0,6
52,boundary,apv,wave,v*dy(u),0,1,0,-1,0,0,0,0,6
52,boundary,apv,wave,w*dz(u),0,1,0,-1,0,0,0,0,6
52,boundary,apv,wave,u*dx(v),0,1,0,-1,0,0,0,0,6
52,boundary,apv,wave,v*dy(v),0,1,0,-1,0,0,0,0,6
52,boundary,apv,wave,w*dz(v),0,1,0,-1,0,0,0,0,6
52,boundary,apv,wave,u*dx(w),0,1,0,-1,0,0,0,0,6
52,boundary,apv,wave,v*dy(w),0,1,0,-1,0,0,0,0,6
52,boundary,apv,wave,w*dz(w),0,1,0,-1,0,0,0,0,6
52,boundary,apv,wave,u*dx(eta),0,1,0,-1,0,0,0,0,6
52,boundary,apv,wave,v*dy(eta),0,1,0,-1,0,0,0,0,6
52,boundary,apv,wave,w*dz(eta),0,1,0,-1,0,0,0,0,6
52,boundary,apv,wave,w*eta*dlogN2,0,1,0,-1,0,0,0,0,6
52,boundary,boundary,wave,u*dx(u),0,1,0,1,0,0,0,0,4
52,boundary,boundary,wave,v*dy(u),0,1,0,1,0,0,0,0,4
52,boundary,boundary,wave,w*dz(u),0,1,0,1,0,0,0,0,4
52,boundary,boundary,wave,u*dx(v),0,1,0,1,0,0,0,0,4
52,boundary,boundary,wave,v*dy(v),0,1,0,1,0,0,0,0,4
52,boundary,boundary,wave,w*dz(v),0,1,0,1,0,0,0,0,4
52,boundary,boundary,wave,u*dx(w),0,1,0,1,0,0,0,0,4
52,boundary,boundary,wave,v*dy(w),0,1,0,1,0,0,0,0,4
52,boundary,boundary,wave,w*dz(w),0,1,0,1,0,0,0,0,4
52,boundary,boundary,wave,u*dx(eta),0,1,0,1,0,0,0,0,4
52,boundary,boundary,wave,v*dy(eta),0,1,0,1,0,0,0,0,4
52,boundary,boundary,wave,w*dz(eta),0,1,0,1,0,0,0,0,4
52,boundary,boundary,wave,w*eta*dlogN2,0,1,0,1,0,0,0,0,4
60,wave,wave,inertial,u*dx(u),0.00518366081975015,8,1,8,1,8.95792917033099e-16,6.72488731368048e-11,232,0
60,wave,wave,inertial,v*dy(u),0,1,1,1,1,0,0,0,232
60,wave,wave,inertial,w*dz(u),0.00518380648244207,8,1,8,1,1.26414776371934e-15,3.95147185194844e-07,232,0
60,wave,wave,inertial,u*dx(v),0.00518366081975012,8,1,8,1,1.093495383811e-15,5.044009654398e-11,232,0
60,wave,wave,inertial,v*dy(v),0,1,1,1,1,0,0,0,232
60,wave,wave,inertial,w*dz(v),0.00518380648244229,8,1,8,1,1.43489884230402e-15,3.95130376640296e-07,232,0
60,wave,wave,mda,u*dx(eta),0.000771590035457636,8,1,8,1,3.21968388383181e-15,4.31033527220229e-10,232,0
60,wave,wave,mda,v*dy(eta),0,1,1,1,1,0,0,0,232
60,wave,wave,mda,w*dz(eta),0.000771590035457629,8,1,8,1,5.8153382135256e-15,4.31033133082951e-10,232,0
60,wave,wave,mda,w*eta*dlogN2,0,1,1,1,1,0,0,0,232
60,wave,apv,inertial,u*dx(u),0,1,1,-1,0,0,0,0,48
60,wave,apv,inertial,v*dy(u),0,1,1,-1,0,0,0,0,48
60,wave,apv,inertial,w*dz(u),0,1,1,-1,0,0,0,0,48
60,wave,apv,inertial,u*dx(v),6.83955385891287e-05,7,1,2,0,9.41765445851175e-16,3.37414540751979e-11,48,0
60,wave,apv,inertial,v*dy(v),0,1,1,-1,0,0,0,0,48
60,wave,apv,inertial,w*dz(v),7.20784671996323e-05,8,1,1,0,6.634225820339e-16,4.49120740597664e-11,48,0
60,wave,apv,mda,u*dx(eta),9.7936826969487e-05,8,1,2,0,1.18192671130359e-15,3.17905067355981e-10,48,0
60,wave,apv,mda,v*dy(eta),0,1,1,-1,0,0,0,0,48
60,wave,apv,mda,w*dz(eta),0.000107409765554277,8,1,2,0,1.77245180240366e-15,2.02879898643333e-06,48,0
60,wave,apv,mda,w*eta*dlogN2,0,1,1,-1,0,0,0,0,48
60,apv,wave,inertial,u*dx(u),0,-1,0,1,1,0,0,0,48
60,apv,wave,inertial,v*dy(u),0,-1,0,1,1,0,0,0,48
60,apv,wave,inertial,w*dz(u),0,-1,0,1,1,0,0,0,48
60,apv,wave,inertial,u*dx(v),0,-1,0,1,1,0,0,0,48
60,apv,wave,inertial,v*dy(v),0,-1,0,1,1,0,0,0,48
60,apv,wave,inertial,w*dz(v),0,-1,0,1,1,0,0,0,48
60,apv,wave,mda,u*dx(eta),0,-1,0,1,1,0,0,0,48
60,apv,wave,mda,v*dy(eta),0,-1,0,1,1,0,0,0,48
60,apv,wave,mda,w*dz(eta),0,-1,0,1,1,0,0,0,48
60,apv,wave,mda,w*eta*dlogN2,0,-1,0,1,1,0,0,0,48
60,wave,boundary,inertial,u*dx(u),0,1,1,1,0,0,0,0,32
60,wave,boundary,inertial,v*dy(u),0,1,1,1,0,0,0,0,32
60,wave,boundary,inertial,w*dz(u),0,1,1,1,0,0,0,0,32
60,wave,boundary,inertial,u*dx(v),7.82890035833881e-06,8,1,1,0,7.83853197945052e-16,3.33992833390084e-11,32,0
60,wave,boundary,inertial,v*dy(v),0,1,1,1,0,0,0,0,32
60,wave,boundary,inertial,w*dz(v),8.08890827499563e-06,8,1,2,0,9.42865838601261e-16,3.36015659740951e-11,32,0
60,wave,boundary,mda,u*dx(eta),3.05208726189327e-07,8,1,2,0,7.70893888585513e-16,4.79546928496137e-10,32,0
60,wave,boundary,mda,v*dy(eta),0,1,1,1,0,0,0,0,32
60,wave,boundary,mda,w*dz(eta),5.1800155810506e-06,8,1,1,0,2.63315907729638e-15,1.21426012747259e-10,32,0
60,wave,boundary,mda,w*eta*dlogN2,0,1,1,1,0,0,0,0,32
60,boundary,wave,inertial,u*dx(u),0,1,0,1,1,0,0,0,32
60,boundary,wave,inertial,v*dy(u),0,1,0,1,1,0,0,0,32
60,boundary,wave,inertial,w*dz(u),0,1,0,1,1,0,0,0,32
60,boundary,wave,inertial,u*dx(v),0,1,0,1,1,0,0,0,32
60,boundary,wave,inertial,v*dy(v),0,1,0,1,1,0,0,0,32
60,boundary,wave,inertial,w*dz(v),0,1,0,1,1,0,0,0,32
60,boundary,wave,mda,u*dx(eta),0,1,0,1,1,0,0,0,32
60,boundary,wave,mda,v*dy(eta),0,1,0,1,1,0,0,0,32
60,boundary,wave,mda,w*dz(eta),0,1,0,1,1,0,0,0,32
60,boundary,wave,mda,w*eta*dlogN2,0,1,0,1,1,0,0,0,32
60,apv,boundary,inertial,u*dx(u),0,-1,0,1,0,0,0,0,6
60,apv,boundary,inertial,v*dy(u),0,-1,0,1,0,0,0,0,6
60,apv,boundary,inertial,w*dz(u),0,-1,0,1,0,0,0,0,6
60,apv,boundary,inertial,u*dx(v),0,-1,0,1,0,0,0,0,6
60,apv,boundary,inertial,v*dy(v),0,-1,0,1,0,0,0,0,6
60,apv,boundary,inertial,w*dz(v),0,-1,0,1,0,0,0,0,6
60,apv,boundary,mda,u*dx(eta),0,-1,0,1,0,0,0,0,6
60,apv,boundary,mda,v*dy(eta),0,-1,0,1,0,0,0,0,6
60,apv,boundary,mda,w*dz(eta),0,-1,0,1,0,0,0,0,6
60,apv,boundary,mda,w*eta*dlogN2,0,-1,0,1,0,0,0,0,6
60,boundary,apv,inertial,u*dx(u),0,1,0,-1,0,0,0,0,6
60,boundary,apv,inertial,v*dy(u),0,1,0,-1,0,0,0,0,6
60,boundary,apv,inertial,w*dz(u),0,1,0,-1,0,0,0,0,6
60,boundary,apv,inertial,u*dx(v),0,1,0,-1,0,0,0,0,6
60,boundary,apv,inertial,v*dy(v),0,1,0,-1,0,0,0,0,6
60,boundary,apv,inertial,w*dz(v),0,1,0,-1,0,0,0,0,6
60,boundary,apv,mda,u*dx(eta),0,1,0,-1,0,0,0,0,6
60,boundary,apv,mda,v*dy(eta),0,1,0,-1,0,0,0,0,6
60,boundary,apv,mda,w*dz(eta),0,1,0,-1,0,0,0,0,6
60,boundary,apv,mda,w*eta*dlogN2,0,1,0,-1,0,0,0,0,6
60,boundary,boundary,inertial,u*dx(u),0,1,0,1,0,0,0,0,4
60,boundary,boundary,inertial,v*dy(u),0,1,0,1,0,0,0,0,4
60,boundary,boundary,inertial,w*dz(u),0,1,0,1,0,0,0,0,4
60,boundary,boundary,inertial,u*dx(v),0,1,0,1,0,0,0,0,4
60,boundary,boundary,inertial,v*dy(v),0,1,0,1,0,0,0,0,4
60,boundary,boundary,inertial,w*dz(v),0,1,0,1,0,0,0,0,4
60,boundary,boundary,mda,u*dx(eta),0,1,0,1,0,0,0,0,4
60,boundary,boundary,mda,v*dy(eta),0,1,0,1,0,0,0,0,4
60,boundary,boundary,mda,w*dz(eta),0,1,0,1,0,0,0,0,4
60,boundary,boundary,mda,w*eta*dlogN2,0,1,0,1,0,0,0,0,4
55,wave,wave,wave,u*dx(u),0,1,1,1,1,0,0,0,232
55,wave,wave,wave,v*dy(u),0.264833405258814,7,1,8,1,1.48373569103143e-15,3.36317640403649e-11,232,0
55,wave,wave,wave,w*dz(u),0.264830471803473,8,1,7,1,1.42199169392568e-15,6.01675113369968e-07,232,0
55,wave,wave,wave,u*dx(v),0,1,1,1,1,0,0,0,232
55,wave,wave,wave,v*dy(v),0.264833405258814,8,1,7,1,1.69371319821228e-15,5.04403185885849e-11,232,0
55,wave,wave,wave,w*dz(v),0.264830471803473,8,1,7,1,1.32112780435482e-15,6.01681156247618e-07,232,0
55,wave,wave,wave,u*dx(w),0,1,1,1,1,0,0,0,232
55,wave,wave,wave,v*dy(w),0.0019142408959335,8,1,8,1,3.33066907387547e-16,5.05449015975046e-11,232,0
55,wave,wave,wave,w*dz(w),0.0019142408959335,8,1,8,1,3.33066907387547e-16,6.73536781903294e-11,232,0
55,wave,wave,wave,u*dx(eta),0,1,1,1,1,0,0,0,232
55,wave,wave,wave,v*dy(eta),0.170548711372269,8,1,8,1,1.99647729450085e-15,3.37365690938896e-11,232,0
55,wave,wave,wave,w*dz(eta),0.170548711372269,8,1,8,1,1.07750031189002e-15,5.05451236421095e-11,232,0
55,wave,wave,wave,w*eta*dlogN2,0,1,1,1,1,0,0,0,232
55,wave,apv,wave,u*dx(u),0,1,1,-1,0,0,0,0,48
55,wave,apv,wave,v*dy(u),0.00855442983573054,8,1,2,0,1.32656184898474e-15,1.6932899526978e-11,48,0
55,wave,apv,wave,w*dz(u),0.00809459084063269,8,1,2,0,1.35595433433177e-15,4.49120740597664e-11,48,0
55,wave,apv,wave,u*dx(v),0,1,1,-1,0,0,0,0,48
55,wave,apv,wave,v*dy(v),0,1,1,-1,0,0,0,0,48
55,wave,apv,wave,w*dz(v),0,1,1,-1,0,0,0,0,48
55,wave,apv,wave,u*dx(w),0,1,1,-1,0,0,0,0,48
55,wave,apv,wave,v*dy(w),0,1,1,-1,0,0,0,0,48
55,wave,apv,wave,w*dz(w),0,1,1,-1,0,0,0,0,48
55,wave,apv,wave,u*dx(eta),0,1,1,-1,0,0,0,0,48
55,wave,apv,wave,v*dy(eta),0.0031518043945633,8,1,2,0,1.58031066501535e-15,2.96604962812808e-11,48,0
55,wave,apv,wave,w*dz(eta),0.0033329067334421,8,1,2,0,1.51920044925143e-15,5.24042809146863e-10,48,0
55,wave,apv,wave,w*eta*dlogN2,0,1,1,-1,0,0,0,0,48
55,apv,wave,wave,u*dx(u),0,-1,0,1,1,0,0,0,48
55,apv,wave,wave,v*dy(u),0.00855442983573048,2,0,8,1,1.22452246858277e-15,1.69331215715829e-11,48,0
55,apv,wave,wave,w*dz(u),0,-1,0,1,1,0,0,0,48
55,apv,wave,wave,u*dx(v),0,-1,0,1,1,0,0,0,48
55,apv,wave,wave,v*dy(v),0.0085544298357307,2,0,8,1,1.18933805724361e-15,3.37414540751979e-11,48,0
55,apv,wave,wave,w*dz(v),0,-1,0,1,1,0,0,0,48
55,apv,wave,wave,u*dx(w),0,-1,0,1,1,0,0,0,48
55,apv,wave,wave,v*dy(w),3.61461531319241e-05,2,0,8,1,3.33066907387547e-16,3.57203155942898e-11,48,0
55,apv,wave,wave,w*dz(w),0,-1,0,1,1,0,0,0,48
55,apv,wave,wave,u*dx(eta),0,-1,0,1,1,0,0,0,48
55,apv,wave,wave,v*dy(eta),0.00333290673328051,2,0,8,1,1.59995459800401e-15,1.89115390014649e-11,48,0
55,apv,wave,wave,w*dz(eta),0,-1,0,1,1,0,0,0,48
55,apv,wave,wave,w*eta*dlogN2,0,-1,0,1,1,0,0,0,48
55,wave,boundary,wave,u*dx(u),0,1,1,1,0,0,0,0,32
55,wave,boundary,wave,v*dy(u),0.000272322313929271,8,1,1,0,1.39356685288618e-15,1.65907287907885e-11,32,0
55,wave,boundary,wave,w*dz(u),0.000270771700308613,8,1,2,0,9.76166351999946e-16,3.36015659740951e-11,32,0
55,wave,boundary,wave,u*dx(v),0,1,1,1,0,0,0,0,32
55,wave,boundary,wave,v*dy(v),0,1,1,1,0,0,0,0,32
55,wave,boundary,wave,w*dz(v),0,1,1,1,0,0,0,0,32
55,wave,boundary,wave,u*dx(w),0,1,1,1,0,0,0,0,32
55,wave,boundary,wave,v*dy(w),0,1,1,1,0,0,0,0,32
55,wave,boundary,wave,w*dz(w),0,1,1,1,0,0,0,0,32
55,wave,boundary,wave,u*dx(eta),0,1,1,1,0,0,0,0,32
55,wave,boundary,wave,v*dy(eta),0.000105685621293249,8,1,2,0,6.84372749531369e-16,1.70414793387863e-11,32,0
55,wave,boundary,wave,w*dz(eta),0.000131027793733569,8,1,1,0,8.56249084035756e-16,3.36206618101187e-11,32,0
55,wave,boundary,wave,w*eta*dlogN2,0,1,1,1,0,0,0,0,32
55,boundary,wave,wave,u*dx(u),0,1,0,1,1,0,0,0,32
55,boundary,wave,wave,v*dy(u),0.00027232231392927,1,0,8,1,1.36297709546322e-15,1.65907287907885e-11,32,0
55,boundary,wave,wave,w*dz(u),0,1,0,1,1,0,0,0,32
55,boundary,wave,wave,u*dx(v),0,1,0,1,1,0,0,0,32
55,boundary,wave,wave,v*dy(v),0.000272322313929639,1,0,8,1,1.14678985115869e-15,3.33992833390084e-11,32,0
55,boundary,wave,wave,w*dz(v),0,1,0,1,1,0,0,0,32
55,boundary,wave,wave,u*dx(w),0,1,0,1,1,0,0,0,32
55,boundary,wave,wave,v*dy(w),1.47669670758193e-06,2,0,8,1,2.22044604925031e-16,3.32134320046862e-11,32,0
55,boundary,wave,wave,w*dz(w),0,1,0,1,1,0,0,0,32
55,boundary,wave,wave,u*dx(eta),0,1,0,1,1,0,0,0,32
55,boundary,wave,wave,v*dy(eta),0.000131027793732173,1,0,8,1,2.26818241783058e-15,1.64046554118613e-11,32,0
55,boundary,wave,wave,w*dz(eta),0,1,0,1,1,0,0,0,32
55,boundary,wave,wave,w*eta*dlogN2,0,1,0,1,1,0,0,0,32
55,apv,boundary,wave,u*dx(u),0,-1,0,1,0,0,0,0,6
55,apv,boundary,wave,v*dy(u),9.74439699578949e-06,2,0,2,0,1.89949178235823e-15,1.06293862600637e-11,6,0
55,apv,boundary,wave,w*dz(u),0,-1,0,1,0,0,0,0,6
55,apv,boundary,wave,u*dx(v),0,-1,0,1,0,0,0,0,6
55,apv,boundary,wave,v*dy(v),0,-1,0,1,0,0,0,0,6
55,apv,boundary,wave,w*dz(v),0,-1,0,1,0,0,0,0,6
55,apv,boundary,wave,u*dx(w),0,-1,0,1,0,0,0,0,6
55,apv,boundary,wave,v*dy(w),0,-1,0,1,0,0,0,0,6
55,apv,boundary,wave,w*dz(w),0,-1,0,1,0,0,0,0,6
55,apv,boundary,wave,u*dx(eta),0,-1,0,1,0,0,0,0,6
55,apv,boundary,wave,v*dy(eta),4.07917307198312e-06,2,0,1,0,8.32543559514733e-16,9.61664081700064e-12,6,0
55,apv,boundary,wave,w*dz(eta),0,-1,0,1,0,0,0,0,6
55,apv,boundary,wave,w*eta*dlogN2,0,-1,0,1,0,0,0,0,6
55,boundary,apv,wave,u*dx(u),0,1,0,-1,0,0,0,0,6
55,boundary,apv,wave,v*dy(u),9.74439699581152e-06,2,0,2,0,1.89136234261157e-15,1.06293862600637e-11,6,0
55,boundary,apv,wave,w*dz(u),0,1,0,-1,0,0,0,0,6
55,boundary,apv,wave,u*dx(v),0,1,0,-1,0,0,0,0,6
55,boundary,apv,wave,v*dy(v),0,1,0,-1,0,0,0,0,6
55,boundary,apv,wave,w*dz(v),0,1,0,-1,0,0,0,0,6
55,boundary,apv,wave,u*dx(w),0,1,0,-1,0,0,0,0,6
55,boundary,apv,wave,v*dy(w),0,1,0,-1,0,0,0,0,6
55,boundary,apv,wave,w*dz(w),0,1,0,-1,0,0,0,0,6
55,boundary,apv,wave,u*dx(eta),0,1,0,-1,0,0,0,0,6
55,boundary,apv,wave,v*dy(eta),8.07625973963638e-06,2,0,2,0,8.17845276992956e-16,3.68873629776954e-11,6,0
55,boundary,apv,wave,w*dz(eta),0,1,0,-1,0,0,0,0,6
55,boundary,apv,wave,w*eta*dlogN2,0,1,0,-1,0,0,0,0,6
55,boundary,boundary,wave,u*dx(u),0,1,0,1,0,0,0,0,4
55,boundary,boundary,wave,v*dy(u),5.92010515395151e-07,2,0,2,0,8.2891865892091e-16,5.19810861021597e-11,4,0
55,boundary,boundary,wave,w*dz(u),0,1,0,1,0,0,0,0,4
55,boundary,boundary,wave,u*dx(v),0,1,0,1,0,0,0,0,4
55,boundary,boundary,wave,v*dy(v),0,1,0,1,0,0,0,0,4
55,boundary,boundary,wave,w*dz(v),0,1,0,1,0,0,0,0,4
55,boundary,boundary,wave,u*dx(w),0,1,0,1,0,0,0,0,4
55,boundary,boundary,wave,v*dy(w),0,1,0,1,0,0,0,0,4
55,boundary,boundary,wave,w*dz(w),0,1,0,1,0,0,0,0,4
55,boundary,boundary,wave,u*dx(eta),0,1,0,1,0,0,0,0,4
55,boundary,boundary,wave,v*dy(eta),1.05789075101414e-06,2,0,1,0,1.02268555174649e-15,4.41353620317386e-11,4,0
55,boundary,boundary,wave,w*dz(eta),0,1,0,1,0,0,0,0,4
55,boundary,boundary,wave,w*eta*dlogN2,0,1,0,1,0,0,0,0,4
56,wave,wave,wave,u*dx(u),0,1,1,1,1,0,0,0,232
56,wave,wave,wave,v*dy(u),0.264833405258814,7,1,8,1,1.48373569103143e-15,3.36317640403649e-11,232,0
56,wave,wave,wave,w*dz(u),0.264830471803473,8,1,7,1,1.42199169392568e-15,6.01675113369968e-07,232,0
56,wave,wave,wave,u*dx(v),0,1,1,1,1,0,0,0,232
56,wave,wave,wave,v*dy(v),0.264833405258814,8,1,7,1,1.69371319821228e-15,5.04403185885849e-11,232,0
56,wave,wave,wave,w*dz(v),0.264830471803473,8,1,7,1,1.32112780435482e-15,6.01681156247618e-07,232,0
56,wave,wave,wave,u*dx(w),0,1,1,1,1,0,0,0,232
56,wave,wave,wave,v*dy(w),0.0019142408959335,8,1,8,1,3.33066907387547e-16,5.05449015975046e-11,232,0
56,wave,wave,wave,w*dz(w),0.0019142408959335,8,1,8,1,3.33066907387547e-16,6.73536781903294e-11,232,0
56,wave,wave,wave,u*dx(eta),0,1,1,1,1,0,0,0,232
56,wave,wave,wave,v*dy(eta),0.170548711372269,8,1,8,1,1.99647729450085e-15,3.37365690938896e-11,232,0
56,wave,wave,wave,w*dz(eta),0.170548711372269,8,1,8,1,1.07750031189002e-15,5.05451236421095e-11,232,0
56,wave,wave,wave,w*eta*dlogN2,0,1,1,1,1,0,0,0,232
56,wave,apv,wave,u*dx(u),0,1,1,-1,0,0,0,0,48
56,wave,apv,wave,v*dy(u),0.00855442983573054,8,1,2,0,1.32656184898474e-15,1.6932899526978e-11,48,0
56,wave,apv,wave,w*dz(u),0.00809459084063269,8,1,2,0,1.35595433433177e-15,4.49120740597664e-11,48,0
56,wave,apv,wave,u*dx(v),0,1,1,-1,0,0,0,0,48
56,wave,apv,wave,v*dy(v),0,1,1,-1,0,0,0,0,48
56,wave,apv,wave,w*dz(v),0,1,1,-1,0,0,0,0,48
56,wave,apv,wave,u*dx(w),0,1,1,-1,0,0,0,0,48
56,wave,apv,wave,v*dy(w),0,1,1,-1,0,0,0,0,48
56,wave,apv,wave,w*dz(w),0,1,1,-1,0,0,0,0,48
56,wave,apv,wave,u*dx(eta),0,1,1,-1,0,0,0,0,48
56,wave,apv,wave,v*dy(eta),0.0031518043945633,8,1,2,0,1.58031066501535e-15,2.96604962812808e-11,48,0
56,wave,apv,wave,w*dz(eta),0.0033329067334421,8,1,2,0,1.51920044925143e-15,5.24042809146863e-10,48,0
56,wave,apv,wave,w*eta*dlogN2,0,1,1,-1,0,0,0,0,48
56,apv,wave,wave,u*dx(u),0,-1,0,1,1,0,0,0,48
56,apv,wave,wave,v*dy(u),0.00855442983573048,2,0,8,1,1.22452246858277e-15,1.69331215715829e-11,48,0
56,apv,wave,wave,w*dz(u),0,-1,0,1,1,0,0,0,48
56,apv,wave,wave,u*dx(v),0,-1,0,1,1,0,0,0,48
56,apv,wave,wave,v*dy(v),0.0085544298357307,2,0,8,1,1.18933805724361e-15,3.37414540751979e-11,48,0
56,apv,wave,wave,w*dz(v),0,-1,0,1,1,0,0,0,48
56,apv,wave,wave,u*dx(w),0,-1,0,1,1,0,0,0,48
56,apv,wave,wave,v*dy(w),3.61461531319241e-05,2,0,8,1,3.33066907387547e-16,3.57203155942898e-11,48,0
56,apv,wave,wave,w*dz(w),0,-1,0,1,1,0,0,0,48
56,apv,wave,wave,u*dx(eta),0,-1,0,1,1,0,0,0,48
56,apv,wave,wave,v*dy(eta),0.00333290673328051,2,0,8,1,1.59995459800401e-15,1.89115390014649e-11,48,0
56,apv,wave,wave,w*dz(eta),0,-1,0,1,1,0,0,0,48
56,apv,wave,wave,w*eta*dlogN2,0,-1,0,1,1,0,0,0,48
56,wave,boundary,wave,u*dx(u),0,1,1,1,0,0,0,0,32
56,wave,boundary,wave,v*dy(u),0.000272322313929271,8,1,1,0,1.39356685288618e-15,1.65907287907885e-11,32,0
56,wave,boundary,wave,w*dz(u),0.000270771700308613,8,1,2,0,9.76166351999946e-16,3.36015659740951e-11,32,0
56,wave,boundary,wave,u*dx(v),0,1,1,1,0,0,0,0,32
56,wave,boundary,wave,v*dy(v),0,1,1,1,0,0,0,0,32
56,wave,boundary,wave,w*dz(v),0,1,1,1,0,0,0,0,32
56,wave,boundary,wave,u*dx(w),0,1,1,1,0,0,0,0,32
56,wave,boundary,wave,v*dy(w),0,1,1,1,0,0,0,0,32
56,wave,boundary,wave,w*dz(w),0,1,1,1,0,0,0,0,32
56,wave,boundary,wave,u*dx(eta),0,1,1,1,0,0,0,0,32
56,wave,boundary,wave,v*dy(eta),0.000105685621293249,8,1,2,0,6.84372749531369e-16,1.70414793387863e-11,32,0
56,wave,boundary,wave,w*dz(eta),0.000131027793733569,8,1,1,0,8.56249084035756e-16,3.36206618101187e-11,32,0
56,wave,boundary,wave,w*eta*dlogN2,0,1,1,1,0,0,0,0,32
56,boundary,wave,wave,u*dx(u),0,1,0,1,1,0,0,0,32
56,boundary,wave,wave,v*dy(u),0.00027232231392927,1,0,8,1,1.36297709546322e-15,1.65907287907885e-11,32,0
56,boundary,wave,wave,w*dz(u),0,1,0,1,1,0,0,0,32
56,boundary,wave,wave,u*dx(v),0,1,0,1,1,0,0,0,32
56,boundary,wave,wave,v*dy(v),0.000272322313929639,1,0,8,1,1.14678985115869e-15,3.33992833390084e-11,32,0
56,boundary,wave,wave,w*dz(v),0,1,0,1,1,0,0,0,32
56,boundary,wave,wave,u*dx(w),0,1,0,1,1,0,0,0,32
56,boundary,wave,wave,v*dy(w),1.47669670758193e-06,2,0,8,1,2.22044604925031e-16,3.32134320046862e-11,32,0
56,boundary,wave,wave,w*dz(w),0,1,0,1,1,0,0,0,32
56,boundary,wave,wave,u*dx(eta),0,1,0,1,1,0,0,0,32
56,boundary,wave,wave,v*dy(eta),0.000131027793732173,1,0,8,1,2.26818241783058e-15,1.64046554118613e-11,32,0
56,boundary,wave,wave,w*dz(eta),0,1,0,1,1,0,0,0,32
56,boundary,wave,wave,w*eta*dlogN2,0,1,0,1,1,0,0,0,32
56,apv,boundary,wave,u*dx(u),0,-1,0,1,0,0,0,0,6
56,apv,boundary,wave,v*dy(u),9.74439699578949e-06,2,0,2,0,1.89949178235823e-15,1.06293862600637e-11,6,0
56,apv,boundary,wave,w*dz(u),0,-1,0,1,0,0,0,0,6
56,apv,boundary,wave,u*dx(v),0,-1,0,1,0,0,0,0,6
56,apv,boundary,wave,v*dy(v),0,-1,0,1,0,0,0,0,6
56,apv,boundary,wave,w*dz(v),0,-1,0,1,0,0,0,0,6
56,apv,boundary,wave,u*dx(w),0,-1,0,1,0,0,0,0,6
56,apv,boundary,wave,v*dy(w),0,-1,0,1,0,0,0,0,6
56,apv,boundary,wave,w*dz(w),0,-1,0,1,0,0,0,0,6
56,apv,boundary,wave,u*dx(eta),0,-1,0,1,0,0,0,0,6
56,apv,boundary,wave,v*dy(eta),4.07917307198312e-06,2,0,1,0,8.32543559514733e-16,9.61664081700064e-12,6,0
56,apv,boundary,wave,w*dz(eta),0,-1,0,1,0,0,0,0,6
56,apv,boundary,wave,w*eta*dlogN2,0,-1,0,1,0,0,0,0,6
56,boundary,apv,wave,u*dx(u),0,1,0,-1,0,0,0,0,6
56,boundary,apv,wave,v*dy(u),9.74439699581152e-06,2,0,2,0,1.89136234261157e-15,1.06293862600637e-11,6,0
56,boundary,apv,wave,w*dz(u),0,1,0,-1,0,0,0,0,6
56,boundary,apv,wave,u*dx(v),0,1,0,-1,0,0,0,0,6
56,boundary,apv,wave,v*dy(v),0,1,0,-1,0,0,0,0,6
56,boundary,apv,wave,w*dz(v),0,1,0,-1,0,0,0,0,6
56,boundary,apv,wave,u*dx(w),0,1,0,-1,0,0,0,0,6
56,boundary,apv,wave,v*dy(w),0,1,0,-1,0,0,0,0,6
56,boundary,apv,wave,w*dz(w),0,1,0,-1,0,0,0,0,6
56,boundary,apv,wave,u*dx(eta),0,1,0,-1,0,0,0,0,6
56,boundary,apv,wave,v*dy(eta),8.07625973963638e-06,2,0,2,0,8.17845276992956e-16,3.68873629776954e-11,6,0
56,boundary,apv,wave,w*dz(eta),0,1,0,-1,0,0,0,0,6
56,boundary,apv,wave,w*eta*dlogN2,0,1,0,-1,0,0,0,0,6
56,boundary,boundary,wave,u*dx(u),0,1,0,1,0,0,0,0,4
56,boundary,boundary,wave,v*dy(u),5.92010515395151e-07,2,0,2,0,8.2891865892091e-16,5.19810861021597e-11,4,0
56,boundary,boundary,wave,w*dz(u),0,1,0,1,0,0,0,0,4
56,boundary,boundary,wave,u*dx(v),0,1,0,1,0,0,0,0,4
56,boundary,boundary,wave,v*dy(v),0,1,0,1,0,0,0,0,4
56,boundary,boundary,wave,w*dz(v),0,1,0,1,0,0,0,0,4
56,boundary,boundary,wave,u*dx(w),0,1,0,1,0,0,0,0,4
56,boundary,boundary,wave,v*dy(w),0,1,0,1,0,0,0,0,4
56,boundary,boundary,wave,w*dz(w),0,1,0,1,0,0,0,0,4
56,boundary,boundary,wave,u*dx(eta),0,1,0,1,0,0,0,0,4
56,boundary,boundary,wave,v*dy(eta),1.05789075101414e-06,2,0,1,0,1.02268555174649e-15,4.41353620317386e-11,4,0
56,boundary,boundary,wave,w*dz(eta),0,1,0,1,0,0,0,0,4
56,boundary,boundary,wave,w*eta*dlogN2,0,1,0,1,0,0,0,0,4
38,wave,wave,wave,u*dx(u),0.266766612836544,8,1,7,1,1.53716012411204e-15,3.386868563382e-11,232,0
38,wave,wave,wave,v*dy(u),0,1,1,1,1,0,0,0,232
38,wave,wave,wave,w*dz(u),0.266763681110233,8,1,7,1,1.39190560427591e-15,6.41365669937365e-07,232,0
38,wave,wave,wave,u*dx(v),0.239839832827581,8,1,7,1,1.32591843321811e-15,1.70599090409951e-11,232,0
38,wave,wave,wave,v*dy(v),0,1,1,1,1,0,0,0,232
38,wave,wave,wave,w*dz(v),0.239837077918586,8,1,7,1,1.32325024767463e-15,4.87758023281422e-07,232,0
38,wave,wave,wave,u*dx(w),0.00302661558985314,8,1,8,1,4.44089209850063e-16,3.37465611011112e-11,232,0
38,wave,wave,wave,v*dy(w),0,1,1,1,1,0,0,0,232
38,wave,wave,wave,w*dz(w),0.00302661558881183,8,1,8,1,3.33066907387547e-16,3.3898217566275e-11,232,0
38,wave,wave,wave,u*dx(eta),0.236832674395682,8,1,8,1,1.17039106065485e-15,1.69382285974962e-11,232,0
38,wave,wave,wave,v*dy(eta),0,1,1,1,1,0,0,0,232
38,wave,wave,wave,w*dz(eta),0.236832674314201,8,1,8,1,1.8404533927776e-15,1.70894409734501e-11,232,0
38,wave,wave,wave,w*eta*dlogN2,0,1,1,1,1,0,0,0,232
38,wave,apv,wave,u*dx(u),0,1,1,-1,0,0,0,0,48
38,wave,apv,wave,v*dy(u),0,1,1,-1,0,0,0,0,48
38,wave,apv,wave,w*dz(u),0,1,1,-1,0,0,0,0,48
38,wave,apv,wave,u*dx(v),0.0077727305620382,8,1,2,0,9.23274483936242e-16,1.38443700947732e-11,48,0
38,wave,apv,wave,v*dy(v),0,1,1,-1,0,0,0,0,48
38,wave,apv,wave,w*dz(v),0.00735550284309329,8,1,2,0,1.09639155116597e-15,1.79326553606529e-11,48,0
38,wave,apv,wave,u*dx(w),0,1,1,-1,0,0,0,0,48
38,wave,apv,wave,v*dy(w),0,1,1,-1,0,0,0,0,48
38,wave,apv,wave,w*dz(w),0,1,1,-1,0,0,0,0,48
38,wave,apv,wave,u*dx(eta),0.00452582972933065,8,1,2,0,1.1079864657281e-15,1.78974884562012e-11,48,0
38,wave,apv,wave,v*dy(eta),0,1,1,-1,0,0,0,0,48
38,wave,apv,wave,w*dz(eta),0.0047852225265753,8,1,2,0,2.11240963701382e-15,4.76820360972852e-10,48,0
38,wave,apv,wave,w*eta*dlogN2,0,1,1,-1,0,0,0,0,48
38,apv,wave,wave,u*dx(u),0.00861103414045183,2,0,8,1,1.59116151748119e-15,3.37414540751979e-11,48,0
38,apv,wave,wave,v*dy(u),0,-1,0,1,1,0,0,0,48
38,apv,wave,wave,w*dz(u),0,-1,0,1,1,0,0,0,48
38,apv,wave,wave,u*dx(v),0.00777273057432788,2,0,8,1,9.48246673501571e-16,1.69331215715829e-11,48,0
38,apv,wave,wave,v*dy(v),0,-1,0,1,1,0,0,0,48
38,apv,wave,wave,w*dz(v),0,-1,0,1,1,0,0,0,48
38,apv,wave,wave,u*dx(w),5.71504702142721e-05,2,0,8,1,3.33066907387547e-16,3.57203155942898e-11,48,0
38,apv,wave,wave,v*dy(w),0,-1,0,1,1,0,0,0,48
38,apv,wave,wave,w*dz(w),0,-1,0,1,1,0,0,0,48
38,apv,wave,wave,u*dx(eta),0.00478522253554389,2,0,8,1,1.14901996436609e-15,1.89115390014649e-11,48,0
38,apv,wave,wave,v*dy(eta),0,-1,0,1,1,0,0,0,48
38,apv,wave,wave,w*dz(eta),0,-1,0,1,1,0,0,0,48
38,apv,wave,wave,w*eta*dlogN2,0,-1,0,1,1,0,0,0,48
38,wave,boundary,wave,u*dx(u),0,1,1,1,0,0,0,0,32
38,wave,boundary,wave,v*dy(u),0,1,1,1,0,0,0,0,32
38,wave,boundary,wave,w*dz(u),0,1,1,1,0,0,0,0,32
38,wave,boundary,wave,u*dx(v),0.000242274212612236,8,1,1,0,1.11767166221042e-15,1.46561651703792e-11,32,0
38,wave,boundary,wave,v*dy(v),0,1,1,1,0,0,0,0,32
38,wave,boundary,wave,w*dz(v),0.000243543320045749,8,1,2,0,7.5929334421118e-16,1.39882549987647e-11,32,0
38,wave,boundary,wave,u*dx(w),0,1,1,1,0,0,0,0,32
38,wave,boundary,wave,v*dy(w),0,1,1,1,0,0,0,0,32
38,wave,boundary,wave,w*dz(w),0,1,1,1,0,0,0,0,32
38,wave,boundary,wave,u*dx(eta),0.000148421095318472,8,1,2,0,1.50113394468086e-15,1.38211664335586e-11,32,0
38,wave,boundary,wave,v*dy(eta),0,1,1,1,0,0,0,0,32
38,wave,boundary,wave,w*dz(eta),0.000182275763496652,8,1,1,0,1.26655795478527e-15,1.39761535677962e-11,32,0
38,wave,boundary,wave,w*eta*dlogN2,0,1,1,1,0,0,0,0,32
38,boundary,wave,wave,u*dx(u),0.000112796556718331,1,0,8,1,1.3536865547696e-15,3.3607783223033e-11,32,0
38,boundary,wave,wave,v*dy(u),0,1,0,1,1,0,0,0,32
38,boundary,wave,wave,w*dz(u),0,1,0,1,1,0,0,0,32
38,boundary,wave,wave,u*dx(v),9.74609835713974e-05,1,0,7,1,1.27689683685557e-15,1.67990066302082e-11,32,0
38,boundary,wave,wave,v*dy(v),0,1,0,1,1,0,0,0,32
38,boundary,wave,wave,w*dz(v),0,1,0,1,1,0,0,0,32
38,boundary,wave,wave,u*dx(w),1.24425817681253e-06,1,0,8,1,2.22044604925031e-16,3.35553806962707e-11,32,0
38,boundary,wave,wave,v*dy(w),0,1,0,1,1,0,0,0,32
38,boundary,wave,wave,w*dz(w),0,1,0,1,1,0,0,0,32
38,boundary,wave,wave,u*dx(eta),9.00565176834907e-05,1,0,8,1,1.10515016120815e-15,1.67468261480508e-11,32,0
38,boundary,wave,wave,v*dy(eta),0,1,0,1,1,0,0,0,32
38,boundary,wave,wave,w*dz(eta),0,1,0,1,1,0,0,0,32
38,boundary,wave,wave,w*eta*dlogN2,0,1,0,1,1,0,0,0,32
38,apv,boundary,wave,u*dx(u),0,-1,0,1,0,0,0,0,6
38,apv,boundary,wave,v*dy(u),0,-1,0,1,0,0,0,0,6
38,apv,boundary,wave,w*dz(u),0,-1,0,1,0,0,0,0,6
38,apv,boundary,wave,u*dx(v),8.83542824838921e-06,2,0,2,0,7.253332181783e-16,1.06293862600637e-11,6,0
38,apv,boundary,wave,v*dy(v),0,-1,0,1,0,0,0,0,6
38,apv,boundary,wave,w*dz(v),0,-1,0,1,0,0,0,0,6
38,apv,boundary,wave,u*dx(w),0,-1,0,1,0,0,0,0,6
38,apv,boundary,wave,v*dy(w),0,-1,0,1,0,0,0,0,6
38,apv,boundary,wave,w*dz(w),0,-1,0,1,0,0,0,0,6
38,apv,boundary,wave,u*dx(eta),5.8610163232288e-06,2,0,1,0,8.29755374136198e-16,9.61664081700064e-12,6,0
38,apv,boundary,wave,v*dy(eta),0,-1,0,1,0,0,0,0,6
38,apv,boundary,wave,w*dz(eta),0,-1,0,1,0,0,0,0,6
38,apv,boundary,wave,w*eta*dlogN2,0,-1,0,1,0,0,0,0,6
38,boundary,apv,wave,u*dx(u),0,1,0,-1,0,0,0,0,6
38,boundary,apv,wave,v*dy(u),0,1,0,-1,0,0,0,0,6
38,boundary,apv,wave,w*dz(u),0,1,0,-1,0,0,0,0,6
38,boundary,apv,wave,u*dx(v),2.30932765220651e-06,1,0,2,0,1.08509040279244e-15,1.05134789762928e-11,6,0
38,boundary,apv,wave,v*dy(v),0,1,0,-1,0,0,0,0,6
38,boundary,apv,wave,w*dz(v),0,1,0,-1,0,0,0,0,6
38,boundary,apv,wave,u*dx(w),0,1,0,-1,0,0,0,0,6
38,boundary,apv,wave,v*dy(w),0,1,0,-1,0,0,0,0,6
38,boundary,apv,wave,w*dz(w),0,1,0,-1,0,0,0,0,6
38,boundary,apv,wave,u*dx(eta),3.37959222539606e-06,2,0,1,0,5.72086347248596e-16,4.81019668541194e-11,6,0
38,boundary,apv,wave,v*dy(eta),0,1,0,-1,0,0,0,0,6
38,boundary,apv,wave,w*dz(eta),0,1,0,-1,0,0,0,0,6
38,boundary,apv,wave,w*eta*dlogN2,0,1,0,-1,0,0,0,0,6
38,boundary,boundary,wave,u*dx(u),0,1,0,1,0,0,0,0,4
38,boundary,boundary,wave,v*dy(u),0,1,0,1,0,0,0,0,4
38,boundary,boundary,wave,w*dz(u),0,1,0,1,0,0,0,0,4
38,boundary,boundary,wave,u*dx(v),1.59821877716306e-06,1,0,2,0,8.84009766248509e-16,1.04661723732136e-10,4,0
38,boundary,boundary,wave,v*dy(v),0,1,0,1,0,0,0,0,4
38,boundary,boundary,wave,w*dz(v),0,1,0,1,0,0,0,0,4
38,boundary,boundary,wave,u*dx(w),0,1,0,1,0,0,0,0,4
38,boundary,boundary,wave,v*dy(w),0,1,0,1,0,0,0,0,4
38,boundary,boundary,wave,w*dz(w),0,1,0,1,0,0,0,0,4
38,boundary,boundary,wave,u*dx(eta),2.19302024890843e-07,2,0,2,0,1.7462411629263e-15,1.46926918335624e-10,4,0
38,boundary,boundary,wave,v*dy(eta),0,1,0,1,0,0,0,0,4
38,boundary,boundary,wave,w*dz(eta),0,1,0,1,0,0,0,0,4
38,boundary,boundary,wave,w*eta*dlogN2,0,1,0,1,0,0,0,0,4
46,wave,wave,inertial,u*dx(u),0.00518366080506306,8,1,8,1,9.73157938621512e-16,2.7585156381349e-11,232,0
46,wave,wave,inertial,v*dy(u),0.00518366080506306,8,-1,8,1,9.73157938621512e-16,2.7585156381349e-11,232,0
46,wave,wave,inertial,w*dz(u),0.00518380646657076,8,1,8,1,9.93659757726367e-16,1.20417433646658e-06,232,0
46,wave,wave,inertial,u*dx(v),0.00518366080506306,8,-1,8,1,9.73157938621512e-16,2.7585156381349e-11,232,0
46,wave,wave,inertial,v*dy(v),0.00518366080506306,8,1,8,1,9.73157938621512e-16,2.7585156381349e-11,232,0
46,wave,wave,inertial,w*dz(v),0.00518380646657076,8,1,8,1,9.93659757726367e-16,1.20417433646658e-06,232,0
46,wave,wave,mda,u*dx(eta),0.000771590041523647,8,1,8,1,3.28972551288924e-15,5.54016297198058e-10,232,0
46,wave,wave,mda,v*dy(eta),0.000771590041523647,8,1,8,1,3.28972551288924e-15,5.54016297198058e-10,232,0
46,wave,wave,mda,w*dz(eta),0.000771590041523756,8,1,8,1,3.17784484196778e-15,5.54017641497499e-10,232,0
46,wave,wave,mda,w*eta*dlogN2,0,1,1,1,1,0,0,0,232
46,wave,apv,inertial,u*dx(u),6.839553847462e-05,7,1,2,0,8.18251432853129e-16,1.38445921393782e-11,48,0
46,wave,apv,inertial,v*dy(u),6.839553847462e-05,7,1,2,0,8.18251432853129e-16,1.38445921393782e-11,48,0
46,wave,apv,inertial,w*dz(u),7.20784670882499e-05,8,1,1,0,1.24196460844075e-15,1.79326553606529e-11,48,0
46,wave,apv,inertial,u*dx(v),6.839553847462e-05,7,1,2,0,8.18251432853129e-16,1.38445921393782e-11,48,0
46,wave,apv,inertial,v*dy(v),6.839553847462e-05,7,1,2,0,8.18251432853129e-16,1.38445921393782e-11,48,0
46,wave,apv,inertial,w*dz(v),7.20784670882499e-05,8,1,1,0,1.24196460844075e-15,1.79326553606529e-11,48,0
46,wave,apv,mda,u*dx(eta),9.7936826817006e-05,8,1,2,0,2.17326385594338e-15,4.07359683534885e-10,48,0
46,wave,apv,mda,v*dy(eta),9.7936826817006e-05,8,1,2,0,2.17326385594338e-15,4.07359683534885e-10,48,0
46,wave,apv,mda,w*dz(eta),0.000107409765372374,8,1,2,0,3.05461157399773e-15,2.02891888297705e-06,48,0
46,wave,apv,mda,w*eta*dlogN2,0,1,1,-1,0,0,0,0,48
46,apv,wave,inertial,u*dx(u),6.83955384747207e-05,2,0,7,1,7.82732939798053e-16,1.38445921393782e-11,48,0
46,apv,wave,inertial,v*dy(u),6.83955384747207e-05,2,0,7,1,7.82732939798053e-16,1.38445921393782e-11,48,0
46,apv,wave,inertial,w*dz(u),0,-1,0,1,1,0,0,0,48
46,apv,wave,inertial,u*dx(v),6.83955384747207e-05,2,0,7,1,7.82732939798053e-16,1.38445921393782e-11,48,0
46,apv,wave,inertial,v*dy(v),6.83955384747207e-05,2,0,7,1,7.82732939798053e-16,1.38445921393782e-11,48,0
46,apv,wave,inertial,w*dz(v),0,-1,0,1,1,0,0,0,48
46,apv,wave,mda,u*dx(eta),0.000107409765320203,2,0,8,1,1.49622408639499e-15,9.92970038782984e-11,48,0
46,apv,wave,mda,v*dy(eta),0.000107409765320203,2,0,8,1,1.49622408639499e-15,9.92970038782984e-11,48,0
46,apv,wave,mda,w*dz(eta),0,-1,0,1,1,0,0,0,48
46,apv,wave,mda,w*eta*dlogN2,0,-1,0,1,1,0,0,0,48
46,wave,boundary,inertial,u*dx(u),1.44254137329299e-06,8,1,2,0,1.36158468417652e-15,1.44904088728026e-11,32,0
46,wave,boundary,inertial,v*dy(u),1.44254137329299e-06,8,1,2,0,1.36158468417652e-15,1.44904088728026e-11,32,0
46,wave,boundary,inertial,w*dz(u),7.55297112810967e-06,8,1,1,0,1.19595900618632e-15,1.39935840692829e-11,32,0
46,wave,boundary,inertial,u*dx(v),1.44254137329299e-06,8,1,2,0,1.36158468417652e-15,1.44904088728026e-11,32,0
46,wave,boundary,inertial,v*dy(v),1.44254137329299e-06,8,1,2,0,1.36158468417652e-15,1.44904088728026e-11,32,0
46,wave,boundary,inertial,w*dz(v),7.55297112810967e-06,8,1,1,0,1.19595900618632e-15,1.39935840692829e-11,32,0
46,wave,boundary,mda,u*dx(eta),5.36908020370493e-07,8,1,1,0,4.40488399887336e-16,5.99879115755622e-10,32,0
46,wave,boundary,mda,v*dy(eta),5.36908020370493e-07,8,1,1,0,4.40488399887336e-16,5.99879115755622e-10,32,0
46,wave,boundary,mda,w*dz(eta),2.09202726415439e-06,8,1,2,0,5.60154531103162e-15,9.05270098943961e-11,32,0
46,wave,boundary,mda,w*eta*dlogN2,0,1,1,1,0,0,0,0,32
46,boundary,wave,inertial,u*dx(u),1.44254137330328e-06,2,0,8,1,1.45004661386713e-15,1.44902978505002e-11,32,0
46,boundary,wave,inertial,v*dy(u),1.44254137330328e-06,2,0,8,1,1.45004661386713e-15,1.44902978505002e-11,32,0
46,boundary,wave,inertial,w*dz(u),0,1,0,1,1,0,0,0,32
46,boundary,wave,inertial,u*dx(v),1.44254137330328e-06,2,0,8,1,1.45004661386713e-15,1.44902978505002e-11,32,0
46,boundary,wave,inertial,v*dy(v),1.44254137330328e-06,2,0,8,1,1.45004661386713e-15,1.44902978505002e-11,32,0
46,boundary,wave,inertial,w*dz(v),0,1,0,1,1,0,0,0,32
46,boundary,wave,mda,u*dx(eta),2.092027301218e-06,2,0,8,1,1.04962350833932e-15,9.43924361813444e-11,32,0
46,boundary,wave,mda,v*dy(eta),2.092027301218e-06,2,0,8,1,1.04962350833932e-15,9.43924361813444e-11,32,0
46,boundary,wave,mda,w*dz(eta),0,1,0,1,1,0,0,0,32
46,boundary,wave,mda,w*eta*dlogN2,0,1,0,1,1,0,0,0,32
46,apv,boundary,inertial,u*dx(u),3.42180745373783e-10,2,0,2,0,8.0022570169964e-16,1.05134789762928e-11,6,0
46,apv,boundary,inertial,v*dy(u),3.42180745373783e-10,2,0,2,0,8.0022570169964e-16,1.05134789762928e-11,6,0
46,apv,boundary,inertial,w*dz(u),0,-1,0,1,0,0,0,0,6
46,apv,boundary,inertial,u*dx(v),3.42180745373783e-10,2,0,2,0,8.0022570169964e-16,1.05134789762928e-11,6,0
46,apv,boundary,inertial,v*dy(v),3.42180745373783e-10,2,0,2,0,8.0022570169964e-16,1.05134789762928e-11,6,0
46,apv,boundary,inertial,w*dz(v),0,-1,0,1,0,0,0,0,6
46,apv,boundary,mda,u*dx(eta),8.97408430782664e-12,2,0,2,0,2.42555329366398e-16,1.02698390911854e-10,6,0
46,apv,boundary,mda,v*dy(eta),8.97408430782664e-12,2,0,2,0,2.42555329366398e-16,1.02698390911854e-10,6,0
46,apv,boundary,mda,w*dz(eta),0,-1,0,1,0,0,0,0,6
46,apv,boundary,mda,w*eta*dlogN2,0,-1,0,1,0,0,0,0,6
46,boundary,apv,inertial,u*dx(u),3.42180745373783e-10,2,0,2,0,1.06521995017481e-15,1.05134789762928e-11,6,0
46,boundary,apv,inertial,v*dy(u),3.42180745373783e-10,2,0,2,0,1.06521995017481e-15,1.05134789762928e-11,6,0
46,boundary,apv,inertial,w*dz(u),0,1,0,-1,0,0,0,0,6
46,boundary,apv,inertial,u*dx(v),3.42180745373783e-10,2,0,2,0,1.06521995017481e-15,1.05134789762928e-11,6,0
46,boundary,apv,inertial,v*dy(v),3.42180745373783e-10,2,0,2,0,1.06521995017481e-15,1.05134789762928e-11,6,0
46,boundary,apv,inertial,w*dz(v),0,1,0,-1,0,0,0,0,6
46,boundary,apv,mda,u*dx(eta),4.64987125944941e-11,1,0,2,0,9.11293222118555e-16,2.66120937345009e-10,6,0
46,boundary,apv,mda,v*dy(eta),4.64987125944941e-11,1,0,2,0,9.11293222118555e-16,2.66120937345009e-10,6,0
46,boundary,apv,mda,w*dz(eta),0,1,0,-1,0,0,0,0,6
46,boundary,apv,mda,w*eta*dlogN2,0,1,0,-1,0,0,0,0,6
46,boundary,boundary,inertial,u*dx(u),1.65504829537749e-09,2,0,2,0,2.57014758732908e-15,4.62343891860543e-10,4,0
46,boundary,boundary,inertial,v*dy(u),1.65504829537749e-09,2,0,2,0,2.57014758732908e-15,4.62343891860543e-10,4,0
46,boundary,boundary,inertial,w*dz(u),0,1,0,1,0,0,0,0,4
46,boundary,boundary,inertial,u*dx(v),1.65504829537749e-09,2,0,2,0,2.57014758732908e-15,4.62343891860543e-10,4,0
46,boundary,boundary,inertial,v*dy(v),1.65504829537749e-09,2,0,2,0,2.57014758732908e-15,4.62343891860543e-10,4,0
46,boundary,boundary,inertial,w*dz(v),0,1,0,1,0,0,0,0,4
46,boundary,boundary,mda,u*dx(eta),6.4996584739462e-10,1,0,1,0,5.32247837531062e-16,1.64154456700383e-09,4,0
46,boundary,boundary,mda,v*dy(eta),6.4996584739462e-10,1,0,1,0,5.32247837531062e-16,1.64154456700383e-09,4,0
46,boundary,boundary,mda,w*dz(eta),0,1,0,1,0,0,0,0,4
46,boundary,boundary,mda,w*eta*dlogN2,0,1,0,1,0,0,0,0,4
41,wave,wave,wave,u*dx(u),0,1,1,1,1,0,0,0,232
41,wave,wave,wave,v*dy(u),0.239839832827581,8,1,7,1,1.32591843321811e-15,1.70599090409951e-11,232,0
41,wave,wave,wave,w*dz(u),0.239837077918586,8,1,7,1,1.32325024767463e-15,4.87758023281422e-07,232,0
41,wave,wave,wave,u*dx(v),0,1,1,1,1,0,0,0,232
41,wave,wave,wave,v*dy(v),0.266766612836544,8,1,7,1,1.53716012411204e-15,3.386868563382e-11,232,0
41,wave,wave,wave,w*dz(v),0.266763681110233,8,1,7,1,1.39190560427591e-15,6.41365669937365e-07,232,0
41,wave,wave,wave,u*dx(w),0,1,1,1,1,0,0,0,232
41,wave,wave,wave,v*dy(w),0.00302661558985314,8,1,8,1,4.44089209850063e-16,3.37465611011112e-11,232,0
41,wave,wave,wave,w*dz(w),0.00302661558881183,8,1,8,1,3.33066907387547e-16,3.3898217566275e-11,232,0
41,wave,wave,wave,u*dx(eta),0,1,1,1,1,0,0,0,232
41,wave,wave,wave,v*dy(eta),0.236832674395682,8,1,8,1,1.17039106065485e-15,1.69382285974962e-11,232,0
41,wave,wave,wave,w*dz(eta),0.236832674314201,8,1,8,1,1.8404533927776e-15,1.70894409734501e-11,232,0
41,wave,wave,wave,w*eta*dlogN2,0,1,1,1,1,0,0,0,232
41,wave,apv,wave,u*dx(u),0,1,1,-1,0,0,0,0,48
41,wave,apv,wave,v*dy(u),0.0077727305620382,8,1,2,0,9.23274483936242e-16,1.38443700947732e-11,48,0
41,wave,apv,wave,w*dz(u),0.00735550284309329,8,1,2,0,1.09639155116597e-15,1.79326553606529e-11,48,0
41,wave,apv,wave,u*dx(v),0,1,1,-1,0,0,0,0,48
41,wave,apv,wave,v*dy(v),0,1,1,-1,0,0,0,0,48
41,wave,apv,wave,w*dz(v),0,1,1,-1,0,0,0,0,48
41,wave,apv,wave,u*dx(w),0,1,1,-1,0,0,0,0,48
41,wave,apv,wave,v*dy(w),0,1,1,-1,0,0,0,0,48
41,wave,apv,wave,w*dz(w),0,1,1,-1,0,0,0,0,48
41,wave,apv,wave,u*dx(eta),0,1,1,-1,0,0,0,0,48
41,wave,apv,wave,v*dy(eta),0.00452582972933065,8,1,2,0,1.1079864657281e-15,1.78974884562012e-11,48,0
41,wave,apv,wave,w*dz(eta),0.0047852225265753,8,1,2,0,2.11240963701382e-15,4.76820360972852e-10,48,0
41,wave,apv,wave,w*eta*dlogN2,0,1,1,-1,0,0,0,0,48
41,apv,wave,wave,u*dx(u),0,-1,0,1,1,0,0,0,48
41,apv,wave,wave,v*dy(u),0.00777273057432788,2,0,8,1,9.48246673501571e-16,1.69331215715829e-11,48,0
41,apv,wave,wave,w*dz(u),0,-1,0,1,1,0,0,0,48
41,apv,wave,wave,u*dx(v),0,-1,0,1,1,0,0,0,48
41,apv,wave,wave,v*dy(v),0.00861103414045183,2,0,8,1,1.59116151748119e-15,3.37414540751979e-11,48,0
41,apv,wave,wave,w*dz(v),0,-1,0,1,1,0,0,0,48
41,apv,wave,wave,u*dx(w),0,-1,0,1,1,0,0,0,48
41,apv,wave,wave,v*dy(w),5.71504702142721e-05,2,0,8,1,3.33066907387547e-16,3.57203155942898e-11,48,0
41,apv,wave,wave,w*dz(w),0,-1,0,1,1,0,0,0,48
41,apv,wave,wave,u*dx(eta),0,-1,0,1,1,0,0,0,48
41,apv,wave,wave,v*dy(eta),0.00478522253554389,2,0,8,1,1.14901996436609e-15,1.89115390014649e-11,48,0
41,apv,wave,wave,w*dz(eta),0,-1,0,1,1,0,0,0,48
41,apv,wave,wave,w*eta*dlogN2,0,-1,0,1,1,0,0,0,48
41,wave,boundary,wave,u*dx(u),0,1,1,1,0,0,0,0,32
41,wave,boundary,wave,v*dy(u),0.000242274212612236,8,1,1,0,1.11767166221042e-15,1.46561651703792e-11,32,0
41,wave,boundary,wave,w*dz(u),0.000243543320045749,8,1,2,0,7.5929334421118e-16,1.39882549987647e-11,32,0
41,wave,boundary,wave,u*dx(v),0,1,1,1,0,0,0,0,32
41,wave,boundary,wave,v*dy(v),0,1,1,1,0,0,0,0,32
41,wave,boundary,wave,w*dz(v),0,1,1,1,0,0,0,0,32
41,wave,boundary,wave,u*dx(w),0,1,1,1,0,0,0,0,32
41,wave,boundary,wave,v*dy(w),0,1,1,1,0,0,0,0,32
41,wave,boundary,wave,w*dz(w),0,1,1,1,0,0,0,0,32
41,wave,boundary,wave,u*dx(eta),0,1,1,1,0,0,0,0,32
41,wave,boundary,wave,v*dy(eta),0.000148421095318472,8,1,2,0,1.50113394468086e-15,1.38211664335586e-11,32,0
41,wave,boundary,wave,w*dz(eta),0.000182275763496652,8,1,1,0,1.26655795478527e-15,1.39761535677962e-11,32,0
41,wave,boundary,wave,w*eta*dlogN2,0,1,1,1,0,0,0,0,32
41,boundary,wave,wave,u*dx(u),0,1,0,1,1,0,0,0,32
41,boundary,wave,wave,v*dy(u),9.74609835713974e-05,1,0,7,1,1.27689683685557e-15,1.67990066302082e-11,32,0
41,boundary,wave,wave,w*dz(u),0,1,0,1,1,0,0,0,32
41,boundary,wave,wave,u*dx(v),0,1,0,1,1,0,0,0,32
41,boundary,wave,wave,v*dy(v),0.000112796556718331,1,0,8,1,1.3536865547696e-15,3.3607783223033e-11,32,0
41,boundary,wave,wave,w*dz(v),0,1,0,1,1,0,0,0,32
41,boundary,wave,wave,u*dx(w),0,1,0,1,1,0,0,0,32
41,boundary,wave,wave,v*dy(w),1.24425817681253e-06,1,0,8,1,2.22044604925031e-16,3.35553806962707e-11,32,0
41,boundary,wave,wave,w*dz(w),0,1,0,1,1,0,0,0,32
41,boundary,wave,wave,u*dx(eta),0,1,0,1,1,0,0,0,32
41,boundary,wave,wave,v*dy(eta),9.00565176834907e-05,1,0,8,1,1.10515016120815e-15,1.67468261480508e-11,32,0
41,boundary,wave,wave,w*dz(eta),0,1,0,1,1,0,0,0,32
41,boundary,wave,wave,w*eta*dlogN2,0,1,0,1,1,0,0,0,32
41,apv,boundary,wave,u*dx(u),0,-1,0,1,0,0,0,0,6
41,apv,boundary,wave,v*dy(u),8.83542824838921e-06,2,0,2,0,7.253332181783e-16,1.06293862600637e-11,6,0
41,apv,boundary,wave,w*dz(u),0,-1,0,1,0,0,0,0,6
41,apv,boundary,wave,u*dx(v),0,-1,0,1,0,0,0,0,6
41,apv,boundary,wave,v*dy(v),0,-1,0,1,0,0,0,0,6
41,apv,boundary,wave,w*dz(v),0,-1,0,1,0,0,0,0,6
41,apv,boundary,wave,u*dx(w),0,-1,0,1,0,0,0,0,6
41,apv,boundary,wave,v*dy(w),0,-1,0,1,0,0,0,0,6
41,apv,boundary,wave,w*dz(w),0,-1,0,1,0,0,0,0,6
41,apv,boundary,wave,u*dx(eta),0,-1,0,1,0,0,0,0,6
41,apv,boundary,wave,v*dy(eta),5.8610163232288e-06,2,0,1,0,8.29755374136198e-16,9.61664081700064e-12,6,0
41,apv,boundary,wave,w*dz(eta),0,-1,0,1,0,0,0,0,6
41,apv,boundary,wave,w*eta*dlogN2,0,-1,0,1,0,0,0,0,6
41,boundary,apv,wave,u*dx(u),0,1,0,-1,0,0,0,0,6
41,boundary,apv,wave,v*dy(u),2.30932765220651e-06,1,0,2,0,1.08509040279244e-15,1.05134789762928e-11,6,0
41,boundary,apv,wave,w*dz(u),0,1,0,-1,0,0,0,0,6
41,boundary,apv,wave,u*dx(v),0,1,0,-1,0,0,0,0,6
41,boundary,apv,wave,v*dy(v),0,1,0,-1,0,0,0,0,6
41,boundary,apv,wave,w*dz(v),0,1,0,-1,0,0,0,0,6
41,boundary,apv,wave,u*dx(w),0,1,0,-1,0,0,0,0,6
41,boundary,apv,wave,v*dy(w),0,1,0,-1,0,0,0,0,6
41,boundary,apv,wave,w*dz(w),0,1,0,-1,0,0,0,0,6
41,boundary,apv,wave,u*dx(eta),0,1,0,-1,0,0,0,0,6
41,boundary,apv,wave,v*dy(eta),3.37959222539606e-06,2,0,1,0,5.72086347248596e-16,4.81019668541194e-11,6,0
41,boundary,apv,wave,w*dz(eta),0,1,0,-1,0,0,0,0,6
41,boundary,apv,wave,w*eta*dlogN2,0,1,0,-1,0,0,0,0,6
41,boundary,boundary,wave,u*dx(u),0,1,0,1,0,0,0,0,4
41,boundary,boundary,wave,v*dy(u),1.59821877716306e-06,1,0,2,0,8.84009766248509e-16,1.04661723732136e-10,4,0
41,boundary,boundary,wave,w*dz(u),0,1,0,1,0,0,0,0,4
41,boundary,boundary,wave,u*dx(v),0,1,0,1,0,0,0,0,4
41,boundary,boundary,wave,v*dy(v),0,1,0,1,0,0,0,0,4
41,boundary,boundary,wave,w*dz(v),0,1,0,1,0,0,0,0,4
41,boundary,boundary,wave,u*dx(w),0,1,0,1,0,0,0,0,4
41,boundary,boundary,wave,v*dy(w),0,1,0,1,0,0,0,0,4
41,boundary,boundary,wave,w*dz(w),0,1,0,1,0,0,0,0,4
41,boundary,boundary,wave,u*dx(eta),0,1,0,1,0,0,0,0,4
41,boundary,boundary,wave,v*dy(eta),2.19302024890843e-07,2,0,2,0,1.7462411629263e-15,1.46926918335624e-10,4,0
41,boundary,boundary,wave,w*dz(eta),0,1,0,1,0,0,0,0,4
41,boundary,boundary,wave,w*eta*dlogN2,0,1,0,1,0,0,0,0,4
39,wave,wave,wave,u*dx(u),0.275158460602794,8,1,7,1,1.58932618892228e-15,2.7585156381349e-11,232,0
39,wave,wave,wave,v*dy(u),0.275158460602794,8,-1,7,1,1.58932618892228e-15,2.7585156381349e-11,232,0
39,wave,wave,wave,w*dz(u),0.27515547117768,7,1,8,1,1.62723870423217e-15,2.08766623093649e-06,232,0
39,wave,wave,wave,u*dx(v),0.237354396287196,8,1,7,1,1.30756931293588e-15,2.7585156381349e-11,232,0
39,wave,wave,wave,v*dy(v),0.237354396287196,8,-1,7,1,1.30756931293588e-15,2.7585156381349e-11,232,0
39,wave,wave,wave,w*dz(v),0.237351641441679,7,1,8,1,1.23805698488487e-15,1.35883545350886e-06,232,0
39,wave,wave,wave,u*dx(w),0.00270710665955525,8,1,8,1,5.55111512312578e-16,2.74837930192007e-11,232,0
39,wave,wave,wave,v*dy(w),0.00270710665955525,8,1,8,1,5.55111512312578e-16,2.74837930192007e-11,232,0
39,wave,wave,wave,w*dz(w),0.00270710665955525,8,1,8,1,4.44089209850063e-16,2.74850142645278e-11,232,0
39,wave,wave,wave,u*dx(eta),0.220330677445703,8,1,8,1,1.03533524291562e-15,2.05876427017415e-11,232,0
39,wave,wave,wave,v*dy(eta),0.220330677445703,8,1,8,1,1.03533524291562e-15,2.05876427017415e-11,232,0
39,wave,wave,wave,w*dz(eta),0.220330677445703,8,1,8,1,2.28565668328733e-15,2.05887529247661e-11,232,0
39,wave,wave,wave,w*eta*dlogN2,0,1,1,1,1,0,0,0,232
39,wave,apv,wave,u*dx(u),0.00887292218136173,8,1,2,0,1.37009742049054e-15,1.58362026176424e-11,48,0
39,wave,apv,wave,v*dy(u),0.00887292218136173,8,1,2,0,1.37009742049054e-15,1.58362026176424e-11,48,0
39,wave,apv,wave,w*dz(u),0.00839561419152052,8,1,2,0,1.73753583786905e-15,1.86996612799552e-11,48,0
39,wave,apv,wave,u*dx(v),0.00769941387689759,8,1,2,0,8.69737308103613e-16,1.38443700947732e-11,48,0
39,wave,apv,wave,v*dy(v),0.00769941387689759,8,1,2,0,8.69737308103613e-16,1.38443700947732e-11,48,0
39,wave,apv,wave,w*dz(v),0.00728628993902293,8,1,2,0,1.08355305348874e-15,1.79326553606529e-11,48,0
39,wave,apv,wave,u*dx(w),0,1,1,-1,0,0,0,0,48
39,wave,apv,wave,v*dy(w),0,1,1,-1,0,0,0,0,48
39,wave,apv,wave,w*dz(w),0,1,1,-1,0,0,0,0,48
39,wave,apv,wave,u*dx(eta),0.00417145490936119,8,1,2,0,1.3811302266222e-15,1.7619250493893e-11,48,0
39,wave,apv,wave,v*dy(eta),0.00417145490936119,8,1,2,0,1.3811302266222e-15,1.7619250493893e-11,48,0
39,wave,apv,wave,w*dz(eta),0.00441070735286513,8,1,2,0,1.33218412427653e-15,4.76820360972852e-10,48,0
39,wave,apv,wave,w*eta*dlogN2,0,1,1,-1,0,0,0,0,48
39,apv,wave,wave,u*dx(u),0.00887292218136172,2,0,8,1,1.38498388221114e-15,1.58362378299682e-11,48,0
39,apv,wave,wave,v*dy(u),0.00887292218136172,2,0,8,1,1.38498388221114e-15,1.58362378299682e-11,48,0
39,apv,wave,wave,w*dz(u),0,-1,0,1,1,0,0,0,48
39,apv,wave,wave,u*dx(v),0.00769941387689762,2,0,8,1,9.0047924216272e-16,1.38443700947732e-11,48,0
39,apv,wave,wave,v*dy(v),0.00769941387689762,2,0,8,1,9.0047924216272e-16,1.38443700947732e-11,48,0
39,apv,wave,wave,w*dz(v),0,-1,0,1,1,0,0,0,48
39,apv,wave,wave,u*dx(w),5.11174154450822e-05,2,0,8,1,3.33066907387547e-16,1.38041800212818e-11,48,0
39,apv,wave,wave,v*dy(w),5.11174154450822e-05,2,0,8,1,3.33066907387547e-16,1.38041800212818e-11,48,0
39,apv,wave,wave,w*dz(w),0,-1,0,1,1,0,0,0,48
39,apv,wave,wave,u*dx(eta),0.00441070735264995,2,0,8,1,1.34034645373444e-15,1.11906855686866e-11,48,0
39,apv,wave,wave,v*dy(eta),0.00441070735264995,2,0,8,1,1.34034645373444e-15,1.11906855686866e-11,48,0
39,apv,wave,wave,w*dz(eta),0,-1,0,1,1,0,0,0,48
39,apv,wave,wave,w*eta*dlogN2,0,-1,0,1,1,0,0,0,48
39,wave,boundary,wave,u*dx(u),0.000118089678913793,8,1,1,0,1.23180725274349e-15,1.45548800404192e-11,32,0
39,wave,boundary,wave,v*dy(u),0.000118089678913793,8,1,1,0,1.23180725274349e-15,1.45548800404192e-11,32,0
39,wave,boundary,wave,w*dz(u),0.000332673439715953,8,1,1,0,1.46330276842423e-15,1.39935840692829e-11,32,0
39,wave,boundary,wave,u*dx(v),9.59208864522526e-05,7,1,1,0,8.81983573230516e-16,1.44904088728026e-11,32,0
39,wave,boundary,wave,v*dy(v),9.59208864522526e-05,7,1,1,0,8.81983573230516e-16,1.44904088728026e-11,32,0
39,wave,boundary,wave,w*dz(v),0.000285552662672207,8,1,1,0,6.99966460088077e-16,1.39935840692829e-11,32,0
39,wave,boundary,wave,u*dx(w),0,1,1,1,0,0,0,0,32
39,wave,boundary,wave,v*dy(w),0,1,1,1,0,0,0,0,32
39,wave,boundary,wave,w*dz(w),0,1,1,1,0,0,0,0,32
39,wave,boundary,wave,u*dx(eta),0.000148203632440756,8,1,2,0,6.4187168194354e-16,1.37011513245966e-11,32,0
39,wave,boundary,wave,v*dy(eta),0.000148203632440756,8,1,2,0,6.4187168194354e-16,1.37011513245966e-11,32,0
39,wave,boundary,wave,w*dz(eta),8.44885564741874e-05,8,1,1,0,1.16637536903118e-15,1.38874467481287e-11,32,0
39,wave,boundary,wave,w*eta*dlogN2,0,1,1,1,0,0,0,0,32
39,boundary,wave,wave,u*dx(u),0.000118089678913855,1,0,8,1,1.34450683141898e-15,1.45548781379195e-11,32,0
39,boundary,wave,wave,v*dy(u),0.000118089678913855,1,0,8,1,1.34450683141898e-15,1.45548781379195e-11,32,0
39,boundary,wave,wave,w*dz(u),0,1,0,1,1,0,0,0,32
39,boundary,wave,wave,u*dx(v),9.59208864522773e-05,1,0,7,1,8.94333939642799e-16,1.44902978505002e-11,32,0
39,boundary,wave,wave,v*dy(v),9.59208864522773e-05,1,0,7,1,8.94333939642799e-16,1.44902978505002e-11,32,0
39,boundary,wave,wave,w*dz(v),0,1,0,1,1,0,0,0,32
39,boundary,wave,wave,u*dx(w),1.11291691271736e-06,1,0,8,1,2.22044604925031e-16,1.47004630690617e-11,32,0
39,boundary,wave,wave,v*dy(w),1.11291691271736e-06,1,0,8,1,2.22044604925031e-16,1.47004630690617e-11,32,0
39,boundary,wave,wave,w*dz(w),0,1,0,1,1,0,0,0,32
39,boundary,wave,wave,u*dx(eta),8.44885564694537e-05,1,0,8,1,1.08789390683741e-15,7.80431275160254e-12,32,0
39,boundary,wave,wave,v*dy(eta),8.44885564694537e-05,1,0,8,1,1.08789390683741e-15,7.80431275160254e-12,32,0
39,boundary,wave,wave,w*dz(eta),0,1,0,1,1,0,0,0,32
39,boundary,wave,wave,w*eta*dlogN2,0,1,0,1,1,0,0,0,32
39,apv,boundary,wave,u*dx(u),2.64396156086998e-06,2,0,1,0,1.31272374134784e-15,1.05134789762928e-11,6,0
39,apv,boundary,wave,v*dy(u),2.64396156086998e-06,2,0,1,0,1.31272374134784e-15,1.05134789762928e-11,6,0
39,apv,boundary,wave,w*dz(u),0,-1,0,1,0,0,0,0,6
39,apv,boundary,wave,u*dx(v),2.28641243712321e-06,2,0,1,0,7.01946985135763e-16,1.05134789762928e-11,6,0
39,apv,boundary,wave,v*dy(v),2.28641243712321e-06,2,0,1,0,7.01946985135763e-16,1.05134789762928e-11,6,0
39,apv,boundary,wave,w*dz(v),0,-1,0,1,0,0,0,0,6
39,apv,boundary,wave,u*dx(w),0,-1,0,1,0,0,0,0,6
39,apv,boundary,wave,v*dy(w),0,-1,0,1,0,0,0,0,6
39,apv,boundary,wave,w*dz(w),0,-1,0,1,0,0,0,0,6
39,apv,boundary,wave,u*dx(eta),3.93014279422064e-06,2,0,1,0,7.1229561819485e-16,1.04884989582388e-11,6,0
39,apv,boundary,wave,v*dy(eta),3.93014279422064e-06,2,0,1,0,7.1229561819485e-16,1.04884989582388e-11,6,0
39,apv,boundary,wave,w*dz(eta),0,-1,0,1,0,0,0,0,6
39,apv,boundary,wave,w*eta*dlogN2,0,-1,0,1,0,0,0,0,6
39,boundary,apv,wave,u*dx(u),2.64396156088226e-06,1,0,2,0,1.35073205639001e-15,1.05134789762928e-11,6,0
39,boundary,apv,wave,v*dy(u),2.64396156088226e-06,1,0,2,0,1.35073205639001e-15,1.05134789762928e-11,6,0
39,boundary,apv,wave,w*dz(u),0,1,0,-1,0,0,0,0,6
39,boundary,apv,wave,u*dx(v),2.28641243709747e-06,1,0,2,0,6.88471314175541e-16,1.05134789762928e-11,6,0
39,boundary,apv,wave,v*dy(v),2.28641243709747e-06,1,0,2,0,6.88471314175541e-16,1.05134789762928e-11,6,0
39,boundary,apv,wave,w*dz(v),0,1,0,-1,0,0,0,0,6
39,boundary,apv,wave,u*dx(w),0,1,0,-1,0,0,0,0,6
39,boundary,apv,wave,v*dy(w),0,1,0,-1,0,0,0,0,6
39,boundary,apv,wave,w*dz(w),0,1,0,-1,0,0,0,0,6
39,boundary,apv,wave,u*dx(eta),3.11695410828202e-06,2,0,1,0,1.10525562537107e-15,4.81019668541194e-11,6,0
39,boundary,apv,wave,v*dy(eta),3.11695410828202e-06,2,0,1,0,1.10525562537107e-15,4.81019668541194e-11,6,0
39,boundary,apv,wave,w*dz(eta),0,1,0,-1,0,0,0,0,6
39,boundary,apv,wave,w*eta*dlogN2,0,1,0,-1,0,0,0,0,6
39,boundary,boundary,wave,u*dx(u),2.860981815528e-07,2,0,1,0,5.24514482862626e-15,7.38331113939957e-10,4,0
39,boundary,boundary,wave,v*dy(u),2.860981815528e-07,2,0,1,0,5.24514482862626e-15,7.38331113939957e-10,4,0
39,boundary,boundary,wave,w*dz(u),0,1,0,1,0,0,0,0,4
39,boundary,boundary,wave,u*dx(v),2.38036390738728e-07,2,0,1,0,3.24665768196476e-15,3.82075371341273e-10,4,0
39,boundary,boundary,wave,v*dy(v),2.38036390738728e-07,2,0,1,0,3.24665768196476e-15,3.82075371341273e-10,4,0
39,boundary,boundary,wave,w*dz(v),0,1,0,1,0,0,0,0,4
39,boundary,boundary,wave,u*dx(w),0,1,0,1,0,0,0,0,4
39,boundary,boundary,wave,v*dy(w),0,1,0,1,0,0,0,0,4
39,boundary,boundary,wave,w*dz(w),0,1,0,1,0,0,0,0,4
39,boundary,boundary,wave,u*dx(eta),1.41729603563278e-06,2,0,1,0,4.99598290984135e-15,5.0195692047339e-10,4,0
39,boundary,boundary,wave,v*dy(eta),1.41729603563278e-06,2,0,1,0,4.99598290984135e-15,5.0195692047339e-10,4,0
39,boundary,boundary,wave,w*dz(eta),0,1,0,1,0,0,0,0,4
39,boundary,boundary,wave,w*eta*dlogN2,0,1,0,1,0,0,0,0,4
10,wave,wave,wave,u*dx(u),0,1,1,1,1,0,0,0,232
10,wave,wave,wave,v*dy(u),0.266766612735349,8,1,7,1,1.41690885763477e-15,2.39399611245972e-11,232,0
10,wave,wave,wave,w*dz(u),0.266763680917309,8,1,7,1,1.44864372938742e-15,6.41611391216738e-07,232,0
10,wave,wave,wave,u*dx(v),0,1,1,1,1,0,0,0,232
10,wave,wave,wave,v*dy(v),0.239839832738462,8,1,7,1,1.09692634847236e-15,4.07482936282122e-11,232,0
10,wave,wave,wave,w*dz(v),0.239837077746998,8,1,7,1,1.32640746848763e-15,4.879501351871e-07,232,0
10,wave,wave,wave,u*dx(w),0,1,1,1,1,0,0,0,232
10,wave,wave,wave,v*dy(w),0.00302661558675558,8,1,8,1,5.55111512312578e-16,4.06106259731587e-11,232,0
10,wave,wave,wave,w*dz(w),0.00302661558363168,8,1,8,1,4.44089209850063e-16,4.80939732483421e-11,232,0
10,wave,wave,wave,u*dx(eta),0,1,1,1,1,0,0,0,232
10,wave,wave,wave,v*dy(eta),0.236832674163761,8,1,8,1,1.30045197670303e-15,2.38018493803338e-11,232,0
10,wave,wave,wave,w*dz(eta),0.236832673919317,8,1,8,1,2.09612164084013e-15,3.12854187001221e-11,232,0
10,wave,wave,wave,w*eta*dlogN2,0,1,1,1,1,0,0,0,232
10,wave,apv,wave,u*dx(u),0,1,1,-1,0,0,0,0,48
10,wave,apv,wave,v*dy(u),0.00861103409966289,8,1,2,0,1.11905924940566e-15,9.60711145856975e-12,48,0
10,wave,apv,wave,w*dz(u),0.00814801646915196,8,1,2,0,1.45420244076551e-15,2.56143994903368e-11,48,0
10,wave,apv,wave,u*dx(v),0,1,1,-1,0,0,0,0,48
10,wave,apv,wave,v*dy(v),0,1,1,-1,0,0,0,0,48
10,wave,apv,wave,w*dz(v),0,1,1,-1,0,0,0,0,48
10,wave,apv,wave,u*dx(w),0,1,1,-1,0,0,0,0,48
10,wave,apv,wave,v*dy(w),0,1,1,-1,0,0,0,0,48
10,wave,apv,wave,w*dz(w),0,1,1,-1,0,0,0,0,48
10,wave,apv,wave,u*dx(eta),0,1,1,-1,0,0,0,0,48
10,wave,apv,wave,v*dy(eta),0.0045258297124647,8,1,2,0,1.43789468120762e-15,1.98121519190408e-11,48,0
10,wave,apv,wave,w*dz(eta),0.004785222508168,8,1,2,0,1.72792976738585e-15,5.05351538393484e-10,48,0
10,wave,apv,wave,w*eta*dlogN2,0,1,1,-1,0,0,0,0,48
10,apv,wave,wave,u*dx(u),0,-1,0,1,1,0,0,0,48
10,apv,wave,wave,v*dy(u),0.00861103414045164,2,0,8,1,1.50910036720059e-15,1.69331215715829e-11,48,0
10,apv,wave,wave,w*dz(u),0,-1,0,1,1,0,0,0,48
10,apv,wave,wave,u*dx(v),0,-1,0,1,1,0,0,0,48
10,apv,wave,wave,v*dy(v),0.00777273057432781,2,0,8,1,1.10667426907398e-15,3.37414540751979e-11,48,0
10,apv,wave,wave,w*dz(v),0,-1,0,1,1,0,0,0,48
10,apv,wave,wave,u*dx(w),0,-1,0,1,1,0,0,0,48
10,apv,wave,wave,v*dy(w),5.71504702142721e-05,2,0,8,1,3.33066907387547e-16,3.57203155942898e-11,48,0
10,apv,wave,wave,w*dz(w),0,-1,0,1,1,0,0,0,48
10,apv,wave,wave,u*dx(eta),0,-1,0,1,1,0,0,0,48
10,apv,wave,wave,v*dy(eta),0.00478522253554389,2,0,8,1,1.14901996436609e-15,1.89115390014649e-11,48,0
10,apv,wave,wave,w*dz(eta),0,-1,0,1,1,0,0,0,48
10,apv,wave,wave,w*eta*dlogN2,0,-1,0,1,1,0,0,0,48
10,wave,boundary,wave,u*dx(u),0,1,1,1,0,0,0,0,32
10,wave,boundary,wave,v*dy(u),0.000275360002800077,8,1,1,0,1.82826287052953e-15,6.57918164392868e-12,32,0
10,wave,boundary,wave,w*dz(u),0.000273288259680116,8,1,2,0,1.24163978561081e-15,1.43987044509686e-11,32,0
10,wave,boundary,wave,u*dx(v),0,1,1,1,0,0,0,0,32
10,wave,boundary,wave,v*dy(v),0,1,1,1,0,0,0,0,32
10,wave,boundary,wave,w*dz(v),0,1,1,1,0,0,0,0,32
10,wave,boundary,wave,u*dx(w),0,1,1,1,0,0,0,0,32
10,wave,boundary,wave,v*dy(w),0,1,1,1,0,0,0,0,32
10,wave,boundary,wave,w*dz(w),0,1,1,1,0,0,0,0,32
10,wave,boundary,wave,u*dx(eta),0,1,1,1,0,0,0,0,32
10,wave,boundary,wave,v*dy(eta),0.000148421094950812,8,1,2,0,6.66133814775094e-16,7.30127069914488e-12,32,0
10,wave,boundary,wave,w*dz(eta),0.000182275761978957,8,1,1,0,1.04997559089353e-15,1.44095846366099e-11,32,0
10,wave,boundary,wave,w*eta*dlogN2,0,1,1,1,0,0,0,0,32
10,boundary,wave,wave,u*dx(u),0,1,0,1,1,0,0,0,32
10,boundary,wave,wave,v*dy(u),8.42080307652557e-05,2,0,8,1,1.45651221225494e-15,1.55904178456012e-11,32,0
10,boundary,wave,wave,w*dz(u),0,1,0,1,1,0,0,0,32
10,boundary,wave,wave,u*dx(v),0,1,0,1,1,0,0,0,32
10,boundary,wave,wave,v*dy(v),7.47031413068895e-05,2,0,8,1,9.97331820292336e-16,3.23985283046113e-11,32,0
10,boundary,wave,wave,w*dz(v),0,1,0,1,1,0,0,0,32
10,boundary,wave,wave,u*dx(w),0,1,0,1,1,0,0,0,32
10,boundary,wave,wave,v*dy(w),8.43468482109904e-07,2,0,8,1,4.44089209850063e-16,3.21527249269593e-11,32,0
10,boundary,wave,wave,w*dz(w),0,1,0,1,1,0,0,0,32
10,boundary,wave,wave,u*dx(eta),0,1,0,1,1,0,0,0,32
10,boundary,wave,wave,v*dy(eta),6.44986782738348e-05,2,0,8,1,9.07084992149964e-16,3.14160202983768e-11,32,0
10,boundary,wave,wave,w*dz(eta),0,1,0,1,1,0,0,0,32
10,boundary,wave,wave,w*eta*dlogN2,0,1,0,1,1,0,0,0,32
10,apv,boundary,wave,u*dx(u),0,-1,0,1,0,0,0,0,6
10,apv,boundary,wave,v*dy(u),9.81195980253105e-06,2,0,2,0,9.85163598726868e-16,1.06293862600637e-11,6,0
10,apv,boundary,wave,w*dz(u),0,-1,0,1,0,0,0,0,6
10,apv,boundary,wave,u*dx(v),0,-1,0,1,0,0,0,0,6
10,apv,boundary,wave,v*dy(v),0,-1,0,1,0,0,0,0,6
10,apv,boundary,wave,w*dz(v),0,-1,0,1,0,0,0,0,6
10,apv,boundary,wave,u*dx(w),0,-1,0,1,0,0,0,0,6
10,apv,boundary,wave,v*dy(w),0,-1,0,1,0,0,0,0,6
10,apv,boundary,wave,w*dz(w),0,-1,0,1,0,0,0,0,6
10,apv,boundary,wave,u*dx(eta),0,-1,0,1,0,0,0,0,6
10,apv,boundary,wave,v*dy(eta),5.8610163232288e-06,2,0,1,0,8.29755374136198e-16,9.61664081700064e-12,6,0
10,apv,boundary,wave,w*dz(eta),0,-1,0,1,0,0,0,0,6
10,apv,boundary,wave,w*eta*dlogN2,0,-1,0,1,0,0,0,0,6
10,boundary,apv,wave,u*dx(u),0,1,0,-1,0,0,0,0,6
10,boundary,apv,wave,v*dy(u),5.0748175430282e-06,1,0,2,0,1.46220734345437e-15,1.25991439503537e-11,6,0
10,boundary,apv,wave,w*dz(u),0,1,0,-1,0,0,0,0,6
10,boundary,apv,wave,u*dx(v),0,1,0,-1,0,0,0,0,6
10,boundary,apv,wave,v*dy(v),0,1,0,-1,0,0,0,0,6
10,boundary,apv,wave,w*dz(v),0,1,0,-1,0,0,0,0,6
10,boundary,apv,wave,u*dx(w),0,1,0,-1,0,0,0,0,6
10,boundary,apv,wave,v*dy(w),0,1,0,-1,0,0,0,0,6
10,boundary,apv,wave,w*dz(w),0,1,0,-1,0,0,0,0,6
10,boundary,apv,wave,u*dx(eta),0,1,0,-1,0,0,0,0,6
10,boundary,apv,wave,v*dy(eta),1.00842544685714e-05,2,0,2,0,9.44746964158769e-16,6.42614850221435e-11,6,0
10,boundary,apv,wave,w*dz(eta),0,1,0,-1,0,0,0,0,6
10,boundary,apv,wave,w*eta*dlogN2,0,1,0,-1,0,0,0,0,6
10,boundary,boundary,wave,u*dx(u),0,1,0,1,0,0,0,0,4
10,boundary,boundary,wave,v*dy(u),5.99470531567103e-07,2,0,1,0,1.24800429973824e-15,2.6771365902816e-10,4,0
10,boundary,boundary,wave,w*dz(u),0,1,0,1,0,0,0,0,4
10,boundary,boundary,wave,u*dx(v),0,1,0,1,0,0,0,0,4
10,boundary,boundary,wave,v*dy(v),0,1,0,1,0,0,0,0,4
10,boundary,boundary,wave,w*dz(v),0,1,0,1,0,0,0,0,4
10,boundary,boundary,wave,u*dx(w),0,1,0,1,0,0,0,0,4
10,boundary,boundary,wave,v*dy(w),0,1,0,1,0,0,0,0,4
10,boundary,boundary,wave,w*dz(w),0,1,0,1,0,0,0,0,4
10,boundary,boundary,wave,u*dx(eta),0,1,0,1,0,0,0,0,4
10,boundary,boundary,wave,v*dy(eta),5.84900633465807e-07,1,0,1,0,3.19968975199551e-15,4.89848416215952e-10,4,0
10,boundary,boundary,wave,w*dz(eta),0,1,0,1,0,0,0,0,4
10,boundary,boundary,wave,w*eta*dlogN2,0,1,0,1,0,0,0,0,4
18,wave,wave,inertial,u*dx(u),0.00518366077571377,8,1,8,1,1.01987475801328e-15,2.84907653025357e-11,232,0
18,wave,wave,inertial,v*dy(u),0,1,1,1,1,0,0,0,232
18,wave,wave,inertial,w*dz(u),0.0051838064347904,8,1,8,1,8.43293063147713e-16,4.86640982177988e-07,232,0
18,wave,wave,inertial,u*dx(v),0.00518366077571378,8,1,8,1,1.16156799391726e-15,2.13686845995653e-11,232,0
18,wave,wave,inertial,v*dy(v),0,1,1,1,1,0,0,0,232
18,wave,wave,inertial,w*dz(v),0.00518380643479044,8,1,8,1,9.8579298876922e-16,4.86648104258691e-07,232,0
18,wave,wave,mda,u*dx(eta),0.000771590053661803,8,1,8,1,4.06570378255463e-15,5.05827496819605e-10,232,0
18,wave,wave,mda,v*dy(eta),0,1,1,1,1,0,0,0,232
18,wave,wave,mda,w*dz(eta),0.00077159005366176,8,1,8,1,4.51715355111024e-15,5.05827841128704e-10,232,0
18,wave,wave,mda,w*eta*dlogN2,0,1,1,1,1,0,0,0,232
18,wave,apv,inertial,u*dx(u),0,1,1,-1,0,0,0,0,48
18,wave,apv,inertial,v*dy(u),0,1,1,-1,0,0,0,0,48
18,wave,apv,inertial,w*dz(u),0,1,1,-1,0,0,0,0,48
18,wave,apv,inertial,u*dx(v),6.83955382286118e-05,7,1,2,0,1.00458533259375e-15,1.43207667946399e-11,48,0
18,wave,apv,inertial,v*dy(v),0,1,1,-1,0,0,0,0,48
18,wave,apv,inertial,w*dz(v),7.20784668646583e-05,8,1,1,0,9.89295610792763e-16,2.56143994903368e-11,48,0
18,wave,apv,mda,u*dx(eta),9.79368265219428e-05,8,1,2,0,1.40152020226853e-15,3.75248007000417e-10,48,0
18,wave,apv,mda,v*dy(eta),0,1,1,-1,0,0,0,0,48
18,wave,apv,mda,w*dz(eta),0.000107409765008914,8,1,2,0,1.47576922433597e-15,2.02904075575244e-06,48,0
18,wave,apv,mda,w*eta*dlogN2,0,1,1,-1,0,0,0,0,48
18,apv,wave,inertial,u*dx(u),0,-1,0,1,1,0,0,0,48
18,apv,wave,inertial,v*dy(u),0,-1,0,1,1,0,0,0,48
18,apv,wave,inertial,w*dz(u),0,-1,0,1,1,0,0,0,48
18,apv,wave,inertial,u*dx(v),0,-1,0,1,1,0,0,0,48
18,apv,wave,inertial,v*dy(v),0,-1,0,1,1,0,0,0,48
18,apv,wave,inertial,w*dz(v),0,-1,0,1,1,0,0,0,48
18,apv,wave,mda,u*dx(eta),0,-1,0,1,1,0,0,0,48
18,apv,wave,mda,v*dy(eta),0,-1,0,1,1,0,0,0,48
18,apv,wave,mda,w*dz(eta),0,-1,0,1,1,0,0,0,48
18,apv,wave,mda,w*eta*dlogN2,0,-1,0,1,1,0,0,0,48
18,wave,boundary,inertial,u*dx(u),0,1,1,1,0,0,0,0,32
18,wave,boundary,inertial,v*dy(u),0,1,1,1,0,0,0,0,32
18,wave,boundary,inertial,w*dz(u),0,1,1,1,0,0,0,0,32
18,wave,boundary,inertial,u*dx(v),4.20567866384199e-06,8,1,2,0,9.13695189312545e-16,1.31010757797867e-11,32,0
18,wave,boundary,inertial,v*dy(v),0,1,1,1,0,0,0,0,32
18,wave,boundary,inertial,w*dz(v),1.15892711723566e-06,8,1,1,0,9.22909399463984e-16,1.44813050440007e-11,32,0
18,wave,boundary,mda,u*dx(eta),2.17926461128524e-07,8,1,2,0,5.6563733295427e-16,5.60327234372465e-10,32,0
18,wave,boundary,mda,v*dy(eta),0,1,1,1,0,0,0,0,32
18,wave,boundary,mda,w*dz(eta),2.78016379431647e-06,8,1,1,0,2.24049775369125e-15,1.13031264523402e-10,32,0
18,wave,boundary,mda,w*eta*dlogN2,0,1,1,1,0,0,0,0,32
18,boundary,wave,inertial,u*dx(u),0,1,0,1,1,0,0,0,32
18,boundary,wave,inertial,v*dy(u),0,1,0,1,1,0,0,0,32
18,boundary,wave,inertial,w*dz(u),0,1,0,1,1,0,0,0,32
18,boundary,wave,inertial,u*dx(v),0,1,0,1,1,0,0,0,32
18,boundary,wave,inertial,v*dy(v),0,1,0,1,1,0,0,0,32
18,boundary,wave,inertial,w*dz(v),0,1,0,1,1,0,0,0,32
18,boundary,wave,mda,u*dx(eta),0,1,0,1,1,0,0,0,32
18,boundary,wave,mda,v*dy(eta),0,1,0,1,1,0,0,0,32
18,boundary,wave,mda,w*dz(eta),0,1,0,1,1,0,0,0,32
18,boundary,wave,mda,w*eta*dlogN2,0,1,0,1,1,0,0,0,32
18,apv,boundary,inertial,u*dx(u),0,-1,0,1,0,0,0,0,6
18,apv,boundary,inertial,v*dy(u),0,-1,0,1,0,0,0,0,6
18,apv,boundary,inertial,w*dz(u),0,-1,0,1,0,0,0,0,6
18,apv,boundary,inertial,u*dx(v),0,-1,0,1,0,0,0,0,6
18,apv,boundary,inertial,v*dy(v),0,-1,0,1,0,0,0,0,6
18,apv,boundary,inertial,w*dz(v),0,-1,0,1,0,0,0,0,6
18,apv,boundary,mda,u*dx(eta),0,-1,0,1,0,0,0,0,6
18,apv,boundary,mda,v*dy(eta),0,-1,0,1,0,0,0,0,6
18,apv,boundary,mda,w*dz(eta),0,-1,0,1,0,0,0,0,6
18,apv,boundary,mda,w*eta*dlogN2,0,-1,0,1,0,0,0,0,6
18,boundary,apv,inertial,u*dx(u),0,1,0,-1,0,0,0,0,6
18,boundary,apv,inertial,v*dy(u),0,1,0,-1,0,0,0,0,6
18,boundary,apv,inertial,w*dz(u),0,1,0,-1,0,0,0,0,6
18,boundary,apv,inertial,u*dx(v),0,1,0,-1,0,0,0,0,6
18,boundary,apv,inertial,v*dy(v),0,1,0,-1,0,0,0,0,6
18,boundary,apv,inertial,w*dz(v),0,1,0,-1,0,0,0,0,6
18,boundary,apv,mda,u*dx(eta),0,1,0,-1,0,0,0,0,6
18,boundary,apv,mda,v*dy(eta),0,1,0,-1,0,0,0,0,6
18,boundary,apv,mda,w*dz(eta),0,1,0,-1,0,0,0,0,6
18,boundary,apv,mda,w*eta*dlogN2,0,1,0,-1,0,0,0,0,6
18,boundary,boundary,inertial,u*dx(u),0,1,0,1,0,0,0,0,4
18,boundary,boundary,inertial,v*dy(u),0,1,0,1,0,0,0,0,4
18,boundary,boundary,inertial,w*dz(u),0,1,0,1,0,0,0,0,4
18,boundary,boundary,inertial,u*dx(v),0,1,0,1,0,0,0,0,4
18,boundary,boundary,inertial,v*dy(v),0,1,0,1,0,0,0,0,4
18,boundary,boundary,inertial,w*dz(v),0,1,0,1,0,0,0,0,4
18,boundary,boundary,mda,u*dx(eta),0,1,0,1,0,0,0,0,4
18,boundary,boundary,mda,v*dy(eta),0,1,0,1,0,0,0,0,4
18,boundary,boundary,mda,w*dz(eta),0,1,0,1,0,0,0,0,4
18,boundary,boundary,mda,w*eta*dlogN2,0,1,0,1,0,0,0,0,4
11,wave,wave,wave,u*dx(u),0,1,1,1,1,0,0,0,232
11,wave,wave,wave,v*dy(u),0.266766612735349,8,1,7,1,1.41690885763477e-15,2.39399611245972e-11,232,0
11,wave,wave,wave,w*dz(u),0.266763680917309,8,1,7,1,1.44864372938742e-15,6.41611391216738e-07,232,0
11,wave,wave,wave,u*dx(v),0,1,1,1,1,0,0,0,232
11,wave,wave,wave,v*dy(v),0.239839832738462,8,1,7,1,1.09692634847236e-15,4.07482936282122e-11,232,0
11,wave,wave,wave,w*dz(v),0.239837077746998,8,1,7,1,1.32640746848763e-15,4.879501351871e-07,232,0
11,wave,wave,wave,u*dx(w),0,1,1,1,1,0,0,0,232
11,wave,wave,wave,v*dy(w),0.00302661558675558,8,1,8,1,5.55111512312578e-16,4.06106259731587e-11,232,0
11,wave,wave,wave,w*dz(w),0.00302661558363168,8,1,8,1,4.44089209850063e-16,4.80939732483421e-11,232,0
11,wave,wave,wave,u*dx(eta),0,1,1,1,1,0,0,0,232
11,wave,wave,wave,v*dy(eta),0.236832674163761,8,1,8,1,1.30045197670303e-15,2.38018493803338e-11,232,0
11,wave,wave,wave,w*dz(eta),0.236832673919317,8,1,8,1,2.09612164084013e-15,3.12854187001221e-11,232,0
11,wave,wave,wave,w*eta*dlogN2,0,1,1,1,1,0,0,0,232
11,wave,apv,wave,u*dx(u),0,1,1,-1,0,0,0,0,48
11,wave,apv,wave,v*dy(u),0.00861103409966289,8,1,2,0,1.11905924940566e-15,9.60711145856975e-12,48,0
11,wave,apv,wave,w*dz(u),0.00814801646915196,8,1,2,0,1.45420244076551e-15,2.56143994903368e-11,48,0
11,wave,apv,wave,u*dx(v),0,1,1,-1,0,0,0,0,48
11,wave,apv,wave,v*dy(v),0,1,1,-1,0,0,0,0,48
11,wave,apv,wave,w*dz(v),0,1,1,-1,0,0,0,0,48
11,wave,apv,wave,u*dx(w),0,1,1,-1,0,0,0,0,48
11,wave,apv,wave,v*dy(w),0,1,1,-1,0,0,0,0,48
11,wave,apv,wave,w*dz(w),0,1,1,-1,0,0,0,0,48
11,wave,apv,wave,u*dx(eta),0,1,1,-1,0,0,0,0,48
11,wave,apv,wave,v*dy(eta),0.0045258297124647,8,1,2,0,1.43789468120762e-15,1.98121519190408e-11,48,0
11,wave,apv,wave,w*dz(eta),0.004785222508168,8,1,2,0,1.72792976738585e-15,5.05351538393484e-10,48,0
11,wave,apv,wave,w*eta*dlogN2,0,1,1,-1,0,0,0,0,48
11,apv,wave,wave,u*dx(u),0,-1,0,1,1,0,0,0,48
11,apv,wave,wave,v*dy(u),0.00861103414045164,2,0,8,1,1.50910036720059e-15,1.69331215715829e-11,48,0
11,apv,wave,wave,w*dz(u),0,-1,0,1,1,0,0,0,48
11,apv,wave,wave,u*dx(v),0,-1,0,1,1,0,0,0,48
11,apv,wave,wave,v*dy(v),0.00777273057432781,2,0,8,1,1.10667426907398e-15,3.37414540751979e-11,48,0
11,apv,wave,wave,w*dz(v),0,-1,0,1,1,0,0,0,48
11,apv,wave,wave,u*dx(w),0,-1,0,1,1,0,0,0,48
11,apv,wave,wave,v*dy(w),5.71504702142721e-05,2,0,8,1,3.33066907387547e-16,3.57203155942898e-11,48,0
11,apv,wave,wave,w*dz(w),0,-1,0,1,1,0,0,0,48
11,apv,wave,wave,u*dx(eta),0,-1,0,1,1,0,0,0,48
11,apv,wave,wave,v*dy(eta),0.00478522253554389,2,0,8,1,1.14901996436609e-15,1.89115390014649e-11,48,0
11,apv,wave,wave,w*dz(eta),0,-1,0,1,1,0,0,0,48
11,apv,wave,wave,w*eta*dlogN2,0,-1,0,1,1,0,0,0,48
11,wave,boundary,wave,u*dx(u),0,1,1,1,0,0,0,0,32
11,wave,boundary,wave,v*dy(u),0.000275360002800077,8,1,1,0,1.82826287052953e-15,6.57918164392868e-12,32,0
11,wave,boundary,wave,w*dz(u),0.000273288259680116,8,1,2,0,1.24163978561081e-15,1.43987044509686e-11,32,0
11,wave,boundary,wave,u*dx(v),0,1,1,1,0,0,0,0,32
11,wave,boundary,wave,v*dy(v),0,1,1,1,0,0,0,0,32
11,wave,boundary,wave,w*dz(v),0,1,1,1,0,0,0,0,32
11,wave,boundary,wave,u*dx(w),0,1,1,1,0,0,0,0,32
11,wave,boundary,wave,v*dy(w),0,1,1,1,0,0,0,0,32
11,wave,boundary,wave,w*dz(w),0,1,1,1,0,0,0,0,32
11,wave,boundary,wave,u*dx(eta),0,1,1,1,0,0,0,0,32
11,wave,boundary,wave,v*dy(eta),0.000148421094950812,8,1,2,0,6.66133814775094e-16,7.30127069914488e-12,32,0
11,wave,boundary,wave,w*dz(eta),0.000182275761978957,8,1,1,0,1.04997559089353e-15,1.44095846366099e-11,32,0
11,wave,boundary,wave,w*eta*dlogN2,0,1,1,1,0,0,0,0,32
11,boundary,wave,wave,u*dx(u),0,1,0,1,1,0,0,0,32
11,boundary,wave,wave,v*dy(u),8.42080307652557e-05,2,0,8,1,1.45651221225494e-15,1.55904178456012e-11,32,0
11,boundary,wave,wave,w*dz(u),0,1,0,1,1,0,0,0,32
11,boundary,wave,wave,u*dx(v),0,1,0,1,1,0,0,0,32
11,boundary,wave,wave,v*dy(v),7.47031413068895e-05,2,0,8,1,9.97331820292336e-16,3.23985283046113e-11,32,0
11,boundary,wave,wave,w*dz(v),0,1,0,1,1,0,0,0,32
11,boundary,wave,wave,u*dx(w),0,1,0,1,1,0,0,0,32
11,boundary,wave,wave,v*dy(w),8.43468482109904e-07,2,0,8,1,4.44089209850063e-16,3.21527249269593e-11,32,0
11,boundary,wave,wave,w*dz(w),0,1,0,1,1,0,0,0,32
11,boundary,wave,wave,u*dx(eta),0,1,0,1,1,0,0,0,32
11,boundary,wave,wave,v*dy(eta),6.44986782738348e-05,2,0,8,1,9.07084992149964e-16,3.14160202983768e-11,32,0
11,boundary,wave,wave,w*dz(eta),0,1,0,1,1,0,0,0,32
11,boundary,wave,wave,w*eta*dlogN2,0,1,0,1,1,0,0,0,32
11,apv,boundary,wave,u*dx(u),0,-1,0,1,0,0,0,0,6
11,apv,boundary,wave,v*dy(u),9.81195980253105e-06,2,0,2,0,9.85163598726868e-16,1.06293862600637e-11,6,0
11,apv,boundary,wave,w*dz(u),0,-1,0,1,0,0,0,0,6
11,apv,boundary,wave,u*dx(v),0,-1,0,1,0,0,0,0,6
11,apv,boundary,wave,v*dy(v),0,-1,0,1,0,0,0,0,6
11,apv,boundary,wave,w*dz(v),0,-1,0,1,0,0,0,0,6
11,apv,boundary,wave,u*dx(w),0,-1,0,1,0,0,0,0,6
11,apv,boundary,wave,v*dy(w),0,-1,0,1,0,0,0,0,6
11,apv,boundary,wave,w*dz(w),0,-1,0,1,0,0,0,0,6
11,apv,boundary,wave,u*dx(eta),0,-1,0,1,0,0,0,0,6
11,apv,boundary,wave,v*dy(eta),5.8610163232288e-06,2,0,1,0,8.29755374136198e-16,9.61664081700064e-12,6,0
11,apv,boundary,wave,w*dz(eta),0,-1,0,1,0,0,0,0,6
11,apv,boundary,wave,w*eta*dlogN2,0,-1,0,1,0,0,0,0,6
11,boundary,apv,wave,u*dx(u),0,1,0,-1,0,0,0,0,6
11,boundary,apv,wave,v*dy(u),5.0748175430282e-06,1,0,2,0,1.46220734345437e-15,1.25991439503537e-11,6,0
11,boundary,apv,wave,w*dz(u),0,1,0,-1,0,0,0,0,6
11,boundary,apv,wave,u*dx(v),0,1,0,-1,0,0,0,0,6
11,boundary,apv,wave,v*dy(v),0,1,0,-1,0,0,0,0,6
11,boundary,apv,wave,w*dz(v),0,1,0,-1,0,0,0,0,6
11,boundary,apv,wave,u*dx(w),0,1,0,-1,0,0,0,0,6
11,boundary,apv,wave,v*dy(w),0,1,0,-1,0,0,0,0,6
11,boundary,apv,wave,w*dz(w),0,1,0,-1,0,0,0,0,6
11,boundary,apv,wave,u*dx(eta),0,1,0,-1,0,0,0,0,6
11,boundary,apv,wave,v*dy(eta),1.00842544685714e-05,2,0,2,0,9.44746964158769e-16,6.42614850221435e-11,6,0
11,boundary,apv,wave,w*dz(eta),0,1,0,-1,0,0,0,0,6
11,boundary,apv,wave,w*eta*dlogN2,0,1,0,-1,0,0,0,0,6
11,boundary,boundary,wave,u*dx(u),0,1,0,1,0,0,0,0,4
11,boundary,boundary,wave,v*dy(u),5.99470531567103e-07,2,0,1,0,1.24800429973824e-15,2.6771365902816e-10,4,0
11,boundary,boundary,wave,w*dz(u),0,1,0,1,0,0,0,0,4
11,boundary,boundary,wave,u*dx(v),0,1,0,1,0,0,0,0,4
11,boundary,boundary,wave,v*dy(v),0,1,0,1,0,0,0,0,4
11,boundary,boundary,wave,w*dz(v),0,1,0,1,0,0,0,0,4
11,boundary,boundary,wave,u*dx(w),0,1,0,1,0,0,0,0,4
11,boundary,boundary,wave,v*dy(w),0,1,0,1,0,0,0,0,4
11,boundary,boundary,wave,w*dz(w),0,1,0,1,0,0,0,0,4
11,boundary,boundary,wave,u*dx(eta),0,1,0,1,0,0,0,0,4
11,boundary,boundary,wave,v*dy(eta),5.84900633465807e-07,1,0,1,0,3.19968975199551e-15,4.89848416215952e-10,4,0
11,boundary,boundary,wave,w*dz(eta),0,1,0,1,0,0,0,0,4
11,boundary,boundary,wave,w*eta*dlogN2,0,1,0,1,0,0,0,0,4
54,wave,wave,wave,u*dx(u),0,1,1,1,1,0,0,0,232
54,wave,wave,wave,v*dy(u),0.239839832738462,7,1,8,1,9.86153341149304e-16,2.39399611245972e-11,232,0
54,wave,wave,wave,w*dz(u),0.239837077746974,7,1,8,1,1.51436267650765e-15,5.99329797207921e-07,232,0
54,wave,wave,wave,u*dx(v),0,1,1,1,1,0,0,0,232
54,wave,wave,wave,v*dy(v),0.266766612735349,7,1,8,1,1.79790489743489e-15,3.10620418275676e-11,232,0
54,wave,wave,wave,w*dz(v),0.266763680917284,7,1,8,1,1.73473072644737e-15,7.88047072087239e-07,232,0
54,wave,wave,wave,u*dx(w),0,1,1,1,1,0,0,0,232
54,wave,wave,wave,v*dy(w),0.00302661558363168,8,1,8,1,5.55111512312578e-16,3.12854187001221e-11,232,0
54,wave,wave,wave,w*dz(w),0.00302661558675558,8,1,8,1,4.44089209850063e-16,4.7732928720734e-11,232,0
54,wave,wave,wave,u*dx(eta),0,1,1,1,1,0,0,0,232
54,wave,wave,wave,v*dy(eta),0.236832673919317,8,1,8,1,1.12294656379622e-15,2.41631159525468e-11,232,0
54,wave,wave,wave,w*dz(eta),0.236832674163761,8,1,8,1,1.51195308745041e-15,4.06106259731587e-11,232,0
54,wave,wave,wave,w*eta*dlogN2,0,1,1,1,1,0,0,0,232
54,wave,apv,wave,u*dx(u),0,1,1,-1,0,0,0,0,48
54,wave,apv,wave,v*dy(u),0.00777273057432798,8,1,2,0,9.99635327672644e-16,1.6932899526978e-11,48,0
54,wave,apv,wave,w*dz(u),0.00735550285680981,8,1,2,0,9.21234129181298e-16,4.49120740597664e-11,48,0
54,wave,apv,wave,u*dx(v),0,1,1,-1,0,0,0,0,48
54,wave,apv,wave,v*dy(v),0,1,1,-1,0,0,0,0,48
54,wave,apv,wave,w*dz(v),0,1,1,-1,0,0,0,0,48
54,wave,apv,wave,u*dx(w),0,1,1,-1,0,0,0,0,48
54,wave,apv,wave,v*dy(w),0,1,1,-1,0,0,0,0,48
54,wave,apv,wave,w*dz(w),0,1,1,-1,0,0,0,0,48
54,wave,apv,wave,u*dx(eta),0,1,1,-1,0,0,0,0,48
54,wave,apv,wave,v*dy(eta),0.00452582973776042,8,1,2,0,1.13420677879714e-15,2.96604962812808e-11,48,0
54,wave,apv,wave,w*dz(eta),0.00478522253577795,8,1,2,0,1.81649628092539e-15,5.24042809146863e-10,48,0
54,wave,apv,wave,w*eta*dlogN2,0,1,1,-1,0,0,0,0,48
54,apv,wave,wave,u*dx(u),0,-1,0,1,1,0,0,0,48
54,apv,wave,wave,v*dy(u),0.00777273053747836,2,0,8,1,1.01115119233231e-15,7.19868609166952e-12,48,0
54,apv,wave,wave,w*dz(u),0,-1,0,1,1,0,0,0,48
54,apv,wave,wave,u*dx(v),0,-1,0,1,1,0,0,0,48
54,apv,wave,wave,v*dy(v),0.00861103409966304,2,0,8,1,1.44117022812147e-15,1.46830918237929e-11,48,0
54,apv,wave,wave,w*dz(v),0,-1,0,1,1,0,0,0,48
54,apv,wave,wave,u*dx(w),0,-1,0,1,1,0,0,0,48
54,apv,wave,wave,v*dy(w),5.7150469885216e-05,2,0,8,1,2.22044604925031e-16,1.64259716939341e-11,48,0
54,apv,wave,wave,w*dz(w),0,-1,0,1,1,0,0,0,48
54,apv,wave,wave,u*dx(eta),0,-1,0,1,1,0,0,0,48
54,apv,wave,wave,v*dy(eta),0.00478522250793386,2,0,8,1,1.40588988252464e-15,1.1319780921653e-11,48,0
54,apv,wave,wave,w*dz(eta),0,-1,0,1,1,0,0,0,48
54,apv,wave,wave,w*eta*dlogN2,0,-1,0,1,1,0,0,0,48
54,wave,boundary,wave,u*dx(u),0,1,1,1,0,0,0,0,32
54,wave,boundary,wave,v*dy(u),7.47031413066788e-05,8,1,2,0,9.57919984727081e-16,1.55904178456012e-11,32,0
54,wave,boundary,wave,w*dz(u),0.000177571969250995,8,1,1,0,9.58557711745073e-16,3.36892735930405e-11,32,0
54,wave,boundary,wave,u*dx(v),0,1,1,1,0,0,0,0,32
54,wave,boundary,wave,v*dy(v),0,1,1,1,0,0,0,0,32
54,wave,boundary,wave,w*dz(v),0,1,1,1,0,0,0,0,32
54,wave,boundary,wave,u*dx(w),0,1,1,1,0,0,0,0,32
54,wave,boundary,wave,v*dy(w),0,1,1,1,0,0,0,0,32
54,wave,boundary,wave,w*dz(w),0,1,1,1,0,0,0,0,32
54,wave,boundary,wave,u*dx(eta),0,1,1,1,0,0,0,0,32
54,wave,boundary,wave,v*dy(eta),9.29385963830262e-05,8,1,1,0,7.07527694324624e-16,1.69533276306311e-11,32,0
54,wave,boundary,wave,w*dz(eta),6.44986782428762e-05,8,1,2,0,1.42287167574291e-15,3.36859429239666e-11,32,0
54,wave,boundary,wave,w*eta*dlogN2,0,1,1,1,0,0,0,0,32
54,boundary,wave,wave,u*dx(u),0,1,0,1,1,0,0,0,32
54,boundary,wave,wave,v*dy(u),0.000242274211302102,1,0,8,1,1.09854971624561e-15,6.5794036885336e-12,32,0
54,boundary,wave,wave,w*dz(u),0,1,0,1,1,0,0,0,32
54,boundary,wave,wave,u*dx(v),0,1,0,1,1,0,0,0,32
54,boundary,wave,wave,v*dy(v),0.000275360002799786,1,0,8,1,1.35817683381258e-15,1.3701484391504e-11,32,0
54,boundary,wave,wave,w*dz(v),0,1,0,1,1,0,0,0,32
54,boundary,wave,wave,u*dx(w),0,1,0,1,1,0,0,0,32
54,boundary,wave,wave,v*dy(w),2.33478774728816e-06,2,0,8,1,3.33066907387547e-16,1.38580258379761e-11,32,0
54,boundary,wave,wave,w*dz(w),0,1,0,1,1,0,0,0,32
54,boundary,wave,wave,u*dx(eta),0,1,0,1,1,0,0,0,32
54,boundary,wave,wave,v*dy(eta),0.000182275761976679,1,0,8,1,1.47197924378412e-15,6.79128440280493e-12,32,0
54,boundary,wave,wave,w*dz(eta),0,1,0,1,1,0,0,0,32
54,boundary,wave,wave,w*eta*dlogN2,0,1,0,1,1,0,0,0,32
54,apv,boundary,wave,u*dx(u),0,-1,0,1,0,0,0,0,6
54,apv,boundary,wave,v*dy(u),4.57005583097818e-06,2,0,1,0,9.05856919676899e-16,1.25991439503537e-11,6,0
54,apv,boundary,wave,w*dz(u),0,-1,0,1,0,0,0,0,6
54,apv,boundary,wave,u*dx(v),0,-1,0,1,0,0,0,0,6
54,apv,boundary,wave,v*dy(v),0,-1,0,1,0,0,0,0,6
54,apv,boundary,wave,w*dz(v),0,-1,0,1,0,0,0,0,6
54,apv,boundary,wave,u*dx(w),0,-1,0,1,0,0,0,0,6
54,apv,boundary,wave,v*dy(w),0,-1,0,1,0,0,0,0,6
54,apv,boundary,wave,w*dz(w),0,-1,0,1,0,0,0,0,6
54,apv,boundary,wave,u*dx(eta),0,-1,0,1,0,0,0,0,6
54,apv,boundary,wave,v*dy(eta),9.20333778332383e-07,2,0,2,0,5.20512265216944e-16,1.11010090009245e-11,6,0
54,apv,boundary,wave,w*dz(eta),0,-1,0,1,0,0,0,0,6
54,apv,boundary,wave,w*eta*dlogN2,0,-1,0,1,0,0,0,0,6
54,boundary,apv,wave,u*dx(u),0,1,0,-1,0,0,0,0,6
54,boundary,apv,wave,v*dy(u),8.83542824838313e-06,2,0,2,0,6.96347131681475e-16,1.06293862600637e-11,6,0
54,boundary,apv,wave,w*dz(u),0,1,0,-1,0,0,0,0,6
54,boundary,apv,wave,u*dx(v),0,1,0,-1,0,0,0,0,6
54,boundary,apv,wave,v*dy(v),0,1,0,-1,0,0,0,0,6
54,boundary,apv,wave,w*dz(v),0,1,0,-1,0,0,0,0,6
54,boundary,apv,wave,u*dx(w),0,1,0,-1,0,0,0,0,6
54,boundary,apv,wave,v*dy(w),0,1,0,-1,0,0,0,0,6
54,boundary,apv,wave,w*dz(w),0,1,0,-1,0,0,0,0,6
54,boundary,apv,wave,u*dx(eta),0,1,0,-1,0,0,0,0,6
54,boundary,apv,wave,v*dy(eta),1.15702726391558e-05,2,0,2,0,1.07761449102328e-15,4.45697672782226e-11,6,0
54,boundary,apv,wave,w*dz(eta),0,1,0,-1,0,0,0,0,6
54,boundary,apv,wave,w*eta*dlogN2,0,1,0,-1,0,0,0,0,6
54,boundary,boundary,wave,u*dx(u),0,1,0,1,0,0,0,0,4
54,boundary,boundary,wave,v*dy(u),5.40870123047692e-07,1,0,2,0,1.13771627640693e-15,1.56610768788988e-10,4,0
54,boundary,boundary,wave,w*dz(u),0,1,0,1,0,0,0,0,4
54,boundary,boundary,wave,u*dx(v),0,1,0,1,0,0,0,0,4
54,boundary,boundary,wave,v*dy(v),0,1,0,1,0,0,0,0,4
54,boundary,boundary,wave,w*dz(v),0,1,0,1,0,0,0,0,4
54,boundary,boundary,wave,u*dx(w),0,1,0,1,0,0,0,0,4
54,boundary,boundary,wave,v*dy(w),0,1,0,1,0,0,0,0,4
54,boundary,boundary,wave,w*dz(w),0,1,0,1,0,0,0,0,4
54,boundary,boundary,wave,u*dx(eta),0,1,0,1,0,0,0,0,4
54,boundary,boundary,wave,v*dy(eta),5.84899841451712e-07,1,0,1,0,1.43571432176238e-15,1.03865138711967e-10,4,0
54,boundary,boundary,wave,w*dz(eta),0,1,0,1,0,0,0,0,4
54,boundary,boundary,wave,w*eta*dlogN2,0,1,0,1,0,0,0,0,4
2,wave,wave,wave,u*dx(u),0,1,1,1,1,0,0,0,232
2,wave,wave,wave,v*dy(u),0.266766611696869,8,1,7,1,1.71647129157006e-15,1.83149051480314e-11,232,0
2,wave,wave,wave,w*dz(u),0.266763679577686,8,1,7,1,1.54524490160204e-15,7.88665575117536e-07,232,0
2,wave,wave,wave,u*dx(v),0,1,1,1,1,0,0,0,232
2,wave,wave,wave,v*dy(v),0.239839831810169,8,1,7,1,1.30232053721342e-15,1.83643100726272e-11,232,0
2,wave,wave,wave,w*dz(v),0.239837076547958,8,1,7,1,1.11700353360553e-15,5.99788098204022e-07,232,0
2,wave,wave,wave,u*dx(w),0,1,1,1,1,0,0,0,232
2,wave,wave,wave,v*dy(w),0.00302661557743636,8,1,8,1,4.44089209850063e-16,1.82615034205469e-11,232,0
2,wave,wave,wave,w*dz(w),0.0030266155763951,8,1,8,1,5.55111512312578e-16,1.86394233381293e-11,232,0
2,wave,wave,wave,u*dx(eta),0,1,1,1,1,0,0,0,232
2,wave,wave,wave,v*dy(eta),0.236832673455457,8,1,8,1,1.52542515452261e-15,1.82249770830367e-11,232,0
2,wave,wave,wave,w*dz(eta),0.236832673373979,8,1,8,1,1.5800190516313e-15,1.86290982640003e-11,232,0
2,wave,wave,wave,w*eta*dlogN2,0,1,1,1,1,0,0,0,232
2,wave,apv,wave,u*dx(u),0,1,1,-1,0,0,0,0,48
2,wave,apv,wave,v*dy(u),0.00861103408606318,8,1,2,0,1.38965648006195e-15,1.82565074169361e-11,48,0
2,wave,apv,wave,w*dz(u),0.00814801645396792,8,1,2,0,1.27281260809679e-15,2.22444285213896e-11,48,0
2,wave,apv,wave,u*dx(v),0,1,1,-1,0,0,0,0,48
2,wave,apv,wave,v*dy(v),0,1,1,-1,0,0,0,0,48
2,wave,apv,wave,w*dz(v),0,1,1,-1,0,0,0,0,48
2,wave,apv,wave,u*dx(w),0,1,1,-1,0,0,0,0,48
2,wave,apv,wave,v*dy(w),0,1,1,-1,0,0,0,0,48
2,wave,apv,wave,w*dz(w),0,1,1,-1,0,0,0,0,48
2,wave,apv,wave,u*dx(eta),0,1,1,-1,0,0,0,0,48
2,wave,apv,wave,v*dy(eta),0.00452582970403175,8,1,2,0,9.16716918253195e-16,2.1380268828941e-11,48,0
2,wave,apv,wave,w*dz(eta),0.00478522249896601,8,1,2,0,1.73141025272931e-15,4.73090455699321e-10,48,0
2,wave,apv,wave,w*eta*dlogN2,0,1,1,-1,0,0,0,0,48
2,apv,wave,wave,u*dx(u),0,-1,0,1,1,0,0,0,48
2,apv,wave,wave,v*dy(u),0.00861103409966285,2,0,8,1,1.15844355616193e-15,9.60707028906478e-12,48,0
2,apv,wave,wave,w*dz(u),0,-1,0,1,1,0,0,0,48
2,apv,wave,wave,u*dx(v),0,-1,0,1,1,0,0,0,48
2,apv,wave,wave,v*dy(v),0.00777273053747848,2,0,8,1,1.30865830341622e-15,1.43207667946399e-11,48,0
2,apv,wave,wave,w*dz(v),0,-1,0,1,1,0,0,0,48
2,apv,wave,wave,u*dx(w),0,-1,0,1,1,0,0,0,48
2,apv,wave,wave,v*dy(w),5.7150469885216e-05,2,0,8,1,2.22044604925031e-16,1.64259716939341e-11,48,0
2,apv,wave,wave,w*dz(w),0,-1,0,1,1,0,0,0,48
2,apv,wave,wave,u*dx(eta),0,-1,0,1,1,0,0,0,48
2,apv,wave,wave,v*dy(eta),0.00478522250793386,2,0,8,1,1.40588988252464e-15,1.1319780921653e-11,48,0
2,apv,wave,wave,w*dz(eta),0,-1,0,1,1,0,0,0,48
2,apv,wave,wave,w*eta*dlogN2,0,-1,0,1,1,0,0,0,48
2,wave,boundary,wave,u*dx(u),0,1,1,1,0,0,0,0,32
2,wave,boundary,wave,v*dy(u),8.42080302861188e-05,8,1,2,0,1.43669253635962e-15,2.00932603888759e-11,32,0
2,wave,boundary,wave,w*dz(u),0.000200262528365217,8,1,1,0,1.37041102656949e-15,1.85559345666775e-11,32,0
2,wave,boundary,wave,u*dx(v),0,1,1,1,0,0,0,0,32
2,wave,boundary,wave,v*dy(v),0,1,1,1,0,0,0,0,32
2,wave,boundary,wave,w*dz(v),0,1,1,1,0,0,0,0,32
2,wave,boundary,wave,u*dx(w),0,1,1,1,0,0,0,0,32
2,wave,boundary,wave,v*dy(w),0,1,1,1,0,0,0,0,32
2,wave,boundary,wave,w*dz(w),0,1,1,1,0,0,0,0,32
2,wave,boundary,wave,u*dx(eta),0,1,1,1,0,0,0,0,32
2,wave,boundary,wave,v*dy(eta),9.29385963853182e-05,8,1,1,0,6.31657502134807e-16,1.87300175369387e-11,32,0
2,wave,boundary,wave,w*dz(eta),6.44986779291589e-05,8,1,2,0,8.29755350580784e-16,1.85592652357514e-11,32,0
2,wave,boundary,wave,w*eta*dlogN2,0,1,1,1,0,0,0,0,32
2,boundary,wave,wave,u*dx(u),0,1,0,1,1,0,0,0,32
2,boundary,wave,wave,v*dy(u),7.91132914614381e-05,2,0,8,1,1.4405502029604e-15,7.02393698759352e-12,32,0
2,boundary,wave,wave,w*dz(u),0,1,0,1,1,0,0,0,32
2,boundary,wave,wave,u*dx(v),0,1,0,1,1,0,0,0,32
2,boundary,wave,wave,v*dy(v),7.08234813310371e-05,2,0,8,1,8.80496204885816e-16,1.41462397351688e-11,32,0
2,boundary,wave,wave,w*dz(v),0,1,0,1,1,0,0,0,32
2,boundary,wave,wave,u*dx(w),0,1,0,1,1,0,0,0,32
2,boundary,wave,wave,v*dy(w),7.7453996566168e-07,2,0,8,1,4.44089209850063e-16,1.43607348235264e-11,32,0
2,boundary,wave,wave,w*dz(w),0,1,0,1,1,0,0,0,32
2,boundary,wave,wave,u*dx(eta),0,1,0,1,1,0,0,0,32
2,boundary,wave,wave,v*dy(eta),6.13220116700125e-05,2,0,8,1,1.00633061065623e-15,1.95911686298826e-11,32,0
2,boundary,wave,wave,w*dz(eta),0,1,0,1,1,0,0,0,32
2,boundary,wave,wave,w*eta*dlogN2,0,1,0,1,1,0,0,0,32
2,apv,boundary,wave,u*dx(u),0,-1,0,1,0,0,0,0,6
2,apv,boundary,wave,v*dy(u),5.07481754300428e-06,2,0,1,0,1.40953588380563e-15,1.25991439503537e-11,6,0
2,apv,boundary,wave,w*dz(u),0,-1,0,1,0,0,0,0,6
2,apv,boundary,wave,u*dx(v),0,-1,0,1,0,0,0,0,6
2,apv,boundary,wave,v*dy(v),0,-1,0,1,0,0,0,0,6
2,apv,boundary,wave,w*dz(v),0,-1,0,1,0,0,0,0,6
2,apv,boundary,wave,u*dx(w),0,-1,0,1,0,0,0,0,6
2,apv,boundary,wave,v*dy(w),0,-1,0,1,0,0,0,0,6
2,apv,boundary,wave,w*dz(w),0,-1,0,1,0,0,0,0,6
2,apv,boundary,wave,u*dx(eta),0,-1,0,1,0,0,0,0,6
2,apv,boundary,wave,v*dy(eta),9.20333778332383e-07,2,0,2,0,5.20512265216944e-16,1.11010090009245e-11,6,0
2,apv,boundary,wave,w*dz(eta),0,-1,0,1,0,0,0,0,6
2,apv,boundary,wave,w*eta*dlogN2,0,-1,0,1,0,0,0,0,6
2,boundary,apv,wave,u*dx(u),0,1,0,-1,0,0,0,0,6
2,boundary,apv,wave,v*dy(u),4.24058206848311e-06,2,0,2,0,9.27807013603562e-16,1.20947696302665e-11,6,0
2,boundary,apv,wave,w*dz(u),0,1,0,-1,0,0,0,0,6
2,boundary,apv,wave,u*dx(v),0,1,0,-1,0,0,0,0,6
2,boundary,apv,wave,v*dy(v),0,1,0,-1,0,0,0,0,6
2,boundary,apv,wave,w*dz(v),0,1,0,-1,0,0,0,0,6
2,boundary,apv,wave,u*dx(w),0,1,0,-1,0,0,0,0,6
2,boundary,apv,wave,v*dy(w),0,1,0,-1,0,0,0,0,6
2,boundary,apv,wave,w*dz(w),0,1,0,-1,0,0,0,0,6
2,boundary,apv,wave,u*dx(eta),0,1,0,-1,0,0,0,0,6
2,boundary,apv,wave,v*dy(eta),1.07967494707571e-05,2,0,2,0,6.84239859253603e-16,6.50894893539089e-11,6,0
2,boundary,apv,wave,w*dz(eta),0,1,0,-1,0,0,0,0,6
2,boundary,apv,wave,w*eta*dlogN2,0,1,0,-1,0,0,0,0,6
2,boundary,boundary,wave,u*dx(u),0,1,0,1,0,0,0,0,4
2,boundary,boundary,wave,v*dy(u),1.71237649241176e-06,1,0,1,0,2.65337758815821e-13,6.50589254124892e-08,4,0
2,boundary,boundary,wave,w*dz(u),0,1,0,1,0,0,0,0,4
2,boundary,boundary,wave,u*dx(v),0,1,0,1,0,0,0,0,4
2,boundary,boundary,wave,v*dy(v),0,1,0,1,0,0,0,0,4
2,boundary,boundary,wave,w*dz(v),0,1,0,1,0,0,0,0,4
2,boundary,boundary,wave,u*dx(w),0,1,0,1,0,0,0,0,4
2,boundary,boundary,wave,v*dy(w),0,1,0,1,0,0,0,0,4
2,boundary,boundary,wave,w*dz(w),0,1,0,1,0,0,0,0,4
2,boundary,boundary,wave,u*dx(eta),0,1,0,1,0,0,0,0,4
2,boundary,boundary,wave,v*dy(eta),1.32904293971071e-06,2,0,2,0,3.22297000737282e-13,1.89555235643208e-08,4,0
2,boundary,boundary,wave,w*dz(eta),0,1,0,1,0,0,0,0,4
2,boundary,boundary,wave,w*eta*dlogN2,0,1,0,1,0,0,0,0,4
9,wave,wave,inertial,u*dx(u),0.00518366076103233,8,-1,8,1,8.45199624472398e-16,3.63350460830247e-11,232,0
9,wave,wave,inertial,v*dy(u),0.00518366076103231,8,-1,8,1,9.78852483296289e-16,3.63330476815804e-11,232,0
9,wave,wave,inertial,w*dz(u),0.00518380641895747,8,1,8,1,1.1724915329868e-15,2.81658406486862e-07,232,0
9,wave,wave,inertial,u*dx(v),0.00518366076103231,8,-1,8,1,9.85234777682762e-16,3.63330476815804e-11,232,0
9,wave,wave,inertial,v*dy(v),0.00518366076103233,8,1,8,1,8.54481231458069e-16,3.63316043916484e-11,232,0
9,wave,wave,inertial,w*dz(v),0.0051838064189573,8,1,8,1,9.88751749180689e-16,2.81658404710505e-07,232,0
9,wave,wave,mda,u*dx(eta),0.000771590059728586,8,1,8,1,2.27945015592408e-15,5.40583363436622e-10,232,0
9,wave,wave,mda,v*dy(eta),0.00077159005972861,8,1,8,1,3.08584619406668e-15,5.40580747060052e-10,232,0
9,wave,wave,mda,w*dz(eta),0.000771590059728653,8,1,8,1,3.51485953271714e-15,5.4058314318427e-10,232,0
9,wave,wave,mda,w*eta*dlogN2,0,1,1,1,1,0,0,0,232
9,wave,apv,inertial,u*dx(u),6.83955381137726e-05,7,1,2,0,7.78327822132203e-16,1.8258172751473e-11,48,0
9,wave,apv,inertial,v*dy(u),6.83955381137435e-05,7,1,2,0,1.00266636131446e-15,1.82565074169361e-11,48,0
9,wave,apv,inertial,w*dz(u),7.20784667529535e-05,8,1,1,0,7.25577723988258e-16,2.22444285213896e-11,48,0
9,wave,apv,inertial,u*dx(v),6.83955381137726e-05,7,1,2,0,7.78327822132203e-16,1.8258172751473e-11,48,0
9,wave,apv,inertial,v*dy(v),6.83955381137435e-05,7,1,2,0,1.00266636131446e-15,1.82565074169361e-11,48,0
9,wave,apv,inertial,w*dz(v),7.20784667529535e-05,8,1,1,0,7.25577723988258e-16,2.22444285213896e-11,48,0
9,wave,apv,mda,u*dx(eta),9.79368263716247e-05,8,1,2,0,1.82232200562264e-15,3.94394193473866e-10,48,0
9,wave,apv,mda,v*dy(eta),9.79368263721066e-05,8,1,2,0,2.16478967292588e-15,3.94392813183306e-10,48,0
9,wave,apv,mda,w*dz(eta),0.000107409764827269,8,1,2,0,1.84833128274651e-15,2.02914607438357e-06,48,0
9,wave,apv,mda,w*eta*dlogN2,0,1,1,-1,0,0,0,0,48
9,apv,wave,inertial,u*dx(u),6.83955381137859e-05,2,0,7,1,7.40874773598741e-16,1.8258172751473e-11,48,0
9,apv,wave,inertial,v*dy(u),6.83955381137859e-05,2,0,7,1,7.40874773598741e-16,1.8258172751473e-11,48,0
9,apv,wave,inertial,w*dz(u),0,-1,0,1,1,0,0,0,48
9,apv,wave,inertial,u*dx(v),6.83955381137822e-05,2,0,7,1,9.43308590669792e-16,1.82565074169361e-11,48,0
9,apv,wave,inertial,v*dy(v),6.83955381137822e-05,2,0,7,1,9.43308590669792e-16,1.82565074169361e-11,48,0
9,apv,wave,inertial,w*dz(v),0,-1,0,1,1,0,0,0,48
9,apv,wave,mda,u*dx(eta),0.000107409764774878,2,0,8,1,1.48610440135401e-15,9.82212870606057e-11,48,0
9,apv,wave,mda,v*dy(eta),0.000107409764774878,2,0,8,1,1.48610440135401e-15,9.82212870606057e-11,48,0
9,apv,wave,mda,w*dz(eta),0,-1,0,1,1,0,0,0,48
9,apv,wave,mda,w*eta*dlogN2,0,-1,0,1,1,0,0,0,48
9,wave,boundary,inertial,u*dx(u),3.66940276886175e-06,8,1,1,0,6.66133814775094e-16,1.95166105498856e-11,32,0
9,wave,boundary,inertial,v*dy(u),3.6694027689319e-06,8,1,1,0,5.82742524262804e-16,1.95146121484413e-11,32,0
9,wave,boundary,inertial,w*dz(u),1.62085407345573e-06,8,1,2,0,7.50400537988566e-16,1.87032611620452e-11,32,0
9,wave,boundary,inertial,u*dx(v),3.66940276886175e-06,8,1,1,0,6.66133814775094e-16,1.95166105498856e-11,32,0
9,wave,boundary,inertial,v*dy(v),3.6694027689319e-06,8,1,1,0,5.82742524262804e-16,1.95146121484413e-11,32,0
9,wave,boundary,inertial,w*dz(v),1.62085407345573e-06,8,1,2,0,7.50400537988566e-16,1.87032611620452e-11,32,0
9,wave,boundary,mda,u*dx(eta),1.06943538439757e-07,8,1,2,0,5.74301826066164e-16,5.86753419490828e-10,32,0
9,wave,boundary,mda,v*dy(eta),1.06943537876411e-07,8,1,2,0,5.29324721801801e-16,5.86751937299774e-10,32,0
9,wave,boundary,mda,w*dz(eta),3.10094566476494e-06,8,1,1,0,1.39200306932693e-15,1.09950863590286e-10,32,0
9,wave,boundary,mda,w*eta*dlogN2,0,1,1,1,0,0,0,0,32
9,boundary,wave,inertial,u*dx(u),3.66940276883745e-06,1,0,8,1,6.66133814775094e-16,1.95164995275832e-11,32,0
9,boundary,wave,inertial,v*dy(u),3.66940276883745e-06,1,0,8,1,6.66133814775094e-16,1.95164995275832e-11,32,0
9,boundary,wave,inertial,w*dz(u),0,1,0,1,1,0,0,0,32
9,boundary,wave,inertial,u*dx(v),3.6694027689077e-06,1,0,8,1,5.44673919920314e-16,1.95146121484413e-11,32,0
9,boundary,wave,inertial,v*dy(v),3.6694027689077e-06,1,0,8,1,5.44673919920314e-16,1.95146121484413e-11,32,0
9,boundary,wave,inertial,w*dz(v),0,1,0,1,1,0,0,0,32
9,boundary,wave,mda,u*dx(eta),3.10094571762425e-06,1,0,8,1,1.25306445988452e-15,9.75033857576698e-11,32,0
9,boundary,wave,mda,v*dy(eta),3.10094571762425e-06,1,0,8,1,1.25306445988452e-15,9.75033857576698e-11,32,0
9,boundary,wave,mda,w*dz(eta),0,1,0,1,1,0,0,0,32
9,boundary,wave,mda,w*eta*dlogN2,0,1,0,1,1,0,0,0,32
9,apv,boundary,inertial,u*dx(u),1.04234139862381e-09,2,0,2,0,3.82104534565961e-16,1.20947696302665e-11,6,0
9,apv,boundary,inertial,v*dy(u),1.04234139862381e-09,2,0,2,0,3.82104534565961e-16,1.20947696302665e-11,6,0
9,apv,boundary,inertial,w*dz(u),0,-1,0,1,0,0,0,0,6
9,apv,boundary,inertial,u*dx(v),1.04234139862381e-09,2,0,2,0,3.82104534565961e-16,1.20947696302665e-11,6,0
9,apv,boundary,inertial,v*dy(v),1.04234139862381e-09,2,0,2,0,3.82104534565961e-16,1.20947696302665e-11,6,0
9,apv,boundary,inertial,w*dz(v),0,-1,0,1,0,0,0,0,6
9,apv,boundary,mda,u*dx(eta),1.07554860170803e-10,2,0,2,0,3.86559305535476e-16,1.0604304787821e-10,6,0
9,apv,boundary,mda,v*dy(eta),1.07554860170803e-10,2,0,2,0,3.86559305535476e-16,1.0604304787821e-10,6,0
9,apv,boundary,mda,w*dz(eta),0,-1,0,1,0,0,0,0,6
9,apv,boundary,mda,w*eta*dlogN2,0,-1,0,1,0,0,0,0,6
9,boundary,apv,inertial,u*dx(u),1.04234138530387e-09,2,0,2,0,5.48325589751031e-16,1.20947696302665e-11,6,0
9,boundary,apv,inertial,v*dy(u),1.04234138530387e-09,2,0,2,0,5.48325589751031e-16,1.20947696302665e-11,6,0
9,boundary,apv,inertial,w*dz(u),0,1,0,-1,0,0,0,0,6
9,boundary,apv,inertial,u*dx(v),1.04234138530387e-09,2,0,2,0,5.48325589751031e-16,1.20947696302665e-11,6,0
9,boundary,apv,inertial,v*dy(v),1.04234138530387e-09,2,0,2,0,5.48325589751031e-16,1.20947696302665e-11,6,0
9,boundary,apv,inertial,w*dz(v),0,1,0,-1,0,0,0,0,6
9,boundary,apv,mda,u*dx(eta),1.43154082143795e-09,1,0,2,0,2.14296990750864e-16,3.14401294921574e-10,6,0
9,boundary,apv,mda,v*dy(eta),1.43154082143795e-09,1,0,2,0,2.14296990750864e-16,3.14401294921574e-10,6,0
9,boundary,apv,mda,w*dz(eta),0,1,0,-1,0,0,0,0,6
9,boundary,apv,mda,w*eta*dlogN2,0,1,0,-1,0,0,0,0,6
9,boundary,boundary,inertial,u*dx(u),1.02570015135002e-07,2,0,2,0,3.52737058674627e-13,4.16893889350248e-08,4,0
9,boundary,boundary,inertial,v*dy(u),1.02570015135002e-07,2,0,2,0,3.52737058674627e-13,4.16893889350248e-08,4,0
9,boundary,boundary,inertial,w*dz(u),0,1,0,1,0,0,0,0,4
9,boundary,boundary,inertial,u*dx(v),1.02570015135002e-07,2,0,2,0,3.52737058674627e-13,4.16893889350248e-08,4,0
9,boundary,boundary,inertial,v*dy(v),1.02570015135002e-07,2,0,2,0,3.52737058674627e-13,4.16893889350248e-08,4,0
9,boundary,boundary,inertial,w*dz(v),0,1,0,1,0,0,0,0,4
9,boundary,boundary,mda,u*dx(eta),4.23835589809765e-08,1,0,1,0,9.24653769950629e-14,2.11165020604351e-07,4,0
9,boundary,boundary,mda,v*dy(eta),4.23835589809765e-08,1,0,1,0,9.24653769950629e-14,2.11165020604351e-07,4,0
9,boundary,boundary,mda,w*dz(eta),0,1,0,1,0,0,0,0,4
9,boundary,boundary,mda,w*eta*dlogN2,0,1,0,1,0,0,0,0,4
1,wave,wave,wave,u*dx(u),0,1,1,1,1,0,0,0,232
1,wave,wave,wave,v*dy(u),0.275158460785473,8,1,7,1,1.94393750644698e-15,1.82581092107076e-11,232,0
1,wave,wave,wave,w*dz(u),0.275155471306234,8,1,7,1,1.65498359920473e-15,6.8532553280687e-07,232,0
1,wave,wave,wave,u*dx(v),0,1,1,1,1,0,0,0,232
1,wave,wave,wave,v*dy(v),0.237354396446724,8,1,7,1,1.26494702218009e-15,3.38469252625373e-11,232,0
1,wave,wave,wave,w*dz(v),0.23735164155452,8,1,7,1,9.02684654519244e-16,4.46004769807293e-07,232,0
1,wave,wave,wave,u*dx(w),0,1,1,1,1,0,0,0,232
1,wave,wave,wave,v*dy(w),0.0027071066577161,8,1,8,1,4.44089209850063e-16,3.37743166767268e-11,232,0
1,wave,wave,wave,w*dz(w),0.00270710665399064,8,1,8,1,4.44089209850063e-16,3.38993277892996e-11,232,0
1,wave,wave,wave,u*dx(eta),0,1,1,1,1,0,0,0,232
1,wave,wave,wave,v*dy(eta),0.220330677304889,8,1,8,1,1.8355978617551e-15,1.81500370288745e-11,232,0
1,wave,wave,wave,w*dz(eta),0.220330677001675,8,1,8,1,1.69212574021947e-15,1.8550050384647e-11,232,0
1,wave,wave,wave,w*eta*dlogN2,0,1,1,1,1,0,0,0,232
1,wave,apv,wave,u*dx(u),0,1,1,-1,0,0,0,0,48
1,wave,apv,wave,v*dy(u),0.00887292213934528,8,1,2,0,1.4013287152819e-15,1.96711679212703e-11,48,0
1,wave,apv,wave,w*dz(u),0.00839561414459582,8,1,2,0,1.4491172559535e-15,2.28648437412355e-11,48,0
1,wave,apv,wave,u*dx(v),0,1,1,-1,0,0,0,0,48
1,wave,apv,wave,v*dy(v),0,1,1,-1,0,0,0,0,48
1,wave,apv,wave,w*dz(v),0,1,1,-1,0,0,0,0,48
1,wave,apv,wave,u*dx(w),0,1,1,-1,0,0,0,0,48
1,wave,apv,wave,v*dy(w),0,1,1,-1,0,0,0,0,48
1,wave,apv,wave,w*dz(w),0,1,1,-1,0,0,0,0,48
1,wave,apv,wave,u*dx(eta),0,1,1,-1,0,0,0,0,48
1,wave,apv,wave,v*dy(eta),0.00417145488605152,8,1,2,0,1.02174511638082e-15,2.10975028792668e-11,48,0
1,wave,apv,wave,w*dz(eta),0.00441070732742465,8,1,2,0,1.35042126603033e-15,4.73090455699321e-10,48,0
1,wave,apv,wave,w*eta*dlogN2,0,1,1,-1,0,0,0,0,48
1,apv,wave,wave,u*dx(u),0,-1,0,1,1,0,0,0,48
1,apv,wave,wave,v*dy(u),0.00887292219537597,2,0,8,1,2.06553327016712e-15,1.84463256926052e-11,48,0
1,apv,wave,wave,w*dz(u),0,-1,0,1,1,0,0,0,48
1,apv,wave,wave,u*dx(v),0,-1,0,1,1,0,0,0,48
1,apv,wave,wave,v*dy(v),0.00769941388907404,2,0,8,1,1.18970344841331e-15,3.37414540751979e-11,48,0
1,apv,wave,wave,w*dz(v),0,-1,0,1,1,0,0,0,48
1,apv,wave,wave,u*dx(w),0,-1,0,1,1,0,0,0,48
1,apv,wave,wave,v*dy(w),5.11174155431831e-05,2,0,8,1,3.33066907387547e-16,3.57203155942898e-11,48,0
1,apv,wave,wave,w*dz(w),0,-1,0,1,1,0,0,0,48
1,apv,wave,wave,u*dx(eta),0,-1,0,1,1,0,0,0,48
1,apv,wave,wave,v*dy(eta),0.00441070736112986,2,0,8,1,1.5985428215591e-15,1.89115390014649e-11,48,0
1,apv,wave,wave,w*dz(eta),0,-1,0,1,1,0,0,0,48
1,apv,wave,wave,w*eta*dlogN2,0,-1,0,1,1,0,0,0,48
1,wave,boundary,wave,u*dx(u),0,1,1,1,0,0,0,0,32
1,wave,boundary,wave,v*dy(u),0.00028553956972544,8,1,1,0,1.86595026982694e-15,1.94038118905837e-11,32,0
1,wave,boundary,wave,w*dz(u),0.00028250958768602,8,1,2,0,1.5534157423876e-15,1.84420256843509e-11,32,0
1,wave,boundary,wave,u*dx(v),0,1,1,1,0,0,0,0,32
1,wave,boundary,wave,v*dy(v),0,1,1,1,0,0,0,0,32
1,wave,boundary,wave,w*dz(v),0,1,1,1,0,0,0,0,32
1,wave,boundary,wave,u*dx(w),0,1,1,1,0,0,0,0,32
1,wave,boundary,wave,v*dy(w),0,1,1,1,0,0,0,0,32
1,wave,boundary,wave,w*dz(w),0,1,1,1,0,0,0,0,32
1,wave,boundary,wave,u*dx(eta),0,1,1,1,0,0,0,0,32
1,wave,boundary,wave,v*dy(eta),0.000137560681432612,8,1,2,0,7.06926129973832e-16,1.85688131537631e-11,32,0
1,wave,boundary,wave,w*dz(eta),0.000169441691731901,8,1,1,0,1.3360980836055e-15,1.84294801641727e-11,32,0
1,wave,boundary,wave,w*eta*dlogN2,0,1,1,1,0,0,0,0,32
1,boundary,wave,wave,u*dx(u),0,1,0,1,1,0,0,0,32
1,boundary,wave,wave,v*dy(u),8.16902462273521e-05,2,0,8,1,2.38944862770068e-15,1.70368164020829e-11,32,0
1,boundary,wave,wave,w*dz(u),0,1,0,1,1,0,0,0,32
1,boundary,wave,wave,u*dx(v),0,1,0,1,1,0,0,0,32
1,boundary,wave,wave,v*dy(v),6.99897725209485e-05,2,0,8,1,1.30339018794268e-15,3.38453709503028e-11,32,0
1,boundary,wave,wave,w*dz(v),0,1,0,1,1,0,0,0,32
1,boundary,wave,wave,u*dx(w),0,1,0,1,1,0,0,0,32
1,boundary,wave,wave,v*dy(w),6.92781952301438e-07,2,0,8,1,3.33066907387547e-16,3.37303518449517e-11,32,0
1,boundary,wave,wave,w*dz(w),0,1,0,1,1,0,0,0,32
1,boundary,wave,wave,u*dx(eta),0,1,0,1,1,0,0,0,32
1,boundary,wave,wave,v*dy(eta),5.67550753431409e-05,2,0,8,1,1.14849883066439e-15,2.1157036513151e-11,32,0
1,boundary,wave,wave,w*dz(eta),0,1,0,1,1,0,0,0,32
1,boundary,wave,wave,w*eta*dlogN2,0,1,0,1,1,0,0,0,32
1,apv,boundary,wave,u*dx(u),0,-1,0,1,0,0,0,0,6
1,apv,boundary,wave,v*dy(u),1.01165874718317e-05,2,0,2,0,1.33802465626523e-15,1.07223046124991e-11,6,0
1,apv,boundary,wave,w*dz(u),0,-1,0,1,0,0,0,0,6
1,apv,boundary,wave,u*dx(v),0,-1,0,1,0,0,0,0,6
1,apv,boundary,wave,v*dy(v),0,-1,0,1,0,0,0,0,6
1,apv,boundary,wave,w*dz(v),0,-1,0,1,0,0,0,0,6
1,apv,boundary,wave,u*dx(w),0,-1,0,1,0,0,0,0,6
1,apv,boundary,wave,v*dy(w),0,-1,0,1,0,0,0,0,6
1,apv,boundary,wave,w*dz(w),0,-1,0,1,0,0,0,0,6
1,apv,boundary,wave,u*dx(eta),0,-1,0,1,0,0,0,0,6
1,apv,boundary,wave,v*dy(eta),5.40141906690512e-06,2,0,1,0,8.9330844048438e-16,9.61664081700064e-12,6,0
1,apv,boundary,wave,w*dz(eta),0,-1,0,1,0,0,0,0,6
1,apv,boundary,wave,w*eta*dlogN2,0,-1,0,1,0,0,0,0,6
1,boundary,apv,wave,u*dx(u),0,1,0,-1,0,0,0,0,6
1,boundary,apv,wave,v*dy(u),4.3730315213544e-06,2,0,2,0,1.39822741209827e-15,1.20947696302665e-11,6,0
1,boundary,apv,wave,w*dz(u),0,1,0,-1,0,0,0,0,6
1,boundary,apv,wave,u*dx(v),0,1,0,-1,0,0,0,0,6
1,boundary,apv,wave,v*dy(v),0,1,0,-1,0,0,0,0,6
1,boundary,apv,wave,w*dz(v),0,1,0,-1,0,0,0,0,6
1,boundary,apv,wave,u*dx(w),0,1,0,-1,0,0,0,0,6
1,boundary,apv,wave,v*dy(w),0,1,0,-1,0,0,0,0,6
1,boundary,apv,wave,w*dz(w),0,1,0,-1,0,0,0,0,6
1,boundary,apv,wave,u*dx(eta),0,1,0,-1,0,0,0,0,6
1,boundary,apv,wave,v*dy(eta),9.96109934398012e-06,2,0,2,0,8.5550944116452e-16,6.50894893539089e-11,6,0
1,boundary,apv,wave,w*dz(eta),0,1,0,-1,0,0,0,0,6
1,boundary,apv,wave,w*eta*dlogN2,0,1,0,-1,0,0,0,0,6
1,boundary,boundary,wave,u*dx(u),0,1,0,1,0,0,0,0,4
1,boundary,boundary,wave,v*dy(u),9.55450539696736e-07,2,0,2,0,1.6081803086173e-15,1.43862177776936e-10,4,0
1,boundary,boundary,wave,w*dz(u),0,1,0,1,0,0,0,0,4
1,boundary,boundary,wave,u*dx(v),0,1,0,1,0,0,0,0,4
1,boundary,boundary,wave,v*dy(v),0,1,0,1,0,0,0,0,4
1,boundary,boundary,wave,w*dz(v),0,1,0,1,0,0,0,0,4
1,boundary,boundary,wave,u*dx(w),0,1,0,1,0,0,0,0,4
1,boundary,boundary,wave,v*dy(w),0,1,0,1,0,0,0,0,4
1,boundary,boundary,wave,w*dz(w),0,1,0,1,0,0,0,0,4
1,boundary,boundary,wave,u*dx(eta),0,1,0,1,0,0,0,0,4
1,boundary,boundary,wave,v*dy(eta),5.59394161267664e-07,2,0,1,0,4.07316785096673e-15,2.7125885031844e-10,4,0
1,boundary,boundary,wave,w*dz(eta),0,1,0,1,0,0,0,0,4
1,boundary,boundary,wave,w*eta*dlogN2,0,1,0,1,0,0,0,0,4
3,wave,wave,wave,u*dx(u),0.239839832399303,8,-1,7,1,1.4739839086231e-15,3.19597681652795e-11,232,0
3,wave,wave,wave,v*dy(u),0.239839832399303,8,1,7,1,1.48914868778734e-15,3.19579918084401e-11,232,0
3,wave,wave,wave,w*dz(u),0.239837077290103,8,1,7,1,1.15465355412653e-15,1.48763630133666e-06,232,0
3,wave,wave,wave,u*dx(v),0.266766612355434,8,1,7,1,1.71703106606538e-15,3.19597681652795e-11,232,0
3,wave,wave,wave,v*dy(v),0.266766612355434,8,1,7,1,2.21543770685568e-15,3.19579918084401e-11,232,0
3,wave,wave,wave,w*dz(v),0.266763680406439,8,1,7,1,1.37427056185227e-15,1.95594448725299e-06,232,0
3,wave,wave,wave,u*dx(w),0.00302661558261651,8,1,8,1,4.44089209850063e-16,3.19559934069957e-11,232,0
3,wave,wave,wave,v*dy(w),0.00302661558261651,8,1,8,1,6.66133814775094e-16,3.19544390947613e-11,232,0
3,wave,wave,wave,w*dz(w),0.00302661557949266,8,1,8,1,4.44089209850063e-16,3.18091109008378e-11,232,0
3,wave,wave,wave,u*dx(eta),0.236832673850341,8,1,8,1,1.49657427578059e-15,2.50597320672341e-11,232,0
3,wave,wave,wave,v*dy(eta),0.236832673850341,8,1,8,1,1.49649301206512e-15,2.50582887773021e-11,232,0
3,wave,wave,wave,w*dz(eta),0.2368326736059,8,1,8,1,1.54938900875244e-15,2.49126275164713e-11,232,0
3,wave,wave,wave,w*eta*dlogN2,0,1,1,1,1,0,0,0,232
3,wave,apv,wave,u*dx(u),0.00777273052519206,8,1,2,0,1.14419453400949e-15,1.8258172751473e-11,48,0
3,wave,apv,wave,v*dy(u),0.00777273052519198,8,1,2,0,1.02657443314341e-15,1.82565074169361e-11,48,0
3,wave,apv,wave,w*dz(u),0.00735550280194127,8,1,2,0,9.8447125991908e-16,2.22444285213896e-11,48,0
3,wave,apv,wave,u*dx(v),0.00861103408606312,8,1,2,0,1.64848901547925e-15,1.8258172751473e-11,48,0
3,wave,apv,wave,v*dy(v),0.00861103408606318,8,1,2,0,1.38965648006195e-15,1.82565074169361e-11,48,0
3,wave,apv,wave,w*dz(v),0.00814801645396792,8,1,2,0,1.27281260809679e-15,2.22444285213896e-11,48,0
3,wave,apv,wave,u*dx(w),0,1,1,-1,0,0,0,0,48
3,wave,apv,wave,v*dy(w),0,1,1,-1,0,0,0,0,48
3,wave,apv,wave,w*dz(w),0,1,1,-1,0,0,0,0,48
3,wave,apv,wave,u*dx(eta),0.00452582970403175,8,1,2,0,9.2709180190252e-16,2.13813561569578e-11,48,0
3,wave,apv,wave,v*dy(eta),0.00452582970403175,8,1,2,0,9.16716918253195e-16,2.1380268828941e-11,48,0
3,wave,apv,wave,w*dz(eta),0.00478522249896601,8,1,2,0,1.73141025272931e-15,4.73090455699321e-10,48,0
3,wave,apv,wave,w*eta*dlogN2,0,1,1,-1,0,0,0,0,48
3,apv,wave,wave,u*dx(u),0.00777273056203821,2,0,8,1,9.30883936148348e-16,1.38443700947732e-11,48,0
3,apv,wave,wave,v*dy(u),0.00777273056203821,2,0,8,1,9.30883936148348e-16,1.38443700947732e-11,48,0
3,apv,wave,wave,w*dz(u),0,-1,0,1,1,0,0,0,48
3,apv,wave,wave,u*dx(v),0.00861103412684836,2,0,8,1,1.07664172436351e-15,1.43415687325311e-11,48,0
3,apv,wave,wave,v*dy(v),0.00861103412684836,2,0,8,1,1.07664172436351e-15,1.43415687325311e-11,48,0
3,apv,wave,wave,w*dz(v),0,-1,0,1,1,0,0,0,48
3,apv,wave,wave,u*dx(w),5.71504701045922e-05,2,0,8,1,3.33066907387547e-16,1.38041800212818e-11,48,0
3,apv,wave,wave,v*dy(w),5.71504701045922e-05,2,0,8,1,3.33066907387547e-16,1.38041800212818e-11,48,0
3,apv,wave,wave,w*dz(w),0,-1,0,1,1,0,0,0,48
3,apv,wave,wave,u*dx(eta),0.00478522252634134,2,0,8,1,1.0115860081528e-15,1.12873439197462e-11,48,0
3,apv,wave,wave,v*dy(eta),0.00478522252634134,2,0,8,1,1.0115860081528e-15,1.12873439197462e-11,48,0
3,apv,wave,wave,w*dz(eta),0,-1,0,1,1,0,0,0,48
3,apv,wave,wave,w*eta*dlogN2,0,-1,0,1,1,0,0,0,48
3,wave,boundary,wave,u*dx(u),9.74609821381181e-05,7,1,1,0,9.96187062453705e-16,1.91303639596185e-11,32,0
3,wave,boundary,wave,v*dy(u),9.74609821380885e-05,7,1,1,0,9.57562933395562e-16,1.91284765804767e-11,32,0
3,wave,boundary,wave,w*dz(u),0.000288751438524841,8,1,1,0,8.33926691730384e-16,1.86098914056743e-11,32,0
3,wave,boundary,wave,u*dx(v),0.000112796555280694,8,1,1,0,1.09076122370567e-15,1.91303639596185e-11,32,0
3,wave,boundary,wave,v*dy(v),0.000112796555280578,8,1,1,0,1.26340555857196e-15,1.91284765804767e-11,32,0
3,wave,boundary,wave,w*dz(v),0.00032225347495366,8,1,1,0,1.442034094097e-15,1.86098914056743e-11,32,0
3,wave,boundary,wave,u*dx(w),0,1,1,1,0,0,0,0,32
3,wave,boundary,wave,v*dy(w),0,1,1,1,0,0,0,0,32
3,wave,boundary,wave,w*dz(w),0,1,1,1,0,0,0,0,32
3,wave,boundary,wave,u*dx(eta),0.000160384897547718,8,1,2,0,8.53802508947968e-16,1.8671508783541e-11,32,0
3,wave,boundary,wave,v*dy(eta),0.000160384897547602,8,1,2,0,7.52067244563997e-16,1.86692883374917e-11,32,0
3,wave,boundary,wave,w*dz(eta),9.00565158777716e-05,8,1,1,0,1.37802970338272e-15,1.85034210176127e-11,32,0
3,wave,boundary,wave,w*eta*dlogN2,0,1,1,1,0,0,0,0,32
3,boundary,wave,wave,u*dx(u),7.08234814918007e-05,2,0,8,1,9.05732365934565e-16,1.42207357001212e-11,32,0
3,boundary,wave,wave,v*dy(u),7.08234814918007e-05,2,0,8,1,9.05732365934565e-16,1.42207357001212e-11,32,0
3,boundary,wave,wave,w*dz(u),0,1,0,1,1,0,0,0,32
3,boundary,wave,wave,u*dx(v),7.9113291639117e-05,2,0,8,1,1.42927384291193e-15,1.42207357001212e-11,32,0
3,boundary,wave,wave,v*dy(v),7.9113291639117e-05,2,0,8,1,1.42927384291193e-15,1.42207357001212e-11,32,0
3,boundary,wave,wave,w*dz(v),0,1,0,1,1,0,0,0,32
3,boundary,wave,wave,u*dx(w),7.74539967183594e-07,2,0,8,1,4.44089209850063e-16,1.66288094405331e-11,32,0
3,boundary,wave,wave,v*dy(w),7.74539967183594e-07,2,0,8,1,4.44089209850063e-16,1.66288094405331e-11,32,0
3,boundary,wave,wave,w*dz(w),0,1,0,1,1,0,0,0,32
3,boundary,wave,wave,u*dx(eta),6.1322011794557e-05,2,0,8,1,1.21630411170983e-15,2.15204720494758e-11,32,0
3,boundary,wave,wave,v*dy(eta),6.1322011794557e-05,2,0,8,1,1.21630411170983e-15,2.15204720494758e-11,32,0
3,boundary,wave,wave,w*dz(eta),0,1,0,1,1,0,0,0,32
3,boundary,wave,wave,w*eta*dlogN2,0,1,0,1,1,0,0,0,32
3,apv,boundary,wave,u*dx(u),2.30932765220992e-06,2,0,1,0,1.07658664444506e-15,1.05134789762928e-11,6,0
3,apv,boundary,wave,v*dy(u),2.30932765220992e-06,2,0,1,0,1.07658664444506e-15,1.05134789762928e-11,6,0
3,apv,boundary,wave,w*dz(u),0,-1,0,1,0,0,0,0,6
3,apv,boundary,wave,u*dx(v),2.56439147742728e-06,2,0,1,0,2.00918633294789e-15,1.05134789762928e-11,6,0
3,apv,boundary,wave,v*dy(v),2.56439147742728e-06,2,0,1,0,2.00918633294789e-15,1.05134789762928e-11,6,0
3,apv,boundary,wave,w*dz(v),0,-1,0,1,0,0,0,0,6
3,apv,boundary,wave,u*dx(w),0,-1,0,1,0,0,0,0,6
3,apv,boundary,wave,v*dy(w),0,-1,0,1,0,0,0,0,6
3,apv,boundary,wave,w*dz(w),0,-1,0,1,0,0,0,0,6
3,apv,boundary,wave,u*dx(eta),4.26164889434117e-06,2,0,1,0,7.64687240492939e-16,1.04884989582388e-11,6,0
3,apv,boundary,wave,v*dy(eta),4.26164889434117e-06,2,0,1,0,7.64687240492939e-16,1.04884989582388e-11,6,0
3,apv,boundary,wave,w*dz(eta),0,-1,0,1,0,0,0,0,6
3,apv,boundary,wave,w*eta*dlogN2,0,-1,0,1,0,0,0,0,6
3,boundary,apv,wave,u*dx(u),3.81581197812973e-06,2,0,2,0,7.15134001434406e-16,1.20947696302665e-11,6,0
3,boundary,apv,wave,v*dy(u),3.81581197812973e-06,2,0,2,0,7.15134001434406e-16,1.20947696302665e-11,6,0
3,boundary,apv,wave,w*dz(u),0,1,0,-1,0,0,0,0,6
3,boundary,apv,wave,u*dx(v),4.24058206848311e-06,2,0,2,0,9.27807013603562e-16,1.20947696302665e-11,6,0
3,boundary,apv,wave,v*dy(v),4.24058206848311e-06,2,0,2,0,9.27807013603562e-16,1.20947696302665e-11,6,0
3,boundary,apv,wave,w*dz(v),0,1,0,-1,0,0,0,0,6
3,boundary,apv,wave,u*dx(w),0,1,0,-1,0,0,0,0,6
3,boundary,apv,wave,v*dy(w),0,1,0,-1,0,0,0,0,6
3,boundary,apv,wave,w*dz(w),0,1,0,-1,0,0,0,0,6
3,boundary,apv,wave,u*dx(eta),1.07967494707571e-05,2,0,2,0,6.84239859253603e-16,6.50894893539089e-11,6,0
3,boundary,apv,wave,v*dy(eta),1.07967494707571e-05,2,0,2,0,6.84239859253603e-16,6.50894893539089e-11,6,0
3,boundary,apv,wave,w*dz(eta),0,1,0,-1,0,0,0,0,6
3,boundary,apv,wave,w*eta*dlogN2,0,1,0,-1,0,0,0,0,6
3,boundary,boundary,wave,u*dx(u),1.54672429361549e-06,1,0,1,0,9.7002877967373e-15,1.50459555925408e-09,4,0
3,boundary,boundary,wave,v*dy(u),1.54672429361549e-06,1,0,1,0,9.7002877967373e-15,1.50459555925408e-09,4,0
3,boundary,boundary,wave,w*dz(u),0,1,0,1,0,0,0,0,4
3,boundary,boundary,wave,u*dx(v),1.72101273742709e-06,1,0,1,0,1.45231156594068e-14,1.83908896119864e-09,4,0
3,boundary,boundary,wave,v*dy(v),1.72101273742709e-06,1,0,1,0,1.45231156594068e-14,1.83908896119864e-09,4,0
3,boundary,boundary,wave,w*dz(v),0,1,0,1,0,0,0,0,4
3,boundary,boundary,wave,u*dx(w),0,1,0,1,0,0,0,0,4
3,boundary,boundary,wave,v*dy(w),0,1,0,1,0,0,0,0,4
3,boundary,boundary,wave,w*dz(w),0,1,0,1,0,0,0,0,4
3,boundary,boundary,wave,u*dx(eta),1.00799623733186e-06,2,0,1,0,2.87920800354459e-14,1.66853213498158e-09,4,0
3,boundary,boundary,wave,v*dy(eta),1.00799623733186e-06,2,0,1,0,2.87920800354459e-14,1.66853213498158e-09,4,0
3,boundary,boundary,wave,w*dz(eta),0,1,0,1,0,0,0,0,4
3,boundary,boundary,wave,w*eta*dlogN2,0,1,0,1,0,0,0,0,4
63,wave,wave,wave,u*dx(u),0.264833405058579,7,1,8,1,1.26480282606995e-15,3.38740147043382e-11,232,0
63,wave,wave,wave,v*dy(u),0.264833405058579,7,1,8,1,1.39420161050189e-15,1.82468484766218e-11,232,0
63,wave,wave,wave,w*dz(u),0.264830471421115,7,1,8,-1,1.51828303644765e-15,4.27800822888779e-07,232,0
63,wave,wave,wave,u*dx(v),0.264833405058579,7,1,8,1,1.19677118818076e-15,3.38469252625373e-11,232,0
63,wave,wave,wave,v*dy(v),0.264833405058579,7,1,8,1,1.46772235589046e-15,1.82451831420849e-11,232,0
63,wave,wave,wave,w*dz(v),0.264830471421115,7,1,8,1,1.3321467092886e-15,4.27800822254112e-07,232,0
63,wave,wave,wave,u*dx(w),0.00191424088938079,8,1,8,1,4.44089209850063e-16,3.38993277892996e-11,232,0
63,wave,wave,wave,v*dy(w),0.00191424088938079,8,1,8,1,4.44089209850063e-16,1.85504944738568e-11,232,0
63,wave,wave,wave,w*dz(w),0.00191424089201513,8,1,8,1,4.44089209850063e-16,3.38085115458853e-11,232,0
63,wave,wave,wave,u*dx(eta),0.170548710798108,8,1,8,1,1.29091478533316e-15,3.38526984222653e-11,232,0
63,wave,wave,wave,v*dy(eta),0.170548710798108,8,1,8,1,2.32783769341274e-15,1.70436997848356e-11,232,0
63,wave,wave,wave,w*dz(eta),0.170548711032812,8,1,8,1,1.67660217153936e-15,3.37612160450362e-11,232,0
63,wave,wave,wave,w*eta*dlogN2,0,1,1,1,1,0,0,0,232
63,wave,apv,wave,u*dx(u),0.00855442983573072,8,1,2,0,1.15842581898389e-15,3.37414540751979e-11,48,0
63,wave,apv,wave,v*dy(u),0.00855442983573054,8,1,2,0,1.32656184898474e-15,1.6932899526978e-11,48,0
63,wave,apv,wave,w*dz(u),0.00809459084063269,8,1,2,0,1.35595433433177e-15,4.49120740597664e-11,48,0
63,wave,apv,wave,u*dx(v),0.00855442983573072,8,1,2,0,1.15842581898389e-15,3.37414540751979e-11,48,0
63,wave,apv,wave,v*dy(v),0.00855442983573054,8,1,2,0,1.32656184898474e-15,1.6932899526978e-11,48,0
63,wave,apv,wave,w*dz(v),0.00809459084063269,8,1,2,0,1.35595433433177e-15,4.49120740597664e-11,48,0
63,wave,apv,wave,u*dx(w),0,1,1,-1,0,0,0,0,48
63,wave,apv,wave,v*dy(w),0,1,1,-1,0,0,0,0,48
63,wave,apv,wave,w*dz(w),0,1,1,-1,0,0,0,0,48
63,wave,apv,wave,u*dx(eta),0.0031518043945633,8,1,2,0,1.33251529567854e-15,4.64692728741056e-11,48,0
63,wave,apv,wave,v*dy(eta),0.0031518043945633,8,1,2,0,1.58031066501535e-15,2.96604962812808e-11,48,0
63,wave,apv,wave,w*dz(eta),0.0033329067334421,8,1,2,0,1.51920044925143e-15,5.24042809146863e-10,48,0
63,wave,apv,wave,w*eta*dlogN2,0,1,1,-1,0,0,0,0,48
63,apv,wave,wave,u*dx(u),0,-1,0,1,1,0,0,0,48
63,apv,wave,wave,v*dy(u),0.00855442978169014,2,0,8,1,1.05387155160074e-15,1.8258172751473e-11,48,0
63,apv,wave,wave,w*dz(u),0,-1,0,1,1,0,0,0,48
63,apv,wave,wave,u*dx(v),0,-1,0,1,1,0,0,0,48
63,apv,wave,wave,v*dy(v),0.00855442978169016,2,0,8,1,1.13838483405709e-15,1.82565074169361e-11,48,0
63,apv,wave,wave,w*dz(v),0,-1,0,1,1,0,0,0,48
63,apv,wave,wave,u*dx(w),0,-1,0,1,1,0,0,0,48
63,apv,wave,wave,v*dy(w),3.61461528544394e-05,2,0,8,1,3.33066907387547e-16,1.81287207468017e-11,48,0
63,apv,wave,wave,w*dz(w),0,-1,0,1,1,0,0,0,48
63,apv,wave,wave,u*dx(eta),0,-1,0,1,1,0,0,0,48
63,apv,wave,wave,v*dy(eta),0.00333290670767415,2,0,8,1,1.1238249265481e-15,1.08163699393181e-11,48,0
63,apv,wave,wave,w*dz(eta),0,-1,0,1,1,0,0,0,48
63,apv,wave,wave,w*eta*dlogN2,0,-1,0,1,1,0,0,0,48
63,wave,boundary,wave,u*dx(u),7.84414071318045e-05,8,1,2,0,1.27217547567518e-15,3.38453709503028e-11,32,0
63,wave,boundary,wave,v*dy(u),7.84414071317168e-05,8,1,2,0,1.16536574039891e-15,1.70368164020829e-11,32,0
63,wave,boundary,wave,w*dz(u),0.000158924532821645,8,1,1,0,1.09832666285618e-15,3.3622660211563e-11,32,0
63,wave,boundary,wave,u*dx(v),7.84414071318045e-05,8,1,2,0,1.27217547567518e-15,3.38453709503028e-11,32,0
63,wave,boundary,wave,v*dy(v),7.84414071317168e-05,8,1,2,0,1.16536574039891e-15,1.70368164020829e-11,32,0
63,wave,boundary,wave,w*dz(v),0.000158924532821645,8,1,1,0,1.09832666285618e-15,3.3622660211563e-11,32,0
63,wave,boundary,wave,u*dx(w),0,1,1,1,0,0,0,0,32
63,wave,boundary,wave,v*dy(w),0,1,1,1,0,0,0,0,32
63,wave,boundary,wave,w*dz(w),0,1,1,1,0,0,0,0,32
63,wave,boundary,wave,u*dx(eta),5.21883432997585e-05,8,1,1,0,5.15207197101971e-16,3.37838645947386e-11,32,0
63,wave,boundary,wave,v*dy(eta),5.21883432997183e-05,8,1,1,0,4.64627092831726e-16,1.69750880019137e-11,32,0
63,wave,boundary,wave,w*dz(eta),4.34505934563157e-05,8,1,2,0,9.44983701435692e-16,3.36934924405341e-11,32,0
63,wave,boundary,wave,w*eta*dlogN2,0,1,1,1,0,0,0,0,32
63,boundary,wave,wave,u*dx(u),0,1,0,1,1,0,0,0,32
63,boundary,wave,wave,v*dy(u),0.000272322310989448,1,0,8,1,1.19258952398401e-15,1.94053662028182e-11,32,0
63,boundary,wave,wave,w*dz(u),0,1,0,1,1,0,0,0,32
63,boundary,wave,wave,u*dx(v),0,1,0,1,1,0,0,0,32
63,boundary,wave,wave,v*dy(v),0.00027232231098952,1,0,8,1,1.12178366164176e-15,1.94038118905837e-11,32,0
63,boundary,wave,wave,w*dz(v),0,1,0,1,1,0,0,0,32
63,boundary,wave,wave,u*dx(w),0,1,0,1,1,0,0,0,32
63,boundary,wave,wave,v*dy(w),1.47669670387556e-06,2,0,8,1,2.22044604925031e-16,2.16384687945492e-11,32,0
63,boundary,wave,wave,w*dz(w),0,1,0,1,1,0,0,0,32
63,boundary,wave,wave,u*dx(eta),0,1,0,1,1,0,0,0,32
63,boundary,wave,wave,v*dy(eta),0.000131027791628765,1,0,8,1,1.00845237963361e-15,1.26266792994772e-11,32,0
63,boundary,wave,wave,w*dz(eta),0,1,0,1,1,0,0,0,32
63,boundary,wave,wave,w*eta*dlogN2,0,1,0,1,1,0,0,0,32
63,apv,boundary,wave,u*dx(u),0,-1,0,1,0,0,0,0,6
63,apv,boundary,wave,v*dy(u),4.21088187657935e-06,2,0,2,0,1.53619602272796e-15,1.20947696302665e-11,6,0
63,apv,boundary,wave,w*dz(u),0,-1,0,1,0,0,0,0,6
63,apv,boundary,wave,u*dx(v),0,-1,0,1,0,0,0,0,6
63,apv,boundary,wave,v*dy(v),4.21088187657935e-06,2,0,2,0,1.53619602272796e-15,1.20947696302665e-11,6,0
63,apv,boundary,wave,w*dz(v),0,-1,0,1,0,0,0,0,6
63,apv,boundary,wave,u*dx(w),0,-1,0,1,0,0,0,0,6
63,apv,boundary,wave,v*dy(w),0,-1,0,1,0,0,0,0,6
63,apv,boundary,wave,w*dz(w),0,-1,0,1,0,0,0,0,6
63,apv,boundary,wave,u*dx(eta),0,-1,0,1,0,0,0,0,6
63,apv,boundary,wave,v*dy(eta),8.09306702284216e-07,2,0,1,0,4.06630257523979e-16,1.12831965992655e-11,6,0
63,apv,boundary,wave,w*dz(eta),0,-1,0,1,0,0,0,0,6
63,apv,boundary,wave,w*eta*dlogN2,0,-1,0,1,0,0,0,0,6
63,boundary,apv,wave,u*dx(u),0,1,0,-1,0,0,0,0,6
63,boundary,apv,wave,v*dy(u),9.74439699581152e-06,2,0,2,0,1.89136234261157e-15,1.06293862600637e-11,6,0
63,boundary,apv,wave,w*dz(u),0,1,0,-1,0,0,0,0,6
63,boundary,apv,wave,u*dx(v),0,1,0,-1,0,0,0,0,6
63,boundary,apv,wave,v*dy(v),9.74439699581152e-06,2,0,2,0,1.89136234261157e-15,1.06293862600637e-11,6,0
63,boundary,apv,wave,w*dz(v),0,1,0,-1,0,0,0,0,6
63,boundary,apv,wave,u*dx(w),0,1,0,-1,0,0,0,0,6
63,boundary,apv,wave,v*dy(w),0,1,0,-1,0,0,0,0,6
63,boundary,apv,wave,w*dz(w),0,1,0,-1,0,0,0,0,6
63,boundary,apv,wave,u*dx(eta),0,1,0,-1,0,0,0,0,6
63,boundary,apv,wave,v*dy(eta),8.07625973963638e-06,2,0,2,0,8.17845276992956e-16,3.68873629776954e-11,6,0
63,boundary,apv,wave,w*dz(eta),0,1,0,-1,0,0,0,0,6
63,boundary,apv,wave,w*eta*dlogN2,0,1,0,-1,0,0,0,0,6
63,boundary,boundary,wave,u*dx(u),0,1,0,1,0,0,0,0,4
63,boundary,boundary,wave,v*dy(u),9.20227312637174e-07,1,0,2,0,1.67401090526223e-15,1.10153040553403e-10,4,0
63,boundary,boundary,wave,w*dz(u),0,1,0,1,0,0,0,0,4
63,boundary,boundary,wave,u*dx(v),0,1,0,1,0,0,0,0,4
63,boundary,boundary,wave,v*dy(v),9.20227312637174e-07,1,0,2,0,1.67401090526223e-15,1.10153040553403e-10,4,0
63,boundary,boundary,wave,w*dz(v),0,1,0,1,0,0,0,0,4
63,boundary,boundary,wave,u*dx(w),0,1,0,1,0,0,0,0,4
63,boundary,boundary,wave,v*dy(w),0,1,0,1,0,0,0,0,4
63,boundary,boundary,wave,w*dz(w),0,1,0,1,0,0,0,0,4
63,boundary,boundary,wave,u*dx(eta),0,1,0,1,0,0,0,0,4
63,boundary,boundary,wave,v*dy(eta),3.49302575978621e-07,1,0,1,0,1.46596527060275e-15,1.06360920071324e-10,4,0
63,boundary,boundary,wave,w*dz(eta),0,1,0,1,0,0,0,0,4
63,boundary,boundary,wave,w*eta*dlogN2,0,1,0,1,0,0,0,0,4
5,wave,wave,wave,u*dx(u),0.275162055572989,8,-1,7,1,2.02137569350886e-15,3.19597681652795e-11,232,0
5,wave,wave,wave,v*dy(u),0.275162055572989,8,-1,7,1,1.82691002992934e-15,3.19579918084401e-11,232,0
5,wave,wave,wave,w*dz(u),0.275159065992383,8,1,7,1,1.56529267483629e-15,2.0888148525934e-06,232,0
5,wave,wave,wave,u*dx(v),0.263960261114047,8,-1,7,1,1.28116468463025e-15,3.19597681652795e-11,232,0
5,wave,wave,wave,v*dy(v),0.263960261114047,8,1,7,1,1.6886310263663e-15,3.19579918084401e-11,232,0
5,wave,wave,wave,w*dz(v),0.263957323530256,8,1,7,1,1.3781668006773e-15,1.68547125385367e-06,232,0
5,wave,wave,wave,u*dx(w),0.00135358241033228,8,1,8,1,4.44089209850063e-16,3.19559934069957e-11,232,0
5,wave,wave,wave,v*dy(w),0.00135358241033229,8,1,8,1,6.66133814775094e-16,3.19544390947613e-11,232,0
5,wave,wave,wave,w*dz(w),0.00135358240893522,8,1,8,1,4.44089209850063e-16,3.18091109008378e-11,232,0
5,wave,wave,wave,u*dx(eta),0.12720473545093,8,1,8,1,9.58682762974259e-16,2.50597320672341e-11,232,0
5,wave,wave,wave,v*dy(eta),0.12720473545093,8,1,8,1,1.67320095580586e-15,2.50582887773021e-11,232,0
5,wave,wave,wave,w*dz(eta),0.127204735319639,8,1,8,1,1.11657205481329e-15,2.49126275164713e-11,232,0
5,wave,wave,wave,w*eta*dlogN2,0,1,1,1,1,0,0,0,232
5,wave,apv,wave,u*dx(u),0.00887303200366791,8,1,2,0,1.56462242995802e-15,1.9820420565946e-11,48,0
5,wave,apv,wave,v*dy(u),0.00887303200366784,8,1,2,0,1.66266997686434e-15,1.98192022482292e-11,48,0
5,wave,apv,wave,w*dz(u),0.00839571798407653,8,1,2,0,1.2907963488594e-15,2.27626553453988e-11,48,0
5,wave,apv,wave,u*dx(v),0.0085294735175365,8,1,2,0,1.39357310744533e-15,1.8258172751473e-11,48,0
5,wave,apv,wave,v*dy(v),0.00852947351753676,8,1,2,0,1.2773738413982e-15,1.82565074169361e-11,48,0
5,wave,apv,wave,w*dz(v),0.00807104586512682,8,1,2,0,1.03146277765047e-15,2.22444285213896e-11,48,0
5,wave,apv,wave,u*dx(w),0,1,1,-1,0,0,0,0,48
5,wave,apv,wave,v*dy(w),0,1,1,-1,0,0,0,0,48
5,wave,apv,wave,w*dz(w),0,1,1,-1,0,0,0,0,48
5,wave,apv,wave,u*dx(eta),0.00231284836790773,8,1,2,0,1.17191606747137e-15,1.95431448801742e-11,48,0
5,wave,apv,wave,v*dy(eta),0.00231284836790775,8,1,2,0,8.46393277331067e-16,1.95413685233348e-11,48,0
5,wave,apv,wave,w*dz(eta),0.00244587500250815,8,1,2,0,8.69872651609727e-16,4.73090455699321e-10,48,0
5,wave,apv,wave,w*eta*dlogN2,0,1,1,-1,0,0,0,0,48
5,apv,wave,wave,u*dx(u),0.00887303204568473,2,0,8,1,1.40541269436303e-15,1.59901379720748e-11,48,0
5,apv,wave,wave,v*dy(u),0.00887303204568473,2,0,8,1,1.40541269436303e-15,1.59901379720748e-11,48,0
5,apv,wave,wave,w*dz(u),0,-1,0,1,1,0,0,0,48
5,apv,wave,wave,u*dx(v),0.00852947355794739,2,0,8,1,1.39565965871252e-15,1.38443700947732e-11,48,0
5,apv,wave,wave,v*dy(v),0.00852947355794739,2,0,8,1,1.39565965871252e-15,1.38443700947732e-11,48,0
5,apv,wave,wave,w*dz(v),0,-1,0,1,1,0,0,0,48
5,apv,wave,wave,u*dx(w),2.55594316674103e-05,2,0,8,1,3.33066907387547e-16,1.38041800212818e-11,48,0
5,apv,wave,wave,v*dy(w),2.55594316674103e-05,2,0,8,1,3.33066907387547e-16,1.38041800212818e-11,48,0
5,apv,wave,wave,w*dz(w),0,-1,0,1,1,0,0,0,48
5,apv,wave,wave,u*dx(eta),0.00244587501646758,2,0,8,1,1.29021169792999e-15,1.01120390060114e-11,48,0
5,apv,wave,wave,v*dy(eta),0.00244587501646758,2,0,8,1,1.29021169792999e-15,1.01120390060114e-11,48,0
5,apv,wave,wave,w*dz(eta),0,-1,0,1,1,0,0,0,48
5,apv,wave,wave,w*eta*dlogN2,0,-1,0,1,1,0,0,0,48
5,wave,boundary,wave,u*dx(u),0.000118092633485613,8,1,1,0,1.30434914817817e-15,1.91303639596185e-11,32,0
5,wave,boundary,wave,v*dy(u),0.000118092633485605,8,1,1,0,1.38733367220637e-15,1.91284765804767e-11,32,0
5,wave,boundary,wave,w*dz(u),0.000332677998047253,8,1,1,0,1.5620226060378e-15,1.86098914056743e-11,32,0
5,wave,boundary,wave,u*dx(v),0.000109549294583029,8,1,1,0,1.28808566204345e-15,1.91303639596185e-11,32,0
5,wave,boundary,wave,v*dy(v),0.000109549294583099,8,1,1,0,1.31817243296736e-15,1.91284765804767e-11,32,0
5,wave,boundary,wave,w*dz(v),0.000318593246160236,8,1,1,0,8.83388380554469e-16,1.86098914056743e-11,32,0
5,wave,boundary,wave,u*dx(w),0,1,1,1,0,0,0,0,32
5,wave,boundary,wave,v*dy(w),0,1,1,1,0,0,0,0,32
5,wave,boundary,wave,w*dz(w),0,1,1,1,0,0,0,0,32
5,wave,boundary,wave,u*dx(eta),8.31609285987319e-05,8,1,2,0,6.66133814775094e-16,1.8671508783541e-11,32,0
5,wave,boundary,wave,v*dy(eta),8.31609285987126e-05,8,1,2,0,5.15714971531442e-16,1.86692883374917e-11,32,0
5,wave,boundary,wave,w*dz(eta),5.08034026214068e-05,8,1,1,0,1.33309620595877e-15,1.85034210176127e-11,32,0
5,wave,boundary,wave,w*eta*dlogN2,0,1,1,1,0,0,0,0,32
5,boundary,wave,wave,u*dx(u),8.16914878353266e-05,2,0,8,1,1.37259551450401e-15,1.42207357001212e-11,32,0
5,boundary,wave,wave,v*dy(u),8.16914878353266e-05,2,0,8,1,1.37259551450401e-15,1.42207357001212e-11,32,0
5,boundary,wave,wave,w*dz(u),0,1,0,1,1,0,0,0,32
5,boundary,wave,wave,u*dx(v),7.8095693524794e-05,2,0,8,1,1.14833976404172e-15,1.42207357001212e-11,32,0
5,boundary,wave,wave,v*dy(v),7.8095693524794e-05,2,0,8,1,1.14833976404172e-15,1.42207357001212e-11,32,0
5,boundary,wave,wave,w*dz(v),0,1,0,1,1,0,0,0,32
5,boundary,wave,wave,u*dx(w),3.46409555224348e-07,2,0,8,1,4.44089209850063e-16,1.66288094405331e-11,32,0
5,boundary,wave,wave,v*dy(w),3.46409555224348e-07,2,0,8,1,4.44089209850063e-16,1.66288094405331e-11,32,0
5,boundary,wave,wave,w*dz(w),0,1,0,1,1,0,0,0,32
5,boundary,wave,wave,u*dx(eta),3.22697580183374e-05,2,0,8,1,1.41782526056759e-15,1.86247942645748e-11,32,0
5,boundary,wave,wave,v*dy(eta),3.22697580183374e-05,2,0,8,1,1.41782526056759e-15,1.86247942645748e-11,32,0
5,boundary,wave,wave,w*dz(eta),0,1,0,1,1,0,0,0,32
5,boundary,wave,wave,w*eta*dlogN2,0,1,0,1,1,0,0,0,32
5,apv,boundary,wave,u*dx(u),2.64399510100883e-06,2,0,1,0,1.57867077812827e-15,1.0530217677584e-11,6,0
5,apv,boundary,wave,v*dy(u),2.64399510100883e-06,2,0,1,0,1.57867077812827e-15,1.0530217677584e-11,6,0
5,apv,boundary,wave,w*dz(u),0,-1,0,1,0,0,0,0,6
5,apv,boundary,wave,u*dx(v),2.53882246780303e-06,2,0,1,0,1.0249219993681e-15,1.05134789762928e-11,6,0
5,apv,boundary,wave,v*dy(v),2.53882246780303e-06,2,0,1,0,1.0249219993681e-15,1.05134789762928e-11,6,0
5,apv,boundary,wave,w*dz(v),0,-1,0,1,0,0,0,0,6
5,apv,boundary,wave,u*dx(w),0,-1,0,1,0,0,0,0,6
5,apv,boundary,wave,v*dy(w),0,-1,0,1,0,0,0,0,6
5,apv,boundary,wave,w*dz(w),0,-1,0,1,0,0,0,0,6
5,apv,boundary,wave,u*dx(eta),2.18291901243912e-06,2,0,1,0,6.11781509153177e-16,1.04884989582388e-11,6,0
5,apv,boundary,wave,v*dy(eta),2.18291901243912e-06,2,0,1,0,6.11781509153177e-16,1.04884989582388e-11,6,0
5,apv,boundary,wave,w*dz(eta),0,-1,0,1,0,0,0,0,6
5,apv,boundary,wave,w*eta*dlogN2,0,-1,0,1,0,0,0,0,6
5,boundary,apv,wave,u*dx(u),4.37308758811329e-06,2,0,2,0,1.20149676212754e-15,1.20947696302665e-11,6,0
5,boundary,apv,wave,v*dy(u),4.37308758811329e-06,2,0,2,0,1.20149676212754e-15,1.20947696302665e-11,6,0
5,boundary,apv,wave,w*dz(u),0,1,0,-1,0,0,0,0,6
5,boundary,apv,wave,u*dx(v),4.1977090636869e-06,2,0,2,0,1.03862331083187e-15,1.20947696302665e-11,6,0
5,boundary,apv,wave,v*dy(v),4.1977090636869e-06,2,0,2,0,1.03862331083187e-15,1.20947696302665e-11,6,0
5,boundary,apv,wave,w*dz(v),0,1,0,-1,0,0,0,0,6
5,boundary,apv,wave,u*dx(w),0,1,0,-1,0,0,0,0,6
5,boundary,apv,wave,v*dy(w),0,1,0,-1,0,0,0,0,6
5,boundary,apv,wave,w*dz(w),0,1,0,-1,0,0,0,0,6
5,boundary,apv,wave,u*dx(eta),5.54301435287675e-06,2,0,2,0,3.71365776813681e-16,6.50894893539089e-11,6,0
5,boundary,apv,wave,v*dy(eta),5.54301435287675e-06,2,0,2,0,3.71365776813681e-16,6.50894893539089e-11,6,0
5,boundary,apv,wave,w*dz(eta),0,1,0,-1,0,0,0,0,6
5,boundary,apv,wave,w*eta*dlogN2,0,1,0,-1,0,0,0,0,6
5,boundary,boundary,wave,u*dx(u),1.77534053792641e-06,1,0,1,0,1.64029082144944e-14,2.01585381991013e-09,4,0
5,boundary,boundary,wave,v*dy(u),1.77534053792641e-06,1,0,1,0,1.64029082144944e-14,2.01585381991013e-09,4,0
5,boundary,boundary,wave,w*dz(u),0,1,0,1,0,0,0,0,4
5,boundary,boundary,wave,u*dx(v),1.70301813532822e-06,1,0,1,0,1.05089791819757e-14,1.50459555925408e-09,4,0
5,boundary,boundary,wave,v*dy(v),1.70301813532822e-06,1,0,1,0,1.05089791819757e-14,1.50459555925408e-09,4,0
5,boundary,boundary,wave,w*dz(v),0,1,0,1,0,0,0,0,4
5,boundary,boundary,wave,u*dx(w),0,1,0,1,0,0,0,0,4
5,boundary,boundary,wave,v*dy(w),0,1,0,1,0,0,0,0,4
5,boundary,boundary,wave,w*dz(w),0,1,0,1,0,0,0,0,4
5,boundary,boundary,wave,u*dx(eta),5.16124345991201e-07,2,0,1,0,1.91171836885732e-14,1.17096991462185e-09,4,0
5,boundary,boundary,wave,v*dy(eta),5.16124345991201e-07,2,0,1,0,1.91171836885732e-14,1.17096991462185e-09,4,0
5,boundary,boundary,wave,w*dz(eta),0,1,0,1,0,0,0,0,4
5,boundary,boundary,wave,w*eta*dlogN2,0,1,0,1,0,0,0,0,4
64,wave,wave,wave,u*dx(u),0.275162055965561,7,1,8,1,1.6493329922053e-15,4.78710404649973e-11,232,0
64,wave,wave,wave,v*dy(u),0,1,1,1,1,0,0,0,232
64,wave,wave,wave,w*dz(u),0.275159066520006,7,1,8,1,1.45450233851939e-15,8.41589331808096e-07,232,0
64,wave,wave,wave,u*dx(v),0.263960261489204,7,1,8,1,2.75096461177788e-15,4.07482936282122e-11,232,0
64,wave,wave,wave,v*dy(v),0,1,1,1,1,0,0,0,232
64,wave,wave,wave,w*dz(v),0.263957324034966,7,1,8,1,1.49479060712932e-15,6.79024891838298e-07,232,0
64,wave,wave,wave,u*dx(w),0.00135358241078631,8,1,8,1,5.55111512312578e-16,4.80939732483421e-11,232,0
64,wave,wave,wave,v*dy(w),0,1,1,1,1,0,0,0,232
64,wave,wave,wave,w*dz(w),0.0013535824121834,8,1,8,1,4.44089209850063e-16,4.7732928720734e-11,232,0
64,wave,wave,wave,u*dx(eta),0.127204735491293,8,1,8,1,1.15488199468424e-15,4.09716705007668e-11,232,0
64,wave,wave,wave,v*dy(eta),0,1,1,1,1,0,0,0,232
64,wave,wave,wave,w*dz(eta),0.127204735622586,8,1,8,1,1.51385009469334e-15,4.06106259731587e-11,232,0
64,wave,wave,wave,w*eta*dlogN2,0,1,1,1,1,0,0,0,232
64,wave,apv,wave,u*dx(u),0,1,1,-1,0,0,0,0,48
64,wave,apv,wave,v*dy(u),0,1,1,-1,0,0,0,0,48
64,wave,apv,wave,w*dz(u),0,1,1,-1,0,0,0,0,48
64,wave,apv,wave,u*dx(v),0.00852947357142606,8,1,2,0,1.28417638154067e-15,3.37414540751979e-11,48,0
64,wave,apv,wave,v*dy(v),0,1,1,-1,0,0,0,0,48
64,wave,apv,wave,w*dz(v),0.00807104592530218,8,1,2,0,1.43540731996979e-15,4.49120740597664e-11,48,0
64,wave,apv,wave,u*dx(w),0,1,1,-1,0,0,0,0,48
64,wave,apv,wave,v*dy(w),0,1,1,-1,0,0,0,0,48
64,wave,apv,wave,w*dz(w),0,1,1,-1,0,0,0,0,48
64,wave,apv,wave,u*dx(eta),0.00231284838510105,8,1,2,0,1.18617481248884e-15,4.64692728741056e-11,48,0
64,wave,apv,wave,v*dy(eta),0,1,1,-1,0,0,0,0,48
64,wave,apv,wave,w*dz(eta),0.00244587502128302,8,1,2,0,7.01991128045126e-16,5.24042809146863e-10,48,0
64,wave,apv,wave,w*eta*dlogN2,0,1,1,-1,0,0,0,0,48
64,apv,wave,wave,u*dx(u),0,-1,0,1,1,0,0,0,48
64,apv,wave,wave,v*dy(u),0,-1,0,1,1,0,0,0,48
64,apv,wave,wave,w*dz(u),0,-1,0,1,1,0,0,0,48
64,apv,wave,wave,u*dx(v),0,-1,0,1,1,0,0,0,48
64,apv,wave,wave,v*dy(v),0,-1,0,1,1,0,0,0,48
64,apv,wave,wave,w*dz(v),0,-1,0,1,1,0,0,0,48
64,apv,wave,wave,u*dx(w),0,-1,0,1,1,0,0,0,48
64,apv,wave,wave,v*dy(w),0,-1,0,1,1,0,0,0,48
64,apv,wave,wave,w*dz(w),0,-1,0,1,1,0,0,0,48
64,apv,wave,wave,u*dx(eta),0,-1,0,1,1,0,0,0,48
64,apv,wave,wave,v*dy(eta),0,-1,0,1,1,0,0,0,48
64,apv,wave,wave,w*dz(eta),0,-1,0,1,1,0,0,0,48
64,apv,wave,wave,w*eta*dlogN2,0,-1,0,1,1,0,0,0,48
64,wave,boundary,wave,u*dx(u),0,1,1,1,0,0,0,0,32
64,wave,boundary,wave,v*dy(u),0,1,1,1,0,0,0,0,32
64,wave,boundary,wave,w*dz(u),0,1,1,1,0,0,0,0,32
64,wave,boundary,wave,u*dx(v),8.28419118231216e-05,8,1,2,0,8.92667114397541e-16,3.23985283046113e-11,32,0
64,wave,boundary,wave,v*dy(v),0,1,1,1,0,0,0,0,32
64,wave,boundary,wave,w*dz(v),0.000197492955877254,8,1,1,0,8.99338184030592e-16,3.36892735930405e-11,32,0
64,wave,boundary,wave,u*dx(w),0,1,1,1,0,0,0,0,32
64,wave,boundary,wave,v*dy(w),0,1,1,1,0,0,0,0,32
64,wave,boundary,wave,w*dz(w),0,1,1,1,0,0,0,0,32
64,wave,boundary,wave,u*dx(eta),4.89303051802876e-05,8,1,1,0,2.39448703460938e-16,3.3761882178851e-11,32,0
64,wave,boundary,wave,v*dy(eta),0,1,1,1,0,0,0,0,32
64,wave,boundary,wave,w*dz(eta),3.47659596698546e-05,8,1,2,0,9.27468948362224e-16,3.36859429239666e-11,32,0
64,wave,boundary,wave,w*eta*dlogN2,0,1,1,1,0,0,0,0,32
64,boundary,wave,wave,u*dx(u),0,1,0,1,1,0,0,0,32
64,boundary,wave,wave,v*dy(u),0,1,0,1,1,0,0,0,32
64,boundary,wave,wave,w*dz(u),0,1,0,1,1,0,0,0,32
64,boundary,wave,wave,u*dx(v),0,1,0,1,1,0,0,0,32
64,boundary,wave,wave,v*dy(v),0,1,0,1,1,0,0,0,32
64,boundary,wave,wave,w*dz(v),0,1,0,1,1,0,0,0,32
64,boundary,wave,wave,u*dx(w),0,1,0,1,1,0,0,0,32
64,boundary,wave,wave,v*dy(w),0,1,0,1,1,0,0,0,32
64,boundary,wave,wave,w*dz(w),0,1,0,1,1,0,0,0,32
64,boundary,wave,wave,u*dx(eta),0,1,0,1,1,0,0,0,32
64,boundary,wave,wave,v*dy(eta),0,1,0,1,1,0,0,0,32
64,boundary,wave,wave,w*dz(eta),0,1,0,1,1,0,0,0,32
64,boundary,wave,wave,w*eta*dlogN2,0,1,0,1,1,0,0,0,32
64,apv,boundary,wave,u*dx(u),0,-1,0,1,0,0,0,0,6
64,apv,boundary,wave,v*dy(u),0,-1,0,1,0,0,0,0,6
64,apv,boundary,wave,w*dz(u),0,-1,0,1,0,0,0,0,6
64,apv,boundary,wave,u*dx(v),0,-1,0,1,0,0,0,0,6
64,apv,boundary,wave,v*dy(v),0,-1,0,1,0,0,0,0,6
64,apv,boundary,wave,w*dz(v),0,-1,0,1,0,0,0,0,6
64,apv,boundary,wave,u*dx(w),0,-1,0,1,0,0,0,0,6
64,apv,boundary,wave,v*dy(w),0,-1,0,1,0,0,0,0,6
64,apv,boundary,wave,w*dz(w),0,-1,0,1,0,0,0,0,6
64,apv,boundary,wave,u*dx(eta),0,-1,0,1,0,0,0,0,6
64,apv,boundary,wave,v*dy(eta),0,-1,0,1,0,0,0,0,6
64,apv,boundary,wave,w*dz(eta),0,-1,0,1,0,0,0,0,6
64,apv,boundary,wave,w*eta*dlogN2,0,-1,0,1,0,0,0,0,6
64,boundary,apv,wave,u*dx(u),0,1,0,-1,0,0,0,0,6
64,boundary,apv,wave,v*dy(u),0,1,0,-1,0,0,0,0,6
64,boundary,apv,wave,w*dz(u),0,1,0,-1,0,0,0,0,6
64,boundary,apv,wave,u*dx(v),0,1,0,-1,0,0,0,0,6
64,boundary,apv,wave,v*dy(v),0,1,0,-1,0,0,0,0,6
64,boundary,apv,wave,w*dz(v),0,1,0,-1,0,0,0,0,6
64,boundary,apv,wave,u*dx(w),0,1,0,-1,0,0,0,0,6
64,boundary,apv,wave,v*dy(w),0,1,0,-1,0,0,0,0,6
64,boundary,apv,wave,w*dz(w),0,1,0,-1,0,0,0,0,6
64,boundary,apv,wave,u*dx(eta),0,1,0,-1,0,0,0,0,6
64,boundary,apv,wave,v*dy(eta),0,1,0,-1,0,0,0,0,6
64,boundary,apv,wave,w*dz(eta),0,1,0,-1,0,0,0,0,6
64,boundary,apv,wave,w*eta*dlogN2,0,1,0,-1,0,0,0,0,6
64,boundary,boundary,wave,u*dx(u),0,1,0,1,0,0,0,0,4
64,boundary,boundary,wave,v*dy(u),0,1,0,1,0,0,0,0,4
64,boundary,boundary,wave,w*dz(u),0,1,0,1,0,0,0,0,4
64,boundary,boundary,wave,u*dx(v),0,1,0,1,0,0,0,0,4
64,boundary,boundary,wave,v*dy(v),0,1,0,1,0,0,0,0,4
64,boundary,boundary,wave,w*dz(v),0,1,0,1,0,0,0,0,4
64,boundary,boundary,wave,u*dx(w),0,1,0,1,0,0,0,0,4
64,boundary,boundary,wave,v*dy(w),0,1,0,1,0,0,0,0,4
64,boundary,boundary,wave,w*dz(w),0,1,0,1,0,0,0,0,4
64,boundary,boundary,wave,u*dx(eta),0,1,0,1,0,0,0,0,4
64,boundary,boundary,wave,v*dy(eta),0,1,0,1,0,0,0,0,4
64,boundary,boundary,wave,w*dz(eta),0,1,0,1,0,0,0,0,4
64,boundary,boundary,wave,w*eta*dlogN2,0,1,0,1,0,0,0,0,4
6,wave,wave,wave,u*dx(u),0.264833403752175,8,1,7,1,1.74888295760549e-15,3.63331587038829e-11,232,0
6,wave,wave,wave,v*dy(u),0.264833403752175,8,-1,7,1,1.73740234659934e-15,3.63316043916484e-11,232,0
6,wave,wave,wave,w*dz(u),0.264830469776843,8,1,7,1,1.45988905035908e-15,4.28139852568833e-07,232,0
6,wave,wave,wave,u*dx(v),0.264833403752175,8,1,7,1,1.27387932384639e-15,3.63350460830247e-11,232,0
6,wave,wave,wave,v*dy(v),0.264833403752175,7,-1,8,1,1.78720900197231e-15,3.63331587038829e-11,232,0
6,wave,wave,wave,w*dz(v),0.264830469776843,8,1,7,1,1.20558967758606e-15,4.28139853185047e-07,232,0
6,wave,wave,wave,u*dx(w),0.00191424088546242,8,1,8,1,4.44089209850063e-16,3.62803120879107e-11,232,0
6,wave,wave,wave,v*dy(w),0.00191424088546242,8,1,8,1,4.44089209850063e-16,3.62786467533738e-11,232,0
6,wave,wave,wave,w*dz(w),0.00191424088546242,8,1,8,1,4.44089209850063e-16,3.62806451548181e-11,232,0
6,wave,wave,wave,u*dx(eta),0.170548710458652,8,1,8,1,1.73180577503925e-15,2.71974665011498e-11,232,0
6,wave,wave,wave,v*dy(eta),0.170548710458652,8,1,8,1,1.73168609515929e-15,2.71956901443104e-11,232,0
6,wave,wave,wave,w*dz(eta),0.170548710458652,8,1,8,1,1.24184911395605e-15,2.71973554788474e-11,232,0
6,wave,wave,wave,w*eta*dlogN2,0,1,1,1,1,0,0,0,232
6,wave,apv,wave,u*dx(u),0.00855442978169021,8,1,2,0,1.0291091873303e-15,1.8258172751473e-11,48,0
6,wave,apv,wave,v*dy(u),0.0085544297816902,8,1,2,0,1.26397398173812e-15,1.82565074169361e-11,48,0
6,wave,apv,wave,w*dz(u),0.00809459078028886,8,1,2,0,1.05270426676859e-15,2.22444285213896e-11,48,0
6,wave,apv,wave,u*dx(v),0.00855442978169021,8,1,2,0,1.0291091873303e-15,1.8258172751473e-11,48,0
6,wave,apv,wave,v*dy(v),0.0085544297816902,8,1,2,0,1.26397398173812e-15,1.82565074169361e-11,48,0
6,wave,apv,wave,w*dz(v),0.00809459078028886,8,1,2,0,1.05270426676859e-15,2.22444285213896e-11,48,0
6,wave,apv,wave,u*dx(w),0,1,1,-1,0,0,0,0,48
6,wave,apv,wave,v*dy(w),0,1,1,-1,0,0,0,0,48
6,wave,apv,wave,w*dz(w),0,1,1,-1,0,0,0,0,48
6,wave,apv,wave,u*dx(eta),0.00315180437110887,8,1,2,0,1.20721612222837e-15,1.97405967877391e-11,48,0
6,wave,apv,wave,v*dy(eta),0.0031518043711089,8,1,2,0,1.29162179768298e-15,1.97395355995194e-11,48,0
6,wave,apv,wave,w*dz(eta),0.00333290670783541,8,1,2,0,1.21404870207189e-15,4.73090455699321e-10,48,0
6,wave,apv,wave,w*eta*dlogN2,0,1,1,-1,0,0,0,0,48
6,apv,wave,wave,u*dx(u),0.00855442978169016,2,0,8,1,1.13838483405709e-15,1.82565074169361e-11,48,0
6,apv,wave,wave,v*dy(u),0.00855442978169016,2,0,8,1,1.13838483405709e-15,1.82565074169361e-11,48,0
6,apv,wave,wave,w*dz(u),0,-1,0,1,1,0,0,0,48
6,apv,wave,wave,u*dx(v),0.00855442978169014,2,0,8,1,1.05387155160074e-15,1.8258172751473e-11,48,0
6,apv,wave,wave,v*dy(v),0.00855442978169014,2,0,8,1,1.05387155160074e-15,1.8258172751473e-11,48,0
6,apv,wave,wave,w*dz(v),0,-1,0,1,1,0,0,0,48
6,apv,wave,wave,u*dx(w),3.61461528544394e-05,2,0,8,1,3.33066907387547e-16,1.81287207468017e-11,48,0
6,apv,wave,wave,v*dy(w),3.61461528544394e-05,2,0,8,1,3.33066907387547e-16,1.81287207468017e-11,48,0
6,apv,wave,wave,w*dz(w),0,-1,0,1,1,0,0,0,48
6,apv,wave,wave,u*dx(eta),0.00333290670767415,2,0,8,1,1.1238249265481e-15,1.08163699393181e-11,48,0
6,apv,wave,wave,v*dy(eta),0.00333290670767415,2,0,8,1,1.1238249265481e-15,1.08163699393181e-11,48,0
6,apv,wave,wave,w*dz(eta),0,-1,0,1,1,0,0,0,48
6,apv,wave,wave,w*eta*dlogN2,0,-1,0,1,1,0,0,0,48
6,wave,boundary,wave,u*dx(u),7.84414067758182e-05,8,-1,2,0,1.16180691384272e-15,1.95163885052807e-11,32,0
6,wave,boundary,wave,v*dy(u),7.84414067759468e-05,8,1,2,0,1.12048517986282e-15,1.95147231707438e-11,32,0
6,wave,boundary,wave,w*dz(u),0.000158924530062057,8,1,1,0,1.38042502950079e-15,1.87032611620452e-11,32,0
6,wave,boundary,wave,u*dx(v),7.84414067758182e-05,8,1,2,0,1.16180691384272e-15,1.95163885052807e-11,32,0
6,wave,boundary,wave,v*dy(v),7.84414067759468e-05,8,1,2,0,1.12048517986282e-15,1.95147231707438e-11,32,0
6,wave,boundary,wave,w*dz(v),0.000158924530062057,8,1,1,0,1.38042502950079e-15,1.87032611620452e-11,32,0
6,wave,boundary,wave,u*dx(w),0,1,1,1,0,0,0,0,32
6,wave,boundary,wave,v*dy(w),0,1,1,1,0,0,0,0,32
6,wave,boundary,wave,w*dz(w),0,1,1,1,0,0,0,0,32
6,wave,boundary,wave,u*dx(eta),5.21883432391137e-05,8,1,1,0,4.90897413459804e-16,1.87635462722824e-11,32,0
6,wave,boundary,wave,v*dy(eta),5.21883432391142e-05,8,1,1,0,4.91092364314562e-16,1.8761769915443e-11,32,0
6,wave,boundary,wave,w*dz(eta),4.34505932818384e-05,8,1,2,0,1.12980343880401e-15,1.86212156805254e-11,32,0
6,wave,boundary,wave,w*eta*dlogN2,0,1,1,1,0,0,0,0,32
6,boundary,wave,wave,u*dx(u),7.84414067759365e-05,2,0,8,1,1.13153520561863e-15,1.95146121484413e-11,32,0
6,boundary,wave,wave,v*dy(u),7.84414067759365e-05,2,0,8,1,1.13153520561863e-15,1.95146121484413e-11,32,0
6,boundary,wave,wave,w*dz(u),0,1,0,1,1,0,0,0,32
6,boundary,wave,wave,u*dx(v),7.84414067758268e-05,2,0,8,1,1.1735367759425e-15,1.95164995275832e-11,32,0
6,boundary,wave,wave,v*dy(v),7.84414067758268e-05,2,0,8,1,1.1735367759425e-15,1.95164995275832e-11,32,0
6,boundary,wave,wave,w*dz(v),0,1,0,1,1,0,0,0,32
6,boundary,wave,wave,u*dx(w),4.89888316419119e-07,2,0,8,1,3.33066907387547e-16,2.15543138892826e-11,32,0
6,boundary,wave,wave,v*dy(w),4.89888316419119e-07,2,0,8,1,3.33066907387547e-16,2.15543138892826e-11,32,0
6,boundary,wave,wave,w*dz(w),0,1,0,1,1,0,0,0,32
6,boundary,wave,wave,u*dx(eta),4.34505932955087e-05,2,0,8,1,8.61924922312965e-16,2.08792397262888e-11,32,0
6,boundary,wave,wave,v*dy(eta),4.34505932955087e-05,2,0,8,1,8.61924922312965e-16,2.08792397262888e-11,32,0
6,boundary,wave,wave,w*dz(eta),0,1,0,1,1,0,0,0,32
6,boundary,wave,wave,w*eta*dlogN2,0,1,0,1,1,0,0,0,32
6,apv,boundary,wave,u*dx(u),4.21088187657935e-06,2,0,2,0,1.53619602272796e-15,1.20947696302665e-11,6,0
6,apv,boundary,wave,v*dy(u),4.21088187657935e-06,2,0,2,0,1.53619602272796e-15,1.20947696302665e-11,6,0
6,apv,boundary,wave,w*dz(u),0,-1,0,1,0,0,0,0,6
6,apv,boundary,wave,u*dx(v),4.21088187657935e-06,2,0,2,0,1.53619602272796e-15,1.20947696302665e-11,6,0
6,apv,boundary,wave,v*dy(v),4.21088187657935e-06,2,0,2,0,1.53619602272796e-15,1.20947696302665e-11,6,0
6,apv,boundary,wave,w*dz(v),0,-1,0,1,0,0,0,0,6
6,apv,boundary,wave,u*dx(w),0,-1,0,1,0,0,0,0,6
6,apv,boundary,wave,v*dy(w),0,-1,0,1,0,0,0,0,6
6,apv,boundary,wave,w*dz(w),0,-1,0,1,0,0,0,0,6
6,apv,boundary,wave,u*dx(eta),8.09306702284216e-07,2,0,1,0,4.06630257523979e-16,1.12831965992655e-11,6,0
6,apv,boundary,wave,v*dy(eta),8.09306702284216e-07,2,0,1,0,4.06630257523979e-16,1.12831965992655e-11,6,0
6,apv,boundary,wave,w*dz(eta),0,-1,0,1,0,0,0,0,6
6,apv,boundary,wave,w*eta*dlogN2,0,-1,0,1,0,0,0,0,6
6,boundary,apv,wave,u*dx(u),4.21088187662049e-06,2,0,2,0,1.5323308521742e-15,1.20947696302665e-11,6,0
6,boundary,apv,wave,v*dy(u),4.21088187662049e-06,2,0,2,0,1.5323308521742e-15,1.20947696302665e-11,6,0
6,boundary,apv,wave,w*dz(u),0,1,0,-1,0,0,0,0,6
6,boundary,apv,wave,u*dx(v),4.21088187662049e-06,2,0,2,0,1.5323308521742e-15,1.20947696302665e-11,6,0
6,boundary,apv,wave,v*dy(v),4.21088187662049e-06,2,0,2,0,1.5323308521742e-15,1.20947696302665e-11,6,0
6,boundary,apv,wave,w*dz(v),0,1,0,-1,0,0,0,0,6
6,boundary,apv,wave,u*dx(w),0,1,0,-1,0,0,0,0,6
6,boundary,apv,wave,v*dy(w),0,1,0,-1,0,0,0,0,6
6,boundary,apv,wave,w*dz(w),0,1,0,-1,0,0,0,0,6
6,boundary,apv,wave,u*dx(eta),7.54405659436241e-06,2,0,2,0,9.50914024054369e-16,6.50894893539089e-11,6,0
6,boundary,apv,wave,v*dy(eta),7.54405659436241e-06,2,0,2,0,9.50914024054369e-16,6.50894893539089e-11,6,0
6,boundary,apv,wave,w*dz(eta),0,1,0,-1,0,0,0,0,6
6,boundary,apv,wave,w*eta*dlogN2,0,1,0,-1,0,0,0,0,6
6,boundary,boundary,wave,u*dx(u),1.31485760705093e-06,1,0,1,0,5.18322038881526e-13,6.02729728603022e-08,4,0
6,boundary,boundary,wave,v*dy(u),1.31485760705093e-06,1,0,1,0,5.18322038881526e-13,6.02729728603022e-08,4,0
6,boundary,boundary,wave,w*dz(u),0,1,0,1,0,0,0,0,4
6,boundary,boundary,wave,u*dx(v),1.31485760705093e-06,1,0,1,0,5.18322038881526e-13,6.02729728603022e-08,4,0
6,boundary,boundary,wave,v*dy(v),1.31485760705093e-06,1,0,1,0,5.18322038881526e-13,6.02729728603022e-08,4,0
6,boundary,boundary,wave,w*dz(v),0,1,0,1,0,0,0,0,4
6,boundary,boundary,wave,u*dx(w),0,1,0,1,0,0,0,0,4
6,boundary,boundary,wave,v*dy(w),0,1,0,1,0,0,0,0,4
6,boundary,boundary,wave,w*dz(w),0,1,0,1,0,0,0,0,4
6,boundary,boundary,wave,u*dx(eta),1.32389271040813e-06,2,0,2,0,5.29313661467205e-13,4.00580798531891e-08,4,0
6,boundary,boundary,wave,v*dy(eta),1.32389271040813e-06,2,0,2,0,5.29313661467205e-13,4.00580798531891e-08,4,0
6,boundary,boundary,wave,w*dz(eta),0,1,0,1,0,0,0,0,4
6,boundary,boundary,wave,w*eta*dlogN2,0,1,0,1,0,0,0,0,4
42,wave,wave,wave,u*dx(u),0,1,1,1,1,0,0,0,232
42,wave,wave,wave,v*dy(u),0.275162056070482,8,1,7,1,1.37670235319802e-15,1.70684080580559e-11,232,0
42,wave,wave,wave,w*dz(u),0.275159066719567,8,1,7,1,1.72652533135206e-15,6.84935739577416e-07,232,0
42,wave,wave,wave,u*dx(v),0,1,1,1,1,0,0,0,232
42,wave,wave,wave,v*dy(v),0.263960261588747,8,1,7,1,1.52246057547274e-15,3.386868563382e-11,232,0
42,wave,wave,wave,w*dz(v),0.263957324225296,8,1,7,1,1.48308833840742e-15,5.52625962869528e-07,232,0
42,wave,wave,wave,u*dx(w),0,1,1,1,1,0,0,0,232
42,wave,wave,wave,v*dy(w),0.00135358241356872,8,1,8,1,4.44089209850063e-16,3.37465611011112e-11,232,0
42,wave,wave,wave,w*dz(w),0.00135358241310301,8,1,8,1,3.33066907387547e-16,3.3898217566275e-11,232,0
42,wave,wave,wave,u*dx(eta),0,1,1,1,1,0,0,0,232
42,wave,wave,wave,v*dy(eta),0.127204735750469,8,1,8,1,1.1880411576133e-15,1.69382285974962e-11,232,0
42,wave,wave,wave,w*dz(eta),0.127204735706704,8,1,8,1,1.29903653698442e-15,1.70894409734501e-11,232,0
42,wave,wave,wave,w*eta*dlogN2,0,1,1,1,1,0,0,0,232
42,wave,apv,wave,u*dx(u),0,1,1,-1,0,0,0,0,48
42,wave,apv,wave,v*dy(u),0.00887303204568474,8,1,2,0,1.30708456563346e-15,1.59900963801383e-11,48,0
42,wave,apv,wave,w*dz(u),0.00839571803100184,8,1,2,0,1.9704619867798e-15,1.85990685719268e-11,48,0
42,wave,apv,wave,u*dx(v),0,1,1,-1,0,0,0,0,48
42,wave,apv,wave,v*dy(v),0,1,1,-1,0,0,0,0,48
42,wave,apv,wave,w*dz(v),0,1,1,-1,0,0,0,0,48
42,wave,apv,wave,u*dx(w),0,1,1,-1,0,0,0,0,48
42,wave,apv,wave,v*dy(w),0,1,1,-1,0,0,0,0,48
42,wave,apv,wave,w*dz(w),0,1,1,-1,0,0,0,0,48
42,wave,apv,wave,u*dx(eta),0,1,1,-1,0,0,0,0,48
42,wave,apv,wave,v*dy(eta),0.00231284838080382,8,1,2,0,1.28728793109945e-15,1.512012737237e-11,48,0
42,wave,apv,wave,w*dz(eta),0.00244587501658935,8,1,2,0,1.25309012083292e-15,4.76820360972852e-10,48,0
42,wave,apv,wave,w*eta*dlogN2,0,1,1,-1,0,0,0,0,48
42,apv,wave,wave,u*dx(u),0,-1,0,1,1,0,0,0,48
42,apv,wave,wave,v*dy(u),0.00887303205969897,2,0,8,1,1.38510539836431e-15,1.84489210325105e-11,48,0
42,apv,wave,wave,w*dz(u),0,-1,0,1,1,0,0,0,48
42,apv,wave,wave,u*dx(v),0,-1,0,1,1,0,0,0,48
42,apv,wave,wave,v*dy(v),0.0085294735714261,2,0,8,1,1.28755445425345e-15,3.37414540751979e-11,48,0
42,apv,wave,wave,w*dz(v),0,-1,0,1,1,0,0,0,48
42,apv,wave,wave,u*dx(w),0,-1,0,1,1,0,0,0,48
42,apv,wave,wave,v*dy(w),2.5559431716461e-05,2,0,8,1,3.33066907387547e-16,3.57203155942898e-11,48,0
42,apv,wave,wave,w*dz(w),0,-1,0,1,1,0,0,0,48
42,apv,wave,wave,u*dx(eta),0,-1,0,1,1,0,0,0,48
42,apv,wave,wave,v*dy(eta),0.00244587502116124,2,0,8,1,1.65619265222158e-15,1.89115390014649e-11,48,0
42,apv,wave,wave,w*dz(eta),0,-1,0,1,1,0,0,0,48
42,apv,wave,wave,w*eta*dlogN2,0,-1,0,1,1,0,0,0,48
42,wave,boundary,wave,u*dx(u),0,1,1,1,0,0,0,0,32
42,wave,boundary,wave,v*dy(u),0.0002855444889549,8,1,1,0,1.17366003112122e-15,1.47554029307962e-11,32,0
42,wave,boundary,wave,w*dz(u),0.000282513941021123,8,1,2,0,1.1268333230318e-15,1.40463019412222e-11,32,0
42,wave,boundary,wave,u*dx(v),0,1,1,1,0,0,0,0,32
42,wave,boundary,wave,v*dy(v),0,1,1,1,0,0,0,0,32
42,wave,boundary,wave,w*dz(v),0,1,1,1,0,0,0,0,32
42,wave,boundary,wave,u*dx(w),0,1,1,1,0,0,0,0,32
42,wave,boundary,wave,v*dy(w),0,1,1,1,0,0,0,0,32
42,wave,boundary,wave,w*dz(w),0,1,1,1,0,0,0,0,32
42,wave,boundary,wave,u*dx(eta),0,1,1,1,0,0,0,0,32
42,wave,boundary,wave,v*dy(eta),7.86350050320319e-05,8,1,2,0,6.89671409472272e-16,1.38211664335586e-11,32,0
42,wave,boundary,wave,w*dz(eta),9.77600609237187e-05,8,1,1,0,5.91089180085917e-16,1.39761535677962e-11,32,0
42,wave,boundary,wave,w*eta*dlogN2,0,1,1,1,0,0,0,0,32
42,boundary,wave,wave,u*dx(u),0,1,0,1,1,0,0,0,32
42,boundary,wave,wave,v*dy(u),0.000118092634960177,1,0,8,1,2.41770687335864e-15,1.67990066302082e-11,32,0
42,boundary,wave,wave,w*dz(u),0,1,0,1,1,0,0,0,32
42,boundary,wave,wave,u*dx(v),0,1,0,1,1,0,0,0,32
42,boundary,wave,wave,v*dy(v),0.000109549296023531,1,0,8,1,1.94027088509235e-15,3.3607783223033e-11,32,0
42,boundary,wave,wave,w*dz(v),0,1,0,1,1,0,0,0,32
42,boundary,wave,wave,u*dx(w),0,1,0,1,1,0,0,0,32
42,boundary,wave,wave,v*dy(w),5.56486383739099e-07,1,0,8,1,2.22044604925031e-16,3.35553806962707e-11,32,0
42,boundary,wave,wave,w*dz(w),0,1,0,1,1,0,0,0,32
42,boundary,wave,wave,u*dx(eta),0,1,0,1,1,0,0,0,32
42,boundary,wave,wave,v*dy(eta),5.08034035678819e-05,1,0,8,1,1.20733059909908e-15,1.67468261480508e-11,32,0
42,boundary,wave,wave,w*dz(eta),0,1,0,1,1,0,0,0,32
42,boundary,wave,wave,w*eta*dlogN2,0,1,0,1,1,0,0,0,32
42,apv,boundary,wave,u*dx(u),0,-1,0,1,0,0,0,0,6
42,apv,boundary,wave,v*dy(u),1.01167158418166e-05,2,0,2,0,1.34551331117581e-15,1.08802214552067e-11,6,0
42,apv,boundary,wave,w*dz(u),0,-1,0,1,0,0,0,0,6
42,apv,boundary,wave,u*dx(v),0,-1,0,1,0,0,0,0,6
42,apv,boundary,wave,v*dy(v),0,-1,0,1,0,0,0,0,6
42,apv,boundary,wave,w*dz(v),0,-1,0,1,0,0,0,0,6
42,apv,boundary,wave,u*dx(w),0,-1,0,1,0,0,0,0,6
42,apv,boundary,wave,v*dy(w),0,-1,0,1,0,0,0,0,6
42,apv,boundary,wave,w*dz(w),0,-1,0,1,0,0,0,0,6
42,apv,boundary,wave,u*dx(eta),0,-1,0,1,0,0,0,0,6
42,apv,boundary,wave,v*dy(eta),2.99156860843636e-06,2,0,1,0,5.07004046476328e-16,9.61664081700064e-12,6,0
42,apv,boundary,wave,w*dz(eta),0,-1,0,1,0,0,0,0,6
42,apv,boundary,wave,w*eta*dlogN2,0,-1,0,1,0,0,0,0,6
42,boundary,apv,wave,u*dx(u),0,1,0,-1,0,0,0,0,6
42,boundary,apv,wave,v*dy(u),2.64399510100785e-06,1,0,2,0,1.5662450671804e-15,1.05300698340284e-11,6,0
42,boundary,apv,wave,w*dz(u),0,1,0,-1,0,0,0,0,6
42,boundary,apv,wave,u*dx(v),0,1,0,-1,0,0,0,0,6
42,boundary,apv,wave,v*dy(v),0,1,0,-1,0,0,0,0,6
42,boundary,apv,wave,w*dz(v),0,1,0,-1,0,0,0,0,6
42,boundary,apv,wave,u*dx(w),0,1,0,-1,0,0,0,0,6
42,boundary,apv,wave,v*dy(w),0,1,0,-1,0,0,0,0,6
42,boundary,apv,wave,w*dz(w),0,1,0,-1,0,0,0,0,6
42,boundary,apv,wave,u*dx(eta),0,1,0,-1,0,0,0,0,6
42,boundary,apv,wave,v*dy(eta),1.73184763887358e-06,2,0,1,0,6.46897424955603e-16,4.81019668541194e-11,6,0
42,boundary,apv,wave,w*dz(eta),0,1,0,-1,0,0,0,0,6
42,boundary,apv,wave,w*eta*dlogN2,0,1,0,-1,0,0,0,0,6
42,boundary,boundary,wave,u*dx(u),0,1,0,1,0,0,0,0,4
42,boundary,boundary,wave,v*dy(u),1.82395508600119e-06,1,0,2,0,1.41924575519437e-15,1.57383126684271e-10,4,0
42,boundary,boundary,wave,w*dz(u),0,1,0,1,0,0,0,0,4
42,boundary,boundary,wave,u*dx(v),0,1,0,1,0,0,0,0,4
42,boundary,boundary,wave,v*dy(v),0,1,0,1,0,0,0,0,4
42,boundary,boundary,wave,w*dz(v),0,1,0,1,0,0,0,0,4
42,boundary,boundary,wave,u*dx(w),0,1,0,1,0,0,0,0,4
42,boundary,boundary,wave,v*dy(w),0,1,0,1,0,0,0,0,4
42,boundary,boundary,wave,w*dz(w),0,1,0,1,0,0,0,0,4
42,boundary,boundary,wave,u*dx(eta),0,1,0,1,0,0,0,0,4
42,boundary,boundary,wave,v*dy(eta),1.12609153516187e-07,2,0,2,0,9.91772728717974e-16,1.08391277212329e-10,4,0
42,boundary,boundary,wave,w*dz(eta),0,1,0,1,0,0,0,0,4
42,boundary,boundary,wave,w*eta*dlogN2,0,1,0,1,0,0,0,0,4
14,wave,wave,wave,u*dx(u),0.275162055965561,8,1,7,1,1.58456659683291e-15,4.78710404649973e-11,232,0
14,wave,wave,wave,v*dy(u),0,1,1,1,1,0,0,0,232
14,wave,wave,wave,w*dz(u),0.275159066520031,8,1,7,1,2.35568528666705e-15,6.85216927808408e-07,232,0
14,wave,wave,wave,u*dx(v),0.263960261489205,8,1,7,1,1.68808737201833e-15,3.10618197829626e-11,232,0
14,wave,wave,wave,v*dy(v),0,1,1,1,1,0,0,0,232
14,wave,wave,wave,w*dz(v),0.26395732403499,8,1,7,1,1.52463727032552e-15,5.52834770772496e-07,232,0
14,wave,wave,wave,u*dx(w),0.0013535824121834,8,1,8,1,4.44089209850063e-16,4.7732928720734e-11,232,0
14,wave,wave,wave,v*dy(w),0,1,1,1,1,0,0,0,232
14,wave,wave,wave,w*dz(w),0.00135358241078631,8,1,8,1,4.44089209850063e-16,4.80939732483421e-11,232,0
14,wave,wave,wave,u*dx(eta),0.127204735622586,8,1,8,1,1.0177169520842e-15,3.0924374172514e-11,232,0
14,wave,wave,wave,v*dy(eta),0,1,1,1,1,0,0,0,232
14,wave,wave,wave,w*dz(eta),0.127204735491293,8,1,8,1,9.85683198383205e-16,3.12854187001221e-11,232,0
14,wave,wave,wave,w*eta*dlogN2,0,1,1,1,1,0,0,0,232
14,wave,apv,wave,u*dx(u),0,1,1,-1,0,0,0,0,48
14,wave,apv,wave,v*dy(u),0,1,1,-1,0,0,0,0,48
14,wave,apv,wave,w*dz(u),0,1,1,-1,0,0,0,0,48
14,wave,apv,wave,u*dx(v),0.00852947353101183,8,1,2,0,1.48686400750918e-15,1.43207667946399e-11,48,0
14,wave,apv,wave,v*dy(v),0,1,1,-1,0,0,0,0,48
14,wave,apv,wave,w*dz(v),0.00807104588017156,8,1,2,0,1.3138784578654e-15,2.56143994903368e-11,48,0
14,wave,apv,wave,u*dx(w),0,1,1,-1,0,0,0,0,48
14,wave,apv,wave,v*dy(w),0,1,1,-1,0,0,0,0,48
14,wave,apv,wave,w*dz(w),0,1,1,-1,0,0,0,0,48
14,wave,apv,wave,u*dx(eta),0.00231284837220645,8,1,2,0,1.05244995525677e-15,2.69346767112211e-11,48,0
14,wave,apv,wave,v*dy(eta),0,1,1,-1,0,0,0,0,48
14,wave,apv,wave,w*dz(eta),0.00244587500720133,8,1,2,0,1.00287881642315e-15,5.05351538393484e-10,48,0
14,wave,apv,wave,w*eta*dlogN2,0,1,1,-1,0,0,0,0,48
14,apv,wave,wave,u*dx(u),0,-1,0,1,1,0,0,0,48
14,apv,wave,wave,v*dy(u),0,-1,0,1,1,0,0,0,48
14,apv,wave,wave,w*dz(u),0,-1,0,1,1,0,0,0,48
14,apv,wave,wave,u*dx(v),0,-1,0,1,1,0,0,0,48
14,apv,wave,wave,v*dy(v),0,-1,0,1,1,0,0,0,48
14,apv,wave,wave,w*dz(v),0,-1,0,1,1,0,0,0,48
14,apv,wave,wave,u*dx(w),0,-1,0,1,1,0,0,0,48
14,apv,wave,wave,v*dy(w),0,-1,0,1,1,0,0,0,48
14,apv,wave,wave,w*dz(w),0,-1,0,1,1,0,0,0,48
14,apv,wave,wave,u*dx(eta),0,-1,0,1,1,0,0,0,48
14,apv,wave,wave,v*dy(eta),0,-1,0,1,1,0,0,0,48
14,apv,wave,wave,w*dz(eta),0,-1,0,1,1,0,0,0,48
14,apv,wave,wave,w*eta*dlogN2,0,-1,0,1,1,0,0,0,48
14,wave,boundary,wave,u*dx(u),0,1,1,1,0,0,0,0,32
14,wave,boundary,wave,v*dy(u),0,1,1,1,0,0,0,0,32
14,wave,boundary,wave,w*dz(u),0,1,1,1,0,0,0,0,32
14,wave,boundary,wave,u*dx(v),0.00027078420965089,8,1,1,0,1.64491121597275e-15,1.3701484391504e-11,32,0
14,wave,boundary,wave,v*dy(v),0,1,1,1,0,0,0,0,32
14,wave,boundary,wave,w*dz(v),0.000269483427018186,8,1,2,0,1.04102962535507e-15,1.43987044509686e-11,32,0
14,wave,boundary,wave,u*dx(w),0,1,1,1,0,0,0,0,32
14,wave,boundary,wave,v*dy(w),0,1,1,1,0,0,0,0,32
14,wave,boundary,wave,w*dz(w),0,1,1,1,0,0,0,0,32
14,wave,boundary,wave,u*dx(eta),7.86350048437116e-05,8,1,2,0,4.68705287915036e-16,1.442401753593e-11,32,0
14,wave,boundary,wave,v*dy(eta),0,1,1,1,0,0,0,0,32
14,wave,boundary,wave,w*dz(eta),9.77600601545757e-05,8,1,1,0,1.1671448762546e-15,1.44095846366099e-11,32,0
14,wave,boundary,wave,w*eta*dlogN2,0,1,1,1,0,0,0,0,32
14,boundary,wave,wave,u*dx(u),0,1,0,1,1,0,0,0,32
14,boundary,wave,wave,v*dy(u),0,1,0,1,1,0,0,0,32
14,boundary,wave,wave,w*dz(u),0,1,0,1,1,0,0,0,32
14,boundary,wave,wave,u*dx(v),0,1,0,1,1,0,0,0,32
14,boundary,wave,wave,v*dy(v),0,1,0,1,1,0,0,0,32
14,boundary,wave,wave,w*dz(v),0,1,0,1,1,0,0,0,32
14,boundary,wave,wave,u*dx(w),0,1,0,1,1,0,0,0,32
14,boundary,wave,wave,v*dy(w),0,1,0,1,1,0,0,0,32
14,boundary,wave,wave,w*dz(w),0,1,0,1,1,0,0,0,32
14,boundary,wave,wave,u*dx(eta),0,1,0,1,1,0,0,0,32
14,boundary,wave,wave,v*dy(eta),0,1,0,1,1,0,0,0,32
14,boundary,wave,wave,w*dz(eta),0,1,0,1,1,0,0,0,32
14,boundary,wave,wave,w*eta*dlogN2,0,1,0,1,1,0,0,0,32
14,apv,boundary,wave,u*dx(u),0,-1,0,1,0,0,0,0,6
14,apv,boundary,wave,v*dy(u),0,-1,0,1,0,0,0,0,6
14,apv,boundary,wave,w*dz(u),0,-1,0,1,0,0,0,0,6
14,apv,boundary,wave,u*dx(v),0,-1,0,1,0,0,0,0,6
14,apv,boundary,wave,v*dy(v),0,-1,0,1,0,0,0,0,6
14,apv,boundary,wave,w*dz(v),0,-1,0,1,0,0,0,0,6
14,apv,boundary,wave,u*dx(w),0,-1,0,1,0,0,0,0,6
14,apv,boundary,wave,v*dy(w),0,-1,0,1,0,0,0,0,6
14,apv,boundary,wave,w*dz(w),0,-1,0,1,0,0,0,0,6
14,apv,boundary,wave,u*dx(eta),0,-1,0,1,0,0,0,0,6
14,apv,boundary,wave,v*dy(eta),0,-1,0,1,0,0,0,0,6
14,apv,boundary,wave,w*dz(eta),0,-1,0,1,0,0,0,0,6
14,apv,boundary,wave,w*eta*dlogN2,0,-1,0,1,0,0,0,0,6
14,boundary,apv,wave,u*dx(u),0,1,0,-1,0,0,0,0,6
14,boundary,apv,wave,v*dy(u),0,1,0,-1,0,0,0,0,6
14,boundary,apv,wave,w*dz(u),0,1,0,-1,0,0,0,0,6
14,boundary,apv,wave,u*dx(v),0,1,0,-1,0,0,0,0,6
14,boundary,apv,wave,v*dy(v),0,1,0,-1,0,0,0,0,6
14,boundary,apv,wave,w*dz(v),0,1,0,-1,0,0,0,0,6
14,boundary,apv,wave,u*dx(w),0,1,0,-1,0,0,0,0,6
14,boundary,apv,wave,v*dy(w),0,1,0,-1,0,0,0,0,6
14,boundary,apv,wave,w*dz(w),0,1,0,-1,0,0,0,0,6
14,boundary,apv,wave,u*dx(eta),0,1,0,-1,0,0,0,0,6
14,boundary,apv,wave,v*dy(eta),0,1,0,-1,0,0,0,0,6
14,boundary,apv,wave,w*dz(eta),0,1,0,-1,0,0,0,0,6
14,boundary,apv,wave,w*eta*dlogN2,0,1,0,-1,0,0,0,0,6
14,boundary,boundary,wave,u*dx(u),0,1,0,1,0,0,0,0,4
14,boundary,boundary,wave,v*dy(u),0,1,0,1,0,0,0,0,4
14,boundary,boundary,wave,w*dz(u),0,1,0,1,0,0,0,0,4
14,boundary,boundary,wave,u*dx(v),0,1,0,1,0,0,0,0,4
14,boundary,boundary,wave,v*dy(v),0,1,0,1,0,0,0,0,4
14,boundary,boundary,wave,w*dz(v),0,1,0,1,0,0,0,0,4
14,boundary,boundary,wave,u*dx(w),0,1,0,1,0,0,0,0,4
14,boundary,boundary,wave,v*dy(w),0,1,0,1,0,0,0,0,4
14,boundary,boundary,wave,w*dz(w),0,1,0,1,0,0,0,0,4
14,boundary,boundary,wave,u*dx(eta),0,1,0,1,0,0,0,0,4
14,boundary,boundary,wave,v*dy(eta),0,1,0,1,0,0,0,0,4
14,boundary,boundary,wave,w*dz(eta),0,1,0,1,0,0,0,0,4
14,boundary,boundary,wave,w*eta*dlogN2,0,1,0,1,0,0,0,0,4
13,wave,wave,wave,u*dx(u),0.264833404782034,8,1,7,1,1.33708683102207e-15,1.45143896901345e-11,232,0
13,wave,wave,wave,v*dy(u),0.264833404782034,8,1,7,1,1.44886932236117e-15,1.38424827156314e-11,232,0
13,wave,wave,wave,w*dz(u),0.264830471105623,8,1,7,1,1.11759449288987e-15,1.83494003198587e-06,232,0
13,wave,wave,wave,u*dx(v),0.264833404782034,8,1,7,1,1.33708683102207e-15,1.45143896901345e-11,232,0
13,wave,wave,wave,v*dy(v),0.264833404782034,8,1,7,1,1.44886932236117e-15,1.38424827156314e-11,232,0
13,wave,wave,wave,w*dz(v),0.264830471105623,8,1,7,1,1.11759449288987e-15,1.83494003198587e-06,232,0
13,wave,wave,wave,u*dx(w),0.00191424089135651,8,1,8,1,5.55111512312578e-16,1.44935174972716e-11,232,0
13,wave,wave,wave,v*dy(w),0.00191424089135651,8,1,8,1,4.44089209850063e-16,1.43038914046656e-11,232,0
13,wave,wave,wave,w*dz(w),0.00191424089003934,8,1,8,1,4.44089209850063e-16,1.44957379433208e-11,232,0
13,wave,wave,wave,u*dx(eta),0.170548710974133,8,1,8,1,1.30037343405263e-15,1.44690925907298e-11,232,0
13,wave,wave,wave,v*dy(eta),0.170548710974133,8,1,8,1,1.21891625711145e-15,7.40774108720643e-12,232,0
13,wave,wave,wave,w*dz(eta),0.17054871085678,8,1,8,1,1.24622364903516e-15,1.44717571259889e-11,232,0
13,wave,wave,wave,w*eta*dlogN2,0,1,1,1,1,0,0,0,232
13,wave,apv,wave,u*dx(u),0.0085544297952031,8,1,2,0,1.23041654908731e-15,1.43207667946399e-11,48,0
13,wave,apv,wave,v*dy(u),0.00855442979520305,8,1,2,0,1.17284286119507e-15,8.10297255864765e-12,48,0
13,wave,apv,wave,w*dz(u),0.00809459079537568,8,1,2,0,1.02518258601253e-15,2.56143994903368e-11,48,0
13,wave,apv,wave,u*dx(v),0.0085544297952031,8,1,2,0,1.23041654908731e-15,1.43207667946399e-11,48,0
13,wave,apv,wave,v*dy(v),0.00855442979520305,8,1,2,0,1.17284286119507e-15,8.10297255864765e-12,48,0
13,wave,apv,wave,w*dz(v),0.00809459079537568,8,1,2,0,1.02518258601253e-15,2.56143994903368e-11,48,0
13,wave,apv,wave,u*dx(w),0,1,1,-1,0,0,0,0,48
13,wave,apv,wave,v*dy(w),0,1,1,-1,0,0,0,0,48
13,wave,apv,wave,w*dz(w),0,1,1,-1,0,0,0,0,48
13,wave,apv,wave,u*dx(eta),0.003151804376973,8,1,2,0,8.73486472596595e-16,2.69346767112211e-11,48,0
13,wave,apv,wave,v*dy(eta),0.00315180437697301,8,1,2,0,1.03721551755168e-15,1.98121519190408e-11,48,0
13,wave,apv,wave,w*dz(eta),0.00333290671423637,8,1,2,0,9.72071269348586e-16,5.05351538393484e-10,48,0
13,wave,apv,wave,w*eta*dlogN2,0,1,1,-1,0,0,0,0,48
13,apv,wave,wave,u*dx(u),0,-1,0,1,1,0,0,0,48
13,apv,wave,wave,v*dy(u),0.0085544298222143,2,0,8,1,1.17071617547586e-15,1.38443700947732e-11,48,0
13,apv,wave,wave,w*dz(u),0,-1,0,1,1,0,0,0,48
13,apv,wave,wave,u*dx(v),0,-1,0,1,1,0,0,0,48
13,apv,wave,wave,v*dy(v),0.0085544298222143,2,0,8,1,1.17071617547586e-15,1.38443700947732e-11,48,0
13,apv,wave,wave,w*dz(v),0,-1,0,1,1,0,0,0,48
13,apv,wave,wave,u*dx(w),0,-1,0,1,1,0,0,0,48
13,apv,wave,wave,v*dy(w),3.61461530625538e-05,2,0,8,1,3.33066907387547e-16,1.38041800212818e-11,48,0
13,apv,wave,wave,w*dz(w),0,-1,0,1,1,0,0,0,48
13,apv,wave,wave,u*dx(eta),0,-1,0,1,1,0,0,0,48
13,apv,wave,wave,v*dy(eta),0.00333290672687908,2,0,8,1,1.51551194011941e-15,1.07770691929688e-11,48,0
13,apv,wave,wave,w*dz(eta),0,-1,0,1,1,0,0,0,48
13,apv,wave,wave,w*eta*dlogN2,0,-1,0,1,1,0,0,0,48
13,wave,boundary,wave,u*dx(u),0.000110711945921455,8,1,1,0,1.16698264741698e-15,1.43927092466356e-11,32,0
13,wave,boundary,wave,v*dy(u),0.000110711945921487,8,1,1,0,1.3306289345632e-15,7.2704064990603e-12,32,0
13,wave,boundary,wave,w*dz(u),0.000319753399319019,8,1,1,0,9.18501709637007e-16,1.43345335601452e-11,32,0
13,wave,boundary,wave,u*dx(v),0.000110711945921455,8,1,1,0,1.16698264741698e-15,1.43927092466356e-11,32,0
13,wave,boundary,wave,v*dy(v),0.000110711945921487,8,1,1,0,1.3306289345632e-15,7.2704064990603e-12,32,0
13,wave,boundary,wave,w*dz(v),0.000319753399319019,8,1,1,0,9.18501709637007e-16,1.43345335601452e-11,32,0
13,wave,boundary,wave,u*dx(w),0,1,1,1,0,0,0,0,32
13,wave,boundary,wave,v*dy(w),0,1,1,1,0,0,0,0,32
13,wave,boundary,wave,w*dz(w),0,1,1,1,0,0,0,0,32
13,wave,boundary,wave,u*dx(eta),0.000112755364443218,8,1,2,0,8.25193468106461e-16,1.4424239580535e-11,32,0
13,wave,boundary,wave,v*dy(eta),0.000112755364443151,8,1,2,0,7.63981854222033e-16,7.30193683295965e-12,32,0
13,wave,boundary,wave,w*dz(eta),6.69502330766048e-05,8,1,1,0,1.10033689859009e-15,1.44408929259043e-11,32,0
13,wave,boundary,wave,w*eta*dlogN2,0,1,1,1,0,0,0,0,32
13,boundary,wave,wave,u*dx(u),0,1,0,1,1,0,0,0,32
13,boundary,wave,wave,v*dy(u),8.33248658805722e-05,2,0,8,1,1.04592249016981e-15,1.51255674651907e-11,32,0
13,boundary,wave,wave,w*dz(u),0,1,0,1,1,0,0,0,32
13,boundary,wave,wave,u*dx(v),0,1,0,1,1,0,0,0,32
13,boundary,wave,wave,v*dy(v),8.33248658805722e-05,2,0,8,1,1.04592249016981e-15,1.51255674651907e-11,32,0
13,boundary,wave,wave,w*dz(v),0,1,0,1,1,0,0,0,32
13,boundary,wave,wave,u*dx(w),0,1,0,1,1,0,0,0,32
13,boundary,wave,wave,v*dy(w),5.33481812985516e-07,2,0,8,1,4.44089209850063e-16,1.9320101074527e-11,32,0
13,boundary,wave,wave,w*dz(w),0,1,0,1,1,0,0,0,32
13,boundary,wave,wave,u*dx(eta),0,1,0,1,1,0,0,0,32
13,boundary,wave,wave,v*dy(eta),4.64012903095487e-05,2,0,8,1,8.46280017547733e-16,3.11049199080365e-11,32,0
13,boundary,wave,wave,w*dz(eta),0,1,0,1,1,0,0,0,32
13,boundary,wave,wave,w*eta*dlogN2,0,1,0,1,1,0,0,0,32
13,apv,boundary,wave,u*dx(u),0,-1,0,1,0,0,0,0,6
13,apv,boundary,wave,v*dy(u),2.54667320648784e-06,2,0,1,0,1.12072746967205e-15,1.05134789762928e-11,6,0
13,apv,boundary,wave,w*dz(u),0,-1,0,1,0,0,0,0,6
13,apv,boundary,wave,u*dx(v),0,-1,0,1,0,0,0,0,6
13,apv,boundary,wave,v*dy(v),2.54667320648784e-06,2,0,1,0,1.12072746967205e-15,1.05134789762928e-11,6,0
13,apv,boundary,wave,w*dz(v),0,-1,0,1,0,0,0,0,6
13,apv,boundary,wave,u*dx(w),0,-1,0,1,0,0,0,0,6
13,apv,boundary,wave,v*dy(w),0,-1,0,1,0,0,0,0,6
13,apv,boundary,wave,w*dz(w),0,-1,0,1,0,0,0,0,6
13,apv,boundary,wave,u*dx(eta),0,-1,0,1,0,0,0,0,6
13,apv,boundary,wave,v*dy(eta),2.97319754575655e-06,2,0,1,0,4.4059264156682e-16,1.04884989582388e-11,6,0
13,apv,boundary,wave,w*dz(eta),0,-1,0,1,0,0,0,0,6
13,apv,boundary,wave,w*eta*dlogN2,0,-1,0,1,0,0,0,0,6
13,boundary,apv,wave,u*dx(u),0,1,0,-1,0,0,0,0,6
13,boundary,apv,wave,v*dy(u),5.03987753982878e-06,1,0,2,0,1.42671919007489e-15,1.25991439503537e-11,6,0
13,boundary,apv,wave,w*dz(u),0,1,0,-1,0,0,0,0,6
13,boundary,apv,wave,u*dx(v),0,1,0,-1,0,0,0,0,6
13,boundary,apv,wave,v*dy(v),5.03987753982878e-06,1,0,2,0,1.42671919007489e-15,1.25991439503537e-11,6,0
13,boundary,apv,wave,w*dz(v),0,1,0,-1,0,0,0,0,6
13,boundary,apv,wave,u*dx(w),0,1,0,-1,0,0,0,0,6
13,boundary,apv,wave,v*dy(w),0,1,0,-1,0,0,0,0,6
13,boundary,apv,wave,w*dz(w),0,1,0,-1,0,0,0,0,6
13,boundary,apv,wave,u*dx(eta),0,1,0,-1,0,0,0,0,6
13,boundary,apv,wave,v*dy(eta),7.0348304577836e-06,2,0,2,0,5.34725267360304e-16,6.42614850221435e-11,6,0
13,boundary,apv,wave,w*dz(eta),0,1,0,-1,0,0,0,0,6
13,boundary,apv,wave,w*eta*dlogN2,0,1,0,-1,0,0,0,0,6
13,boundary,boundary,wave,u*dx(u),0,1,0,1,0,0,0,0,4
13,boundary,boundary,wave,v*dy(u),1.3118543021988e-06,2,0,2,0,1.1422692589414e-14,2.26899079262982e-09,4,0
13,boundary,boundary,wave,w*dz(u),0,1,0,1,0,0,0,0,4
13,boundary,boundary,wave,u*dx(v),0,1,0,1,0,0,0,0,4
13,boundary,boundary,wave,v*dy(v),1.3118543021988e-06,2,0,2,0,1.1422692589414e-14,2.26899079262982e-09,4,0
13,boundary,boundary,wave,w*dz(v),0,1,0,1,0,0,0,0,4
13,boundary,boundary,wave,u*dx(w),0,1,0,1,0,0,0,0,4
13,boundary,boundary,wave,v*dy(w),0,1,0,1,0,0,0,0,4
13,boundary,boundary,wave,w*dz(w),0,1,0,1,0,0,0,0,4
13,boundary,boundary,wave,u*dx(eta),0,1,0,1,0,0,0,0,4
13,boundary,boundary,wave,v*dy(eta),4.60581640519741e-07,2,0,1,0,1.72698706127702e-14,2.31795181764975e-09,4,0
13,boundary,boundary,wave,w*dz(eta),0,1,0,1,0,0,0,0,4
13,boundary,boundary,wave,w*eta*dlogN2,0,1,0,1,0,0,0,0,4
43,wave,wave,wave,u*dx(u),0,1,1,1,1,0,0,0,232
43,wave,wave,wave,v*dy(u),0.264833404782034,7,1,8,1,1.44042971876944e-15,1.38422606710265e-11,232,0
43,wave,wave,wave,w*dz(u),0.264830471105621,7,1,8,1,1.34055315903002e-15,7.39568385765819e-07,232,0
43,wave,wave,wave,u*dx(v),0,1,1,1,1,0,0,0,232
43,wave,wave,wave,v*dy(v),0.264833404782034,7,1,8,1,1.43038654193594e-15,1.45143896901345e-11,232,0
43,wave,wave,wave,w*dz(v),0.264830471105621,7,1,8,1,1.23727932630326e-15,7.39565822868099e-07,232,0
43,wave,wave,wave,u*dx(w),0,1,1,1,1,0,0,0,232
43,wave,wave,wave,v*dy(w),0.00191424089003934,8,1,8,1,4.44089209850063e-16,1.44850798022844e-11,232,0
43,wave,wave,wave,w*dz(w),0.00191424089135651,8,1,8,1,5.55111512312578e-16,1.44935174972716e-11,232,0
43,wave,wave,wave,u*dx(eta),0,1,1,1,1,0,0,0,232
43,wave,wave,wave,v*dy(eta),0.17054871085678,8,1,8,1,1.06578238706451e-15,1.38914435510173e-11,232,0
43,wave,wave,wave,w*dz(eta),0.170548710974133,8,1,8,1,1.38500005162976e-15,1.43038914046656e-11,232,0
43,wave,wave,wave,w*eta*dlogN2,0,1,1,1,1,0,0,0,232
43,wave,apv,wave,u*dx(u),0,1,1,-1,0,0,0,0,48
43,wave,apv,wave,v*dy(u),0.00855442982221429,8,1,2,0,1.17421198648536e-15,1.38443700947732e-11,48,0
43,wave,apv,wave,w*dz(u),0.00809459082554738,8,1,2,0,9.15286179053879e-16,1.79326553606529e-11,48,0
43,wave,apv,wave,u*dx(v),0,1,1,-1,0,0,0,0,48
43,wave,apv,wave,v*dy(v),0,1,1,-1,0,0,0,0,48
43,wave,apv,wave,w*dz(v),0,1,1,-1,0,0,0,0,48
43,wave,apv,wave,u*dx(w),0,1,1,-1,0,0,0,0,48
43,wave,apv,wave,v*dy(w),0,1,1,-1,0,0,0,0,48
43,wave,apv,wave,w*dz(w),0,1,1,-1,0,0,0,0,48
43,wave,apv,wave,u*dx(eta),0,1,1,-1,0,0,0,0,48
43,wave,apv,wave,v*dy(eta),0.00315180438870129,8,1,2,0,7.82105570804486e-16,1.63134188993406e-11,48,0
43,wave,apv,wave,w*dz(eta),0.00333290672704044,8,1,2,0,1.01197768334616e-15,4.76820360972852e-10,48,0
43,wave,apv,wave,w*eta*dlogN2,0,1,1,-1,0,0,0,0,48
43,apv,wave,wave,u*dx(u),0,-1,0,1,1,0,0,0,48
43,apv,wave,wave,v*dy(u),0.00855442979520302,2,0,8,1,1.1780543844137e-15,8.10304614183459e-12,48,0
43,apv,wave,wave,w*dz(u),0,-1,0,1,1,0,0,0,48
43,apv,wave,wave,u*dx(v),0,-1,0,1,1,0,0,0,48
43,apv,wave,wave,v*dy(v),0.0085544297952031,2,0,8,1,1.20852781797411e-15,1.43207667946399e-11,48,0
43,apv,wave,wave,w*dz(v),0,-1,0,1,1,0,0,0,48
43,apv,wave,wave,u*dx(w),0,-1,0,1,1,0,0,0,48
43,apv,wave,wave,v*dy(w),3.61461529238019e-05,2,0,8,1,2.22044604925031e-16,1.64259716939341e-11,48,0
43,apv,wave,wave,w*dz(w),0,-1,0,1,1,0,0,0,48
43,apv,wave,wave,u*dx(eta),0,-1,0,1,1,0,0,0,48
43,apv,wave,wave,v*dy(eta),0.00333290671407484,2,0,8,1,1.27862985552858e-15,1.0808215025854e-11,48,0
43,apv,wave,wave,w*dz(eta),0,-1,0,1,1,0,0,0,48
43,apv,wave,wave,w*eta*dlogN2,0,-1,0,1,1,0,0,0,48
43,wave,boundary,wave,u*dx(u),0,1,1,1,0,0,0,0,32
43,wave,boundary,wave,v*dy(u),8.33248658805285e-05,8,1,2,0,1.03888452094283e-15,1.51257895097956e-11,32,0
43,wave,boundary,wave,w*dz(u),0.000198385667879444,8,1,1,0,1.53811117983962e-15,1.38099531810099e-11,32,0
43,wave,boundary,wave,u*dx(v),0,1,1,1,0,0,0,0,32
43,wave,boundary,wave,v*dy(v),0,1,1,1,0,0,0,0,32
43,wave,boundary,wave,w*dz(v),0,1,1,1,0,0,0,0,32
43,wave,boundary,wave,u*dx(w),0,1,1,1,0,0,0,0,32
43,wave,boundary,wave,v*dy(w),0,1,1,1,0,0,0,0,32
43,wave,boundary,wave,w*dz(w),0,1,1,1,0,0,0,0,32
43,wave,boundary,wave,u*dx(eta),0,1,1,1,0,0,0,0,32
43,wave,boundary,wave,v*dy(eta),6.60371815395011e-05,8,1,1,0,7.49077096506434e-16,1.35437216997047e-11,32,0
43,wave,boundary,wave,w*dz(eta),4.64012902905725e-05,8,1,2,0,8.60228306142564e-16,1.37954092593873e-11,32,0
43,wave,boundary,wave,w*eta*dlogN2,0,1,1,1,0,0,0,0,32
43,boundary,wave,wave,u*dx(u),0,1,0,1,1,0,0,0,32
43,boundary,wave,wave,v*dy(u),0.000110711945921519,1,0,8,1,1.32937107804983e-15,7.2704064990603e-12,32,0
43,boundary,wave,wave,w*dz(u),0,1,0,1,1,0,0,0,32
43,boundary,wave,wave,u*dx(v),0,1,0,1,1,0,0,0,32
43,boundary,wave,wave,v*dy(v),0.00011071194592142,1,0,8,1,1.17368517029439e-15,1.43927092466356e-11,32,0
43,boundary,wave,wave,w*dz(v),0,1,0,1,1,0,0,0,32
43,boundary,wave,wave,u*dx(w),0,1,0,1,1,0,0,0,32
43,boundary,wave,wave,v*dy(w),7.86977400752209e-07,1,0,8,1,2.22044604925031e-16,1.4462653297187e-11,32,0
43,boundary,wave,wave,w*dz(w),0,1,0,1,1,0,0,0,32
43,boundary,wave,wave,u*dx(eta),0,1,0,1,1,0,0,0,32
43,boundary,wave,wave,v*dy(eta),6.69502330727419e-05,1,0,8,1,9.10475762291212e-16,7.34012850500676e-12,32,0
43,boundary,wave,wave,w*dz(eta),0,1,0,1,1,0,0,0,32
43,boundary,wave,wave,w*eta*dlogN2,0,1,0,1,1,0,0,0,32
43,apv,boundary,wave,u*dx(u),0,-1,0,1,0,0,0,0,6
43,apv,boundary,wave,v*dy(u),5.03987753982289e-06,2,0,1,0,1.43351602287046e-15,1.25991439503537e-11,6,0
43,apv,boundary,wave,w*dz(u),0,-1,0,1,0,0,0,0,6
43,apv,boundary,wave,u*dx(v),0,-1,0,1,0,0,0,0,6
43,apv,boundary,wave,v*dy(v),0,-1,0,1,0,0,0,0,6
43,apv,boundary,wave,w*dz(v),0,-1,0,1,0,0,0,0,6
43,apv,boundary,wave,u*dx(w),0,-1,0,1,0,0,0,0,6
43,apv,boundary,wave,v*dy(w),0,-1,0,1,0,0,0,0,6
43,apv,boundary,wave,w*dz(w),0,-1,0,1,0,0,0,0,6
43,apv,boundary,wave,u*dx(eta),0,-1,0,1,0,0,0,0,6
43,apv,boundary,wave,v*dy(eta),6.47522661006325e-07,2,0,2,0,5.18167517284074e-16,1.11010090009245e-11,6,0
43,apv,boundary,wave,w*dz(eta),0,-1,0,1,0,0,0,0,6
43,apv,boundary,wave,w*eta*dlogN2,0,-1,0,1,0,0,0,0,6
43,boundary,apv,wave,u*dx(u),0,1,0,-1,0,0,0,0,6
43,boundary,apv,wave,v*dy(u),2.54667320652167e-06,1,0,2,0,1.18510404415307e-15,1.05134789762928e-11,6,0
43,boundary,apv,wave,w*dz(u),0,1,0,-1,0,0,0,0,6
43,boundary,apv,wave,u*dx(v),0,1,0,-1,0,0,0,0,6
43,boundary,apv,wave,v*dy(v),0,1,0,-1,0,0,0,0,6
43,boundary,apv,wave,w*dz(v),0,1,0,-1,0,0,0,0,6
43,boundary,apv,wave,u*dx(w),0,1,0,-1,0,0,0,0,6
43,boundary,apv,wave,v*dy(w),0,1,0,-1,0,0,0,0,6
43,boundary,apv,wave,w*dz(w),0,1,0,-1,0,0,0,0,6
43,boundary,apv,wave,u*dx(eta),0,1,0,-1,0,0,0,0,6
43,boundary,apv,wave,v*dy(eta),2.35850331709542e-06,2,0,1,0,1.00323310884334e-15,4.81019668541194e-11,6,0
43,boundary,apv,wave,w*dz(eta),0,1,0,-1,0,0,0,0,6
43,boundary,apv,wave,w*eta*dlogN2,0,1,0,-1,0,0,0,0,6
43,boundary,boundary,wave,u*dx(u),0,1,0,1,0,0,0,0,4
43,boundary,boundary,wave,v*dy(u),1.31185430220164e-06,2,0,2,0,1.13885562756384e-14,2.26899075740406e-09,4,0
43,boundary,boundary,wave,w*dz(u),0,1,0,1,0,0,0,0,4
43,boundary,boundary,wave,u*dx(v),0,1,0,1,0,0,0,0,4
43,boundary,boundary,wave,v*dy(v),0,1,0,1,0,0,0,0,4
43,boundary,boundary,wave,w*dz(v),0,1,0,1,0,0,0,0,4
43,boundary,boundary,wave,u*dx(w),0,1,0,1,0,0,0,0,4
43,boundary,boundary,wave,v*dy(w),0,1,0,1,0,0,0,0,4
43,boundary,boundary,wave,w*dz(w),0,1,0,1,0,0,0,0,4
43,boundary,boundary,wave,u*dx(eta),0,1,0,1,0,0,0,0,4
43,boundary,boundary,wave,v*dy(eta),4.09842985342213e-07,1,0,2,0,9.68909162760213e-15,1.35319055960537e-09,4,0
43,boundary,boundary,wave,w*dz(eta),0,1,0,1,0,0,0,0,4
43,boundary,boundary,wave,w*eta*dlogN2,0,1,0,1,0,0,0,0,4
4,wave,wave,wave,u*dx(u),0.264833405058579,8,1,7,1,1.23605810451663e-15,3.38740147043382e-11,232,0
4,wave,wave,wave,v*dy(u),0,1,1,1,1,0,0,0,232
4,wave,wave,wave,w*dz(u),0.264830471421144,8,1,7,1,1.28764113543772e-15,6.02113579360795e-07,232,0
4,wave,wave,wave,u*dx(v),0.264833405058579,8,1,7,1,1.39934279280462e-15,1.82468484766218e-11,232,0
4,wave,wave,wave,v*dy(v),0,1,1,1,1,0,0,0,232
4,wave,wave,wave,w*dz(v),0.264830471421143,8,1,7,1,1.55377848884475e-15,6.02107532044615e-07,232,0
4,wave,wave,wave,u*dx(w),0.00191424089201513,8,1,8,1,4.44089209850063e-16,3.38018502077375e-11,232,0
4,wave,wave,wave,v*dy(w),0,1,1,1,1,0,0,0,232
4,wave,wave,wave,w*dz(w),0.00191424088938079,8,1,8,1,4.44089209850063e-16,3.38993277892996e-11,232,0
4,wave,wave,wave,u*dx(eta),0.170548711032812,8,1,8,1,1.00519288285563e-15,1.81513692965041e-11,232,0
4,wave,wave,wave,v*dy(eta),0,1,1,1,1,0,0,0,232
4,wave,wave,wave,w*dz(eta),0.170548710798108,8,1,8,1,1.05836461690084e-15,1.8550050384647e-11,232,0
4,wave,wave,wave,w*eta*dlogN2,0,1,1,1,1,0,0,0,232
4,wave,apv,wave,u*dx(u),0,1,1,-1,0,0,0,0,48
4,wave,apv,wave,v*dy(u),0,1,1,-1,0,0,0,0,48
4,wave,apv,wave,w*dz(u),0,1,1,-1,0,0,0,0,48
4,wave,apv,wave,u*dx(v),0.00855442978169021,8,1,2,0,1.0291091873303e-15,1.8258172751473e-11,48,0
4,wave,apv,wave,v*dy(v),0,1,1,-1,0,0,0,0,48
4,wave,apv,wave,w*dz(v),0.00809459078028886,8,1,2,0,1.05270426676859e-15,2.22444285213896e-11,48,0
4,wave,apv,wave,u*dx(w),0,1,1,-1,0,0,0,0,48
4,wave,apv,wave,v*dy(w),0,1,1,-1,0,0,0,0,48
4,wave,apv,wave,w*dz(w),0,1,1,-1,0,0,0,0,48
4,wave,apv,wave,u*dx(eta),0.00315180437110887,8,1,2,0,1.20721612222837e-15,1.97405967877391e-11,48,0
4,wave,apv,wave,v*dy(eta),0,1,1,-1,0,0,0,0,48
4,wave,apv,wave,w*dz(eta),0.00333290670783541,8,1,2,0,1.21404870207189e-15,4.73090455699321e-10,48,0
4,wave,apv,wave,w*eta*dlogN2,0,1,1,-1,0,0,0,0,48
4,apv,wave,wave,u*dx(u),0.0085544298357307,2,0,8,1,1.18933805724361e-15,3.37414540751979e-11,48,0
4,apv,wave,wave,v*dy(u),0,-1,0,1,1,0,0,0,48
4,apv,wave,wave,w*dz(u),0,-1,0,1,1,0,0,0,48
4,apv,wave,wave,u*dx(v),0.00855442983573048,2,0,8,1,1.22452246858277e-15,1.69331215715829e-11,48,0
4,apv,wave,wave,v*dy(v),0,-1,0,1,1,0,0,0,48
4,apv,wave,wave,w*dz(v),0,-1,0,1,1,0,0,0,48
4,apv,wave,wave,u*dx(w),3.61461531319241e-05,2,0,8,1,3.33066907387547e-16,3.57203155942898e-11,48,0
4,apv,wave,wave,v*dy(w),0,-1,0,1,1,0,0,0,48
4,apv,wave,wave,w*dz(w),0,-1,0,1,1,0,0,0,48
4,apv,wave,wave,u*dx(eta),0.00333290673328051,2,0,8,1,1.59995459800401e-15,1.89115390014649e-11,48,0
4,apv,wave,wave,v*dy(eta),0,-1,0,1,1,0,0,0,48
4,apv,wave,wave,w*dz(eta),0,-1,0,1,1,0,0,0,48
4,apv,wave,wave,w*eta*dlogN2,0,-1,0,1,1,0,0,0,48
4,wave,boundary,wave,u*dx(u),0,1,1,1,0,0,0,0,32
4,wave,boundary,wave,v*dy(u),0,1,1,1,0,0,0,0,32
4,wave,boundary,wave,w*dz(u),0,1,1,1,0,0,0,0,32
4,wave,boundary,wave,u*dx(v),0.000272322310989376,8,1,1,0,1.18625180917108e-15,1.94053662028182e-11,32,0
4,wave,boundary,wave,v*dy(v),0,1,1,1,0,0,0,0,32
4,wave,boundary,wave,w*dz(v),0.00027077169891469,8,1,2,0,1.52028528015265e-15,1.84420256843509e-11,32,0
4,wave,boundary,wave,u*dx(w),0,1,1,1,0,0,0,0,32
4,wave,boundary,wave,v*dy(w),0,1,1,1,0,0,0,0,32
4,wave,boundary,wave,w*dz(w),0,1,1,1,0,0,0,0,32
4,wave,boundary,wave,u*dx(eta),0.000105685620781877,8,1,2,0,7.94715967550157e-16,1.85701454213927e-11,32,0
4,wave,boundary,wave,v*dy(eta),0,1,1,1,0,0,0,0,32
4,wave,boundary,wave,w*dz(eta),0.000131027791629884,8,1,1,0,7.43640025206019e-16,1.84294801641727e-11,32,0
4,wave,boundary,wave,w*eta*dlogN2,0,1,1,1,0,0,0,0,32
4,boundary,wave,wave,u*dx(u),7.84414071318592e-05,2,0,8,1,1.2685264146069e-15,3.38453709503028e-11,32,0
4,boundary,wave,wave,v*dy(u),0,1,0,1,1,0,0,0,32
4,boundary,wave,wave,w*dz(u),0,1,0,1,1,0,0,0,32
4,boundary,wave,wave,u*dx(v),7.84414071317235e-05,2,0,8,1,1.15546856184898e-15,1.70368164020829e-11,32,0
4,boundary,wave,wave,v*dy(v),0,1,0,1,1,0,0,0,32
4,boundary,wave,wave,w*dz(v),0,1,0,1,1,0,0,0,32
4,boundary,wave,wave,u*dx(w),4.89888318339506e-07,2,0,8,1,3.33066907387547e-16,3.37303518449517e-11,32,0
4,boundary,wave,wave,v*dy(w),0,1,0,1,1,0,0,0,32
4,boundary,wave,wave,w*dz(w),0,1,0,1,1,0,0,0,32
4,boundary,wave,wave,u*dx(eta),4.34505934694932e-05,2,0,8,1,9.12060424201698e-16,1.92812747294587e-11,32,0
4,boundary,wave,wave,v*dy(eta),0,1,0,1,1,0,0,0,32
4,boundary,wave,wave,w*dz(eta),0,1,0,1,1,0,0,0,32
4,boundary,wave,wave,w*eta*dlogN2,0,1,0,1,1,0,0,0,32
4,apv,boundary,wave,u*dx(u),0,-1,0,1,0,0,0,0,6
4,apv,boundary,wave,v*dy(u),0,-1,0,1,0,0,0,0,6
4,apv,boundary,wave,w*dz(u),0,-1,0,1,0,0,0,0,6
4,apv,boundary,wave,u*dx(v),9.74439699578949e-06,2,0,2,0,1.89949178235823e-15,1.06293862600637e-11,6,0
4,apv,boundary,wave,v*dy(v),0,-1,0,1,0,0,0,0,6
4,apv,boundary,wave,w*dz(v),0,-1,0,1,0,0,0,0,6
4,apv,boundary,wave,u*dx(w),0,-1,0,1,0,0,0,0,6
4,apv,boundary,wave,v*dy(w),0,-1,0,1,0,0,0,0,6
4,apv,boundary,wave,w*dz(w),0,-1,0,1,0,0,0,0,6
4,apv,boundary,wave,u*dx(eta),4.07917307198312e-06,2,0,1,0,8.32543559514733e-16,9.61664081700064e-12,6,0
4,apv,boundary,wave,v*dy(eta),0,-1,0,1,0,0,0,0,6
4,apv,boundary,wave,w*dz(eta),0,-1,0,1,0,0,0,0,6
4,apv,boundary,wave,w*eta*dlogN2,0,-1,0,1,0,0,0,0,6
4,boundary,apv,wave,u*dx(u),0,1,0,-1,0,0,0,0,6
4,boundary,apv,wave,v*dy(u),0,1,0,-1,0,0,0,0,6
4,boundary,apv,wave,w*dz(u),0,1,0,-1,0,0,0,0,6
4,boundary,apv,wave,u*dx(v),4.21088187662049e-06,2,0,2,0,1.5323308521742e-15,1.20947696302665e-11,6,0
4,boundary,apv,wave,v*dy(v),0,1,0,-1,0,0,0,0,6
4,boundary,apv,wave,w*dz(v),0,1,0,-1,0,0,0,0,6
4,boundary,apv,wave,u*dx(w),0,1,0,-1,0,0,0,0,6
4,boundary,apv,wave,v*dy(w),0,1,0,-1,0,0,0,0,6
4,boundary,apv,wave,w*dz(w),0,1,0,-1,0,0,0,0,6
4,boundary,apv,wave,u*dx(eta),7.54405659436241e-06,2,0,2,0,9.50914024054369e-16,6.50894893539089e-11,6,0
4,boundary,apv,wave,v*dy(eta),0,1,0,-1,0,0,0,0,6
4,boundary,apv,wave,w*dz(eta),0,1,0,-1,0,0,0,0,6
4,boundary,apv,wave,w*eta*dlogN2,0,1,0,-1,0,0,0,0,6
4,boundary,boundary,wave,u*dx(u),0,1,0,1,0,0,0,0,4
4,boundary,boundary,wave,v*dy(u),0,1,0,1,0,0,0,0,4
4,boundary,boundary,wave,w*dz(u),0,1,0,1,0,0,0,0,4
4,boundary,boundary,wave,u*dx(v),9.20227312625357e-07,2,0,1,0,1.68696306810517e-15,1.10153045094896e-10,4,0
4,boundary,boundary,wave,v*dy(v),0,1,0,1,0,0,0,0,4
4,boundary,boundary,wave,w*dz(v),0,1,0,1,0,0,0,0,4
4,boundary,boundary,wave,u*dx(w),0,1,0,1,0,0,0,0,4
4,boundary,boundary,wave,v*dy(w),0,1,0,1,0,0,0,0,4
4,boundary,boundary,wave,w*dz(w),0,1,0,1,0,0,0,0,4
4,boundary,boundary,wave,u*dx(eta),4.22804924687984e-07,2,0,1,0,4.03896876065085e-15,2.41087320651583e-10,4,0
4,boundary,boundary,wave,v*dy(eta),0,1,0,1,0,0,0,0,4
4,boundary,boundary,wave,w*dz(eta),0,1,0,1,0,0,0,0,4
4,boundary,boundary,wave,w*eta*dlogN2,0,1,0,1,0,0,0,0,4
47,wave,wave,wave,u*dx(u),0.263960261114047,7,1,8,1,1.78661561559508e-15,3.19577697638351e-11,232,0
47,wave,wave,wave,v*dy(u),0.263960261114047,7,1,8,1,1.78661561559508e-15,3.19577697638351e-11,232,0
47,wave,wave,wave,w*dz(u),0.263957323530251,7,1,8,1,1.28707638091615e-15,3.92958930793894e-07,232,0
47,wave,wave,wave,u*dx(v),0.275162055572989,7,1,8,1,2.0118349898743e-15,3.19597681652795e-11,232,0
47,wave,wave,wave,v*dy(v),0.275162055572989,7,1,8,1,2.0118349898743e-15,3.19597681652795e-11,232,0
47,wave,wave,wave,w*dz(v),0.275159065992377,7,1,8,1,1.54256730250703e-15,4.87023005458493e-07,232,0
47,wave,wave,wave,u*dx(w),0.00135358240893522,8,1,8,1,4.44089209850063e-16,3.18081117001157e-11,232,0
47,wave,wave,wave,v*dy(w),0.00135358240893522,8,1,8,1,4.44089209850063e-16,3.18081117001157e-11,232,0
47,wave,wave,wave,w*dz(w),0.00135358241033229,8,1,8,1,4.44089209850063e-16,3.19563264739031e-11,232,0
47,wave,wave,wave,u*dx(eta),0.127204735319639,8,1,8,1,1.10720713645104e-15,2.27250440687499e-11,232,0
47,wave,wave,wave,v*dy(eta),0.127204735319639,8,1,8,1,1.10720713645104e-15,2.27250440687499e-11,232,0
47,wave,wave,wave,w*dz(eta),0.12720473545093,8,1,8,1,2.25592336274058e-15,2.28732588425373e-11,232,0
47,wave,wave,wave,w*eta*dlogN2,0,1,1,1,1,0,0,0,232
47,wave,apv,wave,u*dx(u),0.00852947355794735,8,1,2,0,1.39388315295776e-15,1.38443700947732e-11,48,0
47,wave,apv,wave,v*dy(u),0.00852947355794735,8,1,2,0,1.39388315295776e-15,1.38443700947732e-11,48,0
47,wave,apv,wave,w*dz(u),0.00807104591025903,8,1,2,0,1.33130152844108e-15,1.79326553606529e-11,48,0
47,wave,apv,wave,u*dx(v),0.00887303204568474,8,1,2,0,1.30708456563346e-15,1.59900963801383e-11,48,0
47,wave,apv,wave,v*dy(v),0.00887303204568474,8,1,2,0,1.30708456563346e-15,1.59900963801383e-11,48,0
47,wave,apv,wave,w*dz(v),0.00839571803100184,8,1,2,0,1.9704619867798e-15,1.85990685719268e-11,48,0
47,wave,apv,wave,u*dx(w),0,1,1,-1,0,0,0,0,48
47,wave,apv,wave,v*dy(w),0,1,1,-1,0,0,0,0,48
47,wave,apv,wave,w*dz(w),0,1,1,-1,0,0,0,0,48
47,wave,apv,wave,u*dx(eta),0.00231284838080382,8,1,2,0,1.28728793109945e-15,1.512012737237e-11,48,0
47,wave,apv,wave,v*dy(eta),0.00231284838080382,8,1,2,0,1.28728793109945e-15,1.512012737237e-11,48,0
47,wave,apv,wave,w*dz(eta),0.00244587501658935,8,1,2,0,1.25309012083292e-15,4.76820360972852e-10,48,0
47,wave,apv,wave,w*eta*dlogN2,0,1,1,-1,0,0,0,0,48
47,apv,wave,wave,u*dx(u),0.00852947351753667,2,0,8,1,1.16155141145309e-15,1.82565074169361e-11,48,0
47,apv,wave,wave,v*dy(u),0.00852947351753667,2,0,8,1,1.16155141145309e-15,1.82565074169361e-11,48,0
47,apv,wave,wave,w*dz(u),0,-1,0,1,1,0,0,0,48
47,apv,wave,wave,u*dx(v),0.00887303200366787,2,0,8,1,1.52710341294243e-15,1.98204406345728e-11,48,0
47,apv,wave,wave,v*dy(v),0.00887303200366787,2,0,8,1,1.52710341294243e-15,1.98204406345728e-11,48,0
47,apv,wave,wave,w*dz(v),0,-1,0,1,1,0,0,0,48
47,apv,wave,wave,u*dx(w),2.55594315202485e-05,2,0,8,1,3.33066907387547e-16,1.81287207468017e-11,48,0
47,apv,wave,wave,v*dy(w),2.55594315202485e-05,2,0,8,1,3.33066907387547e-16,1.81287207468017e-11,48,0
47,apv,wave,wave,w*dz(w),0,-1,0,1,1,0,0,0,48
47,apv,wave,wave,u*dx(eta),0.00244587500238645,2,0,8,1,1.04154501185561e-15,1.0153730870641e-11,48,0
47,apv,wave,wave,v*dy(eta),0.00244587500238645,2,0,8,1,1.04154501185561e-15,1.0153730870641e-11,48,0
47,apv,wave,wave,w*dz(eta),0,-1,0,1,1,0,0,0,48
47,apv,wave,wave,w*eta*dlogN2,0,-1,0,1,1,0,0,0,48
47,wave,boundary,wave,u*dx(u),7.80956935247972e-05,8,1,2,0,1.11299395948525e-15,1.42208467224236e-11,32,0
47,wave,boundary,wave,v*dy(u),7.80956935247972e-05,8,1,2,0,1.11299395948525e-15,1.42208467224236e-11,32,0
47,wave,boundary,wave,w*dz(u),0.000158084913303388,8,1,1,0,1.22232122419808e-15,1.38018485529301e-11,32,0
47,wave,boundary,wave,u*dx(v),8.16914878353288e-05,8,1,2,0,1.40271355496604e-15,1.42208467224236e-11,32,0
47,wave,boundary,wave,v*dy(v),8.16914878353288e-05,8,1,2,0,1.40271355496604e-15,1.42208467224236e-11,32,0
47,wave,boundary,wave,w*dz(v),0.000166531784918716,8,1,1,0,1.43800929425306e-15,1.38018485529301e-11,32,0
47,wave,boundary,wave,u*dx(w),0,1,1,1,0,0,0,0,32
47,wave,boundary,wave,v*dy(w),0,1,1,1,0,0,0,0,32
47,wave,boundary,wave,w*dz(w),0,1,1,1,0,0,0,0,32
47,wave,boundary,wave,u*dx(eta),3.88377073836658e-05,8,1,1,0,6.35052389899242e-16,1.35539357515313e-11,32,0
47,wave,boundary,wave,v*dy(eta),3.88377073836658e-05,8,1,1,0,6.35052389899242e-16,1.35539357515313e-11,32,0
47,wave,boundary,wave,w*dz(eta),3.22697580111012e-05,8,1,2,0,1.12191363644801e-15,1.38012934414178e-11,32,0
47,wave,boundary,wave,w*eta*dlogN2,0,1,1,1,0,0,0,0,32
47,boundary,wave,wave,u*dx(u),0.000109549294583158,1,0,8,1,1.27272404126004e-15,1.91284765804767e-11,32,0
47,boundary,wave,wave,v*dy(u),0.000109549294583158,1,0,8,1,1.27272404126004e-15,1.91284765804767e-11,32,0
47,boundary,wave,wave,w*dz(u),0,1,0,1,1,0,0,0,32
47,boundary,wave,wave,u*dx(v),0.000118092633485606,1,0,8,1,1.35122728953145e-15,1.9130474981921e-11,32,0
47,boundary,wave,wave,v*dy(v),0.000118092633485606,1,0,8,1,1.35122728953145e-15,1.9130474981921e-11,32,0
47,boundary,wave,wave,w*dz(v),0,1,0,1,1,0,0,0,32
47,boundary,wave,wave,u*dx(w),5.56486373773889e-07,1,0,8,1,2.22044604925031e-16,1.90580884407154e-11,32,0
47,boundary,wave,wave,v*dy(w),5.56486373773889e-07,1,0,8,1,2.22044604925031e-16,1.90580884407154e-11,32,0
47,boundary,wave,wave,w*dz(w),0,1,0,1,1,0,0,0,32
47,boundary,wave,wave,u*dx(eta),5.08034026183748e-05,1,0,8,1,1.06436464636409e-15,9.97513183165211e-12,32,0
47,boundary,wave,wave,v*dy(eta),5.08034026183748e-05,1,0,8,1,1.06436464636409e-15,9.97513183165211e-12,32,0
47,boundary,wave,wave,w*dz(eta),0,1,0,1,1,0,0,0,32
47,boundary,wave,wave,w*eta*dlogN2,0,1,0,1,1,0,0,0,32
47,apv,boundary,wave,u*dx(u),4.19770906366377e-06,2,0,2,0,1.07501833201115e-15,1.20947696302665e-11,6,0
47,apv,boundary,wave,v*dy(u),4.19770906366377e-06,2,0,2,0,1.07501833201115e-15,1.20947696302665e-11,6,0
47,apv,boundary,wave,w*dz(u),0,-1,0,1,0,0,0,0,6
47,apv,boundary,wave,u*dx(v),4.37308758807401e-06,2,0,2,0,1.24637222822298e-15,1.20947696302665e-11,6,0
47,apv,boundary,wave,v*dy(v),4.37308758807401e-06,2,0,2,0,1.24637222822298e-15,1.20947696302665e-11,6,0
47,apv,boundary,wave,w*dz(v),0,-1,0,1,0,0,0,0,6
47,apv,boundary,wave,u*dx(w),0,-1,0,1,0,0,0,0,6
47,apv,boundary,wave,v*dy(w),0,-1,0,1,0,0,0,0,6
47,apv,boundary,wave,w*dz(w),0,-1,0,1,0,0,0,0,6
47,apv,boundary,wave,u*dx(eta),5.93804887869208e-07,2,0,1,0,3.8468109409253e-16,1.12831965992655e-11,6,0
47,apv,boundary,wave,v*dy(eta),5.93804887869208e-07,2,0,1,0,3.8468109409253e-16,1.12831965992655e-11,6,0
47,apv,boundary,wave,w*dz(eta),0,-1,0,1,0,0,0,0,6
47,apv,boundary,wave,w*eta*dlogN2,0,-1,0,1,0,0,0,0,6
47,boundary,apv,wave,u*dx(u),2.53882246780304e-06,1,0,2,0,9.96686436773835e-16,1.05134789762928e-11,6,0
47,boundary,apv,wave,v*dy(u),2.53882246780304e-06,1,0,2,0,9.96686436773835e-16,1.05134789762928e-11,6,0
47,boundary,apv,wave,w*dz(u),0,1,0,-1,0,0,0,0,6
47,boundary,apv,wave,u*dx(v),2.64399510100785e-06,1,0,2,0,1.5662450671804e-15,1.05300698340284e-11,6,0
47,boundary,apv,wave,v*dy(v),2.64399510100785e-06,1,0,2,0,1.5662450671804e-15,1.05300698340284e-11,6,0
47,boundary,apv,wave,w*dz(v),0,1,0,-1,0,0,0,0,6
47,boundary,apv,wave,u*dx(w),0,1,0,-1,0,0,0,0,6
47,boundary,apv,wave,v*dy(w),0,1,0,-1,0,0,0,0,6
47,boundary,apv,wave,w*dz(w),0,1,0,-1,0,0,0,0,6
47,boundary,apv,wave,u*dx(eta),1.73184763887358e-06,2,0,1,0,6.46897424955603e-16,4.81019668541194e-11,6,0
47,boundary,apv,wave,v*dy(eta),1.73184763887358e-06,2,0,1,0,6.46897424955603e-16,4.81019668541194e-11,6,0
47,boundary,apv,wave,w*dz(eta),0,1,0,-1,0,0,0,0,6
47,boundary,apv,wave,w*eta*dlogN2,0,1,0,-1,0,0,0,0,6
47,boundary,boundary,wave,u*dx(u),1.70301813524759e-06,1,0,1,0,1.05086667066814e-14,1.50459555925408e-09,4,0
47,boundary,boundary,wave,v*dy(u),1.70301813524759e-06,1,0,1,0,1.05086667066814e-14,1.50459555925408e-09,4,0
47,boundary,boundary,wave,w*dz(u),0,1,0,1,0,0,0,0,4
47,boundary,boundary,wave,u*dx(v),1.77534053789871e-06,1,0,1,0,1.64044058210456e-14,2.01585384314228e-09,4,0
47,boundary,boundary,wave,v*dy(v),1.77534053789871e-06,1,0,1,0,1.64044058210456e-14,2.01585384314228e-09,4,0
47,boundary,boundary,wave,w*dz(v),0,1,0,1,0,0,0,0,4
47,boundary,boundary,wave,u*dx(w),0,1,0,1,0,0,0,0,4
47,boundary,boundary,wave,v*dy(w),0,1,0,1,0,0,0,0,4
47,boundary,boundary,wave,w*dz(w),0,1,0,1,0,0,0,0,4
47,boundary,boundary,wave,u*dx(eta),2.69461467979329e-07,2,0,1,0,9.63177001296635e-15,1.48163425972569e-09,4,0
47,boundary,boundary,wave,v*dy(eta),2.69461467979329e-07,2,0,1,0,9.63177001296635e-15,1.48163425972569e-09,4,0
47,boundary,boundary,wave,w*dz(eta),0,1,0,1,0,0,0,0,4
47,boundary,boundary,wave,w*eta*dlogN2,0,1,0,1,0,0,0,0,4
8,wave,wave,wave,u*dx(u),0.263960260463345,8,1,7,1,1.30363664056884e-15,1.83657533625592e-11,232,0
8,wave,wave,wave,v*dy(u),0,1,1,1,1,0,0,0,232
8,wave,wave,wave,w*dz(u),0.263957322711155,8,1,7,1,1.79080119401922e-15,6.79540493365375e-07,232,0
8,wave,wave,wave,u*dx(v),0.275162054892838,8,1,7,1,1.49187096098497e-15,1.83261707660533e-11,232,0
8,wave,wave,wave,v*dy(v),0,1,1,1,1,0,0,0,232
8,wave,wave,wave,w*dz(v),0.275159065136688,8,1,7,1,1.63326652846014e-15,8.42252023894079e-07,232,0
8,wave,wave,wave,u*dx(w),0.00135358240801558,8,1,8,1,5.55111512312578e-16,1.82631687550838e-11,232,0
8,wave,wave,wave,v*dy(w),0,1,1,1,1,0,0,0,232
8,wave,wave,wave,w*dz(w),0.0013535824075499,8,1,8,1,5.55111512312578e-16,1.86394233381293e-11,232,0
8,wave,wave,wave,u*dx(eta),0.127204735235519,8,1,8,1,1.13283998107378e-15,1.82267534398761e-11,232,0
8,wave,wave,wave,v*dy(eta),0,1,1,1,1,0,0,0,232
8,wave,wave,wave,w*dz(eta),0.127204735191757,8,1,8,1,1.6845602187243e-15,1.86290982640003e-11,232,0
8,wave,wave,wave,w*eta*dlogN2,0,1,1,1,1,0,0,0,232
8,wave,apv,wave,u*dx(u),0,1,1,-1,0,0,0,0,48
8,wave,apv,wave,v*dy(u),0,1,1,-1,0,0,0,0,48
8,wave,apv,wave,w*dz(u),0,1,1,-1,0,0,0,0,48
8,wave,apv,wave,u*dx(v),0.00887303200366791,8,1,2,0,1.56462242995802e-15,1.9820420565946e-11,48,0
8,wave,apv,wave,v*dy(v),0,1,1,-1,0,0,0,0,48
8,wave,apv,wave,w*dz(v),0.00839571798407653,8,1,2,0,1.2907963488594e-15,2.27626553453988e-11,48,0
8,wave,apv,wave,u*dx(w),0,1,1,-1,0,0,0,0,48
8,wave,apv,wave,v*dy(w),0,1,1,-1,0,0,0,0,48
8,wave,apv,wave,w*dz(w),0,1,1,-1,0,0,0,0,48
8,wave,apv,wave,u*dx(eta),0.00231284836790773,8,1,2,0,1.17191606747137e-15,1.95431448801742e-11,48,0
8,wave,apv,wave,v*dy(eta),0,1,1,-1,0,0,0,0,48
8,wave,apv,wave,w*dz(eta),0.00244587500250815,8,1,2,0,8.69872651609727e-16,4.73090455699321e-10,48,0
8,wave,apv,wave,w*eta*dlogN2,0,1,1,-1,0,0,0,0,48
8,apv,wave,wave,u*dx(u),0.00852947353101181,2,0,8,1,1.47416881561437e-15,1.43207667946399e-11,48,0
8,apv,wave,wave,v*dy(u),0,-1,0,1,1,0,0,0,48
8,apv,wave,wave,w*dz(u),0,-1,0,1,1,0,0,0,48
8,apv,wave,wave,u*dx(v),0.00887303201767847,2,0,8,1,1.38236654036106e-15,1.06308270393742e-11,48,0
8,apv,wave,wave,v*dy(v),0,-1,0,1,1,0,0,0,48
8,apv,wave,wave,w*dz(v),0,-1,0,1,1,0,0,0,48
8,apv,wave,wave,u*dx(w),2.55594315692958e-05,2,0,8,1,2.22044604925031e-16,1.64259716939341e-11,48,0
8,apv,wave,wave,v*dy(w),0,-1,0,1,1,0,0,0,48
8,apv,wave,wave,w*dz(w),0,-1,0,1,1,0,0,0,48
8,apv,wave,wave,u*dx(eta),0.00244587500707958,2,0,8,1,1.37361092646119e-15,1.01437972391224e-11,48,0
8,apv,wave,wave,v*dy(eta),0,-1,0,1,1,0,0,0,48
8,apv,wave,wave,w*dz(eta),0,-1,0,1,1,0,0,0,48
8,apv,wave,wave,w*eta*dlogN2,0,-1,0,1,1,0,0,0,48
8,wave,boundary,wave,u*dx(u),0,1,1,1,0,0,0,0,32
8,wave,boundary,wave,v*dy(u),0,1,1,1,0,0,0,0,32
8,wave,boundary,wave,w*dz(u),0,1,1,1,0,0,0,0,32
8,wave,boundary,wave,u*dx(v),8.71482554912333e-05,8,1,2,0,1.63636328158008e-15,2.00953698126227e-11,32,0
8,wave,boundary,wave,v*dy(v),0,1,1,1,0,0,0,0,32
8,wave,boundary,wave,w*dz(v),0.000207279053592141,8,1,1,0,1.49895135453154e-15,1.85559345666775e-11,32,0
8,wave,boundary,wave,u*dx(w),0,1,1,1,0,0,0,0,32
8,wave,boundary,wave,v*dy(w),0,1,1,1,0,0,0,0,32
8,wave,boundary,wave,w*dz(w),0,1,1,1,0,0,0,0,32
8,wave,boundary,wave,u*dx(eta),4.89303052029241e-05,8,1,1,0,6.00958908318637e-16,1.87317938937781e-11,32,0
8,wave,boundary,wave,v*dy(eta),0,1,1,1,0,0,0,0,32
8,wave,boundary,wave,w*dz(eta),3.47659595115567e-05,8,1,2,0,8.58694694739428e-16,1.85592652357514e-11,32,0
8,wave,boundary,wave,w*eta*dlogN2,0,1,1,1,0,0,0,0,32
8,boundary,wave,wave,u*dx(u),7.80956933487425e-05,2,0,8,1,1.10015912904586e-15,1.41462397351688e-11,32,0
8,boundary,wave,wave,v*dy(u),0,1,0,1,1,0,0,0,32
8,boundary,wave,wave,w*dz(u),0,1,0,1,1,0,0,0,32
8,boundary,wave,wave,u*dx(v),8.16914876514365e-05,2,0,8,1,2.03082238337999e-15,7.02393698759352e-12,32,0
8,boundary,wave,wave,v*dy(v),0,1,0,1,1,0,0,0,32
8,boundary,wave,wave,w*dz(v),0,1,0,1,1,0,0,0,32
8,boundary,wave,wave,u*dx(w),3.46409554543092e-07,2,0,8,1,4.44089209850063e-16,1.43607348235264e-11,32,0
8,boundary,wave,wave,v*dy(w),0,1,0,1,1,0,0,0,32
8,boundary,wave,wave,w*dz(w),0,1,0,1,1,0,0,0,32
8,boundary,wave,wave,u*dx(eta),3.22697579543872e-05,2,0,8,1,6.02832786101498e-16,1.64277520852905e-11,32,0
8,boundary,wave,wave,v*dy(eta),0,1,0,1,1,0,0,0,32
8,boundary,wave,wave,w*dz(eta),0,1,0,1,1,0,0,0,32
8,boundary,wave,wave,w*eta*dlogN2,0,1,0,1,1,0,0,0,32
8,apv,boundary,wave,u*dx(u),0,-1,0,1,0,0,0,0,6
8,apv,boundary,wave,v*dy(u),0,-1,0,1,0,0,0,0,6
8,apv,boundary,wave,w*dz(u),0,-1,0,1,0,0,0,0,6
8,apv,boundary,wave,u*dx(v),5.23235005438502e-06,2,0,1,0,1.65091775246154e-15,1.34426561416799e-11,6,0
8,apv,boundary,wave,v*dy(v),0,-1,0,1,0,0,0,0,6
8,apv,boundary,wave,w*dz(v),0,-1,0,1,0,0,0,0,6
8,apv,boundary,wave,u*dx(w),0,-1,0,1,0,0,0,0,6
8,apv,boundary,wave,v*dy(w),0,-1,0,1,0,0,0,0,6
8,apv,boundary,wave,w*dz(w),0,-1,0,1,0,0,0,0,6
8,apv,boundary,wave,u*dx(eta),4.77322850055902e-07,2,0,2,0,5.18439921215573e-16,1.11010090009245e-11,6,0
8,apv,boundary,wave,v*dy(eta),0,-1,0,1,0,0,0,0,6
8,apv,boundary,wave,w*dz(eta),0,-1,0,1,0,0,0,0,6
8,apv,boundary,wave,w*eta*dlogN2,0,-1,0,1,0,0,0,0,6
8,boundary,apv,wave,u*dx(u),0,1,0,-1,0,0,0,0,6
8,boundary,apv,wave,v*dy(u),0,1,0,-1,0,0,0,0,6
8,boundary,apv,wave,w*dz(u),0,1,0,-1,0,0,0,0,6
8,boundary,apv,wave,u*dx(v),4.37308758811329e-06,2,0,2,0,1.20149676212754e-15,1.20947696302665e-11,6,0
8,boundary,apv,wave,v*dy(v),0,1,0,-1,0,0,0,0,6
8,boundary,apv,wave,w*dz(v),0,1,0,-1,0,0,0,0,6
8,boundary,apv,wave,u*dx(w),0,1,0,-1,0,0,0,0,6
8,boundary,apv,wave,v*dy(w),0,1,0,-1,0,0,0,0,6
8,boundary,apv,wave,w*dz(w),0,1,0,-1,0,0,0,0,6
8,boundary,apv,wave,u*dx(eta),5.54301435287675e-06,2,0,2,0,3.71365776813681e-16,6.50894893539089e-11,6,0
8,boundary,apv,wave,v*dy(eta),0,1,0,-1,0,0,0,0,6
8,boundary,apv,wave,w*dz(eta),0,1,0,-1,0,0,0,0,6
8,boundary,apv,wave,w*eta*dlogN2,0,1,0,-1,0,0,0,0,6
8,boundary,boundary,wave,u*dx(u),0,1,0,1,0,0,0,0,4
8,boundary,boundary,wave,v*dy(u),0,1,0,1,0,0,0,0,4
8,boundary,boundary,wave,w*dz(u),0,1,0,1,0,0,0,0,4
8,boundary,boundary,wave,u*dx(v),1.76725705009732e-06,1,0,1,0,2.87715859297743e-13,7.10283253002382e-08,4,0
8,boundary,boundary,wave,v*dy(v),0,1,0,1,0,0,0,0,4
8,boundary,boundary,wave,w*dz(v),0,1,0,1,0,0,0,0,4
8,boundary,boundary,wave,u*dx(w),0,1,0,1,0,0,0,0,4
8,boundary,boundary,wave,v*dy(w),0,1,0,1,0,0,0,0,4
8,boundary,boundary,wave,w*dz(w),0,1,0,1,0,0,0,0,4
8,boundary,boundary,wave,u*dx(eta),6.98166460056901e-07,2,0,2,0,2.12346043135114e-13,1.2625144569556e-08,4,0
8,boundary,boundary,wave,v*dy(eta),0,1,0,1,0,0,0,0,4
8,boundary,boundary,wave,w*dz(eta),0,1,0,1,0,0,0,0,4
8,boundary,boundary,wave,w*eta*dlogN2,0,1,0,1,0,0,0,0,4
51,wave,wave,wave,u*dx(u),0.266766612836544,7,1,8,1,1.53697754595081e-15,3.386868563382e-11,232,0
51,wave,wave,wave,v*dy(u),0.266766612836544,7,1,8,1,1.41555135000098e-15,1.70599090409951e-11,232,0
51,wave,wave,wave,w*dz(u),0.266763681110215,7,1,8,1,1.24259735078231e-15,1.95450415155724e-06,232,0
51,wave,wave,wave,u*dx(v),0.239839832827581,7,1,8,1,1.11534194176016e-15,3.386868563382e-11,232,0
51,wave,wave,wave,v*dy(v),0.239839832827581,7,1,8,1,1.31584084017958e-15,1.70599090409951e-11,232,0
51,wave,wave,wave,w*dz(v),0.23983707791857,7,1,8,1,1.12936628742245e-15,1.48653282882065e-06,232,0
51,wave,wave,wave,u*dx(w),0.00302661558881183,8,1,8,1,4.44089209850063e-16,3.3898217566275e-11,232,0
51,wave,wave,wave,v*dy(w),0.00302661558881183,8,1,8,1,4.44089209850063e-16,1.70894409734501e-11,232,0
51,wave,wave,wave,w*dz(w),0.00302661558985314,8,1,8,1,5.55111512312578e-16,3.37574412867525e-11,232,0
51,wave,wave,wave,u*dx(eta),0.236832674314201,8,1,8,1,1.53163807183947e-15,3.38740147043382e-11,232,0
51,wave,wave,wave,v*dy(eta),0.236832674314201,8,1,8,1,1.82140166648254e-15,1.70652381115133e-11,232,0
51,wave,wave,wave,w*dz(eta),0.236832674395682,8,1,8,1,1.2204252428113e-15,3.37334604694206e-11,232,0
51,wave,wave,wave,w*eta*dlogN2,0,1,1,1,1,0,0,0,232
51,wave,apv,wave,u*dx(u),0.00861103414045186,8,1,2,0,1.58438585140476e-15,3.37414540751979e-11,48,0
51,wave,apv,wave,v*dy(u),0.00861103414045174,8,1,2,0,1.57793414756924e-15,1.6932899526978e-11,48,0
51,wave,apv,wave,w*dz(u),0.00814801651470045,8,1,2,0,1.4655911831139e-15,4.49120740597664e-11,48,0
51,wave,apv,wave,u*dx(v),0.00777273057432784,8,1,2,0,1.05496744857933e-15,3.37414540751979e-11,48,0
51,wave,apv,wave,v*dy(v),0.00777273057432798,8,1,2,0,9.99635327672644e-16,1.6932899526978e-11,48,0
51,wave,apv,wave,w*dz(v),0.00735550285680981,8,1,2,0,9.21234129181298e-16,4.49120740597664e-11,48,0
51,wave,apv,wave,u*dx(w),0,1,1,-1,0,0,0,0,48
51,wave,apv,wave,v*dy(w),0,1,1,-1,0,0,0,0,48
51,wave,apv,wave,w*dz(w),0,1,1,-1,0,0,0,0,48
51,wave,apv,wave,u*dx(eta),0.00452582973776042,8,1,2,0,1.04885588851443e-15,4.64692728741056e-11,48,0
51,wave,apv,wave,v*dy(eta),0.00452582973776042,8,1,2,0,1.13420677879714e-15,2.96604962812808e-11,48,0
51,wave,apv,wave,w*dz(eta),0.00478522253577795,8,1,2,0,1.81649628092539e-15,5.24042809146863e-10,48,0
51,wave,apv,wave,w*eta*dlogN2,0,1,1,-1,0,0,0,0,48
51,apv,wave,wave,u*dx(u),0,-1,0,1,1,0,0,0,48
51,apv,wave,wave,v*dy(u),0.00861103412684836,2,0,8,1,1.07664172436351e-15,1.43415687325311e-11,48,0
51,apv,wave,wave,w*dz(u),0,-1,0,1,1,0,0,0,48
51,apv,wave,wave,u*dx(v),0,-1,0,1,1,0,0,0,48
51,apv,wave,wave,v*dy(v),0.00777273056203821,2,0,8,1,9.30883936148348e-16,1.38443700947732e-11,48,0
51,apv,wave,wave,w*dz(v),0,-1,0,1,1,0,0,0,48
51,apv,wave,wave,u*dx(w),0,-1,0,1,1,0,0,0,48
51,apv,wave,wave,v*dy(w),5.71504701045922e-05,2,0,8,1,3.33066907387547e-16,1.38041800212818e-11,48,0
51,apv,wave,wave,w*dz(w),0,-1,0,1,1,0,0,0,48
51,apv,wave,wave,u*dx(eta),0,-1,0,1,1,0,0,0,48
51,apv,wave,wave,v*dy(eta),0.00478522252634134,2,0,8,1,1.0115860081528e-15,1.12873439197462e-11,48,0
51,apv,wave,wave,w*dz(eta),0,-1,0,1,1,0,0,0,48
51,apv,wave,wave,w*eta*dlogN2,0,-1,0,1,1,0,0,0,48
51,wave,boundary,wave,u*dx(u),0.000112796556718259,8,1,1,0,1.36435980699109e-15,3.3607783223033e-11,32,0
51,wave,boundary,wave,v*dy(u),0.000112796556718252,8,1,1,0,1.23391776207548e-15,1.67990066302082e-11,32,0
51,wave,boundary,wave,w*dz(u),0.000322253477145855,8,1,1,0,1.26830780446983e-15,3.36097816244774e-11,32,0
51,wave,boundary,wave,u*dx(v),9.74609835713545e-05,7,1,1,0,1.22733979967448e-15,3.3607783223033e-11,32,0
51,wave,boundary,wave,v*dy(v),9.74609835713367e-05,7,1,1,0,1.29272140397858e-15,1.67990066302082e-11,32,0
51,wave,boundary,wave,w*dz(v),0.000288751440517938,8,1,1,0,7.52178111725987e-16,3.36097816244774e-11,32,0
51,wave,boundary,wave,u*dx(w),0,1,1,1,0,0,0,0,32
51,wave,boundary,wave,v*dy(w),0,1,1,1,0,0,0,0,32
51,wave,boundary,wave,w*dz(w),0,1,1,1,0,0,0,0,32
51,wave,boundary,wave,u*dx(eta),0.000160384898137169,8,1,2,0,1.0213074700061e-15,3.38091776797e-11,32,0
51,wave,boundary,wave,v*dy(eta),0.000160384898137136,8,1,2,0,5.92988928848427e-16,1.70006231314801e-11,32,0
51,wave,boundary,wave,w*dz(eta),9.0056517688528e-05,8,1,1,0,8.78686277757621e-16,3.36213279439335e-11,32,0
51,wave,boundary,wave,w*eta*dlogN2,0,1,1,1,0,0,0,0,32
51,boundary,wave,wave,u*dx(u),0,1,0,1,1,0,0,0,32
51,boundary,wave,wave,v*dy(u),0.000275360004212154,1,0,8,1,1.18348805497519e-15,1.46561651703792e-11,32,0
51,boundary,wave,wave,w*dz(u),0,1,0,1,1,0,0,0,32
51,boundary,wave,wave,u*dx(v),0,1,0,1,1,0,0,0,32
51,boundary,wave,wave,v*dy(v),0.000242274212612327,1,0,8,1,1.11082945307137e-15,1.46561651703792e-11,32,0
51,boundary,wave,wave,w*dz(v),0,1,0,1,1,0,0,0,32
51,boundary,wave,wave,u*dx(w),0,1,0,1,1,0,0,0,32
51,boundary,wave,wave,v*dy(w),2.33478775023707e-06,2,0,8,1,2.22044604925031e-16,1.71829217521235e-11,32,0
51,boundary,wave,wave,w*dz(w),0,1,0,1,1,0,0,0,32
51,boundary,wave,wave,u*dx(eta),0,1,0,1,1,0,0,0,32
51,boundary,wave,wave,v*dy(eta),0.000182275763494297,1,0,8,1,1.14596152820487e-15,1.14878718197169e-11,32,0
51,boundary,wave,wave,w*dz(eta),0,1,0,1,1,0,0,0,32
51,boundary,wave,wave,w*eta*dlogN2,0,1,0,1,1,0,0,0,32
51,apv,boundary,wave,u*dx(u),0,-1,0,1,0,0,0,0,6
51,apv,boundary,wave,v*dy(u),2.56439147742728e-06,2,0,1,0,2.00918633294789e-15,1.05134789762928e-11,6,0
51,apv,boundary,wave,w*dz(u),0,-1,0,1,0,0,0,0,6
51,apv,boundary,wave,u*dx(v),0,-1,0,1,0,0,0,0,6
51,apv,boundary,wave,v*dy(v),2.30932765220992e-06,2,0,1,0,1.07658664444506e-15,1.05134789762928e-11,6,0
51,apv,boundary,wave,w*dz(v),0,-1,0,1,0,0,0,0,6
51,apv,boundary,wave,u*dx(w),0,-1,0,1,0,0,0,0,6
51,apv,boundary,wave,v*dy(w),0,-1,0,1,0,0,0,0,6
51,apv,boundary,wave,w*dz(w),0,-1,0,1,0,0,0,0,6
51,apv,boundary,wave,u*dx(eta),0,-1,0,1,0,0,0,0,6
51,apv,boundary,wave,v*dy(eta),4.26164889434117e-06,2,0,1,0,7.64687240492939e-16,1.04884989582388e-11,6,0
51,apv,boundary,wave,w*dz(eta),0,-1,0,1,0,0,0,0,6
51,apv,boundary,wave,w*eta*dlogN2,0,-1,0,1,0,0,0,0,6
51,boundary,apv,wave,u*dx(u),0,1,0,-1,0,0,0,0,6
51,boundary,apv,wave,v*dy(u),9.81195980250915e-06,2,0,2,0,9.5277316948816e-16,1.06293862600637e-11,6,0
51,boundary,apv,wave,w*dz(u),0,1,0,-1,0,0,0,0,6
51,boundary,apv,wave,u*dx(v),0,1,0,-1,0,0,0,0,6
51,boundary,apv,wave,v*dy(v),8.83542824838313e-06,2,0,2,0,6.96347131681475e-16,1.06293862600637e-11,6,0
51,boundary,apv,wave,w*dz(v),0,1,0,-1,0,0,0,0,6
51,boundary,apv,wave,u*dx(w),0,1,0,-1,0,0,0,0,6
51,boundary,apv,wave,v*dy(w),0,1,0,-1,0,0,0,0,6
51,boundary,apv,wave,w*dz(w),0,1,0,-1,0,0,0,0,6
51,boundary,apv,wave,u*dx(eta),0,1,0,-1,0,0,0,0,6
51,boundary,apv,wave,v*dy(eta),1.15702726391558e-05,2,0,2,0,1.07761449102328e-15,4.45697672782226e-11,6,0
51,boundary,apv,wave,w*dz(eta),0,1,0,-1,0,0,0,0,6
51,boundary,apv,wave,w*eta*dlogN2,0,1,0,-1,0,0,0,0,6
51,boundary,boundary,wave,u*dx(u),0,1,0,1,0,0,0,0,4
51,boundary,boundary,wave,v*dy(u),1.77019863663222e-06,2,0,1,0,1.61479233047817e-15,1.42401987323186e-10,4,0
51,boundary,boundary,wave,w*dz(u),0,1,0,1,0,0,0,0,4
51,boundary,boundary,wave,u*dx(v),0,1,0,1,0,0,0,0,4
51,boundary,boundary,wave,v*dy(v),1.59821877718739e-06,2,0,1,0,8.65443858425469e-16,1.04661612709833e-10,4,0
51,boundary,boundary,wave,w*dz(v),0,1,0,1,0,0,0,0,4
51,boundary,boundary,wave,u*dx(w),0,1,0,1,0,0,0,0,4
51,boundary,boundary,wave,v*dy(w),0,1,0,1,0,0,0,0,4
51,boundary,boundary,wave,w*dz(w),0,1,0,1,0,0,0,0,4
51,boundary,boundary,wave,u*dx(eta),0,1,0,1,0,0,0,0,4
51,boundary,boundary,wave,v*dy(eta),2.19300047690093e-07,2,0,2,0,1.05178302808335e-15,8.67044214203361e-11,4,0
51,boundary,boundary,wave,w*dz(eta),0,1,0,1,0,0,0,0,4
51,boundary,boundary,wave,w*eta*dlogN2,0,1,0,1,0,0,0,0,4
