family,absoluteError,referenceNorm,relativeError,referenceChange,allowanceFraction,referenceFraction,profile,amplitude,time,direction,count,status,referenceNz,withoutBuoyancyError,minimumGamma,maximumSSHOverDepth
Ag_q,1.77984547135689e-26,1.85407120953713e-14,9.59966080160011e-13,2.7030127355178e-23,1.38418322105562e-06,0.000138327238143899,constant,0.01,327,horizontal,8,assessed,1025,9.59966080160011e-13,0.999972892013768,2.71079862315418e-05
Ag_0,5.11420680607007e-22,2.59122821607734e-12,1.97366128322424e-10,3.80379371497923e-19,0.000146935670947564,0.0146738380956877,constant,0.01,327,horizontal,8,assessed,1025,1.97366128322424e-10,0.999972892013768,2.71079862315418e-05
Aw_p,2.16775921012625e-14,7.03471790234882e-09,3.08151547825743e-06,1.86968790156941e-14,0.0057393154833061,0.265780044309253,constant,0.01,327,horizontal,8,assessed,1025,4.49899007405611e-15,0.999972892013768,2.71079862315418e-05
Aw_m,2.16775921012498e-14,3.58373666432905e-09,6.04887973969156e-06,1.86968790153267e-14,0.0112660230458402,0.521714499401761,constant,0.01,327,horizontal,8,assessed,1025,1.01533262791354e-14,0.999972892013768,2.71079862315418e-05
Aio,3.70120312353661e-24,6.07380887208267e-09,6.09371022612946e-16,6.22833758143288e-23,1.08637873637029e-11,1.02544164414176e-09,constant,0.01,327,horizontal,8,assessed,1025,6.09371022612946e-16,0.999972892013768,2.71079862315418e-05
Amda,5.25401977330347e-21,1.42889198720072e-09,3.67698875797911e-12,4.85659053273439e-19,3.43561818445528e-07,3.39884832260862e-05,constant,0.01,327,horizontal,8,assessed,1025,3.67698875797911e-12,0.999972892013768,2.71079862315418e-05
Ag_q,2.84497381546692e-26,1.85407120953713e-14,1.53444689763408e-12,2.7030127355178e-23,1.38472830269794e-06,0.000138327238143899,constant,0.01,327,horizontal,12,assessed,1025,1.53444689763408e-12,0.999971908992065,2.80910079350615e-05
Ag_0,6.89760057852913e-22,2.59122821607734e-12,2.66190393255708e-10,3.80379371497923e-19,0.000147004468662263,0.0146738380956877,constant,0.01,327,horizontal,12,assessed,1025,2.66190393255708e-10,0.999971908992065,2.80910079350615e-05
Aw_p,6.89195523706487e-15,7.03471790234882e-09,9.797059857601e-07,1.86968790156941e-14,0.00363750628958538,0.265780044309253,constant,0.01,327,horizontal,12,assessed,1025,1.08254278848258e-15,0.999971908992065,2.80910079350615e-05
Aw_m,6.89195523707298e-15,3.58373666432905e-09,1.92311988368802e-06,1.86968790153267e-14,0.00714026434108157,0.521714499401761,constant,0.01,327,horizontal,12,assessed,1025,2.2703308717123e-15,0.999971908992065,2.80910079350615e-05
Aio,9.95175502216482e-25,6.07380887208267e-09,1.63847023041942e-16,6.22833758143288e-23,1.04182634374835e-11,1.02544164414176e-09,constant,0.01,327,horizontal,12,assessed,1025,1.63847023041942e-16,0.999971908992065,2.80910079350615e-05
Amda,3.46737066069043e-21,1.42889198720072e-09,2.42661495182935e-12,4.85659053273439e-19,3.42311445514443e-07,3.39884832260862e-05,constant,0.01,327,horizontal,12,assessed,1025,2.42661495182935e-12,0.999971908992065,2.80910079350615e-05
Ag_q,9.73368311071812e-27,1.85407120953713e-14,5.24989712404203e-13,2.7030127355178e-23,1.38377050469382e-06,0.000138327238143899,constant,0.01,327,horizontal,16,assessed,1025,5.24989712404203e-13,0.999971951046933,2.80489530668741e-05
Ag_0,2.45221388698147e-22,2.59122821607734e-12,9.46351954554466e-11,3.80379371497923e-19,0.000146832979645055,0.0146738380956877,constant,0.01,327,horizontal,16,assessed,1025,9.46351954554466e-11,0.999971951046933,2.80489530668741e-05
Aw_p,4.40450203328184e-15,7.03471790234882e-09,6.2610926186695e-07,1.86968790156941e-14,0.00328390961595674,0.265780044309253,constant,0.01,327,horizontal,16,assessed,1025,8.56185958095847e-16,0.999971951046933,2.80489530668741e-05
Aw_m,4.40450203328654e-15,3.58373666432905e-09,1.22902502215831e-06,1.86968790153267e-14,0.00644616967323089,0.521714499401761,constant,0.01,327,horizontal,16,assessed,1025,1.41950965640007e-15,0.999971951046933,2.80489530668741e-05
Aio,3.44481157721099e-24,6.07380887208267e-09,5.67158376195296e-16,6.22833758143288e-23,1.08215747242352e-11,1.02544164414176e-09,constant,0.01,327,horizontal,16,assessed,1025,5.67158376195296e-16,0.999971951046933,2.80489530668741e-05
Amda,4.37998069171295e-21,1.42889198720072e-09,3.0652986586436e-12,4.85659053273439e-19,3.4295012877428e-07,3.39884832260862e-05,constant,0.01,327,horizontal,16,assessed,1025,3.0652986586436e-12,0.999971951046933,2.80489530668741e-05
Ag_q,2.43839994522052e-26,1.85407120953713e-14,1.31515981299837e-12,2.7030127355178e-23,1.38452023767541e-06,0.000138327238143899,constant,0.01,327,horizontal,24,assessed,1025,1.31515981299837e-12,0.999971783713228,2.82162867718533e-05
Ag_0,5.51345791808094e-22,2.59122821607734e-12,2.12773922569713e-10,3.80379371497923e-19,0.000146951072797969,0.0146738380956877,constant,0.01,327,horizontal,24,assessed,1025,2.12773922569713e-10,0.999971783713228,2.82162867718533e-05
Aw_p,9.48008178456611e-16,7.03471790234882e-09,1.34761363798267e-07,1.86968790156941e-14,0.00279256178773419,0.265780044309253,constant,0.01,327,horizontal,24,assessed,1025,5.44914355560104e-16,0.999971783713228,2.82162867718533e-05
Aw_m,9.48008178509148e-16,3.58373666432905e-09,2.64530647004622e-07,1.86968790153267e-14,0.00548167556720806,0.521714499401761,constant,0.01,327,horizontal,24,assessed,1025,1.89962928388343e-15,0.999971783713228,2.82162867718533e-05
Aio,5.11228224944823e-24,6.07380887208267e-09,8.4169297340686e-16,6.22833758143288e-23,1.1096109276247e-11,1.02544164414176e-09,constant,0.01,327,horizontal,24,assessed,1025,8.4169297340686e-16,0.999971783713228,2.82162867718533e-05
Amda,3.29412905175495e-21,1.42889198720072e-09,2.30537303117525e-12,4.85659053273439e-19,3.4219020367864e-07,3.39884832260862e-05,constant,0.01,327,horizontal,24,assessed,1025,2.30537303117525e-12,0.999971783713228,2.82162867718533e-05
Ag_q,5.92733797036818e-27,1.85407120953713e-14,3.1969311318134e-13,2.7030127355178e-23,1.38357571419071e-06,0.000138327238143899,constant,0.01,327,horizontal,32,assessed,1025,3.1969311318134e-13,0.999971840673305,2.81593266953226e-05
Ag_0,1.46565397689534e-22,2.59122821607734e-12,5.65621340413651e-11,3.80379371497923e-19,0.000146794921271029,0.0146738380956877,constant,0.01,327,horizontal,32,assessed,1025,5.65621340413651e-11,0.999971840673305,2.81593266953226e-05
Aw_p,5.83983069082923e-16,7.03471790234882e-09,8.30144260493996e-08,1.86968790156941e-14,0.00274081485734126,0.265780044309253,constant,0.01,327,horizontal,32,assessed,1025,7.6232496690382e-16,0.999971840673305,2.81593266953226e-05
Aw_m,5.83983069067253e-16,3.58373666432905e-09,1.62953677618103e-07,1.86968790153267e-14,0.0053800986261654,0.521714499401761,constant,0.01,327,horizontal,32,assessed,1025,1.73949424092621e-15,0.999971840673305,2.81593266953226e-05
Aio,2.50012629276636e-24,6.07380887208267e-09,4.11624130001489e-16,6.22833758143288e-23,1.06660405036487e-11,1.02544164414176e-09,constant,0.01,327,horizontal,32,assessed,1025,4.11624130001489e-16,0.999971840673305,2.81593266953226e-05
Amda,1.21754574576578e-21,1.42889198720072e-09,8.52090820490233e-13,4.85659053273439e-19,3.40736922485023e-07,3.39884832260862e-05,constant,0.01,327,horizontal,32,assessed,1025,8.52090820490233e-13,0.999971840673305,2.81593266953226e-05
Ag_q,2.10411938228733e-26,1.85407120953713e-14,1.13486438463851e-12,2.7030127355178e-23,1.38434916890304e-06,0.000138327238143899,constant,0.01,327,horizontal,48,assessed,1025,1.13486438463851e-12,0.999971783713228,2.82162867718533e-05
Ag_0,3.7856865376531e-22,2.59122821607734e-12,1.46096222407765e-10,3.80379371497923e-19,0.000146884420819964,0.0146738380956877,constant,0.01,327,horizontal,48,assessed,1025,1.46096222407765e-10,0.999971783713228,2.82162867718533e-05
Aw_p,1.62976102516944e-16,7.03471790234882e-09,2.31673970128252e-08,1.86968790156941e-14,0.00268096783681206,0.265780044309253,constant,0.01,327,horizontal,48,assessed,1025,8.13691895489037e-16,0.999971783713228,2.82162867718533e-05
Aw_m,1.6297610250444e-16,3.58373666432905e-09,4.54765842944414e-08,1.86968790153267e-14,0.00526262156562235,0.521714499401761,constant,0.01,327,horizontal,48,assessed,1025,1.44286278733011e-15,0.999971783713228,2.82162867718533e-05
Aio,1.90224577227562e-24,6.07380887208267e-09,3.13188283058923e-16,6.22833758143288e-23,1.05676046729127e-11,1.02544164414176e-09,constant,0.01,327,horizontal,48,assessed,1025,3.13188283058923e-16,0.999971783713228,2.82162867718533e-05
Amda,7.73778894500356e-21,1.42889198720072e-09,5.41523713080813e-12,4.85659053273439e-19,3.45300065601857e-07,3.39884832260862e-05,constant,0.01,327,horizontal,48,assessed,1025,5.41523713080813e-12,0.999971783713228,2.82162867718533e-05
Ag_q,0,1.85407120953713e-14,0,2.7030127355178e-23,1.38327238143899e-06,0.000138327238143899,constant,0.01,327,horizontal,64,assessed,1025,0,0.999971780255779,2.8219744220725e-05
Ag_0,0,2.59122821607734e-12,0,3.80379371497923e-19,0.000146738380956877,0.0146738380956877,constant,0.01,327,horizontal,64,assessed,1025,0,0.999971780255779,2.8219744220725e-05
Aw_p,0,7.03471790234882e-09,0,1.86968790156941e-14,0.00265780044309253,0.265780044309253,constant,0.01,327,horizontal,64,assessed,1025,0,0.999971780255779,2.8219744220725e-05
Aw_m,0,3.58373666432905e-09,0,1.86968790153267e-14,0.00521714499401761,0.521714499401761,constant,0.01,327,horizontal,64,assessed,1025,0,0.999971780255779,2.8219744220725e-05
Aio,0,6.07380887208267e-09,0,6.22833758143288e-23,1.02544164414176e-11,1.02544164414176e-09,constant,0.01,327,horizontal,64,assessed,1025,0,0.999971780255779,2.8219744220725e-05
Amda,0,1.42889198720072e-09,0,4.85659053273439e-19,3.39884832260862e-07,3.39884832260862e-05,constant,0.01,327,horizontal,64,assessed,1025,0,0.999971780255779,2.8219744220725e-05
Ag_q,7.44692538045131e-18,1.85407120953713e-14,0.000401652608710236,2.7030127355178e-23,0.381099336310402,0.000138327238143899,constant,0.01,327,vertical,9,rejected,1025,0.000401652608710236,0.999971780255779,2.8219744220725e-05
Ag_0,8.35750142767315e-14,2.59122821607734e-12,0.0322530504099131,3.80379371497923e-19,32.2407549372997,0.0146738380956877,constant,0.01,327,vertical,9,rejected,1025,0.0322530504099131,0.999971780255779,2.8219744220725e-05
Aw_p,1.85534737094657e-10,7.03471790234882e-09,0.0263741545389772,1.86968790156941e-14,26.3768085902791,0.265780044309253,constant,0.01,327,vertical,9,rejected,1025,0.000565205041140955,0.999971780255779,2.8219744220725e-05
Aw_m,1.85563770937446e-10,3.58373666432905e-09,0.0517794102408436,1.86968790153267e-14,51.7846129373999,0.521714499401761,constant,0.01,327,vertical,9,rejected,1025,0.00151958189088693,0.999971780255779,2.8219744220725e-05
Aio,1.65521210612263e-12,6.07380887208267e-09,0.00027251633052376,6.22833758143288e-23,0.272516285666569,1.02544164414176e-09,constant,0.01,327,vertical,9,rejected,1025,0.00027251633052376,0.999971780255779,2.8219744220725e-05
Amda,8.60440445614182e-14,1.42889198720072e-09,6.02173189661335e-05,4.85659053273439e-19,0.0602176167083284,3.39884832260862e-05,constant,0.01,327,vertical,9,rejected,1025,6.02173189661335e-05,0.999971780255779,2.8219744220725e-05
Ag_q,3.08938497846364e-21,1.85407120953713e-14,1.66627094071263e-07,2.7030127355178e-23,0.000159483190305895,0.000138327238143899,constant,0.01,327,vertical,13,rejected,1025,1.66627094071263e-07,0.999971780255779,2.8219744220725e-05
Ag_0,3.34751053849379e-17,2.59122821607734e-12,1.29186249120169e-05,3.80379371497923e-19,0.0130603796943725,0.0146738380956877,constant,0.01,327,vertical,13,rejected,1025,1.29186249120169e-05,0.999971780255779,2.8219744220725e-05
Aw_p,8.15833655877039e-11,7.03471790234882e-09,0.01159724763952,1.86968790156941e-14,11.5999037913901,0.265780044309253,constant,0.01,327,vertical,13,rejected,1025,8.67967707593257e-07,0.999971780255779,2.8219744220725e-05
Aw_m,8.15833521717036e-11,3.58373666432905e-09,0.0227648847594603,1.86968790153267e-14,22.77009555218,0.521714499401761,constant,0.01,327,vertical,13,rejected,1025,2.32844267782953e-06,0.999971780255779,2.8219744220725e-05
Aio,2.76295840354011e-15,6.07380887208267e-09,4.54897159546726e-07,6.22833758143288e-23,0.000454897094906279,1.02544164414176e-09,constant,0.01,327,vertical,13,rejected,1025,4.54897159546726e-07,0.999971780255779,2.8219744220725e-05
Amda,4.59697735706101e-17,1.42889198720072e-09,3.2171622475585e-08,4.85659053273439e-19,3.25114847927781e-05,3.39884832260862e-05,constant,0.01,327,vertical,13,rejected,1025,3.2171622475585e-08,0.999971780255779,2.8219744220725e-05
Ag_q,6.40125392167371e-24,1.85407120953713e-14,3.45253941097105e-10,2.7030127355178e-23,1.71085788039274e-06,0.000138327238143899,constant,0.01,327,vertical,17,rejected,1025,3.45253941097105e-10,0.999971780255779,2.8219744220725e-05
Ag_0,7.78954661630089e-20,2.59122821607734e-12,3.0061214091335e-08,3.80379371497923e-19,0.000176787998378635,0.0146738380956877,constant,0.01,327,vertical,17,rejected,1025,3.0061214091335e-08,0.999971780255779,2.8219744220725e-05
Aw_p,4.56335440895786e-11,7.03471790234882e-09,0.00648690462404215,1.86968790156941e-14,6.48956150235818,0.265780044309253,constant,0.01,327,vertical,17,rejected,1025,5.60929488647153e-10,0.999971780255779,2.8219744220725e-05
Aw_m,4.56335440793997e-11,3.58373666432905e-09,0.0127335092819783,1.86968790153267e-14,12.7387228738357,0.521714499401761,constant,0.01,327,vertical,17,rejected,1025,1.51959768204357e-09,0.999971780255779,2.8219744220725e-05
Aio,1.82836071306397e-18,6.07380887208267e-09,3.0102374828878e-10,6.22833758143288e-23,3.01033953144278e-07,1.02544164414176e-09,constant,0.01,327,vertical,17,rejected,1025,3.0102374828878e-10,0.999971780255779,2.8219744220725e-05
Amda,3.20551195962191e-19,1.42889198720072e-09,2.24335498297649e-10,4.85659053273439e-19,5.64220173559002e-07,3.39884832260862e-05,constant,0.01,327,vertical,17,rejected,1025,2.24335498297649e-10,0.999971780255779,2.8219744220725e-05
Ag_q,6.82166306839434e-24,1.85407120953713e-14,3.67928860191803e-10,2.7030127355178e-23,1.73237240579328e-06,0.000138327238143899,constant,0.01,327,vertical,25,rejected,1025,3.67928860191803e-10,0.999971780255779,2.8219744220725e-05
Ag_0,8.15669961565615e-20,2.59122821607734e-12,3.14781213211855e-08,3.80379371497923e-19,0.000178204359010303,0.0146738380956877,constant,0.01,327,vertical,25,rejected,1025,3.14781213211855e-08,0.999971780255779,2.8219744220725e-05
Aw_p,2.00892537008854e-11,7.03471790234882e-09,0.00285572982168592,1.86968790156941e-14,2.85838721618105,0.265780044309253,constant,0.01,327,vertical,25,rejected,1025,2.1041273900694e-14,0.999971780255779,2.8219744220725e-05
Aw_m,2.00892537008859e-11,3.58373666432905e-09,0.00560567239798771,1.86968790153267e-14,5.61088797878453,0.521714499401761,constant,0.01,327,vertical,25,rejected,1025,6.79811450785007e-14,0.999971780255779,2.8219744220725e-05
Aio,2.15995728324858e-23,6.07380887208267e-09,3.55618250217996e-15,6.22833758143288e-23,1.3810598358103e-11,1.02544164414176e-09,constant,0.01,327,vertical,25,rejected,1025,3.55618250217996e-15,0.999971780255779,2.8219744220725e-05
Amda,2.19976861309975e-19,1.42889198720072e-09,1.53949258082776e-10,4.85659053273439e-19,4.93833982603409e-07,3.39884832260862e-05,constant,0.01,327,vertical,25,rejected,1025,1.53949258082776e-10,0.999971780255779,2.8219744220725e-05
Ag_q,6.82124053984162e-24,1.85407120953713e-14,3.6790607096178e-10,2.7030127355178e-23,1.73235078280684e-06,0.000138327238143899,constant,0.01,327,vertical,33,rejected,1025,3.6790607096178e-10,0.999971780255779,2.8219744220725e-05
Ag_0,8.15622247104122e-20,2.59122821607734e-12,3.14762799371963e-08,3.80379371497923e-19,0.000178202518336662,0.0146738380956877,constant,0.01,327,vertical,33,rejected,1025,3.14762799371963e-08,0.999971780255779,2.8219744220725e-05
Aw_p,1.11752678518509e-11,7.03471790234882e-09,0.00158858791595888,1.86968790156941e-14,1.59124549058088,0.265780044309253,constant,0.01,327,vertical,33,rejected,1025,1.79327392670196e-14,0.999971780255779,2.8219744220725e-05
Aw_m,1.11752678518514e-11,3.58373666432905e-09,0.00311832840930672,1.86968790153267e-14,3.12354468416774,0.521714499401761,constant,0.01,327,vertical,33,rejected,1025,6.02217893121585e-14,0.999971780255779,2.8219744220725e-05
Aio,1.98889946809393e-23,6.07380887208267e-09,3.27455063203519e-15,6.22833758143288e-23,1.35289665343264e-11,1.02544164414176e-09,constant,0.01,327,vertical,33,rejected,1025,3.27455063203519e-15,0.999971780255779,2.8219744220725e-05
Amda,2.19964899803174e-19,1.42889198720072e-09,1.53940886906433e-10,4.85659053273439e-19,4.93825611432924e-07,3.39884832260862e-05,constant,0.01,327,vertical,33,rejected,1025,1.53940886906433e-10,0.999971780255779,2.8219744220725e-05
Ag_q,6.82250540347374e-24,1.85407120953713e-14,3.6797429183839e-10,2.7030127355178e-23,1.73241551246592e-06,0.000138327238143899,constant,0.01,327,vertical,49,rejected,1025,3.6797429183839e-10,0.999971780255779,2.8219744220725e-05
Ag_0,8.15780213649923e-20,2.59122821607734e-12,3.14823761407195e-08,3.80379371497923e-19,0.000178208612188462,0.0146738380956877,constant,0.01,327,vertical,49,rejected,1025,3.14823761407195e-08,0.999971780255779,2.8219744220725e-05
Aw_p,4.81731982585988e-12,7.03471790234882e-09,0.000684792182533919,1.86968790156941e-14,0.687449885632371,0.265780044309253,constant,0.01,327,vertical,49,rejected,1025,1.79660347991217e-14,0.999971780255779,2.8219744220725e-05
Aw_m,4.81731982586031e-12,3.58373666432905e-09,0.00134421702180571,1.86968790153267e-14,1.34943379171172,0.521714499401761,constant,0.01,327,vertical,49,rejected,1025,5.33184007540637e-14,0.999971780255779,2.8219744220725e-05
Aio,2.06265335733282e-23,6.07380887208267e-09,3.39598001974262e-15,6.22833758143288e-23,1.36503959020416e-11,1.02544164414176e-09,constant,0.01,327,vertical,49,rejected,1025,3.39598001974262e-15,0.999971780255779,2.8219744220725e-05
Amda,2.20219374046711e-19,1.42889198720072e-09,1.54118978914658e-10,4.85659053273439e-19,4.94003703316513e-07,3.39884832260862e-05,constant,0.01,327,vertical,49,rejected,1025,1.54118978914658e-10,0.999971780255779,2.8219744220725e-05
Ag_q,6.8195274614308e-24,1.85407120953713e-14,3.67813675459277e-10,2.7030127355178e-23,1.73226311566337e-06,0.000138327238143899,constant,0.01,327,vertical,65,assessed,1025,3.67813675459277e-10,0.999971780255779,2.8219744220725e-05
Ag_0,8.15442046220662e-20,2.59122821607734e-12,3.14693256719432e-08,3.80379371497923e-19,0.000178195566754146,0.0146738380956877,constant,0.01,327,vertical,65,assessed,1025,3.14693256719432e-08,0.999971780255779,2.8219744220725e-05
Aw_p,2.59502362952048e-12,7.03471790234882e-09,0.000368888086991239,1.86968790156941e-14,0.371545834996119,0.265780044309253,constant,0.01,327,vertical,65,assessed,1025,1.52618264532761e-14,0.999971780255779,2.8219744220725e-05
Aw_m,2.59502362952096e-12,3.58373666432905e-09,0.000724111136666569,1.86968790153267e-14,0.72932807960586,0.521714499401761,constant,0.01,327,vertical,65,assessed,1025,5.11060618964755e-14,0.999971780255779,2.8219744220725e-05
Aio,1.97801420068535e-23,6.07380887208267e-09,3.25662898247751e-15,6.22833758143288e-23,1.35110448877194e-11,1.02544164414176e-09,constant,0.01,327,vertical,65,assessed,1025,3.25662898247751e-15,0.999971780255779,2.8219744220725e-05
Amda,2.20156817248446e-19,1.42889198720072e-09,1.54075198979697e-10,4.85659053273439e-19,4.93959923412191e-07,3.39884832260862e-05,constant,0.01,327,vertical,65,assessed,1025,1.54075198979697e-10,0.999971780255779,2.8219744220725e-05
Ag_q,6.8216138111964e-24,1.85407120953713e-14,3.6792620348705e-10,2.7030127355178e-23,1.73236988504595e-06,0.000138327238143899,constant,0.01,327,vertical,97,assessed,1025,3.6792620348705e-10,0.999971780255779,2.8219744220725e-05
Ag_0,8.15599749656274e-20,2.59122821607734e-12,3.14754117215869e-08,3.80379371497923e-19,0.000178201650455983,0.0146738380956877,constant,0.01,327,vertical,97,assessed,1025,3.14754117215869e-08,0.999971780255779,2.8219744220725e-05
Aw_p,1.01293856986487e-12,7.03471790234882e-09,0.000143991356004007,1.86968790156941e-14,0.146649135978427,0.265780044309253,constant,0.01,327,vertical,97,assessed,1025,1.75839894616863e-14,0.999971780255779,2.8219744220725e-05
Aw_m,1.01293856986533e-12,3.58373666432905e-09,0.000282648716895882,1.86968790153267e-14,0.287865783020087,0.521714499401761,constant,0.01,327,vertical,97,assessed,1025,4.89738110215703e-14,0.999971780255779,2.8219744220725e-05
Aio,3.14427860150017e-23,6.07380887208267e-09,5.17678225923829e-15,6.22833758143288e-23,1.54311978483436e-11,1.02544164414176e-09,constant,0.01,327,vertical,97,assessed,1025,5.17678225923829e-15,0.999971780255779,2.8219744220725e-05
Amda,2.20427682745944e-19,1.42889198720072e-09,1.54264762291637e-10,4.85659053273439e-19,4.94149486591467e-07,3.39884832260862e-05,constant,0.01,327,vertical,97,assessed,1025,1.54264762291637e-10,0.999971780255779,2.8219744220725e-05
Ag_q,6.81583096725849e-24,1.85407120953713e-14,3.67614303711672e-10,2.7030127355178e-23,1.73207394680635e-06,0.000138327238143899,constant,0.01,327,vertical,129,assessed,1025,3.67614303711672e-10,0.999971780255779,2.8219744220725e-05
Ag_0,8.14886246365139e-20,2.59122821607734e-12,3.1447876389627e-08,3.80379371497923e-19,0.000178174125746287,0.0146738380956877,constant,0.01,327,vertical,129,assessed,1025,3.1447876389627e-08,0.999971780255779,2.8219744220725e-05
Aw_p,4.69010291239657e-13,7.03471790234882e-09,6.66708029732165e-05,1.86968790156941e-14,0.069328593938915,0.265780044309253,constant,0.01,327,vertical,129,assessed,1025,1.48055804401206e-14,0.999971780255779,2.8219744220725e-05
Aw_m,4.69010291240005e-13,3.58373666432905e-09,0.000130871862296225,1.86968790153267e-14,0.136088970771983,0.521714499401761,constant,0.01,327,vertical,129,assessed,1025,4.46175553360942e-14,0.999971780255779,2.8219744220725e-05
Aio,2.1397970520362e-23,6.07380887208267e-09,3.52299042841379e-15,6.22833758143288e-23,1.37774062898016e-11,1.02544164414176e-09,constant,0.01,327,vertical,129,assessed,1025,3.52299042841379e-15,0.999971780255779,2.8219744220725e-05
Amda,2.20412010395156e-19,1.42889198720072e-09,1.54253794107247e-10,4.85659053273439e-19,4.94138518414753e-07,3.39884832260862e-05,constant,0.01,327,vertical,129,assessed,1025,1.54253794107247e-10,0.999971780255779,2.8219744220725e-05
Ag_q,6.85003071530565e-24,1.85407120953713e-14,3.69458879468592e-10,2.7030127355178e-23,1.7338241260158e-06,0.000138327238143899,constant,0.01,327,vertical,193,assessed,1025,3.69458879468592e-10,0.999971780255779,2.8219744220725e-05
Ag_0,8.18956788639771e-20,2.59122821607734e-12,3.16049656899587e-08,3.80379371497923e-19,0.000178331154446514,0.0146738380956877,constant,0.01,327,vertical,193,assessed,1025,3.16049656899587e-08,0.999971780255779,2.8219744220725e-05
Aw_p,1.49588115722771e-13,7.03471790234882e-09,2.12642664281996e-05,1.86968790156941e-14,0.0239220638485322,0.265780044309253,constant,0.01,327,vertical,193,assessed,1025,1.77628678351679e-14,0.999971780255779,2.8219744220725e-05
Aw_m,1.49588115722802e-13,3.58373666432905e-09,4.17408224247436e-05,1.86968790153267e-14,0.0469579557714738,0.521714499401761,constant,0.01,327,vertical,193,assessed,1025,4.95154013009199e-14,0.999971780255779,2.8219744220725e-05
Aio,2.46287060860942e-23,6.07380887208267e-09,4.05490304433125e-15,6.22833758143288e-23,1.43093188181443e-11,1.02544164414176e-09,constant,0.01,327,vertical,193,assessed,1025,4.05490304433125e-15,0.999971780255779,2.8219744220725e-05
Amda,2.21166254548777e-19,1.42889198720072e-09,1.54781646569419e-10,4.85659053273439e-19,4.94666370507511e-07,3.39884832260862e-05,constant,0.01,327,vertical,193,assessed,1025,1.54781646569419e-10,0.999971780255779,2.8219744220725e-05
Ag_q,6.52222860965598e-24,1.85407120953713e-14,3.51778754564894e-10,2.7030127355178e-23,1.71704878517614e-06,0.000138327238143899,constant,0.01,327,vertical,257,assessed,1025,3.51778754564894e-10,0.999971780255779,2.8219744220725e-05
Ag_0,7.81221948067359e-20,2.59122821607734e-12,3.01487126151316e-08,3.80379371497923e-19,0.000176875463148257,0.0146738380956877,constant,0.01,327,vertical,257,assessed,1025,3.01487126151316e-08,0.999971780255779,2.8219744220725e-05
Aw_p,1.66305789507571e-13,7.03471790234882e-09,2.36407190474607e-05,1.86968790156941e-14,0.0262985161299756,0.265780044309253,constant,0.01,327,vertical,257,assessed,1025,1.52379641714239e-14,0.999971780255779,2.8219744220725e-05
Aw_m,1.66305789507192e-13,3.58373666432905e-09,4.64056946936218e-05,1.86968790153267e-14,0.0516228267386741,0.521714499401761,constant,0.01,327,vertical,257,assessed,1025,5.09096133781227e-14,0.999971780255779,2.8219744220725e-05
Aio,2.79658566184001e-23,6.07380887208267e-09,4.60433596238777e-15,6.22833758143288e-23,1.48587516457414e-11,1.02544164414176e-09,constant,0.01,327,vertical,257,assessed,1025,4.60433596238777e-15,0.999971780255779,2.8219744220725e-05
Amda,2.06001972145648e-19,1.42889198720072e-09,1.44169030263244e-10,4.85659053273439e-19,4.84053761628496e-07,3.39884832260862e-05,constant,0.01,327,vertical,257,assessed,1025,1.44169030263244e-10,0.999971780255779,2.8219744220725e-05
Ag_q,1.73559423046562e-26,1.86025182603944e-14,9.32988859987186e-13,2.82270562425902e-23,1.44085631293408e-06,0.000143997091943136,constant,0.01,901,horizontal,8,assessed,1025,9.32988859987186e-13,0.999974553516281,2.54464837194387e-05
Ag_0,4.5210453855812e-22,2.85649617817844e-12,1.58272411499049e-10,3.9725455135055e-19,0.000139180118218962,0.0139021901195958,constant,0.01,901,horizontal,8,assessed,1025,1.58272411499049e-10,0.999974553516281,2.54464837194387e-05
Aw_p,1.78655708668245e-14,6.99885208558789e-09,2.55264301178953e-06,1.72851500435279e-14,0.00502235444586415,0.246971179879767,constant,0.01,901,horizontal,8,assessed,1025,3.21524680149541e-15,0.999974553516281,2.54464837194387e-05
Aw_m,1.78655708668152e-14,3.5463375836558e-09,5.03775245457546e-06,1.72851500441442e-14,0.00991183444044526,0.487408340642013,constant,0.01,901,horizontal,8,assessed,1025,6.74323875933568e-15,0.999974553516281,2.54464837194387e-05
Aio,2.22323388882171e-24,5.86099386980233e-09,3.79327113832436e-16,3.21111925795163e-23,5.85812259369816e-12,5.47879554458633e-10,constant,0.01,901,horizontal,8,assessed,1025,3.79327113832436e-16,0.999974553516281,2.54464837194387e-05
Amda,5.188543567127e-21,7.83999809216396e-10,6.61804187466949e-12,2.71231221523762e-19,3.52575867067241e-07,3.45957833633942e-05,constant,0.01,901,horizontal,8,assessed,1025,6.61804187466949e-12,0.999974553516281,2.54464837194387e-05
Ag_q,1.79601568635666e-26,1.86025182603944e-14,9.65469116178993e-13,2.82270562425902e-23,1.44088713624723e-06,0.000143997091943136,constant,0.01,901,horizontal,12,assessed,1025,9.65469116178993e-13,0.999974703663015,2.52963369850833e-05
Ag_0,4.08400343609175e-22,2.85649617817844e-12,1.4297248031664e-10,3.9725455135055e-19,0.000139164823642094,0.0139021901195958,constant,0.01,901,horizontal,12,assessed,1025,1.4297248031664e-10,0.999974703663015,2.52963369850833e-05
Aw_p,8.61127871896132e-15,6.99885208558789e-09,1.23038444214213e-06,1.72851500435279e-14,0.00370009606514179,0.246971179879767,constant,0.01,901,horizontal,12,assessed,1025,1.35248549755011e-15,0.999974703663015,2.52963369850833e-05
Aw_m,8.61127871896136e-15,3.5463375836558e-09,2.42821742595759e-06,1.72851500441442e-14,0.00730230014766661,0.487408340642013,constant,0.01,901,horizontal,12,assessed,1025,3.51362482695468e-15,0.999974703663015,2.52963369850833e-05
Aio,9.99282098257677e-24,5.86099386980233e-09,1.70497038634743e-15,3.21111925795163e-23,7.18376564003256e-12,5.47879554458633e-10,constant,0.01,901,horizontal,12,assessed,1025,1.70497038634743e-15,0.999974703663015,2.52963369850833e-05
Amda,1.42131012810501e-21,7.83999809216396e-10,1.81289601272429e-12,2.71231221523762e-19,3.47770727334302e-07,3.45957833633942e-05,constant,0.01,901,horizontal,12,assessed,1025,1.81289601272429e-12,0.999974703663015,2.52963369850833e-05
Ag_q,1.04452663361522e-26,1.86025182603944e-14,5.61497437601804e-13,2.82270562425902e-23,1.44050377272079e-06,0.000143997091943136,constant,0.01,901,horizontal,16,assessed,1025,5.61497437601804e-13,0.999974553516281,2.54464837194387e-05
Ag_0,2.88675950867825e-22,2.85649617817844e-12,1.01059456362343e-10,3.9725455135055e-19,0.000139122925285884,0.0139021901195958,constant,0.01,901,horizontal,16,assessed,1025,1.01059456362343e-10,0.999974553516281,2.54464837194387e-05
Aw_p,2.31661396216901e-15,6.99885208558789e-09,3.3099913154893e-07,1.72851500435279e-14,0.00280071088305326,0.246971179879767,constant,0.01,901,horizontal,16,assessed,1025,1.00159453790549e-15,0.999974553516281,2.54464837194387e-05
Aw_m,2.31661396215084e-15,3.5463375836558e-09,6.5324124043564e-07,1.72851500441442e-14,0.00552732446265417,0.487408340642013,constant,0.01,901,horizontal,16,assessed,1025,2.02058774235902e-15,0.999974553516281,2.54464837194387e-05
Aio,1.65776206568727e-23,5.86099386980233e-09,2.82846579012577e-15,3.21111925795163e-23,8.30726085212068e-12,5.47879554458633e-10,constant,0.01,901,horizontal,16,assessed,1025,2.82846579012577e-15,0.999974553516281,2.54464837194387e-05
Amda,4.57720062152679e-22,7.83999809216396e-10,5.83826751960779e-13,2.71231221523762e-19,3.46541659641227e-07,3.45957833633942e-05,constant,0.01,901,horizontal,16,assessed,1025,5.83826751960779e-13,0.999974553516281,2.54464837194387e-05
Ag_q,1.11304855274226e-26,1.86025182603944e-14,5.98332191997894e-13,2.82270562425902e-23,1.44053872839241e-06,0.000143997091943136,constant,0.01,901,horizontal,24,assessed,1025,5.98332191997894e-13,0.999974553516281,2.54464837194387e-05
Ag_0,2.7658185129057e-22,2.85649617817844e-12,9.68255632209329e-11,3.9725455135055e-19,0.000139118692874422,0.0139021901195958,constant,0.01,901,horizontal,24,assessed,1025,9.68255632209329e-11,0.999974553516281,2.54464837194387e-05
Aw_p,8.96010260517305e-16,6.99885208558789e-09,1.28022459906301e-07,1.72851500435279e-14,0.00259773424041205,0.246971179879767,constant,0.01,901,horizontal,24,assessed,1025,1.65485502458451e-15,0.999974553516281,2.54464837194387e-05
Aw_m,8.96010260502778e-16,3.5463375836558e-09,2.52657915205893e-07,1.72851500441442e-14,0.0051267412503813,0.487408340642013,constant,0.01,901,horizontal,24,assessed,1025,3.71097678335194e-15,0.999974553516281,2.54464837194387e-05
Aio,1.32778302797481e-23,5.86099386980233e-09,2.26545711780379e-15,3.21111925795163e-23,7.74425227585896e-12,5.47879554458633e-10,constant,0.01,901,horizontal,24,assessed,1025,2.26545711780379e-15,0.999974553516281,2.54464837194387e-05
Amda,4.54926424364205e-22,7.83999809216396e-10,5.80263437587953e-13,2.71231221523762e-19,3.46538096331399e-07,3.45957833633942e-05,constant,0.01,901,horizontal,24,assessed,1025,5.80263437587953e-13,0.999974553516281,2.54464837194387e-05
Ag_q,7.24282924165726e-27,1.86025182603944e-14,3.89346707809854e-13,2.82270562425902e-23,1.44034040406316e-06,0.000143997091943136,constant,0.01,901,horizontal,32,assessed,1025,3.89346707809854e-13,0.999974530305125,2.54696948753084e-05
Ag_0,1.39996635341719e-22,2.85649617817844e-12,4.90099151580149e-11,3.9725455135055e-19,0.000139070893959766,0.0139021901195958,constant,0.01,901,horizontal,32,assessed,1025,4.90099151580149e-11,0.999974530305125,2.54696948753084e-05
Aw_p,2.09861630716479e-16,6.99885208558789e-09,2.99851501574992e-08,1.72851500435279e-14,0.00249969694467087,0.246971179879767,constant,0.01,901,horizontal,32,assessed,1025,1.3585643461205e-15,0.999974530305125,2.54696948753084e-05
Aw_m,2.098616307088e-16,3.5463375836558e-09,5.91770032486475e-08,1.72851500441442e-14,0.00493326039298199,0.487408340642013,constant,0.01,901,horizontal,32,assessed,1025,2.56276201250168e-15,0.999974530305125,2.54696948753084e-05
Aio,9.14401943830721e-24,5.86099386980233e-09,1.56014826861022e-15,3.21111925795163e-23,7.03894354700483e-12,5.47879554458633e-10,constant,0.01,901,horizontal,32,assessed,1025,1.56014826861022e-15,0.999974530305125,2.54696948753084e-05
Amda,2.8428941726462e-21,7.83999809216396e-10,3.62614140874302e-12,2.71231221523762e-19,3.4958397041751e-07,3.45957833633942e-05,constant,0.01,901,horizontal,32,assessed,1025,3.62614140874302e-12,0.999974530305125,2.54696948753084e-05
Ag_q,1.69943765823964e-26,1.86025182603944e-14,9.1355247416035e-13,2.82270562425902e-23,1.4408378680732e-06,0.000143997091943136,constant,0.01,901,horizontal,48,assessed,1025,9.1355247416035e-13,0.999974428552372,2.55714476283622e-05
Ag_0,4.04989151635865e-22,2.85649617817844e-12,1.41778292836409e-10,3.9725455135055e-19,0.000139163629872527,0.0139021901195958,constant,0.01,901,horizontal,48,assessed,1025,1.41778292836409e-10,0.999974428552372,2.55714476283622e-05
Aw_p,2.41203822880278e-16,6.99885208558789e-09,3.44633405493692e-08,1.72851500435279e-14,0.0025041751344229,0.246971179879767,constant,0.01,901,horizontal,48,assessed,1025,1.36436267024959e-15,0.999974428552372,2.55714476283622e-05
Aw_m,2.41203822883322e-16,3.5463375836558e-09,6.80149075471469e-08,1.72851500441442e-14,0.00494209829478837,0.487408340642013,constant,0.01,901,horizontal,48,assessed,1025,3.25399196849551e-15,0.999974428552372,2.55714476283622e-05
Aio,1.00265776604166e-23,5.86099386980233e-09,1.71072993474309e-15,3.21111925795163e-23,7.18952518744553e-12,5.47879554458633e-10,constant,0.01,901,horizontal,48,assessed,1025,1.71072993474309e-15,0.999974428552372,2.55714476283622e-05
Amda,4.10632670721658e-21,7.83999809216396e-10,5.23766289091427e-12,2.71231221523762e-19,3.51195489844171e-07,3.45957833633942e-05,constant,0.01,901,horizontal,48,assessed,1025,5.23766289091427e-12,0.999974428552372,2.55714476283622e-05
Ag_q,0,1.86025182603944e-14,0,2.82270562425902e-23,1.43997091943136e-06,0.000143997091943136,constant,0.01,901,horizontal,64,assessed,1025,0,0.999974418729895,2.55812701050015e-05
Ag_0,0,2.85649617817844e-12,0,3.9725455135055e-19,0.000139021901195958,0.0139021901195958,constant,0.01,901,horizontal,64,assessed,1025,0,0.999974418729895,2.55812701050015e-05
Aw_p,0,6.99885208558789e-09,0,1.72851500435279e-14,0.00246971179879767,0.246971179879767,constant,0.01,901,horizontal,64,assessed,1025,0,0.999974418729895,2.55812701050015e-05
Aw_m,0,3.5463375836558e-09,0,1.72851500441442e-14,0.00487408340642013,0.487408340642013,constant,0.01,901,horizontal,64,assessed,1025,0,0.999974418729895,2.55812701050015e-05
Aio,0,5.86099386980233e-09,0,3.21111925795163e-23,5.47879554458633e-12,5.47879554458633e-10,constant,0.01,901,horizontal,64,assessed,1025,0,0.999974418729895,2.55812701050015e-05
Amda,0,7.83999809216396e-10,0,2.71231221523762e-19,3.45957833633943e-07,3.45957833633942e-05,constant,0.01,901,horizontal,64,assessed,1025,0,0.999974418729895,2.55812701050015e-05
Ag_q,7.35898632151091e-18,1.86025182603944e-14,0.000395590866704242,2.82270562425902e-23,0.375411692049565,0.000143997091943136,constant,0.01,901,vertical,9,rejected,1025,0.000395590866704242,0.999974418729895,2.55812701050015e-05
Ag_0,8.68293044723746e-14,2.85649617817844e-12,0.0303971365814131,3.9725455135055e-19,30.3866379209917,0.0139021901195958,constant,0.01,901,vertical,9,rejected,1025,0.0303971365814131,0.999974418729895,2.55812701050015e-05
Aw_p,1.6542808038902e-10,6.99885208558789e-09,0.0236364590029944,1.72851500435279e-14,23.6389253376029,0.246971179879767,constant,0.01,901,vertical,9,rejected,1025,0.000565736933934865,0.999974418729895,2.55812701050015e-05
Aw_m,1.65478027684803e-10,3.5463375836558e-09,0.04666166820876,1.72851500441442e-14,46.6665291344639,0.487408340642013,constant,0.01,901,vertical,9,rejected,1025,0.00153107559792649,0.999974418729895,2.55812701050015e-05
Aio,1.65592819118465e-12,5.86099386980233e-09,0.00028253368421293,3.21111925795163e-23,0.282533636012653,5.47879554458633e-10,constant,0.01,901,vertical,9,rejected,1025,0.00028253368421293,0.999974418729895,2.55812701050015e-05
Amda,1.18426573076409e-13,7.83999809216396e-10,0.000151054339151914,2.71231221523762e-19,0.151054492438595,3.45957833633942e-05,constant,0.01,901,vertical,9,rejected,1025,0.000151054339151914,0.999974418729895,2.55812701050015e-05
Ag_q,3.04716265968047e-21,1.86025182603944e-14,1.63803771996183e-07,2.82270562425902e-23,0.000156887481244524,0.000143997091943136,constant,0.01,901,vertical,13,rejected,1025,1.63803771996183e-07,0.999974418729895,2.55812701050015e-05
Ag_0,4.00905723446438e-17,2.85649617817844e-12,1.40348769415155e-05,3.9725455135055e-19,0.0141689872431619,0.0139021901195958,constant,0.01,901,vertical,13,rejected,1025,1.40348769415155e-05,0.999974418729895,2.55812701050015e-05
Aw_p,7.2730297899299e-11,6.99885208558789e-09,0.0103917466764394,1.72851500435279e-14,10.3942149034597,0.246971179879767,constant,0.01,901,vertical,13,rejected,1025,8.669143860981e-07,0.999974418729895,2.55812701050015e-05
Aw_m,7.27303129961486e-11,3.5463375836558e-09,0.0205085701178999,1.72851500441442e-14,20.5134384182798,0.487408340642013,constant,0.01,901,vertical,13,rejected,1025,2.35403722807364e-06,0.999974418729895,2.55812701050015e-05
Aio,2.76383953374441e-15,5.86099386980233e-09,4.71564993095212e-07,3.21111925795163e-23,0.000471564918115826,5.47879554458633e-10,constant,0.01,901,vertical,13,rejected,1025,4.71564993095212e-07,0.999974418729895,2.55812701050015e-05
Amda,6.50588652619244e-17,7.83999809216396e-10,8.29832667012387e-08,2.71231221523762e-19,8.33291186889784e-05,3.45957833633942e-05,constant,0.01,901,vertical,13,rejected,1025,8.29832667012387e-08,0.999974418729895,2.55812701050015e-05
Ag_q,6.68911833822852e-24,1.86025182603944e-14,3.59581334343853e-10,2.82270562425902e-23,1.78120862416767e-06,0.000143997091943136,constant,0.01,901,vertical,17,rejected,1025,3.59581334343853e-10,0.999974418729895,2.55812701050015e-05
Ag_0,7.3820072058058e-20,2.85649617817844e-12,2.58428744354674e-08,3.9725455135055e-19,0.000164855731743761,0.0139021901195958,constant,0.01,901,vertical,17,rejected,1025,2.58428744354674e-08,0.999974418729895,2.55812701050015e-05
Aw_p,4.06933299363282e-11,6.99885208558789e-09,0.005814286319913,1.72851500435279e-14,5.81675520096335,0.246971179879767,constant,0.01,901,vertical,17,rejected,1025,5.65254181648709e-10,0.999974418729895,2.55812701050015e-05
Aw_m,4.06933299466694e-11,3.5463375836558e-09,0.0114747479580666,1.72851500441442e-14,11.4796188058125,0.487408340642013,constant,0.01,901,vertical,17,rejected,1025,1.52567865398616e-09,0.999974418729895,2.55812701050015e-05
Aio,1.82848123370261e-18,5.86099386980233e-09,3.11974602656304e-10,3.21111925795163e-23,3.11980028222898e-07,5.47879554458633e-10,constant,0.01,901,vertical,17,rejected,1025,3.11974602656304e-10,0.999974418729895,2.55812701050015e-05
Amda,4.56870779416719e-20,7.83999809216396e-10,5.82743482901303e-11,2.71231221523762e-19,4.04232107594624e-07,3.45957833633942e-05,constant,0.01,901,vertical,17,rejected,1025,5.82743482901303e-11,0.999974418729895,2.55812701050015e-05
Ag_q,7.10262219314663e-24,1.86025182603944e-14,3.81809714885131e-10,2.82270562425902e-23,1.80230304935454e-06,0.000143997091943136,constant,0.01,901,vertical,25,rejected,1025,3.81809714885131e-10,0.999974418729895,2.55812701050015e-05
Ag_0,8.47431988720746e-20,2.85649617817844e-12,2.9666834326421e-08,3.9725455135055e-19,0.000168678353414241,0.0139021901195958,constant,0.01,901,vertical,25,rejected,1025,2.9666834326421e-08,0.999974418729895,2.55812701050015e-05
Aw_p,1.79293428424368e-11,6.99885208558789e-09,0.00256175478823979,1.72851500435279e-14,2.56422413401364,0.246971179879767,constant,0.01,901,vertical,25,rejected,1025,1.68660288347593e-14,0.999974418729895,2.55812701050015e-05
Aw_m,1.7929342842438e-11,3.5463375836558e-09,0.00505573494330317,1.72851500441442e-14,5.06060760108854,0.487408340642013,constant,0.01,901,vertical,25,rejected,1025,4.77263522230916e-14,0.999974418729895,2.55812701050015e-05
Aio,2.25822462018914e-23,5.86099386980233e-09,3.8529721585689e-15,3.21111925795163e-23,9.33176704576305e-12,5.47879554458633e-10,constant,0.01,901,vertical,25,rejected,1025,3.8529721585689e-15,0.999974418729895,2.55812701050015e-05
Amda,1.27249988959126e-19,7.83999809216396e-10,1.62308698883884e-10,2.71231221523762e-19,5.08266325491638e-07,3.45957833633942e-05,constant,0.01,901,vertical,25,rejected,1025,1.62308698883884e-10,0.999974418729895,2.55812701050015e-05
Ag_q,7.10214473743414e-24,1.86025182603944e-14,3.81784048698123e-10,2.82270562425902e-23,1.80227869249864e-06,0.000143997091943136,constant,0.01,901,vertical,33,rejected,1025,3.81784048698123e-10,0.999974418729895,2.55812701050015e-05
Ag_0,8.47378113069476e-20,2.85649617817844e-12,2.96649482517368e-08,3.9725455135055e-19,0.000168676467999601,0.0139021901195958,constant,0.01,901,vertical,33,rejected,1025,2.96649482517368e-08,0.999974418729895,2.55812701050015e-05
Aw_p,9.98551022566174e-12,6.99885208558789e-09,0.00142673542797454,1.72851500435279e-14,1.42920493592059,0.246971179879767,constant,0.01,901,vertical,33,rejected,1025,1.54107293663782e-14,0.999974418729895,2.55812701050015e-05
Aw_m,9.9855102256629e-12,3.5463375836558e-09,0.00281572467090659,1.72851500441442e-14,2.82059796033223,0.487408340642013,constant,0.01,901,vertical,33,rejected,1025,5.08088464508791e-14,0.999974418729895,2.55812701050015e-05
Aio,2.12484809737091e-23,5.86099386980233e-09,3.62540576662056e-15,3.21111925795163e-23,9.10420069264197e-12,5.47879554458633e-10,constant,0.01,901,vertical,33,rejected,1025,3.62540576662056e-15,0.999974418729895,2.55812701050015e-05
Amda,1.27210782353735e-19,7.83999809216396e-10,1.62258690446471e-10,2.71231221523762e-19,5.08216317118012e-07,3.45957833633942e-05,constant,0.01,901,vertical,33,rejected,1025,1.62258690446471e-10,0.999974418729895,2.55812701050015e-05
Ag_q,7.10357838027029e-24,1.86025182603944e-14,3.81861115835813e-10,2.82270562425902e-23,1.80235182814464e-06,0.000143997091943136,constant,0.01,901,vertical,49,rejected,1025,3.81861115835813e-10,0.999974418729895,2.55812701050015e-05
Ag_0,8.47554429718544e-20,2.85649617817844e-12,2.96711207315187e-08,3.9725455135055e-19,0.000168682638319282,0.0139021901195958,constant,0.01,901,vertical,49,rejected,1025,2.96711207315187e-08,0.999974418729895,2.55812701050015e-05
Aw_p,4.31932554650578e-12,6.99885208558789e-09,0.000617147711322572,1.72851500435279e-14,0.619617334942963,0.246971179879767,constant,0.01,901,vertical,49,rejected,1025,1.61188971599981e-14,0.999974418729895,2.55812701050015e-05
Aw_m,4.31932554650704e-12,3.5463375836558e-09,0.00121796795838438,1.72851500441442e-14,1.22284169834701,0.487408340642013,constant,0.01,901,vertical,49,rejected,1025,3.87323095773025e-14,0.999974418729895,2.55812701050015e-05
Aio,2.53383947197287e-23,5.86099386980233e-09,4.32322491417029e-15,3.21111925795163e-23,9.80201972113015e-12,5.47879554458633e-10,constant,0.01,901,vertical,49,rejected,1025,4.32322491417029e-15,0.999974418729895,2.55812701050015e-05
Amda,1.27261406495713e-19,7.83999809216396e-10,1.6232326207185e-10,2.71231221523762e-19,5.08280888661029e-07,3.45957833633942e-05,constant,0.01,901,vertical,49,rejected,1025,1.6232326207185e-10,0.999974418729895,2.55812701050015e-05
Ag_q,7.10055952425907e-24,1.86025182603944e-14,3.81698833720619e-10,2.82270562425902e-23,1.80219782466554e-06,0.000143997091943136,constant,0.01,901,vertical,65,assessed,1025,3.81698833720619e-10,0.999974418729895,2.55812701050015e-05
Ag_0,8.47207961709379e-20,2.85649617817844e-12,2.96589916059203e-08,3.9725455135055e-19,0.000168670513438353,0.0139021901195958,constant,0.01,901,vertical,65,assessed,1025,2.96589916059203e-08,0.999974418729895,2.55812701050015e-05
Aw_p,2.33850304509352e-12,6.99885208558789e-09,0.000334126656271104,1.72851500435279e-14,0.3365963203297,0.246971179879767,constant,0.01,901,vertical,65,assessed,1025,1.42756826246707e-14,0.999974418729895,2.55812701050015e-05
Aw_m,2.33850304509479e-12,3.5463375836558e-09,0.000659413547055524,1.72851500441442e-14,0.664287444519872,0.487408340642013,constant,0.01,901,vertical,65,assessed,1025,4.54697020108907e-14,0.999974418729895,2.55812701050015e-05
Aio,2.36036781456651e-23,5.86099386980233e-09,4.02724839336185e-15,3.21111925795163e-23,9.50604325082108e-12,5.47879554458633e-10,constant,0.01,901,vertical,65,assessed,1025,4.02724839336185e-15,0.999974418729895,2.55812701050015e-05
Amda,1.27226868916396e-19,7.83999809216396e-10,1.62279209026287e-10,2.71231221523762e-19,5.08236835671656e-07,3.45957833633942e-05,constant,0.01,901,vertical,65,assessed,1025,1.62279209026287e-10,0.999974418729895,2.55812701050015e-05
Ag_q,7.10284691370028e-24,1.86025182603944e-14,3.81821794999796e-10,2.82270562425902e-23,1.802314513216e-06,0.000143997091943136,constant,0.01,901,vertical,97,assessed,1025,3.81821794999796e-10,0.999974418729895,2.55812701050015e-05
Ag_0,8.4740026539432e-20,2.85649617817844e-12,2.96657237586328e-08,3.9725455135055e-19,0.000168677243235103,0.0139021901195958,constant,0.01,901,vertical,97,assessed,1025,2.96657237586328e-08,0.999974418729895,2.55812701050015e-05
Aw_p,9.27132543098198e-13,6.99885208558789e-09,0.000132469229490842,1.72851500435279e-14,0.134938922362362,0.246971179879767,constant,0.01,901,vertical,97,assessed,1025,2.20926121887927e-14,0.999974418729895,2.55812701050015e-05
Aw_m,9.2713254309963e-13,3.5463375836558e-09,0.000261433809170496,1.72851500441442e-14,0.266307818857557,0.487408340642013,constant,0.01,901,vertical,97,assessed,1025,3.82210198708042e-14,0.999974418729895,2.55812701050015e-05
Aio,2.84356279188239e-23,5.86099386980233e-09,4.85167337664917e-15,3.21111925795163e-23,1.03304680934454e-11,5.47879554458633e-10,constant,0.01,901,vertical,97,assessed,1025,4.85167337664917e-15,0.999974418729895,2.55812701050015e-05
Amda,1.27306171781105e-19,7.83999809216396e-10,1.6238036066405e-10,2.71231221523762e-19,5.08337987180399e-07,3.45957833633942e-05,constant,0.01,901,vertical,97,assessed,1025,1.6238036066405e-10,0.999974418729895,2.55812701050015e-05
Ag_q,7.09709578676185e-24,1.86025182603944e-14,3.8151263648384e-10,2.82270562425902e-23,1.80202112606737e-06,0.000143997091943136,constant,0.01,901,vertical,129,assessed,1025,3.8151263648384e-10,0.999974418729895,2.55812701050015e-05
Ag_0,8.46674695273703e-20,2.85649617817844e-12,2.9640323055276e-08,3.9725455135055e-19,0.000168651851420893,0.0139021901195958,constant,0.01,901,vertical,129,assessed,1025,2.9640323055276e-08,0.999974418729895,2.55812701050015e-05
Aw_p,4.39168353735116e-13,6.99885208558789e-09,6.27486262553621e-05,1.72851500435279e-14,0.0652183290886013,0.246971179879767,constant,0.01,901,vertical,129,assessed,1025,1.92322126500982e-14,0.999974418729895,2.55812701050015e-05
Aw_m,4.39168353736073e-13,3.5463375836558e-09,0.000123837154071313,1.72851500441442e-14,0.128711202558012,0.487408340642013,constant,0.01,901,vertical,129,assessed,1025,3.44266770863323e-14,0.999974418729895,2.55812701050015e-05
Aio,2.62073235514499e-23,5.86099386980233e-09,4.47148114016604e-15,3.21111925795163e-23,9.9502759218305e-12,5.47879554458633e-10,constant,0.01,901,vertical,129,assessed,1025,4.47148114016604e-15,0.999974418729895,2.55812701050015e-05
Amda,1.2724458890746e-19,7.83999809216396e-10,1.62301811061205e-10,2.71231221523762e-19,5.08259437677745e-07,3.45957833633942e-05,constant,0.01,901,vertical,129,assessed,1025,1.62301811061205e-10,0.999974418729895,2.55812701050015e-05
Ag_q,7.13292181783293e-24,1.86025182603944e-14,3.8343850644239e-10,2.82270562425902e-23,1.80384874997748e-06,0.000143997091943136,constant,0.01,901,vertical,193,assessed,1025,3.8343850644239e-10,0.999974418729895,2.55812701050015e-05
Ag_0,8.50964280096163e-20,2.85649617817844e-12,2.97904925130624e-08,3.9725455135055e-19,0.000168801968325868,0.0139021901195958,constant,0.01,901,vertical,193,assessed,1025,2.97904925130624e-08,0.999974418729895,2.55812701050015e-05
Aw_p,1.30310412758905e-13,6.99885208558789e-09,1.86188265111705e-05,1.72851500435279e-14,0.0210885356496999,0.246971179879767,constant,0.01,901,vertical,193,assessed,1025,1.76480236886509e-14,0.999974418729895,2.55812701050015e-05
Aw_m,1.30310412759515e-13,3.5463375836558e-09,3.67450671814448e-05,1.72851500441442e-14,0.0416191402264552,0.487408340642013,constant,0.01,901,vertical,193,assessed,1025,4.26629694788174e-14,0.999974418729895,2.55812701050015e-05
Aio,3.60812893435568e-23,5.86099386980233e-09,6.15617251017083e-15,3.21111925795163e-23,1.16349670043941e-11,5.47879554458633e-10,constant,0.01,901,vertical,193,assessed,1025,6.15617251017083e-15,0.999974418729895,2.55812701050015e-05
Amda,1.27844682132387e-19,7.83999809216396e-10,1.63067236279263e-10,2.71231221523762e-19,5.09024861919497e-07,3.45957833633942e-05,constant,0.01,901,vertical,193,assessed,1025,1.63067236279263e-10,0.999974418729895,2.55812701050015e-05
Ag_q,6.78218491965187e-24,1.86025182603944e-14,3.64584236645607e-10,2.82270562425902e-23,1.78595630914299e-06,0.000143997091943136,constant,0.01,901,vertical,257,assessed,1025,3.64584236645607e-10,0.999974418729895,2.55812701050015e-05
Ag_0,8.10450435987975e-20,2.85649617817844e-12,2.83721869533461e-08,3.9725455135055e-19,0.000167384159111718,0.0139021901195958,constant,0.01,901,vertical,257,assessed,1025,2.83721869533461e-08,0.999974418729895,2.55812701050015e-05
Aw_p,1.20567509205853e-13,6.99885208558789e-09,1.72267548637192e-05,1.72851500435279e-14,0.0196964642011486,0.246971179879767,constant,0.01,901,vertical,257,assessed,1025,1.66257785246048e-14,0.999974418729895,2.55812701050015e-05
Aw_m,1.20567509204921e-13,3.5463375836558e-09,3.39977529946915e-05,1.72851500441442e-14,0.0388718268143922,0.487408340642013,constant,0.01,901,vertical,257,assessed,1025,4.52186442883085e-14,0.999974418729895,2.55812701050015e-05
Aio,4.16302909018208e-23,5.86099386980233e-09,7.10294052964517e-15,3.21111925795163e-23,1.25817348623314e-11,5.47879554458633e-10,constant,0.01,901,vertical,257,assessed,1025,7.10294052964517e-15,0.999974418729895,2.55812701050015e-05
Amda,1.19199873675131e-19,7.83999809216396e-10,1.52040692196431e-10,2.71231221523762e-19,4.97998331901119e-07,3.45957833633942e-05,constant,0.01,901,vertical,257,assessed,1025,1.52040692196431e-10,0.999974418729895,2.55812701050015e-05
Ag_q,7.22919993297368e-24,1.85408499472393e-12,3.89906609111525e-12,7.36550329868233e-23,4.3601362282505e-08,3.97043980175067e-06,constant,0.1,327,horizontal,8,assessed,257,3.89906609111525e-12,0.999728920137685,0.000271079862315418
Ag_0,3.43116722547581e-21,2.59124699102155e-10,1.32413746638761e-11,9.5378821899454e-19,3.69403493955514e-06,0.000368079361599147,constant,0.1,327,horizontal,8,assessed,257,1.32413746638761e-11,0.999728920137685,0.000271079862315418
Aw_p,2.38880315806446e-12,7.03495316641637e-07,3.39562055575321e-06,2.36186548128549e-12,0.0067529499062991,0.335732935537268,constant,0.1,327,horizontal,8,assessed,257,3.73675580285222e-12,0.999728920137685,0.000271079862315418
Aw_m,2.38880315301622e-12,3.58376418862161e-07,6.66562593766806e-06,2.36186548129235e-12,0.013256085978357,0.659046005928841,constant,0.1,327,horizontal,8,assessed,257,8.89693730923225e-12,0.999728920137685,0.000271079862315418
Aio,3.66836875671661e-22,6.07381962827541e-07,6.03964059064131e-16,2.19903331133703e-21,4.22447543690521e-12,3.62051137883545e-10,constant,0.1,327,horizontal,8,assessed,257,6.03964059064131e-16,0.999728920137685,0.000271079862315418
Amda,4.65446820361485e-21,1.42893612473107e-07,3.25729619614092e-14,2.73495140705639e-18,1.91723465358066e-08,1.91397735740731e-06,constant,0.1,327,horizontal,8,assessed,257,3.25729619614092e-14,0.999728920137685,0.000271079862315418
Ag_q,1.34292325415868e-25,1.85408499472393e-12,7.24305119765363e-14,7.36550329868233e-23,3.97767894851742e-08,3.97043980175067e-06,constant,0.1,327,horizontal,12,assessed,257,7.24305119765363e-14,0.999719089920649,0.000280910079350615
Ag_0,2.6786875685153e-21,2.59124699102155e-10,1.03374459393363e-11,9.5378821899454e-19,3.69113102203725e-06,0.000368079361599147,constant,0.1,327,horizontal,12,assessed,257,1.03374459393363e-11,0.999719089920649,0.000280910079350615
Aw_p,1.35034757679201e-12,7.03495316641637e-07,1.91948339221123e-06,2.36186548128549e-12,0.00527681274485542,0.335732935537268,constant,0.1,327,horizontal,12,assessed,257,8.27893812696215e-16,0.999719089920649,0.000280910079350615
Aw_m,1.35034757679177e-12,3.58376418862161e-07,3.76795878779942e-06,2.36186548129235e-12,0.0103584188365739,0.659046005928841,constant,0.1,327,horizontal,12,assessed,257,1.92091548340609e-15,0.999719089920649,0.000280910079350615
Aio,3.73275082766545e-22,6.07381962827541e-07,6.14563990390561e-16,2.19903331133703e-21,4.23507536821419e-12,3.62051137883545e-10,constant,0.1,327,horizontal,12,assessed,257,6.14563990390561e-16,0.999719089920649,0.000280910079350615
Amda,4.0524506416897e-20,1.42893612473107e-07,2.83599145654771e-13,2.73495140705639e-18,1.94233727177432e-08,1.91397735740731e-06,constant,0.1,327,horizontal,12,assessed,257,2.83599145654771e-13,0.999719089920649,0.000280910079350615
Ag_q,8.7841387731238e-26,1.85408499472393e-12,4.73772173234795e-14,7.36550329868233e-23,3.97517496957215e-08,3.97043980175067e-06,constant,0.1,327,horizontal,16,assessed,257,4.73772173234795e-14,0.999719510469331,0.000280489530668741
Ag_0,1.93384683500246e-21,2.59124699102155e-10,7.46299693430642e-12,9.5378821899454e-19,3.68825658412509e-06,0.000368079361599147,constant,0.1,327,horizontal,16,assessed,257,7.46299693430642e-12,0.999719510469331,0.000280489530668741
Aw_p,5.09109110178825e-13,7.03495316641637e-07,7.23685144926369e-07,2.36186548128549e-12,0.00408101449927035,0.335732935537268,constant,0.1,327,horizontal,16,assessed,257,6.79930622331525e-16,0.999719510469331,0.000280489530668741
Aw_m,5.09109110177768e-13,3.58376418862161e-07,1.42059879886679e-06,2.36186548129235e-12,0.00801105885419121,0.659046005928841,constant,0.1,327,horizontal,16,assessed,257,1.52534605809729e-15,0.999719510469331,0.000280489530668741
Aio,2.14359188314631e-22,6.07381962827541e-07,3.52923203904057e-16,2.19903331133703e-21,3.97343458215845e-12,3.62051137883545e-10,constant,0.1,327,horizontal,16,assessed,257,3.52923203904057e-16,0.999719510469331,0.000280489530668741
Amda,3.38223092063966e-20,1.42893612473107e-07,2.36695739025858e-13,2.73495140705639e-18,1.93764693114425e-08,1.91397735740731e-06,constant,0.1,327,horizontal,16,assessed,257,2.36695739025858e-13,0.999719510469331,0.000280489530668741
Ag_q,1.28594605672016e-25,1.85408499472393e-12,6.93574491126084e-14,7.36550329868233e-23,3.9773718078872e-08,3.97043980175067e-06,constant,0.1,327,horizontal,24,assessed,257,6.93574491126084e-14,0.999717837132281,0.000282162867718533
Ag_0,2.29043785296702e-21,2.59124699102155e-10,8.83913367156117e-12,9.5378821899454e-19,3.68963271555165e-06,0.000368079361599147,constant,0.1,327,horizontal,24,assessed,257,8.83913367156117e-12,0.999717837132281,0.000282162867718533
Aw_p,1.98860606428903e-13,7.03495316641637e-07,2.82675096371969e-07,2.36186548128549e-12,0.00364000445134283,0.335732935537268,constant,0.1,327,horizontal,24,assessed,257,5.70382433737769e-16,0.999717837132281,0.000282162867718533
Aw_m,1.98860606430203e-13,3.58376418862161e-07,5.54893112280049e-07,2.36186548129235e-12,0.00714535317002011,0.659046005928841,constant,0.1,327,horizontal,24,assessed,257,1.00723423857427e-15,0.999717837132281,0.000282162867718533
Aio,3.74944441993115e-22,6.07381962827541e-07,6.1731244083647e-16,2.19903331133703e-21,4.23782381865557e-12,3.62051137883545e-10,constant,0.1,327,horizontal,24,assessed,257,6.1731244083647e-16,0.999717837132281,0.000282162867718533
Amda,4.02523458866135e-22,1.42893612473107e-07,2.81694508172569e-15,2.73495140705639e-18,1.91425905191351e-08,1.91397735740731e-06,constant,0.1,327,horizontal,24,assessed,257,2.81694508172569e-15,0.999717837132281,0.000282162867718533
Ag_q,4.94185960037439e-26,1.85408499472393e-12,2.66538999799749e-14,7.36550329868233e-23,3.97310375494658e-08,3.97043980175067e-06,constant,0.1,327,horizontal,32,assessed,257,2.66538999799749e-14,0.999718406733047,0.000281593266953226
Ag_0,1.12778165299913e-21,2.59124699102155e-10,4.3522738546607e-12,9.5378821899454e-19,3.68514587305013e-06,0.000368079361599147,constant,0.1,327,horizontal,32,assessed,257,4.3522738546607e-12,0.999718406733047,0.000281593266953226
Aw_p,6.49624095599903e-14,7.03495316641637e-07,9.23423483046191e-08,2.36186548128549e-12,0.00344967170354603,0.335732935537268,constant,0.1,327,horizontal,32,assessed,257,4.54913367049355e-16,0.999718406733047,0.000281593266953226
Aw_m,6.49624095597616e-14,3.58376418862161e-07,1.81268649778956e-07,2.36186548129235e-12,0.00677172870856156,0.659046005928841,constant,0.1,327,horizontal,32,assessed,257,1.09695042222875e-15,0.999718406733047,0.000281593266953226
Aio,3.6437815960059e-22,6.07381962827541e-07,5.99916003274616e-16,2.19903331133703e-21,4.22042738112236e-12,3.62051137883545e-10,constant,0.1,327,horizontal,32,assessed,257,5.99916003274616e-16,0.999718406733047,0.000281593266953226
Amda,3.35472477136481e-21,1.42893612473107e-07,2.34770799989131e-14,2.73495140705639e-18,1.91632506539077e-08,1.91397735740731e-06,constant,0.1,327,horizontal,32,assessed,257,2.34770799989131e-14,0.999718406733047,0.000281593266953226
Ag_q,8.83606464043676e-26,1.85408499472393e-12,4.76572792810528e-14,7.36550329868233e-23,3.97520296067092e-08,3.97043980175067e-06,constant,0.1,327,horizontal,48,assessed,257,4.76572792810528e-14,0.999717837132281,0.000282162867718533
Ag_0,1.64133118420744e-21,2.59124699102155e-10,6.33413638257762e-12,9.5378821899454e-19,3.68712772792978e-06,0.000368079361599147,constant,0.1,327,horizontal,48,assessed,257,6.33413638257762e-12,0.999717837132281,0.000282162867718533
Aw_p,3.60593081236378e-14,7.03495316641637e-07,5.12573534899686e-08,2.36186548128549e-12,0.00340858670878978,0.335732935537268,constant,0.1,327,horizontal,48,assessed,257,4.25345581828627e-16,0.999717837132281,0.000282162867718533
Aw_m,3.60593081226477e-14,3.58376418862161e-07,1.00618529079383e-07,2.36186548129235e-12,0.00669107858808703,0.659046005928841,constant,0.1,327,horizontal,48,assessed,257,8.28440622353336e-16,0.999717837132281,0.000282162867718533
Aio,2.16498575840682e-22,6.07381962827541e-07,3.56445513845715e-16,2.19903331133703e-21,3.97695689209431e-12,3.62051137883545e-10,constant,0.1,327,horizontal,48,assessed,257,3.56445513845715e-16,0.999717837132281,0.000282162867718533
Amda,1.19790083544228e-20,1.42893612473107e-07,8.3831657322522e-14,2.73495140705639e-18,1.9223605230809e-08,1.91397735740731e-06,constant,0.1,327,horizontal,48,assessed,257,8.3831657322522e-14,0.999717837132281,0.000282162867718533
Ag_q,0,1.85408499472393e-12,0,7.36550329868233e-23,3.97043980175067e-08,3.97043980175067e-06,constant,0.1,327,horizontal,64,assessed,257,0,0.999717802557793,0.00028219744220725
Ag_0,0,2.59124699102155e-10,0,9.5378821899454e-19,3.68079361599147e-06,0.000368079361599147,constant,0.1,327,horizontal,64,assessed,257,0,0.999717802557793,0.00028219744220725
Aw_p,0,7.03495316641637e-07,0,2.36186548128549e-12,0.00335732935537268,0.335732935537268,constant,0.1,327,horizontal,64,assessed,257,0,0.999717802557793,0.00028219744220725
Aw_m,0,3.58376418862161e-07,0,2.36186548129235e-12,0.00659046005928841,0.659046005928841,constant,0.1,327,horizontal,64,assessed,257,0,0.999717802557793,0.00028219744220725
Aio,0,6.07381962827541e-07,0,2.19903331133703e-21,3.62051137883545e-12,3.62051137883545e-10,constant,0.1,327,horizontal,64,assessed,257,0,0.999717802557793,0.00028219744220725
Amda,0,1.42893612473107e-07,0,2.73495140705639e-18,1.91397735740731e-08,1.91397735740731e-06,constant,0.1,327,horizontal,64,assessed,257,0,0.999717802557793,0.00028219744220725
Ag_q,7.44693432581281e-16,1.85408499472393e-12,0.000401650104876754,7.36550329868233e-23,0.40143363153403,3.97043980175067e-06,constant,0.1,327,vertical,9,rejected,257,0.000401650104876754,0.999717802557793,0.00028219744220725
Ag_0,8.35750381970156e-12,2.59124699102155e-10,0.0322528259508244,9.5378821899454e-19,32.2527051637398,0.000368079361599147,constant,0.1,327,vertical,9,rejected,257,0.0322528259508244,0.999717802557793,0.00028219744220725
Aw_p,1.87081368897954e-09,7.03495316641637e-07,0.00265931221533993,2.36186548128549e-12,2.66266954091516,0.335732935537268,constant,0.1,327,vertical,9,rejected,257,0.000565195269459969,0.999717802557793,0.00028219744220725
Aw_m,1.90666319394173e-09,3.58376418862161e-07,0.00532028083766045,2.36186548129235e-12,5.32687128287423,0.659046005928841,constant,0.1,327,vertical,9,rejected,257,0.00151961589605899,0.999717802557793,0.00028219744220725
Aio,1.65521213386586e-10,6.07381962827541e-07,0.000272515852489324,2.19903331133703e-21,0.272515852044271,3.62051137883545e-10,constant,0.1,327,vertical,9,rejected,257,0.000272515852489324,0.999717802557793,0.00028219744220725
Amda,8.60453871051466e-12,1.42893612473107e-07,6.02163984911087e-05,2.73495140705639e-18,0.060216417209475,1.91397735740731e-06,constant,0.1,327,vertical,9,rejected,257,6.02163984911087e-05,0.999717802557793,0.00028219744220725
Ag_q,3.09582574458925e-19,1.85408499472393e-12,1.66973237656249e-07,7.36550329868233e-23,0.000166922933651347,3.97043980175067e-06,constant,0.1,327,vertical,13,rejected,257,1.66973237656249e-07,0.999717802557793,0.00028219744220725
Ag_0,3.35524008459571e-15,2.59124699102155e-10,1.2948360755348e-05,9.5378821899454e-19,0.0129519915795445,0.000368079361599147,constant,0.1,327,vertical,13,rejected,257,1.2948360755348e-05,0.999717802557793,0.00028219744220725
Aw_p,7.91626274763703e-10,7.03495316641637e-07,0.0011252758277664,2.36186548128549e-12,1.12863315552222,0.335732935537268,constant,0.1,327,vertical,13,rejected,257,8.67954655799426e-07,0.999717802557793,0.00028219744220725
Aw_m,7.91625082925448e-10,3.58376418862161e-07,0.0022089206802134,2.36186548129235e-12,2.215511134109,0.659046005928841,constant,0.1,327,vertical,13,rejected,257,2.32849308798834e-06,0.999717802557793,0.00028219744220725
Aio,2.76295847644503e-13,6.07381962827541e-07,4.54896365967577e-07,2.19903331133703e-21,0.000454896368839143,3.62051137883545e-10,constant,0.1,327,vertical,13,rejected,257,4.54896365967577e-07,0.999717802557793,0.00028219744220725
Amda,4.57671683585519e-15,1.42893612473107e-07,3.20288412941939e-08,2.73495140705639e-18,3.20479808436234e-05,1.91397735740731e-06,constant,0.1,327,vertical,13,rejected,257,3.20288412941939e-08,0.999717802557793,0.00028219744220725
Ag_q,1.56582615275416e-23,1.85408499472393e-12,8.44527708929174e-12,7.36550329868233e-23,4.81451226053695e-08,3.97043980175067e-06,constant,0.1,327,vertical,17,rejected,257,8.44527708929174e-12,0.999717802557793,0.00028219744220725
Ag_0,6.09806065501551e-19,2.59124699102155e-10,2.35333053010569e-09,9.5378821899454e-19,6.03411506428652e-06,0.000368079361599147,constant,0.1,327,vertical,17,rejected,257,2.35333053010569e-09,0.999717802557793,0.00028219744220725
Aw_p,4.32250304657413e-10,7.03495316641637e-07,0.000614432384171227,2.36186548128549e-12,0.6177897126532,0.335732935537268,constant,0.1,327,vertical,17,rejected,257,5.60925844216193e-10,0.999717802557793,0.00028219744220725
Aw_m,4.32250303593226e-10,3.58376418862161e-07,0.00120613489293077,2.36186548129235e-12,1.2127253496245,0.659046005928841,constant,0.1,327,vertical,17,rejected,257,1.51967045753625e-09,0.999717802557793,0.00028219744220725
Aio,1.82838282162579e-16,6.07381962827541e-07,3.01026855179258e-10,2.19903331133703e-21,3.01030475195023e-07,3.62051137883545e-10,constant,0.1,327,vertical,17,rejected,257,3.01026855179258e-10,0.999717802557793,0.00028219744220725
Amda,1.21136220671342e-17,1.42893612473107e-07,8.47737128166878e-11,2.73495140705639e-18,1.03913485797496e-07,1.91397735740731e-06,constant,0.1,327,vertical,17,rejected,257,8.47737128166878e-11,0.999717802557793,0.00028219744220725
Ag_q,3.21454764859328e-23,1.85408499472393e-12,1.733764987981e-11,7.36550329868233e-23,5.70327018835604e-08,3.97043980175067e-06,constant,0.1,327,vertical,25,assessed,257,1.733764987981e-11,0.999717802557793,0.00028219744220725
Ag_0,3.83160861294939e-19,2.59124699102155e-10,1.47867363714288e-09,9.5378821899454e-19,5.15946154673918e-06,0.000368079361599147,constant,0.1,327,vertical,25,assessed,257,1.47867363714288e-09,0.999717802557793,0.00028219744220725
Aw_p,1.77184813423159e-10,7.03495316641637e-07,0.000251863529481629,2.36186548128549e-12,0.255220858478984,0.335732935537268,constant,0.1,327,vertical,25,assessed,257,1.17807715297932e-14,0.999717802557793,0.00028219744220725
Aw_m,1.77184813423136e-10,3.58376418862161e-07,0.000494409799578037,2.36186548129235e-12,0.501000258257743,0.659046005928841,constant,0.1,327,vertical,25,assessed,257,2.1808676775095e-14,0.999717802557793,0.00028219744220725
Aio,1.52901184224031e-21,6.07381962827541e-07,2.51738104819958e-15,2.19903331133703e-21,6.13789242289038e-12,3.62051137883545e-10,constant,0.1,327,vertical,25,assessed,257,2.51738104819958e-15,0.999717802557793,0.00028219744220725
Amda,1.57844443560376e-18,1.42893612473107e-07,1.1046291071274e-11,2.73495140705639e-18,3.01860645680428e-08,1.91397735740731e-06,constant,0.1,327,vertical,25,assessed,257,1.1046291071274e-11,0.999717802557793,0.00028219744220725
Ag_q,3.20989694121853e-23,1.85408499472393e-12,1.73125663081939e-11,7.36550329868233e-23,5.70076318334658e-08,3.97043980175067e-06,constant,0.1,327,vertical,33,assessed,257,1.73125663081939e-11,0.999717802557793,0.00028219744220725
Ag_0,3.8259645457712e-19,2.59124699102155e-10,1.47649550931572e-09,9.5378821899454e-19,5.1572834273177e-06,0.000368079361599147,constant,0.1,327,vertical,33,assessed,257,1.47649550931572e-09,0.999717802557793,0.00028219744220725
Aw_p,8.86902748771951e-11,7.03495316641637e-07,0.000126070881751689,2.36186548128549e-12,0.129428210927856,0.335732935537268,constant,0.1,327,vertical,33,assessed,257,1.03447993416377e-14,0.999717802557793,0.00028219744220725
Aw_m,8.86902748771775e-11,3.58376418862161e-07,0.000247477987415488,2.36186548129235e-12,0.254068446784223,0.659046005928841,constant,0.1,327,vertical,33,assessed,257,1.57430672306815e-14,0.999717802557793,0.00028219744220725
Aio,1.29862578669455e-21,6.07381962827541e-07,2.13807104288884e-15,2.19903331133703e-21,5.75858241820415e-12,3.62051137883545e-10,constant,0.1,327,vertical,33,assessed,257,2.13807104288884e-15,0.999717802557793,0.00028219744220725
Amda,1.57614091217771e-18,1.42893612473107e-07,1.10301705226631e-11,2.73495140705639e-18,3.01699440195448e-08,1.91397735740731e-06,constant,0.1,327,vertical,33,assessed,257,1.10301705226631e-11,0.999717802557793,0.00028219744220725
Ag_q,3.2199122126044e-23,1.85408499472393e-12,1.73665836343379e-11,7.36550329868233e-23,5.70616200410916e-08,3.97043980175067e-06,constant,0.1,327,vertical,49,assessed,257,1.73665836343379e-11,0.999717802557793,0.00028219744220725
Ag_0,3.83710379508604e-19,2.59124699102155e-10,1.48079430806144e-09,9.5378821899454e-19,5.16158220947379e-06,0.000368079361599147,constant,0.1,327,vertical,49,assessed,257,1.48079430806144e-09,0.999717802557793,0.00028219744220725
Aw_p,2.81849465085862e-11,7.03495316641637e-07,4.00641565648741e-05,2.36186548128549e-12,0.0434214858632966,0.335732935537268,constant,0.1,327,vertical,49,assessed,257,9.10715060127079e-15,0.999717802557793,0.00028219744220725
Aw_m,2.8184946508561e-11,3.58376418862161e-07,7.86462083583727e-05,2.36186548129235e-12,0.0852366681982097,0.659046005928841,constant,0.1,327,vertical,49,assessed,257,1.49799241971116e-14,0.999717802557793,0.00028219744220725
Aio,9.31472804571559e-22,6.07381962827541e-07,1.53358654286551e-15,2.19903331133703e-21,5.15409791917605e-12,3.62051137883545e-10,constant,0.1,327,vertical,49,assessed,257,1.53358654286551e-15,0.999717802557793,0.00028219744220725
Amda,1.59920655840369e-18,1.42893612473107e-07,1.11915888381971e-11,2.73495140705639e-18,3.03313623339491e-08,1.91397735740731e-06,constant,0.1,327,vertical,49,assessed,257,1.11915888381971e-11,0.999717802557793,0.00028219744220725
Ag_q,3.18651292937933e-23,1.85408499472393e-12,1.71864447339093e-11,7.36550329868233e-23,5.68815782461331e-08,3.97043980175067e-06,constant,0.1,327,vertical,65,assessed,257,1.71864447339093e-11,0.999717802557793,0.00028219744220725
Ag_0,3.79686514155822e-19,2.59124699102155e-10,1.46526562489567e-09,9.5378821899454e-19,5.14605358623524e-06,0.000368079361599147,constant,0.1,327,vertical,65,assessed,257,1.46526562489567e-09,0.999717802557793,0.00028219744220725
Aw_p,1.51692337841083e-11,7.03495316641637e-07,2.1562664917975e-05,2.36186548128549e-12,0.0249199942426969,0.335732935537268,constant,0.1,327,vertical,65,assessed,257,6.3677205352373e-15,0.999717802557793,0.00028219744220725
Aw_m,1.51692337841029e-11,3.58376418862161e-07,4.23276560223044e-05,2.36186548129235e-12,0.0489181159634833,0.659046005928841,constant,0.1,327,vertical,65,assessed,257,1.19920536609041e-14,0.999717802557793,0.00028219744220725
Aio,9.92321571210763e-22,6.07381962827541e-07,1.63376858705388e-15,2.19903331133703e-21,5.25427996319947e-12,3.62051137883545e-10,constant,0.1,327,vertical,65,assessed,257,1.63376858705388e-15,0.999717802557793,0.00028219744220725
Amda,1.59068094100105e-18,1.42893612473107e-07,1.11319247478639e-11,2.73495140705639e-18,3.02716982440334e-08,1.91397735740731e-06,constant,0.1,327,vertical,65,assessed,257,1.11319247478639e-11,0.999717802557793,0.00028219744220725
Ag_q,3.23381430087187e-23,1.85408499472393e-12,1.74415644917798e-11,7.36550329868233e-23,5.71365604794381e-08,3.97043980175067e-06,constant,0.1,327,vertical,97,assessed,257,1.74415644917798e-11,0.999717802557793,0.00028219744220725
Ag_0,3.85958385063608e-19,2.59124699102155e-10,1.48946968930758e-09,9.5378821899454e-19,5.1702575572405e-06,0.000368079361599147,constant,0.1,327,vertical,97,assessed,257,1.48946968930758e-09,0.999717802557793,0.00028219744220725
Aw_p,1.97960268239779e-11,7.03495316641637e-07,2.81395289431075e-05,2.36186548128549e-12,0.0314968582584806,0.335732935537268,constant,0.1,327,vertical,97,assessed,257,5.2416964743088e-15,0.999717802557793,0.00028219744220725
Aw_m,1.97960268240018e-11,3.58376418862161e-07,5.52380842658505e-05,2.36186548129235e-12,0.0618285441710046,0.659046005928841,constant,0.1,327,vertical,97,assessed,257,7.4173404571205e-15,0.999717802557793,0.00028219744220725
Aio,1.18975502368725e-21,6.07381962827541e-07,1.95882508289938e-15,2.19903331133703e-21,5.5793364585098e-12,3.62051137883545e-10,constant,0.1,327,vertical,97,assessed,257,1.95882508289938e-15,0.999717802557793,0.00028219744220725
Amda,1.56695898427208e-18,1.42893612473107e-07,1.09659134313438e-11,2.73495140705639e-18,3.01056869286752e-08,1.91397735740731e-06,constant,0.1,327,vertical,97,assessed,257,1.09659134313438e-11,0.999717802557793,0.00028219744220725
Ag_q,3.18235744691079e-23,1.85408499472393e-12,1.71640321558432e-11,7.36550329868233e-23,5.68591777497658e-08,3.97043980175067e-06,constant,0.1,327,vertical,129,assessed,257,1.71640321558432e-11,0.999717802557793,0.00028219744220725
Ag_0,3.80089378403572e-19,2.59124699102155e-10,1.46682033677434e-09,9.5378821899454e-19,5.14760829211407e-06,0.000368079361599147,constant,0.1,327,vertical,129,assessed,257,1.46682033677434e-09,0.999717802557793,0.00028219744220725
Aw_p,9.84106154796598e-12,7.03495316641637e-07,1.39888089020201e-05,2.36186548128549e-12,0.017346138237508,0.335732935537268,constant,0.1,327,vertical,129,assessed,257,5.12042290583087e-15,0.999717802557793,0.00028219744220725
Aw_m,9.84106154796333e-12,3.58376418862161e-07,2.74601258062919e-05,2.36186548129235e-12,0.0340505857889567,0.659046005928841,constant,0.1,327,vertical,129,assessed,257,1.06535085859054e-14,0.999717802557793,0.00028219744220725
Aio,9.0372888900908e-22,6.07381962827541e-07,1.48790867085015e-15,2.19903331133703e-21,5.10842004723589e-12,3.62051137883545e-10,constant,0.1,327,vertical,129,assessed,257,1.48790867085015e-15,0.999717802557793,0.00028219744220725
Amda,1.60300312387271e-18,1.42893612473107e-07,1.12181580137069e-11,2.73495140705639e-18,3.03579315092729e-08,1.91397735740731e-06,constant,0.1,327,vertical,129,assessed,257,1.12181580137069e-11,0.999717802557793,0.00028219744220725
Ag_q,3.52017468954206e-23,1.85408499472393e-12,1.89860481022134e-11,7.36550329868233e-23,5.86802115222994e-08,3.97043980175067e-06,constant,0.1,327,vertical,193,assessed,257,1.89860481022134e-11,0.999717802557793,0.00028219744220725
Ag_0,4.1972066779605e-19,2.59124699102155e-10,1.61976326166647e-09,9.5378821899454e-19,5.30055062677943e-06,0.000368079361599147,constant,0.1,327,vertical,193,assessed,257,1.61976326166647e-09,0.999717802557793,0.00028219744220725
Aw_p,7.70731400644085e-12,7.03495316641637e-07,1.09557431643386e-05,2.36186548128549e-12,0.014313072504138,0.335732935537268,constant,0.1,327,vertical,193,assessed,257,5.61696462793361e-15,0.999717802557793,0.00028219744220725
Aw_m,7.70731400643715e-12,3.58376418862161e-07,2.15061973968816e-05,2.36186548129235e-12,0.0280966573961599,0.659046005928841,constant,0.1,327,vertical,193,assessed,257,1.24361313640413e-14,0.999717802557793,0.00028219744220725
Aio,3.86905754097027e-22,6.07381962827541e-07,6.37005669868541e-16,2.19903331133703e-21,4.25751704765522e-12,3.62051137883545e-10,constant,0.1,327,vertical,193,assessed,257,6.37005669868541e-16,0.999717802557793,0.00028219744220725
Amda,1.74823783723803e-18,1.42893612473107e-07,1.22345415374467e-11,2.73495140705639e-18,3.13743150258999e-08,1.91397735740731e-06,constant,0.1,327,vertical,193,assessed,257,1.22345415374467e-11,0.999717802557793,0.00028219744220725
Ag_q,0,1.85408499472393e-12,0,7.36550329868233e-23,3.97043980175067e-08,3.97043980175067e-06,constant,0.1,327,vertical,257,assessed,257,0,0.999717802557793,0.00028219744220725
Ag_0,0,2.59124699102155e-10,0,9.5378821899454e-19,3.68079361599147e-06,0.000368079361599147,constant,0.1,327,vertical,257,assessed,257,0,0.999717802557793,0.00028219744220725
Aw_p,0,7.03495316641637e-07,0,2.36186548128549e-12,0.00335732935537268,0.335732935537268,constant,0.1,327,vertical,257,assessed,257,0,0.999717802557793,0.00028219744220725
Aw_m,0,3.58376418862161e-07,0,2.36186548129235e-12,0.00659046005928841,0.659046005928841,constant,0.1,327,vertical,257,assessed,257,0,0.999717802557793,0.00028219744220725
Aio,0,6.07381962827541e-07,0,2.19903331133703e-21,3.62051137883545e-12,3.62051137883545e-10,constant,0.1,327,vertical,257,assessed,257,0,0.999717802557793,0.00028219744220725
Amda,0,1.42893612473107e-07,0,2.73495140705639e-18,1.91397735740731e-08,1.91397735740731e-06,constant,0.1,327,vertical,257,assessed,257,0,0.999717802557793,0.00028219744220725
Ag_q,4.88457351667324e-24,1.8602628430823e-12,2.62574374091132e-12,7.83641034353473e-23,4.47269859071375e-08,4.21026528985957e-06,constant,0.1,901,horizontal,8,assessed,257,2.62574374091132e-12,0.999745535162806,0.000254464837194387
Ag_0,3.12321646011168e-21,2.85651752072307e-10,1.09336506338708e-11,1.0164854264189e-18,3.5693989834935e-06,0.000355846537113565,constant,0.1,901,horizontal,8,assessed,257,1.09336506338708e-11,0.999745535162806,0.000254464837194387
Aw_p,1.82302746702226e-12,6.99906341519964e-07,2.60467345254116e-06,2.08353266214556e-12,0.00558154697541749,0.297687352659779,constant,0.1,901,horizontal,8,assessed,257,2.50185294335634e-12,0.999745535162806,0.000254464837194387
Aw_m,1.82302746839032e-12,3.54635318624624e-07,5.14056940369203e-06,2.0835326621541e-12,0.011015710828463,0.587514143926635,constant,0.1,901,horizontal,8,assessed,257,5.99567116183434e-12,0.999745535162806,0.000254464837194387
Aio,1.34935686872366e-22,5.86099703415918e-07,2.30226505978303e-16,1.40366874173723e-21,2.62515817192384e-12,2.39493166633834e-10,constant,0.1,901,horizontal,8,assessed,257,2.30226505978303e-16,0.999745535162806,0.000254464837194387
Amda,1.58252995338069e-20,7.84022806770212e-08,2.0184743858408e-13,1.45472727200099e-18,1.87565022353909e-08,1.85546547993813e-06,constant,0.1,901,horizontal,8,assessed,257,2.0184743858408e-13,0.999745535162806,0.000254464837194387
Ag_q,1.34822618676019e-25,1.8602628430823e-12,7.24750371579909e-14,7.83641034353473e-23,4.21750889971173e-08,4.21026528985957e-06,constant,0.1,901,horizontal,12,assessed,257,7.24750371579909e-14,0.999747036630149,0.000252963369850833
Ag_0,2.36963311893563e-21,2.85651752072307e-10,8.29553154057257e-12,1.0164854264189e-18,3.56676087363561e-06,0.000355846537113565,constant,0.1,901,horizontal,12,assessed,257,8.29553154057257e-12,0.999747036630149,0.000252963369850833
Aw_p,1.08845007544617e-12,6.99906341519964e-07,1.5551367531296e-06,2.08353266214556e-12,0.00453201027750546,0.297687352659779,constant,0.1,901,horizontal,12,assessed,257,1.11346323302335e-15,0.999747036630149,0.000252963369850833
Aw_m,1.088450075446e-12,3.54635318624624e-07,3.06920946189825e-06,2.0835326621541e-12,0.00894435089251004,0.587514143926635,constant,0.1,901,horizontal,12,assessed,257,2.19467305792892e-15,0.999747036630149,0.000252963369850833
Aio,1.56847479486298e-22,5.86099703415918e-07,2.67612282640916e-16,1.40366874173723e-21,2.66254394852266e-12,2.39493166633834e-10,constant,0.1,901,horizontal,12,assessed,257,2.67612282640916e-16,0.999747036630149,0.000252963369850833
Amda,3.2231488005376e-20,7.84022806770212e-08,4.11103959311514e-13,1.45472727200099e-18,1.89657587534493e-08,1.85546547993813e-06,constant,0.1,901,horizontal,12,assessed,257,4.11103959311514e-13,0.999747036630149,0.000252963369850833
Ag_q,5.74733962533586e-26,1.8602628430823e-12,3.08953094811753e-14,7.83641034353473e-23,4.21335316089654e-08,4.21026528985957e-06,constant,0.1,901,horizontal,16,assessed,257,3.08953094811753e-14,0.999745535162806,0.000254464837194387
Ag_0,1.48440247228191e-21,2.85651752072307e-10,5.19654600930356e-12,1.0164854264189e-18,3.56366189895313e-06,0.000355846537113565,constant,0.1,901,horizontal,16,assessed,257,5.19654600930356e-12,0.999745535162806,0.000254464837194387
Aw_p,2.93520045722114e-13,6.99906341519964e-07,4.19370461888781e-07,2.08353266214556e-12,0.00339624398788739,0.297687352659779,constant,0.1,901,horizontal,16,assessed,257,6.99750933578708e-16,0.999745535162806,0.000254464837194387
Aw_m,2.93520045720899e-13,3.54635318624624e-07,8.27667269180216e-07,2.0835326621541e-12,0.00670280870611271,0.587514143926635,constant,0.1,901,horizontal,16,assessed,257,1.58110278963859e-15,0.999745535162806,0.000254464837194387
Aio,1.22926921744691e-22,5.86099703415918e-07,2.0973721881831e-16,1.40366874173723e-21,2.6046688847988e-12,2.39493166633834e-10,constant,0.1,901,horizontal,16,assessed,257,2.0973721881831e-16,0.999745535162806,0.000254464837194387
Amda,3.12193349146794e-21,7.84022806770212e-08,3.98194218906561e-14,1.45472727200099e-18,1.85944742207641e-08,1.85546547993813e-06,constant,0.1,901,horizontal,16,assessed,257,3.98194218906561e-14,0.999745535162806,0.000254464837194387
Ag_q,9.69087598891659e-26,1.8602628430823e-12,5.20941222094166e-14,7.83641034353473e-23,4.21547190322153e-08,4.21026528985957e-06,constant,0.1,901,horizontal,24,assessed,257,5.20941222094166e-14,0.999745535162806,0.000254464837194387
Ag_0,1.31759896148789e-21,2.85651752072307e-10,4.61260591587189e-12,1.0164854264189e-18,3.56307796090393e-06,0.000355846537113565,constant,0.1,901,horizontal,24,assessed,257,4.61260591587189e-12,0.999745535162806,0.000254464837194387
Aw_p,1.1766187749783e-13,6.99906341519964e-07,1.68110889297427e-07,2.08353266214556e-12,0.00314498441565502,0.297687352659779,constant,0.1,901,horizontal,24,assessed,257,1.1094683028125e-15,0.999745535162806,0.000254464837194387
Aw_m,1.17661877497558e-13,3.54635318624624e-07,3.31782739389534e-07,2.0835326621541e-12,0.00620692417772032,0.587514143926635,constant,0.1,901,horizontal,24,assessed,257,2.01900756008262e-15,0.999745535162806,0.000254464837194387
Aio,8.86803406840557e-23,5.86099703415918e-07,1.51305895852202e-16,1.40366874173723e-21,2.54623756193239e-12,2.39493166633834e-10,constant,0.1,901,horizontal,24,assessed,257,1.51305895852202e-16,0.999745535162806,0.000254464837194387
Amda,2.20272466112419e-21,7.84022806770212e-08,2.80951605247088e-14,1.45472727200099e-18,1.85827499595477e-08,1.85546547993813e-06,constant,0.1,901,horizontal,24,assessed,257,2.80951605247088e-14,0.999745535162806,0.000254464837194387
Ag_q,2.91417105367119e-26,1.8602628430823e-12,1.56653725816652e-14,7.83641034353473e-23,4.21183098546484e-08,4.21026528985957e-06,constant,0.1,901,horizontal,32,assessed,257,1.56653725816652e-14,0.999745303051247,0.000254696948753084
Ag_0,6.65300388687069e-22,2.85651752072307e-10,2.32906111676382e-12,1.0164854264189e-18,3.56079442409895e-06,0.000355846537113565,constant,0.1,901,horizontal,32,assessed,257,2.32906111676382e-12,0.999745303051247,0.000254696948753084
Aw_p,5.52535604448699e-14,6.99906341519964e-07,7.89442203436499e-08,2.08353266214556e-12,0.00305581774682864,0.297687352659779,constant,0.1,901,horizontal,32,assessed,257,3.82459389094632e-16,0.999745303051247,0.000254696948753084
Aw_m,5.52535604448926e-14,3.54635318624624e-07,1.55803885126787e-07,2.0835326621541e-12,0.0060309453239538,0.587514143926635,constant,0.1,901,horizontal,32,assessed,257,1.07047324386226e-15,0.999745303051247,0.000254696948753084
Aio,1.18311099781545e-22,5.86099703415918e-07,2.01861729483913e-16,1.40366874173723e-21,2.59679339547784e-12,2.39493166633834e-10,constant,0.1,901,horizontal,32,assessed,257,2.01861729483913e-16,0.999745303051247,0.000254696948753084
Amda,9.86870498267123e-21,7.84022806770212e-08,1.25872677394749e-13,1.45472727200099e-18,1.86805274751706e-08,1.85546547993813e-06,constant,0.1,901,horizontal,32,assessed,257,1.25872677394749e-13,0.999745303051247,0.000254696948753084
Ag_q,9.67873924191483e-26,1.8602628430823e-12,5.20288801010399e-14,7.83641034353473e-23,4.21546538251596e-08,4.21026528985957e-06,constant,0.1,901,horizontal,48,assessed,257,5.20288801010399e-14,0.999744285523716,0.000255714476283622
Ag_0,1.0073447448184e-21,2.85651752072307e-10,3.52647843925497e-12,1.0164854264189e-18,3.56199183722957e-06,0.000355846537113565,constant,0.1,901,horizontal,48,assessed,257,3.52647843925497e-12,0.999744285523716,0.000255714476283622
Aw_p,1.22846025997202e-14,6.99906341519964e-07,1.75517806754574e-08,2.08353266214556e-12,0.00299442530724817,0.297687352659779,constant,0.1,901,horizontal,48,assessed,257,7.61301002030241e-16,0.999744285523716,0.000255714476283622
Aw_m,1.22846025991662e-14,3.54635318624624e-07,3.4640099149767e-08,2.0835326621541e-12,0.00590978153831844,0.587514143926635,constant,0.1,901,horizontal,48,assessed,257,1.65298528556439e-15,0.999744285523716,0.000255714476283622
Aio,2.25205237962686e-22,5.86099703415918e-07,3.84243903639843e-16,1.40366874173723e-21,2.77917556932259e-12,2.39493166633834e-10,constant,0.1,901,horizontal,48,assessed,257,3.84243903639843e-16,0.999744285523716,0.000255714476283622
Amda,4.146267817291e-20,7.84022806770212e-08,5.28845306729224e-13,1.45472727200099e-18,1.90835000993653e-08,1.85546547993813e-06,constant,0.1,901,horizontal,48,assessed,257,5.28845306729224e-13,0.999744285523716,0.000255714476283622
Ag_q,0,1.8602628430823e-12,0,7.83641034353473e-23,4.21026528985957e-08,4.21026528985957e-06,constant,0.1,901,horizontal,64,assessed,257,0,0.99974418729895,0.000255812701050015
Ag_0,0,2.85651752072307e-10,0,1.0164854264189e-18,3.55846537113565e-06,0.000355846537113565,constant,0.1,901,horizontal,64,assessed,257,0,0.99974418729895,0.000255812701050015
Aw_p,0,6.99906341519964e-07,0,2.08353266214556e-12,0.00297687352659779,0.297687352659779,constant,0.1,901,horizontal,64,assessed,257,0,0.99974418729895,0.000255812701050015
Aw_m,0,3.54635318624624e-07,0,2.0835326621541e-12,0.00587514143926635,0.587514143926635,constant,0.1,901,horizontal,64,assessed,257,0,0.99974418729895,0.000255812701050015
Aio,0,5.86099703415918e-07,0,1.40366874173723e-21,2.39493166633834e-12,2.39493166633834e-10,constant,0.1,901,horizontal,64,assessed,257,0,0.99974418729895,0.000255812701050015
Amda,0,7.84022806770212e-08,0,1.45472727200099e-18,1.85546547993813e-08,1.85546547993813e-06,constant,0.1,901,horizontal,64,assessed,257,0,0.99974418729895,0.000255812701050015
Ag_q,7.3589911513498e-16,1.8602628430823e-12,0.000395588783526772,7.83641034353473e-23,0.395376287789863,4.21026528985957e-06,constant,0.1,901,vertical,9,rejected,257,0.000395588783526772,0.99974418729895,0.000255812701050015
Ag_0,8.68294433762279e-12,2.85651752072307e-10,0.0303969580954115,1.0164854264189e-18,30.3968552416058,0.000355846537113565,constant,0.1,901,vertical,9,rejected,257,0.0303969580954115,0.99974418729895,0.000255812701050015
Aw_p,1.68407504350173e-09,6.99906341519964e-07,0.00240614342748271,2.08353266214556e-12,2.4091202975715,0.297687352659779,constant,0.1,901,vertical,9,rejected,257,0.000565728391998336,0.99974418729895,0.000255812701050015
Aw_m,1.72536289631181e-09,3.54635318624624e-07,0.00486517502826073,2.0835326621541e-12,4.87105015598119,0.587514143926635,constant,0.1,901,vertical,9,rejected,257,0.00153111265072476,0.99974418729895,0.000255812701050015
Aio,1.65592821609726e-10,5.86099703415918e-07,0.000282533535923349,1.40366874173723e-21,0.282533535443687,2.39493166633834e-10,constant,0.1,901,vertical,9,rejected,257,0.000282533535923349,0.99974418729895,0.000255812701050015
Amda,1.18425687393636e-11,7.84022806770212e-08,0.000151048778646493,1.45472727200099e-18,0.151048795274561,1.85546547993813e-06,constant,0.1,901,vertical,9,rejected,257,0.000151048778646493,0.99974418729895,0.000255812701050015
Ag_q,3.05387487898459e-19,1.8602628430823e-12,1.64163622917103e-07,7.83641034353473e-23,0.000164117525440972,4.21026528985957e-06,constant,0.1,901,vertical,13,rejected,257,1.64163622917103e-07,0.99974418729895,0.000255812701050015
Ag_0,4.01712124956423e-15,2.85651752072307e-10,1.40630023111057e-05,1.0164854264189e-18,0.0140665115453659,0.000355846537113565,constant,0.1,901,vertical,13,rejected,257,1.40630023111057e-05,0.99974418729895,0.000255812701050015
Aw_p,7.080234339322e-10,6.99906341519964e-07,0.00101159739800987,2.08353266214556e-12,1.01457427009113,0.297687352659779,constant,0.1,901,vertical,13,rejected,257,8.66903134507983e-07,0.99974418729895,0.000255812701050015
Aw_m,7.08025182370971e-10,3.54635318624624e-07,0.00199648806869235,2.0835326621541e-12,2.00236320450192,0.587514143926635,constant,0.1,901,vertical,13,rejected,257,2.35409200594281e-06,0.99974418729895,0.000255812701050015
Aio,2.76383960409077e-13,5.86099703415918e-07,4.71564750499362e-07,1.40366874173723e-21,0.000471564752089713,2.39493166633834e-10,constant,0.1,901,vertical,13,rejected,257,4.71564750499362e-07,0.99974418729895,0.000255812701050015
Amda,6.51777604873315e-15,7.84022806770212e-08,8.31324802346398e-08,1.45472727200099e-18,8.31510338291068e-05,1.85546547993813e-06,constant,0.1,901,vertical,13,rejected,257,8.31324802346398e-08,0.99974418729895,0.000255812701050015
Ag_q,1.3608937448448e-23,1.8602628430823e-12,7.3155992439752e-12,7.83641034353473e-23,4.94143216932681e-08,4.21026528985957e-06,constant,0.1,901,vertical,17,rejected,257,7.3155992439752e-12,0.99974418729895,0.000255812701050015
Ag_0,1.31621943061719e-18,2.85651752072307e-10,4.60777650082124e-09,1.0164854264189e-18,8.16622574126511e-06,0.000355846537113565,constant,0.1,901,vertical,17,rejected,257,4.60777650082124e-09,0.99974418729895,0.000255812701050015
Aw_p,3.87746516931813e-10,6.99906341519964e-07,0.000553997719308782,2.08353266214556e-12,0.556974592043848,0.297687352659779,constant,0.1,901,vertical,17,rejected,257,5.6525342776526e-10,0.99974418729895,0.000255812701050015
Aw_m,3.87746518002824e-10,3.54635318624624e-07,0.00109336689731472,2.0835326621541e-12,1.09924203567092,0.587514143926635,constant,0.1,901,vertical,17,rejected,257,1.5256768655486e-09,0.99974418729895,0.000255812701050015
Aio,1.8285167651518e-16,5.86099703415918e-07,3.11980496576743e-10,1.40366874173723e-21,3.1198289097611e-07,2.39493166633834e-10,constant,0.1,901,vertical,17,rejected,257,3.11980496576743e-10,0.99974418729895,0.000255812701050015
Amda,1.24447924604202e-17,7.84022806770212e-08,1.58729980211757e-10,1.45472727200099e-18,1.7728463298658e-07,1.85546547993813e-06,constant,0.1,901,vertical,17,rejected,257,1.58729980211757e-10,0.99974418729895,0.000255812701050015
Ag_q,3.42487942869682e-23,1.8602628430823e-12,1.84107285775923e-11,7.83641034353473e-23,6.05034899508475e-08,4.21026528985957e-06,constant,0.1,901,vertical,25,assessed,257,1.84107285775923e-11,0.99974418729895,0.000255812701050015
Ag_0,4.08445457499051e-19,2.85651752072307e-10,1.42987205412156e-09,1.0164854264189e-18,4.98833241962697e-06,0.000355846537113565,constant,0.1,901,vertical,25,assessed,257,1.42987205412156e-09,0.99974418729895,0.000255812701050015
Aw_p,1.60410946713472e-10,6.99906341519964e-07,0.000229189160316955,2.08353266214556e-12,0.232166033516095,0.297687352659779,constant,0.1,901,vertical,25,assessed,257,5.15482891403724e-15,0.99974418729895,0.000255812701050015
Aw_m,1.6041094671345e-10,3.54635318624624e-07,0.000452326483824478,2.0835326621541e-12,0.458201623988275,0.587514143926635,constant,0.1,901,vertical,25,assessed,257,1.05886299532487e-14,0.99974418729895,0.000255812701050015
Aio,1.3685206898885e-21,5.86099703415918e-07,2.33496226309698e-15,1.40366874173723e-21,4.72989392545143e-12,2.39493166633834e-10,constant,0.1,901,vertical,25,assessed,257,2.33496226309698e-15,0.99974418729895,0.000255812701050015
Amda,7.95820684484323e-19,7.84022806770212e-08,1.01504787566412e-11,1.45472727200099e-18,2.87051334265559e-08,1.85546547993813e-06,constant,0.1,901,vertical,25,assessed,257,1.01504787566412e-11,0.99974418729895,0.000255812701050015
Ag_q,3.41992848146425e-23,1.8602628430823e-12,1.83841143426685e-11,7.83641034353473e-23,6.04768900149439e-08,4.21026528985957e-06,constant,0.1,901,vertical,33,assessed,257,1.83841143426685e-11,0.99974418729895,0.000255812701050015
Ag_0,4.07860431315011e-19,2.85651752072307e-10,1.42782401422754e-09,1.0164854264189e-18,4.98628438690264e-06,0.000355846537113565,constant,0.1,901,vertical,33,assessed,257,1.42782401422754e-09,0.99974418729895,0.000255812701050015
Aw_p,8.14802119445157e-11,6.99906341519964e-07,0.000116415878969703,2.08353266214556e-12,0.11939275232997,0.297687352659779,constant,0.1,901,vertical,33,assessed,257,8.16236471237246e-15,0.99974418729895,0.000255812701050015
Aw_m,8.1480211944475e-11,3.54635318624624e-07,0.000229757747368418,2.0835326621541e-12,0.235632888159814,0.587514143926635,constant,0.1,901,vertical,33,assessed,257,9.93999443253417e-15,0.99974418729895,0.000255812701050015
Aio,1.41347419228444e-21,5.86099703415918e-07,2.41166167470551e-15,1.40366874173723e-21,4.80659333692909e-12,2.39493166633834e-10,constant,0.1,901,vertical,33,assessed,257,2.41166167470551e-15,0.99974418729895,0.000255812701050015
Amda,7.98123784761063e-19,7.84022806770212e-08,1.01798541811423e-11,1.45472727200099e-18,2.87345088506823e-08,1.85546547993813e-06,constant,0.1,901,vertical,33,assessed,257,1.01798541811423e-11,0.99974418729895,0.000255812701050015
Ag_q,3.43253345883159e-23,1.8602628430823e-12,1.84518734629144e-11,7.83641034353473e-23,6.05446127302723e-08,4.21026528985957e-06,constant,0.1,901,vertical,49,assessed,257,1.84518734629144e-11,0.99974418729895,0.000255812701050015
Ag_0,4.09273292201623e-19,2.85651752072307e-10,1.43277010987149e-09,1.0164854264189e-18,4.99123046523153e-06,0.000355846537113565,constant,0.1,901,vertical,49,assessed,257,1.43277010987149e-09,0.99974418729895,0.000255812701050015
Aw_p,2.70650926022663e-11,6.99906341519964e-07,3.86695919106689e-05,2.08353266214556e-12,0.041646465382017,0.297687352659779,constant,0.1,901,vertical,49,assessed,257,4.56948616514509e-15,0.99974418729895,0.000255812701050015
Aw_m,2.70650926022321e-11,3.54635318624624e-07,7.63180968753992e-05,2.0835326621541e-12,0.0821932380994639,0.587514143926635,constant,0.1,901,vertical,49,assessed,257,1.13078900599622e-14,0.99974418729895,0.000255812701050015
Aio,9.64023066629462e-22,5.86099703415918e-07,1.64481070543275e-15,1.40366874173723e-21,4.03974236896473e-12,2.39493166633834e-10,constant,0.1,901,vertical,49,assessed,257,1.64481070543275e-15,0.99974418729895,0.000255812701050015
Amda,8.05146711608766e-19,7.84022806770212e-08,1.02694297239333e-11,1.45472727200099e-18,2.88240843923308e-08,1.85546547993813e-06,constant,0.1,901,vertical,49,assessed,257,1.02694297239333e-11,0.99974418729895,0.000255812701050015
Ag_q,3.39823562607673e-23,1.8602628430823e-12,1.82675025667134e-11,7.83641034353473e-23,6.03603408909546e-08,4.21026528985957e-06,constant,0.1,901,vertical,65,assessed,257,1.82675025667134e-11,0.99974418729895,0.000255812701050015
Ag_0,4.05140481755063e-19,2.85651752072307e-10,1.41830210672928e-09,1.0164854264189e-18,4.97676251273823e-06,0.000355846537113565,constant,0.1,901,vertical,65,assessed,257,1.41830210672928e-09,0.99974418729895,0.000255812701050015
Aw_p,1.35190681605941e-11,6.99906341519964e-07,1.93155388922969e-05,2.08353266214556e-12,0.0222924123912973,0.297687352659779,constant,0.1,901,vertical,65,assessed,257,6.30107328023676e-15,0.99974418729895,0.000255812701050015
Aw_m,1.35190681605647e-11,3.54635318624624e-07,3.8121042802492e-05,2.0835326621541e-12,0.0439961841342647,0.587514143926635,constant,0.1,901,vertical,65,assessed,257,8.48440026199576e-15,0.99974418729895,0.000255812701050015
Aio,1.12097095956106e-21,5.86099703415918e-07,1.91259431292626e-15,1.40366874173723e-21,4.30752597600135e-12,2.39493166633834e-10,constant,0.1,901,vertical,65,assessed,257,1.91259431292626e-15,0.99974418729895,0.000255812701050015
Amda,7.99366047895317e-19,7.84022806770212e-08,1.01956989132537e-11,1.45472727200099e-18,2.87503535825916e-08,1.85546547993813e-06,constant,0.1,901,vertical,65,assessed,257,1.01956989132537e-11,0.99974418729895,0.000255812701050015
Ag_q,3.44480206032752e-23,1.8602628430823e-12,1.85178243662588e-11,7.83641034353473e-23,6.06105282001992e-08,4.21026528985957e-06,constant,0.1,901,vertical,97,assessed,257,1.85178243662588e-11,0.99974418729895,0.000255812701050015
Ag_0,4.11357444615295e-19,2.85651752072307e-10,1.44006624020695e-09,1.0164854264189e-18,4.99852657002503e-06,0.000355846537113565,constant,0.1,901,vertical,97,assessed,257,1.44006624020695e-09,0.99974418729895,0.000255812701050015
Aw_p,1.64621103908513e-11,6.99906341519964e-07,2.35204475431685e-05,2.08353266214556e-12,0.0264973210361612,0.297687352659779,constant,0.1,901,vertical,97,assessed,257,9.2067235669519e-15,0.99974418729895,0.000255812701050015
Aw_m,1.64621103908758e-11,3.54635318624624e-07,4.641982771124e-05,2.0835326621541e-12,0.0522949690196118,0.587514143926635,constant,0.1,901,vertical,97,assessed,257,1.51503476533069e-14,0.99974418729895,0.000255812701050015
Aio,8.06638988790948e-22,5.86099703415918e-07,1.37628288171736e-15,1.40366874173723e-21,3.77121454570749e-12,2.39493166633834e-10,constant,0.1,901,vertical,97,assessed,257,1.37628288171736e-15,0.99974418729895,0.000255812701050015
Amda,8.09204574516488e-19,7.84022806770212e-08,1.03211866737654e-11,1.45472727200099e-18,2.88758413415028e-08,1.85546547993813e-06,constant,0.1,901,vertical,97,assessed,257,1.03211866737654e-11,0.99974418729895,0.000255812701050015
Ag_q,3.3989530398657e-23,1.8602628430823e-12,1.82713590851168e-11,7.83641034353473e-23,6.03641953373678e-08,4.21026528985957e-06,constant,0.1,901,vertical,129,assessed,257,1.82713590851168e-11,0.99974418729895,0.000255812701050015
Ag_0,4.06239019315116e-19,2.85651752072307e-10,1.42214782989423e-09,1.0164854264189e-18,4.98060822244025e-06,0.000355846537113565,constant,0.1,901,vertical,129,assessed,257,1.42214782989423e-09,0.99974418729895,0.000255812701050015
Aw_p,8.35531218240969e-12,6.99906341519964e-07,1.19377575066183e-05,2.08353266214556e-12,0.0149146310161599,0.297687352659779,constant,0.1,901,vertical,129,assessed,257,6.92003075349466e-15,0.99974418729895,0.000255812701050015
Aw_m,8.35531218241922e-12,3.54635318624624e-07,2.35602934722449e-05,2.0835326621541e-12,0.029435434845076,0.587514143926635,constant,0.1,901,vertical,129,assessed,257,1.56625465351593e-14,0.99974418729895,0.000255812701050015
Aio,1.32940238717652e-21,5.86099703415918e-07,2.2682188361954e-15,1.40366874173723e-21,4.66315049866372e-12,2.39493166633834e-10,constant,0.1,901,vertical,129,assessed,257,2.2682188361954e-15,0.99974418729895,0.000255812701050015
Amda,8.09630036132342e-19,7.84022806770212e-08,1.03266133222274e-11,1.45472727200099e-18,2.88812679898956e-08,1.85546547993813e-06,constant,0.1,901,vertical,129,assessed,257,1.03266133222274e-11,0.99974418729895,0.000255812701050015
Ag_q,3.74487004927044e-23,1.8602628430823e-12,2.01308651795975e-11,7.83641034353473e-23,6.22227023756961e-08,4.21026528985957e-06,constant,0.1,901,vertical,193,assessed,257,2.01308651795975e-11,0.99974418729895,0.000255812701050015
Ag_0,4.46660622116678e-19,2.85651752072307e-10,1.56365441092626e-09,1.0164854264189e-18,5.12211430809256e-06,0.000355846537113565,constant,0.1,901,vertical,193,assessed,257,1.56365441092626e-09,0.99974418729895,0.000255812701050015
Aw_p,6.67376212313875e-12,6.99906341519964e-07,9.53522168215473e-06,2.08353266214556e-12,0.0125120951951289,0.297687352659779,constant,0.1,901,vertical,193,assessed,257,4.21108974540047e-15,0.99974418729895,0.000255812701050015
Aw_m,6.67376212313063e-12,3.54635318624624e-07,1.88186617988681e-05,2.0835326621541e-12,0.0246938031850696,0.587514143926635,constant,0.1,901,vertical,193,assessed,257,8.46334589594573e-15,0.99974418729895,0.000255812701050015
Aio,4.9005271202272e-22,5.86099703415918e-07,8.3612516636092e-16,1.40366874173723e-21,3.23105683127267e-12,2.39493166633834e-10,constant,0.1,901,vertical,193,assessed,257,8.3612516636092e-16,0.99974418729895,0.000255812701050015
Amda,8.6568908691388e-19,7.84022806770212e-08,1.10416314351886e-11,1.45472727200099e-18,2.95962860937369e-08,1.85546547993813e-06,constant,0.1,901,vertical,193,assessed,257,1.10416314351886e-11,0.99974418729895,0.000255812701050015
Ag_q,0,1.8602628430823e-12,0,7.83641034353473e-23,4.21026528985957e-08,4.21026528985957e-06,constant,0.1,901,vertical,257,assessed,257,0,0.99974418729895,0.000255812701050015
Ag_0,0,2.85651752072307e-10,0,1.0164854264189e-18,3.55846537113565e-06,0.000355846537113565,constant,0.1,901,vertical,257,assessed,257,0,0.99974418729895,0.000255812701050015
Aw_p,0,6.99906341519964e-07,0,2.08353266214556e-12,0.00297687352659779,0.297687352659779,constant,0.1,901,vertical,257,assessed,257,0,0.99974418729895,0.000255812701050015
Aw_m,0,3.54635318624624e-07,0,2.0835326621541e-12,0.00587514143926635,0.587514143926635,constant,0.1,901,vertical,257,assessed,257,0,0.99974418729895,0.000255812701050015
Aio,0,5.86099703415918e-07,0,1.40366874173723e-21,2.39493166633834e-12,2.39493166633834e-10,constant,0.1,901,vertical,257,assessed,257,0,0.99974418729895,0.000255812701050015
Amda,0,7.84022806770212e-08,0,1.45472727200099e-18,1.85546547993813e-08,1.85546547993813e-06,constant,0.1,901,vertical,257,assessed,257,0,0.99974418729895,0.000255812701050015
Ag_q,7.24741799024802e-19,1.85423436578469e-10,3.90857710545183e-09,7.35545391518868e-21,3.94822422787937e-06,3.96682015106244e-06,constant,1,327,horizontal,8,assessed,257,3.90857710545183e-09,0.997289201376846,0.00271079862315418
Ag_0,1.61218159448402e-16,2.59145626962631e-08,6.22114142299029e-09,9.52545536608808e-17,9.89685630502301e-06,0.000367571512209625,constant,1,327,horizontal,8,assessed,257,6.22114142299029e-09,0.997289201376846,0.00271079862315418
Aw_p,1.12782052372025e-10,7.03735499973499e-05,1.60261991012636e-06,1.44787754088839e-11,0.00180836163279944,0.0205741722695862,constant,1,327,horizontal,8,assessed,257,3.73564013477531e-09,0.997289201376846,0.00271079862315418
Aw_m,1.12781353587544e-10,3.58407794608343e-05,3.14673272412472e-06,1.44787754152942e-11,0.0035507076272812,0.0403974903244282,constant,1,327,horizontal,8,assessed,257,8.89673890656436e-09,0.997289201376846,0.00271079862315418
Aio,2.30821890209031e-20,6.0739394098631e-05,3.80020073684326e-16,1.86492586541257e-19,3.45039292322202e-12,3.07037284954395e-10,constant,1,327,horizontal,8,assessed,257,3.80020073684326e-16,0.997289201376846,0.00271079862315418
Amda,8.62672181313711e-19,1.42938199612276e-05,6.03528086721208e-14,2.75265405892472e-16,1.93180044805009e-08,1.9257651671833e-06,constant,1,327,horizontal,8,assessed,257,6.03528086721208e-14,0.997289201376846,0.00271079862315418
Ag_q,1.32990086163362e-23,1.85423436578469e-10,7.17223715714503e-14,7.35545391518868e-21,3.97399234953948e-08,3.96682015106244e-06,constant,1,327,horizontal,12,assessed,257,7.17223715714503e-14,0.997190899206494,0.00280910079350615
Ag_0,3.80448550707033e-19,2.59145626962631e-08,1.46808786691158e-11,9.52545536608808e-17,3.69039600019885e-06,0.000367571512209625,constant,1,327,horizontal,12,assessed,257,1.46808786691158e-11,0.997190899206494,0.00280910079350615
Aw_p,2.4084036697212e-11,7.03735499973499e-05,3.42231373834614e-07,1.44787754088839e-11,0.000547973096525613,0.0205741722695862,constant,1,327,horizontal,12,assessed,257,9.11119286526967e-16,0.997190899206494,0.00280910079350615
Aw_m,2.40840366965336e-11,3.58407794608343e-05,6.71973016737871e-07,1.44787754152942e-11,0.0010759479199634,0.0403974903244282,constant,1,327,horizontal,12,assessed,257,9.98116430356547e-16,0.997190899206494,0.00280910079350615
Aio,1.48794164380781e-20,6.0739394098631e-05,2.44971433431099e-16,1.86492586541257e-19,3.31534428297102e-12,3.07037284954395e-10,constant,1,327,horizontal,12,assessed,257,2.44971433431099e-16,0.997190899206494,0.00280910079350615
Amda,2.02980837739142e-18,1.42938199612276e-05,1.42006012591269e-13,2.75265405892472e-16,1.93996576844143e-08,1.9257651671833e-06,constant,1,327,horizontal,12,assessed,257,1.42006012591269e-13,0.997190899206494,0.00280910079350615
Ag_q,8.52883395069153e-24,1.85423436578469e-10,4.59965261569416e-14,7.35545391518868e-21,3.97141977887206e-08,3.96682015106244e-06,constant,1,327,horizontal,16,assessed,257,4.59965261569416e-14,0.997195104693313,0.00280489530668741
Ag_0,2.00171272759502e-19,2.59145626962631e-08,7.72427746922261e-12,9.52545536608808e-17,3.6834393992674e-06,0.000367571512209625,constant,1,327,horizontal,16,assessed,257,7.72427746922261e-12,0.997195104693313,0.00280489530668741
Aw_p,8.11495920090972e-12,7.03735499973499e-05,1.15312630970234e-07,1.44787754088839e-11,0.000321054353664457,0.0205741722695862,constant,1,327,horizontal,16,assessed,257,9.15442601835688e-16,0.997195104693313,0.00280489530668741
Aw_m,8.1149592010878e-12,3.58407794608343e-05,2.26416928514503e-07,1.44787754152942e-11,0.000630391831752468,0.0403974903244282,constant,1,327,horizontal,16,assessed,257,9.58582696947345e-16,0.997195104693313,0.00280489530668741
Aio,2.12021872802125e-20,6.0739394098631e-05,3.490681392999e-16,1.86492586541257e-19,3.41944098883811e-12,3.07037284954395e-10,constant,1,327,horizontal,16,assessed,257,3.490681392999e-16,0.997195104693313,0.00280489530668741
Amda,7.01408748416627e-19,1.42938199612276e-05,4.90707697675791e-14,2.75265405892472e-16,1.93067224415971e-08,1.9257651671833e-06,constant,1,327,horizontal,16,assessed,257,4.90707697675791e-14,0.997195104693313,0.00280489530668741
Ag_q,8.81561191092418e-24,1.85423436578469e-10,4.75431373379467e-14,7.35545391518868e-21,3.97157443915607e-08,3.96682015106244e-06,constant,1,327,horizontal,24,assessed,257,4.75431373379467e-14,0.997178371322815,0.00282162867718533
Ag_0,1.87337008442645e-19,2.59145626962631e-08,7.22902449245879e-12,9.52545536608808e-17,3.68294414630975e-06,0.000367571512209625,constant,1,327,horizontal,24,assessed,257,7.22902449245879e-12,0.997178371322815,0.00282162867718533
Aw_p,6.50644535943817e-12,7.03735499973499e-05,9.24558354620904e-08,1.44787754088839e-11,0.000298197558156638,0.0205741722695862,constant,1,327,horizontal,24,assessed,257,5.11251629722532e-16,0.997178371322815,0.00282162867718533
Aw_m,6.50644535931016e-12,3.58407794608343e-05,1.81537496036329e-07,1.44787754152942e-11,0.000585512399275546,0.0403974903244282,constant,1,327,horizontal,24,assessed,257,8.11688897415845e-16,0.997178371322815,0.00282162867718533
Aio,2.81816277111279e-20,6.0739394098631e-05,4.63976108575686e-16,1.86492586541257e-19,3.534348958112e-12,3.07037284954395e-10,constant,1,327,horizontal,24,assessed,257,4.63976108575686e-16,0.997178371322815,0.00282162867718533
Amda,4.33256946805679e-18,1.42938199612276e-05,3.03107880175419e-13,2.75265405892472e-16,1.95607595519872e-08,1.9257651671833e-06,constant,1,327,horizontal,24,assessed,257,3.03107880175419e-13,0.997178371322815,0.00282162867718533
Ag_q,6.59967586018237e-24,1.85423436578469e-10,3.55924579004849e-14,7.35545391518868e-21,3.97037937765736e-08,3.96682015106244e-06,constant,1,327,horizontal,32,assessed,257,3.55924579004849e-14,0.997184067330468,0.00281593266953226
Ag_0,1.51594512811159e-19,2.59145626962631e-08,5.84978085827467e-12,9.52545536608808e-17,3.68156490272879e-06,0.000367571512209625,constant,1,327,horizontal,32,assessed,257,5.84978085827467e-12,0.997184067330468,0.00281593266953226
Aw_p,4.3127693769969e-12,7.03735499973499e-05,6.12839536609893e-08,1.44787754088839e-11,0.00026702567635598,0.0205741722695862,constant,1,327,horizontal,32,assessed,257,8.73409115531805e-16,0.997184067330468,0.00281593266953226
Aw_m,4.31276937728079e-12,3.58407794608343e-05,1.20331349991806e-07,1.44787754152942e-11,0.000524306253232731,0.0403974903244282,constant,1,327,horizontal,32,assessed,257,1.07539392607278e-15,0.997184067330468,0.00281593266953226
Aio,2.41734795479073e-20,6.0739394098631e-05,3.97986840445814e-16,1.86492586541257e-19,3.46835968998322e-12,3.07037284954395e-10,constant,1,327,horizontal,32,assessed,257,3.97986840445814e-16,0.997184067330468,0.00281593266953226
Amda,4.06519906663605e-18,1.42938199612276e-05,2.84402565420792e-13,2.75265405892472e-16,1.95420542372339e-08,1.9257651671833e-06,constant,1,327,horizontal,32,assessed,257,2.84402565420792e-13,0.997184067330468,0.00281593266953226
Ag_q,8.12741688457298e-24,1.85423436578469e-10,4.38316592257397e-14,7.35545391518868e-21,3.97120329334646e-08,3.96682015106244e-06,constant,1,327,horizontal,48,assessed,257,4.38316592257397e-14,0.997178371322815,0.00282162867718533
Ag_0,1.69777737133858e-19,2.59145626962631e-08,6.55144133141555e-12,9.52545536608808e-17,3.68226656317485e-06,0.000367571512209625,constant,1,327,horizontal,48,assessed,257,6.55144133141555e-12,0.997178371322815,0.00282162867718533
Aw_p,1.31727630731936e-12,7.03735499973499e-05,1.87183438574431e-08,1.44787754088839e-11,0.000224460066553039,0.0205741722695862,constant,1,327,horizontal,48,assessed,257,5.05048167433613e-16,0.997178371322815,0.00282162867718533
Aw_m,1.31727630772492e-12,3.58407794608343e-05,3.6753561935348e-08,1.44787754152942e-11,0.000440728465178605,0.0403974903244282,constant,1,327,horizontal,48,assessed,257,1.22049887799945e-15,0.997178371322815,0.00282162867718533
Aio,3.64037709282029e-20,6.0739394098631e-05,5.99343662682722e-16,1.86492586541257e-19,3.66971651221681e-12,3.07037284954395e-10,constant,1,327,horizontal,48,assessed,257,5.99343662682722e-16,0.997178371322815,0.00282162867718533
Amda,4.73561266064209e-18,1.42938199612276e-05,3.3130490474118e-13,2.75265405892472e-16,1.9588956576551e-08,1.9257651671833e-06,constant,1,327,horizontal,48,assessed,257,3.3130490474118e-13,0.997178371322815,0.00282162867718533
Ag_q,0,1.85423436578469e-10,0,7.35545391518868e-21,3.96682015106244e-08,3.96682015106244e-06,constant,1,327,horizontal,64,assessed,257,0,0.997178025577927,0.0028219744220725
Ag_0,0,2.59145626962631e-08,0,9.52545536608808e-17,3.67571512209625e-06,0.000367571512209625,constant,1,327,horizontal,64,assessed,257,0,0.997178025577927,0.0028219744220725
Aw_p,0,7.03735499973499e-05,0,1.44787754088839e-11,0.000205741722695862,0.0205741722695862,constant,1,327,horizontal,64,assessed,257,0,0.997178025577927,0.0028219744220725
Aw_m,0,3.58407794608343e-05,0,1.44787754152942e-11,0.000403974903244282,0.0403974903244282,constant,1,327,horizontal,64,assessed,257,0,0.997178025577927,0.0028219744220725
Aio,0,6.0739394098631e-05,0,1.86492586541257e-19,3.07037284954396e-12,3.07037284954395e-10,constant,1,327,horizontal,64,assessed,257,0,0.997178025577927,0.0028219744220725
Amda,0,1.42938199612276e-05,0,2.75265405892472e-16,1.9257651671833e-08,1.9257651671833e-06,constant,1,327,horizontal,64,assessed,257,0,0.997178025577927,0.0028219744220725
Ag_q,7.44698979509145e-14,1.85423436578469e-10,0.000401620740749242,7.35545391518868e-21,0.401618614463763,3.96682015106244e-06,constant,1,327,vertical,9,rejected,257,0.000401620740749242,0.997178025577927,0.0028219744220725
Ag_0,8.35748771171941e-10,2.59145626962631e-08,0.0322501591467123,9.52545536608808e-17,32.2501615779473,0.000367571512209625,constant,1,327,vertical,9,rejected,257,0.0322501591467123,0.997178025577927,0.0028219744220725
Aw_p,4.26159600634058e-08,7.03735499973499e-05,0.000605567859870799,1.44787754088839e-11,0.60577360158489,0.0205741722695862,constant,1,327,vertical,9,rejected,257,0.000565097923183782,0.997178025577927,0.0028219744220725
Aw_m,5.65241128179018e-08,3.58407794608343e-05,0.0015770893844446,1.44787754152942e-11,1.57749335930384,0.0403974903244282,constant,1,327,vertical,9,rejected,257,0.00151994886417139,0.997178025577927,0.0028219744220725
Aio,1.6552154645841e-08,6.0739394098631e-05,0.000272511026681677,1.86492586541257e-19,0.272511026680261,3.07037284954395e-10,constant,1,327,vertical,9,rejected,257,0.000272511026681677,0.997178025577927,0.0028219744220725
Amda,8.60433674282331e-10,1.42938199612276e-05,6.01962020381034e-05,2.75265405892472e-16,0.0601962212915437,1.9257651671833e-06,constant,1,327,vertical,9,rejected,257,6.01962020381034e-05,0.997178025577927,0.0028219744220725
Ag_q,3.09587983193156e-17,1.85423436578469e-10,1.66962703801546e-07,7.35545391518868e-21,0.00016700147156778,3.96682015106244e-06,constant,1,327,vertical,13,assessed,257,1.66962703801546e-07,0.997178025577927,0.0028219744220725
Ag_0,3.35520975611811e-13,2.59145626962631e-08,1.29471980501602e-05,9.52545536608808e-17,0.0129508732656714,0.000367571512209625,constant,1,327,vertical,13,assessed,257,1.29471980501602e-05,0.997178025577927,0.0028219744220725
Aw_p,5.71570912862332e-09,7.03735499973499e-05,8.12195651468281e-05,1.44787754088839e-11,0.0814253068683699,0.0205741722695862,constant,1,327,vertical,13,assessed,257,8.67824894249833e-07,0.997178025577927,0.0028219744220725
Aw_m,5.71520953873426e-09,3.58407794608343e-05,0.000159461083846674,1.44787754152942e-11,0.159865058745469,0.0403974903244282,constant,1,327,vertical,13,assessed,257,2.3289862274317e-06,0.997178025577927,0.0028219744220725
Aio,2.76296409413403e-11,6.0739394098631e-05,4.54888320032864e-07,1.86492586541257e-19,0.000454888323095748,3.07037284954395e-10,constant,1,327,vertical,13,assessed,257,4.54888320032864e-07,0.997178025577927,0.0028219744220725
Amda,4.57734845058268e-13,1.42938199612276e-05,3.20232692380264e-08,2.75265405892472e-16,3.20425268874579e-05,1.9257651671833e-06,constant,1,327,vertical,13,assessed,257,3.20232692380264e-08,0.997178025577927,0.0028219744220725
Ag_q,1.56793279448032e-21,1.85423436578469e-10,8.45595801379075e-12,7.35545391518868e-21,4.81241139211593e-08,3.96682015106244e-06,constant,1,327,vertical,17,assessed,257,8.45595801379075e-12,0.997178025577927,0.0028219744220725
Ag_0,6.19786418774752e-17,2.59145626962631e-08,2.39165301008195e-09,9.52545536608808e-17,6.06736803988828e-06,0.000367571512209625,constant,1,327,vertical,17,assessed,257,2.39165301008195e-09,0.997178025577927,0.0028219744220725
Aw_p,2.40693934121038e-09,7.03735499973499e-05,3.42023294448131e-05,1.44787754088839e-11,0.0344080711670229,0.0205741722695862,constant,1,327,vertical,17,assessed,257,5.60859850323594e-10,0.997178025577927,0.0028219744220725
Aw_m,2.40693815773943e-09,3.58407794608343e-05,6.71564121636823e-05,1.44787754152942e-11,0.0675603870650528,0.0403974903244282,constant,1,327,vertical,17,assessed,257,1.51997237021111e-09,0.997178025577927,0.0028219744220725
Aio,1.82838848271287e-14,6.0739394098631e-05,3.01021850784989e-10,1.86492586541257e-19,3.01024921152882e-07,3.07037284954395e-10,constant,1,327,vertical,17,assessed,257,3.01021850784989e-10,0.997178025577927,0.0028219744220725
Amda,1.20231116891821e-15,1.42938199612276e-05,8.41140557373408e-11,2.75265405892472e-16,1.03371707403289e-07,1.9257651671833e-06,constant,1,327,vertical,17,assessed,257,8.41140557373408e-11,0.997178025577927,0.0028219744220725
Ag_q,3.21806969620932e-21,1.85423436578469e-10,1.73552478348522e-11,7.35545391518868e-21,5.70233557480622e-08,3.96682015106244e-06,constant,1,327,vertical,25,assessed,257,1.73552478348522e-11,0.997178025577927,0.0028219744220725
Ag_0,3.83584143405536e-17,2.59145626962631e-08,1.48018759915578e-09,9.52545536608808e-17,5.15590266413404e-06,0.000367571512209625,constant,1,327,vertical,25,assessed,257,1.48018759915578e-09,0.997178025577927,0.0028219744220725
Aw_p,1.54637548846093e-09,7.03735499973499e-05,2.19738167041334e-05,1.44787754088839e-11,0.022179558426517,0.0205741722695862,constant,1,327,vertical,25,assessed,257,1.1543471093475e-14,0.997178025577927,0.0028219744220725
Aw_m,1.54637548846086e-09,3.58407794608343e-05,4.31456991651282e-05,1.44787754152942e-11,0.0435496740671686,0.0403974903244282,constant,1,327,vertical,25,assessed,257,2.10998874270256e-14,0.997178025577927,0.0028219744220725
Aio,1.8029124125163e-19,6.0739394098631e-05,2.96827526726503e-15,1.86492586541257e-19,6.03864811676011e-12,3.07037284954395e-10,constant,1,327,vertical,25,assessed,257,2.96827526726503e-15,0.997178025577927,0.0028219744220725
Amda,1.48914570242042e-16,1.42938199612276e-05,1.04181087103362e-11,2.75265405892472e-16,2.96757603814403e-08,1.9257651671833e-06,constant,1,327,vertical,25,assessed,257,1.04181087103362e-11,0.997178025577927,0.0028219744220725
Ag_q,3.21338152017291e-21,1.85423436578469e-10,1.73299642130894e-11,7.35545391518868e-21,5.69980722626548e-08,3.96682015106244e-06,constant,1,327,vertical,33,assessed,257,1.73299642130894e-11,0.997178025577927,0.0028219744220725
Ag_0,3.83023786296886e-17,2.59145626962631e-08,1.47802527399823e-09,9.52545536608808e-17,5.15374033905993e-06,0.000367571512209625,constant,1,327,vertical,33,assessed,257,1.47802527399823e-09,0.997178025577927,0.0028219744220725
Aw_p,1.579019858576e-09,7.03735499973499e-05,2.24376894250108e-05,1.44787754088839e-11,0.0226434311473878,0.0205741722695862,constant,1,327,vertical,33,assessed,257,1.0042808544638e-14,0.997178025577927,0.0028219744220725
Aw_m,1.57901985857287e-09,3.58407794608343e-05,4.40565155760178e-05,1.44787754152942e-11,0.0444604904780328,0.0403974903244282,constant,1,327,vertical,33,assessed,257,1.53916806521876e-14,0.997178025577927,0.0028219744220725
Aio,1.6868507138805e-19,6.0739394098631e-05,2.77719384414886e-15,1.86492586541257e-19,5.84756669364709e-12,3.07037284954395e-10,constant,1,327,vertical,33,assessed,257,2.77719384414886e-15,0.997178025577927,0.0028219744220725
Amda,1.48463096737931e-16,1.42938199612276e-05,1.03865234864187e-11,2.75265405892472e-16,2.96441751575251e-08,1.9257651671833e-06,constant,1,327,vertical,33,assessed,257,1.03865234864187e-11,0.997178025577927,0.0028219744220725
Ag_q,3.22360505115928e-21,1.85423436578469e-10,1.7385100344611e-11,7.35545391518868e-21,5.70532080968254e-08,3.96682015106244e-06,constant,1,327,vertical,49,assessed,257,1.7385100344611e-11,0.997178025577927,0.0028219744220725
Ag_0,3.84152045567663e-17,2.59145626962631e-08,1.48237903942349e-09,9.52545536608808e-17,5.15809410431719e-06,0.000367571512209625,constant,1,327,vertical,49,assessed,257,1.48237903942349e-09,0.997178025577927,0.0028219744220725
Aw_p,6.16155616947783e-10,7.03735499973499e-05,8.75549999923247e-06,1.44787754088839e-11,0.00896124172180391,0.0205741722695862,constant,1,327,vertical,49,assessed,257,8.87760310619158e-15,0.997178025577927,0.0028219744220725
Aw_m,6.16155616960292e-10,3.58407794608343e-05,1.71914681050284e-05,1.44787754152942e-11,0.017595443007793,0.0403974903244282,constant,1,327,vertical,49,assessed,257,1.56148657922733e-14,0.997178025577927,0.0028219744220725
Aio,1.27017666128055e-19,6.0739394098631e-05,2.09119086571392e-15,1.86492586541257e-19,5.16156371522345e-12,3.07037284954395e-10,constant,1,327,vertical,49,assessed,257,2.09119086571392e-15,0.997178025577927,0.0028219744220725
Amda,1.4988848547721e-16,1.42938199612276e-05,1.04862441169531e-11,2.75265405892472e-16,2.97438957880524e-08,1.9257651671833e-06,constant,1,327,vertical,49,assessed,257,1.04862441169531e-11,0.997178025577927,0.0028219744220725
Ag_q,3.19045008970219e-21,1.85423436578469e-10,1.72062935979079e-11,7.35545391518868e-21,5.68744023144329e-08,3.96682015106244e-06,constant,1,327,vertical,65,assessed,257,1.72062935979079e-11,0.997178025577927,0.0028219744220725
Ag_0,3.80159694154553e-17,2.59145626962631e-08,1.46697321737701e-09,9.52545536608808e-17,5.14268828286519e-06,0.000367571512209625,constant,1,327,vertical,65,assessed,257,1.46697321737701e-09,0.997178025577927,0.0028219744220725
Aw_p,4.68003018133244e-10,7.03735499973499e-05,6.65026871816e-06,1.44787754088839e-11,0.00685601044076136,0.0205741722695862,constant,1,327,vertical,65,assessed,257,6.68375671893948e-15,0.997178025577927,0.0028219744220725
Aw_m,4.68003018128899e-10,3.58407794608343e-05,1.30578359390961e-05,1.44787754152942e-11,0.013461810841976,0.0403974903244282,constant,1,327,vertical,65,assessed,257,1.23337305218827e-14,0.997178025577927,0.0028219744220725
Aio,1.34551454713712e-19,6.0739394098631e-05,2.21522550085406e-15,1.86492586541257e-19,5.28559835036154e-12,3.07037284954395e-10,constant,1,327,vertical,65,assessed,257,2.21522550085406e-15,0.997178025577927,0.0028219744220725
Amda,1.48983819250904e-16,1.42938199612276e-05,1.04229533920972e-11,2.75265405892472e-16,2.9680605063201e-08,1.9257651671833e-06,constant,1,327,vertical,65,assessed,257,1.04229533920972e-11,0.997178025577927,0.0028219744220725
Ag_q,3.2377361219655e-21,1.85423436578469e-10,1.74613100787577e-11,7.35545391518868e-21,5.71294174199705e-08,3.96682015106244e-06,constant,1,327,vertical,97,assessed,257,1.74613100787577e-11,0.997178025577927,0.0028219744220725
Ag_0,3.86428949262287e-17,2.59145626962631e-08,1.49116523319921e-09,9.52545536608808e-17,5.16688029775386e-06,0.000367571512209625,constant,1,327,vertical,97,assessed,257,1.49116523319921e-09,0.997178025577927,0.0028219744220725
Aw_p,1.78396936567763e-10,7.03735499973499e-05,2.53499981988235e-06,1.44787754088839e-11,0.00274074154254219,0.0205741722695862,constant,1,327,vertical,97,assessed,257,5.91298691583821e-15,0.997178025577927,0.0028219744220725
Aw_m,1.7839693657319e-10,3.58407794608343e-05,4.97748484427178e-06,1.44787754152942e-11,0.00538145974737718,0.0403974903244282,constant,1,327,vertical,97,assessed,257,7.80160320141443e-15,0.997178025577927,0.0028219744220725
Aio,1.51350980306451e-19,6.0739394098631e-05,2.49180918829519e-15,1.86492586541257e-19,5.56218203779812e-12,3.07037284954395e-10,constant,1,327,vertical,97,assessed,257,2.49180918829519e-15,0.997178025577927,0.0028219744220725
Amda,1.5021239782058e-16,1.42938199612276e-05,1.05089051231956e-11,2.75265405892472e-16,2.97665567942933e-08,1.9257651671833e-06,constant,1,327,vertical,97,assessed,257,1.05089051231956e-11,0.997178025577927,0.0028219744220725
Ag_q,3.18561070976419e-21,1.85423436578469e-10,1.71801945242024e-11,7.35545391518868e-21,5.68483033814805e-08,3.96682015106244e-06,constant,1,327,vertical,129,assessed,257,1.71801945242024e-11,0.997178025577927,0.0028219744220725
Ag_0,3.80480661534084e-17,2.59145626962631e-08,1.46821177726819e-09,9.52545536608808e-17,5.14392684270858e-06,0.000367571512209625,constant,1,327,vertical,129,assessed,257,1.46821177726819e-09,0.997178025577927,0.0028219744220725
Aw_p,8.71461653708813e-11,7.03735499973499e-05,1.23833692309345e-06,1.44787754088839e-11,0.00144407864577172,0.0205741722695862,constant,1,327,vertical,129,assessed,257,5.39916338899045e-15,0.997178025577927,0.0028219744220725
Aw_m,8.71461653709967e-11,3.58407794608343e-05,2.43148075131087e-06,1.44787754152942e-11,0.00283545565448731,0.0403974903244282,constant,1,327,vertical,129,assessed,257,1.05782138763511e-14,0.997178025577927,0.0028219744220725
Aio,1.37671185369765e-19,6.0739394098631e-05,2.26658805891625e-15,1.86492586541257e-19,5.33696090842288e-12,3.07037284954395e-10,constant,1,327,vertical,129,assessed,257,2.26658805891625e-15,0.997178025577927,0.0028219744220725
Amda,1.51571552798078e-16,1.42938199612276e-05,1.06039920195735e-11,2.75265405892472e-16,2.98616436906646e-08,1.9257651671833e-06,constant,1,327,vertical,129,assessed,257,1.06039920195735e-11,0.997178025577927,0.0028219744220725
Ag_q,3.52610048858361e-21,1.85423436578469e-10,1.90164768469892e-11,7.35545391518868e-21,5.86845758011372e-08,3.96682015106244e-06,constant,1,327,vertical,193,assessed,257,1.90164768469892e-11,0.997178025577927,0.0028219744220725
Ag_0,4.20448797428281e-17,2.59145626962631e-08,1.62244218571711e-09,9.52545536608808e-17,5.298157245206e-06,0.000367571512209625,constant,1,327,vertical,193,assessed,257,1.62244218571711e-09,0.997178025577927,0.0028219744220725
Aw_p,1.00702111537916e-11,7.03735499973499e-05,1.43096534907943e-07,1.44787754088839e-11,0.000348838257601771,0.0205741722695862,constant,1,327,vertical,193,assessed,257,5.90311495588695e-15,0.997178025577927,0.0028219744220725
Aw_m,1.00702111540041e-11,3.58407794608343e-05,2.8097076306637e-07,1.44787754152942e-11,0.000684945666302813,0.0403974903244282,constant,1,327,vertical,193,assessed,257,1.30954758976069e-14,0.997178025577927,0.0028219744220725
Aio,3.36924228254588e-20,6.0739394098631e-05,5.5470462498766e-16,1.86492586541257e-19,3.62507747452248e-12,3.07037284954395e-10,constant,1,327,vertical,193,assessed,257,5.5470462498766e-16,0.997178025577927,0.0028219744220725
Amda,1.6358277505324e-16,1.42938199612276e-05,1.144430078852e-11,2.75265405892472e-16,3.07019524595524e-08,1.9257651671833e-06,constant,1,327,vertical,193,assessed,257,1.144430078852e-11,0.997178025577927,0.0028219744220725
Ag_q,0,1.85423436578469e-10,0,7.35545391518868e-21,3.96682015106244e-08,3.96682015106244e-06,constant,1,327,vertical,257,assessed,257,0,0.997178025577927,0.0028219744220725
Ag_0,0,2.59145626962631e-08,0,9.52545536608808e-17,3.67571512209625e-06,0.000367571512209625,constant,1,327,vertical,257,assessed,257,0,0.997178025577927,0.0028219744220725
Aw_p,0,7.03735499973499e-05,0,1.44787754088839e-11,0.000205741722695862,0.0205741722695862,constant,1,327,vertical,257,assessed,257,0,0.997178025577927,0.0028219744220725
Aw_m,0,3.58407794608343e-05,0,1.44787754152942e-11,0.000403974903244282,0.0403974903244282,constant,1,327,vertical,257,assessed,257,0,0.997178025577927,0.0028219744220725
Aio,0,6.0739394098631e-05,0,1.86492586541257e-19,3.07037284954396e-12,3.07037284954395e-10,constant,1,327,vertical,257,assessed,257,0,0.997178025577927,0.0028219744220725
Amda,0,1.42938199612276e-05,0,2.75265405892472e-16,1.9257651671833e-08,1.9257651671833e-06,constant,1,327,vertical,257,assessed,257,0,0.997178025577927,0.0028219744220725
Ag_q,4.86765271258225e-19,1.86038204490668e-10,2.61648016110928e-09,7.83803572801791e-21,2.6585971937493e-06,4.21310967732668e-06,constant,1,901,horizontal,8,assessed,257,2.61648016110928e-09,0.997455351628056,0.00254464837194387
Ag_0,1.11134351023249e-16,2.85674871653756e-08,3.89023894120959e-09,1.01673914957931e-16,7.44931667597955e-06,0.00035590778709471,constant,1,901,horizontal,8,assessed,257,3.89023894120959e-09,0.997455351628056,0.00254464837194387
Aw_p,8.10488180564156e-11,7.00121522931272e-05,1.15763928692094e-06,9.69140229290018e-12,0.00129606386000116,0.0138424573096764,constant,1,901,horizontal,8,assessed,257,2.50114620734878e-09,0.997455351628056,0.00254464837194387
Aw_m,8.10493116121233e-11,3.54654183520701e-05,2.28530538699799e-06,9.69140228250257e-12,0.00255856882869029,0.0273263441756739,constant,1,901,horizontal,8,assessed,257,5.99548109315366e-09,0.997455351628056,0.00254464837194387
Aio,3.01076080440816e-20,5.86103569109323e-05,5.13690917969239e-16,1.48939220455504e-19,3.05486671525684e-12,2.54117579729636e-10,constant,1,901,horizontal,8,assessed,257,5.13690917969239e-16,0.997455351628056,0.00254464837194387
Amda,1.78284681095373e-18,7.84254806204507e-06,2.27330045904599e-13,1.42453162709128e-16,1.83914728173279e-08,1.81641427714523e-06,constant,1,901,horizontal,8,assessed,257,2.27330045904599e-13,0.997455351628056,0.00254464837194387
Ag_q,1.29520102762597e-23,1.86038204490668e-10,6.96201638352698e-14,7.83803572801791e-21,4.2200716562879e-08,4.21310967732668e-06,constant,1,901,horizontal,12,assessed,257,6.96201638352698e-14,0.997470366301492,0.00252963369850833
Ag_0,2.82102729545047e-19,2.85674871653756e-08,9.87495777671904e-12,1.01673914957931e-16,3.56895282837814e-06,0.00035590778709471,constant,1,901,horizontal,12,assessed,257,9.87495777671904e-12,0.997470366301492,0.00252963369850833
Aw_p,3.0502958115582e-11,7.00121522931272e-05,4.35680908478175e-07,9.69140229290018e-12,0.000574105481568716,0.0138424573096764,constant,1,901,horizontal,12,assessed,257,7.50217842168451e-16,0.997470366301492,0.00252963369850833
Aw_m,3.05029581150732e-11,3.54654183520701e-05,8.60076083475628e-07,9.69140228250257e-12,0.00113333952520812,0.0273263441756739,constant,1,901,horizontal,12,assessed,257,1.52689037286083e-15,0.997470366301492,0.00252963369850833
Aio,1.80164727690094e-20,5.86103569109323e-05,3.0739401222873e-16,1.48939220455504e-19,2.84856980951985e-12,2.54117579729636e-10,constant,1,901,horizontal,12,assessed,257,3.0739401222873e-16,0.997470366301492,0.00252963369850833
Amda,4.83980973132376e-18,7.84254806204507e-06,6.17122100245275e-13,1.42453162709128e-16,1.87812648716189e-08,1.81641427714523e-06,constant,1,901,horizontal,12,assessed,257,6.17122100245275e-13,0.997470366301492,0.00252963369850833
Ag_q,1.01120817770901e-23,1.86038204490668e-10,5.43548665435401e-14,7.83803572801791e-21,4.21854513476415e-08,4.21310967732668e-06,constant,1,901,horizontal,16,assessed,257,5.43548665435401e-14,0.997455351628056,0.00254464837194387
Ag_0,2.45005855817092e-19,2.85674871653756e-08,8.57638805957161e-12,1.01673914957931e-16,3.56765425870645e-06,0.00035590778709471,constant,1,901,horizontal,16,assessed,257,8.57638805957161e-12,0.997455351628056,0.00254464837194387
Aw_p,1.03577329188749e-11,7.00121522931272e-05,1.47941929788262e-07,9.69140229290018e-12,0.000286366502882913,0.0138424573096764,constant,1,901,horizontal,16,assessed,257,6.20473069948949e-16,0.997455351628056,0.00254464837194387
Aw_m,1.03577329189559e-11,3.54654183520701e-05,2.92051620994099e-07,9.69140228250257e-12,0.000565315062742603,0.0273263441756739,constant,1,901,horizontal,16,assessed,257,1.35597610990144e-15,0.997455351628056,0.00254464837194387
Aio,9.58165642502538e-21,5.86103569109323e-05,1.63480601894068e-16,1.48939220455504e-19,2.70465639918764e-12,2.54117579729636e-10,constant,1,901,horizontal,16,assessed,257,1.63480601894068e-16,0.997455351628056,0.00254464837194387
Amda,1.95718230554739e-18,7.84254806204507e-06,2.49559491387678e-13,1.42453162709128e-16,1.84137022628082e-08,1.81641427714523e-06,constant,1,901,horizontal,16,assessed,257,2.49559491387678e-13,0.997455351628056,0.00254464837194387
Ag_q,9.43958882079294e-24,1.86038204490668e-10,5.07400554990114e-14,7.83803572801791e-21,4.21818365560273e-08,4.21310967732668e-06,constant,1,901,horizontal,24,assessed,257,5.07400554990114e-14,0.997455351628056,0.00254464837194387
Ag_0,1.93197002626294e-19,2.85674871653756e-08,6.7628280187154e-12,1.01673914957931e-16,3.56584069872908e-06,0.00035590778709471,constant,1,901,horizontal,24,assessed,257,6.7628280187154e-12,0.997455351628056,0.00254464837194387
Aw_p,7.05727823958662e-12,7.00121522931272e-05,1.00800761131284e-07,9.69140229290018e-12,0.000239225334226609,0.0138424573096764,constant,1,901,horizontal,24,assessed,257,8.40040613798126e-16,0.997455351628056,0.00254464837194387
Aw_m,7.05727823974286e-12,3.54654183520701e-05,1.98990412849054e-07,9.69140228250257e-12,0.000472253854600182,0.0273263441756739,constant,1,901,horizontal,24,assessed,257,1.48694883350933e-15,0.997455351628056,0.00254464837194387
Aio,2.05110673136517e-20,5.86103569109323e-05,3.49956362572941e-16,1.48939220455504e-19,2.89113215986333e-12,2.54117579729636e-10,constant,1,901,horizontal,24,assessed,257,3.49956362572941e-16,0.997455351628056,0.00254464837194387
Amda,2.06203747271384e-18,7.84254806204507e-06,2.62929529586603e-13,1.42453162709128e-16,1.84270723010054e-08,1.81641427714523e-06,constant,1,901,horizontal,24,assessed,257,2.62929529586603e-13,0.997455351628056,0.00254464837194387
Ag_q,4.51755181186116e-24,1.86038204490668e-10,2.42829252423137e-14,7.83803572801791e-21,4.21553795679833e-08,4.21310967732668e-06,constant,1,901,horizontal,32,assessed,257,2.42829252423137e-14,0.997453030512469,0.00254696948753084
Ag_0,1.04991889888904e-19,2.85674871653756e-08,3.67522314024723e-12,1.01673914957931e-16,3.56275309395869e-06,0.00035590778709471,constant,1,901,horizontal,32,assessed,257,3.67522314024723e-12,0.997453030512469,0.00254696948753084
Aw_p,1.93338000549325e-12,7.00121522931272e-05,2.76149202983872e-08,9.69140229290018e-12,0.000166039493394757,0.0138424573096764,constant,1,901,horizontal,32,assessed,257,5.7824917079142e-16,0.997453030512469,0.00254696948753084
Aw_m,1.93338000565177e-12,3.54654183520701e-05,5.45145128829115e-08,9.69140228250257e-12,0.000327777954638113,0.0273263441756739,constant,1,901,horizontal,32,assessed,257,8.9276497414234e-16,0.997453030512469,0.00254696948753084
Aio,9.0014686538126e-21,5.86103569109323e-05,1.53581536237559e-16,1.48939220455504e-19,2.6947573335313e-12,2.54117579729636e-10,constant,1,901,horizontal,32,assessed,257,1.53581536237559e-16,0.997453030512469,0.00254696948753084
Amda,1.64990407973503e-18,7.84254806204507e-06,2.10378574244247e-13,1.42453162709128e-16,1.83745213456698e-08,1.81641427714523e-06,constant,1,901,horizontal,32,assessed,257,2.10378574244247e-13,0.997453030512469,0.00254696948753084
Ag_q,3.74729115323798e-24,1.86038204490668e-10,2.0142589332644e-14,7.83803572801791e-21,4.21512392543288e-08,4.21310967732668e-06,constant,1,901,horizontal,48,assessed,257,2.0142589332644e-14,0.997442855237164,0.00255714476283622
Ag_0,8.20969108268752e-20,2.85674871653756e-08,2.87378831577383e-12,1.01673914957931e-16,3.56195165916227e-06,0.00035590778709471,constant,1,901,horizontal,48,assessed,257,2.87378831577383e-12,0.997442855237164,0.00255714476283622
Aw_p,1.19498951341548e-12,7.00121522931272e-05,1.70683156320105e-08,9.69140229290018e-12,0.000155492888728531,0.0138424573096764,constant,1,901,horizontal,48,assessed,257,7.09215490437316e-16,0.997442855237164,0.00255714476283622
Aw_m,1.19498951388033e-12,3.54654183520701e-05,3.36944993011925e-08,9.69140228250257e-12,0.000306957941056981,0.0273263441756739,constant,1,901,horizontal,48,assessed,257,9.41200800894269e-16,0.997442855237164,0.00255714476283622
Aio,1.52471528655212e-20,5.86103569109323e-05,2.60144344261402e-16,1.48939220455504e-19,2.80132014155333e-12,2.54117579729636e-10,constant,1,901,horizontal,48,assessed,257,2.60144344261402e-16,0.997442855237164,0.00255714476283622
Amda,7.88649993404326e-19,7.84254806204507e-06,1.00560428468534e-13,1.42453162709128e-16,1.8264703199908e-08,1.81641427714523e-06,constant,1,901,horizontal,48,assessed,257,1.00560428468534e-13,0.997442855237164,0.00255714476283622
Ag_q,0,1.86038204490668e-10,0,7.83803572801791e-21,4.21310967732668e-08,4.21310967732668e-06,constant,1,901,horizontal,64,assessed,257,0,0.9974418729895,0.00255812701050015
Ag_0,0,2.85674871653756e-08,0,1.01673914957931e-16,3.5590778709471e-06,0.00035590778709471,constant,1,901,horizontal,64,assessed,257,0,0.9974418729895,0.00255812701050015
Aw_p,0,7.00121522931272e-05,0,9.69140229290018e-12,0.000138424573096764,0.0138424573096764,constant,1,901,horizontal,64,assessed,257,0,0.9974418729895,0.00255812701050015
Aw_m,0,3.54654183520701e-05,0,9.69140228250257e-12,0.000273263441756739,0.0273263441756739,constant,1,901,horizontal,64,assessed,257,0,0.9974418729895,0.00255812701050015
Aio,0,5.86103569109323e-05,0,1.48939220455504e-19,2.54117579729636e-12,2.54117579729636e-10,constant,1,901,horizontal,64,assessed,257,0,0.9974418729895,0.00255812701050015
Amda,0,7.84254806204507e-06,0,1.42453162709128e-16,1.81641427714523e-08,1.81641427714523e-06,constant,1,901,horizontal,64,assessed,257,0,0.9974418729895,0.00255812701050015
Ag_q,7.35899800306968e-14,1.86038204490668e-10,0.000395563804930122,7.83803572801791e-21,0.395561720822258,4.21310967732668e-06,constant,1,901,vertical,9,rejected,257,0.000395563804930122,0.9974418729895,0.00255812701050015
Ag_0,8.68304054727383e-10,2.85674871653756e-08,0.0303948348589717,1.01673914957931e-16,30.3948373540836,0.00035590778709471,constant,1,901,vertical,9,rejected,257,0.0303948348589717,0.9974418729895,0.00255812701050015
Aw_p,4.23622902753836e-08,7.00121522931272e-05,0.000605070532584414,9.69140229290018e-12,0.605208957148868,0.0138424573096764,constant,1,901,vertical,9,rejected,257,0.000565643584767152,0.9974418729895,0.00255812701050015
Aw_m,5.6410631705825e-08,3.54654183520701e-05,0.00159058131348766,9.69140228250257e-12,1.59085457688456,0.0273263441756739,constant,1,901,vertical,9,rejected,257,0.00153147716360418,0.9974418729895,0.00255812701050015
Aio,1.65593037902645e-08,5.86103569109323e-05,0.000282532041485926,1.48939220455504e-19,0.282532041483647,2.54117579729636e-10,constant,1,901,vertical,9,rejected,257,0.000282532041485926,0.9974418729895,0.00255812701050015
Amda,1.18410815356659e-09,7.84254806204507e-06,0.000150985131898295,1.42453162709128e-16,0.150985150043185,1.81641427714523e-06,constant,1,901,vertical,9,rejected,257,0.000150985131898295,0.9974418729895,0.00255812701050015
Ag_q,3.05387383372496e-17,1.86038204490668e-10,1.64153048137924e-07,7.83803572801791e-21,0.000164194296877408,4.21310967732668e-06,constant,1,901,vertical,13,assessed,257,1.64153048137924e-07,0.9974418729895,0.00255812701050015
Ag_0,4.01733496372156e-13,2.85674871653756e-08,1.40626122993088e-05,1.01673914957931e-16,0.0140661708849204,0.00035590778709471,constant,1,901,vertical,13,assessed,257,1.40626122993088e-05,0.9974418729895,0.00255812701050015
Aw_p,5.30835178445494e-09,7.00121522931272e-05,7.58204341759115e-05,9.69140229290018e-12,0.0759588587479253,0.0138424573096764,constant,1,901,vertical,13,assessed,257,8.66791475756399e-07,0.9974418729895,0.00255812701050015
Aw_m,5.3093495286822e-09,3.54654183520701e-05,0.00014970497389811,9.69140228250257e-12,0.149978237335645,0.0273263441756739,constant,1,901,vertical,13,assessed,257,2.35463091664935e-06,0.9974418729895,0.00255812701050015
Aio,2.76384318023952e-11,5.86103569109323e-05,4.71562250412434e-07,1.48939220455504e-19,0.000471562252945564,2.54117579729636e-10,constant,1,901,vertical,13,assessed,257,4.71562250412434e-07,0.9974418729895,0.00255812701050015
Amda,6.51818335178059e-13,7.84254806204507e-06,8.31130813635188e-08,1.42453162709128e-16,8.31312454956926e-05,1.81641427714523e-06,constant,1,901,vertical,13,assessed,257,8.31130813635188e-08,0.9974418729895,0.00255812701050015
Ag_q,1.36313534001642e-21,1.86038204490668e-10,7.32717961747903e-12,7.83803572801791e-21,4.94582370056085e-08,4.21310967732668e-06,constant,1,901,vertical,17,assessed,257,7.32717961747903e-12,0.9974418729895,0.00255812701050015
Ag_0,1.32058422793232e-16,2.85674871653756e-08,4.62268249316972e-09,1.01673914957931e-16,8.18176020230061e-06,0.00035590778709471,constant,1,901,vertical,17,assessed,257,4.62268249316972e-09,0.9974418729895,0.00255812701050015
Aw_p,2.2846781926124e-09,7.00121522931272e-05,3.26325947393661e-05,9.69140229290018e-12,0.0327710193119968,0.0138424573096764,constant,1,901,vertical,17,assessed,257,5.65194617489287e-10,0.9974418729895,0.00255812701050015
Aw_m,2.28467912995132e-09,3.54654183520701e-05,6.44199120188289e-05,9.69140228250257e-12,0.0646931754587692,0.0273263441756739,constant,1,901,vertical,17,assessed,257,1.52600702255361e-09,0.9974418729895,0.00255812701050015
Aio,1.82851827669502e-14,5.86103569109323e-05,3.11978696781141e-10,1.48939220455504e-19,3.11981237951615e-07,2.54117579729636e-10,constant,1,901,vertical,17,assessed,257,3.11978696781141e-10,0.9974418729895,0.00255812701050015
Amda,1.24734982956631e-15,7.84254806204507e-06,1.59049051366737e-10,1.42453162709128e-16,1.77213194117909e-07,1.81641427714523e-06,constant,1,901,vertical,17,assessed,257,1.59049051366737e-10,0.9974418729895,0.00255812701050015
Ag_q,3.4208872545968e-21,1.86038204490668e-10,1.83880900375406e-11,7.83803572801791e-21,6.05190879709415e-08,4.21310967732668e-06,constant,1,901,vertical,25,assessed,257,1.83880900375406e-11,0.9974418729895,0.00255812701050015
Ag_0,4.08005719892324e-17,2.85674871653756e-08,1.4282170410383e-09,1.01673914957931e-16,4.98729486199091e-06,0.00035590778709471,constant,1,901,vertical,25,assessed,257,1.4282170410383e-09,0.9974418729895,0.00255812701050015
Aw_p,1.18167457939621e-09,7.00121522931272e-05,1.68781353049791e-05,9.69140229290018e-12,0.0170165598778348,0.0138424573096764,constant,1,901,vertical,25,assessed,257,5.00273296683218e-15,0.9974418729895,0.00255812701050015
Aw_m,1.18167457938257e-09,3.54654183520701e-05,3.33190650016283e-05,9.69140228250257e-12,0.0335923284424455,0.0273263441756739,constant,1,901,vertical,25,assessed,257,8.78225200938693e-15,0.9974418729895,0.00255812701050015
Aio,1.39381341047013e-19,5.86103569109323e-05,2.37810087488163e-15,1.48939220455504e-19,4.91927667213742e-12,2.54117579729636e-10,constant,1,901,vertical,25,assessed,257,2.37810087488163e-15,0.9974418729895,0.00255812701050015
Amda,7.70646164552137e-17,7.84254806204507e-06,9.82647678350572e-12,1.42453162709128e-16,2.79906195537051e-08,1.81641427714523e-06,constant,1,901,vertical,25,assessed,257,9.82647678350572e-12,0.9974418729895,0.00255812701050015
Ag_q,3.4157863902763e-21,1.86038204490668e-10,1.83606716675641e-11,7.83803572801791e-21,6.04916697483444e-08,4.21310967732668e-06,constant,1,901,vertical,33,assessed,257,1.83606716675641e-11,0.9974418729895,0.00255812701050015
Ag_0,4.07394702102043e-17,2.85674871653756e-08,1.42607818371864e-09,1.01673914957931e-16,4.98515600474611e-06,0.00035590778709471,constant,1,901,vertical,33,assessed,257,1.42607818371864e-09,0.9974418729895,0.00255812701050015
Aw_p,1.47469785434899e-09,7.00121522931272e-05,2.10634555009067e-05,9.69140229290018e-12,0.0212018800737026,0.0138424573096764,constant,1,901,vertical,33,assessed,257,8.30174590134826e-15,0.9974418729895,0.00255812701050015
Aw_m,1.47469785432599e-09,3.54654183520701e-05,4.15812902497431e-05,9.69140228250257e-12,0.0418545536903274,0.0273263441756739,constant,1,901,vertical,33,assessed,257,9.53263655397445e-15,0.9974418729895,0.00255812701050015
Aio,1.50651014157004e-19,5.86103569109323e-05,2.57038213205121e-15,1.48939220455504e-19,5.11155792930371e-12,2.54117579729636e-10,constant,1,901,vertical,33,assessed,257,2.57038213205121e-15,0.9974418729895,0.00255812701050015
Amda,7.69411972265418e-17,7.84254806204507e-06,9.81073964964367e-12,1.42453162709128e-16,2.7974882419845e-08,1.81641427714523e-06,constant,1,901,vertical,33,assessed,257,9.81073964964367e-12,0.9974418729895,0.00255812701050015
Ag_q,3.42824922049056e-21,1.86038204490668e-10,1.84276623711584e-11,7.83803572801791e-21,6.05586600918496e-08,4.21310967732668e-06,constant,1,901,vertical,49,assessed,257,1.84276623711584e-11,0.9974418729895,0.00255812701050015
Ag_0,4.08793768231677e-17,2.85674871653756e-08,1.4309755907658e-09,1.01673914957931e-16,4.99005341162184e-06,0.00035590778709471,constant,1,901,vertical,49,assessed,257,1.4309755907658e-09,0.9974418729895,0.00255812701050015
Aw_p,6.51098981553657e-10,7.00121522931272e-05,9.2997995380521e-06,9.69140229290018e-12,0.00943822411101603,0.0138424573096764,constant,1,901,vertical,49,assessed,257,4.59095225303901e-15,0.9974418729895,0.00255812701050015
Aw_m,6.5109898158078e-10,3.54654183520701e-05,1.83587001601738e-05,9.69140228250257e-12,0.0186319636014129,0.0273263441756739,constant,1,901,vertical,49,assessed,257,9.02451005202348e-15,0.9974418729895,0.00255812701050015
Aio,7.84053772451626e-20,5.86103569109323e-05,1.33773929007653e-15,1.48939220455504e-19,3.87891508735007e-12,2.54117579729636e-10,constant,1,901,vertical,49,assessed,257,1.33773929007653e-15,0.9974418729895,0.00255812701050015
Amda,7.74546436502783e-17,7.84254806204507e-06,9.87620898686348e-12,1.42453162709128e-16,2.80403517570565e-08,1.81641427714523e-06,constant,1,901,vertical,49,assessed,257,9.87620898686348e-12,0.9974418729895,0.00255812701050015
Ag_q,3.39405310587467e-21,1.86038204490668e-10,1.82438500477192e-11,7.83803572801791e-21,6.03748487564404e-08,4.21310967732668e-06,constant,1,901,vertical,65,assessed,257,1.82438500477192e-11,0.9974418729895,0.00255812701050015
Ag_0,4.04674919665888e-17,2.85674871653756e-08,1.41655763183947e-09,1.01673914957931e-16,4.97563545320021e-06,0.00035590778709471,constant,1,901,vertical,65,assessed,257,1.41655763183947e-09,0.9974418729895,0.00255812701050015
Aw_p,4.92863182617049e-10,7.00121522931272e-05,7.0396804908029e-06,9.69140229290018e-12,0.00717810506379912,0.0138424573096764,constant,1,901,vertical,65,assessed,257,6.48839314171368e-15,0.9974418729895,0.00255812701050015
Aw_m,4.92863182596068e-10,3.54654183520701e-05,1.38970074370291e-05,9.69140228250257e-12,0.014170270878394,0.0273263441756739,constant,1,901,vertical,65,assessed,257,7.89666731461948e-15,0.9974418729895,0.00255812701050015
Aio,1.12711350761303e-19,5.86103569109323e-05,1.9230620098865e-15,1.48939220455504e-19,4.46423780715005e-12,2.54117579729636e-10,constant,1,901,vertical,65,assessed,257,1.9230620098865e-15,0.9974418729895,0.00255812701050015
Amda,7.74647117769774e-17,7.84254806204507e-06,9.87749276945804e-12,1.42453162709128e-16,2.80416355396509e-08,1.81641427714523e-06,constant,1,901,vertical,65,assessed,257,9.87749276945804e-12,0.9974418729895,0.00255812701050015
Ag_q,3.44236386171528e-21,1.86038204490668e-10,1.85035319553836e-11,7.83803572801791e-21,6.06345292682598e-08,4.21310967732668e-06,constant,1,901,vertical,97,assessed,257,1.85035319553836e-11,0.9974418729895,0.00255812701050015
Ag_0,4.11096199002515e-17,2.85674871653756e-08,1.43903521028189e-09,1.01673914957931e-16,4.99811303085581e-06,0.00035590778709471,constant,1,901,vertical,97,assessed,257,1.43903521028189e-09,0.9974418729895,0.00255812701050015
Aw_p,1.95197638441274e-10,7.00121522931272e-05,2.7880536742253e-06,9.69140229290018e-12,0.00292647824728224,0.0138424573096764,constant,1,901,vertical,97,assessed,257,8.84303938588842e-15,0.9974418729895,0.00255812701050015
Aw_m,1.95197638453251e-10,3.54654183520701e-05,5.5038865329459e-06,9.69140228250257e-12,0.00577714997454745,0.0273263441756739,constant,1,901,vertical,97,assessed,257,1.39539625180719e-14,0.9974418729895,0.00255812701050015
Aio,8.12517992688455e-20,5.86103569109323e-05,1.38630446138249e-15,1.48939220455504e-19,3.9274802586552e-12,2.54117579729636e-10,constant,1,901,vertical,97,assessed,257,1.38630446138249e-15,0.9974418729895,0.00255812701050015
Amda,7.92304677209639e-17,7.84254806204507e-06,1.01026435661146e-11,1.42453162709128e-16,2.82667863362787e-08,1.81641427714523e-06,constant,1,901,vertical,97,assessed,257,1.01026435661146e-11,0.9974418729895,0.00255812701050015
Ag_q,3.39462439037711e-21,1.86038204490668e-10,1.82469208390333e-11,7.83803572801791e-21,6.03779195312484e-08,4.21310967732668e-06,constant,1,901,vertical,129,assessed,257,1.82469208390333e-11,0.9974418729895,0.00255812701050015
Ag_0,4.05757710890963e-17,2.85674871653756e-08,1.42034792399505e-09,1.01673914957931e-16,4.97942574522311e-06,0.00035590778709471,constant,1,901,vertical,129,assessed,257,1.42034792399505e-09,0.9974418729895,0.00255812701050015
Aw_p,8.45744848967236e-11,7.00121522931272e-05,1.20799721372122e-06,9.69140229290018e-12,0.00134642178680073,0.0138424573096764,constant,1,901,vertical,129,assessed,257,6.17608632445313e-15,0.9974418729895,0.00255812701050015
Aw_m,8.45744848903491e-11,3.54654183520701e-05,2.38470286888389e-06,9.69140228250257e-12,0.00265796631057339,0.0273263441756739,constant,1,901,vertical,129,assessed,257,1.40971993755117e-14,0.9974418729895,0.00255812701050015
Aio,1.14080926649545e-19,5.86103569109323e-05,1.94642948212905e-15,1.48939220455504e-19,4.4876052793922e-12,2.54117579729636e-10,constant,1,901,vertical,129,assessed,257,1.94642948212905e-15,0.9974418729895,0.00255812701050015
Amda,7.7271766942403e-17,7.84254806204507e-06,9.85289045487254e-12,1.42453162709128e-16,2.80170332250685e-08,1.81641427714523e-06,constant,1,901,vertical,129,assessed,257,9.85289045487254e-12,0.9974418729895,0.00255812701050015
Ag_q,3.74055395010066e-21,1.86038204490668e-10,2.01063752487908e-11,7.83803572801791e-21,6.22373639460459e-08,4.21310967732668e-06,constant,1,901,vertical,193,assessed,257,2.01063752487908e-11,0.9974418729895,0.00255812701050015
Ag_0,4.46174980190405e-17,2.85674871653756e-08,1.56182788359201e-09,1.01673914957931e-16,5.12090569986759e-06,0.00035590778709471,constant,1,901,vertical,193,assessed,257,1.56182788359201e-09,0.9974418729895,0.00255812701050015
Aw_p,1.63067279254749e-11,7.00121522931272e-05,2.32912821437081e-07,9.69140229290018e-12,0.000371337394530518,0.0138424573096764,constant,1,901,vertical,193,assessed,257,4.07721332454125e-15,0.9974418729895,0.00255812701050015
Aw_m,1.63067279165784e-11,3.54654183520701e-05,4.59792346299125e-07,9.69140228250257e-12,0.0007330557880429,0.0273263441756739,constant,1,901,vertical,193,assessed,257,8.54915896576106e-15,0.9974418729895,0.00255812701050015
Aio,2.29355893117128e-20,5.86103569109323e-05,3.91323146974981e-16,1.48939220455504e-19,2.93249894426467e-12,2.54117579729636e-10,constant,1,901,vertical,193,assessed,257,3.91323146974981e-16,0.9974418729895,0.00255812701050015
Amda,7.70355816832279e-17,7.84254806204507e-06,9.82277457195966e-12,1.42453162709128e-16,2.79869173421595e-08,1.81641427714523e-06,constant,1,901,vertical,193,assessed,257,9.82277457195966e-12,0.9974418729895,0.00255812701050015
Ag_q,0,1.86038204490668e-10,0,7.83803572801791e-21,4.21310967732668e-08,4.21310967732668e-06,constant,1,901,vertical,257,assessed,257,0,0.9974418729895,0.00255812701050015
Ag_0,0,2.85674871653756e-08,0,1.01673914957931e-16,3.5590778709471e-06,0.00035590778709471,constant,1,901,vertical,257,assessed,257,0,0.9974418729895,0.00255812701050015
Aw_p,0,7.00121522931272e-05,0,9.69140229290018e-12,0.000138424573096764,0.0138424573096764,constant,1,901,vertical,257,assessed,257,0,0.9974418729895,0.00255812701050015
Aw_m,0,3.54654183520701e-05,0,9.69140228250257e-12,0.000273263441756739,0.0273263441756739,constant,1,901,vertical,257,assessed,257,0,0.9974418729895,0.00255812701050015
Aio,0,5.86103569109323e-05,0,1.48939220455504e-19,2.54117579729636e-12,2.54117579729636e-10,constant,1,901,vertical,257,assessed,257,0,0.9974418729895,0.00255812701050015
Amda,0,7.84254806204507e-06,0,1.42453162709128e-16,1.81641427714523e-08,1.81641427714523e-06,constant,1,901,vertical,257,assessed,257,0,0.9974418729895,0.00255812701050015
Ag_q,1.0600497198772e-26,4.10297183730787e-14,2.58361441879344e-13,2.34885984023026e-24,5.61379050053388e-08,5.5885690676785e-06,exponential,0.01,327,horizontal,8,assessed,513,2.58361441879344e-13,0.999972891887064,2.71081129356212e-05
Ag_0,2.30144390491334e-22,1.42834663228379e-11,1.61126427779897e-11,3.62801346238748e-20,2.55594281152763e-06,0.000253983129673317,exponential,0.01,327,horizontal,8,assessed,513,1.61126427779897e-11,0.999972891887064,2.71081129356212e-05
Aw_p,3.10427453425572e-14,1.90150733365513e-08,1.63253355867347e-06,3.98876948984658e-14,0.00373022155925409,0.209768808643532,exponential,0.01,327,horizontal,8,assessed,513,3.17727519836598e-15,0.999972891887064,2.71081129356212e-05
Aw_m,3.10427453424802e-14,1.19362601386212e-08,2.60070951721616e-06,3.98876948990421e-14,0.00594243368319232,0.334172438385925,exponential,0.01,327,horizontal,8,assessed,513,6.5059389298809e-15,0.999972891887064,2.71081129356212e-05
Aio,8.96940671647956e-24,1.81032914314043e-08,4.95457234971098e-16,1.77891463984943e-22,1.03219274289172e-11,9.82647022131448e-10,exponential,0.01,327,horizontal,8,assessed,513,4.95457234971098e-16,0.999972891887064,2.71081129356212e-05
Amda,7.95751242429716e-22,1.75967967059638e-09,4.52213693052455e-13,8.82418983466194e-20,5.05987541244475e-08,5.01465406883812e-06,exponential,0.01,327,horizontal,8,assessed,513,4.52213693052455e-13,0.999972891887064,2.71081129356212e-05
Ag_q,1.50182143530961e-26,4.10297183730787e-14,3.66032596581268e-13,2.34885984023026e-24,5.62430143737888e-08,5.5885690676785e-06,exponential,0.01,327,horizontal,12,assessed,513,3.66032596581268e-13,0.999971908084174,2.80919158256622e-05
Ag_0,2.77892602590981e-22,1.42834663228379e-11,1.945554365516e-11,3.62801346238748e-20,2.55928547838129e-06,0.000253983129673317,exponential,0.01,327,horizontal,12,assessed,513,1.945554365516e-11,0.999971908084174,2.80919158256622e-05
Aw_p,1.21672589459934e-14,1.90150733365513e-08,6.3987441597741e-07,3.98876948984658e-14,0.00273756246876183,0.209768808643532,exponential,0.01,327,horizontal,12,assessed,513,5.48181258585174e-16,0.999971908084174,2.80919158256622e-05
Aw_m,1.21672589460003e-14,1.19362601386212e-08,1.01935269545874e-06,3.98876948990421e-14,0.00436107699391832,0.334172438385925,exponential,0.01,327,horizontal,12,assessed,513,7.17071584333028e-16,0.999971908084174,2.80919158256622e-05
Aio,8.16257411772108e-24,1.81032914314043e-08,4.50888952909481e-16,1.77891463984943e-22,1.02773591493175e-11,9.82647022131448e-10,exponential,0.01,327,horizontal,12,assessed,513,4.50888952909481e-16,0.999971908084174,2.80919158256622e-05
Amda,2.27075108895283e-22,1.75967967059638e-09,1.2904343483057e-13,8.82418983466194e-20,5.02755840498784e-08,5.01465406883812e-06,exponential,0.01,327,horizontal,12,assessed,513,1.2904343483057e-13,0.999971908084174,2.80919158256622e-05
Ag_q,6.0810331799798e-27,4.10297183730787e-14,1.48210453815101e-13,2.34885984023026e-24,5.60303748054294e-08,5.5885690676785e-06,exponential,0.01,327,horizontal,16,assessed,513,1.48210453815101e-13,0.999971949909256,2.80500907442885e-05
Ag_0,1.50827773330149e-22,1.42834663228379e-11,1.05596057652329e-11,3.62801346238748e-20,2.55039016326142e-06,0.000253983129673317,exponential,0.01,327,horizontal,16,assessed,513,1.05596057652329e-11,0.999971949909256,2.80500907442885e-05
Aw_p,3.79390289775289e-15,1.90150733365513e-08,1.99520813336025e-07,3.98876948984658e-14,0.00229720888927858,0.209768808643532,exponential,0.01,327,horizontal,16,assessed,513,4.06213932601897e-16,0.999971949909256,2.80500907442885e-05
Aw_m,3.7939028977466e-15,1.19362601386212e-08,3.17846867753071e-07,3.98876948990421e-14,0.00365957122498364,0.334172438385925,exponential,0.01,327,horizontal,16,assessed,513,5.06731856285109e-16,0.999971949909256,2.80500907442885e-05
Aio,8.19404847617849e-24,1.81032914314043e-08,4.52627551582361e-16,1.77891463984943e-22,1.02790977478943e-11,9.82647022131448e-10,exponential,0.01,327,horizontal,16,assessed,513,4.52627551582361e-16,0.999971949909256,2.80500907442885e-05
Amda,1.11139443871547e-21,1.75967967059638e-09,6.31589065490992e-13,8.82418983466194e-20,5.07781293949497e-08,5.01465406883812e-06,exponential,0.01,327,horizontal,16,assessed,513,6.31589065490992e-13,0.999971949909256,2.80500907442885e-05
Ag_q,1.01453682590449e-26,4.10297183730787e-14,2.47268776421866e-13,2.34885984023026e-24,5.6127076264216e-08,5.5885690676785e-06,exponential,0.01,327,horizontal,24,assessed,513,2.47268776421866e-13,0.99997178290057,2.82170994299324e-05
Ag_0,1.76467337304347e-22,1.42834663228379e-11,1.23546577081357e-11,3.62801346238748e-20,2.55218508953971e-06,0.000253983129673317,exponential,0.01,327,horizontal,24,assessed,513,1.23546577081357e-11,0.99997178290057,2.82170994299324e-05
Aw_p,2.03563610353778e-15,1.90150733365513e-08,1.07053812915085e-07,3.98876948984658e-14,0.00220474189372046,0.209768808643532,exponential,0.01,327,horizontal,24,assessed,513,2.9942930613181e-16,0.99997178290057,2.82170994299324e-05
Aw_m,2.0356361035329e-15,1.19362601386212e-08,1.70542203327686e-07,3.98876948990421e-14,0.00351226657289919,0.334172438385925,exponential,0.01,327,horizontal,24,assessed,513,5.12025722557579e-16,0.99997178290057,2.82170994299324e-05
Aio,4.5367180651892e-24,1.81032914314043e-08,2.5060183571476e-16,1.77891463984943e-22,1.00770720431864e-11,9.82647022131448e-10,exponential,0.01,327,horizontal,24,assessed,513,2.5060183571476e-16,0.99997178290057,2.82170994299324e-05
Amda,3.93702423795291e-21,1.75967967059638e-09,2.23735279990966e-12,8.82418983466194e-20,5.2383892216837e-08,5.01465406883812e-06,exponential,0.01,327,horizontal,24,assessed,513,2.23735279990966e-12,0.99997178290057,2.82170994299324e-05
Ag_q,3.79746541729982e-27,4.10297183730787e-14,9.25540210334833e-14,2.34885984023026e-24,5.597604258882e-08,5.5885690676785e-06,exponential,0.01,327,horizontal,32,assessed,513,9.25540210334833e-14,0.999971839957078,2.81600429223301e-05
Ag_0,6.87635646370802e-23,1.42834663228379e-11,4.81420707571058e-12,3.62801346238748e-20,2.54464516678494e-06,0.000253983129673317,exponential,0.01,327,horizontal,32,assessed,513,4.81420707571058e-12,0.999971839957078,2.81600429223301e-05
Aw_p,5.20114685661499e-16,1.90150733365513e-08,2.73527572813364e-08,3.98876948984658e-14,0.00212504084227818,0.209768808643532,exponential,0.01,327,horizontal,32,assessed,513,2.44887361258429e-16,0.999971839957078,2.81600429223301e-05
Aw_m,5.20114685660296e-16,1.19362601386212e-08,4.35743423501136e-08,3.98876948990421e-14,0.00338529872255878,0.334172438385925,exponential,0.01,327,horizontal,32,assessed,513,3.82201253543975e-16,0.999971839957078,2.81600429223301e-05
Aio,9.53508035506448e-24,1.81032914314043e-08,5.26704240010393e-16,1.77891463984943e-22,1.03531744322305e-11,9.82647022131448e-10,exponential,0.01,327,horizontal,32,assessed,513,5.26704240010393e-16,0.999971839957078,2.81600429223301e-05
Amda,6.88615222352853e-22,1.75967967059638e-09,3.91329873191904e-13,8.82418983466194e-20,5.05378703391863e-08,5.01465406883812e-06,exponential,0.01,327,horizontal,32,assessed,513,3.91329873191904e-13,0.999971839957078,2.81600429223301e-05
Ag_q,5.57328443705888e-27,4.10297183730787e-14,1.35835308114514e-13,2.34885984023026e-24,5.60182940977165e-08,5.5885690676785e-06,exponential,0.01,327,horizontal,48,assessed,513,1.35835308114514e-13,0.99997178290057,2.82170994299324e-05
Ag_0,9.95779658619415e-23,1.42834663228379e-11,6.97155463605677e-12,3.62801346238748e-20,2.54680236331777e-06,0.000253983129673317,exponential,0.01,327,horizontal,48,assessed,513,6.97155463605677e-12,0.99997178290057,2.82170994299324e-05
Aw_p,2.00352397021836e-16,1.90150733365513e-08,1.05365040394934e-08,3.98876948984658e-14,0.0021082245899207,0.209768808643532,exponential,0.01,327,horizontal,48,assessed,513,3.39410931392177e-16,0.99997178290057,2.82170994299324e-05
Aw_m,2.00352397026848e-16,1.19362601386212e-08,1.67851902270949e-08,3.98876948990421e-14,0.00335850957268011,0.334172438385925,exponential,0.01,327,horizontal,48,assessed,513,3.66431909053014e-16,0.99997178290057,2.82170994299324e-05
Aio,7.50265630134425e-24,1.81032914314043e-08,4.1443603389874e-16,1.77891463984943e-22,1.02409062323204e-11,9.82647022131448e-10,exponential,0.01,327,horizontal,48,assessed,513,4.1443603389874e-16,0.99997178290057,2.82170994299324e-05
Amda,1.17713196172708e-21,1.75967967059638e-09,6.68946730133067e-13,8.82418983466194e-20,5.08154870383619e-08,5.01465406883812e-06,exponential,0.01,327,horizontal,48,assessed,513,6.68946730133067e-13,0.99997178290057,2.82170994299324e-05
Ag_q,0,4.10297183730787e-14,0,2.34885984023026e-24,5.5885690676785e-08,5.5885690676785e-06,exponential,0.01,327,horizontal,64,assessed,513,0,0.999971779360341,2.82206396592614e-05
Ag_0,0,1.42834663228379e-11,0,3.62801346238748e-20,2.53983129673317e-06,0.000253983129673317,exponential,0.01,327,horizontal,64,assessed,513,0,0.999971779360341,2.82206396592614e-05
Aw_p,0,1.90150733365513e-08,0,3.98876948984658e-14,0.00209768808643532,0.209768808643532,exponential,0.01,327,horizontal,64,assessed,513,0,0.999971779360341,2.82206396592614e-05
Aw_m,0,1.19362601386212e-08,0,3.98876948990421e-14,0.00334172438385925,0.334172438385925,exponential,0.01,327,horizontal,64,assessed,513,0,0.999971779360341,2.82206396592614e-05
Aio,0,1.81032914314043e-08,0,1.77891463984943e-22,9.82647022131448e-12,9.82647022131448e-10,exponential,0.01,327,horizontal,64,assessed,513,0,0.999971779360341,2.82206396592614e-05
Amda,0,1.75967967059638e-09,0,8.82418983466194e-20,5.01465406883812e-08,5.01465406883812e-06,exponential,0.01,327,horizontal,64,assessed,513,0,0.999971779360341,2.82206396592614e-05
Ag_q,3.55241452133671e-17,4.10297183730787e-14,0.000865814990255355,2.34885984023026e-24,0.845214979717334,5.5885690676785e-06,exponential,0.01,327,vertical,9,rejected,513,0.000865814990255355,0.999971779360341,2.82206396592614e-05
Ag_0,4.121905927161e-13,1.42834663228379e-11,0.0288578824915241,3.62801346238748e-20,28.8558648030991,0.000253983129673317,exponential,0.01,327,vertical,9,rejected,513,0.0288578824915241,0.999971779360341,2.82206396592614e-05
Aw_p,1.29652811955566e-10,1.90150733365513e-08,0.00681842292484583,3.98876948984658e-14,6.82052025435239,0.209768808643532,exponential,0.01,327,vertical,9,rejected,513,0.000625241990605682,0.999971779360341,2.82206396592614e-05
Aw_m,1.29706945806398e-10,1.19362601386212e-08,0.0108666319517212,3.98876948990421e-14,10.8699727657168,0.334172438385925,exponential,0.01,327,vertical,9,rejected,513,0.00106231778514437,0.999971779360341,2.82206396592614e-05
Aio,4.97750630501963e-12,1.81032914314043e-08,0.000274950349436733,1.77891463984943e-22,0.274950334258695,9.82647022131448e-10,exponential,0.01,327,vertical,9,rejected,513,0.000274950349436733,0.999971779360341,2.82206396592614e-05
Amda,3.2158131162717e-15,1.75967967059638e-09,1.8274991579472e-06,8.82418983466194e-20,0.00182754826594767,5.01465406883812e-06,exponential,0.01,327,vertical,9,rejected,513,1.8274991579472e-06,0.999971779360341,2.82206396592614e-05
Ag_q,1.58063123342452e-20,4.10297183730787e-14,3.85240575880149e-07,2.34885984023026e-24,0.000376130552523791,5.5885690676785e-06,exponential,0.01,327,vertical,13,rejected,513,3.85240575880149e-07,0.999971779360341,2.82206396592614e-05
Ag_0,1.87849850681579e-16,1.42834663228379e-11,1.31515590428652e-05,3.62801346238748e-20,0.0131531781845999,0.000253983129673317,exponential,0.01,327,vertical,13,rejected,513,1.31515590428652e-05,0.999971779360341,2.82206396592614e-05
Aw_p,5.68533762735274e-11,1.90150733365513e-08,0.00298991096522579,3.98876948984658e-14,2.99200849607324,0.209768808643532,exponential,0.01,327,vertical,13,rejected,513,1.91439637784366e-06,0.999971779360341,2.82206396592614e-05
Aw_m,5.68533929637717e-11,1.19362601386212e-08,0.00476308259903079,3.98876948990421e-14,4.76642392437156,0.334172438385925,exponential,0.01,327,vertical,13,rejected,513,2.17236721053525e-06,0.999971779360341,2.82206396592614e-05
Aio,8.4596796400412e-15,1.81032914314043e-08,4.67300638234544e-07,1.77891463984943e-22,0.000467300622247995,9.82647022131448e-10,exponential,0.01,327,vertical,13,rejected,513,4.67300638234544e-07,0.999971779360341,2.82206396592614e-05
Amda,3.09185340946716e-18,1.75967967059638e-09,1.75705468508327e-09,8.82418983466194e-20,1.80720022726396e-06,5.01465406883812e-06,exponential,0.01,327,vertical,13,rejected,513,1.75705468508327e-09,0.999971779360341,2.82206396592614e-05
Ag_q,2.8208962704285e-24,4.10297183730787e-14,6.8752513599494e-11,2.34885984023026e-24,1.23002397131696e-07,5.5885690676785e-06,exponential,0.01,327,vertical,17,rejected,513,6.8752513599494e-11,0.999971779360341,2.82206396592614e-05
Ag_0,3.64169130962593e-20,1.42834663228379e-11,2.54958511282601e-09,3.62801346238748e-20,5.08923792300916e-06,0.000253983129673317,exponential,0.01,327,vertical,17,rejected,513,2.54958511282601e-09,0.999971779360341,2.82206396592614e-05
Aw_p,3.17705843217513e-11,1.90150733365513e-08,0.00167081050698243,3.98876948984658e-14,1.67290810720118,0.209768808643532,exponential,0.01,327,vertical,17,rejected,513,2.61082908279487e-09,0.999971779360341,2.82206396592614e-05
Aw_m,3.17705843650449e-11,1.19362601386212e-08,0.00266168665864171,3.98876948990421e-14,2.66502816003391,0.334172438385925,exponential,0.01,327,vertical,17,rejected,513,2.60685804040968e-09,0.999971779360341,2.82206396592614e-05
Aio,5.70422384067771e-18,1.81032914314043e-08,3.15093189671709e-10,1.77891463984943e-22,3.15102998736633e-07,9.82647022131448e-10,exponential,0.01,327,vertical,17,rejected,513,3.15093189671709e-10,0.999971779360341,2.82206396592614e-05
Amda,5.17404134248252e-20,1.75967967059638e-09,2.94033137333965e-11,8.82418983466194e-20,7.95498377123178e-08,5.01465406883812e-06,exponential,0.01,327,vertical,17,rejected,513,2.94033137333965e-11,0.999971779360341,2.82206396592614e-05
Ag_q,3.74979939592727e-24,4.10297183730787e-14,9.13922772228355e-11,2.34885984023026e-24,1.45103499909814e-07,5.5885690676785e-06,exponential,0.01,327,vertical,25,rejected,513,9.13922772228355e-11,0.999971779360341,2.82206396592614e-05
Ag_0,4.29534622402318e-20,1.42834663228379e-11,3.00721556444273e-09,3.62801346238748e-20,5.5468363376956e-06,0.000253983129673317,exponential,0.01,327,vertical,25,rejected,513,3.00721556444273e-09,0.999971779360341,2.82206396592614e-05
Aw_p,1.39478330321918e-11,1.90150733365513e-08,0.000733514553708342,3.98876948984658e-14,0.735612203219353,0.209768808643532,exponential,0.01,327,vertical,25,rejected,513,7.89276399257492e-15,0.999971779360341,2.82206396592614e-05
Aw_m,1.39478330321922e-11,1.19362601386212e-08,0.00116852622766341,3.98876948990421e-14,1.17186785415009,0.334172438385925,exponential,0.01,327,vertical,25,rejected,513,1.51382919066533e-14,0.999971779360341,2.82206396592614e-05
Aio,5.50077609334317e-23,1.81032914314043e-08,3.0385502626339e-15,1.77891463984943e-22,1.28650203161032e-11,9.82647022131448e-10,exponential,0.01,327,vertical,25,rejected,513,3.0385502626339e-15,0.999971779360341,2.82206396592614e-05
Amda,5.36864886148296e-20,1.75967967059638e-09,3.05092395575807e-11,8.82418983466194e-20,8.06557629080209e-08,5.01465406883812e-06,exponential,0.01,327,vertical,25,rejected,513,3.05092395575807e-11,0.999971779360341,2.82206396592614e-05
Ag_q,3.75007478056991e-24,4.10297183730787e-14,9.13989890564419e-11,2.34885984023026e-24,1.45110052050854e-07,5.5885690676785e-06,exponential,0.01,327,vertical,33,assessed,513,9.13989890564419e-11,0.999971779360341,2.82206396592614e-05
Ag_0,4.29537609495444e-20,1.42834663228379e-11,3.00723647738542e-09,3.62801346238748e-20,5.54685724917426e-06,0.000253983129673317,exponential,0.01,327,vertical,33,assessed,513,3.00723647738542e-09,0.999971779360341,2.82206396592614e-05
Aw_p,7.72833679164293e-12,1.90150733365513e-08,0.000406432131754511,3.98876948984658e-14,0.40852979846674,0.209768808643532,exponential,0.01,327,vertical,33,assessed,513,9.95553915731727e-15,0.999971779360341,2.82206396592614e-05
Aw_m,7.72833679164328e-12,1.19362601386212e-08,0.000647467188373123,3.98876948990421e-14,0.650808858513264,0.334172438385925,exponential,0.01,327,vertical,33,assessed,513,1.27704047776743e-14,0.999971779360341,2.82206396592614e-05
Aio,2.20027197073296e-23,1.81032914314043e-08,1.21539885664995e-15,1.77891463984943e-22,1.10418690108275e-11,9.82647022131448e-10,exponential,0.01,327,vertical,33,assessed,513,1.21539885664995e-15,0.999971779360341,2.82206396592614e-05
Amda,5.36354052909567e-20,1.75967967059638e-09,3.0480209658147e-11,8.82418983466194e-20,8.06267330250845e-08,5.01465406883812e-06,exponential,0.01,327,vertical,33,assessed,513,3.0480209658147e-11,0.999971779360341,2.82206396592614e-05
Ag_q,3.74788212751318e-24,4.10297183730787e-14,9.13455484493972e-11,2.34885984023026e-24,1.4505788293953e-07,5.5885690676785e-06,exponential,0.01,327,vertical,49,assessed,513,9.13455484493972e-11,0.999971779360341,2.82206396592614e-05
Ag_0,4.29385720400958e-20,1.42834663228379e-11,3.00617308639157e-09,3.62801346238748e-20,5.54579393262428e-06,0.000253983129673317,exponential,0.01,327,vertical,49,assessed,513,3.00617308639157e-09,0.999971779360341,2.82206396592614e-05
Aw_p,3.29215624149188e-12,1.90150733365513e-08,0.000173134028106197,3.98876948984658e-14,0.175231707087539,0.209768808643532,exponential,0.01,327,vertical,49,assessed,513,9.07932016715736e-15,0.999971779360341,2.82206396592614e-05
Aw_m,3.29215624149222e-12,1.19362601386212e-08,0.000275811368322984,3.98876948990421e-14,0.279153069599828,0.334172438385925,exponential,0.01,327,vertical,49,assessed,513,1.71658113150412e-14,0.999971779360341,2.82206396592614e-05
Aio,2.3083741192204e-23,1.81032914314043e-08,1.2751129417361e-15,1.77891463984943e-22,1.11015830926152e-11,9.82647022131448e-10,exponential,0.01,327,vertical,49,assessed,513,1.2751129417361e-15,0.999971779360341,2.82206396592614e-05
Amda,5.37774448952251e-20,1.75967967059638e-09,3.05609286700455e-11,8.82418983466194e-20,8.07074519911116e-08,5.01465406883812e-06,exponential,0.01,327,vertical,49,assessed,513,3.05609286700455e-11,0.999971779360341,2.82206396592614e-05
Ag_q,3.7523680202031e-24,4.10297183730787e-14,9.14548812176392e-11,2.34885984023026e-24,1.45164614387266e-07,5.5885690676785e-06,exponential,0.01,327,vertical,65,assessed,513,9.14548812176392e-11,0.999971779360341,2.82206396592614e-05
Ag_0,4.29747033619594e-20,1.42834663228379e-11,3.00870267697182e-09,3.62801346238748e-20,5.54832334611772e-06,0.000253983129673317,exponential,0.01,327,vertical,65,assessed,513,3.00870267697182e-09,0.999971779360341,2.82206396592614e-05
Aw_p,1.74146462681943e-12,1.90150733365513e-08,9.15833768293668e-05,3.98876948984658e-14,0.0936810600994456,0.209768808643532,exponential,0.01,327,vertical,65,assessed,513,1.13772393750908e-14,0.999971779360341,2.82206396592614e-05
Aw_m,1.74146462681985e-12,1.19362601386212e-08,0.000145897006817497,3.98876948990421e-14,0.149238718978349,0.334172438385925,exponential,0.01,327,vertical,65,assessed,513,1.57658781901294e-14,0.999971779360341,2.82206396592614e-05
Aio,1.90520606011893e-23,1.81032914314043e-08,1.05240865581709e-15,1.77891463984943e-22,1.0878878818998e-11,9.82647022131448e-10,exponential,0.01,327,vertical,65,assessed,513,1.05240865581709e-15,0.999971779360341,2.82206396592614e-05
Amda,5.3961023385531e-20,1.75967967059638e-09,3.06652536181445e-11,8.82418983466194e-20,8.08117768799243e-08,5.01465406883812e-06,exponential,0.01,327,vertical,65,assessed,513,3.06652536181445e-11,0.999971779360341,2.82206396592614e-05
Ag_q,3.75391415539613e-24,4.10297183730787e-14,9.14925645178015e-11,2.34885984023026e-24,1.45201401100403e-07,5.5885690676785e-06,exponential,0.01,327,vertical,97,assessed,513,9.14925645178015e-11,0.999971779360341,2.82206396592614e-05
Ag_0,4.30203345664186e-20,1.42834663228379e-11,3.01189736399162e-09,3.62801346238748e-20,5.55151780948989e-06,0.000253983129673317,exponential,0.01,327,vertical,97,assessed,513,3.01189736399162e-09,0.999971779360341,2.82206396592614e-05
Aw_p,6.37403280152811e-13,1.90150733365513e-08,3.35209477697662e-05,3.98876948984658e-14,0.0356186340933397,0.209768808643532,exponential,0.01,327,vertical,97,assessed,513,7.3772983336293e-15,0.999971779360341,2.82206396592614e-05
Aw_m,6.37403280153443e-13,1.19362601386212e-08,5.3400585505928e-05,3.98876948990421e-14,0.0567423054159755,0.334172438385925,exponential,0.01,327,vertical,97,assessed,513,1.36615768295682e-14,0.999971779360341,2.82206396592614e-05
Aio,5.16944033044539e-23,1.81032914314043e-08,2.85552511267526e-15,1.77891463984943e-22,1.26819951762546e-11,9.82647022131448e-10,exponential,0.01,327,vertical,97,assessed,513,2.85552511267526e-15,0.999971779360341,2.82206396592614e-05
Amda,5.34497960745679e-20,1.75967967059638e-09,3.037473067837e-11,8.82418983466194e-20,8.05212541052496e-08,5.01465406883812e-06,exponential,0.01,327,vertical,97,assessed,513,3.037473067837e-11,0.999971779360341,2.82206396592614e-05
Ag_q,3.66565137870512e-24,4.10297183730787e-14,8.93413731328535e-11,2.34885984023026e-24,1.43101392342135e-07,5.5885690676785e-06,exponential,0.01,327,vertical,129,assessed,513,8.93413731328535e-11,0.999971779360341,2.82206396592614e-05
Ag_0,4.2217238310784e-20,1.42834663228379e-11,2.95567177858519e-09,3.62801346238748e-20,5.49529616021829e-06,0.000253983129673317,exponential,0.01,327,vertical,129,assessed,513,2.95567177858519e-09,0.999971779360341,2.82206396592614e-05
Aw_p,2.59210827087673e-13,1.90150733365513e-08,1.36318604982401e-05,3.98876948984658e-14,0.0157295478677779,0.209768808643532,exponential,0.01,327,vertical,129,assessed,513,9.45947986310793e-15,0.999971779360341,2.82206396592614e-05
Aw_m,2.59210827087789e-13,1.19362601386212e-08,2.1716251495649e-05,3.98876948990421e-14,0.025057974060157,0.334172438385925,exponential,0.01,327,vertical,129,assessed,513,1.29388204282705e-14,0.999971779360341,2.82206396592614e-05
Aio,4.07340472774582e-23,1.81032914314043e-08,2.25009067725638e-15,1.77891463984943e-22,1.20765607742791e-11,9.82647022131448e-10,exponential,0.01,327,vertical,129,assessed,513,2.25009067725638e-15,0.999971779360341,2.82206396592614e-05
Amda,5.30570712680954e-20,1.75967967059638e-09,3.01515509638829e-11,8.82418983466194e-20,8.02980745175922e-08,5.01465406883812e-06,exponential,0.01,327,vertical,129,assessed,513,3.01515509638829e-11,0.999971779360341,2.82206396592614e-05
Ag_q,3.70440049117624e-24,4.10297183730787e-14,9.02857888882527e-11,2.34885984023026e-24,1.44023337907584e-07,5.5885690676785e-06,exponential,0.01,327,vertical,193,assessed,513,9.02857888882527e-11,0.999971779360341,2.82206396592614e-05
Ag_0,4.24357780990046e-20,1.42834663228379e-11,2.9709719713592e-09,3.62801346238748e-20,5.51059528188524e-06,0.000253983129673317,exponential,0.01,327,vertical,193,assessed,513,2.9709719713592e-09,0.999971779360341,2.82206396592614e-05
Aw_p,9.52722524779082e-14,1.90150733365513e-08,5.0103541959406e-06,3.98876948984658e-14,0.00710804201888213,0.209768808643532,exponential,0.01,327,vertical,193,assessed,513,7.7366502752094e-15,0.999971779360341,2.82206396592614e-05
Aw_m,9.52722524777475e-14,1.19362601386212e-08,7.98175067997073e-06,3.98876948990421e-14,0.0113234743951322,0.334172438385925,exponential,0.01,327,vertical,193,assessed,513,8.11649825899679e-15,0.999971779360341,2.82206396592614e-05
Aio,3.42736807806612e-23,1.81032914314043e-08,1.89322924566113e-15,1.77891463984943e-22,1.17196993623963e-11,9.82647022131448e-10,exponential,0.01,327,vertical,193,assessed,513,1.89322924566113e-15,0.999971779360341,2.82206396592614e-05
Amda,5.44865429527011e-20,1.75967967059638e-09,3.09638986362983e-11,8.82418983466194e-20,8.11104217283627e-08,5.01465406883812e-06,exponential,0.01,327,vertical,193,assessed,513,3.09638986362983e-11,0.999971779360341,2.82206396592614e-05
Ag_q,4.29618531578661e-24,4.10297183730787e-14,1.04709110521351e-10,2.34885984023026e-24,1.58103489940899e-07,5.5885690676785e-06,exponential,0.01,327,vertical,257,assessed,513,1.04709110521351e-10,0.999971779360341,2.82206396592614e-05
Ag_0,4.80228196223895e-20,1.42834663228379e-11,3.36212642904513e-09,3.62801346238748e-20,5.90172235636701e-06,0.000253983129673317,exponential,0.01,327,vertical,257,assessed,513,3.36212642904513e-09,0.999971779360341,2.82206396592614e-05
Aw_p,1.43801671895601e-13,1.90150733365513e-08,7.56250945502175e-06,3.98876948984658e-14,0.00966019714374579,0.209768808643532,exponential,0.01,327,vertical,257,assessed,513,7.9835989999395e-15,0.999971779360341,2.82206396592614e-05
Aw_m,1.43801671894829e-13,1.19362601386212e-08,1.20474646350527e-05,3.98876948990421e-14,0.0153891880095955,0.334172438385925,exponential,0.01,327,vertical,257,assessed,513,1.7975413543831e-14,0.999971779360341,2.82206396592614e-05
Aio,3.96751016556861e-23,1.81032914314043e-08,2.19159603136369e-15,1.77891463984943e-22,1.20180661316175e-11,9.82647022131448e-10,exponential,0.01,327,vertical,257,assessed,513,2.19159603136369e-15,0.999971779360341,2.82206396592614e-05
Amda,5.517205289506e-20,1.75967967059638e-09,3.13534638246752e-11,8.82418983466194e-20,8.14999866953556e-08,5.01465406883812e-06,exponential,0.01,327,vertical,257,assessed,513,3.13534638246752e-11,0.999971779360341,2.82206396592614e-05
Ag_q,2.3185250741591e-26,3.54671796100836e-14,6.53710021391138e-13,5.52413285776501e-23,1.51545895293505e-06,0.00015148231688961,exponential,0.01,901,horizontal,8,assessed,1025,6.53710021391138e-13,0.999974567619703,2.54323802971174e-05
Ag_0,4.01400755521232e-22,9.83206202750675e-12,4.08256939793758e-11,6.01042815099785e-19,6.11655061437467e-05,0.00611246846016473,exponential,0.01,901,horizontal,8,assessed,1025,4.08256939793758e-11,0.999974567619703,2.54323802971174e-05
Aw_p,1.01085241608243e-14,6.30303960021939e-09,1.60375387146107e-06,9.28079198957715e-15,0.00307618455602627,0.14724309390065,exponential,0.01,901,horizontal,8,assessed,1025,7.31184293001113e-15,0.999974567619703,2.54323802971174e-05
Aw_m,1.0108524160738e-14,2.70952058430565e-09,3.73074270750684e-06,9.28079198968406e-15,0.00715599250536725,0.342525117476131,exponential,0.01,901,horizontal,8,assessed,1025,1.83723239983719e-14,0.999974567619703,2.54323802971174e-05
Aio,5.64466280598151e-24,1.78520744380783e-08,3.16190862051388e-16,3.19430215371212e-22,1.82093605477272e-11,1.78931697033876e-09,exponential,0.01,901,horizontal,8,assessed,1025,3.16190862051388e-16,0.999974567619703,2.54323802971174e-05
Amda,8.15909872996421e-21,8.75723983801784e-10,9.31697530372879e-12,5.87442074281656e-19,6.8012353653077e-07,6.70806571866198e-05,exponential,0.01,901,horizontal,8,assessed,1025,9.31697530372879e-12,0.999974567619703,2.54323802971174e-05
Ag_q,6.07019691599823e-26,3.54671796100836e-14,1.71149693399146e-12,5.52413285776501e-23,1.51648773330193e-06,0.00015148231688961,exponential,0.01,901,horizontal,12,assessed,1025,1.71149693399146e-12,0.999974715182808,2.52848171923998e-05
Ag_0,8.25129803022466e-22,9.83206202750675e-12,8.39223553222137e-11,6.01042815099785e-19,6.12085984222573e-05,0.00611246846016473,exponential,0.01,901,horizontal,12,assessed,1025,8.39223553222137e-11,0.999974715182808,2.52848171923998e-05
Aw_p,4.68924119479409e-15,6.30303960021939e-09,7.4396505372279e-07,9.28079198957715e-15,0.00221639587469657,0.14724309390065,exponential,0.01,901,horizontal,12,assessed,1025,4.3065700043796e-15,0.999974715182808,2.52848171923998e-05
Aw_m,4.68924119479956e-15,2.70952058430565e-09,1.7306534676138e-06,9.28079198968406e-15,0.00515590400364484,0.342525117476131,exponential,0.01,901,horizontal,12,assessed,1025,9.19656978636111e-15,0.999974715182808,2.52848171923998e-05
Aio,2.02260986805271e-23,1.78520744380783e-08,1.13298310236625e-15,3.19430215371212e-22,1.90261527422888e-11,1.78931697033876e-09,exponential,0.01,901,horizontal,12,assessed,1025,1.13298310236625e-15,0.999974715182808,2.52848171923998e-05
Amda,1.24226773194834e-20,8.75723983801784e-10,1.41856081930665e-11,5.87442074281656e-19,6.84992163860562e-07,6.70806571866198e-05,exponential,0.01,901,horizontal,12,assessed,1025,1.41856081930665e-11,0.999974715182808,2.52848171923998e-05
Ag_q,2.02125830094706e-26,3.54671796100836e-14,5.69895414061175e-13,5.52413285776501e-23,1.51537743668499e-06,0.00015148231688961,exponential,0.01,901,horizontal,16,assessed,1025,5.69895414061175e-13,0.999974567619703,2.54323802971174e-05
Ag_0,2.62990701724676e-22,9.83206202750675e-12,2.67482752843624e-11,6.01042815099785e-19,6.1151430156693e-05,0.00611246846016473,exponential,0.01,901,horizontal,16,assessed,1025,2.67482752843624e-11,0.999974567619703,2.54323802971174e-05
Aw_p,1.76751811271769e-15,6.30303960021939e-09,2.80423133095368e-07,9.28079198957715e-15,0.00175285402761174,0.14724309390065,exponential,0.01,901,horizontal,16,assessed,1025,2.74596110989575e-15,0.999974567619703,2.54323802971174e-05
Aw_m,1.76751811272548e-15,2.70952058430565e-09,6.52336108078848e-07,9.28079198968406e-15,0.00407758704208322,0.342525117476131,exponential,0.01,901,horizontal,16,assessed,1025,6.11468914479455e-15,0.999974567619703,2.54323802971174e-05
Aio,7.69878221009754e-24,1.78520744380783e-08,4.3125420728003e-16,3.19430215371212e-22,1.83244238865105e-11,1.78931697033876e-09,exponential,0.01,901,horizontal,16,assessed,1025,4.3125420728003e-16,0.999974567619703,2.54323802971174e-05
Amda,4.43069208354734e-21,8.75723983801784e-10,5.05946184585737e-12,5.87442074281656e-19,6.758660279346e-07,6.70806571866198e-05,exponential,0.01,901,horizontal,16,assessed,1025,5.05946184585737e-12,0.999974567619703,2.54323802971174e-05
Ag_q,2.67641005561454e-26,3.54671796100836e-14,7.54615981602782e-13,5.52413285776501e-23,1.51555709186032e-06,0.00015148231688961,exponential,0.01,901,horizontal,24,assessed,1025,7.54615981602782e-13,0.999974567619703,2.54323802971174e-05
Ag_0,5.0717214318458e-22,9.83206202750675e-12,5.15834971103402e-11,6.01042815099785e-19,6.11762628528336e-05,0.00611246846016473,exponential,0.01,901,horizontal,24,assessed,1025,5.15834971103402e-11,0.999974567619703,2.54323802971174e-05
Aw_p,6.7646732817891e-16,6.30303960021939e-09,1.07323985106386e-07,9.28079198957715e-15,0.00157975490708556,0.14724309390065,exponential,0.01,901,horizontal,24,assessed,1025,3.13807640937234e-15,0.999974567619703,2.54323802971174e-05
Aw_m,6.76467328162458e-16,2.70952058430565e-09,2.49663107223011e-07,9.28079198968406e-15,0.00367491418984144,0.342525117476131,exponential,0.01,901,horizontal,24,assessed,1025,7.31642681854363e-15,0.999974567619703,2.54323802971174e-05
Aio,1.80113728158039e-23,1.78520744380783e-08,1.00892324184947e-15,3.19430215371212e-22,1.89020928887213e-11,1.78931697033876e-09,exponential,0.01,901,horizontal,24,assessed,1025,1.00892324184947e-15,0.999974567619703,2.54323802971174e-05
Amda,2.65061990021804e-21,8.75723983801784e-10,3.02677550146668e-12,5.87442074281656e-19,6.73833343911357e-07,6.70806571866198e-05,exponential,0.01,901,horizontal,24,assessed,1025,3.02677550146668e-12,0.999974567619703,2.54323802971174e-05
Ag_q,1.08380336220829e-26,3.54671796100836e-14,3.05579235260126e-13,5.52413285776501e-23,1.51512036856271e-06,0.00015148231688961,exponential,0.01,901,horizontal,32,assessed,1025,3.05579235260126e-13,0.999974545053163,2.54549468371951e-05
Ag_0,1.6986057777057e-22,9.83206202750675e-12,1.72761906195627e-11,6.01042815099785e-19,6.11419590353177e-05,0.00611246846016473,exponential,0.01,901,horizontal,32,assessed,1025,1.72761906195627e-11,0.999974545053163,2.54549468371951e-05
Aw_p,1.54009973697346e-16,6.30303960021939e-09,2.44342386317842e-08,9.28079198957715e-15,0.00149686517376171,0.14724309390065,exponential,0.01,901,horizontal,32,assessed,1025,2.59323096480181e-15,0.999974545053163,2.54549468371951e-05
Aw_m,1.54009973691177e-16,2.70952058430565e-09,5.68403039944588e-08,9.28079198968406e-15,0.00348209145777778,0.342525117476131,exponential,0.01,901,horizontal,32,assessed,1025,5.7392377857448e-15,0.999974545053163,2.54549468371951e-05
Aio,1.20172725300003e-23,1.78520744380783e-08,6.73158325195397e-16,3.19430215371212e-22,1.85663279908754e-11,1.78931697033876e-09,exponential,0.01,901,horizontal,32,assessed,1025,6.73158325195397e-16,0.999974545053163,2.54549468371951e-05
Amda,3.23387927344333e-21,8.75723983801784e-10,3.69280656149678e-12,5.87442074281656e-19,6.74499374210838e-07,6.70806571866198e-05,exponential,0.01,901,horizontal,32,assessed,1025,3.69280656149678e-12,0.999974545053163,2.54549468371951e-05
Ag_q,3.68710493003653e-26,3.54671796100836e-14,1.03958221955384e-12,5.52413285776501e-23,1.51583424377753e-06,0.00015148231688961,exponential,0.01,901,horizontal,48,assessed,1025,1.03958221955384e-12,0.99997444314773,2.55568522697566e-05
Ag_0,3.83723175786845e-22,9.83206202750675e-12,3.90277415575003e-11,6.01042815099785e-19,6.11637083741724e-05,0.00611246846016473,exponential,0.01,901,horizontal,48,assessed,1025,3.90277415575003e-11,0.99997444314773,2.55568522697566e-05
Aw_p,8.85987503618964e-17,6.30303960021939e-09,1.40565117754952e-08,9.28079198957715e-15,0.00148648744855188,0.14724309390065,exponential,0.01,901,horizontal,48,assessed,1025,3.01219738627652e-15,0.99997444314773,2.55568522697566e-05
Aw_m,8.85987503256145e-17,2.70952058430565e-09,3.26990504662724e-08,9.28079198968406e-15,0.00345795021315938,0.342525117476131,exponential,0.01,901,horizontal,48,assessed,1025,7.15353997018594e-15,0.99997444314773,2.55568522697566e-05
Aio,8.72227148321499e-24,1.78520744380783e-08,4.88585879107163e-16,3.19430215371212e-22,1.83817555551262e-11,1.78931697033876e-09,exponential,0.01,901,horizontal,48,assessed,1025,4.88585879107163e-16,0.99997444314773,2.55568522697566e-05
Amda,7.77339688985178e-21,8.75723983801784e-10,8.87653762331037e-12,5.87442074281656e-19,6.79683099353292e-07,6.70806571866198e-05,exponential,0.01,901,horizontal,48,assessed,1025,8.87653762331037e-12,0.99997444314773,2.55568522697566e-05
Ag_q,0,3.54671796100836e-14,0,5.52413285776501e-23,1.5148231688961e-06,0.00015148231688961,exponential,0.01,901,horizontal,64,assessed,1025,0,0.999974433225425,2.55667745748444e-05
Ag_0,0,9.83206202750675e-12,0,6.01042815099785e-19,6.11246846016473e-05,0.00611246846016473,exponential,0.01,901,horizontal,64,assessed,1025,0,0.999974433225425,2.55667745748444e-05
Aw_p,0,6.30303960021939e-09,0,9.28079198957715e-15,0.0014724309390065,0.14724309390065,exponential,0.01,901,horizontal,64,assessed,1025,0,0.999974433225425,2.55667745748444e-05
Aw_m,0,2.70952058430565e-09,0,9.28079198968406e-15,0.00342525117476131,0.342525117476131,exponential,0.01,901,horizontal,64,assessed,1025,0,0.999974433225425,2.55667745748444e-05
Aio,0,1.78520744380783e-08,0,3.19430215371212e-22,1.78931697033876e-11,1.78931697033876e-09,exponential,0.01,901,horizontal,64,assessed,1025,0,0.999974433225425,2.55667745748444e-05
Amda,0,8.75723983801784e-10,0,5.87442074281656e-19,6.70806571866198e-07,6.70806571866198e-05,exponential,0.01,901,horizontal,64,assessed,1025,0,0.999974433225425,2.55667745748444e-05
Ag_q,3.55090710122566e-17,3.54671796100836e-14,0.00100118113147517,5.52413285776501e-23,0.973728339653844,0.00015148231688961,exponential,0.01,901,vertical,9,rejected,1025,0.00100118113147517,0.999974433225425,2.55667745748444e-05
Ag_0,4.12725407223713e-13,9.83206202750675e-12,0.0419775023864829,6.01042815099785e-19,41.9732944948358,0.00611246846016473,exponential,0.01,901,vertical,9,rejected,1025,0.0419775023864829,0.999974433225425,2.55667745748444e-05
Aw_p,1.15387889804486e-10,6.30303960021939e-09,0.0183067055140301,9.28079198957715e-15,18.3081750405446,0.14724309390065,exponential,0.01,901,vertical,9,rejected,1025,0.00052734967357429,0.999974433225425,2.55667745748444e-05
Aw_m,1.15440306939302e-10,2.70952058430565e-09,0.0426054364037559,9.28079198968406e-15,42.6088459305915,0.342525117476131,exponential,0.01,901,vertical,9,rejected,1025,0.00149729216723749,0.999974433225425,2.55667745748444e-05
Aio,4.97883537725534e-12,1.78520744380783e-08,0.000278893940002599,3.19430215371212e-22,0.278893924397999,1.78931697033876e-09,exponential,0.01,901,vertical,9,rejected,1025,0.000278893940002599,0.999974433225425,2.55667745748444e-05
Amda,3.20857536782681e-15,8.75723983801784e-10,3.66391172010319e-06,5.87442074281656e-19,0.00366457834281393,6.70806571866198e-05,exponential,0.01,901,vertical,9,rejected,1025,3.66391172010319e-06,0.999974433225425,2.55667745748444e-05
Ag_q,1.57907100326158e-20,3.54671796100836e-14,4.45220347549891e-07,5.52413285776501e-23,0.000434526374965721,0.00015148231688961,exponential,0.01,901,vertical,13,rejected,1025,4.45220347549891e-07,0.999974433225425,2.55667745748444e-05
Ag_0,1.87771052215993e-16,9.83206202750675e-12,1.90978303117569e-05,6.01042815099785e-19,0.0191570127905372,0.00611246846016473,exponential,0.01,901,vertical,13,rejected,1025,1.90978303117569e-05,0.999974433225425,2.55667745748444e-05
Aw_p,5.0643856070817e-11,6.30303960021939e-09,0.00803483069804199,9.28079198957715e-15,8.03630185422628,0.14724309390065,exponential,0.01,901,vertical,13,rejected,1025,2.67832422700582e-06,0.999974433225425,2.55667745748444e-05
Aw_m,5.06439358968525e-11,2.70952058430565e-09,0.0186911057956884,9.28079198968406e-15,18.6945241485584,0.342525117476131,exponential,0.01,901,vertical,13,rejected,1025,1.98029771768917e-06,0.999974433225425,2.55667745748444e-05
Aio,8.45989470280313e-15,1.78520744380783e-08,4.7388860785603e-07,3.19430215371212e-22,0.000473888599203904,1.78931697033876e-09,exponential,0.01,901,vertical,13,rejected,1025,4.7388860785603e-07,0.999974433225425,2.55667745748444e-05
Amda,5.51303060898391e-18,8.75723983801784e-10,6.2953975350203e-09,5.87442074281656e-19,6.96619691810275e-06,6.70806571866198e-05,exponential,0.01,901,vertical,13,rejected,1025,6.2953975350203e-09,0.999974433225425,2.55667745748444e-05
Ag_q,8.44034924319807e-24,3.54671796100836e-14,2.37976330116715e-10,5.52413285776501e-23,1.74627373166088e-06,0.00015148231688961,exponential,0.01,901,vertical,17,rejected,1025,2.37976330116715e-10,0.999974433225425,2.55667745748444e-05
Ag_0,1.08862841405775e-19,9.83206202750675e-12,1.10722289079559e-08,6.01042815099785e-19,7.21957874891553e-05,0.00611246846016473,exponential,0.01,901,vertical,17,rejected,1025,1.10722289079559e-08,0.999974433225425,2.55667745748444e-05
Aw_p,2.83068888013592e-11,6.30303960021939e-09,0.00449099015661807,9.28079198957715e-15,4.49246187504538,0.14724309390065,exponential,0.01,901,vertical,17,rejected,1025,5.90025244569957e-09,0.999974433225425,2.55667745748444e-05
Aw_m,2.83068889180792e-11,2.70952058430565e-09,0.0104471946373248,9.28079198968406e-15,10.4506160327655,0.342525117476131,exponential,0.01,901,vertical,17,rejected,1025,6.30941405942039e-09,0.999974433225425,2.55667745748444e-05
Aio,5.70425551854447e-18,1.78520744380783e-08,3.19529001423911e-10,3.19430215371212e-22,3.19546876694911e-07,1.78931697033876e-09,exponential,0.01,901,vertical,17,rejected,1025,3.19529001423911e-10,0.999974433225425,2.55667745748444e-05
Amda,7.69940719122079e-20,8.75723983801784e-10,8.79204787539942e-11,5.87442074281656e-19,7.5872695022283e-07,6.70806571866198e-05,exponential,0.01,901,vertical,17,rejected,1025,8.79204787539942e-11,0.999974433225425,2.55667745748444e-05
Ag_q,1.01958390698955e-23,3.54671796100836e-14,2.87472507878714e-10,5.52413285776501e-23,1.79441262930714e-06,0.00015148231688961,exponential,0.01,901,vertical,25,rejected,1025,2.87472507878714e-10,0.999974433225425,2.55667745748444e-05
Ag_0,1.30590533993672e-19,9.83206202750675e-12,1.32821104696375e-08,6.01042815099785e-19,7.44054443109181e-05,0.00611246846016473,exponential,0.01,901,vertical,25,rejected,1025,1.32821104696375e-08,0.999974433225425,2.55667745748444e-05
Aw_p,1.24353477599999e-11,6.30303960021939e-09,0.00197291284026949,9.28079198957715e-15,1.9743849581988,0.14724309390065,exponential,0.01,901,vertical,25,rejected,1025,6.87646067794204e-14,0.999974433225425,2.55667745748444e-05
Aw_m,1.24353477600004e-11,2.70952058430565e-09,0.00458950112135321,9.28079198968406e-15,4.5929246786861,0.342525117476131,exponential,0.01,901,vertical,25,rejected,1025,1.01333533643945e-13,0.999974433225425,2.55667745748444e-05
Aio,9.10865144378737e-23,1.78520744380783e-08,5.10229299983128e-15,3.19430215371212e-22,2.29954624174093e-11,1.78931697033876e-09,exponential,0.01,901,vertical,25,rejected,1025,5.10229299983128e-15,0.999974433225425,2.55667745748444e-05
Amda,7.42343604179898e-20,8.75723983801784e-10,8.47691302180807e-11,5.87442074281656e-19,7.55575605285476e-07,6.70806571866198e-05,exponential,0.01,901,vertical,25,rejected,1025,8.47691302180807e-11,0.999974433225425,2.55667745748444e-05
Ag_q,1.01965156879773e-23,3.54671796100836e-14,2.87491585180299e-10,5.52413285776501e-23,1.79443118347253e-06,0.00015148231688961,exponential,0.01,901,vertical,33,rejected,1025,2.87491585180299e-10,0.999974433225425,2.55667745748444e-05
Ag_0,1.30599316211739e-19,9.83206202750675e-12,1.328300369204e-08,6.01042815099785e-19,7.4406337442482e-05,0.00611246846016473,exponential,0.01,901,vertical,33,rejected,1025,1.328300369204e-08,0.999974433225425,2.55667745748444e-05
Aw_p,6.89689928282035e-12,6.30303960021939e-09,0.00109421798374554,9.28079198957715e-15,1.09569024108294,0.14724309390065,exponential,0.01,901,vertical,33,rejected,1025,7.44704827843313e-14,0.999974433225425,2.55667745748444e-05
Aw_m,6.89689928282057e-12,2.70952058430565e-09,0.00254543158770207,9.28079198968406e-15,2.54885589943733,0.342525117476131,exponential,0.01,901,vertical,33,rejected,1025,1.09464027292377e-13,0.999974433225425,2.55667745748444e-05
Aio,1.07488218848204e-22,1.78520744380783e-08,6.02104921873579e-15,3.19430215371212e-22,2.39142185848489e-11,1.78931697033876e-09,exponential,0.01,901,vertical,33,rejected,1025,6.02104921873579e-15,0.999974433225425,2.55667745748444e-05
Amda,7.41963652626605e-20,8.75723983801784e-10,8.47257430823712e-11,5.87442074281656e-19,7.55532218199311e-07,6.70806571866198e-05,exponential,0.01,901,vertical,33,rejected,1025,8.47257430823712e-11,0.999974433225425,2.55667745748444e-05
Ag_q,1.01929262548353e-23,3.54671796100836e-14,2.87390380822313e-10,5.52413285776501e-23,1.79433275433212e-06,0.00015148231688961,exponential,0.01,901,vertical,49,rejected,1025,2.87390380822313e-10,0.999974433225425,2.55667745748444e-05
Ag_0,1.30551434270631e-19,9.83206202750675e-12,1.32781337124799e-08,6.01042815099785e-19,7.44014679581877e-05,0.00611246846016473,exponential,0.01,901,vertical,49,rejected,1025,1.32781337124799e-08,0.999974433225425,2.55667745748444e-05
Aw_p,2.94693072108266e-12,6.30303960021939e-09,0.000467541203609142,9.28079198957715e-15,0.469013560371059,0.14724309390065,exponential,0.01,901,vertical,49,rejected,1025,7.60279832120644e-14,0.999974433225425,2.55667745748444e-05
Aw_m,2.94693072108282e-12,2.70952058430565e-09,0.00108762071716757,9.28079198968406e-15,1.09104556693541,0.342525117476131,exponential,0.01,901,vertical,49,rejected,1025,9.29814670612589e-14,0.999974433225425,2.55667745748444e-05
Aio,1.33012405972322e-22,1.78520744380783e-08,7.45080950864783e-15,3.19430215371212e-22,2.53439787946716e-11,1.78931697033876e-09,exponential,0.01,901,vertical,49,rejected,1025,7.45080950864783e-15,0.999974433225425,2.55667745748444e-05
Amda,7.42045301219275e-20,8.75723983801784e-10,8.47350666357031e-11,5.87442074281656e-19,7.55541541741996e-07,6.70806571866198e-05,exponential,0.01,901,vertical,49,rejected,1025,8.47350666357031e-11,0.999974433225425,2.55667745748444e-05
Ag_q,1.01991722092559e-23,3.54671796100836e-14,2.87566486012781e-10,5.52413285776501e-23,1.79450403038054e-06,0.00015148231688961,exponential,0.01,901,vertical,65,assessed,1025,2.87566486012781e-10,0.999974433225425,2.55667745748444e-05
Ag_0,1.30626787171989e-19,9.83206202750675e-12,1.32857977102403e-08,6.01042815099785e-19,7.4409131176537e-05,0.00611246846016473,exponential,0.01,901,vertical,65,assessed,1025,1.32857977102403e-08,0.999974433225425,2.55667745748444e-05
Aw_p,1.56687884792551e-12,6.30303960021939e-09,0.000248590989000128,9.28079198957715e-15,0.250063380499282,0.14724309390065,exponential,0.01,901,vertical,65,assessed,1025,7.8470743360138e-14,0.999974433225425,2.55667745748444e-05
Aw_m,1.56687884792551e-12,2.70952058430565e-09,0.000578286379148154,9.28079198968406e-15,0.581711416895429,0.342525117476131,exponential,0.01,901,vertical,65,assessed,1025,9.61794920120609e-14,0.999974433225425,2.55667745748444e-05
Aio,1.37932773752306e-22,1.78520744380783e-08,7.72642833362249e-15,3.19430215371212e-22,2.56195976042073e-11,1.78931697033876e-09,exponential,0.01,901,vertical,65,assessed,1025,7.72642833362249e-15,0.999974433225425,2.55667745748444e-05
Amda,7.43062980900426e-20,8.75723983801784e-10,8.48512767315751e-11,5.87442074281656e-19,7.55657751705166e-07,6.70806571866198e-05,exponential,0.01,901,vertical,65,assessed,1025,8.48512767315751e-11,0.999974433225425,2.55667745748444e-05
Ag_q,1.01924068317857e-23,3.54671796100836e-14,2.87375735647386e-10,5.52413285776501e-23,1.79431851075598e-06,0.00015148231688961,exponential,0.01,901,vertical,97,assessed,1025,2.87375735647386e-10,0.999974433225425,2.55667745748444e-05
Ag_0,1.30511815437839e-19,9.83206202750675e-12,1.32741041576743e-08,6.01042815099785e-19,7.43974388131786e-05,0.00611246846016473,exponential,0.01,901,vertical,97,assessed,1025,1.32741041576743e-08,0.999974433225425,2.55667745748444e-05
Aw_p,5.8678037523316e-13,6.30303960021939e-09,9.30948260602291e-05,9.28079198957715e-15,0.0945672422294075,0.14724309390065,exponential,0.01,901,vertical,97,assessed,1025,8.46797304667467e-14,0.999974433225425,2.55667745748444e-05
Aw_m,5.86780375233137e-13,2.70952058430565e-09,0.000216562434931088,9.28079198968406e-15,0.219987606179402,0.342525117476131,exponential,0.01,901,vertical,97,assessed,1025,1.05868646900897e-13,0.999974433225425,2.55667745748444e-05
Aio,1.74636111088286e-22,1.78520744380783e-08,9.78239877354473e-15,3.19430215371212e-22,2.76755679289625e-11,1.78931697033876e-09,exponential,0.01,901,vertical,97,assessed,1025,9.78239877354473e-15,0.999974433225425,2.55667745748444e-05
Amda,7.41818803282652e-20,8.75723983801784e-10,8.47092025574304e-11,5.87442074281656e-19,7.55515677693258e-07,6.70806571866198e-05,exponential,0.01,901,vertical,97,assessed,1025,8.47092025574304e-11,0.999974433225425,2.55667745748444e-05
Ag_q,1.0091155622924e-23,3.54671796100836e-14,2.84520949617741e-10,5.52413285776501e-23,1.79154200843404e-06,0.00015148231688961,exponential,0.01,901,vertical,129,assessed,1025,2.84520949617741e-10,0.999974433225425,2.55667745748444e-05
Ag_0,1.29394738086808e-19,9.83206202750675e-12,1.31604883822748e-08,6.01042815099785e-19,7.42838345922446e-05,0.00611246846016473,exponential,0.01,901,vertical,129,assessed,1025,1.31604883822748e-08,0.999974433225425,2.55667745748444e-05
Aw_p,2.56162457608532e-13,6.30303960021939e-09,4.06410991927792e-05,9.28079198957715e-15,0.0421135236839296,0.14724309390065,exponential,0.01,901,vertical,129,assessed,1025,8.16783575312197e-14,0.999974433225425,2.55667745748444e-05
Aw_m,2.56162457607661e-13,2.70952058430565e-09,9.45416171006156e-05,9.28079198968406e-15,0.0979668333830115,0.342525117476131,exponential,0.01,901,vertical,129,assessed,1025,1.03478053647705e-13,0.999974433225425,2.55667745748444e-05
Aio,1.48000389896944e-22,1.78520744380783e-08,8.29037490350484e-15,3.19430215371212e-22,2.61835441424996e-11,1.78931697033876e-09,exponential,0.01,901,vertical,129,assessed,1025,8.29037490350484e-15,0.999974433225425,2.55667745748444e-05
Amda,7.38323151488052e-20,8.75723983801784e-10,8.43100297747662e-11,5.87442074281656e-19,7.55116505366413e-07,6.70806571866198e-05,exponential,0.01,901,vertical,129,assessed,1025,8.43100297747662e-11,0.999974433225425,2.55667745748444e-05
Ag_q,1.0169667664232e-23,3.54671796100836e-14,2.86734602977585e-10,5.52413285776501e-23,1.79369495917352e-06,0.00015148231688961,exponential,0.01,901,vertical,193,assessed,1025,2.86734602977585e-10,0.999974433225425,2.55667745748444e-05
Ag_0,1.30435072211627e-19,9.83206202750675e-12,1.32662987526639e-08,6.01042815099785e-19,7.43896342019602e-05,0.00611246846016473,exponential,0.01,901,vertical,193,assessed,1025,1.32662987526639e-08,0.999974433225425,2.55667745748444e-05
Aw_p,1.12024881797591e-13,6.30303960021939e-09,1.77731521460998e-05,9.28079198957715e-15,0.019245580265332,0.14724309390065,exponential,0.01,901,vertical,193,assessed,1025,8.78741260094551e-14,0.999974433225425,2.55667745748444e-05
Aw_m,1.12024881797029e-13,2.70952058430565e-09,4.13449089281367e-05,9.28079198968406e-15,0.0447701448437802,0.342525117476131,exponential,0.01,901,vertical,193,assessed,1025,1.22943106395734e-13,0.999974433225425,2.55667745748444e-05
Aio,1.46996163010854e-22,1.78520744380783e-08,8.23412223160537e-15,3.19430215371212e-22,2.61272914737512e-11,1.78931697033876e-09,exponential,0.01,901,vertical,193,assessed,1025,8.23412223160537e-15,0.999974433225425,2.55667745748444e-05
Amda,7.40615318955235e-20,8.75723983801784e-10,8.45717752002176e-11,5.87442074281656e-19,7.55378250492975e-07,6.70806571866198e-05,exponential,0.01,901,vertical,193,assessed,1025,8.45717752002176e-11,0.999974433225425,2.55667745748444e-05
Ag_q,1.08307253604902e-23,3.54671796100836e-14,3.05373178232954e-10,5.52413285776501e-23,1.81182242895117e-06,0.00015148231688961,exponential,0.01,901,vertical,257,assessed,1025,3.05373178232954e-10,0.999974433225425,2.55667745748444e-05
Ag_0,1.37807564570731e-19,9.83206202750675e-12,1.4016140681903e-08,6.01042815099785e-19,7.51393998739838e-05,0.00611246846016473,exponential,0.01,901,vertical,257,assessed,1025,1.4016140681903e-08,0.999974433225425,2.55667745748444e-05
Aw_p,1.50707739672302e-13,6.30303960021939e-09,2.39103272755984e-05,9.28079198957715e-15,0.0253827544211457,0.14724309390065,exponential,0.01,901,vertical,257,assessed,1025,8.41792279553582e-14,0.999974433225425,2.55667745748444e-05
Aw_m,1.50707739671589e-13,2.70952058430565e-09,5.56215518511034e-05,9.28079198968406e-15,0.0590467824976828,0.342525117476131,exponential,0.01,901,vertical,257,assessed,1025,7.68766594174822e-14,0.999974433225425,2.55667745748444e-05
Aio,1.57938016871003e-22,1.78520744380783e-08,8.84704001312716e-15,3.19430215371212e-22,2.67402092209399e-11,1.78931697033876e-09,exponential,0.01,901,vertical,257,assessed,1025,8.84704001312716e-15,0.999974433225425,2.55667745748444e-05
Amda,7.45769537266865e-20,8.75723983801784e-10,8.51603417356749e-11,5.87442074281656e-19,7.55966816356341e-07,6.70806571866198e-05,exponential,0.01,901,vertical,257,assessed,1025,8.51603417356749e-11,0.999974433225425,2.55667745748444e-05
Ag_q,1.64885487499147e-23,4.10299075633613e-12,4.01866582917641e-12,7.30047428330436e-23,2.18064067139503e-08,1.77887200940528e-06,exponential,0.1,327,horizontal,8,assessed,257,4.01866582917641e-12,0.999728918870644,0.000271081129356212
Ag_0,1.06297770275652e-20,1.42835406897067e-09,7.44197622878296e-12,1.06664831258295e-18,7.5420888896123e-07,7.46766917942619e-05,exponential,0.1,327,horizontal,8,assessed,257,7.44197622878296e-12,0.999728918870644,0.000271081129356212
Aw_p,2.16308123817468e-12,1.90150791384458e-06,1.13756099694649e-06,2.18897360857119e-12,0.00228873874926867,0.115117775292043,exponential,0.1,327,horizontal,8,assessed,257,3.01880613730639e-12,0.999728918870644,0.000271081129356212
Aw_m,2.16308122588766e-12,1.19366051119144e-06,1.81214106155577e-06,2.1889736086168e-12,0.00364597370027306,0.183383264023543,exponential,0.1,327,horizontal,8,assessed,257,6.45356681857715e-12,0.999728918870644,0.000271081129356212
Aio,9.57041533678816e-22,1.81033046064588e-06,5.28655709266124e-16,5.85479910368764e-21,3.76276087801859e-12,3.23410516904449e-10,exponential,0.1,327,horizontal,8,assessed,257,5.28655709266124e-16,0.999728918870644,0.000271081129356212
Amda,4.59565459419706e-20,1.75972911942238e-07,2.61156932818475e-13,1.25763354813723e-18,7.40790200198079e-09,7.14674507064639e-07,exponential,0.1,327,horizontal,8,assessed,257,2.61156932818475e-13,0.999728918870644,0.000271081129356212
Ag_q,2.16123175806917e-25,4.10299075633613e-12,5.26745461156997e-14,7.30047428330436e-23,1.78413818052112e-08,1.77887200940528e-06,exponential,0.1,327,horizontal,12,assessed,257,5.26745461156997e-14,0.999719080841743,0.000280919158256621
Ag_0,4.69776863227642e-21,1.42835406897067e-09,3.28893846023893e-12,1.06664831258295e-18,7.50055854100252e-07,7.46766917942619e-05,exponential,0.1,327,horizontal,12,assessed,257,3.28893846023893e-12,0.999719080841743,0.000280919158256621
Aw_p,8.05777917773374e-13,1.90150791384458e-06,4.23757330646184e-07,2.18897360857119e-12,0.00157493508334376,0.115117775292043,exponential,0.1,327,horizontal,12,assessed,257,4.6963280411581e-16,0.999719080841743,0.000280919158256621
Aw_m,8.05777917775994e-13,1.19366051119144e-06,6.75047813194151e-07,2.1889736086168e-12,0.00250888045286405,0.183383264023543,exponential,0.1,327,horizontal,12,assessed,257,7.9449774727002e-16,0.999719080841743,0.000280919158256621
Aio,1.76238437681296e-21,1.81033046064588e-06,9.73515286366105e-16,5.85479910368764e-21,4.20762045487284e-12,3.23410516904449e-10,exponential,0.1,327,horizontal,12,assessed,257,9.73515286366105e-16,0.999719080841743,0.000280919158256621
Amda,5.36647609230343e-20,1.75972911942238e-07,3.04960350605833e-13,1.25763354813723e-18,7.45170541951923e-09,7.14674507064639e-07,exponential,0.1,327,horizontal,12,assessed,257,3.04960350605833e-13,0.999719080841743,0.000280919158256621
Ag_q,1.57599795803918e-25,4.10299075633613e-12,3.84109556085501e-14,7.30047428330436e-23,1.78271216902457e-08,1.77887200940528e-06,exponential,0.1,327,horizontal,16,assessed,257,3.84109556085501e-14,0.999719499092557,0.000280500907442885
Ag_0,3.10800615634739e-21,1.42835406897067e-09,2.17593538175526e-12,1.06664831258295e-18,7.48942851800989e-07,7.46766917942619e-05,exponential,0.1,327,horizontal,16,assessed,257,2.17593538175526e-12,0.999719499092557,0.000280500907442885
Aw_p,3.20260212315846e-13,1.90150791384458e-06,1.68424338381177e-07,2.18897360857119e-12,0.00131960209121303,0.115117775292043,exponential,0.1,327,horizontal,16,assessed,257,5.56039344809448e-16,0.999719499092557,0.000280500907442885
Aw_m,3.20260212314019e-13,1.19366051119144e-06,2.6830091915695e-07,2.1889736086168e-12,0.0021021335591676,0.183383264023543,exponential,0.1,327,horizontal,16,assessed,257,9.31020728301627e-16,0.999719499092557,0.000280500907442885
Aio,2.81746063846865e-22,1.81033046064588e-06,1.55632394179759e-16,5.85479910368764e-21,3.38973756313828e-12,3.23410516904449e-10,exponential,0.1,327,horizontal,16,assessed,257,1.55632394179759e-16,0.999719499092557,0.000280500907442885
Amda,2.56226509474161e-20,1.75972911942238e-07,1.4560565410105e-13,1.25763354813723e-18,7.29235072392001e-09,7.14674507064639e-07,exponential,0.1,327,horizontal,16,assessed,257,1.4560565410105e-13,0.999719499092557,0.000280500907442885
Ag_q,1.58829667229546e-25,4.10299075633613e-12,3.87107055954904e-14,7.30047428330436e-23,1.78274213671939e-08,1.77887200940528e-06,exponential,0.1,327,horizontal,24,assessed,257,3.87107055954904e-14,0.999717829005701,0.000282170994299324
Ag_0,3.0861850486483e-21,1.42835406897067e-09,2.16065828192888e-12,1.06664831258295e-18,7.48927574711858e-07,7.46766917942619e-05,exponential,0.1,327,horizontal,24,assessed,257,2.16065828192888e-12,0.999717829005701,0.000282170994299324
Aw_p,8.21423637932591e-14,1.90150791384458e-06,4.31985390095899e-08,2.18897360857119e-12,0.0011943762919073,0.115117775292043,exponential,0.1,327,horizontal,24,assessed,257,8.19433705784998e-16,0.999717829005701,0.000282170994299324
Aw_m,8.21423637972416e-14,1.19366051119144e-06,6.88155158247231e-08,2.1889736086168e-12,0.0019026481560025,0.183383264023543,exponential,0.1,327,horizontal,24,assessed,257,1.26251023998584e-15,0.999717829005701,0.000282170994299324
Aio,7.20213153692067e-22,1.81033046064588e-06,3.97835184983361e-16,5.85479910368764e-21,3.63194035380809e-12,3.23410516904449e-10,exponential,0.1,327,horizontal,24,assessed,257,3.97835184983361e-16,0.999717829005701,0.000282170994299324
Amda,4.74459262531e-21,1.75972911942238e-07,2.69620623591622e-14,1.25763354813723e-18,7.17370713285234e-09,7.14674507064639e-07,exponential,0.1,327,horizontal,24,assessed,257,2.69620623591622e-14,0.999717829005701,0.000282170994299324
Ag_q,1.08312813154091e-25,4.10299075633613e-12,2.6398502844986e-14,7.30047428330436e-23,1.78151121644996e-08,1.77887200940528e-06,exponential,0.1,327,horizontal,32,assessed,257,2.6398502844986e-14,0.999718399570777,0.000281600429223301
Ag_0,1.86429379436556e-21,1.42835406897067e-09,1.30520424512743e-12,1.06664831258295e-18,7.48072121273965e-07,7.46766917942619e-05,exponential,0.1,327,horizontal,32,assessed,257,1.30520424512743e-12,0.999718399570777,0.000281600429223301
Aw_p,5.42077492113027e-14,1.90150791384458e-06,2.85077694479337e-08,2.18897360857119e-12,0.00117968552235337,0.115117775292043,exponential,0.1,327,horizontal,32,assessed,257,6.37656746854428e-16,0.999718399570777,0.000281600429223301
Aw_m,5.42077492124725e-14,1.19366051119144e-06,4.54130372113638e-08,2.1889736086168e-12,0.00187924567740874,0.183383264023543,exponential,0.1,327,horizontal,32,assessed,257,1.01449914149151e-15,0.999718399570777,0.000281600429223301
Aio,2.45603250183385e-22,1.81033046064588e-06,1.35667633905779e-16,5.85479910368764e-21,3.36977280287533e-12,3.23410516904449e-10,exponential,0.1,327,horizontal,32,assessed,257,1.35667633905779e-16,0.999718399570777,0.000281600429223301
Amda,2.67146176866177e-20,1.75972911942238e-07,1.51810965629679e-13,1.25763354813723e-18,7.29855603541338e-09,7.14674507064639e-07,exponential,0.1,327,horizontal,32,assessed,257,1.51810965629679e-13,0.999718399570777,0.000281600429223301
Ag_q,1.18863144755713e-25,4.10299075633613e-12,2.89698787578686e-14,7.30047428330436e-23,1.78176829138575e-08,1.77887200940528e-06,exponential,0.1,327,horizontal,48,assessed,257,2.89698787578686e-14,0.999717829005701,0.000282170994299324
Ag_0,1.72449488548144e-21,1.42835406897067e-09,1.20733011719159e-12,1.06664831258295e-18,7.47974247214552e-07,7.46766917942619e-05,exponential,0.1,327,horizontal,48,assessed,257,1.20733011719159e-12,0.999717829005701,0.000282170994299324
Aw_p,2.34569500091436e-14,1.90150791384458e-06,1.23359728552047e-08,2.18897360857119e-12,0.00116351372576914,0.115117775292043,exponential,0.1,327,horizontal,48,assessed,257,9.03185466473997e-16,0.999717829005701,0.000282170994299324
Aw_m,2.3456950008358e-14,1.19366051119144e-06,1.96512742010245e-08,2.1889736086168e-12,0.00185348391441999,0.183383264023543,exponential,0.1,327,horizontal,48,assessed,257,9.64799950775309e-16,0.999717829005701,0.000282170994299324
Aio,4.39802258328735e-22,1.81033046064588e-06,2.42940318295161e-16,5.85479910368764e-21,3.47704548720546e-12,3.23410516904449e-10,exponential,0.1,327,horizontal,48,assessed,257,2.42940318295161e-16,0.999717829005701,0.000282170994299324
Amda,6.48428565241123e-21,1.75972911942238e-07,3.68482034015533e-14,1.25763354813723e-18,7.18359327383855e-09,7.14674507064639e-07,exponential,0.1,327,horizontal,48,assessed,257,3.68482034015533e-14,0.999717829005701,0.000282170994299324
Ag_q,0,4.10299075633613e-12,0,7.30047428330436e-23,1.77887200940528e-08,1.77887200940528e-06,exponential,0.1,327,horizontal,64,assessed,257,0,0.999717793603407,0.000282206396592614
Ag_0,0,1.42835406897067e-09,0,1.06664831258295e-18,7.46766917942619e-07,7.46766917942619e-05,exponential,0.1,327,horizontal,64,assessed,257,0,0.999717793603407,0.000282206396592614
Aw_p,0,1.90150791384458e-06,0,2.18897360857119e-12,0.00115117775292043,0.115117775292043,exponential,0.1,327,horizontal,64,assessed,257,0,0.999717793603407,0.000282206396592614
Aw_m,0,1.19366051119144e-06,0,2.1889736086168e-12,0.00183383264023543,0.183383264023543,exponential,0.1,327,horizontal,64,assessed,257,0,0.999717793603407,0.000282206396592614
Aio,0,1.81033046064588e-06,0,5.85479910368764e-21,3.23410516904449e-12,3.23410516904449e-10,exponential,0.1,327,horizontal,64,assessed,257,0,0.999717793603407,0.000282206396592614
Amda,0,1.75972911942238e-07,0,1.25763354813723e-18,7.14674507064639e-09,7.14674507064639e-07,exponential,0.1,327,horizontal,64,assessed,257,0,0.999717793603407,0.000282206396592614
Ag_q,3.55241483184513e-15,4.10299075633613e-12,0.000865811073631897,7.30047428330436e-23,0.865600123334908,1.77887200940528e-06,exponential,0.1,327,vertical,9,rejected,257,0.000865811073631897,0.999717793603407,0.000282206396592614
Ag_0,4.12190609019992e-11,1.42835406897067e-09,0.0288577333851846,1.06664831258295e-18,28.8577139284783,7.46766917942619e-05,exponential,0.1,327,vertical,9,rejected,257,0.0288577333851846,0.999717793603407,0.000282206396592614
Aw_p,1.56522711389564e-09,1.90150791384458e-06,0.000823150459958364,2.18897360857119e-12,0.82430163727839,0.115117775292043,exponential,0.1,327,vertical,9,rejected,257,0.000625249885301375,0.999717793603407,0.000282206396592614
Aw_m,1.61390002561905e-09,1.19366051119144e-06,0.00135205949303638,2.1889736086168e-12,1.35389332454392,0.183383264023543,exponential,0.1,327,vertical,9,rejected,257,0.00106230607501171,0.999717793603407,0.000282206396592614
Aio,4.97750623402271e-10,1.81033046064588e-06,0.000274950145414162,5.85479910368764e-21,0.274950145265517,3.23410516904449e-10,exponential,0.1,327,vertical,9,rejected,257,0.000274950145414162,0.999717793603407,0.000282206396592614
Amda,3.21649072414989e-13,1.75972911942238e-07,1.82783286850744e-06,1.25763354813723e-18,0.0018278400048655,7.14674507064639e-07,exponential,0.1,327,vertical,9,rejected,257,1.82783286850744e-06,0.999717793603407,0.000282206396592614
Ag_q,1.580978248383e-18,4.10299075633613e-12,3.85323375623389e-07,7.30047428330436e-23,0.0003852472744206,1.77887200940528e-06,exponential,0.1,327,vertical,13,assessed,257,3.85323375623389e-07,0.999717793603407,0.000282206396592614
Ag_0,1.87880678522168e-14,1.42835406897067e-09,1.3153648846855e-05,1.06664831258295e-18,0.0131543864048241,7.46766917942619e-05,exponential,0.1,327,vertical,13,assessed,257,1.3153648846855e-05,0.999717793603407,0.000282206396592614
Aw_p,5.44871552647621e-10,1.90150791384458e-06,0.000286547086488832,2.18897360857119e-12,0.287698264091057,0.115117775292043,exponential,0.1,327,vertical,13,assessed,257,1.91440764685969e-06,0.999717793603407,0.000282206396592614
Aw_m,5.44869968315712e-10,1.19366051119144e-06,0.000456469794558132,2.1889736086168e-12,0.458303626815956,0.183383264023543,exponential,0.1,327,vertical,13,assessed,257,2.17233291996127e-06,0.999717793603407,0.000282206396592614
Aio,8.45967971689983e-13,1.81033046064588e-06,4.67300302392395e-07,5.85479910368764e-21,0.00046730030536837,3.23410516904449e-10,exponential,0.1,327,vertical,13,assessed,257,4.67300302392395e-07,0.999717793603407,0.000282206396592614
Amda,3.03782157233981e-16,1.75972911942238e-07,1.72630067821856e-09,1.25763354813723e-18,1.73344741347917e-06,7.14674507064639e-07,exponential,0.1,327,vertical,13,assessed,257,1.72630067821856e-09,0.999717793603407,0.000282206396592614
Ag_q,2.42954354912413e-22,4.10299075633613e-12,5.92139659435562e-11,7.30047428330436e-23,7.69882576508364e-08,1.77887200940528e-06,exponential,0.1,327,vertical,17,assessed,257,5.92139659435562e-11,0.999717793603407,0.000282206396592614
Ag_0,3.00422373362628e-18,1.42835406897067e-09,2.1032766306965e-09,1.06664831258295e-18,2.85004207612247e-06,7.46766917942619e-05,exponential,0.1,327,vertical,17,assessed,257,2.1032766306965e-09,0.999717793603407,0.000282206396592614
Aw_p,2.94142235199292e-10,1.90150791384458e-06,0.000154688935585116,2.18897360857119e-12,0.155840113256685,0.115117775292043,exponential,0.1,327,vertical,17,assessed,257,2.61083587339517e-09,0.999717793603407,0.000282206396592614
Aw_m,2.94142240105067e-10,1.19366051119144e-06,0.00024642034929301,2.1889736086168e-12,0.248254181726804,0.183383264023543,exponential,0.1,327,vertical,17,assessed,257,2.60681079430149e-09,0.999717793603407,0.000282206396592614
Aio,5.70419011509126e-16,1.81033046064588e-06,3.1509109740418e-10,5.85479910368764e-21,3.15094331335298e-07,3.23410516904449e-10,exponential,0.1,327,vertical,17,assessed,257,3.1509109740418e-10,0.999717793603407,0.000282206396592614
Amda,3.27265286819947e-19,1.75972911942238e-07,1.85974808967967e-12,1.25763354813723e-18,9.00649314975769e-09,7.14674507064639e-07,exponential,0.1,327,vertical,17,assessed,257,1.85974808967967e-12,0.999717793603407,0.000282206396592614
Ag_q,6.58353838381628e-23,4.10299075633613e-12,1.60457061075498e-11,7.30047428330436e-23,3.3830516420353e-08,1.77887200940528e-06,exponential,0.1,327,vertical,25,assessed,257,1.60457061075498e-11,0.999717793603407,0.000282206396592614
Ag_0,7.56396635317286e-19,1.42835406897067e-09,5.29558217916076e-10,1.06664831258295e-18,1.27632476511179e-06,7.46766917942619e-05,exponential,0.1,327,vertical,25,assessed,257,5.29558217916076e-10,0.999717793603407,0.000282206396592614
Aw_p,1.1633449993542e-10,1.90150791384458e-06,6.11801292481648e-05,2.18897360857119e-12,0.0623313069689107,0.115117775292043,exponential,0.1,327,vertical,25,assessed,257,7.23256554611906e-15,0.999717793603407,0.000282206396592614
Aw_m,1.16334499935359e-10,1.19366051119144e-06,9.74602902958065e-05,2.1889736086168e-12,0.0992941228543937,0.183383264023543,exponential,0.1,327,vertical,25,assessed,257,1.1924766458445e-14,0.999717793603407,0.000282206396592614
Aio,7.61809196665769e-21,1.81033046064588e-06,4.20812229162832e-15,5.85479910368764e-21,7.4422274583483e-12,3.23410516904449e-10,exponential,0.1,327,vertical,25,assessed,257,4.20812229162832e-15,0.999717793603407,0.000282206396592614
Amda,1.24756766429217e-19,1.75972911942238e-07,7.08954378558943e-13,1.25763354813723e-18,7.85569944517656e-09,7.14674507064639e-07,exponential,0.1,327,vertical,25,assessed,257,7.08954378558943e-13,0.999717793603407,0.000282206396592614
Ag_q,6.5774005526996e-23,4.10299075633613e-12,1.60307466999342e-11,7.30047428330436e-23,3.38155606578255e-08,1.77887200940528e-06,exponential,0.1,327,vertical,33,assessed,257,1.60307466999342e-11,0.999717793603407,0.000282206396592614
Ag_0,7.55673982421843e-19,1.42835406897067e-09,5.29052283910536e-10,1.06664831258295e-18,1.27581883146046e-06,7.46766917942619e-05,exponential,0.1,327,vertical,33,assessed,257,5.29052283910536e-10,0.999717793603407,0.000282206396592614
Aw_p,5.49738556205431e-11,1.90150791384458e-06,2.891066359508e-05,2.18897360857119e-12,0.0300618413327964,0.115117775292043,exponential,0.1,327,vertical,33,assessed,257,8.49459497218655e-15,0.999717793603407,0.000282206396592614
Aw_m,5.49738556204629e-11,1.19366051119144e-06,4.60548498547475e-05,2.1889736086168e-12,0.0478886824564,0.183383264023543,exponential,0.1,327,vertical,33,assessed,257,9.07439231479659e-15,0.999717793603407,0.000282206396592614
Aio,6.17214344690855e-21,1.81033046064588e-06,3.4094015325282e-15,5.85479910368764e-21,6.64350669968939e-12,3.23410516904449e-10,exponential,0.1,327,vertical,33,assessed,257,3.4094015325282e-15,0.999717793603407,0.000282206396592614
Amda,1.25273010557024e-19,1.75972911942238e-07,7.11888035347982e-13,1.25763354813723e-18,7.85863310194893e-09,7.14674507064639e-07,exponential,0.1,327,vertical,33,assessed,257,7.11888035347982e-13,0.999717793603407,0.000282206396592614
Ag_q,6.61300513211496e-23,4.10299075633613e-12,1.61175238377096e-11,7.30047428330436e-23,3.39023166510265e-08,1.77887200940528e-06,exponential,0.1,327,vertical,49,assessed,257,1.61175238377096e-11,0.999717793603407,0.000282206396592614
Ag_0,7.60242662673979e-19,1.42835406897067e-09,5.32250846753871e-10,1.06664831258295e-18,1.27901739206446e-06,7.46766917942619e-05,exponential,0.1,327,vertical,49,assessed,257,5.32250846753871e-10,0.999717793603407,0.000282206396592614
Aw_p,1.59159194921935e-11,1.90150791384458e-06,8.3701568509456e-06,2.18897360857119e-12,0.00952133459946418,0.115117775292043,exponential,0.1,327,vertical,49,assessed,257,7.44314157069124e-15,0.999717793603407,0.000282206396592614
Aw_m,1.59159194920744e-11,1.19366051119144e-06,1.33337069818856e-05,2.1889736086168e-12,0.0151675396109506,0.183383264023543,exponential,0.1,327,vertical,49,assessed,257,6.10874801747111e-15,0.999717793603407,0.000282206396592614
Aio,3.21224254973058e-21,1.81033046064588e-06,1.77439568054582e-15,5.85479910368764e-21,5.00850084861016e-12,3.23410516904449e-10,exponential,0.1,327,vertical,49,assessed,257,1.77439568054582e-15,0.999717793603407,0.000282206396592614
Amda,1.22212127637708e-19,1.75972911942238e-07,6.94493978015338e-13,1.25763354813723e-18,7.84123904471513e-09,7.14674507064639e-07,exponential,0.1,327,vertical,49,assessed,257,6.94493978015338e-13,0.999717793603407,0.000282206396592614
Ag_q,6.55146981075614e-23,4.10299075633613e-12,1.59675470890079e-11,7.30047428330436e-23,3.37523764464493e-08,1.77887200940528e-06,exponential,0.1,327,vertical,65,assessed,257,1.59675470890079e-11,0.999717793603407,0.000282206396592614
Ag_0,7.52883144037289e-19,1.42835406897067e-09,5.27098399754513e-10,1.06664831258295e-18,1.27386494867236e-06,7.46766917942619e-05,exponential,0.1,327,vertical,65,assessed,257,5.27098399754513e-10,0.999717793603407,0.000282206396592614
Aw_p,1.46470179970038e-11,1.90150791384458e-06,7.70284356450014e-06,2.18897360857119e-12,0.00885402131336964,0.115117775292043,exponential,0.1,327,vertical,65,assessed,257,8.80400062607914e-15,0.999717793603407,0.000282206396592614
Aw_m,1.46470179969016e-11,1.19366051119144e-06,1.22706731600611e-05,2.1889736086168e-12,0.0141045057900166,0.183383264023543,exponential,0.1,327,vertical,65,assessed,257,5.44739899804165e-15,0.999717793603407,0.000282206396592614
Aio,2.9038972586782e-21,1.81033046064588e-06,1.6040702633055e-15,5.85479910368764e-21,4.83817543146393e-12,3.23410516904449e-10,exponential,0.1,327,vertical,65,assessed,257,1.6040702633055e-15,0.999717793603407,0.000282206396592614
Amda,1.11899004493032e-19,1.75972911942238e-07,6.35887667357357e-13,1.25763354813723e-18,7.78263273439019e-09,7.14674507064639e-07,exponential,0.1,327,vertical,65,assessed,257,6.35887667357357e-13,0.999717793603407,0.000282206396592614
Ag_q,6.59015086578466e-23,4.10299075633613e-12,1.60618223563085e-11,7.30047428330436e-23,3.38466287421417e-08,1.77887200940528e-06,exponential,0.1,327,vertical,97,assessed,257,1.60618223563085e-11,0.999717793603407,0.000282206396592614
Ag_0,7.60027339167684e-19,1.42835406897067e-09,5.32100097362686e-10,1.06664831258295e-18,1.27886664277882e-06,7.46766917942619e-05,exponential,0.1,327,vertical,97,assessed,257,5.32100097362686e-10,0.999717793603407,0.000282206396592614
Aw_p,1.39770348427261e-11,1.90150791384458e-06,7.35050048488436e-06,2.18897360857119e-12,0.00850167823393917,0.115117775292043,exponential,0.1,327,vertical,97,assessed,257,6.42221050988262e-15,0.999717793603407,0.000282206396592614
Aw_m,1.39770348427574e-11,1.19366051119144e-06,1.17093886508873e-05,2.1889736086168e-12,0.0135432212813131,0.183383264023543,exponential,0.1,327,vertical,97,assessed,257,9.02548529277203e-15,0.999717793603407,0.000282206396592614
Aio,2.79954575408008e-21,1.81033046064588e-06,1.54642802236298e-15,5.85479910368764e-21,4.78053319055325e-12,3.23410516904449e-10,exponential,0.1,327,vertical,97,assessed,257,1.54642802236298e-15,0.999717793603407,0.000282206396592614
Amda,1.37636452674619e-19,1.75972911942238e-07,7.82145678874695e-13,1.25763354813723e-18,7.92889074507639e-09,7.14674507064639e-07,exponential,0.1,327,vertical,97,assessed,257,7.82145678874695e-13,0.999717793603407,0.000282206396592614
Ag_q,7.65187171135828e-23,4.10299075633613e-12,1.86494978072805e-11,7.30047428330436e-23,3.64336736664862e-08,1.77887200940528e-06,exponential,0.1,327,vertical,129,assessed,257,1.86494978072805e-11,0.999717793603407,0.000282206396592614
Ag_0,8.80067182731945e-19,1.42835406897067e-09,6.16140774791334e-10,1.06664831258295e-18,1.36290726137008e-06,7.46766917942619e-05,exponential,0.1,327,vertical,129,assessed,257,6.16140774791334e-10,0.999717793603407,0.000282206396592614
Aw_p,6.56125168938668e-12,1.90150791384458e-06,3.45055187076279e-06,2.18897360857119e-12,0.00460172962186858,0.115117775292043,exponential,0.1,327,vertical,129,assessed,257,5.32095949542293e-15,0.999717793603407,0.000282206396592614
Aw_m,6.56125168944633e-12,1.19366051119144e-06,5.4967485544925e-06,2.1889736086168e-12,0.00733058119012298,0.183383264023543,exponential,0.1,327,vertical,129,assessed,257,7.30185169627555e-15,0.999717793603407,0.000282206396592614
Aio,3.71717965700482e-21,1.81033046064588e-06,2.05331553426916e-15,5.85479910368764e-21,5.28742070217943e-12,3.23410516904449e-10,exponential,0.1,327,vertical,129,assessed,257,2.05331553426916e-15,0.999717793603407,0.000282206396592614
Amda,1.60699191727339e-19,1.75972911942238e-07,9.13204140078597e-13,1.25763354813723e-18,8.05994920553553e-09,7.14674507064639e-07,exponential,0.1,327,vertical,129,assessed,257,9.13204140078597e-13,0.999717793603407,0.000282206396592614
Ag_q,6.96053896078787e-23,4.10299075633613e-12,1.69645494570976e-11,7.30047428330436e-23,3.47491358796916e-08,1.77887200940528e-06,exponential,0.1,327,vertical,193,assessed,257,1.69645494570976e-11,0.999717793603407,0.000282206396592614
Ag_0,7.90837738598526e-19,1.42835406897067e-09,5.53670658962335e-10,1.06664831258295e-18,1.30043718927679e-06,7.46766917942619e-05,exponential,0.1,327,vertical,193,assessed,257,5.53670658962335e-10,0.999717793603407,0.000282206396592614
Aw_p,4.27492447632773e-12,1.90150791384458e-06,2.24817601083996e-06,2.18897360857119e-12,0.00339935376257808,0.115117775292043,exponential,0.1,327,vertical,193,assessed,257,9.23512458221576e-15,0.999717793603407,0.000282206396592614
Aw_m,4.27492447637641e-12,1.19366051119144e-06,3.581357041048e-06,2.1889736086168e-12,0.00541518967828311,0.183383264023543,exponential,0.1,327,vertical,193,assessed,257,1.40771980203486e-14,0.999717793603407,0.000282206396592614
Aio,2.20852013544601e-21,1.81033046064588e-06,1.21995413735571e-15,5.85479910368764e-21,4.45405930572632e-12,3.23410516904449e-10,exponential,0.1,327,vertical,193,assessed,257,1.21995413735571e-15,0.999717793603407,0.000282206396592614
Amda,7.99535324389801e-20,1.75972911942238e-07,4.54351363266775e-13,1.25763354813723e-18,7.60109643133123e-09,7.14674507064639e-07,exponential,0.1,327,vertical,193,assessed,257,4.54351363266775e-13,0.999717793603407,0.000282206396592614
Ag_q,0,4.10299075633613e-12,0,7.30047428330436e-23,1.77887200940528e-08,1.77887200940528e-06,exponential,0.1,327,vertical,257,assessed,257,0,0.999717793603407,0.000282206396592614
Ag_0,0,1.42835406897067e-09,0,1.06664831258295e-18,7.46766917942619e-07,7.46766917942619e-05,exponential,0.1,327,vertical,257,assessed,257,0,0.999717793603407,0.000282206396592614
Aw_p,0,1.90150791384458e-06,0,2.18897360857119e-12,0.00115117775292043,0.115117775292043,exponential,0.1,327,vertical,257,assessed,257,0,0.999717793603407,0.000282206396592614
Aw_m,0,1.19366051119144e-06,0,2.1889736086168e-12,0.00183383264023543,0.183383264023543,exponential,0.1,327,vertical,257,assessed,257,0,0.999717793603407,0.000282206396592614
Aio,0,1.81033046064588e-06,0,5.85479910368764e-21,3.23410516904449e-12,3.23410516904449e-10,exponential,0.1,327,vertical,257,assessed,257,0,0.999717793603407,0.000282206396592614
Amda,0,1.75972911942238e-07,0,1.25763354813723e-18,7.14674507064639e-09,7.14674507064639e-07,exponential,0.1,327,vertical,257,assessed,257,0,0.999717793603407,0.000282206396592614
Ag_q,9.71849742540582e-24,3.54672655824905e-12,2.74013157366258e-12,7.57098823352662e-23,2.40797531484035e-08,2.13403939374156e-06,exponential,0.1,901,horizontal,8,assessed,257,2.74013157366258e-12,0.999745676197029,0.000254323802971174
Ag_0,4.69884405656436e-21,9.83208244950423e-10,4.779093422677e-12,1.10466272361677e-18,1.12830668890758e-06,0.000112352760034561,exponential,0.1,901,horizontal,8,assessed,257,4.779093422677e-12,0.999745676197029,0.000254323802971174
Aw_p,1.57545582919513e-12,6.30178817975291e-07,2.50001393930842e-06,2.0958767287349e-12,0.0058258583871477,0.332584445180643,exponential,0.1,901,horizontal,8,assessed,257,5.30336682428882e-12,0.999745676197029,0.000254323802971174
Aw_m,1.57545582926671e-12,2.71027451387305e-07,5.81290131756927e-06,2.09587672905766e-12,0.0135459804015644,0.773307910544281,exponential,0.1,901,horizontal,8,assessed,257,1.6861460653446e-11,0.999745676197029,0.000254323802971174
Aio,1.27117173991415e-21,1.78520765313402e-06,7.12058195405192e-16,2.27847618528926e-21,1.98836696503258e-12,1.27630877002626e-10,exponential,0.1,901,horizontal,8,assessed,257,7.12058195405192e-16,0.999745676197029,0.000254323802971174
Amda,3.57883264853735e-21,8.75747377112191e-08,4.08660390207354e-14,5.79237154171801e-19,6.65506966275052e-09,6.61420362419643e-07,exponential,0.1,901,horizontal,8,assessed,257,4.08660390207354e-14,0.999745676197029,0.000254323802971174
Ag_q,2.33394769838693e-25,3.54672655824905e-12,6.58056847646907e-14,7.57098823352662e-23,2.1406181073489e-08,2.13403939374156e-06,exponential,0.1,901,horizontal,12,assessed,257,6.58056847646907e-14,0.999747151828076,0.000252848171923998
Ag_0,4.90022114204933e-21,9.83208244950423e-10,4.98390973348319e-12,1.10466272361677e-18,1.12851150501007e-06,0.000112352760034561,exponential,0.1,901,horizontal,12,assessed,257,4.98390973348319e-12,0.999747151828076,0.000252848171923998
Aw_p,5.91361569680113e-13,6.30178817975291e-07,9.38402803794812e-07,2.0958767287349e-12,0.00426424725411213,0.332584445180643,exponential,0.1,901,horizontal,12,assessed,257,1.54331040351385e-15,0.999747151828076,0.000252848171923998
Aw_m,5.91361569678556e-13,2.71027451387305e-07,2.18192499192079e-06,2.09587672905766e-12,0.00991500408931302,0.773307910544281,exponential,0.1,901,horizontal,12,assessed,257,4.15841785711146e-15,0.999747151828076,0.000252848171923998
Aio,1.27805309095451e-21,1.78520765313402e-06,7.15912845606965e-16,2.27847618528926e-21,1.9922216152322e-12,1.27630877002626e-10,exponential,0.1,901,horizontal,12,assessed,257,7.15912845606965e-16,0.999747151828076,0.000252848171923998
Amda,2.10208426047398e-20,8.75747377112191e-08,2.40033177993143e-13,5.79237154171801e-19,6.85423679944868e-09,6.61420362419643e-07,exponential,0.1,901,horizontal,12,assessed,257,2.40033177993143e-13,0.999747151828076,0.000252848171923998
Ag_q,9.52966287447364e-26,3.54672655824905e-12,2.68688964823335e-14,7.57098823352662e-23,2.13672552603445e-08,2.13403939374156e-06,exponential,0.1,901,horizontal,16,assessed,257,2.68688964823335e-14,0.999745676197029,0.000254323802971174
Ag_0,1.68689741056243e-21,9.83208244950423e-10,1.71570714467258e-12,1.10466272361677e-18,1.12524330574527e-06,0.000112352760034561,exponential,0.1,901,horizontal,16,assessed,257,1.71570714467258e-12,0.999745676197029,0.000254323802971174
Aw_p,2.24448233365333e-13,6.30178817975291e-07,3.56165943638768e-07,2.0958767287349e-12,0.00368201039488001,0.332584445180643,exponential,0.1,901,horizontal,16,assessed,257,1.4962602651574e-15,0.999745676197029,0.000254323802971174
Aw_m,2.24448233366925e-13,2.71027451387305e-07,8.28138375718196e-07,2.09587672905766e-12,0.00856121747810545,0.773307910544281,exponential,0.1,901,horizontal,16,assessed,257,3.23970521036954e-15,0.999745676197029,0.000254323802971174
Aio,1.63754197154046e-22,1.78520765313402e-06,9.17283750529341e-17,2.27847618528926e-21,1.36803714502781e-12,1.27630877002626e-10,exponential,0.1,901,horizontal,16,assessed,257,9.17283750529341e-17,0.999745676197029,0.000254323802971174
Amda,1.00615807036808e-20,8.75747377112191e-08,1.14891359844653e-13,5.79237154171801e-19,6.72909498272916e-09,6.61420362419643e-07,exponential,0.1,901,horizontal,16,assessed,257,1.14891359844653e-13,0.999745676197029,0.000254323802971174
Ag_q,3.43958439380719e-25,3.54672655824905e-12,9.6979125323528e-14,7.57098823352662e-23,2.14373457271698e-08,2.13403939374156e-06,exponential,0.1,901,horizontal,24,assessed,257,9.6979125323528e-14,0.999745676197029,0.000254323802971174
Ag_0,4.35412509215966e-21,9.83208244950423e-10,4.42848716385532e-12,1.10466272361677e-18,1.12795608300535e-06,0.000112352760034561,exponential,0.1,901,horizontal,24,assessed,257,4.42848716385532e-12,0.999745676197029,0.000254323802971174
Aw_p,7.96061483818304e-14,6.30178817975291e-07,1.26323110379365e-07,2.0958767287349e-12,0.00345216756198534,0.332584445180643,exponential,0.1,901,horizontal,24,assessed,257,1.19862887223646e-15,0.999745676197029,0.000254323802971174
Aw_m,7.96061483817342e-14,2.71027451387305e-07,2.93719872191009e-07,2.09587672905766e-12,0.00802679897655009,0.773307910544281,exponential,0.1,901,horizontal,24,assessed,257,3.50905846038342e-15,0.999745676197029,0.000254323802971174
Aio,1.11213325325952e-21,1.78520765313402e-06,6.22971367676536e-16,2.27847618528926e-21,1.89928013735383e-12,1.27630877002626e-10,exponential,0.1,901,horizontal,24,assessed,257,6.22971367676536e-16,0.999745676197029,0.000254323802971174
Amda,1.51824262027578e-20,8.75747377112191e-08,1.73365363112161e-13,5.79237154171801e-19,6.78756898532896e-09,6.61420362419643e-07,exponential,0.1,901,horizontal,24,assessed,257,1.73365363112161e-13,0.999745676197029,0.000254323802971174
Ag_q,6.43136261818673e-26,3.54672655824905e-12,1.81332350057507e-14,7.57098823352662e-23,2.13585220611946e-08,2.13403939374156e-06,exponential,0.1,901,horizontal,32,assessed,257,1.81332350057507e-14,0.999745450531628,0.000254549468371951
Ag_0,1.31594736209526e-21,9.83208244950423e-10,1.33842181333784e-12,1.10466272361677e-18,1.12486602079767e-06,0.000112352760034561,exponential,0.1,901,horizontal,32,assessed,257,1.33842181333784e-12,0.999745450531628,0.000254549468371951
Aw_p,5.52733999361972e-14,6.30178817975291e-07,8.77106598311028e-08,2.0958767287349e-12,0.00341355511149835,0.332584445180643,exponential,0.1,901,horizontal,32,assessed,257,1.06064195385383e-15,0.999745450531628,0.000254549468371951
Aw_m,5.52733999369166e-14,2.71027451387305e-07,2.03940226917935e-07,2.09587672905766e-12,0.00793701933160827,0.773307910544281,exponential,0.1,901,horizontal,32,assessed,257,2.11102515573865e-15,0.999745450531628,0.000254549468371951
Aio,2.60705367302746e-22,1.78520765313402e-06,1.46036438307367e-16,2.27847618528926e-21,1.42234520825182e-12,1.27630877002626e-10,exponential,0.1,901,horizontal,32,assessed,257,1.46036438307367e-16,0.999745450531628,0.000254549468371951
Amda,1.6101166812285e-20,8.75747377112191e-08,1.83856295012601e-13,5.79237154171801e-19,6.79805991710961e-09,6.61420362419643e-07,exponential,0.1,901,horizontal,32,assessed,257,1.83856295012601e-13,0.999745450531628,0.000254549468371951
Ag_q,1.29834986560562e-25,3.54672655824905e-12,3.66069908204763e-14,7.57098823352662e-23,2.13769906097997e-08,2.13403939374156e-06,exponential,0.1,901,horizontal,48,assessed,257,3.66069908204763e-14,0.999744431477302,0.000255568522697566
Ag_0,1.87181972728392e-21,9.83208244950423e-10,1.90378766339404e-12,1.10466272361677e-18,1.1254313860727e-06,0.000112352760034561,exponential,0.1,901,horizontal,48,assessed,257,1.90378766339404e-12,0.999744431477302,0.000255568522697566
Aw_p,1.87931533878628e-14,6.30178817975291e-07,2.98219376021611e-08,2.0958767287349e-12,0.00335566638936127,0.332584445180643,exponential,0.1,901,horizontal,48,assessed,257,1.28933635097226e-15,0.999744431477302,0.000255568522697566
Aw_m,1.87931533874121e-14,2.71027451387305e-07,6.93404055242959e-08,2.09587672905766e-12,0.00780241951071126,0.773307910544281,exponential,0.1,901,horizontal,48,assessed,257,1.57047956306822e-15,0.999744431477302,0.000255568522697566
Aio,1.48355319846014e-21,1.78520765313402e-06,8.31025564928362e-16,2.27847618528926e-21,2.10733433448911e-12,1.27630877002626e-10,exponential,0.1,901,horizontal,48,assessed,257,8.31025564928362e-16,0.999744431477302,0.000255568522697566
Amda,1.04938655881078e-20,8.75747377112191e-08,1.19827542306912e-13,5.79237154171801e-19,6.73403116513505e-09,6.61420362419643e-07,exponential,0.1,901,horizontal,48,assessed,257,1.19827542306912e-13,0.999744431477302,0.000255568522697566
Ag_q,0,3.54672655824905e-12,0,7.57098823352662e-23,2.13403939374156e-08,2.13403939374156e-06,exponential,0.1,901,horizontal,64,assessed,257,0,0.999744332254252,0.000255667745748444
Ag_0,0,9.83208244950423e-10,0,1.10466272361677e-18,1.12352760034561e-06,0.000112352760034561,exponential,0.1,901,horizontal,64,assessed,257,0,0.999744332254252,0.000255667745748444
Aw_p,0,6.30178817975291e-07,0,2.0958767287349e-12,0.00332584445180643,0.332584445180643,exponential,0.1,901,horizontal,64,assessed,257,0,0.999744332254252,0.000255667745748444
Aw_m,0,2.71027451387305e-07,0,2.09587672905766e-12,0.00773307910544281,0.773307910544281,exponential,0.1,901,horizontal,64,assessed,257,0,0.999744332254252,0.000255667745748444
Aio,0,1.78520765313402e-06,0,2.27847618528926e-21,1.27630877002626e-12,1.27630877002626e-10,exponential,0.1,901,horizontal,64,assessed,257,0,0.999744332254252,0.000255667745748444
Amda,0,8.75747377112191e-08,0,5.79237154171801e-19,6.61420362419643e-09,6.61420362419643e-07,exponential,0.1,901,horizontal,64,assessed,257,0,0.999744332254252,0.000255667745748444
Ag_q,3.55090844338303e-15,3.54672655824905e-12,0.00100117908304046,7.57098823352662e-23,1.00089690137941,2.13403939374156e-06,exponential,0.1,901,vertical,9,rejected,257,0.00100117908304046,0.999744332254252,0.000255667745748444
Ag_0,4.12725592204995e-11,9.83208244950423e-10,0.0419774340100053,1.10466272361677e-18,41.9773924392293,0.000112352760034561,exponential,0.1,901,vertical,9,rejected,257,0.0419774340100053,0.999744332254252,0.000255667745748444
Aw_p,1.26796751447817e-09,6.30178817975291e-07,0.0020120757447101,2.0958767287349e-12,2.01540158596904,0.332584445180643,exponential,0.1,901,vertical,9,rejected,257,0.000527473224680627,0.999744332254252,0.000255667745748444
Aw_m,1.30800811422809e-09,2.71027451387305e-07,0.00482610933886146,2.09587672905766e-12,4.83384240016019,0.773307910544281,exponential,0.1,901,vertical,9,rejected,257,0.00149694811250493,0.999744332254252,0.000255667745748444
Aio,4.97883553275001e-10,1.78520765313402e-06,0.000278893916010802,2.27847618528926e-21,0.278893915855853,1.27630877002626e-10,exponential,0.1,901,vertical,9,rejected,257,0.000278893916010802,0.999744332254252,0.000255667745748444
Amda,3.20930275433043e-13,8.75747377112191e-08,3.66464443766103e-06,5.79237154171801e-19,0.00366465101001875,6.61420362419643e-07,exponential,0.1,901,vertical,9,rejected,257,3.66464443766103e-06,0.999744332254252,0.000255667745748444
Ag_q,1.58013212681069e-18,3.54672655824905e-12,4.45518452257219e-07,7.57098823352662e-23,0.000445414214074301,2.13403939374156e-06,exponential,0.1,901,vertical,13,rejected,257,4.45518452257219e-07,0.999744332254252,0.000255667745748444
Ag_0,1.87905032759818e-14,9.83208244950423e-10,1.91114175175873e-05,1.10466272361677e-18,0.0191125216073949,0.000112352760034561,exponential,0.1,901,vertical,13,rejected,257,1.91114175175873e-05,0.999744332254252,0.000255667745748444
Aw_p,4.87764622618122e-10,6.30178817975291e-07,0.000774009866255529,2.0958767287349e-12,0.777335709479097,0.332584445180643,exponential,0.1,901,vertical,13,rejected,257,2.67883341881847e-06,0.999744332254252,0.000255667745748444
Aw_m,4.87773426368048e-10,2.71027451387305e-07,0.00179971963677955,2.09587672905766e-12,1.80745270924464,0.773307910544281,exponential,0.1,901,vertical,13,rejected,257,1.97968360687252e-06,0.999744332254252,0.000255667745748444
Aio,8.45989470320914e-13,1.78520765313402e-06,4.7388855231252e-07,2.27847618528926e-21,0.000473888553323376,1.27630877002626e-10,exponential,0.1,901,vertical,13,rejected,257,4.7388855231252e-07,0.999744332254252,0.000255667745748444
Amda,5.58706481183594e-16,8.75747377112191e-08,6.37976767941857e-09,5.79237154171801e-19,6.38638181019336e-06,6.61420362419643e-07,exponential,0.1,901,vertical,13,rejected,257,6.37976767941857e-09,0.999744332254252,0.000255667745748444
Ag_q,2.43986653754773e-22,3.54672655824905e-12,6.87920677694491e-11,7.57098823352662e-23,9.01130712418331e-08,2.13403939374156e-06,exponential,0.1,901,vertical,17,assessed,257,6.87920677694491e-11,0.999744332254252,0.000255667745748444
Ag_0,3.00725384086467e-18,9.83208244950423e-10,3.05861332663693e-09,1.10466272361677e-18,4.18213781613575e-06,0.000112352760034561,exponential,0.1,901,vertical,17,assessed,257,3.05861332663693e-09,0.999744332254252,0.000255667745748444
Aw_p,2.64452885853234e-10,6.30178817975291e-07,0.000419647373586592,2.0958767287349e-12,0.42297321737248,0.332584445180643,exponential,0.1,901,vertical,17,assessed,257,5.90144465996755e-09,0.999744332254252,0.000255667745748444
Aw_m,2.64452898733395e-10,2.71027451387305e-07,0.00097574211534567,2.09587672905766e-12,0.983475190850953,0.773307910544281,exponential,0.1,901,vertical,17,assessed,257,6.30752764339231e-09,0.999744332254252,0.000255667745748444
Aio,5.70411432121099e-16,1.78520765313402e-06,3.19521054662583e-10,2.27847618528926e-21,3.19522330792371e-07,1.27630877002626e-10,exponential,0.1,901,vertical,17,assessed,257,3.19521054662583e-10,0.999744332254252,0.000255667745748444
Amda,1.46987175315439e-19,8.75747377112191e-08,1.67841981782617e-12,5.79237154171801e-19,8.29262342285703e-09,6.61420362419643e-07,exponential,0.1,901,vertical,17,assessed,257,1.67841981782617e-12,0.999744332254252,0.000255667745748444
Ag_q,6.64898891873604e-23,3.54672655824905e-12,1.87468326343673e-11,7.57098823352662e-23,4.00819423898352e-08,2.13403939374156e-06,exponential,0.1,901,vertical,25,assessed,257,1.87468326343673e-11,0.999744332254252,0.000255667745748444
Ag_0,7.65116819492838e-19,9.83208244950423e-10,7.78183892804335e-10,1.10466272361677e-18,1.90171070167662e-06,0.000112352760034561,exponential,0.1,901,vertical,25,assessed,257,7.78183892804335e-10,0.999744332254252,0.000255667745748444
Aw_p,1.06001903885863e-10,6.30178817975291e-07,0.000168209246109601,2.0958767287349e-12,0.171535090294484,0.332584445180643,exponential,0.1,901,vertical,25,assessed,257,2.15728823121261e-14,0.999744332254252,0.000255667745748444
Aw_m,1.06001903885899e-10,2.71027451387305e-07,0.000391111318588979,2.09587672905766e-12,0.398844396251353,0.773307910544281,exponential,0.1,901,vertical,25,assessed,257,3.32135791248085e-14,0.999744332254252,0.000255667745748444
Aio,8.42392980812312e-21,1.78520765313402e-06,4.71873946615369e-15,2.27847618528926e-21,5.9950482335367e-12,1.27630877002626e-10,exponential,0.1,901,vertical,25,assessed,257,4.71873946615369e-15,0.999744332254252,0.000255667745748444
Amda,1.37377984002629e-19,8.75747377112191e-08,1.56869421014583e-12,5.79237154171801e-19,8.18289781642963e-09,6.61420362419643e-07,exponential,0.1,901,vertical,25,assessed,257,1.56869421014583e-12,0.999744332254252,0.000255667745748444
Ag_q,6.64277138040321e-23,3.54672655824905e-12,1.87293022772035e-11,7.57098823352662e-23,4.00644169739647e-08,2.13403939374156e-06,exponential,0.1,901,vertical,33,assessed,257,1.87293022772035e-11,0.999744332254252,0.000255667745748444
Ag_0,7.64377199469809e-19,9.83208244950423e-10,7.77431641155889e-10,1.10466272361677e-18,1.90095845079327e-06,0.000112352760034561,exponential,0.1,901,vertical,33,assessed,257,7.77431641155889e-10,0.999744332254252,0.000255667745748444
Aw_p,5.11313099544428e-11,6.30178817975291e-07,8.11377794619045e-05,2.0958767287349e-12,0.0844636237849573,0.332584445180643,exponential,0.1,901,vertical,33,assessed,257,2.48577740173146e-14,0.999744332254252,0.000255667745748444
Aw_m,5.11313099544264e-11,2.71027451387305e-07,0.000188657310145896,2.09587672905766e-12,0.196390388555257,0.773307910544281,exponential,0.1,901,vertical,33,assessed,257,4.62125108261434e-14,0.999744332254252,0.000255667745748444
Aio,6.88515477116523e-21,1.78520765313402e-06,3.85678089553223e-15,2.27847618528926e-21,5.13308966339807e-12,1.27630877002626e-10,exponential,0.1,901,vertical,33,assessed,257,3.85678089553223e-15,0.999744332254252,0.000255667745748444
Amda,1.36481233700453e-19,8.75747377112191e-08,1.55845438156497e-12,5.79237154171801e-19,8.1726579879657e-09,6.61420362419643e-07,exponential,0.1,901,vertical,33,assessed,257,1.55845438156497e-12,0.999744332254252,0.000255667745748444
Ag_q,6.67842653583408e-23,3.54672655824905e-12,1.88298320328678e-11,7.57098823352662e-23,4.01649183932411e-08,2.13403939374156e-06,exponential,0.1,901,vertical,49,assessed,257,1.88298320328678e-11,0.999744332254252,0.000255667745748444
Ag_0,7.68938858373916e-19,9.83208244950423e-10,7.82071206504873e-10,1.10466272361677e-18,1.90559801142346e-06,0.000112352760034561,exponential,0.1,901,vertical,49,assessed,257,7.82071206504873e-10,0.999744332254252,0.000255667745748444
Aw_p,1.46487259605301e-11,6.30178817975291e-07,2.32453480546921e-05,2.0958767287349e-12,0.0265711924696117,0.332584445180643,exponential,0.1,901,vertical,49,assessed,257,9.4306772421523e-15,0.999744332254252,0.000255667745748444
Aw_m,1.46487259605166e-11,2.71027451387305e-07,5.4048864369769e-05,2.09587672905766e-12,0.0617819432757897,0.773307910544281,exponential,0.1,901,vertical,49,assessed,257,2.52147313583967e-14,0.999744332254252,0.000255667745748444
Aio,3.12641107336225e-21,1.78520765313402e-06,1.75128706617052e-15,2.27847618528926e-21,3.02759583521578e-12,1.27630877002626e-10,exponential,0.1,901,vertical,49,assessed,257,1.75128706617052e-15,0.999744332254252,0.000255667745748444
Amda,1.28928395489408e-19,8.75747377112191e-08,1.47220989590119e-12,5.79237154171801e-19,8.08641350328672e-09,6.61420362419643e-07,exponential,0.1,901,vertical,49,assessed,257,1.47220989590119e-12,0.999744332254252,0.000255667745748444
Ag_q,6.61423088869526e-23,3.54672655824905e-12,1.86488323248708e-11,7.57098823352662e-23,3.99839697037499e-08,2.13403939374156e-06,exponential,0.1,901,vertical,65,assessed,257,1.86488323248708e-11,0.999744332254252,0.000255667745748444
Ag_0,7.61308204054552e-19,9.83208244950423e-10,7.74310231799307e-10,1.10466272361677e-18,1.8978370446114e-06,0.000112352760034561,exponential,0.1,901,vertical,65,assessed,257,7.74310231799307e-10,0.999744332254252,0.000255667745748444
Aw_p,1.06038737487463e-11,6.30178817975291e-07,1.6826769555371e-05,2.0958767287349e-12,0.0201526139804759,0.332584445180643,exponential,0.1,901,vertical,65,assessed,257,1.93319522671301e-14,0.999744332254252,0.000255667745748444
Aw_m,1.06038737486307e-11,2.71027451387305e-07,3.91247222167082e-05,2.09587672905766e-12,0.046857801177794,0.773307910544281,exponential,0.1,901,vertical,65,assessed,257,3.06479048084841e-14,0.999744332254252,0.000255667745748444
Aio,2.75589158723998e-21,1.78520765313402e-06,1.54373726910809e-15,2.27847618528926e-21,2.82004603826961e-12,1.27630877002626e-10,exponential,0.1,901,vertical,65,assessed,257,1.54373726910809e-15,0.999744332254252,0.000255667745748444
Amda,1.30065033606651e-19,8.75747377112191e-08,1.48518895980648e-12,5.79237154171801e-19,8.09939256704381e-09,6.61420362419643e-07,exponential,0.1,901,vertical,65,assessed,257,1.48518895980648e-12,0.999744332254252,0.000255667745748444
Ag_q,6.66123918239771e-23,3.54672655824905e-12,1.87813722681972e-11,7.57098823352662e-23,4.0116472287956e-08,2.13403939374156e-06,exponential,0.1,901,vertical,97,assessed,257,1.87813722681972e-11,0.999744332254252,0.000255667745748444
Ag_0,7.6963929002139e-19,9.83208244950423e-10,7.82783600497774e-10,1.10466272361677e-18,1.9063104046918e-06,0.000112352760034561,exponential,0.1,901,vertical,97,assessed,257,7.82783600497774e-10,0.999744332254252,0.000255667745748444
Aw_p,1.23373804675708e-11,6.30178817975291e-07,1.95775867351584e-05,2.0958767287349e-12,0.0229034311558981,0.332584445180643,exponential,0.1,901,vertical,97,assessed,257,1.48849404939663e-14,0.999744332254252,0.000255667745748444
Aw_m,1.2337380467604e-11,2.71027451387305e-07,4.55207780778396e-05,2.09587672905766e-12,0.0532538570153261,0.773307910544281,exponential,0.1,901,vertical,97,assessed,257,4.38406661963435e-14,0.999744332254252,0.000255667745748444
Aio,1.12163542856681e-21,1.78520765313402e-06,6.28294095982462e-16,2.27847618528926e-21,1.90460286565677e-12,1.27630877002626e-10,exponential,0.1,901,vertical,97,assessed,257,6.28294095982462e-16,0.999744332254252,0.000255667745748444
Amda,1.39121324649413e-19,8.75747377112191e-08,1.58860109987621e-12,5.79237154171801e-19,8.20280470593269e-09,6.61420362419643e-07,exponential,0.1,901,vertical,97,assessed,257,1.58860109987621e-12,0.999744332254252,0.000255667745748444
Ag_q,7.73727405839147e-23,3.54672655824905e-12,2.18152539569084e-11,7.57098823352662e-23,4.31494988144559e-08,2.13403939374156e-06,exponential,0.1,901,vertical,129,assessed,257,2.18152539569084e-11,0.999744332254252,0.000255667745748444
Ag_0,8.91299022426058e-19,9.83208244950423e-10,9.06521102730379e-10,1.10466272361677e-18,2.03004778107377e-06,0.000112352760034561,exponential,0.1,901,vertical,129,assessed,257,9.06521102730379e-10,0.999744332254252,0.000255667745748444
Aw_p,6.73791799162409e-12,6.30178817975291e-07,1.06920731059677e-05,2.0958767287349e-12,0.0140179175408073,0.332584445180643,exponential,0.1,901,vertical,129,assessed,257,1.92590538855062e-14,0.999744332254252,0.000255667745748444
Aw_m,6.73791799177391e-12,2.71027451387305e-07,2.48606477214194e-05,2.09587672905766e-12,0.0325937267351348,0.773307910544281,exponential,0.1,901,vertical,129,assessed,257,4.00799231577505e-14,0.999744332254252,0.000255667745748444
Aio,2.14252728571816e-21,1.78520765313402e-06,1.20015578129348e-15,2.27847618528926e-21,2.47646455064746e-12,1.27630877002626e-10,exponential,0.1,901,vertical,129,assessed,257,1.20015578129348e-15,0.999744332254252,0.000255667745748444
Amda,1.49076861085784e-19,8.75747377112191e-08,1.702281559522e-12,5.79237154171801e-19,8.31648516428039e-09,6.61420362419643e-07,exponential,0.1,901,vertical,129,assessed,257,1.702281559522e-12,0.999744332254252,0.000255667745748444
Ag_q,7.00915318643088e-23,3.54672655824905e-12,1.97623162409542e-11,7.57098823352662e-23,4.10971397613953e-08,2.13403939374156e-06,exponential,0.1,901,vertical,193,assessed,257,1.97623162409542e-11,0.999744332254252,0.000255667745748444
Ag_0,7.97379967552865e-19,9.83208244950423e-10,8.10998048122625e-10,1.10466272361677e-18,1.93452482362037e-06,0.000112352760034561,exponential,0.1,901,vertical,193,assessed,257,8.10998048122625e-10,0.999744332254252,0.000255667745748444
Aw_p,4.29155710247607e-12,6.30178817975291e-07,6.81006244586968e-06,2.0958767287349e-12,0.0101359068868696,0.332584445180643,exponential,0.1,901,vertical,193,assessed,257,2.43052007652529e-14,0.999744332254252,0.000255667745748444
Aw_m,4.29155710254945e-12,2.71027451387305e-07,1.58344000970467e-05,2.09587672905766e-12,0.0235674791440659,0.773307910544281,exponential,0.1,901,vertical,193,assessed,257,5.64128077551456e-14,0.999744332254252,0.000255667745748444
Aio,1.3648905721938e-21,1.78520765313402e-06,7.64555635753446e-16,2.27847618528926e-21,2.04086440535143e-12,1.27630877002626e-10,exponential,0.1,901,vertical,193,assessed,257,7.64555635753446e-16,0.999744332254252,0.000255667745748444
Amda,9.93648846340095e-20,8.75747377112191e-08,1.1346295430729e-12,5.79237154171801e-19,7.7488331543132e-09,6.61420362419643e-07,exponential,0.1,901,vertical,193,assessed,257,1.1346295430729e-12,0.999744332254252,0.000255667745748444
Ag_q,0,3.54672655824905e-12,0,7.57098823352662e-23,2.13403939374156e-08,2.13403939374156e-06,exponential,0.1,901,vertical,257,assessed,257,0,0.999744332254252,0.000255667745748444
Ag_0,0,9.83208244950423e-10,0,1.10466272361677e-18,1.12352760034561e-06,0.000112352760034561,exponential,0.1,901,vertical,257,assessed,257,0,0.999744332254252,0.000255667745748444
Aw_p,0,6.30178817975291e-07,0,2.0958767287349e-12,0.00332584445180643,0.332584445180643,exponential,0.1,901,vertical,257,assessed,257,0,0.999744332254252,0.000255667745748444
Aw_m,0,2.71027451387305e-07,0,2.09587672905766e-12,0.00773307910544281,0.773307910544281,exponential,0.1,901,vertical,257,assessed,257,0,0.999744332254252,0.000255667745748444
Aio,0,1.78520765313402e-06,0,2.27847618528926e-21,1.27630877002626e-12,1.27630877002626e-10,exponential,0.1,901,vertical,257,assessed,257,0,0.999744332254252,0.000255667745748444
Amda,0,8.75747377112191e-08,0,5.79237154171801e-19,6.61420362419643e-09,6.61420362419643e-07,exponential,0.1,901,vertical,257,assessed,257,0,0.999744332254252,0.000255667745748444
Ag_q,1.64649807231351e-18,4.10320443177069e-10,4.01271274607925e-09,7.30088427154325e-21,4.03049605153435e-06,1.77930848922089e-06,exponential,1,327,horizontal,8,assessed,257,4.01271274607925e-09,0.997289188706438,0.00271081129356212
Ag_0,8.3139427620123e-16,1.42843948845001e-07,5.8202974849384e-09,1.06659400755727e-16,6.5669822066306e-06,7.46684762438047e-05,exponential,1,327,horizontal,8,assessed,257,5.8202974849384e-09,0.997289188706438,0.00271081129356212
Aw_p,1.63525262996886e-10,0.000190178765602871,8.59850270236574e-07,4.98540882928032e-12,0.00088606459975223,0.00262143295201768,exponential,1,327,horizontal,8,assessed,257,3.01838731241918e-09,0.997289188706438,0.00271081129356212
Aw_m,1.63562573368853e-10,0.000119430400761138,1.36952210095971e-06,4.98540892547239e-12,0.00141126531619041,0.00417432152421687,exponential,1,327,horizontal,8,assessed,257,6.45036790362873e-09,0.997289188706438,0.00271081129356212
Aio,3.96934874276789e-20,0.00018103471252003,2.19258985611873e-16,5.31229796399005e-19,3.1536674700459e-12,2.93440848443524e-10,exponential,1,327,horizontal,8,assessed,257,2.19258985611873e-16,0.997289188706438,0.00271081129356212
Amda,2.12083315706879e-18,1.76022913017432e-05,1.20486198115512e-13,1.21200578554316e-16,7.00598629975891e-09,6.88550010165025e-07,exponential,1,327,horizontal,8,assessed,257,1.20486198115512e-13,0.997289188706438,0.00271081129356212
Ag_q,2.14912243250469e-23,4.10320443177069e-10,5.23766843266268e-14,7.30088427154325e-21,1.78454614488876e-08,1.77930848922089e-06,exponential,1,327,horizontal,12,assessed,257,5.23766843266268e-14,0.997190808417434,0.00280919158256622
Ag_0,4.41282377848853e-19,1.42843948845001e-07,3.08926196326093e-12,1.06659400755727e-16,7.49774024379681e-07,7.46684762438047e-05,exponential,1,327,horizontal,12,assessed,257,3.08926196326093e-12,0.997190808417434,0.00280919158256622
Aw_p,2.31668928252962e-11,0.000190178765602871,1.21816401278327e-07,4.98540882928032e-12,0.000148030730797863,0.00262143295201768,exponential,1,327,horizontal,12,assessed,257,7.44961721001424e-16,0.997190808417434,0.00280919158256622
Aw_m,2.31668928290182e-11,0.000119430400761138,1.93978188814355e-07,4.98540892547239e-12,0.0002357214040549,0.00417432152421687,exponential,1,327,horizontal,12,assessed,257,9.22974981999229e-16,0.997190808417434,0.00280919158256622
Aio,1.09526605490859e-19,0.00018103471252003,6.0500333867595e-16,5.31229796399005e-19,3.53941182310785e-12,2.93440848443524e-10,exponential,1,327,horizontal,12,assessed,257,6.0500333867595e-16,0.997190808417434,0.00280919158256622
Amda,4.34902218441288e-18,1.76022913017432e-05,2.47071367577139e-13,1.21200578554316e-16,7.13257146921335e-09,6.88550010165025e-07,exponential,1,327,horizontal,12,assessed,257,2.47071367577139e-13,0.997190808417434,0.00280919158256622
Ag_q,1.81663732047569e-23,4.10320443177069e-10,4.42736244484835e-14,7.30088427154325e-21,1.78373584087575e-08,1.77930848922089e-06,exponential,1,327,horizontal,16,assessed,257,4.42736244484835e-14,0.997194990925571,0.00280500907442885
Ag_0,3.21009624379972e-19,1.42843948845001e-07,2.24727492466829e-12,1.06659400755727e-16,7.48932037346982e-07,7.46684762438047e-05,exponential,1,327,horizontal,16,assessed,257,2.24727492466829e-12,0.997194990925571,0.00280500907442885
Aw_p,9.89170259541534e-12,0.000190178765602871,5.20126553774731e-08,4.98540882928032e-12,7.82269848973763e-05,0.00262143295201768,exponential,1,327,horizontal,16,assessed,257,8.58926036520231e-16,0.997194990925571,0.00280500907442885
Aw_m,9.89170259576874e-12,0.000119430400761138,8.28239923229618e-08,4.98540892547239e-12,0.000124567207564437,0.00417432152421687,exponential,1,327,horizontal,16,assessed,257,9.91392957740958e-16,0.997194990925571,0.00280500907442885
Aio,2.84521870050833e-20,0.00018103471252003,1.57164262085567e-16,5.31229796399005e-19,3.09157274651994e-12,2.93440848443524e-10,exponential,1,327,horizontal,16,assessed,257,1.57164262085567e-16,0.997194990925571,0.00280500907442885
Amda,7.25827667664533e-19,1.76022913017432e-05,4.12348401251974e-14,1.21200578554316e-16,6.9267349417731e-09,6.88550010165025e-07,exponential,1,327,horizontal,16,assessed,257,4.12348401251974e-14,0.997194990925571,0.00280500907442885
Ag_q,1.74887546992781e-23,4.10320443177069e-10,4.26221870981238e-14,7.30088427154325e-21,1.78357069754319e-08,1.77930848922089e-06,exponential,1,327,horizontal,24,assessed,257,4.26221870981238e-14,0.997178290057007,0.00282170994299324
Ag_0,3.1300918062019e-19,1.42843948845001e-07,2.19126664553242e-12,1.06659400755727e-16,7.48876029068239e-07,7.46684762438047e-05,exponential,1,327,horizontal,24,assessed,257,2.19126664553242e-12,0.997178290057007,0.00282170994299324
Aw_p,7.42970476116308e-12,0.000190178765602871,3.90669522836094e-08,4.98540882928032e-12,6.52812818035807e-05,0.00262143295201768,exponential,1,327,horizontal,24,assessed,257,9.8848715942219e-16,0.997178290057007,0.00282170994299324
Aw_m,7.42970476453629e-12,0.000119430400761138,6.22094937066801e-08,4.98540892547239e-12,0.000103952708948328,0.00417432152421687,exponential,1,327,horizontal,24,assessed,257,1.18610180087541e-15,0.997178290057007,0.00282170994299324
Aio,6.83110979613743e-20,0.00018103471252003,3.77337014600535e-16,5.31229796399005e-19,3.31174549903369e-12,2.93440848443524e-10,exponential,1,327,horizontal,24,assessed,257,3.77337014600535e-16,0.997178290057007,0.00282170994299324
Amda,3.60131674449896e-18,1.76022913017432e-05,2.04593634019811e-13,1.21200578554316e-16,7.09009373565843e-09,6.88550010165025e-07,exponential,1,327,horizontal,24,assessed,257,2.04593634019811e-13,0.997178290057007,0.00282170994299324
Ag_q,9.39961318355396e-24,4.10320443177069e-10,2.29079816515446e-14,7.30088427154325e-21,1.78159928180311e-08,1.77930848922089e-06,exponential,1,327,horizontal,32,assessed,257,2.29079816515446e-14,0.997183995707767,0.00281600429223301
Ag_0,1.95874701629307e-19,1.42843948845001e-07,1.37124955738831e-12,1.06659400755727e-16,7.48056011985835e-07,7.46684762438047e-05,exponential,1,327,horizontal,32,assessed,257,1.37124955738831e-12,0.997183995707767,0.00281600429223301
Aw_p,3.29795625335173e-12,0.000190178765602871,1.73413485091101e-08,4.98540882928032e-12,4.35556780291956e-05,0.00262143295201768,exponential,1,327,horizontal,32,assessed,257,5.15894826199987e-16,0.997183995707767,0.00281600429223301
Aw_m,3.29795625453074e-12,0.000119430400761138,2.76140432713333e-08,4.98540892547239e-12,6.93572585132708e-05,0.00417432152421687,exponential,1,327,horizontal,32,assessed,257,1.06752913245401e-15,0.997183995707767,0.00281600429223301
Aio,3.56666545663294e-20,0.00018103471252003,1.97015556131994e-16,5.31229796399005e-19,3.13142404056615e-12,2.93440848443524e-10,exponential,1,327,horizontal,32,assessed,257,1.97015556131994e-16,0.997183995707767,0.00281600429223301
Amda,6.62258439459839e-19,1.76022913017432e-05,3.76234223208347e-14,1.21200578554316e-16,6.92312352396894e-09,6.88550010165025e-07,exponential,1,327,horizontal,32,assessed,257,3.76234223208347e-14,0.997183995707767,0.00281600429223301
Ag_q,1.77238109053077e-23,4.10320443177069e-10,4.31950471881782e-14,7.30088427154325e-21,1.78362798341258e-08,1.77930848922089e-06,exponential,1,327,horizontal,48,assessed,257,4.31950471881782e-14,0.997178290057007,0.00282170994299324
Ag_0,2.7136406467339e-19,1.42843948845001e-07,1.89972390757585e-12,1.06659400755727e-16,7.48584486332323e-07,7.46684762438047e-05,exponential,1,327,horizontal,48,assessed,257,1.89972390757585e-12,0.997178290057007,0.00282170994299324
Aw_p,1.12820252936916e-12,0.000190178765602871,5.93232649182853e-09,4.98540882928032e-12,3.21466560119741e-05,0.00262143295201768,exponential,1,327,horizontal,48,assessed,257,6.73197601963812e-16,0.997178290057007,0.00282170994299324
Aw_m,1.12820252860227e-12,0.000119430400761138,9.44652719418308e-09,4.98540892547239e-12,5.11897424362727e-05,0.00417432152421687,exponential,1,327,horizontal,48,assessed,257,9.20189231351759e-16,0.997178290057007,0.00282170994299324
Aio,3.38515896140355e-20,0.00018103471252003,1.86989495786838e-16,5.31229796399005e-19,3.12139798022104e-12,2.93440848443524e-10,exponential,1,327,horizontal,48,assessed,257,1.86989495786838e-16,0.997178290057007,0.00282170994299324
Amda,1.89970059808903e-18,1.76022913017432e-05,1.0792348368311e-13,1.21200578554316e-16,6.99342358532722e-09,6.88550010165025e-07,exponential,1,327,horizontal,48,assessed,257,1.0792348368311e-13,0.997178290057007,0.00282170994299324
Ag_q,0,4.10320443177069e-10,0,7.30088427154325e-21,1.77930848922089e-08,1.77930848922089e-06,exponential,1,327,horizontal,64,assessed,257,0,0.997177936034074,0.00282206396592614
Ag_0,0,1.42843948845001e-07,0,1.06659400755727e-16,7.46684762438047e-07,7.46684762438047e-05,exponential,1,327,horizontal,64,assessed,257,0,0.997177936034074,0.00282206396592614
Aw_p,0,0.000190178765602871,0,4.98540882928032e-12,2.62143295201768e-05,0.00262143295201768,exponential,1,327,horizontal,64,assessed,257,0,0.997177936034074,0.00282206396592614
Aw_m,0,0.000119430400761138,0,4.98540892547239e-12,4.17432152421687e-05,0.00417432152421687,exponential,1,327,horizontal,64,assessed,257,0,0.997177936034074,0.00282206396592614
Aio,0,0.00018103471252003,0,5.31229796399005e-19,2.93440848443524e-12,2.93440848443524e-10,exponential,1,327,horizontal,64,assessed,257,0,0.997177936034074,0.00282206396592614
Amda,0,1.76022913017432e-05,0,1.21200578554316e-16,6.88550010165025e-09,6.88550010165025e-07,exponential,1,327,horizontal,64,assessed,257,0,0.997177936034074,0.00282206396592614
Ag_q,3.552426775319e-13,4.10320443177069e-10,0.000865768897063214,7.30088427154325e-21,0.865766804879081,1.77930848922089e-06,exponential,1,327,vertical,9,rejected,257,0.000865768897063214,0.997177936034074,0.00282206396592614
Ag_0,4.12192372901918e-09,1.42843948845001e-07,0.0288561312001522,1.06659400755727e-16,28.8561317448254,7.46684762438047e-05,exponential,1,327,vertical,9,rejected,257,0.0288561312001522,0.997177936034074,0.00282206396592614
Aw_p,9.24553172049017e-08,0.000190178765602871,0.000486149528375665,4.98540882928032e-12,0.486175742702629,0.00262143295201768,exponential,1,327,vertical,9,rejected,257,0.000625242710772709,0.997177936034074,0.00282206396592614
Aw_m,1.00557513878665e-07,0.000119430400761138,0.000841975855710144,4.98540892547239e-12,0.842017598918337,0.00417432152421687,exponential,1,327,vertical,9,rejected,257,0.00106192997952903,0.997177936034074,0.00282206396592614
Aio,4.97751460761008e-08,0.00018103471252003,0.000274948076991553,5.31229796399005e-19,0.274948076992968,2.93440848443524e-10,exponential,1,327,vertical,9,rejected,257,0.000274948076991553,0.997177936034074,0.00282206396592614
Amda,3.19921432677018e-11,1.76022913017432e-05,1.81749879713294e-06,1.21200578554316e-16,0.00181750568252978,6.88550010165025e-07,exponential,1,327,vertical,9,rejected,257,1.81749879713294e-06,0.997177936034074,0.00282206396592614
Ag_q,1.58098638989116e-16,4.10320443177069e-10,3.85305293991629e-07,7.30088427154325e-21,0.00038532214804372,1.77930848922089e-06,exponential,1,327,vertical,13,assessed,257,3.85305293991629e-07,0.997177936034074,0.00282206396592614
Ag_0,1.8788153245052e-12,1.42843948845001e-07,1.3152922050229e-05,1.06659400755727e-16,0.0131536686429124,7.46684762438047e-05,exponential,1,327,vertical,13,assessed,257,1.3152922050229e-05,0.997177936034074,0.00282206396592614
Aw_p,3.43394652002294e-09,0.000190178765602871,1.8056413969968e-05,4.98540882928032e-12,0.0180826282993932,0.00262143295201768,exponential,1,327,vertical,13,assessed,257,1.91425117336593e-06,0.997177936034074,0.00282206396592614
Aw_m,3.43049953790273e-09,0.000119430400761138,2.87238384535254e-05,4.98540892547239e-12,0.0287655816685271,0.00417432152421687,exponential,1,327,vertical,13,assessed,257,2.17145875563675e-06,0.997177936034074,0.00282206396592614
Aio,8.45969635253401e-11,0.00018103471252003,4.67296919732895e-07,5.31229796399005e-19,0.000467296922664722,2.93440848443524e-10,exponential,1,327,vertical,13,assessed,257,4.67296919732895e-07,0.997177936034074,0.00282206396592614
Amda,3.05396526141472e-14,1.76022913017432e-05,1.73498166179779e-09,1.21200578554316e-16,1.74186716180087e-06,6.88550010165025e-07,exponential,1,327,vertical,13,assessed,257,1.73498166179779e-09,0.997177936034074,0.00282206396592614
Ag_q,2.42972429661603e-20,4.10320443177069e-10,5.92152873935045e-11,7.30088427154325e-21,7.70082279713267e-08,1.77930848922089e-06,exponential,1,327,vertical,17,assessed,257,5.92152873935045e-11,0.997177936034074,0.00282206396592614
Ag_0,3.00442875422103e-16,1.42843948845001e-07,2.10329438419622e-09,1.06659400755727e-16,2.84997913190984e-06,7.46684762438047e-05,exponential,1,327,vertical,17,assessed,257,2.10329438419622e-09,0.997177936034074,0.00282206396592614
Aw_p,1.63696516999435e-09,0.000190178765602871,8.60750759846997e-06,4.98540882928032e-12,0.00863372192794489,0.00262143295201768,exponential,1,327,vertical,17,assessed,257,2.61052433844535e-09,0.997177936034074,0.00282206396592614
Aw_m,1.63697712603098e-09,0.000119430400761138,1.37065363223971e-05,4.98540892547239e-12,0.0137482795375245,0.00417432152421687,exponential,1,327,vertical,17,assessed,257,2.60558439780873e-09,0.997177936034074,0.00282206396592614
Aio,5.70419705381483e-14,0.00018103471252003,3.15088580218211e-10,5.31229796399005e-19,3.15091514624955e-07,2.93440848443524e-10,exponential,1,327,vertical,17,assessed,257,3.15088580218211e-10,0.997177936034074,0.00282206396592614
Amda,3.31916215823927e-17,1.76022913017432e-05,1.88564210269067e-12,1.21200578554316e-16,8.77114220423379e-09,6.88550010165025e-07,exponential,1,327,vertical,17,assessed,257,1.88564210269067e-12,0.997177936034074,0.00282206396592614
Ag_q,6.58484458597385e-21,4.10320443177069e-10,1.6048053894142e-11,7.30088427154325e-21,3.38410996754193e-08,1.77930848922089e-06,exponential,1,327,vertical,25,assessed,257,1.6048053894142e-11,0.997177936034074,0.00282206396592614
Ag_0,7.56543220883785e-17,1.42843948845001e-07,5.29629170154561e-10,1.06659400755727e-16,1.27631392888486e-06,7.46684762438047e-05,exponential,1,327,vertical,25,assessed,257,5.29629170154561e-10,0.997177936034074,0.00282206396592614
Aw_p,1.96379073082903e-09,0.000190178765602871,1.03260252247604e-05,4.98540882928032e-12,0.0103522395542263,0.00262143295201768,exponential,1,327,vertical,25,assessed,257,6.51005161964537e-15,0.997177936034074,0.00282206396592614
Aw_m,1.96379073073405e-09,0.000119430400761138,1.64429719587198e-05,4.98540892547239e-12,0.0164847151738242,0.00417432152421687,exponential,1,327,vertical,25,assessed,257,1.23942491703422e-14,0.997177936034074,0.00282206396592614
Aio,7.40649694141329e-19,0.00018103471252003,4.09120264192085e-15,5.31229796399005e-19,7.02561112633349e-12,2.93440848443524e-10,exponential,1,327,vertical,25,assessed,257,4.09120264192085e-15,0.997177936034074,0.00282206396592614
Amda,1.29436250689736e-17,1.76022913017432e-05,7.35337510730306e-13,1.21200578554316e-16,7.62083761233878e-09,6.88550010165025e-07,exponential,1,327,vertical,25,assessed,257,7.35337510730306e-13,0.997177936034074,0.00282206396592614
Ag_q,6.5791083805548e-21,4.10320443177069e-10,1.60340740754066e-11,7.30088427154325e-21,3.38271198907543e-08,1.77930848922089e-06,exponential,1,327,vertical,33,assessed,257,1.60340740754066e-11,0.997177936034074,0.00282206396592614
Ag_0,7.5585935442588e-17,1.42843948845001e-07,5.29150419417526e-10,1.06659400755727e-16,1.27583517815118e-06,7.46684762438047e-05,exponential,1,327,vertical,33,assessed,257,5.29150419417526e-10,0.997177936034074,0.00282206396592614
Aw_p,1.46956823170136e-09,0.000190178765602871,7.72729924417587e-06,4.98540882928032e-12,0.00775351357365542,0.00262143295201768,exponential,1,327,vertical,33,assessed,257,8.10346370920916e-15,0.997177936034074,0.00282206396592614
Aw_m,1.46956823180705e-09,0.000119430400761138,1.2304808678874e-05,4.98540892547239e-12,0.0123465518940132,0.00417432152421687,exponential,1,327,vertical,33,assessed,257,9.00474318836752e-15,0.997177936034074,0.00282206396592614
Aio,5.93809853012158e-19,0.00018103471252003,3.28008835844925e-15,5.31229796399005e-19,6.21449684286637e-12,2.93440848443524e-10,exponential,1,327,vertical,33,assessed,257,3.28008835844925e-15,0.997177936034074,0.00282206396592614
Amda,1.28734964302074e-17,1.76022913017432e-05,7.31353447657833e-13,1.21200578554316e-16,7.61685354926653e-09,6.88550010165025e-07,exponential,1,327,vertical,33,assessed,257,7.31353447657833e-13,0.997177936034074,0.00282206396592614
Ag_q,6.61510955024324e-21,4.10320443177069e-10,1.61218132321732e-11,7.30088427154325e-21,3.39148588336906e-08,1.77930848922089e-06,exponential,1,327,vertical,49,assessed,257,1.61218132321732e-11,0.997177936034074,0.00282206396592614
Ag_0,7.60466431307433e-17,1.42843948845001e-07,5.32375671112683e-10,1.06659400755727e-16,1.27906042982376e-06,7.46684762438047e-05,exponential,1,327,vertical,49,assessed,257,5.32375671112683e-10,0.997177936034074,0.00282206396592614
Aw_p,6.22677716015093e-10,0.000190178765602871,3.27417056284487e-06,4.98540882928032e-12,0.00330038489234783,0.00262143295201768,exponential,1,327,vertical,49,assessed,257,6.76955885329999e-15,0.997177936034074,0.00282206396592614
Aw_m,6.22677715955011e-10,0.000119430400761138,5.21372876576353e-06,4.98540892547239e-12,0.00525547198096204,0.00417432152421687,exponential,1,327,vertical,49,assessed,257,6.15592027555567e-15,0.997177936034074,0.00282206396592614
Aio,3.37946959918542e-19,0.00018103471252003,1.86675226653646e-15,5.31229796399005e-19,4.80116075096138e-12,2.93440848443524e-10,exponential,1,327,vertical,49,assessed,257,1.86675226653646e-15,0.997177936034074,0.00282206396592614
Amda,1.26984946592414e-17,1.76022913017432e-05,7.21411459540148e-13,1.21200578554316e-16,7.60691156114941e-09,6.88550010165025e-07,exponential,1,327,vertical,49,assessed,257,7.21411459540148e-13,0.997177936034074,0.00282206396592614
Ag_q,6.55273464103137e-21,4.10320443177069e-10,1.59697981175255e-11,7.30088427154325e-21,3.3762844089521e-08,1.77930848922089e-06,exponential,1,327,vertical,65,assessed,257,1.59697981175255e-11,0.997177936034074,0.00282206396592614
Ag_0,7.53031847916721e-17,1.42843948845001e-07,5.27170982044069e-10,1.06659400755727e-16,1.27385574079158e-06,7.46684762438047e-05,exponential,1,327,vertical,65,assessed,257,5.27170982044069e-10,0.997177936034074,0.00282206396592614
Aw_p,3.44361655269121e-10,0.000190178765602871,1.81072610381862e-06,4.98540882928032e-12,0.00183694043332928,0.00262143295201768,exponential,1,327,vertical,65,assessed,257,8.59747158771096e-15,0.997177936034074,0.00282206396592614
Aw_m,3.44361655314299e-10,0.000119430400761138,2.88336682385439e-06,4.98540892547239e-12,0.00292511003907241,0.00417432152421687,exponential,1,327,vertical,65,assessed,257,5.42630083925238e-15,0.997177936034074,0.00282206396592614
Aio,2.94642929483981e-19,0.00018103471252003,1.62754935438904e-15,5.31229796399005e-19,4.56195783881529e-12,2.93440848443524e-10,exponential,1,327,vertical,65,assessed,257,1.62754935438904e-15,0.997177936034074,0.00282206396592614
Amda,1.18227228783358e-17,1.76022913017432e-05,6.7165817652188e-13,1.21200578554316e-16,7.55715827813397e-09,6.88550010165025e-07,exponential,1,327,vertical,65,assessed,257,6.7165817652188e-13,0.997177936034074,0.00282206396592614
Ag_q,6.58953674722426e-21,4.10320443177069e-10,1.60594892523564e-11,7.30088427154325e-21,3.38525350057644e-08,1.77930848922089e-06,exponential,1,327,vertical,97,assessed,257,1.60594892523564e-11,0.997177936034074,0.00282206396592614
Ag_0,7.59976679239447e-17,1.42843948845001e-07,5.32032812999374e-10,1.06659400755727e-16,1.27871757171285e-06,7.46684762438047e-05,exponential,1,327,vertical,97,assessed,257,5.32032812999374e-10,0.997177936034074,0.00282206396592614
Aw_p,1.25373639825766e-10,0.000190178765602871,6.59241001109295e-07,4.98540882928032e-12,0.000685455330626005,0.00262143295201768,exponential,1,327,vertical,97,assessed,257,5.87004106440189e-15,0.997177936034074,0.00282206396592614
Aw_m,1.2537363982957e-10,0.000119430400761138,1.0497632012499e-06,4.98540892547239e-12,0.00109150641648328,0.00417432152421687,exponential,1,327,vertical,97,assessed,257,9.66646350369592e-15,0.997177936034074,0.00282206396592614
Aio,2.3574093644807e-19,0.00018103471252003,1.30218637722303e-15,5.31229796399005e-19,4.23659486165107e-12,2.93440848443524e-10,exponential,1,327,vertical,97,assessed,257,1.30218637722303e-15,0.997177936034074,0.00282206396592614
Amda,1.4152415882648e-17,1.76022913017432e-05,8.04009866672666e-13,1.21200578554316e-16,7.68950996827724e-09,6.88550010165025e-07,exponential,1,327,vertical,97,assessed,257,8.04009866672666e-13,0.997177936034074,0.00282206396592614
Ag_q,7.65265005516608e-21,4.10320443177069e-10,1.86504235468075e-11,7.30088427154325e-21,3.64434629858141e-08,1.77930848922089e-06,exponential,1,327,vertical,129,assessed,257,1.86504235468075e-11,0.997177936034074,0.00282206396592614
Ag_0,8.80160642436316e-17,1.42843948845001e-07,6.16169357927349e-10,1.06659400755727e-16,1.36285411605181e-06,7.46684762438047e-05,exponential,1,327,vertical,129,assessed,257,6.16169357927349e-10,0.997177936034074,0.00282206396592614
Aw_p,5.83669456693638e-11,0.000190178765602871,3.0690569204369e-07,4.98540882928032e-12,0.000333120021562253,0.00262143295201768,exponential,1,327,vertical,129,assessed,257,4.89791037213353e-15,0.997177936034074,0.00282206396592614
Aw_m,5.83669456164401e-11,0.000119430400761138,4.88710958386338e-07,4.98540892547239e-12,0.000530454173624415,0.00417432152421687,exponential,1,327,vertical,129,assessed,257,8.23269481382442e-15,0.997177936034074,0.00282206396592614
Aio,3.24419055286152e-19,0.00018103471252003,1.79202679292933e-15,5.31229796399005e-19,4.72643527735467e-12,2.93440848443524e-10,exponential,1,327,vertical,129,assessed,257,1.79202679292933e-15,0.997177936034074,0.00282206396592614
Amda,1.74023552895501e-17,1.76022913017432e-05,9.88641478045911e-13,1.21200578554316e-16,7.87414157963999e-09,6.88550010165025e-07,exponential,1,327,vertical,129,assessed,257,9.88641478045911e-13,0.997177936034074,0.00282206396592614
Ag_q,6.95713220222033e-21,4.10320443177069e-10,1.69553633456622e-11,7.30088427154325e-21,3.47484069157232e-08,1.77930848922089e-06,exponential,1,327,vertical,193,assessed,257,1.69553633456622e-11,0.997177936034074,0.00282206396592614
Ag_0,7.90493538138911e-17,1.42843948845001e-07,5.53396587346286e-10,1.06659400755727e-16,1.3000813459102e-06,7.46684762438047e-05,exponential,1,327,vertical,193,assessed,257,5.53396587346286e-10,0.997177936034074,0.00282206396592614
Aw_p,1.80510484007178e-11,0.000190178765602871,9.49162139290137e-08,4.98540882928032e-12,0.000121130543448691,0.00262143295201768,exponential,1,327,vertical,193,assessed,257,8.68947194181997e-15,0.997177936034074,0.00282206396592614
Aw_m,1.80510484773665e-11,0.000119430400761138,1.51142827641253e-07,4.98540892547239e-12,0.000192886042882157,0.00417432152421687,exponential,1,327,vertical,193,assessed,257,1.46988927410959e-14,0.997177936034074,0.00282206396592614
Aio,1.74508239939096e-19,0.00018103471252003,9.63949054354911e-16,5.31229796399005e-19,3.89835753878483e-12,2.93440848443524e-10,exponential,1,327,vertical,193,assessed,257,9.63949054354911e-16,0.997177936034074,0.00282206396592614
Amda,1.12783179628908e-17,1.76022913017432e-05,6.40730105504722e-13,1.21200578554316e-16,7.52623020711857e-09,6.88550010165025e-07,exponential,1,327,vertical,193,assessed,257,6.40730105504722e-13,0.997177936034074,0.00282206396592614
Ag_q,0,4.10320443177069e-10,0,7.30088427154325e-21,1.77930848922089e-08,1.77930848922089e-06,exponential,1,327,vertical,257,assessed,257,0,0.997177936034074,0.00282206396592614
Ag_0,0,1.42843948845001e-07,0,1.06659400755727e-16,7.46684762438047e-07,7.46684762438047e-05,exponential,1,327,vertical,257,assessed,257,0,0.997177936034074,0.00282206396592614
Aw_p,0,0.000190178765602871,0,4.98540882928032e-12,2.62143295201768e-05,0.00262143295201768,exponential,1,327,vertical,257,assessed,257,0,0.997177936034074,0.00282206396592614
Aw_m,0,0.000119430400761138,0,4.98540892547239e-12,4.17432152421687e-05,0.00417432152421687,exponential,1,327,vertical,257,assessed,257,0,0.997177936034074,0.00282206396592614
Aio,0,0.00018103471252003,0,5.31229796399005e-19,2.93440848443524e-12,2.93440848443524e-10,exponential,1,327,vertical,257,assessed,257,0,0.997177936034074,0.00282206396592614
Amda,0,1.76022913017432e-05,0,1.21200578554316e-16,6.88550010165025e-09,6.88550010165025e-07,exponential,1,327,vertical,257,assessed,257,0,0.997177936034074,0.00282206396592614
Ag_q,9.76511128772245e-19,3.54682791980568e-10,2.75319567470232e-09,7.57282701998696e-21,2.77453883724731e-06,2.13509249399303e-06,exponential,1,901,horizontal,8,assessed,257,2.75319567470232e-09,0.997456761970288,0.00254323802971174
Ag_0,4.54102050256379e-16,9.83235031311934e-08,4.61844864956112e-09,1.10474751183776e-16,5.74203295975739e-06,0.000112358435716824,exponential,1,901,horizontal,8,assessed,257,4.61844864956112e-09,0.997456761970288,0.00254323802971174
Aw_p,1.52651273302857e-10,6.28856220758725e-05,2.42744316210596e-06,3.12205985078423e-12,0.00247708980223207,0.00496466401647067,exponential,1,901,horizontal,8,assessed,257,5.31474154152466e-09,0.997456761970288,0.00254323802971174
Aw_m,1.52633528376434e-10,2.72116250321342e-05,5.6091294877167e-06,3.12205953014358e-12,0.00572386205222664,0.0114732564716073,exponential,1,901,horizontal,8,assessed,257,1.67944788953704e-08,0.997456761970288,0.00254323802971174
Aio,1.65308505689649e-19,0.000178521176239313,9.25988217039574e-16,2.9231691916843e-19,2.56342376011491e-12,1.63743554308052e-10,exponential,1,901,horizontal,8,assessed,257,9.25988217039574e-16,0.997456761970288,0.00254323802971174
Amda,7.26334579960384e-19,8.75983579975909e-06,8.29164606008208e-14,6.31460607993344e-17,7.29150600902358e-09,7.20858954843222e-07,exponential,1,901,horizontal,8,assessed,257,8.29164606008208e-14,0.997456761970288,0.00254323802971174
Ag_q,2.24995122508453e-23,3.54682791980568e-10,6.34355902219185e-14,7.57282701998696e-21,2.14143603513011e-08,2.13509249399303e-06,exponential,1,901,horizontal,12,assessed,257,6.34355902219185e-14,0.99747151828076,0.00252848171923998
Ag_0,4.50360060833172e-19,9.83235031311934e-08,4.58039071525203e-12,1.10474751183776e-16,1.12816474783691e-06,0.000112358435716824,exponential,1,901,horizontal,12,assessed,257,4.58039071525203e-12,0.99747151828076,0.00252848171923998
Aw_p,2.10754884556659e-11,6.28856220758725e-05,3.35140017065235e-07,3.12205985078423e-12,0.000384786657224613,0.00496466401647067,exponential,1,901,horizontal,12,assessed,257,2.14193375432451e-15,0.99747151828076,0.00252848171923998
Aw_m,2.10754884586696e-11,2.72116250321342e-05,7.74503118934706e-07,3.12205953014358e-12,0.000889235683622317,0.0114732564716073,exponential,1,901,horizontal,12,assessed,257,4.77070160850291e-15,0.99747151828076,0.00252848171923998
Aio,1.36075052031617e-19,0.000178521176239313,7.62234794202812e-16,2.9231691916843e-19,2.39967033727906e-12,1.63743554308052e-10,exponential,1,901,horizontal,12,assessed,257,7.62234794202812e-16,0.99747151828076,0.00252848171923998
Amda,4.02704263998789e-19,8.75983579975909e-06,4.59716681002016e-14,6.31460607993344e-17,7.25456121652718e-09,7.20858954843222e-07,exponential,1,901,horizontal,12,assessed,257,4.59716681002016e-14,0.99747151828076,0.00252848171923998
Ag_q,1.11440490022946e-23,3.54682791980568e-10,3.14197622615565e-14,7.57282701998696e-21,2.13823446136066e-08,2.13509249399303e-06,exponential,1,901,horizontal,16,assessed,257,3.14197622615565e-14,0.997456761970288,0.00254323802971174
Ag_0,2.31503779892875e-19,9.83235031311934e-08,2.35451110386068e-12,1.10474751183776e-16,1.12593886824816e-06,0.000112358435716824,exponential,1,901,horizontal,16,assessed,257,2.35451110386068e-12,0.997456761970288,0.00254323802971174
Aw_p,8.47709598623133e-12,6.28856220758725e-05,1.34801814888681e-07,3.12205985078423e-12,0.000184448455051244,0.00496466401647067,exponential,1,901,horizontal,16,assessed,257,2.48047067708385e-15,0.997456761970288,0.00254323802971174
Aw_m,8.47709598843227e-12,2.72116250321342e-05,3.11524797891404e-07,3.12205953014358e-12,0.000426257362596029,0.0114732564716073,exponential,1,901,horizontal,16,assessed,257,5.16288536274218e-15,0.997456761970288,0.00254323802971174
Aio,6.43745786159682e-20,0.000178521176239313,3.6059911755047e-16,2.9231691916843e-19,1.99803466062897e-12,1.63743554308052e-10,exponential,1,901,horizontal,16,assessed,257,3.6059911755047e-16,0.997456761970288,0.00254323802971174
Amda,8.40197338042395e-19,8.75983579975909e-06,9.59147359891726e-14,6.31460607993344e-17,7.30450428441045e-09,7.20858954843222e-07,exponential,1,901,horizontal,16,assessed,257,9.59147359891726e-14,0.997456761970288,0.00254323802971174
Ag_q,2.34979479260077e-23,3.54682791980568e-10,6.62506004162024e-14,7.57282701998696e-21,2.14171753535587e-08,2.13509249399303e-06,exponential,1,901,horizontal,24,assessed,257,6.62506004162024e-14,0.997456761970288,0.00254323802971174
Ag_0,3.17904154134018e-19,9.83235031311934e-08,3.23324682309008e-12,1.10474751183776e-16,1.12681760395845e-06,0.000112358435716824,exponential,1,901,horizontal,24,assessed,257,3.23324682309008e-12,0.997456761970288,0.00254323802971174
Aw_p,3.77375528855512e-12,6.28856220758725e-05,6.00098267931901e-08,3.12205985078423e-12,0.000109656466956942,0.00496466401647067,exponential,1,901,horizontal,24,assessed,257,1.52347471774774e-15,0.997456761970288,0.00254323802971174
Aw_m,3.77375528955061e-12,2.72116250321342e-05,1.38681731983819e-07,3.12205953014358e-12,0.000253414296694796,0.0114732564716073,exponential,1,901,horizontal,24,assessed,257,3.39009771050288e-15,0.997456761970288,0.00254323802971174
Aio,1.13299989934934e-19,0.000178521176239313,6.34658544838691e-16,2.9231691916843e-19,2.27209408791566e-12,1.63743554308052e-10,exponential,1,901,horizontal,24,assessed,257,6.34658544838691e-16,0.997456761970288,0.00254323802971174
Amda,1.13421633604098e-18,8.75983579975909e-06,1.29479177688716e-13,6.31460607993344e-17,7.33806872610616e-09,7.20858954843222e-07,exponential,1,901,horizontal,24,assessed,257,1.29479177688716e-13,0.997456761970288,0.00254323802971174
Ag_q,1.16543377620838e-23,3.54682791980568e-10,3.28584809457637e-14,7.57282701998696e-21,2.13837833282344e-08,2.13509249399303e-06,exponential,1,901,horizontal,32,assessed,257,3.28584809457637e-14,0.99745450531628,0.00254549468371951
Ag_0,1.95824635344826e-19,9.83235031311934e-08,1.99163606979642e-12,1.10474751183776e-16,1.12557599321778e-06,0.000112358435716824,exponential,1,901,horizontal,32,assessed,257,1.99163606979642e-12,0.99745450531628,0.00254549468371951
Aw_p,1.85832454157611e-12,6.28856220758725e-05,2.95508652094434e-08,3.12205985078423e-12,7.91975053736802e-05,0.00496466401647067,exponential,1,901,horizontal,32,assessed,257,1.20474452856792e-15,0.99745450531628,0.00254549468371951
Aw_m,1.85832454158635e-12,2.72116250321342e-05,6.82915680115341e-08,3.12205953014358e-12,0.000183024132725098,0.0114732564716073,exponential,1,901,horizontal,32,assessed,257,3.16983582952207e-15,0.99745450531628,0.00254549468371951
Aio,3.70028822442812e-20,0.000178521176239313,2.07274470310893e-16,2.9231691916843e-19,1.84471001339025e-12,1.63743554308052e-10,exponential,1,901,horizontal,32,assessed,257,2.07274470310893e-16,0.99745450531628,0.00254549468371951
Amda,1.73340362079737e-18,8.75983579975909e-06,1.97880834803438e-13,6.31460607993344e-17,7.40647038321307e-09,7.20858954843222e-07,exponential,1,901,horizontal,32,assessed,257,1.97880834803438e-13,0.99745450531628,0.00254549468371951
Ag_q,1.73995934883441e-23,3.54682791980568e-10,4.90567737757556e-14,7.57282701998696e-21,2.13999815753947e-08,2.13509249399303e-06,exponential,1,901,horizontal,48,assessed,257,4.90567737757556e-14,0.997444314773024,0.00255568522697566
Ag_0,2.32330348268503e-19,9.83235031311934e-08,2.36291772434617e-12,1.10474751183776e-16,1.12594727486856e-06,0.000112358435716824,exponential,1,901,horizontal,48,assessed,257,2.36291772434617e-12,0.997444314773024,0.00255568522697566
Aw_p,7.22728939487716e-13,6.28856220758725e-05,1.14927532817554e-08,3.12205985078423e-12,6.11393934462794e-05,0.00496466401647067,exponential,1,901,horizontal,48,assessed,257,2.25730044772693e-15,0.997444314773024,0.00255568522697566
Aw_m,7.2272893748365e-13,2.72116250321342e-05,2.65595655029856e-08,3.12205953014358e-12,0.000141292130218083,0.0114732564716073,exponential,1,901,horizontal,48,assessed,257,5.09073067832067e-15,0.997444314773024,0.00255568522697566
Aio,1.11243429238768e-19,0.000178521176239313,6.23138563066844e-16,2.9231691916843e-19,2.26057410614387e-12,1.63743554308052e-10,exponential,1,901,horizontal,48,assessed,257,6.23138563066844e-16,0.997444314773024,0.00255568522697566
Amda,4.86977591692353e-18,8.75983579975909e-06,5.55920913158835e-13,6.31460607993344e-17,7.7645104615276e-09,7.20858954843222e-07,exponential,1,901,horizontal,48,assessed,257,5.55920913158835e-13,0.997444314773024,0.00255568522697566
Ag_q,0,3.54682791980568e-10,0,7.57282701998696e-21,2.13509249399303e-08,2.13509249399303e-06,exponential,1,901,horizontal,64,assessed,257,0,0.997443322542516,0.00255667745748444
Ag_0,0,9.83235031311934e-08,0,1.10474751183776e-16,1.12358435716824e-06,0.000112358435716824,exponential,1,901,horizontal,64,assessed,257,0,0.997443322542516,0.00255667745748444
Aw_p,0,6.28856220758725e-05,0,3.12205985078423e-12,4.96466401647067e-05,0.00496466401647067,exponential,1,901,horizontal,64,assessed,257,0,0.997443322542516,0.00255667745748444
Aw_m,0,2.72116250321342e-05,0,3.12205953014358e-12,0.000114732564716073,0.0114732564716073,exponential,1,901,horizontal,64,assessed,257,0,0.997443322542516,0.00255667745748444
Aio,0,0.000178521176239313,0,2.9231691916843e-19,1.63743554308052e-12,1.63743554308052e-10,exponential,1,901,horizontal,64,assessed,257,0,0.997443322542516,0.00255667745748444
Amda,0,8.75983579975909e-06,0,6.31460607993344e-17,7.20858954843222e-09,7.20858954843222e-07,exponential,1,901,horizontal,64,assessed,257,0,0.997443322542516,0.00255667745748444
Ag_q,3.550921534517e-13,3.54682791980568e-10,0.00100115416219898,7.57282701998696e-21,1.00115136088311,2.13509249399303e-06,exponential,1,901,vertical,9,rejected,257,0.00100115416219898,0.997443322542516,0.00255667745748444
Ag_0,4.12727665886257e-09,9.83235031311934e-08,0.0419765013188712,1.10474751183776e-16,41.9765020155332,0.000112358435716824,exponential,1,901,vertical,9,rejected,257,0.0419765013188712,0.997443322542516,0.00255667745748444
Aw_p,5.75717439397911e-08,6.28856220758725e-05,0.000915499315095108,3.12205985078423e-12,0.915548961720714,0.00496466401647067,exponential,1,901,vertical,9,rejected,257,0.000528775709761826,0.997443322542516,0.00255667745748444
Aw_m,6.59340216792111e-08,2.72116250321342e-05,0.00242300934256406,3.12205953014358e-12,2.42312407503973,0.0114732564716073,exponential,1,901,vertical,9,rejected,257,0.0014916897490789,0.997443322542516,0.00255667745748444
Aio,4.97884271561208e-08,0.000178521176239313,0.000278893676397123,2.9231691916843e-19,0.278893676397199,1.63743554308052e-10,exponential,1,901,vertical,9,rejected,257,0.000278893676397123,0.997443322542516,0.00255667745748444
Amda,3.2296306961159e-11,8.75983579975909e-06,3.68686213981856e-06,6.31460607993344e-17,0.00368686934798722,7.20858954843222e-07,exponential,1,901,vertical,9,rejected,257,3.68686213981856e-06,0.997443322542516,0.00255667745748444
Ag_q,1.58013718474475e-16,3.54682791980568e-10,4.45507146236549e-07,7.57282701998696e-21,0.000445527241092968,2.13509249399303e-06,exponential,1,901,vertical,13,assessed,257,4.45507146236549e-07,0.997443322542516,0.00255667745748444
Ag_0,1.87905887852214e-12,9.83235031311934e-08,1.9110983830742e-05,1.10474751183776e-16,0.0191121072207307,0.000112358435716824,exponential,1,901,vertical,13,assessed,257,1.9110983830742e-05,0.997443322542516,0.00255667745748444
Aw_p,3.22420813174707e-09,6.28856220758725e-05,5.12709904953634e-05,3.12205985078423e-12,0.0513206371347128,0.00496466401647067,exponential,1,901,vertical,13,assessed,257,2.68424394151861e-06,0.997443322542516,0.00255667745748444
Aw_m,3.23417889642659e-09,2.72116250321342e-05,0.000118852839277601,3.12205953014358e-12,0.118967571837949,0.0114732564716073,exponential,1,901,vertical,13,assessed,257,1.97114646060088e-06,0.997443322542516,0.00255667745748444
Aio,8.45990561015069e-11,0.000178521176239313,4.73888072460935e-07,2.9231691916843e-19,0.000473888074095716,1.63743554308052e-10,exponential,1,901,vertical,13,assessed,257,4.73888072460935e-07,0.997443322542516,0.00255667745748444
Amda,5.59378939702466e-14,8.75983579975909e-06,6.38572403055603e-09,6.31460607993344e-17,6.39293261937548e-06,7.20858954843222e-07,exponential,1,901,vertical,13,assessed,257,6.38572403055603e-09,0.997443322542516,0.00255667745748444
Ag_q,2.43976977256131e-20,3.54682791980568e-10,6.87873736117139e-11,7.57282701998696e-21,9.0138104611647e-08,2.13509249399303e-06,exponential,1,901,vertical,17,assessed,257,6.87873736117139e-11,0.997443322542516,0.00255667745748444
Ag_0,3.00711534994283e-16,9.83235031311934e-08,3.05838914824914e-09,1.10474751183776e-16,4.18197347431201e-06,0.000112358435716824,exponential,1,901,vertical,17,assessed,257,3.05838914824914e-09,0.997443322542516,0.00255667745748444
Aw_p,1.44014946621892e-09,6.28856220758725e-05,2.29010927884494e-05,3.12205985078423e-12,0.0229507394282499,0.00496466401647067,exponential,1,901,vertical,17,assessed,257,5.91372627057056e-09,0.997443322542516,0.00255667745748444
Aw_m,1.44017756424572e-09,2.72116250321342e-05,5.29250848688756e-05,3.12205953014358e-12,0.0530398174316467,0.0114732564716073,exponential,1,901,vertical,17,assessed,257,6.28162266606385e-09,0.997443322542516,0.00255667745748444
Aio,5.70412610724161e-14,0.000178521176239313,3.19520979382024e-10,2.9231691916843e-19,3.19522616815777e-07,1.63743554308052e-10,exponential,1,901,vertical,17,assessed,257,3.19520979382024e-10,0.997443322542516,0.00255667745748444
Amda,2.81184333930909e-17,8.75983579975909e-06,3.20992699359321e-12,6.31460607993344e-17,1.0418516541659e-08,7.20858954843222e-07,exponential,1,901,vertical,17,assessed,257,3.20992699359321e-12,0.997443322542516,0.00255667745748444
Ag_q,6.6469351543594e-21,3.54682791980568e-10,1.87405064599908e-11,7.57282701998696e-21,4.00913785626985e-08,2.13509249399303e-06,exponential,1,901,vertical,25,assessed,257,1.87405064599908e-11,0.997443322542516,0.00255667745748444
Ag_0,7.64906958313683e-17,9.83235031311934e-08,7.7794925318422e-10,1.10474751183776e-16,1.90153360244032e-06,0.000112358435716824,exponential,1,901,vertical,25,assessed,257,7.7794925318422e-10,0.997443322542516,0.00255667745748444
Aw_p,1.49382298182583e-09,6.28856220758725e-05,2.37546029205772e-05,3.12205985078423e-12,0.0238042495603641,0.00496466401647067,exponential,1,901,vertical,25,assessed,257,2.5184698719501e-14,0.997443322542516,0.00255667745748444
Aw_m,1.49382298190917e-09,2.72116250321342e-05,5.48965003062154e-05,3.12205953014358e-12,0.055011232868914,0.0114732564716073,exponential,1,901,vertical,25,assessed,257,3.71198024731939e-14,0.997443322542516,0.00255667745748444
Aio,8.02456515050984e-19,0.000178521176239313,4.49502144202359e-15,2.9231691916843e-19,6.13245698507893e-12,1.63743554308052e-10,exponential,1,901,vertical,25,assessed,257,4.49502144202359e-15,0.997443322542516,0.00255667745748444
Amda,5.07403936085357e-18,8.75983579975909e-06,5.79239094983163e-13,6.31460607993344e-17,7.78782864334926e-09,7.20858954843222e-07,exponential,1,901,vertical,25,assessed,257,5.79239094983163e-13,0.997443322542516,0.00255667745748444
Ag_q,6.64132245222859e-21,3.54682791980568e-10,1.87246818915095e-11,7.57282701998696e-21,4.00755540388332e-08,2.13509249399303e-06,exponential,1,901,vertical,33,assessed,257,1.87246818915095e-11,0.997443322542516,0.00255667745748444
Ag_0,7.64216515916529e-17,9.83235031311934e-08,7.77247038174416e-10,1.10474751183776e-16,1.90083138743766e-06,0.000112358435716824,exponential,1,901,vertical,33,assessed,257,7.77247038174416e-10,0.997443322542516,0.00255667745748444
Aw_p,1.22098323228974e-09,6.28856220758725e-05,1.94159362980716e-05,3.12205985078423e-12,0.0194655829379275,0.00496466401647067,exponential,1,901,vertical,33,assessed,257,2.62182106208941e-14,0.997443322542516,0.00255667745748444
Aw_m,1.22098323231766e-09,2.72116250321342e-05,4.48699124317568e-05,3.12205953014358e-12,0.044984644994824,0.0114732564716073,exponential,1,901,vertical,33,assessed,257,4.72235360900917e-14,0.997443322542516,0.00255667745748444
Aio,6.40210650038387e-19,0.000178521176239313,3.58618884058979e-15,2.9231691916843e-19,5.22362438365022e-12,1.63743554308052e-10,exponential,1,901,vertical,33,assessed,257,3.58618884058979e-15,0.997443322542516,0.00255667745748444
Amda,4.94154905301305e-18,8.75983579975909e-06,5.64114347114697e-13,6.31460607993344e-17,7.77270389548252e-09,7.20858954843222e-07,exponential,1,901,vertical,33,assessed,257,5.64114347114697e-13,0.997443322542516,0.00255667745748444
Ag_q,6.67557269371862e-21,3.54682791980568e-10,1.88212477308015e-11,7.57282701998696e-21,4.01721196058662e-08,2.13509249399303e-06,exponential,1,901,vertical,49,assessed,257,1.88212477308015e-11,0.997443322542516,0.00255667745748444
Ag_0,7.68617931114624e-17,9.83235031311934e-08,7.81723501133859e-10,1.10474751183776e-16,1.90530785035158e-06,0.000112358435716824,exponential,1,901,vertical,49,assessed,257,7.81723501133859e-10,0.997443322542516,0.00255667745748444
Aw_p,4.32647233248916e-10,6.28856220758725e-05,6.87990702750655e-06,3.12205985078423e-12,0.00692955366756185,0.00496466401647067,exponential,1,901,vertical,49,assessed,257,1.11823212621015e-14,0.997443322542516,0.00255667745748444
Aw_m,4.32647233253682e-10,2.72116250321342e-05,1.58993530427811e-05,3.12205953014358e-12,0.0160140856069129,0.0114732564716073,exponential,1,901,vertical,49,assessed,257,2.82097247169367e-14,0.997443322542516,0.00255667745748444
Aio,3.14522245951821e-19,0.000178521176239313,1.76182037659327e-15,2.9231691916843e-19,3.39925591966392e-12,1.63743554308052e-10,exponential,1,901,vertical,49,assessed,257,1.76182037659327e-15,0.997443322542516,0.00255667745748444
Amda,5.17056344485534e-18,8.75983579975909e-06,5.90258032576083e-13,6.31460607993344e-17,7.79884758094092e-09,7.20858954843222e-07,exponential,1,901,vertical,49,assessed,257,5.90258032576083e-13,0.997443322542516,0.00255667745748444
Ag_q,6.61280669311654e-21,3.54682791980568e-10,1.86442839704466e-11,7.57282701998696e-21,3.99951563444452e-08,2.13509249399303e-06,exponential,1,901,vertical,65,assessed,257,1.86442839704466e-11,0.997443322542516,0.00255667745748444
Ag_0,7.61150196246876e-17,9.83235031311934e-08,7.74128435223947e-10,1.10474751183776e-16,1.89771278451891e-06,0.000112358435716824,exponential,1,901,vertical,65,assessed,257,7.74128435223947e-10,0.997443322542516,0.00255667745748444
Aw_p,3.06805440275405e-10,6.28856220758725e-05,4.87878516817787e-06,3.12205985078423e-12,0.00492843180826499,0.00496466401647067,exponential,1,901,vertical,65,assessed,257,1.93972055877702e-14,0.997443322542516,0.00255667745748444
Aw_m,3.06805440317345e-10,2.72116250321342e-05,1.12747930325748e-05,3.12205953014358e-12,0.0113895255968765,0.0114732564716073,exponential,1,901,vertical,65,assessed,257,3.21284354200614e-14,0.997443322542516,0.00255667745748444
Aio,2.8000156989186e-19,0.000178521176239313,1.56845017375703e-15,2.9231691916843e-19,3.20588571682876e-12,1.63743554308052e-10,exponential,1,901,vertical,65,assessed,257,1.56845017375703e-15,0.997443322542516,0.00255667745748444
Amda,5.24629547472743e-18,8.75983579975909e-06,5.98903403517188e-13,6.31460607993344e-17,7.80749295188104e-09,7.20858954843222e-07,exponential,1,901,vertical,65,assessed,257,5.98903403517188e-13,0.997443322542516,0.00255667745748444
Ag_q,6.65938464243311e-21,3.54682791980568e-10,1.87756068041721e-11,7.57282701998696e-21,4.01264788079174e-08,2.13509249399303e-06,exponential,1,901,vertical,97,assessed,257,1.87756068041721e-11,0.997443322542516,0.00255667745748444
Ag_0,7.69402273428669e-17,9.83235031311934e-08,7.82521217131628e-10,1.10474751183776e-16,1.90610556634123e-06,0.000112358435716824,exponential,1,901,vertical,97,assessed,257,7.82521217131628e-10,0.997443322542516,0.00255667745748444
Aw_p,9.74570636809251e-11,6.28856220758725e-05,1.54975112694825e-06,3.12205985078423e-12,0.00159939776708831,0.00496466401647067,exponential,1,901,vertical,97,assessed,257,1.66246877994599e-14,0.997443322542516,0.00255667745748444
Aw_m,9.74570637537746e-11,2.72116250321342e-05,3.5814496061403e-06,3.12205953014358e-12,0.00369618217072476,0.0114732564716073,exponential,1,901,vertical,97,assessed,257,4.22895289369861e-14,0.997443322542516,0.00255667745748444
Aio,1.02513924364484e-19,0.000178521176239313,5.74239574956985e-16,2.9231691916843e-19,2.21167511803429e-12,1.63743554308052e-10,exponential,1,901,vertical,97,assessed,257,5.74239574956985e-16,0.997443322542516,0.00255667745748444
Amda,5.31064969113584e-18,8.75983579975909e-06,6.0624991295863e-13,6.31460607993344e-17,7.81483946132165e-09,7.20858954843222e-07,exponential,1,901,vertical,97,assessed,257,6.0624991295863e-13,0.997443322542516,0.00255667745748444
Ag_q,7.73571886136192e-21,3.54682791980568e-10,2.18102457640114e-11,7.57282701998696e-21,4.3161109211857e-08,2.13509249399303e-06,exponential,1,901,vertical,129,assessed,257,2.18102457640114e-11,0.997443322542516,0.00255667745748444
Ag_0,8.91113743889347e-17,9.83235031311934e-08,9.0630796860475e-10,1.10474751183776e-16,2.02989231655538e-06,0.000112358435716824,exponential,1,901,vertical,129,assessed,257,9.0630796860475e-10,0.997443322542516,0.00255667745748444
Aw_p,4.12125128593979e-11,6.28856220758725e-05,6.55356685661379e-07,3.12205985078423e-12,0.000705003325815664,0.00496466401647067,exponential,1,901,vertical,129,assessed,257,2.03268655505198e-14,0.997443322542516,0.00255667745748444
Aw_m,4.1212512871896e-11,2.72116250321342e-05,1.51451862294987e-06,3.12205953014358e-12,0.00162925118761028,0.0114732564716073,exponential,1,901,vertical,129,assessed,257,4.063564009705e-14,0.997443322542516,0.00255667745748444
Aio,2.03692867908612e-19,0.000178521176239313,1.14100115291396e-15,2.9231691916843e-19,2.77843669598808e-12,1.63743554308052e-10,exponential,1,901,vertical,129,assessed,257,1.14100115291396e-15,0.997443322542516,0.00255667745748444
Amda,5.56450576324184e-18,8.75983579975909e-06,6.35229459825591e-13,6.31460607993344e-17,7.8438190081853e-09,7.20858954843222e-07,exponential,1,901,vertical,129,assessed,257,6.35229459825591e-13,0.997443322542516,0.00255667745748444
Ag_q,7.00991504068373e-21,3.54682791980568e-10,1.97638994594014e-11,7.57282701998696e-21,4.11147686767418e-08,2.13509249399303e-06,exponential,1,901,vertical,193,assessed,257,1.97638994594014e-11,0.997443322542516,0.00255667745748444
Ag_0,7.97448933754597e-17,9.83235031311934e-08,8.1104609616132e-10,1.10474751183776e-16,1.93463044508081e-06,0.000112358435716824,exponential,1,901,vertical,193,assessed,257,8.1104609616132e-10,0.997443322542516,0.00255667745748444
Aw_p,1.18586180935107e-11,6.28856220758725e-05,1.88574394305953e-07,3.12205985078423e-12,0.000238221034467661,0.00496466401647067,exponential,1,901,vertical,193,assessed,257,2.57145549684689e-14,0.997443322542516,0.00255667745748444
Aw_m,1.18586179687039e-11,2.72116250321342e-05,4.35792348112253e-07,3.12205953014358e-12,0.000550524912812312,0.0114732564716073,exponential,1,901,vertical,193,assessed,257,5.9637934350264e-14,0.997443322542516,0.00255667745748444
Aio,2.12081002526056e-19,0.000178521176239313,1.18798792946421e-15,2.9231691916843e-19,2.82542347253807e-12,1.63743554308052e-10,exponential,1,901,vertical,193,assessed,257,1.18798792946421e-15,0.997443322542516,0.00255667745748444
Amda,4.07005254173369e-18,8.75983579975909e-06,4.64626579170082e-13,6.31460607993344e-17,7.67321612754926e-09,7.20858954843222e-07,exponential,1,901,vertical,193,assessed,257,4.64626579170082e-13,0.997443322542516,0.00255667745748444
Ag_q,0,3.54682791980568e-10,0,7.57282701998696e-21,2.13509249399303e-08,2.13509249399303e-06,exponential,1,901,vertical,257,assessed,257,0,0.997443322542516,0.00255667745748444
Ag_0,0,9.83235031311934e-08,0,1.10474751183776e-16,1.12358435716824e-06,0.000112358435716824,exponential,1,901,vertical,257,assessed,257,0,0.997443322542516,0.00255667745748444
Aw_p,0,6.28856220758725e-05,0,3.12205985078423e-12,4.96466401647067e-05,0.00496466401647067,exponential,1,901,vertical,257,assessed,257,0,0.997443322542516,0.00255667745748444
Aw_m,0,2.72116250321342e-05,0,3.12205953014358e-12,0.000114732564716073,0.0114732564716073,exponential,1,901,vertical,257,assessed,257,0,0.997443322542516,0.00255667745748444
Aio,0,0.000178521176239313,0,2.9231691916843e-19,1.63743554308052e-12,1.63743554308052e-10,exponential,1,901,vertical,257,assessed,257,0,0.997443322542516,0.00255667745748444
Amda,0,8.75983579975909e-06,0,6.31460607993344e-17,7.20858954843222e-09,7.20858954843222e-07,exponential,1,901,vertical,257,assessed,257,0,0.997443322542516,0.00255667745748444
