profile,Nz,Lxy,family,kappa,policy,retainedFraction,energyFraction,bandwidthFraction,linearCount,retainedCount,apvCount,sampleCount,maximumAliasError,p95AliasError,maximumReferenceError,maximumFullReferenceError,scoreSeconds,linearConstructionSeconds,fineCount,referenceCount,coarseAgreement
constant,33,100000,apv,0,none,0.666666666666667,0.99,0.666666666666667,18,18,18,156,0.682819690694397,0.392165203604746,2.2888575463256e-15,1.06220825695434e-14,0.00297666666666667,3.40223083333333,223,445,0
constant,33,100000,apv,0,fixedFraction,0.5,0.99,0.666666666666667,18,9,9,51,1.50050128201732e-07,2.4739332437682e-08,1.2359208444571e-15,5.18413660759339e-15,0.00112783333333333,3.40223083333333,223,445,0
constant,33,100000,apv,0,fixedFraction,0.666666666666667,0.99,0.666666666666667,18,12,12,84,0.00337244609329856,0.000545529883820026,1.35768165003839e-15,7.00494720994881e-15,0.000752916666666667,3.40223083333333,223,445,0
constant,33,100000,apv,0,fixedFraction,0.75,0.99,0.666666666666667,18,13,13,96,0.028586543094349,0.00613536255323378,2.03936645489648e-15,7.82828490907075e-15,0.00070025,3.40223083333333,223,445,0
constant,33,100000,apv,0,effectiveBandwidth,0.666666666666667,0.95,0.5,18,11,11,72,0.000226523934708637,3.22030436436966e-05,1.2359208444571e-15,6.29980309208469e-15,0.001962875,3.40223083333333,223,445,0
constant,33,100000,apv,0,effectiveBandwidth,0.666666666666667,0.95,0.666666666666667,18,14,14,108,0.140354852196132,0.0305793326648974,2.2888575463256e-15,8.82722648500478e-15,0.00133404166666667,3.40223083333333,223,445,0
constant,33,100000,apv,0,effectiveBandwidth,0.666666666666667,0.95,0.75,18,16,16,132,0.596511857963463,0.292363657341292,2.2888575463256e-15,9.61505238210482e-15,0.001296,3.40223083333333,223,445,0
constant,33,100000,apv,0,effectiveBandwidth,0.666666666666667,0.99,0.5,18,10,10,60,8.25258627397607e-06,8.41911468429861e-07,1.2359208444571e-15,5.7696169920154e-15,0.00132441666666667,3.40223083333333,223,445,0
constant,33,100000,apv,0,effectiveBandwidth,0.666666666666667,0.99,0.666666666666667,18,13,13,96,0.028586543094349,0.00613536255323378,2.03936645489648e-15,7.82828490907075e-15,0.00130095833333333,3.40223083333333,223,445,0
constant,33,100000,apv,0,effectiveBandwidth,0.666666666666667,0.99,0.75,18,15,15,120,0.392165203604746,0.133587411623017,2.2888575463256e-15,9.61505238210482e-15,0.00125133333333333,3.40223083333333,223,445,0
constant,33,100000,apv,0,effectiveBandwidth,0.666666666666667,0.999,0.5,18,9,9,51,1.50050128201732e-07,2.4739332437682e-08,1.2359208444571e-15,5.18413660759339e-15,0.00132516666666667,3.40223083333333,223,445,0
constant,33,100000,apv,0,effectiveBandwidth,0.666666666666667,0.999,0.666666666666667,18,12,12,84,0.00337244609329856,0.000545529883820026,1.35768165003839e-15,7.00494720994881e-15,0.00125508333333333,3.40223083333333,223,445,0
constant,33,100000,apv,0,effectiveBandwidth,0.666666666666667,0.999,0.75,18,14,14,108,0.140354852196132,0.0305793326648974,2.2888575463256e-15,8.82722648500478e-15,0.00124675,3.40223083333333,223,445,0
constant,33,100000,wave,6.28318530717959e-05,none,0.666666666666667,0.99,0.666666666666667,18,18,18,264,0.682897033368976,0.390956072210016,2.96365586737655e-15,1.1903569533831e-14,0.000770666666666667,3.40223083333333,223,445,0
constant,33,100000,wave,6.28318530717959e-05,fixedFraction,0.5,0.99,0.666666666666667,18,9,9,78,1.50556114524321e-07,2.78424061328062e-08,1.35757878982597e-15,5.75697705776609e-15,0.000867125,3.40223083333333,223,445,0
constant,33,100000,wave,6.28318530717959e-05,fixedFraction,0.666666666666667,0.99,0.666666666666667,18,12,12,138,0.00337756977287912,0.000645235821324809,1.97709238265171e-15,7.65409934409143e-15,0.000717333333333333,3.40223083333333,223,445,0
constant,33,100000,wave,6.28318530717959e-05,fixedFraction,0.75,0.99,0.666666666666667,18,13,13,159,0.0286197619993834,0.00614114635087623,2.7699293155452e-15,8.72275745516578e-15,0.00409429166666667,3.40223083333333,223,445,0
constant,33,100000,wave,6.28318530717959e-05,effectiveBandwidth,0.666666666666667,0.95,0.5,18,11,11,117,0.00022696918531067,4.8903664466628e-05,1.73537035096362e-15,7.38151855804399e-15,0.002481375,3.40223083333333,223,445,0
constant,33,100000,wave,6.28318530717959e-05,effectiveBandwidth,0.666666666666667,0.95,0.666666666666667,18,14,14,180,0.140474740659199,0.0286197619993834,2.85355382261798e-15,9.98932128760039e-15,0.0017615,3.40223083333333,223,445,0
constant,33,100000,wave,6.28318530717959e-05,effectiveBandwidth,0.666666666666667,0.95,0.75,18,16,16,222,0.596650297866506,0.176249513343831,2.96365586737655e-15,1.08714554854902e-14,0.001693125,3.40223083333333,223,445,0
constant,33,100000,wave,6.28318530717959e-05,effectiveBandwidth,0.666666666666667,0.99,0.5,18,10,10,96,8.27366948092977e-06,1.54712890110004e-06,1.40862683552156e-15,6.63722075875169e-15,0.00269,3.40223083333333,223,445,0
constant,33,100000,wave,6.28318530717959e-05,effectiveBandwidth,0.666666666666667,0.99,0.666666666666667,18,13,13,159,0.0286197619993834,0.00614114635087623,2.7699293155452e-15,8.72275745516578e-15,0.00160154166666667,3.40223083333333,223,445,0
constant,33,100000,wave,6.28318530717959e-05,effectiveBandwidth,0.666666666666667,0.99,0.75,18,15,15,201,0.392383538796789,0.133442714118217,2.96365586737655e-15,1.08714554854902e-14,0.00131241666666667,3.40223083333333,223,445,0
constant,33,100000,wave,6.28318530717959e-05,effectiveBandwidth,0.666666666666667,0.999,0.5,18,9,9,78,1.50556114524321e-07,2.78424061328062e-08,1.35757878982597e-15,5.75697705776609e-15,0.00230970833333333,3.40223083333333,223,445,0
constant,33,100000,wave,6.28318530717959e-05,effectiveBandwidth,0.666666666666667,0.999,0.666666666666667,18,12,12,138,0.00337756977287912,0.000645235821324809,1.97709238265171e-15,7.65409934409143e-15,0.00139158333333333,3.40223083333333,223,445,0
constant,33,100000,wave,6.28318530717959e-05,effectiveBandwidth,0.666666666666667,0.999,0.75,18,14,14,180,0.140474740659199,0.0286197619993834,2.85355382261798e-15,9.98932128760039e-15,0.000924625,3.40223083333333,223,445,0
constant,33,100000,wave,0.000140496294620815,none,0.666666666666667,0.99,0.666666666666667,18,18,18,264,0.68289703332569,0.390956072178889,2.99837961309234e-15,1.1945819040857e-14,0.00041075,3.40223083333333,223,445,0
constant,33,100000,wave,0.000140496294620815,fixedFraction,0.5,0.99,0.666666666666667,18,9,9,78,1.50556112240208e-07,2.78424053207304e-08,1.39240799838454e-15,5.70203843884745e-15,0.000283083333333333,3.40223083333333,223,445,0
constant,33,100000,wave,0.000140496294620815,fixedFraction,0.666666666666667,0.99,0.666666666666667,18,12,12,138,0.00337756976183721,0.00064523581855953,2.00078399239807e-15,7.73095449427219e-15,0.000126875,3.40223083333333,223,445,0
constant,33,100000,wave,0.000140496294620815,fixedFraction,0.75,0.99,0.666666666666667,18,13,13,159,0.0286197619426304,0.00614114633934107,2.69908330164403e-15,8.70420260941687e-15,0.000222166666666667,3.40223083333333,223,445,0
constant,33,100000,wave,0.000140496294620815,effectiveBandwidth,0.666666666666667,0.95,0.5,18,11,11,117,0.000226969184091907,4.89036642731595e-05,1.64730383849814e-15,7.34205311501263e-15,0.001028875,3.40223083333333,223,445,0
constant,33,100000,wave,0.000140496294620815,effectiveBandwidth,0.666666666666667,0.95,0.666666666666667,18,14,14,180,0.140474740497939,0.0286197619426304,2.83778549939081e-15,1.00203037632548e-14,0.000689541666666667,3.40223083333333,223,445,0
constant,33,100000,wave,0.000140496294620815,effectiveBandwidth,0.666666666666667,0.95,0.75,18,16,16,222,0.596650297774709,0.176249513288534,2.99837961309234e-15,1.08707002757665e-14,0.000704,3.40223083333333,223,445,0
constant,33,100000,wave,0.000140496294620815,effectiveBandwidth,0.666666666666667,0.99,0.5,18,10,10,96,8.27366943236802e-06,1.54712913597499e-06,1.42407326530616e-15,6.64706430803041e-15,0.000629166666666667,3.40223083333333,223,445,0
constant,33,100000,wave,0.000140496294620815,effectiveBandwidth,0.666666666666667,0.99,0.666666666666667,18,13,13,159,0.0286197619426304,0.00614114633934107,2.69908330164403e-15,8.70420260941687e-15,0.000492125,3.40223083333333,223,445,0
constant,33,100000,wave,0.000140496294620815,effectiveBandwidth,0.666666666666667,0.99,0.75,18,15,15,201,0.392383538576911,0.133442714008072,2.99837961309234e-15,1.08707002757665e-14,0.000486375,3.40223083333333,223,445,0
constant,33,100000,wave,0.000140496294620815,effectiveBandwidth,0.666666666666667,0.999,0.5,18,9,9,78,1.50556112240208e-07,2.78424053207304e-08,1.39240799838454e-15,5.70203843884745e-15,0.000708125,3.40223083333333,223,445,0
constant,33,100000,wave,0.000140496294620815,effectiveBandwidth,0.666666666666667,0.999,0.666666666666667,18,12,12,138,0.00337756976183721,0.00064523581855953,2.00078399239807e-15,7.73095449427219e-15,0.0011135,3.40223083333333,223,445,0
constant,33,100000,wave,0.000140496294620815,effectiveBandwidth,0.666666666666667,0.999,0.75,18,14,14,180,0.140474740497939,0.0286197619426304,2.83778549939081e-15,1.00203037632548e-14,0.000910875,3.40223083333333,223,445,0
constant,33,100000,wave,0.00022654346798278,none,0.666666666666667,0.99,0.666666666666667,18,18,18,264,0.682897033240574,0.39095607211738,2.95839530550948e-15,1.18883963295065e-14,0.000120625,3.40223083333333,223,445,0
constant,33,100000,wave,0.00022654346798278,fixedFraction,0.5,0.99,0.666666666666667,18,9,9,78,1.50556104377865e-07,2.78424056935352e-08,1.42413108795841e-15,5.6886269297511e-15,0.000182916666666667,3.40223083333333,223,445,0
constant,33,100000,wave,0.00022654346798278,fixedFraction,0.666666666666667,0.99,0.666666666666667,18,12,12,138,0.00337756973975506,0.00064523581303868,1.99020186996652e-15,7.64796230705027e-15,9.27083333333333e-05,3.40223083333333,223,445,0
constant,33,100000,wave,0.00022654346798278,fixedFraction,0.75,0.99,0.666666666666667,18,13,13,159,0.0286197618285552,0.00614114631397845,2.76829674604346e-15,8.62879700301432e-15,9.08333333333333e-05,3.40223083333333,223,445,0
constant,33,100000,wave,0.00022654346798278,effectiveBandwidth,0.666666666666667,0.95,0.5,18,11,11,117,0.00022696918167122,4.8903663920359e-05,1.66246159844196e-15,7.36161218370071e-15,0.000625791666666667,3.40223083333333,223,445,0
constant,33,100000,wave,0.00022654346798278,effectiveBandwidth,0.666666666666667,0.95,0.666666666666667,18,14,14,180,0.140474740175981,0.0286197618285552,2.81944128838653e-15,9.96277520534432e-15,0.000606416666666667,3.40223083333333,223,445,0
constant,33,100000,wave,0.00022654346798278,effectiveBandwidth,0.666666666666667,0.95,0.75,18,16,16,222,0.596650297590884,0.176249513177972,2.95839530550948e-15,1.08875153708845e-14,0.0004395,3.40223083333333,223,445,0
constant,33,100000,wave,0.00022654346798278,effectiveBandwidth,0.666666666666667,0.99,0.5,18,10,10,96,8.27366928140953e-06,1.547128995495e-06,1.45108034607096e-15,6.63922912490323e-15,0.000520125,3.40223083333333,223,445,0
constant,33,100000,wave,0.00022654346798278,effectiveBandwidth,0.666666666666667,0.99,0.666666666666667,18,13,13,159,0.0286197618285552,0.00614114631397845,2.76829674604346e-15,8.62879700301432e-15,0.000527,3.40223083333333,223,445,0
constant,33,100000,wave,0.00022654346798278,effectiveBandwidth,0.666666666666667,0.99,0.75,18,15,15,201,0.392383538137176,0.133442713788092,2.95839530550948e-15,1.08875153708845e-14,0.000442583333333333,3.40223083333333,223,445,0
constant,33,100000,wave,0.00022654346798278,effectiveBandwidth,0.666666666666667,0.999,0.5,18,9,9,78,1.50556104377865e-07,2.78424056935352e-08,1.42413108795841e-15,5.6886269297511e-15,0.000455875,3.40223083333333,223,445,0
constant,33,100000,wave,0.00022654346798278,effectiveBandwidth,0.666666666666667,0.999,0.666666666666667,18,12,12,138,0.00337756973975506,0.00064523581303868,1.99020186996652e-15,7.64796230705027e-15,0.000490708333333333,3.40223083333333,223,445,0
constant,33,100000,wave,0.00022654346798278,effectiveBandwidth,0.666666666666667,0.999,0.75,18,14,14,180,0.140474740175981,0.0286197618285552,2.81944128838653e-15,9.96277520534432e-15,0.000481666666666667,3.40223083333333,223,445,0
constant,33,100000,wave,0.000266572976289502,none,0.666666666666667,0.99,0.666666666666667,18,18,18,264,0.68289703318762,0.390956072079058,2.97684708636389e-15,1.19420609142034e-14,0.00023625,3.40223083333333,223,445,0
constant,33,100000,wave,0.000266572976289502,fixedFraction,0.5,0.99,0.666666666666667,18,9,9,78,1.50556092038494e-07,2.78424036624909e-08,1.38519227979851e-15,5.7400840204644e-15,0.000152375,3.40223083333333,223,445,0
constant,33,100000,wave,0.000266572976289502,fixedFraction,0.666666666666667,0.99,0.666666666666667,18,12,12,138,0.00337756972583786,0.000645235809575808,2.01151599181029e-15,7.62899612875179e-15,0.000113583333333333,3.40223083333333,223,445,0
constant,33,100000,wave,0.000266572976289502,fixedFraction,0.75,0.99,0.666666666666667,18,13,13,159,0.0286197617573921,0.00614114629749243,2.77199289601443e-15,8.64817877413779e-15,0.000110958333333333,3.40223083333333,223,445,0
constant,33,100000,wave,0.000266572976289502,effectiveBandwidth,0.666666666666667,0.95,0.5,18,11,11,117,0.000226969180144419,4.89036629654905e-05,1.66382216381051e-15,7.3834718831676e-15,0.000573208333333333,3.40223083333333,223,445,0
constant,33,100000,wave,0.000266572976289502,effectiveBandwidth,0.666666666666667,0.95,0.666666666666667,18,14,14,180,0.140474739974634,0.0286197617573921,2.77880120253665e-15,9.94616949632851e-15,0.0005265,3.40223083333333,223,445,0
constant,33,100000,wave,0.000266572976289502,effectiveBandwidth,0.666666666666667,0.95,0.75,18,16,16,222,0.596650297476659,0.176249513108909,2.97684708636389e-15,1.08689148388352e-14,0.000513875,3.40223083333333,223,445,0
constant,33,100000,wave,0.000266572976289502,effectiveBandwidth,0.666666666666667,0.99,0.5,18,10,10,96,8.27366917328977e-06,1.54712918581492e-06,1.43117823806076e-15,6.64974969343556e-15,0.000520375,3.40223083333333,223,445,0
constant,33,100000,wave,0.000266572976289502,effectiveBandwidth,0.666666666666667,0.99,0.666666666666667,18,13,13,159,0.0286197617573921,0.00614114629749243,2.77199289601443e-15,8.64817877413779e-15,0.000467416666666667,3.40223083333333,223,445,0
constant,33,100000,wave,0.000266572976289502,effectiveBandwidth,0.666666666666667,0.99,0.75,18,15,15,201,0.392383537862522,0.13344271365064,2.97684708636389e-15,1.08689148388352e-14,0.000451875,3.40223083333333,223,445,0
constant,33,100000,wave,0.000266572976289502,effectiveBandwidth,0.666666666666667,0.999,0.5,18,9,9,78,1.50556092038494e-07,2.78424036624909e-08,1.38519227979851e-15,5.7400840204644e-15,0.00044225,3.40223083333333,223,445,0
constant,33,100000,wave,0.000266572976289502,effectiveBandwidth,0.666666666666667,0.999,0.666666666666667,18,12,12,138,0.00337756972583786,0.000645235809575808,2.01151599181029e-15,7.62899612875179e-15,0.000466375,3.40223083333333,223,445,0
constant,33,100000,wave,0.000266572976289502,effectiveBandwidth,0.666666666666667,0.999,0.75,18,14,14,180,0.140474739974634,0.0286197617573921,2.77880120253665e-15,9.94616949632851e-15,0.000409708333333333,3.40223083333333,223,445,0
constant,33,100000,wave,0.000320380844888282,none,0.666666666666667,0.99,0.666666666666667,18,18,18,264,0.682897033101312,0.390956072016879,3.00816630092931e-15,1.19078354202302e-14,0.000144666666666667,3.40223083333333,223,445,0
constant,33,100000,wave,0.000320380844888282,fixedFraction,0.5,0.99,0.666666666666667,18,9,9,78,1.50556109233048e-07,2.78424036319662e-08,1.38693315323341e-15,5.65394232760058e-15,0.000120458333333333,3.40223083333333,223,445,0
constant,33,100000,wave,0.000320380844888282,fixedFraction,0.666666666666667,0.99,0.666666666666667,18,12,12,138,0.00337756970365105,0.000645235804033199,1.97823191580492e-15,7.7008812991471e-15,0.000163083333333333,3.40223083333333,223,445,0
constant,33,100000,wave,0.000320380844888282,fixedFraction,0.75,0.99,0.666666666666667,18,13,13,159,0.0286197616435134,0.0061411462706186,2.76939667497628e-15,8.68133496905624e-15,9.06666666666667e-05,3.40223083333333,223,445,0
constant,33,100000,wave,0.000320380844888282,effectiveBandwidth,0.666666666666667,0.95,0.5,18,11,11,117,0.000226969177727204,4.89036622246488e-05,1.68098808320713e-15,7.32255254336338e-15,0.000459,3.40223083333333,223,445,0
constant,33,100000,wave,0.000320380844888282,effectiveBandwidth,0.666666666666667,0.95,0.666666666666667,18,14,14,180,0.140474739652266,0.0286197616435134,2.87262715986409e-15,9.98492428335768e-15,0.000421666666666667,3.40223083333333,223,445,0
constant,33,100000,wave,0.000320380844888282,effectiveBandwidth,0.666666666666667,0.95,0.75,18,16,16,222,0.596650297293569,0.176249512998328,3.00816630092931e-15,1.08729044706109e-14,0.000448458333333333,3.40223083333333,223,445,0
constant,33,100000,wave,0.000320380844888282,effectiveBandwidth,0.666666666666667,0.99,0.5,18,10,10,96,8.27366904683979e-06,1.54712894406279e-06,1.39409106112991e-15,6.64841232207876e-15,0.000426416666666667,3.40223083333333,223,445,0
constant,33,100000,wave,0.000320380844888282,effectiveBandwidth,0.666666666666667,0.99,0.666666666666667,18,13,13,159,0.0286197616435134,0.0061411462706186,2.76939667497628e-15,8.68133496905624e-15,0.00041475,3.40223083333333,223,445,0
constant,33,100000,wave,0.000320380844888282,effectiveBandwidth,0.666666666666667,0.99,0.75,18,15,15,201,0.392383537422792,0.133442713430415,3.00816630092931e-15,1.08729044706109e-14,0.00044425,3.40223083333333,223,445,0
constant,33,100000,wave,0.000320380844888282,effectiveBandwidth,0.666666666666667,0.999,0.5,18,9,9,78,1.50556109233048e-07,2.78424036319662e-08,1.38693315323341e-15,5.65394232760058e-15,0.000382916666666667,3.40223083333333,223,445,0
constant,33,100000,wave,0.000320380844888282,effectiveBandwidth,0.666666666666667,0.999,0.666666666666667,18,12,12,138,0.00337756970365105,0.000645235804033199,1.97823191580492e-15,7.7008812991471e-15,0.000427041666666667,3.40223083333333,223,445,0
constant,33,100000,wave,0.000320380844888282,effectiveBandwidth,0.666666666666667,0.999,0.75,18,14,14,180,0.140474739652266,0.0286197616435134,2.87262715986409e-15,9.98492428335768e-15,0.00046875,3.40223083333333,223,445,0
constant,65,100000,apv,0,none,0.666666666666667,0.99,0.666666666666667,38,38,38,336,0.700742188761519,0.455733431700503,4.72339211648606e-15,2.14963703120111e-14,0.001332875,2.06213470833333,415,829,0
constant,65,100000,apv,0,fixedFraction,0.5,0.99,0.666666666666667,38,19,19,111,1.92912877273398e-10,1.09525981805297e-11,2.18695629100269e-15,1.1081366575568e-14,0.000207625,2.06213470833333,415,829,0
constant,65,100000,apv,0,fixedFraction,0.666666666666667,0.99,0.666666666666667,38,25,25,180,0.0018632822220087,0.000117491799155323,2.80708853378393e-15,1.42096553707263e-14,0.000178166666666667,2.06213470833333,415,829,0
constant,65,100000,apv,0,fixedFraction,0.75,0.99,0.666666666666667,38,28,28,216,0.138474839024787,0.0149366286998249,3.21078366070831e-15,1.5544767438116e-14,0.000173625,2.06213470833333,415,829,0
constant,65,100000,apv,0,effectiveBandwidth,0.666666666666667,0.95,0.5,38,21,21,132,1.38397157106075e-07,6.08433043417121e-09,2.24168536851078e-15,1.13962424472831e-14,0.00261679166666667,2.06213470833333,415,829,0
constant,65,100000,apv,0,effectiveBandwidth,0.666666666666667,0.95,0.666666666666667,38,27,27,204,0.0440306586813,0.00303076501463849,3.21078366070831e-15,1.54485820437474e-14,0.001582875,2.06213470833333,415,829,0
constant,65,100000,apv,0,effectiveBandwidth,0.666666666666667,0.95,0.75,38,31,31,252,0.534810780015149,0.249900052404654,3.65900865337265e-15,1.80769841256625e-14,0.00116529166666667,2.06213470833333,415,829,0
constant,65,100000,apv,0,effectiveBandwidth,0.666666666666667,0.99,0.5,38,20,20,120,6.08433043417121e-09,5.00950196793986e-10,2.21132748322618e-15,1.12710729038341e-14,0.00114120833333333,2.06213470833333,415,829,0
constant,65,100000,apv,0,effectiveBandwidth,0.666666666666667,0.99,0.666666666666667,38,26,26,192,0.0103306771351291,0.000947805590140078,2.96963100497652e-15,1.48250592581934e-14,0.00129120833333333,2.06213470833333,415,829,0
constant,65,100000,apv,0,effectiveBandwidth,0.666666666666667,0.99,0.75,38,30,30,240,0.488929985490034,0.132177145302147,3.5669595973222e-15,1.719051256069e-14,0.00114920833333333,2.06213470833333,415,829,0
constant,65,100000,apv,0,effectiveBandwidth,0.666666666666667,0.999,0.5,38,18,18,105,4.31034077634221e-12,1.89027025329135e-13,2.18695629100269e-15,1.05088089655069e-14,0.001160625,2.06213470833333,415,829,0
constant,65,100000,apv,0,effectiveBandwidth,0.666666666666667,0.999,0.666666666666667,38,25,25,180,0.0018632822220087,0.000117491799155323,2.80708853378393e-15,1.42096553707263e-14,0.001133,2.06213470833333,415,829,0
constant,65,100000,apv,0,effectiveBandwidth,0.666666666666667,0.999,0.75,38,28,28,216,0.138474839024787,0.0149366286998249,3.21078366070831e-15,1.5544767438116e-14,0.00114916666666667,2.06213470833333,415,829,0
constant,65,100000,wave,6.28318530717959e-05,none,0.666666666666667,0.99,0.666666666666667,38,38,38,564,0.700750521350896,0.426989293803859,5.80573618300403e-15,2.44992693332592e-14,0.000105333333333333,2.06213470833333,415,829,0
constant,65,100000,wave,6.28318530717959e-05,fixedFraction,0.5,0.99,0.666666666666667,38,19,19,168,1.93031273214115e-10,1.20988059955316e-11,2.6735572753533e-15,1.24431630508112e-14,0.000172916666666667,2.06213470833333,415,829,0
constant,65,100000,wave,6.28318530717959e-05,fixedFraction,0.666666666666667,0.99,0.666666666666667,38,25,25,291,0.00186372937613422,0.000240341347089539,3.16482197053702e-15,1.56959823026567e-14,8.81666666666667e-05,2.06213470833333,415,829,0
constant,65,100000,wave,6.28318530717959e-05,fixedFraction,0.75,0.99,0.666666666666667,38,28,28,354,0.138447158635501,0.0134068333697101,4.01925329464487e-15,1.74280755642452e-14,8.35833333333333e-05,2.06213470833333,415,829,0
constant,65,100000,wave,6.28318530717959e-05,effectiveBandwidth,0.666666666666667,0.95,0.5,38,21,21,207,1.38455077988925e-07,6.08709500543956e-09,2.83724012492119e-15,1.35311714006953e-14,0.00119070833333333,2.06213470833333,415,829,0
constant,65,100000,wave,6.28318530717959e-05,effectiveBandwidth,0.666666666666667,0.95,0.666666666666667,38,27,27,333,0.0440161318865477,0.00302891311514305,3.80460239861432e-15,1.73312590145635e-14,0.00114958333333333,2.06213470833333,415,829,0
constant,65,100000,wave,6.28318530717959e-05,effectiveBandwidth,0.666666666666667,0.95,0.75,38,31,31,417,0.534821394394946,0.22064809527083,4.46430257351173e-15,2.07440214099073e-14,0.00116566666666667,2.06213470833333,415,829,0
constant,65,100000,wave,6.28318530717959e-05,effectiveBandwidth,0.666666666666667,0.99,0.5,38,20,20,186,6.08724543072367e-09,1.46222348370121e-09,2.6735572753533e-15,1.31717234407025e-14,0.00115670833333333,2.06213470833333,415,829,0
constant,65,100000,wave,6.28318530717959e-05,effectiveBandwidth,0.666666666666667,0.99,0.666666666666667,38,26,26,312,0.010325611808764,0.000948064605597571,3.5929698023385e-15,1.70939864818204e-14,0.00117645833333333,2.06213470833333,415,829,0
constant,65,100000,wave,6.28318530717959e-05,effectiveBandwidth,0.666666666666667,0.99,0.75,38,30,30,396,0.488924136504111,0.132152131385432,4.21672132147357e-15,1.90734015016438e-14,0.001151875,2.06213470833333,415,829,0
constant,65,100000,wave,6.28318530717959e-05,effectiveBandwidth,0.666666666666667,0.999,0.5,38,18,18,159,5.19201834572853e-12,8.59451961139451e-13,2.6735572753533e-15,1.18728593209943e-14,0.001170125,2.06213470833333,415,829,0
constant,65,100000,wave,6.28318530717959e-05,effectiveBandwidth,0.666666666666667,0.999,0.666666666666667,38,25,25,291,0.00186372937613422,0.000240341347089539,3.16482197053702e-15,1.56959823026567e-14,0.00114641666666667,2.06213470833333,415,829,0
constant,65,100000,wave,6.28318530717959e-05,effectiveBandwidth,0.666666666666667,0.999,0.75,38,28,28,354,0.138447158635501,0.0134068333697101,4.01925329464487e-15,1.74280755642452e-14,0.00115566666666667,2.06213470833333,415,829,0
constant,65,100000,wave,0.000140496294620815,none,0.666666666666667,0.99,0.666666666666667,38,38,38,564,0.700750521351029,0.426989293800149,5.78578077051e-15,2.45404557556892e-14,9.50416666666667e-05,2.06213470833333,415,829,0
constant,65,100000,wave,0.000140496294620815,fixedFraction,0.5,0.99,0.666666666666667,38,19,19,168,1.93016761095487e-10,1.05546760217354e-11,2.64434497951581e-15,1.24362011258804e-14,0.000357208333333333,2.06213470833333,415,829,0
constant,65,100000,wave,0.000140496294620815,fixedFraction,0.666666666666667,0.99,0.666666666666667,38,25,25,291,0.001863729375829,0.000240341346759819,3.18261381176906e-15,1.56334490726263e-14,9.87916666666667e-05,2.06213470833333,415,829,0
constant,65,100000,wave,0.000140496294620815,fixedFraction,0.75,0.99,0.666666666666667,38,28,28,354,0.138447158620852,0.0134068333681107,4.02494912152432e-15,1.74178133968593e-14,0.000187,2.06213470833333,415,829,0
constant,65,100000,wave,0.000140496294620815,effectiveBandwidth,0.666666666666667,0.95,0.5,38,21,21,207,1.38455102897216e-07,6.08708727036858e-09,2.84639429123986e-15,1.35798685015107e-14,0.00129416666666667,2.06213470833333,415,829,0
constant,65,100000,wave,0.000140496294620815,effectiveBandwidth,0.666666666666667,0.95,0.666666666666667,38,27,27,333,0.0440161318811192,0.00302891311455025,3.84997799577756e-15,1.73545253720971e-14,0.00120429166666667,2.06213470833333,415,829,0
constant,65,100000,wave,0.000140496294620815,effectiveBandwidth,0.666666666666667,0.95,0.75,38,31,31,417,0.534821394389138,0.220648095266201,4.48142796109478e-15,2.07080213137112e-14,0.00119229166666667,2.06213470833333,415,829,0
constant,65,100000,wave,0.000140496294620815,effectiveBandwidth,0.666666666666667,0.99,0.5,38,20,20,186,6.08722999288538e-09,1.46220361726819e-09,2.64434497951581e-15,1.31671144981688e-14,0.00115870833333333,2.06213470833333,415,829,0
constant,65,100000,wave,0.000140496294620815,effectiveBandwidth,0.666666666666667,0.99,0.666666666666667,38,26,26,312,0.0103256118071341,0.000948064605561514,3.59844872228046e-15,1.7070575444094e-14,0.00131704166666667,2.06213470833333,415,829,0
constant,65,100000,wave,0.000140496294620815,effectiveBandwidth,0.666666666666667,0.99,0.75,38,30,30,396,0.488924136489343,0.132152131377595,4.24225657599079e-15,1.91102575481184e-14,0.00114775,2.06213470833333,415,829,0
constant,65,100000,wave,0.000140496294620815,effectiveBandwidth,0.666666666666667,0.999,0.5,38,18,18,159,4.31912039674787e-12,6.37532266124039e-13,2.64434497951581e-15,1.18669909360136e-14,0.00114079166666667,2.06213470833333,415,829,0
constant,65,100000,wave,0.000140496294620815,effectiveBandwidth,0.666666666666667,0.999,0.666666666666667,38,25,25,291,0.001863729375829,0.000240341346759819,3.18261381176906e-15,1.56334490726263e-14,0.00115754166666667,2.06213470833333,415,829,0
constant,65,100000,wave,0.000140496294620815,effectiveBandwidth,0.666666666666667,0.999,0.75,38,28,28,354,0.138447158620852,0.0134068333681107,4.02494912152432e-15,1.74178133968593e-14,0.00115075,2.06213470833333,415,829,0
constant,65,100000,wave,0.00022654346798278,none,0.666666666666667,0.99,0.666666666666667,38,38,38,564,0.700750521346555,0.4269892938151,5.81870321312997e-15,2.45157710482795e-14,9.86666666666667e-05,2.06213470833333,415,829,0
constant,65,100000,wave,0.00022654346798278,fixedFraction,0.5,0.99,0.666666666666667,38,19,19,168,1.93013620783489e-10,1.12774731820814e-11,2.66301894896221e-15,1.24025399712206e-14,0.000209833333333333,2.06213470833333,415,829,0
constant,65,100000,wave,0.00022654346798278,fixedFraction,0.666666666666667,0.99,0.666666666666667,38,25,25,291,0.00186372937493532,0.000240341346885125,3.21732229834737e-15,1.56545099416995e-14,0.000210291666666667,2.06213470833333,415,829,0
constant,65,100000,wave,0.00022654346798278,fixedFraction,0.75,0.99,0.666666666666667,38,28,28,354,0.138447158596196,0.0134068333648938,4.02972390858232e-15,1.74471329577953e-14,0.000248333333333333,2.06213470833333,415,829,0
constant,65,100000,wave,0.00022654346798278,effectiveBandwidth,0.666666666666667,0.95,0.5,38,21,21,207,1.38455086018371e-07,6.08708817590348e-09,2.80859603683436e-15,1.35288100561088e-14,0.00120775,2.06213470833333,415,829,0
constant,65,100000,wave,0.00022654346798278,effectiveBandwidth,0.666666666666667,0.95,0.666666666666667,38,27,27,333,0.0440161318688467,0.0030289131132593,3.84935206935711e-15,1.7324314242806e-14,0.00115745833333333,2.06213470833333,415,829,0
constant,65,100000,wave,0.00022654346798278,effectiveBandwidth,0.666666666666667,0.95,0.75,38,31,31,417,0.534821394382572,0.220648095255273,4.46566637725954e-15,2.07198852559365e-14,0.00116029166666667,2.06213470833333,415,829,0
constant,65,100000,wave,0.00022654346798278,effectiveBandwidth,0.666666666666667,0.99,0.5,38,20,20,186,6.08723187714178e-09,1.46218551926731e-09,2.66301894896221e-15,1.31281850610843e-14,0.00114579166666667,2.06213470833333,415,829,0
constant,65,100000,wave,0.00022654346798278,effectiveBandwidth,0.666666666666667,0.99,0.666666666666667,38,26,26,312,0.0103256118031777,0.000948064604925688,3.62445959036827e-15,1.70902347787912e-14,0.00114408333333333,2.06213470833333,415,829,0
constant,65,100000,wave,0.00022654346798278,effectiveBandwidth,0.666666666666667,0.99,0.75,38,30,30,396,0.488924136464077,0.132152131364272,4.21782746635867e-15,1.91030381051672e-14,0.00115433333333333,2.06213470833333,415,829,0
constant,65,100000,wave,0.00022654346798278,effectiveBandwidth,0.666666666666667,0.999,0.5,38,18,18,159,4.32053663966872e-12,1.35608287889049e-12,2.66301894896221e-15,1.18901683172981e-14,0.001138375,2.06213470833333,415,829,0
constant,65,100000,wave,0.00022654346798278,effectiveBandwidth,0.666666666666667,0.999,0.666666666666667,38,25,25,291,0.00186372937493532,0.000240341346885125,3.21732229834737e-15,1.56545099416995e-14,0.00114625,2.06213470833333,415,829,0
constant,65,100000,wave,0.00022654346798278,effectiveBandwidth,0.666666666666667,0.999,0.75,38,28,28,354,0.138447158596196,0.0134068333648938,4.02972390858232e-15,1.74471329577953e-14,0.0011405,2.06213470833333,415,829,0
constant,65,100000,wave,0.000266572976289502,none,0.666666666666667,0.99,0.666666666666667,38,38,38,564,0.700750521346048,0.426989293835077,5.82643833213581e-15,2.4539048418462e-14,9.64583333333333e-05,2.06213470833333,415,829,0
constant,65,100000,wave,0.000266572976289502,fixedFraction,0.5,0.99,0.666666666666667,38,19,19,168,1.93009579989018e-10,1.06697237963815e-11,2.64638921927464e-15,1.24211688979434e-14,7.25416666666667e-05,2.06213470833333,415,829,0
constant,65,100000,wave,0.000266572976289502,fixedFraction,0.666666666666667,0.99,0.666666666666667,38,25,25,291,0.00186372937445506,0.00024034134661239,3.19484874221021e-15,1.56362316732214e-14,4.62083333333333e-05,2.06213470833333,415,829,0
constant,65,100000,wave,0.000266572976289502,fixedFraction,0.75,0.99,0.666666666666667,38,28,28,354,0.138447158578619,0.0134068333631638,4.00969677088339e-15,1.73896992458251e-14,4.53333333333333e-05,2.06213470833333,415,829,0
constant,65,100000,wave,0.000266572976289502,effectiveBandwidth,0.666666666666667,0.95,0.5,38,21,21,207,1.38455085559359e-07,6.08708593023011e-09,2.86890809819784e-15,1.35745236990702e-14,0.00118370833333333,2.06213470833333,415,829,0
constant,65,100000,wave,0.000266572976289502,effectiveBandwidth,0.666666666666667,0.95,0.666666666666667,38,27,27,333,0.0440161318627233,0.00302891311241679,3.79182045550156e-15,1.7346758949593e-14,0.001149625,2.06213470833333,415,829,0
constant,65,100000,wave,0.000266572976289502,effectiveBandwidth,0.666666666666667,0.95,0.75,38,31,31,417,0.534821394378846,0.220648095248487,4.5071964156541e-15,2.07327395928319e-14,0.00116491666666667,2.06213470833333,415,829,0
constant,65,100000,wave,0.000266572976289502,effectiveBandwidth,0.666666666666667,0.99,0.5,38,20,20,186,6.08722689436959e-09,1.46219008323721e-09,2.64638921927464e-15,1.31341554071704e-14,0.001146375,2.06213470833333,415,829,0
constant,65,100000,wave,0.000266572976289502,effectiveBandwidth,0.666666666666667,0.99,0.666666666666667,38,26,26,312,0.0103256118004294,0.000948064604681334,3.61470404951661e-15,1.70994344607988e-14,0.001139625,2.06213470833333,415,829,0
constant,65,100000,wave,0.000266572976289502,effectiveBandwidth,0.666666666666667,0.99,0.75,38,30,30,396,0.488924136448406,0.132152131353546,4.18753073242152e-15,1.91066813257058e-14,0.00112720833333333,2.06213470833333,415,829,0
constant,65,100000,wave,0.000266572976289502,effectiveBandwidth,0.666666666666667,0.999,0.5,38,18,18,159,4.3181673856312e-12,9.38184614025177e-13,2.64638921927464e-15,1.18884278454739e-14,0.00113591666666667,2.06213470833333,415,829,0
constant,65,100000,wave,0.000266572976289502,effectiveBandwidth,0.666666666666667,0.999,0.666666666666667,38,25,25,291,0.00186372937445506,0.00024034134661239,3.19484874221021e-15,1.56362316732214e-14,0.001143875,2.06213470833333,415,829,0
constant,65,100000,wave,0.000266572976289502,effectiveBandwidth,0.666666666666667,0.999,0.75,38,28,28,354,0.138447158578619,0.0134068333631638,4.00969677088339e-15,1.73896992458251e-14,0.00113841666666667,2.06213470833333,415,829,0
constant,65,100000,wave,0.000320380844888282,none,0.666666666666667,0.99,0.666666666666667,38,38,38,564,0.700750521337517,0.426989293789686,5.81866862007293e-15,2.45084397040858e-14,9.92083333333333e-05,2.06213470833333,415,829,0
constant,65,100000,wave,0.000320380844888282,fixedFraction,0.5,0.99,0.666666666666667,38,19,19,168,1.93009440906804e-10,1.08945157371161e-11,2.67896935125602e-15,1.24564257776454e-14,5.4625e-05,2.06213470833333,415,829,0
constant,65,100000,wave,0.000320380844888282,fixedFraction,0.666666666666667,0.99,0.666666666666667,38,25,25,291,0.0018637293735079,0.0002403413465585,3.16883784942161e-15,1.56797644779733e-14,4.68333333333333e-05,2.06213470833333,415,829,0
constant,65,100000,wave,0.000320380844888282,fixedFraction,0.75,0.99,0.666666666666667,38,28,28,354,0.138447158551912,0.0134068333597888,3.97903882596031e-15,1.74410961990699e-14,4.475e-05,2.06213470833333,415,829,0
constant,65,100000,wave,0.000320380844888282,effectiveBandwidth,0.666666666666667,0.95,0.5,38,21,21,207,1.3845506699345e-07,6.08709189569771e-09,2.85072249042967e-15,1.35717962604252e-14,0.001183875,2.06213470833333,415,829,0
constant,65,100000,wave,0.000320380844888282,effectiveBandwidth,0.666666666666667,0.95,0.666666666666667,38,27,27,333,0.0440161318501196,0.00302891311112646,3.8420481858717e-15,1.73440822248618e-14,0.00114491666666667,2.06213470833333,415,829,0
constant,65,100000,wave,0.000320380844888282,effectiveBandwidth,0.666666666666667,0.95,0.75,38,31,31,417,0.534821394368669,0.220648095238179,4.47077449458092e-15,2.07204612638925e-14,0.00114320833333333,2.06213470833333,415,829,0
constant,65,100000,wave,0.000320380844888282,effectiveBandwidth,0.666666666666667,0.99,0.5,38,20,20,186,6.08723905329705e-09,1.46220251366659e-09,2.67896935125602e-15,1.31585265769585e-14,0.00115054166666667,2.06213470833333,415,829,0
constant,65,100000,wave,0.000320380844888282,effectiveBandwidth,0.666666666666667,0.99,0.666666666666667,38,26,26,312,0.0103256117965436,0.000948064604070476,3.62332880616961e-15,1.70783996947779e-14,0.00114133333333333,2.06213470833333,415,829,0
constant,65,100000,wave,0.000320380844888282,effectiveBandwidth,0.666666666666667,0.99,0.75,38,30,30,396,0.488924136425041,0.132152131342943,4.18446494108391e-15,1.90746200706006e-14,0.00113979166666667,2.06213470833333,415,829,0
constant,65,100000,wave,0.000320380844888282,effectiveBandwidth,0.666666666666667,0.999,0.5,38,18,18,159,4.31894469009762e-12,1.04552217978191e-12,2.67896935125602e-15,1.18882917320172e-14,0.00114533333333333,2.06213470833333,415,829,0
constant,65,100000,wave,0.000320380844888282,effectiveBandwidth,0.666666666666667,0.999,0.666666666666667,38,25,25,291,0.0018637293735079,0.0002403413465585,3.16883784942161e-15,1.56797644779733e-14,0.00115633333333333,2.06213470833333,415,829,0
constant,65,100000,wave,0.000320380844888282,effectiveBandwidth,0.666666666666667,0.999,0.75,38,28,28,354,0.138447158551912,0.0134068333597888,3.97903882596031e-15,1.74410961990699e-14,0.001143625,2.06213470833333,415,829,0
constant,129,100000,apv,0,none,0.666666666666667,0.99,0.666666666666667,78,78,78,696,0.716575362724552,0.472889924115989,1.18079428709919e-14,4.56443019754894e-14,0.000825041666666667,5.28951383333333,799,1597,0
constant,129,100000,apv,0,fixedFraction,0.5,0.99,0.666666666666667,78,39,39,231,3.05847088091844e-13,1.39270823642743e-13,6.20317637372574e-15,2.321559241268e-14,0.000106083333333333,5.28951383333333,799,1597,0
constant,129,100000,apv,0,fixedFraction,0.666666666666667,0.99,0.666666666666667,78,52,52,384,0.00826774485961354,3.19395801246534e-05,7.35491581073143e-15,3.04070439979044e-14,8.44166666666667e-05,5.28951383333333,799,1597,0
constant,129,100000,apv,0,fixedFraction,0.75,0.99,0.666666666666667,78,58,58,456,0.475831524863558,0.0703689476806383,8.35398488592368e-15,3.34358604398458e-14,8.60833333333333e-05,5.28951383333333,799,1597,0
constant,129,100000,apv,0,effectiveBandwidth,0.666666666666667,0.95,0.5,78,42,42,264,1.43145869242043e-11,2.13003054980838e-13,6.32111756270166e-15,2.3708534412002e-14,0.004525375,5.28951383333333,799,1597,0
constant,129,100000,apv,0,effectiveBandwidth,0.666666666666667,0.95,0.666666666666667,78,55,55,420,0.161807575682737,0.00289577637588226,7.35491581073143e-15,3.13296495402882e-14,0.0043955,5.28951383333333,799,1597,0
constant,129,100000,apv,0,effectiveBandwidth,0.666666666666667,0.95,0.75,78,62,62,504,0.557738492757791,0.293461931308572,9.27346583969557e-15,3.50602214226737e-14,0.004379875,5.28951383333333,799,1597,0
constant,129,100000,apv,0,effectiveBandwidth,0.666666666666667,0.99,0.5,78,40,40,240,3.05847088091844e-13,1.41098841069037e-13,6.20317637372574e-15,2.33521379223134e-14,0.00438295833333333,5.28951383333333,799,1597,0
constant,129,100000,apv,0,effectiveBandwidth,0.666666666666667,0.99,0.666666666666667,78,53,53,396,0.0266955888069048,0.000173357151566705,7.35491581073143e-15,3.04070439979044e-14,0.004543125,5.28951383333333,799,1597,0
constant,129,100000,apv,0,effectiveBandwidth,0.666666666666667,0.99,0.75,78,60,60,480,0.523390231590084,0.211835461872632,8.35398488592368e-15,3.35352017981978e-14,0.004369625,5.28951383333333,799,1597,0
constant,129,100000,apv,0,effectiveBandwidth,0.666666666666667,0.999,0.5,78,38,38,225,3.05847088091844e-13,1.31273758439973e-13,5.67159837708289e-15,2.20918740921111e-14,0.00437491666666667,5.28951383333333,799,1597,0
constant,129,100000,apv,0,effectiveBandwidth,0.666666666666667,0.999,0.666666666666667,78,51,51,372,0.00216970147184061,1.54515172839646e-05,7.35491581073143e-15,2.92834040002387e-14,0.00444245833333333,5.28951383333333,799,1597,0
constant,129,100000,apv,0,effectiveBandwidth,0.666666666666667,0.999,0.75,78,58,58,456,0.475831524863558,0.0703689476806383,8.35398488592368e-15,3.34358604398458e-14,0.004479,5.28951383333333,799,1597,0
constant,129,100000,wave,6.28318530717959e-05,none,0.666666666666667,0.99,0.666666666666667,78,78,78,1164,0.716576579047114,0.464217748484483,1.23542194179703e-14,4.9092609879759e-14,0.000166458333333333,5.28951383333333,799,1597,0
constant,129,100000,wave,6.28318530717959e-05,fixedFraction,0.5,0.99,0.666666666666667,78,39,39,348,9.93602842274447e-12,2.83006017985695e-12,6.60410450704285e-15,2.50714903326614e-14,9.65416666666667e-05,5.28951383333333,799,1597,0
constant,129,100000,wave,6.28318530717959e-05,fixedFraction,0.666666666666667,0.99,0.666666666666667,78,52,52,618,0.00826813741174671,3.19343099588891e-05,7.59350195617247e-15,3.31923873120331e-14,8.38333333333333e-05,5.28951383333333,799,1597,0
constant,129,100000,wave,6.28318530717959e-05,fixedFraction,0.75,0.99,0.666666666666667,78,58,58,744,0.475834328570834,0.0648225082945032,8.32376666101683e-15,3.56579862300564e-14,8.04166666666667e-05,5.28951383333333,799,1597,0
constant,129,100000,wave,6.28318530717959e-05,effectiveBandwidth,0.666666666666667,0.95,0.5,78,42,42,408,1.74352857624205e-11,5.55512239170233e-12,6.75657878504647e-15,2.63088982813593e-14,0.00443775,5.28951383333333,799,1597,0
constant,129,100000,wave,6.28318530717959e-05,effectiveBandwidth,0.666666666666667,0.95,0.666666666666667,78,55,55,681,0.161812452551113,0.00268182903240081,8.01767044292213e-15,3.4638705798011e-14,0.00437870833333333,5.28951383333333,799,1597,0
constant,129,100000,wave,6.28318530717959e-05,effectiveBandwidth,0.666666666666667,0.95,0.75,78,62,62,828,0.557741538496273,0.276663366786959,9.27683958943357e-15,3.84395422955576e-14,0.00435958333333333,5.28951383333333,799,1597,0
constant,129,100000,wave,6.28318530717959e-05,effectiveBandwidth,0.666666666666667,0.99,0.5,78,40,40,366,1.57592641236109e-11,3.54768072053051e-12,6.60410450704285e-15,2.50714903326614e-14,0.004358875,5.28951383333333,799,1597,0
constant,129,100000,wave,6.28318530717959e-05,effectiveBandwidth,0.666666666666667,0.99,0.666666666666667,78,53,53,639,0.0266967129811501,0.000163244615383505,7.59350195617247e-15,3.31923873120331e-14,0.004369625,5.28951383333333,799,1597,0
constant,129,100000,wave,6.28318530717959e-05,effectiveBandwidth,0.666666666666667,0.99,0.75,78,60,60,786,0.523394112874526,0.161804949467231,9.2561106049879e-15,3.73382951329053e-14,0.004356125,5.28951383333333,799,1597,0
constant,129,100000,wave,6.28318530717959e-05,effectiveBandwidth,0.666666666666667,0.999,0.5,78,38,38,339,9.93602842274447e-12,2.55609754015677e-12,6.34145912409498e-15,2.41650671124431e-14,0.004368375,5.28951383333333,799,1597,0
constant,129,100000,wave,6.28318530717959e-05,effectiveBandwidth,0.666666666666667,0.999,0.666666666666667,78,51,51,597,0.0021698157549816,5.07302597133044e-06,7.59350195617247e-15,3.21610878542229e-14,0.00437020833333333,5.28951383333333,799,1597,0
constant,129,100000,wave,6.28318530717959e-05,effectiveBandwidth,0.666666666666667,0.999,0.75,78,58,58,744,0.475834328570834,0.0648225082945032,8.32376666101683e-15,3.56579862300564e-14,0.00436404166666667,5.28951383333333,799,1597,0
constant,129,100000,wave,0.000140496294620815,none,0.666666666666667,0.99,0.666666666666667,78,78,78,1164,0.716576579057925,0.464217748491133,1.23661191293754e-14,4.90812007280429e-14,0.000182583333333333,5.28951383333333,799,1597,0
constant,129,100000,wave,0.000140496294620815,fixedFraction,0.5,0.99,0.666666666666667,78,39,39,348,2.08008323042013e-11,5.26724999107591e-12,6.61796908117589e-15,2.51043013558833e-14,9.41666666666667e-05,5.28951383333333,799,1597,0
constant,129,100000,wave,0.000140496294620815,fixedFraction,0.666666666666667,0.99,0.666666666666667,78,52,52,618,0.00826813741215698,3.19343098637248e-05,7.61676266334182e-15,3.32163143901187e-14,8.29166666666667e-05,5.28951383333333,799,1597,0
constant,129,100000,wave,0.000140496294620815,fixedFraction,0.75,0.99,0.666666666666667,78,58,58,744,0.475834328566819,0.0648225082960362,8.29042584151758e-15,3.56214027179347e-14,8.0625e-05,5.28951383333333,799,1597,0
constant,129,100000,wave,0.000140496294620815,effectiveBandwidth,0.666666666666667,0.95,0.5,78,42,42,408,2.08227419461434e-11,9.39731654474662e-12,6.75126279925645e-15,2.6304944100476e-14,0.00441975,5.28951383333333,799,1597,0
constant,129,100000,wave,0.000140496294620815,effectiveBandwidth,0.666666666666667,0.95,0.666666666666667,78,55,55,681,0.161812452557262,0.00268182902369146,8.03136459544682e-15,3.46194907127112e-14,0.00437033333333333,5.28951383333333,799,1597,0
constant,129,100000,wave,0.000140496294620815,effectiveBandwidth,0.666666666666667,0.95,0.75,78,62,62,828,0.557741538487742,0.276663366783709,9.3161250786399e-15,3.84894872748366e-14,0.00432270833333333,5.28951383333333,799,1597,0
constant,129,100000,wave,0.000140496294620815,effectiveBandwidth,0.666666666666667,0.99,0.5,78,40,40,366,2.08008323042013e-11,7.11334411744483e-12,6.61796908117589e-15,2.51043013558833e-14,0.00434029166666667,5.28951383333333,799,1597,0
constant,129,100000,wave,0.000140496294620815,effectiveBandwidth,0.666666666666667,0.99,0.666666666666667,78,53,53,639,0.0266967129802166,0.000163244612715198,7.61676266334182e-15,3.32163143901187e-14,0.00433683333333333,5.28951383333333,799,1597,0
constant,129,100000,wave,0.000140496294620815,effectiveBandwidth,0.666666666666667,0.99,0.75,78,60,60,786,0.523394112881859,0.161804949470132,9.29851786251753e-15,3.73215880140684e-14,0.004348375,5.28951383333333,799,1597,0
constant,129,100000,wave,0.000140496294620815,effectiveBandwidth,0.666666666666667,0.999,0.5,78,38,38,339,2.08008323042013e-11,5.26724999107591e-12,6.33793842737691e-15,2.41659259815691e-14,0.00433379166666667,5.28951383333333,799,1597,0
constant,129,100000,wave,0.000140496294620815,effectiveBandwidth,0.666666666666667,0.999,0.666666666666667,78,51,51,597,0.00216981575523848,5.07302599570206e-06,7.61676266334182e-15,3.22013896727055e-14,0.00434279166666667,5.28951383333333,799,1597,0
constant,129,100000,wave,0.000140496294620815,effectiveBandwidth,0.666666666666667,0.999,0.75,78,58,58,744,0.475834328566819,0.0648225082960362,8.29042584151758e-15,3.56214027179347e-14,0.00435379166666667,5.28951383333333,799,1597,0
constant,129,100000,wave,0.00022654346798278,none,0.666666666666667,0.99,0.666666666666667,78,78,78,1164,0.716576579062258,0.464217748474514,1.23956902466016e-14,4.90936334135242e-14,0.000170666666666667,5.28951383333333,799,1597,0
constant,129,100000,wave,0.00022654346798278,fixedFraction,0.5,0.99,0.666666666666667,78,39,39,348,2.03653132212433e-11,5.70297652731726e-12,6.61259065868022e-15,2.50724254751584e-14,9.73333333333333e-05,5.28951383333333,799,1597,0
constant,129,100000,wave,0.00022654346798278,fixedFraction,0.666666666666667,0.99,0.666666666666667,78,52,52,618,0.00826813741156934,3.19343098515672e-05,7.62534593488228e-15,3.32225721841524e-14,8.45e-05,5.28951383333333,799,1597,0
constant,129,100000,wave,0.00022654346798278,fixedFraction,0.75,0.99,0.666666666666667,78,58,58,744,0.475834328575439,0.0648225082923841,8.2999648084552e-15,3.56477301395493e-14,8.20833333333333e-05,5.28951383333333,799,1597,0
constant,129,100000,wave,0.00022654346798278,effectiveBandwidth,0.666666666666667,0.95,0.5,78,42,42,408,2.03653132212433e-11,1.01839658331497e-11,6.76775758619231e-15,2.62984739619958e-14,0.004457875,5.28951383333333,799,1597,0
constant,129,100000,wave,0.00022654346798278,effectiveBandwidth,0.666666666666667,0.95,0.666666666666667,78,55,55,681,0.161812452549854,0.00268182903429818,8.06257600170856e-15,3.46338683466498e-14,0.00437645833333333,5.28951383333333,799,1597,0
constant,129,100000,wave,0.00022654346798278,effectiveBandwidth,0.666666666666667,0.95,0.75,78,62,62,828,0.557741538500907,0.276663366786159,9.29363860478805e-15,3.84189204707642e-14,0.004359125,5.28951383333333,799,1597,0
constant,129,100000,wave,0.00022654346798278,effectiveBandwidth,0.666666666666667,0.99,0.5,78,40,40,366,2.03653132212433e-11,7.13473495845867e-12,6.61259065868022e-15,2.50724254751584e-14,0.00437454166666667,5.28951383333333,799,1597,0
constant,129,100000,wave,0.00022654346798278,effectiveBandwidth,0.666666666666667,0.99,0.666666666666667,78,53,53,639,0.0266967129813303,0.000163244612423436,7.62534593488228e-15,3.32225721841524e-14,0.004380875,5.28951383333333,799,1597,0
constant,129,100000,wave,0.00022654346798278,effectiveBandwidth,0.666666666666667,0.99,0.75,78,60,60,786,0.523394112872301,0.161804949467135,9.2655646269574e-15,3.73213462882895e-14,0.004366125,5.28951383333333,799,1597,0
constant,129,100000,wave,0.00022654346798278,effectiveBandwidth,0.666666666666667,0.999,0.5,78,38,38,339,1.49592277112783e-11,5.31582437571892e-12,6.34160895075463e-15,2.41538388733693e-14,0.0043615,5.28951383333333,799,1597,0
constant,129,100000,wave,0.00022654346798278,effectiveBandwidth,0.666666666666667,0.999,0.666666666666667,78,51,51,597,0.00216981575499184,5.07302601468441e-06,7.62534593488228e-15,3.21971472191084e-14,0.00435666666666667,5.28951383333333,799,1597,0
constant,129,100000,wave,0.00022654346798278,effectiveBandwidth,0.666666666666667,0.999,0.75,78,58,58,744,0.475834328575439,0.0648225082923841,8.2999648084552e-15,3.56477301395493e-14,0.004360875,5.28951383333333,799,1597,0
constant,129,100000,wave,0.000266572976289502,none,0.666666666666667,0.99,0.666666666666667,78,78,78,1164,0.716576579071207,0.464217748479246,1.23849656131785e-14,4.91026036471438e-14,0.00017625,5.28951383333333,799,1597,0
constant,129,100000,wave,0.000266572976289502,fixedFraction,0.5,0.99,0.666666666666667,78,39,39,348,1.05999876108721e-11,3.18128378201732e-12,6.57134518540942e-15,2.50747962380415e-14,9.50833333333333e-05,5.28951383333333,799,1597,0
constant,129,100000,wave,0.000266572976289502,fixedFraction,0.666666666666667,0.99,0.666666666666667,78,52,52,618,0.00826813741177129,3.19343098275996e-05,7.64372519071162e-15,3.32006818696597e-14,8.35416666666667e-05,5.28951383333333,799,1597,0
constant,129,100000,wave,0.000266572976289502,fixedFraction,0.75,0.99,0.666666666666667,78,58,58,744,0.475834328569495,0.0648225082924752,8.29403554315224e-15,3.56511271324296e-14,0.000114875,5.28951383333333,799,1597,0
constant,129,100000,wave,0.000266572976289502,effectiveBandwidth,0.666666666666667,0.95,0.5,78,42,42,408,1.75151675786776e-11,5.94315811896222e-12,6.73079604152568e-15,2.62840061150056e-14,0.00449958333333333,5.28951383333333,799,1597,0
constant,129,100000,wave,0.000266572976289502,effectiveBandwidth,0.666666666666667,0.95,0.666666666666667,78,55,55,681,0.161812452550038,0.00268182903027277,8.04117899191867e-15,3.46136741470123e-14,0.004526375,5.28951383333333,799,1597,0
constant,129,100000,wave,0.000266572976289502,effectiveBandwidth,0.666666666666667,0.95,0.75,78,62,62,828,0.557741538494978,0.276663366785928,9.27511282620059e-15,3.8414468249076e-14,0.00436854166666667,5.28951383333333,799,1597,0
constant,129,100000,wave,0.000266572976289502,effectiveBandwidth,0.666666666666667,0.99,0.5,78,40,40,366,1.05999876108721e-11,3.41683541918136e-12,6.57134518540942e-15,2.50747962380415e-14,0.00435729166666667,5.28951383333333,799,1597,0
constant,129,100000,wave,0.000266572976289502,effectiveBandwidth,0.666666666666667,0.99,0.666666666666667,78,53,53,639,0.0266967129793981,0.000163244615699353,7.64372519071162e-15,3.32006818696597e-14,0.0043765,5.28951383333333,799,1597,0
constant,129,100000,wave,0.000266572976289502,effectiveBandwidth,0.666666666666667,0.99,0.75,78,60,60,786,0.523394112874969,0.161804949467588,9.27511282620059e-15,3.73266502310807e-14,0.00437083333333333,5.28951383333333,799,1597,0
constant,129,100000,wave,0.000266572976289502,effectiveBandwidth,0.666666666666667,0.999,0.5,78,38,38,339,8.18423130573298e-12,2.97150201563931e-12,6.35368797488681e-15,2.4190850954589e-14,0.00435958333333333,5.28951383333333,799,1597,0
constant,129,100000,wave,0.000266572976289502,effectiveBandwidth,0.666666666666667,0.999,0.666666666666667,78,51,51,597,0.00216981575480931,5.07302593181663e-06,7.64372519071162e-15,3.22180133116668e-14,0.0043625,5.28951383333333,799,1597,0
constant,129,100000,wave,0.000266572976289502,effectiveBandwidth,0.666666666666667,0.999,0.75,78,58,58,744,0.475834328569495,0.0648225082924752,8.29403554315224e-15,3.56511271324296e-14,0.00435683333333333,5.28951383333333,799,1597,0
constant,129,100000,wave,0.000320380844888282,none,0.666666666666667,0.99,0.666666666666667,78,78,78,1164,0.716576579058762,0.464217748487213,1.23693703270671e-14,4.90472059922385e-14,0.000161291666666667,5.28951383333333,799,1597,0
constant,129,100000,wave,0.000320380844888282,fixedFraction,0.5,0.99,0.666666666666667,78,39,39,348,1.67304144724253e-11,6.99751592223492e-12,6.59407294606628e-15,2.50899417917282e-14,9.2625e-05,5.28951383333333,799,1597,0
constant,129,100000,wave,0.000320380844888282,fixedFraction,0.666666666666667,0.99,0.666666666666667,78,52,52,618,0.00826813741149864,3.19343099627987e-05,7.64871161218614e-15,3.32554204139467e-14,8.2125e-05,5.28951383333333,799,1597,0
constant,129,100000,wave,0.000320380844888282,fixedFraction,0.75,0.99,0.666666666666667,78,58,58,744,0.475834328567596,0.0648225082929806,8.29614065664085e-15,3.56761104014097e-14,8.59166666666667e-05,5.28951383333333,799,1597,0
constant,129,100000,wave,0.000320380844888282,effectiveBandwidth,0.666666666666667,0.95,0.5,78,42,42,408,2.07579398718239e-11,8.47862614983352e-12,6.75071178872894e-15,2.63053546246412e-14,0.004455125,5.28951383333333,799,1597,0
constant,129,100000,wave,0.000320380844888282,effectiveBandwidth,0.666666666666667,0.95,0.666666666666667,78,55,55,681,0.161812452551127,0.0026818290255262,8.03419554785016e-15,3.46457404172869e-14,0.00435916666666667,5.28951383333333,799,1597,0
constant,129,100000,wave,0.000320380844888282,effectiveBandwidth,0.666666666666667,0.95,0.75,78,62,62,828,0.557741538480741,0.27666336678309,9.30965041544445e-15,3.84228235539857e-14,0.00433629166666667,5.28951383333333,799,1597,0
constant,129,100000,wave,0.000320380844888282,effectiveBandwidth,0.666666666666667,0.99,0.5,78,40,40,366,2.07579398718239e-11,8.03390539466064e-12,6.59407294606628e-15,2.50899417917282e-14,0.00432808333333333,5.28951383333333,799,1597,0
constant,129,100000,wave,0.000320380844888282,effectiveBandwidth,0.666666666666667,0.99,0.666666666666667,78,53,53,639,0.026696712978222,0.000163244612526431,7.64871161218614e-15,3.32554204139467e-14,0.00433366666666667,5.28951383333333,799,1597,0
constant,129,100000,wave,0.000320380844888282,effectiveBandwidth,0.666666666666667,0.99,0.75,78,60,60,786,0.523394112888738,0.161804949468757,9.2853111298156e-15,3.73359887721749e-14,0.004341875,5.28951383333333,799,1597,0
constant,129,100000,wave,0.000320380844888282,effectiveBandwidth,0.666666666666667,0.999,0.5,78,38,38,339,1.31977316334672e-11,6.96205451514908e-12,6.35962278280508e-15,2.41754654916574e-14,0.00450320833333333,5.28951383333333,799,1597,0
constant,129,100000,wave,0.000320380844888282,effectiveBandwidth,0.666666666666667,0.999,0.666666666666667,78,51,51,597,0.00216981575437835,5.07302604409341e-06,7.64871161218614e-15,3.21840844133336e-14,0.00438141666666667,5.28951383333333,799,1597,0
constant,129,100000,wave,0.000320380844888282,effectiveBandwidth,0.666666666666667,0.999,0.75,78,58,58,744,0.475834328567596,0.0648225082929806,8.29614065664085e-15,3.56761104014097e-14,0.00437070833333333,5.28951383333333,799,1597,0
constant,129,12500,apv,0,none,0.666666666666667,0.99,0.666666666666667,78,78,78,696,0.716575362724552,0.472889924115989,1.18079428709919e-14,4.56443019754894e-14,0.000182208333333333,5.14181104166667,799,1597,0
constant,129,12500,apv,0,fixedFraction,0.5,0.99,0.666666666666667,78,39,39,231,3.05847088091844e-13,1.39270823642743e-13,6.20317637372574e-15,2.321559241268e-14,0.000100166666666667,5.14181104166667,799,1597,0
constant,129,12500,apv,0,fixedFraction,0.666666666666667,0.99,0.666666666666667,78,52,52,384,0.00826774485961354,3.19395801246534e-05,7.35491581073143e-15,3.04070439979044e-14,8.24166666666667e-05,5.14181104166667,799,1597,0
constant,129,12500,apv,0,fixedFraction,0.75,0.99,0.666666666666667,78,58,58,456,0.475831524863558,0.0703689476806383,8.35398488592368e-15,3.34358604398458e-14,8.02916666666667e-05,5.14181104166667,799,1597,0
constant,129,12500,apv,0,effectiveBandwidth,0.666666666666667,0.95,0.5,78,42,42,264,1.43145869242043e-11,2.13003054980838e-13,6.32111756270166e-15,2.3708534412002e-14,0.004461,5.14181104166667,799,1597,0
constant,129,12500,apv,0,effectiveBandwidth,0.666666666666667,0.95,0.666666666666667,78,55,55,420,0.161807575682737,0.00289577637588226,7.35491581073143e-15,3.13296495402882e-14,0.00435391666666667,5.14181104166667,799,1597,0
constant,129,12500,apv,0,effectiveBandwidth,0.666666666666667,0.95,0.75,78,62,62,504,0.557738492757791,0.293461931308572,9.27346583969557e-15,3.50602214226737e-14,0.00438383333333333,5.14181104166667,799,1597,0
constant,129,12500,apv,0,effectiveBandwidth,0.666666666666667,0.99,0.5,78,40,40,240,3.05847088091844e-13,1.41098841069037e-13,6.20317637372574e-15,2.33521379223134e-14,0.00435045833333333,5.14181104166667,799,1597,0
constant,129,12500,apv,0,effectiveBandwidth,0.666666666666667,0.99,0.666666666666667,78,53,53,396,0.0266955888069048,0.000173357151566705,7.35491581073143e-15,3.04070439979044e-14,0.00458270833333333,5.14181104166667,799,1597,0
constant,129,12500,apv,0,effectiveBandwidth,0.666666666666667,0.99,0.75,78,60,60,480,0.523390231590084,0.211835461872632,8.35398488592368e-15,3.35352017981978e-14,0.00435454166666667,5.14181104166667,799,1597,0
constant,129,12500,apv,0,effectiveBandwidth,0.666666666666667,0.999,0.5,78,38,38,225,3.05847088091844e-13,1.31273758439973e-13,5.67159837708289e-15,2.20918740921111e-14,0.00433995833333333,5.14181104166667,799,1597,0
constant,129,12500,apv,0,effectiveBandwidth,0.666666666666667,0.999,0.666666666666667,78,51,51,372,0.00216970147184061,1.54515172839646e-05,7.35491581073143e-15,2.92834040002387e-14,0.004381375,5.14181104166667,799,1597,0
constant,129,12500,apv,0,effectiveBandwidth,0.666666666666667,0.999,0.75,78,58,58,456,0.475831524863558,0.0703689476806383,8.35398488592368e-15,3.34358604398458e-14,0.004364875,5.14181104166667,799,1597,0
constant,129,12500,wave,0.000502654824574367,none,0.666666666666667,0.99,0.666666666666667,78,78,78,1164,0.716576579061732,0.464217748481415,1.23515200379694e-14,4.90717519591994e-14,0.000190625,5.14181104166667,799,1597,0
constant,129,12500,wave,0.000502654824574367,fixedFraction,0.5,0.99,0.666666666666667,78,39,39,348,2.40630418963638e-11,4.66088019624766e-12,6.61734333371883e-15,2.51166498166981e-14,9.5e-05,5.14181104166667,799,1597,0
constant,129,12500,wave,0.000502654824574367,fixedFraction,0.666666666666667,0.99,0.666666666666667,78,52,52,618,0.00826813740986305,3.19343097547458e-05,7.63056981097794e-15,3.32033013011065e-14,8.35e-05,5.14181104166667,799,1597,0
constant,129,12500,wave,0.000502654824574367,fixedFraction,0.75,0.99,0.666666666666667,78,58,58,744,0.475834328566129,0.0648225082840595,8.33343264249538e-15,3.56475457806879e-14,8.09166666666667e-05,5.14181104166667,799,1597,0
constant,129,12500,wave,0.000502654824574367,effectiveBandwidth,0.666666666666667,0.95,0.5,78,42,42,408,2.40630418963638e-11,6.55432317374486e-12,6.7845185308956e-15,2.62939750408824e-14,0.004445125,5.14181104166667,799,1597,0
constant,129,12500,wave,0.000502654824574367,effectiveBandwidth,0.666666666666667,0.95,0.666666666666667,78,55,55,681,0.161812452530385,0.00268182902587456,8.00955655054037e-15,3.45958912062646e-14,0.00438029166666667,5.14181104166667,799,1597,0
constant,129,12500,wave,0.000502654824574367,effectiveBandwidth,0.666666666666667,0.95,0.75,78,62,62,828,0.557741538492691,0.276663366786621,9.30305595486666e-15,3.84750028718423e-14,0.00436325,5.14181104166667,799,1597,0
constant,129,12500,wave,0.000502654824574367,effectiveBandwidth,0.666666666666667,0.99,0.5,78,40,40,366,2.40630418963638e-11,4.65523999317754e-12,6.61734333371883e-15,2.51166498166981e-14,0.00438779166666667,5.14181104166667,799,1597,0
constant,129,12500,wave,0.000502654824574367,effectiveBandwidth,0.666666666666667,0.99,0.666666666666667,78,53,53,639,0.0266967129761947,0.000163244609436729,7.63056981097794e-15,3.32033013011065e-14,0.00436654166666667,5.14181104166667,799,1597,0
constant,129,12500,wave,0.000502654824574367,effectiveBandwidth,0.666666666666667,0.99,0.75,78,60,60,786,0.523394112863146,0.161804949460477,9.27669371556344e-15,3.73654116302504e-14,0.00439158333333333,5.14181104166667,799,1597,0
constant,129,12500,wave,0.000502654824574367,effectiveBandwidth,0.666666666666667,0.999,0.5,78,38,38,339,2.40630418963638e-11,4.66088019624766e-12,6.34257409868061e-15,2.41387666070456e-14,0.00438883333333333,5.14181104166667,799,1597,0
constant,129,12500,wave,0.000502654824574367,effectiveBandwidth,0.666666666666667,0.999,0.666666666666667,78,51,51,597,0.00216981575434818,5.07302598724179e-06,7.63056981097794e-15,3.21954333682253e-14,0.00438525,5.14181104166667,799,1597,0
constant,129,12500,wave,0.000502654824574367,effectiveBandwidth,0.666666666666667,0.999,0.75,78,58,58,744,0.475834328566129,0.0648225082840595,8.33343264249538e-15,3.56475457806879e-14,0.00435079166666667,5.14181104166667,799,1597,0
constant,129,12500,wave,0.00112397035696652,none,0.666666666666667,0.99,0.666666666666667,78,78,78,1164,0.716576579063453,0.464217748487893,1.23520014612336e-14,4.91055174656153e-14,0.000185666666666667,5.14181104166667,799,1597,0
constant,129,12500,wave,0.00112397035696652,fixedFraction,0.5,0.99,0.666666666666667,78,39,39,348,1.17689115018992e-11,5.5509926536418e-12,6.61185927311563e-15,2.51025855806746e-14,0.000104333333333333,5.14181104166667,799,1597,0
constant,129,12500,wave,0.00112397035696652,fixedFraction,0.666666666666667,0.99,0.666666666666667,78,52,52,618,0.00826813740150068,3.19343097986779e-05,7.63160666029902e-15,3.3160632495059e-14,8.39583333333333e-05,5.14181104166667,799,1597,0
constant,129,12500,wave,0.00112397035696652,fixedFraction,0.75,0.99,0.666666666666667,78,58,58,744,0.475834328533912,0.0648225082441488,8.29227235115441e-15,3.56227530466759e-14,8.20416666666667e-05,5.14181104166667,799,1597,0
constant,129,12500,wave,0.00112397035696652,effectiveBandwidth,0.666666666666667,0.95,0.5,78,42,42,408,2.82022618183951e-11,7.03288329483501e-12,6.75544812289836e-15,2.63390622501087e-14,0.004441,5.14181104166667,799,1597,0
constant,129,12500,wave,0.00112397035696652,effectiveBandwidth,0.666666666666667,0.95,0.666666666666667,78,55,55,681,0.161812452444601,0.00268182902622258,8.05044027964368e-15,3.46211933064434e-14,0.00435645833333333,5.14181104166667,799,1597,0
constant,129,12500,wave,0.00112397035696652,effectiveBandwidth,0.666666666666667,0.95,0.75,78,62,62,828,0.557741538427496,0.276663366778664,9.29924985835144e-15,3.84440808687365e-14,0.00437329166666667,5.14181104166667,799,1597,0
constant,129,12500,wave,0.00112397035696652,effectiveBandwidth,0.666666666666667,0.99,0.5,78,40,40,366,1.17689115018992e-11,5.36433937753445e-12,6.61185927311563e-15,2.51025855806746e-14,0.004393,5.14181104166667,799,1597,0
constant,129,12500,wave,0.00112397035696652,effectiveBandwidth,0.666666666666667,0.99,0.666666666666667,78,53,53,639,0.0266967129516195,0.000163244616140822,7.63160666029902e-15,3.3163407565044e-14,0.004537125,5.14181104166667,799,1597,0
constant,129,12500,wave,0.00112397035696652,effectiveBandwidth,0.666666666666667,0.99,0.75,78,60,60,786,0.523394112824664,0.161804949434895,9.26647233410865e-15,3.73245586556046e-14,0.00433254166666667,5.14181104166667,799,1597,0
constant,129,12500,wave,0.00112397035696652,effectiveBandwidth,0.666666666666667,0.999,0.5,78,38,38,339,1.17689115018992e-11,5.5509926536418e-12,6.31056662304959e-15,2.41522418581323e-14,0.00440095833333333,5.14181104166667,799,1597,0
constant,129,12500,wave,0.00112397035696652,effectiveBandwidth,0.666666666666667,0.999,0.666666666666667,78,51,51,597,0.00216981575212707,5.07302600155725e-06,7.63160666029902e-15,3.21621255442945e-14,0.00448591666666667,5.14181104166667,799,1597,0
constant,129,12500,wave,0.00112397035696652,effectiveBandwidth,0.666666666666667,0.999,0.75,78,58,58,744,0.475834328533912,0.0648225082441488,8.29227235115441e-15,3.56227530466759e-14,0.004353125,5.14181104166667,799,1597,0
constant,129,12500,wave,0.00181234774386224,none,0.666666666666667,0.99,0.666666666666667,78,78,78,1164,0.716576578996012,0.464217748453165,1.23819496799646e-14,4.90452727482686e-14,0.000168041666666667,5.14181104166667,799,1597,0
constant,129,12500,wave,0.00181234774386224,fixedFraction,0.5,0.99,0.666666666666667,78,39,39,348,2.72524422058141e-11,9.59690727199417e-12,6.64919731230932e-15,2.51166493051676e-14,9.5125e-05,5.14181104166667,799,1597,0
constant,129,12500,wave,0.00181234774386224,fixedFraction,0.666666666666667,0.99,0.666666666666667,78,52,52,618,0.00826813738346899,3.19343096810331e-05,7.65780241414828e-15,3.31771601317154e-14,8.26666666666667e-05,5.14181104166667,799,1597,0
constant,129,12500,wave,0.00181234774386224,fixedFraction,0.75,0.99,0.666666666666667,78,58,58,744,0.475834328463679,0.0648225081691412,8.30128744568075e-15,3.56385574666526e-14,8.07916666666667e-05,5.14181104166667,799,1597,0
constant,129,12500,wave,0.00181234774386224,effectiveBandwidth,0.666666666666667,0.95,0.5,78,42,42,408,2.72524422058141e-11,1.20411507047581e-11,6.76829029021921e-15,2.63039208101029e-14,0.00457691666666667,5.14181104166667,799,1597,0
constant,129,12500,wave,0.00181234774386224,effectiveBandwidth,0.666666666666667,0.95,0.666666666666667,78,55,55,681,0.161812452284066,0.00268182901036078,8.05766008057785e-15,3.46182469096465e-14,0.0044865,5.14181104166667,799,1597,0
constant,129,12500,wave,0.00181234774386224,effectiveBandwidth,0.666666666666667,0.95,0.75,78,62,62,828,0.557741538339375,0.276663366767688,9.29058982386395e-15,3.85128659439251e-14,0.00451133333333333,5.14181104166667,799,1597,0
constant,129,12500,wave,0.00181234774386224,effectiveBandwidth,0.666666666666667,0.99,0.5,78,40,40,366,2.72524422058141e-11,8.74016673751497e-12,6.64919731230932e-15,2.51166493051676e-14,0.00451241666666667,5.14181104166667,799,1597,0
constant,129,12500,wave,0.00181234774386224,effectiveBandwidth,0.666666666666667,0.99,0.666666666666667,78,53,53,639,0.0266967129021686,0.00016324460948185,7.65780241414828e-15,3.31771601317154e-14,0.00451775,5.14181104166667,799,1597,0
constant,129,12500,wave,0.00181234774386224,effectiveBandwidth,0.666666666666667,0.99,0.75,78,60,60,786,0.523394112714887,0.161804949388149,9.29058982386395e-15,3.73309274935956e-14,0.004489125,5.14181104166667,799,1597,0
constant,129,12500,wave,0.00181234774386224,effectiveBandwidth,0.666666666666667,0.999,0.5,78,38,38,339,2.72524422058141e-11,9.62021604025128e-12,6.3476503635129e-15,2.41606252826866e-14,0.0045185,5.14181104166667,799,1597,0
constant,129,12500,wave,0.00181234774386224,effectiveBandwidth,0.666666666666667,0.999,0.666666666666667,78,51,51,597,0.00216981574602777,5.07302595204955e-06,7.65780241414828e-15,3.21801862696421e-14,0.00448554166666667,5.14181104166667,799,1597,0
constant,129,12500,wave,0.00181234774386224,effectiveBandwidth,0.666666666666667,0.999,0.75,78,58,58,744,0.475834328463679,0.0648225081691412,8.30128744568075e-15,3.56385574666526e-14,0.00446625,5.14181104166667,799,1597,0
constant,129,12500,wave,0.00213258381031602,none,0.666666666666667,0.99,0.666666666666667,78,78,78,1164,0.71657657900138,0.464217748444934,1.23821417953834e-14,4.9068870886991e-14,0.000160208333333333,5.14181104166667,799,1597,0
constant,129,12500,wave,0.00213258381031602,fixedFraction,0.5,0.99,0.666666666666667,78,39,39,348,3.10547503342232e-11,7.84726873098618e-12,6.60019526528401e-15,2.50949099840871e-14,9.375e-05,5.14181104166667,799,1597,0
constant,129,12500,wave,0.00213258381031602,fixedFraction,0.666666666666667,0.99,0.666666666666667,78,52,52,618,0.00826813737160353,3.19343094475001e-05,7.62403031161113e-15,3.31588413815941e-14,8.30833333333333e-05,5.14181104166667,799,1597,0
constant,129,12500,wave,0.00213258381031602,fixedFraction,0.75,0.99,0.666666666666667,78,58,58,744,0.475834328426228,0.0648225081151143,8.30373825124449e-15,3.56612812444035e-14,8.0875e-05,5.14181104166667,799,1597,0
constant,129,12500,wave,0.00213258381031602,effectiveBandwidth,0.666666666666667,0.95,0.5,78,42,42,408,3.10547503342232e-11,1.23770729737205e-11,6.75778828686942e-15,2.6305287869045e-14,0.00443741666666667,5.14181104166667,799,1597,0
constant,129,12500,wave,0.00213258381031602,effectiveBandwidth,0.666666666666667,0.95,0.666666666666667,78,55,55,681,0.161812452166743,0.00268182901481917,7.98366526502353e-15,3.45719526203093e-14,0.00437175,5.14181104166667,799,1597,0
constant,129,12500,wave,0.00213258381031602,effectiveBandwidth,0.666666666666667,0.95,0.75,78,62,62,828,0.55774153830242,0.2766633667611,9.2900949376937e-15,3.84102923595587e-14,0.00437691666666667,5.14181104166667,799,1597,0
constant,129,12500,wave,0.00213258381031602,effectiveBandwidth,0.666666666666667,0.99,0.5,78,40,40,366,3.10547503342232e-11,8.16114163255851e-12,6.60019526528401e-15,2.50949099840871e-14,0.004359875,5.14181104166667,799,1597,0
constant,129,12500,wave,0.00213258381031602,effectiveBandwidth,0.666666666666667,0.99,0.666666666666667,78,53,53,639,0.0266967128756125,0.000163244611116565,7.62403031161113e-15,3.318754330874e-14,0.00436079166666667,5.14181104166667,799,1597,0
constant,129,12500,wave,0.00213258381031602,effectiveBandwidth,0.666666666666667,0.99,0.75,78,60,60,786,0.523394112640069,0.16180494935048,9.2900949376937e-15,3.73699888495301e-14,0.00437320833333333,5.14181104166667,799,1597,0
constant,129,12500,wave,0.00213258381031602,effectiveBandwidth,0.666666666666667,0.999,0.5,78,38,38,339,3.10547503342232e-11,7.66573694491672e-12,6.3420483103425e-15,2.41151454732e-14,0.00434770833333333,5.14181104166667,799,1597,0
constant,129,12500,wave,0.00213258381031602,effectiveBandwidth,0.666666666666667,0.999,0.666666666666667,78,51,51,597,0.00216981574214138,5.07302589235275e-06,7.62403031161113e-15,3.22164998398689e-14,0.00440733333333333,5.14181104166667,799,1597,0
constant,129,12500,wave,0.00213258381031602,effectiveBandwidth,0.666666666666667,0.999,0.75,78,58,58,744,0.475834328426228,0.0648225081151143,8.30373825124449e-15,3.56612812444035e-14,0.004385625,5.14181104166667,799,1597,0
constant,129,12500,wave,0.00256304675910625,none,0.666666666666667,0.99,0.666666666666667,78,78,78,1164,0.716576578969657,0.464217748455331,1.23690949451462e-14,4.90723939697725e-14,0.000174041666666667,5.14181104166667,799,1597,0
constant,129,12500,wave,0.00256304675910625,fixedFraction,0.5,0.99,0.666666666666667,78,39,39,348,1.46960576381629e-11,6.48227203861556e-12,6.60698253762895e-15,2.51176285041523e-14,9.60833333333333e-05,5.14181104166667,799,1597,0
constant,129,12500,wave,0.00256304675910625,fixedFraction,0.666666666666667,0.99,0.666666666666667,78,52,52,618,0.00826813735574559,3.1934309801872e-05,7.60855477970435e-15,3.32224887366399e-14,8.62083333333333e-05,5.14181104166667,799,1597,0
constant,129,12500,wave,0.00256304675910625,fixedFraction,0.75,0.99,0.666666666666667,78,58,58,744,0.475834328352907,0.0648225080353196,8.2913273276076e-15,3.56304883270154e-14,8.10416666666667e-05,5.14181104166667,799,1597,0
constant,129,12500,wave,0.00256304675910625,effectiveBandwidth,0.666666666666667,0.95,0.5,78,42,42,408,3.19455508149347e-11,9.50622682472758e-12,6.72757996883483e-15,2.63170189336857e-14,0.00445208333333333,5.14181104166667,799,1597,0
constant,129,12500,wave,0.00256304675910625,effectiveBandwidth,0.666666666666667,0.95,0.666666666666667,78,55,55,681,0.161812452002175,0.00268182901225843,8.01293055352009e-15,3.46113312110224e-14,0.00437391666666667,5.14181104166667,799,1597,0
constant,129,12500,wave,0.00256304675910625,effectiveBandwidth,0.666666666666667,0.95,0.75,78,62,62,828,0.55774153820311,0.27666336674589,9.27741080511273e-15,3.84586285521868e-14,0.00435991666666667,5.14181104166667,799,1597,0
constant,129,12500,wave,0.00256304675910625,effectiveBandwidth,0.666666666666667,0.99,0.5,78,40,40,366,1.46960576381629e-11,6.48227203861556e-12,6.60698253762895e-15,2.51176285041523e-14,0.00436345833333333,5.14181104166667,799,1597,0
constant,129,12500,wave,0.00256304675910625,effectiveBandwidth,0.666666666666667,0.99,0.666666666666667,78,53,53,639,0.0266967128206564,0.000163244607973101,7.60855477970435e-15,3.32224887366399e-14,0.00439104166666667,5.14181104166667,799,1597,0
constant,129,12500,wave,0.00256304675910625,effectiveBandwidth,0.666666666666667,0.99,0.75,78,60,60,786,0.523394112564631,0.161804949301949,9.27741080511273e-15,3.73536557581862e-14,0.0043595,5.14181104166667,799,1597,0
constant,129,12500,wave,0.00256304675910625,effectiveBandwidth,0.666666666666667,0.999,0.5,78,38,38,339,1.46960576381629e-11,6.48227203861556e-12,6.3479311041262e-15,2.41456516785781e-14,0.00435758333333333,5.14181104166667,799,1597,0
constant,129,12500,wave,0.00256304675910625,effectiveBandwidth,0.666666666666667,0.999,0.666666666666667,78,51,51,597,0.00216981573767316,5.07302593066857e-06,7.60855477970435e-15,3.21615693229416e-14,0.00436216666666667,5.14181104166667,799,1597,0
constant,129,12500,wave,0.00256304675910625,effectiveBandwidth,0.666666666666667,0.999,0.75,78,58,58,744,0.475834328352907,0.0648225080353196,8.2913273276076e-15,3.56304883270154e-14,0.00435358333333333,5.14181104166667,799,1597,0
exponential,33,100000,apv,0,none,0.666666666666667,0.99,0.666666666666667,18,18,18,156,0.682438408955715,0.331148365217508,4.5812141580895e-15,1.64773810747077e-14,8.16666666666667e-05,0.849678041666667,223,445,0
exponential,33,100000,apv,0,fixedFraction,0.5,0.99,0.666666666666667,18,9,9,51,1.36793676347294e-07,3.08922020925803e-08,2.4190896557258e-15,8.1043892857802e-15,5.09583333333333e-05,0.849678041666667,223,445,0
exponential,33,100000,apv,0,fixedFraction,0.666666666666667,0.99,0.666666666666667,18,12,12,84,0.00324608736509257,0.000359676748281554,3.11878399214661e-15,1.10120449014086e-14,3.825e-05,0.849678041666667,223,445,0
exponential,33,100000,apv,0,fixedFraction,0.75,0.99,0.666666666666667,18,13,13,96,0.0278148194575974,0.00437412895000637,4.36530216202049e-15,1.26384740150238e-14,3.69166666666667e-05,0.849678041666667,223,445,0
exponential,33,100000,apv,0,effectiveBandwidth,0.666666666666667,0.95,0.5,18,11,11,72,0.00021513731090909,2.31905337754003e-05,2.47673900375791e-15,9.32707889721724e-15,0.000422791666666667,0.849678041666667,223,445,0
exponential,33,100000,apv,0,effectiveBandwidth,0.666666666666667,0.95,0.666666666666667,18,14,14,108,0.137833832510668,0.0298603710345133,4.50735240729537e-15,1.26384740150238e-14,0.000385333333333333,0.849678041666667,223,445,0
exponential,33,100000,apv,0,effectiveBandwidth,0.666666666666667,0.95,0.75,18,16,16,132,0.59529183215214,0.246508442269821,4.5812141580895e-15,1.64773810747077e-14,0.000384875,0.849678041666667,223,445,0
exponential,33,100000,apv,0,effectiveBandwidth,0.666666666666667,0.99,0.5,18,10,10,60,7.70288952966556e-06,5.85008196870429e-07,2.4190896557258e-15,8.1043892857802e-15,0.000384166666666667,0.849678041666667,223,445,0
exponential,33,100000,apv,0,effectiveBandwidth,0.666666666666667,0.99,0.666666666666667,18,13,13,96,0.0278148194575974,0.00437412895000637,4.36530216202049e-15,1.26384740150238e-14,0.000386041666666667,0.849678041666667,223,445,0
exponential,33,100000,apv,0,effectiveBandwidth,0.666666666666667,0.99,0.75,18,15,15,120,0.388385851080521,0.118023563552083,4.50735240729537e-15,1.41681479276202e-14,0.000382875,0.849678041666667,223,445,0
exponential,33,100000,apv,0,effectiveBandwidth,0.666666666666667,0.999,0.5,18,9,9,51,1.36793676347294e-07,3.08922020925803e-08,2.4190896557258e-15,8.1043892857802e-15,0.000382833333333333,0.849678041666667,223,445,0
exponential,33,100000,apv,0,effectiveBandwidth,0.666666666666667,0.999,0.666666666666667,18,12,12,84,0.00324608736509257,0.000359676748281554,3.11878399214661e-15,1.10120449014086e-14,0.000383833333333333,0.849678041666667,223,445,0
exponential,33,100000,apv,0,effectiveBandwidth,0.666666666666667,0.999,0.75,18,14,14,108,0.137833832510668,0.0298603710345133,4.50735240729537e-15,1.26384740150238e-14,0.000383375,0.849678041666667,223,445,0
exponential,33,100000,wave,6.28318530717959e-05,none,0.666666666666667,0.99,0.666666666666667,18,18,18,264,0.683449996068029,0.328765999460071,4.87037216714494e-15,1.70704985668062e-14,8.65416666666667e-05,0.849678041666667,223,445,0
exponential,33,100000,wave,6.28318530717959e-05,fixedFraction,0.5,0.99,0.666666666666667,18,9,9,78,1.47757787521468e-07,5.9271015947726e-08,2.35638675141635e-15,8.46985864082922e-15,4.92083333333333e-05,0.849678041666667,223,445,0
exponential,33,100000,wave,6.28318530717959e-05,fixedFraction,0.666666666666667,0.99,0.666666666666667,18,12,12,138,0.00335191801978034,0.00049910300921623,3.35853871185166e-15,1.15452674054417e-14,4.075e-05,0.849678041666667,223,445,0
exponential,33,100000,wave,6.28318530717959e-05,fixedFraction,0.75,0.99,0.666666666666667,18,13,13,159,0.0284693420360943,0.00441129430354916,4.4830310736986e-15,1.31591727928629e-14,4.06666666666667e-05,0.849678041666667,223,445,0
exponential,33,100000,wave,6.28318530717959e-05,effectiveBandwidth,0.666666666666667,0.95,0.5,18,11,11,117,0.000224608805014736,5.14890575231355e-05,2.73803751392039e-15,1.00220042821116e-14,0.000444375,0.849678041666667,223,445,0
exponential,33,100000,wave,6.28318530717959e-05,effectiveBandwidth,0.666666666666667,0.95,0.666666666666667,18,14,14,180,0.140026632004001,0.0284693420360943,4.55182459186453e-15,1.36137797229936e-14,0.000397125,0.849678041666667,223,445,0
exponential,33,100000,wave,6.28318530717959e-05,effectiveBandwidth,0.666666666666667,0.95,0.75,18,16,16,222,0.597010488563245,0.144911357341977,4.87037216714494e-15,1.70704985668062e-14,0.000396708333333333,0.849678041666667,223,445,0
exponential,33,100000,wave,6.28318530717959e-05,effectiveBandwidth,0.666666666666667,0.99,0.5,18,10,10,96,8.15841744161111e-06,1.96256156176357e-06,2.35638675141635e-15,8.54160817362132e-15,0.000393666666666667,0.849678041666667,223,445,0
exponential,33,100000,wave,6.28318530717959e-05,effectiveBandwidth,0.666666666666667,0.99,0.666666666666667,18,13,13,159,0.0284693420360943,0.00441129430354916,4.4830310736986e-15,1.31591727928629e-14,0.000394708333333333,0.849678041666667,223,445,0
exponential,33,100000,wave,6.28318530717959e-05,effectiveBandwidth,0.666666666666667,0.99,0.75,18,15,15,201,0.391900168080504,0.118652266685437,4.55182459186453e-15,1.52431447424932e-14,0.000395333333333333,0.849678041666667,223,445,0
exponential,33,100000,wave,6.28318530717959e-05,effectiveBandwidth,0.666666666666667,0.999,0.5,18,9,9,78,1.47757787521468e-07,5.9271015947726e-08,2.35638675141635e-15,8.46985864082922e-15,0.00039525,0.849678041666667,223,445,0
exponential,33,100000,wave,6.28318530717959e-05,effectiveBandwidth,0.666666666666667,0.999,0.666666666666667,18,12,12,138,0.00335191801978034,0.00049910300921623,3.35853871185166e-15,1.15452674054417e-14,0.000401958333333333,0.849678041666667,223,445,0
exponential,33,100000,wave,6.28318530717959e-05,effectiveBandwidth,0.666666666666667,0.999,0.75,18,14,14,180,0.140026632004001,0.0284693420360943,4.55182459186453e-15,1.36137797229936e-14,0.000399166666666667,0.849678041666667,223,445,0
exponential,33,100000,wave,0.000140496294620815,none,0.666666666666667,0.99,0.666666666666667,18,18,18,264,0.683449623332492,0.32876603754884,4.87200246066803e-15,1.70572030200363e-14,9.36666666666667e-05,0.849678041666667,223,445,0
exponential,33,100000,wave,0.000140496294620815,fixedFraction,0.5,0.99,0.666666666666667,18,9,9,78,1.47807019804381e-07,5.93123873287162e-08,2.39705921334336e-15,8.49150145938267e-15,5.6e-05,0.849678041666667,223,445,0
exponential,33,100000,wave,0.000140496294620815,fixedFraction,0.666666666666667,0.99,0.666666666666667,18,12,12,138,0.00335225204735709,0.000499122083191738,3.31590439999641e-15,1.14539412437675e-14,4.1875e-05,0.849678041666667,223,445,0
exponential,33,100000,wave,0.000140496294620815,fixedFraction,0.75,0.99,0.666666666666667,18,13,13,159,0.028471159744313,0.00441184327706153,4.50273493309184e-15,1.31576623332924e-14,3.94583333333333e-05,0.849678041666667,223,445,0
exponential,33,100000,wave,0.000140496294620815,effectiveBandwidth,0.666666666666667,0.95,0.5,18,11,11,117,0.000224642533709841,5.14859909652679e-05,2.75540779737776e-15,1.00010186564786e-14,0.000422791666666667,0.849678041666667,223,445,0
exponential,33,100000,wave,0.000140496294620815,effectiveBandwidth,0.666666666666667,0.95,0.666666666666667,18,14,14,180,0.140031890437534,0.028471159744313,4.58897827522507e-15,1.36119805311537e-14,0.000391291666666667,0.849678041666667,223,445,0
exponential,33,100000,wave,0.000140496294620815,effectiveBandwidth,0.666666666666667,0.95,0.75,18,16,16,222,0.597011578184915,0.144915432862419,4.87200246066803e-15,1.70572030200363e-14,0.00038675,0.849678041666667,223,445,0
exponential,33,100000,wave,0.000140496294620815,effectiveBandwidth,0.666666666666667,0.99,0.5,18,10,10,96,8.16024093738445e-06,1.96235844525688e-06,2.39705921334336e-15,8.5193484500764e-15,0.000383291666666667,0.849678041666667,223,445,0
exponential,33,100000,wave,0.000140496294620815,effectiveBandwidth,0.666666666666667,0.99,0.666666666666667,18,13,13,159,0.028471159744313,0.00441184327706153,4.50273493309184e-15,1.31576623332924e-14,0.000382208333333333,0.849678041666667,223,445,0
exponential,33,100000,wave,0.000140496294620815,effectiveBandwidth,0.666666666666667,0.99,0.75,18,15,15,201,0.391906939901974,0.118655715090745,4.58897827522507e-15,1.52829793243008e-14,0.000389666666666667,0.849678041666667,223,445,0
exponential,33,100000,wave,0.000140496294620815,effectiveBandwidth,0.666666666666667,0.999,0.5,18,9,9,78,1.47807019804381e-07,5.93123873287162e-08,2.39705921334336e-15,8.49150145938267e-15,0.000381875,0.849678041666667,223,445,0
exponential,33,100000,wave,0.000140496294620815,effectiveBandwidth,0.666666666666667,0.999,0.666666666666667,18,12,12,138,0.00335225204735709,0.000499122083191738,3.31590439999641e-15,1.14539412437675e-14,0.000382375,0.849678041666667,223,445,0
exponential,33,100000,wave,0.000140496294620815,effectiveBandwidth,0.666666666666667,0.999,0.75,18,14,14,180,0.140031890437534,0.028471159744313,4.58897827522507e-15,1.36119805311537e-14,0.000383875,0.849678041666667,223,445,0
exponential,33,100000,wave,0.00022654346798278,none,0.666666666666667,0.99,0.666666666666667,18,18,18,264,0.683448877144647,0.328766114299869,4.89238697913499e-15,1.70447292430303e-14,9.275e-05,0.849678041666667,223,445,0
exponential,33,100000,wave,0.00022654346798278,fixedFraction,0.5,0.99,0.666666666666667,18,9,9,78,1.47905410401267e-07,5.93951491194342e-08,2.41533723013208e-15,8.4738993110728e-15,4.74583333333333e-05,0.849678041666667,223,445,0
exponential,33,100000,wave,0.00022654346798278,fixedFraction,0.666666666666667,0.99,0.666666666666667,18,12,12,138,0.00335291985242146,0.00049916016962378,3.36848167350816e-15,1.15210478096707e-14,3.85833333333333e-05,0.849678041666667,223,445,0
exponential,33,100000,wave,0.00022654346798278,fixedFraction,0.75,0.99,0.666666666666667,18,13,13,159,0.0284747936650986,0.00441294102218399,4.48022395018192e-15,1.31763042506912e-14,3.775e-05,0.849678041666667,223,445,0
exponential,33,100000,wave,0.00022654346798278,effectiveBandwidth,0.666666666666667,0.95,0.5,18,11,11,117,0.000224709969181194,5.14798573310804e-05,2.75397832178833e-15,1.00239442231057e-14,0.000416666666666667,0.849678041666667,223,445,0
exponential,33,100000,wave,0.00022654346798278,effectiveBandwidth,0.666666666666667,0.95,0.666666666666667,18,14,14,180,0.14004240252015,0.0284747936650986,4.51249140991673e-15,1.35437443683384e-14,0.000383833333333333,0.849678041666667,223,445,0
exponential,33,100000,wave,0.00022654346798278,effectiveBandwidth,0.666666666666667,0.95,0.75,18,16,16,222,0.597013754386412,0.144923588430151,4.89238697913499e-15,1.70447292430303e-14,0.000383291666666667,0.849678041666667,223,445,0
exponential,33,100000,wave,0.00022654346798278,effectiveBandwidth,0.666666666666667,0.99,0.5,18,10,10,96,8.1638869848524e-06,1.9619515799558e-06,2.41533723013208e-15,8.57860052418717e-15,0.000379875,0.849678041666667,223,445,0
exponential,33,100000,wave,0.00022654346798278,effectiveBandwidth,0.666666666666667,0.99,0.666666666666667,18,13,13,159,0.0284747936650986,0.00441294102218399,4.48022395018192e-15,1.31763042506912e-14,0.000411083333333333,0.849678041666667,223,445,0
exponential,33,100000,wave,0.00022654346798278,effectiveBandwidth,0.666666666666667,0.99,0.75,18,15,15,201,0.391920476161335,0.118662608535258,4.51249140991673e-15,1.52819098357832e-14,0.0003815,0.849678041666667,223,445,0
exponential,33,100000,wave,0.00022654346798278,effectiveBandwidth,0.666666666666667,0.999,0.5,18,9,9,78,1.47905410401267e-07,5.93951491194342e-08,2.41533723013208e-15,8.4738993110728e-15,0.000382083333333333,0.849678041666667,223,445,0
exponential,33,100000,wave,0.00022654346798278,effectiveBandwidth,0.666666666666667,0.999,0.666666666666667,18,12,12,138,0.00335291985242146,0.00049916016962378,3.36848167350816e-15,1.15210478096707e-14,0.000380666666666667,0.849678041666667,223,445,0
exponential,33,100000,wave,0.00022654346798278,effectiveBandwidth,0.666666666666667,0.999,0.75,18,14,14,180,0.14004240252015,0.0284747936650986,4.51249140991673e-15,1.35437443683384e-14,0.000383208333333333,0.849678041666667,223,445,0
exponential,33,100000,wave,0.000266572976289502,none,0.666666666666667,0.99,0.666666666666667,18,18,18,264,0.683448410291836,0.328766162658777,4.85273183482746e-15,1.70770424328753e-14,8.59166666666667e-05,0.849678041666667,223,445,0
exponential,33,100000,wave,0.000266572976289502,fixedFraction,0.5,0.99,0.666666666666667,18,9,9,78,1.47966916011344e-07,5.94479499154107e-08,2.35569266481632e-15,8.46571212003466e-15,4.725e-05,0.849678041666667,223,445,0
exponential,33,100000,wave,0.000266572976289502,fixedFraction,0.666666666666667,0.99,0.666666666666667,18,12,12,138,0.00335333706135134,0.00049918393397623,3.35301599148142e-15,1.15171890317202e-14,3.9e-05,0.849678041666667,223,445,0
exponential,33,100000,wave,0.000266572976289502,fixedFraction,0.75,0.99,0.666666666666667,18,13,13,159,0.0284770638529182,0.00441362697611695,4.51599140058444e-15,1.31112986258359e-14,3.75416666666667e-05,0.849678041666667,223,445,0
exponential,33,100000,wave,0.000266572976289502,effectiveBandwidth,0.666666666666667,0.95,0.5,18,11,11,117,0.000224752101420959,5.14760234590128e-05,2.72892373035092e-15,1.0004522023407e-14,0.000418166666666667,0.849678041666667,223,445,0
exponential,33,100000,wave,0.000266572976289502,effectiveBandwidth,0.666666666666667,0.95,0.666666666666667,18,14,14,180,0.140048969330888,0.0284770638529182,4.55851821940185e-15,1.36447838131599e-14,0.000385583333333333,0.849678041666667,223,445,0
exponential,33,100000,wave,0.000266572976289502,effectiveBandwidth,0.666666666666667,0.95,0.75,18,16,16,222,0.597015112451951,0.14492868871959,4.85273183482746e-15,1.70770424328753e-14,0.000381916666666667,0.849678041666667,223,445,0
exponential,33,100000,wave,0.000266572976289502,effectiveBandwidth,0.666666666666667,0.99,0.5,18,10,10,96,8.16616504375908e-06,1.96169685432693e-06,2.35569266481632e-15,8.48729855052885e-15,0.000380875,0.849678041666667,223,445,0
exponential,33,100000,wave,0.000266572976289502,effectiveBandwidth,0.666666666666667,0.99,0.666666666666667,18,13,13,159,0.0284770638529182,0.00441362697611695,4.51599140058444e-15,1.31112986258359e-14,0.000387041666666667,0.849678041666667,223,445,0
exponential,33,100000,wave,0.000266572976289502,effectiveBandwidth,0.666666666666667,0.99,0.75,18,15,15,201,0.391928931325659,0.118666914658412,4.55851821940185e-15,1.52921866960315e-14,0.000384875,0.849678041666667,223,445,0
exponential,33,100000,wave,0.000266572976289502,effectiveBandwidth,0.666666666666667,0.999,0.5,18,9,9,78,1.47966916011344e-07,5.94479499154107e-08,2.35569266481632e-15,8.46571212003466e-15,0.000384166666666667,0.849678041666667,223,445,0
exponential,33,100000,wave,0.000266572976289502,effectiveBandwidth,0.666666666666667,0.999,0.666666666666667,18,12,12,138,0.00335333706135134,0.00049918393397623,3.35301599148142e-15,1.15171890317202e-14,0.000380791666666667,0.849678041666667,223,445,0
exponential,33,100000,wave,0.000266572976289502,effectiveBandwidth,0.666666666666667,0.999,0.75,18,14,14,180,0.140048969330888,0.0284770638529182,4.55851821940185e-15,1.36447838131599e-14,0.000380625,0.849678041666667,223,445,0
exponential,33,100000,wave,0.000320380844888282,none,0.666666666666667,0.99,0.666666666666667,18,18,18,264,0.683447662556097,0.328766240656724,4.89668013526242e-15,1.70608061583567e-14,0.00011225,0.849678041666667,223,445,0
exponential,33,100000,wave,0.000320380844888282,fixedFraction,0.5,0.99,0.666666666666667,18,9,9,78,1.48065308768819e-07,5.95305047230636e-08,2.36743122887923e-15,8.50288022678149e-15,6.15e-05,0.849678041666667,223,445,0
exponential,33,100000,wave,0.000320380844888282,fixedFraction,0.666666666666667,0.99,0.666666666666667,18,12,12,138,0.00335400432475202,0.000499221883342665,3.33801516734082e-15,1.15049782059108e-14,4.6875e-05,0.849678041666667,223,445,0
exponential,33,100000,wave,0.000320380844888282,fixedFraction,0.75,0.99,0.666666666666667,18,13,13,159,0.028480694532373,0.0044147242833288,4.50843578827408e-15,1.31935100832934e-14,4.30416666666667e-05,0.849678041666667,223,445,0
exponential,33,100000,wave,0.000320380844888282,effectiveBandwidth,0.666666666666667,0.95,0.5,18,11,11,117,0.000224819488921195,5.14698887073531e-05,2.74242746767935e-15,1.00611744590493e-14,0.000508291666666667,0.849678041666667,223,445,0
exponential,33,100000,wave,0.000320380844888282,effectiveBandwidth,0.666666666666667,0.95,0.666666666666667,18,14,14,180,0.140059471041099,0.028480694532373,4.54799079094416e-15,1.35775202508258e-14,0.000533208333333333,0.849678041666667,223,445,0
exponential,33,100000,wave,0.000320380844888282,effectiveBandwidth,0.666666666666667,0.95,0.75,18,16,16,222,0.597017282063532,0.14493685408154,4.89668013526242e-15,1.70608061583567e-14,0.0005675,0.849678041666667,223,445,0
exponential,33,100000,wave,0.000320380844888282,effectiveBandwidth,0.666666666666667,0.99,0.5,18,10,10,96,8.16980907208895e-06,1.96128861850511e-06,2.36743122887923e-15,8.50288022678149e-15,0.000905083333333333,0.849678041666667,223,445,0
exponential,33,100000,wave,0.000320380844888282,effectiveBandwidth,0.666666666666667,0.99,0.666666666666667,18,13,13,159,0.028480694532373,0.0044147242833288,4.50843578827408e-15,1.31935100832934e-14,0.000462125,0.849678041666667,223,445,0
exponential,33,100000,wave,0.000320380844888282,effectiveBandwidth,0.666666666666667,0.99,0.75,18,15,15,201,0.391942451590457,0.118673800806795,4.54799079094416e-15,1.52976256821572e-14,0.000462541666666667,0.849678041666667,223,445,0
exponential,33,100000,wave,0.000320380844888282,effectiveBandwidth,0.666666666666667,0.999,0.5,18,9,9,78,1.48065308768819e-07,5.95305047230636e-08,2.36743122887923e-15,8.50288022678149e-15,0.000452583333333333,0.849678041666667,223,445,0
exponential,33,100000,wave,0.000320380844888282,effectiveBandwidth,0.666666666666667,0.999,0.666666666666667,18,12,12,138,0.00335400432475202,0.000499221883342665,3.33801516734082e-15,1.15049782059108e-14,0.000454208333333333,0.849678041666667,223,445,0
exponential,33,100000,wave,0.000320380844888282,effectiveBandwidth,0.666666666666667,0.999,0.75,18,14,14,180,0.140059471041099,0.028480694532373,4.54799079094416e-15,1.35775202508258e-14,0.000458,0.849678041666667,223,445,0
exponential,65,100000,apv,0,none,0.666666666666667,0.99,0.666666666666667,38,38,38,336,0.70070560380912,0.408736889520866,9.53386569416743e-15,3.19418164072693e-14,0.000342708333333333,1.233880875,415,829,0
exponential,65,100000,apv,0,fixedFraction,0.5,0.99,0.666666666666667,38,19,19,111,1.57398469706911e-10,1.21159235089188e-11,4.31696466976508e-15,1.53680052919165e-14,0.000359083333333333,1.233880875,415,829,0
exponential,65,100000,apv,0,fixedFraction,0.666666666666667,0.99,0.666666666666667,38,25,25,180,0.00178985256684705,0.000115650002568542,5.75894014788701e-15,1.95558278912947e-14,0.000188875,1.233880875,415,829,0
exponential,65,100000,apv,0,fixedFraction,0.75,0.99,0.666666666666667,38,28,28,216,0.137544967190369,0.0129152956107806,7.22181497933233e-15,2.48068359077844e-14,4.63333333333333e-05,1.233880875,415,829,0
exponential,65,100000,apv,0,effectiveBandwidth,0.666666666666667,0.95,0.5,38,21,21,132,1.145513906536e-07,5.00317685408689e-09,5.53873863446316e-15,1.86258589962679e-14,0.000982166666666667,1.233880875,415,829,0
exponential,65,100000,apv,0,effectiveBandwidth,0.666666666666667,0.95,0.666666666666667,38,27,27,204,0.043628910526855,0.00274975018602418,5.75894014788701e-15,2.09466439111356e-14,0.000966833333333333,1.233880875,415,829,0
exponential,65,100000,apv,0,effectiveBandwidth,0.666666666666667,0.95,0.75,38,31,31,252,0.534765622783535,0.210495937340646,7.22181497933233e-15,2.67140180735514e-14,0.000861458333333333,1.233880875,415,829,0
exponential,65,100000,apv,0,effectiveBandwidth,0.666666666666667,0.99,0.5,38,20,20,120,5.00317685408689e-09,7.84614962084983e-10,4.31696466976508e-15,1.68958137924908e-14,0.000861125,1.233880875,415,829,0
exponential,65,100000,apv,0,effectiveBandwidth,0.666666666666667,0.99,0.666666666666667,38,26,26,192,0.0102110782854284,0.000935462018381006,5.75894014788701e-15,2.05381364132071e-14,0.000857333333333333,1.233880875,415,829,0
exponential,65,100000,apv,0,effectiveBandwidth,0.666666666666667,0.99,0.75,38,30,30,240,0.48807561716762,0.100007147069817,7.22181497933233e-15,2.67140180735514e-14,0.000857,1.233880875,415,829,0
exponential,65,100000,apv,0,effectiveBandwidth,0.666666666666667,0.999,0.5,38,19,19,111,1.57398469706911e-10,1.21159235089188e-11,4.31696466976508e-15,1.53680052919165e-14,0.000853958333333333,1.233880875,415,829,0
exponential,65,100000,apv,0,effectiveBandwidth,0.666666666666667,0.999,0.666666666666667,38,25,25,180,0.00178985256684705,0.000115650002568542,5.75894014788701e-15,1.95558278912947e-14,0.0008555,1.233880875,415,829,0
exponential,65,100000,apv,0,effectiveBandwidth,0.666666666666667,0.999,0.75,38,28,28,216,0.137544967190369,0.0129152956107806,7.22181497933233e-15,2.48068359077844e-14,0.000856791666666667,1.233880875,415,829,0
exponential,65,100000,wave,6.28318530717959e-05,none,0.666666666666667,0.99,0.666666666666667,38,38,38,564,0.700942404299333,0.367266853418171,9.25167704784344e-15,3.27271530305747e-14,0.000107083333333333,1.233880875,415,829,0
exponential,65,100000,wave,6.28318530717959e-05,fixedFraction,0.5,0.99,0.666666666666667,38,19,19,168,1.61327633679859e-10,1.28646093965435e-11,4.64787699257944e-15,1.63357811545436e-14,6.0875e-05,1.233880875,415,829,0
exponential,65,100000,wave,6.28318530717959e-05,fixedFraction,0.666666666666667,0.99,0.666666666666667,38,25,25,291,0.00181240662837204,0.000170054318933676,5.23084897915495e-15,2.15296326595749e-14,4.76666666666667e-05,1.233880875,415,829,0
exponential,65,100000,wave,6.28318530717959e-05,fixedFraction,0.75,0.99,0.666666666666667,38,28,28,354,0.138411007792358,0.0103431462270865,7.46322707496622e-15,2.73997353750296e-14,4.575e-05,1.233880875,415,829,0
exponential,65,100000,wave,6.28318530717959e-05,effectiveBandwidth,0.666666666666667,0.95,0.5,38,21,21,207,1.18067520315395e-07,5.09583534179364e-09,4.64787699257944e-15,1.81471168174191e-14,0.000896708333333333,1.233880875,415,829,0
exponential,65,100000,wave,6.28318530717959e-05,effectiveBandwidth,0.666666666666667,0.95,0.666666666666667,38,27,27,333,0.0439938812934236,0.00274632500748723,5.23084897915495e-15,2.28593135122174e-14,0.000854708333333333,1.233880875,415,829,0
exponential,65,100000,wave,6.28318530717959e-05,effectiveBandwidth,0.666666666666667,0.95,0.75,38,31,31,417,0.53502090571806,0.191455393171535,7.46322707496622e-15,2.86026815053931e-14,0.000848083333333333,1.233880875,415,829,0
exponential,65,100000,wave,6.28318530717959e-05,effectiveBandwidth,0.666666666666667,0.99,0.5,38,20,20,186,5.18781231996188e-09,1.43475883743293e-09,4.64787699257944e-15,1.81471168174191e-14,0.000853583333333333,1.233880875,415,829,0
exponential,65,100000,wave,6.28318530717959e-05,effectiveBandwidth,0.666666666666667,0.99,0.666666666666667,38,26,26,312,0.010317741657769,0.000947739827663877,5.23084897915495e-15,2.24559037576692e-14,0.000852583333333333,1.233880875,415,829,0
exponential,65,100000,wave,6.28318530717959e-05,effectiveBandwidth,0.666666666666667,0.99,0.75,38,30,30,396,0.48903290098518,0.100513280933654,7.46322707496622e-15,2.86026815053931e-14,0.000845,1.233880875,415,829,0
exponential,65,100000,wave,6.28318530717959e-05,effectiveBandwidth,0.666666666666667,0.999,0.5,38,19,19,168,1.61327633679859e-10,1.28646093965435e-11,4.64787699257944e-15,1.63357811545436e-14,0.000848416666666667,1.233880875,415,829,0
exponential,65,100000,wave,6.28318530717959e-05,effectiveBandwidth,0.666666666666667,0.999,0.666666666666667,38,25,25,291,0.00181240662837204,0.000170054318933676,5.23084897915495e-15,2.15296326595749e-14,0.000859125,1.233880875,415,829,0
exponential,65,100000,wave,6.28318530717959e-05,effectiveBandwidth,0.666666666666667,0.999,0.75,38,28,28,354,0.138411007792358,0.0103431462270865,7.46322707496622e-15,2.73997353750296e-14,0.000852583333333333,1.233880875,415,829,0
exponential,65,100000,wave,0.000140496294620815,none,0.666666666666667,0.99,0.666666666666667,38,38,38,564,0.700942237467426,0.367267060449066,9.21888894786154e-15,3.27405615569318e-14,0.000103291666666667,1.233880875,415,829,0
exponential,65,100000,wave,0.000140496294620815,fixedFraction,0.5,0.99,0.666666666666667,38,19,19,168,1.65786653169318e-10,1.28674630320147e-11,4.611215325386e-15,1.6337929856202e-14,5.7e-05,1.233880875,415,829,0
exponential,65,100000,wave,0.000140496294620815,fixedFraction,0.666666666666667,0.99,0.666666666666667,38,25,25,291,0.00181246383043174,0.000170059588084836,5.20032760467044e-15,2.15266419914894e-14,4.77916666666667e-05,1.233880875,415,829,0
exponential,65,100000,wave,0.000140496294620815,fixedFraction,0.75,0.99,0.666666666666667,38,28,28,354,0.138412773239222,0.0103430806758491,7.47007346592584e-15,2.73564099803706e-14,4.5625e-05,1.233880875,415,829,0
exponential,65,100000,wave,0.000140496294620815,effectiveBandwidth,0.666666666666667,0.95,0.5,38,21,21,207,1.18071781685519e-07,5.09418288501307e-09,4.62488513360467e-15,1.8162109500142e-14,0.000894291666666667,1.233880875,415,829,0
exponential,65,100000,wave,0.000140496294620815,effectiveBandwidth,0.666666666666667,0.95,0.666666666666667,38,27,27,333,0.0439946891892728,0.00274650462514909,5.20032760467044e-15,2.28958454496928e-14,0.000890458333333333,1.233880875,415,829,0
exponential,65,100000,wave,0.000140496294620815,effectiveBandwidth,0.666666666666667,0.95,0.75,38,31,31,417,0.535020690867379,0.191455978980488,7.47007346592584e-15,2.86275497384873e-14,0.000985416666666667,1.233880875,415,829,0
exponential,65,100000,wave,0.000140496294620815,effectiveBandwidth,0.666666666666667,0.99,0.5,38,20,20,186,5.1845427126555e-09,1.43482418594661e-09,4.62488513360467e-15,1.8162109500142e-14,0.000852333333333333,1.233880875,415,829,0
exponential,65,100000,wave,0.000140496294620815,effectiveBandwidth,0.666666666666667,0.99,0.666666666666667,38,26,26,312,0.0103179950363591,0.000947772780904425,5.20032760467044e-15,2.24637424927406e-14,0.000848708333333333,1.233880875,415,829,0
exponential,65,100000,wave,0.000140496294620815,effectiveBandwidth,0.666666666666667,0.99,0.75,38,30,30,396,0.489034175754897,0.10051360020264,7.47007346592584e-15,2.86275497384873e-14,0.0008485,1.233880875,415,829,0
exponential,65,100000,wave,0.000140496294620815,effectiveBandwidth,0.666666666666667,0.999,0.5,38,19,19,168,1.65786653169318e-10,1.28674630320147e-11,4.611215325386e-15,1.6337929856202e-14,0.000848,1.233880875,415,829,0
exponential,65,100000,wave,0.000140496294620815,effectiveBandwidth,0.666666666666667,0.999,0.666666666666667,38,25,25,291,0.00181246383043174,0.000170059588084836,5.20032760467044e-15,2.15266419914894e-14,0.000845416666666667,1.233880875,415,829,0
exponential,65,100000,wave,0.000140496294620815,effectiveBandwidth,0.666666666666667,0.999,0.75,38,28,28,354,0.138412773239222,0.0103430806758491,7.47007346592584e-15,2.73564099803706e-14,0.000853833333333333,1.233880875,415,829,0
exponential,65,100000,wave,0.00022654346798278,none,0.666666666666667,0.99,0.666666666666667,38,38,38,564,0.700941903804165,0.367267474670299,9.21882533708506e-15,3.27341587945426e-14,9.91666666666667e-05,1.233880875,415,829,0
exponential,65,100000,wave,0.00022654346798278,fixedFraction,0.5,0.99,0.666666666666667,38,19,19,168,1.64642527613905e-10,1.28589535071049e-11,4.64351022281556e-15,1.63440742381062e-14,5.5625e-05,1.233880875,415,829,0
exponential,65,100000,wave,0.00022654346798278,fixedFraction,0.666666666666667,0.99,0.666666666666667,38,25,25,291,0.0018125783282969,0.000170070126302889,5.20640996563377e-15,2.15142378235224e-14,4.6e-05,1.233880875,415,829,0
exponential,65,100000,wave,0.00022654346798278,fixedFraction,0.75,0.99,0.666666666666667,38,28,28,354,0.138416305772625,0.0103429497638092,7.48845178761867e-15,2.7370977731133e-14,4.46666666666667e-05,1.233880875,415,829,0
exponential,65,100000,wave,0.00022654346798278,effectiveBandwidth,0.666666666666667,0.95,0.5,38,21,21,207,1.18074958269068e-07,5.09371812024404e-09,4.64351022281556e-15,1.81354534746533e-14,0.000885583333333333,1.233880875,415,829,0
exponential,65,100000,wave,0.00022654346798278,effectiveBandwidth,0.666666666666667,0.95,0.666666666666667,38,27,27,333,0.0439963059063643,0.00274686395029575,5.20640996563377e-15,2.28718940324396e-14,0.000859708333333333,1.233880875,415,829,0
exponential,65,100000,wave,0.00022654346798278,effectiveBandwidth,0.666666666666667,0.95,0.75,38,31,31,417,0.53502026114677,0.191457151237777,7.48845178761867e-15,2.86087472861534e-14,0.000851125,1.233880875,415,829,0
exponential,65,100000,wave,0.00022654346798278,effectiveBandwidth,0.666666666666667,0.99,0.5,38,20,20,186,5.18364154364662e-09,1.43497185177892e-09,4.64351022281556e-15,1.81354534746533e-14,0.000857541666666667,1.233880875,415,829,0
exponential,65,100000,wave,0.00022654346798278,effectiveBandwidth,0.666666666666667,0.99,0.666666666666667,38,26,26,312,0.0103185021414464,0.000947838673620786,5.20640996563377e-15,2.24167131164113e-14,0.000858625,1.233880875,415,829,0
exponential,65,100000,wave,0.00022654346798278,effectiveBandwidth,0.666666666666667,0.99,0.75,38,30,30,396,0.489036725921384,0.100514239584282,7.48845178761867e-15,2.86087472861534e-14,0.00085875,1.233880875,415,829,0
exponential,65,100000,wave,0.00022654346798278,effectiveBandwidth,0.666666666666667,0.999,0.5,38,19,19,168,1.64642527613905e-10,1.28589535071049e-11,4.64351022281556e-15,1.63440742381062e-14,0.000854208333333333,1.233880875,415,829,0
exponential,65,100000,wave,0.00022654346798278,effectiveBandwidth,0.666666666666667,0.999,0.666666666666667,38,25,25,291,0.0018125783282969,0.000170070126302889,5.20640996563377e-15,2.15142378235224e-14,0.000852791666666667,1.233880875,415,829,0
exponential,65,100000,wave,0.00022654346798278,effectiveBandwidth,0.666666666666667,0.999,0.75,38,28,28,354,0.138416305772625,0.0103429497638092,7.48845178761867e-15,2.7370977731133e-14,0.0008555,1.233880875,415,829,0
exponential,65,100000,wave,0.000266572976289502,none,0.666666666666667,0.99,0.666666666666667,38,38,38,564,0.700941695257634,0.367267733619723,9.24102500438161e-15,3.27261026940181e-14,0.000100416666666667,1.233880875,415,829,0
exponential,65,100000,wave,0.000266572976289502,fixedFraction,0.5,0.99,0.666666666666667,38,19,19,168,1.64981405453222e-10,1.28718032872038e-11,4.63529083517198e-15,1.63461605053576e-14,5.69583333333333e-05,1.233880875,415,829,0
exponential,65,100000,wave,0.000266572976289502,fixedFraction,0.666666666666667,0.99,0.666666666666667,38,25,25,291,0.00181264995341265,0.000170076712573836,5.18104967573482e-15,2.15206558198667e-14,4.72916666666667e-05,1.233880875,415,829,0
exponential,65,100000,wave,0.000266572976289502,fixedFraction,0.75,0.99,0.666666666666667,38,28,28,354,0.138418514719707,0.010342868072795,7.48101795962894e-15,2.73582702108631e-14,4.53333333333333e-05,1.233880875,415,829,0
exponential,65,100000,wave,0.000266572976289502,effectiveBandwidth,0.666666666666667,0.95,0.5,38,21,21,207,1.18073187003276e-07,5.09673297230713e-09,4.63529083517198e-15,1.81829312195133e-14,0.00090525,1.233880875,415,829,0
exponential,65,100000,wave,0.000266572976289502,effectiveBandwidth,0.666666666666667,0.95,0.666666666666667,38,27,27,333,0.0439973169792645,0.00274708858611456,5.18104967573482e-15,2.28982210512226e-14,0.000851041666666667,1.233880875,415,829,0
exponential,65,100000,wave,0.000266572976289502,effectiveBandwidth,0.666666666666667,0.95,0.75,38,31,31,417,0.535019992558665,0.191457884336069,7.48101795962894e-15,2.86099850976204e-14,0.000870958333333333,1.233880875,415,829,0
exponential,65,100000,wave,0.000266572976289502,effectiveBandwidth,0.666666666666667,0.99,0.5,38,20,20,186,5.18965977072739e-09,1.43505827539124e-09,4.63529083517198e-15,1.81829312195133e-14,0.000849083333333333,1.233880875,415,829,0
exponential,65,100000,wave,0.000266572976289502,effectiveBandwidth,0.666666666666667,0.99,0.666666666666667,38,26,26,312,0.010318819317897,0.000947879847405472,5.18104967573482e-15,2.24101467322289e-14,0.000841833333333333,1.233880875,415,829,0
exponential,65,100000,wave,0.000266572976289502,effectiveBandwidth,0.666666666666667,0.99,0.75,38,30,30,396,0.489038320199365,0.100514639771085,7.48101795962894e-15,2.86099850976204e-14,0.000844541666666667,1.233880875,415,829,0
exponential,65,100000,wave,0.000266572976289502,effectiveBandwidth,0.666666666666667,0.999,0.5,38,19,19,168,1.64981405453222e-10,1.28718032872038e-11,4.63529083517198e-15,1.63461605053576e-14,0.000849041666666667,1.233880875,415,829,0
exponential,65,100000,wave,0.000266572976289502,effectiveBandwidth,0.666666666666667,0.999,0.666666666666667,38,25,25,291,0.00181264995341265,0.000170076712573836,5.18104967573482e-15,2.15206558198667e-14,0.000846458333333333,1.233880875,415,829,0
exponential,65,100000,wave,0.000266572976289502,effectiveBandwidth,0.666666666666667,0.999,0.75,38,28,28,354,0.138418514719707,0.010342868072795,7.48101795962894e-15,2.73582702108631e-14,0.000845416666666667,1.233880875,415,829,0
exponential,65,100000,wave,0.000320380844888282,none,0.666666666666667,0.99,0.666666666666667,38,38,38,564,0.700941361568571,0.367268147995408,9.2533751297053e-15,3.26891608538193e-14,0.000100125,1.233880875,415,829,0
exponential,65,100000,wave,0.000320380844888282,fixedFraction,0.5,0.99,0.666666666666667,38,19,19,168,1.63599547689221e-10,1.28574040611667e-11,4.6256478916727e-15,1.63633237807417e-14,5.67083333333333e-05,1.233880875,415,829,0
exponential,65,100000,wave,0.000320380844888282,fixedFraction,0.666666666666667,0.99,0.666666666666667,38,25,25,291,0.00181276465562029,0.000170087250428265,5.19349153724472e-15,2.15261637232223e-14,9.01666666666667e-05,1.233880875,415,829,0
exponential,65,100000,wave,0.000320380844888282,fixedFraction,0.75,0.99,0.666666666666667,38,28,28,354,0.138422050813954,0.0103427375744458,7.48592972869184e-15,2.73795221350199e-14,4.75833333333333e-05,1.233880875,415,829,0
exponential,65,100000,wave,0.000320380844888282,effectiveBandwidth,0.666666666666667,0.95,0.5,38,21,21,207,1.18081336051226e-07,5.09659480468776e-09,4.65889312943994e-15,1.81574526608545e-14,0.000911958333333333,1.233880875,415,829,0
exponential,65,100000,wave,0.000320380844888282,effectiveBandwidth,0.666666666666667,0.95,0.666666666666667,38,27,27,333,0.0439989356945222,0.00274744809540053,5.19349153724472e-15,2.2886137494898e-14,0.000874041666666667,1.233880875,415,829,0
exponential,65,100000,wave,0.000320380844888282,effectiveBandwidth,0.666666666666667,0.95,0.75,38,31,31,417,0.535019562786266,0.1914590579807,7.48592972869184e-15,2.86393621752206e-14,0.000870125,1.233880875,415,829,0
exponential,65,100000,wave,0.000320380844888282,effectiveBandwidth,0.666666666666667,0.99,0.5,38,20,20,186,5.18941024588763e-09,1.43528118134874e-09,4.65889312943994e-15,1.81574526608545e-14,0.000870083333333333,1.233880875,415,829,0
exponential,65,100000,wave,0.000320380844888282,effectiveBandwidth,0.666666666666667,0.99,0.666666666666667,38,26,26,312,0.010319327179156,0.000947945710667072,5.19349153724472e-15,2.24241560482308e-14,0.000880208333333333,1.233880875,415,829,0
exponential,65,100000,wave,0.000320380844888282,effectiveBandwidth,0.666666666666667,0.99,0.75,38,30,30,396,0.489040871724773,0.100515280983841,7.48592972869184e-15,2.86393621752206e-14,0.000872708333333333,1.233880875,415,829,0
exponential,65,100000,wave,0.000320380844888282,effectiveBandwidth,0.666666666666667,0.999,0.5,38,19,19,168,1.63599547689221e-10,1.28574040611667e-11,4.6256478916727e-15,1.63633237807417e-14,0.000865583333333333,1.233880875,415,829,0
exponential,65,100000,wave,0.000320380844888282,effectiveBandwidth,0.666666666666667,0.999,0.666666666666667,38,25,25,291,0.00181276465562029,0.000170087250428265,5.19349153724472e-15,2.15261637232223e-14,0.000880125,1.233880875,415,829,0
exponential,65,100000,wave,0.000320380844888282,effectiveBandwidth,0.666666666666667,0.999,0.75,38,28,28,354,0.138422050813954,0.0103427375744458,7.48592972869184e-15,2.73795221350199e-14,0.000870208333333333,1.233880875,415,829,0
exponential,129,100000,apv,0,none,0.666666666666667,0.99,0.666666666666667,78,78,78,696,0.716548544561028,0.454510335292384,2.05116799319376e-14,6.7820601705334e-14,0.000155083333333333,4.96482466666667,799,1597,0
exponential,129,100000,apv,0,fixedFraction,0.5,0.99,0.666666666666667,78,39,39,231,8.78029783945204e-13,4.96813594470008e-13,9.63583478351062e-15,3.89080397460541e-14,9.50416666666667e-05,4.96482466666667,799,1597,0
exponential,129,100000,apv,0,fixedFraction,0.666666666666667,0.99,0.666666666666667,78,52,52,384,0.00823211732878386,3.14794929121248e-05,1.1882345629657e-14,4.49511704457975e-14,0.000130541666666667,4.96482466666667,799,1597,0
exponential,129,100000,apv,0,fixedFraction,0.75,0.99,0.666666666666667,78,58,58,456,0.475770271188163,0.0622506573417018,1.34437003843514e-14,5.90059641703109e-14,8.56666666666667e-05,4.96482466666667,799,1597,0
exponential,129,100000,apv,0,effectiveBandwidth,0.666666666666667,0.95,0.5,78,42,42,264,1.42629854230855e-11,6.52495116387869e-13,1.10636205054394e-14,3.89080397460541e-14,0.00348254166666667,4.96482466666667,799,1597,0
exponential,129,100000,apv,0,effectiveBandwidth,0.666666666666667,0.95,0.666666666666667,78,55,55,420,0.161432452464824,0.00231275210101152,1.21440827246379e-14,4.85152711208128e-14,0.00337175,4.96482466666667,799,1597,0
exponential,129,100000,apv,0,effectiveBandwidth,0.666666666666667,0.95,0.75,78,62,62,504,0.557595435069357,0.236292914619572,1.34437003843514e-14,5.90059641703109e-14,0.0033675,4.96482466666667,799,1597,0
exponential,129,100000,apv,0,effectiveBandwidth,0.666666666666667,0.99,0.5,78,40,40,240,8.78029783945204e-13,4.98423189343264e-13,1.10636205054394e-14,3.89080397460541e-14,0.00338125,4.96482466666667,799,1597,0
exponential,129,100000,apv,0,effectiveBandwidth,0.666666666666667,0.99,0.666666666666667,78,53,53,396,0.0265976663814449,0.000165974714319323,1.1882345629657e-14,4.52363102919973e-14,0.00338370833333333,4.96482466666667,799,1597,0
exponential,129,100000,apv,0,effectiveBandwidth,0.666666666666667,0.99,0.75,78,60,60,480,0.523215518533397,0.16187614673498,1.34437003843514e-14,5.90059641703109e-14,0.00336979166666667,4.96482466666667,799,1597,0
exponential,129,100000,apv,0,effectiveBandwidth,0.666666666666667,0.999,0.5,78,38,38,225,8.78029783945204e-13,4.56494863426768e-13,9.63583478351062e-15,3.89080397460541e-14,0.00337279166666667,4.96482466666667,799,1597,0
exponential,129,100000,apv,0,effectiveBandwidth,0.666666666666667,0.999,0.666666666666667,78,52,52,384,0.00823211732878386,3.14794929121248e-05,1.1882345629657e-14,4.49511704457975e-14,0.003372375,4.96482466666667,799,1597,0
exponential,129,100000,apv,0,effectiveBandwidth,0.666666666666667,0.999,0.75,78,58,58,456,0.475770271188163,0.0622506573417018,1.34437003843514e-14,5.90059641703109e-14,0.00337408333333333,4.96482466666667,799,1597,0
exponential,129,100000,wave,6.28318530717959e-05,none,0.666666666666667,0.99,0.666666666666667,78,78,78,1164,0.716635428335313,0.421284542131401,1.74551648197428e-14,7.2380294682415e-14,0.000199166666666667,4.96482466666667,799,1597,0
exponential,129,100000,wave,6.28318530717959e-05,fixedFraction,0.5,0.99,0.666666666666667,78,39,39,348,2.08261868863501e-11,8.11111714931755e-12,8.47741591569626e-15,3.76617747203577e-14,9.99166666666667e-05,4.96482466666667,799,1597,0
exponential,129,100000,wave,6.28318530717959e-05,fixedFraction,0.666666666666667,0.99,0.666666666666667,78,52,52,618,0.00828314767339963,3.15907984948404e-05,1.16260554625574e-14,4.90836087375701e-14,8.45416666666667e-05,4.96482466666667,799,1597,0
exponential,129,100000,wave,6.28318530717959e-05,fixedFraction,0.75,0.99,0.666666666666667,78,58,58,744,0.475911957487462,0.049858765235498,1.28713288763316e-14,5.65128115118369e-14,8.175e-05,4.96482466666667,799,1597,0
exponential,129,100000,wave,6.28318530717959e-05,effectiveBandwidth,0.666666666666667,0.95,0.5,78,42,42,408,8.80993428284931e-11,1.48841760365112e-11,9.28155462436408e-15,3.92416458820499e-14,0.003405125,4.96482466666667,799,1597,0
exponential,129,100000,wave,6.28318530717959e-05,effectiveBandwidth,0.666666666666667,0.95,0.666666666666667,78,55,55,681,0.161986685788378,0.00217421634281709,1.17713746084781e-14,5.28206322951634e-14,0.00329183333333333,4.96482466666667,799,1597,0
exponential,129,100000,wave,6.28318530717959e-05,effectiveBandwidth,0.666666666666667,0.95,0.75,78,62,62,828,0.557860569425767,0.230743832645512,1.28978785028133e-14,5.83485021230729e-14,0.00327883333333333,4.96482466666667,799,1597,0
exponential,129,100000,wave,6.28318530717959e-05,effectiveBandwidth,0.666666666666667,0.99,0.5,78,40,40,366,4.49816976681717e-11,1.02291221813803e-11,8.47741591569626e-15,3.76617747203577e-14,0.00329795833333333,4.96482466666667,799,1597,0
exponential,129,100000,wave,6.28318530717959e-05,effectiveBandwidth,0.666666666666667,0.99,0.666666666666667,78,53,53,639,0.0267391360168164,0.000127031416545064,1.16260554625574e-14,4.93737491101309e-14,0.00335879166666667,4.96482466666667,799,1597,0
exponential,129,100000,wave,6.28318530717959e-05,effectiveBandwidth,0.666666666666667,0.99,0.75,78,60,60,786,0.523525070926415,0.161656342530068,1.28713288763316e-14,5.65128115118369e-14,0.003285125,4.96482466666667,799,1597,0
exponential,129,100000,wave,6.28318530717959e-05,effectiveBandwidth,0.666666666666667,0.999,0.5,78,38,38,339,2.08261868863501e-11,8.06445998800942e-12,8.47741591569626e-15,3.76617747203577e-14,0.00331629166666667,4.96482466666667,799,1597,0
exponential,129,100000,wave,6.28318530717959e-05,effectiveBandwidth,0.666666666666667,0.999,0.666666666666667,78,52,52,618,0.00828314767339963,3.15907984948404e-05,1.16260554625574e-14,4.90836087375701e-14,0.00329320833333333,4.96482466666667,799,1597,0
exponential,129,100000,wave,6.28318530717959e-05,effectiveBandwidth,0.666666666666667,0.999,0.75,78,58,58,744,0.475911957487462,0.049858765235498,1.28713288763316e-14,5.65128115118369e-14,0.00331770833333333,4.96482466666667,799,1597,0
exponential,129,100000,wave,0.000140496294620815,none,0.666666666666667,0.99,0.666666666666667,78,78,78,1164,0.71663540899567,0.421285106962575,1.74501970552084e-14,7.24032866467387e-14,0.000175208333333333,4.96482466666667,799,1597,0
exponential,129,100000,wave,0.000140496294620815,fixedFraction,0.5,0.99,0.666666666666667,78,39,39,348,6.33094186192549e-11,1.09211278430152e-11,8.50810862894565e-15,3.76502973688797e-14,9.6875e-05,4.96482466666667,799,1597,0
exponential,129,100000,wave,0.000140496294620815,fixedFraction,0.666666666666667,0.99,0.666666666666667,78,52,52,618,0.00828322394184185,3.15913662533214e-05,1.16319021900326e-14,4.90679232800714e-14,8.37916666666667e-05,4.96482466666667,799,1597,0
exponential,129,100000,wave,0.000140496294620815,fixedFraction,0.75,0.99,0.666666666666667,78,58,58,744,0.475911989138035,0.0498590927265475,1.28838036598652e-14,5.6548574283579e-14,8.35833333333333e-05,4.96482466666667,799,1597,0
exponential,129,100000,wave,0.000140496294620815,effectiveBandwidth,0.666666666666667,0.95,0.5,78,42,42,408,6.54822070869398e-11,1.63744019055108e-11,9.28395507082185e-15,3.92566049532098e-14,0.00335320833333333,4.96482466666667,799,1597,0
exponential,129,100000,wave,0.000140496294620815,effectiveBandwidth,0.666666666666667,0.95,0.666666666666667,78,55,55,681,0.161987413801135,0.00217423998474019,1.1735115435411e-14,5.28381049012081e-14,0.00328008333333333,4.96482466666667,799,1597,0
exponential,129,100000,wave,0.000140496294620815,effectiveBandwidth,0.666666666666667,0.95,0.75,78,62,62,828,0.557860735281673,0.230743866564776,1.28838036598652e-14,5.82869553410752e-14,0.00327154166666667,4.96482466666667,799,1597,0
exponential,129,100000,wave,0.000140496294620815,effectiveBandwidth,0.666666666666667,0.99,0.5,78,40,40,366,6.54822070869398e-11,1.52105783579486e-11,8.50810862894565e-15,3.76502973688797e-14,0.00328079166666667,4.96482466666667,799,1597,0
exponential,129,100000,wave,0.000140496294620815,effectiveBandwidth,0.666666666666667,0.99,0.666666666666667,78,53,53,639,0.0267393394198088,0.000127030825191733,1.16319021900326e-14,4.93498686945648e-14,0.00326783333333333,4.96482466666667,799,1597,0
exponential,129,100000,wave,0.000140496294620815,effectiveBandwidth,0.666666666666667,0.99,0.75,78,60,60,786,0.523525300997217,0.161656736784995,1.28838036598652e-14,5.6548574283579e-14,0.00327058333333333,4.96482466666667,799,1597,0
exponential,129,100000,wave,0.000140496294620815,effectiveBandwidth,0.666666666666667,0.999,0.5,78,38,38,339,2.01337032929165e-11,1.00670734750968e-11,8.50810862894565e-15,3.76502973688797e-14,0.00327579166666667,4.96482466666667,799,1597,0
exponential,129,100000,wave,0.000140496294620815,effectiveBandwidth,0.666666666666667,0.999,0.666666666666667,78,52,52,618,0.00828322394184185,3.15913662533214e-05,1.16319021900326e-14,4.90679232800714e-14,0.0032705,4.96482466666667,799,1597,0
exponential,129,100000,wave,0.000140496294620815,effectiveBandwidth,0.666666666666667,0.999,0.75,78,58,58,744,0.475911989138035,0.0498590927265475,1.28838036598652e-14,5.6548574283579e-14,0.0032735,4.96482466666667,799,1597,0
exponential,129,100000,wave,0.00022654346798278,none,0.666666666666667,0.99,0.666666666666667,78,78,78,1164,0.716635370362674,0.421286236446704,1.74608221181068e-14,7.23918509378024e-14,0.000172833333333333,4.96482466666667,799,1597,0
exponential,129,100000,wave,0.00022654346798278,fixedFraction,0.5,0.99,0.666666666666667,78,39,39,348,3.4502552420882e-11,1.61805812151766e-11,8.53245581827904e-15,3.76639182266404e-14,9.81666666666667e-05,4.96482466666667,799,1597,0
exponential,129,100000,wave,0.00022654346798278,fixedFraction,0.666666666666667,0.99,0.666666666666667,78,52,52,618,0.00828337646003919,3.1592509773035e-05,1.16218679039772e-14,4.90752490083087e-14,8.3875e-05,4.96482466666667,799,1597,0
exponential,129,100000,wave,0.00022654346798278,fixedFraction,0.75,0.99,0.666666666666667,78,58,58,744,0.475912052388631,0.049859747629419,1.28641016279106e-14,5.65217607642313e-14,8.10833333333333e-05,4.96482466666667,799,1597,0
exponential,129,100000,wave,0.00022654346798278,effectiveBandwidth,0.666666666666667,0.95,0.5,78,42,42,408,3.4502552420882e-11,1.86094784399364e-11,9.26477193255116e-15,3.92885468212133e-14,0.00337254166666667,4.96482466666667,799,1597,0
exponential,129,100000,wave,0.00022654346798278,effectiveBandwidth,0.666666666666667,0.95,0.666666666666667,78,55,55,681,0.161988869579914,0.00217428726019388,1.17592150289519e-14,5.28530930834348e-14,0.00338020833333333,4.96482466666667,799,1597,0
exponential,129,100000,wave,0.00022654346798278,effectiveBandwidth,0.666666666666667,0.95,0.75,78,62,62,828,0.557861066970452,0.23074393437353,1.28726963405394e-14,5.83416386770647e-14,0.00328325,4.96482466666667,799,1597,0
exponential,129,100000,wave,0.00022654346798278,effectiveBandwidth,0.666666666666667,0.99,0.5,78,40,40,366,3.4502552420882e-11,1.71377313897614e-11,8.53245581827904e-15,3.76639182266404e-14,0.00328791666666667,4.96482466666667,799,1597,0
exponential,129,100000,wave,0.00022654346798278,effectiveBandwidth,0.666666666666667,0.99,0.666666666666667,78,53,53,639,0.0267397461838803,0.000127029643594378,1.16218679039772e-14,4.93703697069076e-14,0.00332141666666667,4.96482466666667,799,1597,0
exponential,129,100000,wave,0.00022654346798278,effectiveBandwidth,0.666666666666667,0.99,0.75,78,60,60,786,0.523525761066558,0.161657525090453,1.28641016279106e-14,5.65217607642313e-14,0.00365933333333333,4.96482466666667,799,1597,0
exponential,129,100000,wave,0.00022654346798278,effectiveBandwidth,0.666666666666667,0.999,0.5,78,38,38,339,3.4502552420882e-11,1.61805812151766e-11,8.53245581827904e-15,3.76639182266404e-14,0.00456729166666667,4.96482466666667,799,1597,0
exponential,129,100000,wave,0.00022654346798278,effectiveBandwidth,0.666666666666667,0.999,0.666666666666667,78,52,52,618,0.00828337646003919,3.1592509773035e-05,1.16218679039772e-14,4.90752490083087e-14,0.00421441666666667,4.96482466666667,799,1597,0
exponential,129,100000,wave,0.00022654346798278,effectiveBandwidth,0.666666666666667,0.999,0.75,78,58,58,744,0.475912052388631,0.049859747629419,1.28641016279106e-14,5.65217607642313e-14,0.00420508333333333,4.96482466666667,799,1597,0
exponential,129,100000,wave,0.000266572976289502,none,0.666666666666667,0.99,0.666666666666667,78,78,78,1164,0.716635346202315,0.421286942225258,1.74648917012821e-14,7.2386325523172e-14,0.000255916666666667,4.96482466666667,799,1597,0
exponential,129,100000,wave,0.000266572976289502,fixedFraction,0.5,0.99,0.666666666666667,78,39,39,348,4.76560058091869e-11,1.51264207652599e-11,8.49457917357822e-15,3.76613322573614e-14,0.000813041666666667,4.96482466666667,799,1597,0
exponential,129,100000,wave,0.000266572976289502,fixedFraction,0.666666666666667,0.99,0.666666666666667,78,52,52,618,0.00828347177217688,3.15932249340068e-05,1.16360141943134e-14,4.90983092810154e-14,0.000597041666666667,4.96482466666667,799,1597,0
exponential,129,100000,wave,0.000266572976289502,fixedFraction,0.75,0.99,0.666666666666667,78,58,58,744,0.475912091873921,0.0498601568973878,1.29176330519581e-14,5.65247738499749e-14,0.000129958333333333,4.96482466666667,799,1597,0
exponential,129,100000,wave,0.000266572976289502,effectiveBandwidth,0.666666666666667,0.95,0.5,78,42,42,408,5.65464468101355e-11,2.73215122783e-11,9.26792930750406e-15,3.92392083219724e-14,0.00430179166666667,4.96482466666667,799,1597,0
exponential,129,100000,wave,0.000266572976289502,effectiveBandwidth,0.666666666666667,0.95,0.666666666666667,78,55,55,681,0.161989779315752,0.00217431680446783,1.17713784714862e-14,5.28399257627204e-14,0.00381608333333333,4.96482466666667,799,1597,0
exponential,129,100000,wave,0.000266572976289502,effectiveBandwidth,0.666666666666667,0.95,0.75,78,62,62,828,0.557861274231884,0.230743976747517,1.29176330519581e-14,5.83311180330532e-14,0.00413620833333333,4.96482466666667,799,1597,0
exponential,129,100000,wave,0.000266572976289502,effectiveBandwidth,0.666666666666667,0.99,0.5,78,40,40,366,5.03634150649314e-11,1.91189582444716e-11,8.49457917357822e-15,3.76613322573614e-14,0.00332520833333333,4.96482466666667,799,1597,0
exponential,129,100000,wave,0.000266572976289502,effectiveBandwidth,0.666666666666667,0.99,0.666666666666667,78,53,53,639,0.0267400003737101,0.00012702890546793,1.16360141943134e-14,4.93736984701741e-14,0.00344745833333333,4.96482466666667,799,1597,0
exponential,129,100000,wave,0.000266572976289502,effectiveBandwidth,0.666666666666667,0.99,0.75,78,60,60,786,0.523526048541108,0.161658017662949,1.29176330519581e-14,5.65247738499749e-14,0.00329483333333333,4.96482466666667,799,1597,0
exponential,129,100000,wave,0.000266572976289502,effectiveBandwidth,0.666666666666667,0.999,0.5,78,38,38,339,4.76560058091869e-11,1.51264207652599e-11,8.49457917357822e-15,3.76613322573614e-14,0.00328683333333333,4.96482466666667,799,1597,0
exponential,129,100000,wave,0.000266572976289502,effectiveBandwidth,0.666666666666667,0.999,0.666666666666667,78,52,52,618,0.00828347177217688,3.15932249340068e-05,1.16360141943134e-14,4.90983092810154e-14,0.00334745833333333,4.96482466666667,799,1597,0
exponential,129,100000,wave,0.000266572976289502,effectiveBandwidth,0.666666666666667,0.999,0.75,78,58,58,744,0.475912091873921,0.0498601568973878,1.29176330519581e-14,5.65247738499749e-14,0.0035285,4.96482466666667,799,1597,0
exponential,129,100000,wave,0.000320380844888282,none,0.666666666666667,0.99,0.666666666666667,78,78,78,1164,0.716635307539838,0.421288071246309,1.74911665358077e-14,7.24001508381403e-14,0.000153541666666667,4.96482466666667,799,1597,0
exponential,129,100000,wave,0.000320380844888282,fixedFraction,0.5,0.99,0.666666666666667,78,39,39,348,5.13167466049667e-11,1.20619032015157e-11,8.48684238983283e-15,3.76645109591094e-14,9.11666666666667e-05,4.96482466666667,799,1597,0
exponential,129,100000,wave,0.000320380844888282,fixedFraction,0.666666666666667,0.99,0.666666666666667,78,52,52,618,0.00828362424933982,3.15943630201133e-05,1.15988464536455e-14,4.90642038609525e-14,8.1125e-05,4.96482466666667,799,1597,0
exponential,129,100000,wave,0.000320380844888282,fixedFraction,0.75,0.99,0.666666666666667,78,58,58,744,0.47591215500066,0.0498608116505835,1.28593580601436e-14,5.65310583017793e-14,7.95e-05,4.96482466666667,799,1597,0
exponential,129,100000,wave,0.000320380844888282,effectiveBandwidth,0.666666666666667,0.95,0.5,78,42,42,408,8.86545137162583e-11,1.79882805767363e-11,9.2732835925815e-15,3.92790982182264e-14,0.003401375,4.96482466666667,799,1597,0
exponential,129,100000,wave,0.000320380844888282,effectiveBandwidth,0.666666666666667,0.95,0.666666666666667,78,55,55,681,0.161991234663764,0.00217436406825315,1.17604628055146e-14,5.28212970305669e-14,0.00328729166666667,4.96482466666667,799,1597,0
exponential,129,100000,wave,0.000320380844888282,effectiveBandwidth,0.666666666666667,0.95,0.75,78,62,62,828,0.557861605821658,0.230744044487368,1.28593580601436e-14,5.83443418709848e-14,0.00328625,4.96482466666667,799,1597,0
exponential,129,100000,wave,0.000320380844888282,effectiveBandwidth,0.666666666666667,0.99,0.5,78,40,40,366,5.13167466049667e-11,1.37423197852861e-11,8.48684238983283e-15,3.76645109591094e-14,0.00341766666666667,4.96482466666667,799,1597,0
exponential,129,100000,wave,0.000320380844888282,effectiveBandwidth,0.666666666666667,0.99,0.666666666666667,78,53,53,639,0.0267404070263714,0.000127027725401416,1.15988464536455e-14,4.93849960079167e-14,0.00331133333333333,4.96482466666667,799,1597,0
exponential,129,100000,wave,0.000320380844888282,effectiveBandwidth,0.666666666666667,0.99,0.75,78,60,60,786,0.523526508416742,0.161658805576629,1.28593580601436e-14,5.65310583017793e-14,0.00328270833333333,4.96482466666667,799,1597,0
exponential,129,100000,wave,0.000320380844888282,effectiveBandwidth,0.666666666666667,0.999,0.5,78,38,38,339,5.13167466049667e-11,9.14208435552059e-12,8.48684238983283e-15,3.76645109591094e-14,0.00328508333333333,4.96482466666667,799,1597,0
exponential,129,100000,wave,0.000320380844888282,effectiveBandwidth,0.666666666666667,0.999,0.666666666666667,78,52,52,618,0.00828362424933982,3.15943630201133e-05,1.15988464536455e-14,4.90642038609525e-14,0.00330929166666667,4.96482466666667,799,1597,0
exponential,129,100000,wave,0.000320380844888282,effectiveBandwidth,0.666666666666667,0.999,0.75,78,58,58,744,0.47591215500066,0.0498608116505835,1.28593580601436e-14,5.65310583017793e-14,0.00327258333333333,4.96482466666667,799,1597,0
exponential,65,12500,apv,0,none,0.666666666666667,0.99,0.666666666666667,38,38,38,336,0.70070560380912,0.408736889520866,9.53386569416743e-15,3.19418164072693e-14,0.000108541666666667,1.18901041666667,415,829,0
exponential,65,12500,apv,0,fixedFraction,0.5,0.99,0.666666666666667,38,19,19,111,1.57398469706911e-10,1.21159235089188e-11,4.31696466976508e-15,1.53680052919165e-14,5.57083333333333e-05,1.18901041666667,415,829,0
exponential,65,12500,apv,0,fixedFraction,0.666666666666667,0.99,0.666666666666667,38,25,25,180,0.00178985256684705,0.000115650002568542,5.75894014788701e-15,1.95558278912947e-14,4.52916666666667e-05,1.18901041666667,415,829,0
exponential,65,12500,apv,0,fixedFraction,0.75,0.99,0.666666666666667,38,28,28,216,0.137544967190369,0.0129152956107806,7.22181497933233e-15,2.48068359077844e-14,4.37083333333333e-05,1.18901041666667,415,829,0
exponential,65,12500,apv,0,effectiveBandwidth,0.666666666666667,0.95,0.5,38,21,21,132,1.145513906536e-07,5.00317685408689e-09,5.53873863446316e-15,1.86258589962679e-14,0.000906291666666667,1.18901041666667,415,829,0
exponential,65,12500,apv,0,effectiveBandwidth,0.666666666666667,0.95,0.666666666666667,38,27,27,204,0.043628910526855,0.00274975018602418,5.75894014788701e-15,2.09466439111356e-14,0.000850083333333333,1.18901041666667,415,829,0
exponential,65,12500,apv,0,effectiveBandwidth,0.666666666666667,0.95,0.75,38,31,31,252,0.534765622783535,0.210495937340646,7.22181497933233e-15,2.67140180735514e-14,0.000841291666666667,1.18901041666667,415,829,0
exponential,65,12500,apv,0,effectiveBandwidth,0.666666666666667,0.99,0.5,38,20,20,120,5.00317685408689e-09,7.84614962084983e-10,4.31696466976508e-15,1.68958137924908e-14,0.000854875,1.18901041666667,415,829,0
exponential,65,12500,apv,0,effectiveBandwidth,0.666666666666667,0.99,0.666666666666667,38,26,26,192,0.0102110782854284,0.000935462018381006,5.75894014788701e-15,2.05381364132071e-14,0.000841458333333333,1.18901041666667,415,829,0
exponential,65,12500,apv,0,effectiveBandwidth,0.666666666666667,0.99,0.75,38,30,30,240,0.48807561716762,0.100007147069817,7.22181497933233e-15,2.67140180735514e-14,0.000852166666666667,1.18901041666667,415,829,0
exponential,65,12500,apv,0,effectiveBandwidth,0.666666666666667,0.999,0.5,38,19,19,111,1.57398469706911e-10,1.21159235089188e-11,4.31696466976508e-15,1.53680052919165e-14,0.000868333333333333,1.18901041666667,415,829,0
exponential,65,12500,apv,0,effectiveBandwidth,0.666666666666667,0.999,0.666666666666667,38,25,25,180,0.00178985256684705,0.000115650002568542,5.75894014788701e-15,1.95558278912947e-14,0.00084825,1.18901041666667,415,829,0
exponential,65,12500,apv,0,effectiveBandwidth,0.666666666666667,0.999,0.75,38,28,28,216,0.137544967190369,0.0129152956107806,7.22181497933233e-15,2.48068359077844e-14,0.000847708333333333,1.18901041666667,415,829,0
exponential,65,12500,wave,0.000502654824574367,none,0.666666666666667,0.99,0.666666666666667,38,38,38,564,0.700939776310015,0.367270117433612,9.24175699649174e-15,3.27919433285682e-14,8.58333333333333e-05,1.18901041666667,415,829,0
exponential,65,12500,wave,0.000502654824574367,fixedFraction,0.5,0.99,0.666666666666667,38,19,19,168,1.6019949108908e-10,1.2865620460638e-11,4.61851973493299e-15,1.63315814333096e-14,5.32083333333333e-05,1.18901041666667,415,829,0
exponential,65,12500,wave,0.000502654824574367,fixedFraction,0.666666666666667,0.99,0.666666666666667,38,25,25,291,0.00181331120543094,0.000170137302125717,5.19840254058424e-15,2.15347815891994e-14,4.45416666666667e-05,1.18901041666667,415,829,0
exponential,65,12500,wave,0.000502654824574367,fixedFraction,0.75,0.99,0.666666666666667,38,28,28,354,0.138438877168873,0.0103421211871119,7.47248411772647e-15,2.73707947914348e-14,4.35833333333333e-05,1.18901041666667,415,829,0
exponential,65,12500,wave,0.000502654824574367,effectiveBandwidth,0.666666666666667,0.95,0.5,38,21,21,207,1.18106047246119e-07,5.09599759819415e-09,4.63478055005246e-15,1.81986745250334e-14,0.000887958333333333,1.18901041666667,415,829,0
exponential,65,12500,wave,0.000502654824574367,effectiveBandwidth,0.666666666666667,0.95,0.666666666666667,38,27,27,333,0.044006641388155,0.00274915733183989,5.19840254058424e-15,2.28735919187223e-14,0.000854375,1.18901041666667,415,829,0
exponential,65,12500,wave,0.000502654824574367,effectiveBandwidth,0.666666666666667,0.95,0.75,38,31,31,417,0.535017521014543,0.191464644422659,7.47248411772647e-15,2.85787893307873e-14,0.000858333333333333,1.18901041666667,415,829,0
exponential,65,12500,wave,0.000502654824574367,effectiveBandwidth,0.666666666666667,0.99,0.5,38,20,20,186,5.1883488651178e-09,1.43587600733876e-09,4.63478055005246e-15,1.81986745250334e-14,0.000851416666666667,1.18901041666667,415,829,0
exponential,65,12500,wave,0.000502654824574367,effectiveBandwidth,0.666666666666667,0.99,0.666666666666667,38,26,26,312,0.0103217458734478,0.000948258311869626,5.19840254058424e-15,2.2435080622263e-14,0.000852083333333333,1.18901041666667,415,829,0
exponential,65,12500,wave,0.000502654824574367,effectiveBandwidth,0.666666666666667,0.99,0.75,38,30,30,396,0.48905300283771,0.100518342122829,7.47248411772647e-15,2.85787893307873e-14,0.000846041666666667,1.18901041666667,415,829,0
exponential,65,12500,wave,0.000502654824574367,effectiveBandwidth,0.666666666666667,0.999,0.5,38,19,19,168,1.6019949108908e-10,1.2865620460638e-11,4.61851973493299e-15,1.63315814333096e-14,0.000851708333333333,1.18901041666667,415,829,0
exponential,65,12500,wave,0.000502654824574367,effectiveBandwidth,0.666666666666667,0.999,0.666666666666667,38,25,25,291,0.00181331120543094,0.000170137302125717,5.19840254058424e-15,2.15347815891994e-14,0.000872791666666667,1.18901041666667,415,829,0
exponential,65,12500,wave,0.000502654824574367,effectiveBandwidth,0.666666666666667,0.999,0.75,38,28,28,354,0.138438877168873,0.0103421211871119,7.47248411772647e-15,2.73707947914348e-14,0.00084725,1.18901041666667,415,829,0
exponential,65,12500,wave,0.00112397035696652,none,0.666666666666667,0.99,0.666666666666667,38,38,38,564,0.700929086398961,0.367283436418021,9.24258000809706e-15,3.27271959612213e-14,8.775e-05,1.18901041666667,415,829,0
exponential,65,12500,wave,0.00112397035696652,fixedFraction,0.5,0.99,0.666666666666667,38,19,19,168,1.66372875781316e-10,1.28283453308532e-11,4.61656506285275e-15,1.63364142272596e-14,6.6875e-05,1.18901041666667,415,829,0
exponential,65,12500,wave,0.00112397035696652,fixedFraction,0.666666666666667,0.99,0.666666666666667,38,25,25,291,0.00181706723506417,0.000170474358189255,5.20411475031235e-15,2.14838365082715e-14,4.72083333333333e-05,1.18901041666667,415,829,0
exponential,65,12500,wave,0.00112397035696652,fixedFraction,0.75,0.99,0.666666666666667,38,28,28,354,0.138553522028835,0.0103383142047617,7.48622571284192e-15,2.73715927582304e-14,4.35416666666667e-05,1.18901041666667,415,829,0
exponential,65,12500,wave,0.00112397035696652,effectiveBandwidth,0.666666666666667,0.95,0.5,38,21,21,207,1.18246785868139e-07,5.09776948027172e-09,4.67294143427412e-15,1.82041658865267e-14,0.000895958333333333,1.18901041666667,415,829,0
exponential,65,12500,wave,0.00112397035696652,effectiveBandwidth,0.666666666666667,0.95,0.666666666666667,38,27,27,333,0.0440592773314432,0.00276073928072183,5.20411475031235e-15,2.28754012782682e-14,0.000865291666666667,1.18901041666667,415,829,0
exponential,65,12500,wave,0.00112397035696652,effectiveBandwidth,0.666666666666667,0.95,0.75,38,31,31,417,0.535003749514642,0.191502779845593,7.48622571284192e-15,2.86309007319712e-14,0.000862708333333333,1.18901041666667,415,829,0
exponential,65,12500,wave,0.00112397035696652,effectiveBandwidth,0.666666666666667,0.99,0.5,38,20,20,186,5.19261215553033e-09,1.44032589591258e-09,4.67294143427412e-15,1.82041658865267e-14,0.000857666666666667,1.18901041666667,415,829,0
exponential,65,12500,wave,0.00112397035696652,effectiveBandwidth,0.666666666666667,0.99,0.666666666666667,38,26,26,312,0.0103383142047617,0.000950353503052652,5.20411475031235e-15,2.24447191934707e-14,0.000864333333333333,1.18901041666667,415,829,0
exponential,65,12500,wave,0.00112397035696652,effectiveBandwidth,0.666666666666667,0.99,0.75,38,30,30,396,0.489135217585922,0.100539627439762,7.48622571284192e-15,2.86309007319712e-14,0.000860666666666667,1.18901041666667,415,829,0
exponential,65,12500,wave,0.00112397035696652,effectiveBandwidth,0.666666666666667,0.999,0.5,38,19,19,168,1.66372875781316e-10,1.28283453308532e-11,4.61656506285275e-15,1.63364142272596e-14,0.000854458333333333,1.18901041666667,415,829,0
exponential,65,12500,wave,0.00112397035696652,effectiveBandwidth,0.666666666666667,0.999,0.666666666666667,38,25,25,291,0.00181706723506417,0.000170474358189255,5.20411475031235e-15,2.14838365082715e-14,0.000854291666666667,1.18901041666667,415,829,0
exponential,65,12500,wave,0.00112397035696652,effectiveBandwidth,0.666666666666667,0.999,0.75,38,28,28,354,0.138553522028835,0.0103383142047617,7.48622571284192e-15,2.73715927582304e-14,0.000853375,1.18901041666667,415,829,0
exponential,65,12500,wave,0.00181234774386224,none,0.666666666666667,0.99,0.666666666666667,38,38,38,564,0.700907653590203,0.367310342183451,9.23190894646493e-15,3.27000354731314e-14,8.59583333333333e-05,1.18901041666667,415,829,0
exponential,65,12500,wave,0.00181234774386224,fixedFraction,0.5,0.99,0.666666666666667,38,19,19,168,1.59815537800997e-10,1.27523195586513e-11,4.64201131521927e-15,1.63322053635835e-14,5.32916666666667e-05,1.18901041666667,415,829,0
exponential,65,12500,wave,0.00181234774386224,fixedFraction,0.666666666666667,0.99,0.666666666666667,38,25,25,291,0.00182496782273342,0.000171147759020381,5.20636106704243e-15,2.15232320649539e-14,4.45416666666667e-05,1.18901041666667,415,829,0
exponential,65,12500,wave,0.00181234774386224,fixedFraction,0.75,0.99,0.666666666666667,38,28,28,354,0.138789549854816,0.0103728873029694,7.50714499667229e-15,2.7417296224402e-14,4.38333333333333e-05,1.18901041666667,415,829,0
exponential,65,12500,wave,0.00181234774386224,effectiveBandwidth,0.666666666666667,0.95,0.5,38,21,21,207,1.18501564367414e-07,5.10716143816666e-09,4.6439661969509e-15,1.81705119071365e-14,0.000899166666666667,1.18901041666667,415,829,0
exponential,65,12500,wave,0.00181234774386224,effectiveBandwidth,0.666666666666667,0.95,0.666666666666667,38,27,27,333,0.0441683400003584,0.00278425077903608,5.20636106704243e-15,2.29103978621661e-14,0.000849291666666667,1.18901041666667,415,829,0
exponential,65,12500,wave,0.00181234774386224,effectiveBandwidth,0.666666666666667,0.95,0.75,38,31,31,417,0.534976123230628,0.191581657918329,7.50714499667229e-15,2.85891713237517e-14,0.000856875,1.18901041666667,415,829,0
exponential,65,12500,wave,0.00181234774386224,effectiveBandwidth,0.666666666666667,0.99,0.5,38,20,20,186,5.21212662508255e-09,1.44917095508699e-09,4.6439661969509e-15,1.81705119071365e-14,0.000858291666666667,1.18901041666667,415,829,0
exponential,65,12500,wave,0.00181234774386224,effectiveBandwidth,0.666666666666667,0.99,0.666666666666667,38,26,26,312,0.0103728873029694,0.000954487297795897,5.20636106704243e-15,2.24617548128304e-14,0.000850041666666667,1.18901041666667,415,829,0
exponential,65,12500,wave,0.00181234774386224,effectiveBandwidth,0.666666666666667,0.99,0.75,38,30,30,396,0.489302192012942,0.1005856703727,7.50714499667229e-15,2.85891713237517e-14,0.000851125,1.18901041666667,415,829,0
exponential,65,12500,wave,0.00181234774386224,effectiveBandwidth,0.666666666666667,0.999,0.5,38,19,19,168,1.59815537800997e-10,1.27523195586513e-11,4.64201131521927e-15,1.63322053635835e-14,0.000853875,1.18901041666667,415,829,0
exponential,65,12500,wave,0.00181234774386224,effectiveBandwidth,0.666666666666667,0.999,0.666666666666667,38,25,25,291,0.00182496782273342,0.000171147759020381,5.20636106704243e-15,2.15232320649539e-14,0.000847416666666667,1.18901041666667,415,829,0
exponential,65,12500,wave,0.00181234774386224,effectiveBandwidth,0.666666666666667,0.999,0.75,38,28,28,354,0.138789549854816,0.0103728873029694,7.50714499667229e-15,2.7417296224402e-14,0.000854083333333333,1.18901041666667,415,829,0
exponential,65,12500,wave,0.00213258381031602,none,0.666666666666667,0.99,0.666666666666667,38,38,38,564,0.700894222708134,0.367327339434983,9.24286769849746e-15,3.27578323754935e-14,8.5375e-05,1.18901041666667,415,829,0
exponential,65,12500,wave,0.00213258381031602,fixedFraction,0.5,0.99,0.666666666666667,38,19,19,168,1.65222555761048e-10,1.26989759214292e-11,4.60429798104653e-15,1.63537480313603e-14,5.25e-05,1.18901041666667,415,829,0
exponential,65,12500,wave,0.00213258381031602,fixedFraction,0.666666666666667,0.99,0.666666666666667,38,25,25,291,0.00183017035352536,0.000171568143148234,5.2211045962065e-15,2.15367484128044e-14,4.46666666666667e-05,1.18901041666667,415,829,0
exponential,65,12500,wave,0.00213258381031602,fixedFraction,0.75,0.99,0.666666666666667,38,28,28,354,0.138941635082703,0.010395472392218,7.49132813878125e-15,2.74006977038981e-14,4.38333333333333e-05,1.18901041666667,415,829,0
exponential,65,12500,wave,0.00213258381031602,effectiveBandwidth,0.666666666666667,0.95,0.5,38,21,21,207,1.18643922912343e-07,5.10814847257965e-09,4.61988646834599e-15,1.8155815577341e-14,0.000885541666666667,1.18901041666667,415,829,0
exponential,65,12500,wave,0.00213258381031602,effectiveBandwidth,0.666666666666667,0.95,0.666666666666667,38,27,27,333,0.0442390782162093,0.00279917811184314,5.2211045962065e-15,2.28982666603142e-14,0.000868291666666667,1.18901041666667,415,829,0
exponential,65,12500,wave,0.00213258381031602,effectiveBandwidth,0.666666666666667,0.95,0.75,38,31,31,417,0.53495880254809,0.191632715127368,7.49132813878125e-15,2.8593176681169e-14,0.000849791666666667,1.18901041666667,415,829,0
exponential,65,12500,wave,0.00213258381031602,effectiveBandwidth,0.666666666666667,0.99,0.5,38,20,20,186,5.21410909346426e-09,1.45463074158227e-09,4.61988646834599e-15,1.8155815577341e-14,0.000858625,1.18901041666667,415,829,0
exponential,65,12500,wave,0.00213258381031602,effectiveBandwidth,0.666666666666667,0.99,0.666666666666667,38,26,26,312,0.010395472392218,0.000957032233763265,5.2211045962065e-15,2.24238543311372e-14,0.000844416666666667,1.18901041666667,415,829,0
exponential,65,12500,wave,0.00213258381031602,effectiveBandwidth,0.666666666666667,0.99,0.75,38,30,30,396,0.489408263345328,0.100616806042662,7.49132813878125e-15,2.8593176681169e-14,0.000847916666666667,1.18901041666667,415,829,0
exponential,65,12500,wave,0.00213258381031602,effectiveBandwidth,0.666666666666667,0.999,0.5,38,19,19,168,1.65222555761048e-10,1.26989759214292e-11,4.60429798104653e-15,1.63537480313603e-14,0.000846458333333333,1.18901041666667,415,829,0
exponential,65,12500,wave,0.00213258381031602,effectiveBandwidth,0.666666666666667,0.999,0.666666666666667,38,25,25,291,0.00183017035352536,0.000171568143148234,5.2211045962065e-15,2.15367484128044e-14,0.000852041666666667,1.18901041666667,415,829,0
exponential,65,12500,wave,0.00213258381031602,effectiveBandwidth,0.666666666666667,0.999,0.75,38,28,28,354,0.138941635082703,0.010395472392218,7.49132813878125e-15,2.74006977038981e-14,0.000856416666666667,1.18901041666667,415,829,0
exponential,65,12500,wave,0.00256304675910625,none,0.666666666666667,0.99,0.666666666666667,38,38,38,564,0.700872677621286,0.367354824816299,9.2679824838304e-15,3.27401541837325e-14,8.65416666666667e-05,1.18901041666667,415,829,0
exponential,65,12500,wave,0.00256304675910625,fixedFraction,0.5,0.99,0.666666666666667,38,19,19,168,1.61007411126517e-10,1.62293821389256e-11,4.60224318448235e-15,1.63113831956786e-14,5.35e-05,1.18901041666667,415,829,0
exponential,65,12500,wave,0.00256304675910625,fixedFraction,0.666666666666667,0.99,0.666666666666667,38,25,25,291,0.00183892068257073,0.000172239951762651,5.21102246023672e-15,2.15573043797301e-14,4.5125e-05,1.18901041666667,415,829,0
exponential,65,12500,wave,0.00256304675910625,fixedFraction,0.75,0.99,0.666666666666667,38,28,28,354,0.139192288671076,0.0104331791772374,7.43835628482032e-15,2.73387410667598e-14,4.375e-05,1.18901041666667,415,829,0
exponential,65,12500,wave,0.00256304675910625,effectiveBandwidth,0.666666666666667,0.95,0.5,38,21,21,207,1.18868084945543e-07,5.11148580787524e-09,4.62679365168566e-15,1.81694545046143e-14,0.000940291666666667,1.18901041666667,415,829,0
exponential,65,12500,wave,0.00256304675910625,effectiveBandwidth,0.666666666666667,0.95,0.666666666666667,38,27,27,333,0.0443563905929686,0.00282342860745309,5.21102246023672e-15,2.29255186381277e-14,0.000852541666666667,1.18901041666667,415,829,0
exponential,65,12500,wave,0.00256304675910625,effectiveBandwidth,0.666666666666667,0.95,0.75,38,31,31,417,0.534931006951838,0.191717205825792,7.43835628482032e-15,2.86619010168604e-14,0.000865583333333333,1.18901041666667,415,829,0
exponential,65,12500,wave,0.00256304675910625,effectiveBandwidth,0.666666666666667,0.99,0.5,38,20,20,186,5.22004726685696e-09,1.46304229450151e-09,4.62679365168566e-15,1.81694545046143e-14,0.000845416666666667,1.18901041666667,415,829,0
exponential,65,12500,wave,0.00256304675910625,effectiveBandwidth,0.666666666666667,0.99,0.666666666666667,38,26,26,312,0.0104331791772374,0.000961041508030497,5.21102246023672e-15,2.24880597468897e-14,0.000847708333333333,1.18901041666667,415,829,0
exponential,65,12500,wave,0.00256304675910625,effectiveBandwidth,0.666666666666667,0.99,0.75,38,30,30,396,0.489580695319903,0.100670411567198,7.43835628482032e-15,2.86619010168604e-14,0.0008585,1.18901041666667,415,829,0
exponential,65,12500,wave,0.00256304675910625,effectiveBandwidth,0.666666666666667,0.999,0.5,38,19,19,168,1.61007411126517e-10,1.62293821389256e-11,4.60224318448235e-15,1.63113831956786e-14,0.0008525,1.18901041666667,415,829,0
exponential,65,12500,wave,0.00256304675910625,effectiveBandwidth,0.666666666666667,0.999,0.666666666666667,38,25,25,291,0.00183892068257073,0.000172239951762651,5.21102246023672e-15,2.15573043797301e-14,0.000849625,1.18901041666667,415,829,0
exponential,65,12500,wave,0.00256304675910625,effectiveBandwidth,0.666666666666667,0.999,0.75,38,28,28,354,0.139192288671076,0.0104331791772374,7.43835628482032e-15,2.73387410667598e-14,0.000849583333333333,1.18901041666667,415,829,0
sharp,65,100000,apv,0,none,0.666666666666667,0.99,0.666666666666667,38,38,38,336,0.701032182391166,0.495781094801949,9.26742892113028e-15,2.39321503391324e-13,0.00309333333333333,5.2819345,415,829,0
sharp,65,100000,apv,0,fixedFraction,0.5,0.99,0.666666666666667,38,19,19,111,0.000379254347136565,0.000137166658721187,3.66305831707966e-15,1.6594483379336e-14,0.00112266666666667,5.2819345,415,829,0
sharp,65,100000,apv,0,fixedFraction,0.666666666666667,0.99,0.666666666666667,38,25,25,180,0.00797534354948973,0.00228170225820673,5.9892842307448e-15,2.07932171638812e-14,0.000765375,5.2819345,415,829,0
sharp,65,100000,apv,0,fixedFraction,0.75,0.99,0.666666666666667,38,28,28,216,0.137147112790994,0.0292348038341577,6.79774373197916e-15,2.43523554780073e-14,0.000695458333333333,5.2819345,415,829,0
sharp,65,100000,apv,0,effectiveBandwidth,0.666666666666667,0.95,0.5,38,21,21,132,0.00106195920138181,0.000615654787837207,4.5001681693938e-15,1.86553896712121e-14,0.00255745833333333,5.2819345,415,829,0
sharp,65,100000,apv,0,effectiveBandwidth,0.666666666666667,0.95,0.666666666666667,38,27,27,204,0.0468560775744195,0.00975498757248218,6.79774373197916e-15,2.43523554780073e-14,0.001908,5.2819345,415,829,0
sharp,65,100000,apv,0,effectiveBandwidth,0.666666666666667,0.95,0.75,38,31,31,252,0.535574219578391,0.23621234153786,6.79774373197916e-15,2.65980876958232e-14,0.00182345833333333,5.2819345,415,829,0
sharp,65,100000,apv,0,effectiveBandwidth,0.666666666666667,0.99,0.5,38,20,20,120,0.000617415551734316,0.000245754678147192,3.66305831707966e-15,1.71708403440899e-14,0.00179916666666667,5.2819345,415,829,0
sharp,65,100000,apv,0,effectiveBandwidth,0.666666666666667,0.99,0.666666666666667,38,26,26,192,0.0171104701198732,0.00535764478761003,5.9892842307448e-15,2.14566879239026e-14,0.00178970833333333,5.2819345,415,829,0
sharp,65,100000,apv,0,effectiveBandwidth,0.666666666666667,0.99,0.75,38,30,30,240,0.488841310052859,0.12461755732246,6.79774373197916e-15,2.44889081047894e-14,0.0070545,5.2819345,415,829,0
sharp,65,100000,apv,0,effectiveBandwidth,0.666666666666667,0.999,0.5,38,18,18,105,0.000245754678147192,8.14924040484836e-05,3.66305831707966e-15,1.5389932432335e-14,0.00292758333333333,5.2819345,415,829,0
sharp,65,100000,apv,0,effectiveBandwidth,0.666666666666667,0.999,0.666666666666667,38,24,24,168,0.00497468933711023,0.00141483523631904,5.30133905235051e-15,1.94947454440711e-14,0.002616625,5.2819345,415,829,0
sharp,65,100000,apv,0,effectiveBandwidth,0.666666666666667,0.999,0.75,38,28,28,216,0.137147112790994,0.0292348038341577,6.79774373197916e-15,2.43523554780073e-14,0.00218379166666667,5.2819345,415,829,0
sharp,65,100000,wave,6.28318530717959e-05,none,0.666666666666667,0.99,0.666666666666667,38,38,38,564,0.701061167389902,0.472908894006569,9.4907541958653e-15,1.57083298256969e-13,0.00059625,5.2819345,415,829,0
sharp,65,100000,wave,6.28318530717959e-05,fixedFraction,0.5,0.99,0.666666666666667,38,19,19,168,0.000378248449166687,0.000137059575464692,4.42261654773767e-15,1.77961695984806e-14,0.000503625,5.2819345,415,829,0
sharp,65,100000,wave,6.28318530717959e-05,fixedFraction,0.666666666666667,0.99,0.666666666666667,38,25,25,291,0.00797036628794542,0.00227815429513183,5.46430268602529e-15,2.26117018588339e-14,0.000275208333333333,5.2819345,415,829,0
sharp,65,100000,wave,6.28318530717959e-05,fixedFraction,0.75,0.99,0.666666666666667,38,28,28,354,0.137323659100567,0.0255327539245247,7.71929004891564e-15,2.59253944688733e-14,0.000127083333333333,5.2819345,415,829,0
sharp,65,100000,wave,6.28318530717959e-05,effectiveBandwidth,0.666666666666667,0.95,0.5,38,21,21,207,0.00106029845812087,0.000616350716354089,4.9806496044724e-15,1.99262065597714e-14,0.00170016666666667,5.2819345,415,829,0
sharp,65,100000,wave,6.28318530717959e-05,effectiveBandwidth,0.666666666666667,0.95,0.666666666666667,38,27,27,333,0.0470901575469166,0.00978714933531377,7.71929004891564e-15,2.59253944688733e-14,0.00153641666666667,5.2819345,415,829,0
sharp,65,100000,wave,6.28318530717959e-05,effectiveBandwidth,0.666666666666667,0.95,0.75,38,31,31,417,0.535582034219935,0.236351697349216,7.71929004891564e-15,2.92824787040564e-14,0.00131566666666667,5.2819345,415,829,0
sharp,65,100000,wave,6.28318530717959e-05,effectiveBandwidth,0.666666666666667,0.99,0.5,38,20,20,186,0.000617832594920097,0.000255701701040362,4.42261654773767e-15,1.95019025139251e-14,0.002052125,5.2819345,415,829,0
sharp,65,100000,wave,6.28318530717959e-05,effectiveBandwidth,0.666666666666667,0.99,0.666666666666667,38,26,26,312,0.0172033531963896,0.00497263388737936,5.46430268602529e-15,2.36157178590613e-14,0.002465875,5.2819345,415,829,0
sharp,65,100000,wave,6.28318530717959e-05,effectiveBandwidth,0.666666666666667,0.99,0.75,38,30,30,396,0.488935662222588,0.124642301407155,7.71929004891564e-15,2.79424322324798e-14,0.00204741666666667,5.2819345,415,829,0
sharp,65,100000,wave,6.28318530717959e-05,effectiveBandwidth,0.666666666666667,0.999,0.5,38,18,18,159,0.00024598069358724,0.000105035408788029,4.42261654773767e-15,1.71055397701535e-14,0.00215370833333333,5.2819345,415,829,0
sharp,65,100000,wave,6.28318530717959e-05,effectiveBandwidth,0.666666666666667,0.999,0.666666666666667,38,24,24,270,0.00497263388737936,0.0014175317059494,5.46430268602529e-15,2.13227631140802e-14,0.001639125,5.2819345,415,829,0
sharp,65,100000,wave,6.28318530717959e-05,effectiveBandwidth,0.666666666666667,0.999,0.75,38,28,28,354,0.137323659100567,0.0255327539245247,7.71929004891564e-15,2.59253944688733e-14,0.00153020833333333,5.2819345,415,829,0
sharp,65,100000,wave,0.000140496294620815,none,0.666666666666667,0.99,0.666666666666667,38,38,38,564,0.701061289027301,0.472909010197735,9.4902976025626e-15,1.57066816936777e-13,0.000224458333333333,5.2819345,415,829,0
sharp,65,100000,wave,0.000140496294620815,fixedFraction,0.5,0.99,0.666666666666667,38,19,19,168,0.000378242482447534,0.000137061886711556,4.4269106265941e-15,1.78054145539164e-14,0.000133291666666667,5.2819345,415,829,0
sharp,65,100000,wave,0.000140496294620815,fixedFraction,0.666666666666667,0.99,0.666666666666667,38,25,25,291,0.00797020632506365,0.00227809349948697,5.46188494200391e-15,2.25827633106714e-14,0.000169333333333333,5.2819345,415,829,0
sharp,65,100000,wave,0.000140496294620815,fixedFraction,0.75,0.99,0.666666666666667,38,28,28,354,0.13732513693814,0.0255334074563466,7.75497148848025e-15,2.59219386967842e-14,0.000145,5.2819345,415,829,0
sharp,65,100000,wave,0.000140496294620815,effectiveBandwidth,0.666666666666667,0.95,0.5,38,21,21,207,0.00106029436735002,0.000616344295103076,5.00356337948395e-15,1.99460338836698e-14,0.00128783333333333,5.2819345,415,829,0
sharp,65,100000,wave,0.000140496294620815,effectiveBandwidth,0.666666666666667,0.95,0.666666666666667,38,27,27,333,0.0470905502338197,0.00978749003748628,7.75497148848025e-15,2.59219386967842e-14,0.00125804166666667,5.2819345,415,829,0
sharp,65,100000,wave,0.000140496294620815,effectiveBandwidth,0.666666666666667,0.95,0.75,38,31,31,417,0.535582083836961,0.236352557235393,7.75497148848025e-15,2.92777169770414e-14,0.001231625,5.2819345,415,829,0
sharp,65,100000,wave,0.000140496294620815,effectiveBandwidth,0.666666666666667,0.99,0.5,38,20,20,186,0.000617820755760229,0.000255704837685836,4.4269106265941e-15,1.95225353210136e-14,0.00124179166666667,5.2819345,415,829,0
sharp,65,100000,wave,0.000140496294620815,effectiveBandwidth,0.666666666666667,0.99,0.666666666666667,38,26,26,312,0.0172036880901022,0.00497253248355873,5.46188494200391e-15,2.36349430544934e-14,0.001235125,5.2819345,415,829,0
sharp,65,100000,wave,0.000140496294620815,effectiveBandwidth,0.666666666666667,0.99,0.75,38,30,30,396,0.488936213060926,0.124641086451013,7.75497148848025e-15,2.78982086778997e-14,0.00123808333333333,5.2819345,415,829,0
sharp,65,100000,wave,0.000140496294620815,effectiveBandwidth,0.666666666666667,0.999,0.5,38,18,18,159,0.000245969167491157,0.000105032040873515,4.4269106265941e-15,1.70962806548647e-14,0.00153020833333333,5.2819345,415,829,0
sharp,65,100000,wave,0.000140496294620815,effectiveBandwidth,0.666666666666667,0.999,0.666666666666667,38,24,24,270,0.00497253248355873,0.00141753504076555,5.46188494200391e-15,2.12806131111998e-14,0.00215479166666667,5.2819345,415,829,0
sharp,65,100000,wave,0.000140496294620815,effectiveBandwidth,0.666666666666667,0.999,0.75,38,28,28,354,0.13732513693814,0.0255334074563466,7.75497148848025e-15,2.59219386967842e-14,0.00165154166666667,5.2819345,415,829,0
sharp,65,100000,wave,0.00022654346798278,none,0.666666666666667,0.99,0.666666666666667,38,38,38,564,0.701061531616964,0.472909242592442,9.51034625164575e-15,1.57100207673404e-13,0.000164208333333333,5.2819345,415,829,0
sharp,65,100000,wave,0.00022654346798278,fixedFraction,0.5,0.99,0.666666666666667,38,19,19,168,0.000378230545229536,0.000137066509066995,4.40472547088951e-15,1.78172066472024e-14,0.000125,5.2819345,415,829,0
sharp,65,100000,wave,0.00022654346798278,fixedFraction,0.666666666666667,0.99,0.666666666666667,38,25,25,291,0.00796988642938089,0.00227797194135939,5.46175198949203e-15,2.25701425291439e-14,0.000102541666666667,5.2819345,415,829,0
sharp,65,100000,wave,0.00022654346798278,fixedFraction,0.75,0.99,0.666666666666667,38,28,28,354,0.137328094407271,0.0255347142057185,7.7447696040603e-15,2.5954843958706e-14,9.8875e-05,5.2819345,415,829,0
sharp,65,100000,wave,0.00022654346798278,effectiveBandwidth,0.666666666666667,0.95,0.5,38,21,21,207,0.00106028618637418,0.000616331450523501,5.02724030178639e-15,1.98828308199516e-14,0.00151191666666667,5.2819345,415,829,0
sharp,65,100000,wave,0.00022654346798278,effectiveBandwidth,0.666666666666667,0.95,0.666666666666667,38,27,27,333,0.047091335542286,0.00978817167163065,7.7447696040603e-15,2.5954843958706e-14,0.00148208333333333,5.2819345,415,829,0
sharp,65,100000,wave,0.00022654346798278,effectiveBandwidth,0.666666666666667,0.95,0.75,38,31,31,417,0.535582182240613,0.236354277011774,7.7447696040603e-15,2.92738873701528e-14,0.001270625,5.2819345,415,829,0
sharp,65,100000,wave,0.00022654346798278,effectiveBandwidth,0.666666666666667,0.99,0.5,38,20,20,186,0.000617797075961861,0.000255711111053012,4.40472547088951e-15,1.95047624786759e-14,0.00129633333333333,5.2819345,415,829,0
sharp,65,100000,wave,0.00022654346798278,effectiveBandwidth,0.666666666666667,0.99,0.666666666666667,38,26,26,312,0.0172043579811623,0.00497232968011775,5.46175198949203e-15,2.36339503470511e-14,0.00120625,5.2819345,415,829,0
sharp,65,100000,wave,0.00022654346798278,effectiveBandwidth,0.666666666666667,0.99,0.75,38,30,30,396,0.488937315200557,0.124638657329684,7.7447696040603e-15,2.79411254661923e-14,0.00117458333333333,5.2819345,415,829,0
sharp,65,100000,wave,0.00022654346798278,effectiveBandwidth,0.666666666666667,0.999,0.5,38,18,18,159,0.000245946117730325,0.000105025303535452,4.40472547088951e-15,1.70856012992091e-14,0.00123154166666667,5.2819345,415,829,0
sharp,65,100000,wave,0.00022654346798278,effectiveBandwidth,0.666666666666667,0.999,0.666666666666667,38,24,24,270,0.00497232968011775,0.00141754171329429,5.46175198949203e-15,2.13174205424599e-14,0.00136479166666667,5.2819345,415,829,0
sharp,65,100000,wave,0.00022654346798278,effectiveBandwidth,0.666666666666667,0.999,0.75,38,28,28,354,0.137328094407271,0.0255347142057185,7.7447696040603e-15,2.5954843958706e-14,0.001332625,5.2819345,415,829,0
sharp,65,100000,wave,0.000266572976289502,none,0.666666666666667,0.99,0.666666666666667,38,38,38,564,0.70106168275093,0.472909387845064,9.46417877825978e-15,1.57111174264804e-13,0.000159958333333333,5.2819345,415,829,0
sharp,65,100000,wave,0.000266572976289502,fixedFraction,0.5,0.99,0.666666666666667,38,19,19,168,0.00037822308185846,0.000137069398389228,4.407718850803e-15,1.78280699923179e-14,0.000139,5.2819345,415,829,0
sharp,65,100000,wave,0.000266572976289502,fixedFraction,0.666666666666667,0.99,0.666666666666667,38,25,25,291,0.00796968651519634,0.00227789599007026,5.44589383856072e-15,2.26318888400619e-14,0.00010525,5.2819345,415,829,0
sharp,65,100000,wave,0.000266572976289502,fixedFraction,0.75,0.99,0.666666666666667,38,28,28,354,0.137329944041643,0.0255355307130084,7.74281553758247e-15,2.59659431065266e-14,0.000132708333333333,5.2819345,415,829,0
sharp,65,100000,wave,0.000266572976289502,effectiveBandwidth,0.666666666666667,0.95,0.5,38,21,21,207,0.00106028107365612,0.0006163234212391,5.0182328741251e-15,1.99023628374778e-14,0.00126995833333333,5.2819345,415,829,0
sharp,65,100000,wave,0.000266572976289502,effectiveBandwidth,0.666666666666667,0.95,0.666666666666667,38,27,27,333,0.0470918263027471,0.00978859784936512,7.74281553758247e-15,2.59659431065266e-14,0.00127245833333333,5.2819345,415,829,0
sharp,65,100000,wave,0.000266572976289502,effectiveBandwidth,0.666666666666667,0.95,0.75,38,31,31,417,0.535582243175662,0.236355351874135,7.74281553758247e-15,2.92617577270143e-14,0.00128675,5.2819345,415,829,0
sharp,65,100000,wave,0.000266572976289502,effectiveBandwidth,0.666666666666667,0.99,0.5,38,20,20,186,0.00061778227509879,0.000255715031579024,4.407718850803e-15,1.94645416304983e-14,0.00122058333333333,5.2819345,415,829,0
sharp,65,100000,wave,0.000266572976289502,effectiveBandwidth,0.666666666666667,0.99,0.666666666666667,38,26,26,312,0.0172047767272854,0.00497220293093847,5.44589383856072e-15,2.36067447246692e-14,0.00122708333333333,5.2819345,415,829,0
sharp,65,100000,wave,0.000266572976289502,effectiveBandwidth,0.666666666666667,0.99,0.75,38,30,30,396,0.488938004337672,0.124637139676997,7.74281553758247e-15,2.79182888084369e-14,0.00119966666666667,5.2819345,415,829,0
sharp,65,100000,wave,0.000266572976289502,effectiveBandwidth,0.666666666666667,0.999,0.5,38,18,18,159,0.000245931713302637,0.000105021091704433,4.407718850803e-15,1.70475473896161e-14,0.001216,5.2819345,415,829,0
sharp,65,100000,wave,0.000266572976289502,effectiveBandwidth,0.666666666666667,0.999,0.666666666666667,38,24,24,270,0.00497220293093847,0.00141754588322099,5.44589383856072e-15,2.12459941935998e-14,0.00128379166666667,5.2819345,415,829,0
sharp,65,100000,wave,0.000266572976289502,effectiveBandwidth,0.666666666666667,0.999,0.75,38,28,28,354,0.137329944041643,0.0255355307130084,7.74281553758247e-15,2.59659431065266e-14,0.00119454166666667,5.2819345,415,829,0
sharp,65,100000,wave,0.000320380844888282,none,0.666666666666667,0.99,0.666666666666667,38,38,38,564,0.701061923786498,0.472909620224793,9.45798815946142e-15,1.57070556220793e-13,0.000190541666666667,5.2819345,415,829,0
sharp,65,100000,wave,0.000320380844888282,fixedFraction,0.5,0.99,0.666666666666667,38,19,19,168,0.000378211136309572,0.000137074021563486,4.39909625127182e-15,1.7793248958813e-14,0.000228916666666667,5.2819345,415,829,0
sharp,65,100000,wave,0.000320380844888282,fixedFraction,0.666666666666667,0.99,0.666666666666667,38,25,25,291,0.00796936668518581,0.00227777450398537,5.50501985948587e-15,2.26152833061281e-14,9.2625e-05,5.2819345,415,829,0
sharp,65,100000,wave,0.000320380844888282,fixedFraction,0.75,0.99,0.666666666666667,38,28,28,354,0.137332905425651,0.0255368367870921,7.7335329843594e-15,2.59416510227539e-14,8.12083333333333e-05,5.2819345,415,829,0
sharp,65,100000,wave,0.000320380844888282,effectiveBandwidth,0.666666666666667,0.95,0.5,38,21,21,207,0.00106027289396246,0.000616310572109395,5.04227886932071e-15,1.99324130450305e-14,0.001200625,5.2819345,415,829,0
sharp,65,100000,wave,0.000320380844888282,effectiveBandwidth,0.666666666666667,0.95,0.666666666666667,38,27,27,333,0.0470926114274483,0.00978927998117865,7.7335329843594e-15,2.59416510227539e-14,0.00119908333333333,5.2819345,415,829,0
sharp,65,100000,wave,0.000320380844888282,effectiveBandwidth,0.666666666666667,0.95,0.75,38,31,31,417,0.535582339765393,0.236357071648723,7.7335329843594e-15,2.92559732321944e-14,0.00117975,5.2819345,415,829,0
sharp,65,100000,wave,0.000320380844888282,effectiveBandwidth,0.666666666666667,0.99,0.5,38,20,20,186,0.000617758592126315,0.000255723166434049,4.39909625127182e-15,1.94435494510265e-14,0.00119866666666667,5.2819345,415,829,0
sharp,65,100000,wave,0.000320380844888282,effectiveBandwidth,0.666666666666667,0.99,0.666666666666667,38,26,26,312,0.0172054468421801,0.00497200013694322,5.50501985948587e-15,2.35867880393048e-14,0.00115595833333333,5.2819345,415,829,0
sharp,65,100000,wave,0.000320380844888282,effectiveBandwidth,0.666666666666667,0.99,0.75,38,30,30,396,0.488939107460769,0.124634712320447,7.7335329843594e-15,2.78851838132144e-14,0.00117170833333333,5.2819345,415,829,0
sharp,65,100000,wave,0.000320380844888282,effectiveBandwidth,0.666666666666667,0.999,0.5,38,18,18,159,0.000245908668874429,0.000105014351175339,4.39909625127182e-15,1.70814354411448e-14,0.00116325,5.2819345,415,829,0
sharp,65,100000,wave,0.000320380844888282,effectiveBandwidth,0.666666666666667,0.999,0.666666666666667,38,24,24,270,0.00497200013694322,0.0014175525601396,5.50501985948587e-15,2.12864456324481e-14,0.00117766666666667,5.2819345,415,829,0
sharp,65,100000,wave,0.000320380844888282,effectiveBandwidth,0.666666666666667,0.999,0.75,38,28,28,354,0.137332905425651,0.0255368367870921,7.7335329843594e-15,2.59416510227539e-14,0.001308,5.2819345,415,829,0
