profile,amplitude,time,config,form,field,rmsError,maxError,referenceRMS
constant,0.0001,327,1,divergence,u,7.11072746794373e-24,1.8785668539669e-23,8.50395188561442e-14
constant,0.0001,327,1,divergence,v,5.82226299482152e-24,1.84672022367877e-23,3.20516164490672e-14
constant,0.0001,327,1,divergence,w,1.05709509116581e-23,7.52407161585597e-23,2.70041881451978e-09
constant,0.0001,327,1,divergence,eta,1.01217083792836e-22,2.45667037860379e-22,1.59557703559235e-12
constant,0.0001,327,1,advective,u,8.7637355083322e-25,5.5689288505279e-24,8.50395188561442e-14
constant,0.0001,327,1,advective,v,4.54737689329846e-25,3.33933025333469e-24,3.20516164490672e-14
constant,0.0001,327,1,advective,w,1.05659753488629e-23,7.51503584527538e-23,2.70041881451978e-09
constant,0.0001,327,1,advective,eta,6.10014859108632e-23,2.65246792719905e-22,1.59557703559235e-12
constant,0.0001,327,1,split,u,3.76063611174325e-24,1.2177286073324e-23,8.50395188561442e-14
constant,0.0001,327,1,split,v,3.08144098539302e-24,1.09032630896176e-23,3.20516164490672e-14
constant,0.0001,327,1,split,w,1.05684966380208e-23,7.51955373056568e-23,2.70041881451978e-09
constant,0.0001,327,1,split,eta,5.61161426105048e-23,1.84037487899266e-22,1.59557703559235e-12
constant,0.0001,327,1,compatible,u,3.50095326381456e-17,6.35765418856095e-17,8.50395188561442e-14
constant,0.0001,327,1,compatible,v,2.0269942778463e-17,4.7621358582609e-17,3.20516164490672e-14
constant,0.0001,327,1,compatible,w,2.38225431126594e-19,5.11743493696098e-19,2.70041881451978e-09
constant,0.0001,327,1,compatible,eta,6.3595625107289e-16,1.10161141885473e-15,1.59557703559235e-12
constant,0.0001,327,2,divergence,u,6.25329651181953e-25,5.57915248785957e-24,8.4743526278153e-14
constant,0.0001,327,2,divergence,v,2.53137883801397e-25,3.34372263085496e-24,3.18820001727044e-14
constant,0.0001,327,2,divergence,w,7.81742766751227e-24,7.67765999420324e-23,1.93820011921329e-09
constant,0.0001,327,2,divergence,eta,4.30279580128451e-23,2.64984158836451e-22,1.61956742642837e-12
constant,0.0001,327,2,advective,u,6.25103597684612e-25,5.57274062642193e-24,8.4743526278153e-14
constant,0.0001,327,2,advective,v,2.53145101577889e-25,3.34677710027997e-24,3.18820001727044e-14
constant,0.0001,327,2,advective,w,7.81742318948297e-24,7.67765376220209e-23,1.93820011921329e-09
constant,0.0001,327,2,advective,eta,4.30758873540735e-23,2.65247095642492e-22,1.61956742642837e-12
constant,0.0001,327,2,split,u,6.25215251094466e-25,5.57592131359178e-24,8.4743526278153e-14
constant,0.0001,327,2,split,v,2.53140419682389e-25,3.34524986556746e-24,3.18820001727044e-14
constant,0.0001,327,2,split,w,7.81742541284383e-24,7.67765683875962e-23,1.93820011921329e-09
constant,0.0001,327,2,split,eta,4.30519184104461e-23,2.65115728213668e-22,1.61956742642837e-12
constant,0.0001,327,2,compatible,u,8.0260751053992e-18,1.43617513349011e-17,8.4743526278153e-14
constant,0.0001,327,2,compatible,v,4.65462459506928e-18,1.07744837476044e-17,3.18820001727044e-14
constant,0.0001,327,2,compatible,w,5.43945956903449e-20,1.16839901136665e-19,1.93820011921329e-09
constant,0.0001,327,2,compatible,eta,1.4532269441828e-16,2.52198661571465e-16,1.61956742642837e-12
constant,0.0001,327,3,divergence,u,6.25778170019456e-25,5.63612717787825e-24,8.47435262781523e-14
constant,0.0001,327,3,divergence,v,2.41503802027194e-25,3.34527510911643e-24,3.1882000172703e-14
constant,0.0001,327,3,divergence,w,7.83365841851318e-24,7.88477597707165e-23,1.93820011632719e-09
constant,0.0001,327,3,divergence,eta,4.29767166106421e-23,3.33832202598894e-22,1.61956742642837e-12
constant,0.0001,327,3,advective,u,6.2573294351622e-25,5.63395623266708e-24,8.47435262781523e-14
constant,0.0001,327,3,advective,v,2.41491514464876e-25,3.34680234382894e-24,3.1882000172703e-14
constant,0.0001,327,3,advective,w,7.83365437933979e-24,7.88477211165321e-23,1.93820011632719e-09
constant,0.0001,327,3,advective,eta,4.30247758357439e-23,3.34242561730903e-22,1.61956742642837e-12
constant,0.0001,327,3,split,u,6.25754680098635e-25,5.63504170527267e-24,8.47435262781523e-14
constant,0.0001,327,3,split,v,2.41496926672853e-25,3.34603872647269e-24,3.1882000172703e-14
constant,0.0001,327,3,split,w,7.83365639025548e-24,7.88477408380548e-23,1.93820011632719e-09
constant,0.0001,327,3,split,eta,4.30007425699991e-23,3.34037382164898e-22,1.61956742642837e-12
constant,0.0001,327,3,compatible,u,8.02607510538809e-18,1.7552562486447e-17,8.47435262781523e-14
constant,0.0001,327,3,compatible,v,4.6546245950636e-18,1.18649796131868e-17,3.1882000172703e-14
constant,0.0001,327,3,compatible,w,5.4394595597304e-20,1.28407700016624e-19,1.93820011632719e-09
constant,0.0001,327,3,compatible,eta,1.45322694419305e-16,3.03450837641773e-16,1.61956742642837e-12
constant,0.0001,327,4,divergence,u,4.44252640718489e-25,5.70446146493211e-24,8.45882868115964e-14
constant,0.0001,327,4,divergence,v,1.74744846026801e-25,3.40913497711588e-24,3.1792917350659e-14
constant,0.0001,327,4,divergence,w,5.51086525421725e-24,7.85033391551925e-23,1.38101662570568e-09
constant,0.0001,327,4,divergence,eta,3.04247128575597e-23,3.31462287734767e-22,1.63197577105268e-12
constant,0.0001,327,4,advective,u,4.38794518738145e-25,5.63749032952247e-24,8.45882868115964e-14
constant,0.0001,327,4,advective,v,1.71616382361655e-25,3.36688989791949e-24,3.1792917350659e-14
constant,0.0001,327,4,advective,w,5.51088990582379e-24,7.85034314519184e-23,1.38101662570568e-09
constant,0.0001,327,4,advective,eta,3.06733271417945e-23,3.34242208321217e-22,1.63197577105268e-12
constant,0.0001,327,4,split,u,4.4151691656138e-25,5.67098851900178e-24,8.45882868115964e-14
constant,0.0001,327,4,split,v,1.73175667465052e-25,3.38801243751769e-24,3.1792917350659e-14
constant,0.0001,327,4,split,w,5.51087474922383e-24,7.8503384909125e-23,1.38101662570568e-09
constant,0.0001,327,4,split,eta,3.0548797543725e-23,3.3285229851509e-22,1.63197577105268e-12
constant,0.0001,327,4,compatible,u,1.92871474343259e-18,4.1858295338642e-18,8.45882868115964e-14
constant,0.0001,327,4,compatible,v,1.11917001538183e-18,2.83090232311798e-18,3.1792917350659e-14
constant,0.0001,327,4,compatible,w,1.30525704487147e-20,3.05770514229405e-20,1.38101662570568e-09
constant,0.0001,327,4,compatible,eta,3.48813054186313e-17,7.22648409232158e-17,1.63197577105268e-12
constant,0.0001,327,5,divergence,u,2.74516401231559e-25,5.16288636539254e-24,8.45087516946706e-14
constant,0.0001,327,5,divergence,v,1.30269164402428e-25,3.56401834952517e-24,3.17472434320704e-14
constant,0.0001,327,5,divergence,w,2.75534434502544e-24,7.06423031582025e-23,9.80303899565482e-10
constant,0.0001,327,5,divergence,eta,2.18184375389563e-23,3.37849713417004e-22,1.63828788503068e-12
constant,0.0001,327,5,advective,u,2.55700839814167e-25,4.80717951689753e-24,8.45087516946706e-14
constant,0.0001,327,5,advective,v,1.18363433307466e-25,3.39001456649514e-24,3.17472434320704e-14
constant,0.0001,327,5,advective,w,2.75530982566117e-24,7.06404493350753e-23,9.80303899565482e-10
constant,0.0001,327,5,advective,eta,2.2040926826185e-23,3.34240289811496e-22,1.63828788503068e-12
constant,0.0001,327,5,split,u,2.64828231782898e-25,4.98502031937055e-24,8.45087516946706e-14
constant,0.0001,327,5,split,v,1.24195054679059e-25,3.47701645801015e-24,3.17472434320704e-14
constant,0.0001,327,5,split,w,2.75532896011559e-24,7.06413762466389e-23,9.80303899565482e-10
constant,0.0001,327,5,split,eta,2.19238450552889e-23,3.3604500161425e-22,1.63828788503068e-12
constant,0.0001,327,5,compatible,u,4.7316926529422e-19,1.02292475256395e-18,8.45087516946706e-14
constant,0.0001,327,5,compatible,v,2.74631364980132e-19,6.91958141009892e-19,3.17472434320704e-14
constant,0.0001,327,5,compatible,w,3.20018876754372e-21,7.47048825937921e-21,9.80303899565482e-10
constant,0.0001,327,5,compatible,eta,8.55308769545617e-18,1.76502380244933e-17,1.63828788503068e-12
constant,0.0001,327,6,divergence,u,2.75146872914304e-25,5.21453466657917e-24,8.45087516946706e-14
constant,0.0001,327,6,divergence,v,1.30132726620043e-25,3.62836257812042e-24,3.17472434320704e-14
constant,0.0001,327,6,divergence,w,6.95687701475137e-12,5.89944677036249e-10,9.80302157207727e-10
constant,0.0001,327,6,divergence,eta,2.18189015317611e-23,3.37791047409204e-22,1.63828788503068e-12
constant,0.0001,327,6,advective,u,2.55550035700229e-25,4.81361662188413e-24,8.45087516946706e-14
constant,0.0001,327,6,advective,v,1.18389150650561e-25,3.3987567230468e-24,3.17472434320704e-14
constant,0.0001,327,6,advective,w,6.95687701475137e-12,5.89944677036249e-10,9.80302157207727e-10
constant,0.0001,327,6,advective,eta,2.2040928517955e-23,3.34241703450238e-22,1.63828788503068e-12
constant,0.0001,327,6,split,u,2.65070975700781e-25,4.96936931901097e-24,8.45087516946706e-14
constant,0.0001,327,6,split,v,1.2413794457418e-25,3.51137450587615e-24,3.17472434320704e-14
constant,0.0001,327,6,split,w,6.95687701475137e-12,5.89944677036249e-10,9.80302157207727e-10
constant,0.0001,327,6,split,eta,2.19240694458823e-23,3.36016324942623e-22,1.63828788503068e-12
constant,0.0001,327,6,compatible,u,4.73169265293985e-19,1.02963626325819e-18,8.45087516946706e-14
constant,0.0001,327,6,compatible,v,2.74631364985222e-19,6.93850770855662e-19,3.17472434320704e-14
constant,0.0001,327,6,compatible,w,6.95687701475137e-12,5.89944677036249e-10,9.80302157207727e-10
constant,0.0001,327,6,compatible,eta,8.55308769526704e-18,1.77574862334931e-17,1.63828788503068e-12
constant,0.0001,327,7,divergence,u,2.04623861520207e-29,1.51461293802434e-28,8.44684914013982e-14
constant,0.0001,327,7,divergence,v,7.72983672165427e-30,6.31088724176809e-29,3.1724114849413e-14
constant,0.0001,327,7,divergence,w,1.48926833347502e-25,9.92616735063633e-24,6.94526824341835e-10
constant,0.0001,327,7,divergence,eta,3.9859976616119e-28,4.03896783473158e-27,1.64147153887034e-12
constant,0.0001,327,7,advective,u,1.97951131167243e-25,4.88013337341237e-24,8.44684914013982e-14
constant,0.0001,327,7,advective,v,8.73872233442297e-26,3.30347179202696e-24,3.1724114849413e-14
constant,0.0001,327,7,advective,w,1.49273343813471e-25,9.92616735063633e-24,6.94526824341835e-10
constant,0.0001,327,7,advective,eta,1.67651474115508e-23,3.34241955885728e-22,1.64147153887034e-12
constant,0.0001,327,7,split,u,9.89756517801869e-26,2.44006668670618e-24,8.44684914013982e-14
constant,0.0001,327,7,split,v,4.36936116583889e-26,1.65173589601348e-24,3.1724114849413e-14
constant,0.0001,327,7,split,w,1.49416665028394e-25,9.92616735063633e-24,6.94526824341835e-10
constant,0.0001,327,7,split,eta,8.38257370742951e-24,1.67120977942864e-22,1.64147153887034e-12
constant,0.0001,327,7,compatible,u,1.17208117433501e-19,2.52892747706886e-19,8.44684914013982e-14
constant,0.0001,327,7,compatible,v,6.80362510301006e-20,1.71086415352111e-19,3.1724114849413e-14
constant,0.0001,327,7,compatible,w,7.92482757550631e-22,1.84667488626482e-21,6.94526824341835e-10
constant,0.0001,327,7,compatible,eta,2.11817584174395e-18,4.36312472860598e-18,1.64147153887034e-12
constant,0.0001,901,1,divergence,u,7.00123497148325e-24,1.47332616705561e-23,9.34182007903994e-14
constant,0.0001,901,1,divergence,v,5.81350034052714e-24,1.6599015530156e-23,3.24586469391015e-14
constant,0.0001,901,1,divergence,w,1.0240440672828e-23,1.02020253827605e-22,2.4137672519668e-09
constant,0.0001,901,1,divergence,eta,1.03261297287806e-22,2.37174909194907e-22,1.36671674220799e-12
constant,0.0001,901,1,advective,u,2.56676504626686e-25,1.99091768626593e-24,9.34182007903994e-14
constant,0.0001,901,1,advective,v,4.16541264649651e-25,2.75398599532983e-24,3.24586469391015e-14
constant,0.0001,901,1,advective,w,1.02340651695492e-23,1.01999425533125e-22,2.4137672519668e-09
constant,0.0001,901,1,advective,eta,6.49808214974278e-23,2.66494074107785e-22,1.36671674220799e-12
constant,0.0001,901,1,split,u,3.56299949072583e-24,8.36208652296739e-24,9.34182007903994e-14
constant,0.0001,901,1,split,v,3.06569797917888e-24,9.61372478962726e-24,3.24586469391015e-14
constant,0.0001,901,1,split,w,1.02371489001836e-23,1.02009839285934e-22,2.4137672519668e-09
constant,0.0001,901,1,split,eta,5.88619258237777e-23,2.0057181367975e-22,1.36671674220799e-12
constant,0.0001,901,1,compatible,u,3.55291255761694e-17,6.13798513917378e-17,9.34182007903994e-14
constant,0.0001,901,1,compatible,v,2.05921330595994e-17,4.75161767572385e-17,3.24586469391015e-14
constant,0.0001,901,1,compatible,w,2.41769840269326e-19,5.07284344806229e-19,2.4137672519668e-09
constant,0.0001,901,1,compatible,eta,6.45962485810881e-16,1.08466498092771e-15,1.36671674220799e-12
constant,0.0001,901,2,divergence,u,1.89640598206443e-25,2.05330711753805e-24,9.31774486249301e-14
constant,0.0001,901,2,divergence,v,2.20688875240358e-25,2.76283070379917e-24,3.22890203108152e-14
constant,0.0001,901,2,divergence,w,7.50375792277822e-24,1.03879815129099e-22,1.73245866547309e-09
constant,0.0001,901,2,divergence,eta,4.58413367850833e-23,2.66291822793461e-22,1.38726640031185e-12
constant,0.0001,901,2,advective,u,1.89229286430665e-25,2.04033824425621e-24,9.31774486249301e-14
constant,0.0001,901,2,advective,v,2.19800610124841e-25,2.75377773605085e-24,3.22890203108152e-14
constant,0.0001,901,2,advective,w,7.50375226406204e-24,1.03879797774159e-22,1.73245866547309e-09
constant,0.0001,901,2,advective,eta,4.58864619318804e-23,2.66494115128552e-22,1.38726640031185e-12
constant,0.0001,901,2,split,u,1.8942850907383e-25,2.04682583634075e-24,9.31774486249301e-14
constant,0.0001,901,2,split,v,2.20243696615661e-25,2.75830579764682e-24,3.22890203108152e-14
constant,0.0001,901,2,split,w,7.50375509352422e-24,1.03879806451629e-22,1.73245866547309e-09
constant,0.0001,901,2,split,eta,4.58638951220683e-23,2.66392973694172e-22,1.38726640031185e-12
constant,0.0001,901,2,compatible,u,8.14519375749233e-18,1.38655253611141e-17,9.31774486249301e-14
constant,0.0001,901,2,compatible,v,4.72828755379142e-18,1.07470504827712e-17,3.22890203108152e-14
constant,0.0001,901,2,compatible,w,5.52038835683743e-20,1.1579535968947e-19,1.73245866547309e-09
constant,0.0001,901,2,compatible,eta,1.47602632946285e-16,2.48245207370182e-16,1.38726640031185e-12
constant,0.0001,901,3,divergence,u,1.95267209747729e-25,2.39164955978734e-24,9.31774486249301e-14
constant,0.0001,901,3,divergence,v,2.14486846680043e-25,2.8908722950474e-24,3.22890203108155e-14
constant,0.0001,901,3,divergence,w,7.56397779613089e-24,1.0387981591796e-22,1.73245866440425e-09
constant,0.0001,901,3,divergence,eta,4.58424678316796e-23,3.49948662446996e-22,1.38726640031186e-12
constant,0.0001,901,3,advective,u,1.94883788842362e-25,2.37774036430648e-24,9.31774486249301e-14
constant,0.0001,901,3,advective,v,2.13634400253644e-25,2.87900151614564e-24,3.22890203108155e-14
constant,0.0001,901,3,advective,w,7.56397251481148e-24,1.0387979856302e-22,1.73245866440425e-09
constant,0.0001,901,3,advective,eta,4.58876394251076e-23,3.5017962829827e-22,1.38726640031186e-12
constant,0.0001,901,3,split,u,1.95070987722347e-25,2.38469496204691e-24,9.31774486249301e-14
constant,0.0001,901,3,split,v,2.14059729342552e-25,2.8849337501529e-24,3.22890203108155e-14
constant,0.0001,901,3,split,w,7.56397515608221e-24,1.0387980724049e-22,1.73245866440425e-09
constant,0.0001,901,3,split,eta,4.58650493782736e-23,3.5006415168352e-22,1.38726640031186e-12
constant,0.0001,901,3,compatible,u,8.14519375746457e-18,1.79520129024566e-17,9.31774486249301e-14
constant,0.0001,901,3,compatible,v,4.72828755375518e-18,1.2090552482907e-17,3.22890203108155e-14
constant,0.0001,901,3,compatible,w,5.52038836301979e-20,1.30608027152507e-19,1.73245866440425e-09
constant,0.0001,901,3,compatible,eta,1.47602632948356e-16,3.10226284909117e-16,1.38726640031186e-12
constant,0.0001,901,4,divergence,u,1.56124683735057e-25,2.69743097931273e-24,9.30512685954802e-14
constant,0.0001,901,4,divergence,v,1.55441799538489e-25,2.90379699211854e-24,3.21999365868007e-14
constant,0.0001,901,4,divergence,w,5.33492923107505e-24,1.01937963013416e-22,1.23442063533279e-09
constant,0.0001,901,4,divergence,eta,3.24772635355081e-23,3.47546170782927e-22,1.39789512240767e-12
constant,0.0001,901,4,advective,u,1.512662839259e-25,2.63128657013176e-24,9.30512685954802e-14
constant,0.0001,901,4,advective,v,1.52752346002522e-25,2.87893840727322e-24,3.21999365868007e-14
constant,0.0001,901,4,advective,w,5.33492861875109e-24,1.01937991412409e-22,1.23442063533279e-09
constant,0.0001,901,4,advective,eta,3.2714632446292e-23,3.50179678785368e-22,1.39789512240767e-12
constant,0.0001,901,4,split,u,1.5368544637768e-25,2.66435561927862e-24,9.30512685954802e-14
constant,0.0001,901,4,split,v,1.54093154972104e-25,2.89136454425226e-24,3.21999365868007e-14
constant,0.0001,901,4,split,w,5.33492892317081e-24,1.01937977212912e-22,1.23442063533279e-09
constant,0.0001,901,4,split,eta,3.25957481385491e-23,3.48862924784147e-22,1.39789512240767e-12
constant,0.0001,901,4,compatible,u,1.95733968366367e-18,4.28108807347303e-18,9.30512685954802e-14
constant,0.0001,901,4,compatible,v,1.13685506772316e-18,2.88470925409701e-18,3.21999365868007e-14
constant,0.0001,901,4,compatible,w,1.32467713087342e-20,3.11010946043822e-20,1.23442063533279e-09
constant,0.0001,901,4,compatible,eta,3.54280034909945e-17,7.38776488952926e-17,1.39789512240767e-12
constant,0.0001,901,5,divergence,u,1.26954740530886e-25,3.04052867509869e-24,9.2986645160186e-14
constant,0.0001,901,5,divergence,v,1.2890082125976e-25,3.59385464668243e-24,3.21542634283686e-14
constant,0.0001,901,5,divergence,w,3.74897973042582e-24,8.95366262435131e-23,8.76243877442545e-10
constant,0.0001,901,5,divergence,eta,2.33170047427661e-23,3.55773373924015e-22,1.40330194352188e-12
constant,0.0001,901,5,advective,u,1.11637213214461e-25,2.61659719121564e-24,9.2986645160186e-14
constant,0.0001,901,5,advective,v,1.13895648413772e-25,3.27340672520718e-24,3.21542634283686e-14
constant,0.0001,901,5,advective,w,3.74886058966453e-24,8.95355873137009e-23,8.76243877442545e-10
constant,0.0001,901,5,advective,eta,2.35024381773505e-23,3.50696265138013e-22,1.40330194352188e-12
constant,0.0001,901,5,split,u,1.18400288544794e-25,2.81800048006671e-24,9.2986645160186e-14
constant,0.0001,901,5,split,v,1.2125025223712e-25,3.4256063928169e-24,3.21542634283686e-14
constant,0.0001,901,5,split,w,3.74892703940334e-24,8.95361071730375e-23,8.76243877442545e-10
constant,0.0001,901,5,split,eta,2.34029208636203e-23,3.53234819531014e-22,1.40330194352188e-12
constant,0.0001,901,5,compatible,u,4.80191787111542e-19,1.04620386642283e-18,9.2986645160186e-14
constant,0.0001,901,5,compatible,v,2.78968274256425e-19,7.05108809231087e-19,3.21542634283686e-14
constant,0.0001,901,5,compatible,w,3.24780276622844e-21,7.59914307756858e-21,8.76243877442545e-10
constant,0.0001,901,5,compatible,eta,8.68708352109959e-18,1.80440811397918e-17,1.40330194352188e-12
constant,0.0001,901,6,divergence,u,1.2652447321969e-25,3.13854937573783e-24,9.2986645160186e-14
constant,0.0001,901,6,divergence,v,1.29317401409473e-25,3.66867652582084e-24,3.21542634283686e-14
constant,0.0001,901,6,divergence,w,6.11250644303458e-12,4.85971796366793e-10,8.76241362666646e-10
constant,0.0001,901,6,divergence,eta,2.33140456226711e-23,3.55511281199143e-22,1.40330194352188e-12
constant,0.0001,901,6,advective,u,1.1122457161041e-25,2.72418914121782e-24,9.2986645160186e-14
constant,0.0001,901,6,advective,v,1.13892363076809e-25,3.27921905235684e-24,3.21542634283686e-14
constant,0.0001,901,6,advective,w,6.11250644303458e-12,4.85971796366793e-10,8.76241362666646e-10
constant,0.0001,901,6,advective,eta,2.35024206144731e-23,3.50736971149583e-22,1.40330194352188e-12
constant,0.0001,901,6,split,u,1.18012773597855e-25,2.90610677684903e-24,9.2986645160186e-14
constant,0.0001,901,6,split,v,1.21450884693679e-25,3.46562372881695e-24,3.21542634283686e-14
constant,0.0001,901,6,split,w,6.11250644303458e-12,4.85971796366793e-10,8.76241362666646e-10
constant,0.0001,901,6,split,eta,2.34014334487667e-23,3.53026472688475e-22,1.40330194352188e-12
constant,0.0001,901,6,compatible,u,4.80191787114399e-19,1.04620386677624e-18,9.2986645160186e-14
constant,0.0001,901,6,compatible,v,2.78968274266869e-19,7.05108809306818e-19,3.21542634283686e-14
constant,0.0001,901,6,compatible,w,6.11250644303458e-12,4.85971796366793e-10,8.76241362666646e-10
constant,0.0001,901,6,compatible,eta,8.68708352222017e-18,1.80440811345917e-17,1.40330194352188e-12
constant,0.0001,901,7,divergence,u,2.23136015416236e-29,2.01948391736579e-28,9.29539391521568e-14
constant,0.0001,901,7,divergence,v,7.94102079662845e-30,6.31088724176809e-29,3.21311355482931e-14
constant,0.0001,901,7,divergence,w,1.48642876244616e-25,9.92616735063633e-24,6.20802261349124e-10
constant,0.0001,901,7,divergence,eta,3.54685431422842e-28,3.23117426778526e-27,1.40602899283403e-12
constant,0.0001,901,7,advective,u,9.11034569778095e-26,2.7186785533644e-24,9.29539391521568e-14
constant,0.0001,901,7,advective,v,8.34141783933194e-26,3.25732658451515e-24,3.21311355482931e-14
constant,0.0001,901,7,advective,w,1.49791166675097e-25,9.92616735063633e-24,6.20802261349124e-10
constant,0.0001,901,7,advective,eta,1.78926967864899e-23,3.50696542817051e-22,1.40602899283403e-12
constant,0.0001,901,7,split,u,4.55518195977286e-26,1.35933868503652e-24,9.29539391521568e-14
constant,0.0001,901,7,split,v,4.17071026565999e-26,1.62866960314482e-24,3.21311355482931e-14
constant,0.0001,901,7,split,w,1.49183345639124e-25,9.92616735063633e-24,6.20802261349124e-10
constant,0.0001,901,7,split,eta,8.94634836350002e-24,1.75348275747261e-22,1.40602899283403e-12
constant,0.0001,901,7,compatible,u,1.18947650606923e-19,2.58647803315021e-19,9.29539391521568e-14
constant,0.0001,901,7,compatible,v,6.91103399726526e-20,1.74337743570832e-19,3.21311355482931e-14
constant,0.0001,901,7,compatible,w,8.04273543518884e-22,1.87839518994532e-21,6.20802261349124e-10
constant,0.0001,901,7,compatible,eta,2.15135333833507e-18,4.46071879998947e-18,1.40602899283403e-12
constant,0.1,327,1,divergence,u,1.85817524092951e-15,2.96431202465537e-15,8.57498123008983e-08
constant,0.1,327,1,divergence,v,9.43989739766187e-16,1.54385987603024e-15,3.24344022524932e-08
constant,0.1,327,1,divergence,w,1.71455953773829e-16,3.93667032565909e-16,2.69958005139864e-06
constant,0.1,327,1,divergence,eta,1.02305876928874e-16,2.48242864145019e-16,1.60852115011126e-06
constant,0.1,327,1,advective,u,9.53964695779184e-19,6.30065457815111e-18,8.57498123008983e-08
constant,0.1,327,1,advective,v,4.4737215313646e-19,2.76868600677829e-18,3.24344022524932e-08
constant,0.1,327,1,advective,w,1.0173498491818e-17,7.8830014591283e-17,2.69958005139864e-06
constant,0.1,327,1,advective,eta,6.16987812011293e-17,2.66686106598975e-16,1.60852115011126e-06
constant,0.1,327,1,split,u,9.29096558757919e-16,1.48530633961676e-15,8.57498123008983e-08
constant,0.1,327,1,split,v,4.71995593627708e-16,7.73209696437762e-16,3.24344022524932e-08
constant,0.1,327,1,split,w,8.62017485189276e-17,2.27384300624522e-16,2.69958005139864e-06
constant,0.1,327,1,split,eta,5.66811919098828e-17,1.79397819519757e-16,1.60852115011126e-06
constant,0.1,327,1,compatible,u,3.54988792211088e-11,6.42761147848378e-11,8.57498123008983e-08
constant,0.1,327,1,compatible,v,2.05572319230062e-11,4.8230981666937e-11,3.24344022524932e-08
constant,0.1,327,1,compatible,w,2.41555283480431e-13,5.18094698202954e-13,2.69958005139864e-06
constant,0.1,327,1,compatible,eta,6.44923626497492e-10,1.11320449471183e-09,1.60852115011126e-06
constant,0.1,327,2,divergence,u,1.84558204594711e-15,2.95096257364841e-15,8.54520270991714e-08
constant,0.1,327,2,divergence,v,9.33785260343273e-16,1.53131813711293e-15,3.22627737771233e-08
constant,0.1,327,2,divergence,w,1.6896732606952e-16,3.92884374122646e-16,1.93771774516684e-06
constant,0.1,327,2,divergence,eta,4.35245448498259e-17,2.66388480397133e-16,1.63270618303292e-06
constant,0.1,327,2,advective,u,7.4366264083835e-19,6.30584265495305e-18,8.54520270991714e-08
constant,0.1,327,2,advective,v,2.5528282857538e-19,2.75971936893822e-18,3.22627737771233e-08
constant,0.1,327,2,advective,w,7.39959331426042e-18,8.05417747062747e-17,1.93771774516684e-06
constant,0.1,327,2,advective,eta,4.35729368063789e-17,2.66686635994567e-16,1.63270618303292e-06
constant,0.1,327,2,split,u,9.22799952822608e-16,1.47863420815168e-15,8.54520270991714e-08
constant,0.1,327,2,split,v,4.66892890946155e-16,7.66939429166594e-16,3.22627737771233e-08
constant,0.1,327,2,split,w,8.47377607938539e-17,2.2659825404947e-16,1.93771774516684e-06
constant,0.1,327,2,split,eta,4.3548738418154e-17,2.66537664074969e-16,1.63270618303292e-06
constant,0.1,327,2,compatible,u,8.13825981207784e-12,1.45199980969515e-11,8.54520270991714e-08
constant,0.1,327,2,compatible,v,4.72053595425065e-12,1.09123045712476e-11,3.22627737771233e-08
constant,0.1,327,2,compatible,w,5.51549689539666e-14,1.18419422002779e-13,1.93771774516684e-06
constant,0.1,327,2,compatible,eta,1.4737101244911e-10,2.54849812782567e-10,1.63270618303292e-06
constant,0.1,327,3,divergence,u,5.93248133441374e-19,5.81551645761121e-18,8.5452027099167e-08
constant,0.1,327,3,divergence,v,2.26235322134517e-19,2.86760688187228e-18,3.22627737771232e-08
constant,0.1,327,3,divergence,w,7.38831309180493e-18,8.88304139572705e-17,1.93771486998326e-06
constant,0.1,327,3,divergence,eta,4.35303706774754e-17,3.33043977940967e-16,1.63270618303292e-06
constant,0.1,327,3,advective,u,5.92917347291222e-19,5.81437825708834e-18,8.5452027099167e-08
constant,0.1,327,3,advective,v,2.26150221481807e-19,2.8671602043415e-18,3.22627737771232e-08
constant,0.1,327,3,advective,w,7.38831078595055e-18,8.88303734254205e-17,1.93771486998326e-06
constant,0.1,327,3,advective,eta,4.35786420812602e-17,3.33369662109186e-16,1.63270618303292e-06
constant,0.1,327,3,split,u,5.93081644144389e-19,5.81496059223958e-18,8.5452027099167e-08
constant,0.1,327,3,split,v,2.26191913835015e-19,2.86738188874567e-18,3.22627737771232e-08
constant,0.1,327,3,split,w,7.38831083659387e-18,8.88303932777552e-17,1.93771486998326e-06
constant,0.1,327,3,split,eta,4.35545031399949e-17,3.33206820025077e-16,1.63270618303292e-06
constant,0.1,327,3,compatible,u,8.13825975976188e-12,1.7813632478407e-11,8.5452027099167e-08
constant,0.1,327,3,compatible,v,4.72053593116502e-12,1.20384839668784e-11,3.22627737771232e-08
constant,0.1,327,3,compatible,w,5.51549039675339e-14,1.30265530781037e-13,1.93771486998326e-06
constant,0.1,327,3,compatible,eta,1.47371012449236e-10,3.0786805595402e-10,1.63270618303292e-06
constant,0.1,327,4,divergence,u,4.23181365117853e-19,5.88777895592385e-18,8.52958484040308e-08
constant,0.1,327,4,divergence,v,1.63982236354677e-19,2.92014277693675e-18,3.21726341728698e-08
constant,0.1,327,4,divergence,w,5.21352666258583e-18,8.82476437090309e-17,1.38084135330849e-06
constant,0.1,327,4,divergence,eta,3.0814210695705e-17,3.30685520578456e-16,1.64521520060303e-06
constant,0.1,327,4,advective,u,4.17192436039475e-19,5.82147215802159e-18,8.52958484040308e-08
constant,0.1,327,4,advective,v,1.60730063264311e-19,2.86602862126353e-18,3.21726341728698e-08
constant,0.1,327,4,advective,w,5.21358906386615e-18,8.82477074019381e-17,1.38084135330849e-06
constant,0.1,327,4,advective,eta,3.10681989083379e-17,3.33369662109186e-16,1.64521520060303e-06
constant,0.1,327,4,split,u,4.20179164480434e-19,5.85461232208292e-18,8.52958484040308e-08
constant,0.1,327,4,split,v,1.6235042799854e-19,2.89308404473892e-18,3.21726341728698e-08
constant,0.1,327,4,split,w,5.21355376776073e-18,8.82476751418942e-17,1.38084135330849e-06
constant,0.1,327,4,split,eta,3.09409781803201e-17,3.3202764428338e-16,1.64521520060303e-06
constant,0.1,327,4,compatible,u,1.95567339937638e-12,4.24808793549722e-12,8.52958484040308e-08
constant,0.1,327,4,compatible,v,1.13501298857147e-12,2.87228876067425e-12,3.21726341728698e-08
constant,0.1,327,4,compatible,w,1.32350132992946e-14,3.10194581764777e-14,1.38084135330849e-06
constant,0.1,327,4,compatible,eta,3.53728867703402e-11,7.33167168188749e-11,1.64521520060303e-06
constant,0.1,327,5,divergence,u,2.76001719150539e-19,5.34358675709256e-18,8.52158323392676e-08
constant,0.1,327,5,divergence,v,1.22205471503269e-19,3.29899315184726e-18,3.2126418436126e-08
constant,0.1,327,5,divergence,w,2.84643920492689e-18,7.37103348726606e-17,1.02185741824222e-06
constant,0.1,327,5,divergence,eta,2.20844481248567e-17,3.36616709972926e-16,1.65157852679053e-06
constant,0.1,327,5,advective,u,2.55329500413951e-19,4.94913410146807e-18,8.52158323392676e-08
constant,0.1,327,5,advective,v,1.11442837506728e-19,3.08457139346127e-18,3.2126418436126e-08
constant,0.1,327,5,advective,w,2.84642655360494e-18,7.37078698744352e-17,1.02185741824222e-06
constant,0.1,327,5,advective,eta,2.23186962951933e-17,3.33369926806982e-16,1.65157852679053e-06
constant,0.1,327,5,split,u,2.65333080456906e-19,5.14638689905992e-18,8.52158323392676e-08
constant,0.1,327,5,split,v,1.16696075595595e-19,3.19178392701549e-18,3.2126418436126e-08
constant,0.1,327,5,split,w,2.84643333328785e-18,7.37091023735479e-17,1.02185741824222e-06
constant,0.1,327,5,split,eta,2.219567795245e-17,3.34993265450395e-16,1.65157852679053e-06
constant,0.1,327,5,compatible,u,4.79782999891759e-13,1.03813933760143e-12,8.52158323392676e-08
constant,0.1,327,5,compatible,v,2.78518530770847e-13,7.02073137442427e-13,3.2126418436126e-08
constant,0.1,327,5,compatible,w,3.24492003697624e-15,7.57856363256478e-15,1.02185741824222e-06
constant,0.1,327,5,compatible,eta,8.67361881459515e-12,1.79071869046497e-11,1.65157852679053e-06
constant,0.1,327,6,divergence,u,2.75431970691797e-19,5.53948959592472e-18,8.52158323392677e-08
constant,0.1,327,6,divergence,v,1.22011385972949e-19,3.33766715420657e-18,3.2126418436126e-08
constant,0.1,327,6,divergence,w,8.41684767091423e-09,5.88482126825512e-07,1.02185449759217e-06
constant,0.1,327,6,divergence,eta,2.20834754587647e-17,3.38607535183995e-16,1.65157852679053e-06
constant,0.1,327,6,advective,u,2.55035077909958e-19,4.94037260441991e-18,8.52158323392677e-08
constant,0.1,327,6,advective,v,1.11422467438137e-19,3.09752338749262e-18,3.2126418436126e-08
constant,0.1,327,6,advective,w,8.41684767091421e-09,5.88482126825512e-07,1.02185449759217e-06
constant,0.1,327,6,advective,eta,2.23186690876315e-17,3.35429361686778e-16,1.65157852679053e-06
constant,0.1,327,6,split,u,2.64846458547631e-19,5.23993110017231e-18,8.52158323392677e-08
constant,0.1,327,6,split,v,1.16580492332054e-19,3.20962621282826e-18,3.2126418436126e-08
constant,0.1,327,6,split,w,8.41684767091422e-09,5.88482126825512e-07,1.02185449759217e-06
constant,0.1,327,6,split,eta,2.21951632892635e-17,3.37018501374945e-16,1.65157852679053e-06
constant,0.1,327,6,compatible,u,4.79782999894649e-13,1.04376407578278e-12,8.52158323392677e-08
constant,0.1,327,6,compatible,v,2.78518530770144e-13,7.0357925514333e-13,3.2126418436126e-08
constant,0.1,327,6,compatible,w,8.41684767094098e-09,5.88482126825512e-07,1.02185449759217e-06
constant,0.1,327,6,compatible,eta,8.67361881466397e-12,1.79920294323217e-11,1.65157852679053e-06
constant,0.1,327,7,divergence,u,2.09388271023337e-23,1.85288457211878e-22,8.51753286585626e-08
constant,0.1,327,7,divergence,v,7.78775636339925e-24,6.61744490042422e-23,3.21030154869619e-08
constant,0.1,327,7,divergence,w,2.17525025464769e-22,1.18584612615602e-20,9.11350637918949e-07
constant,0.1,327,7,divergence,eta,3.93878220434265e-22,4.2351647362715e-21,1.65478801062965e-06
constant,0.1,327,7,advective,u,1.98438057763493e-19,5.12444345177011e-18,8.51753286585626e-08
constant,0.1,327,7,advective,v,8.30437212042235e-20,2.9934938449355e-18,3.21030154869619e-08
constant,0.1,327,7,advective,w,3.62856935479257e-21,1.11808349037568e-19,9.11350637918949e-07
constant,0.1,327,7,advective,eta,1.69808032902126e-17,3.33369185653153e-16,1.65478801062965e-06
constant,0.1,327,7,split,u,9.92191148133457e-20,2.56222172588506e-18,8.51753286585626e-08
constant,0.1,327,7,split,v,4.15218636604505e-20,1.49674692246775e-18,3.21030154869619e-08
constant,0.1,327,7,split,w,1.82378354963971e-21,5.75982404132924e-20,9.11350637918949e-07
constant,0.1,327,7,split,eta,8.49040139117892e-18,1.66684642457413e-16,1.65478801062965e-06
constant,0.1,327,7,compatible,u,1.18846396643432e-13,2.5665417564405e-13,8.51753286585626e-08
constant,0.1,327,7,compatible,v,6.8999184931448e-14,1.7358723452767e-13,3.21030154869619e-08
constant,0.1,327,7,compatible,w,8.03559794865016e-16,1.87339501667849e-15,9.11350637918949e-07
constant,0.1,327,7,compatible,eta,2.14802457877993e-12,4.42665607298379e-12,1.65478801062965e-06
constant,0.1,901,1,divergence,u,6.92016197821817e-17,1.15210212024753e-16,2.97770779043133e-08
constant,0.1,901,1,divergence,v,6.10971562295216e-17,9.81421951826797e-17,7.34811547662929e-09
constant,0.1,901,1,divergence,w,3.57504085842038e-17,1.00674947978857e-16,2.59697361548375e-06
constant,0.1,901,1,divergence,eta,8.67337326308238e-18,3.40612925391289e-17,1.90924912977401e-07
constant,0.1,901,1,advective,u,1.78945981566093e-19,1.3774476258029e-18,2.97770779043133e-08
constant,0.1,901,1,advective,v,7.89782033794983e-20,5.40331746912501e-19,7.34811547662929e-09
constant,0.1,901,1,advective,w,9.52170275713132e-18,8.402336384244e-17,2.59697361548375e-06
constant,0.1,901,1,advective,eta,1.91386199881777e-18,8.2347815213124e-18,1.90924912977401e-07
constant,0.1,901,1,split,u,3.46016728520457e-17,5.82371017788692e-17,2.97770779043133e-08
constant,0.1,901,1,split,v,3.05494420496512e-17,4.90843685668949e-17,7.34811547662929e-09
constant,0.1,901,1,split,w,1.96949807621269e-17,8.40233754229686e-17,2.59697361548375e-06
constant,0.1,901,1,split,eta,5.02834925829896e-18,2.11480370302206e-17,1.90924912977401e-07
constant,0.1,901,1,compatible,u,8.81492691385845e-13,1.95149004533632e-12,2.97770779043133e-08
constant,0.1,901,1,compatible,v,6.00225019263397e-13,1.51776275397725e-12,7.34811547662929e-09
constant,0.1,901,1,compatible,w,5.99777223526226e-15,1.41923293628713e-14,2.59697361548375e-06
constant,0.1,901,1,compatible,eta,1.85155230948231e-11,4.57260644010378e-11,1.90924912977401e-07
constant,0.1,901,2,divergence,u,6.88412691831613e-17,1.14842507081416e-16,2.97568870351794e-08
constant,0.1,901,2,divergence,v,6.06942379342031e-17,9.7947352996188e-17,7.34316456748863e-09
constant,0.1,901,2,divergence,w,3.48665043617524e-17,1.02362237609788e-16,1.86395671827069e-06
constant,0.1,901,2,divergence,eta,9.286073748498e-19,8.19639703216749e-18,1.93790773633807e-07
constant,0.1,901,2,advective,u,1.32740945966477e-19,1.419441931141e-18,2.97568870351794e-08
constant,0.1,901,2,advective,v,5.04578419423144e-20,5.62290083453334e-19,7.34316456748863e-09
constant,0.1,901,2,advective,w,7.0763214593247e-18,8.6606431346942e-17,1.86395671827069e-06
constant,0.1,901,2,advective,eta,9.28680643323419e-19,8.23504621910842e-18,1.93790773633807e-07
constant,0.1,901,2,split,u,3.44212609498587e-17,5.80746567414536e-17,2.97568870351794e-08
constant,0.1,901,2,split,v,3.03477775210724e-17,4.90002728363294e-17,7.34316456748863e-09
constant,0.1,901,2,split,w,1.84835319833004e-17,8.6606431346942e-17,1.86395671827069e-06
constant,0.1,901,2,split,eta,9.28639897198534e-19,8.20958229113159e-18,1.93790773633807e-07
constant,0.1,901,2,compatible,u,2.02085730428272e-13,4.40820938953789e-13,2.97568870351794e-08
constant,0.1,901,2,compatible,v,1.3648270161817e-13,3.40319348168028e-13,7.34316456748863e-09
constant,0.1,901,2,compatible,w,1.36962185398286e-15,3.27224810701043e-15,1.86395671827069e-06
constant,0.1,901,2,compatible,eta,4.20408870611606e-12,1.0295138471963e-11,1.93790773633807e-07
constant,0.1,901,3,divergence,u,1.35951556259468e-19,1.58923233239608e-18,2.97568870351804e-08
constant,0.1,901,3,divergence,v,4.85651520187408e-20,6.10038257132345e-19,7.34316456748859e-09
constant,0.1,901,3,divergence,w,6.98739020764094e-18,8.6606431346942e-17,1.86395903790046e-06
constant,0.1,901,3,divergence,eta,9.26209740493423e-19,9.96248719697231e-18,1.93790773633807e-07
constant,0.1,901,3,advective,u,1.36310436096913e-19,1.5911712437519e-18,2.97568870351804e-08
constant,0.1,901,3,advective,v,4.86202050671899e-20,6.10291374399786e-19,7.34316456748859e-09
constant,0.1,901,3,advective,w,6.98738150918328e-18,8.6606431346942e-17,1.86395903790046e-06
constant,0.1,901,3,advective,eta,9.26700756848628e-19,1.00272058080985e-17,1.93790773633807e-07
constant,0.1,901,3,split,u,1.3613083036431e-19,1.59019847935154e-18,2.97568870351804e-08
constant,0.1,901,3,split,v,4.85926066858206e-20,6.10164815766066e-19,7.34316456748859e-09
constant,0.1,901,3,split,w,6.98738902041404e-18,8.6606431346942e-17,1.86395903790046e-06
constant,0.1,901,3,split,eta,9.26449631040743e-19,9.99485973742519e-18,1.93790773633807e-07
constant,0.1,901,3,compatible,u,2.02085727490387e-13,4.40840140270879e-13,2.97568870351804e-08
constant,0.1,901,3,compatible,v,1.36482698246831e-13,3.40322469874868e-13,7.34316456748859e-09
constant,0.1,901,3,compatible,w,1.36951489400991e-15,3.24916533712725e-15,1.86395903790046e-06
constant,0.1,901,3,compatible,eta,4.20408870631892e-12,1.02951384722277e-11,1.93790773633807e-07
constant,0.1,901,4,divergence,u,1.03133037816549e-19,1.66850932230316e-18,2.97463201982127e-08
constant,0.1,901,4,divergence,v,3.7375028144503e-20,6.4801908213833e-19,7.34057353102859e-09
constant,0.1,901,4,divergence,w,5.01203100211372e-18,8.51798938605065e-17,1.32812284447524e-06
constant,0.1,901,4,divergence,eta,6.55762935943011e-19,1.00763601888188e-17,1.95273085670328e-07
constant,0.1,901,4,advective,u,1.02767915605522e-19,1.66459179492211e-18,2.97463201982127e-08
constant,0.1,901,4,advective,v,3.72937271838932e-20,6.47972760024027e-19,7.34057353102859e-09
constant,0.1,901,4,advective,w,5.01203826774506e-18,8.51798938605065e-17,1.32812284447524e-06
constant,0.1,901,4,advective,eta,6.60887489839399e-19,1.00270734592005e-17,1.95273085670328e-07
constant,0.1,901,4,split,u,1.02949260807325e-19,1.66655055861264e-18,2.97463201982127e-08
constant,0.1,901,4,split,v,3.7333622530572e-20,6.47995921081178e-19,7.34057353102859e-09
constant,0.1,901,4,split,w,5.01203463153026e-18,8.51798938605065e-17,1.32812284447524e-06
constant,0.1,901,4,split,eta,6.58228103014896e-19,1.00517168240096e-17,1.95273085670328e-07
constant,0.1,901,4,compatible,u,4.85624305548059e-14,1.05128914083838e-13,2.97463201982127e-08
constant,0.1,901,4,compatible,v,3.27046197524411e-14,8.09495226282334e-14,7.34057353102859e-09
constant,0.1,901,4,compatible,w,3.28665434469817e-16,7.73686713919433e-16,1.32812284447524e-06
constant,0.1,901,4,compatible,eta,1.00684185806313e-12,2.44259630835356e-12,1.95273085670328e-07
constant,0.1,901,5,divergence,u,3.30551382660176e-20,9.46453439438274e-19,2.97409124577424e-08
constant,0.1,901,5,divergence,v,2.14292102317402e-20,5.30313762513872e-19,7.33924753074473e-09
constant,0.1,901,5,divergence,w,3.04408831506922e-18,7.91608620208859e-17,9.78206055612507e-07
constant,0.1,901,5,divergence,eta,4.82788302121867e-19,1.05865105967211e-17,1.96027143491025e-07
constant,0.1,901,5,advective,u,3.09317541850946e-20,8.71557198055273e-19,2.97409124577424e-08
constant,0.1,901,5,advective,v,2.20179078095332e-20,5.25583943771293e-19,7.33924753074473e-09
constant,0.1,901,5,advective,w,3.04414990828919e-18,7.9160870292692e-17,9.78206055612507e-07
constant,0.1,901,5,advective,eta,4.74850475992547e-19,1.0965584310397e-17,1.96027143491025e-07
constant,0.1,901,5,split,u,3.1915579720161e-20,9.06735535145928e-19,2.97409124577424e-08
constant,0.1,901,5,split,v,2.1704639959071e-20,5.2794802596197e-19,7.33924753074473e-09
constant,0.1,901,5,split,w,3.04411821927823e-18,7.91608661567889e-17,9.78206055612507e-07
constant,0.1,901,5,split,eta,4.77783334041011e-19,1.0323480396819e-17,1.96027143491025e-07
constant,0.1,901,5,compatible,u,1.19137626965852e-14,2.56912045454539e-14,2.97409124577424e-08
constant,0.1,901,5,compatible,v,8.01361720556168e-15,1.97644971914957e-14,7.33924753074473e-09
constant,0.1,901,5,compatible,w,8.06312150053215e-17,1.88972603441313e-16,9.78206055612507e-07
constant,0.1,901,5,compatible,eta,2.46646141252178e-13,5.95844693112453e-13,1.96027143491025e-07
constant,0.1,901,6,divergence,u,3.26416926014619e-20,1.01025884316816e-18,2.97409124577424e-08
constant,0.1,901,6,divergence,v,2.14375505983257e-20,5.31614090436805e-19,7.33924753074473e-09
constant,0.1,901,6,divergence,w,7.56503581424099e-09,5.14603232907933e-07,9.78203170824628e-07
constant,0.1,901,6,divergence,eta,4.81638282113624e-19,1.22874338185078e-17,1.96027143491024e-07
constant,0.1,901,6,advective,u,3.08293051466268e-20,9.38532357892466e-19,2.97409124577424e-08
constant,0.1,901,6,advective,v,2.20409577691965e-20,5.25603796105995e-19,7.33924753074473e-09
constant,0.1,901,6,advective,w,7.565035814241e-09,5.14603232907935e-07,9.78203170824628e-07
constant,0.1,901,6,advective,eta,4.74643991629161e-19,1.15472130493912e-17,1.96027143491024e-07
constant,0.1,901,6,split,u,3.16495047600532e-20,9.74392291807865e-19,2.97409124577424e-08
constant,0.1,901,6,split,v,2.17163582774603e-20,5.28608116090787e-19,7.33924753074473e-09
constant,0.1,901,6,split,w,7.56503581424099e-09,5.14603232907934e-07,9.78203170824628e-07
constant,0.1,901,6,split,eta,4.76875321203011e-19,1.14095900477971e-17,1.96027143491024e-07
constant,0.1,901,6,compatible,u,1.19137626876661e-14,2.60213722840562e-14,2.97409124577424e-08
constant,0.1,901,6,compatible,v,8.01361720571605e-15,1.98933320047845e-14,7.33924753074473e-09
constant,0.1,901,6,compatible,w,7.56503581424273e-09,5.14603232907934e-07,9.78203170824628e-07
constant,0.1,901,6,compatible,eta,2.46646141268518e-13,5.95848118566632e-13,1.96027143491024e-07
constant,0.1,901,7,divergence,u,6.89346748778781e-24,3.97046694025453e-23,2.97381766502989e-08
constant,0.1,901,7,divergence,v,1.97537222915381e-24,1.32348898008484e-23,7.33857670005126e-09
constant,0.1,901,7,divergence,w,2.1449410234747e-22,1.35525271560688e-20,8.70869856796026e-07
constant,0.1,901,7,divergence,eta,4.77316872428894e-23,5.29395592033938e-22,1.96407470942034e-07
constant,0.1,901,7,advective,u,1.89445660599367e-20,6.56993164603918e-19,2.97381766502989e-08
constant,0.1,901,7,advective,v,7.84448309945499e-21,3.83601700349016e-19,7.33857670005126e-09
constant,0.1,901,7,advective,w,1.19461391146064e-21,5.0821976835258e-20,8.70869856796026e-07
constant,0.1,901,7,advective,eta,3.59032266693911e-19,1.09658754779726e-17,1.96407470942034e-07
constant,0.1,901,7,split,u,9.47230005981431e-21,3.28503199746859e-19,2.97381766502989e-08
constant,0.1,901,7,split,v,3.92224764185736e-21,1.91801677355121e-19,7.33857670005126e-09
constant,0.1,901,7,split,w,6.26606005270989e-22,2.71050543121376e-20,8.70869856796026e-07
constant,0.1,901,7,split,eta,1.79516197956867e-19,5.48292533127712e-18,1.96407470942034e-07
constant,0.1,901,7,compatible,u,2.9511425364395e-15,6.35151859561382e-15,2.97381766502989e-08
constant,0.1,901,7,compatible,v,1.98391674177301e-15,4.88385745486195e-15,7.33857670005126e-09
constant,0.1,901,7,compatible,w,1.99520661560408e-17,4.67184746438817e-17,8.70869856796026e-07
constant,0.1,901,7,compatible,eta,6.10546815517477e-14,1.47172394713777e-13,1.96407470942034e-07
constant,0.4,327,1,divergence,u,1.54090879170063e-13,2.32699693466449e-13,4.70728938209598e-07
constant,0.4,327,1,divergence,v,5.08800421273478e-15,1.01695941905841e-14,1.16980956077315e-07
constant,0.4,327,1,divergence,w,1.00808087904671e-15,2.16582936481136e-15,1.01620643505111e-05
constant,0.4,327,1,divergence,eta,1.27089500189361e-16,5.02632183167119e-16,3.39659184201126e-06
constant,0.4,327,1,advective,u,8.74395556000886e-17,1.90040841441567e-16,4.70728938209598e-07
constant,0.4,327,1,advective,v,2.33177099912834e-18,7.30801498045289e-18,1.16980956077315e-07
constant,0.4,327,1,advective,w,1.48325798817152e-16,1.35581874537388e-15,1.01620643505111e-05
constant,0.4,327,1,advective,eta,3.55893465936067e-17,1.85248620193578e-16,3.39659184201126e-06
constant,0.4,327,1,split,u,7.70502215982447e-14,1.16444495253542e-13,4.70728938209598e-07
constant,0.4,327,1,split,v,2.54410887036267e-15,5.08612863108511e-15,1.16980956077315e-07
constant,0.4,327,1,split,w,5.20351202031738e-16,1.35582953180907e-15,1.01620643505111e-05
constant,0.4,327,1,split,eta,7.66452178795773e-17,3.43940348740789e-16,3.39659184201126e-06
constant,0.4,327,1,compatible,u,1.41789872704894e-11,3.18602251973194e-11,4.70728938209598e-07
constant,0.4,327,1,compatible,v,9.65749664972984e-12,2.4604265195952e-11,1.16980956077315e-07
constant,0.4,327,1,compatible,w,9.64997588243554e-14,2.28844722360376e-13,1.01620643505111e-05
constant,0.4,327,1,compatible,eta,2.97775882275525e-10,7.20078473748956e-10,3.39659184201126e-06
constant,0.4,327,2,divergence,u,1.53675089153349e-13,2.32698706778945e-13,4.70443359839135e-07
constant,0.4,327,2,divergence,v,5.05486383065664e-15,1.01669532212639e-14,1.16920125759231e-07
constant,0.4,327,2,divergence,w,9.95145806637487e-16,2.18384067340177e-15,7.29414350523576e-06
constant,0.4,327,2,divergence,eta,2.03332628270548e-17,1.86088029844307e-16,3.44761052028961e-06
constant,0.4,327,2,advective,u,8.71986903902339e-17,1.90040841441567e-16,4.70443359839135e-07
constant,0.4,327,2,advective,v,2.18150649785413e-18,7.54706356003582e-18,1.16920125759231e-07
constant,0.4,327,2,advective,w,1.08646412267034e-16,1.37759475807282e-15,7.29414350523576e-06
constant,0.4,327,2,advective,eta,2.03181669079513e-17,1.85248620193578e-16,3.44761052028961e-06
constant,0.4,327,2,split,u,7.68423261973957e-14,1.16444280742448e-13,4.70443359839135e-07
constant,0.4,327,2,split,v,2.52753893742506e-15,5.08469905122838e-15,1.16920125759231e-07
constant,0.4,327,2,split,w,5.06522891460177e-16,1.3775947845426e-15,7.29414350523576e-06
constant,0.4,327,2,split,eta,2.03255774705862e-17,1.85668219139824e-16,3.44761052028961e-06
constant,0.4,327,2,compatible,u,3.25144941342657e-12,7.24483360093008e-12,4.70443359839135e-07
constant,0.4,327,2,compatible,v,2.19593578396992e-12,5.51682887869003e-12,1.16920125759231e-07
constant,0.4,327,2,compatible,w,2.20399404502692e-14,5.2076724730777e-14,7.29414350523576e-06
constant,0.4,327,2,compatible,eta,6.76178846061147e-11,1.62553477683826e-10,3.44761052028961e-06
constant,0.4,327,3,divergence,u,9.43482667651129e-19,1.43364561487527e-17,4.7044335983908e-07
constant,0.4,327,3,divergence,v,4.61591025986711e-19,5.80356535212105e-18,1.16920125759234e-07
constant,0.4,327,3,divergence,w,1.07605193322078e-16,1.49539571962842e-15,7.2941299772665e-06
constant,0.4,327,3,divergence,eta,2.03857279919555e-17,2.12001414678776e-16,3.44761052028948e-06
constant,0.4,327,3,advective,u,9.46348309603313e-19,1.43506439506192e-17,4.7044335983908e-07
constant,0.4,327,3,advective,v,4.61234969452635e-19,5.79734495391465e-18,1.16920125759234e-07
constant,0.4,327,3,advective,w,1.07605111433085e-16,1.49539571962842e-15,7.2941299772665e-06
constant,0.4,327,3,advective,eta,2.03861715900484e-17,2.11031456075051e-16,3.44761052028948e-06
constant,0.4,327,3,split,u,9.44912770673624e-19,1.43434441705675e-17,4.7044335983908e-07
constant,0.4,327,3,split,v,4.61407396387452e-19,5.80045515301785e-18,1.16920125759234e-07
constant,0.4,327,3,split,w,1.07605158822241e-16,1.49539571962842e-15,7.2941299772665e-06
constant,0.4,327,3,split,eta,2.03857057005561e-17,2.11516382437354e-16,3.44761052028948e-06
constant,0.4,327,3,compatible,u,3.25054126962405e-12,7.19605108948467e-12,4.7044335983908e-07
constant,0.4,327,3,compatible,v,2.19593432933625e-12,5.51681087776752e-12,1.16920125759234e-07
constant,0.4,327,3,compatible,w,2.2034376494576e-14,5.21960207220281e-14,7.2941299772665e-06
constant,0.4,327,3,compatible,eta,6.76178846161871e-11,1.62553477680438e-10,3.44761052028948e-06
constant,0.4,327,4,divergence,u,8.20940948177429e-19,1.58256459491441e-17,4.70293911305928e-07
constant,0.4,327,4,divergence,v,3.99431466748221e-19,6.66464051745405e-18,1.16888294213281e-07
constant,0.4,327,4,divergence,w,7.74561443532566e-17,1.4811141220979e-15,5.37950311893992e-06
constant,0.4,327,4,divergence,eta,1.44540663951305e-17,2.10541976910657e-16,3.4739987663523e-06
constant,0.4,327,4,advective,u,8.18487519339863e-19,1.56921323808332e-17,4.70293911305928e-07
constant,0.4,327,4,advective,v,3.99707946427811e-19,6.65971713844813e-18,1.16888294213281e-07
constant,0.4,327,4,advective,w,7.7456183084396e-17,1.48111413533279e-15,5.37950311893992e-06
constant,0.4,327,4,advective,eta,1.45385862608039e-17,2.11029020855328e-16,3.4739987663523e-06
constant,0.4,327,4,split,u,8.19703234864163e-19,1.57588362254294e-17,4.70293911305928e-07
constant,0.4,327,4,split,v,3.99561094772799e-19,6.66217882795109e-18,1.16888294213281e-07
constant,0.4,327,4,split,w,7.74561666777567e-17,1.4811141220979e-15,5.37950311893992e-06
constant,0.4,327,4,split,eta,1.44958090273978e-17,2.10785710641229e-16,3.4739987663523e-06
constant,0.4,327,4,compatible,u,7.81124866319768e-13,1.71607110320576e-12,4.70293911305928e-07
constant,0.4,327,4,compatible,v,5.26196401471371e-13,1.31221103137138e-12,1.16888294213281e-07
constant,0.4,327,4,compatible,w,5.28790601202975e-15,1.24291097205533e-14,5.37950311893992e-06
constant,0.4,327,4,compatible,eta,1.61943316964249e-11,3.85787317068396e-11,3.4739987663523e-06
constant,0.4,327,5,divergence,u,9.32011152628127e-19,2.2683754085707e-17,4.70217430898088e-07
constant,0.4,327,5,divergence,v,4.09775646129133e-19,1.0373109579211e-17,1.16872004953524e-07
constant,0.4,327,5,divergence,w,5.29233004315183e-17,1.29833616466256e-15,4.79331920960672e-06
constant,0.4,327,5,divergence,eta,1.03705893564368e-17,2.31603345265016e-16,3.48742251816464e-06
constant,0.4,327,5,advective,u,9.195712250729e-19,2.19295771252954e-17,4.70217430898088e-07
constant,0.4,327,5,advective,v,4.07581633373011e-19,1.04070173668808e-17,1.16872004953524e-07
constant,0.4,327,5,advective,w,5.29238749074007e-17,1.29833386179174e-15,4.79331920960672e-06
constant,0.4,327,5,advective,eta,1.02545255563252e-17,2.11031879591525e-16,3.48742251816464e-06
constant,0.4,327,5,split,u,9.25648390781005e-19,2.23067185450604e-17,4.70217430898088e-07
constant,0.4,327,5,split,v,4.08472175538982e-19,1.03900767079357e-17,1.16872004953524e-07
constant,0.4,327,5,split,w,5.29235870647582e-17,1.29833501322715e-15,4.79331920960672e-06
constant,0.4,327,5,split,eta,1.0288651613645e-17,2.21317506549152e-16,3.48742251816464e-06
constant,0.4,327,5,compatible,u,1.91632423097882e-13,4.19378819959041e-13,4.70217430898088e-07
constant,0.4,327,5,compatible,v,1.28933594762068e-13,3.20407546007641e-13,1.16872004953524e-07
constant,0.4,327,5,compatible,w,1.29745698953901e-15,3.03875965290496e-15,4.79331920960672e-06
constant,0.4,327,5,compatible,eta,3.96717342793339e-12,9.4090435228143e-12,3.48742251816464e-06
constant,0.4,327,6,divergence,u,9.31108427670595e-19,2.21304298129131e-17,4.70217430898088e-07
constant,0.4,327,6,divergence,v,4.11406146791046e-19,1.0482297420068e-17,1.16872004953524e-07
constant,0.4,327,6,divergence,w,4.03756580103449e-08,2.0729781210405e-06,4.79330512245989e-06
constant,0.4,327,6,divergence,eta,1.04056392830409e-17,2.49264134416501e-16,3.48742251816464e-06
constant,0.4,327,6,advective,u,9.21373245656332e-19,2.14458154332948e-17,4.70217430898088e-07
constant,0.4,327,6,advective,v,4.08827564166556e-19,1.06200196833356e-17,1.16872004953524e-07
constant,0.4,327,6,advective,w,4.0375658010345e-08,2.07297812104052e-06,4.79330512245989e-06
constant,0.4,327,6,advective,eta,1.02528065888932e-17,2.21660071819313e-16,3.48742251816464e-06
constant,0.4,327,6,split,u,9.26060248983723e-19,2.17880167439856e-17,4.70217430898088e-07
constant,0.4,327,6,split,v,4.09882855955688e-19,1.05511717865916e-17,1.16872004953524e-07
constant,0.4,327,6,split,w,4.0375658010345e-08,2.07297812104051e-06,4.79330512245989e-06
constant,0.4,327,6,split,eta,1.03038416050275e-17,2.35462050178348e-16,3.48742251816464e-06
constant,0.4,327,6,compatible,u,1.91632423101915e-13,4.19378641658606e-13,4.70217430898088e-07
constant,0.4,327,6,compatible,v,1.28933594763909e-13,3.20407234987731e-13,1.16872004953524e-07
constant,0.4,327,6,compatible,w,4.03756580102013e-08,2.07297812092008e-06,4.79330512245989e-06
constant,0.4,327,6,compatible,eta,3.96717342765207e-12,9.43590050828124e-12,3.48742251816464e-06
constant,0.4,327,7,divergence,u,1.14966494771515e-22,7.41153828847513e-22,4.70178739572452e-07
constant,0.4,327,7,divergence,v,3.07933092951087e-23,1.58818677610181e-22,1.1686376438541e-07
constant,0.4,327,7,divergence,w,1.13869735316303e-21,5.42101086242752e-20,4.43325108419975e-06
constant,0.4,327,7,divergence,eta,8.48571316421029e-22,6.7762635780344e-21,3.49419310207981e-06
constant,0.4,327,7,advective,u,1.63503089170023e-19,5.4019526211143e-18,4.70178739572452e-07
constant,0.4,327,7,advective,v,8.10481720545899e-20,4.93886382698261e-18,1.1686376438541e-07
constant,0.4,327,7,advective,w,1.33436532400909e-20,6.21722183284656e-19,4.43325108419975e-06
constant,0.4,327,7,advective,eta,7.85931799890745e-18,2.11031879591525e-16,3.49419310207981e-06
constant,0.4,327,7,split,u,8.17515814163526e-20,2.70097631055715e-18,4.70178739572452e-07
constant,0.4,327,7,split,v,4.05240855947333e-20,2.46944514838111e-18,1.1686376438541e-07
constant,0.4,327,7,split,w,6.75012640478583e-21,3.150962563786e-19,4.43325108419975e-06
constant,0.4,327,7,split,eta,3.92965914571081e-18,1.05515820681754e-16,3.49419310207981e-06
constant,0.4,327,7,compatible,u,4.7468998168354e-14,1.03680827880701e-13,4.70178739572452e-07
constant,0.4,327,7,compatible,v,3.19198135910517e-14,7.91715177615368e-14,1.1686376438541e-07
constant,0.4,327,7,compatible,w,3.21011221617953e-16,7.50675197167423e-16,4.43325108419975e-06
constant,0.4,327,7,compatible,eta,9.82037747469495e-13,2.32456427171009e-12,3.49419310207981e-06
constant,0.4,901,1,divergence,u,1.07352730316747e-14,1.45402030950115e-14,4.36220787350466e-07
constant,0.4,901,1,divergence,v,3.4073370672476e-15,5.33946903876838e-15,1.11783961654442e-07
constant,0.4,901,1,divergence,w,5.61998636107383e-15,1.0125059348887e-14,1.02859327811493e-05
constant,0.4,901,1,divergence,eta,2.50772477346477e-17,1.01882393445168e-16,6.95060541570671e-07
constant,0.4,901,1,advective,u,6.38029119247531e-18,2.73992923821901e-17,4.36220787350466e-07
constant,0.4,901,1,advective,v,2.14367218896258e-18,1.13926725499091e-17,1.11783961654442e-07
constant,0.4,901,1,advective,w,1.53798626620553e-16,1.35737196557113e-15,1.02859327811493e-05
constant,0.4,901,1,advective,eta,5.57369170802171e-18,5.46126610324578e-17,6.95060541570671e-07
constant,0.4,901,1,split,u,5.36801337603616e-15,7.27301939072061e-15,4.36220787350466e-07
constant,0.4,901,1,split,v,1.70379442711101e-15,2.67205685873243e-15,1.11783961654442e-07
constant,0.4,901,1,split,w,2.81332101043586e-15,5.3669424531509e-15,1.02859327811493e-05
constant,0.4,901,1,split,eta,1.40764667462961e-17,6.76500201030286e-17,6.95060541570671e-07
constant,0.4,901,1,compatible,u,7.03949157295088e-13,1.54717529696258e-12,4.36220787350466e-07
constant,0.4,901,1,compatible,v,6.11272903651551e-13,1.49743112564141e-12,1.11783961654442e-07
constant,0.4,901,1,compatible,w,5.55629060907372e-15,1.50699085621378e-14,1.02859327811493e-05
constant,0.4,901,1,compatible,eta,2.24929745216818e-11,6.53662286393372e-11,6.95060541570671e-07
constant,0.4,901,2,divergence,u,1.07251894660606e-14,1.45405406111712e-14,4.36204870653508e-07
constant,0.4,901,2,divergence,v,3.39649863069694e-15,5.33950667879497e-15,1.11779029384903e-07
constant,0.4,901,2,divergence,w,5.58550472604162e-15,1.01542279011901e-14,7.38269220758679e-06
constant,0.4,901,2,divergence,eta,3.0051072597087e-18,5.33944158960693e-17,7.0538042069492e-07
constant,0.4,901,2,advective,u,6.19902994153435e-18,2.8121811486198e-17,4.36204870653508e-07
constant,0.4,901,2,advective,v,2.05461328132892e-18,1.17688213529391e-17,1.11779029384903e-07
constant,0.4,901,2,advective,w,1.13885497552214e-16,1.39208203902574e-15,7.38269220758679e-06
constant,0.4,901,2,advective,eta,3.05833512470373e-18,5.46126610324578e-17,7.0538042069492e-07
constant,0.4,901,2,split,u,5.36297321787129e-15,7.27331709633179e-15,4.36204870653508e-07
constant,0.4,901,2,split,v,1.6983726721794e-15,2.67209354584696e-15,1.11779029384903e-07
constant,0.4,901,2,split,w,2.79474972177112e-15,5.39611099221911e-15,7.38269220758679e-06
constant,0.4,901,2,split,eta,3.0312816268351e-18,5.40030090686715e-17,7.0538042069492e-07
constant,0.4,901,2,compatible,u,1.61467594605975e-13,3.53346631091203e-13,4.36204870653508e-07
constant,0.4,901,2,compatible,v,1.37318040441797e-13,3.333870769002e-13,1.11779029384903e-07
constant,0.4,901,2,compatible,w,3.00136737184815e-15,6.62739003668066e-15,7.38269220758679e-06
constant,0.4,901,2,compatible,eta,5.06207585966132e-12,1.44046628506612e-11,7.0538042069492e-07
constant,0.4,901,3,divergence,u,1.78935588093658e-18,2.34756240122713e-17,4.36204870653575e-07
constant,0.4,901,3,divergence,v,6.89680954559676e-19,8.59231545183742e-18,1.11779029384907e-07
constant,0.4,901,3,divergence,w,1.14615761879517e-16,1.46354604996691e-15,7.38272334271644e-06
constant,0.4,901,3,divergence,eta,4.49214985949881e-18,9.85872367570019e-17,7.05380420694948e-07
constant,0.4,901,3,advective,u,1.79343819293371e-18,2.35421160986308e-17,4.36204870653575e-07
constant,0.4,901,3,advective,v,6.89989590822011e-19,8.59310954522547e-18,1.11779029384907e-07
constant,0.4,901,3,advective,w,1.14615679068577e-16,1.46354604996691e-15,7.38272334271644e-06
constant,0.4,901,3,advective,eta,4.54580117183178e-18,1.00667761433695e-16,7.05380420694948e-07
constant,0.4,901,3,split,u,1.79139553044172e-18,2.35088700554511e-17,4.36204870653575e-07
constant,0.4,901,3,split,v,6.89834273783219e-19,8.59271249853145e-18,1.11779029384907e-07
constant,0.4,901,3,split,w,1.14615725525736e-16,1.46354604996691e-15,7.38272334271644e-06
constant,0.4,901,3,split,eta,4.51869358768345e-18,9.9627604974467e-17,7.05380420694948e-07
constant,0.4,901,3,compatible,u,1.61378507362467e-13,3.48810260168338e-13,4.36204870653575e-07
constant,0.4,901,3,compatible,v,1.37307537231515e-13,3.32309919153321e-13,1.11779029384907e-07
constant,0.4,901,3,compatible,w,1.10033251345392e-15,2.64186113670572e-15,7.38272334271644e-06
constant,0.4,901,3,compatible,eta,5.0620758597884e-12,1.44046628498142e-11,7.05380420694948e-07
constant,0.4,901,4,divergence,u,1.3920040751661e-18,2.46303416776158e-17,4.3619654476531e-07
constant,0.4,901,4,divergence,v,5.45090114004948e-19,9.23420760717857e-18,1.11776449341826e-07
constant,0.4,901,4,divergence,w,8.24067825108349e-17,1.44381330572988e-15,5.45177826254239e-06
constant,0.4,901,4,divergence,eta,3.23292592710808e-18,9.51300717827835e-17,7.10718822826883e-07
constant,0.4,901,4,advective,u,1.393089826226e-18,2.4811818486565e-17,4.3619654476531e-07
constant,0.4,901,4,advective,v,5.45093460894754e-19,9.24114268943422e-18,1.11776449341826e-07
constant,0.4,901,4,advective,w,8.24067869093598e-17,1.44381330572988e-15,5.45177826254239e-06
constant,0.4,901,4,advective,eta,3.25833539606281e-18,1.00671573081958e-16,7.10718822826883e-07
constant,0.4,901,4,split,u,1.39253132771152e-18,2.47210800820904e-17,4.3619654476531e-07
constant,0.4,901,4,split,v,5.45085272178369e-19,9.2376751483064e-18,1.11776449341826e-07
constant,0.4,901,4,split,w,8.24067914995433e-17,1.44381330572988e-15,5.45177826254239e-06
constant,0.4,901,4,split,eta,3.24348208045227e-18,9.79007165532523e-17,7.10718822826883e-07
constant,0.4,901,4,compatible,u,3.87802272027362e-14,8.31823124962754e-14,4.3619654476531e-07
constant,0.4,901,4,compatible,v,3.27612089907962e-14,7.88201686029627e-14,1.11776449341826e-07
constant,0.4,901,4,compatible,w,2.75246639234547e-16,1.44381330572988e-15,5.45177826254239e-06
constant,0.4,901,4,compatible,eta,1.20848458969981e-12,3.40592864644131e-12,7.10718822826883e-07
constant,0.4,901,5,divergence,u,6.28597854991017e-19,1.6965117021438e-17,4.36192284947125e-07
constant,0.4,901,5,divergence,v,3.19433933754345e-19,9.20785694158508e-18,1.11775129296773e-07
constant,0.4,901,5,divergence,w,5.10254842634356e-17,1.24666914011352e-15,4.86028818429804e-06
constant,0.4,901,5,divergence,eta,2.07991191153459e-18,8.03413132750868e-17,7.13434651739802e-07
constant,0.4,901,5,advective,u,6.03893577411178e-19,1.58769973215714e-17,4.36192284947125e-07
constant,0.4,901,5,advective,v,3.19500202297902e-19,9.14366772605097e-18,1.11775129296773e-07
constant,0.4,901,5,advective,w,5.10259868035808e-17,1.24666962980444e-15,4.86028818429804e-06
constant,0.4,901,5,advective,eta,2.16246904959863e-18,1.00666292360927e-16,7.13434651739802e-07
constant,0.4,901,5,split,u,6.16032162856786e-19,1.64210042319455e-17,4.36192284947125e-07
constant,0.4,901,5,split,v,3.19331667954945e-19,9.17577556870783e-18,1.11775129296773e-07
constant,0.4,901,5,split,w,5.10257338681931e-17,1.24666937834153e-15,4.86028818429804e-06
constant,0.4,901,5,split,eta,2.08564864808773e-18,8.43981775759613e-17,7.13434651739802e-07
constant,0.4,901,5,compatible,u,9.51390783622354e-15,2.08158462725379e-14,4.36192284947125e-07
constant,0.4,901,5,compatible,v,8.01262607754443e-15,1.93977096290948e-14,1.11775129296773e-07
constant,0.4,901,5,compatible,w,8.21761384772429e-17,1.24666937834153e-15,4.86028818429804e-06
constant,0.4,901,5,compatible,eta,2.95636190966414e-13,8.29251578251153e-13,7.13434651739802e-07
constant,0.4,901,6,divergence,u,6.32810398876144e-19,1.6460708901348e-17,4.36192284947125e-07
constant,0.4,901,6,divergence,v,3.21162364620375e-19,8.66715875366122e-18,1.11775129296773e-07
constant,0.4,901,6,divergence,w,4.00243600189303e-08,2.14531651678849e-06,4.86027308734236e-06
constant,0.4,901,6,divergence,eta,2.12002293236119e-18,9.84598906473381e-17,7.13434651739802e-07
constant,0.4,901,6,advective,u,6.02626197421041e-19,1.60770029762418e-17,4.36192284947125e-07
constant,0.4,901,6,advective,v,3.21918765134746e-19,8.68359648679388e-18,1.11775129296773e-07
constant,0.4,901,6,advective,w,4.00243600189303e-08,2.14531651678848e-06,4.86027308734236e-06
constant,0.4,901,6,advective,eta,2.15486622885194e-18,1.15318559450108e-16,7.13434651739802e-07
constant,0.4,901,6,split,u,6.17385111384228e-19,1.62543504995732e-17,4.36192284947125e-07
constant,0.4,901,6,split,v,3.2134728618829e-19,8.66170597906327e-18,1.11775129296773e-07
constant,0.4,901,6,split,w,4.00243600189303e-08,2.14531651678849e-06,4.86027308734236e-06
constant,0.4,901,6,split,eta,2.08528391410023e-18,1.0011389453042e-16,7.13434651739802e-07
constant,0.4,901,6,compatible,u,9.51390796541327e-15,2.10095062210653e-14,4.36192284947125e-07
constant,0.4,901,6,compatible,v,8.01262608547105e-15,1.94997550896172e-14,1.11775129296773e-07
constant,0.4,901,6,compatible,w,4.00243600189229e-08,2.14531651678249e-06,4.86027308734236e-06
constant,0.4,901,6,compatible,eta,2.9563619054866e-13,8.29254538419545e-13,7.13434651739802e-07
constant,0.4,901,7,divergence,u,1.14326115329283e-22,6.35274710440725e-22,4.3619013015943e-07
constant,0.4,901,7,divergence,v,3.06823522614262e-23,1.65436122510606e-22,1.11774461563763e-07
constant,0.4,901,7,divergence,w,1.07705056686899e-21,4.74338450462408e-20,4.49631392241508e-06
constant,0.4,901,7,divergence,eta,1.74299758923972e-22,1.6940658945086e-21,7.14804487501779e-07
constant,0.4,901,7,advective,u,1.17583627815149e-19,5.34530729276667e-18,4.3619013015943e-07
constant,0.4,901,7,advective,v,4.38145938601796e-20,2.44924870654501e-18,1.11774461563763e-07
constant,0.4,901,7,advective,w,8.72714132205941e-21,4.98055372985529e-19,4.49631392241508e-06
constant,0.4,901,7,advective,eta,1.64240509704983e-18,1.00663539503849e-16,7.14804487501779e-07
constant,0.4,901,7,split,u,5.87921237207141e-20,2.67249482770572e-18,4.3619013015943e-07
constant,0.4,901,7,split,v,2.1907391405532e-20,1.22462435327251e-18,1.11774461563763e-07
constant,0.4,901,7,split,w,4.47310001298712e-21,2.57498015965307e-19,4.49631392241508e-06
constant,0.4,901,7,split,eta,8.21202833503311e-19,5.03322065032878e-17,7.14804487501779e-07
constant,0.4,901,7,compatible,u,2.35667946272816e-15,5.14619568137207e-15,4.3619013015943e-07
constant,0.4,901,7,compatible,v,1.98195739285823e-15,4.78918651422766e-15,1.11774461563763e-07
constant,0.4,901,7,compatible,w,1.59379703412756e-17,3.83710391881506e-17,4.49631392241508e-06
constant,0.4,901,7,compatible,eta,7.31346804207327e-14,2.04663798649674e-13,7.14804487501779e-07
exponential,0.0001,327,1,divergence,u,9.522211872223e-24,2.94915333872513e-23,1.44120241646645e-13
exponential,0.0001,327,1,divergence,v,8.22852618560155e-24,3.54352153439699e-23,7.48883244170899e-14
exponential,0.0001,327,1,divergence,w,4.37772899321018e-23,3.19291716445469e-22,2.70043314194075e-09
exponential,0.0001,327,1,divergence,eta,6.02919244078012e-22,1.91879426678146e-21,2.67523822775419e-12
exponential,0.0001,327,1,advective,u,3.79420510938728e-24,3.12411132790612e-23,1.44120241646645e-13
exponential,0.0001,327,1,advective,v,1.16147511549728e-24,9.35500681170735e-24,7.48883244170899e-14
exponential,0.0001,327,1,advective,w,4.38246261985367e-23,3.20946077670575e-22,2.70043314194075e-09
exponential,0.0001,327,1,advective,eta,1.0920782952646e-22,5.1428010832214e-22,2.67523822775419e-12
exponential,0.0001,327,1,split,u,5.23263427845889e-24,1.85881882560996e-23,1.44120241646645e-13
exponential,0.0001,327,1,split,v,4.29763631411992e-24,2.23951047669514e-23,7.48883244170899e-14
exponential,0.0001,327,1,split,w,4.37942970490552e-23,3.19291716445469e-22,2.70043314194075e-09
exponential,0.0001,327,1,split,eta,3.42184092650101e-22,1.21604153046783e-21,2.67523822775419e-12
exponential,0.0001,327,1,compatible,u,5.80598556554819e-17,1.07170659991102e-16,1.44120241646645e-13
exponential,0.0001,327,1,compatible,v,4.59788031517062e-17,1.0955876302974e-16,7.48883244170899e-14
exponential,0.0001,327,1,compatible,w,6.72544452924354e-19,1.78185944489856e-18,2.70043314194075e-09
exponential,0.0001,327,1,compatible,eta,2.6524093241362e-15,5.38627449001176e-15,2.67523822775419e-12
exponential,0.0001,327,2,divergence,u,2.66581910013121e-24,3.06511715397007e-23,1.4364233532565e-13
exponential,0.0001,327,2,divergence,v,8.09347062031701e-25,8.98352274510792e-24,7.44661902546528e-14
exponential,0.0001,327,2,divergence,w,3.05667032304877e-23,3.11019910319938e-22,1.93821047668486e-09
exponential,0.0001,327,2,divergence,eta,7.83059746916595e-23,5.13078414417112e-22,2.71546439930219e-12
exponential,0.0001,327,2,advective,u,2.65173426963639e-24,3.04610371288807e-23,1.4364233532565e-13
exponential,0.0001,327,2,advective,v,8.14772586125914e-25,9.17806215522266e-24,7.44661902546528e-14
exponential,0.0001,327,2,advective,w,3.05666385302322e-23,3.11019910319938e-22,1.93821047668486e-09
exponential,0.0001,327,2,advective,eta,7.83844313196162e-23,5.14280259783434e-22,2.71546439930219e-12
exponential,0.0001,327,2,split,u,2.65870741424282e-24,3.05561043342907e-23,1.4364233532565e-13
exponential,0.0001,327,2,split,v,8.11916041212211e-25,9.08078613927805e-24,7.44661902546528e-14
exponential,0.0001,327,2,split,w,3.05666709059165e-23,3.11019910319938e-22,1.93821047668486e-09
exponential,0.0001,327,2,split,eta,7.83451737001282e-23,5.13679362343822e-22,2.71546439930219e-12
exponential,0.0001,327,2,compatible,u,1.33196989792961e-17,2.42110064460557e-17,1.4364233532565e-13
exponential,0.0001,327,2,compatible,v,1.05516790798773e-17,2.47592360031678e-17,7.44661902546528e-14
exponential,0.0001,327,2,compatible,w,1.54461463068094e-19,4.06085084280573e-19,1.93821047668486e-09
exponential,0.0001,327,2,compatible,eta,6.0842560662116e-16,1.21962392162331e-15,2.71546439930219e-12
exponential,0.0001,327,3,divergence,u,2.65362842655988e-24,3.20604683914344e-23,1.43642335325654e-13
exponential,0.0001,327,3,divergence,v,8.09418066807798e-25,1.00760919433954e-23,7.44661902546521e-14
exponential,0.0001,327,3,divergence,w,3.0667856792432e-23,3.55096952519059e-22,1.93821047440183e-09
exponential,0.0001,327,3,divergence,eta,7.83188559926474e-23,6.31735060004562e-22,2.71546439930218e-12
exponential,0.0001,327,3,advective,u,2.63950681233643e-24,3.18322162216741e-23,1.43642335325654e-13
exponential,0.0001,327,3,advective,v,8.15359658066643e-25,1.01988765655712e-23,7.44661902546521e-14
exponential,0.0001,327,3,advective,w,3.06677932611071e-23,3.55094073176755e-22,1.93821047440183e-09
exponential,0.0001,327,3,advective,eta,7.83981017496855e-23,6.32321619108361e-22,2.71546439930218e-12
exponential,0.0001,327,3,split,u,2.64649712629294e-24,3.19463675501032e-23,1.43642335325654e-13
exponential,0.0001,327,3,split,v,8.12245385630753e-25,1.01374842544833e-23,7.44661902546521e-14
exponential,0.0001,327,3,split,w,3.06678250253292e-23,3.55095512847907e-22,1.93821047440183e-09
exponential,0.0001,327,3,split,eta,7.83584494017622e-23,6.32028289069364e-22,2.71546439930218e-12
exponential,0.0001,327,3,compatible,u,1.33196989792853e-17,2.95809873054679e-17,1.43642335325654e-13
exponential,0.0001,327,3,compatible,v,1.05516790799335e-17,2.72405713804789e-17,7.44661902546521e-14
exponential,0.0001,327,3,compatible,w,1.54461462267803e-19,4.57970957542621e-19,1.93821047440183e-09
exponential,0.0001,327,3,compatible,eta,6.08425606622745e-16,1.49882060465007e-15,2.71546439930218e-12
exponential,0.0001,327,4,divergence,u,1.6784459062724e-24,2.86794484169806e-23,1.43391719077767e-13
exponential,0.0001,327,4,divergence,v,5.27189006510659e-25,9.32835435716356e-24,7.42444255412958e-14
exponential,0.0001,327,4,divergence,w,1.96936461451627e-23,3.25794383661905e-22,1.38102411169274e-09
exponential,0.0001,327,4,divergence,eta,5.56699267571035e-23,6.29608745387968e-22,2.73627022373891e-12
exponential,0.0001,327,4,advective,u,1.67825976303087e-24,2.85559064883357e-23,1.43391719077767e-13
exponential,0.0001,327,4,advective,v,5.28978064077834e-25,9.33211564595965e-24,7.42444255412958e-14
exponential,0.0001,327,4,advective,w,1.96936172864608e-23,3.25793916656249e-22,1.38102411169274e-09
exponential,0.0001,327,4,advective,eta,5.59404206053165e-23,6.32322023005145e-22,2.73627022373891e-12
exponential,0.0001,327,4,split,u,1.67828431082277e-24,2.86176522091092e-23,1.43391719077767e-13
exponential,0.0001,327,4,split,v,5.27957269074265e-25,9.3302350015616e-24,7.42444255412958e-14
exponential,0.0001,327,4,split,w,1.96936317184757e-23,3.25794150159077e-22,1.38102411169274e-09
exponential,0.0001,327,4,split,eta,5.58049107434438e-23,6.30965333709458e-22,2.73627022373891e-12
exponential,0.0001,327,4,compatible,u,3.20164699748107e-18,7.05945873220651e-18,1.43391719077767e-13
exponential,0.0001,327,4,compatible,v,2.53660340747401e-18,6.50253662630691e-18,7.42444255412958e-14
exponential,0.0001,327,4,compatible,w,3.71433926659036e-20,1.09273910845039e-19,1.38102411169274e-09
exponential,0.0001,327,4,compatible,eta,1.46241864520612e-16,3.58105163563624e-16,2.73627022373891e-12
exponential,0.0001,327,5,divergence,u,6.98743508576096e-25,1.72866308713574e-23,1.43263327279176e-13
exponential,0.0001,327,5,divergence,v,2.69799459965872e-25,6.48737751437138e-24,7.41307079851425e-14
exponential,0.0001,327,5,divergence,w,9.34983292200329e-24,2.03400582900034e-22,9.80309363337182e-10
exponential,0.0001,327,5,divergence,eta,4.75499795793324e-23,7.35288244120411e-22,2.74685412469195e-12
exponential,0.0001,327,5,advective,u,7.13916583699087e-25,1.77489412271403e-23,1.43263327279176e-13
exponential,0.0001,327,5,advective,v,2.6157652802361e-25,6.23011261823889e-24,7.41307079851425e-14
exponential,0.0001,327,5,advective,w,9.34982539707316e-24,2.03425200093442e-22,9.80309363337182e-10
exponential,0.0001,327,5,advective,eta,4.16186824629284e-23,6.32321625419249e-22,2.74685412469195e-12
exponential,0.0001,327,5,split,u,7.0598256207141e-25,1.75177608056999e-23,1.43263327279176e-13
exponential,0.0001,327,5,split,v,2.65367453907381e-25,6.33593357550886e-24,7.41307079851425e-14
exponential,0.0001,327,5,split,w,9.34972186021925e-24,2.03412891496738e-22,9.80309363337182e-10
exponential,0.0001,327,5,split,eta,4.45537028467435e-23,6.8380493476983e-22,2.74685412469195e-12
exponential,0.0001,327,5,compatible,u,7.85547314678599e-19,1.72593948733041e-18,1.43263327279176e-13
exponential,0.0001,327,5,compatible,v,6.22406258865516e-19,1.58974814849863e-18,7.41307079851425e-14
exponential,0.0001,327,5,compatible,w,9.11502908221998e-21,2.67200666097596e-20,9.80309363337182e-10
exponential,0.0001,327,5,compatible,eta,3.58810272101255e-17,8.75093573278282e-17,2.74685412469195e-12
exponential,0.0001,327,6,divergence,u,6.95545110008345e-25,1.75066031570564e-23,1.43263327279176e-13
exponential,0.0001,327,6,divergence,v,2.69416646920667e-25,6.63780540038798e-24,7.41307079851425e-14
exponential,0.0001,327,6,divergence,w,6.95694653554323e-12,5.89938747320459e-10,9.80307621019783e-10
exponential,0.0001,327,6,divergence,eta,4.75503904933924e-23,7.36485791772522e-22,2.74685412469195e-12
exponential,0.0001,327,6,advective,u,7.13081354719669e-25,1.80035981491202e-23,1.43263327279176e-13
exponential,0.0001,327,6,advective,v,2.61300426791138e-25,6.23474165403073e-24,7.41307079851425e-14
exponential,0.0001,327,6,advective,w,6.95694653554323e-12,5.89938747320459e-10,9.80307621019783e-10
exponential,0.0001,327,6,advective,eta,4.16186242595122e-23,6.32455801192896e-22,2.74685412469195e-12
exponential,0.0001,327,6,split,u,7.03918318271063e-25,1.7706279629386e-23,1.43263327279176e-13
exponential,0.0001,327,6,split,v,2.65034937967929e-25,6.43627352720935e-24,7.41307079851425e-14
exponential,0.0001,327,6,split,w,6.95694653554323e-12,5.89938747320459e-10,9.80307621019783e-10
exponential,0.0001,327,6,split,eta,4.45538625750949e-23,6.84402190827503e-22,2.74685412469195e-12
exponential,0.0001,327,6,compatible,u,7.85547314687101e-19,1.73745251066774e-18,1.43263327279176e-13
exponential,0.0001,327,6,compatible,v,6.2240625887658e-19,1.59454698040302e-18,7.41307079851425e-14
exponential,0.0001,327,6,compatible,w,6.95694653554323e-12,5.89938747320459e-10,9.80307621019783e-10
exponential,0.0001,327,6,compatible,eta,3.58810272108012e-17,8.78725444386591e-17,2.74685412469195e-12
exponential,0.0001,327,7,divergence,u,3.69264756930125e-29,3.02922587604869e-28,1.43198338168947e-13
exponential,0.0001,327,7,divergence,v,1.73473122744331e-29,1.26217744835362e-28,7.40731189965423e-14
exponential,0.0001,327,7,divergence,w,1.57756224008469e-25,9.92616735063633e-24,6.94530907743601e-10
exponential,0.0001,327,7,divergence,eta,6.68333067435826e-28,6.46234853557053e-27,2.7521923475566e-12
exponential,0.0001,327,7,advective,u,1.43152180975326e-25,3.51117571292803e-24,1.43198338168947e-13
exponential,0.0001,327,7,advective,v,1.10663900163425e-25,3.704872619596e-24,7.40731189965423e-14
exponential,0.0001,327,7,advective,w,1.58181985681408e-25,9.92616735063633e-24,6.94530907743601e-10
exponential,0.0001,327,7,advective,eta,3.01033951072388e-23,6.32321726393444e-22,2.7521923475566e-12
exponential,0.0001,327,7,split,u,7.15760201214008e-26,1.75558785646402e-24,1.43198338168947e-13
exponential,0.0001,327,7,split,v,5.53320333725659e-26,1.85240948852722e-24,7.40731189965423e-14
exponential,0.0001,327,7,split,w,1.58469388197135e-25,9.92616735063633e-24,6.94530907743601e-10
exponential,0.0001,327,7,split,eta,1.505169751271e-23,3.16160815865068e-22,2.7521923475566e-12
exponential,0.0001,327,7,compatible,u,1.94597483294417e-19,4.26717999927275e-19,1.43198338168947e-13
exponential,0.0001,327,7,compatible,v,1.54187554122853e-19,3.93057556552486e-19,7.40731189965423e-14
exponential,0.0001,327,7,compatible,w,2.25820500109456e-21,6.60608886588489e-21,6.94530907743601e-10
exponential,0.0001,327,7,compatible,eta,8.88847237061142e-18,2.16347598218171e-17,2.7521923475566e-12
exponential,0.0001,901,1,divergence,u,1.38673942444915e-23,6.46991686709522e-23,1.09401783244155e-13
exponential,0.0001,901,1,divergence,v,8.78932081907422e-24,3.81339400551672e-23,6.53206066889229e-14
exponential,0.0001,901,1,divergence,w,1.422555572357e-22,1.32912755115381e-21,2.41090739746036e-09
exponential,0.0001,901,1,divergence,eta,6.21262947328816e-22,1.80326365608034e-21,2.26719432702715e-12
exponential,0.0001,901,1,advective,u,5.8043604575873e-24,4.27134006722764e-23,1.09401783244155e-13
exponential,0.0001,901,1,advective,v,2.56707108170307e-24,2.04902391836706e-23,6.53206066889229e-14
exponential,0.0001,901,1,advective,w,1.422817523166e-22,1.32921649995404e-21,2.41090739746036e-09
exponential,0.0001,901,1,advective,eta,1.13854859802233e-22,4.90045569250831e-22,2.26719432702715e-12
exponential,0.0001,901,1,split,u,9.2959072445294e-24,5.37062846716143e-23,1.09401783244155e-13
exponential,0.0001,901,1,split,v,5.00472429181095e-24,2.53229904156718e-23,6.53206066889229e-14
exponential,0.0001,901,1,split,w,1.42270209144928e-22,1.3291720239762e-21,2.41090739746036e-09
exponential,0.0001,901,1,split,eta,3.5307017199926e-22,1.14665463790914e-21,2.26719432702715e-12
exponential,0.0001,901,1,compatible,u,5.95088398947829e-17,9.92363659148407e-17,1.09401783244155e-13
exponential,0.0001,901,1,compatible,v,4.71538765344167e-17,1.0772321108889e-16,6.53206066889229e-14
exponential,0.0001,901,1,compatible,w,8.27682115856477e-19,2.06760808648701e-18,2.41090739746036e-09
exponential,0.0001,901,1,compatible,eta,2.73308099933417e-15,5.07669389396772e-15,2.26719432702715e-12
exponential,0.0001,901,2,divergence,u,4.05585393370001e-24,4.16256908571651e-23,1.0929586677214e-13
exponential,0.0001,901,2,divergence,v,1.79675511300772e-24,1.99802942509868e-23,6.49350509696189e-14
exponential,0.0001,901,2,divergence,w,9.98178637283854e-23,1.29848256112816e-21,1.73040610838848e-09
exponential,0.0001,901,2,divergence,eta,8.17087093438089e-23,4.89266629060354e-22,2.30128489951258e-12
exponential,0.0001,901,2,advective,u,4.07963830725949e-24,4.17881583383171e-23,1.0929586677214e-13
exponential,0.0001,901,2,advective,v,1.80082598931133e-24,2.00185634712208e-23,6.49350509696189e-14
exponential,0.0001,901,2,advective,w,9.98179316683536e-23,1.29848246330941e-21,1.73040610838848e-09
exponential,0.0001,901,2,advective,eta,8.17271762762207e-23,4.90045468276635e-22,2.30128489951258e-12
exponential,0.0001,901,2,split,u,4.06771672299323e-24,4.17069245977411e-23,1.0929586677214e-13
exponential,0.0001,901,2,split,v,1.7987150944158e-24,1.99994414828783e-23,6.49350509696189e-14
exponential,0.0001,901,2,split,w,9.98178976960706e-23,1.29848251064106e-21,1.73040610838848e-09
exponential,0.0001,901,2,split,eta,8.17179084316985e-23,4.8965603604672e-22,2.30128489951258e-12
exponential,0.0001,901,2,compatible,u,1.36521720051008e-17,2.24186726666444e-17,1.0929586677214e-13
exponential,0.0001,901,2,compatible,v,1.08211747791514e-17,2.43419334468445e-17,6.49350509696189e-14
exponential,0.0001,901,2,compatible,w,1.89519396129491e-19,4.66333561318528e-19,1.73040610838848e-09
exponential,0.0001,901,2,compatible,eta,6.26873163103305e-16,1.1484161824911e-15,2.30128489951258e-12
exponential,0.0001,901,3,divergence,u,4.02825873485467e-24,4.1622661631289e-23,1.0929586677214e-13
exponential,0.0001,901,3,divergence,v,1.79818821179871e-24,2.01386722772062e-23,6.49350509696213e-14
exponential,0.0001,901,3,divergence,w,9.99773200747218e-23,1.29848244753219e-21,1.73040610455775e-09
exponential,0.0001,901,3,divergence,eta,8.17546972797495e-23,6.60770972576507e-22,2.30128489951257e-12
exponential,0.0001,901,3,advective,u,4.05173125666403e-24,4.1788234068964e-23,1.0929586677214e-13
exponential,0.0001,901,3,advective,v,1.80210157717157e-24,2.01386722772062e-23,6.49350509696213e-14
exponential,0.0001,901,3,advective,w,9.99773872093458e-23,1.29848246330941e-21,1.73040610455775e-09
exponential,0.0001,901,3,advective,eta,8.17728817348915e-23,6.60972390853715e-22,2.30128489951257e-12
exponential,0.0001,901,3,split,u,4.0399652610407e-24,4.17054478501265e-23,1.0929586677214e-13
exponential,0.0001,901,3,split,v,1.80006886064868e-24,2.01386975207551e-23,6.49350509696213e-14
exponential,0.0001,901,3,split,w,9.99773536317471e-23,1.29848245384308e-21,1.73040610455775e-09
exponential,0.0001,901,3,split,eta,8.17637550728964e-23,6.60871694336886e-22,2.30128489951257e-12
exponential,0.0001,901,3,compatible,u,1.36521720050282e-17,3.06733283760111e-17,1.0929586677214e-13
exponential,0.0001,901,3,compatible,v,1.08211747791337e-17,2.80921151433152e-17,6.49350509696213e-14
exponential,0.0001,901,3,compatible,w,1.89519395729624e-19,5.44882415989581e-19,1.73040610455775e-09
exponential,0.0001,901,3,compatible,eta,6.2687316310215e-16,1.55508098471719e-15,2.30128489951257e-12
exponential,0.0001,901,4,divergence,u,2.62155168616253e-24,3.79410572529534e-23,1.09240423402543e-13
exponential,0.0001,901,4,divergence,v,1.16234222107114e-24,1.82056980021505e-23,6.47324609116608e-14
exponential,0.0001,901,4,divergence,w,6.43999967165901e-23,1.17632476151672e-21,1.23295824351893e-09
exponential,0.0001,901,4,divergence,eta,5.80935453044559e-23,6.579460174987e-22,2.31891726300342e-12
exponential,0.0001,901,4,advective,u,2.64045548260521e-24,3.810964629473e-23,1.09240423402543e-13
exponential,0.0001,901,4,advective,v,1.16567658828866e-24,1.82058242198954e-23,6.47324609116608e-14
exponential,0.0001,901,4,advective,w,6.44000344294082e-23,1.17632461952176e-21,1.23295824351893e-09
exponential,0.0001,901,4,advective,eta,5.83516821787028e-23,6.60972340366617e-22,2.31891726300342e-12
exponential,0.0001,901,4,split,u,2.63096360957894e-24,3.80253517738417e-23,1.09240423402543e-13
exponential,0.0001,901,4,split,v,1.16392749656639e-24,1.82057737327974e-23,6.47324609116608e-14
exponential,0.0001,901,4,split,w,6.44000155637175e-23,1.17632468894152e-21,1.23295824351893e-09
exponential,0.0001,901,4,split,eta,5.82223386497522e-23,6.59459166310884e-22,2.31891726300342e-12
exponential,0.0001,901,4,compatible,u,3.28156833880881e-18,7.32008092861656e-18,1.09240423402543e-13
exponential,0.0001,901,4,compatible,v,2.60137494111707e-18,6.70572351826722e-18,6.47324609116608e-14
exponential,0.0001,901,4,compatible,w,4.55230982949962e-20,1.2988298319928e-19,1.23295824351893e-09
exponential,0.0001,901,4,compatible,eta,1.50670871027482e-16,3.71538861055023e-16,2.31891726300342e-12
exponential,0.0001,901,5,divergence,u,1.29448593003416e-24,2.61342739032628e-23,1.09212046143167e-13
exponential,0.0001,901,5,divergence,v,5.41993440593306e-25,1.13039097661612e-23,6.46285646116518e-14
exponential,0.0001,901,5,divergence,w,2.9304392139911e-23,7.26939143825665e-22,8.75205965104421e-10
exponential,0.0001,901,5,divergence,eta,4.96289598470348e-23,7.68090513130905e-22,2.32788682779866e-12
exponential,0.0001,901,5,advective,u,1.29683122622225e-24,2.63302269521197e-23,1.09212046143167e-13
exponential,0.0001,901,5,advective,v,5.44887703867152e-25,1.13007543225403e-23,6.46285646116518e-14
exponential,0.0001,901,5,advective,w,2.93049235897073e-23,7.2694052433225e-22,8.75205965104421e-10
exponential,0.0001,901,5,advective,eta,4.34131401212161e-23,6.61067293976057e-22,2.32788682779866e-12
exponential,0.0001,901,5,split,u,1.29554039222254e-24,2.62322567385785e-23,1.09212046143167e-13
exponential,0.0001,901,5,split,v,5.43260001066171e-25,1.13023194225763e-23,6.46285646116518e-14
exponential,0.0001,901,5,split,w,2.93046181366211e-23,7.26939834867818e-22,8.75205965104421e-10
exponential,0.0001,901,5,split,eta,4.64886158859732e-23,7.14578897242594e-22,2.32788682779866e-12
exponential,0.0001,901,5,compatible,u,8.05157138752754e-19,1.78966833878637e-18,1.09212046143167e-13
exponential,0.0001,901,5,compatible,v,6.38297687087982e-19,1.63943108782328e-18,6.46285646116518e-14
exponential,0.0001,901,5,compatible,w,1.1166013104138e-20,3.17495880921398e-20,8.75205965104421e-10
exponential,0.0001,901,5,compatible,eta,3.69671586639328e-17,9.07920892981067e-17,2.32788682779866e-12
exponential,0.0001,901,6,divergence,u,1.29131335738011e-24,2.60008806796335e-23,1.09212046143167e-13
exponential,0.0001,901,6,divergence,v,5.41499872940176e-25,1.13357545031832e-23,6.46285646116518e-14
exponential,0.0001,901,6,divergence,w,6.12644021085941e-12,4.90392721006636e-10,8.75203435430604e-10
exponential,0.0001,901,6,divergence,eta,4.9634086875096e-23,7.68074035404316e-22,2.32788682779866e-12
exponential,0.0001,901,6,advective,u,1.29647151769594e-24,2.62788689517462e-23,1.09212046143167e-13
exponential,0.0001,901,6,advective,v,5.44813905816585e-25,1.13269949916916e-23,6.46285646116518e-14
exponential,0.0001,901,6,advective,w,6.12644021085941e-12,4.90392721006636e-10,8.75203435430604e-10
exponential,0.0001,901,6,advective,eta,4.34131289272582e-23,6.61066183259902e-22,2.32788682779866e-12
exponential,0.0001,901,6,split,u,1.29376048397115e-24,2.6073903955908e-23,1.09212046143167e-13
exponential,0.0001,901,6,split,v,5.42951743604595e-25,1.13313747474374e-23,6.46285646116518e-14
exponential,0.0001,901,6,split,w,6.12644021085941e-12,4.90392721006636e-10,8.75203435430604e-10
exponential,0.0001,901,6,split,eta,4.64910995867013e-23,7.14555345011407e-22,2.32788682779866e-12
exponential,0.0001,901,6,compatible,u,8.05157138773391e-19,1.78966833878637e-18,1.09212046143167e-13
exponential,0.0001,901,6,compatible,v,6.38297687102438e-19,1.63943180544689e-18,6.46285646116518e-14
exponential,0.0001,901,6,compatible,w,6.12644021085941e-12,4.90392721006636e-10,8.75203435430604e-10
exponential,0.0001,901,6,compatible,eta,3.69671586648805e-17,9.07922819637387e-17,2.32788682779866e-12
exponential,0.0001,901,7,divergence,u,2.58393976231877e-29,1.76704842769507e-28,1.09197689078892e-13
exponential,0.0001,901,7,divergence,v,1.51423909726217e-29,1.26217744835362e-28,6.45759463999859e-14
exponential,0.0001,901,7,divergence,w,1.53164257536692e-25,9.92616735063633e-24,6.20067139327827e-10
exponential,0.0001,901,7,divergence,eta,5.71084885351082e-28,6.46234853557053e-27,2.33241082479176e-12
exponential,0.0001,901,7,advective,u,2.07763065829727e-25,5.06388116634369e-24,1.09197689078892e-13
exponential,0.0001,901,7,advective,v,1.22471358166439e-25,4.12953537753819e-24,6.45759463999859e-14
exponential,0.0001,901,7,advective,w,1.55431989248408e-25,9.92616735063633e-24,6.20067139327827e-10
exponential,0.0001,901,7,advective,eta,3.1411124410833e-23,6.61066902701048e-22,2.33241082479176e-12
exponential,0.0001,901,7,split,u,1.03881616485989e-25,2.53192796139736e-24,1.09197689078892e-13
exponential,0.0001,901,7,split,v,6.12356721615836e-26,2.06477084421272e-24,6.45759463999859e-14
exponential,0.0001,901,7,split,w,1.54272598857141e-25,9.92616735063633e-24,6.20067139327827e-10
exponential,0.0001,901,7,split,eta,1.57055621439084e-23,3.3053343872875e-22,2.33241082479176e-12
exponential,0.0001,901,7,compatible,u,1.99455330170225e-19,4.42474416791989e-19,1.09197689078892e-13
exponential,0.0001,901,7,compatible,v,1.58124127930101e-19,4.05340207305932e-19,6.45759463999859e-14
exponential,0.0001,901,7,compatible,w,2.76568883652247e-21,7.84814643105034e-21,6.20067139327827e-10
exponential,0.0001,901,7,compatible,eta,9.15746651807996e-18,2.24464583771688e-17,2.33241082479176e-12
exponential,0.1,327,1,divergence,u,2.68297875567327e-15,4.43981996654764e-15,1.46611411210287e-07
exponential,0.1,327,1,divergence,v,2.45830197544219e-15,4.35550470555628e-15,7.65623748726559e-08
exponential,0.1,327,1,divergence,w,3.55741950287461e-16,9.90909963674916e-16,2.80661968219885e-06
exponential,0.1,327,1,divergence,eta,6.17939287801256e-16,1.95123737927274e-15,2.71412789776589e-06
exponential,0.1,327,1,advective,u,4.0871301106549e-18,3.45660910884679e-17,1.46611411210287e-07
exponential,0.1,327,1,advective,v,1.18814143793762e-18,9.95229302310321e-18,7.65623748726559e-08
exponential,0.1,327,1,advective,w,4.47966988799586e-17,3.18430178058993e-16,2.80661968219885e-06
exponential,0.1,327,1,advective,eta,1.11974381064967e-16,5.21354701648208e-16,2.71412789776589e-06
exponential,0.1,327,1,split,u,1.34150399825528e-15,2.2265182696305e-15,1.46611411210287e-07
exponential,0.1,327,1,split,v,1.22915156985227e-15,2.17905149617844e-15,7.65623748726559e-08
exponential,0.1,327,1,split,w,1.82037100339594e-16,6.54670070866954e-16,2.80661968219885e-06
exponential,0.1,327,1,split,eta,3.50740930448073e-16,1.23622192176887e-15,2.71412789776589e-06
exponential,0.1,327,1,compatible,u,5.95075882591387e-11,1.09209958302274e-10,1.46611411210287e-07
exponential,0.1,327,1,compatible,v,4.71304960904031e-11,1.12016614232082e-10,7.65623748726559e-08
exponential,0.1,327,1,compatible,w,6.90237500141642e-13,1.8226244788968e-12,2.80661968219885e-06
exponential,0.1,327,1,compatible,eta,2.71879272550211e-09,5.48729127271152e-09,2.71412789776589e-06
exponential,0.1,327,2,divergence,u,2.66454961688666e-15,4.44363542645855e-15,1.46127707514434e-07
exponential,0.1,327,2,divergence,v,2.43304655908086e-15,4.3360985057553e-15,7.61308851578888e-08
exponential,0.1,327,2,divergence,w,3.4992864362311e-16,9.84198074600873e-16,2.08803700555994e-06
exponential,0.1,327,2,divergence,eta,8.02914248958941e-17,5.20154085385034e-16,2.75493886143764e-06
exponential,0.1,327,2,advective,u,2.91232821247921e-18,3.37697212993713e-17,1.46127707514434e-07
exponential,0.1,327,2,advective,v,8.53929793168216e-19,9.71446205338196e-18,7.61308851578888e-08
exponential,0.1,327,2,advective,w,3.13657462661065e-17,3.11215151414281e-16,2.08803700555994e-06
exponential,0.1,327,2,advective,eta,8.03711081904926e-17,5.21354966346004e-16,2.75493886143764e-06
exponential,0.1,327,2,split,u,1.33228962989456e-15,2.23870257387896e-15,1.46127707514434e-07
exponential,0.1,327,2,split,v,1.21652502643219e-15,2.17206140972078e-15,7.61308851578888e-08
exponential,0.1,327,2,split,w,1.77052731018935e-16,6.47705765974629e-16,2.08803700555994e-06
exponential,0.1,327,2,split,eta,8.03312372619911e-17,5.20754525865519e-16,2.75493886143764e-06
exponential,0.1,327,2,compatible,u,1.36518284577844e-11,2.46727948436772e-11,1.46127707514434e-07
exponential,0.1,327,2,compatible,v,1.08159316149452e-11,2.53141433948456e-11,7.61308851578888e-08
exponential,0.1,327,2,compatible,w,1.58521623812511e-13,4.15520685945916e-13,2.08803700555994e-06
exponential,0.1,327,2,compatible,eta,6.23651609326123e-10,1.24251024723254e-09,2.75493886143764e-06
exponential,0.1,327,3,divergence,u,2.84415126414776e-18,3.39176873673447e-17,1.46127707514431e-07
exponential,0.1,327,3,divergence,v,8.13518822062395e-19,9.23080624049975e-18,7.61308851578895e-08
exponential,0.1,327,3,divergence,w,3.14294579178826e-17,3.64382923544823e-16,2.0880349259215e-06
exponential,0.1,327,3,divergence,eta,8.03100223205761e-17,6.42943534986929e-16,2.75493886143764e-06
exponential,0.1,327,3,advective,u,2.83174844841274e-18,3.36843297903762e-17,1.46127707514431e-07
exponential,0.1,327,3,advective,v,8.186327350516e-19,9.18702522503855e-18,7.61308851578895e-08
exponential,0.1,327,3,advective,w,3.14293250458158e-17,3.64380225281665e-16,2.0880349259215e-06
exponential,0.1,327,3,advective,eta,8.03904223378182e-17,6.43504059039774e-16,2.75493886143764e-06
exponential,0.1,327,3,split,u,2.83787825861203e-18,3.38009026997421e-17,1.46127707514431e-07
exponential,0.1,327,3,split,v,8.15927560541979e-19,9.20891573276915e-18,7.61308851578895e-08
exponential,0.1,327,3,split,w,3.14294001318917e-17,3.64381573586063e-16,2.0880349259215e-06
exponential,0.1,327,3,split,eta,8.03501930248557e-17,6.43223797013352e-16,2.75493886143764e-06
exponential,0.1,327,3,compatible,u,1.36518283927748e-11,3.03637380148579e-11,1.46127707514431e-07
exponential,0.1,327,3,compatible,v,1.08159315465391e-11,2.79455004975718e-11,7.61308851578895e-08
exponential,0.1,327,3,compatible,w,1.58521528132062e-13,4.69924548188652e-13,2.0880349259215e-06
exponential,0.1,327,3,compatible,eta,6.23651609332072e-10,1.5377577533949e-09,2.75493886143764e-06
exponential,0.1,327,4,divergence,u,1.80657058425527e-18,3.04001712956344e-17,1.45874054367161e-07
exponential,0.1,327,4,divergence,v,5.28454416366827e-19,8.22400170356961e-18,7.59042057665867e-08
exponential,0.1,327,4,divergence,w,2.01818697247014e-17,3.34617675821459e-16,1.5874885397495e-06
exponential,0.1,327,4,divergence,eta,5.70841604603238e-17,6.40640664161581e-16,2.77604715253409e-06
exponential,0.1,327,4,advective,u,1.81129062353193e-18,3.03957243726614e-17,1.45874054367161e-07
exponential,0.1,327,4,advective,v,5.29701896743415e-19,8.23186322811132e-18,7.59042057665867e-08
exponential,0.1,327,4,advective,w,2.01818125855671e-17,3.34617828849873e-16,1.5874885397495e-06
exponential,0.1,327,4,advective,eta,5.73620338297058e-17,6.43505647226551e-16,2.77604715253409e-06
exponential,0.1,327,4,split,u,1.80885890411178e-18,3.03979478341479e-17,1.45874054367161e-07
exponential,0.1,327,4,split,v,5.28947878549163e-19,8.22794570073027e-18,7.59042057665867e-08
exponential,0.1,327,4,split,w,2.01818462267958e-17,3.34617752749256e-16,1.5874885397495e-06
exponential,0.1,327,4,split,eta,5.72228241061312e-17,6.42073102754507e-16,2.77604715253409e-06
exponential,0.1,327,4,compatible,u,3.28148075477239e-12,7.24626684317198e-12,1.45874054367161e-07
exponential,0.1,327,4,compatible,v,2.60012493406112e-12,6.6707877575042e-12,7.59042057665867e-08
exponential,0.1,327,4,compatible,w,3.81194107466275e-14,1.12127381211207e-13,1.5874885397495e-06
exponential,0.1,327,4,compatible,eta,1.49901479194155e-10,3.67405852130133e-10,2.77604715253409e-06
exponential,0.1,327,5,divergence,u,7.55435796248079e-19,1.78739833738418e-17,1.45744107628561e-07
exponential,0.1,327,5,divergence,v,2.65050462957194e-19,6.19098366381638e-18,7.57879680885063e-08
exponential,0.1,327,5,divergence,w,9.4769162204031e-18,2.09884599934249e-16,1.33932331153671e-06
exponential,0.1,327,5,divergence,eta,4.87274976715034e-17,7.49936190699446e-16,2.78678491791671e-06
exponential,0.1,327,5,advective,u,7.85796185822084e-19,1.84423424814495e-17,1.45744107628561e-07
exponential,0.1,327,5,advective,v,2.58149460913814e-19,5.9712447884529e-18,7.57879680885063e-08
exponential,0.1,327,5,advective,w,9.47722308297859e-18,2.09911704988561e-16,1.33932331153671e-06
exponential,0.1,327,5,advective,eta,4.26538590720664e-17,6.43505547964877e-16,2.78678491791671e-06
exponential,0.1,327,5,split,u,7.70145577059438e-19,1.81580570485272e-17,1.45744107628561e-07
exponential,0.1,327,5,split,v,2.61186126771499e-19,6.08111422613464e-18,7.57879680885063e-08
exponential,0.1,327,5,split,w,9.47706862478884e-18,2.09898152461405e-16,1.33932331153671e-06
exponential,0.1,327,5,split,eta,4.56592799828309e-17,6.9672092227172e-16,2.78678491791671e-06
exponential,0.1,327,5,compatible,u,8.05135109896216e-13,1.77161078398899e-12,1.45744107628561e-07
exponential,0.1,327,5,compatible,v,6.37992080887624e-13,1.63088492968782e-12,7.57879680885063e-08
exponential,0.1,327,5,compatible,w,9.35451375305718e-15,2.7417574605666e-14,1.33932331153671e-06
exponential,0.1,327,5,compatible,eta,3.67789150368659e-11,8.9782190342914e-11,2.78678491791671e-06
exponential,0.1,327,6,divergence,u,7.55826796336431e-19,1.82427603432527e-17,1.45744107628561e-07
exponential,0.1,327,6,divergence,v,2.65098039652249e-19,6.52636900625968e-18,7.57879680885064e-08
exponential,0.1,327,6,divergence,w,9.45279058438266e-09,5.87285623825609e-07,1.33932057071799e-06
exponential,0.1,327,6,divergence,eta,4.87287890018962e-17,7.5155176707999e-16,2.78678491791671e-06
exponential,0.1,327,6,advective,u,7.85395928136416e-19,1.86649003883405e-17,1.45744107628561e-07
exponential,0.1,327,6,advective,v,2.58168695435673e-19,6.11891968885076e-18,7.57879680885064e-08
exponential,0.1,327,6,advective,w,9.45279058438266e-09,5.87285623825593e-07,1.33932057071799e-06
exponential,0.1,327,6,advective,eta,4.26538507796487e-17,6.45510230105567e-16,2.78678491791671e-06
exponential,0.1,327,6,split,u,7.70141161406364e-19,1.84537774262374e-17,1.45744107628561e-07
exponential,0.1,327,6,split,v,2.61196704575565e-19,6.32264434755522e-18,7.57879680885064e-08
exponential,0.1,327,6,split,w,9.45279058438266e-09,5.87285623825601e-07,1.33932057071799e-06
exponential,0.1,327,6,split,eta,4.56598844927231e-17,6.9853089271366e-16,2.78678491791671e-06
exponential,0.1,327,6,compatible,u,8.0513510990707e-13,1.77959574852145e-12,1.45744107628561e-07
exponential,0.1,327,6,compatible,v,6.37992080881771e-13,1.63402287716686e-12,7.57879680885064e-08
exponential,0.1,327,6,compatible,w,9.4527905852876e-09,5.87285623825601e-07,1.33932057071799e-06
exponential,0.1,327,6,compatible,eta,3.67789150373744e-11,8.99680277700141e-11,2.78678491791671e-06
exponential,0.1,327,7,divergence,u,3.77964609464733e-23,3.17637355220363e-22,1.45678331668976e-07
exponential,0.1,327,7,divergence,v,1.77579564655122e-23,1.32348898008484e-22,7.57291028695245e-08
exponential,0.1,327,7,divergence,w,3.11754030685616e-22,1.35525271560688e-20,1.25144654560398e-06
exponential,0.1,327,7,divergence,eta,6.80277581092604e-22,6.7762635780344e-21,2.79220074567482e-06
exponential,0.1,327,7,advective,u,1.45836245431302e-19,3.12263989961218e-18,1.45678331668976e-07
exponential,0.1,327,7,advective,v,1.00206261391434e-19,3.30402737305526e-18,7.57291028695245e-08
exponential,0.1,327,7,advective,w,5.99644810658474e-21,1.76512277707844e-19,1.25144654560398e-06
exponential,0.1,327,7,advective,eta,3.08524624616047e-17,6.43506289118706e-16,2.79220074567482e-06
exponential,0.1,327,7,split,u,7.29180683170646e-20,1.56129348002649e-18,1.45678331668976e-07
exponential,0.1,327,7,split,v,5.01031393433481e-20,1.65201864961131e-18,7.57291028695245e-08
exponential,0.1,327,7,split,w,3.02246092215131e-21,8.97854924089558e-20,1.25144654560398e-06
exponential,0.1,327,7,split,eta,1.54262312608484e-17,3.21753094928516e-16,2.79220074567482e-06
exponential,0.1,327,7,compatible,u,1.9944981477913e-13,4.38009688363506e-13,1.45678331668976e-07
exponential,0.1,327,7,compatible,v,1.58048548726631e-13,4.03228182714629e-13,7.57291028695245e-08
exponential,0.1,327,7,compatible,w,2.31753199327563e-15,6.77853357339349e-15,1.25144654560398e-06
exponential,0.1,327,7,compatible,eta,9.11089620870416e-12,2.21967151366243e-11,2.79220074567482e-06
exponential,0.1,901,1,divergence,u,4.96806120359663e-17,9.16991714473748e-17,2.94951583095381e-08
exponential,0.1,901,1,divergence,v,6.0457839076253e-17,1.03491130696408e-16,7.30849929579003e-09
exponential,0.1,901,1,divergence,w,6.63109146912384e-17,6.3527354163452e-16,2.58453336079542e-06
exponential,0.1,901,1,divergence,eta,3.83303270765389e-18,1.69366074144457e-17,1.67927766849331e-07
exponential,0.1,901,1,advective,u,1.89181061747522e-18,1.54951045763679e-17,2.94951583095381e-08
exponential,0.1,901,1,advective,v,8.44541054187714e-19,6.66596235207291e-18,7.30849929579003e-09
exponential,0.1,901,1,advective,w,5.81553650712289e-17,5.80836283423773e-16,2.58453336079542e-06
exponential,0.1,901,1,advective,eta,7.90505634204594e-19,5.84916575133956e-18,1.67927766849331e-07
exponential,0.1,901,1,split,u,2.4896324185958e-17,5.34711716394694e-17,2.94951583095381e-08
exponential,0.1,901,1,split,v,3.02379436897034e-17,5.50785456970599e-17,7.30849929579003e-09
exponential,0.1,901,1,split,w,6.02822992268706e-17,6.08054912115556e-16,2.58453336079542e-06
exponential,0.1,901,1,split,eta,2.22764054997873e-18,1.10328671814221e-17,1.67927766849331e-07
exponential,0.1,901,1,compatible,u,4.06578088189735e-13,9.22126828476011e-13,2.94951583095381e-08
exponential,0.1,901,1,compatible,v,3.53061487347119e-13,9.23473592035514e-13,7.30849929579003e-09
exponential,0.1,901,1,compatible,w,5.02317997676106e-15,1.95446471360269e-14,2.58453336079542e-06
exponential,0.1,901,1,compatible,eta,1.92269695154031e-11,5.38553218477559e-11,1.67927766849331e-07
exponential,0.1,901,2,divergence,u,4.94977926399305e-17,9.11755859719635e-17,2.94805606036579e-08
exponential,0.1,901,2,divergence,v,6.00551615691252e-17,1.03351859951034e-16,7.30418985465745e-09
exponential,0.1,901,2,divergence,w,5.17390744440448e-17,6.22893183173178e-16,1.85503160398825e-06
exponential,0.1,901,2,divergence,eta,4.89882127881991e-19,5.75595573119464e-18,1.70447486369761e-07
exponential,0.1,901,2,advective,u,1.32934336132896e-18,1.51691821801322e-17,2.94805606036579e-08
exponential,0.1,901,2,advective,v,5.93669198007592e-19,6.52596368775953e-18,7.30418985465745e-09
exponential,0.1,901,2,advective,w,4.08809921636637e-17,5.68455909246e-16,1.85503160398825e-06
exponential,0.1,901,2,advective,eta,4.91194073575137e-19,5.84916244261711e-18,1.70447486369761e-07
exponential,0.1,901,2,split,u,2.47765754709091e-17,5.30520623841459e-17,2.94805606036579e-08
exponential,0.1,901,2,split,v,3.00322781660961e-17,5.49389109922161e-17,7.30418985465745e-09
exponential,0.1,901,2,split,w,4.38376158317783e-17,5.95674545382409e-16,1.85503160398825e-06
exponential,0.1,901,2,split,eta,4.90511901222066e-19,5.80256570435078e-18,1.70447486369761e-07
exponential,0.1,901,2,compatible,u,9.32717765576439e-14,2.08290233073415e-13,2.94805606036579e-08
exponential,0.1,901,2,compatible,v,8.07187108272172e-14,2.07915287605591e-13,7.30418985465745e-09
exponential,0.1,901,2,compatible,w,1.12183185653838e-15,4.30944564616523e-15,1.85503160398825e-06
exponential,0.1,901,2,compatible,eta,4.40327582261615e-12,1.21285742750519e-11,1.70447486369761e-07
exponential,0.1,901,3,divergence,u,1.33141951461612e-18,1.51587398520794e-17,2.94805606036586e-08
exponential,0.1,901,3,divergence,v,5.95434571931126e-19,6.94989788759602e-18,7.30418985465758e-09
exponential,0.1,901,3,divergence,w,4.09578396660561e-17,5.68435304176941e-16,1.85503327903665e-06
exponential,0.1,901,3,divergence,eta,5.0266087663455e-19,8.2394468199672e-18,1.70447486369761e-07
exponential,0.1,901,3,advective,u,1.33134309497631e-18,1.51608706693373e-17,2.94805606036586e-08
exponential,0.1,901,3,advective,v,5.95423038524888e-19,6.94967951191431e-18,7.30418985465758e-09
exponential,0.1,901,3,advective,w,4.09578511833434e-17,5.6843530252258e-16,1.85503327903665e-06
exponential,0.1,901,3,advective,eta,5.02794711524086e-19,8.26554602265448e-18,1.70447486369761e-07
exponential,0.1,901,3,split,u,1.33138127197641e-18,1.51598118781532e-17,2.94805606036586e-08
exponential,0.1,901,3,split,v,5.95428786689429e-19,6.94978787257455e-18,7.30418985465758e-09
exponential,0.1,901,3,split,w,4.09578481072631e-17,5.68435304176941e-16,1.85503327903665e-06
exponential,0.1,901,3,split,eta,5.02709835828493e-19,8.25248318642104e-18,1.70447486369761e-07
exponential,0.1,901,3,compatible,u,9.32717732919085e-14,2.08307812620195e-13,2.94805606036586e-08
exponential,0.1,901,3,compatible,v,8.07187052305465e-14,2.07941390200546e-13,7.30418985465758e-09
exponential,0.1,901,3,compatible,w,1.12172307934311e-15,4.30443120708498e-15,1.85503327903665e-06
exponential,0.1,901,3,compatible,eta,4.4032758227847e-12,1.21285742746813e-11,1.70447486369761e-07
exponential,0.1,901,4,divergence,u,8.69403106329247e-19,1.39100544691489e-17,2.94729220005179e-08
exponential,0.1,901,4,divergence,v,3.88199676922741e-19,6.35380920431377e-18,7.30193467233087e-09
exponential,0.1,901,4,divergence,w,2.67247746465815e-17,5.19685221215865e-16,1.32176837516608e-06
exponential,0.1,901,4,divergence,eta,3.76966207911916e-19,8.52672333798442e-18,1.717507688699e-07
exponential,0.1,901,4,advective,u,8.66960209002344e-19,1.38863375466258e-17,2.94729220005179e-08
exponential,0.1,901,4,advective,v,3.88167357550792e-19,6.3518802191253e-18,7.30193467233087e-09
exponential,0.1,901,4,advective,w,2.67248663400641e-17,5.19685219561504e-16,1.32176837516608e-06
exponential,0.1,901,4,advective,eta,3.65185689462943e-19,8.26522838529926e-18,1.717507688699e-07
exponential,0.1,901,4,split,u,8.6818080800896e-19,1.38981960078874e-17,2.94729220005179e-08
exponential,0.1,901,4,split,v,3.88183062922923e-19,6.35273386951745e-18,7.30193467233087e-09
exponential,0.1,901,4,split,w,2.67248223345044e-17,5.19685219561504e-16,1.32176837516608e-06
exponential,0.1,901,4,split,eta,3.70296575367898e-19,8.39597586164184e-18,1.717507688699e-07
exponential,0.1,901,4,compatible,u,2.24194413350533e-14,4.97147080431772e-14,2.94729220005179e-08
exponential,0.1,901,4,compatible,v,1.93784109925906e-14,4.95432479017551e-14,7.30193467233087e-09
exponential,0.1,901,4,compatible,w,2.68053963452963e-16,1.01972570421481e-15,1.32176837516608e-06
exponential,0.1,901,4,compatible,eta,1.05775800221307e-12,2.8962996304638e-12,1.717507688699e-07
exponential,0.1,901,5,divergence,u,4.02769860934989e-19,8.74351745036722e-18,2.94690131123191e-08
exponential,0.1,901,5,divergence,v,1.81734085138432e-19,3.99955391931435e-18,7.30078058873589e-09
exponential,0.1,901,5,divergence,w,1.27752487465849e-17,3.24686139241467e-16,1.03094044145561e-06
exponential,0.1,901,5,divergence,eta,3.77257987721277e-19,1.16052513498904e-17,1.72413755053856e-07
exponential,0.1,901,5,advective,u,3.98425883793057e-19,8.66945500704167e-18,2.94690131123191e-08
exponential,0.1,901,5,advective,v,1.81619482538566e-19,3.99457429202678e-18,7.30078058873589e-09
exponential,0.1,901,5,advective,w,1.27754249849606e-17,3.24686163229705e-16,1.03094044145561e-06
exponential,0.1,901,5,advective,eta,2.87893240356152e-19,9.40859630545884e-18,1.72413755053856e-07
exponential,0.1,901,5,split,u,4.00574647982501e-19,8.70648622870444e-18,2.94690131123191e-08
exponential,0.1,901,5,split,v,1.81669415714355e-19,3.99706576003179e-18,7.30078058873589e-09
exponential,0.1,901,5,split,w,1.27753391613754e-17,3.24686150821995e-16,1.03094044145561e-06
exponential,0.1,901,5,split,eta,3.22720278388656e-19,9.66369301610591e-18,1.72413755053856e-07
exponential,0.1,901,5,compatible,u,5.50075022489142e-15,1.21541417823997e-14,2.94690131123191e-08
exponential,0.1,901,5,compatible,v,4.75209835471071e-15,1.21029373974857e-14,7.30078058873589e-09
exponential,0.1,901,5,compatible,w,6.63855935923351e-17,3.24686150821995e-16,1.03094044145561e-06
exponential,0.1,901,5,compatible,eta,2.59459354079219e-13,7.07418830869721e-13,1.72413755053856e-07
exponential,0.1,901,6,divergence,u,4.02801904921605e-19,8.81598508947176e-18,2.94690131123191e-08
exponential,0.1,901,6,divergence,v,1.81709639694799e-19,4.01402709849219e-18,7.30078058873589e-09
exponential,0.1,901,6,divergence,w,8.61233925770066e-09,5.21575691878663e-07,1.03093681759165e-06
exponential,0.1,901,6,divergence,eta,3.84841637602824e-19,1.26235950563656e-17,1.72413755053856e-07
exponential,0.1,901,6,advective,u,3.98152969135509e-19,8.66940868492737e-18,2.94690131123191e-08
exponential,0.1,901,6,advective,v,1.81576024260558e-19,4.0061664011311e-18,7.30078058873589e-09
exponential,0.1,901,6,advective,w,8.61233925770066e-09,5.21575691878653e-07,1.03093681759165e-06
exponential,0.1,901,6,advective,eta,2.87196207467413e-19,1.02784284183466e-17,1.72413755053856e-07
exponential,0.1,901,6,split,u,4.00452847009918e-19,8.72783410595321e-18,2.94690131123191e-08
exponential,0.1,901,6,split,v,1.81634264600074e-19,4.01009633622134e-18,7.30078058873589e-09
exponential,0.1,901,6,split,w,8.61233925770066e-09,5.21575691878658e-07,1.03093681759165e-06
exponential,0.1,901,6,split,eta,3.25739591846894e-19,1.04211638097166e-17,1.72413755053856e-07
exponential,0.1,901,6,compatible,u,5.50075023262842e-15,1.21541663992948e-14,2.94690131123191e-08
exponential,0.1,901,6,compatible,v,4.75209835481922e-15,1.21029935208631e-14,7.30078058873589e-09
exponential,0.1,901,6,compatible,w,8.61233925770278e-09,5.21575691878658e-07,1.03093681759165e-06
exponential,0.1,901,6,compatible,eta,2.59459354035908e-13,7.07428818817537e-13,1.72413755053856e-07
exponential,0.1,901,7,divergence,u,7.20690358201239e-24,3.97046694025453e-23,2.94670356562359e-08
exponential,0.1,901,7,divergence,v,1.95792294343239e-24,1.07533479631894e-23,7.30019674156165e-09
exponential,0.1,901,7,divergence,w,2.2523381624055e-22,1.01643953670516e-20,9.24193693907538e-07
exponential,0.1,901,7,divergence,eta,4.2220618337715e-23,3.17637355220363e-22,1.7274814865111e-07
exponential,0.1,901,7,advective,u,1.64590761114564e-20,7.35198128437131e-19,2.94670356562359e-08
exponential,0.1,901,7,advective,v,6.75910689328987e-21,3.91656785154058e-19,7.30019674156165e-09
exponential,0.1,901,7,advective,w,1.22734202197443e-21,6.36168065502283e-20,9.24193693907538e-07
exponential,0.1,901,7,advective,eta,2.45594209974858e-19,9.40856321823434e-18,1.7274814865111e-07
exponential,0.1,901,7,split,u,8.22948135417089e-21,3.67599064218565e-19,2.94670356562359e-08
exponential,0.1,901,7,split,v,3.37955397922428e-21,1.95826738215804e-19,7.30019674156165e-09
exponential,0.1,901,7,split,w,6.42432046862023e-22,3.17761432312246e-20,9.24193693907538e-07
exponential,0.1,901,7,split,eta,1.22797138429454e-19,4.70426796063706e-18,1.7274814865111e-07
exponential,0.1,901,7,compatible,u,1.36265436588604e-15,3.00496110270688e-15,2.94670356562359e-08
exponential,0.1,901,7,compatible,v,1.17690669038564e-15,2.99195702111236e-15,7.30019674156165e-09
exponential,0.1,901,7,compatible,w,1.61051292788888e-17,6.1243129581434e-17,9.24193693907538e-07
exponential,0.1,901,7,compatible,eta,6.42658224143724e-14,1.74849392724015e-13,1.7274814865111e-07
exponential,0.4,327,1,divergence,u,1.28737053670389e-13,1.80456289995976e-13,4.33132844059094e-07
exponential,0.4,327,1,divergence,v,3.57785801033818e-15,6.79075819111628e-15,1.14396725282042e-07
exponential,0.4,327,1,divergence,w,1.51915223858492e-15,1.15547452369351e-14,1.02175887292978e-05
exponential,0.4,327,1,divergence,eta,6.23549469116639e-17,2.87278026794654e-16,3.00466142704931e-06
exponential,0.4,327,1,advective,u,8.26352651471768e-17,2.6282765314855e-16,4.33132844059094e-07
exponential,0.4,327,1,advective,v,1.76933660497806e-17,1.41531688068787e-16,1.14396725282042e-07
exponential,0.4,327,1,advective,w,1.15376604366229e-15,9.86275167470641e-15,1.02175887292978e-05
exponential,0.4,327,1,advective,eta,1.62271109400491e-17,1.04579769865699e-16,3.00466142704931e-06
exponential,0.4,327,1,split,u,6.43731066377853e-14,9.02992124916305e-14,4.33132844059094e-07
exponential,0.4,327,1,split,v,1.78910238020136e-15,3.39636256698435e-15,1.14396725282042e-07
exponential,0.4,327,1,split,w,1.25514255378381e-15,1.07087484624382e-14,1.02175887292978e-05
exponential,0.4,327,1,split,eta,3.7502951019098e-17,1.92308269232028e-16,3.00466142704931e-06
exponential,0.4,327,1,compatible,u,6.50128739712859e-12,1.48969431484596e-11,4.33132844059094e-07
exponential,0.4,327,1,compatible,v,5.66811234424392e-12,1.48625970312187e-11,1.14396725282042e-07
exponential,0.4,327,1,compatible,w,1.98828084747652e-13,5.97416237242933e-13,1.02175887292978e-05
exponential,0.4,327,1,compatible,eta,3.28644786661535e-10,9.05779516004174e-10,3.00466142704931e-06
exponential,0.4,327,2,divergence,u,1.28573983036527e-13,1.80454584706895e-13,4.3307601657005e-07
exponential,0.4,327,2,divergence,v,3.5600656718719e-15,6.79386460504099e-15,1.14350403087975e-07
exponential,0.4,327,2,divergence,w,1.27301603075579e-15,1.13405329206802e-14,7.33369728414444e-06
exponential,0.4,327,2,divergence,eta,1.07545786579488e-17,1.01401490489364e-16,3.04978296837195e-06
exponential,0.4,327,2,advective,u,7.79710345828603e-17,2.57151155973407e-16,4.3307601657005e-07
exponential,0.4,327,2,advective,v,1.24909282151459e-17,1.38518791875403e-16,1.14350403087975e-07
exponential,0.4,327,2,advective,w,8.1032575341578e-16,9.64850527861027e-15,7.33369728414444e-06
exponential,0.4,327,2,advective,eta,1.07247754047837e-17,1.04579981623936e-16,3.04978296837195e-06
exponential,0.4,327,2,split,u,6.42915683068674e-14,9.02989675932297e-14,4.3307601657005e-07
exponential,0.4,327,2,split,v,1.78017317395229e-15,3.39823040698194e-15,1.14350403087975e-07
exponential,0.4,327,2,split,w,9.47452720219164e-16,1.04945190996452e-14,7.33369728414444e-06
exponential,0.4,327,2,split,eta,1.07379610303808e-17,1.02760343094997e-16,3.04978296837195e-06
exponential,0.4,327,2,compatible,u,1.4928375780437e-12,3.39740768748016e-12,4.3307601657005e-07
exponential,0.4,327,2,compatible,v,1.29581833537163e-12,3.34787014569527e-12,1.14350403087975e-07
exponential,0.4,327,2,compatible,w,4.51062322910105e-14,1.33882382984917e-13,7.33369728414444e-06
exponential,0.4,327,2,compatible,eta,7.51906557640003e-11,2.03871949070535e-10,3.04978296837195e-06
exponential,0.4,327,3,divergence,u,2.6859933945073e-17,3.00758000284834e-16,4.33076016570011e-07
exponential,0.4,327,3,divergence,v,1.2368056627132e-17,1.44757798336862e-16,1.1435040308797e-07
exponential,0.4,327,3,divergence,w,8.10644685663722e-16,1.11123303729937e-14,7.33370716535488e-06
exponential,0.4,327,3,divergence,eta,1.18915583585732e-17,1.83260438651747e-16,3.04978296837183e-06
exponential,0.4,327,3,advective,u,2.68513514395731e-17,3.00652544682901e-16,4.33076016570011e-07
exponential,0.4,327,3,advective,v,1.23679967886297e-17,1.44755760163833e-16,1.1435040308797e-07
exponential,0.4,327,3,advective,w,8.10645307699965e-16,1.11123302935844e-14,7.33370716535488e-06
exponential,0.4,327,3,advective,eta,1.19222699857608e-17,1.84928775920483e-16,3.04978296837183e-06
exponential,0.4,327,3,split,u,2.68556422088893e-17,3.00705272483868e-16,4.33076016570011e-07
exponential,0.4,327,3,split,v,1.23680258517035e-17,1.44756766015457e-16,1.1435040308797e-07
exponential,0.4,327,3,split,w,8.10645018181658e-16,1.11123303332891e-14,7.33370716535488e-06
exponential,0.4,327,3,split,eta,1.19054886559367e-17,1.84094554346556e-16,3.04978296837183e-06
exponential,0.4,327,3,compatible,u,1.49145252348163e-12,3.35431974063442e-12,4.33076016570011e-07
exponential,0.4,327,3,compatible,v,1.29581711253188e-12,3.34652448825491e-12,1.1435040308797e-07
exponential,0.4,327,3,compatible,w,4.51035691289826e-14,1.34969155923904e-13,7.33370716535488e-06
exponential,0.4,327,3,compatible,eta,7.51906557747222e-11,2.03934377613738e-10,3.04978296837183e-06
exponential,0.4,327,4,divergence,u,1.74915934960619e-17,2.75063044071638e-16,4.33046288451404e-07
exponential,0.4,327,4,divergence,v,8.03842727723038e-18,1.32237460236361e-16,1.14326165540907e-07
exponential,0.4,327,4,divergence,w,5.27375053410802e-16,1.01469748904117e-14,5.72960172232409e-06
exponential,0.4,327,4,divergence,eta,8.47054365044334e-18,1.76418794718097e-16,3.07312111294092e-06
exponential,0.4,327,4,advective,u,1.74711394855579e-17,2.74764041441257e-16,4.33046288451404e-07
exponential,0.4,327,4,advective,v,8.03840279375839e-18,1.32231081019477e-16,1.14326165540907e-07
exponential,0.4,327,4,advective,w,5.27376598479673e-16,1.01469746257139e-14,5.72960172232409e-06
exponential,0.4,327,4,advective,eta,8.61291735910531e-18,1.84929411195193e-16,3.07312111294092e-06
exponential,0.4,327,4,split,u,1.74813615942718e-17,2.74913542756448e-16,4.33046288451404e-07
exponential,0.4,327,4,split,v,8.0384076213767e-18,1.32234257393029e-16,1.14326165540907e-07
exponential,0.4,327,4,split,w,5.2737580934115e-16,1.01469747580628e-14,5.72960172232409e-06
exponential,0.4,327,4,split,eta,8.52804272210923e-18,1.80673917668188e-16,3.07312111294092e-06
exponential,0.4,327,4,compatible,u,3.58503344701019e-13,8.00409506591938e-13,4.33046288451404e-07
exponential,0.4,327,4,compatible,v,3.1108646317734e-13,7.97321807741078e-13,1.14326165540907e-07
exponential,0.4,327,4,compatible,w,1.08071128730943e-14,3.20552663391317e-14,5.72960172232409e-06
exponential,0.4,327,4,compatible,eta,1.80557806456061e-11,4.86064699232146e-11,3.07312111294092e-06
exponential,0.4,327,5,divergence,u,8.18660534482e-18,1.73552921606788e-16,4.33031077926998e-07
exponential,0.4,327,5,divergence,v,3.70380252557816e-18,8.20837129871481e-17,1.14313762948161e-07
exponential,0.4,327,5,divergence,w,2.46753385913959e-16,6.3331338976949e-15,5.14578078277134e-06
exponential,0.4,327,5,divergence,eta,7.76224198465657e-18,2.07833192015117e-16,3.08499328697941e-06
exponential,0.4,327,5,advective,u,8.10286894024239e-18,1.71262968033886e-16,4.33031077926998e-07
exponential,0.4,327,5,advective,v,3.70176452635085e-18,8.20509434000012e-17,1.14313762948161e-07
exponential,0.4,327,5,advective,w,2.46758166220008e-16,6.33313367270177e-15,5.14578078277134e-06
exponential,0.4,327,5,advective,eta,6.26041052492768e-18,1.94216550089769e-16,3.08499328697941e-06
exponential,0.4,327,5,split,u,8.14455583169023e-18,1.72407944820337e-16,4.33031077926998e-07
exponential,0.4,327,5,split,v,3.70251258000743e-18,8.20673281935747e-17,1.14313762948161e-07
exponential,0.4,327,5,split,w,2.46755768861019e-16,6.33313377858089e-15,5.14578078277134e-06
exponential,0.4,327,5,split,eta,6.76997424780766e-18,1.8071786246541e-16,3.08499328697941e-06
exponential,0.4,327,5,compatible,u,8.79618485479383e-14,1.95701438431861e-13,4.33031077926998e-07
exponential,0.4,327,5,compatible,v,7.62861216779669e-14,1.94771484876598e-13,1.14313762948161e-07
exponential,0.4,327,5,compatible,w,2.65442638937297e-15,7.91087361757946e-15,5.14578078277134e-06
exponential,0.4,327,5,compatible,eta,4.42822974352585e-12,1.18754124059261e-11,3.08499328697941e-06
exponential,0.4,327,6,divergence,u,8.17219928972821e-18,1.7453039762792e-16,4.33031077926998e-07
exponential,0.4,327,6,divergence,v,3.70415935511303e-18,8.25715245554278e-17,1.14313762948161e-07
exponential,0.4,327,6,divergence,w,4.39163073450372e-08,2.07389151288241e-06,5.14576384505948e-06
exponential,0.4,327,6,divergence,eta,7.74917732992445e-18,2.42204300089594e-16,3.08499328697941e-06
exponential,0.4,327,6,advective,u,8.09365913872925e-18,1.73009338212888e-16,4.33031077926998e-07
exponential,0.4,327,6,advective,v,3.70190398445062e-18,8.25240907103815e-17,1.14313762948161e-07
exponential,0.4,327,6,advective,w,4.39163073450371e-08,2.07389151288237e-06,5.14576384505948e-06
exponential,0.4,327,6,advective,eta,6.25065189276396e-18,1.96250959447313e-16,3.08499328697941e-06
exponential,0.4,327,6,split,u,8.13275545137699e-18,1.73450165922374e-16,4.33031077926998e-07
exponential,0.4,327,6,split,v,3.70274090769084e-18,8.25478076329047e-17,1.14313762948161e-07
exponential,0.4,327,6,split,w,4.39163073450371e-08,2.07389151288239e-06,5.14576384505948e-06
exponential,0.4,327,6,split,eta,6.75740693756953e-18,2.15570619612603e-16,3.08499328697941e-06
exponential,0.4,327,6,compatible,u,8.79618485991951e-14,1.95701437267191e-13,4.33031077926998e-07
exponential,0.4,327,6,compatible,v,7.62861217162062e-14,1.94771834965903e-13,1.14313762948161e-07
exponential,0.4,327,6,compatible,w,4.39163073449547e-08,2.07389151273223e-06,5.14576384505948e-06
exponential,0.4,327,6,compatible,eta,4.42822974417404e-12,1.189481454431e-11,3.08499328697941e-06
exponential,0.4,327,7,divergence,u,1.10215520688017e-22,6.35274710440725e-22,4.33023383684193e-07
exponential,0.4,327,7,divergence,v,3.02794262149482e-23,1.58818677610181e-22,1.14307488750706e-07
exponential,0.4,327,7,divergence,w,1.20169056939112e-21,5.42101086242752e-20,4.80972961306851e-06
exponential,0.4,327,7,divergence,eta,7.65074903204861e-22,8.470329472543e-21,3.09098129999593e-06
exponential,0.4,327,7,advective,u,1.54101527027283e-19,6.33855930254074e-18,4.33023383684193e-07
exponential,0.4,327,7,advective,v,8.54270552660212e-20,4.55423145959036e-18,1.14307488750706e-07
exponential,0.4,327,7,advective,w,1.68134103097012e-20,9.58841296291868e-19,4.80972961306851e-06
exponential,0.4,327,7,advective,eta,5.12493750161257e-18,1.94216761848006e-16,3.09098129999593e-06
exponential,0.4,327,7,split,u,7.70510692740346e-20,3.16917377215196e-18,4.33023383684193e-07
exponential,0.4,327,7,split,v,4.27135689180243e-20,2.27708926001558e-18,1.14307488750706e-07
exponential,0.4,327,7,split,w,8.48518802224434e-21,4.81114714040443e-19,4.80972961306851e-06
exponential,0.4,327,7,split,eta,2.56246867931939e-18,9.71084049122408e-17,3.09098129999593e-06
exponential,0.4,327,7,compatible,u,2.17901380461394e-14,4.8385007247712e-14,4.33023383684193e-07
exponential,0.4,327,7,compatible,v,1.88929956099164e-14,4.81489923695692e-14,1.14307488750706e-07
exponential,0.4,327,7,compatible,w,6.54316897309881e-16,1.95421238728535e-15,4.80972961306851e-06
exponential,0.4,327,7,compatible,eta,1.0967520112561e-12,2.93514300812528e-12,3.09098129999593e-06
exponential,0.4,901,1,divergence,u,9.49586474726204e-15,1.18646818715248e-14,4.38953049169634e-07
exponential,0.4,901,1,divergence,v,3.60453674150223e-15,5.71473057478604e-15,1.11677301963311e-07
exponential,0.4,901,1,divergence,w,5.87805837129041e-15,1.96640282391999e-14,1.02824160726359e-05
exponential,0.4,901,1,divergence,eta,1.10925453689098e-17,1.36309650539625e-16,6.43063908110803e-07
exponential,0.4,901,1,advective,u,3.37179471173985e-17,2.71700852666631e-16,4.38953049169634e-07
exponential,0.4,901,1,advective,v,1.5440643669308e-17,1.27042898338426e-16,1.11677301963311e-07
exponential,0.4,901,1,advective,w,1.0304594108909e-15,1.03941678108965e-14,1.02824160726359e-05
exponential,0.4,901,1,advective,eta,1.15871532907962e-17,1.58972864076361e-16,6.43063908110803e-07
exponential,0.4,901,1,split,u,4.74836968051399e-15,6.04913322666163e-15,4.38953049169634e-07
exponential,0.4,901,1,split,v,1.80244751449587e-15,2.88218921580376e-15,1.11677301963311e-07
exponential,0.4,901,1,split,w,3.07174709312792e-15,1.50290980184308e-14,1.02824160726359e-05
exponential,0.4,901,1,split,eta,1.10928552300166e-17,1.47641680824467e-16,6.43063908110803e-07
exponential,0.4,901,1,compatible,u,3.62184130877556e-13,8.24637938865258e-13,4.38953049169634e-07
exponential,0.4,901,1,compatible,v,3.6396674018699e-13,9.4670445082299e-13,1.11677301963311e-07
exponential,0.4,901,1,compatible,w,2.76825775818816e-14,9.33068866143977e-14,1.02824160726359e-05
exponential,0.4,901,1,compatible,eta,2.15506219116286e-11,6.70839261876797e-11,6.43063908110803e-07
exponential,0.4,901,2,divergence,u,9.49128867231192e-15,1.18595223820849e-14,4.38925255872929e-07
exponential,0.4,901,2,divergence,v,3.59229789806626e-15,5.71752432767411e-15,1.11672499213479e-07
exponential,0.4,901,2,divergence,w,5.81087973152574e-15,1.94447168640119e-14,7.38016790580301e-06
exponential,0.4,901,2,divergence,eta,8.16427039093779e-18,1.57995811571703e-16,6.52594727322786e-07
exponential,0.4,901,2,advective,u,2.39906677466113e-17,2.66153845653299e-16,4.38925255872929e-07
exponential,0.4,901,2,advective,v,1.09474288219689e-17,1.24420034347474e-16,1.11672499213479e-07
exponential,0.4,901,2,advective,w,7.2419550202444e-16,1.01748563827689e-14,7.38016790580301e-06
exponential,0.4,901,2,advective,eta,8.29774425199658e-18,1.58971170010467e-16,6.52594727322786e-07
exponential,0.4,901,2,split,u,4.74603441258019e-15,6.04403938227508e-15,4.38925255872929e-07
exponential,0.4,901,2,split,v,1.79630192266251e-15,2.87990220037639e-15,1.11672499213479e-07
exponential,0.4,901,2,split,w,2.97268117046057e-15,1.48097866300078e-14,7.38016790580301e-06
exponential,0.4,901,2,split,eta,8.23082171191798e-18,1.58483279032848e-16,6.52594727322786e-07
exponential,0.4,901,2,compatible,u,8.32078444940651e-14,1.89806693053463e-13,4.38925255872929e-07
exponential,0.4,901,2,compatible,v,8.27780828522888e-14,2.12395823692351e-13,1.11672499213479e-07
exponential,0.4,901,2,compatible,w,6.85559008918311e-15,2.25506290143512e-14,7.38016790580301e-06
exponential,0.4,901,2,compatible,eta,4.90362041654398e-12,1.50328248325321e-11,6.52594727322786e-07
exponential,0.4,901,3,divergence,u,2.33018989757939e-17,2.60942369566199e-16,4.3892525587296e-07
exponential,0.4,901,3,divergence,v,1.07487639701849e-17,1.27541694865241e-16,1.11672499213479e-07
exponential,0.4,901,3,divergence,w,7.22589147340584e-16,1.01593686897308e-14,7.38018903281075e-06
exponential,0.4,901,3,divergence,eta,8.52307393148062e-18,1.87186234530201e-16,6.52594727322831e-07
exponential,0.4,901,3,advective,u,2.32952650378881e-17,2.60923523083122e-16,4.3892525587296e-07
exponential,0.4,901,3,advective,v,1.07486645693131e-17,1.27536083271965e-16,1.11672499213479e-07
exponential,0.4,901,3,advective,w,7.22589446786411e-16,1.0159368663261e-14,7.38018903281075e-06
exponential,0.4,901,3,advective,eta,8.69371749245651e-18,1.90896874113886e-16,6.52594727322831e-07
exponential,0.4,901,3,split,u,2.32985806319186e-17,2.6093294632466e-16,4.3892525587296e-07
exponential,0.4,901,3,split,v,1.07487140591863e-17,1.27538915538382e-16,1.11672499213479e-07
exponential,0.4,901,3,split,w,7.22589285882777e-16,1.01593686897308e-14,7.38018903281075e-06
exponential,0.4,901,3,split,eta,8.60820160731069e-18,1.89041448442925e-16,6.52594727322831e-07
exponential,0.4,901,3,compatible,u,8.30723845663495e-14,1.85151875584353e-13,4.3892525587296e-07
exponential,0.4,901,3,compatible,v,8.27585909430337e-14,2.11696347054265e-13,1.11672499213479e-07
exponential,0.4,901,3,compatible,w,6.21967932120852e-15,2.05323140934425e-14,7.38018903281075e-06
exponential,0.4,901,3,compatible,eta,4.90362041901825e-12,1.50328248310498e-11,6.52594727322831e-07
exponential,0.4,901,4,divergence,u,1.52011093776716e-17,2.3889007854267e-16,4.38910717139889e-07
exponential,0.4,901,4,divergence,v,7.0098727811416e-18,1.16841921735965e-16,1.1166998692363e-07
exponential,0.4,901,4,divergence,w,4.71508210234274e-16,9.3026620438837e-15,5.77140137548431e-06
exponential,0.4,901,4,divergence,eta,5.50201678070332e-18,1.74819977016762e-16,6.57525050446735e-07
exponential,0.4,901,4,advective,u,1.51644401564064e-17,2.38536548166309e-16,4.38910717139889e-07
exponential,0.4,901,4,advective,v,7.00921613309188e-18,1.16809390376835e-16,1.1166998692363e-07
exponential,0.4,901,4,advective,w,4.71509810527186e-16,9.30266195123947e-15,5.77140137548431e-06
exponential,0.4,901,4,advective,eta,6.30271248561832e-18,1.90898991696254e-16,6.57525050446735e-07
exponential,0.4,901,4,split,u,1.51827671554637e-17,2.3871326041493e-16,4.38910717139889e-07
exponential,0.4,901,4,split,v,7.00953662666726e-18,1.1682566929129e-16,1.1166998692363e-07
exponential,0.4,901,4,split,w,4.71508996281695e-16,9.30266199094414e-15,5.77140137548431e-06
exponential,0.4,901,4,split,eta,5.89674422860717e-18,1.82859590235626e-16,6.57525050446735e-07
exponential,0.4,901,4,compatible,u,1.99671445906856e-14,4.41948241961044e-14,4.38910717139889e-07
exponential,0.4,901,4,compatible,v,1.98291722575193e-14,5.03418817371278e-14,1.1166998692363e-07
exponential,0.4,901,4,compatible,w,1.54675953719973e-15,9.30266199094414e-15,5.77140137548431e-06
exponential,0.4,901,4,compatible,eta,1.17515438575136e-12,3.57432679700516e-12,6.57525050446735e-07
exponential,0.4,901,5,divergence,u,7.0775924634657e-18,1.53275905761586e-16,4.38903278531947e-07
exponential,0.4,901,5,divergence,v,3.28019563176833e-18,7.33435241115658e-17,1.11668701544131e-07
exponential,0.4,901,5,divergence,w,2.23847139350867e-16,5.83857293266349e-15,5.18360403612652e-06
exponential,0.4,901,5,divergence,eta,3.78511055384937e-18,1.49555948815482e-16,6.60033300056214e-07
exponential,0.4,901,5,advective,u,6.99137251609895e-18,1.52105412107599e-16,4.38903278531947e-07
exponential,0.4,901,5,advective,v,3.27915882327725e-18,7.32335686471003e-17,1.11668701544131e-07
exponential,0.4,901,5,advective,w,2.23850947450683e-16,5.83857298560305e-15,5.18360403612652e-06
exponential,0.4,901,5,advective,eta,4.86295547259581e-18,1.95540308730734e-16,6.60033300056214e-07
exponential,0.4,901,5,split,u,7.03417783519502e-18,1.52690605995033e-16,4.38903278531947e-07
exponential,0.4,901,5,split,v,3.27951279080961e-18,7.32885463793331e-17,1.11668701544131e-07
exponential,0.4,901,5,split,w,2.23849053229125e-16,5.83857295913327e-15,5.18360403612652e-06
exponential,0.4,901,5,split,eta,4.05632467335893e-18,1.72442779050293e-16,6.60033300056214e-07
exponential,0.4,901,5,compatible,u,4.89903113984213e-15,1.08032864846606e-14,4.38903278531947e-07
exponential,0.4,901,5,compatible,v,4.85849776044399e-15,1.22897353129046e-14,1.11668701544131e-07
exponential,0.4,901,5,compatible,w,4.24365580688195e-16,5.83857295913327e-15,5.18360403612652e-06
exponential,0.4,901,5,compatible,eta,2.87956710449978e-13,8.72354965448732e-13,6.60033300056214e-07
exponential,0.4,901,6,divergence,u,7.07956627663863e-18,1.54544761116573e-16,4.38903278531947e-07
exponential,0.4,901,6,divergence,v,3.28427912711147e-18,7.31680559425861e-17,1.11668701544131e-07
exponential,0.4,901,6,divergence,w,4.37746203946971e-08,2.05619213208692e-06,5.18358501874638e-06
exponential,0.4,901,6,divergence,eta,3.86726725290333e-18,1.93120415009767e-16,6.60033300056214e-07
exponential,0.4,901,6,advective,u,6.99368117388458e-18,1.52887964671744e-16,4.38903278531947e-07
exponential,0.4,901,6,advective,v,3.28263562448749e-18,7.30606945165217e-17,1.11668701544131e-07
exponential,0.4,901,6,advective,w,4.37746203946971e-08,2.05619213208662e-06,5.18358501874638e-06
exponential,0.4,901,6,advective,eta,4.85747406714218e-18,2.2274052190054e-16,6.60033300056214e-07
exponential,0.4,901,6,split,u,7.03633654216074e-18,1.53716362894158e-16,4.38903278531947e-07
exponential,0.4,901,6,split,v,3.28327300525331e-18,7.31143752295539e-17,1.11668701544131e-07
exponential,0.4,901,6,split,w,4.37746203946971e-08,2.05619213208677e-06,5.18358501874638e-06
exponential,0.4,901,6,split,eta,4.06829938201527e-18,2.07930786092509e-16,6.60033300056214e-07
exponential,0.4,901,6,compatible,u,4.89903103076171e-15,1.08970167153841e-14,4.38903278531947e-07
exponential,0.4,901,6,compatible,v,4.85849776817299e-15,1.23167967582548e-14,1.11668701544131e-07
exponential,0.4,901,6,compatible,w,4.37746203947098e-08,2.05619213208677e-06,5.18358501874638e-06
exponential,0.4,901,6,compatible,eta,2.87956710835329e-13,8.72485952317761e-13,6.60033300056214e-07
exponential,0.4,901,7,divergence,u,1.15332718884777e-22,6.35274710440725e-22,4.38899515764282e-07
exponential,0.4,901,7,divergence,v,3.06224934990768e-23,1.58818677610181e-22,1.11668051346638e-07
exponential,0.4,901,7,divergence,w,1.25661535254442e-21,5.42101086242752e-20,4.84588843657588e-06
exponential,0.4,901,7,divergence,eta,1.61627704758664e-22,1.27054942088145e-21,6.61298441178493e-07
exponential,0.4,901,7,advective,u,2.52127906781947e-19,1.0838104197474e-17,4.38899515764282e-07
exponential,0.4,901,7,advective,v,1.03572933743821e-19,4.95718091446699e-18,1.11668051346638e-07
exponential,0.4,901,7,advective,w,2.29874091881274e-20,1.07333632795901e-18,4.84588843657588e-06
exponential,0.4,901,7,advective,eta,4.302553861307e-18,1.95537555873655e-16,6.61298441178493e-07
exponential,0.4,901,7,split,u,1.26064021627825e-19,5.41899915917779e-18,4.38899515764282e-07
exponential,0.4,901,7,split,v,5.17864151391197e-20,2.47855075256409e-18,1.11668051346638e-07
exponential,0.4,901,7,split,w,1.15647185629803e-20,5.4300105874921e-19,4.84588843657588e-06
exponential,0.4,901,7,split,eta,2.15127661294223e-18,9.77689896950644e-17,6.61298441178493e-07
exponential,0.4,901,7,compatible,u,1.21357607880297e-15,2.67109542339774e-15,4.38899515764282e-07
exponential,0.4,901,7,compatible,v,1.20277800759741e-15,3.03679882788035e-15,1.11668051346638e-07
exponential,0.4,901,7,compatible,w,8.90739825819489e-17,2.92467076360987e-16,4.84588843657588e-06
exponential,0.4,901,7,compatible,eta,7.12896708805816e-14,2.15536924906659e-13,6.61298441178493e-07
