interaction,inputA,inputB,output,channel,error,modeA,signA,modeB,signB,referenceStability,eigenProductStability,productCount,zeroProductCount
893,wave,wave,wave,u*dx(u),7.83406051767117e-07,24,-1,23,1,3.55862072689675e-15,1.38471456523348e-11,2304,0
893,wave,wave,wave,v*dy(u),7.83406051804368e-07,24,-1,23,1,3.62326017828925e-15,1.38440370278659e-11,2304,0
893,wave,wave,wave,w*dz(u),7.83672358196706e-07,24,1,23,1,6.88033810761749e-15,8.63839656360693e-07,2304,0
893,wave,wave,wave,u*dx(v),7.86214840680638e-07,24,1,23,1,3.64541827215088e-15,1.38453692954954e-11,2304,0
893,wave,wave,wave,v*dy(v),7.86214840726795e-07,24,1,23,1,3.67594686427588e-15,1.38422606710265e-11,2304,0
893,wave,wave,wave,w*dz(v),7.86482572492686e-07,24,1,23,1,7.29924473187632e-15,9.07960703272463e-07,2304,0
893,wave,wave,wave,u*dx(w),1.46658176887319e-09,24,1,24,1,9.99200722162641e-16,1.39837030843637e-11,2304,0
893,wave,wave,wave,v*dy(w),1.46658176888484e-09,24,1,24,1,9.99200722162641e-16,1.39805944598947e-11,2304,0
893,wave,wave,wave,w*dz(w),1.4665818867072e-09,24,1,24,1,8.88178419700125e-16,1.37541089628712e-11,2304,0
893,wave,wave,wave,u*dx(eta),9.93730720877117e-08,24,1,24,1,1.29944341363565e-15,1.01967323473673e-11,2304,0
893,wave,wave,wave,v*dy(eta),9.93730720890664e-08,24,1,24,1,1.63390511153117e-15,1.01936237228983e-11,2304,0
893,wave,wave,wave,w*dz(eta),9.93730765728178e-08,24,1,24,1,1.74317787896092e-15,9.93827242723455e-12,2304,0
893,wave,wave,wave,w*eta*dlogN2,5.99953330563251e-08,24,1,23,1,9.99200722162641e-16,1.00786046175472e-11,2304,0
893,wave,apv,wave,u*dx(u),5.85469744621741e-11,24,1,5,0,2.38035572714552e-15,8.00691999787612e-12,288,0
893,wave,apv,wave,v*dy(u),5.85470132777274e-11,24,1,5,0,2.97561113799248e-15,8.0068932981766e-12,288,0
893,wave,apv,wave,w*dz(u),6.12417940075388e-11,24,1,5,0,2.15782696977011e-15,2.12442986260462e-11,288,0
893,wave,apv,wave,u*dx(v),5.86948024158871e-11,24,1,5,0,2.3730200597489e-15,1.12074957941812e-11,288,0
893,wave,apv,wave,v*dy(v),5.86947136920073e-11,24,1,5,0,2.47216859224928e-15,1.1206447312378e-11,288,0
893,wave,apv,wave,w*dz(v),6.13955402639271e-11,24,1,5,0,3.54130132056376e-15,2.70256696355616e-11,288,0
893,wave,apv,wave,u*dx(w),0,1,1,-1,0,0,0,0,288
893,wave,apv,wave,v*dy(w),0,1,1,-1,0,0,0,0,288
893,wave,apv,wave,w*dz(w),0,1,1,-1,0,0,0,0,288
893,wave,apv,wave,u*dx(eta),4.34425688826587e-12,24,1,5,0,9.94896791414401e-16,1.96638261229509e-11,288,0
893,wave,apv,wave,v*dy(eta),4.34425939718242e-12,24,1,5,0,9.84351744565843e-16,1.9633850101286e-11,288,0
893,wave,apv,wave,w*dz(eta),4.23707272087725e-12,24,1,5,0,8.05329899627506e-16,1.98940197648767e-10,288,0
893,wave,apv,wave,w*eta*dlogN2,1.01564616681349e-11,24,1,5,0,1.25561597917023e-15,2.59416932379963e-11,288,0
893,apv,wave,wave,u*dx(u),5.8547374613547e-11,5,0,24,1,2.36520994612837e-15,8.01247302383428e-12,288,0
893,apv,wave,wave,v*dy(u),5.85473285815999e-11,5,0,24,1,2.28701991298948e-15,8.01202306289011e-12,288,0
893,apv,wave,wave,w*dz(u),0,-1,0,1,1,0,0,0,288
893,apv,wave,wave,u*dx(v),5.86952896891185e-11,5,0,24,1,2.50392518967216e-15,1.20098780023751e-11,288,0
893,apv,wave,wave,v*dy(v),5.86951801564766e-11,5,0,24,1,2.35150611722788e-15,1.20100745777089e-11,288,0
893,apv,wave,wave,w*dz(v),0,-1,0,1,1,0,0,0,288
893,apv,wave,wave,u*dx(w),7.33587640441746e-14,5,0,24,1,5.55111512312578e-16,8.33333402283642e-12,288,0
893,apv,wave,wave,v*dy(w),7.33585424759273e-14,5,0,24,1,5.55111512312578e-16,8.33333402283642e-12,288,0
893,apv,wave,wave,w*dz(w),0,-1,0,1,1,0,0,0,288
893,apv,wave,wave,u*dx(eta),4.23641007875323e-12,5,0,24,1,1.18525153319278e-15,5.37961747233751e-12,288,0
893,apv,wave,wave,v*dy(eta),4.23641522427135e-12,5,0,24,1,9.57247359428606e-16,5.37960895205344e-12,288,0
893,apv,wave,wave,w*dz(eta),0,-1,0,1,1,0,0,0,288
893,apv,wave,wave,w*eta*dlogN2,0,-1,0,1,1,0,0,0,288
893,wave,boundary,wave,u*dx(u),1.96458611241905e-14,1,1,1,0,2.09138487051081e-15,1.02264863244272e-11,96,0
893,wave,boundary,wave,v*dy(u),1.95665004158506e-14,1,1,1,0,1.95966882586013e-15,1.02233776999583e-11,96,0
893,wave,boundary,wave,w*dz(u),2.09874430514194e-14,24,1,2,0,1.63148690402888e-15,6.27786711504541e-12,96,0
893,wave,boundary,wave,u*dx(v),2.11757227159249e-14,1,1,1,0,1.66968333747425e-15,1.46935247300329e-11,96,0
893,wave,boundary,wave,v*dy(v),2.12361737650901e-14,1,1,1,0,1.89831211923521e-15,1.46913207643349e-11,96,0
893,wave,boundary,wave,w*dz(v),2.11263828310103e-14,24,1,2,0,1.7023634971206e-15,6.27808915965034e-12,96,0
893,wave,boundary,wave,u*dx(w),0,1,1,1,0,0,0,0,96
893,wave,boundary,wave,v*dy(w),0,1,1,1,0,0,0,0,96
893,wave,boundary,wave,w*dz(w),0,1,1,1,0,0,0,0,96
893,wave,boundary,wave,u*dx(eta),1.44815505385057e-15,24,1,2,0,4.44089209850063e-16,6.08935124546406e-12,96,0
893,wave,boundary,wave,v*dy(eta),1.44708817437507e-15,24,1,2,0,4.44089209850063e-16,6.08602057639018e-12,96,0
893,wave,boundary,wave,w*dz(eta),1.07193497315519e-15,22,1,2,0,7.79286227448995e-16,6.28919138989659e-12,96,0
893,wave,boundary,wave,w*eta*dlogN2,1.03061326019244e-15,19,1,2,0,7.16696325055504e-16,6.27653484741586e-12,96,0
893,boundary,wave,wave,u*dx(u),2.26649768891842e-14,1,0,1,1,2.05711166672559e-15,7.82471731403019e-12,96,0
893,boundary,wave,wave,v*dy(u),2.27193424002158e-14,1,0,1,1,1.85083027394288e-15,7.82469538085865e-12,96,0
893,boundary,wave,wave,w*dz(u),0,1,0,1,1,0,0,0,96
893,boundary,wave,wave,u*dx(v),2.44256740244622e-14,1,0,1,1,1.73664606130716e-15,9.4169603380348e-12,96,0
893,boundary,wave,wave,v*dy(v),2.44393612847984e-14,1,0,1,1,1.53876589551659e-15,9.41700652344982e-12,96,0
893,boundary,wave,wave,w*dz(v),0,1,0,1,1,0,0,0,96
893,boundary,wave,wave,u*dx(w),4.67481728980445e-17,1,0,1,1,4.44089209850063e-16,1.34137145835211e-11,96,0
893,boundary,wave,wave,v*dy(w),4.34092983425106e-17,1,0,17,1,6.66133814775094e-16,1.34137145835211e-11,96,0
893,boundary,wave,wave,w*dz(w),0,1,0,1,1,0,0,0,96
893,boundary,wave,wave,u*dx(eta),1.08980164931204e-15,2,0,22,1,7.80283994429163e-16,2.39033312915446e-11,96,0
893,boundary,wave,wave,v*dy(eta),1.12667783164287e-15,2,0,24,1,6.66133814775094e-16,2.39032360011035e-11,96,0
893,boundary,wave,wave,w*dz(eta),0,1,0,1,1,0,0,0,96
893,boundary,wave,wave,w*eta*dlogN2,0,1,0,1,1,0,0,0,96
893,apv,boundary,wave,u*dx(u),3.03515377092882e-15,5,0,1,0,1.16446575088365e-15,2.45758968731025e-11,12,0
893,apv,boundary,wave,v*dy(u),3.19658330753325e-15,5,0,1,0,1.28805547795725e-15,2.45758968731025e-11,12,0
893,apv,boundary,wave,w*dz(u),0,-1,0,1,0,0,0,0,12
893,apv,boundary,wave,u*dx(v),4.57217666961161e-15,5,0,1,0,1.97044820978033e-15,2.4912021049342e-11,12,0
893,apv,boundary,wave,v*dy(v),4.46077063233168e-15,5,0,1,0,1.81320194456833e-15,2.491182756762e-11,12,0
893,apv,boundary,wave,w*dz(v),0,-1,0,1,0,0,0,0,12
893,apv,boundary,wave,u*dx(w),0,-1,0,1,0,0,0,0,12
893,apv,boundary,wave,v*dy(w),0,-1,0,1,0,0,0,0,12
893,apv,boundary,wave,w*dz(w),0,-1,0,1,0,0,0,0,12
893,apv,boundary,wave,u*dx(eta),3.6793379748107e-16,-1,0,2,0,3.03536304807796e-16,2.31337171641144e-11,12,0
893,apv,boundary,wave,v*dy(eta),3.81787571891154e-16,1,0,2,0,4.43685988585021e-16,2.31339392087193e-11,12,0
893,apv,boundary,wave,w*dz(eta),0,-1,0,1,0,0,0,0,12
893,apv,boundary,wave,w*eta*dlogN2,0,-1,0,1,0,0,0,0,12
893,boundary,apv,wave,u*dx(u),2.9286923700164e-15,1,0,5,0,1.29141962328746e-15,2.21132001598789e-11,12,0
893,boundary,apv,wave,v*dy(u),2.8413208050414e-15,1,0,5,0,1.25041037524621e-15,2.21125340260642e-11,12,0
893,boundary,apv,wave,w*dz(u),0,1,0,-1,0,0,0,0,12
893,boundary,apv,wave,u*dx(v),4.4648709325925e-15,1,0,5,0,1.54797220783426e-15,2.26184923068743e-11,12,0
893,boundary,apv,wave,v*dy(v),4.33831284948853e-15,1,0,4,0,1.40980127953329e-15,2.26165200810225e-11,12,0
893,boundary,apv,wave,w*dz(v),0,1,0,-1,0,0,0,0,12
893,boundary,apv,wave,u*dx(w),0,1,0,-1,0,0,0,0,12
893,boundary,apv,wave,v*dy(w),0,1,0,-1,0,0,0,0,12
893,boundary,apv,wave,w*dz(w),0,1,0,-1,0,0,0,0,12
893,boundary,apv,wave,u*dx(eta),6.50910059826252e-16,2,0,3,0,8.52556865005353e-16,2.02347028022132e-11,12,0
893,boundary,apv,wave,v*dy(eta),6.54463559203386e-16,2,0,2,0,6.18734550226053e-16,2.02348138245156e-11,12,0
893,boundary,apv,wave,w*dz(eta),0,1,0,-1,0,0,0,0,12
893,boundary,apv,wave,w*eta*dlogN2,0,1,0,-1,0,0,0,0,12
893,boundary,boundary,wave,u*dx(u),9.67180701554569e-14,2,0,1,0,5.55926979899726e-14,8.74725246565632e-09,4,0
893,boundary,boundary,wave,v*dy(u),9.67172275237205e-14,2,0,1,0,5.54962745493645e-14,8.74725251641673e-09,4,0
893,boundary,boundary,wave,w*dz(u),0,1,0,1,0,0,0,0,4
893,boundary,boundary,wave,u*dx(v),9.81927838006576e-14,2,0,1,0,5.71115523202787e-14,1.38023290672139e-08,4,0
893,boundary,boundary,wave,v*dy(v),9.83972931995854e-14,2,0,1,0,5.72336259558097e-14,1.38023283299568e-08,4,0
893,boundary,boundary,wave,w*dz(v),0,1,0,1,0,0,0,0,4
893,boundary,boundary,wave,u*dx(w),0,1,0,1,0,0,0,0,4
893,boundary,boundary,wave,v*dy(w),0,1,0,1,0,0,0,0,4
893,boundary,boundary,wave,w*dz(w),0,1,0,1,0,0,0,0,4
893,boundary,boundary,wave,u*dx(eta),1.07618895626872e-14,1,0,2,0,8.10462807976364e-15,6.81608347541385e-09,4,0
893,boundary,boundary,wave,v*dy(eta),1.07916523495661e-14,1,0,2,0,7.88258347483861e-15,6.81608358643615e-09,4,0
893,boundary,boundary,wave,w*dz(eta),0,1,0,1,0,0,0,0,4
893,boundary,boundary,wave,w*eta*dlogN2,0,1,0,1,0,0,0,0,4
1849,wave,wave,wave,u*dx(u),7.80841874798462e-07,23,1,24,1,3.47194726045031e-15,7.56150697611702e-11,2304,0
1849,wave,wave,wave,v*dy(u),7.80841874837737e-07,23,1,24,1,3.65402951065168e-15,4.00413036061309e-11,2304,0
1849,wave,wave,wave,w*dz(u),7.81106843515308e-07,24,1,23,1,2.20669090722288e-14,2.95536050639681e-06,2304,0
1849,wave,wave,wave,u*dx(v),7.791903652247e-07,23,1,24,1,3.45608369691322e-15,7.56241735899721e-11,2304,0
1849,wave,wave,wave,v*dy(v),7.79190365239271e-07,23,1,24,1,3.46485130581556e-15,4.00506294795377e-11,2304,0
1849,wave,wave,wave,w*dz(v),7.79454506244306e-07,24,1,23,1,2.19001480563527e-14,2.91243095550794e-06,2304,0
1849,wave,wave,wave,u*dx(w),3.11798456072542e-09,24,1,24,1,9.99200722162641e-16,7.48427986252409e-11,2304,0
1849,wave,wave,wave,v*dy(w),3.11798456056372e-09,24,1,24,1,9.99200722162641e-16,3.92690324702016e-11,2304,0
1849,wave,wave,wave,w*dz(w),3.11798300855088e-09,24,1,24,1,8.88178419700125e-16,7.62860885572536e-11,2304,0
1849,wave,wave,wave,u*dx(eta),2.08159127214253e-07,24,1,24,1,1.74817534085141e-15,7.25162152548364e-11,2304,0
1849,wave,wave,wave,v*dy(eta),2.08159127211392e-07,24,1,24,1,1.84427439627603e-15,3.69422270551922e-11,2304,0
1849,wave,wave,wave,w*dz(eta),2.08159069074078e-07,24,1,24,1,1.74472249358836e-15,7.40374428431778e-11,2304,0
1849,wave,wave,wave,w*eta*dlogN2,1.25806462864988e-07,23,1,24,1,1.60727856129949e-15,7.3459238691953e-11,2304,0
1849,wave,apv,wave,u*dx(u),5.84132062571408e-11,24,1,5,0,2.16422933747926e-15,7.12458980700603e-11,288,0
1849,wave,apv,wave,v*dy(u),5.84131990701036e-11,24,1,5,0,2.196317147814e-15,3.56721319150211e-11,288,0
1849,wave,apv,wave,w*dz(u),6.11027035753059e-11,24,1,5,0,2.2532210419341e-15,7.13917813754961e-11,288,0
1849,wave,apv,wave,u*dx(v),5.83255874239948e-11,24,1,5,0,2.08382134679288e-15,7.12456760254554e-11,288,0
1849,wave,apv,wave,v*dy(v),5.83256402840159e-11,24,1,5,0,2.04003933405117e-15,3.56721319150211e-11,288,0
1849,wave,apv,wave,w*dz(v),6.10116711232037e-11,24,1,5,0,2.24544320798387e-15,7.1392003420101e-11,288,0
1849,wave,apv,wave,u*dx(w),0,1,1,-1,0,0,0,0,288
1849,wave,apv,wave,v*dy(w),0,1,1,-1,0,0,0,0,288
1849,wave,apv,wave,w*dz(w),0,1,1,-1,0,0,0,0,288
1849,wave,apv,wave,u*dx(eta),9.15610131228203e-12,24,1,5,0,1.74292909239908e-15,7.09454717195968e-11,288,0
1849,wave,apv,wave,v*dy(eta),9.15608882475214e-12,24,1,5,0,1.28922434622721e-15,3.53714835199526e-11,288,0
1849,wave,apv,wave,w*dz(eta),8.92988657868699e-12,24,1,5,0,1.28689317977127e-15,1.33827171566736e-10,288,0
1849,wave,apv,wave,w*eta*dlogN2,2.14164729803085e-11,24,1,5,0,2.02125761058652e-15,7.17730319621523e-11,288,0
1849,apv,wave,wave,u*dx(u),0,-1,0,1,1,0,0,0,288
1849,apv,wave,wave,v*dy(u),5.84116998235515e-11,5,0,24,1,2.17016968223826e-15,8.02455749216606e-12,288,0
1849,apv,wave,wave,w*dz(u),0,-1,0,1,1,0,0,0,288
1849,apv,wave,wave,u*dx(v),0,-1,0,1,1,0,0,0,288
1849,apv,wave,wave,v*dy(v),5.8324116728296e-11,5,0,24,1,2.19389341276207e-15,8.00072453593856e-12,288,0
1849,apv,wave,wave,w*dz(v),0,-1,0,1,1,0,0,0,288
1849,apv,wave,wave,u*dx(w),0,-1,0,1,1,0,0,0,288
1849,apv,wave,wave,v*dy(w),1.55959845323234e-13,5,0,24,1,6.66133814775094e-16,5.09192688014082e-12,288,0
1849,apv,wave,wave,w*dz(w),0,-1,0,1,1,0,0,0,288
1849,apv,wave,wave,u*dx(eta),0,-1,0,1,1,0,0,0,288
1849,apv,wave,wave,v*dy(eta),8.92823395862477e-12,5,0,24,1,1.28231582953053e-15,6.92777510935652e-12,288,0
1849,apv,wave,wave,w*dz(eta),0,-1,0,1,1,0,0,0,288
1849,apv,wave,wave,w*eta*dlogN2,0,-1,0,1,1,0,0,0,288
1849,wave,boundary,wave,u*dx(u),6.89140910710025e-14,24,1,2,0,1.9841018719932e-15,7.21800397229799e-11,96,0
1849,wave,boundary,wave,v*dy(u),6.8372625307853e-14,24,1,2,0,1.82669478761421e-15,3.66060515233357e-11,96,0
1849,wave,boundary,wave,w*dz(u),1.76394830995974e-14,24,1,2,0,1.64310726278368e-15,7.20012938160153e-11,96,0
1849,wave,boundary,wave,u*dx(v),6.8084451805693e-14,24,1,2,0,1.86493360714533e-15,7.21795956337701e-11,96,0
1849,wave,boundary,wave,v*dy(v),6.83095403178406e-14,24,1,2,0,2.03771576019929e-15,3.66058294787308e-11,96,0
1849,wave,boundary,wave,w*dz(v),1.76866864100191e-14,24,1,2,0,1.58862346097836e-15,7.20012938160153e-11,96,0
1849,wave,boundary,wave,u*dx(w),0,1,1,1,0,0,0,0,96
1849,wave,boundary,wave,v*dy(w),0,1,1,1,0,0,0,0,96
1849,wave,boundary,wave,w*dz(w),0,1,1,1,0,0,0,0,96
1849,wave,boundary,wave,u*dx(eta),2.79536272973077e-15,24,1,1,0,7.73796738293959e-16,7.23796578228075e-11,96,0
1849,wave,boundary,wave,v*dy(eta),2.786256586822e-15,24,1,2,0,7.94268878260595e-16,3.68056696231633e-11,96,0
1849,wave,boundary,wave,w*dz(eta),1.02537632969281e-14,24,1,2,0,9.75105840292387e-16,7.21223081256994e-11,96,0
1849,wave,boundary,wave,w*eta*dlogN2,8.81509262800117e-15,24,1,1,0,1.14702268600976e-15,7.21318560437112e-11,96,0
1849,boundary,wave,wave,u*dx(u),0,1,0,1,1,0,0,0,96
1849,boundary,wave,wave,v*dy(u),2.57936836388831e-14,2,0,24,1,1.80881719761654e-15,5.4918292136108e-12,96,0
1849,boundary,wave,wave,w*dz(u),0,1,0,1,1,0,0,0,96
1849,boundary,wave,wave,u*dx(v),0,1,0,1,1,0,0,0,96
1849,boundary,wave,wave,v*dy(v),2.59645710963009e-14,2,0,24,1,1.76245319381581e-15,5.5007109978078e-12,96,0
1849,boundary,wave,wave,w*dz(v),0,1,0,1,1,0,0,0,96
1849,boundary,wave,wave,u*dx(w),0,1,0,1,1,0,0,0,96
1849,boundary,wave,wave,v*dy(w),1.04844410140678e-16,1,0,18,1,6.66133814775094e-16,4.90696372423827e-12,96,0
1849,boundary,wave,wave,w*dz(w),0,1,0,1,1,0,0,0,96
1849,boundary,wave,wave,u*dx(eta),0,1,0,1,1,0,0,0,96
1849,boundary,wave,wave,v*dy(eta),4.35862327583674e-15,2,0,24,1,1.25509081445752e-15,1.78355665655588e-11,96,0
1849,boundary,wave,wave,w*dz(eta),0,1,0,1,1,0,0,0,96
1849,boundary,wave,wave,w*eta*dlogN2,0,1,0,1,1,0,0,0,96
1849,apv,boundary,wave,u*dx(u),0,-1,0,1,0,0,0,0,12
1849,apv,boundary,wave,v*dy(u),3.74173190294001e-15,4,0,1,0,1.41224154606712e-15,2.17625917287023e-11,12,0
1849,apv,boundary,wave,w*dz(u),0,-1,0,1,0,0,0,0,12
1849,apv,boundary,wave,u*dx(v),0,-1,0,1,0,0,0,0,12
1849,apv,boundary,wave,v*dy(v),3.51698628943469e-15,5,0,1,0,1.35351642740541e-15,2.17625917287023e-11,12,0
1849,apv,boundary,wave,w*dz(v),0,-1,0,1,0,0,0,0,12
1849,apv,boundary,wave,u*dx(w),0,-1,0,1,0,0,0,0,12
1849,apv,boundary,wave,v*dy(w),0,-1,0,1,0,0,0,0,12
1849,apv,boundary,wave,w*dz(w),0,-1,0,1,0,0,0,0,12
1849,apv,boundary,wave,u*dx(eta),0,-1,0,1,0,0,0,0,12
1849,apv,boundary,wave,v*dy(eta),6.15398325605822e-16,-1,0,2,0,5.74761053427044e-16,2.1932233806865e-11,12,0
1849,apv,boundary,wave,w*dz(eta),0,-1,0,1,0,0,0,0,12
1849,apv,boundary,wave,w*eta*dlogN2,0,-1,0,1,0,0,0,0,12
1849,boundary,apv,wave,u*dx(u),0,1,0,-1,0,0,0,0,12
1849,boundary,apv,wave,v*dy(u),3.87605828212898e-15,1,0,5,0,1.52868367776332e-15,2.1141532968727e-11,12,0
1849,boundary,apv,wave,w*dz(u),0,1,0,-1,0,0,0,0,12
1849,boundary,apv,wave,u*dx(v),0,1,0,-1,0,0,0,0,12
1849,boundary,apv,wave,v*dy(v),3.65642650073889e-15,1,0,5,0,1.26470312304782e-15,2.1141532968727e-11,12,0
1849,boundary,apv,wave,w*dz(v),0,1,0,-1,0,0,0,0,12
1849,boundary,apv,wave,u*dx(w),0,1,0,-1,0,0,0,0,12
1849,boundary,apv,wave,v*dy(w),0,1,0,-1,0,0,0,0,12
1849,boundary,apv,wave,w*dz(w),0,1,0,-1,0,0,0,0,12
1849,boundary,apv,wave,u*dx(eta),0,1,0,-1,0,0,0,0,12
1849,boundary,apv,wave,v*dy(eta),1.49757476971706e-15,2,0,2,0,1.18744557675221e-15,2.65918908891046e-11,12,0
1849,boundary,apv,wave,w*dz(eta),0,1,0,-1,0,0,0,0,12
1849,boundary,apv,wave,w*eta*dlogN2,0,1,0,-1,0,0,0,0,12
1849,boundary,boundary,wave,u*dx(u),0,1,0,1,0,0,0,0,4
1849,boundary,boundary,wave,v*dy(u),9.54659649268137e-15,2,0,1,0,4.49563926358083e-15,3.46246106867102e-10,4,0
1849,boundary,boundary,wave,w*dz(u),0,1,0,1,0,0,0,0,4
1849,boundary,boundary,wave,u*dx(v),0,1,0,1,0,0,0,0,4
1849,boundary,boundary,wave,v*dy(v),9.437319887161e-15,2,0,1,0,4.46608626224856e-15,3.24228532910809e-10,4,0
1849,boundary,boundary,wave,w*dz(v),0,1,0,1,0,0,0,0,4
1849,boundary,boundary,wave,u*dx(w),0,1,0,1,0,0,0,0,4
1849,boundary,boundary,wave,v*dy(w),0,1,0,1,0,0,0,0,4
1849,boundary,boundary,wave,w*dz(w),0,1,0,1,0,0,0,0,4
1849,boundary,boundary,wave,u*dx(eta),0,1,0,1,0,0,0,0,4
1849,boundary,boundary,wave,v*dy(eta),3.07711722415551e-15,2,0,1,0,2.06780778581382e-15,2.71070738715235e-10,4,0
1849,boundary,boundary,wave,w*dz(eta),0,1,0,1,0,0,0,0,4
1849,boundary,boundary,wave,w*eta*dlogN2,0,1,0,1,0,0,0,0,4
2624,wave,wave,wave,u*dx(u),7.86214988334186e-07,23,-1,24,1,3.60226510235769e-15,1.25484511670493e-10,2304,0
2624,wave,wave,wave,v*dy(u),7.86214988305335e-07,23,-1,24,1,3.80209482955349e-15,1.2547674010932e-10,2304,0
2624,wave,wave,wave,w*dz(u),7.8648271570821e-07,24,1,23,1,9.86838418218534e-15,1.13231653098361e-06,2304,0
2624,wave,wave,wave,u*dx(v),7.861020044964e-07,23,-1,24,1,3.52560407729206e-15,1.25479626689184e-10,2304,0
2624,wave,wave,wave,v*dy(v),7.86102004472083e-07,23,-1,24,1,3.61931557203801e-15,1.25471855128012e-10,2304,0
2624,wave,wave,wave,w*dz(v),7.8636967436788e-07,24,1,23,1,9.56642196882232e-15,1.12092510454036e-06,2304,0
2624,wave,wave,wave,u*dx(w),2.9331652165756e-10,24,1,24,1,9.99200722162641e-16,1.25268684314506e-10,2304,0
2624,wave,wave,wave,v*dy(w),2.93316521655232e-10,24,1,24,1,9.99200722162641e-16,1.25260690708728e-10,2304,0
2624,wave,wave,wave,w*dz(w),2.93316441676175e-10,24,1,24,1,8.88178419700125e-16,1.25517818361232e-10,2304,0
2624,wave,wave,wave,u*dx(eta),1.99569621486088e-08,24,1,24,1,1.22124532708767e-15,9.98487958980832e-11,2304,0
2624,wave,wave,wave,v*dy(eta),1.9956962148882e-08,24,1,24,1,1.11022302462516e-15,9.98408022923059e-11,2304,0
2624,wave,wave,wave,w*dz(eta),1.99569590966565e-08,24,1,24,1,9.99200722162641e-16,1.00099928346253e-10,2304,0
2624,wave,wave,wave,w*eta*dlogN2,1.20451327909925e-08,23,1,24,1,1.11022302462516e-15,1.00254249346676e-10,2304,0
2624,wave,apv,wave,u*dx(u),5.86935626442292e-11,24,1,5,0,2.38917820001525e-15,7.50273560693382e-11,288,0
2624,wave,apv,wave,v*dy(u),5.86935097936587e-11,24,1,5,0,2.39002645838208e-15,7.50224408553416e-11,288,0
2624,wave,apv,wave,w*dz(u),6.13938474686685e-11,24,1,5,0,2.33032774644932e-15,7.51220647374985e-11,288,0
2624,wave,apv,wave,u*dx(v),5.86875654304843e-11,24,1,5,0,2.229954579869e-15,7.48419104468212e-11,288,0
2624,wave,apv,wave,v*dy(v),5.86875311503397e-11,24,1,5,0,2.32273646763154e-15,7.48339168410439e-11,288,0
2624,wave,apv,wave,w*dz(v),6.13876206528342e-11,24,1,5,0,2.74721521334893e-15,7.49249551290632e-11,288,0
2624,wave,apv,wave,u*dx(w),0,1,1,-1,0,0,0,0,288
2624,wave,apv,wave,v*dy(w),0,1,1,-1,0,0,0,0,288
2624,wave,apv,wave,w*dz(w),0,1,1,-1,0,0,0,0,288
2624,wave,apv,wave,u*dx(eta),8.70925053599703e-13,24,1,5,0,6.66133814775094e-16,7.47819584034914e-11,288,0
2624,wave,apv,wave,v*dy(eta),8.70924062068505e-13,24,1,5,0,6.66133814775094e-16,7.47739647977141e-11,288,0
2624,wave,apv,wave,w*dz(eta),8.49444108790794e-13,24,1,5,0,5.55111512312578e-16,1.30314758983729e-10,288,0
2624,wave,apv,wave,w*eta*dlogN2,2.03588611823218e-12,24,1,5,0,6.66133814775094e-16,7.52840012552269e-11,288,0
2624,apv,wave,wave,u*dx(u),5.86926505513319e-11,5,0,24,1,2.37481289336364e-15,5.13078186088598e-11,288,0
2624,apv,wave,wave,v*dy(u),5.86927232998783e-11,5,0,24,1,2.45509775849909e-15,5.130759316929e-11,288,0
2624,apv,wave,wave,w*dz(u),0,-1,0,1,1,0,0,0,288
2624,apv,wave,wave,u*dx(v),5.86867359971159e-11,5,0,24,1,2.24390990113178e-15,5.06736874683611e-11,288,0
2624,apv,wave,wave,v*dy(v),5.86866697615895e-11,5,0,24,1,2.27353345819719e-15,5.0673909512966e-11,288,0
2624,apv,wave,wave,w*dz(v),0,-1,0,1,1,0,0,0,288
2624,apv,wave,wave,u*dx(w),1.46721889835432e-14,5,0,24,1,6.66133814775094e-16,5.14865927669916e-11,288,0
2624,apv,wave,wave,v*dy(w),1.46721559796324e-14,5,0,24,1,6.66133814775094e-16,5.14865927669916e-11,288,0
2624,apv,wave,wave,w*dz(w),0,-1,0,1,1,0,0,0,288
2624,apv,wave,wave,u*dx(eta),8.49300895339644e-13,5,0,24,1,7.7715611723761e-16,2.61761723407972e-11,288,0
2624,apv,wave,wave,v*dy(eta),8.49298368364522e-13,5,0,24,1,5.55111512312578e-16,2.61761723407972e-11,288,0
2624,apv,wave,wave,w*dz(eta),0,-1,0,1,1,0,0,0,288
2624,apv,wave,wave,w*eta*dlogN2,0,-1,0,1,1,0,0,0,288
2624,wave,boundary,wave,u*dx(u),2.76111241644288e-14,24,1,2,0,1.90384419301929e-15,7.7636483421539e-11,96,0
2624,wave,boundary,wave,v*dy(u),2.75426852362558e-14,24,1,2,0,2.01148079924858e-15,7.76302031314079e-11,96,0
2624,wave,boundary,wave,w*dz(u),2.53739905558156e-14,24,1,2,0,1.90522700048038e-15,7.52662675921425e-11,96,0
2624,wave,boundary,wave,u*dx(v),2.76392191021825e-14,24,1,2,0,1.73142358107525e-15,7.75899344773734e-11,96,0
2624,wave,boundary,wave,v*dy(v),2.75373762474678e-14,24,1,2,0,2.21254190949353e-15,7.7582162916201e-11,96,0
2624,wave,boundary,wave,w*dz(v),2.52634073307416e-14,24,1,2,0,1.75348707214251e-15,7.52238271672923e-11,96,0
2624,wave,boundary,wave,u*dx(w),0,1,1,1,0,0,0,0,96
2624,wave,boundary,wave,v*dy(w),0,1,1,1,0,0,0,0,96
2624,wave,boundary,wave,w*dz(w),0,1,1,1,0,0,0,0,96
2624,wave,boundary,wave,u*dx(eta),3.64742509548349e-16,24,1,1,0,7.7715611723761e-16,7.55251416961755e-11,96,0
2624,wave,boundary,wave,v*dy(eta),3.6551702537e-16,24,1,1,0,6.66133814775094e-16,7.55171480903982e-11,96,0
2624,wave,boundary,wave,w*dz(eta),4.31466532043048e-16,24,1,2,0,6.66133814775094e-16,7.52662376868329e-11,96,0
2624,wave,boundary,wave,w*eta*dlogN2,3.34443436864625e-16,24,1,1,0,6.66133814775094e-16,7.52788942293137e-11,96,0
2624,boundary,wave,wave,u*dx(u),2.04250844498884e-14,1,0,1,1,1.88956916394561e-15,5.08075803651309e-11,96,0
2624,boundary,wave,wave,v*dy(u),2.06125854944269e-14,1,0,1,1,1.80478568520833e-15,5.0807358320526e-11,96,0
2624,boundary,wave,wave,w*dz(u),0,1,0,1,1,0,0,0,96
2624,boundary,wave,wave,u*dx(v),2.00472263807775e-14,1,0,1,1,1.86970659216589e-15,5.08026953838225e-11,96,0
2624,boundary,wave,wave,v*dy(v),1.9966034983805e-14,1,0,1,1,1.69180176222654e-15,5.08024733392176e-11,96,0
2624,boundary,wave,wave,w*dz(v),0,1,0,1,1,0,0,0,96
2624,boundary,wave,wave,u*dx(w),8.86850433921053e-18,1,0,17,1,6.66133814775094e-16,5.12994091650398e-11,96,0
2624,boundary,wave,wave,v*dy(w),8.89752083108478e-18,1,0,18,1,6.66133814775094e-16,5.12991871204349e-11,96,0
2624,boundary,wave,wave,w*dz(w),0,1,0,1,1,0,0,0,96
2624,boundary,wave,wave,u*dx(eta),2.65254444731977e-16,1,0,2,1,4.44089209850063e-16,2.59259280710467e-11,96,0
2624,boundary,wave,wave,v*dy(eta),2.46083553989147e-16,2,0,24,1,6.66133814775094e-16,2.59257060264417e-11,96,0
2624,boundary,wave,wave,w*dz(eta),0,1,0,1,1,0,0,0,96
2624,boundary,wave,wave,w*eta*dlogN2,0,1,0,1,1,0,0,0,96
2624,apv,boundary,wave,u*dx(u),4.58912927869156e-15,5,0,1,0,1.25786779288333e-15,2.38904870642068e-11,12,0
2624,apv,boundary,wave,v*dy(u),4.7101883270883e-15,5,0,1,0,2.00356066743822e-15,2.38900733156732e-11,12,0
2624,apv,boundary,wave,w*dz(u),0,-1,0,1,0,0,0,0,12
2624,apv,boundary,wave,u*dx(v),3.29822404180213e-15,5,0,1,0,1.69667741928075e-15,2.35624852962246e-11,12,0
2624,apv,boundary,wave,v*dy(v),3.22794454295846e-15,5,0,1,0,1.6993686742478e-15,2.35627073408295e-11,12,0
2624,apv,boundary,wave,w*dz(v),0,-1,0,1,0,0,0,0,12
2624,apv,boundary,wave,u*dx(w),0,-1,0,1,0,0,0,0,12
2624,apv,boundary,wave,v*dy(w),0,-1,0,1,0,0,0,0,12
2624,apv,boundary,wave,w*dz(w),0,-1,0,1,0,0,0,0,12
2624,apv,boundary,wave,u*dx(eta),9.53900109105218e-17,1,0,2,0,2.22044604925031e-16,2.27633467630994e-11,12,0
2624,apv,boundary,wave,v*dy(eta),1.26681877733218e-16,1,0,2,0,3.33066907387547e-16,2.27633467630994e-11,12,0
2624,apv,boundary,wave,w*dz(eta),0,-1,0,1,0,0,0,0,12
2624,apv,boundary,wave,w*eta*dlogN2,0,-1,0,1,0,0,0,0,12
2624,boundary,apv,wave,u*dx(u),4.73024612249538e-15,1,0,5,0,1.7476454915444e-15,2.20578601595301e-11,12,0
2624,boundary,apv,wave,v*dy(u),4.64274017015965e-15,1,0,5,0,1.48200748542427e-15,2.20571423321845e-11,12,0
2624,boundary,apv,wave,w*dz(u),0,1,0,-1,0,0,0,0,12
2624,boundary,apv,wave,u*dx(v),3.36770370308874e-15,1,0,5,0,1.5965666791217e-15,2.08106865073887e-11,12,0
2624,boundary,apv,wave,v*dy(v),3.42629120554727e-15,1,0,5,0,1.78992660256941e-15,2.08106865073887e-11,12,0
2624,boundary,apv,wave,w*dz(v),0,1,0,-1,0,0,0,0,12
2624,boundary,apv,wave,u*dx(w),0,1,0,-1,0,0,0,0,12
2624,boundary,apv,wave,v*dy(w),0,1,0,-1,0,0,0,0,12
2624,boundary,apv,wave,w*dz(w),0,1,0,-1,0,0,0,0,12
2624,boundary,apv,wave,u*dx(eta),1.79890173876141e-16,2,0,3,0,3.33066907387547e-16,2.11998196775198e-11,12,0
2624,boundary,apv,wave,v*dy(eta),2.27554937565724e-16,2,0,2,0,2.4421349870326e-16,2.11999306998223e-11,12,0
2624,boundary,apv,wave,w*dz(eta),0,1,0,-1,0,0,0,0,12
2624,boundary,apv,wave,w*eta*dlogN2,0,1,0,-1,0,0,0,0,12
2624,boundary,boundary,wave,u*dx(u),4.60378444795357e-14,2,0,1,0,1.98931314815073e-14,4.90096301327569e-09,4,0
2624,boundary,boundary,wave,v*dy(u),4.59688413719974e-14,2,0,1,0,1.97460809630886e-14,4.90096338831095e-09,4,0
2624,boundary,boundary,wave,w*dz(u),0,1,0,1,0,0,0,0,4
2624,boundary,boundary,wave,u*dx(v),4.58560765723638e-14,2,0,1,0,1.98882593816159e-14,4.41127094146534e-09,4,0
2624,boundary,boundary,wave,v*dy(v),4.59148071035645e-14,2,0,1,0,1.96461385076967e-14,4.41127117524719e-09,4,0
2624,boundary,boundary,wave,w*dz(v),0,1,0,1,0,0,0,0,4
2624,boundary,boundary,wave,u*dx(w),0,1,0,1,0,0,0,0,4
2624,boundary,boundary,wave,v*dy(w),0,1,0,1,0,0,0,0,4
2624,boundary,boundary,wave,w*dz(w),0,1,0,1,0,0,0,0,4
2624,boundary,boundary,wave,u*dx(eta),1.48916835321497e-15,2,0,1,0,8.88178419700125e-16,1.02891506426062e-09,4,0
2624,boundary,boundary,wave,v*dy(eta),1.51328045618298e-15,2,0,1,0,8.88178419700125e-16,1.02891528630522e-09,4,0
2624,boundary,boundary,wave,w*dz(eta),0,1,0,1,0,0,0,0,4
2624,boundary,boundary,wave,w*eta*dlogN2,0,1,0,1,0,0,0,0,4
3839,wave,wave,wave,u*dx(u),7.8610175317287e-07,23,1,24,1,3.65435018615128e-15,1.13166365167672e-10,2304,0
3839,wave,wave,wave,v*dy(u),0,1,1,1,1,0,0,0,2304
3839,wave,wave,wave,w*dz(u),7.86369392864827e-07,23,1,24,1,2.54867239250826e-14,2.34369023805104e-06,2304,0
3839,wave,wave,wave,u*dx(v),7.82180413032594e-07,23,1,24,1,3.49060609266927e-15,6.95821178453571e-11,2304,0
3839,wave,wave,wave,v*dy(v),0,1,1,1,1,0,0,0,2304
3839,wave,wave,wave,w*dz(v),7.82446066737922e-07,23,1,24,1,2.48627382581675e-14,2.21118547241798e-06,2304,0
3839,wave,wave,wave,u*dx(w),1.78417110177196e-09,24,1,24,1,9.99200722162641e-16,1.13222098363508e-10,2304,0
3839,wave,wave,wave,v*dy(w),0,1,1,1,1,0,0,0,2304
3839,wave,wave,wave,w*dz(w),1.78416935436659e-09,24,1,24,1,9.99200722162641e-16,1.13115072863934e-10,2304,0
3839,wave,wave,wave,u*dx(eta),1.20644480807117e-07,24,1,24,1,1.40801277930715e-15,6.96371849073785e-11,2304,0
3839,wave,wave,wave,v*dy(eta),0,1,1,1,1,0,0,0,2304
3839,wave,wave,wave,w*dz(eta),1.20644414504623e-07,24,1,24,1,1.31984686296135e-15,6.94768687026226e-11,2304,0
3839,wave,wave,wave,w*eta*dlogN2,7.28488250580062e-08,23,1,24,1,1.60288488481187e-15,6.96140922684663e-11,2304,0
3839,wave,apv,wave,u*dx(u),0,1,1,-1,0,0,0,0,288
3839,wave,apv,wave,v*dy(u),0,1,1,-1,0,0,0,0,288
3839,wave,apv,wave,w*dz(u),0,1,1,-1,0,0,0,0,288
3839,wave,apv,wave,u*dx(v),5.8480905349623e-11,24,1,5,0,2.19552338805693e-15,2.5942581416416e-11,288,0
3839,wave,apv,wave,v*dy(v),0,1,1,-1,0,0,0,0,288
3839,wave,apv,wave,w*dz(v),6.11732876660539e-11,24,1,5,0,2.29865629671144e-15,2.59225974019728e-11,288,0
3839,wave,apv,wave,u*dx(w),0,1,1,-1,0,0,0,0,288
3839,wave,apv,wave,v*dy(w),0,1,1,-1,0,0,0,0,288
3839,wave,apv,wave,w*dz(w),0,1,1,-1,0,0,0,0,288
3839,wave,apv,wave,u*dx(eta),5.27853397842211e-12,24,1,5,0,1.93554213969907e-15,2.59492427545638e-11,288,0
3839,wave,apv,wave,v*dy(eta),0,1,1,-1,0,0,0,0,288
3839,wave,apv,wave,w*dz(eta),5.14827444657049e-12,24,1,5,0,1.03060495184261e-15,1.79152359613965e-10,288,0
3839,wave,apv,wave,w*eta*dlogN2,1.23418637188383e-11,24,1,5,0,1.35146916845107e-15,2.73033302813578e-11,288,0
3839,apv,wave,wave,u*dx(u),5.8684411676043e-11,5,0,24,1,2.36826461621201e-15,8.7228890777169e-11,288,0
3839,apv,wave,wave,v*dy(u),0,-1,0,1,1,0,0,0,288
3839,apv,wave,wave,w*dz(u),0,-1,0,1,1,0,0,0,288
3839,apv,wave,wave,u*dx(v),5.84777476702786e-11,5,0,24,1,2.5367466629115e-15,4.36450875440642e-11,288,0
3839,apv,wave,wave,v*dy(v),0,-1,0,1,1,0,0,0,288
3839,apv,wave,wave,w*dz(v),0,-1,0,1,1,0,0,0,288
3839,apv,wave,wave,u*dx(w),8.92492256030635e-14,5,0,24,1,5.55111512312578e-16,8.80229222843809e-11,288,0
3839,apv,wave,wave,v*dy(w),0,-1,0,1,1,0,0,0,288
3839,apv,wave,wave,w*dz(w),0,-1,0,1,1,0,0,0,288
3839,apv,wave,wave,u*dx(eta),5.14719408452985e-12,5,0,24,1,9.01408647687495e-16,4.44877468197546e-11,288,0
3839,apv,wave,wave,v*dy(eta),0,-1,0,1,1,0,0,0,288
3839,apv,wave,wave,w*dz(eta),0,-1,0,1,1,0,0,0,288
3839,apv,wave,wave,w*eta*dlogN2,0,-1,0,1,1,0,0,0,288
3839,wave,boundary,wave,u*dx(u),0,1,1,1,0,0,0,0,96
3839,wave,boundary,wave,v*dy(u),0,1,1,1,0,0,0,0,96
3839,wave,boundary,wave,w*dz(u),0,1,1,1,0,0,0,0,96
3839,wave,boundary,wave,u*dx(v),2.53296905637176e-13,24,1,2,0,2.83206603190952e-15,2.62569965769899e-11,96,0
3839,wave,boundary,wave,v*dy(v),0,1,1,1,0,0,0,0,96
3839,wave,boundary,wave,w*dz(v),3.20252716608397e-13,24,1,2,0,1.90506703012847e-15,2.59134935731709e-11,96,0
3839,wave,boundary,wave,u*dx(w),0,1,1,1,0,0,0,0,96
3839,wave,boundary,wave,v*dy(w),0,1,1,1,0,0,0,0,96
3839,wave,boundary,wave,w*dz(w),0,1,1,1,0,0,0,0,96
3839,wave,boundary,wave,u*dx(eta),2.68411093677983e-14,24,1,2,0,7.90722811410713e-16,2.59110510825167e-11,96,0
3839,wave,boundary,wave,v*dy(eta),0,1,1,1,0,0,0,0,96
3839,wave,boundary,wave,w*dz(eta),2.16237016596281e-14,24,1,2,0,1.20423935288008e-15,2.591615810843e-11,96,0
3839,wave,boundary,wave,w*eta*dlogN2,2.21480569163569e-14,24,1,1,0,1.40261893305641e-15,2.59117172163315e-11,96,0
3839,boundary,wave,wave,u*dx(u),4.64234509724261e-14,2,0,24,1,1.82998370722823e-15,8.84590178884537e-11,96,0
3839,boundary,wave,wave,v*dy(u),0,1,0,1,1,0,0,0,96
3839,boundary,wave,wave,w*dz(u),0,1,0,1,1,0,0,0,96
3839,boundary,wave,wave,u*dx(v),4.49778719452815e-14,2,0,24,1,1.63159136487275e-15,4.48752146553488e-11,96,0
3839,boundary,wave,wave,v*dy(v),0,1,0,1,1,0,0,0,96
3839,boundary,wave,wave,w*dz(v),0,1,0,1,1,0,0,0,96
3839,boundary,wave,wave,u*dx(w),7.57209716479496e-17,1,0,1,1,4.44089209850063e-16,8.91828833005093e-11,96,0
3839,boundary,wave,wave,v*dy(w),0,1,0,1,1,0,0,0,96
3839,boundary,wave,wave,w*dz(w),0,1,0,1,1,0,0,0,96
3839,boundary,wave,wave,u*dx(eta),4.06500129130853e-15,2,0,24,1,1.04680068172042e-15,4.54853932296828e-11,96,0
3839,boundary,wave,wave,v*dy(eta),0,1,0,1,1,0,0,0,96
3839,boundary,wave,wave,w*dz(eta),0,1,0,1,1,0,0,0,96
3839,boundary,wave,wave,w*eta*dlogN2,0,1,0,1,1,0,0,0,96
3839,apv,boundary,wave,u*dx(u),0,-1,0,1,0,0,0,0,12
3839,apv,boundary,wave,v*dy(u),0,-1,0,1,0,0,0,0,12
3839,apv,boundary,wave,w*dz(u),0,-1,0,1,0,0,0,0,12
3839,apv,boundary,wave,u*dx(v),4.08597071703486e-15,4,0,1,0,1.70382358892793e-15,7.6589845576791e-12,12,0
3839,apv,boundary,wave,v*dy(v),0,-1,0,1,0,0,0,0,12
3839,apv,boundary,wave,w*dz(v),0,-1,0,1,0,0,0,0,12
3839,apv,boundary,wave,u*dx(w),0,-1,0,1,0,0,0,0,12
3839,apv,boundary,wave,v*dy(w),0,-1,0,1,0,0,0,0,12
3839,apv,boundary,wave,w*dz(w),0,-1,0,1,0,0,0,0,12
3839,apv,boundary,wave,u*dx(eta),1.1390723807138e-15,-1,0,2,0,8.59964436111212e-16,1.20154997063082e-11,12,0
3839,apv,boundary,wave,v*dy(eta),0,-1,0,1,0,0,0,0,12
3839,apv,boundary,wave,w*dz(eta),0,-1,0,1,0,0,0,0,12
3839,apv,boundary,wave,w*eta*dlogN2,0,-1,0,1,0,0,0,0,12
3839,boundary,apv,wave,u*dx(u),0,1,0,-1,0,0,0,0,12
3839,boundary,apv,wave,v*dy(u),0,1,0,-1,0,0,0,0,12
3839,boundary,apv,wave,w*dz(u),0,1,0,-1,0,0,0,0,12
3839,boundary,apv,wave,u*dx(v),2.95092896469825e-15,1,0,5,0,1.02511594986963e-15,2.22153406781445e-11,12,0
3839,boundary,apv,wave,v*dy(v),0,1,0,-1,0,0,0,0,12
3839,boundary,apv,wave,w*dz(v),0,1,0,-1,0,0,0,0,12
3839,boundary,apv,wave,u*dx(w),0,1,0,-1,0,0,0,0,12
3839,boundary,apv,wave,v*dy(w),0,1,0,-1,0,0,0,0,12
3839,boundary,apv,wave,w*dz(w),0,1,0,-1,0,0,0,0,12
3839,boundary,apv,wave,u*dx(eta),6.80819191980437e-16,2,0,4,0,9.98322646658029e-16,2.18708442459196e-11,12,0
3839,boundary,apv,wave,v*dy(eta),0,1,0,-1,0,0,0,0,12
3839,boundary,apv,wave,w*dz(eta),0,1,0,-1,0,0,0,0,12
3839,boundary,apv,wave,w*eta*dlogN2,0,1,0,-1,0,0,0,0,12
3839,boundary,boundary,wave,u*dx(u),0,1,0,1,0,0,0,0,4
3839,boundary,boundary,wave,v*dy(u),0,1,0,1,0,0,0,0,4
3839,boundary,boundary,wave,w*dz(u),0,1,0,1,0,0,0,0,4
3839,boundary,boundary,wave,u*dx(v),2.61757133862027e-15,1,0,2,0,1.02772196847024e-15,2.44870790311325e-12,4,0
3839,boundary,boundary,wave,v*dy(v),0,1,0,1,0,0,0,0,4
3839,boundary,boundary,wave,w*dz(v),0,1,0,1,0,0,0,0,4
3839,boundary,boundary,wave,u*dx(w),0,1,0,1,0,0,0,0,4
3839,boundary,boundary,wave,v*dy(w),0,1,0,1,0,0,0,0,4
3839,boundary,boundary,wave,w*dz(w),0,1,0,1,0,0,0,0,4
3839,boundary,boundary,wave,u*dx(eta),7.43476616297662e-16,2,0,1,0,1.13014337509313e-15,2.74372240075905e-11,4,0
3839,boundary,boundary,wave,v*dy(eta),0,1,0,1,0,0,0,0,4
3839,boundary,boundary,wave,w*dz(eta),0,1,0,1,0,0,0,0,4
3839,boundary,boundary,wave,w*eta*dlogN2,0,1,0,1,0,0,0,0,4
7276,wave,wave,wave,u*dx(u),7.85764458301693e-07,23,-1,24,1,3.63383028276841e-15,1.10288000954029e-10,2304,0
7276,wave,wave,wave,v*dy(u),7.85764458285219e-07,23,1,24,1,3.61913870423539e-15,1.10259357199993e-10,2304,0
7276,wave,wave,wave,w*dz(u),7.86031980595376e-07,24,1,23,1,6.5342977027908e-14,6.48586686557646e-06,2304,0
7276,wave,wave,wave,u*dx(v),7.84414671173441e-07,23,1,24,1,3.59442904867717e-15,1.10293330024547e-10,2304,0
7276,wave,wave,wave,v*dy(v),7.8441467115952e-07,23,1,24,1,3.57980483771896e-15,1.10264908315116e-10,2304,0
7276,wave,wave,wave,w*dz(v),7.84681508090973e-07,24,1,23,1,6.42619332908236e-14,6.31685919436069e-06,2304,0
7276,wave,wave,wave,u*dx(w),1.3117492065362e-09,24,1,24,1,9.99200722162641e-16,1.10137454711889e-10,2304,0
7276,wave,wave,wave,v*dy(w),1.31174920659061e-09,24,1,24,1,1.22124532708767e-15,1.10108588913249e-10,2304,0
7276,wave,wave,wave,w*dz(w),1.31174861701108e-09,24,1,24,1,9.99200722162641e-16,1.10316866752669e-10,2304,0
7276,wave,wave,wave,u*dx(eta),8.89581672023062e-08,24,1,24,1,1.33941657907435e-15,8.48514591922367e-11,2304,0
7276,wave,wave,wave,v*dy(eta),8.89581672032517e-08,24,1,24,1,1.43607388647327e-15,8.48228154382014e-11,2304,0
7276,wave,wave,wave,w*dz(eta),8.89581447580619e-08,24,1,24,1,1.48688643308486e-15,8.50186587797452e-11,2304,0
7276,wave,wave,wave,w*eta*dlogN2,5.37042109937801e-08,23,1,24,1,1.15412219905926e-15,8.51472226059968e-11,2304,0
7276,wave,apv,wave,u*dx(u),5.86683006315204e-11,24,1,5,0,2.23551757051458e-15,5.98472382762338e-11,288,0
7276,wave,apv,wave,v*dy(u),5.86682513564212e-11,24,1,5,0,2.50410305118363e-15,5.98183724775936e-11,288,0
7276,wave,apv,wave,w*dz(u),6.13678329594073e-11,24,1,5,0,2.37144593789352e-15,5.99262861555871e-11,288,0
7276,wave,apv,wave,u*dx(v),5.85972803021043e-11,24,1,5,0,2.08484673745277e-15,5.98472382762338e-11,288,0
7276,wave,apv,wave,v*dy(v),5.85972206604599e-11,24,1,5,0,2.173997598456e-15,5.98183724775936e-11,288,0
7276,wave,apv,wave,w*dz(v),6.12938789906554e-11,24,1,5,0,2.32117960053229e-15,5.99260641109822e-11,288,0
7276,wave,apv,wave,u*dx(w),0,1,1,-1,0,0,0,0,288
7276,wave,apv,wave,v*dy(w),0,1,1,-1,0,0,0,0,288
7276,wave,apv,wave,w*dz(w),0,1,1,-1,0,0,0,0,288
7276,wave,apv,wave,u*dx(eta),3.88737575518734e-12,24,1,5,0,8.92263565089486e-16,5.97171201377478e-11,288,0
7276,wave,apv,wave,v*dy(eta),3.88737976567522e-12,24,1,5,0,9.41370401619808e-16,5.96886984283174e-11,288,0
7276,wave,apv,wave,w*dz(eta),3.79148400740956e-12,24,1,5,0,1.26960429520159e-15,1.45140344187666e-10,288,0
7276,wave,apv,wave,w*eta*dlogN2,9.08839252863377e-12,24,1,5,0,1.13379096274004e-15,6.02766725421588e-11,288,0
7276,apv,wave,wave,u*dx(u),5.86669551427223e-11,5,0,24,1,2.259107513764e-15,5.05031572117787e-11,288,0
7276,apv,wave,wave,v*dy(u),5.86668767515565e-11,5,0,24,1,2.34474063543061e-15,5.05031572117787e-11,288,0
7276,apv,wave,wave,w*dz(u),0,-1,0,1,1,0,0,0,288
7276,apv,wave,wave,u*dx(v),5.85958071616632e-11,5,0,24,1,2.17705315613193e-15,5.05087083269018e-11,288,0
7276,apv,wave,wave,v*dy(v),5.85958631812005e-11,5,0,24,1,2.23103690175465e-15,5.05084862822969e-11,288,0
7276,apv,wave,wave,w*dz(v),0,-1,0,1,1,0,0,0,288
7276,apv,wave,wave,u*dx(w),6.56171574630867e-14,5,0,24,1,6.66133814775094e-16,5.12636599836469e-11,288,0
7276,apv,wave,wave,v*dy(w),6.56170438101894e-14,5,0,24,1,4.44089209850063e-16,5.12638820282518e-11,288,0
7276,apv,wave,wave,w*dz(w),0,-1,0,1,1,0,0,0,288
7276,apv,wave,wave,u*dx(eta),3.79078869118971e-12,5,0,24,1,8.80432900057651e-16,2.606403981531e-11,288,0
7276,apv,wave,wave,v*dy(eta),3.79078772329068e-12,5,0,24,1,1.58708220199721e-15,2.60638177707051e-11,288,0
7276,apv,wave,wave,w*dz(eta),0,-1,0,1,1,0,0,0,288
7276,apv,wave,wave,w*eta*dlogN2,0,-1,0,1,1,0,0,0,288
7276,wave,boundary,wave,u*dx(u),8.43037938684215e-14,24,1,1,0,1.68496571531646e-15,6.21496187847015e-11,96,0
7276,wave,boundary,wave,v*dy(u),8.46765653407847e-14,24,1,1,0,2.06905440011975e-15,6.21209750306662e-11,96,0
7276,wave,boundary,wave,w*dz(u),1.38156857209505e-13,24,1,2,0,1.95625312576481e-15,6.01023675272927e-11,96,0
7276,wave,boundary,wave,u*dx(v),8.4540559766132e-14,24,1,1,0,1.61616031461386e-15,6.21498408293064e-11,96,0
7276,wave,boundary,wave,v*dy(v),8.45575940760323e-14,24,1,1,0,1.97582440916356e-15,6.21211970752711e-11,96,0
7276,wave,boundary,wave,w*dz(v),1.37969076239379e-13,24,1,2,0,1.89258763007896e-15,6.01021454826878e-11,96,0
7276,wave,boundary,wave,u*dx(w),0,1,1,1,0,0,0,0,96
7276,wave,boundary,wave,v*dy(w),0,1,1,1,0,0,0,0,96
7276,wave,boundary,wave,w*dz(w),0,1,1,1,0,0,0,0,96
7276,wave,boundary,wave,u*dx(eta),8.50097985499593e-15,24,1,2,0,5.55111512312578e-16,6.01989569304351e-11,96,0
7276,wave,boundary,wave,v*dy(eta),8.50158568510192e-15,24,1,2,0,5.55111512312578e-16,6.01703131763998e-11,96,0
7276,wave,boundary,wave,w*dz(eta),5.30342348982275e-15,24,1,1,0,1.38617929382183e-15,6.00566263386781e-11,96,0
7276,wave,boundary,wave,w*eta*dlogN2,4.50771649358157e-15,24,1,2,0,8.65108853925004e-16,6.01316774151428e-11,96,0
7276,boundary,wave,wave,u*dx(u),6.39928485372332e-14,2,0,24,1,2.14803187055188e-15,4.97986096803515e-11,96,0
7276,boundary,wave,wave,v*dy(u),6.46940293873974e-14,2,0,24,1,1.81009532248159e-15,4.97986096803515e-11,96,0
7276,boundary,wave,wave,w*dz(u),0,1,0,1,1,0,0,0,96
7276,boundary,wave,wave,u*dx(v),6.4218553899579e-14,2,0,24,1,1.77646810227569e-15,4.98039387508697e-11,96,0
7276,boundary,wave,wave,v*dy(v),6.40836632527588e-14,2,0,24,1,1.67288959694257e-15,4.98034946616599e-11,96,0
7276,boundary,wave,wave,w*dz(v),0,1,0,1,1,0,0,0,96
7276,boundary,wave,wave,u*dx(w),4.66300112582802e-17,1,0,24,1,4.44089209850063e-16,4.95448126969222e-11,96,0
7276,boundary,wave,wave,v*dy(w),4.83019676688799e-17,1,0,18,1,5.55111512312578e-16,4.95448126969222e-11,96,0
7276,boundary,wave,wave,w*dz(w),0,1,0,1,1,0,0,0,96
7276,boundary,wave,wave,u*dx(eta),4.0578731564914e-15,2,0,24,1,5.79151826359517e-16,2.43722819703862e-11,96,0
7276,boundary,wave,wave,v*dy(eta),4.09685392006442e-15,2,0,24,1,5.71063313207956e-16,2.43725040149911e-11,96,0
7276,boundary,wave,wave,w*dz(eta),0,1,0,1,1,0,0,0,96
7276,boundary,wave,wave,w*eta*dlogN2,0,1,0,1,1,0,0,0,96
7276,apv,boundary,wave,u*dx(u),4.00394744598715e-15,4,0,1,0,1.35146389262245e-15,2.23703278123821e-11,12,0
7276,apv,boundary,wave,v*dy(u),3.87042753067045e-15,4,0,1,0,1.27602944636137e-15,2.23701057677772e-11,12,0
7276,apv,boundary,wave,w*dz(u),0,-1,0,1,0,0,0,0,12
7276,apv,boundary,wave,u*dx(v),3.54129868664131e-15,4,0,1,0,1.27466390528461e-15,2.23705498569871e-11,12,0
7276,apv,boundary,wave,v*dy(v),3.50928346339206e-15,4,0,1,0,1.64405066112894e-15,2.23703278123821e-11,12,0
7276,apv,boundary,wave,w*dz(v),0,-1,0,1,0,0,0,0,12
7276,apv,boundary,wave,u*dx(w),0,-1,0,1,0,0,0,0,12
7276,apv,boundary,wave,v*dy(w),0,-1,0,1,0,0,0,0,12
7276,apv,boundary,wave,w*dz(w),0,-1,0,1,0,0,0,0,12
7276,apv,boundary,wave,u*dx(eta),5.41207730081736e-16,1,0,2,0,5.74259703444454e-16,1.98729921407903e-11,12,0
7276,apv,boundary,wave,v*dy(eta),4.92044447119984e-16,-1,0,2,0,5.55519967885494e-16,1.98727700961854e-11,12,0
7276,apv,boundary,wave,w*dz(eta),0,-1,0,1,0,0,0,0,12
7276,apv,boundary,wave,w*eta*dlogN2,0,-1,0,1,0,0,0,0,12
7276,boundary,apv,wave,u*dx(u),3.92303962793213e-15,1,0,5,0,1.63649420911925e-15,2.14805950804475e-11,12,0
7276,boundary,apv,wave,v*dy(u),3.87060925935159e-15,1,0,5,0,1.56235057694766e-15,2.14805950804475e-11,12,0
7276,boundary,apv,wave,w*dz(u),0,1,0,-1,0,0,0,0,12
7276,boundary,apv,wave,u*dx(v),3.14185810063309e-15,1,0,5,0,1.56149782211391e-15,2.14805950804475e-11,12,0
7276,boundary,apv,wave,v*dy(v),3.27561835797591e-15,1,0,4,0,1.85424554722865e-15,2.14808171250525e-11,12,0
7276,boundary,apv,wave,w*dz(v),0,1,0,-1,0,0,0,0,12
7276,boundary,apv,wave,u*dx(w),0,1,0,-1,0,0,0,0,12
7276,boundary,apv,wave,v*dy(w),0,1,0,-1,0,0,0,0,12
7276,boundary,apv,wave,w*dz(w),0,1,0,-1,0,0,0,0,12
7276,boundary,apv,wave,u*dx(eta),8.40998372605012e-16,2,0,-1,0,8.77554307805161e-16,2.17051484483697e-11,12,0
7276,boundary,apv,wave,v*dy(eta),7.54036205387121e-16,2,0,2,0,7.19773088476488e-16,2.17059649145692e-11,12,0
7276,boundary,apv,wave,w*dz(eta),0,1,0,-1,0,0,0,0,12
7276,boundary,apv,wave,w*eta*dlogN2,0,1,0,-1,0,0,0,0,12
7276,boundary,boundary,wave,u*dx(u),3.78447810791315e-15,1,0,2,0,1.52915638403914e-15,5.57701024185626e-11,4,0
7276,boundary,boundary,wave,v*dy(u),3.94156178057986e-15,1,0,2,0,1.37549054809429e-15,5.57708651941667e-11,4,0
7276,boundary,boundary,wave,w*dz(u),0,1,0,1,0,0,0,0,4
7276,boundary,boundary,wave,u*dx(v),3.43674099344724e-15,1,0,2,0,1.26457936706842e-15,4.31426383119692e-11,4,0
7276,boundary,boundary,wave,v*dy(v),3.43467553713459e-15,1,0,2,0,1.31570019596154e-15,4.31425129448153e-11,4,0
7276,boundary,boundary,wave,w*dz(v),0,1,0,1,0,0,0,0,4
7276,boundary,boundary,wave,u*dx(w),0,1,0,1,0,0,0,0,4
7276,boundary,boundary,wave,v*dy(w),0,1,0,1,0,0,0,0,4
7276,boundary,boundary,wave,w*dz(w),0,1,0,1,0,0,0,0,4
7276,boundary,boundary,wave,u*dx(eta),6.95591266277802e-16,2,0,1,0,7.62753229049305e-16,3.30972610173187e-11,4,0
7276,boundary,boundary,wave,v*dy(eta),1.25434793624092e-15,2,0,1,0,1.0090610940469e-15,3.30973571468826e-11,4,0
7276,boundary,boundary,wave,w*dz(eta),0,1,0,1,0,0,0,0,4
7276,boundary,boundary,wave,w*eta*dlogN2,0,1,0,1,0,0,0,0,4
7580,wave,wave,wave,u*dx(u),7.79096389270331e-07,24,-1,23,1,3.36906542235321e-15,3.72037955997939e-11,2304,0
7580,wave,wave,wave,v*dy(u),7.79096389257688e-07,24,1,23,1,3.40572825589917e-15,3.7203573555189e-11,2304,0
7580,wave,wave,wave,w*dz(u),7.79360594237974e-07,24,1,23,1,6.90579292987999e-15,6.53157673724365e-07,2304,0
7580,wave,wave,wave,u*dx(v),7.85770751930074e-07,24,-1,23,1,3.58825644897731e-15,3.72017971983496e-11,2304,0
7580,wave,wave,wave,v*dy(v),7.85770751869038e-07,24,-1,23,1,3.56492507670636e-15,3.72015751537447e-11,2304,0
7580,wave,wave,wave,w*dz(v),7.86038324014865e-07,24,1,23,1,7.50947667984957e-15,7.03935847852947e-07,2304,0
7580,wave,wave,wave,u*dx(w),2.41874301123262e-09,24,1,24,1,1.22124532708767e-15,3.73496789052297e-11,2304,0
7580,wave,wave,wave,v*dy(w),2.41874301125393e-09,24,1,24,1,1.11022302462516e-15,3.7351677306674e-11,2304,0
7580,wave,wave,wave,w*dz(w),2.41874487476926e-09,24,1,24,1,9.99200722162641e-16,3.73303610246012e-11,2304,0
7580,wave,wave,wave,u*dx(eta),1.62696245530965e-07,24,1,24,1,1.58812614096868e-15,1.87558857334125e-11,2304,0
7580,wave,wave,wave,v*dy(eta),1.62696245531157e-07,24,1,24,1,1.59494310458207e-15,1.87556636888075e-11,2304,0
7580,wave,wave,wave,w*dz(eta),1.62696315862913e-07,24,1,24,1,1.56883190363285e-15,1.85527149199061e-11,2304,0
7580,wave,wave,wave,w*eta*dlogN2,9.82779370348035e-08,24,1,23,1,1.3182409157071e-15,1.87521109751287e-11,2304,0
7580,wave,apv,wave,u*dx(u),5.83187953410504e-11,24,1,5,0,2.24008696192244e-15,1.48372425456955e-11,288,0
7580,wave,apv,wave,v*dy(u),5.83187302989576e-11,24,1,5,0,2.01608756717694e-15,1.48343559658315e-11,288,0
7580,wave,apv,wave,w*dz(u),6.10045453532497e-11,24,1,5,0,2.24863277908685e-15,2.80342415948098e-11,288,0
7580,wave,apv,wave,u*dx(v),5.86713281966632e-11,24,1,5,0,2.3941217159127e-15,1.72057969697653e-11,288,0
7580,wave,apv,wave,v*dy(v),5.86713573880499e-11,24,1,5,0,2.40339589502254e-15,1.72041790345698e-11,288,0
7580,wave,apv,wave,w*dz(v),6.13711072341693e-11,24,1,5,0,2.51775623457755e-15,2.8336623700541e-11,288,0
7580,wave,apv,wave,u*dx(w),0,1,1,-1,0,0,0,0,288
7580,wave,apv,wave,v*dy(w),0,1,1,-1,0,0,0,0,288
7580,wave,apv,wave,w*dz(w),0,1,1,-1,0,0,0,0,288
7580,wave,apv,wave,u*dx(eta),7.13400859278627e-12,24,1,5,0,1.27051560185215e-15,3.33706395849731e-11,288,0
7580,wave,apv,wave,v*dy(eta),7.13400863103107e-12,24,1,5,0,1.20100029229439e-15,3.33677530051091e-11,288,0
7580,wave,apv,wave,w*dz(eta),6.95787966875699e-12,24,1,5,0,1.21822856691911e-15,2.19654516797618e-10,288,0
7580,wave,apv,wave,w*eta*dlogN2,1.66830325911144e-11,24,1,5,0,1.09449763907432e-15,2.90020844953478e-11,288,0
7580,apv,wave,wave,u*dx(u),5.8321208041943e-11,5,0,24,1,2.32245401613287e-15,3.7203573555189e-11,288,0
7580,apv,wave,wave,v*dy(u),5.83212915943408e-11,5,0,24,1,2.16571284225311e-15,3.7203573555189e-11,288,0
7580,apv,wave,wave,w*dz(u),0,-1,0,1,1,0,0,0,288
7580,apv,wave,wave,u*dx(v),5.8673851733352e-11,5,0,24,1,2.26950768675717e-15,3.72013531091397e-11,288,0
7580,apv,wave,wave,v*dy(v),5.86737894840583e-11,5,0,24,1,2.35150535015916e-15,3.72011310645348e-11,288,0
7580,apv,wave,wave,w*dz(v),0,-1,0,1,1,0,0,0,288
7580,apv,wave,wave,u*dx(w),1.20983508908581e-13,5,0,24,1,5.55111512312578e-16,3.80460107862746e-11,288,0
7580,apv,wave,wave,v*dy(w),1.20983693373496e-13,5,0,24,1,5.55111512312578e-16,3.80460107862746e-11,288,0
7580,apv,wave,wave,w*dz(w),0,-1,0,1,1,0,0,0,288
7580,apv,wave,wave,u*dx(eta),6.95707125955081e-12,5,0,24,1,1.1981648403096e-15,1.94688709598267e-11,288,0
7580,apv,wave,wave,v*dy(eta),6.95706995530615e-12,5,0,24,1,1.43024814464467e-15,1.94690930044317e-11,288,0
7580,apv,wave,wave,w*dz(eta),0,-1,0,1,1,0,0,0,288
7580,apv,wave,wave,w*eta*dlogN2,0,-1,0,1,1,0,0,0,288
7580,wave,boundary,wave,u*dx(u),2.13516826803778e-14,1,1,1,0,1.83518782953642e-15,1.75159886595111e-11,96,0
7580,wave,boundary,wave,v*dy(u),2.13460686397735e-14,1,1,1,0,1.89241130042143e-15,1.75132131019495e-11,96,0
7580,wave,boundary,wave,w*dz(u),2.3776187514154e-14,24,1,2,0,1.86074954772631e-15,1.46762602071249e-11,96,0
7580,wave,boundary,wave,u*dx(v),2.35311133840614e-14,1,1,1,0,1.55857533109016e-15,1.77466841716461e-11,96,0
7580,wave,boundary,wave,v*dy(v),2.34702724982299e-14,1,1,1,0,1.99729239654441e-15,1.77430112460742e-11,96,0
7580,wave,boundary,wave,w*dz(v),2.40232709030876e-14,24,1,2,0,1.5985781161824e-15,1.46763712294273e-11,96,0
7580,wave,boundary,wave,u*dx(w),0,1,1,1,0,0,0,0,96
7580,wave,boundary,wave,v*dy(w),0,1,1,1,0,0,0,0,96
7580,wave,boundary,wave,w*dz(w),0,1,1,1,0,0,0,0,96
7580,wave,boundary,wave,u*dx(eta),2.66378282123172e-15,24,1,2,0,7.39876605334688e-16,1.47467593691886e-11,96,0
7580,wave,boundary,wave,v*dy(eta),2.66041241318305e-15,24,1,2,0,5.55111512312578e-16,1.4743983811627e-11,96,0
7580,wave,boundary,wave,w*dz(eta),1.68267665037204e-15,24,1,2,0,6.66133814775094e-16,1.4626855282529e-11,96,0
7580,wave,boundary,wave,w*eta*dlogN2,1.6235516861452e-15,22,1,2,0,9.25767794094988e-16,1.46755940733101e-11,96,0
7580,boundary,wave,wave,u*dx(u),5.55771588643806e-14,2,0,24,1,2.2427435834452e-15,3.49860140858027e-11,96,0
7580,boundary,wave,wave,v*dy(u),5.61535671190139e-14,2,0,24,1,1.83800976320666e-15,3.49860140858027e-11,96,0
7580,boundary,wave,wave,w*dz(u),0,1,0,1,1,0,0,0,96
7580,boundary,wave,wave,u*dx(v),5.56965222166984e-14,2,0,24,1,1.98646653740756e-15,3.49840156843584e-11,96,0
7580,boundary,wave,wave,v*dy(v),5.71864966505874e-14,2,0,24,1,2.2437992118565e-15,3.49837936397535e-11,96,0
7580,boundary,wave,wave,w*dz(v),0,1,0,1,1,0,0,0,96
7580,boundary,wave,wave,u*dx(w),8.26032353873133e-17,1,0,24,1,4.44089209850063e-16,3.6078029452824e-11,96,0
7580,boundary,wave,wave,v*dy(w),8.18941568493009e-17,1,0,24,1,6.66133814775094e-16,3.6078029452824e-11,96,0
7580,boundary,wave,wave,w*dz(w),0,1,0,1,1,0,0,0,96
7580,boundary,wave,wave,u*dx(eta),6.70697852242033e-15,2,0,24,1,1.0162823500325e-15,4.02671168604867e-11,96,0
7580,boundary,wave,wave,v*dy(eta),6.65020570822943e-15,2,0,24,1,1.33969188041412e-15,4.0267071372719e-11,96,0
7580,boundary,wave,wave,w*dz(eta),0,1,0,1,1,0,0,0,96
7580,boundary,wave,wave,w*eta*dlogN2,0,1,0,1,1,0,0,0,96
7580,apv,boundary,wave,u*dx(u),2.77844601235929e-15,5,0,1,0,1.04837770426416e-15,1.96833660481843e-11,12,0
7580,apv,boundary,wave,v*dy(u),2.84199252479732e-15,5,0,1,0,1.31317709836121e-15,1.96831440035794e-11,12,0
7580,apv,boundary,wave,w*dz(u),0,-1,0,1,0,0,0,0,12
7580,apv,boundary,wave,u*dx(v),4.40720362773216e-15,5,0,1,0,2.05000638334697e-15,2.18165335106305e-11,12,0
7580,apv,boundary,wave,v*dy(v),4.53210009467143e-15,5,0,1,0,1.31357091092552e-15,2.18163511003573e-11,12,0
7580,apv,boundary,wave,w*dz(v),0,-1,0,1,0,0,0,0,12
7580,apv,boundary,wave,u*dx(w),0,-1,0,1,0,0,0,0,12
7580,apv,boundary,wave,v*dy(w),0,-1,0,1,0,0,0,0,12
7580,apv,boundary,wave,w*dz(w),0,-1,0,1,0,0,0,0,12
7580,apv,boundary,wave,u*dx(eta),6.45811330373507e-16,1,0,2,0,4.8064979343382e-16,2.30837571280063e-11,12,0
7580,apv,boundary,wave,v*dy(eta),4.4711410033047e-16,3,0,2,0,5.26479404697614e-16,2.30835350834013e-11,12,0
7580,apv,boundary,wave,w*dz(eta),0,-1,0,1,0,0,0,0,12
7580,apv,boundary,wave,w*eta*dlogN2,0,-1,0,1,0,0,0,0,12
7580,boundary,apv,wave,u*dx(u),2.90829797882538e-15,1,0,5,0,1.30954176182127e-15,1.67981184517885e-11,12,0
7580,boundary,apv,wave,v*dy(u),2.89104530402792e-15,1,0,4,0,1.2130978777634e-15,1.67985625409983e-11,12,0
7580,boundary,apv,wave,w*dz(u),0,1,0,-1,0,0,0,0,12
7580,boundary,apv,wave,u*dx(v),4.27467184054645e-15,1,0,5,0,1.77163680034891e-15,2.14895603165703e-11,12,0
7580,boundary,apv,wave,v*dy(v),4.30643360127435e-15,1,0,5,0,2.42830708655627e-15,2.1489852821409e-11,12,0
7580,boundary,apv,wave,w*dz(v),0,1,0,-1,0,0,0,0,12
7580,boundary,apv,wave,u*dx(w),0,1,0,-1,0,0,0,0,12
7580,boundary,apv,wave,v*dy(w),0,1,0,-1,0,0,0,0,12
7580,boundary,apv,wave,w*dz(w),0,1,0,-1,0,0,0,0,12
7580,boundary,apv,wave,u*dx(eta),8.32986120074443e-16,2,0,3,0,7.31324227641732e-16,3.93444798558446e-11,12,0
7580,boundary,apv,wave,v*dy(eta),1.07243119945446e-15,2,0,2,0,8.39231279473773e-16,3.93440493506045e-11,12,0
7580,boundary,apv,wave,w*dz(eta),0,1,0,-1,0,0,0,0,12
7580,boundary,apv,wave,w*eta*dlogN2,0,1,0,-1,0,0,0,0,12
7580,boundary,boundary,wave,u*dx(u),1.59498680157161e-14,1,0,2,0,7.82538835536283e-15,1.17038445601736e-09,4,0
7580,boundary,boundary,wave,v*dy(u),1.60750547014031e-14,1,0,2,0,7.76760782083809e-15,1.17038445601736e-09,4,0
7580,boundary,boundary,wave,w*dz(u),0,1,0,1,0,0,0,0,4
7580,boundary,boundary,wave,u*dx(v),1.64775731611354e-14,1,0,2,0,8.42878062020604e-15,1.82856089119899e-09,4,0
7580,boundary,boundary,wave,v*dy(v),1.63848307222432e-14,1,0,2,0,8.74317606914526e-15,1.82856072856707e-09,4,0
7580,boundary,boundary,wave,w*dz(v),0,1,0,1,0,0,0,0,4
7580,boundary,boundary,wave,u*dx(w),0,1,0,1,0,0,0,0,4
7580,boundary,boundary,wave,v*dy(w),0,1,0,1,0,0,0,0,4
7580,boundary,boundary,wave,w*dz(w),0,1,0,1,0,0,0,0,4
7580,boundary,boundary,wave,u*dx(eta),2.8365273746357e-15,1,0,2,0,2.22044604925031e-15,1.28089749917848e-09,4,0
7580,boundary,boundary,wave,v*dy(eta),2.6631593986259e-15,1,0,2,0,2.22044604925031e-15,1.28089749917848e-09,4,0
7580,boundary,boundary,wave,w*dz(eta),0,1,0,1,0,0,0,0,4
7580,boundary,boundary,wave,w*eta*dlogN2,0,1,0,1,0,0,0,0,4
10340,wave,wave,wave,u*dx(u),7.77240189169039e-07,24,1,23,1,3.42895492503946e-15,7.01887437060122e-11,2304,0
10340,wave,wave,wave,v*dy(u),7.77240189177375e-07,24,-1,23,1,3.43047697632993e-15,7.01498859001504e-11,2304,0
10340,wave,wave,wave,w*dz(u),7.77503476995254e-07,24,1,23,1,8.9854074837188e-15,1.03338019325737e-06,2304,0
10340,wave,wave,wave,u*dx(v),7.85772323685874e-07,24,-1,23,1,3.58305998423273e-15,7.01938507319255e-11,2304,0
10340,wave,wave,wave,v*dy(v),7.8577232366795e-07,24,1,23,1,3.63810276425626e-15,7.01549929260636e-11,2304,0
10340,wave,wave,wave,w*dz(v),7.86039905711859e-07,24,1,23,1,9.88373189331035e-15,1.12671269309904e-06,2304,0
10340,wave,wave,wave,u*dx(w),2.70423406527153e-09,24,1,24,1,1.11022302462516e-15,7.00850488755123e-11,2304,0
10340,wave,wave,wave,v*dy(w),2.70423406532877e-09,24,1,24,1,9.99200722162641e-16,7.00461910696504e-11,2304,0
10340,wave,wave,wave,w*dz(w),2.7042359317281e-09,24,1,24,1,9.99200722162641e-16,7.01676494685444e-11,2304,0
10340,wave,wave,wave,u*dx(eta),1.81380898490478e-07,24,1,24,1,1.67236317415223e-15,4.46329639913756e-11,2304,0
10340,wave,wave,wave,v*dy(eta),1.81380898486323e-07,24,1,24,1,1.67142142438534e-15,4.45943282301187e-11,2304,0
10340,wave,wave,wave,w*dz(eta),1.81380968741122e-07,24,1,24,1,1.67720453301043e-15,4.47772929845769e-11,2304,0
10340,wave,wave,wave,w*eta*dlogN2,1.09586729340932e-07,24,1,23,1,1.28172107979001e-15,4.49527082224677e-11,2304,0
10340,wave,apv,wave,u*dx(u),5.82199439354138e-11,24,1,5,0,2.20548621819742e-15,1.94422256072357e-11,288,0
10340,wave,apv,wave,v*dy(u),5.82198820290043e-11,24,1,5,0,2.41238483208892e-15,1.94031457567689e-11,288,0
10340,wave,apv,wave,w*dz(u),6.09015650133438e-11,24,1,5,0,2.19335859081431e-15,2.09117387256911e-11,288,0
10340,wave,apv,wave,u*dx(v),5.86711098084068e-11,24,1,5,0,2.45660636447443e-15,2.08175886999914e-11,288,0
10340,wave,apv,wave,v*dy(v),5.86711818527609e-11,24,1,5,0,2.14709713056176e-15,2.07907939778118e-11,288,0
10340,wave,apv,wave,w*dz(v),6.13708114686293e-11,24,1,5,0,2.35991819110776e-15,2.64022159749167e-11,288,0
10340,wave,apv,wave,u*dx(w),0,1,1,-1,0,0,0,0,288
10340,wave,apv,wave,v*dy(w),0,1,1,-1,0,0,0,0,288
10340,wave,apv,wave,w*dz(w),0,1,1,-1,0,0,0,0,288
10340,wave,apv,wave,u*dx(eta),7.9625983024724e-12,24,1,5,0,1.42217451777851e-15,1.95159444160709e-11,288,0
10340,wave,apv,wave,v*dy(eta),7.96259915239153e-12,24,1,5,0,1.34726807292297e-15,1.95252702894777e-11,288,0
10340,wave,apv,wave,w*dz(eta),7.76597571652304e-12,24,1,5,0,1.07332761733776e-15,1.85386594964143e-10,288,0
10340,wave,apv,wave,w*eta*dlogN2,1.86225895258715e-11,24,1,5,0,1.37742652613601e-15,2.91476312881806e-11,288,0
10340,apv,wave,wave,u*dx(u),5.82222817331401e-11,5,0,24,1,2.57476675430004e-15,5.06736874683611e-11,288,0
10340,apv,wave,wave,v*dy(u),5.822236663962e-11,5,0,24,1,2.15612611236737e-15,5.0673909512966e-11,288,0
10340,apv,wave,wave,w*dz(u),0,-1,0,1,1,0,0,0,288
10340,apv,wave,wave,u*dx(v),5.86735508316987e-11,5,0,24,1,2.13203144376087e-15,5.06785724496694e-11,288,0
10340,apv,wave,wave,v*dy(v),5.86736049161118e-11,5,0,24,1,2.28657467750415e-15,5.06787944942744e-11,288,0
10340,apv,wave,wave,w*dz(v),0,-1,0,1,1,0,0,0,288
10340,apv,wave,wave,u*dx(w),1.35264181857562e-13,5,0,24,1,6.66133814775094e-16,5.14865927669916e-11,288,0
10340,apv,wave,wave,v*dy(w),1.35264404879442e-13,5,0,24,1,6.66133814775094e-16,5.14868148115966e-11,288,0
10340,apv,wave,wave,w*dz(w),0,-1,0,1,1,0,0,0,288
10340,apv,wave,wave,u*dx(eta),7.76502664104119e-12,5,0,24,1,1.3570920907249e-15,2.61761723407972e-11,288,0
10340,apv,wave,wave,v*dy(eta),7.76501542474098e-12,5,0,24,1,1.09188469363242e-15,2.61761723407972e-11,288,0
10340,apv,wave,wave,w*dz(eta),0,-1,0,1,1,0,0,0,288
10340,apv,wave,wave,w*eta*dlogN2,0,-1,0,1,1,0,0,0,288
10340,wave,boundary,wave,u*dx(u),2.66667331879053e-14,24,1,2,0,1.83266704340313e-15,2.20075069279346e-11,96,0
10340,wave,boundary,wave,v*dy(u),2.66592036075988e-14,24,1,2,0,1.95387277456e-15,2.19684270774678e-11,96,0
10340,wave,boundary,wave,w*dz(u),2.51051983492221e-14,24,1,2,0,1.49839135210273e-15,1.95752303255858e-11,96,0
10340,wave,boundary,wave,u*dx(v),2.72993251690897e-14,24,1,2,0,2.00916594402539e-15,2.2453901626638e-11,96,0
10340,wave,boundary,wave,v*dy(v),2.70186897414819e-14,24,1,2,0,2.74822218808068e-15,2.24257307729493e-11,96,0
10340,wave,boundary,wave,w*dz(v),2.53264356105885e-14,24,1,2,0,1.75591440653295e-15,1.95752303255858e-11,96,0
10340,wave,boundary,wave,u*dx(w),0,1,1,1,0,0,0,0,96
10340,wave,boundary,wave,v*dy(w),0,1,1,1,0,0,0,0,96
10340,wave,boundary,wave,w*dz(w),0,1,1,1,0,0,0,0,96
10340,wave,boundary,wave,u*dx(eta),3.19612917587286e-15,24,1,2,0,7.97251167908693e-16,1.97217797648364e-11,96,0
10340,wave,boundary,wave,v*dy(eta),3.19637788008786e-15,24,1,2,0,6.66133814775094e-16,1.96826999143696e-11,96,0
10340,wave,boundary,wave,w*dz(eta),3.86240216868416e-15,24,1,2,0,1.37063489366262e-15,1.96149763098674e-11,96,0
10340,wave,boundary,wave,w*eta*dlogN2,3.00413673030602e-15,24,1,1,0,1.09111963939233e-15,1.95858884666222e-11,96,0
10340,boundary,wave,wave,u*dx(u),8.36762400079354e-14,2,0,24,1,2.09765678305304e-15,5.13971087912068e-11,96,0
10340,boundary,wave,wave,v*dy(u),8.34778144152021e-14,2,0,24,1,1.6732032297526e-15,5.13971087912068e-11,96,0
10340,boundary,wave,wave,w*dz(u),0,1,0,1,1,0,0,0,96
10340,boundary,wave,wave,u*dx(v),8.45316066532017e-14,2,0,24,1,2.16800917999885e-15,5.14022158171201e-11,96,0
10340,boundary,wave,wave,v*dy(v),8.42236455490963e-14,2,0,24,1,1.71763932797232e-15,5.14022158171201e-11,96,0
10340,boundary,wave,wave,w*dz(v),0,1,0,1,1,0,0,0,96
10340,boundary,wave,wave,u*dx(w),1.11089216887306e-16,2,0,24,1,4.44089209850063e-16,5.2314819143362e-11,96,0
10340,boundary,wave,wave,v*dy(w),1.10972664694691e-16,2,0,24,1,6.66133814775094e-16,5.23150411879669e-11,96,0
10340,boundary,wave,wave,w*dz(w),0,1,0,1,1,0,0,0,96
10340,boundary,wave,wave,u*dx(eta),1.07794596703552e-14,2,0,24,1,1.02864605270485e-15,2.76587641678816e-11,96,0
10340,boundary,wave,wave,v*dy(eta),1.08083868506735e-14,2,0,24,1,8.78153152913957e-16,2.76587641678816e-11,96,0
10340,boundary,wave,wave,w*dz(eta),0,1,0,1,1,0,0,0,96
10340,boundary,wave,wave,w*eta*dlogN2,0,1,0,1,1,0,0,0,96
10340,apv,boundary,wave,u*dx(u),2.76468435113133e-15,5,0,1,0,1.07532043072579e-15,2.35624852962246e-11,12,0
10340,apv,boundary,wave,v*dy(u),2.89674642965724e-15,5,0,1,0,8.89966564015823e-16,2.35624852962246e-11,12,0
10340,apv,boundary,wave,w*dz(u),0,-1,0,1,0,0,0,0,12
10340,apv,boundary,wave,u*dx(v),4.38293037983984e-15,5,0,1,0,1.44963531055505e-15,2.35624852962246e-11,12,0
10340,apv,boundary,wave,v*dy(v),4.42045801713179e-15,5,0,1,0,1.1635415725003e-15,2.35624852962246e-11,12,0
10340,apv,boundary,wave,w*dz(v),0,-1,0,1,0,0,0,0,12
10340,apv,boundary,wave,u*dx(w),0,-1,0,1,0,0,0,0,12
10340,apv,boundary,wave,v*dy(w),0,-1,0,1,0,0,0,0,12
10340,apv,boundary,wave,w*dz(w),0,-1,0,1,0,0,0,0,12
10340,apv,boundary,wave,u*dx(eta),5.89840113548874e-16,-1,0,2,0,8.22501162556633e-16,2.27633467630994e-11,12,0
10340,apv,boundary,wave,v*dy(eta),6.32404727409759e-16,-1,0,2,0,9.72428061601444e-16,2.27633467630994e-11,12,0
10340,apv,boundary,wave,w*dz(eta),0,-1,0,1,0,0,0,0,12
10340,apv,boundary,wave,w*eta*dlogN2,0,-1,0,1,0,0,0,0,12
10340,boundary,apv,wave,u*dx(u),2.83909650579893e-15,1,0,4,0,1.13628194969933e-15,2.19244622456927e-11,12,0
10340,boundary,apv,wave,v*dy(u),2.81858597359538e-15,1,0,4,0,9.58214726889886e-16,2.19242402010877e-11,12,0
10340,boundary,apv,wave,w*dz(u),0,1,0,-1,0,0,0,0,12
10340,boundary,apv,wave,u*dx(v),4.09838395864171e-15,1,0,4,0,1.4848082702294e-15,2.21120478283689e-11,12,0
10340,boundary,apv,wave,v*dy(v),4.073420061243e-15,1,0,4,0,1.41990763839125e-15,2.21126822870228e-11,12,0
10340,boundary,apv,wave,w*dz(v),0,1,0,-1,0,0,0,0,12
10340,boundary,apv,wave,u*dx(w),0,1,0,-1,0,0,0,0,12
10340,boundary,apv,wave,v*dy(w),0,1,0,-1,0,0,0,0,12
10340,boundary,apv,wave,w*dz(w),0,1,0,-1,0,0,0,0,12
10340,boundary,apv,wave,u*dx(eta),1.0901255824945e-15,2,0,1,0,7.98492803545727e-16,2.9876253030883e-11,12,0
10340,boundary,apv,wave,v*dy(eta),1.19283250946579e-15,2,0,2,0,1.20819388152e-15,2.98774879402315e-11,12,0
10340,boundary,apv,wave,w*dz(eta),0,1,0,-1,0,0,0,0,12
10340,boundary,apv,wave,w*eta*dlogN2,0,1,0,-1,0,0,0,0,12
10340,boundary,boundary,wave,u*dx(u),4.73115795449857e-15,2,0,1,0,2.0978805162492e-15,2.52290632829499e-10,4,0
10340,boundary,boundary,wave,v*dy(u),4.7263942242626e-15,2,0,1,0,2.03188188069138e-15,2.52290521807197e-10,4,0
10340,boundary,boundary,wave,w*dz(u),0,1,0,1,0,0,0,0,4
10340,boundary,boundary,wave,u*dx(v),5.74663950371108e-15,2,0,1,0,2.54072240122157e-15,3.80952627612784e-10,4,0
10340,boundary,boundary,wave,v*dy(v),5.59895603168524e-15,2,0,1,0,2.37023487157811e-15,3.80953021552264e-10,4,0
10340,boundary,boundary,wave,w*dz(v),0,1,0,1,0,0,0,0,4
10340,boundary,boundary,wave,u*dx(w),0,1,0,1,0,0,0,0,4
10340,boundary,boundary,wave,v*dy(w),0,1,0,1,0,0,0,0,4
10340,boundary,boundary,wave,w*dz(w),0,1,0,1,0,0,0,0,4
10340,boundary,boundary,wave,u*dx(eta),1.25203119515662e-15,2,0,1,0,8.64065729527402e-16,2.62962429609104e-10,4,0
10340,boundary,boundary,wave,v*dy(eta),8.97246671164363e-16,2,0,1,0,1.08510657613299e-15,2.62962096542196e-10,4,0
10340,boundary,boundary,wave,w*dz(eta),0,1,0,1,0,0,0,0,4
10340,boundary,boundary,wave,w*eta*dlogN2,0,1,0,1,0,0,0,0,4
10375,wave,wave,wave,u*dx(u),7.80738950746894e-07,24,1,23,1,3.48599916660669e-15,7.47153450220139e-11,2304,0
10375,wave,wave,wave,v*dy(u),7.807389507603e-07,24,-1,23,1,3.478075366018e-15,7.46762651715471e-11,2304,0
10375,wave,wave,wave,w*dz(u),7.81003999995374e-07,24,1,23,1,1.12782161205465e-14,1.39535480705852e-06,2304,0
10375,wave,wave,wave,u*dx(v),7.86213600088234e-07,24,-1,23,1,3.69937127631402e-15,7.47153450220139e-11,2304,0
10375,wave,wave,wave,v*dy(v),7.86213600100351e-07,24,-1,23,1,3.6835924581249e-15,7.46762651715471e-11,2304,0
10375,wave,wave,wave,w*dz(v),7.86481418522971e-07,24,1,23,1,1.23245073774756e-14,1.49846508080074e-06,2304,0
10375,wave,wave,wave,u*dx(w),2.05320997081821e-09,24,1,24,1,9.99200722162641e-16,7.46833705989047e-11,2304,0
10375,wave,wave,wave,v*dy(w),2.05320997078273e-09,24,1,24,1,8.88178419700125e-16,7.46445127930428e-11,2304,0
10375,wave,wave,wave,w*dz(w),2.05321112387432e-09,24,1,24,1,9.99200722162641e-16,7.45312700445311e-11,2304,0
10375,wave,wave,wave,u*dx(eta),1.38553442234113e-07,24,1,24,1,1.67445282243151e-15,4.69455585516698e-11,2304,0
10375,wave,wave,wave,v*dy(eta),1.38553442236963e-07,24,1,24,1,1.583231407285e-15,4.69067007458079e-11,2304,0
10375,wave,wave,wave,w*dz(eta),1.38553485909003e-07,24,1,24,1,1.62408826677118e-15,4.68696192967855e-11,2304,0
10375,wave,wave,wave,w*eta*dlogN2,8.36750497324952e-08,24,1,23,1,1.14674164805394e-15,4.72435424114792e-11,2304,0
10375,wave,apv,wave,u*dx(u),5.84039373047683e-11,24,1,5,0,2.43727162678595e-15,1.94424476518407e-11,288,0
10375,wave,apv,wave,v*dy(u),5.84039460778645e-11,24,1,5,0,2.35496041047402e-15,1.94031457567689e-11,288,0
10375,wave,apv,wave,w*dz(u),6.1092774565624e-11,24,1,5,0,2.44385868016053e-15,2.10771966585091e-11,288,0
10375,wave,apv,wave,u*dx(v),5.86926762720905e-11,24,1,5,0,2.35816645521072e-15,2.14070841170509e-11,288,0
10375,wave,apv,wave,v*dy(v),5.86926892191758e-11,24,1,5,0,2.37117609019837e-15,2.13808817831321e-11,288,0
10375,wave,apv,wave,w*dz(v),6.13931190963377e-11,24,1,5,0,2.32204902497252e-15,2.7094766612113e-11,288,0
10375,wave,apv,wave,u*dx(w),0,1,1,-1,0,0,0,0,288
10375,wave,apv,wave,v*dy(w),0,1,1,-1,0,0,0,0,288
10375,wave,apv,wave,w*dz(w),0,1,1,-1,0,0,0,0,288
10375,wave,apv,wave,u*dx(eta),6.06714318724629e-12,24,1,5,0,1.78714614011529e-15,1.95159444160709e-11,288,0
10375,wave,apv,wave,v*dy(eta),6.06713998626017e-12,24,1,5,0,1.19665149530516e-15,1.95250482448728e-11,288,0
10375,wave,apv,wave,w*dz(eta),5.91739360467109e-12,24,1,5,0,1.0616776532841e-15,1.85386594964143e-10,288,0
10375,wave,apv,wave,w*eta*dlogN2,1.41868822242543e-11,24,1,5,0,9.01573020279409e-16,2.77886583551611e-11,288,0
10375,apv,wave,wave,u*dx(u),5.84057706204221e-11,5,0,24,1,2.13331330910233e-15,5.5270676924124e-11,288,0
10375,apv,wave,wave,v*dy(u),5.84058047609105e-11,5,0,24,1,2.01308558285991e-15,5.52708989687289e-11,288,0
10375,apv,wave,wave,w*dz(u),0,-1,0,1,1,0,0,0,288
10375,apv,wave,wave,u*dx(v),5.86944327324201e-11,5,0,24,1,2.4307675869516e-15,5.559098405448e-11,288,0
10375,apv,wave,wave,v*dy(v),5.86945195013499e-11,5,0,24,1,2.30183384443076e-15,5.55900580032389e-11,288,0
10375,apv,wave,wave,w*dz(v),0,-1,0,1,1,0,0,0,288
10375,apv,wave,wave,u*dx(w),1.02702601060753e-13,5,0,24,1,5.55111512312578e-16,5.60715918140886e-11,288,0
10375,apv,wave,wave,v*dy(w),1.02702861669254e-13,5,0,24,1,5.55111512312578e-16,5.60715918140886e-11,288,0
10375,apv,wave,wave,w*dz(w),0,-1,0,1,1,0,0,0,288
10375,apv,wave,wave,u*dx(eta),5.91663492556271e-12,5,0,24,1,9.13118423312505e-16,2.84785528492648e-11,288,0
10375,apv,wave,wave,v*dy(eta),5.91665482085803e-12,5,0,24,1,9.27241183955803e-16,2.84785528492648e-11,288,0
10375,apv,wave,wave,w*dz(eta),0,-1,0,1,1,0,0,0,288
10375,apv,wave,wave,w*eta*dlogN2,0,-1,0,1,1,0,0,0,288
10375,wave,boundary,wave,u*dx(u),3.69695972425525e-14,24,1,2,0,1.7592846052833e-15,2.08024708570065e-11,96,0
10375,wave,boundary,wave,v*dy(u),3.58644177009356e-14,24,1,2,0,2.08588234426166e-15,2.07633910065397e-11,96,0
10375,wave,boundary,wave,w*dz(u),2.30159725857765e-14,24,1,2,0,1.68522487331532e-15,1.96225258264349e-11,96,0
10375,wave,boundary,wave,u*dx(v),3.75322101414604e-14,24,1,2,0,2.04073094774122e-15,2.11314197003989e-11,96,0
10375,wave,boundary,wave,v*dy(v),3.66758700165377e-14,24,1,2,0,2.51085163720314e-15,2.11026796247238e-11,96,0
10375,wave,boundary,wave,w*dz(v),2.31218089842314e-14,24,1,2,0,1.67052121128634e-15,1.97580003823124e-11,96,0
10375,wave,boundary,wave,u*dx(w),0,1,1,1,0,0,0,0,96
10375,wave,boundary,wave,v*dy(w),0,1,1,1,0,0,0,0,96
10375,wave,boundary,wave,w*dz(w),0,1,1,1,0,0,0,0,96
10375,wave,boundary,wave,u*dx(eta),2.29151414394719e-15,24,1,1,0,5.67604281211812e-16,1.97155625158985e-11,96,0
10375,wave,boundary,wave,v*dy(eta),2.28781101639428e-15,24,1,1,0,5.70366470181912e-16,1.96767047100366e-11,96,0
10375,wave,boundary,wave,w*dz(eta),3.77311856437689e-15,24,1,2,0,9.51532443015916e-16,1.96214156034102e-11,96,0
10375,wave,boundary,wave,w*eta*dlogN2,3.26545921696813e-15,24,1,1,0,9.74613782394226e-16,1.96256344509038e-11,96,0
10375,boundary,wave,wave,u*dx(u),8.45584475159426e-14,2,0,24,1,1.74235296812447e-15,5.61446444891089e-11,96,0
10375,boundary,wave,wave,v*dy(u),8.44223945154084e-14,2,0,24,1,1.76597146199415e-15,5.61448665337139e-11,96,0
10375,boundary,wave,wave,w*dz(u),0,1,0,1,1,0,0,0,96
10375,boundary,wave,wave,u*dx(v),8.48038717277185e-14,2,0,24,1,1.90337858664881e-15,5.63790348785997e-11,96,0
10375,boundary,wave,wave,v*dy(v),8.44973932016381e-14,2,0,24,1,2.03959085278593e-15,5.63794576371117e-11,96,0
10375,boundary,wave,wave,w*dz(v),0,1,0,1,1,0,0,0,96
10375,boundary,wave,wave,u*dx(w),8.77183962932077e-17,1,0,22,1,4.44089209850063e-16,5.70954394873979e-11,96,0
10375,boundary,wave,wave,v*dy(w),8.71359483987141e-17,1,0,22,1,4.44089209850063e-16,5.70954394873979e-11,96,0
10375,boundary,wave,wave,w*dz(w),0,1,0,1,1,0,0,0,96
10375,boundary,wave,wave,u*dx(eta),8.23635712981487e-15,2,0,24,1,8.45998752202242e-16,3.01587643747325e-11,96,0
10375,boundary,wave,wave,v*dy(eta),8.21312604965954e-15,2,0,24,1,7.76570116966805e-16,3.01592084639424e-11,96,0
10375,boundary,wave,wave,w*dz(eta),0,1,0,1,1,0,0,0,96
10375,boundary,wave,wave,w*eta*dlogN2,0,1,0,1,1,0,0,0,96
10375,apv,boundary,wave,u*dx(u),2.59790682821846e-15,4,0,1,0,1.24566591686178e-15,2.1591839427515e-11,12,0
10375,apv,boundary,wave,v*dy(u),2.63052059374135e-15,5,0,1,0,1.06059148372159e-15,2.15922835167248e-11,12,0
10375,apv,boundary,wave,w*dz(u),0,-1,0,1,0,0,0,0,12
10375,apv,boundary,wave,u*dx(v),4.62771570765698e-15,5,0,1,0,1.31629232635333e-15,2.23432237551506e-11,12,0
10375,apv,boundary,wave,v*dy(v),4.71408642661387e-15,5,0,1,0,1.30507387298644e-15,2.23427644789617e-11,12,0
10375,apv,boundary,wave,w*dz(v),0,-1,0,1,0,0,0,0,12
10375,apv,boundary,wave,u*dx(w),0,-1,0,1,0,0,0,0,12
10375,apv,boundary,wave,v*dy(w),0,-1,0,1,0,0,0,0,12
10375,apv,boundary,wave,w*dz(w),0,-1,0,1,0,0,0,0,12
10375,apv,boundary,wave,u*dx(eta),4.74620931463758e-16,-1,0,2,0,6.03265209296964e-16,2.26183516360834e-11,12,0
10375,apv,boundary,wave,v*dy(eta),4.46587779569478e-16,3,0,2,0,4.93739454677209e-16,2.26183516360834e-11,12,0
10375,apv,boundary,wave,w*dz(eta),0,-1,0,1,0,0,0,0,12
10375,apv,boundary,wave,w*eta*dlogN2,0,-1,0,1,0,0,0,0,12
10375,boundary,apv,wave,u*dx(u),2.94397060180983e-15,2,0,5,0,1.69453864755017e-15,2.19242402010877e-11,12,0
10375,boundary,apv,wave,v*dy(u),2.73882942721146e-15,1,0,4,0,1.57105916601907e-15,2.19242402010877e-11,12,0
10375,boundary,apv,wave,w*dz(u),0,1,0,-1,0,0,0,0,12
10375,boundary,apv,wave,u*dx(v),4.34325003091375e-15,1,0,4,0,1.37163466426989e-15,2.25772311513719e-11,12,0
10375,boundary,apv,wave,v*dy(v),4.28179402074904e-15,1,0,5,0,1.68363672667991e-15,2.25786337337019e-11,12,0
10375,boundary,apv,wave,w*dz(v),0,1,0,-1,0,0,0,0,12
10375,boundary,apv,wave,u*dx(w),0,1,0,-1,0,0,0,0,12
10375,boundary,apv,wave,v*dy(w),0,1,0,-1,0,0,0,0,12
10375,boundary,apv,wave,w*dz(w),0,1,0,-1,0,0,0,0,12
10375,boundary,apv,wave,u*dx(eta),1.0051555683344e-15,2,0,1,0,6.22852668354362e-16,2.7551597352513e-11,12,0
10375,boundary,apv,wave,v*dy(eta),8.79568778126155e-16,2,0,3,0,7.74501214487836e-16,2.75521620561297e-11,12,0
10375,boundary,apv,wave,w*dz(eta),0,1,0,-1,0,0,0,0,12
10375,boundary,apv,wave,w*eta*dlogN2,0,1,0,-1,0,0,0,0,12
10375,boundary,boundary,wave,u*dx(u),4.27695381302278e-15,2,0,1,0,2.07197524034352e-15,2.6668944830277e-10,4,0
10375,boundary,boundary,wave,v*dy(u),4.35539969904361e-15,2,0,1,0,1.95397944607747e-15,2.6668944830277e-10,4,0
10375,boundary,boundary,wave,w*dz(u),0,1,0,1,0,0,0,0,4
10375,boundary,boundary,wave,u*dx(v),4.99698213170135e-15,2,0,1,0,2.57312834255041e-15,2.89425423562913e-10,4,0
10375,boundary,boundary,wave,v*dy(v),5.72832207190204e-15,2,0,1,0,2.43013799196838e-15,2.89425295493294e-10,4,0
10375,boundary,boundary,wave,w*dz(v),0,1,0,1,0,0,0,0,4
10375,boundary,boundary,wave,u*dx(w),0,1,0,1,0,0,0,0,4
10375,boundary,boundary,wave,v*dy(w),0,1,0,1,0,0,0,0,4
10375,boundary,boundary,wave,w*dz(w),0,1,0,1,0,0,0,0,4
10375,boundary,boundary,wave,u*dx(eta),8.25973518077831e-16,1,0,2,0,5.81950504244583e-16,2.46230036360373e-10,4,0
10375,boundary,boundary,wave,v*dy(eta),9.7020850147678e-16,2,0,1,0,1.17929648728678e-15,2.46230258404978e-10,4,0
10375,boundary,boundary,wave,w*dz(eta),0,1,0,1,0,0,0,0,4
10375,boundary,boundary,wave,w*eta*dlogN2,0,1,0,1,0,0,0,0,4
10977,wave,wave,wave,u*dx(u),7.83408904589644e-07,24,-1,23,1,3.57820900042837e-15,1.13121956246687e-10,2304,0
10977,wave,wave,wave,v*dy(u),7.83408904573873e-07,24,-1,23,1,3.61054050458532e-15,1.13118847622218e-10,2304,0
10977,wave,wave,wave,w*dz(u),7.83675306211377e-07,24,1,23,1,8.04332726388609e-15,9.03724880525054e-07,2304,0
10977,wave,wave,wave,u*dx(v),7.85766086731933e-07,24,1,23,1,3.69852972846176e-15,1.13129949852464e-10,2304,0
10977,wave,wave,wave,v*dy(v),7.85766086765081e-07,24,1,23,1,3.6698337201562e-15,1.1312661918339e-10,2304,0
10977,wave,wave,wave,w*dz(v),7.86033684188306e-07,24,1,23,1,8.49375242051449e-15,9.3965190672823e-07,2304,0
10977,wave,wave,wave,u*dx(w),1.5795550641046e-09,24,1,24,1,9.99200722162641e-16,1.13272946578036e-10,2304,0
10977,wave,wave,wave,v*dy(w),1.57955506408441e-09,24,1,24,1,9.99200722162641e-16,1.13270059998172e-10,2304,0
10977,wave,wave,wave,w*dz(w),1.57955620463782e-09,24,1,24,1,1.11022302462516e-15,1.12854836586962e-10,2304,0
10977,wave,wave,wave,u*dx(eta),1.0695464934308e-07,24,1,24,1,1.2744518618396e-15,7.58664242539453e-11,2304,0
10977,wave,wave,wave,v*dy(eta),1.06954649346129e-07,24,1,24,1,1.24381176671968e-15,7.58633156294763e-11,2304,0
10977,wave,wave,wave,w*dz(eta),1.06954692696404e-07,24,1,24,1,1.22531426535008e-15,7.53823670152087e-11,2304,0
10977,wave,wave,wave,w*eta*dlogN2,6.45760079962795e-08,24,1,23,1,1.08000549266783e-15,7.57942597573447e-11,2304,0
10977,wave,apv,wave,u*dx(u),5.8544903157159e-11,24,1,5,0,2.10137098539687e-15,3.8391290146933e-11,288,0
10977,wave,apv,wave,v*dy(u),5.8544893913269e-11,24,1,5,0,2.20791509586294e-15,3.8388403567069e-11,288,0
10977,wave,apv,wave,w*dz(u),6.12393359393285e-11,24,1,5,0,2.41653015973782e-15,3.83373333079362e-11,288,0
10977,wave,apv,wave,u*dx(v),5.86689696446055e-11,24,1,5,0,2.29776259720096e-15,3.83910681023281e-11,288,0
10977,wave,apv,wave,v*dy(v),5.86689468368877e-11,24,1,5,0,2.34899255284098e-15,3.8388403567069e-11,288,0
10977,wave,apv,wave,w*dz(v),6.13683872537266e-11,24,1,5,0,2.30333678508393e-15,3.83371112633313e-11,288,0
10977,wave,apv,wave,u*dx(w),0,1,1,-1,0,0,0,0,288
10977,wave,apv,wave,v*dy(w),0,1,1,-1,0,0,0,0,288
10977,wave,apv,wave,w*dz(w),0,1,1,-1,0,0,0,0,288
10977,wave,apv,wave,u*dx(eta),4.67683515179392e-12,24,1,5,0,1.57940412786373e-15,3.84166032318944e-11,288,0
10977,wave,apv,wave,v*dy(eta),4.67683156593784e-12,24,1,5,0,9.21540949813952e-16,3.84137166520304e-11,288,0
10977,wave,apv,wave,w*dz(eta),4.56144350316951e-12,24,1,5,0,1.06726880420281e-15,1.6669154945248e-10,288,0
10977,wave,apv,wave,w*eta*dlogN2,1.09346180001321e-11,24,1,5,0,1.31136040484616e-15,3.86772835980764e-11,288,0
10977,apv,wave,wave,u*dx(u),5.85470055074683e-11,5,0,24,1,2.11532517826962e-15,7.48341388856488e-11,288,0
10977,apv,wave,wave,v*dy(u),5.85469294937712e-11,5,0,24,1,2.28641093252896e-15,7.48339168410439e-11,288,0
10977,apv,wave,wave,w*dz(u),0,-1,0,1,1,0,0,0,288
10977,apv,wave,wave,u*dx(v),5.86711196059403e-11,5,0,24,1,2.30410051405028e-15,7.48419104468212e-11,288,0
10977,apv,wave,wave,v*dy(v),5.86712051841667e-11,5,0,24,1,2.33540730613431e-15,7.48419104468212e-11,288,0
10977,apv,wave,wave,w*dz(v),0,-1,0,1,1,0,0,0,288
10977,apv,wave,wave,u*dx(w),7.90099827901373e-14,5,0,24,1,5.55111512312578e-16,7.56745777152901e-11,288,0
10977,apv,wave,wave,v*dy(w),7.90099598534774e-14,5,0,24,1,5.55111512312578e-16,7.56745777152901e-11,288,0
10977,apv,wave,wave,w*dz(w),0,-1,0,1,1,0,0,0,288
10977,apv,wave,wave,u*dx(eta),4.56088764684452e-12,5,0,24,1,8.9443757505519e-16,3.82835985135443e-11,288,0
10977,apv,wave,wave,v*dy(eta),4.56089228242039e-12,5,0,24,1,9.62609160030683e-16,3.82833764689394e-11,288,0
10977,apv,wave,wave,w*dz(eta),0,-1,0,1,1,0,0,0,288
10977,apv,wave,wave,w*eta*dlogN2,0,-1,0,1,1,0,0,0,288
10977,wave,boundary,wave,u*dx(u),1.9183831037076e-14,1,1,1,0,1.85155910993541e-15,3.89264176448023e-11,96,0
10977,wave,boundary,wave,v*dy(u),1.92804654890636e-14,1,1,1,0,1.60531048678094e-15,3.89233090203334e-11,96,0
10977,wave,boundary,wave,w*dz(u),2.16739486837033e-14,24,1,2,0,1.51224712731158e-15,3.84117182505861e-11,96,0
10977,wave,boundary,wave,u*dx(v),2.03259926347602e-14,1,1,1,0,1.86690317492849e-15,3.89264176448023e-11,96,0
10977,wave,boundary,wave,v*dy(v),2.0367130863947e-14,1,1,1,0,1.76222425237068e-15,3.89233090203334e-11,96,0
10977,wave,boundary,wave,w*dz(v),2.1698366672518e-14,24,1,2,0,1.60856736878937e-15,3.84117182505861e-11,96,0
10977,wave,boundary,wave,u*dx(w),0,1,1,1,0,0,0,0,96
10977,wave,boundary,wave,v*dy(w),0,1,1,1,0,0,0,0,96
10977,wave,boundary,wave,w*dz(w),0,1,1,1,0,0,0,0,96
10977,wave,boundary,wave,u*dx(eta),1.58392816082502e-15,24,1,2,0,5.55111512312578e-16,3.85758092136257e-11,96,0
10977,wave,boundary,wave,v*dy(eta),1.58795980879159e-15,24,1,2,0,5.55111512312578e-16,3.85727005891567e-11,96,0
10977,wave,boundary,wave,w*dz(eta),1.35826148596818e-15,24,1,2,0,1.03071706436106e-15,3.84843268363966e-11,96,0
10977,wave,boundary,wave,w*eta*dlogN2,1.13647894084295e-15,22,1,2,0,8.88178419700125e-16,3.84410281384362e-11,96,0
10977,boundary,wave,wave,u*dx(u),6.55412541081076e-14,2,0,24,1,1.76795261942991e-15,7.6969097762003e-11,96,0
10977,boundary,wave,wave,v*dy(u),6.5642546391566e-14,2,0,24,1,1.90024182556332e-15,7.6969097762003e-11,96,0
10977,boundary,wave,wave,w*dz(u),0,1,0,1,1,0,0,0,96
10977,boundary,wave,wave,u*dx(v),6.61422215742197e-14,2,0,24,1,2.1573829666617e-15,7.69768693231754e-11,96,0
10977,boundary,wave,wave,v*dy(v),6.57215090344041e-14,2,0,24,1,1.92393748821726e-15,7.69770913677803e-11,96,0
10977,boundary,wave,wave,w*dz(v),0,1,0,1,1,0,0,0,96
10977,boundary,wave,wave,u*dx(w),6.18357319492336e-17,1,0,18,1,6.66133814775094e-16,7.72757413614045e-11,96,0
10977,boundary,wave,wave,v*dy(w),6.02546243423534e-17,1,0,18,1,4.44089209850063e-16,7.72757413614045e-11,96,0
10977,boundary,wave,wave,w*dz(w),0,1,0,1,1,0,0,0,96
10977,boundary,wave,wave,u*dx(eta),4.99620477495006e-15,2,0,24,1,1.28510945055707e-15,3.97164523491256e-11,96,0
10977,boundary,wave,wave,v*dy(eta),4.98644529484556e-15,2,0,24,1,8.6561347999508e-16,3.97164523491256e-11,96,0
10977,boundary,wave,wave,w*dz(eta),0,1,0,1,1,0,0,0,96
10977,boundary,wave,wave,w*eta*dlogN2,0,1,0,1,1,0,0,0,96
10977,apv,boundary,wave,u*dx(u),3.24393749961177e-15,5,0,1,0,1.00571249711461e-15,2.08106865073887e-11,12,0
10977,apv,boundary,wave,v*dy(u),3.29922346523552e-15,5,0,1,0,1.19967528987489e-15,2.08109085519936e-11,12,0
10977,apv,boundary,wave,w*dz(u),0,-1,0,1,0,0,0,0,12
10977,apv,boundary,wave,u*dx(v),4.61800114218717e-15,5,0,1,0,1.48497445528594e-15,2.1116004173823e-11,12,0
10977,apv,boundary,wave,v*dy(v),4.60822792472565e-15,5,0,1,0,1.50073803934701e-15,2.11164308191082e-11,12,0
10977,apv,boundary,wave,w*dz(v),0,-1,0,1,0,0,0,0,12
10977,apv,boundary,wave,u*dx(w),0,-1,0,1,0,0,0,0,12
10977,apv,boundary,wave,v*dy(w),0,-1,0,1,0,0,0,0,12
10977,apv,boundary,wave,w*dz(w),0,-1,0,1,0,0,0,0,12
10977,apv,boundary,wave,u*dx(eta),3.30289578382478e-16,4,0,2,0,2.61108299534968e-16,2.30098162745662e-11,12,0
10977,apv,boundary,wave,v*dy(eta),5.2573168522984e-16,1,0,2,0,4.93055960058606e-16,2.30095942299613e-11,12,0
10977,apv,boundary,wave,w*dz(eta),0,-1,0,1,0,0,0,0,12
10977,apv,boundary,wave,w*eta*dlogN2,0,-1,0,1,0,0,0,0,12
10977,boundary,apv,wave,u*dx(u),2.94307171497947e-15,1,0,4,0,1.32387669821235e-15,2.21018758850278e-11,12,0
10977,boundary,apv,wave,v*dy(u),2.90497703883897e-15,1,0,-1,0,1.26757047491657e-15,2.21023199742376e-11,12,0
10977,boundary,apv,wave,w*dz(u),0,1,0,-1,0,0,0,0,12
10977,boundary,apv,wave,u*dx(v),4.21874167087437e-15,1,0,5,0,1.61962054279472e-15,2.21023199742376e-11,12,0
10977,boundary,apv,wave,v*dy(v),4.19237475349858e-15,1,0,5,0,1.58540751289096e-15,2.21023199742376e-11,12,0
10977,boundary,apv,wave,w*dz(v),0,1,0,-1,0,0,0,0,12
10977,boundary,apv,wave,u*dx(w),0,1,0,-1,0,0,0,0,12
10977,boundary,apv,wave,v*dy(w),0,1,0,-1,0,0,0,0,12
10977,boundary,apv,wave,w*dz(w),0,1,0,-1,0,0,0,0,12
10977,boundary,apv,wave,u*dx(eta),8.04472763736438e-16,2,0,4,0,8.05167998719845e-16,2.27160991182596e-11,12,0
10977,boundary,apv,wave,v*dy(eta),6.08096077150598e-16,2,0,2,0,6.36727774274392e-16,2.27151374803682e-11,12,0
10977,boundary,apv,wave,w*dz(eta),0,1,0,-1,0,0,0,0,12
10977,boundary,apv,wave,w*eta*dlogN2,0,1,0,-1,0,0,0,0,12
10977,boundary,boundary,wave,u*dx(u),1.11058535260729e-14,1,0,2,0,5.36847155484955e-15,8.01473332145974e-10,4,0
10977,boundary,boundary,wave,v*dy(u),1.10224567653643e-14,1,0,2,0,5.40484301716426e-15,8.01473332145974e-10,4,0
10977,boundary,boundary,wave,w*dz(u),0,1,0,1,0,0,0,0,4
10977,boundary,boundary,wave,u*dx(v),1.12853750166373e-14,1,0,2,0,5.55191369584708e-15,1.08385367515658e-09,4,0
10977,boundary,boundary,wave,v*dy(v),1.14581659639749e-14,1,0,2,0,5.66931739930307e-15,1.08385392095245e-09,4,0
10977,boundary,boundary,wave,w*dz(v),0,1,0,1,0,0,0,0,4
10977,boundary,boundary,wave,u*dx(w),0,1,0,1,0,0,0,0,4
10977,boundary,boundary,wave,v*dy(w),0,1,0,1,0,0,0,0,4
10977,boundary,boundary,wave,w*dz(w),0,1,0,1,0,0,0,0,4
10977,boundary,boundary,wave,u*dx(eta),1.39219264201197e-15,2,0,1,0,1.22124532708767e-15,8.89380347146584e-10,4,0
10977,boundary,boundary,wave,v*dy(eta),1.4071198428335e-15,1,0,2,0,8.88178419700125e-16,8.8938012510198e-10,4,0
10977,boundary,boundary,wave,w*dz(eta),0,1,0,1,0,0,0,0,4
10977,boundary,boundary,wave,w*eta*dlogN2,0,1,0,1,0,0,0,0,4
11313,wave,wave,wave,u*dx(u),0,1,1,1,1,0,0,0,2304
11313,wave,wave,wave,v*dy(u),7.85209557965892e-07,23,1,24,1,3.55752632819255e-15,5.95705706984972e-11,2304,0
11313,wave,wave,wave,w*dz(u),7.85476730421116e-07,23,1,24,1,3.24528573759737e-14,2.88068215141876e-06,2304,0
11313,wave,wave,wave,u*dx(v),0,1,1,1,1,0,0,0,2304
11313,wave,wave,wave,v*dy(v),7.82190134267009e-07,23,1,24,1,3.43880478317134e-15,6.39299724269904e-11,2304,0
11313,wave,wave,wave,w*dz(v),7.82455779194189e-07,23,1,24,1,3.19852421750744e-14,2.76546763378321e-06,2304,0
11313,wave,wave,wave,u*dx(w),0,1,1,1,1,0,0,0,2304
11313,wave,wave,wave,v*dy(w),1.9676227951341e-09,24,1,24,1,8.88178419700125e-16,6.36910524320911e-11,2304,0
11313,wave,wave,wave,w*dz(w),1.96762080529289e-09,24,1,24,1,8.88178419700125e-16,6.40087982617388e-11,2304,0
11313,wave,wave,wave,u*dx(eta),0,1,1,1,1,0,0,0,2304
11313,wave,wave,wave,v*dy(eta),1.32868154098686e-07,24,1,24,1,1.4193198799303e-15,5.92768056861814e-11,2304,0
11313,wave,wave,wave,w*dz(eta),1.32868078699009e-07,24,1,24,1,1.44493138202156e-15,5.9580118616509e-11,2304,0
11313,wave,wave,wave,w*eta*dlogN2,8.02377493170673e-08,23,1,24,1,1.33713289126277e-15,5.96589444512574e-11,2304,0
11313,wave,apv,wave,u*dx(u),0,1,1,-1,0,0,0,0,288
11313,wave,apv,wave,v*dy(u),5.86413466424736e-11,24,1,5,0,2.2192113575157e-15,5.52708989687289e-11,288,0
11313,wave,apv,wave,w*dz(u),6.13398905813158e-11,24,1,5,0,2.47109756547258e-15,5.53237455847011e-11,288,0
11313,wave,apv,wave,u*dx(v),0,1,1,-1,0,0,0,0,288
11313,wave,apv,wave,v*dy(v),0,1,1,-1,0,0,0,0,288
11313,wave,apv,wave,w*dz(v),0,1,1,-1,0,0,0,0,288
11313,wave,apv,wave,u*dx(w),0,1,1,-1,0,0,0,0,288
11313,wave,apv,wave,v*dy(w),0,1,1,-1,0,0,0,0,288
11313,wave,apv,wave,w*dz(w),0,1,1,-1,0,0,0,0,288
11313,wave,apv,wave,u*dx(eta),0,1,1,-1,0,0,0,0,288
11313,wave,apv,wave,v*dy(eta),5.81670237262989e-12,24,1,5,0,1.05614906193192e-15,5.51947376692397e-11,288,0
11313,wave,apv,wave,w*dz(eta),5.67314204644492e-12,24,1,5,0,1.76595761576401e-15,1.49821821615603e-10,288,0
11313,wave,apv,wave,w*eta*dlogN2,1.3600702787142e-11,24,1,5,0,1.27245614156259e-15,5.56821255770501e-11,288,0
11313,apv,wave,wave,u*dx(u),0,-1,0,1,1,0,0,0,288
11313,apv,wave,wave,v*dy(u),5.86381071466161e-11,5,0,24,1,2.34317988276706e-15,9.44261512849641e-12,288,0
11313,apv,wave,wave,w*dz(u),0,-1,0,1,1,0,0,0,288
11313,apv,wave,wave,u*dx(v),0,-1,0,1,1,0,0,0,288
11313,apv,wave,wave,v*dy(v),5.84790033144977e-11,5,0,24,1,2.28625578558393e-15,8.76898553769934e-12,288,0
11313,apv,wave,wave,w*dz(v),0,-1,0,1,1,0,0,0,288
11313,apv,wave,wave,u*dx(w),0,-1,0,1,1,0,0,0,288
11313,apv,wave,wave,v*dy(w),9.84252642412921e-14,5,0,24,1,6.66133814775094e-16,9.49995637711254e-12,288,0
11313,apv,wave,wave,w*dz(w),0,-1,0,1,1,0,0,0,288
11313,apv,wave,wave,u*dx(eta),0,-1,0,1,1,0,0,0,288
11313,apv,wave,wave,v*dy(eta),5.67194307662146e-12,5,0,24,1,9.87669023176364e-16,6.12239060180724e-12,288,0
11313,apv,wave,wave,w*dz(eta),0,-1,0,1,1,0,0,0,288
11313,apv,wave,wave,w*eta*dlogN2,0,-1,0,1,1,0,0,0,288
11313,wave,boundary,wave,u*dx(u),0,1,1,1,0,0,0,0,96
11313,wave,boundary,wave,v*dy(u),1.13594842789343e-13,24,1,2,0,2.23524167341547e-15,5.61544144517256e-11,96,0
11313,wave,boundary,wave,w*dz(u),2.88973664739022e-13,24,1,2,0,1.95465069180157e-15,5.5457416436866e-11,96,0
11313,wave,boundary,wave,u*dx(v),0,1,1,1,0,0,0,0,96
11313,wave,boundary,wave,v*dy(v),0,1,1,1,0,0,0,0,96
11313,wave,boundary,wave,w*dz(v),0,1,1,1,0,0,0,0,96
11313,wave,boundary,wave,u*dx(w),0,1,1,1,0,0,0,0,96
11313,wave,boundary,wave,v*dy(w),0,1,1,1,0,0,0,0,96
11313,wave,boundary,wave,w*dz(w),0,1,1,1,0,0,0,0,96
11313,wave,boundary,wave,u*dx(eta),0,1,1,1,0,0,0,0,96
11313,wave,boundary,wave,v*dy(eta),2.65780519581452e-14,24,1,2,0,7.353923076947e-16,5.55175905248007e-11,96,0
11313,wave,boundary,wave,w*dz(eta),1.09148515715929e-14,24,1,2,0,1.27698054361234e-15,5.5409898891412e-11,96,0
11313,wave,boundary,wave,w*eta*dlogN2,1.12889563505824e-14,24,1,1,0,1.42046605105269e-15,5.55071544283692e-11,96,0
11313,boundary,wave,wave,u*dx(u),0,1,0,1,1,0,0,0,96
11313,boundary,wave,wave,v*dy(u),3.66300331877221e-14,2,0,24,1,1.59309336044324e-15,7.01334367208325e-12,96,0
11313,boundary,wave,wave,w*dz(u),0,1,0,1,1,0,0,0,96
11313,boundary,wave,wave,u*dx(v),0,1,0,1,1,0,0,0,96
11313,boundary,wave,wave,v*dy(v),3.63986414203616e-14,2,0,24,1,2.0911008636171e-15,1.05782049786285e-11,96,0
11313,boundary,wave,wave,w*dz(v),0,1,0,1,1,0,0,0,96
11313,boundary,wave,wave,u*dx(w),0,1,0,1,1,0,0,0,96
11313,boundary,wave,wave,v*dy(w),6.20397227473592e-17,1,0,18,1,8.88178419700125e-16,1.07074349386949e-11,96,0
11313,boundary,wave,wave,w*dz(w),0,1,0,1,1,0,0,0,96
11313,boundary,wave,wave,u*dx(eta),0,1,0,1,1,0,0,0,96
11313,boundary,wave,wave,v*dy(eta),3.65810525637079e-15,2,0,24,1,6.59565736567167e-16,1.14542960472307e-11,96,0
11313,boundary,wave,wave,w*dz(eta),0,1,0,1,1,0,0,0,96
11313,boundary,wave,wave,w*eta*dlogN2,0,1,0,1,1,0,0,0,96
11313,apv,boundary,wave,u*dx(u),0,-1,0,1,0,0,0,0,12
11313,apv,boundary,wave,v*dy(u),4.51809376429702e-15,4,0,1,0,1.46007101079831e-15,1.59223885464943e-11,12,0
11313,apv,boundary,wave,w*dz(u),0,-1,0,1,0,0,0,0,12
11313,apv,boundary,wave,u*dx(v),0,-1,0,1,0,0,0,0,12
11313,apv,boundary,wave,v*dy(v),0,-1,0,1,0,0,0,0,12
11313,apv,boundary,wave,w*dz(v),0,-1,0,1,0,0,0,0,12
11313,apv,boundary,wave,u*dx(w),0,-1,0,1,0,0,0,0,12
11313,apv,boundary,wave,v*dy(w),0,-1,0,1,0,0,0,0,12
11313,apv,boundary,wave,w*dz(w),0,-1,0,1,0,0,0,0,12
11313,apv,boundary,wave,u*dx(eta),0,-1,0,1,0,0,0,0,12
11313,apv,boundary,wave,v*dy(eta),6.01756980012045e-16,3,0,1,0,5.98092599321211e-16,1.52411416820541e-11,12,0
11313,apv,boundary,wave,w*dz(eta),0,-1,0,1,0,0,0,0,12
11313,apv,boundary,wave,w*eta*dlogN2,0,-1,0,1,0,0,0,0,12
11313,boundary,apv,wave,u*dx(u),0,1,0,-1,0,0,0,0,12
11313,boundary,apv,wave,v*dy(u),4.11087131176708e-15,1,0,5,0,1.95457430636425e-15,2.15922835167248e-11,12,0
11313,boundary,apv,wave,w*dz(u),0,1,0,-1,0,0,0,0,12
11313,boundary,apv,wave,u*dx(v),0,1,0,-1,0,0,0,0,12
11313,boundary,apv,wave,v*dy(v),0,1,0,-1,0,0,0,0,12
11313,boundary,apv,wave,w*dz(v),0,1,0,-1,0,0,0,0,12
11313,boundary,apv,wave,u*dx(w),0,1,0,-1,0,0,0,0,12
11313,boundary,apv,wave,v*dy(w),0,1,0,-1,0,0,0,0,12
11313,boundary,apv,wave,w*dz(w),0,1,0,-1,0,0,0,0,12
11313,boundary,apv,wave,u*dx(eta),0,1,0,-1,0,0,0,0,12
11313,boundary,apv,wave,v*dy(eta),6.19885510051551e-16,2,0,2,0,6.6027496785097e-16,2.32980058713957e-11,12,0
11313,boundary,apv,wave,w*dz(eta),0,1,0,-1,0,0,0,0,12
11313,boundary,apv,wave,w*eta*dlogN2,0,1,0,-1,0,0,0,0,12
11313,boundary,boundary,wave,u*dx(u),0,1,0,1,0,0,0,0,4
11313,boundary,boundary,wave,v*dy(u),3.70693681003279e-15,1,0,1,0,1.32818076214454e-15,1.75511032039966e-11,4,0
11313,boundary,boundary,wave,w*dz(u),0,1,0,1,0,0,0,0,4
11313,boundary,boundary,wave,u*dx(v),0,1,0,1,0,0,0,0,4
11313,boundary,boundary,wave,v*dy(v),0,1,0,1,0,0,0,0,4
11313,boundary,boundary,wave,w*dz(v),0,1,0,1,0,0,0,0,4
11313,boundary,boundary,wave,u*dx(w),0,1,0,1,0,0,0,0,4
11313,boundary,boundary,wave,v*dy(w),0,1,0,1,0,0,0,0,4
11313,boundary,boundary,wave,w*dz(w),0,1,0,1,0,0,0,0,4
11313,boundary,boundary,wave,u*dx(eta),0,1,0,1,0,0,0,0,4
11313,boundary,boundary,wave,v*dy(eta),6.8820463563251e-16,2,0,1,0,5.30060313019631e-16,4.44962277151697e-11,4,0
11313,boundary,boundary,wave,w*dz(eta),0,1,0,1,0,0,0,0,4
11313,boundary,boundary,wave,w*eta*dlogN2,0,1,0,1,0,0,0,0,4
12743,wave,wave,wave,u*dx(u),7.85763396233254e-07,23,1,24,1,3.75921569112628e-15,4.58193483154901e-11,2304,0
12743,wave,wave,wave,v*dy(u),7.85763396232378e-07,23,1,24,1,3.64240318946665e-15,4.58115767543177e-11,2304,0
12743,wave,wave,wave,w*dz(u),7.86030933492415e-07,23,1,24,1,2.9700469300991e-14,2.39921938783032e-06,2304,0
12743,wave,wave,wave,u*dx(v),7.85200064750877e-07,23,-1,24,1,4.01667341201703e-15,4.58193483154901e-11,2304,0
12743,wave,wave,wave,v*dy(v),7.85200064757041e-07,23,-1,24,1,3.59801795208353e-15,4.58115767543177e-11,2304,0
12743,wave,wave,wave,w*dz(v),7.85467315682036e-07,23,1,24,1,2.96561259019059e-14,2.3673146859032e-06,2304,0
12743,wave,wave,wave,u*dx(w),1.05756596749837e-09,24,1,24,1,9.99200722162641e-16,4.58807436487518e-11,2304,0
12743,wave,wave,wave,v*dy(w),1.05756596751484e-09,24,1,24,1,8.88178419700125e-16,4.58773019573755e-11,2304,0
12743,wave,wave,wave,w*dz(w),1.05756540710651e-09,24,1,24,1,1.11022302462516e-15,4.57479609750067e-11,2304,0
12743,wave,wave,wave,u*dx(eta),7.18067759028022e-08,24,1,24,1,1.11022302462516e-15,3.74558162263838e-11,2304,0
12743,wave,wave,wave,v*dy(eta),7.18067759032255e-08,24,1,24,1,1.11022302462516e-15,3.74540398695444e-11,2304,0
12743,wave,wave,wave,w*dz(eta),7.18067545488077e-08,24,1,24,1,9.99200722162641e-16,3.73689967858581e-11,2304,0
12743,wave,wave,wave,w*eta*dlogN2,4.33460785182102e-08,23,1,24,1,1.31730457191108e-15,3.73157060806761e-11,2304,0
12743,wave,apv,wave,u*dx(u),5.866760704146e-11,24,1,5,0,2.23248062899295e-15,3.73898689787211e-11,288,0
12743,wave,apv,wave,v*dy(u),5.86676088566295e-11,24,1,5,0,2.28624383179612e-15,3.73883146664866e-11,288,0
12743,wave,apv,wave,w*dz(u),6.13666013083908e-11,24,1,5,0,2.29032691750694e-15,3.73141517684417e-11,288,0
12743,wave,apv,wave,u*dx(v),5.86379867092396e-11,24,1,5,0,2.30101996706133e-15,3.73898689787211e-11,288,0
12743,wave,apv,wave,v*dy(v),5.86379979475937e-11,24,1,5,0,2.29774962782427e-15,3.73883146664866e-11,288,0
12743,wave,apv,wave,w*dz(v),6.13358308980998e-11,24,1,5,0,2.45013290934614e-15,3.73141517684417e-11,288,0
12743,wave,apv,wave,u*dx(w),0,1,1,-1,0,0,0,0,288
12743,wave,apv,wave,v*dy(w),0,1,1,-1,0,0,0,0,288
12743,wave,apv,wave,w*dz(w),0,1,1,-1,0,0,0,0,288
12743,wave,apv,wave,u*dx(eta),3.13625556126016e-12,24,1,5,0,8.40586260082643e-16,3.74009712089673e-11,288,0
12743,wave,apv,wave,v*dy(eta),3.13625446457087e-12,24,1,5,0,8.10968849395368e-16,3.7398972807523e-11,288,0
12743,wave,apv,wave,w*dz(eta),3.05889678789041e-12,24,1,5,0,1.01427406182135e-15,1.67658664729231e-10,288,0
12743,wave,apv,wave,w*eta*dlogN2,7.33210368088298e-12,24,1,5,0,6.85881203883983e-16,3.76363384901879e-11,288,0
12743,apv,wave,wave,u*dx(u),5.8665979555914e-11,5,0,24,1,2.28484289535706e-15,4.5720205399391e-11,288,0
12743,apv,wave,wave,v*dy(u),5.86659393503997e-11,5,0,24,1,2.39248524500394e-15,4.57200943770886e-11,288,0
12743,apv,wave,wave,w*dz(u),0,-1,0,1,1,0,0,0,288
12743,apv,wave,wave,u*dx(v),5.8636368698094e-11,5,0,24,-1,2.20989455402702e-15,4.5720205399391e-11,288,0
12743,apv,wave,wave,v*dy(v),5.86362586402277e-11,5,0,24,1,2.29085377368764e-15,4.57200943770886e-11,288,0
12743,apv,wave,wave,w*dz(v),0,-1,0,1,1,0,0,0,288
12743,apv,wave,wave,u*dx(w),5.29030258391122e-14,5,0,24,1,4.44089209850063e-16,5.01459984647568e-11,288,0
12743,apv,wave,wave,v*dy(w),5.29030527917616e-14,5,0,24,1,5.55111512312578e-16,5.01459984647568e-11,288,0
12743,apv,wave,wave,w*dz(w),0,-1,0,1,1,0,0,0,288
12743,apv,wave,wave,u*dx(eta),3.05832686014086e-12,5,0,24,1,7.98023325325595e-16,2.80777623373751e-11,288,0
12743,apv,wave,wave,v*dy(eta),3.05832212888514e-12,5,0,24,1,9.68080965822338e-16,2.80777623373751e-11,288,0
12743,apv,wave,wave,w*dz(eta),0,-1,0,1,1,0,0,0,288
12743,apv,wave,wave,w*eta*dlogN2,0,-1,0,1,1,0,0,0,288
12743,wave,boundary,wave,u*dx(u),1.35019084519339e-13,24,1,2,0,2.26700134725918e-15,3.69355657170445e-11,96,0
12743,wave,boundary,wave,v*dy(u),1.35877569085233e-13,24,1,2,0,2.3486862205539e-15,3.69337893602051e-11,96,0
12743,wave,boundary,wave,w*dz(u),2.9756888212566e-13,24,1,2,0,1.79059526503678e-15,3.73301389799963e-11,96,0
12743,wave,boundary,wave,u*dx(v),1.36033163604168e-13,24,1,2,0,1.9716905208402e-15,3.69355657170445e-11,96,0
12743,wave,boundary,wave,v*dy(v),1.35252355940778e-13,24,1,2,0,2.10158331316663e-15,3.69337893602051e-11,96,0
12743,wave,boundary,wave,w*dz(v),2.97396076952345e-13,24,1,2,0,1.87588414584107e-15,3.73301389799963e-11,96,0
12743,wave,boundary,wave,u*dx(w),0,1,1,1,0,0,0,0,96
12743,wave,boundary,wave,v*dy(w),0,1,1,1,0,0,0,0,96
12743,wave,boundary,wave,w*dz(w),0,1,1,1,0,0,0,0,96
12743,wave,boundary,wave,u*dx(eta),1.47620509948836e-14,24,1,2,0,5.50875994789705e-16,3.72692987582468e-11,96,0
12743,wave,boundary,wave,v*dy(eta),1.47599461598686e-14,24,1,2,0,8.37656736035242e-16,3.72675224014074e-11,96,0
12743,wave,boundary,wave,w*dz(eta),6.95440497545397e-15,24,1,2,0,6.66133814775094e-16,3.73181485713303e-11,96,0
12743,wave,boundary,wave,w*eta*dlogN2,7.20897772601721e-15,24,1,1,0,1.06462240335935e-15,3.73272524001322e-11,96,0
12743,boundary,wave,wave,u*dx(u),8.00073796115027e-14,2,0,24,1,1.77153962433265e-15,4.64995819626779e-11,96,0
12743,boundary,wave,wave,v*dy(u),8.04941340206429e-14,2,0,24,1,1.76052168471941e-15,4.64994709403754e-11,96,0
12743,boundary,wave,wave,w*dz(u),0,1,0,1,1,0,0,0,96
12743,boundary,wave,wave,u*dx(v),8.05198860615785e-14,2,0,24,1,2.15523543512094e-15,4.64995819626779e-11,96,0
12743,boundary,wave,wave,v*dy(v),8.03566766093993e-14,2,0,24,1,1.64071898113784e-15,4.64994709403754e-11,96,0
12743,boundary,wave,wave,w*dz(v),0,1,0,1,1,0,0,0,96
12743,boundary,wave,wave,u*dx(w),4.5283384837451e-17,1,0,18,1,4.44089209850063e-16,4.89093210376268e-11,96,0
12743,boundary,wave,wave,v*dy(w),4.54113763998714e-17,1,0,18,1,4.44089209850063e-16,4.89092100153243e-11,96,0
12743,boundary,wave,wave,w*dz(w),0,1,0,1,1,0,0,0,96
12743,boundary,wave,wave,u*dx(eta),4.09853732893146e-15,2,0,24,1,6.6766185479904e-16,2.78705947209801e-11,96,0
12743,boundary,wave,wave,v*dy(eta),4.09989781236097e-15,2,0,24,1,6.66133814775094e-16,2.78705947209801e-11,96,0
12743,boundary,wave,wave,w*dz(eta),0,1,0,1,1,0,0,0,96
12743,boundary,wave,wave,w*eta*dlogN2,0,1,0,1,1,0,0,0,96
12743,apv,boundary,wave,u*dx(u),4.58999381319445e-15,4,0,1,0,1.26724140501943e-15,1.51030142430965e-11,12,0
12743,apv,boundary,wave,v*dy(u),4.60023986321718e-15,4,0,1,0,1.36126458731588e-15,1.51026417086975e-11,12,0
12743,apv,boundary,wave,w*dz(u),0,-1,0,1,0,0,0,0,12
12743,apv,boundary,wave,u*dx(v),4.33695113592944e-15,4,0,1,0,1.30820500186285e-15,1.26516924304551e-11,12,0
12743,apv,boundary,wave,v*dy(v),4.33147156372336e-15,4,0,1,0,1.56466377361129e-15,1.26521784305213e-11,12,0
12743,apv,boundary,wave,w*dz(v),0,-1,0,1,0,0,0,0,12
12743,apv,boundary,wave,u*dx(w),0,-1,0,1,0,0,0,0,12
12743,apv,boundary,wave,v*dy(w),0,-1,0,1,0,0,0,0,12
12743,apv,boundary,wave,w*dz(w),0,-1,0,1,0,0,0,0,12
12743,apv,boundary,wave,u*dx(eta),4.84722642144888e-16,4,0,2,0,5.16516925139862e-16,1.46955780877533e-11,12,0
12743,apv,boundary,wave,v*dy(eta),4.59421740831737e-16,4,0,2,0,3.33066907387547e-16,1.46958001323583e-11,12,0
12743,apv,boundary,wave,w*dz(eta),0,-1,0,1,0,0,0,0,12
12743,apv,boundary,wave,w*eta*dlogN2,0,-1,0,1,0,0,0,0,12
12743,boundary,apv,wave,u*dx(u),3.95048066910245e-15,1,0,5,0,1.48510815207282e-15,2.00375271930398e-11,12,0
12743,boundary,apv,wave,v*dy(u),4.02431983465449e-15,1,0,4,0,1.65864848813174e-15,2.00375271930398e-11,12,0
12743,boundary,apv,wave,w*dz(u),0,1,0,-1,0,0,0,0,12
12743,boundary,apv,wave,u*dx(v),3.48483134718245e-15,1,0,4,0,1.90032627485384e-15,2.00375271930398e-11,12,0
12743,boundary,apv,wave,v*dy(v),3.49634754662237e-15,1,0,4,0,1.47094364200687e-15,2.00375271930398e-11,12,0
12743,boundary,apv,wave,w*dz(v),0,1,0,-1,0,0,0,0,12
12743,boundary,apv,wave,u*dx(w),0,1,0,-1,0,0,0,0,12
12743,boundary,apv,wave,v*dy(w),0,1,0,-1,0,0,0,0,12
12743,boundary,apv,wave,w*dz(w),0,1,0,-1,0,0,0,0,12
12743,boundary,apv,wave,u*dx(eta),6.6241822265556e-16,2,0,2,0,7.97995308274226e-16,2.32567753612208e-11,12,0
12743,boundary,apv,wave,v*dy(eta),8.97169948175221e-16,2,0,2,0,5.89811926298957e-16,2.32558275265246e-11,12,0
12743,boundary,apv,wave,w*dz(eta),0,1,0,-1,0,0,0,0,12
12743,boundary,apv,wave,w*eta*dlogN2,0,1,0,-1,0,0,0,0,12
12743,boundary,boundary,wave,u*dx(u),3.46595487217274e-15,1,0,1,0,1.07287306087025e-15,7.03824075018451e-12,4,0
12743,boundary,boundary,wave,v*dy(u),3.4820240612056e-15,1,0,1,0,1.35375321053547e-15,7.0383752592493e-12,4,0
12743,boundary,boundary,wave,w*dz(u),0,1,0,1,0,0,0,0,4
12743,boundary,boundary,wave,u*dx(v),3.29029791596655e-15,1,0,2,0,1.25041282388327e-15,5.42132619695504e-12,4,0
12743,boundary,boundary,wave,v*dy(v),3.1888154571285e-15,1,0,2,0,1.05739207230019e-15,5.4213392931641e-12,4,0
12743,boundary,boundary,wave,w*dz(v),0,1,0,1,0,0,0,0,4
12743,boundary,boundary,wave,u*dx(w),0,1,0,1,0,0,0,0,4
12743,boundary,boundary,wave,v*dy(w),0,1,0,1,0,0,0,0,4
12743,boundary,boundary,wave,w*dz(w),0,1,0,1,0,0,0,0,4
12743,boundary,boundary,wave,u*dx(eta),8.13584591270003e-16,2,0,1,0,4.10462586881921e-16,1.16363371475455e-11,4,0
12743,boundary,boundary,wave,v*dy(eta),1.15760483479798e-15,2,0,1,0,8.77166076867342e-16,1.16368556225259e-11,4,0
12743,boundary,boundary,wave,w*dz(eta),0,1,0,1,0,0,0,0,4
12743,boundary,boundary,wave,w*eta*dlogN2,0,1,0,1,0,0,0,0,4
14176,wave,wave,wave,u*dx(u),7.84420918657042e-07,24,-1,23,1,3.56985292605982e-15,2.92418311786946e-11,2304,0
14176,wave,wave,wave,v*dy(u),7.84420918659998e-07,24,1,23,1,3.58088403252668e-15,2.92290636139114e-11,2304,0
14176,wave,wave,wave,w*dz(u),7.84687822169333e-07,24,1,23,1,4.37381155276708e-14,5.96565077323412e-06,2304,0
14176,wave,wave,wave,u*dx(v),7.84420918682167e-07,24,-1,23,1,3.55939582804494e-15,2.92549318103852e-11,2304,0
14176,wave,wave,wave,v*dy(v),7.84420918679849e-07,24,-1,23,1,3.55853497711739e-15,2.92418311786946e-11,2304,0
14176,wave,wave,wave,w*dz(v),7.84687822158863e-07,24,1,23,1,4.37188678884837e-14,5.9656507780608e-06,2304,0
14176,wave,wave,wave,u*dx(w),1.65924472275117e-09,24,1,24,1,9.99200722162641e-16,2.93881585733402e-11,2304,0
14176,wave,wave,wave,v*dy(w),1.65924472276141e-09,24,1,24,1,1.11022302462516e-15,2.93756130531619e-11,2304,0
14176,wave,wave,wave,w*dz(w),1.65924493642237e-09,24,1,24,1,9.99200722162641e-16,2.96036528624199e-11,2304,0
14176,wave,wave,wave,u*dx(eta),1.12292924729911e-07,24,1,24,1,1.44461159002414e-15,2.92957880176914e-11,2304,0
14176,wave,wave,wave,v*dy(eta),1.12292924727818e-07,24,1,24,1,1.67072534534874e-15,2.92829094306057e-11,2304,0
14176,wave,wave,wave,w*dz(eta),1.12292932834427e-07,24,1,24,1,1.38355714752364e-15,2.96969115964885e-11,2304,0
14176,wave,wave,wave,w*eta*dlogN2,6.78015773562339e-08,24,1,23,1,1.14713186813948e-15,2.94135826806041e-11,2304,0
14176,wave,apv,wave,u*dx(u),5.8596967371682e-11,24,1,5,0,2.18882514924603e-15,2.91786594885934e-11,288,0
14176,wave,apv,wave,v*dy(u),5.85969051096408e-11,24,1,5,0,2.26052375789837e-15,2.91657809015078e-11,288,0
14176,wave,apv,wave,w*dz(u),6.12934533496941e-11,24,1,5,0,2.4053849523651e-15,4.26566559852404e-11,288,0
14176,wave,apv,wave,u*dx(v),5.85969211877265e-11,24,1,5,0,2.46796895386888e-15,2.91787705108959e-11,288,0
14176,wave,apv,wave,v*dy(v),5.85968080816721e-11,24,1,5,0,2.36159381684493e-15,2.91658919238102e-11,288,0
14176,wave,apv,wave,w*dz(v),6.12935494502176e-11,24,1,5,0,2.22241683442178e-15,4.26565449629379e-11,288,0
14176,wave,apv,wave,u*dx(w),0,1,1,-1,0,0,0,0,288
14176,wave,apv,wave,v*dy(w),0,1,1,-1,0,0,0,0,288
14176,wave,apv,wave,w*dz(w),0,1,1,-1,0,0,0,0,288
14176,wave,apv,wave,u*dx(eta),4.91122343287696e-12,24,1,5,0,9.71096050205495e-16,4.75944839095632e-11,288,0
14176,wave,apv,wave,v*dy(eta),4.91122333499569e-12,24,1,5,0,9.80970605621598e-16,4.758171634478e-11,288,0
14176,wave,apv,wave,w*dz(eta),4.7900492549557e-12,24,1,5,0,8.4996096715478e-16,2.34174013513666e-10,288,0
14176,wave,apv,wave,w*eta*dlogN2,1.14829860780381e-11,24,1,5,0,8.80447496767799e-16,4.35200764314914e-11,288,0
14176,apv,wave,wave,u*dx(u),5.85972013041509e-11,5,0,24,1,2.25512480643196e-15,1.94033678013739e-11,288,0
14176,apv,wave,wave,v*dy(u),5.85973382129444e-11,5,0,24,1,2.26386634264825e-15,1.94031457567689e-11,288,0
14176,apv,wave,wave,w*dz(u),0,-1,0,1,1,0,0,0,288
14176,apv,wave,wave,u*dx(v),5.85973129280474e-11,5,0,24,1,2.27038881664137e-15,1.94422256072357e-11,288,0
14176,apv,wave,wave,v*dy(v),5.85973008280468e-11,5,0,24,1,2.31659397445301e-15,1.94422256072357e-11,288,0
14176,apv,wave,wave,w*dz(v),0,-1,0,1,1,0,0,0,288
14176,apv,wave,wave,u*dx(w),8.29986537619601e-14,5,0,24,1,5.55111512312578e-16,2.03344008298245e-11,288,0
14176,apv,wave,wave,v*dy(w),8.29986990211726e-14,5,0,24,1,6.66133814775094e-16,2.03341787852196e-11,288,0
14176,apv,wave,wave,w*dz(w),0,-1,0,1,1,0,0,0,288
14176,apv,wave,wave,u*dx(eta),4.78932020645783e-12,5,0,24,1,8.36693474113212e-16,1.06112896247623e-11,288,0
14176,apv,wave,wave,v*dy(eta),4.78931133609939e-12,5,0,24,1,1.04212924740511e-15,1.06112896247623e-11,288,0
14176,apv,wave,wave,w*dz(eta),0,-1,0,1,1,0,0,0,288
14176,apv,wave,wave,w*eta*dlogN2,0,-1,0,1,1,0,0,0,288
14176,wave,boundary,wave,u*dx(u),8.39328967786607e-14,24,1,2,0,2.2412292299699e-15,3.12556647230622e-11,96,0
14176,wave,boundary,wave,v*dy(u),8.41815366367247e-14,24,1,2,0,2.09198959248353e-15,3.12427861359765e-11,96,0
14176,wave,boundary,wave,w*dz(u),6.25888367682519e-14,24,1,2,0,1.68626632721232e-15,2.92310620153557e-11,96,0
14176,wave,boundary,wave,u*dx(v),8.41195014780593e-14,24,1,2,0,1.84348066356112e-15,3.12556647230622e-11,96,0
14176,wave,boundary,wave,v*dy(v),8.37195693498963e-14,24,1,2,0,2.00504854315552e-15,3.12427861359765e-11,96,0
14176,wave,boundary,wave,w*dz(v),6.25719791705915e-14,24,1,2,0,1.74711688306506e-15,2.92308399707508e-11,96,0
14176,wave,boundary,wave,u*dx(w),0,1,1,1,0,0,0,0,96
14176,wave,boundary,wave,v*dy(w),0,1,1,1,0,0,0,0,96
14176,wave,boundary,wave,w*dz(w),0,1,1,1,0,0,0,0,96
14176,wave,boundary,wave,u*dx(eta),4.89721027737604e-15,24,1,2,0,9.49124148661487e-16,2.91107138394864e-11,96,0
14176,wave,boundary,wave,v*dy(eta),4.90201022164992e-15,24,1,2,0,5.78390015701801e-16,2.90981683193081e-11,96,0
14176,wave,boundary,wave,w*dz(eta),6.60749088602799e-15,24,1,2,0,1.82202574489901e-15,2.92327273498927e-11,96,0
14176,wave,boundary,wave,w*eta*dlogN2,5.81269917456415e-15,24,1,1,0,9.62425811913191e-16,2.92321722383804e-11,96,0
14176,boundary,wave,wave,u*dx(u),8.35812167549193e-14,2,0,24,1,1.77816763131015e-15,2.01634264840322e-11,96,0
14176,boundary,wave,wave,v*dy(u),8.27517367633919e-14,2,0,24,1,2.03658950900616e-15,2.01634264840322e-11,96,0
14176,boundary,wave,wave,w*dz(u),0,1,0,1,1,0,0,0,96
14176,boundary,wave,wave,u*dx(v),8.31459605769601e-14,2,0,24,-1,1.91071625632878e-15,2.02022842898941e-11,96,0
14176,boundary,wave,wave,v*dy(v),8.33752124377603e-14,2,0,24,1,1.76263774706166e-15,2.0202506334499e-11,96,0
14176,boundary,wave,wave,w*dz(v),0,1,0,1,1,0,0,0,96
14176,boundary,wave,wave,u*dx(w),8.73735084744033e-17,2,0,24,1,5.55111512312578e-16,2.0714985282666e-11,96,0
14176,boundary,wave,wave,v*dy(w),8.71361800569706e-17,2,0,24,1,5.55111512312578e-16,2.07152073272709e-11,96,0
14176,boundary,wave,wave,w*dz(w),0,1,0,1,1,0,0,0,96
14176,boundary,wave,wave,u*dx(eta),6.6068451262114e-15,2,0,24,1,6.22623234363811e-16,1.08708597679197e-11,96,0
14176,boundary,wave,wave,v*dy(eta),6.53536375773696e-15,2,0,24,1,1.06771087444759e-15,1.08708597679197e-11,96,0
14176,boundary,wave,wave,w*dz(eta),0,1,0,1,1,0,0,0,96
14176,boundary,wave,wave,w*eta*dlogN2,0,1,0,1,1,0,0,0,96
14176,apv,boundary,wave,u*dx(u),3.65342429141329e-15,4,0,1,0,1.5361507719574e-15,2.19242402010877e-11,12,0
14176,apv,boundary,wave,v*dy(u),3.60473224277208e-15,4,0,1,0,1.25752948007948e-15,2.19244622456927e-11,12,0
14176,apv,boundary,wave,w*dz(u),0,-1,0,1,0,0,0,0,12
14176,apv,boundary,wave,u*dx(v),3.66606315208911e-15,4,0,1,0,1.48581094557173e-15,2.19242402010877e-11,12,0
14176,apv,boundary,wave,v*dy(v),3.62605888988972e-15,4,0,1,0,1.46169004967917e-15,2.19240181564828e-11,12,0
14176,apv,boundary,wave,w*dz(v),0,-1,0,1,0,0,0,0,12
14176,apv,boundary,wave,u*dx(w),0,-1,0,1,0,0,0,0,12
14176,apv,boundary,wave,v*dy(w),0,-1,0,1,0,0,0,0,12
14176,apv,boundary,wave,w*dz(w),0,-1,0,1,0,0,0,0,12
14176,apv,boundary,wave,u*dx(eta),4.99415733725295e-16,3,0,2,0,4.48713310593927e-16,2.11881623357613e-11,12,0
14176,apv,boundary,wave,v*dy(eta),5.77383572581191e-16,1,0,2,0,3.91530568084821e-16,2.11883843803662e-11,12,0
14176,apv,boundary,wave,w*dz(eta),0,-1,0,1,0,0,0,0,12
14176,apv,boundary,wave,w*eta*dlogN2,0,-1,0,1,0,0,0,0,12
14176,boundary,apv,wave,u*dx(u),3.59829307462698e-15,1,0,4,0,1.25753773992944e-15,1.81130666021545e-11,12,0
14176,boundary,apv,wave,v*dy(u),3.69025558245355e-15,1,0,4,0,1.42133050138998e-15,1.81128445575496e-11,12,0
14176,boundary,apv,wave,w*dz(u),0,1,0,-1,0,0,0,0,12
14176,boundary,apv,wave,u*dx(v),3.67301307676463e-15,1,0,4,0,1.47162105321009e-15,1.81130666021545e-11,12,0
14176,boundary,apv,wave,v*dy(v),3.63105319699662e-15,1,0,4,0,1.33321592229881e-15,1.81130666021545e-11,12,0
14176,boundary,apv,wave,w*dz(v),0,1,0,-1,0,0,0,0,12
14176,boundary,apv,wave,u*dx(w),0,1,0,-1,0,0,0,0,12
14176,boundary,apv,wave,v*dy(w),0,1,0,-1,0,0,0,0,12
14176,boundary,apv,wave,w*dz(w),0,1,0,-1,0,0,0,0,12
14176,boundary,apv,wave,u*dx(eta),9.42292345876708e-16,2,0,4,0,8.901905893995e-16,3.24026216370744e-11,12,0
14176,boundary,apv,wave,v*dy(eta),6.25059300977963e-16,2,0,2,0,9.54704258297405e-16,3.24023285731245e-11,12,0
14176,boundary,apv,wave,w*dz(eta),0,1,0,-1,0,0,0,0,12
14176,boundary,apv,wave,w*eta*dlogN2,0,1,0,-1,0,0,0,0,12
14176,boundary,boundary,wave,u*dx(u),4.12802911421909e-15,2,0,1,0,1.47041123562619e-15,8.63301652387349e-11,4,0
14176,boundary,boundary,wave,v*dy(u),3.63508260841614e-15,2,0,1,0,1.42713719616427e-15,8.63300542164325e-11,4,0
14176,boundary,boundary,wave,w*dz(u),0,1,0,1,0,0,0,0,4
14176,boundary,boundary,wave,u*dx(v),3.8114936858431e-15,2,0,1,0,1.43077222307278e-15,8.63301652387349e-11,4,0
14176,boundary,boundary,wave,v*dy(v),3.88612655224531e-15,2,0,1,0,1.39374883681368e-15,8.63301652387349e-11,4,0
14176,boundary,boundary,wave,w*dz(v),0,1,0,1,0,0,0,0,4
14176,boundary,boundary,wave,u*dx(w),0,1,0,1,0,0,0,0,4
14176,boundary,boundary,wave,v*dy(w),0,1,0,1,0,0,0,0,4
14176,boundary,boundary,wave,w*dz(w),0,1,0,1,0,0,0,0,4
14176,boundary,boundary,wave,u*dx(eta),1.92841923693289e-15,1,0,2,0,1.62845898700478e-15,5.00657293400764e-11,4,0
14176,boundary,boundary,wave,v*dy(eta),8.86283200295508e-16,2,0,1,0,7.49229998620606e-16,5.00657293400764e-11,4,0
14176,boundary,boundary,wave,w*dz(eta),0,1,0,1,0,0,0,0,4
14176,boundary,boundary,wave,w*eta*dlogN2,0,1,0,1,0,0,0,0,4
14805,wave,wave,wave,u*dx(u),7.85770306429989e-07,24,1,23,1,3.6018754788579e-15,1.48501211327812e-11,2304,0
14805,wave,wave,wave,v*dy(u),7.85770306442575e-07,24,-1,23,1,3.69432432441273e-15,1.48502321550836e-11,2304,0
14805,wave,wave,wave,w*dz(u),7.86037849567125e-07,24,1,23,1,1.60301115059037e-14,2.10618940307123e-06,2304,0
14805,wave,wave,wave,u*dx(v),7.79095949959382e-07,24,1,23,1,3.43144156249715e-15,1.48530077126452e-11,2304,0
14805,wave,wave,wave,v*dy(v),7.7909594999072e-07,24,1,23,1,3.45785187956305e-15,1.48527856680403e-11,2304,0
14805,wave,wave,wave,w*dz(v),7.79360126512968e-07,24,1,23,1,1.48608092591994e-14,1.95458053965205e-06,2304,0
14805,wave,wave,wave,u*dx(w),2.41874228116725e-09,24,1,24,1,8.88178419700125e-16,1.50138790289134e-11,2304,0
14805,wave,wave,wave,v*dy(w),2.41874228108262e-09,24,1,24,1,1.11022302462516e-15,1.50139900512158e-11,2304,0
14805,wave,wave,wave,w*dz(w),2.41874259190381e-09,24,1,24,1,9.99200722162641e-16,1.48041578995617e-11,2304,0
14805,wave,wave,wave,u*dx(eta),1.62696171526499e-07,24,1,24,1,1.53094379894453e-15,7.83773046464376e-12,2304,0
14805,wave,wave,wave,v*dy(eta),1.62696171525224e-07,24,1,24,1,1.53286302748591e-15,7.83784148694622e-12,2304,0
14805,wave,wave,wave,w*dz(eta),1.626961832608e-07,24,1,24,1,2.03145172122392e-15,7.57394147399282e-12,2304,0
14805,wave,wave,wave,w*eta*dlogN2,9.82777756725099e-08,24,1,23,1,1.35801719119428e-15,7.39319716558384e-12,2304,0
14805,wave,apv,wave,u*dx(u),5.86709045474516e-11,24,1,5,0,2.4734457580276e-15,9.98386772063974e-12,288,0
14805,wave,apv,wave,v*dy(u),5.86709069546051e-11,24,1,5,0,2.50724735507884e-15,9.9836761862684e-12,288,0
14805,wave,apv,wave,w*dz(u),6.13706308954487e-11,24,1,5,0,2.2847808947928e-15,2.61339484762929e-11,288,0
14805,wave,apv,wave,u*dx(v),5.83184014303802e-11,24,1,5,0,2.04954218118978e-15,7.98668319745965e-12,288,0
14805,wave,apv,wave,v*dy(v),5.8318373865124e-11,24,1,5,0,2.10238923740489e-15,7.98651045602709e-12,288,0
14805,wave,apv,wave,w*dz(v),6.10040367105124e-11,24,1,5,0,2.33448355366083e-15,2.09862545694251e-11,288,0
14805,wave,apv,wave,u*dx(w),0,1,1,-1,0,0,0,0,288
14805,wave,apv,wave,v*dy(w),0,1,1,-1,0,0,0,0,288
14805,wave,apv,wave,w*dz(w),0,1,1,-1,0,0,0,0,288
14805,wave,apv,wave,u*dx(eta),7.13394695353906e-12,24,1,5,0,1.16945581825616e-15,1.96392901941067e-11,288,0
14805,wave,apv,wave,v*dy(eta),7.13395292139942e-12,24,1,5,0,1.15544131368151e-15,1.96395122387116e-11,288,0
14805,wave,apv,wave,w*dz(eta),6.95783517001885e-12,24,1,5,0,9.97666164859305e-16,2.00607308542544e-10,288,0
14805,wave,apv,wave,w*eta*dlogN2,1.66830045824347e-11,24,1,5,0,1.84275693783781e-15,2.87152126004886e-11,288,0
14805,apv,wave,wave,u*dx(u),5.8671280265943e-11,5,0,24,1,2.38130552723842e-15,1.72036218523076e-11,288,0
14805,apv,wave,wave,v*dy(u),5.86713747602092e-11,5,0,24,1,2.28811876332104e-15,1.72033122119075e-11,288,0
14805,apv,wave,wave,w*dz(u),0,-1,0,1,1,0,0,0,288
14805,apv,wave,wave,u*dx(v),5.83187683636988e-11,5,0,24,1,2.36265201601708e-15,1.48370205010906e-11,288,0
14805,apv,wave,wave,v*dy(v),5.83187190415652e-11,5,0,24,1,2.04683128430159e-15,1.48370205010906e-11,288,0
14805,apv,wave,wave,w*dz(v),0,-1,0,1,1,0,0,0,288
14805,apv,wave,wave,u*dx(w),1.20986637857262e-13,5,0,24,1,4.44089209850063e-16,1.92477145333214e-11,288,0
14805,apv,wave,wave,v*dy(w),1.20986625017983e-13,5,0,24,1,5.55111512312578e-16,1.9247603511019e-11,288,0
14805,apv,wave,wave,w*dz(w),0,-1,0,1,1,0,0,0,288
14805,apv,wave,wave,u*dx(eta),6.95678940367184e-12,5,0,24,1,1.04748757135703e-15,1.26303412173456e-11,288,0
14805,apv,wave,wave,v*dy(eta),6.95677660656581e-12,5,0,24,1,1.42405601944715e-15,1.26303412173456e-11,288,0
14805,apv,wave,wave,w*dz(eta),0,-1,0,1,1,0,0,0,288
14805,apv,wave,wave,w*eta*dlogN2,0,-1,0,1,1,0,0,0,288
14805,wave,boundary,wave,u*dx(u),5.61044022883153e-14,24,1,2,0,1.66871532473045e-15,9.85695305554274e-12,96,0
14805,wave,boundary,wave,v*dy(u),5.60136943547964e-14,24,1,2,0,1.83366354347069e-15,9.85650757536967e-12,96,0
14805,wave,boundary,wave,w*dz(u),1.96288109032854e-14,24,1,1,0,1.55023780966387e-15,4.46909176332611e-12,96,0
14805,wave,boundary,wave,u*dx(v),5.61330427045885e-14,24,1,2,0,1.64678426008184e-15,9.79575184454189e-12,96,0
14805,wave,boundary,wave,v*dy(v),5.594218175041e-14,24,1,2,0,1.69526361826624e-15,9.79629463052387e-12,96,0
14805,wave,boundary,wave,w*dz(v),1.96169432819931e-14,24,1,1,0,1.47449201926707e-15,4.46909176332611e-12,96,0
14805,wave,boundary,wave,u*dx(w),0,1,1,1,0,0,0,0,96
14805,wave,boundary,wave,v*dy(w),0,1,1,1,0,0,0,0,96
14805,wave,boundary,wave,w*dz(w),0,1,1,1,0,0,0,0,96
14805,wave,boundary,wave,u*dx(eta),2.49399247539481e-15,24,1,1,0,6.04004947818582e-16,5.04418729008194e-12,96,0
14805,wave,boundary,wave,v*dy(eta),2.49335111879313e-15,24,1,1,0,5.55111512312578e-16,5.04418729008194e-12,96,0
14805,wave,boundary,wave,w*dz(eta),6.69862274151138e-15,24,1,2,0,1.50050491603624e-15,4.44444481217943e-12,96,0
14805,wave,boundary,wave,w*eta*dlogN2,5.67206719600796e-15,24,1,1,0,9.91152519410175e-16,4.4673154064867e-12,96,0
14805,boundary,wave,wave,u*dx(u),6.90371410422134e-14,2,0,24,1,1.78461460816896e-15,1.57128754452174e-11,96,0
14805,boundary,wave,wave,v*dy(u),6.88656454194923e-14,2,0,24,1,1.83063954438037e-15,1.57128754452174e-11,96,0
14805,boundary,wave,wave,w*dz(u),0,1,0,1,1,0,0,0,96
14805,boundary,wave,wave,u*dx(v),6.79830793736024e-14,2,0,24,1,2.04633806374572e-15,1.57156510027789e-11,96,0
14805,boundary,wave,wave,v*dy(v),6.84832895420946e-14,2,0,24,1,1.63138891998286e-15,1.57155399804765e-11,96,0
14805,boundary,wave,wave,w*dz(v),0,1,0,1,1,0,0,0,96
14805,boundary,wave,wave,u*dx(w),9.11639903469726e-17,1,0,1,1,4.44089209850063e-16,1.55007118252115e-11,96,0
14805,boundary,wave,wave,v*dy(w),9.01128767641577e-17,1,0,24,1,4.44089209850063e-16,1.55007118252115e-11,96,0
14805,boundary,wave,wave,w*dz(w),0,1,0,1,1,0,0,0,96
14805,boundary,wave,wave,u*dx(eta),7.95225662380387e-15,2,0,24,1,1.21072076449349e-15,8.11628542152221e-12,96,0
14805,boundary,wave,wave,v*dy(eta),8.035236080273e-15,2,0,24,1,1.17236461186552e-15,8.11628542152221e-12,96,0
14805,boundary,wave,wave,w*dz(eta),0,1,0,1,1,0,0,0,96
14805,boundary,wave,wave,w*eta*dlogN2,0,1,0,1,1,0,0,0,96
14805,apv,boundary,wave,u*dx(u),4.2808181948687e-15,5,0,1,0,1.37977126533887e-15,2.14912311343174e-11,12,0
14805,apv,boundary,wave,v*dy(u),4.40325289861451e-15,5,0,1,0,1.72967997424756e-15,2.149136147325e-11,12,0
14805,apv,boundary,wave,w*dz(u),0,-1,0,1,0,0,0,0,12
14805,apv,boundary,wave,u*dx(v),2.91274446185702e-15,4,0,1,0,1.19488841241077e-15,1.67985625409983e-11,12,0
14805,apv,boundary,wave,v*dy(v),2.85645392954499e-15,3,0,1,0,1.25648265186958e-15,1.67987845856032e-11,12,0
14805,apv,boundary,wave,w*dz(v),0,-1,0,1,0,0,0,0,12
14805,apv,boundary,wave,u*dx(w),0,-1,0,1,0,0,0,0,12
14805,apv,boundary,wave,v*dy(w),0,-1,0,1,0,0,0,0,12
14805,apv,boundary,wave,w*dz(w),0,-1,0,1,0,0,0,0,12
14805,apv,boundary,wave,u*dx(eta),5.08540363087409e-16,3,0,2,0,5.17613697416327e-16,2.2231549934304e-11,12,0
14805,apv,boundary,wave,v*dy(eta),6.31879119704552e-16,2,0,2,0,5.5336103278963e-16,2.22313278896991e-11,12,0
14805,apv,boundary,wave,w*dz(eta),0,-1,0,1,0,0,0,0,12
14805,apv,boundary,wave,w*eta*dlogN2,0,-1,0,1,0,0,0,0,12
14805,boundary,apv,wave,u*dx(u),4.0954345180205e-15,1,0,4,0,1.50595575324367e-15,2.17625917287023e-11,12,0
14805,boundary,apv,wave,v*dy(u),4.15065028431449e-15,1,0,5,0,2.07847294145858e-15,2.17625917287023e-11,12,0
14805,boundary,apv,wave,w*dz(u),0,1,0,-1,0,0,0,0,12
14805,boundary,apv,wave,u*dx(v),2.79951673422224e-15,1,0,4,0,9.31727605415534e-16,2.17623696840974e-11,12,0
14805,boundary,apv,wave,v*dy(v),2.78518840531115e-15,1,0,4,0,1.12933596783742e-15,2.17625917287023e-11,12,0
14805,boundary,apv,wave,w*dz(v),0,1,0,-1,0,0,0,0,12
14805,boundary,apv,wave,u*dx(w),0,1,0,-1,0,0,0,0,12
14805,boundary,apv,wave,v*dy(w),0,1,0,-1,0,0,0,0,12
14805,boundary,apv,wave,w*dz(w),0,1,0,-1,0,0,0,0,12
14805,boundary,apv,wave,u*dx(eta),1.04421517076252e-15,2,0,1,0,1.07672760776053e-15,2.72075537736013e-11,12,0
14805,boundary,apv,wave,v*dy(eta),1.44824678236607e-15,2,0,1,0,1.09779777701045e-15,2.72064110606907e-11,12,0
14805,boundary,apv,wave,w*dz(eta),0,1,0,-1,0,0,0,0,12
14805,boundary,apv,wave,w*eta*dlogN2,0,1,0,-1,0,0,0,0,12
14805,boundary,boundary,wave,u*dx(u),6.8832965566329e-15,1,0,2,0,3.46194822650603e-15,7.17652909594342e-10,4,0
14805,boundary,boundary,wave,v*dy(u),7.07361165094418e-15,1,0,2,0,3.48389819949164e-15,7.17652683964784e-10,4,0
14805,boundary,boundary,wave,w*dz(u),0,1,0,1,0,0,0,0,4
14805,boundary,boundary,wave,u*dx(v),6.61051292899962e-15,1,0,2,0,3.20291919632517e-15,5.24249310629443e-10,4,0
14805,boundary,boundary,wave,v*dy(v),6.46405255529357e-15,1,0,2,0,3.22967060179421e-15,5.24249199607141e-10,4,0
14805,boundary,boundary,wave,w*dz(v),0,1,0,1,0,0,0,0,4
14805,boundary,boundary,wave,u*dx(w),0,1,0,1,0,0,0,0,4
14805,boundary,boundary,wave,v*dy(w),0,1,0,1,0,0,0,0,4
14805,boundary,boundary,wave,w*dz(w),0,1,0,1,0,0,0,0,4
14805,boundary,boundary,wave,u*dx(eta),1.58614005436552e-15,1,0,2,0,1.09096067631073e-15,1.39794953391004e-10,4,0
14805,boundary,boundary,wave,v*dy(eta),1.41625442474375e-15,2,0,1,0,7.27272001760842e-16,1.39794842368701e-10,4,0
14805,boundary,boundary,wave,w*dz(eta),0,1,0,1,0,0,0,0,4
14805,boundary,boundary,wave,w*eta*dlogN2,0,1,0,1,0,0,0,0,4
15350,wave,wave,wave,u*dx(u),7.84421686782324e-07,24,1,23,1,3.65256153575087e-15,1.19455001446056e-10,2304,0
15350,wave,wave,wave,v*dy(u),7.84421686790944e-07,24,1,23,1,3.69025447847266e-15,1.19455667579871e-10,2304,0
15350,wave,wave,wave,w*dz(u),7.84688548581101e-07,24,1,23,1,8.35200051078846e-15,8.00171657721824e-07,2304,0
15350,wave,wave,wave,u*dx(v),7.84421686788567e-07,24,1,23,1,3.70841853835695e-15,1.19435461520823e-10,2304,0
15350,wave,wave,wave,v*dy(v),7.844216868009e-07,24,-1,23,1,3.66085701244738e-15,1.19436016632335e-10,2304,0
15350,wave,wave,wave,w*dz(v),7.84688548598619e-07,24,1,23,1,8.48287424361858e-15,8.0017165532734e-07,2304,0
15350,wave,wave,wave,u*dx(w),1.65924642585094e-09,24,1,24,1,1.11022302462516e-15,1.19983023516568e-10,2304,0
15350,wave,wave,wave,v*dy(w),1.65924642580797e-09,24,1,24,1,9.99200722162641e-16,1.19983911694987e-10,2304,0
15350,wave,wave,wave,w*dz(w),1.65924685182461e-09,24,1,24,1,1.11022302462516e-15,1.18915877145298e-10,2304,0
15350,wave,wave,wave,u*dx(eta),1.12293046247547e-07,24,1,24,1,1.40148063404452e-15,7.23787696443878e-11,2304,0
15350,wave,wave,wave,v*dy(eta),1.12293046247541e-07,24,1,24,1,1.27181614741938e-15,7.23796578228075e-11,2304,0
15350,wave,wave,wave,w*dz(eta),1.12293062421967e-07,24,1,24,1,1.83757105388843e-15,7.13813452790646e-11,2304,0
15350,wave,wave,wave,w*eta*dlogN2,6.78016019651441e-08,24,1,23,1,1.007709521216e-15,7.18791692833065e-11,2304,0
15350,wave,apv,wave,u*dx(u),5.85992590513312e-11,24,1,5,0,2.39210157732551e-15,2.45781173191517e-11,288,0
15350,wave,apv,wave,v*dy(u),5.85992274389067e-11,24,1,5,0,2.19356503322795e-15,2.45787834529665e-11,288,0
15350,wave,apv,wave,w*dz(u),6.12960474034187e-11,24,1,5,0,2.16495746577698e-15,3.7653657969372e-11,288,0
15350,wave,apv,wave,u*dx(v),5.85992293103728e-11,24,1,5,0,2.2317402201391e-15,2.45780062968493e-11,288,0
15350,wave,apv,wave,v*dy(v),5.85992186740394e-11,24,1,5,0,2.20268722052399e-15,2.45787834529665e-11,288,0
15350,wave,apv,wave,w*dz(v),6.12959933105216e-11,24,1,5,0,2.22811127535769e-15,3.76535469470696e-11,288,0
15350,wave,apv,wave,u*dx(w),0,1,1,-1,0,0,0,0,288
15350,wave,apv,wave,v*dy(w),0,1,1,-1,0,0,0,0,288
15350,wave,apv,wave,w*dz(w),0,1,1,-1,0,0,0,0,288
15350,wave,apv,wave,u*dx(eta),4.91140476841478e-12,24,1,5,0,9.5933906594001e-16,4.31251701016322e-11,288,0
15350,wave,apv,wave,v*dy(eta),4.91140974842174e-12,24,1,5,0,9.31908139586499e-16,4.31261693023544e-11,288,0
15350,wave,apv,wave,w*dz(eta),4.79024583719593e-12,24,1,5,0,9.44744127486341e-16,2.29333108059393e-10,288,0
15350,wave,apv,wave,w*eta*dlogN2,1.14830944863944e-11,24,1,5,0,8.51425563442541e-16,3.84910991968468e-11,288,0
15350,apv,wave,wave,u*dx(u),5.86001005910936e-11,5,0,24,1,2.3280218038277e-15,9.53586098972892e-11,288,0
15350,apv,wave,wave,v*dy(u),5.86001662999801e-11,5,0,24,1,2.17329125611684e-15,9.53587209195916e-11,288,0
15350,apv,wave,wave,w*dz(u),0,-1,0,1,1,0,0,0,288
15350,apv,wave,wave,u*dx(v),5.86000961287532e-11,5,0,24,1,2.31037834335261e-15,9.53390699720558e-11,288,0
15350,apv,wave,wave,v*dy(v),5.86000874142284e-11,5,0,24,1,2.19978957298055e-15,9.53391809943582e-11,288,0
15350,apv,wave,wave,w*dz(v),0,-1,0,1,1,0,0,0,288
15350,apv,wave,wave,u*dx(w),8.2996249391979e-14,5,0,24,1,6.66133814775094e-16,9.98968685550494e-11,288,0
15350,apv,wave,wave,v*dy(w),8.29965032794143e-14,5,0,24,1,6.66133814775094e-16,9.98968685550494e-11,288,0
15350,apv,wave,wave,w*dz(w),0,-1,0,1,1,0,0,0,288
15350,apv,wave,wave,u*dx(eta),4.78953571339132e-12,5,0,24,1,1.04481423408887e-15,5.2982618292674e-11,288,0
15350,apv,wave,wave,v*dy(eta),4.78953371304209e-12,5,0,24,1,9.37688153179043e-16,5.2982840337279e-11,288,0
15350,apv,wave,wave,w*dz(eta),0,-1,0,1,1,0,0,0,288
15350,apv,wave,wave,w*eta*dlogN2,0,-1,0,1,1,0,0,0,288
15350,wave,boundary,wave,u*dx(u),2.05844960719032e-14,1,1,1,0,1.56328788932254e-15,2.38600250668242e-11,96,0
15350,wave,boundary,wave,v*dy(u),2.05175120244746e-14,1,1,1,0,2.00653853498432e-15,2.38609132452439e-11,96,0
15350,wave,boundary,wave,w*dz(u),2.80667622324217e-14,24,1,2,0,1.59176328781637e-15,2.4297341916224e-11,96,0
15350,wave,boundary,wave,u*dx(v),2.05661954488847e-14,1,1,1,0,1.70074213348232e-15,2.38599140445217e-11,96,0
15350,wave,boundary,wave,v*dy(v),2.04658809846607e-14,1,1,1,0,1.65604869085398e-15,2.38608022229414e-11,96,0
15350,wave,boundary,wave,w*dz(v),2.80063372728989e-14,24,1,2,0,1.7542045376762e-15,2.42976749831314e-11,96,0
15350,wave,boundary,wave,u*dx(w),0,1,1,1,0,0,0,0,96
15350,wave,boundary,wave,v*dy(w),0,1,1,1,0,0,0,0,96
15350,wave,boundary,wave,w*dz(w),0,1,1,1,0,0,0,0,96
15350,wave,boundary,wave,u*dx(eta),2.18459159809197e-15,24,1,2,0,4.47750771387473e-16,2.4852786495444e-11,96,0
15350,wave,boundary,wave,v*dy(eta),2.18816869803078e-15,24,1,2,0,4.50592765634901e-16,2.48537856961661e-11,96,0
15350,wave,boundary,wave,w*dz(eta),1.79916448924752e-15,24,1,2,0,8.81676152956016e-16,2.42745823442192e-11,96,0
15350,wave,boundary,wave,w*eta*dlogN2,1.30379168993918e-15,24,1,1,0,9.72972915700544e-16,2.42980080500388e-11,96,0
15350,boundary,wave,wave,u*dx(u),3.36576788654532e-14,2,0,24,1,1.76505535264549e-15,9.77733449758489e-11,96,0
15350,boundary,wave,wave,v*dy(u),3.42701517811181e-14,2,0,24,1,1.60803870857444e-15,9.7773122931244e-11,96,0
15350,boundary,wave,wave,w*dz(u),0,1,0,1,1,0,0,0,96
15350,boundary,wave,wave,u*dx(v),3.40075633827007e-14,2,0,24,1,1.62386711908839e-15,9.77538050506155e-11,96,0
15350,boundary,wave,wave,v*dy(v),3.36849852408608e-14,2,0,24,1,1.80165930317272e-15,9.77535830060106e-11,96,0
15350,boundary,wave,wave,w*dz(v),0,1,0,1,1,0,0,0,96
15350,boundary,wave,wave,u*dx(w),6.13080770408076e-17,1,0,18,1,6.66133814775094e-16,1.00677466363663e-10,96,0
15350,boundary,wave,wave,v*dy(w),6.73194601788187e-17,1,0,18,1,4.44089209850063e-16,1.00677244319058e-10,96,0
15350,boundary,wave,wave,w*dz(w),0,1,0,1,1,0,0,0,96
15350,boundary,wave,wave,u*dx(eta),2.89449846000167e-15,2,0,24,1,6.59614974658989e-16,5.49134071547996e-11,96,0
15350,boundary,wave,wave,v*dy(eta),2.81720001281571e-15,2,0,24,1,8.88178419700125e-16,5.49135181771021e-11,96,0
15350,boundary,wave,wave,w*dz(eta),0,1,0,1,1,0,0,0,96
15350,boundary,wave,wave,w*eta*dlogN2,0,1,0,1,1,0,0,0,96
15350,apv,boundary,wave,u*dx(u),3.70741972663764e-15,5,0,1,0,1.30077173775505e-15,2.74964495616814e-11,12,0
15350,apv,boundary,wave,v*dy(u),3.83756261133379e-15,5,0,1,0,1.42244419558758e-15,2.74962275170765e-11,12,0
15350,apv,boundary,wave,w*dz(u),0,-1,0,1,0,0,0,0,12
15350,apv,boundary,wave,u*dx(v),3.75941251513791e-15,5,0,1,0,1.27220045557526e-15,2.74964495616814e-11,12,0
15350,apv,boundary,wave,v*dy(v),3.73577374392452e-15,5,0,1,0,1.1829528019906e-15,2.74964495616814e-11,12,0
15350,apv,boundary,wave,w*dz(v),0,-1,0,1,0,0,0,0,12
15350,apv,boundary,wave,u*dx(w),0,-1,0,1,0,0,0,0,12
15350,apv,boundary,wave,v*dy(w),0,-1,0,1,0,0,0,0,12
15350,apv,boundary,wave,w*dz(w),0,-1,0,1,0,0,0,0,12
15350,apv,boundary,wave,u*dx(eta),6.09052944004517e-16,-1,0,2,0,6.93541705149823e-16,2.28923546785609e-11,12,0
15350,apv,boundary,wave,v*dy(eta),4.39877186227233e-16,1,0,2,0,4.31999189602661e-16,2.28923546785609e-11,12,0
15350,apv,boundary,wave,w*dz(eta),0,-1,0,1,0,0,0,0,12
15350,apv,boundary,wave,w*eta*dlogN2,0,-1,0,1,0,0,0,0,12
15350,boundary,apv,wave,u*dx(u),3.78807441725681e-15,1,0,5,0,1.49015606067027e-15,2.08810746471499e-11,12,0
15350,boundary,apv,wave,v*dy(u),3.69687370649841e-15,1,0,5,0,1.21512424645903e-15,2.08806305579401e-11,12,0
15350,boundary,apv,wave,w*dz(u),0,1,0,-1,0,0,0,0,12
15350,boundary,apv,wave,u*dx(v),3.78319178585058e-15,1,0,5,0,1.4821218350718e-15,2.0880852602545e-11,12,0
15350,boundary,apv,wave,v*dy(v),3.82805827074556e-15,1,0,5,0,1.35113747249247e-15,2.08810746471499e-11,12,0
15350,boundary,apv,wave,w*dz(v),0,1,0,-1,0,0,0,0,12
15350,boundary,apv,wave,u*dx(w),0,1,0,-1,0,0,0,0,12
15350,boundary,apv,wave,v*dy(w),0,1,0,-1,0,0,0,0,12
15350,boundary,apv,wave,w*dz(w),0,1,0,-1,0,0,0,0,12
15350,boundary,apv,wave,u*dx(eta),6.18565314465117e-16,2,0,5,0,7.31614806536232e-16,2.33618952548776e-11,12,0
15350,boundary,apv,wave,v*dy(eta),1.08483945805471e-15,2,0,2,0,9.05144234295964e-16,2.33615339658712e-11,12,0
15350,boundary,apv,wave,w*dz(eta),0,1,0,-1,0,0,0,0,12
15350,boundary,apv,wave,w*eta*dlogN2,0,1,0,-1,0,0,0,0,12
15350,boundary,boundary,wave,u*dx(u),3.01956702715077e-14,1,0,2,0,1.47167086088336e-14,3.2493523961519e-09,4,0
15350,boundary,boundary,wave,v*dy(u),3.02944873000468e-14,1,0,2,0,1.47465417356734e-14,3.24935231429326e-09,4,0
15350,boundary,boundary,wave,w*dz(u),0,1,0,1,0,0,0,0,4
15350,boundary,boundary,wave,u*dx(v),3.0255836755413e-14,1,0,2,0,1.46982162151794e-14,3.24935150931474e-09,4,0
15350,boundary,boundary,wave,v*dy(v),3.01994756913418e-14,1,0,2,0,1.47054014587478e-14,3.24935237762283e-09,4,0
15350,boundary,boundary,wave,w*dz(v),0,1,0,1,0,0,0,0,4
15350,boundary,boundary,wave,u*dx(w),0,1,0,1,0,0,0,0,4
15350,boundary,boundary,wave,v*dy(w),0,1,0,1,0,0,0,0,4
15350,boundary,boundary,wave,w*dz(w),0,1,0,1,0,0,0,0,4
15350,boundary,boundary,wave,u*dx(eta),3.30964680573088e-15,1,0,2,0,2.33146835171283e-15,1.80492665258214e-09,4,0
15350,boundary,boundary,wave,v*dy(eta),3.30950840624933e-15,1,0,2,0,2.28906525979817e-15,1.80492665258214e-09,4,0
15350,boundary,boundary,wave,w*dz(eta),0,1,0,1,0,0,0,0,4
15350,boundary,boundary,wave,w*eta*dlogN2,0,1,0,1,0,0,0,0,4
16386,wave,wave,wave,u*dx(u),7.86103074313281e-07,24,-1,23,1,3.63454615269165e-15,9.25211018909522e-11,2304,0
16386,wave,wave,wave,v*dy(u),7.86103074313019e-07,24,-1,23,1,3.71802449987213e-15,9.25231002923965e-11,2304,0
16386,wave,wave,wave,w*dz(u),7.863707967299e-07,24,1,23,1,1.22191187752642e-14,1.49715423519949e-06,2304,0
16386,wave,wave,wave,u*dx(v),7.75173077311782e-07,24,-1,23,1,3.45192202161485e-15,9.25211018909522e-11,2304,0
16386,wave,wave,wave,v*dy(v),7.75173077329107e-07,24,-1,23,1,3.41853536259149e-15,9.25231002923965e-11,2304,0
16386,wave,wave,wave,w*dz(v),7.75435310942563e-07,24,1,23,1,1.09102792667912e-14,1.35157099973016e-06,2304,0
16386,wave,wave,wave,u*dx(w),2.94778154346728e-09,24,1,24,1,8.88178419700125e-16,9.27580234844072e-11,2304,0
16386,wave,wave,wave,v*dy(w),2.94778154336419e-09,24,1,24,1,8.88178419700125e-16,9.27597998412466e-11,2304,0
16386,wave,wave,wave,w*dz(w),2.94778300979849e-09,24,1,24,1,9.99200722162641e-16,9.22035781059094e-11,2304,0
16386,wave,wave,wave,u*dx(eta),1.97188860698522e-07,24,1,24,1,1.73118621986979e-15,6.50897113985138e-11,2304,0
16386,wave,wave,wave,v*dy(eta),1.97188860699503e-07,24,1,24,1,1.72836514792696e-15,6.50914877553532e-11,2304,0
16386,wave,wave,wave,w*dz(eta),1.97188915737244e-07,24,1,24,1,2.02387886099709e-15,6.45756781381124e-11,2304,0
16386,wave,wave,wave,w*eta*dlogN2,1.19159836767137e-07,24,1,23,1,1.42657434715288e-15,6.49793552298661e-11,2304,0
16386,wave,apv,wave,u*dx(u),5.86898414969994e-11,24,1,5,0,2.26859198059842e-15,3.79311630204149e-11,288,0
16386,wave,apv,wave,v*dy(u),5.86899119680174e-11,24,1,5,0,2.84892912276345e-15,3.79315876604136e-11,288,0
16386,wave,apv,wave,w*dz(u),6.13902728179105e-11,24,1,5,0,2.3684614288228e-15,3.74934810763204e-11,288,0
16386,wave,apv,wave,u*dx(v),5.81110769347756e-11,24,1,5,0,2.11577932555118e-15,3.73885367110915e-11,288,0
16386,wave,apv,wave,v*dy(v),5.8111005460942e-11,24,1,5,0,2.00993887447955e-15,3.7390091023326e-11,288,0
16386,wave,apv,wave,w*dz(v),6.07884096960251e-11,24,1,5,0,2.18930048018052e-15,3.73141517684417e-11,288,0
16386,wave,apv,wave,u*dx(w),0,1,1,-1,0,0,0,0,288
16386,wave,apv,wave,v*dy(w),0,1,1,-1,0,0,0,0,288
16386,wave,apv,wave,w*dz(w),0,1,1,-1,0,0,0,0,288
16386,wave,apv,wave,u*dx(eta),8.66613582557047e-12,24,1,5,0,1.19468282768589e-15,3.7398972807523e-11,288,0
16386,wave,apv,wave,v*dy(eta),8.66612675405824e-12,24,1,5,0,1.20574041256889e-15,3.74009712089673e-11,288,0
16386,wave,apv,wave,w*dz(eta),8.45209544083284e-12,24,1,5,0,1.23339698730171e-15,1.67658664729231e-10,288,0
16386,wave,apv,wave,w*eta*dlogN2,2.02696764564982e-11,24,1,5,0,1.14590824746478e-15,3.76363384901879e-11,288,0
16386,apv,wave,wave,u*dx(u),5.86913440843494e-11,5,0,24,1,2.26660698624502e-15,5.5270676924124e-11,288,0
16386,apv,wave,wave,v*dy(u),5.86913907521278e-11,5,0,24,1,2.29403825023983e-15,5.5270676924124e-11,288,0
16386,apv,wave,wave,w*dz(u),0,-1,0,1,1,0,0,0,288
16386,apv,wave,wave,u*dx(v),5.81125053321534e-11,5,0,24,1,2.02999496007805e-15,5.5270676924124e-11,288,0
16386,apv,wave,wave,v*dy(v),5.81125331727708e-11,5,0,24,1,2.1053134062577e-15,5.5270676924124e-11,288,0
16386,apv,wave,wave,w*dz(v),0,-1,0,1,1,0,0,0,288
16386,apv,wave,wave,u*dx(w),1.47445596024064e-13,5,0,24,1,6.66133814775094e-16,5.60715918140886e-11,288,0
16386,apv,wave,wave,v*dy(w),1.47445427650945e-13,5,0,24,1,5.55111512312578e-16,5.60715918140886e-11,288,0
16386,apv,wave,wave,w*dz(w),0,-1,0,1,1,0,0,0,288
16386,apv,wave,wave,u*dx(eta),8.45097266510837e-12,5,0,24,1,1.29816563322898e-15,2.84785528492648e-11,288,0
16386,apv,wave,wave,v*dy(eta),8.45097969898031e-12,5,0,24,1,1.43310966137108e-15,2.84785528492648e-11,288,0
16386,apv,wave,wave,w*dz(eta),0,-1,0,1,1,0,0,0,288
16386,apv,wave,wave,w*eta*dlogN2,0,-1,0,1,1,0,0,0,288
16386,wave,boundary,wave,u*dx(u),3.68625763918948e-14,24,1,2,0,1.55131151342045e-15,3.90545373818441e-11,96,0
16386,wave,boundary,wave,v*dy(u),3.69026724444533e-14,24,1,2,0,2.17420954241648e-15,3.90560916940785e-11,96,0
16386,wave,boundary,wave,w*dz(u),2.30678707192166e-14,24,1,2,0,1.80600758482529e-15,3.73316932922307e-11,96,0
16386,wave,boundary,wave,u*dx(v),3.63770711441406e-14,24,1,2,0,1.81914891415229e-15,3.90545373818441e-11,96,0
16386,wave,boundary,wave,v*dy(v),3.6529258780587e-14,24,1,2,0,1.82313141888441e-15,3.90560916940785e-11,96,0
16386,wave,boundary,wave,w*dz(v),2.29303010187277e-14,24,1,2,0,1.50683846084816e-15,3.73316932922307e-11,96,0
16386,wave,boundary,wave,u*dx(w),0,1,1,1,0,0,0,0,96
16386,wave,boundary,wave,v*dy(w),0,1,1,1,0,0,0,0,96
16386,wave,boundary,wave,w*dz(w),0,1,1,1,0,0,0,0,96
16386,wave,boundary,wave,u*dx(eta),3.19406402029297e-15,24,1,2,0,7.19955352812147e-16,3.70314889863721e-11,96,0
16386,wave,boundary,wave,v*dy(eta),3.19461955277022e-15,24,1,2,0,8.79871501882438e-16,3.70330432986066e-11,96,0
16386,wave,boundary,wave,w*dz(eta),5.37088718483804e-15,24,1,2,0,7.21783143537159e-16,3.73272524001322e-11,96,0
16386,wave,boundary,wave,w*eta*dlogN2,4.64469328933965e-15,24,1,1,0,1.07577284043538e-15,3.73325814706504e-11,96,0
16386,boundary,wave,wave,u*dx(u),8.05745061568314e-14,2,0,24,1,1.67180144040264e-15,5.60256285808691e-11,96,0
16386,boundary,wave,wave,v*dy(u),8.10157702602111e-14,2,0,24,1,1.96550851169399e-15,5.60256285808691e-11,96,0
16386,boundary,wave,wave,w*dz(u),0,1,0,1,1,0,0,0,96
16386,boundary,wave,wave,u*dx(v),7.97404944085159e-14,2,0,24,1,2.22405609892084e-15,5.60256285808691e-11,96,0
16386,boundary,wave,wave,v*dy(v),8.01344764473781e-14,2,0,24,1,1.99088884031871e-15,5.60256285808691e-11,96,0
16386,boundary,wave,wave,w*dz(v),0,1,0,1,1,0,0,0,96
16386,boundary,wave,wave,u*dx(w),1.21207988580732e-16,1,0,22,1,6.66133814775094e-16,5.6310289764383e-11,96,0
16386,boundary,wave,wave,v*dy(w),1.13724120244718e-16,1,0,22,1,5.55111512312578e-16,5.63105118089879e-11,96,0
16386,boundary,wave,wave,w*dz(w),0,1,0,1,1,0,0,0,96
16386,boundary,wave,wave,u*dx(eta),1.12569442297895e-14,2,0,24,1,1.33281911818671e-15,2.86328738496877e-11,96,0
16386,boundary,wave,wave,v*dy(eta),1.13148929461754e-14,2,0,24,1,1.15807979084544e-15,2.86328738496877e-11,96,0
16386,boundary,wave,wave,w*dz(eta),0,1,0,1,1,0,0,0,96
16386,boundary,wave,wave,w*eta*dlogN2,0,1,0,1,1,0,0,0,96
16386,apv,boundary,wave,u*dx(u),4.30219982778432e-15,4,0,1,0,1.36853728514083e-15,2.22605971167492e-11,12,0
16386,apv,boundary,wave,v*dy(u),4.45036098856575e-15,5,0,1,0,1.64521011156758e-15,2.22600490908005e-11,12,0
16386,apv,boundary,wave,w*dz(u),0,-1,0,1,0,0,0,0,12
16386,apv,boundary,wave,u*dx(v),2.56905979345918e-15,5,0,1,0,1.13402959493276e-15,2.159161738291e-11,12,0
16386,apv,boundary,wave,v*dy(v),2.58871788089169e-15,4,0,1,0,1.13305879246778e-15,2.1591839427515e-11,12,0
16386,apv,boundary,wave,w*dz(v),0,-1,0,1,0,0,0,0,12
16386,apv,boundary,wave,u*dx(w),0,-1,0,1,0,0,0,0,12
16386,apv,boundary,wave,v*dy(w),0,-1,0,1,0,0,0,0,12
16386,apv,boundary,wave,w*dz(w),0,-1,0,1,0,0,0,0,12
16386,apv,boundary,wave,u*dx(eta),8.19959858948553e-16,-1,0,2,0,5.54087664613148e-16,2.26183516360834e-11,12,0
16386,apv,boundary,wave,v*dy(eta),6.52961347527128e-16,-1,0,2,0,6.34984104499292e-16,2.26183516360834e-11,12,0
16386,apv,boundary,wave,w*dz(eta),0,-1,0,1,0,0,0,0,12
16386,apv,boundary,wave,w*eta*dlogN2,0,-1,0,1,0,0,0,0,12
16386,boundary,apv,wave,u*dx(u),4.20262975858584e-15,1,0,4,0,2.11001269008759e-15,2.1265799609444e-11,12,0
16386,boundary,apv,wave,v*dy(u),4.32007875592626e-15,1,0,4,0,1.59264758432232e-15,2.12665513182953e-11,12,0
16386,boundary,apv,wave,w*dz(u),0,1,0,-1,0,0,0,0,12
16386,boundary,apv,wave,u*dx(v),2.79485470695308e-15,1,0,4,0,9.85353787112722e-16,2.00375271930398e-11,12,0
16386,boundary,apv,wave,v*dy(v),2.74837382668976e-15,1,0,4,0,1.44639584500301e-15,2.00377492376447e-11,12,0
16386,boundary,apv,wave,w*dz(v),0,1,0,-1,0,0,0,0,12
16386,boundary,apv,wave,u*dx(w),0,1,0,-1,0,0,0,0,12
16386,boundary,apv,wave,v*dy(w),0,1,0,-1,0,0,0,0,12
16386,boundary,apv,wave,w*dz(w),0,1,0,-1,0,0,0,0,12
16386,boundary,apv,wave,u*dx(eta),1.29460387211624e-15,2,0,-1,0,1.01192099031479e-15,3.31239050136965e-11,12,0
16386,boundary,apv,wave,v*dy(eta),1.3346431272206e-15,2,0,1,0,1.41894332386013e-15,3.312457580515e-11,12,0
16386,boundary,apv,wave,w*dz(eta),0,1,0,-1,0,0,0,0,12
16386,boundary,apv,wave,w*eta*dlogN2,0,1,0,-1,0,0,0,0,12
16386,boundary,boundary,wave,u*dx(u),5.74162404276453e-15,2,0,1,0,2.61280427797683e-15,3.1367853071831e-10,4,0
16386,boundary,boundary,wave,v*dy(u),5.89058593419193e-15,2,0,1,0,2.53143251873602e-15,3.13678438360309e-10,4,0
16386,boundary,boundary,wave,w*dz(u),0,1,0,1,0,0,0,0,4
16386,boundary,boundary,wave,u*dx(v),4.91294570232759e-15,2,0,1,0,2.43449874955543e-15,1.31474164888346e-10,4,0
16386,boundary,boundary,wave,v*dy(v),4.95330266992384e-15,2,0,1,0,2.4702442921556e-15,1.31474164888346e-10,4,0
16386,boundary,boundary,wave,w*dz(v),0,1,0,1,0,0,0,0,4
16386,boundary,boundary,wave,u*dx(w),0,1,0,1,0,0,0,0,4
16386,boundary,boundary,wave,v*dy(w),0,1,0,1,0,0,0,0,4
16386,boundary,boundary,wave,w*dz(w),0,1,0,1,0,0,0,0,4
16386,boundary,boundary,wave,u*dx(eta),1.24577374079374e-15,1,0,2,0,8.53340341500623e-16,1.63857816204427e-10,4,0
16386,boundary,boundary,wave,v*dy(eta),1.08266419386096e-15,1,0,2,0,8.39190664965208e-16,1.63857816204427e-10,4,0
16386,boundary,boundary,wave,w*dz(eta),0,1,0,1,0,0,0,0,4
16386,boundary,boundary,wave,w*eta*dlogN2,0,1,0,1,0,0,0,0,4
16738,wave,wave,wave,u*dx(u),7.86101022767645e-07,23,-1,24,1,3.57237627530036e-15,2.74523292986828e-10,2304,0
16738,wave,wave,wave,v*dy(u),7.86101022767645e-07,23,1,24,1,3.57237627530036e-15,2.74523292986828e-10,2304,0
16738,wave,wave,wave,w*dz(u),7.8636876722696e-07,24,1,23,1,6.65928025526501e-14,4.5791298698271e-06,2304,0
16738,wave,wave,wave,u*dx(v),7.86101022767645e-07,23,1,24,1,3.57237627530036e-15,2.74523292986828e-10,2304,0
16738,wave,wave,wave,v*dy(v),7.86101022767645e-07,23,-1,24,1,3.57237627530036e-15,2.74523292986828e-10,2304,0
16738,wave,wave,wave,w*dz(v),7.8636876722696e-07,24,1,23,1,6.65928025526501e-14,4.5791298698271e-06,2304,0
16738,wave,wave,wave,u*dx(w),4.14811593218477e-10,24,1,24,1,9.99200722162641e-16,2.74316791504248e-10,2304,0
16738,wave,wave,wave,v*dy(w),4.14811593218477e-10,24,1,24,1,9.99200722162641e-16,2.74316791504248e-10,2304,0
16738,wave,wave,wave,w*dz(w),4.14811499970398e-10,24,1,24,1,8.88178419700125e-16,2.74628320084958e-10,2304,0
16738,wave,wave,wave,u*dx(eta),2.82184803128937e-08,24,1,24,1,9.99200722162641e-16,2.11049844267563e-10,2304,0
16738,wave,wave,wave,v*dy(eta),2.82184803128937e-08,24,1,24,1,9.99200722162641e-16,2.11049844267563e-10,2304,0
16738,wave,wave,wave,w*dz(eta),2.82184767522994e-08,24,1,24,1,1.11022302462516e-15,2.11413997419641e-10,2304,0
16738,wave,wave,wave,w*eta*dlogN2,1.70316569672051e-08,23,1,24,1,9.99200722162641e-16,2.11407780170703e-10,2304,0
16738,wave,apv,wave,u*dx(u),5.86840283387537e-11,24,1,5,0,2.30757592781646e-15,1.48166812152795e-10,288,0
16738,wave,apv,wave,v*dy(u),5.86840283387537e-11,24,1,5,0,2.30757592781646e-15,1.48166812152795e-10,288,0
16738,wave,apv,wave,w*dz(u),6.13840780898515e-11,24,1,5,0,2.28489657237521e-15,1.48221657170211e-10,288,0
16738,wave,apv,wave,u*dx(v),5.86840283387537e-11,24,1,5,0,2.30757592781646e-15,1.48166812152795e-10,288,0
16738,wave,apv,wave,v*dy(v),5.86840283387537e-11,24,1,5,0,2.30757592781646e-15,1.48166812152795e-10,288,0
16738,wave,apv,wave,w*dz(v),6.13840780898515e-11,24,1,5,0,2.28489657237521e-15,1.48221657170211e-10,288,0
16738,wave,apv,wave,u*dx(w),0,1,1,-1,0,0,0,0,288
16738,wave,apv,wave,v*dy(w),0,1,1,-1,0,0,0,0,288
16738,wave,apv,wave,w*dz(w),0,1,1,-1,0,0,0,0,288
16738,wave,apv,wave,u*dx(eta),1.23148242028815e-12,24,1,5,0,6.66133814775094e-16,1.48149270629006e-10,288,0
16738,wave,apv,wave,v*dy(eta),1.23148242028815e-12,24,1,5,0,6.66133814775094e-16,1.48149270629006e-10,288,0
16738,wave,apv,wave,w*dz(eta),1.20110980006591e-12,24,1,5,0,5.7139728382734e-16,1.75357728338099e-10,288,0
16738,wave,apv,wave,w*eta*dlogN2,2.87886817010687e-12,24,1,5,0,5.37565540186419e-16,1.48577372627301e-10,288,0
16738,apv,wave,wave,u*dx(u),5.86833377359131e-11,5,0,24,1,2.41757653159734e-15,1.26464172467422e-10,288,0
16738,apv,wave,wave,v*dy(u),5.86833377359131e-11,5,0,24,1,2.41757653159734e-15,1.26464172467422e-10,288,0
16738,apv,wave,wave,w*dz(u),0,-1,0,1,1,0,0,0,288
16738,apv,wave,wave,u*dx(v),5.86833377359131e-11,5,0,24,1,2.41757653159734e-15,1.26464172467422e-10,288,0
16738,apv,wave,wave,v*dy(v),5.86833377359131e-11,5,0,24,1,2.41757653159734e-15,1.26464172467422e-10,288,0
16738,apv,wave,wave,w*dz(v),0,-1,0,1,1,0,0,0,288
16738,apv,wave,wave,u*dx(w),2.07502578662643e-14,5,0,24,1,6.66133814775094e-16,1.27186705611848e-10,288,0
16738,apv,wave,wave,v*dy(w),2.07502578662643e-14,5,0,24,1,6.66133814775094e-16,1.27186705611848e-10,288,0
16738,apv,wave,wave,w*dz(w),0,-1,0,1,1,0,0,0,288
16738,apv,wave,wave,u*dx(eta),1.20090829377868e-12,5,0,24,1,6.66133814775094e-16,6.4025895696318e-11,288,0
16738,apv,wave,wave,v*dy(eta),1.20090829377868e-12,5,0,24,1,6.66133814775094e-16,6.4025895696318e-11,288,0
16738,apv,wave,wave,w*dz(eta),0,-1,0,1,1,0,0,0,288
16738,apv,wave,wave,w*eta*dlogN2,0,-1,0,1,1,0,0,0,288
16738,wave,boundary,wave,u*dx(u),7.99200519530534e-14,24,1,1,0,1.86451854074312e-15,1.49285472872407e-10,96,0
16738,wave,boundary,wave,v*dy(u),7.99200519530534e-14,24,1,1,0,1.86451854074312e-15,1.49285472872407e-10,96,0
16738,wave,boundary,wave,w*dz(u),1.99935271590453e-13,24,1,2,0,1.7776141564777e-15,1.48415724154916e-10,96,0
16738,wave,boundary,wave,u*dx(v),7.99200519530534e-14,24,1,1,0,1.86451854074312e-15,1.49285472872407e-10,96,0
16738,wave,boundary,wave,v*dy(v),7.99200519530534e-14,24,1,1,0,1.86451854074312e-15,1.49285472872407e-10,96,0
16738,wave,boundary,wave,w*dz(v),1.99935271590453e-13,24,1,2,0,1.7776141564777e-15,1.48415724154916e-10,96,0
16738,wave,boundary,wave,u*dx(w),0,1,1,1,0,0,0,0,96
16738,wave,boundary,wave,v*dy(w),0,1,1,1,0,0,0,0,96
16738,wave,boundary,wave,w*dz(w),0,1,1,1,0,0,0,0,96
16738,wave,boundary,wave,u*dx(eta),3.89541012867362e-15,24,1,2,0,7.7715611723761e-16,1.48353551665537e-10,96,0
16738,wave,boundary,wave,v*dy(eta),3.89541012867362e-15,24,1,2,0,7.7715611723761e-16,1.48353551665537e-10,96,0
16738,wave,boundary,wave,w*dz(eta),1.60463568781471e-15,24,1,1,0,4.44089209850063e-16,1.48363987761968e-10,96,0
16738,wave,boundary,wave,w*eta*dlogN2,1.3482234745195e-15,24,1,2,0,4.61150806824534e-16,1.48421941403853e-10,96,0
16738,boundary,wave,wave,u*dx(u),8.54253021377441e-14,2,0,24,1,2.13605877133731e-15,1.2744649779961e-10,96,0
16738,boundary,wave,wave,v*dy(u),8.54253021377441e-14,2,0,24,1,2.13605877133731e-15,1.2744649779961e-10,96,0
16738,boundary,wave,wave,w*dz(u),0,1,0,1,1,0,0,0,96
16738,boundary,wave,wave,u*dx(v),8.54253021377441e-14,2,0,24,1,2.13605877133731e-15,1.2744649779961e-10,96,0
16738,boundary,wave,wave,v*dy(v),8.54253021377441e-14,2,0,24,1,2.13605877133731e-15,1.2744649779961e-10,96,0
16738,boundary,wave,wave,w*dz(v),0,1,0,1,1,0,0,0,96
16738,boundary,wave,wave,u*dx(w),2.00635646566244e-17,2,0,24,1,4.44089209850063e-16,1.2842393815049e-10,96,0
16738,boundary,wave,wave,v*dy(w),2.00635646566244e-17,2,0,24,1,4.44089209850063e-16,1.2842393815049e-10,96,0
16738,boundary,wave,wave,w*dz(w),0,1,0,1,1,0,0,0,96
16738,boundary,wave,wave,u*dx(eta),1.66975950320006e-15,2,0,24,1,4.44089209850063e-16,6.59554633131165e-11,96,0
16738,boundary,wave,wave,v*dy(eta),1.66975950320006e-15,2,0,24,1,4.44089209850063e-16,6.59554633131165e-11,96,0
16738,boundary,wave,wave,w*dz(eta),0,1,0,1,1,0,0,0,96
16738,boundary,wave,wave,w*eta*dlogN2,0,1,0,1,1,0,0,0,96
16738,apv,boundary,wave,u*dx(u),3.79921582409369e-15,4,0,1,0,1.64593041172684e-15,1.77393376896382e-11,12,0
16738,apv,boundary,wave,v*dy(u),3.79921582409369e-15,4,0,1,0,1.64593041172684e-15,1.77393376896382e-11,12,0
16738,apv,boundary,wave,w*dz(u),0,-1,0,1,0,0,0,0,12
16738,apv,boundary,wave,u*dx(v),3.79921582409369e-15,4,0,1,0,1.64593041172684e-15,1.77393376896382e-11,12,0
16738,apv,boundary,wave,v*dy(v),3.79921582409369e-15,4,0,1,0,1.64593041172684e-15,1.77393376896382e-11,12,0
16738,apv,boundary,wave,w*dz(v),0,-1,0,1,0,0,0,0,12
16738,apv,boundary,wave,u*dx(w),0,-1,0,1,0,0,0,0,12
16738,apv,boundary,wave,v*dy(w),0,-1,0,1,0,0,0,0,12
16738,apv,boundary,wave,w*dz(w),0,-1,0,1,0,0,0,0,12
16738,apv,boundary,wave,u*dx(eta),2.01766228977233e-16,4,0,1,0,2.65012776198129e-16,1.85251813888954e-11,12,0
16738,apv,boundary,wave,v*dy(eta),2.01766228977233e-16,4,0,1,0,2.65012776198129e-16,1.85251813888954e-11,12,0
16738,apv,boundary,wave,w*dz(eta),0,-1,0,1,0,0,0,0,12
16738,apv,boundary,wave,w*eta*dlogN2,0,-1,0,1,0,0,0,0,12
16738,boundary,apv,wave,u*dx(u),3.60169243995504e-15,1,0,4,0,1.62704555719465e-15,2.16306972333768e-11,12,0
16738,boundary,apv,wave,v*dy(u),3.60169243995504e-15,1,0,4,0,1.62704555719465e-15,2.16306972333768e-11,12,0
16738,boundary,apv,wave,w*dz(u),0,1,0,-1,0,0,0,0,12
16738,boundary,apv,wave,u*dx(v),3.60169243995504e-15,1,0,4,0,1.62704555719465e-15,2.16306972333768e-11,12,0
16738,boundary,apv,wave,v*dy(v),3.60169243995504e-15,1,0,4,0,1.62704555719465e-15,2.16306972333768e-11,12,0
16738,boundary,apv,wave,w*dz(v),0,1,0,-1,0,0,0,0,12
16738,boundary,apv,wave,u*dx(w),0,1,0,-1,0,0,0,0,12
16738,boundary,apv,wave,v*dy(w),0,1,0,-1,0,0,0,0,12
16738,boundary,apv,wave,w*dz(w),0,1,0,-1,0,0,0,0,12
16738,boundary,apv,wave,u*dx(eta),2.26961541611659e-16,1,0,2,0,2.31651139898689e-16,2.35098607248574e-11,12,0
16738,boundary,apv,wave,v*dy(eta),2.26961541611659e-16,1,0,2,0,2.31651139898689e-16,2.35098607248574e-11,12,0
16738,boundary,apv,wave,w*dz(eta),0,1,0,-1,0,0,0,0,12
16738,boundary,apv,wave,w*eta*dlogN2,0,1,0,-1,0,0,0,0,12
16738,boundary,boundary,wave,u*dx(u),3.64327958985546e-15,1,0,2,0,1.76493491664166e-15,5.92682511490481e-11,4,0
16738,boundary,boundary,wave,v*dy(u),3.64327958985546e-15,1,0,2,0,1.76493491664166e-15,5.92682511490481e-11,4,0
16738,boundary,boundary,wave,w*dz(u),0,1,0,1,0,0,0,0,4
16738,boundary,boundary,wave,u*dx(v),3.64327958985546e-15,1,0,2,0,1.76493491664166e-15,5.92682511490481e-11,4,0
16738,boundary,boundary,wave,v*dy(v),3.64327958985546e-15,1,0,2,0,1.76493491664166e-15,5.92682511490481e-11,4,0
16738,boundary,boundary,wave,w*dz(v),0,1,0,1,0,0,0,0,4
16738,boundary,boundary,wave,u*dx(w),0,1,0,1,0,0,0,0,4
16738,boundary,boundary,wave,v*dy(w),0,1,0,1,0,0,0,0,4
16738,boundary,boundary,wave,w*dz(w),0,1,0,1,0,0,0,0,4
16738,boundary,boundary,wave,u*dx(eta),1.55701087376226e-16,2,0,1,0,4.64226342035688e-16,5.65243407635307e-11,4,0
16738,boundary,boundary,wave,v*dy(eta),1.55701087376226e-16,2,0,1,0,4.64226342035688e-16,5.65243407635307e-11,4,0
16738,boundary,boundary,wave,w*dz(eta),0,1,0,1,0,0,0,0,4
16738,boundary,boundary,wave,w*eta*dlogN2,0,1,0,1,0,0,0,0,4
21506,wave,wave,wave,u*dx(u),7.85217139974025e-07,24,1,23,1,3.62102145251856e-15,5.06361619301288e-11,2304,0
21506,wave,wave,wave,v*dy(u),7.85217139962746e-07,24,-1,23,1,3.66272957389543e-15,5.06217290308086e-11,2304,0
21506,wave,wave,wave,w*dz(u),7.85484446975016e-07,24,1,23,1,5.98996039801399e-14,6.2473306406777e-06,2304,0
21506,wave,wave,wave,u*dx(v),7.79106022310386e-07,24,-1,23,1,3.44678033486947e-15,5.0623505387648e-11,2304,0
21506,wave,wave,wave,v*dy(v),7.79106022319575e-07,24,1,23,1,3.46585182546751e-15,5.06092945329328e-11,2304,0
21506,wave,wave,wave,w*dz(v),7.79370248779474e-07,24,1,23,1,5.68056358288554e-14,5.84736003072455e-06,2304,0
21506,wave,wave,wave,u*dx(w),2.506087020567e-09,24,1,24,1,9.99200722162641e-16,5.08522113307208e-11,2304,0
21506,wave,wave,wave,v*dy(w),2.50608702050603e-09,24,1,24,1,9.99200722162641e-16,5.08380004760056e-11,2304,0
21506,wave,wave,wave,w*dz(w),2.50608754358521e-09,24,1,24,1,9.99200722162641e-16,5.08302289148332e-11,2304,0
21506,wave,wave,wave,u*dx(eta),1.68429508256043e-07,24,1,24,1,1.54657367384233e-15,5.06668040856084e-11,2304,0
21506,wave,wave,wave,v*dy(eta),1.68429508254769e-07,24,1,24,1,2.04015665669045e-15,5.06523711862883e-11,2304,0
21506,wave,wave,wave,w*dz(eta),1.68429527991328e-07,24,1,24,1,1.72047677996103e-15,5.08360020745613e-11,2304,0
21506,wave,wave,wave,w*eta*dlogN2,1.01747222921069e-07,24,1,23,1,1.5064341554751e-15,5.08040276514521e-11,2304,0
21506,wave,apv,wave,u*dx(u),5.86403043988735e-11,24,1,5,0,2.45179919429996e-15,5.06170660941052e-11,288,0
21506,wave,apv,wave,v*dy(u),5.86402718415618e-11,24,1,5,0,2.35162156903402e-15,5.06026331947851e-11,288,0
21506,wave,apv,wave,w*dz(u),6.13384210773836e-11,24,1,5,0,2.40029402825643e-15,5.07514030800849e-11,288,0
21506,wave,apv,wave,u*dx(v),5.83172817582892e-11,24,1,5,0,2.10971727601184e-15,5.06168440495003e-11,288,0
21506,wave,apv,wave,v*dy(v),5.83173043711704e-11,24,1,5,0,2.30783399018123e-15,5.06026331947851e-11,288,0
21506,wave,apv,wave,w*dz(v),6.10025442245786e-11,24,1,5,0,2.33659520610186e-15,5.07514030800849e-11,288,0
21506,wave,apv,wave,u*dx(w),0,1,1,-1,0,0,0,0,288
21506,wave,apv,wave,v*dy(w),0,1,1,-1,0,0,0,0,288
21506,wave,apv,wave,w*dz(w),0,1,1,-1,0,0,0,0,288
21506,wave,apv,wave,u*dx(eta),7.387702994448e-12,24,1,5,0,1.0877370308738e-15,5.05782082882433e-11,288,0
21506,wave,apv,wave,v*dy(eta),7.38770647349373e-12,24,1,5,0,1.12813286946777e-15,5.05635533443183e-11,288,0
21506,wave,apv,wave,w*dz(eta),7.20532008472262e-12,24,1,5,0,1.26838949615463e-15,1.54159351950511e-10,288,0
21506,wave,apv,wave,w*eta*dlogN2,1.72772747527617e-11,24,1,5,0,1.24242161423408e-15,5.10989028867925e-11,288,0
21506,apv,wave,wave,u*dx(u),5.86406584096271e-11,5,0,24,1,2.33173905021401e-15,1.00103134684636e-11,288,0
21506,apv,wave,wave,v*dy(u),5.86406232392827e-11,5,0,24,1,2.26434040304609e-15,1.0010560292005e-11,288,0
21506,apv,wave,wave,w*dz(u),0,-1,0,1,1,0,0,0,288
21506,apv,wave,wave,u*dx(v),5.83177063609405e-11,5,0,24,1,2.23538234141427e-15,7.96510143436728e-12,288,0
21506,apv,wave,wave,v*dy(v),5.83177189971468e-11,5,0,24,1,2.17160632000888e-15,7.9653714617493e-12,288,0
21506,apv,wave,wave,w*dz(v),0,-1,0,1,1,0,0,0,288
21506,apv,wave,wave,u*dx(w),1.25357689105741e-13,5,0,24,1,5.55111512312578e-16,9.93616300348776e-12,288,0
21506,apv,wave,wave,v*dy(w),1.25357234450766e-13,5,0,24,1,4.44089209850063e-16,9.9360519811853e-12,288,0
21506,apv,wave,wave,w*dz(w),0,-1,0,1,1,0,0,0,288
21506,apv,wave,wave,u*dx(eta),7.2042471733689e-12,5,0,24,1,1.06852921014773e-15,7.99715849097993e-12,288,0
21506,apv,wave,wave,v*dy(eta),7.20423916001956e-12,5,0,24,1,1.03635042620956e-15,7.99704746867747e-12,288,0
21506,apv,wave,wave,w*dz(eta),0,-1,0,1,1,0,0,0,288
21506,apv,wave,wave,w*eta*dlogN2,0,-1,0,1,1,0,0,0,288
21506,wave,boundary,wave,u*dx(u),8.42836592998579e-14,24,1,1,0,1.94061957627489e-15,5.0516923977284e-11,96,0
21506,wave,boundary,wave,v*dy(u),8.43507932383959e-14,24,1,1,0,2.29288480171515e-15,5.0502269033359e-11,96,0
21506,wave,boundary,wave,w*dz(u),1.29283379800582e-13,24,1,2,0,2.00184739155658e-15,5.08935116272369e-11,96,0
21506,wave,boundary,wave,u*dx(v),8.35826539918856e-14,24,1,1,0,1.89471286913787e-15,5.05171460218889e-11,96,0
21506,wave,boundary,wave,v*dy(v),8.36546507008182e-14,24,1,1,0,2.20032232707554e-15,5.0502269033359e-11,96,0
21506,wave,boundary,wave,w*dz(v),1.28574784974142e-13,24,1,2,0,2.04453393609162e-15,5.08935116272369e-11,96,0
21506,wave,boundary,wave,u*dx(w),0,1,1,1,0,0,0,0,96
21506,wave,boundary,wave,v*dy(w),0,1,1,1,0,0,0,0,96
21506,wave,boundary,wave,w*dz(w),0,1,1,1,0,0,0,0,96
21506,wave,boundary,wave,u*dx(eta),1.5091964459593e-14,24,1,2,0,9.17388333996733e-16,5.10380626650431e-11,96,0
21506,wave,boundary,wave,v*dy(eta),1.50813225112043e-14,24,1,2,0,7.29393796825298e-16,5.10236297657229e-11,96,0
21506,wave,boundary,wave,w*dz(eta),9.95536165331453e-15,24,1,1,0,7.40095604942179e-16,5.08935116272369e-11,96,0
21506,wave,boundary,wave,w*eta*dlogN2,8.5985578366026e-15,24,1,2,0,9.53427083134509e-16,5.09474684662337e-11,96,0
21506,boundary,wave,wave,u*dx(u),6.08451130856903e-14,1,0,24,1,2.25110027968563e-15,7.42984047983823e-12,96,0
21506,boundary,wave,wave,v*dy(u),6.08947349482904e-14,1,0,24,1,2.21390300090543e-15,7.43010527215115e-12,96,0
21506,boundary,wave,wave,w*dz(u),0,1,0,1,1,0,0,0,96
21506,boundary,wave,wave,u*dx(v),6.050248774027e-14,1,0,24,1,2.03181824540083e-15,7.21944726223001e-12,96,0
21506,boundary,wave,wave,v*dy(v),6.07905413553872e-14,1,0,24,1,2.71452169230482e-15,7.21933623992754e-12,96,0
21506,boundary,wave,wave,w*dz(v),0,1,0,1,1,0,0,0,96
21506,boundary,wave,wave,u*dx(w),1.65034790763196e-16,1,0,24,1,3.33066907387547e-16,7.02971014732157e-12,96,0
21506,boundary,wave,wave,v*dy(w),1.64897670535599e-16,1,0,24,1,5.55111512312578e-16,7.02971014732157e-12,96,0
21506,boundary,wave,wave,w*dz(w),0,1,0,1,1,0,0,0,96
21506,boundary,wave,wave,u*dx(eta),7.54792655838451e-15,1,0,24,1,9.92737646753162e-16,4.42278831624102e-12,96,0
21506,boundary,wave,wave,v*dy(eta),7.49998881968841e-15,1,0,24,1,7.94843842522805e-16,4.42273575262986e-12,96,0
21506,boundary,wave,wave,w*dz(eta),0,1,0,1,1,0,0,0,96
21506,boundary,wave,wave,w*eta*dlogN2,0,1,0,1,1,0,0,0,96
21506,apv,boundary,wave,u*dx(u),4.06301196347939e-15,4,0,1,0,1.53944531609124e-15,1.96906546242081e-11,12,0
21506,apv,boundary,wave,v*dy(u),3.97204651804827e-15,4,0,1,0,1.39422142001958e-15,1.96895105659805e-11,12,0
21506,apv,boundary,wave,w*dz(u),0,-1,0,1,0,0,0,0,12
21506,apv,boundary,wave,u*dx(v),3.20650345935666e-15,4,0,1,0,1.06735731134252e-15,1.94708693612711e-11,12,0
21506,apv,boundary,wave,v*dy(v),3.21341741014412e-15,3,0,1,0,1.47876825610206e-15,1.94706473166661e-11,12,0
21506,apv,boundary,wave,w*dz(v),0,-1,0,1,0,0,0,0,12
21506,apv,boundary,wave,u*dx(w),0,-1,0,1,0,0,0,0,12
21506,apv,boundary,wave,v*dy(w),0,-1,0,1,0,0,0,0,12
21506,apv,boundary,wave,w*dz(w),0,-1,0,1,0,0,0,0,12
21506,apv,boundary,wave,u*dx(eta),7.76479977291184e-16,-1,0,2,0,7.47985295745455e-16,2.00315319887068e-11,12,0
21506,apv,boundary,wave,v*dy(eta),9.33090595886697e-16,-1,0,2,0,1.22829583776561e-15,2.00313099441018e-11,12,0
21506,apv,boundary,wave,w*dz(eta),0,-1,0,1,0,0,0,0,12
21506,apv,boundary,wave,w*eta*dlogN2,0,-1,0,1,0,0,0,0,12
21506,boundary,apv,wave,u*dx(u),4.30416396621132e-15,1,0,4,0,1.52923395565889e-15,1.85796850000831e-11,12,0
21506,boundary,apv,wave,v*dy(u),4.18187281068708e-15,1,0,4,0,1.49852260226893e-15,1.85817861352232e-11,12,0
21506,boundary,apv,wave,w*dz(u),0,1,0,-1,0,0,0,0,12
21506,boundary,apv,wave,u*dx(v),3.70015141330459e-15,1,0,4,0,1.23770839141896e-15,1.77418080227199e-11,12,0
21506,boundary,apv,wave,v*dy(v),3.64173786887137e-15,1,0,4,0,1.13589950659245e-15,1.77415859781149e-11,12,0
21506,boundary,apv,wave,w*dz(v),0,1,0,-1,0,0,0,0,12
21506,boundary,apv,wave,u*dx(w),0,1,0,-1,0,0,0,0,12
21506,boundary,apv,wave,v*dy(w),0,1,0,-1,0,0,0,0,12
21506,boundary,apv,wave,w*dz(w),0,1,0,-1,0,0,0,0,12
21506,boundary,apv,wave,u*dx(eta),1.49066298469079e-15,2,0,2,0,1.13595368992859e-15,3.35553779008297e-11,12,0
21506,boundary,apv,wave,v*dy(eta),1.27742865016631e-15,2,0,4,0,1.10638588620222e-15,3.35536851051404e-11,12,0
21506,boundary,apv,wave,w*dz(eta),0,1,0,-1,0,0,0,0,12
21506,boundary,apv,wave,w*eta*dlogN2,0,1,0,-1,0,0,0,0,12
21506,boundary,boundary,wave,u*dx(u),3.53716171658837e-15,2,0,1,0,1.32461293474034e-15,2.09895434366558e-11,4,0
21506,boundary,boundary,wave,v*dy(u),3.90513883164825e-15,2,0,1,0,1.35299121425188e-15,2.09896544589583e-11,4,0
21506,boundary,boundary,wave,w*dz(u),0,1,0,1,0,0,0,0,4
21506,boundary,boundary,wave,u*dx(v),3.34671647234907e-15,2,0,1,0,1.24532266023137e-15,2.09897654812607e-11,4,0
21506,boundary,boundary,wave,v*dy(v),3.29998312268423e-15,2,0,1,0,1.1793545790667e-15,2.09894324143534e-11,4,0
21506,boundary,boundary,wave,w*dz(v),0,1,0,1,0,0,0,0,4
21506,boundary,boundary,wave,u*dx(w),0,1,0,1,0,0,0,0,4
21506,boundary,boundary,wave,v*dy(w),0,1,0,1,0,0,0,0,4
21506,boundary,boundary,wave,w*dz(w),0,1,0,1,0,0,0,0,4
21506,boundary,boundary,wave,u*dx(eta),6.43602352182112e-16,2,0,1,0,5.94007515120569e-16,1.96996863266463e-11,4,0
21506,boundary,boundary,wave,v*dy(eta),6.11736151105096e-16,1,0,2,0,6.37124226598333e-16,1.96995753043439e-11,4,0
21506,boundary,boundary,wave,w*dz(eta),0,1,0,1,0,0,0,0,4
21506,boundary,boundary,wave,w*eta*dlogN2,0,1,0,1,0,0,0,0,4
24104,wave,wave,wave,u*dx(u),7.86102233016012e-07,23,1,24,1,3.71783082025872e-15,2.87028179002391e-11,2304,0
24104,wave,wave,wave,v*dy(u),7.86102232993979e-07,23,-1,24,1,3.64743684358071e-15,2.87085910599671e-11,2304,0
24104,wave,wave,wave,w*dz(u),7.86369910184667e-07,24,1,23,1,1.61041799568663e-14,2.11340615067359e-06,2304,0
24104,wave,wave,wave,u*dx(v),7.82180888978619e-07,23,-1,24,1,3.55468836474546e-15,2.87028179002391e-11,2304,0
24104,wave,wave,wave,v*dy(v),7.82180888944453e-07,23,1,24,1,3.57514990653022e-15,2.87083690153622e-11,2304,0
24104,wave,wave,wave,w*dz(v),7.82446579737148e-07,24,1,23,1,1.50320991827773e-14,1.99432207892447e-06,2304,0
24104,wave,wave,wave,u*dx(w),1.78417167426329e-09,24,1,24,1,9.99200722162641e-16,2.8871793844587e-11,2304,0
24104,wave,wave,wave,v*dy(w),1.78417167422185e-09,24,1,24,1,1.11022302462516e-15,2.88773449597102e-11,2304,0
24104,wave,wave,wave,w*dz(w),1.78417124465965e-09,24,1,24,1,1.11022302462516e-15,2.88804535841791e-11,2304,0
24104,wave,wave,wave,u*dx(eta),1.20644541125466e-07,24,1,24,1,1.60831444040295e-15,2.86473067490078e-11,2304,0
24104,wave,wave,wave,v*dy(eta),1.20644541124439e-07,24,1,24,1,1.46890337286507e-15,2.86530799087359e-11,2304,0
24104,wave,wave,wave,w*dz(eta),1.20644524823274e-07,24,1,24,1,1.92023286180686e-15,2.88804535841791e-11,2304,0
24104,wave,wave,wave,w*eta*dlogN2,7.28486907008219e-08,23,1,24,1,1.36675008988102e-15,2.88820078964136e-11,2304,0
24104,wave,apv,wave,u*dx(u),5.86880302881448e-11,24,1,5,0,2.32503230443532e-15,2.95684754545344e-11,288,0
24104,wave,apv,wave,v*dy(u),5.86881082680034e-11,24,1,5,0,2.34646276936085e-15,2.95725801341497e-11,288,0
24104,wave,apv,wave,w*dz(u),6.13884623776756e-11,24,1,5,0,2.48886914456824e-15,2.93273490669031e-11,288,0
24104,wave,apv,wave,u*dx(v),5.84814568628527e-11,24,1,5,0,2.05467651471466e-15,2.87454504643847e-11,288,0
24104,wave,apv,wave,v*dy(v),5.84813935032747e-11,24,1,5,0,2.23946984010186e-15,2.87512236241128e-11,288,0
24104,wave,apv,wave,w*dz(v),6.11735393280213e-11,24,1,5,0,2.30908598369675e-15,2.88391532876631e-11,288,0
24104,wave,apv,wave,u*dx(w),0,1,1,-1,0,0,0,0,288
24104,wave,apv,wave,v*dy(w),0,1,1,-1,0,0,0,0,288
24104,wave,apv,wave,w*dz(w),0,1,1,-1,0,0,0,0,288
24104,wave,apv,wave,u*dx(eta),5.2785724531568e-12,24,1,5,0,1.04651593746568e-15,2.86684009864757e-11,288,0
24104,wave,apv,wave,v*dy(eta),5.27857160908606e-12,24,1,5,0,1.00675216069089e-15,2.86743961908087e-11,288,0
24104,wave,apv,wave,w*dz(eta),5.14830937311428e-12,24,1,5,0,9.00790290870236e-16,1.76299419507586e-10,288,0
24104,wave,apv,wave,w*eta*dlogN2,1.23418905760531e-11,24,1,5,0,1.43277150737819e-15,2.91928703433086e-11,288,0
24104,apv,wave,wave,u*dx(u),5.86873309886063e-11,5,0,24,1,2.34677303840898e-15,1.75507194936322e-11,288,0
24104,apv,wave,wave,v*dy(u),5.86872719395584e-11,5,0,24,1,2.32510580964857e-15,1.75499592893786e-11,288,0
24104,apv,wave,wave,w*dz(u),0,-1,0,1,1,0,0,0,288
24104,apv,wave,wave,u*dx(v),5.84807298164528e-11,5,0,24,1,2.10031114538436e-15,1.48370205010906e-11,288,0
24104,apv,wave,wave,v*dy(v),5.84806992349911e-11,5,0,24,1,2.20991527428986e-15,1.48370205010906e-11,288,0
24104,apv,wave,wave,w*dz(v),0,-1,0,1,1,0,0,0,288
24104,apv,wave,wave,u*dx(w),8.9246566511729e-14,5,0,24,1,6.66133814775094e-16,1.92477145333214e-11,288,0
24104,apv,wave,wave,v*dy(w),8.92467994243908e-14,5,0,24,1,5.55111512312578e-16,1.92477145333214e-11,288,0
24104,apv,wave,wave,w*dz(w),0,-1,0,1,1,0,0,0,288
24104,apv,wave,wave,u*dx(eta),5.14742685777566e-12,5,0,24,1,1.10830480737538e-15,1.26301191727407e-11,288,0
24104,apv,wave,wave,v*dy(eta),5.14743495185801e-12,5,0,24,1,9.09578538529691e-16,1.26301191727407e-11,288,0
24104,apv,wave,wave,w*dz(eta),0,-1,0,1,1,0,0,0,288
24104,apv,wave,wave,w*eta*dlogN2,0,-1,0,1,1,0,0,0,288
24104,wave,boundary,wave,u*dx(u),5.6648203557268e-14,24,1,2,0,2.07038869933911e-15,2.66167088369684e-11,96,0
24104,wave,boundary,wave,v*dy(u),5.66513548707087e-14,24,1,2,0,2.19893446094554e-15,2.66222599520916e-11,96,0
24104,wave,boundary,wave,w*dz(u),1.97592960415212e-14,24,1,1,0,2.02263423453383e-15,2.92379453981084e-11,96,0
24104,wave,boundary,wave,u*dx(v),5.67477770799474e-14,24,1,2,0,1.7680600289274e-15,2.66167088369684e-11,96,0
24104,wave,boundary,wave,v*dy(v),5.57656830216697e-14,24,1,2,0,2.28609000302342e-15,2.66222599520916e-11,96,0
24104,wave,boundary,wave,w*dz(v),1.96804719096507e-14,24,1,1,0,1.73521722743891e-15,2.92379453981084e-11,96,0
24104,wave,boundary,wave,u*dx(w),0,1,1,1,0,0,0,0,96
24104,wave,boundary,wave,v*dy(w),0,1,1,1,0,0,0,0,96
24104,wave,boundary,wave,w*dz(w),0,1,1,1,0,0,0,0,96
24104,wave,boundary,wave,u*dx(eta),1.95554216287143e-15,24,1,1,0,5.55111512312578e-16,2.9443558702269e-11,96,0
24104,wave,boundary,wave,v*dy(eta),1.96323147703435e-15,24,1,1,0,5.55111512312578e-16,2.94491098173921e-11,96,0
24104,wave,boundary,wave,w*dz(eta),4.90648546098426e-15,24,1,2,0,7.29007446952041e-16,2.91806578900378e-11,96,0
24104,wave,boundary,wave,w*eta*dlogN2,4.18659495763176e-15,24,1,1,0,1.03249282547817e-15,2.92705859550324e-11,96,0
24104,boundary,wave,wave,u*dx(u),3.52739932593496e-14,2,0,24,1,1.8406477947425e-15,1.55482293706655e-11,96,0
24104,boundary,wave,wave,v*dy(u),3.60236625732463e-14,2,0,24,1,1.82927494290656e-15,1.55484514152704e-11,96,0
24104,boundary,wave,wave,w*dz(u),0,1,0,1,1,0,0,0,96
24104,boundary,wave,wave,u*dx(v),3.53613345511738e-14,2,0,24,1,1.81078391214265e-15,1.55513379951344e-11,96,0
24104,boundary,wave,wave,v*dy(v),3.54859858257651e-14,2,0,24,1,1.77824862316209e-15,1.55514490174369e-11,96,0
24104,boundary,wave,wave,w*dz(v),0,1,0,1,1,0,0,0,96
24104,boundary,wave,wave,u*dx(w),5.77847390525003e-17,1,0,18,1,6.66133814775094e-16,1.78296266639677e-11,96,0
24104,boundary,wave,wave,v*dy(w),5.62534223577457e-17,1,0,2,1,4.44089209850063e-16,1.78296266639677e-11,96,0
24104,boundary,wave,wave,w*dz(w),0,1,0,1,1,0,0,0,96
24104,boundary,wave,wave,u*dx(eta),3.18398777825251e-15,2,0,24,1,1.12688285899452e-15,1.56751399887933e-11,96,0
24104,boundary,wave,wave,v*dy(eta),3.20823449751529e-15,2,0,24,1,6.66133814775094e-16,1.56755334754365e-11,96,0
24104,boundary,wave,wave,w*dz(eta),0,1,0,1,1,0,0,0,96
24104,boundary,wave,wave,w*eta*dlogN2,0,1,0,1,1,0,0,0,96
24104,apv,boundary,wave,u*dx(u),4.51152413982042e-15,4,0,1,0,1.8258842473572e-15,2.17943733245902e-11,12,0
24104,apv,boundary,wave,v*dy(u),4.51175542564585e-15,5,0,1,0,1.89700509860556e-15,2.17945727285635e-11,12,0
24104,apv,boundary,wave,w*dz(u),0,-1,0,1,0,0,0,0,12
24104,apv,boundary,wave,u*dx(v),2.90392944952574e-15,4,0,1,0,1.45324618475321e-15,1.67983404963934e-11,12,0
24104,apv,boundary,wave,v*dy(v),2.96317419915347e-15,5,0,1,0,1.050066921758e-15,1.67987845856032e-11,12,0
24104,apv,boundary,wave,w*dz(v),0,-1,0,1,0,0,0,0,12
24104,apv,boundary,wave,u*dx(w),0,-1,0,1,0,0,0,0,12
24104,apv,boundary,wave,v*dy(w),0,-1,0,1,0,0,0,0,12
24104,apv,boundary,wave,w*dz(w),0,-1,0,1,0,0,0,0,12
24104,apv,boundary,wave,u*dx(eta),4.70779833532471e-16,1,0,2,0,4.15542969163172e-16,2.22313278896991e-11,12,0
24104,apv,boundary,wave,v*dy(eta),3.77579515889929e-16,4,0,2,0,3.6252928127372e-16,2.22311058450941e-11,12,0
24104,apv,boundary,wave,w*dz(eta),0,-1,0,1,0,0,0,0,12
24104,apv,boundary,wave,w*eta*dlogN2,0,-1,0,1,0,0,0,0,12
24104,boundary,apv,wave,u*dx(u),4.49428155498016e-15,1,0,5,0,1.94419160859357e-15,2.1849899552803e-11,12,0
24104,boundary,apv,wave,v*dy(u),4.51976176407029e-15,1,0,5,0,1.45186303350409e-15,2.18495983133649e-11,12,0
24104,boundary,apv,wave,w*dz(u),0,1,0,-1,0,0,0,0,12
24104,boundary,apv,wave,u*dx(v),3.02299191277225e-15,1,0,5,0,1.06778207727619e-15,2.13118411807045e-11,12,0
24104,boundary,apv,wave,v*dy(v),2.8171574234829e-15,1,0,5,0,1.60012207008352e-15,2.13113970914947e-11,12,0
24104,boundary,apv,wave,w*dz(v),0,1,0,-1,0,0,0,0,12
24104,boundary,apv,wave,u*dx(w),0,1,0,-1,0,0,0,0,12
24104,boundary,apv,wave,v*dy(w),0,1,0,-1,0,0,0,0,12
24104,boundary,apv,wave,w*dz(w),0,1,0,-1,0,0,0,0,12
24104,boundary,apv,wave,u*dx(eta),8.54625414423552e-16,2,0,2,0,7.8058814512689e-16,2.3055767341915e-11,12,0
24104,boundary,apv,wave,v*dy(eta),5.87462343072585e-16,2,0,-1,0,6.32872415918479e-16,2.30559468346263e-11,12,0
24104,boundary,apv,wave,w*dz(eta),0,1,0,-1,0,0,0,0,12
24104,boundary,apv,wave,w*eta*dlogN2,0,1,0,-1,0,0,0,0,12
24104,boundary,boundary,wave,u*dx(u),1.16688968980599e-14,2,0,1,0,6.02934581150101e-15,1.51837237572914e-09,4,0
24104,boundary,boundary,wave,v*dy(u),1.17768477278707e-14,2,0,1,0,6.23887041465686e-15,1.51837277440804e-09,4,0
24104,boundary,boundary,wave,w*dz(u),0,1,0,1,0,0,0,0,4
24104,boundary,boundary,wave,u*dx(v),1.12191729168843e-14,2,0,1,0,5.95215460774588e-15,9.18032679366515e-10,4,0
24104,boundary,boundary,wave,v*dy(v),1.11920181941773e-14,2,0,1,0,5.88642470595113e-15,9.18032620146297e-10,4,0
24104,boundary,boundary,wave,w*dz(v),0,1,0,1,0,0,0,0,4
24104,boundary,boundary,wave,u*dx(w),0,1,0,1,0,0,0,0,4
24104,boundary,boundary,wave,v*dy(w),0,1,0,1,0,0,0,0,4
24104,boundary,boundary,wave,w*dz(w),0,1,0,1,0,0,0,0,4
24104,boundary,boundary,wave,u*dx(eta),1.87202417582847e-15,1,0,2,0,1.18595734274983e-15,5.9071203496888e-10,4,0
24104,boundary,boundary,wave,v*dy(eta),2.11510785672607e-15,2,0,1,0,1.46076063933958e-15,5.90711583948757e-10,4,0
24104,boundary,boundary,wave,w*dz(eta),0,1,0,1,0,0,0,0,4
24104,boundary,boundary,wave,w*eta*dlogN2,0,1,0,1,0,0,0,0,4
26027,wave,wave,wave,u*dx(u),7.85768032616443e-07,24,-1,23,1,3.58564286942136e-15,5.06215069862037e-11,2304,0
26027,wave,wave,wave,v*dy(u),7.85768032613034e-07,24,-1,23,1,3.55390578464635e-15,5.06361619301288e-11,2304,0
26027,wave,wave,wave,w*dz(u),7.86035628727318e-07,24,1,23,1,5.99401689736819e-14,6.27742515165625e-06,2304,0
26027,wave,wave,wave,u*dx(v),7.80744951385375e-07,24,1,23,1,3.4251755250417e-15,5.06095165775378e-11,2304,0
26027,wave,wave,wave,v*dy(v),7.80744951400482e-07,24,-1,23,1,3.46053842170536e-15,5.0623727432253e-11,2304,0
26027,wave,wave,wave,w*dz(v),7.8101000835948e-07,24,1,23,1,5.70167213921706e-14,5.89417975906397e-06,2304,0
26027,wave,wave,wave,u*dx(w),2.13536903273307e-09,24,1,24,1,9.99200722162641e-16,5.08380004760056e-11,2304,0
26027,wave,wave,wave,v*dy(w),2.13536903273749e-09,24,1,24,1,1.11022302462516e-15,5.08519892861159e-11,2304,0
26027,wave,wave,wave,w*dz(w),2.13536947843856e-09,24,1,24,1,9.99200722162641e-16,5.08302289148332e-11,2304,0
26027,wave,wave,wave,u*dx(eta),1.4399985757823e-07,24,1,24,1,1.59814534720311e-15,5.06521491416834e-11,2304,0
26027,wave,wave,wave,v*dy(eta),1.43999857579629e-07,24,1,24,1,1.52111076570349e-15,5.06665820410035e-11,2304,0
26027,wave,wave,wave,w*dz(eta),1.43999874456584e-07,24,1,24,1,1.69334370788649e-15,5.08360020745613e-11,2304,0
26027,wave,wave,wave,w*eta*dlogN2,8.69684643145976e-08,24,1,23,1,1.68566297920799e-15,5.08040276514521e-11,2304,0
26027,wave,apv,wave,u*dx(u),5.8668325561064e-11,24,1,5,0,2.36664168082929e-15,5.06024111501802e-11,288,0
26027,wave,apv,wave,v*dy(u),5.8668316775469e-11,24,1,5,0,2.27912819815785e-15,5.06170660941052e-11,288,0
26027,wave,apv,wave,w*dz(u),6.1367717634061e-11,24,1,5,0,2.41167972592024e-15,5.07514030800849e-11,288,0
26027,wave,apv,wave,u*dx(v),5.84033013270898e-11,24,1,5,0,2.64490940939353e-15,5.06026331947851e-11,288,0
26027,wave,apv,wave,v*dy(v),5.84032927556114e-11,24,1,5,0,2.17560956087688e-15,5.06168440495003e-11,288,0
26027,wave,apv,wave,w*dz(v),6.10921286375398e-11,24,1,5,0,2.09783889594782e-15,5.07514030800849e-11,288,0
26027,wave,apv,wave,u*dx(w),0,1,1,-1,0,0,0,0,288
26027,wave,apv,wave,v*dy(w),0,1,1,-1,0,0,0,0,288
26027,wave,apv,wave,w*dz(w),0,1,1,-1,0,0,0,0,288
26027,wave,apv,wave,u*dx(eta),6.30728559400633e-12,24,1,5,0,1.0644103800147e-15,5.05637753889232e-11,288,0
26027,wave,apv,wave,v*dy(eta),6.30728809326846e-12,24,1,5,0,1.06149417915694e-15,5.05782082882433e-11,288,0
26027,wave,apv,wave,w*dz(eta),6.15164571443218e-12,24,1,5,0,1.05421763104758e-15,1.54159351950511e-10,288,0
26027,wave,apv,wave,w*eta*dlogN2,1.47489549629876e-11,24,1,5,0,1.48283534517993e-15,5.10989028867925e-11,288,0
26027,apv,wave,wave,u*dx(u),5.86686978910587e-11,5,0,24,1,2.28060114244797e-15,1.02467752986355e-11,288,0
26027,apv,wave,wave,v*dy(u),5.86688238151983e-11,5,0,24,1,2.53622325618647e-15,1.02468277061903e-11,288,0
26027,apv,wave,wave,w*dz(u),0,-1,0,1,1,0,0,0,288
26027,apv,wave,wave,u*dx(v),5.84037422097146e-11,5,0,24,1,2.31605220554993e-15,7.97562778999127e-12,288,0
26027,apv,wave,wave,v*dy(v),5.84037026929071e-11,5,0,24,1,2.23270976743488e-15,7.97564594670222e-12,288,0
26027,apv,wave,wave,w*dz(v),0,-1,0,1,1,0,0,0,288
26027,apv,wave,wave,u*dx(w),1.06814610958006e-13,5,0,24,1,5.55111512312578e-16,9.93616300348776e-12,288,0
26027,apv,wave,wave,v*dy(w),1.06814544646786e-13,5,0,24,1,6.66133814775094e-16,9.93627402579023e-12,288,0
26027,apv,wave,wave,w*dz(w),0,-1,0,1,1,0,0,0,288
26027,apv,wave,wave,u*dx(eta),6.15071548531123e-12,5,0,24,1,1.59571875202041e-15,7.99704746867747e-12,288,0
26027,apv,wave,wave,v*dy(eta),6.15071104850847e-12,5,0,24,1,9.50236229815487e-16,7.99704746867747e-12,288,0
26027,apv,wave,wave,w*dz(eta),0,-1,0,1,1,0,0,0,288
26027,apv,wave,wave,w*eta*dlogN2,0,-1,0,1,1,0,0,0,288
26027,wave,boundary,wave,u*dx(u),8.46938087286995e-14,24,1,1,0,2.19488128571108e-15,5.05024910779639e-11,96,0
26027,wave,boundary,wave,v*dy(u),8.43584095660387e-14,24,1,1,0,2.03398655782376e-15,5.05167019326791e-11,96,0
26027,wave,boundary,wave,w*dz(u),1.29190972658306e-13,24,1,2,0,2.07829081358432e-15,5.08935116272369e-11,96,0
26027,wave,boundary,wave,u*dx(v),8.38275439558491e-14,24,1,1,0,1.74608504742697e-15,5.0502269033359e-11,96,0
26027,wave,boundary,wave,v*dy(v),8.3828597000773e-14,24,1,1,0,1.6482727517708e-15,5.0516923977284e-11,96,0
26027,wave,boundary,wave,w*dz(v),1.28722109334687e-13,24,1,2,0,1.85854260062334e-15,5.08935116272369e-11,96,0
26027,wave,boundary,wave,u*dx(w),0,1,1,1,0,0,0,0,96
26027,wave,boundary,wave,v*dy(w),0,1,1,1,0,0,0,0,96
26027,wave,boundary,wave,w*dz(w),0,1,1,1,0,0,0,0,96
26027,wave,boundary,wave,u*dx(eta),1.28976990706026e-14,24,1,2,0,8.36153440076278e-16,5.1023407721118e-11,96,0
26027,wave,boundary,wave,v*dy(eta),1.28985331702771e-14,24,1,2,0,6.69500247141849e-16,5.10378406204381e-11,96,0
26027,wave,boundary,wave,w*dz(eta),8.53686534079781e-15,24,1,1,0,8.53331594480951e-16,5.08935116272369e-11,96,0
26027,wave,boundary,wave,w*eta*dlogN2,7.33430708665751e-15,24,1,2,0,9.46554999289827e-16,5.09474684662337e-11,96,0
26027,boundary,wave,wave,u*dx(u),6.04577156651181e-14,1,0,24,1,1.92303691012274e-15,7.5788880939523e-12,96,0
26027,boundary,wave,wave,v*dy(u),6.11117711234997e-14,1,0,24,1,2.37132949707416e-15,7.57862169505868e-12,96,0
26027,boundary,wave,wave,w*dz(u),0,1,0,1,1,0,0,0,96
26027,boundary,wave,wave,u*dx(v),6.06692407923953e-14,1,0,24,1,2.062376038088e-15,7.21933623992754e-12,96,0
26027,boundary,wave,wave,v*dy(v),6.08776570209243e-14,1,0,24,1,1.96019993355207e-15,7.21933623992754e-12,96,0
26027,boundary,wave,wave,w*dz(v),0,1,0,1,1,0,0,0,96
26027,boundary,wave,wave,u*dx(w),1.45730503239464e-16,1,0,24,1,4.44089209850063e-16,7.0295991250191e-12,96,0
26027,boundary,wave,wave,v*dy(w),1.46426824587523e-16,1,0,24,1,4.44089209850063e-16,7.02971014732157e-12,96,0
26027,boundary,wave,wave,w*dz(w),0,1,0,1,1,0,0,0,96
26027,boundary,wave,wave,u*dx(eta),6.46010075527567e-15,1,0,24,1,7.85534994374572e-16,4.51614589701271e-12,96,0
26027,boundary,wave,wave,v*dy(eta),6.40232887644108e-15,1,0,24,1,9.02536340532822e-16,4.51666259313418e-12,96,0
26027,boundary,wave,wave,w*dz(eta),0,1,0,1,1,0,0,0,96
26027,boundary,wave,wave,w*eta*dlogN2,0,1,0,1,1,0,0,0,96
26027,apv,boundary,wave,u*dx(u),4.39085924880463e-15,4,0,1,0,1.69411361761056e-15,2.01384473135263e-11,12,0
26027,apv,boundary,wave,v*dy(u),4.4279111242214e-15,4,0,1,0,1.48399818717232e-15,2.01392289433099e-11,12,0
26027,apv,boundary,wave,w*dz(u),0,-1,0,1,0,0,0,0,12
26027,apv,boundary,wave,u*dx(v),3.29749384237001e-15,4,0,1,0,1.26747315203409e-15,1.94706473166661e-11,12,0
26027,apv,boundary,wave,v*dy(v),3.35985738733604e-15,4,0,1,0,1.26849301676881e-15,1.94706473166661e-11,12,0
26027,apv,boundary,wave,w*dz(v),0,-1,0,1,0,0,0,0,12
26027,apv,boundary,wave,u*dx(w),0,-1,0,1,0,0,0,0,12
26027,apv,boundary,wave,v*dy(w),0,-1,0,1,0,0,0,0,12
26027,apv,boundary,wave,w*dz(w),0,-1,0,1,0,0,0,0,12
26027,apv,boundary,wave,u*dx(eta),7.78184540369087e-16,1,0,2,0,8.62008879762555e-16,2.00315319887068e-11,12,0
26027,apv,boundary,wave,v*dy(eta),7.05705471037713e-16,-1,0,2,0,7.52698389111522e-16,2.00315319887068e-11,12,0
26027,apv,boundary,wave,w*dz(eta),0,-1,0,1,0,0,0,0,12
26027,apv,boundary,wave,w*eta*dlogN2,0,-1,0,1,0,0,0,0,12
26027,boundary,apv,wave,u*dx(u),4.5020009569044e-15,1,0,4,0,1.21357511240301e-15,1.90278656454767e-11,12,0
26027,boundary,apv,wave,v*dy(u),4.586950646507e-15,1,0,4,0,2.07065558473086e-15,1.90277441476974e-11,12,0
26027,boundary,apv,wave,w*dz(u),0,1,0,-1,0,0,0,0,12
26027,boundary,apv,wave,u*dx(v),3.76716471601361e-15,1,0,4,0,1.20908600970683e-15,1.77418080227199e-11,12,0
26027,boundary,apv,wave,v*dy(v),3.81433914868237e-15,1,0,4,0,1.51008104005356e-15,1.77418080227199e-11,12,0
26027,boundary,apv,wave,w*dz(v),0,1,0,-1,0,0,0,0,12
26027,boundary,apv,wave,u*dx(w),0,1,0,-1,0,0,0,0,12
26027,boundary,apv,wave,v*dy(w),0,1,0,-1,0,0,0,0,12
26027,boundary,apv,wave,w*dz(w),0,1,0,-1,0,0,0,0,12
26027,boundary,apv,wave,u*dx(eta),9.73684716170743e-16,2,0,2,0,7.74437997836098e-16,3.22867692725182e-11,12,0
26027,boundary,apv,wave,v*dy(eta),7.98115200326597e-16,1,0,5,0,1.18510564421245e-15,3.22853264469174e-11,12,0
26027,boundary,apv,wave,w*dz(eta),0,1,0,-1,0,0,0,0,12
26027,boundary,apv,wave,w*eta*dlogN2,0,1,0,-1,0,0,0,0,12
26027,boundary,boundary,wave,u*dx(u),4.05805764631275e-15,2,0,1,0,1.28043141527779e-15,2.09894324143534e-11,4,0
26027,boundary,boundary,wave,v*dy(u),3.74904980035708e-15,2,0,1,0,1.67757545746929e-15,2.09897836314618e-11,4,0
26027,boundary,boundary,wave,w*dz(u),0,1,0,1,0,0,0,0,4
26027,boundary,boundary,wave,u*dx(v),3.26481335008752e-15,2,0,1,0,1.11794023080903e-15,2.09894324143534e-11,4,0
26027,boundary,boundary,wave,v*dy(v),3.2747298581221e-15,2,0,1,0,1.21442290476575e-15,2.09895434366558e-11,4,0
26027,boundary,boundary,wave,w*dz(v),0,1,0,1,0,0,0,0,4
26027,boundary,boundary,wave,u*dx(w),0,1,0,1,0,0,0,0,4
26027,boundary,boundary,wave,v*dy(w),0,1,0,1,0,0,0,0,4
26027,boundary,boundary,wave,w*dz(w),0,1,0,1,0,0,0,0,4
26027,boundary,boundary,wave,u*dx(eta),9.73328601665925e-16,1,0,2,0,7.94400475031939e-16,1.96996863266463e-11,4,0
26027,boundary,boundary,wave,v*dy(eta),6.60486905808233e-16,1,0,2,0,4.79128939409854e-16,1.96997973489488e-11,4,0
26027,boundary,boundary,wave,w*dz(eta),0,1,0,1,0,0,0,0,4
26027,boundary,boundary,wave,w*eta*dlogN2,0,1,0,1,0,0,0,0,4
27825,wave,wave,wave,u*dx(u),7.86101836567155e-07,24,1,23,1,3.61632267747972e-15,8.79369910222749e-11,2304,0
27825,wave,wave,wave,v*dy(u),7.86101836606529e-07,24,1,23,1,3.65842446978513e-15,8.79514239215951e-11,2304,0
27825,wave,wave,wave,w*dz(u),7.86369617859515e-07,24,1,23,1,3.55038178745113e-14,4.5379322388154e-06,2304,0
27825,wave,wave,wave,u*dx(v),7.80740161213713e-07,24,-1,23,1,3.52196623510353e-15,8.79352146654355e-11,2304,0
27825,wave,wave,wave,v*dy(v),7.80740161206862e-07,24,1,23,1,3.53326320000309e-15,8.79496475647557e-11,2304,0
27825,wave,wave,wave,w*dz(v),7.81005230847708e-07,24,1,23,1,3.44423180950741e-14,4.23390265791796e-06,2304,0
27825,wave,wave,wave,u*dx(w),2.07405405472251e-09,24,1,24,1,9.99200722162641e-16,8.76625438905876e-11,2304,0
27825,wave,wave,wave,v*dy(w),2.07405405478302e-09,24,1,24,1,9.99200722162641e-16,8.76771988345126e-11,2304,0
27825,wave,wave,wave,w*dz(w),2.07405498735834e-09,24,1,24,1,1.11022302462516e-15,8.81690276344216e-11,2304,0
27825,wave,wave,wave,u*dx(eta),1.39936261879001e-07,24,1,24,1,1.47530962141823e-15,6.89510670781601e-11,2304,0
27825,wave,wave,wave,v*dy(eta),1.39936261876417e-07,24,1,24,1,1.40125306973179e-15,6.89652779328753e-11,2304,0
27825,wave,wave,wave,w*dz(eta),1.39936297182237e-07,24,1,24,1,1.38753238182893e-15,6.94628798925123e-11,2304,0
27825,wave,wave,wave,w*eta*dlogN2,8.45112169593523e-08,24,1,23,1,2.05862180463565e-15,6.93622936864813e-11,2304,0
27825,wave,apv,wave,u*dx(u),5.86857678869258e-11,24,1,5,0,2.43120638712334e-15,5.08819601492879e-11,288,0
27825,wave,apv,wave,v*dy(u),5.86857433631081e-11,24,1,5,0,2.44191203490265e-15,5.08911089716696e-11,288,0
27825,wave,apv,wave,w*dz(u),6.13857743941537e-11,24,1,5,0,2.33337202628842e-15,5.0967052997273e-11,288,0
27825,wave,apv,wave,u*dx(v),5.84029214768549e-11,24,1,5,0,2.2646166685529e-15,5.06026331947851e-11,288,0
27825,wave,apv,wave,v*dy(v),5.84029759769566e-11,24,-1,5,0,2.19736870560549e-15,5.06168440495003e-11,288,0
27825,wave,apv,wave,w*dz(v),6.10916783374612e-11,24,1,5,0,2.3243205039737e-15,5.07514030800849e-11,288,0
27825,wave,apv,wave,u*dx(w),0,1,1,-1,0,0,0,0,288
27825,wave,apv,wave,v*dy(w),0,1,1,-1,0,0,0,0,288
27825,wave,apv,wave,w*dz(w),0,1,1,-1,0,0,0,0,288
27825,wave,apv,wave,u*dx(eta),6.1280033576099e-12,24,1,5,0,1.2269746063183e-15,5.05637753889232e-11,288,0
27825,wave,apv,wave,v*dy(eta),6.12799778737628e-12,24,1,5,0,1.09358586391294e-15,5.05782082882433e-11,288,0
27825,wave,apv,wave,w*dz(eta),5.97677303898543e-12,24,1,5,0,1.11944468721061e-15,1.54159351950511e-10,288,0
27825,wave,apv,wave,w*eta*dlogN2,1.43294878432554e-11,24,1,5,0,1.30493789724922e-15,5.10989028867925e-11,288,0
27825,apv,wave,wave,u*dx(u),5.86871642537314e-11,5,0,24,1,2.32699740084639e-15,3.81698637082243e-11,288,0
27825,apv,wave,wave,v*dy(u),5.86872129170156e-11,5,0,24,1,2.15266335947041e-15,3.81689866225246e-11,288,0
27825,apv,wave,wave,w*dz(u),0,-1,0,1,1,0,0,0,288
27825,apv,wave,wave,u*dx(v),5.84043611685856e-11,5,0,24,1,2.07380674541648e-15,3.73883146664866e-11,288,0
27825,apv,wave,wave,v*dy(v),5.8404397270279e-11,5,0,24,1,2.17834097921529e-15,3.73883146664866e-11,288,0
27825,apv,wave,wave,w*dz(v),0,-1,0,1,1,0,0,0,288
27825,apv,wave,wave,u*dx(w),1.03746846784341e-13,5,0,24,1,6.66133814775094e-16,3.80242504149919e-11,288,0
27825,apv,wave,wave,v*dy(w),1.03747034800555e-13,5,0,24,1,5.55111512312578e-16,3.8024028370387e-11,288,0
27825,apv,wave,wave,w*dz(w),0,-1,0,1,1,0,0,0,288
27825,apv,wave,wave,u*dx(eta),5.97595717221361e-12,5,0,24,1,1.30409618895506e-15,1.94309013323846e-11,288,0
27825,apv,wave,wave,v*dy(eta),5.97596275697838e-12,5,0,24,1,9.55548788746516e-16,1.94306792877796e-11,288,0
27825,apv,wave,wave,w*dz(eta),0,-1,0,1,1,0,0,0,288
27825,apv,wave,wave,w*eta*dlogN2,0,-1,0,1,1,0,0,0,288
27825,wave,boundary,wave,u*dx(u),7.98482790402105e-14,24,1,2,0,2.02247528251012e-15,5.10727016234114e-11,96,0
27825,wave,boundary,wave,v*dy(u),8.09817549796815e-14,24,1,2,0,2.05445805755749e-15,5.10871345227315e-11,96,0
27825,wave,boundary,wave,w*dz(u),4.45554392577625e-14,24,1,2,0,1.83351417008942e-15,5.10251840779574e-11,96,0
27825,wave,boundary,wave,u*dx(v),8.0593235600946e-14,24,1,2,0,1.90556159376584e-15,5.10727016234114e-11,96,0
27825,wave,boundary,wave,v*dy(v),8.00806431800714e-14,24,1,2,0,2.04556397755591e-15,5.10871345227315e-11,96,0
27825,wave,boundary,wave,w*dz(v),4.42340545191875e-14,24,1,2,0,2.17508434466312e-15,5.10254061225623e-11,96,0
27825,wave,boundary,wave,u*dx(w),0,1,1,1,0,0,0,0,96
27825,wave,boundary,wave,v*dy(w),0,1,1,1,0,0,0,0,96
27825,wave,boundary,wave,w*dz(w),0,1,1,1,0,0,0,0,96
27825,wave,boundary,wave,u*dx(eta),4.37153741012765e-15,24,1,2,0,6.63879621579718e-16,5.11013453774467e-11,96,0
27825,wave,boundary,wave,v*dy(eta),4.37033633976884e-15,24,1,2,0,6.81628944136017e-16,5.11155562321619e-11,96,0
27825,wave,boundary,wave,w*dz(eta),8.03920323987458e-15,24,1,2,0,7.56158061104125e-16,5.09816633353921e-11,96,0
27825,wave,boundary,wave,w*eta*dlogN2,6.9744048547883e-15,24,1,1,0,8.56906601610893e-16,5.10749220694606e-11,96,0
27825,boundary,wave,wave,u*dx(u),6.06585200561819e-14,1,0,24,1,1.92468036046888e-15,3.80531162136322e-11,96,0
27825,boundary,wave,wave,v*dy(u),6.10515647602239e-14,1,0,24,1,2.0819392624027e-15,3.80528941690272e-11,96,0
27825,boundary,wave,wave,w*dz(u),0,1,0,1,1,0,0,0,96
27825,boundary,wave,wave,u*dx(v),6.08177922643703e-14,1,0,24,1,2.28725688035365e-15,3.80513398567928e-11,96,0
27825,boundary,wave,wave,v*dy(v),6.0336609210225e-14,1,0,24,1,2.08650396808684e-15,3.80513398567928e-11,96,0
27825,boundary,wave,wave,w*dz(v),0,1,0,1,1,0,0,0,96
27825,boundary,wave,wave,u*dx(w),1.35260783550682e-16,1,0,24,1,7.7715611723761e-16,3.91728871562691e-11,96,0
27825,boundary,wave,wave,v*dy(w),1.35232190280159e-16,1,0,24,1,6.66133814775094e-16,3.91728871562691e-11,96,0
27825,boundary,wave,wave,w*dz(w),0,1,0,1,1,0,0,0,96
27825,boundary,wave,wave,u*dx(eta),6.23171926550525e-15,1,0,24,1,9.92812815306815e-16,2.12485584683009e-11,96,0
27825,boundary,wave,wave,v*dy(eta),6.27145099279888e-15,1,0,24,1,9.83378975477056e-16,2.12485584683009e-11,96,0
27825,boundary,wave,wave,w*dz(eta),0,1,0,1,1,0,0,0,96
27825,boundary,wave,wave,w*eta*dlogN2,0,1,0,1,1,0,0,0,96
27825,apv,boundary,wave,u*dx(u),4.29016609638129e-15,5,0,1,0,1.34817562871878e-15,2.08567332250281e-11,12,0
27825,apv,boundary,wave,v*dy(u),4.27420627037024e-15,5,0,1,0,1.91620915522338e-15,2.0857185798385e-11,12,0
27825,apv,boundary,wave,w*dz(u),0,-1,0,1,0,0,0,0,12
27825,apv,boundary,wave,u*dx(v),2.78922269484152e-15,4,0,1,0,1.29581769338835e-15,2.00375271930398e-11,12,0
27825,apv,boundary,wave,v*dy(v),2.8620317430357e-15,4,0,1,0,1.09197838435658e-15,2.00377492376447e-11,12,0
27825,apv,boundary,wave,w*dz(v),0,-1,0,1,0,0,0,0,12
27825,apv,boundary,wave,u*dx(w),0,-1,0,1,0,0,0,0,12
27825,apv,boundary,wave,v*dy(w),0,-1,0,1,0,0,0,0,12
27825,apv,boundary,wave,w*dz(w),0,-1,0,1,0,0,0,0,12
27825,apv,boundary,wave,u*dx(eta),4.56542262475862e-16,5,0,1,0,5.54186940825626e-16,2.14801509912377e-11,12,0
27825,apv,boundary,wave,v*dy(eta),6.454822744031e-16,-1,0,2,0,5.65821502194876e-16,2.14803730358426e-11,12,0
27825,apv,boundary,wave,w*dz(eta),0,-1,0,1,0,0,0,0,12
27825,apv,boundary,wave,w*eta*dlogN2,0,-1,0,1,0,0,0,0,12
27825,boundary,apv,wave,u*dx(u),4.49804480335068e-15,1,0,4,0,1.31763635571957e-15,1.93040276650171e-11,12,0
27825,boundary,apv,wave,v*dy(u),4.54016373036673e-15,1,0,4,0,1.77224017267256e-15,1.93031011600557e-11,12,0
27825,boundary,apv,wave,w*dz(u),0,1,0,-1,0,0,0,0,12
27825,boundary,apv,wave,u*dx(v),3.64863546951227e-15,1,0,4,0,1.26881654188141e-15,1.77418080227199e-11,12,0
27825,boundary,apv,wave,v*dy(v),3.65069427450384e-15,1,0,4,0,1.76664486793233e-15,1.77418080227199e-11,12,0
27825,boundary,apv,wave,w*dz(v),0,1,0,-1,0,0,0,0,12
27825,boundary,apv,wave,u*dx(w),0,1,0,-1,0,0,0,0,12
27825,boundary,apv,wave,v*dy(w),0,1,0,-1,0,0,0,0,12
27825,boundary,apv,wave,w*dz(w),0,1,0,-1,0,0,0,0,12
27825,boundary,apv,wave,u*dx(eta),1.05383332341185e-15,2,0,1,0,7.49494069922845e-16,3.20879573877212e-11,12,0
27825,boundary,apv,wave,v*dy(eta),1.21004621639931e-15,2,0,2,0,1.13973074336435e-15,3.20891783512414e-11,12,0
27825,boundary,apv,wave,w*dz(eta),0,1,0,-1,0,0,0,0,12
27825,boundary,apv,wave,w*eta*dlogN2,0,1,0,-1,0,0,0,0,12
27825,boundary,boundary,wave,u*dx(u),3.85368671566326e-15,1,0,1,0,1.2119217794723e-15,2.85239191909333e-11,4,0
27825,boundary,boundary,wave,v*dy(u),3.79228664453807e-15,2,0,1,0,1.29525855600556e-15,2.85236529017116e-11,4,0
27825,boundary,boundary,wave,w*dz(u),0,1,0,1,0,0,0,0,4
27825,boundary,boundary,wave,u*dx(v),2.92903308009584e-15,2,0,1,0,1.07923887778912e-15,2.66918709357356e-11,4,0
27825,boundary,boundary,wave,v*dy(v),2.95983613832097e-15,2,0,1,0,1.13324185600532e-15,2.6691981958038e-11,4,0
27825,boundary,boundary,wave,w*dz(v),0,1,0,1,0,0,0,0,4
27825,boundary,boundary,wave,u*dx(w),0,1,0,1,0,0,0,0,4
27825,boundary,boundary,wave,v*dy(w),0,1,0,1,0,0,0,0,4
27825,boundary,boundary,wave,w*dz(w),0,1,0,1,0,0,0,0,4
27825,boundary,boundary,wave,u*dx(eta),6.48314841821844e-16,1,0,2,0,7.92094423409315e-16,2.28028707027761e-11,4,0
27825,boundary,boundary,wave,v*dy(eta),6.02828182055538e-16,1,0,2,0,6.17102467211048e-16,2.28029817250786e-11,4,0
27825,boundary,boundary,wave,w*dz(eta),0,1,0,1,0,0,0,0,4
27825,boundary,boundary,wave,w*eta*dlogN2,0,1,0,1,0,0,0,0,4
29163,wave,wave,wave,u*dx(u),7.857661137834e-07,24,1,23,1,3.54572135387713e-15,6.50376419386589e-11,2304,0
29163,wave,wave,wave,v*dy(u),7.8576611380657e-07,24,1,23,1,3.69727524828703e-15,6.50489662135101e-11,2304,0
29163,wave,wave,wave,w*dz(u),7.8603366668044e-07,24,1,23,1,1.02899126213225e-14,1.07339043209611e-06,2304,0
29163,wave,wave,wave,u*dx(v),7.83408931536292e-07,24,1,23,1,3.54322905054456e-15,6.50373088717515e-11,2304,0
29163,wave,wave,wave,v*dy(v),7.83408931537045e-07,24,1,23,1,3.54053316415149e-15,6.50483000796953e-11,2304,0
29163,wave,wave,wave,w*dz(v),7.83675288786705e-07,24,1,23,1,9.46291903044383e-15,1.03217206524309e-06,2304,0
29163,wave,wave,wave,u*dx(w),1.57955548909555e-09,24,1,24,1,9.99200722162641e-16,6.46408482296579e-11,2304,0
29163,wave,wave,wave,v*dy(w),1.57955548918034e-09,24,1,24,1,9.99200722162641e-16,6.46519504599041e-11,2304,0
29163,wave,wave,wave,w*dz(w),1.57955592040796e-09,24,1,24,1,1.22124532708767e-15,6.56177334690256e-11,2304,0
29163,wave,wave,wave,u*dx(eta),1.06954667727981e-07,24,1,24,1,1.78736289468672e-15,4.37047065204865e-11,2304,0
29163,wave,wave,wave,v*dy(eta),1.0695466772448e-07,24,1,24,1,1.39319307155403e-15,4.37159197730352e-11,2304,0
29163,wave,wave,wave,w*dz(eta),1.0695468412398e-07,24,1,24,1,1.48201247656941e-15,4.47726300478735e-11,2304,0
29163,wave,wave,wave,w*eta*dlogN2,6.45759346819566e-08,24,1,23,1,1.50346402316661e-15,4.39128733376037e-11,2304,0
29163,wave,apv,wave,u*dx(u),5.86694709058017e-11,24,1,5,0,2.31667688066389e-15,2.3214612332333e-11,288,0
29163,wave,apv,wave,v*dy(u),5.86694645940272e-11,24,1,5,0,2.44363660993411e-15,2.3222917118036e-11,288,0
29163,wave,apv,wave,w*dz(u),6.13691612586324e-11,24,1,5,0,2.38691313777599e-15,3.64722696488684e-11,288,0
29163,wave,apv,wave,u*dx(v),5.85453648209921e-11,24,1,5,0,2.130820052955e-15,2.31630270519645e-11,288,0
29163,wave,apv,wave,v*dy(v),5.85454628781152e-11,24,1,5,0,2.23916390296888e-15,2.31740182599083e-11,288,0
29163,wave,apv,wave,w*dz(v),6.12400878062403e-11,24,1,5,0,2.39187165874282e-15,3.64722696488684e-11,288,0
29163,wave,apv,wave,u*dx(w),0,1,1,-1,0,0,0,0,288
29163,wave,apv,wave,v*dy(w),0,1,1,-1,0,0,0,0,288
29163,wave,apv,wave,w*dz(w),0,1,1,-1,0,0,0,0,288
29163,wave,apv,wave,u*dx(eta),4.67689141276792e-12,24,1,5,0,9.65176845885613e-16,4.14051015695804e-11,288,0
29163,wave,apv,wave,v*dy(eta),4.67688940099835e-12,24,1,5,0,9.62966901636307e-16,4.14162037998267e-11,288,0
29163,wave,apv,wave,w*dz(eta),4.56150752871863e-12,24,1,5,0,1.0130537826754e-15,2.28141283642458e-10,288,0
29163,wave,apv,wave,w*eta*dlogN2,1.09346599023751e-11,24,1,5,0,1.07044759329576e-15,3.73389097418908e-11,288,0
29163,apv,wave,wave,u*dx(u),5.86705729931368e-11,5,0,24,1,2.34473186855037e-15,4.24826840372816e-11,288,0
29163,apv,wave,wave,v*dy(u),5.86704532338617e-11,5,0,24,1,2.20514305580341e-15,4.24829060818865e-11,288,0
29163,apv,wave,wave,w*dz(u),0,-1,0,1,1,0,0,0,288
29163,apv,wave,wave,u*dx(v),5.8546415405453e-11,5,0,24,1,2.19709453272859e-15,4.24821289257693e-11,288,0
29163,apv,wave,wave,v*dy(v),5.8546327900275e-11,5,0,24,1,2.19052541963849e-15,4.24820179034668e-11,288,0
29163,apv,wave,wave,w*dz(v),0,-1,0,1,1,0,0,0,288
29163,apv,wave,wave,u*dx(w),7.90106284642241e-14,5,0,24,1,6.66133814775094e-16,4.64709382086426e-11,288,0
29163,apv,wave,wave,v*dy(w),7.90104820065155e-14,5,0,24,1,5.55111512312578e-16,4.6471049230945e-11,288,0
29163,apv,wave,wave,w*dz(w),0,-1,0,1,1,0,0,0,288
29163,apv,wave,wave,u*dx(eta),4.56085127078214e-12,5,0,24,1,8.77760474322893e-16,2.61921595523518e-11,288,0
29163,apv,wave,wave,v*dy(eta),4.56085541201023e-12,5,0,24,1,1.31343632116896e-15,2.61922705746542e-11,288,0
29163,apv,wave,wave,w*dz(eta),0,-1,0,1,1,0,0,0,288
29163,apv,wave,wave,w*eta*dlogN2,0,-1,0,1,1,0,0,0,288
29163,wave,boundary,wave,u*dx(u),2.28608503971217e-14,24,1,2,0,2.07849613704422e-15,2.51925147409793e-11,96,0
29163,wave,boundary,wave,v*dy(u),2.18563738964066e-14,24,1,2,0,1.89408284302144e-15,2.52036169712255e-11,96,0
29163,wave,boundary,wave,w*dz(u),2.95474448395428e-14,24,1,2,0,1.7344819553116e-15,2.34152697231593e-11,96,0
29163,wave,boundary,wave,u*dx(v),2.20739587137673e-14,24,1,2,0,1.94117226581423e-15,2.51925147409793e-11,96,0
29163,wave,boundary,wave,v*dy(v),2.13377525924007e-14,24,1,2,0,1.84489981639449e-15,2.52035059489231e-11,96,0
29163,wave,boundary,wave,w*dz(v),2.94056237573665e-14,24,1,2,0,1.50252484255595e-15,2.34151587008569e-11,96,0
29163,wave,boundary,wave,u*dx(w),0,1,1,1,0,0,0,0,96
29163,wave,boundary,wave,v*dy(w),0,1,1,1,0,0,0,0,96
29163,wave,boundary,wave,w*dz(w),0,1,1,1,0,0,0,0,96
29163,wave,boundary,wave,u*dx(eta),2.19168078884554e-15,24,1,2,0,5.55111512312578e-16,2.34803287924024e-11,96,0
29163,wave,boundary,wave,v*dy(eta),2.18695877551859e-15,24,1,2,0,5.59514798679398e-16,2.34916530672535e-11,96,0
29163,wave,boundary,wave,w*dz(eta),2.00367496448224e-15,24,1,2,0,7.96097155352104e-16,2.34529062836941e-11,96,0
29163,wave,boundary,wave,w*eta*dlogN2,1.50920060996085e-15,24,1,1,0,6.66133814775094e-16,2.34510189045523e-11,96,0
29163,boundary,wave,wave,u*dx(u),4.22200209218633e-14,2,0,24,1,1.87072595098486e-15,4.52393678074259e-11,96,0
29163,boundary,wave,wave,v*dy(u),4.19022801317028e-14,2,0,24,1,1.59881648600675e-15,4.52393678074259e-11,96,0
29163,boundary,wave,wave,w*dz(u),0,1,0,1,1,0,0,0,96
29163,boundary,wave,wave,u*dx(v),4.26302808081083e-14,2,0,24,1,1.9604310947704e-15,4.52388126959136e-11,96,0
29163,boundary,wave,wave,v*dy(v),4.17610210693746e-14,2,0,24,1,1.70254505502974e-15,4.52387016736111e-11,96,0
29163,boundary,wave,wave,w*dz(v),0,1,0,1,1,0,0,0,96
29163,boundary,wave,wave,u*dx(w),5.43471559829661e-17,1,0,18,1,4.44089209850063e-16,4.31448210491681e-11,96,0
29163,boundary,wave,wave,v*dy(w),5.76536391068444e-17,1,0,18,1,6.66133814775094e-16,4.31448210491681e-11,96,0
29163,boundary,wave,wave,w*dz(w),0,1,0,1,1,0,0,0,96
29163,boundary,wave,wave,u*dx(eta),3.37317897720052e-15,2,0,24,1,6.99832195574975e-16,2.20792273353254e-11,96,0
29163,boundary,wave,wave,v*dy(eta),3.27472412262404e-15,2,0,24,1,9.75025263474904e-16,2.2079116313023e-11,96,0
29163,boundary,wave,wave,w*dz(eta),0,1,0,1,1,0,0,0,96
29163,boundary,wave,wave,w*eta*dlogN2,0,1,0,1,1,0,0,0,96
29163,apv,boundary,wave,u*dx(u),4.41314107915071e-15,5,0,1,0,1.37002160127334e-15,2.78923421273875e-11,12,0
29163,apv,boundary,wave,v*dy(u),4.62303745685808e-15,5,0,1,0,1.56000042279025e-15,2.78928258568953e-11,12,0
29163,apv,boundary,wave,w*dz(u),0,-1,0,1,0,0,0,0,12
29163,apv,boundary,wave,u*dx(v),3.08252228718123e-15,5,0,1,0,1.20535141847862e-15,2.75237610480872e-11,12,0
29163,apv,boundary,wave,v*dy(v),3.14129957870122e-15,5,0,1,0,1.41734811192164e-15,2.75237610480872e-11,12,0
29163,apv,boundary,wave,w*dz(v),0,-1,0,1,0,0,0,0,12
29163,apv,boundary,wave,u*dx(w),0,-1,0,1,0,0,0,0,12
29163,apv,boundary,wave,v*dy(w),0,-1,0,1,0,0,0,0,12
29163,apv,boundary,wave,w*dz(w),0,-1,0,1,0,0,0,0,12
29163,apv,boundary,wave,u*dx(eta),4.61026816299357e-16,-1,0,2,0,4.75725720065759e-16,2.28181917805159e-11,12,0
29163,apv,boundary,wave,v*dy(eta),4.38881786069919e-16,-1,0,2,0,3.91104292864489e-16,2.28186358697258e-11,12,0
29163,apv,boundary,wave,w*dz(eta),0,-1,0,1,0,0,0,0,12
29163,apv,boundary,wave,w*eta*dlogN2,0,-1,0,1,0,0,0,0,12
29163,boundary,apv,wave,u*dx(u),4.31085805985881e-15,1,0,5,0,1.62078088493313e-15,2.34172681246037e-11,12,0
29163,boundary,apv,wave,v*dy(u),4.29364518757116e-15,1,0,5,0,1.32528272513809e-15,2.34174901692086e-11,12,0
29163,boundary,apv,wave,w*dz(u),0,1,0,-1,0,0,0,0,12
29163,boundary,apv,wave,u*dx(v),3.12300356451403e-15,1,0,5,0,1.52664602934686e-15,2.34172681246037e-11,12,0
29163,boundary,apv,wave,v*dy(v),3.02881441179922e-15,1,0,4,0,1.60505285095129e-15,2.34172681246037e-11,12,0
29163,boundary,apv,wave,w*dz(v),0,1,0,-1,0,0,0,0,12
29163,boundary,apv,wave,u*dx(w),0,1,0,-1,0,0,0,0,12
29163,boundary,apv,wave,v*dy(w),0,1,0,-1,0,0,0,0,12
29163,boundary,apv,wave,w*dz(w),0,1,0,-1,0,0,0,0,12
29163,boundary,apv,wave,u*dx(eta),9.81816370016048e-16,2,0,2,0,8.2921918909802e-16,1.83290971380931e-11,12,0
29163,boundary,apv,wave,v*dy(eta),5.38965791409425e-16,2,0,-1,0,6.20812480985105e-16,1.8329004586802e-11,12,0
29163,boundary,apv,wave,w*dz(eta),0,1,0,-1,0,0,0,0,12
29163,boundary,apv,wave,w*eta*dlogN2,0,1,0,-1,0,0,0,0,12
29163,boundary,boundary,wave,u*dx(u),2.0687584436259e-14,1,0,2,0,1.06078035625362e-14,2.30982440484212e-09,4,0
29163,boundary,boundary,wave,v*dy(u),2.05772969277439e-14,1,0,2,0,1.06162028551563e-14,2.30982492289874e-09,4,0
29163,boundary,boundary,wave,w*dz(u),0,1,0,1,0,0,0,0,4
29163,boundary,boundary,wave,u*dx(v),2.03549881365992e-14,1,0,2,0,1.05091958125704e-14,1.68946440705746e-09,4,0
29163,boundary,boundary,wave,v*dy(v),2.03574425280834e-14,1,0,2,0,1.05054233013284e-14,1.68946439193504e-09,4,0
29163,boundary,boundary,wave,w*dz(v),0,1,0,1,0,0,0,0,4
29163,boundary,boundary,wave,u*dx(w),0,1,0,1,0,0,0,0,4
29163,boundary,boundary,wave,v*dy(w),0,1,0,1,0,0,0,0,4
29163,boundary,boundary,wave,w*dz(w),0,1,0,1,0,0,0,0,4
29163,boundary,boundary,wave,u*dx(eta),2.62729133375956e-15,2,0,1,0,1.39817998274899e-15,6.84274303885957e-10,4,0
29163,boundary,boundary,wave,v*dy(eta),2.838970001703e-15,2,0,1,0,1.5325011224382e-15,6.84274192863654e-10,4,0
29163,boundary,boundary,wave,w*dz(eta),0,1,0,1,0,0,0,0,4
29163,boundary,boundary,wave,w*eta*dlogN2,0,1,0,1,0,0,0,0,4
29972,wave,wave,wave,u*dx(u),7.83418498757029e-07,23,-1,24,1,3.63119839411943e-15,1.04744657392075e-10,2304,0
29972,wave,wave,wave,v*dy(u),7.83418498762886e-07,23,-1,24,1,3.54191845338731e-15,1.04797281963442e-10,2304,0
29972,wave,wave,wave,w*dz(u),7.83684803834641e-07,24,1,23,1,4.66275139376357e-14,6.75477212010192e-06,2304,0
29972,wave,wave,wave,u*dx(v),7.84425905435888e-07,23,-1,24,1,3.63093630589322e-15,1.04732889028014e-10,2304,0
29972,wave,wave,wave,v*dy(v),7.84425905441419e-07,23,1,24,1,3.5770713154574e-15,1.04785513599381e-10,2304,0
29972,wave,wave,wave,w*dz(v),7.84692720474735e-07,24,1,23,1,4.68684300934693e-14,6.85154162177735e-06,2304,0
29972,wave,wave,wave,u*dx(w),1.8781382175088e-09,24,1,24,1,1.11022302462516e-15,1.0467182676166e-10,2304,0
29972,wave,wave,wave,v*dy(w),1.87813821751335e-09,24,1,24,1,1.22124532708767e-15,1.04724451333027e-10,2304,0
29972,wave,wave,wave,w*dz(w),1.8781372825246e-09,24,1,24,1,1.11022302462516e-15,1.05011999096405e-10,2304,0
29972,wave,wave,wave,u*dx(eta),1.26911908399133e-07,24,1,24,1,1.34794423990774e-15,6.52624621011455e-11,2304,0
29972,wave,wave,wave,v*dy(eta),1.26911908396892e-07,24,1,24,1,1.35859446512589e-15,6.53150866725127e-11,2304,0
29972,wave,wave,wave,w*dz(eta),1.26911872933656e-07,24,1,24,1,1.62860963119607e-15,6.55873133581508e-11,2304,0
29972,wave,wave,wave,w*eta*dlogN2,7.66369620429343e-08,23,1,24,1,1.54233527914792e-15,6.53188614307965e-11,2304,0
29972,wave,apv,wave,u*dx(u),5.8546346273887e-11,24,1,5,0,2.14326330326617e-15,2.5889512755839e-11,288,0
29972,wave,apv,wave,v*dy(u),5.85463091564313e-11,24,1,5,0,2.17015968203812e-15,2.59423593718111e-11,288,0
29972,wave,apv,wave,w*dz(u),6.12411357912978e-11,24,1,5,0,2.24637368898606e-15,2.59228194465777e-11,288,0
29972,wave,apv,wave,u*dx(v),5.85993949786737e-11,24,1,5,0,2.17860712706148e-15,2.58897348004439e-11,288,0
29972,wave,apv,wave,v*dy(v),5.85994311774389e-11,24,1,5,0,2.3084065439656e-15,2.59423593718111e-11,288,0
29972,wave,apv,wave,w*dz(v),6.12962598159676e-11,24,1,5,0,2.23437240338903e-15,2.59225974019728e-11,288,0
29972,wave,apv,wave,u*dx(w),0,1,1,-1,0,0,0,0,288
29972,wave,apv,wave,v*dy(w),0,1,1,-1,0,0,0,0,288
29972,wave,apv,wave,w*dz(w),0,1,1,-1,0,0,0,0,288
29972,wave,apv,wave,u*dx(eta),5.5543444789289e-12,24,1,5,0,1.17925963914911e-15,2.58966181831966e-11,288,0
29972,wave,apv,wave,v*dy(eta),5.55434623094504e-12,24,1,5,0,1.07969000354276e-15,2.59492427545638e-11,288,0
29972,wave,apv,wave,w*dz(eta),5.41728318726144e-12,24,1,5,0,1.31056651134709e-15,1.79152359613965e-10,288,0
29972,wave,apv,wave,w*eta*dlogN2,1.29870017182572e-11,24,1,5,0,1.17968789889915e-15,2.7593450713427e-11,288,0
29972,apv,wave,wave,u*dx(u),5.85449026350056e-11,5,0,24,1,2.29786307543487e-15,7.90196796884857e-11,288,0
29972,apv,wave,wave,v*dy(u),5.85449019380458e-11,5,0,24,1,2.23600269715472e-15,7.90196796884857e-11,288,0
29972,apv,wave,wave,w*dz(u),0,-1,0,1,1,0,0,0,288
29972,apv,wave,wave,u*dx(v),5.85980581883955e-11,5,0,24,1,2.21824409271041e-15,7.90076892798197e-11,288,0
29972,apv,wave,wave,v*dy(v),5.8597967909679e-11,5,0,24,1,2.34635415697349e-15,7.90081333690296e-11,288,0
29972,apv,wave,wave,w*dz(v),0,-1,0,1,1,0,0,0,288
29972,apv,wave,wave,u*dx(w),9.39477674013799e-14,5,0,24,1,5.55111512312578e-16,7.95454813129481e-11,288,0
29972,apv,wave,wave,v*dy(w),9.39478191897888e-14,5,0,24,1,5.55111512312578e-16,7.95452592683432e-11,288,0
29972,apv,wave,wave,w*dz(w),0,-1,0,1,1,0,0,0,288
29972,apv,wave,wave,u*dx(eta),5.4162877157726e-12,5,0,24,1,1.34511512063926e-15,4.01816357964435e-11,288,0
29972,apv,wave,wave,v*dy(eta),5.4162707311289e-12,5,0,24,1,8.89429126685843e-16,4.01814137518386e-11,288,0
29972,apv,wave,wave,w*dz(eta),0,-1,0,1,1,0,0,0,288
29972,apv,wave,wave,w*eta*dlogN2,0,-1,0,1,1,0,0,0,288
29972,wave,boundary,wave,u*dx(u),8.57292887041959e-14,24,1,2,0,2.17832813833747e-15,2.49451570510928e-11,96,0
29972,wave,boundary,wave,v*dy(u),8.5342912974303e-14,24,1,2,0,2.43845600473794e-15,2.49982257116699e-11,96,0
29972,wave,boundary,wave,w*dz(u),7.66253451156584e-14,24,1,2,0,1.68721921808519e-15,2.59199328667137e-11,96,0
29972,wave,boundary,wave,u*dx(v),8.47380085294832e-14,24,1,2,0,2.2579850245269e-15,2.49449350064879e-11,96,0
29972,wave,boundary,wave,v*dy(v),8.53921534774576e-14,24,1,2,0,1.85196862303529e-15,2.499778162246e-11,96,0
29972,wave,boundary,wave,w*dz(v),7.68226787295714e-14,24,1,2,0,1.68944911807596e-15,2.59199328667137e-11,96,0
29972,wave,boundary,wave,u*dx(w),0,1,1,1,0,0,0,0,96
29972,wave,boundary,wave,v*dy(w),0,1,1,1,0,0,0,0,96
29972,wave,boundary,wave,w*dz(w),0,1,1,1,0,0,0,0,96
29972,wave,boundary,wave,u*dx(eta),6.79519861985867e-15,24,1,2,0,5.65049503643199e-16,2.58688626075809e-11,96,0
29972,wave,boundary,wave,v*dy(eta),6.78713130902895e-15,24,1,2,0,9.3538597584998e-16,2.59217092235531e-11,96,0
29972,wave,boundary,wave,w*dz(eta),7.62015543912635e-15,24,1,2,0,9.15628474457461e-16,2.59083865472576e-11,96,0
29972,wave,boundary,wave,w*eta*dlogN2,6.65870866614975e-15,24,1,1,0,8.61558917890954e-16,2.59197108221088e-11,96,0
29972,boundary,wave,wave,u*dx(u),4.58858034641341e-14,2,0,24,1,1.74359916444987e-15,8.07875988328988e-11,96,0
29972,boundary,wave,wave,v*dy(u),4.63359147994155e-14,2,0,24,1,1.84320854663322e-15,8.07873767882938e-11,96,0
29972,boundary,wave,wave,w*dz(u),0,1,0,1,1,0,0,0,96
29972,boundary,wave,wave,u*dx(v),4.60005062855259e-14,2,0,24,1,1.76492000952282e-15,8.07756084242328e-11,96,0
29972,boundary,wave,wave,v*dy(v),4.56612186535052e-14,2,0,24,1,1.76310737718104e-15,8.07758304688377e-11,96,0
29972,boundary,wave,wave,w*dz(v),0,1,0,1,1,0,0,0,96
29972,boundary,wave,wave,u*dx(w),6.99215339764579e-17,1,0,18,1,6.66133814775094e-16,8.07878208775037e-11,96,0
29972,boundary,wave,wave,v*dy(w),6.627054586687e-17,1,0,17,1,4.44089209850063e-16,8.07878208775037e-11,96,0
29972,boundary,wave,wave,w*dz(w),0,1,0,1,1,0,0,0,96
29972,boundary,wave,wave,u*dx(eta),4.25331040251145e-15,2,0,24,1,1.19601515960911e-15,4.12354594914177e-11,96,0
29972,boundary,wave,wave,v*dy(eta),4.18346671309453e-15,2,0,24,1,1.12019129912111e-15,4.12352374468128e-11,96,0
29972,boundary,wave,wave,w*dz(eta),0,1,0,1,1,0,0,0,96
29972,boundary,wave,wave,w*eta*dlogN2,0,1,0,1,1,0,0,0,96
29972,apv,boundary,wave,u*dx(u),3.53966770070721e-15,4,0,1,0,1.42640813344096e-15,1.99187333294049e-11,12,0
29972,apv,boundary,wave,v*dy(u),3.49437297864926e-15,4,0,1,0,1.28159389042189e-15,1.99185112847999e-11,12,0
29972,apv,boundary,wave,w*dz(u),0,-1,0,1,0,0,0,0,12
29972,apv,boundary,wave,u*dx(v),3.93432588985685e-15,4,0,1,0,1.37835878378115e-15,1.99187333294049e-11,12,0
29972,apv,boundary,wave,v*dy(v),3.83001642881535e-15,4,0,1,0,1.4440958850897e-15,1.99185112847999e-11,12,0
29972,apv,boundary,wave,w*dz(v),0,-1,0,1,0,0,0,0,12
29972,apv,boundary,wave,u*dx(w),0,-1,0,1,0,0,0,0,12
29972,apv,boundary,wave,v*dy(w),0,-1,0,1,0,0,0,0,12
29972,apv,boundary,wave,w*dz(w),0,-1,0,1,0,0,0,0,12
29972,apv,boundary,wave,u*dx(eta),6.47959809556202e-16,-1,0,2,0,5.93054573139111e-16,2.09319228616778e-11,12,0
29972,apv,boundary,wave,v*dy(eta),6.61033354148961e-16,1,0,2,0,5.10959815898001e-16,2.09319228616778e-11,12,0
29972,apv,boundary,wave,w*dz(eta),0,-1,0,1,0,0,0,0,12
29972,apv,boundary,wave,w*eta*dlogN2,0,-1,0,1,0,0,0,0,12
29972,boundary,apv,wave,u*dx(u),3.62027817412781e-15,1,0,5,0,1.3585828001648e-15,2.22155627227494e-11,12,0
29972,boundary,apv,wave,v*dy(u),3.55538329446463e-15,1,0,5,0,1.26202442766496e-15,2.22153406781445e-11,12,0
29972,boundary,apv,wave,w*dz(u),0,1,0,-1,0,0,0,0,12
29972,boundary,apv,wave,u*dx(v),3.96882097019433e-15,1,0,5,0,1.66503766200047e-15,2.22153406781445e-11,12,0
29972,boundary,apv,wave,v*dy(v),4.01755335455552e-15,1,0,5,0,1.70929752031894e-15,2.22155627227494e-11,12,0
29972,boundary,apv,wave,w*dz(v),0,1,0,-1,0,0,0,0,12
29972,boundary,apv,wave,u*dx(w),0,1,0,-1,0,0,0,0,12
29972,boundary,apv,wave,v*dy(w),0,1,0,-1,0,0,0,0,12
29972,boundary,apv,wave,w*dz(w),0,1,0,-1,0,0,0,0,12
29972,boundary,apv,wave,u*dx(eta),7.73064691282279e-16,2,0,5,0,8.98345568039831e-16,2.2311345840156e-11,12,0
29972,boundary,apv,wave,v*dy(eta),9.03704685560683e-16,2,0,1,0,5.48444018606492e-16,2.2311354154636e-11,12,0
29972,boundary,apv,wave,w*dz(eta),0,1,0,-1,0,0,0,0,12
29972,boundary,apv,wave,w*eta*dlogN2,0,1,0,-1,0,0,0,0,12
29972,boundary,boundary,wave,u*dx(u),4.42320793553248e-15,1,0,2,0,1.6540977201148e-15,2.14409712206987e-10,4,0
29972,boundary,boundary,wave,v*dy(u),4.33258301162715e-15,1,0,2,0,1.71998879227316e-15,2.14409712206987e-10,4,0
29972,boundary,boundary,wave,w*dz(u),0,1,0,1,0,0,0,0,4
29972,boundary,boundary,wave,u*dx(v),4.59521042818707e-15,1,0,2,0,1.63736297844911e-15,2.14409823229289e-10,4,0
29972,boundary,boundary,wave,v*dy(v),4.53191903874321e-15,1,0,2,0,1.6267241455112e-15,2.14409712206987e-10,4,0
29972,boundary,boundary,wave,w*dz(v),0,1,0,1,0,0,0,0,4
29972,boundary,boundary,wave,u*dx(w),0,1,0,1,0,0,0,0,4
29972,boundary,boundary,wave,v*dy(w),0,1,0,1,0,0,0,0,4
29972,boundary,boundary,wave,w*dz(w),0,1,0,1,0,0,0,0,4
29972,boundary,boundary,wave,u*dx(eta),8.69356617794508e-16,2,0,1,0,1.44837351020276e-15,1.4987609481953e-10,4,0
29972,boundary,boundary,wave,v*dy(eta),1.14767777892927e-15,2,0,1,0,9.45978917012222e-16,1.49875915368103e-10,4,0
29972,boundary,boundary,wave,w*dz(eta),0,1,0,1,0,0,0,0,4
29972,boundary,boundary,wave,w*eta*dlogN2,0,1,0,1,0,0,0,0,4
31882,wave,wave,wave,u*dx(u),7.85217622911773e-07,24,-1,23,1,3.59976284685136e-15,7.48046069531938e-11,2304,0
31882,wave,wave,wave,v*dy(u),7.8521762291379e-07,24,-1,23,1,3.80382680940087e-15,7.48043849085889e-11,2304,0
31882,wave,wave,wave,w*dz(u),7.85485021262409e-07,24,1,23,1,8.38164533499289e-15,9.3624448470647e-07,2304,0
31882,wave,wave,wave,u*dx(v),7.79106499118273e-07,24,-1,23,1,3.51521839429983e-15,7.47966133474165e-11,2304,0
31882,wave,wave,wave,v*dy(v),7.79106499135604e-07,24,1,23,1,3.47208616063947e-15,7.47966133474165e-11,2304,0
31882,wave,wave,wave,w*dz(v),7.7937081592107e-07,24,1,23,1,7.75542851239033e-15,8.76225304446714e-07,2304,0
31882,wave,wave,wave,u*dx(w),2.5060870421811e-09,24,1,24,1,9.99200722162641e-16,7.50013384731574e-11,2304,0
31882,wave,wave,wave,v*dy(w),2.50608704218864e-09,24,1,24,1,8.88178419700125e-16,7.50013384731574e-11,2304,0
31882,wave,wave,wave,w*dz(w),2.50609086296119e-09,24,1,24,1,8.88178419700125e-16,7.49000861333116e-11,2304,0
31882,wave,wave,wave,u*dx(eta),1.68429560441015e-07,24,1,24,1,1.8261564093776e-15,3.75834918742157e-11,2304,0
31882,wave,wave,wave,v*dy(eta),1.68429560437973e-07,24,1,24,1,1.64383857790213e-15,3.75830477850059e-11,2304,0
31882,wave,wave,wave,w*dz(eta),1.6842970450755e-07,24,1,24,1,1.88067297697845e-15,3.7339908942613e-11,2304,0
31882,wave,wave,wave,w*eta*dlogN2,1.01747563572666e-07,24,1,23,1,1.50668489165037e-15,3.75779407590926e-11,2304,0
31882,wave,apv,wave,u*dx(u),5.86394581895419e-11,24,1,5,0,2.34558943449134e-15,1.67260555699945e-11,288,0
31882,wave,apv,wave,v*dy(u),5.86394332562126e-11,24,1,5,0,2.29011539853877e-15,1.67263534025117e-11,288,0
31882,wave,apv,wave,w*dz(u),6.13378150879028e-11,24,1,5,0,2.42430164902441e-15,2.81551448821915e-11,288,0
31882,wave,apv,wave,u*dx(v),5.83164970123308e-11,24,1,5,0,2.26820126923556e-15,1.48493439766639e-11,288,0
31882,wave,apv,wave,v*dy(v),5.83164587832518e-11,24,-1,5,0,2.24036627497106e-15,1.48493439766639e-11,288,0
31882,wave,apv,wave,w*dz(v),6.10020157057583e-11,24,1,5,0,2.17628111253246e-15,2.8155033859889e-11,288,0
31882,wave,apv,wave,u*dx(w),0,1,1,-1,0,0,0,0,288
31882,wave,apv,wave,v*dy(w),0,1,1,-1,0,0,0,0,288
31882,wave,apv,wave,w*dz(w),0,1,1,-1,0,0,0,0,288
31882,wave,apv,wave,u*dx(eta),7.38762943769828e-12,24,1,5,0,1.19168216482396e-15,3.3434699453494e-11,288,0
31882,wave,apv,wave,v*dy(eta),7.38763267854626e-12,24,1,5,0,1.1502969893741e-15,3.34348104757964e-11,288,0
31882,wave,apv,wave,w*dz(eta),7.20524672158913e-12,24,1,5,0,1.44281203747489e-15,2.19564033621111e-10,288,0
31882,wave,apv,wave,w*eta*dlogN2,1.7277249997737e-11,24,1,5,0,1.39778239477147e-15,2.90069079866839e-11,288,0
31882,apv,wave,wave,u*dx(u),5.86444811548959e-11,5,0,24,1,2.5053252568924e-15,7.48416884022163e-11,288,0
31882,apv,wave,wave,v*dy(u),5.86445133311368e-11,5,0,24,1,2.33857540993688e-15,7.48419104468212e-11,288,0
31882,apv,wave,wave,w*dz(u),0,-1,0,1,1,0,0,0,288
31882,apv,wave,wave,u*dx(v),5.8321530875751e-11,5,0,24,1,2.18133252913389e-15,7.48341388856488e-11,288,0
31882,apv,wave,wave,v*dy(v),5.8321480781275e-11,5,0,24,1,2.12744575835979e-15,7.48341388856488e-11,288,0
31882,apv,wave,wave,w*dz(v),0,-1,0,1,1,0,0,0,288
31882,apv,wave,wave,u*dx(w),1.25352253085898e-13,5,0,24,1,7.7715611723761e-16,7.56745777152901e-11,288,0
31882,apv,wave,wave,v*dy(w),1.25352663393565e-13,5,0,24,1,5.55111512312578e-16,7.56745777152901e-11,288,0
31882,apv,wave,wave,w*dz(w),0,-1,0,1,1,0,0,0,288
31882,apv,wave,wave,u*dx(eta),7.20466883965557e-12,5,0,24,1,1.41003293907873e-15,3.82833764689394e-11,288,0
31882,apv,wave,wave,v*dy(eta),7.2046857477073e-12,5,0,24,1,9.90696966103596e-16,3.82835985135443e-11,288,0
31882,apv,wave,wave,w*dz(eta),0,-1,0,1,1,0,0,0,288
31882,apv,wave,wave,w*eta*dlogN2,0,-1,0,1,1,0,0,0,288
31882,wave,boundary,wave,u*dx(u),1.54613268686309e-14,1,1,1,0,1.7227846781462e-15,1.62289071070632e-11,96,0
31882,wave,boundary,wave,v*dy(u),1.53951595516146e-14,1,1,1,0,1.66977433328775e-15,1.62289071070632e-11,96,0
31882,wave,boundary,wave,w*dz(u),2.16365039249947e-14,24,1,2,0,1.63120806741173e-15,1.47647449821875e-11,96,0
31882,wave,boundary,wave,u*dx(v),1.41462214058004e-14,1,1,1,0,1.61683777893741e-15,1.62287960847607e-11,96,0
31882,wave,boundary,wave,v*dy(v),1.40284064620834e-14,1,1,1,0,1.7037556211282e-15,1.62289071070632e-11,96,0
31882,wave,boundary,wave,w*dz(v),2.15390887647935e-14,24,1,2,0,1.55193096817416e-15,1.47647449821875e-11,96,0
31882,wave,boundary,wave,u*dx(w),0,1,1,1,0,0,0,0,96
31882,wave,boundary,wave,v*dy(w),0,1,1,1,0,0,0,0,96
31882,wave,boundary,wave,w*dz(w),0,1,1,1,0,0,0,0,96
31882,wave,boundary,wave,u*dx(eta),2.52763072109602e-15,24,1,2,0,6.66133814775094e-16,1.49400491977758e-11,96,0
31882,wave,boundary,wave,v*dy(eta),2.52507067381235e-15,24,1,2,0,6.66133814775094e-16,1.49401602200783e-11,96,0
31882,wave,boundary,wave,w*dz(eta),2.15036216979694e-15,24,1,2,0,8.92296106390888e-16,1.47586387555521e-11,96,0
31882,wave,boundary,wave,w*eta*dlogN2,1.70480737290019e-15,22,1,2,0,8.51571610575593e-16,1.47639678260703e-11,96,0
31882,boundary,wave,wave,u*dx(u),3.3044124141018e-13,2,0,24,1,2.28451549278738e-15,7.47559791847152e-11,96,0
31882,boundary,wave,wave,v*dy(u),3.29704270059795e-13,2,0,24,1,2.31220769103856e-15,7.47564232739251e-11,96,0
31882,boundary,wave,wave,w*dz(u),0,1,0,1,1,0,0,0,96
31882,boundary,wave,wave,u*dx(v),3.28574260663225e-13,2,0,24,1,1.89691653785971e-15,7.47484296681478e-11,96,0
31882,boundary,wave,wave,v*dy(v),3.28608690546748e-13,2,0,24,1,2.08276159103668e-15,7.47482076235428e-11,96,0
31882,boundary,wave,wave,w*dz(v),0,1,0,1,1,0,0,0,96
31882,boundary,wave,wave,u*dx(w),4.27061939734943e-16,1,0,24,1,4.44089209850063e-16,7.47610862106285e-11,96,0
31882,boundary,wave,wave,v*dy(w),4.29522652832134e-16,1,0,24,1,5.55111512312578e-16,7.47610862106285e-11,96,0
31882,boundary,wave,wave,w*dz(w),0,1,0,1,1,0,0,0,96
31882,boundary,wave,wave,u*dx(eta),3.8870608686866e-14,2,0,24,1,1.279886948889e-15,3.73052699842447e-11,96,0
31882,boundary,wave,wave,v*dy(eta),3.90137709456765e-14,2,0,24,1,7.95010323674004e-16,3.73050479396397e-11,96,0
31882,boundary,wave,wave,w*dz(eta),0,1,0,1,1,0,0,0,96
31882,boundary,wave,wave,w*eta*dlogN2,0,1,0,1,1,0,0,0,96
31882,apv,boundary,wave,u*dx(u),4.18035622242834e-15,5,0,1,0,1.81557507284273e-15,2.10844231510605e-11,12,0
31882,apv,boundary,wave,v*dy(u),4.22240566532787e-15,5,0,1,0,1.46427167826312e-15,2.10848519074534e-11,12,0
31882,apv,boundary,wave,w*dz(u),0,-1,0,1,0,0,0,0,12
31882,apv,boundary,wave,u*dx(v),3.08968375764559e-15,5,0,1,0,1.21430341212196e-15,2.08104644627838e-11,12,0
31882,apv,boundary,wave,v*dy(v),2.96783240204373e-15,5,0,1,0,1.03457403817835e-15,2.08106865073887e-11,12,0
31882,apv,boundary,wave,w*dz(v),0,-1,0,1,0,0,0,0,12
31882,apv,boundary,wave,u*dx(w),0,-1,0,1,0,0,0,0,12
31882,apv,boundary,wave,v*dy(w),0,-1,0,1,0,0,0,0,12
31882,apv,boundary,wave,w*dz(w),0,-1,0,1,0,0,0,0,12
31882,apv,boundary,wave,u*dx(eta),6.13312193844246e-16,-1,0,2,0,6.9551446578588e-16,2.30095942299613e-11,12,0
31882,apv,boundary,wave,v*dy(eta),6.33670599362735e-16,-1,0,2,0,5.63758773119314e-16,2.30098162745662e-11,12,0
31882,apv,boundary,wave,w*dz(eta),0,-1,0,1,0,0,0,0,12
31882,apv,boundary,wave,w*eta*dlogN2,0,-1,0,1,0,0,0,0,12
31882,boundary,apv,wave,u*dx(u),4.54495819136328e-15,1,0,4,0,1.82589885498575e-15,1.13053500638023e-11,12,0
31882,boundary,apv,wave,v*dy(u),4.43293281767969e-15,1,0,4,0,1.72917248542e-15,1.13055699643529e-11,12,0
31882,boundary,apv,wave,w*dz(u),0,1,0,-1,0,0,0,0,12
31882,boundary,apv,wave,u*dx(v),4.06134706198621e-15,1,0,4,0,1.66364927960549e-15,5.69895643847575e-12,12,0
31882,boundary,apv,wave,v*dy(v),4.05308048193532e-15,1,0,4,0,1.77310688731044e-15,5.69893757091443e-12,12,0
31882,boundary,apv,wave,w*dz(v),0,1,0,-1,0,0,0,0,12
31882,boundary,apv,wave,u*dx(w),0,1,0,-1,0,0,0,0,12
31882,boundary,apv,wave,v*dy(w),0,1,0,-1,0,0,0,0,12
31882,boundary,apv,wave,w*dz(w),0,1,0,-1,0,0,0,0,12
31882,boundary,apv,wave,u*dx(eta),1.00730138535872e-15,1,0,4,0,1.05221533651898e-15,2.54680794861941e-11,12,0
31882,boundary,apv,wave,v*dy(eta),1.21568312964604e-15,2,0,-1,0,1.11567984236572e-15,2.54691575941447e-11,12,0
31882,boundary,apv,wave,w*dz(eta),0,1,0,-1,0,0,0,0,12
31882,boundary,apv,wave,w*eta*dlogN2,0,1,0,-1,0,0,0,0,12
31882,boundary,boundary,wave,u*dx(u),3.55798962182106e-15,1,0,1,0,1.27576851789953e-15,5.10912526201044e-12,4,0
31882,boundary,boundary,wave,v*dy(u),3.59757324213736e-15,2,0,1,0,1.19569460973991e-15,5.1077482059176e-12,4,0
31882,boundary,boundary,wave,w*dz(u),0,1,0,1,0,0,0,0,4
31882,boundary,boundary,wave,u*dx(v),2.6801420267413e-15,2,0,1,0,9.93092384442944e-16,3.51219053840168e-12,4,0
31882,boundary,boundary,wave,v*dy(v),2.67177276010401e-15,1,0,1,0,1.1663451312298e-15,3.51207951609922e-12,4,0
31882,boundary,boundary,wave,w*dz(v),0,1,0,1,0,0,0,0,4
31882,boundary,boundary,wave,u*dx(w),0,1,0,1,0,0,0,0,4
31882,boundary,boundary,wave,v*dy(w),0,1,0,1,0,0,0,0,4
31882,boundary,boundary,wave,w*dz(w),0,1,0,1,0,0,0,0,4
31882,boundary,boundary,wave,u*dx(eta),5.4252846806734e-16,2,0,2,0,5.05654270871522e-16,1.4015455462868e-12,4,0
31882,boundary,boundary,wave,v*dy(eta),6.12902296411688e-16,1,0,2,0,5.82264017329987e-16,1.4015455462868e-12,4,0
31882,boundary,boundary,wave,w*dz(eta),0,1,0,1,0,0,0,0,4
31882,boundary,boundary,wave,w*eta*dlogN2,0,1,0,1,0,0,0,0,4
33341,wave,wave,wave,u*dx(u),7.85763297316069e-07,24,-1,23,1,3.69870994615985e-15,1.22247545419896e-10,2304,0
33341,wave,wave,wave,v*dy(u),7.85763297377481e-07,24,1,23,1,3.61703176433271e-15,1.22483800879536e-10,2304,0
33341,wave,wave,wave,w*dz(u),7.86030900207904e-07,24,1,23,1,7.499061327436e-14,4.43354953763071e-06,2304,0
33341,wave,wave,wave,u*dx(v),7.85199965940512e-07,24,1,23,1,3.59559145650954e-15,1.22247323375291e-10,2304,0
33341,wave,wave,wave,v*dy(v),7.85199965952237e-07,24,1,23,1,3.61261793768149e-15,1.22483578834931e-10,2304,0
33341,wave,wave,wave,w*dz(v),7.85467282478163e-07,24,1,23,1,7.44017791335385e-14,4.37465220162474e-06,2304,0
33341,wave,wave,wave,u*dx(w),1.05756552069797e-09,24,1,24,1,9.99200722162641e-16,1.22493792886758e-10,2304,0
33341,wave,wave,wave,v*dy(w),1.05756552074671e-09,24,1,24,1,9.99200722162641e-16,1.22730270391003e-10,2304,0
33341,wave,wave,wave,w*dz(w),1.05756557155003e-09,24,1,24,1,8.88178419700125e-16,1.22759580278853e-10,2304,0
33341,wave,wave,wave,u*dx(eta),7.18067544026188e-08,24,1,24,1,1.11022302462516e-15,1.22186927242751e-10,2304,0
33341,wave,wave,wave,v*dy(eta),7.18067544041755e-08,24,1,24,1,1.11022302462516e-15,1.22422960657786e-10,2304,0
33341,wave,wave,wave,w*dz(eta),7.1806756349191e-08,24,1,24,1,1.03772921793039e-15,1.22726717677324e-10,2304,0
33341,wave,wave,wave,w*eta*dlogN2,4.33460254847476e-08,24,1,23,1,1.34426980115307e-15,1.2275180871768e-10,2304,0
33341,wave,apv,wave,u*dx(u),5.86661200837948e-11,24,1,5,0,2.35165483360236e-15,1.22537091584718e-10,288,0
33341,wave,apv,wave,v*dy(u),5.8666167128687e-11,24,1,5,0,2.26302255000403e-15,1.22773347044358e-10,288,0
33341,wave,apv,wave,w*dz(u),6.13653404897528e-11,24,1,5,0,2.4743535756806e-15,1.22704291172226e-10,288,0
33341,wave,apv,wave,u*dx(v),5.86364421310794e-11,24,1,5,0,2.34371488718734e-15,1.22537091584718e-10,288,0
33341,wave,apv,wave,v*dy(v),5.86366778214095e-11,24,1,5,0,2.27644452969451e-15,1.22773347044358e-10,288,0
33341,wave,apv,wave,w*dz(v),6.13345478890124e-11,24,1,5,0,2.27506167715153e-15,1.22704291172226e-10,288,0
33341,wave,apv,wave,u*dx(w),0,1,1,-1,0,0,0,0,288
33341,wave,apv,wave,v*dy(w),0,1,1,-1,0,0,0,0,288
33341,wave,apv,wave,w*dz(w),0,1,1,-1,0,0,0,0,288
33341,wave,apv,wave,u*dx(eta),3.1361857800708e-12,24,1,5,0,7.75522584928384e-16,1.22150067838334e-10,288,0
33341,wave,apv,wave,v*dy(eta),3.13618834558937e-12,24,1,5,0,8.37415432974559e-16,1.22386323297974e-10,288,0
33341,wave,apv,wave,w*dz(eta),3.05883465397444e-12,24,1,5,0,6.78990856570698e-16,1.49824153083955e-10,288,0
33341,wave,apv,wave,w*eta*dlogN2,7.33206544637915e-12,24,1,5,0,6.70285789888417e-16,1.23075549751661e-10,288,0
33341,apv,wave,wave,u*dx(u),5.86662799733675e-11,5,0,24,1,2.33807922433255e-15,3.4252045644223e-11,288,0
33341,apv,wave,wave,v*dy(u),5.86662799733675e-11,5,0,24,1,2.33807922433255e-15,3.4252045644223e-11,288,0
33341,apv,wave,wave,w*dz(u),0,-1,0,1,1,0,0,0,288
33341,apv,wave,wave,u*dx(v),5.86367186509454e-11,5,0,24,1,2.21741160676805e-15,3.423883399023e-11,288,0
33341,apv,wave,wave,v*dy(v),5.86367186509454e-11,5,0,24,1,2.21741160676805e-15,3.423883399023e-11,288,0
33341,apv,wave,wave,w*dz(v),0,-1,0,1,1,0,0,0,288
33341,apv,wave,wave,u*dx(w),5.29025692327731e-14,5,0,24,1,6.66133814775094e-16,3.87183618499876e-11,288,0
33341,apv,wave,wave,v*dy(w),5.29025692327731e-14,5,0,24,1,6.66133814775094e-16,3.87183618499876e-11,288,0
33341,apv,wave,wave,w*dz(w),0,-1,0,1,1,0,0,0,288
33341,apv,wave,wave,u*dx(eta),3.05835111895669e-12,5,0,24,1,7.9212449478462e-16,2.23688845224501e-11,288,0
33341,apv,wave,wave,v*dy(eta),3.05835111895669e-12,5,0,24,1,7.9212449478462e-16,2.23688845224501e-11,288,0
33341,apv,wave,wave,w*dz(eta),0,-1,0,1,1,0,0,0,288
33341,apv,wave,wave,w*eta*dlogN2,0,-1,0,1,1,0,0,0,288
33341,wave,boundary,wave,u*dx(u),8.34777390963978e-14,24,1,1,0,2.18276812855643e-15,1.23193011347666e-10,96,0
33341,wave,boundary,wave,v*dy(u),8.28788562584478e-14,24,1,1,0,2.05770062111155e-15,1.23429044762702e-10,96,0
33341,wave,boundary,wave,w*dz(u),1.81046193225543e-13,24,1,2,0,1.96887093831544e-15,1.23203447444098e-10,96,0
33341,wave,boundary,wave,u*dx(v),8.31045735298586e-14,24,1,1,0,1.84258412383091e-15,1.23193011347666e-10,96,0
33341,wave,boundary,wave,v*dy(v),8.27762033043995e-14,24,1,1,0,1.88741002299582e-15,1.23429044762702e-10,96,0
33341,wave,boundary,wave,w*dz(v),1.80961776830862e-13,24,1,2,0,1.8294215062608e-15,1.23203447444098e-10,96,0
33341,wave,boundary,wave,u*dx(w),0,1,1,1,0,0,0,0,96
33341,wave,boundary,wave,v*dy(w),0,1,1,1,0,0,0,0,96
33341,wave,boundary,wave,w*dz(w),0,1,1,1,0,0,0,0,96
33341,wave,boundary,wave,u*dx(eta),8.97345042330083e-15,24,1,2,0,6.66133814775094e-16,1.23215659897369e-10,96,0
33341,wave,boundary,wave,v*dy(eta),8.97427176212356e-15,24,1,2,0,6.66133814775094e-16,1.23451693312404e-10,96,0
33341,wave,boundary,wave,w*dz(eta),4.19933861492956e-15,24,1,1,0,1.00008883381728e-15,1.23155707854039e-10,96,0
33341,wave,boundary,wave,w*eta*dlogN2,3.51948852978214e-15,24,1,2,0,6.2404962734458e-16,1.23317578371029e-10,96,0
33341,boundary,wave,wave,u*dx(u),7.70774792891552e-14,1,0,24,1,1.91287690627464e-15,3.66916497185343e-11,96,0
33341,boundary,wave,wave,v*dy(u),7.70774792891552e-14,1,0,24,1,1.91287690627464e-15,3.66916497185343e-11,96,0
33341,boundary,wave,wave,w*dz(u),0,1,0,1,1,0,0,0,96
33341,boundary,wave,wave,u*dx(v),7.70544758787931e-14,1,0,24,1,2.29761307130145e-15,3.66784380645413e-11,96,0
33341,boundary,wave,wave,v*dy(v),7.70544758787931e-14,1,0,24,1,2.29761307130145e-15,3.66784380645413e-11,96,0
33341,boundary,wave,wave,w*dz(v),0,1,0,1,1,0,0,0,96
33341,boundary,wave,wave,u*dx(w),6.82225611277859e-17,2,0,24,1,4.44089209850063e-16,3.62583296720231e-11,96,0
33341,boundary,wave,wave,v*dy(w),6.82225611277859e-17,2,0,24,1,4.44089209850063e-16,3.62583296720231e-11,96,0
33341,boundary,wave,wave,w*dz(w),0,1,0,1,1,0,0,0,96
33341,boundary,wave,wave,u*dx(eta),3.95939748823153e-15,1,0,24,1,1.04493399339869e-15,2.02261540849236e-11,96,0
33341,boundary,wave,wave,v*dy(eta),3.95939748823153e-15,1,0,24,1,1.04493399339869e-15,2.02261540849236e-11,96,0
33341,boundary,wave,wave,w*dz(eta),0,1,0,1,1,0,0,0,96
33341,boundary,wave,wave,w*eta*dlogN2,0,1,0,1,1,0,0,0,96
33341,apv,boundary,wave,u*dx(u),4.0821370184744e-15,4,0,1,0,2.54113373210657e-15,1.8935075729587e-11,12,0
33341,apv,boundary,wave,v*dy(u),4.0821370184744e-15,4,0,1,0,2.54113373210657e-15,1.8935075729587e-11,12,0
33341,apv,boundary,wave,w*dz(u),0,-1,0,1,0,0,0,0,12
33341,apv,boundary,wave,u*dx(v),3.77178413080349e-15,4,0,1,0,1.4492688397713e-15,1.8935075729587e-11,12,0
33341,apv,boundary,wave,v*dy(v),3.77178413080349e-15,4,0,1,0,1.4492688397713e-15,1.8935075729587e-11,12,0
33341,apv,boundary,wave,w*dz(v),0,-1,0,1,0,0,0,0,12
33341,apv,boundary,wave,u*dx(w),0,-1,0,1,0,0,0,0,12
33341,apv,boundary,wave,v*dy(w),0,-1,0,1,0,0,0,0,12
33341,apv,boundary,wave,w*dz(w),0,-1,0,1,0,0,0,0,12
33341,apv,boundary,wave,u*dx(eta),4.74275183769053e-16,-1,0,2,0,4.69658665664766e-16,1.89774862491277e-11,12,0
33341,apv,boundary,wave,v*dy(eta),4.74275183769053e-16,-1,0,2,0,4.69658665664766e-16,1.89774862491277e-11,12,0
33341,apv,boundary,wave,w*dz(eta),0,-1,0,1,0,0,0,0,12
33341,apv,boundary,wave,w*eta*dlogN2,0,-1,0,1,0,0,0,0,12
33341,boundary,apv,wave,u*dx(u),4.14565966920218e-15,1,0,4,0,2.0437165195419e-15,1.75030559832465e-11,12,0
33341,boundary,apv,wave,v*dy(u),4.14565966920218e-15,1,0,4,0,2.0437165195419e-15,1.75030559832465e-11,12,0
33341,boundary,apv,wave,w*dz(u),0,1,0,-1,0,0,0,0,12
33341,boundary,apv,wave,u*dx(v),3.86241863092847e-15,1,0,4,0,1.75048198256145e-15,1.6802337299282e-11,12,0
33341,boundary,apv,wave,v*dy(v),3.86241863092847e-15,1,0,4,0,1.75048198256145e-15,1.6802337299282e-11,12,0
33341,boundary,apv,wave,w*dz(v),0,1,0,-1,0,0,0,0,12
33341,boundary,apv,wave,u*dx(w),0,1,0,-1,0,0,0,0,12
33341,boundary,apv,wave,v*dy(w),0,1,0,-1,0,0,0,0,12
33341,boundary,apv,wave,w*dz(w),0,1,0,-1,0,0,0,0,12
33341,boundary,apv,wave,u*dx(eta),7.19122501251059e-16,2,0,-1,0,1.26642219050656e-15,3.31483729354431e-11,12,0
33341,boundary,apv,wave,v*dy(eta),7.19122501251059e-16,2,0,-1,0,1.26642219050656e-15,3.31483729354431e-11,12,0
33341,boundary,apv,wave,w*dz(eta),0,1,0,-1,0,0,0,0,12
33341,boundary,apv,wave,w*eta*dlogN2,0,1,0,-1,0,0,0,0,12
33341,boundary,boundary,wave,u*dx(u),3.38383195915636e-15,2,0,1,0,1.42079427471291e-15,2.347255441796e-11,4,0
33341,boundary,boundary,wave,v*dy(u),3.38383195915636e-15,2,0,1,0,1.42079427471291e-15,2.347255441796e-11,4,0
33341,boundary,boundary,wave,w*dz(u),0,1,0,1,0,0,0,0,4
33341,boundary,boundary,wave,u*dx(v),3.31963115329306e-15,2,0,1,0,1.31845971756843e-15,2.13042916641371e-11,4,0
33341,boundary,boundary,wave,v*dy(v),3.31963115329306e-15,2,0,1,0,1.31845971756843e-15,2.13042916641371e-11,4,0
33341,boundary,boundary,wave,w*dz(v),0,1,0,1,0,0,0,0,4
33341,boundary,boundary,wave,u*dx(w),0,1,0,1,0,0,0,0,4
33341,boundary,boundary,wave,v*dy(w),0,1,0,1,0,0,0,0,4
33341,boundary,boundary,wave,w*dz(w),0,1,0,1,0,0,0,0,4
33341,boundary,boundary,wave,u*dx(eta),3.81635763467323e-16,1,0,2,0,4.37864818984465e-16,2.49629206194868e-11,4,0
33341,boundary,boundary,wave,v*dy(eta),3.81635763467323e-16,1,0,2,0,4.37864818984465e-16,2.49629206194868e-11,4,0
33341,boundary,boundary,wave,w*dz(eta),0,1,0,1,0,0,0,0,4
33341,boundary,boundary,wave,w*eta*dlogN2,0,1,0,1,0,0,0,0,4
36975,wave,wave,wave,u*dx(u),7.85766509880748e-07,24,1,23,1,3.68060226995005e-15,4.72750727453786e-11,2304,0
36975,wave,wave,wave,v*dy(u),7.85766509878498e-07,24,1,23,1,3.49755880125259e-15,7.48139328266006e-11,2304,0
36975,wave,wave,wave,w*dz(u),7.86034148247693e-07,24,1,23,1,4.40893958241268e-14,6.09183363180881e-06,2304,0
36975,wave,wave,wave,u*dx(v),7.82183783564796e-07,24,1,23,1,3.4611742170165e-15,4.72362149395167e-11,2304,0
36975,wave,wave,wave,v*dy(v),7.8218378356499e-07,24,1,23,1,3.43854819011101e-15,7.47750750207388e-11,2304,0
36975,wave,wave,wave,w*dz(v),7.8244960743067e-07,24,1,23,1,4.31439721366659e-14,5.78738341562574e-06,2304,0
36975,wave,wave,wave,u*dx(w),1.85509050835389e-09,24,1,24,1,8.88178419700125e-16,4.70206096281345e-11,2304,0
36975,wave,wave,wave,v*dy(w),1.85509050830378e-09,24,1,24,1,8.88178419700125e-16,7.45594697093566e-11,2304,0
36975,wave,wave,wave,w*dz(w),1.85509158061266e-09,24,1,24,1,1.22124532708767e-15,7.481570918344e-11,2304,0
36975,wave,wave,wave,u*dx(eta),1.25375888988703e-07,24,1,24,1,1.43218837797847e-15,3.71254138542554e-11,2304,0
36975,wave,wave,wave,v*dy(eta),1.25375888985233e-07,24,1,24,1,1.44157381057033e-15,6.46644959800824e-11,2304,0
36975,wave,wave,wave,w*dz(eta),1.25375929643188e-07,24,1,24,1,1.34170616068446e-15,6.49333919966466e-11,2304,0
36975,wave,wave,wave,w*eta*dlogN2,7.57085787989918e-08,24,1,23,1,1.22481754000301e-15,6.523426243632e-11,2304,0
36975,wave,apv,wave,u*dx(u),5.86668502926707e-11,24,1,5,0,2.44674123890759e-15,2.77045053564962e-11,288,0
36975,wave,apv,wave,v*dy(u),5.86668129132211e-11,24,1,5,0,2.34978562046575e-15,5.52435874823232e-11,288,0
36975,wave,apv,wave,w*dz(u),6.13661811487709e-11,24,1,5,0,2.26269964497027e-15,5.54680745779024e-11,288,0
36975,wave,apv,wave,u*dx(v),5.84779696428564e-11,24,1,5,0,2.42296188488401e-15,2.77042833118912e-11,288,0
36975,wave,apv,wave,v*dy(v),5.84780068425935e-11,24,1,5,0,2.29301016813889e-15,5.52433654377182e-11,288,0
36975,wave,apv,wave,w*dz(v),6.1169784895528e-11,24,1,5,0,2.10458887027106e-15,5.54680745779024e-11,288,0
36975,wave,apv,wave,u*dx(w),0,1,1,-1,0,0,0,0,288
36975,wave,apv,wave,v*dy(w),0,1,1,-1,0,0,0,0,288
36975,wave,apv,wave,w*dz(w),0,1,1,-1,0,0,0,0,288
36975,wave,apv,wave,u*dx(eta),5.48641751819789e-12,24,1,5,0,1.00993165744551e-15,2.77993184027991e-11,288,0
36975,wave,apv,wave,v*dy(eta),5.48641441326593e-12,24,1,5,0,1.32929223438234e-15,5.53384005286262e-11,288,0
36975,wave,apv,wave,w*dz(eta),5.35104879094441e-12,24,1,5,0,1.40472745375724e-15,1.4941092807419e-10,288,0
36975,wave,apv,wave,w*eta*dlogN2,1.28286532372446e-11,24,1,5,0,9.80812946686665e-16,5.58224577673627e-11,288,0
36975,apv,wave,wave,u*dx(u),5.86687524048627e-11,5,0,24,1,2.38511696346879e-15,2.03500315973498e-11,288,0
36975,apv,wave,wave,v*dy(u),0,-1,0,1,1,0,0,0,288
36975,apv,wave,wave,w*dz(u),0,-1,0,1,1,0,0,0,288
36975,apv,wave,wave,u*dx(v),5.84798711196205e-11,5,0,24,1,2.48427481026027e-15,1.94033678013739e-11,288,0
36975,apv,wave,wave,v*dy(v),0,-1,0,1,1,0,0,0,288
36975,apv,wave,wave,w*dz(v),0,-1,0,1,1,0,0,0,288
36975,apv,wave,wave,u*dx(w),9.27950279864371e-14,5,0,24,1,6.66133814775094e-16,2.03344008298245e-11,288,0
36975,apv,wave,wave,v*dy(w),0,-1,0,1,1,0,0,0,288
36975,apv,wave,wave,w*dz(w),0,-1,0,1,1,0,0,0,288
36975,apv,wave,wave,u*dx(eta),5.35035375398834e-12,5,0,24,1,1.16410245073781e-15,1.06112896247623e-11,288,0
36975,apv,wave,wave,v*dy(eta),0,-1,0,1,1,0,0,0,288
36975,apv,wave,wave,w*dz(eta),0,-1,0,1,1,0,0,0,288
36975,apv,wave,wave,w*eta*dlogN2,0,-1,0,1,1,0,0,0,288
36975,wave,boundary,wave,u*dx(u),8.36197631773445e-14,24,1,2,0,2.12895131144969e-15,2.88069568199489e-11,96,0
36975,wave,boundary,wave,v*dy(u),8.47348911791933e-14,24,1,2,0,2.52202150522268e-15,5.63464830349858e-11,96,0
36975,wave,boundary,wave,w*dz(u),6.25342738635624e-14,24,1,2,0,1.91948996870493e-15,5.56346080315961e-11,96,0
36975,wave,boundary,wave,u*dx(v),8.3666902924393e-14,24,1,2,0,2.20123244526512e-15,2.88074009091588e-11,96,0
36975,wave,boundary,wave,v*dy(v),8.40189510493327e-14,24,1,2,0,1.75075984154097e-15,5.63464830349858e-11,96,0
36975,wave,boundary,wave,w*dz(v),6.24130894909735e-14,24,1,2,0,1.73695199800538e-15,5.56348300762011e-11,96,0
36975,wave,boundary,wave,u*dx(w),0,1,1,1,0,0,0,0,96
36975,wave,boundary,wave,v*dy(w),0,1,1,1,0,0,0,0,96
36975,wave,boundary,wave,w*dz(w),0,1,1,1,0,0,0,0,96
36975,wave,boundary,wave,u*dx(eta),5.47899649874774e-15,24,1,2,0,6.25250309511789e-16,2.82551759767102e-11,96,0
36975,wave,boundary,wave,v*dy(eta),5.47389458547506e-15,24,1,2,0,6.07922342224041e-16,5.57940360579323e-11,96,0
36975,wave,boundary,wave,w*dz(eta),7.44669216510096e-15,24,1,2,0,6.27457041512346e-16,5.56421575481636e-11,96,0
36975,wave,boundary,wave,w*eta*dlogN2,6.47741501710422e-15,24,1,1,0,1.31510173807632e-15,5.56608092949773e-11,96,0
36975,boundary,wave,wave,u*dx(u),3.7080905435115e-13,2,0,24,1,2.290688601838e-15,1.95818916637336e-11,96,0
36975,boundary,wave,wave,v*dy(u),0,1,0,1,1,0,0,0,96
36975,boundary,wave,wave,w*dz(u),0,1,0,1,1,0,0,0,96
36975,boundary,wave,wave,u*dx(v),3.68354341611509e-13,2,0,24,1,2.55117970199997e-15,1.95425897686619e-11,96,0
36975,boundary,wave,wave,v*dy(v),0,1,0,1,1,0,0,0,96
36975,boundary,wave,wave,w*dz(v),0,1,0,1,1,0,0,0,96
36975,boundary,wave,wave,u*dx(w),3.12156632737255e-16,1,0,24,1,4.44089209850063e-16,1.96387350825944e-11,96,0
36975,boundary,wave,wave,v*dy(w),0,1,0,1,1,0,0,0,96
36975,boundary,wave,wave,w*dz(w),0,1,0,1,1,0,0,0,96
36975,boundary,wave,wave,u*dx(eta),3.22647334814188e-14,2,0,24,1,1.48906088470222e-15,9.87965265153434e-12,96,0
36975,boundary,wave,wave,v*dy(eta),0,1,0,1,1,0,0,0,96
36975,boundary,wave,wave,w*dz(eta),0,1,0,1,1,0,0,0,96
36975,boundary,wave,wave,w*eta*dlogN2,0,1,0,1,1,0,0,0,96
36975,apv,boundary,wave,u*dx(u),4.09808210863827e-15,4,0,1,0,1.93746640603872e-15,2.19242402010877e-11,12,0
36975,apv,boundary,wave,v*dy(u),0,-1,0,1,0,0,0,0,12
36975,apv,boundary,wave,w*dz(u),0,-1,0,1,0,0,0,0,12
36975,apv,boundary,wave,u*dx(v),3.01043200882671e-15,4,0,1,0,1.35488832192573e-15,2.19242402010877e-11,12,0
36975,apv,boundary,wave,v*dy(v),0,-1,0,1,0,0,0,0,12
36975,apv,boundary,wave,w*dz(v),0,-1,0,1,0,0,0,0,12
36975,apv,boundary,wave,u*dx(w),0,-1,0,1,0,0,0,0,12
36975,apv,boundary,wave,v*dy(w),0,-1,0,1,0,0,0,0,12
36975,apv,boundary,wave,w*dz(w),0,-1,0,1,0,0,0,0,12
36975,apv,boundary,wave,u*dx(eta),5.05084792485275e-16,1,0,2,0,5.37588986094165e-16,2.11881623357613e-11,12,0
36975,apv,boundary,wave,v*dy(eta),0,-1,0,1,0,0,0,0,12
36975,apv,boundary,wave,w*dz(eta),0,-1,0,1,0,0,0,0,12
36975,apv,boundary,wave,w*eta*dlogN2,0,-1,0,1,0,0,0,0,12
36975,boundary,apv,wave,u*dx(u),4.50064253649163e-15,1,0,4,0,2.09923057913355e-15,1.03057801369191e-11,12,0
36975,boundary,apv,wave,v*dy(u),0,1,0,-1,0,0,0,0,12
36975,boundary,apv,wave,w*dz(u),0,1,0,-1,0,0,0,0,12
36975,boundary,apv,wave,u*dx(v),4.13143968518716e-15,1,0,4,0,1.73483290673517e-15,5.55620717139554e-12,12,0
36975,boundary,apv,wave,v*dy(v),0,1,0,-1,0,0,0,0,12
36975,boundary,apv,wave,w*dz(v),0,1,0,-1,0,0,0,0,12
36975,boundary,apv,wave,u*dx(w),0,1,0,-1,0,0,0,0,12
36975,boundary,apv,wave,v*dy(w),0,1,0,-1,0,0,0,0,12
36975,boundary,apv,wave,w*dz(w),0,1,0,-1,0,0,0,0,12
36975,boundary,apv,wave,u*dx(eta),1.28605273471821e-15,1,0,1,0,1.41943873784327e-15,2.1994637917733e-11,12,0
36975,boundary,apv,wave,v*dy(eta),0,1,0,-1,0,0,0,0,12
36975,boundary,apv,wave,w*dz(eta),0,1,0,-1,0,0,0,0,12
36975,boundary,apv,wave,w*eta*dlogN2,0,1,0,-1,0,0,0,0,12
36975,boundary,boundary,wave,u*dx(u),3.39692936422225e-15,1,0,1,0,1.09382030012441e-15,5.61430696930088e-12,4,0
36975,boundary,boundary,wave,v*dy(u),0,1,0,1,0,0,0,0,4
36975,boundary,boundary,wave,w*dz(u),0,1,0,1,0,0,0,0,4
36975,boundary,boundary,wave,u*dx(v),2.73269514376956e-15,2,0,1,0,1.01180623761688e-15,2.41739961381882e-12,4,0
36975,boundary,boundary,wave,v*dy(v),0,1,0,1,0,0,0,0,4
36975,boundary,boundary,wave,w*dz(v),0,1,0,1,0,0,0,0,4
36975,boundary,boundary,wave,u*dx(w),0,1,0,1,0,0,0,0,4
36975,boundary,boundary,wave,v*dy(w),0,1,0,1,0,0,0,0,4
36975,boundary,boundary,wave,w*dz(w),0,1,0,1,0,0,0,0,4
36975,boundary,boundary,wave,u*dx(eta),5.22117524416312e-16,2,0,2,0,7.93311738905123e-16,1.12054248207758e-12,4,0
36975,boundary,boundary,wave,v*dy(eta),0,1,0,1,0,0,0,0,4
36975,boundary,boundary,wave,w*dz(eta),0,1,0,1,0,0,0,0,4
36975,boundary,boundary,wave,w*eta*dlogN2,0,1,0,1,0,0,0,0,4
37743,wave,wave,wave,u*dx(u),7.83425459492956e-07,24,1,23,1,3.60944519526104e-15,2.93195467904184e-11,2304,0
37743,wave,wave,wave,v*dy(u),7.83425459533046e-07,24,1,23,1,3.55032507886605e-15,2.93861601718959e-11,2304,0
37743,wave,wave,wave,w*dz(u),7.83691884357676e-07,24,1,23,1,5.8606070807897e-14,6.9316566443959e-06,2304,0
37743,wave,wave,wave,u*dx(v),7.83425459485736e-07,24,1,23,1,3.55456917436295e-15,2.93066682033327e-11,2304,0
37743,wave,wave,wave,v*dy(v),7.83425459508164e-07,24,1,23,1,3.55318541955492e-15,2.93731705625078e-11,2304,0
37743,wave,wave,wave,w*dz(v),7.83691884381883e-07,24,1,23,1,5.85985915858307e-14,6.93165664820052e-06,2304,0
37743,wave,wave,wave,u*dx(w),2.07405381883019e-09,24,1,24,1,8.88178419700125e-16,2.97853963715511e-11,2304,0
37743,wave,wave,wave,v*dy(w),2.07405381882762e-09,24,1,24,1,9.99200722162641e-16,2.97969426910072e-11,2304,0
37743,wave,wave,wave,w*dz(w),2.0740544843548e-09,24,1,24,1,9.99200722162641e-16,2.9565017101163e-11,2304,0
37743,wave,wave,wave,u*dx(eta),1.39936241448538e-07,24,1,24,1,1.67580092106061e-15,1.52851065138293e-11,2304,0
37743,wave,wave,wave,v*dy(eta),1.39936241452132e-07,24,1,24,1,1.67329732528081e-15,1.52966528332854e-11,2304,0
37743,wave,wave,wave,w*dz(eta),1.39936266653938e-07,24,1,24,1,1.84805183457422e-15,1.49134038451848e-11,2304,0
37743,wave,wave,wave,w*eta*dlogN2,8.45111890223496e-08,24,1,23,1,2.49830086006059e-15,1.5001777597945e-11,2304,0
37743,wave,apv,wave,u*dx(u),5.85442508560102e-11,24,1,5,0,2.26214613416065e-15,8.03242778947648e-12,288,0
37743,wave,apv,wave,v*dy(u),5.85442582191788e-11,24,1,5,0,2.31625160349223e-15,9.37758871419477e-12,288,0
37743,wave,apv,wave,w*dz(u),6.12386647892159e-11,24,1,5,0,2.30850550713238e-15,2.13071652174696e-11,288,0
37743,wave,apv,wave,u*dx(v),5.85442293928753e-11,24,1,5,0,2.21126894715817e-15,8.0324355285213e-12,288,0
37743,wave,apv,wave,v*dy(v),5.85442041506713e-11,24,1,5,0,2.2742822274526e-15,9.37771952523549e-12,288,0
37743,wave,apv,wave,w*dz(v),6.12386098284098e-11,24,1,5,0,2.29764261372667e-15,2.13069657503319e-11,288,0
37743,wave,apv,wave,u*dx(w),0,1,1,-1,0,0,0,0,288
37743,wave,apv,wave,v*dy(w),0,1,1,-1,0,0,0,0,288
37743,wave,apv,wave,w*dz(w),0,1,1,-1,0,0,0,0,288
37743,wave,apv,wave,u*dx(eta),6.12798151205293e-12,24,1,5,0,1.08216414087975e-15,1.97188931849723e-11,288,0
37743,wave,apv,wave,v*dy(eta),6.12797137067619e-12,24,1,5,0,1.12339038139537e-15,1.97305505267309e-11,288,0
37743,wave,apv,wave,w*dz(eta),5.97675659703956e-12,24,1,5,0,1.08810198659865e-15,1.96104910088479e-10,288,0
37743,wave,apv,wave,w*eta*dlogN2,1.43294790283841e-11,24,1,5,0,1.03354578151339e-15,2.82357209952711e-11,288,0
37743,apv,wave,wave,u*dx(u),5.8545281093371e-11,5,0,24,1,2.09588439282875e-15,2.91786594885934e-11,288,0
37743,apv,wave,wave,v*dy(u),0,-1,0,1,1,0,0,0,288
37743,apv,wave,wave,w*dz(u),0,-1,0,1,1,0,0,0,288
37743,apv,wave,wave,u*dx(v),5.85453073768318e-11,5,0,24,1,2.32341717608103e-15,2.91658919238102e-11,288,0
37743,apv,wave,wave,v*dy(v),0,-1,0,1,1,0,0,0,288
37743,apv,wave,wave,w*dz(v),0,-1,0,1,1,0,0,0,288
37743,apv,wave,wave,u*dx(w),1.03748093076751e-13,5,0,24,1,5.55111512312578e-16,3.39014372130464e-11,288,0
37743,apv,wave,wave,v*dy(w),0,-1,0,1,1,0,0,0,288
37743,apv,wave,wave,w*dz(w),0,-1,0,1,1,0,0,0,288
37743,apv,wave,wave,u*dx(eta),5.9758946493797e-12,5,0,24,1,1.44861334156196e-15,1.99822380864134e-11,288,0
37743,apv,wave,wave,v*dy(eta),0,-1,0,1,1,0,0,0,288
37743,apv,wave,wave,w*dz(eta),0,-1,0,1,1,0,0,0,288
37743,apv,wave,wave,w*eta*dlogN2,0,-1,0,1,1,0,0,0,288
37743,wave,boundary,wave,u*dx(u),8.30314014484982e-14,24,1,2,0,2.11107420252645e-15,5.4944937488699e-12,96,0
37743,wave,boundary,wave,v*dy(u),8.36894639473164e-14,24,1,2,0,1.93064540629495e-15,9.85367343275811e-12,96,0
37743,wave,boundary,wave,w*dz(u),1.08327085604497e-13,24,1,2,0,1.56061873848985e-15,8.77098393914366e-12,96,0
37743,wave,boundary,wave,u*dx(v),8.39434475733318e-14,24,1,2,0,2.12642987795012e-15,5.49427170426497e-12,96,0
37743,wave,boundary,wave,v*dy(v),8.39377385683203e-14,24,1,2,0,1.90089310991068e-15,9.85367343275811e-12,96,0
37743,wave,boundary,wave,w*dz(v),1.08262540785362e-13,24,1,2,0,1.61727040652478e-15,8.77098393914366e-12,96,0
37743,wave,boundary,wave,u*dx(w),0,1,1,1,0,0,0,0,96
37743,wave,boundary,wave,v*dy(w),0,1,1,1,0,0,0,0,96
37743,wave,boundary,wave,w*dz(w),0,1,1,1,0,0,0,0,96
37743,wave,boundary,wave,u*dx(eta),1.05136131914118e-14,24,1,2,0,6.66133814775094e-16,4.50639525695351e-12,96,0
37743,wave,boundary,wave,v*dy(eta),1.05192762246155e-14,24,1,2,0,6.15076669110798e-16,8.86579698544665e-12,96,0
37743,wave,boundary,wave,w*dz(eta),8.21584494565742e-15,24,1,2,0,8.79573548917807e-16,8.76720918085994e-12,96,0
37743,wave,boundary,wave,w*eta*dlogN2,7.15729986110905e-15,24,1,1,0,1.5277179889797e-15,8.78874750753766e-12,96,0
37743,boundary,wave,wave,u*dx(u),1.13099388790107e-13,2,0,24,1,1.89170117445112e-15,2.94175794834928e-11,96,0
37743,boundary,wave,wave,v*dy(u),0,1,0,1,1,0,0,0,96
37743,boundary,wave,wave,w*dz(u),0,1,0,1,1,0,0,0,96
37743,boundary,wave,wave,u*dx(v),1.13397306746254e-13,2,0,24,1,1.98616016445398e-15,2.9405144985617e-11,96,0
37743,boundary,wave,wave,v*dy(v),0,1,0,1,1,0,0,0,96
37743,boundary,wave,wave,w*dz(v),0,1,0,1,1,0,0,0,96
37743,boundary,wave,wave,u*dx(w),2.14844148138707e-16,1,0,24,1,6.66133814775094e-16,2.96409563560474e-11,96,0
37743,boundary,wave,wave,v*dy(w),0,1,0,1,1,0,0,0,96
37743,boundary,wave,wave,w*dz(w),0,1,0,1,1,0,0,0,96
37743,boundary,wave,wave,u*dx(eta),1.14035916465169e-14,2,0,24,1,1.02306160423874e-15,1.51433310335847e-11,96,0
37743,boundary,wave,wave,v*dy(eta),0,1,0,1,1,0,0,0,96
37743,boundary,wave,wave,w*dz(eta),0,1,0,1,1,0,0,0,96
37743,boundary,wave,wave,w*eta*dlogN2,0,1,0,1,1,0,0,0,96
37743,apv,boundary,wave,u*dx(u),3.58236119230085e-15,4,0,1,0,1.36542202377598e-15,1.81130666021545e-11,12,0
37743,apv,boundary,wave,v*dy(u),0,-1,0,1,0,0,0,0,12
37743,apv,boundary,wave,w*dz(u),0,-1,0,1,0,0,0,0,12
37743,apv,boundary,wave,u*dx(v),3.69643170607736e-15,4,0,1,0,1.56307294888478e-15,1.81130666021545e-11,12,0
37743,apv,boundary,wave,v*dy(v),0,-1,0,1,0,0,0,0,12
37743,apv,boundary,wave,w*dz(v),0,-1,0,1,0,0,0,0,12
37743,apv,boundary,wave,u*dx(w),0,-1,0,1,0,0,0,0,12
37743,apv,boundary,wave,v*dy(w),0,-1,0,1,0,0,0,0,12
37743,apv,boundary,wave,w*dz(w),0,-1,0,1,0,0,0,0,12
37743,apv,boundary,wave,u*dx(eta),5.61192462734672e-16,5,0,1,0,5.56248047009607e-16,2.04076755494498e-11,12,0
37743,apv,boundary,wave,v*dy(eta),0,-1,0,1,0,0,0,0,12
37743,apv,boundary,wave,w*dz(eta),0,-1,0,1,0,0,0,0,12
37743,apv,boundary,wave,w*eta*dlogN2,0,-1,0,1,0,0,0,0,12
37743,boundary,apv,wave,u*dx(u),4.19840548663189e-15,1,0,4,0,1.57583885854032e-15,1.35380595622792e-11,12,0
37743,boundary,apv,wave,v*dy(u),0,1,0,-1,0,0,0,0,12
37743,boundary,apv,wave,w*dz(u),0,1,0,-1,0,0,0,0,12
37743,boundary,apv,wave,u*dx(v),4.32348142951817e-15,1,0,4,0,1.46678490059553e-15,1.35380595622792e-11,12,0
37743,boundary,apv,wave,v*dy(v),0,1,0,-1,0,0,0,0,12
37743,boundary,apv,wave,w*dz(v),0,1,0,-1,0,0,0,0,12
37743,boundary,apv,wave,u*dx(w),0,1,0,-1,0,0,0,0,12
37743,boundary,apv,wave,v*dy(w),0,1,0,-1,0,0,0,0,12
37743,boundary,apv,wave,w*dz(w),0,1,0,-1,0,0,0,0,12
37743,boundary,apv,wave,u*dx(eta),8.62562518195384e-16,2,0,4,0,5.93279211414343e-16,3.24566796630172e-11,12,0
37743,boundary,apv,wave,v*dy(eta),0,1,0,-1,0,0,0,0,12
37743,boundary,apv,wave,w*dz(eta),0,1,0,-1,0,0,0,0,12
37743,boundary,apv,wave,w*eta*dlogN2,0,1,0,-1,0,0,0,0,12
37743,boundary,boundary,wave,u*dx(u),3.14560231590531e-15,2,0,1,0,1.23980418197545e-15,9.3364652590479e-12,4,0
37743,boundary,boundary,wave,v*dy(u),0,1,0,1,0,0,0,0,4
37743,boundary,boundary,wave,w*dz(u),0,1,0,1,0,0,0,0,4
37743,boundary,boundary,wave,u*dx(v),3.21896674340251e-15,2,0,1,0,1.36739467951113e-15,9.33672308070569e-12,4,0
37743,boundary,boundary,wave,v*dy(v),0,1,0,1,0,0,0,0,4
37743,boundary,boundary,wave,w*dz(v),0,1,0,1,0,0,0,0,4
37743,boundary,boundary,wave,u*dx(w),0,1,0,1,0,0,0,0,4
37743,boundary,boundary,wave,v*dy(w),0,1,0,1,0,0,0,0,4
37743,boundary,boundary,wave,w*dz(w),0,1,0,1,0,0,0,0,4
37743,boundary,boundary,wave,u*dx(eta),7.13390299674189e-16,1,0,2,0,6.90102088290955e-16,7.04192260059244e-12,4,0
37743,boundary,boundary,wave,v*dy(eta),0,1,0,1,0,0,0,0,4
37743,boundary,boundary,wave,w*dz(eta),0,1,0,1,0,0,0,0,4
37743,boundary,boundary,wave,w*eta*dlogN2,0,1,0,1,0,0,0,0,4
38502,wave,wave,wave,u*dx(u),7.86102822973777e-07,24,1,23,1,3.72200385851134e-15,2.27200480651391e-11,2304,0
38502,wave,wave,wave,v*dy(u),7.86102822935844e-07,24,1,23,1,3.60891795172705e-15,2.27207141989538e-11,2304,0
38502,wave,wave,wave,w*dz(u),7.86370616760587e-07,24,1,23,1,7.21414824513557e-15,7.16492832289665e-07,2304,0
38502,wave,wave,wave,u*dx(v),7.79089897759758e-07,24,1,23,1,3.47218695006483e-15,2.2720270109744e-11,2304,0
38502,wave,wave,wave,v*dy(v),7.79089897760996e-07,24,1,23,1,3.44575554508181e-15,2.2720270109744e-11,2304,0
38502,wave,wave,wave,w*dz(v),7.79354151640842e-07,24,1,23,1,7.08519794945539e-15,6.61204713018902e-07,2304,0
38502,wave,wave,wave,u*dx(w),2.36478585468276e-09,24,1,24,1,9.99200722162641e-16,2.2761792450865e-11,2304,0
38502,wave,wave,wave,v*dy(w),2.36478585471884e-09,24,1,24,1,9.99200722162641e-16,2.27597940494206e-11,2304,0
38502,wave,wave,wave,w*dz(w),2.36478877780809e-09,24,1,24,1,1.11022302462516e-15,2.29509744542611e-11,2304,0
38502,wave,wave,wave,u*dx(eta),1.59147356370404e-07,24,1,24,1,1.6407486943542e-15,1.14175335852451e-11,2304,0
38502,wave,wave,wave,v*dy(eta),1.59147356372042e-07,24,1,24,1,1.62428501754118e-15,1.14157572284057e-11,2304,0
38502,wave,wave,wave,w*dz(eta),1.59147466797573e-07,24,1,24,1,1.73475925100602e-15,1.14293019493061e-11,2304,0
38502,wave,wave,wave,w*eta*dlogN2,9.61308819508478e-08,24,1,23,1,1.79971215272689e-15,1.13835607606916e-11,2304,0
38502,wave,apv,wave,u*dx(u),5.86876073778022e-11,24,1,5,0,2.2962028898554e-15,8.98547451146406e-12,288,0
38502,wave,apv,wave,v*dy(u),5.86876390122725e-11,24,1,5,0,2.29051460624437e-15,9.26994387760502e-12,288,0
38502,wave,apv,wave,w*dz(u),6.13878842225192e-11,24,1,5,0,2.48734596467061e-15,2.68310597708315e-11,288,0
38502,wave,apv,wave,u*dx(v),5.83173008541205e-11,24,1,5,0,2.42397373034608e-15,7.97090430476412e-12,288,0
38502,wave,apv,wave,v*dy(v),5.83173003815734e-11,24,1,5,0,2.26945628795137e-15,7.97104260303076e-12,288,0
38502,wave,apv,wave,w*dz(v),6.10027887641651e-11,24,1,5,0,2.45423035574254e-15,2.09962990333831e-11,288,0
38502,wave,apv,wave,u*dx(w),0,1,1,-1,0,0,0,0,288
38502,wave,apv,wave,v*dy(w),0,1,1,-1,0,0,0,0,288
38502,wave,apv,wave,w*dz(w),0,1,1,-1,0,0,0,0,288
38502,wave,apv,wave,u*dx(eta),6.97678216597209e-12,24,1,5,0,1.24412611680432e-15,2.17343348391315e-11,288,0
38502,wave,apv,wave,v*dy(eta),6.97678702187416e-12,24,1,5,0,1.15792647180573e-15,2.27221686544722e-11,288,0
38502,wave,apv,wave,w*dz(eta),6.80455890275727e-12,24,1,5,0,1.29150510429555e-15,2.0794377331157e-10,288,0
38502,wave,apv,wave,w*eta*dlogN2,1.63153599938768e-11,24,1,5,0,1.00746572568821e-15,2.87867050827211e-11,288,0
38502,apv,wave,wave,u*dx(u),5.869166701339e-11,5,0,24,1,2.37047574649374e-15,2.42632410087324e-11,288,0
38502,apv,wave,wave,v*dy(u),0,-1,0,1,1,0,0,0,288
38502,apv,wave,wave,w*dz(u),0,-1,0,1,1,0,0,0,288
38502,apv,wave,wave,u*dx(v),5.83212391895565e-11,5,0,24,1,2.12615454409878e-15,2.27311502953853e-11,288,0
38502,apv,wave,wave,v*dy(v),0,-1,0,1,1,0,0,0,288
38502,apv,wave,wave,w*dz(v),0,-1,0,1,1,0,0,0,288
38502,apv,wave,wave,u*dx(w),1.18283989026807e-13,5,0,24,1,5.55111512312578e-16,2.34596786441443e-11,288,0
38502,apv,wave,wave,v*dy(w),0,-1,0,1,1,0,0,0,288
38502,apv,wave,wave,w*dz(w),0,-1,0,1,1,0,0,0,288
38502,apv,wave,wave,u*dx(eta),6.8039236934782e-12,5,0,24,1,1.73297394525951e-15,1.21518350937322e-11,288,0
38502,apv,wave,wave,v*dy(eta),0,-1,0,1,1,0,0,0,288
38502,apv,wave,wave,w*dz(eta),0,-1,0,1,1,0,0,0,288
38502,apv,wave,wave,w*eta*dlogN2,0,-1,0,1,1,0,0,0,288
38502,wave,boundary,wave,u*dx(u),1.87280472808551e-14,1,1,1,0,1.70924212258487e-15,5.59826352193597e-12,96,0
38502,wave,boundary,wave,v*dy(u),1.88373529360031e-14,1,1,1,0,1.85037070591128e-15,6.85392487373376e-12,96,0
38502,wave,boundary,wave,w*dz(u),2.16575524045979e-14,24,1,2,0,1.99440383978558e-15,4.1974938090162e-12,96,0
38502,wave,boundary,wave,u*dx(v),1.69217084886307e-14,1,1,1,0,2.01592711275685e-15,4.88675766519009e-12,96,0
38502,wave,boundary,wave,v*dy(v),1.6941529986902e-14,1,1,1,0,2.09757178748496e-15,6.32782715115354e-12,96,0
38502,wave,boundary,wave,w*dz(v),2.14899831457886e-14,24,1,2,0,1.43145162980945e-15,3.94739796405474e-12,96,0
38502,wave,boundary,wave,u*dx(w),0,1,1,1,0,0,0,0,96
38502,wave,boundary,wave,v*dy(w),0,1,1,1,0,0,0,0,96
38502,wave,boundary,wave,w*dz(w),0,1,1,1,0,0,0,0,96
38502,wave,boundary,wave,u*dx(eta),2.33605421834903e-15,24,1,2,0,6.36934576944567e-16,2.90401036551202e-12,96,0
38502,wave,boundary,wave,v*dy(eta),2.33166914757179e-15,24,1,2,0,8.03502403696123e-16,4.34496882917301e-12,96,0
38502,wave,boundary,wave,w*dz(eta),1.56481680693556e-15,22,1,2,0,1.02118100111597e-15,3.81072950972339e-12,96,0
38502,wave,boundary,wave,w*eta*dlogN2,1.57561730079876e-15,22,1,2,0,6.66133814775094e-16,3.97792909723194e-12,96,0
38502,boundary,wave,wave,u*dx(u),8.51392820175502e-14,2,0,24,1,2.08304470401918e-15,2.87439049241983e-11,96,0
38502,boundary,wave,wave,v*dy(u),0,1,0,1,1,0,0,0,96
38502,boundary,wave,wave,w*dz(u),0,1,0,1,1,0,0,0,96
38502,boundary,wave,wave,u*dx(v),8.4386630723919e-14,2,0,24,1,1.78664843641885e-15,2.75830469576022e-11,96,0
38502,boundary,wave,wave,v*dy(v),0,1,0,1,1,0,0,0,96
38502,boundary,wave,wave,w*dz(v),0,1,0,1,1,0,0,0,96
38502,boundary,wave,wave,u*dx(w),9.96570334671978e-17,2,0,24,1,6.66133814775094e-16,2.71889177838602e-11,96,0
38502,boundary,wave,wave,v*dy(w),0,1,0,1,1,0,0,0,96
38502,boundary,wave,wave,w*dz(w),0,1,0,1,1,0,0,0,96
38502,boundary,wave,wave,u*dx(eta),9.52330881284482e-15,2,0,24,1,8.83691098911684e-16,1.80709986934683e-11,96,0
38502,boundary,wave,wave,v*dy(eta),0,1,0,1,1,0,0,0,96
38502,boundary,wave,wave,w*dz(eta),0,1,0,1,1,0,0,0,96
38502,boundary,wave,wave,w*eta*dlogN2,0,1,0,1,1,0,0,0,96
38502,apv,boundary,wave,u*dx(u),4.45611813635576e-15,5,0,1,0,2.51594587836061e-15,2.1920239251534e-11,12,0
38502,apv,boundary,wave,v*dy(u),0,-1,0,1,0,0,0,0,12
38502,apv,boundary,wave,w*dz(u),0,-1,0,1,0,0,0,0,12
38502,apv,boundary,wave,u*dx(v),2.74033372567121e-15,5,0,1,0,1.1368061412217e-15,2.10367279152024e-11,12,0
38502,apv,boundary,wave,v*dy(v),0,-1,0,1,0,0,0,0,12
38502,apv,boundary,wave,w*dz(v),0,-1,0,1,0,0,0,0,12
38502,apv,boundary,wave,u*dx(w),0,-1,0,1,0,0,0,0,12
38502,apv,boundary,wave,v*dy(w),0,-1,0,1,0,0,0,0,12
38502,apv,boundary,wave,w*dz(w),0,-1,0,1,0,0,0,0,12
38502,apv,boundary,wave,u*dx(eta),5.15524292588115e-16,1,0,2,0,5.19989065392875e-16,2.31490382418542e-11,12,0
38502,apv,boundary,wave,v*dy(eta),0,-1,0,1,0,0,0,0,12
38502,apv,boundary,wave,w*dz(eta),0,-1,0,1,0,0,0,0,12
38502,apv,boundary,wave,w*eta*dlogN2,0,-1,0,1,0,0,0,0,12
38502,boundary,apv,wave,u*dx(u),4.15233240903414e-15,1,0,4,0,1.27560973947909e-15,2.26137791508133e-11,12,0
38502,boundary,apv,wave,v*dy(u),0,1,0,-1,0,0,0,0,12
38502,boundary,apv,wave,w*dz(u),0,1,0,-1,0,0,0,0,12
38502,boundary,apv,wave,u*dx(v),3.00198431897056e-15,1,0,4,0,1.19925191565717e-15,2.24884555422022e-11,12,0
38502,boundary,apv,wave,v*dy(v),0,1,0,-1,0,0,0,0,12
38502,boundary,apv,wave,w*dz(v),0,1,0,-1,0,0,0,0,12
38502,boundary,apv,wave,u*dx(w),0,1,0,-1,0,0,0,0,12
38502,boundary,apv,wave,v*dy(w),0,1,0,-1,0,0,0,0,12
38502,boundary,apv,wave,w*dz(w),0,1,0,-1,0,0,0,0,12
38502,boundary,apv,wave,u*dx(eta),9.17388119164748e-16,2,0,2,0,9.48274932051845e-16,2.82511264410171e-11,12,0
38502,boundary,apv,wave,v*dy(eta),0,1,0,-1,0,0,0,0,12
38502,boundary,apv,wave,w*dz(eta),0,1,0,-1,0,0,0,0,12
38502,boundary,apv,wave,w*eta*dlogN2,0,1,0,-1,0,0,0,0,12
38502,boundary,boundary,wave,u*dx(u),4.96228823277218e-15,2,0,1,0,2.34099806776954e-15,6.54448786051015e-10,4,0
38502,boundary,boundary,wave,v*dy(u),0,1,0,1,0,0,0,0,4
38502,boundary,boundary,wave,w*dz(u),0,1,0,1,0,0,0,0,4
38502,boundary,boundary,wave,u*dx(v),4.1357432983849e-15,2,0,1,0,2.22150475326202e-15,6.01685812284813e-10,4,0
38502,boundary,boundary,wave,v*dy(v),0,1,0,1,0,0,0,0,4
38502,boundary,boundary,wave,w*dz(v),0,1,0,1,0,0,0,0,4
38502,boundary,boundary,wave,u*dx(w),0,1,0,1,0,0,0,0,4
38502,boundary,boundary,wave,v*dy(w),0,1,0,1,0,0,0,0,4
38502,boundary,boundary,wave,w*dz(w),0,1,0,1,0,0,0,0,4
38502,boundary,boundary,wave,u*dx(eta),9.46075820976675e-16,1,0,2,0,6.63834432439896e-16,6.11604544786815e-10,4,0
38502,boundary,boundary,wave,v*dy(eta),0,1,0,1,0,0,0,0,4
38502,boundary,boundary,wave,w*dz(eta),0,1,0,1,0,0,0,0,4
38502,boundary,boundary,wave,w*eta*dlogN2,0,1,0,1,0,0,0,0,4
39898,wave,wave,wave,u*dx(u),7.86214497528591e-07,24,1,23,1,3.67607330274056e-15,2.59526010446033e-11,2304,0
39898,wave,wave,wave,v*dy(u),7.86214497536955e-07,24,1,23,1,3.62459614936005e-15,2.59904689916019e-11,2304,0
39898,wave,wave,wave,w*dz(u),7.86482279638597e-07,24,1,23,1,1.26682992614023e-14,1.41330779359599e-06,2304,0
39898,wave,wave,wave,u*dx(v),7.85199549553812e-07,24,1,23,1,3.55792484370281e-15,2.59359200782683e-11,2304,0
39898,wave,wave,wave,v*dy(v),7.85199549528005e-07,24,-1,23,1,3.57919819049271e-15,2.59883226050306e-11,2304,0
39898,wave,wave,wave,w*dz(v),7.85466815408695e-07,24,1,23,1,1.2415454295424e-14,1.3737627569578e-06,2304,0
39898,wave,wave,wave,u*dx(w),8.79948759625408e-10,24,1,24,1,1.11022302462516e-15,2.59836596683272e-11,2304,0
39898,wave,wave,wave,v*dy(w),8.79948759616967e-10,24,1,24,1,9.99200722162641e-16,2.60360621950895e-11,2304,0
39898,wave,wave,wave,w*dz(w),8.79948801822541e-10,24,1,24,1,9.99200722162641e-16,2.59616772524396e-11,2304,0
39898,wave,wave,wave,u*dx(eta),5.97881202117172e-08,24,1,24,1,1.28740839016756e-15,2.58906229788636e-11,2304,0
39898,wave,wave,wave,v*dy(eta),5.97881202102833e-08,24,1,24,1,1.28967727394942e-15,2.59432475502308e-11,2304,0
39898,wave,wave,wave,w*dz(eta),5.97881218204429e-08,24,1,24,1,1.00171919964193e-15,2.60085286640788e-11,2304,0
39898,wave,wave,wave,w*eta*dlogN2,3.60891282658736e-08,24,1,23,1,1.11022302462516e-15,2.59505750221933e-11,2304,0
39898,wave,apv,wave,u*dx(u),5.86919798661115e-11,24,1,5,0,2.23653192008484e-15,2.74731693017733e-11,288,0
39898,wave,apv,wave,v*dy(u),5.86920180288971e-11,24,1,5,0,2.48383199739718e-15,2.75102599467031e-11,288,0
39898,wave,apv,wave,w*dz(u),6.13925466597332e-11,24,1,5,0,2.4085445277106e-15,2.71092678377512e-11,288,0
39898,wave,apv,wave,u*dx(v),5.86385662256523e-11,24,1,5,0,2.2489743516281e-15,2.58897348004439e-11,288,0
39898,wave,apv,wave,v*dy(v),5.86386252087245e-11,24,1,5,0,2.2289168211619e-15,2.5942581416416e-11,288,0
39898,wave,apv,wave,w*dz(v),6.13370930759833e-11,24,1,5,0,2.34187606630574e-15,2.59225974019728e-11,288,0
39898,wave,apv,wave,u*dx(w),0,1,1,-1,0,0,0,0,288
39898,wave,apv,wave,v*dy(w),0,1,1,-1,0,0,0,0,288
39898,wave,apv,wave,w*dz(w),0,1,1,-1,0,0,0,0,288
39898,wave,apv,wave,u*dx(eta),2.6106143338611e-12,24,1,5,0,7.74541229187067e-16,2.58966181831966e-11,288,0
39898,wave,apv,wave,v*dy(eta),2.61061017842344e-12,24,1,5,0,1.3993064484894e-15,2.59492427545638e-11,288,0
39898,wave,apv,wave,w*dz(eta),2.54622837721209e-12,24,1,5,0,7.7715611723761e-16,1.79152359613965e-10,288,0
39898,wave,apv,wave,w*eta*dlogN2,6.10301551724572e-12,24,1,5,0,1.26005193156338e-15,2.62543320417308e-11,288,0
39898,apv,wave,wave,u*dx(u),5.86921190788665e-11,5,0,24,1,2.32614665077335e-15,2.48204929024768e-11,288,0
39898,apv,wave,wave,v*dy(u),5.86921190788665e-11,5,0,24,1,2.32614665077335e-15,2.48204929024768e-11,288,0
39898,apv,wave,wave,w*dz(u),0,-1,0,1,1,0,0,0,288
39898,apv,wave,wave,u*dx(v),5.86388180081653e-11,5,0,24,1,2.32377852971666e-15,2.31744623491181e-11,288,0
39898,apv,wave,wave,v*dy(v),5.86388180081653e-11,5,0,24,1,2.32377852971666e-15,2.31744623491181e-11,288,0
39898,apv,wave,wave,w*dz(v),0,-1,0,1,1,0,0,0,288
39898,apv,wave,wave,u*dx(w),4.40166422117345e-14,5,0,24,1,5.55111512312578e-16,2.77318168429019e-11,288,0
39898,apv,wave,wave,v*dy(w),4.40166422117345e-14,5,0,24,1,5.55111512312578e-16,2.77318168429019e-11,288,0
39898,apv,wave,wave,w*dz(w),0,-1,0,1,1,0,0,0,288
39898,apv,wave,wave,u*dx(eta),2.54582801845937e-12,5,0,24,1,6.98873150593733e-16,1.68842717584994e-11,288,0
39898,apv,wave,wave,v*dy(eta),2.54582801845937e-12,5,0,24,1,6.98873150593733e-16,1.68842717584994e-11,288,0
39898,apv,wave,wave,w*dz(eta),0,-1,0,1,1,0,0,0,288
39898,apv,wave,wave,w*eta*dlogN2,0,-1,0,1,1,0,0,0,288
39898,wave,boundary,wave,u*dx(u),4.19867896175912e-14,24,1,2,0,2.1252632615111e-15,2.68498850446881e-11,96,0
39898,wave,boundary,wave,v*dy(u),4.22100079519312e-14,24,1,2,0,1.63837609822497e-15,2.68897977119276e-11,96,0
39898,wave,boundary,wave,w*dz(u),2.15213156934243e-14,24,1,1,0,1.9229340803873e-15,2.59290366955156e-11,96,0
39898,wave,boundary,wave,u*dx(v),4.03296126557108e-14,24,1,2,0,1.8483239177351e-15,2.67181832214192e-11,96,0
39898,wave,boundary,wave,v*dy(v),4.17277214247091e-14,24,1,2,0,2.13265167954507e-15,2.67708077927864e-11,96,0
39898,wave,boundary,wave,w*dz(v),2.15297512896246e-14,24,1,1,0,1.61009745979414e-15,2.59290366955156e-11,96,0
39898,wave,boundary,wave,u*dx(w),0,1,1,1,0,0,0,0,96
39898,wave,boundary,wave,v*dy(w),0,1,1,1,0,0,0,0,96
39898,wave,boundary,wave,w*dz(w),0,1,1,1,0,0,0,0,96
39898,wave,boundary,wave,u*dx(eta),1.09179125997618e-15,24,1,1,0,5.55111512312578e-16,2.59599008956002e-11,96,0
39898,wave,boundary,wave,v*dy(eta),1.0848465128738e-15,24,1,1,0,5.55111512312578e-16,2.60125254669674e-11,96,0
39898,wave,boundary,wave,w*dz(eta),1.83621809763528e-15,24,1,2,0,1.01324008296203e-15,2.59310350969599e-11,96,0
39898,wave,boundary,wave,w*eta*dlogN2,1.59499792982345e-15,24,1,1,0,5.34356395980539e-16,2.59445798178604e-11,96,0
39898,boundary,wave,wave,u*dx(u),4.59493203666785e-14,2,0,24,1,1.74751969970319e-15,2.36843877843285e-11,96,0
39898,boundary,wave,wave,v*dy(u),4.59493203666785e-14,2,0,24,1,1.74751969970319e-15,2.36843877843285e-11,96,0
39898,boundary,wave,wave,w*dz(u),0,1,0,1,1,0,0,0,96
39898,boundary,wave,wave,u*dx(v),4.53558797534484e-14,2,0,24,1,1.91011156966592e-15,2.36953789922723e-11,96,0
39898,boundary,wave,wave,v*dy(v),4.53558797534484e-14,2,0,24,1,1.91011156966592e-15,2.36953789922723e-11,96,0
39898,boundary,wave,wave,w*dz(v),0,1,0,1,1,0,0,0,96
39898,boundary,wave,wave,u*dx(w),2.81292448159104e-17,1,0,18,1,8.88178419700125e-16,2.40922837235757e-11,96,0
39898,boundary,wave,wave,v*dy(w),2.81292448159104e-17,1,0,18,1,8.88178419700125e-16,2.40922837235757e-11,96,0
39898,boundary,wave,wave,w*dz(w),0,1,0,1,1,0,0,0,96
39898,boundary,wave,wave,u*dx(eta),1.96493888294415e-15,2,0,24,1,8.32915598432679e-16,1.28385080344628e-11,96,0
39898,boundary,wave,wave,v*dy(eta),1.96493888294415e-15,2,0,24,1,8.32915598432679e-16,1.28385080344628e-11,96,0
39898,boundary,wave,wave,w*dz(eta),0,1,0,1,1,0,0,0,96
39898,boundary,wave,wave,w*eta*dlogN2,0,1,0,1,1,0,0,0,96
39898,apv,boundary,wave,u*dx(u),4.81326083738148e-15,5,0,1,0,1.75876105561164e-15,2.3654092661839e-11,12,0
39898,apv,boundary,wave,v*dy(u),4.81326083738148e-15,5,0,1,0,1.75876105561164e-15,2.3654092661839e-11,12,0
39898,apv,boundary,wave,w*dz(u),0,-1,0,1,0,0,0,0,12
39898,apv,boundary,wave,u*dx(v),2.85133454326365e-15,3,0,1,0,1.82625326885613e-15,2.34174901692086e-11,12,0
39898,apv,boundary,wave,v*dy(v),2.85133454326365e-15,3,0,1,0,1.82625326885613e-15,2.34174901692086e-11,12,0
39898,apv,boundary,wave,w*dz(v),0,-1,0,1,0,0,0,0,12
39898,apv,boundary,wave,u*dx(w),0,-1,0,1,0,0,0,0,12
39898,apv,boundary,wave,v*dy(w),0,-1,0,1,0,0,0,0,12
39898,apv,boundary,wave,w*dz(w),0,-1,0,1,0,0,0,0,12
39898,apv,boundary,wave,u*dx(eta),3.01650668805786e-16,-1,0,2,0,3.02635703083079e-16,2.25406360243596e-11,12,0
39898,apv,boundary,wave,v*dy(eta),3.01650668805786e-16,-1,0,2,0,3.02635703083079e-16,2.25406360243596e-11,12,0
39898,apv,boundary,wave,w*dz(eta),0,-1,0,1,0,0,0,0,12
39898,apv,boundary,wave,w*eta*dlogN2,0,-1,0,1,0,0,0,0,12
39898,boundary,apv,wave,u*dx(u),4.79533292761482e-15,1,0,5,0,1.86610758507291e-15,2.25766922540967e-11,12,0
39898,boundary,apv,wave,v*dy(u),4.79533292761482e-15,1,0,5,0,1.86610758507291e-15,2.25766922540967e-11,12,0
39898,boundary,apv,wave,w*dz(u),0,1,0,-1,0,0,0,0,12
39898,boundary,apv,wave,u*dx(v),2.95493598816274e-15,1,0,5,0,1.32114981706895e-15,2.22153406781445e-11,12,0
39898,boundary,apv,wave,v*dy(v),2.95493598816274e-15,1,0,5,0,1.32114981706895e-15,2.22153406781445e-11,12,0
39898,boundary,apv,wave,w*dz(v),0,1,0,-1,0,0,0,0,12
39898,boundary,apv,wave,u*dx(w),0,1,0,-1,0,0,0,0,12
39898,boundary,apv,wave,v*dy(w),0,1,0,-1,0,0,0,0,12
39898,boundary,apv,wave,w*dz(w),0,1,0,-1,0,0,0,0,12
39898,boundary,apv,wave,u*dx(eta),4.42029555119704e-16,2,0,1,0,4.44089209850063e-16,1.51571084046276e-11,12,0
39898,boundary,apv,wave,v*dy(eta),4.42029555119704e-16,2,0,1,0,4.44089209850063e-16,1.51571084046276e-11,12,0
39898,boundary,apv,wave,w*dz(eta),0,1,0,-1,0,0,0,0,12
39898,boundary,apv,wave,w*eta*dlogN2,0,1,0,-1,0,0,0,0,12
39898,boundary,boundary,wave,u*dx(u),1.43973859883534e-14,1,0,2,0,6.64534647623781e-15,9.20524777267938e-10,4,0
39898,boundary,boundary,wave,v*dy(u),1.43973859883534e-14,1,0,2,0,6.64534647623781e-15,9.20524777267938e-10,4,0
39898,boundary,boundary,wave,w*dz(u),0,1,0,1,0,0,0,0,4
39898,boundary,boundary,wave,u*dx(v),1.42500471139145e-14,1,0,2,0,6.60223484742094e-15,6.05489214322574e-10,4,0
39898,boundary,boundary,wave,v*dy(v),1.42500471139145e-14,1,0,2,0,6.60223484742094e-15,6.05489214322574e-10,4,0
39898,boundary,boundary,wave,w*dz(v),0,1,0,1,0,0,0,0,4
39898,boundary,boundary,wave,u*dx(w),0,1,0,1,0,0,0,0,4
39898,boundary,boundary,wave,v*dy(w),0,1,0,1,0,0,0,0,4
39898,boundary,boundary,wave,w*dz(w),0,1,0,1,0,0,0,0,4
39898,boundary,boundary,wave,u*dx(eta),9.27244410658418e-16,1,0,2,0,7.7715611723761e-16,5.62934587833297e-10,4,0
39898,boundary,boundary,wave,v*dy(eta),9.27244410658418e-16,1,0,2,0,7.7715611723761e-16,5.62934587833297e-10,4,0
39898,boundary,boundary,wave,w*dz(eta),0,1,0,1,0,0,0,0,4
39898,boundary,boundary,wave,w*eta*dlogN2,0,1,0,1,0,0,0,0,4
40637,wave,wave,wave,u*dx(u),7.86213080375033e-07,24,-1,23,1,3.56450174726311e-15,1.1788037213023e-10,2304,0
40637,wave,wave,wave,v*dy(u),7.86213080336903e-07,24,1,23,1,3.63943599830634e-15,1.17908571795056e-10,2304,0
40637,wave,wave,wave,w*dz(u),7.86480916873359e-07,24,1,23,1,8.90724034845747e-15,1.09254995524345e-06,2304,0
40637,wave,wave,wave,u*dx(v),7.77229479899246e-07,24,-1,23,1,3.41635490238111e-15,1.17874376925897e-10,2304,0
40637,wave,wave,wave,v*dy(v),7.77229479886364e-07,24,1,23,1,3.44008426347329e-15,1.17902576590723e-10,2304,0
40637,wave,wave,wave,w*dz(v),7.77492792055722e-07,24,1,23,1,7.92945011153719e-15,9.95609054249632e-07,2304,0
40637,wave,wave,wave,u*dx(w),2.63983816949629e-09,24,1,24,1,9.99200722162641e-16,1.18011600491741e-10,2304,0
40637,wave,wave,wave,v*dy(w),2.63983816939712e-09,24,1,24,1,9.99200722162641e-16,1.18010490268716e-10,2304,0
40637,wave,wave,wave,w*dz(w),2.63984083875076e-09,24,1,24,1,9.99200722162641e-16,1.18147047700745e-10,2304,0
40637,wave,wave,wave,u*dx(eta),1.77180433702814e-07,24,1,24,1,1.68718857590663e-15,5.90931747979084e-11,2304,0
40637,wave,wave,wave,v*dy(eta),1.77180433690581e-07,24,1,24,1,1.60091256715425e-15,5.90927307086986e-11,2304,0
40637,wave,wave,wave,w*dz(eta),1.77180534213183e-07,24,1,24,1,1.63660783349269e-15,5.90312243531343e-11,2304,0
40637,wave,wave,wave,w*eta*dlogN2,1.07043931577751e-07,24,1,23,1,1.75544847294358e-15,5.90476556538988e-11,2304,0
40637,wave,apv,wave,u*dx(u),5.86936920857358e-11,24,1,5,0,2.46156325081408e-15,1.0594879067525e-11,288,0
40637,wave,apv,wave,v*dy(u),5.86936421989006e-11,24,1,5,0,2.37167322055007e-15,1.05989690050092e-11,288,0
40637,wave,apv,wave,w*dz(u),6.13943171898418e-11,24,1,5,0,2.59000666559067e-15,2.70179560890115e-11,288,0
40637,wave,apv,wave,u*dx(v),5.82185791913361e-11,24,1,5,0,2.26498861228988e-15,7.92966224216727e-12,288,0
40637,wave,apv,wave,v*dy(v),5.82186257664687e-11,24,1,5,0,2.05885900383312e-15,7.92958422543441e-12,288,0
40637,wave,apv,wave,w*dz(v),6.09002569591162e-11,24,1,5,0,2.09125137625039e-15,2.0881019542679e-11,288,0
40637,wave,apv,wave,u*dx(w),0,1,1,-1,0,0,0,0,288
40637,wave,apv,wave,v*dy(w),0,1,1,-1,0,0,0,0,288
40637,wave,apv,wave,w*dz(w),0,1,1,-1,0,0,0,0,288
40637,wave,apv,wave,u*dx(eta),7.77593224245398e-12,24,1,5,0,1.2453049983942e-15,2.49507871075694e-11,288,0
40637,wave,apv,wave,v*dy(eta),7.77593029623566e-12,24,1,5,0,1.14574937280829e-15,2.49575922508847e-11,288,0
40637,wave,apv,wave,w*dz(eta),7.58394957470839e-12,24,1,5,0,9.91583362437874e-16,2.10188422222757e-10,288,0
40637,wave,apv,wave,w*eta*dlogN2,1.81858480211401e-11,24,1,5,0,1.30130584421229e-15,2.89760642143699e-11,288,0
40637,apv,wave,wave,u*dx(u),5.86970130277513e-11,5,0,24,1,2.37897449758735e-15,1.17932394412325e-10,288,0
40637,apv,wave,wave,v*dy(u),5.86970320408685e-11,5,0,24,1,2.37332451184137e-15,1.17932208437371e-10,288,0
40637,apv,wave,wave,w*dz(u),0,-1,0,1,1,0,0,0,288
40637,apv,wave,wave,u*dx(v),5.82219472695408e-11,5,0,24,1,2.16769375358806e-15,1.17857279491318e-10,288,0
40637,apv,wave,wave,v*dy(v),5.8221934409006e-11,5,0,24,1,2.17309089071338e-15,1.17857279491318e-10,288,0
40637,apv,wave,wave,w*dz(v),0,-1,0,1,1,0,0,0,288
40637,apv,wave,wave,u*dx(w),1.32042873019487e-13,5,0,24,1,5.55111512312578e-16,1.18662191184171e-10,288,0
40637,apv,wave,wave,v*dy(w),1.32042954029868e-13,5,0,24,1,5.55111512312578e-16,1.18662191184171e-10,288,0
40637,apv,wave,wave,w*dz(w),0,-1,0,1,1,0,0,0,288
40637,apv,wave,wave,u*dx(eta),7.58314387861953e-12,5,0,24,1,1.02850268660291e-15,5.97619731479426e-11,288,0
40637,apv,wave,wave,v*dy(eta),7.58313953378339e-12,5,0,24,1,1.05895083004553e-15,5.97619731479426e-11,288,0
40637,apv,wave,wave,w*dz(eta),0,-1,0,1,1,0,0,0,288
40637,apv,wave,wave,w*eta*dlogN2,0,-1,0,1,1,0,0,0,288
40637,wave,boundary,wave,u*dx(u),1.78961886244527e-14,24,1,2,0,2.53413073223572e-15,1.52371404691613e-11,96,0
40637,wave,boundary,wave,v*dy(u),1.90226883668019e-14,24,1,2,0,2.07248727959225e-15,1.52427122324749e-11,96,0
40637,wave,boundary,wave,w*dz(u),2.350724001262e-14,24,1,2,0,1.6824535678892e-15,5.60760134844655e-12,96,0
40637,wave,boundary,wave,u*dx(v),1.91110954702143e-14,24,1,2,0,1.7173705837973e-15,9.70227907913047e-12,96,0
40637,wave,boundary,wave,v*dy(v),1.88754469892897e-14,24,1,2,0,1.69779529292119e-15,9.70217245536353e-12,96,0
40637,wave,boundary,wave,w*dz(v),2.32320627432816e-14,24,1,2,0,1.49915629404835e-15,5.31052979368951e-12,96,0
40637,wave,boundary,wave,u*dx(w),0,1,1,1,0,0,0,0,96
40637,wave,boundary,wave,v*dy(w),0,1,1,1,0,0,0,0,96
40637,wave,boundary,wave,w*dz(w),0,1,1,1,0,0,0,0,96
40637,wave,boundary,wave,u*dx(eta),2.83766041845702e-15,24,1,2,0,5.68228863015982e-16,5.27089483171039e-12,96,0
40637,wave,boundary,wave,v*dy(eta),2.84608804582505e-15,24,1,2,0,7.47943401481791e-16,5.28121990583941e-12,96,0
40637,wave,boundary,wave,w*dz(eta),2.87158079699024e-15,24,1,2,0,8.60520566437816e-16,5.36726219024786e-12,96,0
40637,wave,boundary,wave,w*eta*dlogN2,2.11701894284265e-15,24,1,1,0,1.60479389538975e-15,5.30497867856639e-12,96,0
40637,boundary,wave,wave,u*dx(u),8.42490112596613e-14,1,0,24,1,1.79397493930227e-15,1.1743672700959e-10,96,0
40637,boundary,wave,wave,v*dy(u),8.41641217589164e-14,1,0,24,1,1.94624190669413e-15,1.1743672700959e-10,96,0
40637,boundary,wave,wave,w*dz(u),0,1,0,1,1,0,0,0,96
40637,boundary,wave,wave,u*dx(v),8.36276105374483e-14,1,0,24,1,2.20566167676276e-15,1.17431175894467e-10,96,0
40637,boundary,wave,wave,v*dy(v),8.36199187031852e-14,1,0,24,1,2.1314283821706e-15,1.17430953849862e-10,96,0
40637,boundary,wave,wave,w*dz(v),0,1,0,1,1,0,0,0,96
40637,boundary,wave,wave,u*dx(w),1.48405394315071e-16,2,0,24,1,4.44089209850063e-16,1.16657350446303e-10,96,0
40637,boundary,wave,wave,v*dy(w),1.48860635075457e-16,2,0,24,1,6.66133814775094e-16,1.16657350446303e-10,96,0
40637,boundary,wave,wave,w*dz(w),0,1,0,1,1,0,0,0,96
40637,boundary,wave,wave,u*dx(eta),1.06049438064495e-14,1,0,24,1,1.24194430211793e-15,5.76221292902801e-11,96,0
40637,boundary,wave,wave,v*dy(eta),1.06018011725243e-14,1,0,24,1,1.1136671260614e-15,5.76221292902801e-11,96,0
40637,boundary,wave,wave,w*dz(eta),0,1,0,1,1,0,0,0,96
40637,boundary,wave,wave,w*eta*dlogN2,0,1,0,1,1,0,0,0,96
40637,apv,boundary,wave,u*dx(u),4.70968240128886e-15,5,0,1,0,1.86929376979462e-15,2.43670828213939e-11,12,0
40637,apv,boundary,wave,v*dy(u),4.70811061243368e-15,5,0,1,0,1.89412318685213e-15,2.43671219671742e-11,12,0
40637,apv,boundary,wave,w*dz(u),0,-1,0,1,0,0,0,0,12
40637,apv,boundary,wave,u*dx(v),2.58945668174372e-15,3,0,1,0,1.37693185571677e-15,2.38979946942663e-11,12,0
40637,apv,boundary,wave,v*dy(v),2.60780853161565e-15,3,0,1,0,1.31901706330377e-15,2.38977726496614e-11,12,0
40637,apv,boundary,wave,w*dz(v),0,-1,0,1,0,0,0,0,12
40637,apv,boundary,wave,u*dx(w),0,-1,0,1,0,0,0,0,12
40637,apv,boundary,wave,v*dy(w),0,-1,0,1,0,0,0,0,12
40637,apv,boundary,wave,w*dz(w),0,-1,0,1,0,0,0,0,12
40637,apv,boundary,wave,u*dx(eta),4.81799994587387e-16,5,0,2,0,4.51825711187704e-16,2.29221086556208e-11,12,0
40637,apv,boundary,wave,v*dy(eta),4.74474888617257e-16,5,0,2,0,4.65024010823716e-16,2.29223307002258e-11,12,0
40637,apv,boundary,wave,w*dz(eta),0,-1,0,1,0,0,0,0,12
40637,apv,boundary,wave,w*eta*dlogN2,0,-1,0,1,0,0,0,0,12
40637,boundary,apv,wave,u*dx(u),4.31796581804793e-15,1,0,4,0,1.81005201415015e-15,2.09037804595668e-11,12,0
40637,boundary,apv,wave,v*dy(u),4.33795682268777e-15,1,0,4,0,1.80314617959775e-15,2.0903873161439e-11,12,0
40637,boundary,apv,wave,w*dz(u),0,1,0,-1,0,0,0,0,12
40637,boundary,apv,wave,u*dx(v),3.10218936592207e-15,1,0,4,0,1.62798412080465e-15,1.94706473166661e-11,12,0
40637,boundary,apv,wave,v*dy(v),3.10118219787814e-15,1,0,4,0,1.58587340275819e-15,1.94706473166661e-11,12,0
40637,boundary,apv,wave,w*dz(v),0,1,0,-1,0,0,0,0,12
40637,boundary,apv,wave,u*dx(w),0,1,0,-1,0,0,0,0,12
40637,boundary,apv,wave,v*dy(w),0,1,0,-1,0,0,0,0,12
40637,boundary,apv,wave,w*dz(w),0,1,0,-1,0,0,0,0,12
40637,boundary,apv,wave,u*dx(eta),1.10481000209674e-15,2,0,1,0,6.47548931036147e-16,3.43904833910823e-11,12,0
40637,boundary,apv,wave,v*dy(eta),1.07821994267152e-15,2,0,2,0,7.25517701857338e-16,3.43904837299518e-11,12,0
40637,boundary,apv,wave,w*dz(eta),0,1,0,-1,0,0,0,0,12
40637,boundary,apv,wave,w*eta*dlogN2,0,1,0,-1,0,0,0,0,12
40637,boundary,boundary,wave,u*dx(u),4.46686625705286e-15,1,0,1,0,1.55384254825813e-15,2.47579838502437e-10,4,0
40637,boundary,boundary,wave,v*dy(u),4.51238977803066e-15,1,0,1,0,1.59547583536064e-15,2.47579860649969e-10,4,0
40637,boundary,boundary,wave,w*dz(u),0,1,0,1,0,0,0,0,4
40637,boundary,boundary,wave,u*dx(v),2.98800696913871e-15,2,0,1,0,1.27440245304162e-15,8.02857780257682e-11,4,0
40637,boundary,boundary,wave,v*dy(v),2.97961057589516e-15,2,0,1,0,1.26110437981958e-15,8.02857780257682e-11,4,0
40637,boundary,boundary,wave,w*dz(v),0,1,0,1,0,0,0,0,4
40637,boundary,boundary,wave,u*dx(w),0,1,0,1,0,0,0,0,4
40637,boundary,boundary,wave,v*dy(w),0,1,0,1,0,0,0,0,4
40637,boundary,boundary,wave,w*dz(w),0,1,0,1,0,0,0,0,4
40637,boundary,boundary,wave,u*dx(eta),6.37897191412264e-16,1,0,2,0,5.65581997051833e-16,8.35896907247502e-11,4,0
40637,boundary,boundary,wave,v*dy(eta),6.18942957149664e-16,1,0,2,0,5.71667468355331e-16,8.35895797024477e-11,4,0
40637,boundary,boundary,wave,w*dz(eta),0,1,0,1,0,0,0,0,4
40637,boundary,boundary,wave,w*eta*dlogN2,0,1,0,1,0,0,0,0,4
40707,wave,wave,wave,u*dx(u),7.86101408517602e-07,24,-1,23,1,3.65149662701233e-15,1.2679590710718e-10,2304,0
40707,wave,wave,wave,v*dy(u),7.86101408557817e-07,24,-1,23,1,3.6493245452412e-15,1.2703216256682e-10,2304,0
40707,wave,wave,wave,w*dz(u),7.86369210052961e-07,24,1,23,1,2.27687645073472e-14,3.08078159965982e-06,2304,0
40707,wave,wave,wave,u*dx(v),7.84412992172256e-07,24,-1,23,1,3.59781072810957e-15,1.2679590710718e-10,2304,0
40707,wave,wave,wave,v*dy(v),7.84412992209811e-07,24,-1,23,1,3.53499136449987e-15,1.2703216256682e-10,2304,0
40707,wave,wave,wave,w*dz(v),7.84679935730563e-07,24,1,23,1,2.22445931125758e-14,2.973258859321e-06,2304,0
40707,wave,wave,wave,u*dx(w),1.20937239297403e-09,24,1,24,1,8.88178419700125e-16,1.26195276450858e-10,2304,0
40707,wave,wave,wave,v*dy(w),1.20937239302297e-09,24,1,24,1,9.99200722162641e-16,1.26431531910498e-10,2304,0
40707,wave,wave,wave,w*dz(w),1.20937303356475e-09,24,1,24,1,9.99200722162641e-16,1.27599264487799e-10,2304,0
40707,wave,wave,wave,u*dx(eta),8.2057655468324e-08,24,1,24,1,1.3217449604059e-15,1.23981935828965e-10,2304,0
40707,wave,wave,wave,v*dy(eta),8.20576554716662e-08,24,1,24,1,1.23652276563924e-15,1.24217969244e-10,2304,0
40707,wave,wave,wave,w*dz(eta),8.20576798647346e-08,24,1,24,1,1.44300682956513e-15,1.253586123795e-10,2304,0
40707,wave,wave,wave,w*eta*dlogN2,4.95365181584712e-08,24,1,23,1,1.56419498401777e-15,1.24791288413917e-10,2304,0
40707,wave,apv,wave,u*dx(u),5.86840056694746e-11,24,1,5,0,2.41811567208974e-15,1.22537313629323e-10,288,0
40707,wave,apv,wave,v*dy(u),5.86841484759086e-11,24,1,5,0,2.33367115509901e-15,1.22773124999753e-10,288,0
40707,wave,apv,wave,w*dz(u),6.13840961164739e-11,24,1,5,0,2.42947005307037e-15,1.22704513216831e-10,288,0
40707,wave,apv,wave,u*dx(v),5.85952619937691e-11,24,1,5,0,2.24930965938284e-15,1.22537313629323e-10,288,0
40707,wave,apv,wave,v*dy(v),5.85953063824945e-11,24,1,5,0,2.28622841444388e-15,1.22773124999753e-10,288,0
40707,wave,apv,wave,w*dz(v),6.12917680063544e-11,24,1,5,0,2.38834224161162e-15,1.22704513216831e-10,288,0
40707,wave,apv,wave,u*dx(w),0,1,1,-1,0,0,0,0,288
40707,wave,apv,wave,v*dy(w),0,1,1,-1,0,0,0,0,288
40707,wave,apv,wave,w*dz(w),0,1,1,-1,0,0,0,0,288
40707,wave,apv,wave,u*dx(eta),3.58493393204591e-12,24,1,5,0,8.49106017889614e-16,1.22150067838334e-10,288,0
40707,wave,apv,wave,v*dy(eta),3.58493149581875e-12,24,1,5,0,8.36839431077961e-16,1.22385879208764e-10,288,0
40707,wave,apv,wave,w*dz(eta),3.49652094538436e-12,24,1,5,0,9.30671102462615e-16,1.49824153083955e-10,288,0
40707,wave,apv,wave,w*eta*dlogN2,8.3813970489161e-12,24,1,5,0,8.66759012655389e-16,1.23075549751661e-10,288,0
40707,apv,wave,wave,u*dx(u),5.8685921396668e-11,5,0,24,1,2.22769086094487e-15,9.8985406360562e-12,288,0
40707,apv,wave,wave,v*dy(u),5.8685921396668e-11,5,0,24,1,2.22769086094487e-15,9.8985406360562e-12,288,0
40707,apv,wave,wave,w*dz(u),0,-1,0,1,1,0,0,0,288
40707,apv,wave,wave,u*dx(v),5.85969625699674e-11,5,0,24,1,2.16818319264659e-15,8.04499260787235e-12,288,0
40707,apv,wave,wave,v*dy(v),5.85969625699674e-11,5,0,24,1,2.16818319264659e-15,8.04499260787235e-12,288,0
40707,apv,wave,wave,w*dz(v),0,-1,0,1,1,0,0,0,288
40707,apv,wave,wave,u*dx(w),6.04952459088326e-14,5,0,24,1,5.55111512312578e-16,5.09170483553589e-12,288,0
40707,apv,wave,wave,v*dy(w),6.04952459088326e-14,5,0,24,1,5.55111512312578e-16,5.09170483553589e-12,288,0
40707,apv,wave,wave,w*dz(w),0,-1,0,1,1,0,0,0,288
40707,apv,wave,wave,u*dx(eta),3.49605921092863e-12,5,0,24,1,1.12524884200784e-15,5.31228647149098e-12,288,0
40707,apv,wave,wave,v*dy(eta),3.49605921092863e-12,5,0,24,1,1.12524884200784e-15,5.31228647149098e-12,288,0
40707,apv,wave,wave,w*dz(eta),0,-1,0,1,1,0,0,0,288
40707,apv,wave,wave,w*eta*dlogN2,0,-1,0,1,1,0,0,0,288
40707,wave,boundary,wave,u*dx(u),6.85481797523438e-14,24,1,2,0,1.77053592183696e-15,1.23279830788192e-10,96,0
40707,wave,boundary,wave,v*dy(u),6.84053413391633e-14,24,1,2,0,1.91134538170057e-15,1.23516086247832e-10,96,0
40707,wave,boundary,wave,w*dz(u),1.77216454099627e-14,24,1,2,0,1.86880979392986e-15,1.23350663017163e-10,96,0
40707,wave,boundary,wave,u*dx(v),6.89441401447868e-14,24,1,2,0,1.85532128035206e-15,1.23279830788192e-10,96,0
40707,wave,boundary,wave,v*dy(v),6.84438185643241e-14,24,1,2,0,1.72744433827157e-15,1.23516086247832e-10,96,0
40707,wave,boundary,wave,w*dz(v),1.76257232605473e-14,24,1,2,0,1.72197207515405e-15,1.23350663017163e-10,96,0
40707,wave,boundary,wave,u*dx(w),0,1,1,1,0,0,0,0,96
40707,wave,boundary,wave,v*dy(w),0,1,1,1,0,0,0,0,96
40707,wave,boundary,wave,w*dz(w),0,1,1,1,0,0,0,0,96
40707,wave,boundary,wave,u*dx(eta),1.34296830312955e-15,24,1,1,0,6.66133814775094e-16,1.23481225244859e-10,96,0
40707,wave,boundary,wave,v*dy(eta),1.33160771445666e-15,24,1,1,0,5.55111512312578e-16,1.2371703661529e-10,96,0
40707,wave,boundary,wave,w*dz(eta),4.00704317426081e-15,24,1,2,0,1.05582230581798e-15,1.23471455282242e-10,96,0
40707,wave,boundary,wave,w*eta*dlogN2,3.46734838675137e-15,24,1,1,0,6.47360631098872e-16,1.23484111824723e-10,96,0
40707,boundary,wave,wave,u*dx(u),7.68619354324754e-14,1,0,24,1,1.99665738037564e-15,4.06971874215479e-12,96,0
40707,boundary,wave,wave,v*dy(u),7.68619354324754e-14,1,0,24,1,1.99665738037564e-15,4.06971874215479e-12,96,0
40707,boundary,wave,wave,w*dz(u),0,1,0,1,1,0,0,0,96
40707,boundary,wave,wave,u*dx(v),7.69752813834428e-14,1,0,24,1,1.944688145285e-15,3.2610542523856e-12,96,0
40707,boundary,wave,wave,v*dy(v),7.69752813834428e-14,1,0,24,1,1.944688145285e-15,3.2610542523856e-12,96,0
40707,boundary,wave,wave,w*dz(v),0,1,0,1,1,0,0,0,96
40707,boundary,wave,wave,u*dx(w),7.82244567042135e-17,2,0,24,1,6.66133814775094e-16,5.46940270851337e-12,96,0
40707,boundary,wave,wave,v*dy(w),7.82244567042135e-17,2,0,24,1,6.66133814775094e-16,5.46940270851337e-12,96,0
40707,boundary,wave,wave,w*dz(w),0,1,0,1,1,0,0,0,96
40707,boundary,wave,wave,u*dx(eta),4.53735035085674e-15,1,0,24,1,5.71787679561418e-16,5.51340988335937e-12,96,0
40707,boundary,wave,wave,v*dy(eta),4.53735035085674e-15,1,0,24,1,5.71787679561418e-16,5.51340988335937e-12,96,0
40707,boundary,wave,wave,w*dz(eta),0,1,0,1,1,0,0,0,96
40707,boundary,wave,wave,w*eta*dlogN2,0,1,0,1,1,0,0,0,96
40707,apv,boundary,wave,u*dx(u),3.97601531034866e-15,5,0,1,0,2.09618335975971e-15,2.20935770658414e-11,12,0
40707,apv,boundary,wave,v*dy(u),3.97601531034866e-15,5,0,1,0,2.09618335975971e-15,2.20935770658414e-11,12,0
40707,apv,boundary,wave,w*dz(u),0,-1,0,1,0,0,0,0,12
40707,apv,boundary,wave,u*dx(v),2.98080769029283e-15,5,0,1,0,1.36284105849975e-15,2.17623696840974e-11,12,0
40707,apv,boundary,wave,v*dy(v),2.98080769029283e-15,5,0,1,0,1.36284105849975e-15,2.17623696840974e-11,12,0
40707,apv,boundary,wave,w*dz(v),0,-1,0,1,0,0,0,0,12
40707,apv,boundary,wave,u*dx(w),0,-1,0,1,0,0,0,0,12
40707,apv,boundary,wave,v*dy(w),0,-1,0,1,0,0,0,0,12
40707,apv,boundary,wave,w*dz(w),0,-1,0,1,0,0,0,0,12
40707,apv,boundary,wave,u*dx(eta),4.19384929054835e-16,-1,0,2,0,4.33179032388863e-16,2.193245585147e-11,12,0
40707,apv,boundary,wave,v*dy(eta),4.19384929054835e-16,-1,0,2,0,4.33179032388863e-16,2.193245585147e-11,12,0
40707,apv,boundary,wave,w*dz(eta),0,-1,0,1,0,0,0,0,12
40707,apv,boundary,wave,w*eta*dlogN2,0,-1,0,1,0,0,0,0,12
40707,boundary,apv,wave,u*dx(u),4.17759213954726e-15,1,0,4,0,1.56995780237369e-15,1.90895099330554e-11,12,0
40707,boundary,apv,wave,v*dy(u),4.17759213954726e-15,1,0,4,0,1.56995780237369e-15,1.90895099330554e-11,12,0
40707,boundary,apv,wave,w*dz(u),0,1,0,-1,0,0,0,0,12
40707,boundary,apv,wave,u*dx(v),3.54900210257353e-15,1,0,4,0,1.33231698913687e-15,1.6802559343887e-11,12,0
40707,boundary,apv,wave,v*dy(v),3.54900210257353e-15,1,0,4,0,1.33231698913687e-15,1.6802559343887e-11,12,0
40707,boundary,apv,wave,w*dz(v),0,1,0,-1,0,0,0,0,12
40707,boundary,apv,wave,u*dx(w),0,1,0,-1,0,0,0,0,12
40707,boundary,apv,wave,v*dy(w),0,1,0,-1,0,0,0,0,12
40707,boundary,apv,wave,w*dz(w),0,1,0,-1,0,0,0,0,12
40707,boundary,apv,wave,u*dx(eta),5.36074019523104e-16,2,0,1,0,6.1190666729069e-16,3.31484839577456e-11,12,0
40707,boundary,apv,wave,v*dy(eta),5.36074019523104e-16,2,0,1,0,6.1190666729069e-16,3.31484839577456e-11,12,0
40707,boundary,apv,wave,w*dz(eta),0,1,0,-1,0,0,0,0,12
40707,boundary,apv,wave,w*eta*dlogN2,0,1,0,-1,0,0,0,0,12
40707,boundary,boundary,wave,u*dx(u),3.56925628583537e-15,2,0,1,0,1.90567586181167e-15,4.14528087924603e-11,4,0
40707,boundary,boundary,wave,v*dy(u),3.56925628583537e-15,2,0,1,0,1.90567586181167e-15,4.14528087924603e-11,4,0
40707,boundary,boundary,wave,w*dz(u),0,1,0,1,0,0,0,0,4
40707,boundary,boundary,wave,u*dx(v),3.03987429178159e-15,2,0,1,0,1.2108330104791e-15,4.13830081313904e-11,4,0
40707,boundary,boundary,wave,v*dy(v),3.03987429178159e-15,2,0,1,0,1.2108330104791e-15,4.13830081313904e-11,4,0
40707,boundary,boundary,wave,w*dz(v),0,1,0,1,0,0,0,0,4
40707,boundary,boundary,wave,u*dx(w),0,1,0,1,0,0,0,0,4
40707,boundary,boundary,wave,v*dy(w),0,1,0,1,0,0,0,0,4
40707,boundary,boundary,wave,w*dz(w),0,1,0,1,0,0,0,0,4
40707,boundary,boundary,wave,u*dx(eta),6.00251976597445e-16,1,0,2,0,5.31586519122986e-16,4.0809688961474e-11,4,0
40707,boundary,boundary,wave,v*dy(eta),6.00251976597445e-16,1,0,2,0,5.31586519122986e-16,4.0809688961474e-11,4,0
40707,boundary,boundary,wave,w*dz(eta),0,1,0,1,0,0,0,0,4
40707,boundary,boundary,wave,w*eta*dlogN2,0,1,0,1,0,0,0,0,4
41023,wave,wave,wave,u*dx(u),7.77231650883557e-07,24,-1,23,1,3.55686119630612e-15,5.92419446832082e-11,2304,0
41023,wave,wave,wave,v*dy(u),7.77231650886183e-07,24,-1,23,1,3.49213075544385e-15,5.92459414860969e-11,2304,0
41023,wave,wave,wave,w*dz(u),7.77494951205377e-07,24,1,23,1,3.16115405620343e-14,4.68428382355205e-06,2304,0
41023,wave,wave,wave,u*dx(v),7.86102297337951e-07,24,1,23,1,3.93314422819782e-15,5.92683679911943e-11,2304,0
41023,wave,wave,wave,v*dy(v),7.86102297339007e-07,24,-1,23,1,3.761882819979e-15,5.92723647940829e-11,2304,0
41023,wave,wave,wave,w*dz(v),7.86370063996957e-07,24,1,23,1,3.35002913838085e-14,5.13256021831487e-06,2304,0
41023,wave,wave,wave,u*dx(w),2.65608217600538e-09,24,1,24,1,9.99200722162641e-16,5.91942050931493e-11,2304,0
41023,wave,wave,wave,v*dy(w),2.65608217599588e-09,24,1,24,1,1.11022302462516e-15,5.9197979851433e-11,2304,0
41023,wave,wave,wave,w*dz(w),2.6560834554426e-09,24,1,24,1,8.88178419700125e-16,5.90805182554277e-11,2304,0
41023,wave,wave,wave,u*dx(eta),1.78240781156512e-07,24,1,24,1,1.62612641913957e-15,3.0557334440573e-11,2304,0
41023,wave,wave,wave,v*dy(eta),1.7824078115481e-07,24,1,24,1,1.60884854496593e-15,3.05611091988567e-11,2304,0
41023,wave,wave,wave,w*dz(eta),1.78240829332593e-07,24,1,24,1,1.61621072216018e-15,3.0441649201407e-11,2304,0
41023,wave,wave,wave,w*eta*dlogN2,1.07685733875555e-07,24,1,23,1,1.42035763357426e-15,3.08941761062442e-11,2304,0
41023,wave,apv,wave,u*dx(u),5.82181674304556e-11,24,1,5,0,2.18280522090813e-15,7.94740654425622e-12,288,0
41023,wave,apv,wave,v*dy(u),5.82181391573006e-11,24,1,5,0,2.58350826417533e-15,7.94789115724824e-12,288,0
41023,wave,apv,wave,w*dz(u),6.08997825577142e-11,24,1,5,0,2.23259379454802e-15,2.09634531955771e-11,288,0
41023,wave,apv,wave,u*dx(v),5.86872039860626e-11,24,1,5,0,2.41255742623279e-15,9.79128195967791e-12,288,0
41023,wave,apv,wave,v*dy(v),5.86871157167596e-11,24,1,5,0,2.42166723405024e-15,9.79157426465348e-12,288,0
41023,wave,apv,wave,w*dz(v),6.13876184890186e-11,24,1,5,0,2.4843874362469e-15,2.69510780349018e-11,288,0
41023,wave,apv,wave,u*dx(w),0,1,1,-1,0,0,0,0,288
41023,wave,apv,wave,v*dy(w),0,1,1,-1,0,0,0,0,288
41023,wave,apv,wave,w*dz(w),0,1,1,-1,0,0,0,0,288
41023,wave,apv,wave,u*dx(eta),7.82292251009065e-12,24,1,5,0,1.35890378737207e-15,1.99735101174946e-11,288,0
41023,wave,apv,wave,v*dy(eta),7.82292645590574e-12,24,1,5,0,1.1702831306582e-15,1.99707430508389e-11,288,0
41023,wave,apv,wave,w*dz(eta),7.62976162821863e-12,24,1,5,0,1.0965510370225e-15,2.02585503927821e-10,288,0
41023,wave,apv,wave,w*eta*dlogN2,1.82960372882924e-11,24,1,5,0,1.01695651382514e-15,2.93079189761708e-11,288,0
41023,apv,wave,wave,u*dx(u),5.82195368563397e-11,5,0,24,-1,2.19967532416437e-15,5.70703484470414e-11,288,0
41023,apv,wave,wave,v*dy(u),5.82195861839086e-11,5,0,24,1,2.20859280334774e-15,5.70703484470414e-11,288,0
41023,apv,wave,wave,w*dz(u),0,-1,0,1,1,0,0,0,288
41023,apv,wave,wave,u*dx(v),5.86886911480719e-11,5,0,24,1,2.5240185298729e-15,5.70965497104226e-11,288,0
41023,apv,wave,wave,v*dy(v),5.86886857482318e-11,5,0,24,1,2.61981272914629e-15,5.70965497104226e-11,288,0
41023,apv,wave,wave,w*dz(v),0,-1,0,1,1,0,0,0,288
41023,apv,wave,wave,u*dx(w),1.32858887011875e-13,5,0,24,1,5.55111512312578e-16,5.79387648969032e-11,288,0
41023,apv,wave,wave,v*dy(w),1.32858929488607e-13,5,0,24,1,6.66133814775094e-16,5.79387648969032e-11,288,0
41023,apv,wave,wave,w*dz(w),0,-1,0,1,1,0,0,0,288
41023,apv,wave,wave,u*dx(eta),7.62875618220435e-12,5,0,24,1,1.81635658269849e-15,2.94217983309863e-11,288,0
41023,apv,wave,wave,v*dy(eta),7.62874902833028e-12,5,0,24,1,1.81610768731543e-15,2.94217983309863e-11,288,0
41023,apv,wave,wave,w*dz(eta),0,-1,0,1,1,0,0,0,288
41023,apv,wave,wave,w*eta*dlogN2,0,-1,0,1,1,0,0,0,288
41023,wave,boundary,wave,u*dx(u),8.0592994436014e-14,24,1,2,0,1.92767149634459e-15,1.60632239633064e-12,96,0
41023,wave,boundary,wave,v*dy(u),8.15281987223723e-14,24,1,2,0,2.00284363727435e-15,1.60488538328493e-12,96,0
41023,wave,boundary,wave,w*dz(u),4.83605722345437e-14,24,1,2,0,1.79434070396339e-15,2.48889797660468e-12,96,0
41023,wave,boundary,wave,u*dx(v),8.14176162779311e-14,24,1,2,0,1.92782947761996e-15,2.08367777266648e-12,96,0
41023,wave,boundary,wave,v*dy(v),8.16949806879573e-14,24,1,2,0,1.8168796830959e-15,2.09060254493637e-12,96,0
41023,wave,boundary,wave,w*dz(v),4.88949444178484e-14,24,1,2,0,2.2478785546221e-15,2.55532292693064e-12,96,0
41023,wave,boundary,wave,u*dx(w),0,1,1,1,0,0,0,0,96
41023,wave,boundary,wave,v*dy(w),0,1,1,1,0,0,0,0,96
41023,wave,boundary,wave,w*dz(w),0,1,1,1,0,0,0,0,96
41023,wave,boundary,wave,u*dx(eta),6.11458897678703e-15,24,1,2,0,7.94983835449462e-16,2.38187247703081e-12,96,0
41023,wave,boundary,wave,v*dy(eta),6.13081503154936e-15,24,1,2,0,7.81288930806119e-16,2.38631336912931e-12,96,0
41023,wave,boundary,wave,w*dz(eta),1.02759928805005e-14,24,1,2,0,1.26382717628385e-15,2.42206255052224e-12,96,0
41023,wave,boundary,wave,w*eta*dlogN2,8.96539340088492e-15,24,1,1,0,1.10171729737851e-15,2.46291875782845e-12,96,0
41023,boundary,wave,wave,u*dx(u),9.35161660732473e-14,2,0,24,1,2.11308082569285e-15,5.82169867868743e-11,96,0
41023,boundary,wave,wave,v*dy(u),9.34581126504706e-14,2,0,24,1,2.15888018093932e-15,5.82169867868743e-11,96,0
41023,boundary,wave,wave,w*dz(u),0,1,0,1,1,0,0,0,96
41023,boundary,wave,wave,u*dx(v),9.41910249713139e-14,2,0,24,1,2.26451988007441e-15,5.82431880502554e-11,96,0
41023,boundary,wave,wave,v*dy(v),9.4071067552574e-14,2,0,24,1,2.2668114740554e-15,5.82431880502554e-11,96,0
41023,boundary,wave,wave,w*dz(v),0,1,0,1,1,0,0,0,96
41023,boundary,wave,wave,u*dx(w),2.4801594061814e-16,1,0,24,1,4.44089209850063e-16,5.89088777758207e-11,96,0
41023,boundary,wave,wave,v*dy(w),2.48347006712232e-16,1,0,24,1,4.44089209850063e-16,5.89090998204256e-11,96,0
41023,boundary,wave,wave,w*dz(w),0,1,0,1,1,0,0,0,96
41023,boundary,wave,wave,u*dx(eta),1.23510265163235e-14,2,0,24,1,1.58564925291524e-15,3.07307512770194e-11,96,0
41023,boundary,wave,wave,v*dy(eta),1.23481905715235e-14,2,0,24,1,1.44761150402701e-15,3.07307512770194e-11,96,0
41023,boundary,wave,wave,w*dz(eta),0,1,0,1,1,0,0,0,96
41023,boundary,wave,wave,w*eta*dlogN2,0,1,0,1,1,0,0,0,96
41023,apv,boundary,wave,u*dx(u),2.83932183429037e-15,4,0,1,0,1.4149352825496e-15,2.05011563281232e-11,12,0
41023,apv,boundary,wave,v*dy(u),2.83397374091896e-15,4,0,1,0,1.41935230912557e-15,2.05011563281232e-11,12,0
41023,apv,boundary,wave,w*dz(u),0,-1,0,1,0,0,0,0,12
41023,apv,boundary,wave,u*dx(v),4.08144009286471e-15,4,0,1,0,2.22263448111159e-15,2.13690459863943e-11,12,0
41023,apv,boundary,wave,v*dy(v),4.0958604319736e-15,4,0,1,0,2.34323697411027e-15,2.13690182218795e-11,12,0
41023,apv,boundary,wave,w*dz(v),0,-1,0,1,0,0,0,0,12
41023,apv,boundary,wave,u*dx(w),0,-1,0,1,0,0,0,0,12
41023,apv,boundary,wave,v*dy(w),0,-1,0,1,0,0,0,0,12
41023,apv,boundary,wave,w*dz(w),0,-1,0,1,0,0,0,0,12
41023,apv,boundary,wave,u*dx(eta),6.72710708632885e-16,-1,0,2,0,7.55043486383628e-16,2.14015472010942e-11,12,0
41023,apv,boundary,wave,v*dy(eta),7.00062531142304e-16,-1,0,2,0,7.56238774933014e-16,2.14015472010942e-11,12,0
41023,apv,boundary,wave,w*dz(eta),0,-1,0,1,0,0,0,0,12
41023,apv,boundary,wave,w*eta*dlogN2,0,-1,0,1,0,0,0,0,12
41023,boundary,apv,wave,u*dx(u),3.78062684381755e-15,1,0,4,0,1.37840710941279e-15,1.56483714874867e-11,12,0
41023,boundary,apv,wave,v*dy(u),3.76384318527434e-15,1,0,4,0,1.36354785006382e-15,1.56483714874867e-11,12,0
41023,boundary,apv,wave,w*dz(u),0,1,0,-1,0,0,0,0,12
41023,boundary,apv,wave,u*dx(v),4.40570273345028e-15,1,0,4,0,1.3466331362196e-15,1.83526398553865e-11,12,0
41023,boundary,apv,wave,v*dy(v),4.37734117689623e-15,1,0,4,0,1.33096698285683e-15,1.83527295773159e-11,12,0
41023,boundary,apv,wave,w*dz(v),0,1,0,-1,0,0,0,0,12
41023,boundary,apv,wave,u*dx(w),0,1,0,-1,0,0,0,0,12
41023,boundary,apv,wave,v*dy(w),0,1,0,-1,0,0,0,0,12
41023,boundary,apv,wave,w*dz(w),0,1,0,-1,0,0,0,0,12
41023,boundary,apv,wave,u*dx(eta),9.44107855976154e-16,2,0,1,0,1.20259946585639e-15,3.34341137840501e-11,12,0
41023,boundary,apv,wave,v*dy(eta),9.83262958443565e-16,2,0,1,0,1.18123871815117e-15,3.3434139444516e-11,12,0
41023,boundary,apv,wave,w*dz(eta),0,1,0,-1,0,0,0,0,12
41023,boundary,apv,wave,w*eta*dlogN2,0,1,0,-1,0,0,0,0,12
41023,boundary,boundary,wave,u*dx(u),2.85271264340529e-15,2,0,1,0,1.10162125436232e-15,6.37456754049026e-12,4,0
41023,boundary,boundary,wave,v*dy(u),2.87448141760499e-15,2,0,1,0,1.10269920129333e-15,6.37467856279272e-12,4,0
41023,boundary,boundary,wave,w*dz(u),0,1,0,1,0,0,0,0,4
41023,boundary,boundary,wave,u*dx(v),3.75323066118216e-15,2,0,1,0,1.43505483106309e-15,8.16066594671397e-12,4,0
41023,boundary,boundary,wave,v*dy(v),3.68565043038935e-15,2,0,1,0,1.47408584478643e-15,8.16079392085472e-12,4,0
41023,boundary,boundary,wave,w*dz(v),0,1,0,1,0,0,0,0,4
41023,boundary,boundary,wave,u*dx(w),0,1,0,1,0,0,0,0,4
41023,boundary,boundary,wave,v*dy(w),0,1,0,1,0,0,0,0,4
41023,boundary,boundary,wave,w*dz(w),0,1,0,1,0,0,0,0,4
41023,boundary,boundary,wave,u*dx(eta),6.30194757467574e-16,1,0,2,0,4.50054917154831e-16,4.55357973550008e-12,4,0
41023,boundary,boundary,wave,v*dy(eta),5.8178160144905e-16,1,0,2,0,4.22919895630641e-16,4.553801780105e-12,4,0
41023,boundary,boundary,wave,w*dz(eta),0,1,0,1,0,0,0,0,4
41023,boundary,boundary,wave,w*eta*dlogN2,0,1,0,1,0,0,0,0,4
41321,wave,wave,wave,u*dx(u),7.79089086989004e-07,24,-1,23,1,3.45231270192678e-15,5.70652414211281e-11,2304,0
41321,wave,wave,wave,v*dy(u),7.79089086946865e-07,24,-1,23,1,3.43591432527015e-15,5.70652414211281e-11,2304,0
41321,wave,wave,wave,w*dz(u),7.7935333481804e-07,24,1,23,1,3.19773561200124e-14,4.73516060240139e-06,2304,0
41321,wave,wave,wave,u*dx(v),7.86102000246759e-07,24,1,23,1,3.6447642264527e-15,5.70916647291142e-11,2304,0
41321,wave,wave,wave,v*dy(v),7.86102000236913e-07,24,-1,23,1,3.7310991300954e-15,5.70914426845093e-11,2304,0
41321,wave,wave,wave,w*dz(v),7.86369787465055e-07,24,1,23,1,3.35082820747476e-14,5.1312973247533e-06,2304,0
41321,wave,wave,wave,u*dx(w),2.36478391689668e-09,24,1,24,1,8.88178419700125e-16,5.72335512316613e-11,2304,0
41321,wave,wave,wave,v*dy(w),2.36478391691656e-09,24,1,24,1,8.88178419700125e-16,5.72333291870564e-11,2304,0
41321,wave,wave,wave,w*dz(w),2.36478524589687e-09,24,1,24,1,1.11022302462516e-15,5.72331071424514e-11,2304,0
41321,wave,wave,wave,u*dx(eta),1.5914719876062e-07,24,1,24,1,1.55255881806241e-15,2.8679281172117e-11,2304,0
41321,wave,wave,wave,v*dy(eta),1.59147198758206e-07,24,1,24,1,1.55792012301209e-15,2.86790591275121e-11,2304,0
41321,wave,wave,wave,w*dz(eta),1.59147248970533e-07,24,1,24,1,1.52640844922001e-15,2.84550161211428e-11,2304,0
41321,wave,wave,wave,w*eta*dlogN2,9.61307147774457e-08,24,1,23,1,1.57614290808896e-15,2.86812795735614e-11,2304,0
41321,wave,apv,wave,u*dx(u),5.83154504361848e-11,24,1,5,0,2.28184469723392e-15,2.24640306356605e-11,288,0
41321,wave,apv,wave,v*dy(u),5.83154751482787e-11,24,1,5,0,2.14297258037193e-15,2.24983365271214e-11,288,0
41321,wave,apv,wave,w*dz(u),6.10011398866008e-11,24,1,5,0,2.61218438453443e-15,3.58426621716035e-11,288,0
41321,wave,apv,wave,u*dx(v),5.86858628216787e-11,24,1,5,0,2.4843013990387e-15,2.42005652472901e-11,288,0
41321,wave,apv,wave,v*dy(v),5.86858417306294e-11,24,1,5,0,2.29465405334451e-15,2.42227972955329e-11,288,0
41321,wave,apv,wave,w*dz(v),6.1386172104021e-11,24,1,5,0,2.48636065434904e-15,3.64676263102033e-11,288,0
41321,wave,apv,wave,u*dx(w),0,1,1,-1,0,0,0,0,288
41321,wave,apv,wave,v*dy(w),0,1,1,-1,0,0,0,0,288
41321,wave,apv,wave,w*dz(w),0,1,1,-1,0,0,0,0,288
41321,wave,apv,wave,u*dx(eta),6.97658191340984e-12,24,1,5,0,1.10341166452924e-15,4.10095291059065e-11,288,0
41321,wave,apv,wave,v*dy(eta),6.97658720857134e-12,24,1,5,0,1.08763429321241e-15,4.10440570419723e-11,288,0
41321,wave,apv,wave,w*dz(eta),6.80438439118498e-12,24,1,5,0,8.78660433918054e-16,2.27266649943658e-10,288,0
41321,wave,apv,wave,w*eta*dlogN2,1.63152508406371e-11,24,1,5,0,9.8389363019265e-16,3.67013086588486e-11,288,0
41321,apv,wave,wave,u*dx(u),5.83173900046791e-11,5,0,24,1,2.35259451807718e-15,5.70703484470414e-11,288,0
41321,apv,wave,wave,v*dy(u),5.83173487475236e-11,5,0,24,1,2.17699025547227e-15,5.70703484470414e-11,288,0
41321,apv,wave,wave,w*dz(u),0,-1,0,1,1,0,0,0,288
41321,apv,wave,wave,u*dx(v),5.86877194603511e-11,5,0,24,1,2.30316487736186e-15,5.70967717550275e-11,288,0
41321,apv,wave,wave,v*dy(v),5.86878001412855e-11,5,0,24,1,2.64428934725829e-15,5.70965497104226e-11,288,0
41321,apv,wave,wave,w*dz(v),0,-1,0,1,1,0,0,0,288
41321,apv,wave,wave,u*dx(w),1.18288913867416e-13,5,0,24,1,6.66133814775094e-16,5.79389869415081e-11,288,0
41321,apv,wave,wave,v*dy(w),1.18288846358797e-13,5,0,24,1,6.66133814775094e-16,5.79387648969032e-11,288,0
41321,apv,wave,wave,w*dz(w),0,-1,0,1,1,0,0,0,288
41321,apv,wave,wave,u*dx(eta),6.80350016385925e-12,5,0,24,1,1.17049597754198e-15,2.94217983309863e-11,288,0
41321,apv,wave,wave,v*dy(eta),6.80350176652334e-12,5,0,24,1,1.49471711135811e-15,2.94217983309863e-11,288,0
41321,apv,wave,wave,w*dz(eta),0,-1,0,1,1,0,0,0,288
41321,apv,wave,wave,w*eta*dlogN2,0,-1,0,1,1,0,0,0,288
41321,wave,boundary,wave,u*dx(u),8.10211792788932e-14,24,1,2,0,1.88388650239133e-15,2.35348407429115e-11,96,0
41321,wave,boundary,wave,v*dy(u),8.19162057596143e-14,24,1,2,0,1.86596314360008e-15,2.35693686789773e-11,96,0
41321,wave,boundary,wave,w*dz(u),4.84604873166077e-14,24,1,2,0,1.83437863760234e-15,2.24368301715572e-11,96,0
41321,wave,boundary,wave,u*dx(v),8.22890787306604e-14,24,1,2,0,1.82093399306652e-15,2.3582457355772e-11,96,0
41321,wave,boundary,wave,v*dy(v),8.19755801328757e-14,24,1,2,0,1.9927631386731e-15,2.36083951363556e-11,96,0
41321,wave,boundary,wave,w*dz(v),4.89264249961403e-14,24,1,2,0,2.01036353609434e-15,2.24805856495125e-11,96,0
41321,wave,boundary,wave,u*dx(w),0,1,1,1,0,0,0,0,96
41321,wave,boundary,wave,v*dy(w),0,1,1,1,0,0,0,0,96
41321,wave,boundary,wave,w*dz(w),0,1,1,1,0,0,0,0,96
41321,wave,boundary,wave,u*dx(eta),5.46141082643966e-15,24,1,2,0,7.7715611723761e-16,2.26307861339592e-11,96,0
41321,wave,boundary,wave,v*dy(eta),5.46864819708282e-15,24,1,2,0,7.41642271746562e-16,2.2665314070025e-11,96,0
41321,wave,boundary,wave,w*dz(eta),9.12083262355918e-15,24,1,2,0,9.22214712566618e-16,2.24423812866803e-11,96,0
41321,wave,boundary,wave,w*eta*dlogN2,7.96966309782884e-15,24,1,1,0,1.03683473444268e-15,2.24357199485326e-11,96,0
41321,boundary,wave,wave,u*dx(u),2.19078096279354e-13,2,0,24,1,2.16058643905403e-15,5.74176262091441e-11,96,0
41321,boundary,wave,wave,v*dy(u),2.19453342615887e-13,2,0,24,1,1.91011337631792e-15,5.74171821199343e-11,96,0
41321,boundary,wave,wave,w*dz(u),0,1,0,1,1,0,0,0,96
41321,boundary,wave,wave,u*dx(v),2.20770297858624e-13,2,0,24,1,2.22286297570215e-15,5.74436054279204e-11,96,0
41321,boundary,wave,wave,v*dy(v),2.19980862685831e-13,2,0,24,1,2.21134300456634e-15,5.74438274725253e-11,96,0
41321,boundary,wave,wave,w*dz(v),0,1,0,1,1,0,0,0,96
41321,boundary,wave,wave,u*dx(w),3.55481980050265e-16,1,0,24,1,6.66133814775094e-16,5.74547076581666e-11,96,0
41321,boundary,wave,wave,v*dy(w),3.54440129639696e-16,1,0,24,1,4.44089209850063e-16,5.74549297027716e-11,96,0
41321,boundary,wave,wave,w*dz(w),0,1,0,1,1,0,0,0,96
41321,boundary,wave,wave,u*dx(eta),2.47529963399725e-14,2,0,24,1,1.33422979249184e-15,2.88795654057594e-11,96,0
41321,boundary,wave,wave,v*dy(eta),2.45752335765566e-14,2,0,24,1,1.40927394031416e-15,2.88793433611545e-11,96,0
41321,boundary,wave,wave,w*dz(eta),0,1,0,1,1,0,0,0,96
41321,boundary,wave,wave,w*eta*dlogN2,0,1,0,1,1,0,0,0,96
41321,apv,boundary,wave,u*dx(u),2.82166374288381e-15,4,0,1,0,1.1163657354822e-15,2.05013783727281e-11,12,0
41321,apv,boundary,wave,v*dy(u),2.87636045752185e-15,4,0,1,0,1.09995080475236e-15,2.05011563281232e-11,12,0
41321,apv,boundary,wave,w*dz(u),0,-1,0,1,0,0,0,0,12
41321,apv,boundary,wave,u*dx(v),4.26957311090509e-15,5,0,1,0,1.64068932306307e-15,2.11803150359268e-11,12,0
41321,apv,boundary,wave,v*dy(v),4.18875663298622e-15,4,0,1,0,1.60439591059144e-15,2.1180503270848e-11,12,0
41321,apv,boundary,wave,w*dz(v),0,-1,0,1,0,0,0,0,12
41321,apv,boundary,wave,u*dx(w),0,-1,0,1,0,0,0,0,12
41321,apv,boundary,wave,v*dy(w),0,-1,0,1,0,0,0,0,12
41321,apv,boundary,wave,w*dz(w),0,-1,0,1,0,0,0,0,12
41321,apv,boundary,wave,u*dx(eta),7.36100476047404e-16,-1,0,2,0,5.9249834748063e-16,2.14017692456991e-11,12,0
41321,apv,boundary,wave,v*dy(eta),5.72570680788422e-16,1,0,2,0,6.23087210311354e-16,2.14015472010942e-11,12,0
41321,apv,boundary,wave,w*dz(eta),0,-1,0,1,0,0,0,0,12
41321,apv,boundary,wave,w*eta*dlogN2,0,-1,0,1,0,0,0,0,12
41321,boundary,apv,wave,u*dx(u),4.10307720039449e-15,1,0,4,0,1.82685743663076e-15,9.29034627006331e-12,12,0
41321,boundary,apv,wave,v*dy(u),4.16653007253806e-15,1,0,4,0,1.32261350524651e-15,9.29056831466823e-12,12,0
41321,boundary,apv,wave,w*dz(u),0,1,0,-1,0,0,0,0,12
41321,boundary,apv,wave,u*dx(v),4.66470100080372e-15,1,0,4,0,1.54858651780655e-15,1.49429062101532e-11,12,0
41321,boundary,apv,wave,v*dy(v),4.57212728020433e-15,1,0,4,0,1.59263270042169e-15,1.49425825418424e-11,12,0
41321,boundary,apv,wave,w*dz(v),0,1,0,-1,0,0,0,0,12
41321,boundary,apv,wave,u*dx(w),0,1,0,-1,0,0,0,0,12
41321,boundary,apv,wave,v*dy(w),0,1,0,-1,0,0,0,0,12
41321,boundary,apv,wave,w*dz(w),0,1,0,-1,0,0,0,0,12
41321,boundary,apv,wave,u*dx(eta),1.07882676965266e-15,1,0,4,0,9.10479209990442e-16,2.95781310249656e-11,12,0
41321,boundary,apv,wave,v*dy(eta),9.48318927197069e-16,1,0,2,0,8.00740114051607e-16,2.95775168819266e-11,12,0
41321,boundary,apv,wave,w*dz(eta),0,1,0,-1,0,0,0,0,12
41321,boundary,apv,wave,w*eta*dlogN2,0,1,0,-1,0,0,0,0,12
41321,boundary,boundary,wave,u*dx(u),2.87470576920155e-15,2,0,1,0,1.07418416376958e-15,1.5368817329886e-12,4,0
41321,boundary,boundary,wave,v*dy(u),2.87274653235518e-15,2,0,1,0,1.1140643007345e-15,1.53699275529107e-12,4,0
41321,boundary,boundary,wave,w*dz(u),0,1,0,1,0,0,0,0,4
41321,boundary,boundary,wave,u*dx(v),3.63077268958975e-15,2,0,1,0,1.53821727244611e-15,3.97706653424766e-12,4,0
41321,boundary,boundary,wave,v*dy(v),3.68388391153052e-15,1,0,1,0,1.19081194554521e-15,3.97730045620134e-12,4,0
41321,boundary,boundary,wave,w*dz(v),0,1,0,1,0,0,0,0,4
41321,boundary,boundary,wave,u*dx(w),0,1,0,1,0,0,0,0,4
41321,boundary,boundary,wave,v*dy(w),0,1,0,1,0,0,0,0,4
41321,boundary,boundary,wave,w*dz(w),0,1,0,1,0,0,0,0,4
41321,boundary,boundary,wave,u*dx(eta),5.48159416491216e-16,1,0,2,0,6.2586598337234e-16,5.3433302180007e-13,4,0
41321,boundary,boundary,wave,v*dy(eta),7.80569372925546e-16,1,0,2,0,8.20541728104145e-16,5.34380950322823e-13,4,0
41321,boundary,boundary,wave,w*dz(eta),0,1,0,1,0,0,0,0,4
41321,boundary,boundary,wave,w*eta*dlogN2,0,1,0,1,0,0,0,0,4
42109,wave,wave,wave,u*dx(u),7.85209192649355e-07,24,1,23,1,3.53920412517272e-15,1.34191324718813e-10,2304,0
42109,wave,wave,wave,v*dy(u),7.85209192677473e-07,24,1,23,1,3.56864161925148e-15,1.06652242592986e-10,2304,0
42109,wave,wave,wave,w*dz(u),7.85476543400122e-07,24,1,23,1,4.71412898016562e-14,6.92013070530238e-06,2304,0
42109,wave,wave,wave,u*dx(v),7.82189771193824e-07,24,1,23,1,3.43998590997207e-15,1.34179556354752e-10,2304,0
42109,wave,wave,wave,v*dy(v),7.82189771201641e-07,24,1,23,1,3.47666729681217e-15,1.06640474228925e-10,2304,0
42109,wave,wave,wave,w*dz(v),7.82455593802927e-07,24,1,23,1,4.63767972040851e-14,6.64300309469908e-06,2304,0
42109,wave,wave,wave,u*dx(w),1.96762027264181e-09,24,1,24,1,9.99200722162641e-16,1.33746569375148e-10,2304,0
42109,wave,wave,wave,v*dy(w),1.9676202727141e-09,24,1,24,1,8.88178419700125e-16,1.06207487249321e-10,2304,0
42109,wave,wave,wave,w*dz(w),1.96762131474373e-09,24,1,24,1,1.11022302462516e-15,1.34592559319913e-10,2304,0
42109,wave,wave,wave,u*dx(eta),1.32868027116282e-07,24,1,24,1,1.92888028289555e-15,9.42115274682465e-11,2304,0
42109,wave,wave,wave,v*dy(eta),1.32868027118898e-07,24,1,24,1,1.44356460497038e-15,6.66726673870244e-11,2304,0
42109,wave,wave,wave,w*dz(eta),1.32868066586074e-07,24,1,24,1,1.43203520310111e-15,9.51283496419819e-11,2304,0
42109,wave,wave,wave,w*eta*dlogN2,8.02376502376228e-08,24,1,23,1,1.69867393552816e-15,9.48245926224445e-11,2304,0
42109,wave,apv,wave,u*dx(u),5.86376587619781e-11,24,1,5,0,2.17921300129155e-15,5.52433654377182e-11,288,0
42109,wave,apv,wave,v*dy(u),5.86376803530638e-11,24,1,5,0,2.5445054758033e-15,2.77042833118912e-11,288,0
42109,wave,apv,wave,w*dz(u),6.13360225231824e-11,24,1,5,0,2.42792758288923e-15,5.54680745779024e-11,288,0
42109,wave,apv,wave,u*dx(v),5.84784142641975e-11,24,1,5,0,2.51521597354722e-15,5.52433654377182e-11,288,0
42109,wave,apv,wave,v*dy(v),5.84785278661242e-11,24,1,5,0,2.17714274424142e-15,2.77047274011011e-11,288,0
42109,wave,apv,wave,w*dz(v),6.11704691940231e-11,24,1,5,0,2.14778396322487e-15,5.54678525332974e-11,288,0
42109,wave,apv,wave,u*dx(w),0,1,1,-1,0,0,0,0,288
42109,wave,apv,wave,v*dy(w),0,1,1,-1,0,0,0,0,288
42109,wave,apv,wave,w*dz(w),0,1,1,-1,0,0,0,0,288
42109,wave,apv,wave,u*dx(eta),5.81633831332644e-12,24,1,5,0,1.31498625459044e-15,5.53386225732311e-11,288,0
42109,wave,apv,wave,v*dy(eta),5.81634215169259e-12,24,1,5,0,1.44927193527601e-15,2.77993184027991e-11,288,0
42109,wave,apv,wave,w*dz(eta),5.67281173267132e-12,24,1,5,0,1.37671187935209e-15,1.4941092807419e-10,288,0
42109,wave,apv,wave,w*eta*dlogN2,1.36004951207005e-11,24,1,5,0,1.09069198884594e-15,5.58224577673627e-11,288,0
42109,apv,wave,wave,u*dx(u),0,-1,0,1,1,0,0,0,288
42109,apv,wave,wave,v*dy(u),5.86394093289075e-11,5,0,24,1,2.30753512574479e-15,7.90196796884857e-11,288,0
42109,apv,wave,wave,w*dz(u),0,-1,0,1,1,0,0,0,288
42109,apv,wave,wave,u*dx(v),0,-1,0,1,1,0,0,0,288
42109,apv,wave,wave,v*dy(v),5.8480270642901e-11,5,0,24,1,2.15218488327702e-15,7.90081333690296e-11,288,0
42109,apv,wave,wave,w*dz(v),0,-1,0,1,1,0,0,0,288
42109,apv,wave,wave,u*dx(w),0,-1,0,1,1,0,0,0,288
42109,apv,wave,wave,v*dy(w),9.84239257654433e-14,5,0,24,1,5.55111512312578e-16,7.95452592683432e-11,288,0
42109,apv,wave,wave,w*dz(w),0,-1,0,1,1,0,0,0,288
42109,apv,wave,wave,u*dx(eta),0,-1,0,1,1,0,0,0,288
42109,apv,wave,wave,v*dy(eta),5.67207252326531e-12,5,0,24,1,1.10283737384908e-15,4.01814137518386e-11,288,0
42109,apv,wave,wave,w*dz(eta),0,-1,0,1,1,0,0,0,288
42109,apv,wave,wave,w*eta*dlogN2,0,-1,0,1,1,0,0,0,288
42109,wave,boundary,wave,u*dx(u),8.57734780900998e-14,24,1,2,0,1.96526444192067e-15,5.48547873790994e-11,96,0
42109,wave,boundary,wave,v*dy(u),8.58571635058721e-14,24,1,2,0,1.80053009668965e-15,2.73163713870872e-11,96,0
42109,wave,boundary,wave,w*dz(u),7.68116779316617e-14,24,1,2,0,1.94618700910704e-15,5.56310553179173e-11,96,0
42109,wave,boundary,wave,u*dx(v),8.53965886383661e-14,24,1,2,0,2.13952646481988e-15,5.48550094237044e-11,96,0
42109,wave,boundary,wave,v*dy(v),8.60552841479997e-14,24,1,2,0,2.06951578438261e-15,2.73159272978774e-11,96,0
42109,wave,boundary,wave,w*dz(v),7.66369950058505e-14,24,1,2,0,1.91752479580218e-15,5.56310553179173e-11,96,0
42109,wave,boundary,wave,u*dx(w),0,1,1,1,0,0,0,0,96
42109,wave,boundary,wave,v*dy(w),0,1,1,1,0,0,0,0,96
42109,wave,boundary,wave,w*dz(w),0,1,1,1,0,0,0,0,96
42109,wave,boundary,wave,u*dx(eta),7.09994401903207e-15,24,1,2,0,7.7715611723761e-16,5.57729418204644e-11,96,0
42109,wave,boundary,wave,v*dy(eta),7.10721806437083e-15,24,1,2,0,8.72311149384512e-16,2.82338596946374e-11,96,0
42109,wave,boundary,wave,w*dz(eta),7.95351760359664e-15,24,1,2,0,1.14961523122379e-15,5.56190649092514e-11,96,0
42109,wave,boundary,wave,w*eta*dlogN2,6.98456553523708e-15,24,1,1,0,8.16566234643262e-16,5.56485968417064e-11,96,0
42109,boundary,wave,wave,u*dx(u),0,1,0,1,1,0,0,0,96
42109,boundary,wave,wave,v*dy(u),3.70014049862627e-13,2,0,24,1,2.72247582620411e-15,7.88666909556923e-11,96,0
42109,boundary,wave,wave,w*dz(u),0,1,0,1,1,0,0,0,96
42109,boundary,wave,wave,u*dx(v),0,1,0,1,1,0,0,0,96
42109,boundary,wave,wave,v*dy(v),3.69368711295262e-13,2,0,24,1,1.99609559189697e-15,7.88544785024214e-11,96,0
42109,boundary,wave,wave,w*dz(v),0,1,0,1,1,0,0,0,96
42109,boundary,wave,wave,u*dx(w),0,1,0,1,1,0,0,0,96
42109,boundary,wave,wave,v*dy(w),3.31874327790408e-16,1,0,24,1,6.66133814775094e-16,7.88056286893379e-11,96,0
42109,boundary,wave,wave,w*dz(w),0,1,0,1,1,0,0,0,96
42109,boundary,wave,wave,u*dx(eta),0,1,0,1,1,0,0,0,96
42109,boundary,wave,wave,v*dy(eta),3.4245114672411e-14,2,0,24,1,1.43873146712917e-15,3.94124732849832e-11,96,0
42109,boundary,wave,wave,w*dz(eta),0,1,0,1,1,0,0,0,96
42109,boundary,wave,wave,w*eta*dlogN2,0,1,0,1,1,0,0,0,96
42109,apv,boundary,wave,u*dx(u),0,-1,0,1,0,0,0,0,12
42109,apv,boundary,wave,v*dy(u),4.01164306485039e-15,4,0,1,0,1.61299646198052e-15,1.99185112847999e-11,12,0
42109,apv,boundary,wave,w*dz(u),0,-1,0,1,0,0,0,0,12
42109,apv,boundary,wave,u*dx(v),0,-1,0,1,0,0,0,0,12
42109,apv,boundary,wave,v*dy(v),3.28127605971147e-15,4,0,1,0,1.12328064392243e-15,1.99185112847999e-11,12,0
42109,apv,boundary,wave,w*dz(v),0,-1,0,1,0,0,0,0,12
42109,apv,boundary,wave,u*dx(w),0,-1,0,1,0,0,0,0,12
42109,apv,boundary,wave,v*dy(w),0,-1,0,1,0,0,0,0,12
42109,apv,boundary,wave,w*dz(w),0,-1,0,1,0,0,0,0,12
42109,apv,boundary,wave,u*dx(eta),0,-1,0,1,0,0,0,0,12
42109,apv,boundary,wave,v*dy(eta),9.09897656465158e-16,1,0,2,0,7.35879232504084e-16,2.09319228616778e-11,12,0
42109,apv,boundary,wave,w*dz(eta),0,-1,0,1,0,0,0,0,12
42109,apv,boundary,wave,w*eta*dlogN2,0,-1,0,1,0,0,0,0,12
42109,boundary,apv,wave,u*dx(u),0,1,0,-1,0,0,0,0,12
42109,boundary,apv,wave,v*dy(u),4.49301747414946e-15,1,0,4,0,2.19497656545289e-15,9.84503972566165e-12,12,0
42109,boundary,apv,wave,w*dz(u),0,1,0,-1,0,0,0,0,12
42109,boundary,apv,wave,u*dx(v),0,1,0,-1,0,0,0,0,12
42109,boundary,apv,wave,v*dy(v),4.33442672664778e-15,1,0,4,0,1.58498937929221e-15,6.24060485353712e-12,12,0
42109,boundary,apv,wave,w*dz(v),0,1,0,-1,0,0,0,0,12
42109,boundary,apv,wave,u*dx(w),0,1,0,-1,0,0,0,0,12
42109,boundary,apv,wave,v*dy(w),0,1,0,-1,0,0,0,0,12
42109,boundary,apv,wave,w*dz(w),0,1,0,-1,0,0,0,0,12
42109,boundary,apv,wave,u*dx(eta),0,1,0,-1,0,0,0,0,12
42109,boundary,apv,wave,v*dy(eta),9.05995718799356e-16,2,0,2,0,1.11305209763172e-15,2.22474989931768e-11,12,0
42109,boundary,apv,wave,w*dz(eta),0,1,0,-1,0,0,0,0,12
42109,boundary,apv,wave,w*eta*dlogN2,0,1,0,-1,0,0,0,0,12
42109,boundary,boundary,wave,u*dx(u),0,1,0,1,0,0,0,0,4
42109,boundary,boundary,wave,v*dy(u),3.40834093061953e-15,1,0,1,0,1.38686098251993e-15,5.56348431676698e-12,4,0
42109,boundary,boundary,wave,w*dz(u),0,1,0,1,0,0,0,0,4
42109,boundary,boundary,wave,u*dx(v),0,1,0,1,0,0,0,0,4
42109,boundary,boundary,wave,v*dy(v),2.92359720784811e-15,2,0,1,0,1.19148641674603e-15,2.79905893201801e-12,4,0
42109,boundary,boundary,wave,w*dz(v),0,1,0,1,0,0,0,0,4
42109,boundary,boundary,wave,u*dx(w),0,1,0,1,0,0,0,0,4
42109,boundary,boundary,wave,v*dy(w),0,1,0,1,0,0,0,0,4
42109,boundary,boundary,wave,w*dz(w),0,1,0,1,0,0,0,0,4
42109,boundary,boundary,wave,u*dx(eta),0,1,0,1,0,0,0,0,4
42109,boundary,boundary,wave,v*dy(eta),5.68793771939104e-16,1,0,2,0,8.02555018573744e-16,3.85247389544929e-13,4,0
42109,boundary,boundary,wave,w*dz(eta),0,1,0,1,0,0,0,0,4
42109,boundary,boundary,wave,w*eta*dlogN2,0,1,0,1,0,0,0,0,4
44765,wave,wave,wave,u*dx(u),7.82180678856718e-07,23,1,24,1,3.53803555482068e-15,1.26447075032843e-10,2304,0
44765,wave,wave,wave,v*dy(u),7.82180678884884e-07,23,1,24,1,3.53118929808492e-15,1.26443300274559e-10,2304,0
44765,wave,wave,wave,w*dz(u),7.82446300395267e-07,23,1,24,1,6.51913629291035e-14,4.34326176544425e-06,2304,0
44765,wave,wave,wave,u*dx(v),7.86102021168014e-07,23,-1,24,1,3.71698772910496e-15,1.26447075032843e-10,2304,0
44765,wave,wave,wave,v*dy(v),7.8610202120649e-07,23,-1,24,1,3.73526584191666e-15,1.26443300274559e-10,2304,0
44765,wave,wave,wave,w*dz(v),7.86369628656644e-07,23,1,24,1,6.64871149748723e-14,4.60311452380139e-06,2304,0
44765,wave,wave,wave,u*dx(w),1.78417186220428e-09,24,1,24,1,9.99200722162641e-16,1.26513466369715e-10,2304,0
44765,wave,wave,wave,v*dy(w),1.78417186215694e-09,24,1,24,1,9.99200722162641e-16,1.26509691611432e-10,2304,0
44765,wave,wave,wave,w*dz(w),1.78416994337121e-09,24,1,24,1,8.88178419700125e-16,1.26563426405824e-10,2304,0
44765,wave,wave,wave,u*dx(eta),1.2064453081121e-07,24,1,24,1,1.74333371935335e-15,6.33160190943727e-11,2304,0
44765,wave,wave,wave,v*dy(eta),1.20644530811122e-07,24,1,24,1,1.42585305889255e-15,6.33124663806939e-11,2304,0
44765,wave,wave,wave,w*dz(eta),1.20644457993384e-07,24,1,24,1,1.59298390316494e-15,6.32360830365997e-11,2304,0
44765,wave,wave,wave,w*eta*dlogN2,7.28488437362298e-08,23,1,24,1,1.3973436226328e-15,6.3270499950363e-11,2304,0
44765,wave,apv,wave,u*dx(u),5.84820502994608e-11,24,-1,5,0,2.48268273319146e-15,4.24625890005359e-11,288,0
44765,wave,apv,wave,v*dy(u),5.84820869745444e-11,24,1,5,0,2.17996385220196e-15,4.24837942603062e-11,288,0
44765,wave,apv,wave,w*dz(u),6.11743685101582e-11,24,1,5,0,2.3590822961583e-15,5.52644596751861e-11,288,0
44765,wave,apv,wave,u*dx(v),5.86887371518538e-11,24,1,5,0,2.36065055312635e-15,4.31112655778238e-11,288,0
44765,wave,apv,wave,v*dy(v),5.86887251738846e-11,24,1,5,0,2.49186414382008e-15,4.31269964394092e-11,288,0
44765,wave,apv,wave,w*dz(v),6.13891566245212e-11,24,1,5,0,2.36174278832826e-15,5.53238569299614e-11,288,0
44765,wave,apv,wave,u*dx(w),0,1,1,-1,0,0,0,0,288
44765,wave,apv,wave,v*dy(w),0,1,1,-1,0,0,0,0,288
44765,wave,apv,wave,w*dz(w),0,1,1,-1,0,0,0,0,288
44765,wave,apv,wave,u*dx(eta),5.27863216705392e-12,24,1,5,0,1.0270294660896e-15,6.10735906292348e-11,288,0
44765,wave,apv,wave,v*dy(eta),5.27863209396752e-12,24,1,5,0,1.03944931092633e-15,6.10943517997953e-11,288,0
44765,wave,apv,wave,w*dz(eta),5.14837577823718e-12,24,1,5,0,9.77674379971921e-16,2.46985876195538e-10,288,0
44765,wave,apv,wave,w*eta*dlogN2,1.23419110448159e-11,24,1,5,0,1.04821674175953e-15,5.60992363674018e-11,288,0
44765,apv,wave,wave,u*dx(u),5.84785428074423e-11,5,0,24,1,2.14630666790288e-15,1.26463950422817e-10,288,0
44765,apv,wave,wave,v*dy(u),5.84785098688442e-11,5,0,24,1,2.25674274496063e-15,1.26464172467422e-10,288,0
44765,apv,wave,wave,w*dz(u),0,-1,0,1,1,0,0,0,288
44765,apv,wave,wave,u*dx(v),5.86851624480492e-11,5,0,24,1,2.23095051836352e-15,1.26463950422817e-10,288,0
44765,apv,wave,wave,v*dy(v),5.86851753924016e-11,5,0,24,1,2.25656855170454e-15,1.26464172467422e-10,288,0
44765,apv,wave,wave,w*dz(v),0,-1,0,1,1,0,0,0,288
44765,apv,wave,wave,u*dx(w),8.92484671556599e-14,5,0,24,1,6.66133814775094e-16,1.27186927656453e-10,288,0
44765,apv,wave,wave,v*dy(w),8.92487250779543e-14,5,0,24,1,6.66133814775094e-16,1.27186705611848e-10,288,0
44765,apv,wave,wave,w*dz(w),0,-1,0,1,1,0,0,0,288
44765,apv,wave,wave,u*dx(eta),5.1472607719324e-12,5,0,24,1,1.1653832343099e-15,6.4025895696318e-11,288,0
44765,apv,wave,wave,v*dy(eta),5.14727128185162e-12,5,0,24,1,1.00440872904431e-15,6.4025895696318e-11,288,0
44765,apv,wave,wave,w*dz(eta),0,-1,0,1,1,0,0,0,288
44765,apv,wave,wave,w*eta*dlogN2,0,-1,0,1,1,0,0,0,288
44765,wave,boundary,wave,u*dx(u),7.9487347776416e-14,24,1,1,0,2.21861590028717e-15,4.22697432611585e-11,96,0
44765,wave,boundary,wave,v*dy(u),7.95509139507432e-14,24,1,1,0,1.92980156274054e-15,4.2290504431719e-11,96,0
44765,wave,boundary,wave,w*dz(u),1.99403524241498e-13,24,1,2,0,1.92217237263776e-15,4.1904035796847e-11,96,0
44765,wave,boundary,wave,u*dx(v),7.99293373781701e-14,24,1,1,0,1.98596354331052e-15,4.22697432611585e-11,96,0
44765,wave,boundary,wave,v*dy(v),7.94258172994717e-14,24,1,1,0,2.12003744980776e-15,4.2290504431719e-11,96,0
44765,wave,boundary,wave,w*dz(v),2.00034868267203e-13,24,1,2,0,1.99649086539888e-15,4.1904035796847e-11,96,0
44765,wave,boundary,wave,u*dx(w),0,1,1,1,0,0,0,0,96
44765,wave,boundary,wave,v*dy(w),0,1,1,1,0,0,0,0,96
44765,wave,boundary,wave,w*dz(w),0,1,1,1,0,0,0,0,96
44765,wave,boundary,wave,u*dx(eta),1.66678712075741e-14,24,1,2,0,1.1057025873267e-15,4.32881508416472e-11,96,0
44765,wave,boundary,wave,v*dy(eta),1.66646013436988e-14,24,1,2,0,7.7715611723761e-16,4.33089120122077e-11,96,0
44765,wave,boundary,wave,w*dz(eta),6.85493984152681e-15,24,1,1,0,9.03631823030493e-16,4.18903800536441e-11,96,0
44765,wave,boundary,wave,w*eta*dlogN2,5.74077674309308e-15,24,1,2,0,8.84944748292126e-16,4.18990397932362e-11,96,0
44765,boundary,wave,wave,u*dx(u),2.16818834641491e-14,2,0,24,1,1.86250194710328e-15,1.31225919020039e-10,96,0
44765,boundary,wave,wave,v*dy(u),2.19791385420159e-14,2,0,24,1,1.64387883164921e-15,1.31226141064644e-10,96,0
44765,boundary,wave,wave,w*dz(u),0,1,0,1,1,0,0,0,96
44765,boundary,wave,wave,u*dx(v),2.25399678037638e-14,1,0,1,1,1.89034350845239e-15,1.31225919020039e-10,96,0
44765,boundary,wave,wave,v*dy(v),2.23755879029136e-14,1,0,1,1,1.58090481846968e-15,1.31226141064644e-10,96,0
44765,boundary,wave,wave,w*dz(v),0,1,0,1,1,0,0,0,96
44765,boundary,wave,wave,u*dx(w),5.49520190659712e-17,1,0,1,1,6.66133814775094e-16,1.39566802559443e-10,96,0
44765,boundary,wave,wave,v*dy(w),5.44419098228384e-17,1,0,17,1,4.44089209850063e-16,1.39567024604048e-10,96,0
44765,boundary,wave,wave,w*dz(w),0,1,0,1,1,0,0,0,96
44765,boundary,wave,wave,u*dx(eta),2.2075503039502e-15,2,0,24,1,7.68600170114089e-16,8.12958589335722e-11,96,0
44765,boundary,wave,wave,v*dy(eta),2.16330859974146e-15,2,0,24,1,9.31708316262428e-16,8.12956368889672e-11,96,0
44765,boundary,wave,wave,w*dz(eta),0,1,0,1,1,0,0,0,96
44765,boundary,wave,wave,w*eta*dlogN2,0,1,0,1,1,0,0,0,96
44765,apv,boundary,wave,u*dx(u),3.39213649913125e-15,4,0,1,0,1.65795333755802e-15,1.71613834254458e-11,12,0
44765,apv,boundary,wave,v*dy(u),3.40041596319523e-15,4,0,1,0,2.03582008638168e-15,1.71616054700507e-11,12,0
44765,apv,boundary,wave,w*dz(u),0,-1,0,1,0,0,0,0,12
44765,apv,boundary,wave,u*dx(v),4.45689735679558e-15,4,0,1,0,2.53761046078197e-15,1.92983386584362e-11,12,0
44765,apv,boundary,wave,v*dy(v),4.37078500623355e-15,4,0,1,0,1.30037286562023e-15,1.92999944123875e-11,12,0
44765,apv,boundary,wave,w*dz(v),0,-1,0,1,0,0,0,0,12
44765,apv,boundary,wave,u*dx(w),0,-1,0,1,0,0,0,0,12
44765,apv,boundary,wave,v*dy(w),0,-1,0,1,0,0,0,0,12
44765,apv,boundary,wave,w*dz(w),0,-1,0,1,0,0,0,0,12
44765,apv,boundary,wave,u*dx(eta),5.2654237641062e-16,4,0,2,0,5.70880686358245e-16,1.85249593442904e-11,12,0
44765,apv,boundary,wave,v*dy(eta),7.19809406798478e-16,-1,0,2,0,7.38880363358088e-16,1.85251813888954e-11,12,0
44765,apv,boundary,wave,w*dz(eta),0,-1,0,1,0,0,0,0,12
44765,apv,boundary,wave,w*eta*dlogN2,0,-1,0,1,0,0,0,0,12
44765,boundary,apv,wave,u*dx(u),2.89809566344646e-15,1,0,5,0,1.31387003446873e-15,2.75237610480872e-11,12,0
44765,boundary,apv,wave,v*dy(u),2.85202934326594e-15,1,0,5,0,1.00084046862628e-15,2.75237610480872e-11,12,0
44765,boundary,apv,wave,w*dz(u),0,1,0,-1,0,0,0,0,12
44765,boundary,apv,wave,u*dx(v),4.49745623728877e-15,1,0,5,0,1.64018596611581e-15,2.92737953816367e-11,12,0
44765,boundary,apv,wave,v*dy(v),4.44172453858564e-15,1,0,5,0,1.52959500295111e-15,2.92744845437908e-11,12,0
44765,boundary,apv,wave,w*dz(v),0,1,0,-1,0,0,0,0,12
44765,boundary,apv,wave,u*dx(w),0,1,0,-1,0,0,0,0,12
44765,boundary,apv,wave,v*dy(w),0,1,0,-1,0,0,0,0,12
44765,boundary,apv,wave,w*dz(w),0,1,0,-1,0,0,0,0,12
44765,boundary,apv,wave,u*dx(eta),8.75684073809038e-16,2,0,3,0,5.83854055929006e-16,3.50003294888848e-11,12,0
44765,boundary,apv,wave,v*dy(eta),5.65165558300155e-16,2,0,2,0,7.11906554253015e-16,3.49993382691441e-11,12,0
44765,boundary,apv,wave,w*dz(eta),0,1,0,-1,0,0,0,0,12
44765,boundary,apv,wave,w*eta*dlogN2,0,1,0,-1,0,0,0,0,12
44765,boundary,boundary,wave,u*dx(u),2.91195864979936e-15,1,0,2,0,1.2961809608143e-15,4.79121871806697e-11,4,0
44765,boundary,boundary,wave,v*dy(u),2.81376503825014e-15,1,0,2,0,1.29538453893162e-15,4.79123672825814e-11,4,0
44765,boundary,boundary,wave,w*dz(u),0,1,0,1,0,0,0,0,4
44765,boundary,boundary,wave,u*dx(v),4.26800307149797e-15,1,0,1,0,1.91976023943172e-15,1.03892385471412e-10,4,0
44765,boundary,boundary,wave,v*dy(v),4.33417273411243e-15,1,0,1,0,1.64001824195335e-15,1.03893999613018e-10,4,0
44765,boundary,boundary,wave,w*dz(v),0,1,0,1,0,0,0,0,4
44765,boundary,boundary,wave,u*dx(w),0,1,0,1,0,0,0,0,4
44765,boundary,boundary,wave,v*dy(w),0,1,0,1,0,0,0,0,4
44765,boundary,boundary,wave,w*dz(w),0,1,0,1,0,0,0,0,4
44765,boundary,boundary,wave,u*dx(eta),7.22613571109169e-16,1,0,2,0,5.09188852060395e-16,1.59613465371262e-10,4,0
44765,boundary,boundary,wave,v*dy(eta),7.58027792681068e-16,1,0,2,0,5.7725934552579e-16,1.59612049264849e-10,4,0
44765,boundary,boundary,wave,w*dz(eta),0,1,0,1,0,0,0,0,4
44765,boundary,boundary,wave,w*eta*dlogN2,0,1,0,1,0,0,0,0,4
44940,wave,wave,wave,u*dx(u),7.83405903889068e-07,23,1,24,1,3.50417093308949e-15,1.2645684499546e-10,2304,0
44940,wave,wave,wave,v*dy(u),7.83405903907978e-07,23,-1,24,1,3.5182890084708e-15,1.26454402504805e-10,2304,0
44940,wave,wave,wave,w*dz(u),7.83672187136153e-07,23,1,24,1,6.56870966032035e-14,4.39046679421732e-06,2304,0
44940,wave,wave,wave,u*dx(v),7.86101707126328e-07,23,-1,24,1,3.61672225729451e-15,1.2645684499546e-10,2304,0
44940,wave,wave,wave,v*dy(v),7.86101707106242e-07,23,-1,24,1,3.67685854823641e-15,1.26454402504805e-10,2304,0
44940,wave,wave,wave,w*dz(v),7.86369357916884e-07,23,1,24,1,6.66941491775638e-14,4.6013239425142e-06,2304,0
44940,wave,wave,wave,u*dx(w),1.49562430826802e-09,24,1,24,1,8.88178419700125e-16,1.26507471165382e-10,2304,0
44940,wave,wave,wave,v*dy(w),1.49562430825524e-09,24,1,24,1,8.88178419700125e-16,1.26509469566827e-10,2304,0
44940,wave,wave,wave,w*dz(w),1.49562310809083e-09,24,1,24,1,8.88178419700125e-16,1.26540777856121e-10,2304,0
44940,wave,wave,wave,u*dx(eta),1.01323552310022e-07,24,1,24,1,1.54750696815792e-15,6.33399999117046e-11,2304,0
44940,wave,wave,wave,v*dy(eta),1.01323552308859e-07,24,1,24,1,1.32513391552229e-15,6.3341776268544e-11,2304,0
44940,wave,wave,wave,w*dz(eta),1.01323506685121e-07,24,1,24,1,1.55293291912954e-15,6.3234972813575e-11,2304,0
44940,wave,wave,wave,w*eta*dlogN2,6.11738596847089e-08,23,1,24,1,1.45155568342577e-15,6.32991437043984e-11,2304,0
44940,wave,apv,wave,u*dx(u),5.85452311839419e-11,24,1,5,0,2.29604592074414e-15,2.3162916029662e-11,288,0
44940,wave,apv,wave,v*dy(u),5.85452061755379e-11,24,1,5,0,2.20636392891278e-15,2.31743513268157e-11,288,0
44940,wave,apv,wave,w*dz(u),6.12399441109873e-11,24,1,5,0,2.35493854933314e-15,3.64722696488684e-11,288,0
44940,wave,apv,wave,u*dx(v),5.86870518017541e-11,24,1,5,0,2.23551437503409e-15,2.43395151066612e-11,288,0
44940,wave,apv,wave,v*dy(v),5.86871105641694e-11,24,1,5,0,2.32829319998338e-15,2.43471467425953e-11,288,0
44940,wave,apv,wave,w*dz(v),6.13875335112114e-11,24,1,5,0,2.48131110364319e-15,3.66937445720815e-11,288,0
44940,wave,apv,wave,u*dx(w),0,1,1,-1,0,0,0,0,288
44940,wave,apv,wave,v*dy(w),0,1,1,-1,0,0,0,0,288
44940,wave,apv,wave,w*dz(w),0,1,1,-1,0,0,0,0,288
44940,wave,apv,wave,u*dx(eta),4.4296918665133e-12,24,1,5,0,9.43625810849907e-16,4.1404990547278e-11,288,0
44940,wave,apv,wave,v*dy(eta),4.42969495550822e-12,24,1,5,0,1.10813530981485e-15,4.14162037998267e-11,288,0
44940,wave,apv,wave,w*dz(eta),4.32042259548845e-12,24,1,5,0,8.13885213196796e-16,2.28141283642458e-10,288,0
44940,wave,apv,wave,w*eta*dlogN2,1.0356561340755e-11,24,1,5,0,1.43149881119854e-15,3.73389097418908e-11,288,0
44940,apv,wave,wave,u*dx(u),5.85426270644029e-11,5,0,24,1,2.19163456383116e-15,1.26464172467422e-10,288,0
44940,apv,wave,wave,v*dy(u),5.85426270644029e-11,5,0,24,1,2.19163456383116e-15,1.26464172467422e-10,288,0
44940,apv,wave,wave,w*dz(u),0,-1,0,1,1,0,0,0,288
44940,apv,wave,wave,u*dx(v),5.8684610726934e-11,5,0,24,1,2.22238788071184e-15,1.26464172467422e-10,288,0
44940,apv,wave,wave,v*dy(v),5.8684610726934e-11,5,0,24,1,2.22238788071184e-15,1.26464172467422e-10,288,0
44940,apv,wave,wave,w*dz(v),0,-1,0,1,1,0,0,0,288
44940,apv,wave,wave,u*dx(w),7.48150683162477e-14,5,0,24,1,6.66133814775094e-16,1.27186705611848e-10,288,0
44940,apv,wave,wave,v*dy(w),7.48150683162477e-14,5,0,24,1,6.66133814775094e-16,1.27186705611848e-10,288,0
44940,apv,wave,wave,w*dz(w),0,-1,0,1,1,0,0,0,288
44940,apv,wave,wave,u*dx(eta),4.31954816634117e-12,5,0,24,1,8.48710553795823e-16,6.4025895696318e-11,288,0
44940,apv,wave,wave,v*dy(eta),4.31954816634117e-12,5,0,24,1,8.48710553795823e-16,6.4025895696318e-11,288,0
44940,apv,wave,wave,w*dz(eta),0,-1,0,1,1,0,0,0,288
44940,apv,wave,wave,w*eta*dlogN2,0,-1,0,1,1,0,0,0,288
44940,wave,boundary,wave,u*dx(u),7.97679390796907e-14,24,1,1,0,2.27353546522273e-15,2.43361997220859e-11,96,0
44940,wave,boundary,wave,v*dy(u),7.89185104736751e-14,24,1,1,0,2.32073755723316e-15,2.4347746041542e-11,96,0
44940,wave,boundary,wave,w*dz(u),1.99603486691597e-13,24,1,2,0,1.97925257113102e-15,2.32220909168745e-11,96,0
44940,wave,boundary,wave,u*dx(v),7.96255652282087e-14,24,1,1,0,2.30418473867679e-15,2.43361997220859e-11,96,0
44940,wave,boundary,wave,v*dy(v),7.95617056972323e-14,24,1,1,0,2.20890223052232e-15,2.4347746041542e-11,96,0
44940,wave,boundary,wave,w*dz(v),2.00040578204335e-13,24,1,2,0,2.28758392478929e-15,2.32220909168745e-11,96,0
44940,wave,boundary,wave,u*dx(w),0,1,1,1,0,0,0,0,96
44940,wave,boundary,wave,v*dy(w),0,1,1,1,0,0,0,0,96
44940,wave,boundary,wave,w*dz(w),0,1,1,1,0,0,0,0,96
44940,wave,boundary,wave,u*dx(eta),1.39904261262864e-14,24,1,2,0,5.66517392510115e-16,2.33343344646642e-11,96,0
44940,wave,boundary,wave,v*dy(eta),1.39911038770572e-14,24,1,2,0,7.7715611723761e-16,2.33457697618178e-11,96,0
44940,wave,boundary,wave,w*dz(eta),5.78539375309416e-15,24,1,1,0,5.94273494039785e-16,2.32435182212498e-11,96,0
44940,wave,boundary,wave,w*eta*dlogN2,4.76595285725954e-15,24,1,2,0,9.80219873146544e-16,2.32720509529827e-11,96,0
44940,boundary,wave,wave,u*dx(u),4.17045401596644e-14,2,0,24,1,1.72310497868078e-15,1.27714505637755e-10,96,0
44940,boundary,wave,wave,v*dy(u),4.17045401596644e-14,2,0,24,1,1.72310497868078e-15,1.27714505637755e-10,96,0
44940,boundary,wave,wave,w*dz(u),0,1,0,1,1,0,0,0,96
44940,boundary,wave,wave,u*dx(v),4.19716921732719e-14,2,0,24,1,1.64207861743108e-15,1.27714505637755e-10,96,0
44940,boundary,wave,wave,v*dy(v),4.19716921732719e-14,2,0,24,1,1.64207861743108e-15,1.27714505637755e-10,96,0
44940,boundary,wave,wave,w*dz(v),0,1,0,1,1,0,0,0,96
44940,boundary,wave,wave,u*dx(w),4.6410512717093e-17,2,0,2,1,4.44089209850063e-16,1.28984822822531e-10,96,0
44940,boundary,wave,wave,v*dy(w),4.6410512717093e-17,2,0,2,1,4.44089209850063e-16,1.28984822822531e-10,96,0
44940,boundary,wave,wave,w*dz(w),0,1,0,1,1,0,0,0,96
44940,boundary,wave,wave,u*dx(eta),3.11602665795346e-15,2,0,24,1,9.43348010214351e-16,6.66375843394462e-11,96,0
44940,boundary,wave,wave,v*dy(eta),3.11602665795346e-15,2,0,24,1,9.43348010214351e-16,6.66375843394462e-11,96,0
44940,boundary,wave,wave,w*dz(eta),0,1,0,1,1,0,0,0,96
44940,boundary,wave,wave,w*eta*dlogN2,0,1,0,1,1,0,0,0,96
44940,apv,boundary,wave,u*dx(u),3.31955557199386e-15,4,0,1,0,1.13036235443888e-15,1.71616054700507e-11,12,0
44940,apv,boundary,wave,v*dy(u),3.31955557199386e-15,4,0,1,0,1.13036235443888e-15,1.71616054700507e-11,12,0
44940,apv,boundary,wave,w*dz(u),0,-1,0,1,0,0,0,0,12
44940,apv,boundary,wave,u*dx(v),4.11782483213272e-15,4,0,1,0,1.83270750244812e-15,1.91537277843749e-11,12,0
44940,apv,boundary,wave,v*dy(v),4.11782483213272e-15,4,0,1,0,1.83270750244812e-15,1.91537277843749e-11,12,0
44940,apv,boundary,wave,w*dz(v),0,-1,0,1,0,0,0,0,12
44940,apv,boundary,wave,u*dx(w),0,-1,0,1,0,0,0,0,12
44940,apv,boundary,wave,v*dy(w),0,-1,0,1,0,0,0,0,12
44940,apv,boundary,wave,w*dz(w),0,-1,0,1,0,0,0,0,12
44940,apv,boundary,wave,u*dx(eta),6.19139267415564e-16,-1,0,2,0,5.00014391651706e-16,1.85251813888954e-11,12,0
44940,apv,boundary,wave,v*dy(eta),6.19139267415564e-16,-1,0,2,0,5.00014391651706e-16,1.85251813888954e-11,12,0
44940,apv,boundary,wave,w*dz(eta),0,-1,0,1,0,0,0,0,12
44940,apv,boundary,wave,w*eta*dlogN2,0,-1,0,1,0,0,0,0,12
44940,boundary,apv,wave,u*dx(u),2.83912395797416e-15,1,0,3,0,1.55610927932033e-15,2.34174901692086e-11,12,0
44940,boundary,apv,wave,v*dy(u),2.83912395797416e-15,1,0,3,0,1.55610927932033e-15,2.34174901692086e-11,12,0
44940,boundary,apv,wave,w*dz(u),0,1,0,-1,0,0,0,0,12
44940,boundary,apv,wave,u*dx(v),4.02064320041353e-15,1,0,5,0,1.37225374104329e-15,2.34174901692086e-11,12,0
44940,boundary,apv,wave,v*dy(v),4.02064320041353e-15,1,0,5,0,1.37225374104329e-15,2.34174901692086e-11,12,0
44940,boundary,apv,wave,w*dz(v),0,1,0,-1,0,0,0,0,12
44940,boundary,apv,wave,u*dx(w),0,1,0,-1,0,0,0,0,12
44940,boundary,apv,wave,v*dy(w),0,1,0,-1,0,0,0,0,12
44940,boundary,apv,wave,w*dz(w),0,1,0,-1,0,0,0,0,12
44940,boundary,apv,wave,u*dx(eta),6.62061809799864e-16,2,0,3,0,6.22657292888285e-16,1.78580217658459e-11,12,0
44940,boundary,apv,wave,v*dy(eta),6.62061809799864e-16,2,0,3,0,6.22657292888285e-16,1.78580217658459e-11,12,0
44940,boundary,apv,wave,w*dz(eta),0,1,0,-1,0,0,0,0,12
44940,boundary,apv,wave,w*eta*dlogN2,0,1,0,-1,0,0,0,0,12
44940,boundary,boundary,wave,u*dx(u),2.98401673993747e-15,1,0,2,0,1.17728522854921e-15,3.5909275553081e-11,4,0
44940,boundary,boundary,wave,v*dy(u),2.98401673993747e-15,1,0,2,0,1.17728522854921e-15,3.5909275553081e-11,4,0
44940,boundary,boundary,wave,w*dz(u),0,1,0,1,0,0,0,0,4
44940,boundary,boundary,wave,u*dx(v),3.74514353294509e-15,1,0,1,0,1.80033118624726e-15,3.8018752763475e-11,4,0
44940,boundary,boundary,wave,v*dy(v),3.74514353294509e-15,1,0,1,0,1.80033118624726e-15,3.8018752763475e-11,4,0
44940,boundary,boundary,wave,w*dz(v),0,1,0,1,0,0,0,0,4
44940,boundary,boundary,wave,u*dx(w),0,1,0,1,0,0,0,0,4
44940,boundary,boundary,wave,v*dy(w),0,1,0,1,0,0,0,0,4
44940,boundary,boundary,wave,w*dz(w),0,1,0,1,0,0,0,0,4
44940,boundary,boundary,wave,u*dx(eta),5.73600931834473e-16,2,0,1,0,3.84908374340899e-16,4.0957264261804e-11,4,0
44940,boundary,boundary,wave,v*dy(eta),5.73600931834473e-16,2,0,1,0,3.84908374340899e-16,4.0957264261804e-11,4,0
44940,boundary,boundary,wave,w*dz(eta),0,1,0,1,0,0,0,0,4
44940,boundary,boundary,wave,w*eta*dlogN2,0,1,0,1,0,0,0,0,4
45785,wave,wave,wave,u*dx(u),7.86101519886935e-07,24,-1,23,1,3.63673895746417e-15,5.31017452232163e-11,2304,0
45785,wave,wave,wave,v*dy(u),7.86101519900246e-07,24,1,23,1,3.60768544234841e-15,5.31019672678212e-11,2304,0
45785,wave,wave,wave,w*dz(u),7.86369325991491e-07,24,1,23,1,1.63831191425015e-14,1.88551653577377e-06,2304,0
45785,wave,wave,wave,u*dx(v),7.84413103134879e-07,24,1,23,1,3.54239794933961e-15,5.31004129555868e-11,2304,0
45785,wave,wave,wave,v*dy(v),7.84413103139649e-07,24,-1,23,1,3.51842006306375e-15,5.31006350001917e-11,2304,0
45785,wave,wave,wave,w*dz(v),7.84680051251475e-07,24,1,23,1,1.57180987818648e-14,1.81962668660647e-06,2304,0
45785,wave,wave,wave,u*dx(w),1.20937250356719e-09,24,1,24,1,1.11022302462516e-15,5.3102633401636e-11,2304,0
45785,wave,wave,wave,v*dy(w),1.20937250357072e-09,24,1,24,1,1.11022302462516e-15,5.31017452232163e-11,2304,0
45785,wave,wave,wave,w*dz(w),1.20937329943076e-09,24,1,24,1,8.88178419700125e-16,5.31277244419925e-11,2304,0
45785,wave,wave,wave,u*dx(eta),8.20576656589892e-08,24,1,24,1,1.22605869727736e-15,3.43407524638906e-11,2304,0
45785,wave,wave,wave,v*dy(eta),8.20576656568344e-08,24,1,24,1,1.22124532708767e-15,3.43538530955811e-11,2304,0
45785,wave,wave,wave,w*dz(eta),8.20576959592903e-08,24,1,24,1,1.5304559732277e-15,3.45445894112117e-11,2304,0
45785,wave,wave,wave,w*eta*dlogN2,4.95365345385753e-08,24,1,23,1,1.53756044869818e-15,3.42147421505956e-11,2304,0
45785,wave,apv,wave,u*dx(u),5.8684304453049e-11,24,1,5,0,2.24818058327991e-15,3.47461746552005e-11,288,0
45785,wave,apv,wave,v*dy(u),5.86842058046534e-11,24,1,5,0,2.38854185722872e-15,3.47566604487304e-11,288,0
45785,wave,apv,wave,w*dz(u),6.13843203297933e-11,24,1,5,0,2.51347072914805e-15,4.74997818855627e-11,288,0
45785,wave,apv,wave,u*dx(v),5.85954636064249e-11,24,1,5,0,2.24394617036359e-15,3.423883399023e-11,288,0
45785,wave,apv,wave,v*dy(v),5.85953929640631e-11,24,1,5,0,2.23325878331812e-15,3.4252045644223e-11,288,0
45785,wave,apv,wave,w*dz(v),6.12919643843257e-11,24,1,5,0,2.21043198884887e-15,4.74995598409578e-11,288,0
45785,wave,apv,wave,u*dx(w),0,1,1,-1,0,0,0,0,288
45785,wave,apv,wave,v*dy(w),0,1,1,-1,0,0,0,0,288
45785,wave,apv,wave,w*dz(w),0,1,1,-1,0,0,0,0,288
45785,wave,apv,wave,u*dx(eta),3.58494872847108e-12,24,1,5,0,9.48339650634039e-16,5.27974330921666e-11,288,0
45785,wave,apv,wave,v*dy(eta),3.58494754261045e-12,24,1,5,0,9.39678340545186e-16,5.28105337238571e-11,288,0
45785,wave,apv,wave,w*dz(eta),3.49653312810804e-12,24,1,5,0,7.07349987800706e-16,2.3897661627359e-10,288,0
45785,wave,apv,wave,w*eta*dlogN2,8.38138963262418e-12,24,1,5,0,1.49200300183468e-15,4.83485473878886e-11,288,0
45785,apv,wave,wave,u*dx(u),5.86864889941845e-11,5,0,24,1,2.31345396300221e-15,5.31039656692656e-11,288,0
45785,apv,wave,wave,v*dy(u),5.868643625072e-11,5,0,24,1,2.35523394766727e-15,5.31039656692656e-11,288,0
45785,apv,wave,wave,w*dz(u),0,-1,0,1,1,0,0,0,288
45785,apv,wave,wave,u*dx(v),5.85975943245353e-11,5,0,24,1,2.24078211178971e-15,5.31028554462409e-11,288,0
45785,apv,wave,wave,v*dy(v),5.85976349395561e-11,5,0,24,1,2.33748837924622e-15,5.31028554462409e-11,288,0
45785,apv,wave,wave,w*dz(v),0,-1,0,1,1,0,0,0,288
45785,apv,wave,wave,u*dx(w),6.04948704379911e-14,5,0,24,1,6.66133814775094e-16,5.38158406726552e-11,288,0
45785,apv,wave,wave,v*dy(w),6.04947068829253e-14,5,0,24,1,5.55111512312578e-16,5.38158406726552e-11,288,0
45785,apv,wave,wave,w*dz(w),0,-1,0,1,1,0,0,0,288
45785,apv,wave,wave,u*dx(eta),3.49609349051564e-12,5,0,24,1,7.12760198590056e-16,2.73321365540369e-11,288,0
45785,apv,wave,wave,v*dy(eta),3.49609092927865e-12,5,0,24,1,7.10094374241627e-16,2.7331914509432e-11,288,0
45785,apv,wave,wave,w*dz(eta),0,-1,0,1,1,0,0,0,288
45785,apv,wave,wave,w*eta*dlogN2,0,-1,0,1,1,0,0,0,288
45785,wave,boundary,wave,u*dx(u),5.19326366739616e-14,24,1,2,0,1.91170836980922e-15,3.27011751011241e-11,96,0
45785,wave,boundary,wave,v*dy(u),5.17780676447482e-14,24,1,2,0,1.87677652971825e-15,3.27139426659073e-11,96,0
45785,wave,boundary,wave,w*dz(u),2.07313430872983e-14,24,1,1,0,1.71764898598494e-15,3.41181527474532e-11,96,0
45785,wave,boundary,wave,u*dx(v),5.11517891372449e-14,24,-1,2,0,2.01046729029043e-15,3.27009530565192e-11,96,0
45785,wave,boundary,wave,v*dy(v),5.16734804740206e-14,24,1,2,0,1.59193434346298e-15,3.27140536882098e-11,96,0
45785,wave,boundary,wave,w*dz(v),2.07025112055101e-14,24,1,1,0,2.01117181221784e-15,3.41182637697557e-11,96,0
45785,wave,boundary,wave,u*dx(w),0,1,1,1,0,0,0,0,96
45785,wave,boundary,wave,v*dy(w),0,1,1,1,0,0,0,0,96
45785,wave,boundary,wave,w*dz(w),0,1,1,1,0,0,0,0,96
45785,wave,boundary,wave,u*dx(eta),1.48202253991573e-15,24,1,1,0,4.70957458830033e-16,3.42931238961341e-11,96,0
45785,wave,boundary,wave,v*dy(eta),1.47411395623113e-15,24,1,1,0,5.55111512312578e-16,3.43063355501272e-11,96,0
45785,wave,boundary,wave,w*dz(eta),3.10174922001585e-15,24,1,2,0,8.878737462545e-16,3.41082717625341e-11,96,0
45785,wave,boundary,wave,w*eta*dlogN2,2.6241441613311e-15,24,1,1,0,5.87358963067477e-16,3.41167094575212e-11,96,0
45785,boundary,wave,wave,u*dx(u),8.27900811360155e-14,1,0,24,1,2.02129984419484e-15,5.3052229276318e-11,96,0
45785,boundary,wave,wave,v*dy(u),8.28519870870995e-14,1,0,24,1,2.02643232006913e-15,5.3052451320923e-11,96,0
45785,boundary,wave,wave,w*dz(u),0,1,0,1,1,0,0,0,96
45785,boundary,wave,wave,u*dx(v),8.28786363775937e-14,1,0,24,1,1.92290402514728e-15,5.30508970086885e-11,96,0
45785,boundary,wave,wave,v*dy(v),8.2787486436597e-14,1,0,24,1,2.25893940911068e-15,5.30508970086885e-11,96,0
45785,boundary,wave,wave,w*dz(v),0,1,0,1,1,0,0,0,96
45785,boundary,wave,wave,u*dx(w),7.79181382916564e-17,2,0,24,1,4.44089209850063e-16,5.29707389063105e-11,96,0
45785,boundary,wave,wave,v*dy(w),7.78182441363461e-17,2,0,24,1,6.66133814775094e-16,5.29711829955204e-11,96,0
45785,boundary,wave,wave,w*dz(w),0,1,0,1,1,0,0,0,96
45785,boundary,wave,wave,u*dx(eta),4.85785646701217e-15,1,0,24,1,1.12872474939953e-15,2.63833399571922e-11,96,0
45785,boundary,wave,wave,v*dy(eta),4.85033703072417e-15,1,0,24,1,1.62520562382099e-15,2.63833399571922e-11,96,0
45785,boundary,wave,wave,w*dz(eta),0,1,0,1,1,0,0,0,96
45785,boundary,wave,wave,w*eta*dlogN2,0,1,0,1,1,0,0,0,96
45785,apv,boundary,wave,u*dx(u),3.88897224677137e-15,5,0,1,0,1.92205349449549e-15,2.36278790557709e-11,12,0
45785,apv,boundary,wave,v*dy(u),4.06267264985758e-15,5,0,1,0,1.61463092449043e-15,2.36263959065907e-11,12,0
45785,apv,boundary,wave,w*dz(u),0,-1,0,1,0,0,0,0,12
45785,apv,boundary,wave,u*dx(v),2.89827455551167e-15,5,0,1,0,1.46990262010977e-15,2.35129693493263e-11,12,0
45785,apv,boundary,wave,v*dy(v),2.88490912157405e-15,5,0,1,0,1.39151561158999e-15,2.35127473047214e-11,12,0
45785,apv,boundary,wave,w*dz(v),0,-1,0,1,0,0,0,0,12
45785,apv,boundary,wave,u*dx(w),0,-1,0,1,0,0,0,0,12
45785,apv,boundary,wave,v*dy(w),0,-1,0,1,0,0,0,0,12
45785,apv,boundary,wave,w*dz(w),0,-1,0,1,0,0,0,0,12
45785,apv,boundary,wave,u*dx(eta),3.15033376521738e-16,-1,0,2,0,3.59994716224641e-16,2.23416840583468e-11,12,0
45785,apv,boundary,wave,v*dy(eta),4.55586577493578e-16,-1,0,2,0,4.424899669962e-16,2.23419061029517e-11,12,0
45785,apv,boundary,wave,w*dz(eta),0,-1,0,1,0,0,0,0,12
45785,apv,boundary,wave,w*eta*dlogN2,0,-1,0,1,0,0,0,0,12
45785,boundary,apv,wave,u*dx(u),4.04723216083785e-15,1,0,4,0,1.91323489598885e-15,2.01791346179898e-11,12,0
45785,boundary,apv,wave,v*dy(u),4.06005829711119e-15,1,0,4,0,1.60526591545244e-15,2.01796092347893e-11,12,0
45785,boundary,apv,wave,w*dz(u),0,1,0,-1,0,0,0,0,12
45785,boundary,apv,wave,u*dx(v),3.35819561456405e-15,1,0,4,0,1.66612588214108e-15,1.8935075729587e-11,12,0
45785,boundary,apv,wave,v*dy(v),3.32319473817615e-15,1,0,4,0,1.35345256573921e-15,1.8935075729587e-11,12,0
45785,boundary,apv,wave,w*dz(v),0,1,0,-1,0,0,0,0,12
45785,boundary,apv,wave,u*dx(w),0,1,0,-1,0,0,0,0,12
45785,boundary,apv,wave,v*dy(w),0,1,0,-1,0,0,0,0,12
45785,boundary,apv,wave,w*dz(w),0,1,0,-1,0,0,0,0,12
45785,boundary,apv,wave,u*dx(eta),1.13441130017103e-15,1,0,1,0,7.73278148071738e-16,3.01773050992438e-11,12,0
45785,boundary,apv,wave,v*dy(eta),4.63764554953008e-16,2,0,3,0,3.99518613515973e-16,3.01769720323364e-11,12,0
45785,boundary,apv,wave,w*dz(eta),0,1,0,-1,0,0,0,0,12
45785,boundary,apv,wave,w*eta*dlogN2,0,1,0,-1,0,0,0,0,12
45785,boundary,boundary,wave,u*dx(u),3.92289858758884e-15,1,0,1,0,1.36719319616587e-15,6.60705348877389e-11,4,0
45785,boundary,boundary,wave,v*dy(u),3.86981016900906e-15,1,0,1,0,1.23336319937255e-15,6.60703153282971e-11,4,0
45785,boundary,boundary,wave,w*dz(u),0,1,0,1,0,0,0,0,4
45785,boundary,boundary,wave,u*dx(v),3.12223266178421e-15,2,0,1,0,1.25520417683027e-15,4.9145576497267e-11,4,0
45785,boundary,boundary,wave,v*dy(v),3.15898897077551e-15,2,0,1,0,1.19412373104234e-15,4.91459095641744e-11,4,0
45785,boundary,boundary,wave,w*dz(v),0,1,0,1,0,0,0,0,4
45785,boundary,boundary,wave,u*dx(w),0,1,0,1,0,0,0,0,4
45785,boundary,boundary,wave,v*dy(w),0,1,0,1,0,0,0,0,4
45785,boundary,boundary,wave,w*dz(w),0,1,0,1,0,0,0,0,4
45785,boundary,boundary,wave,u*dx(eta),4.81670668912783e-16,1,0,2,0,3.33066907387547e-16,5.31168442563512e-11,4,0
45785,boundary,boundary,wave,v*dy(eta),4.95796859028197e-16,1,0,2,0,3.0421874990505e-16,5.31167332340488e-11,4,0
45785,boundary,boundary,wave,w*dz(eta),0,1,0,1,0,0,0,0,4
45785,boundary,boundary,wave,w*eta*dlogN2,0,1,0,1,0,0,0,0,4
46599,wave,wave,wave,u*dx(u),7.82222553191324e-07,24,1,23,1,3.52779073852976e-15,2.27269314478917e-11,2304,0
46599,wave,wave,wave,v*dy(u),7.82222553209562e-07,24,-1,23,1,3.52051023400584e-15,2.27196039759292e-11,2304,0
46599,wave,wave,wave,w*dz(u),7.82488451114626e-07,24,1,23,1,6.87459727372974e-15,6.8767515845535e-07,2304,0
46599,wave,wave,wave,u*dx(v),7.82222553189169e-07,24,-1,23,1,3.57362569297566e-15,2.27230456673055e-11,2304,0
46599,wave,wave,wave,v*dy(v),7.82222553195013e-07,24,-1,23,1,3.55316314064219e-15,2.27196039759292e-11,2304,0
46599,wave,wave,wave,w*dz(v),7.82488451119963e-07,24,1,23,1,6.99774512613761e-15,6.87675158534157e-07,2304,0
46599,wave,wave,wave,u*dx(w),2.4888632201144e-09,24,1,24,1,1.11022302462516e-15,2.27582397371862e-11,2304,0
46599,wave,wave,wave,v*dy(w),2.4888632201255e-09,24,1,24,1,8.88178419700125e-16,2.27582397371862e-11,2304,0
46599,wave,wave,wave,w*dz(w),2.48886753487672e-09,24,1,24,1,9.99200722162641e-16,2.29785079852718e-11,2304,0
46599,wave,wave,wave,u*dx(eta),1.67300138375519e-07,24,1,24,1,1.77736600755525e-15,2.26207941267376e-11,2304,0
46599,wave,wave,wave,v*dy(eta),1.67300138375166e-07,24,1,24,1,1.65793438199052e-15,2.25861551683693e-11,2304,0
46599,wave,wave,wave,w*dz(eta),1.67300301134597e-07,24,1,24,1,1.55793887000147e-15,2.29565255693842e-11,2304,0
46599,wave,wave,wave,w*eta*dlogN2,1.01064116365313e-07,24,1,23,1,1.94295457813228e-15,2.26437757433473e-11,2304,0
46599,wave,apv,wave,u*dx(u),5.84811034945261e-11,24,1,5,0,2.16363618461686e-15,2.24987806163313e-11,288,0
46599,wave,apv,wave,v*dy(u),5.8481090929412e-11,24,1,5,0,2.217998919459e-15,2.24640306356605e-11,288,0
46599,wave,apv,wave,w*dz(u),6.11732274652684e-11,24,1,5,0,2.24405546333167e-15,3.58428842162084e-11,288,0
46599,wave,apv,wave,u*dx(v),5.84811657226403e-11,24,1,5,0,2.27561032154784e-15,2.24984475494239e-11,288,0
46599,wave,apv,wave,v*dy(v),5.84810919808034e-11,24,1,5,0,2.13077510091234e-15,2.24636975687531e-11,288,0
46599,wave,apv,wave,w*dz(v),6.11732807855527e-11,24,1,5,0,2.17239609697927e-15,3.5842551149301e-11,288,0
46599,wave,apv,wave,u*dx(w),0,1,1,-1,0,0,0,0,288
46599,wave,apv,wave,v*dy(w),0,1,1,-1,0,0,0,0,288
46599,wave,apv,wave,w*dz(w),0,1,1,-1,0,0,0,0,288
46599,wave,apv,wave,u*dx(eta),7.33756890086531e-12,24,1,5,0,1.12307801254149e-15,4.10440570419723e-11,288,0
46599,wave,apv,wave,v*dy(eta),7.33756754156045e-12,24,1,5,0,1.89953952579521e-15,4.10093070613016e-11,288,0
46599,wave,apv,wave,w*dz(eta),7.15646744567603e-12,24,1,5,0,9.27538888070726e-16,2.27266649943658e-10,288,0
46599,wave,apv,wave,w*eta*dlogN2,1.71601295969179e-11,24,1,5,0,1.16587676016308e-15,3.67013086588486e-11,288,0
46599,apv,wave,wave,u*dx(u),5.84867981173333e-11,5,0,24,1,2.18293612723555e-15,2.27311502953853e-11,288,0
46599,apv,wave,wave,v*dy(u),5.84868088769701e-11,5,0,24,1,2.29668140382749e-15,2.27313723399902e-11,288,0
46599,apv,wave,wave,w*dz(u),0,-1,0,1,1,0,0,0,288
46599,apv,wave,wave,u*dx(v),5.84867908985536e-11,5,0,24,-1,2.30196186886701e-15,2.27309282507804e-11,288,0
46599,apv,wave,wave,v*dy(v),5.84867909088012e-11,5,0,24,1,2.26046031032344e-15,2.27311502953853e-11,288,0
46599,apv,wave,wave,w*dz(v),0,-1,0,1,1,0,0,0,288
46599,apv,wave,wave,u*dx(w),1.24490086789799e-13,5,0,24,1,7.7715611723761e-16,2.34594565995394e-11,288,0
46599,apv,wave,wave,v*dy(w),1.24490051014587e-13,5,0,24,1,5.55111512312578e-16,2.34596786441443e-11,288,0
46599,apv,wave,wave,w*dz(w),0,-1,0,1,1,0,0,0,288
46599,apv,wave,wave,u*dx(eta),7.15598669683305e-12,5,0,24,1,1.28829195999157e-15,1.21520571383371e-11,288,0
46599,apv,wave,wave,v*dy(eta),7.1559719371554e-12,5,0,24,1,1.28907745474856e-15,1.21518350937322e-11,288,0
46599,apv,wave,wave,w*dz(eta),0,-1,0,1,1,0,0,0,288
46599,apv,wave,wave,w*eta*dlogN2,0,-1,0,1,1,0,0,0,288
46599,wave,boundary,wave,u*dx(u),2.28169574091465e-14,1,1,1,0,1.98623864842605e-15,2.43269848709815e-11,96,0
46599,wave,boundary,wave,v*dy(u),2.28669366295363e-14,1,-1,1,0,1.7609098702544e-15,2.42924569349157e-11,96,0
46599,wave,boundary,wave,w*dz(u),2.13657306475163e-14,24,1,2,0,1.51297330900437e-15,2.24583684982349e-11,96,0
46599,wave,boundary,wave,u*dx(v),2.27766475769958e-14,1,1,1,0,1.63618188127593e-15,2.4327095893284e-11,96,0
46599,wave,boundary,wave,v*dy(v),2.27993065883031e-14,1,1,1,0,1.59832115113641e-15,2.42924569349157e-11,96,0
46599,wave,boundary,wave,w*dz(v),2.15116002528157e-14,24,1,2,0,1.50871270120363e-15,2.24584795205374e-11,96,0
46599,wave,boundary,wave,u*dx(w),0,1,1,1,0,0,0,0,96
46599,wave,boundary,wave,v*dy(w),0,1,1,1,0,0,0,0,96
46599,wave,boundary,wave,w*dz(w),0,1,1,1,0,0,0,0,96
46599,wave,boundary,wave,u*dx(eta),2.46504020806079e-15,24,1,2,0,7.7715611723761e-16,2.27340368752493e-11,96,0
46599,wave,boundary,wave,v*dy(eta),2.4676798983662e-15,24,1,2,0,6.66133814775094e-16,2.2699397916881e-11,96,0
46599,wave,boundary,wave,w*dz(eta),1.71812437508918e-15,22,1,2,0,7.66909179659224e-16,2.24309459895267e-11,96,0
46599,wave,boundary,wave,w*eta*dlogN2,1.66587975769208e-15,22,1,2,0,1.1044290923512e-15,2.24580354313275e-11,96,0
46599,boundary,wave,wave,u*dx(u),2.19115687409772e-13,2,0,24,1,2.02337905857997e-15,2.27851071343821e-11,96,0
46599,boundary,wave,wave,v*dy(u),2.19617293742614e-13,2,0,24,1,2.06762829410935e-15,2.27848850897772e-11,96,0
46599,boundary,wave,wave,w*dz(u),0,1,0,1,1,0,0,0,96
46599,boundary,wave,wave,u*dx(v),2.19111017584218e-13,2,0,24,1,2.12349041002321e-15,2.27851071343821e-11,96,0
46599,boundary,wave,wave,v*dy(v),2.19782860591915e-13,2,0,24,1,2.03845420138313e-15,2.27848850897772e-11,96,0
46599,boundary,wave,wave,w*dz(v),0,1,0,1,1,0,0,0,96
46599,boundary,wave,wave,u*dx(w),3.73476763545142e-16,1,0,24,1,6.66133814775094e-16,2.28517205158596e-11,96,0
46599,boundary,wave,wave,v*dy(w),3.74930076307176e-16,1,0,24,1,4.44089209850063e-16,2.28517205158596e-11,96,0
46599,boundary,wave,wave,w*dz(w),0,1,0,1,1,0,0,0,96
46599,boundary,wave,wave,u*dx(eta),2.59433667366826e-14,2,0,24,1,1.3832741576555e-15,1.15250031740288e-11,96,0
46599,boundary,wave,wave,v*dy(eta),2.59810241757464e-14,2,0,24,1,8.52332340134688e-16,1.15250031740288e-11,96,0
46599,boundary,wave,wave,w*dz(eta),0,1,0,1,1,0,0,0,96
46599,boundary,wave,wave,w*eta*dlogN2,0,1,0,1,1,0,0,0,96
46599,apv,boundary,wave,u*dx(u),4.13031604246966e-15,5,0,1,0,1.32354583400496e-15,2.10367279152024e-11,12,0
46599,apv,boundary,wave,v*dy(u),4.1093466704054e-15,5,0,1,0,1.66847952249343e-15,2.10367279152024e-11,12,0
46599,apv,boundary,wave,w*dz(u),0,-1,0,1,0,0,0,0,12
46599,apv,boundary,wave,u*dx(v),4.14984754965538e-15,5,0,1,0,1.4456675992827e-15,2.10371720044122e-11,12,0
46599,apv,boundary,wave,v*dy(v),4.09635767929014e-15,5,0,1,0,1.25529373907344e-15,2.10369499598073e-11,12,0
46599,apv,boundary,wave,w*dz(v),0,-1,0,1,0,0,0,0,12
46599,apv,boundary,wave,u*dx(w),0,-1,0,1,0,0,0,0,12
46599,apv,boundary,wave,v*dy(w),0,-1,0,1,0,0,0,0,12
46599,apv,boundary,wave,w*dz(w),0,-1,0,1,0,0,0,0,12
46599,apv,boundary,wave,u*dx(eta),6.47694602531886e-16,1,0,2,0,4.54877127731316e-16,2.31488161972493e-11,12,0
46599,apv,boundary,wave,v*dy(eta),6.32761811331518e-16,1,0,2,0,5.62608166919391e-16,2.31488161972493e-11,12,0
46599,apv,boundary,wave,w*dz(eta),0,-1,0,1,0,0,0,0,12
46599,apv,boundary,wave,w*eta*dlogN2,0,-1,0,1,0,0,0,0,12
46599,boundary,apv,wave,u*dx(u),4.5759381688644e-15,1,0,4,0,1.60102879176054e-15,1.12781437612382e-11,12,0
46599,boundary,apv,wave,v*dy(u),4.60005500740627e-15,1,0,4,0,1.43873713191475e-15,1.12789616199888e-11,12,0
46599,boundary,apv,wave,w*dz(u),0,1,0,-1,0,0,0,0,12
46599,boundary,apv,wave,u*dx(v),4.55958548138393e-15,1,0,4,0,1.76231827473564e-15,1.12789219794913e-11,12,0
46599,boundary,apv,wave,v*dy(v),4.60501355581196e-15,1,0,4,0,1.61634613617486e-15,1.12781832839995e-11,12,0
46599,boundary,apv,wave,w*dz(v),0,1,0,-1,0,0,0,0,12
46599,boundary,apv,wave,u*dx(w),0,1,0,-1,0,0,0,0,12
46599,boundary,apv,wave,v*dy(w),0,1,0,-1,0,0,0,0,12
46599,boundary,apv,wave,w*dz(w),0,1,0,-1,0,0,0,0,12
46599,boundary,apv,wave,u*dx(eta),8.29814977207343e-16,2,0,-1,0,1.30363868490607e-15,2.99696473514219e-11,12,0
46599,boundary,apv,wave,v*dy(eta),9.68963241728137e-16,2,0,1,0,1.32540122117402e-15,2.99695597347042e-11,12,0
46599,boundary,apv,wave,w*dz(eta),0,1,0,-1,0,0,0,0,12
46599,boundary,apv,wave,w*eta*dlogN2,0,1,0,-1,0,0,0,0,12
46599,boundary,boundary,wave,u*dx(u),3.74353495877921e-15,1,0,1,0,1.30921495762547e-15,7.38820020741518e-12,4,0
46599,boundary,boundary,wave,v*dy(u),3.76627401390211e-15,1,0,1,0,9.59978090235796e-16,7.38845536483284e-12,4,0
46599,boundary,boundary,wave,w*dz(u),0,1,0,1,0,0,0,0,4
46599,boundary,boundary,wave,u*dx(v),3.68177815149608e-15,1,0,1,0,1.19116392388945e-15,7.38843757202084e-12,4,0
46599,boundary,boundary,wave,v*dy(v),3.72948226091208e-15,1,0,1,0,1.29087378469087e-15,7.38815996015829e-12,4,0
46599,boundary,boundary,wave,w*dz(v),0,1,0,1,0,0,0,0,4
46599,boundary,boundary,wave,u*dx(w),0,1,0,1,0,0,0,0,4
46599,boundary,boundary,wave,v*dy(w),0,1,0,1,0,0,0,0,4
46599,boundary,boundary,wave,w*dz(w),0,1,0,1,0,0,0,0,4
46599,boundary,boundary,wave,u*dx(eta),5.0600107457514e-16,1,0,2,0,5.33392344207211e-16,9.00633625751155e-13,4,0
46599,boundary,boundary,wave,v*dy(eta),4.68571977632588e-16,2,0,2,0,6.2016553580818e-16,9.0063494988011e-13,4,0
46599,boundary,boundary,wave,w*dz(eta),0,1,0,1,0,0,0,0,4
46599,boundary,boundary,wave,w*eta*dlogN2,0,1,0,1,0,0,0,0,4
47235,wave,wave,wave,u*dx(u),7.83425715343018e-07,24,1,23,1,3.56870692682943e-15,2.60060861734246e-11,2304,0
47235,wave,wave,wave,v*dy(u),7.83425715380192e-07,24,-1,23,1,3.58085580254502e-15,2.60058641288197e-11,2304,0
47235,wave,wave,wave,w*dz(u),7.83692182809835e-07,24,1,23,1,1.37260212303179e-14,1.72982396460412e-06,2304,0
47235,wave,wave,wave,u*dx(v),7.83425715367901e-07,24,-1,23,1,3.5224618055641e-15,2.60038657273753e-11,2304,0
47235,wave,wave,wave,v*dy(v),7.83425715365691e-07,24,-1,23,1,3.58014860543357e-15,2.60036436827704e-11,2304,0
47235,wave,wave,wave,w*dz(v),7.83692182820259e-07,24,1,23,1,1.37925817760971e-14,1.72982396500681e-06,2304,0
47235,wave,wave,wave,u*dx(w),2.07405389088996e-09,24,1,24,1,9.99200722162641e-16,2.59385846135274e-11,2304,0
47235,wave,wave,wave,v*dy(w),2.07405389087314e-09,24,1,24,1,9.99200722162641e-16,2.59388066581323e-11,2304,0
47235,wave,wave,wave,w*dz(w),2.07405588855155e-09,24,1,24,1,1.11022302462516e-15,2.60549359865081e-11,2304,0
47235,wave,wave,wave,u*dx(eta),1.39936267137779e-07,24,1,24,1,1.78660293916602e-15,2.26011431792017e-11,2304,0
47235,wave,wave,wave,v*dy(eta),1.39936267135896e-07,24,1,24,1,1.51170613670044e-15,2.25666152431359e-11,2304,0
47235,wave,wave,wave,w*dz(eta),1.39936342773409e-07,24,1,24,1,1.60555271835959e-15,2.29601893053655e-11,2304,0
47235,wave,wave,wave,w*eta*dlogN2,8.45113272229574e-08,24,1,23,1,1.62171770612838e-15,2.26585417095748e-11,2304,0
47235,wave,apv,wave,u*dx(u),5.85439576722033e-11,24,1,5,0,2.08772171883803e-15,2.24985585717263e-11,288,0
47235,wave,apv,wave,v*dy(u),5.85439821260739e-11,24,1,5,0,2.32257752785776e-15,2.24638085910556e-11,288,0
47235,wave,apv,wave,w*dz(u),6.12385187279852e-11,24,1,5,0,2.21042932004556e-15,3.5842551149301e-11,288,0
47235,wave,apv,wave,u*dx(v),5.85439617467364e-11,24,-1,5,0,2.15456532019682e-15,2.24984475494239e-11,288,0
47235,wave,apv,wave,v*dy(v),5.85439234723563e-11,24,1,5,0,2.19721816449406e-15,2.24636975687531e-11,288,0
47235,wave,apv,wave,w*dz(v),6.12384821232822e-11,24,1,5,0,2.16345174185475e-15,3.58428842162084e-11,288,0
47235,wave,apv,wave,u*dx(w),0,1,1,-1,0,0,0,0,288
47235,wave,apv,wave,v*dy(w),0,1,1,-1,0,0,0,0,288
47235,wave,apv,wave,w*dz(w),0,1,1,-1,0,0,0,0,288
47235,wave,apv,wave,u*dx(eta),6.12793997753984e-12,24,1,5,0,1.11190869568201e-15,4.10441680642748e-11,288,0
47235,wave,apv,wave,v*dy(eta),6.12794693892769e-12,24,1,5,0,1.09494459379776e-15,4.10095291059065e-11,288,0
47235,wave,apv,wave,w*dz(eta),5.97672710256274e-12,24,1,5,0,1.55596556381773e-15,2.27266649943658e-10,288,0
47235,wave,apv,wave,w*eta*dlogN2,1.43294683617375e-11,24,1,5,0,1.19042937718006e-15,3.67013086588486e-11,288,0
47235,apv,wave,wave,u*dx(u),5.85470095237177e-11,5,0,24,1,2.2687780286153e-15,2.59421373272062e-11,288,0
47235,apv,wave,wave,v*dy(u),5.85469646552331e-11,5,0,24,1,2.20719220805596e-15,2.59421373272062e-11,288,0
47235,apv,wave,wave,w*dz(u),0,-1,0,1,1,0,0,0,288
47235,apv,wave,wave,u*dx(v),5.85469930301493e-11,5,0,24,1,2.37663533281036e-15,2.5939694836552e-11,288,0
47235,apv,wave,wave,v*dy(v),5.85470265808555e-11,5,0,24,1,2.21573300480438e-15,2.59399168811569e-11,288,0
47235,apv,wave,wave,w*dz(v),0,-1,0,1,1,0,0,0,288
47235,apv,wave,wave,u*dx(w),1.03745717473191e-13,5,0,24,1,5.55111512312578e-16,2.66422439665348e-11,288,0
47235,apv,wave,wave,v*dy(w),1.03745907579425e-13,5,0,24,1,6.66133814775094e-16,2.66422439665348e-11,288,0
47235,apv,wave,wave,w*dz(w),0,-1,0,1,1,0,0,0,288
47235,apv,wave,wave,u*dx(eta),5.97607643173543e-12,5,0,24,1,1.06962064249616e-15,1.37374556175018e-11,288,0
47235,apv,wave,wave,v*dy(eta),5.97608580657617e-12,5,0,24,1,1.44167805917434e-15,1.37374556175018e-11,288,0
47235,apv,wave,wave,w*dz(eta),0,-1,0,1,1,0,0,0,288
47235,apv,wave,wave,w*eta*dlogN2,0,-1,0,1,1,0,0,0,288
47235,wave,boundary,wave,u*dx(u),4.5670708840552e-14,24,1,2,0,1.77493993071423e-15,2.26028085137386e-11,96,0
47235,wave,boundary,wave,v*dy(u),4.59218843329862e-14,24,1,2,0,1.92775033234196e-15,2.25683915999753e-11,96,0
47235,wave,boundary,wave,w*dz(u),2.13950313640096e-14,24,1,1,0,1.56170027326761e-15,2.24468221787788e-11,96,0
47235,wave,boundary,wave,u*dx(v),4.57194418474763e-14,24,1,2,0,1.83218429310725e-15,2.26030305583436e-11,96,0
47235,wave,boundary,wave,v*dy(v),4.55568054697765e-14,24,1,2,0,2.11311995103792e-15,2.25682805776728e-11,96,0
47235,wave,boundary,wave,w*dz(v),2.14040489456845e-14,24,1,1,0,1.61816437395436e-15,2.24467111564763e-11,96,0
47235,wave,boundary,wave,u*dx(w),0,1,1,1,0,0,0,0,96
47235,wave,boundary,wave,v*dy(w),0,1,1,1,0,0,0,0,96
47235,wave,boundary,wave,w*dz(w),0,1,1,1,0,0,0,0,96
47235,wave,boundary,wave,u*dx(eta),2.31503782158172e-15,24,1,1,0,7.7715611723761e-16,2.26957341808998e-11,96,0
47235,wave,boundary,wave,v*dy(eta),2.31672483465182e-15,24,1,1,0,6.66133814775094e-16,2.26610952225315e-11,96,0
47235,wave,boundary,wave,w*dz(eta),4.71170743832672e-15,24,1,2,0,1.03961973764106e-15,2.24419371974705e-11,96,0
47235,wave,boundary,wave,w*eta*dlogN2,3.98089796344018e-15,24,1,1,0,7.04101404661188e-16,2.24457119557542e-11,96,0
47235,boundary,wave,wave,u*dx(u),2.19786858737756e-13,2,0,24,1,2.38195896102216e-15,2.59778865085991e-11,96,0
47235,boundary,wave,wave,v*dy(u),2.19547407128211e-13,2,0,24,-1,1.96707544722293e-15,2.59774424193893e-11,96,0
47235,boundary,wave,wave,w*dz(u),0,1,0,1,1,0,0,0,96
47235,boundary,wave,wave,u*dx(v),2.19475981641579e-13,2,0,24,1,2.06859679547194e-15,2.59747778841302e-11,96,0
47235,boundary,wave,wave,v*dy(v),2.19591484080357e-13,2,0,24,1,1.96395875901748e-15,2.597522197334e-11,96,0
47235,boundary,wave,wave,w*dz(v),0,1,0,1,1,0,0,0,96
47235,boundary,wave,wave,u*dx(w),3.11533718076978e-16,1,0,24,1,3.33066907387547e-16,2.60247379202383e-11,96,0
47235,boundary,wave,wave,v*dy(w),3.12034118043722e-16,1,0,24,1,4.44089209850063e-16,2.60245158756334e-11,96,0
47235,boundary,wave,wave,w*dz(w),0,1,0,1,1,0,0,0,96
47235,boundary,wave,wave,u*dx(eta),2.17267317474986e-14,2,0,24,1,8.08691886353051e-16,1.31010757797867e-11,96,0
47235,boundary,wave,wave,v*dy(eta),2.16727951911234e-14,2,0,24,1,8.33486933643429e-16,1.31008537351818e-11,96,0
47235,boundary,wave,wave,w*dz(eta),0,1,0,1,1,0,0,0,96
47235,boundary,wave,wave,w*eta*dlogN2,0,1,0,1,1,0,0,0,96
47235,apv,boundary,wave,u*dx(u),3.75826563879365e-15,5,0,1,0,1.26660179111108e-15,2.22155627227494e-11,12,0
47235,apv,boundary,wave,v*dy(u),3.66900199693248e-15,5,0,1,0,1.36820631965874e-15,2.22153406781445e-11,12,0
47235,apv,boundary,wave,w*dz(u),0,-1,0,1,0,0,0,0,12
47235,apv,boundary,wave,u*dx(v),3.71922709833157e-15,5,0,1,0,1.72587660256723e-15,2.22155627227494e-11,12,0
47235,apv,boundary,wave,v*dy(v),3.73394104006776e-15,5,0,1,0,1.30513595222459e-15,2.22155627227494e-11,12,0
47235,apv,boundary,wave,w*dz(v),0,-1,0,1,0,0,0,0,12
47235,apv,boundary,wave,u*dx(w),0,-1,0,1,0,0,0,0,12
47235,apv,boundary,wave,v*dy(w),0,-1,0,1,0,0,0,0,12
47235,apv,boundary,wave,w*dz(w),0,-1,0,1,0,0,0,0,12
47235,apv,boundary,wave,u*dx(eta),5.12956889711523e-16,-1,0,2,0,4.78032982304936e-16,2.24402718629335e-11,12,0
47235,apv,boundary,wave,v*dy(eta),5.38527121863065e-16,-1,0,2,0,6.89053961343379e-16,2.24398277737237e-11,12,0
47235,apv,boundary,wave,w*dz(eta),0,-1,0,1,0,0,0,0,12
47235,apv,boundary,wave,w*eta*dlogN2,0,-1,0,1,0,0,0,0,12
47235,boundary,apv,wave,u*dx(u),4.45572644480095e-15,1,0,4,0,1.4442687351102e-15,1.14476959499746e-11,12,0
47235,boundary,apv,wave,v*dy(u),4.45164204875631e-15,1,0,4,0,1.45078186258647e-15,1.1447811692849e-11,12,0
47235,boundary,apv,wave,w*dz(u),0,1,0,-1,0,0,0,0,12
47235,boundary,apv,wave,u*dx(v),4.45222598290293e-15,1,0,4,0,1.54310681723597e-15,1.14468705281968e-11,12,0
47235,boundary,apv,wave,v*dy(v),4.4592480517515e-15,1,0,4,0,1.47898313379465e-15,1.14477859334794e-11,12,0
47235,boundary,apv,wave,w*dz(v),0,1,0,-1,0,0,0,0,12
47235,boundary,apv,wave,u*dx(w),0,1,0,-1,0,0,0,0,12
47235,boundary,apv,wave,v*dy(w),0,1,0,-1,0,0,0,0,12
47235,boundary,apv,wave,w*dz(w),0,1,0,-1,0,0,0,0,12
47235,boundary,apv,wave,u*dx(eta),1.2407660849211e-15,2,0,1,0,1.02241815890981e-15,2.8837943076408e-11,12,0
47235,boundary,apv,wave,v*dy(eta),9.61713681038094e-16,2,0,1,0,8.30727546464409e-16,2.88379455197195e-11,12,0
47235,boundary,apv,wave,w*dz(eta),0,1,0,-1,0,0,0,0,12
47235,boundary,apv,wave,w*eta*dlogN2,0,1,0,-1,0,0,0,0,12
47235,boundary,boundary,wave,u*dx(u),3.21046053683738e-15,1,0,1,0,1.11995778435955e-15,7.98137021851137e-12,4,0
47235,boundary,boundary,wave,v*dy(u),3.40595632786966e-15,1,0,1,0,1.04645023302315e-15,7.98128875100942e-12,4,0
47235,boundary,boundary,wave,w*dz(u),0,1,0,1,0,0,0,0,4
47235,boundary,boundary,wave,u*dx(v),3.25226984740245e-15,1,0,1,0,1.08379912331195e-15,7.98124302395493e-12,4,0
47235,boundary,boundary,wave,v*dy(v),3.17982944101323e-15,1,0,1,0,1.16077686481113e-15,7.98137014295232e-12,4,0
47235,boundary,boundary,wave,w*dz(v),0,1,0,1,0,0,0,0,4
47235,boundary,boundary,wave,u*dx(w),0,1,0,1,0,0,0,0,4
47235,boundary,boundary,wave,v*dy(w),0,1,0,1,0,0,0,0,4
47235,boundary,boundary,wave,w*dz(w),0,1,0,1,0,0,0,0,4
47235,boundary,boundary,wave,u*dx(eta),4.71437417380344e-16,2,0,2,0,4.68162809131903e-16,4.39315250844174e-13,4,0
47235,boundary,boundary,wave,v*dy(eta),7.5201277875066e-16,1,0,2,0,6.68837343937678e-16,4.39093206239249e-13,4,0
47235,boundary,boundary,wave,w*dz(eta),0,1,0,1,0,0,0,0,4
47235,boundary,boundary,wave,w*eta*dlogN2,0,1,0,1,0,0,0,0,4
48552,wave,wave,wave,u*dx(u),7.85770360780766e-07,24,1,23,1,3.65942754106985e-15,7.11999348368408e-11,2304,0
48552,wave,wave,wave,v*dy(u),7.85770360827406e-07,24,-1,23,1,3.60202296334935e-15,7.1212702401624e-11,2304,0
48552,wave,wave,wave,w*dz(u),7.86037973543932e-07,24,1,23,1,1.04180380307808e-14,1.07548189536334e-06,2304,0
48552,wave,wave,wave,u*dx(v),7.79096003601144e-07,24,-1,23,1,3.42575505866691e-15,7.12004899483532e-11,2304,0
48552,wave,wave,wave,v*dy(v),7.79096003607601e-07,24,-1,23,1,3.43062982025477e-15,7.12133685354388e-11,2304,0
48552,wave,wave,wave,w*dz(v),7.79360249030811e-07,24,1,23,1,9.20648587392006e-15,9.97702348443285e-07,2304,0
48552,wave,wave,wave,u*dx(w),2.41874150920384e-09,24,1,24,1,9.99200722162641e-16,7.08558767215095e-11,2304,0
48552,wave,wave,wave,v*dy(w),2.41874150916727e-09,24,1,24,1,9.99200722162641e-16,7.08686442862927e-11,2304,0
48552,wave,wave,wave,w*dz(w),2.41874368391614e-09,24,1,24,1,9.99200722162641e-16,7.17581549736224e-11,2304,0
48552,wave,wave,wave,u*dx(eta),1.62696147346033e-07,24,1,24,1,1.56996485682261e-15,4.98555641215148e-11,2304,0
48552,wave,wave,wave,v*dy(eta),1.62696147347594e-07,24,1,24,1,1.56729142471069e-15,4.98682206639955e-11,2304,0
48552,wave,wave,wave,w*dz(eta),1.62696229436448e-07,24,1,24,1,1.76525312622345e-15,5.09371433921046e-11,2304,0
48552,wave,wave,wave,w*eta*dlogN2,9.8277967399095e-08,24,1,23,1,1.28467304551468e-15,5.00937069602969e-11,2304,0
48552,wave,apv,wave,u*dx(u),5.8669772004877e-11,24,1,5,0,2.24499469810049e-15,2.96627386758893e-11,288,0
48552,wave,apv,wave,v*dy(u),5.86697698185804e-11,24,1,5,0,2.285040792099e-15,2.96700374067355e-11,288,0
48552,wave,apv,wave,w*dz(u),6.13694973074241e-11,24,1,5,0,2.28461683448197e-15,4.26565449629379e-11,288,0
48552,wave,apv,wave,u*dx(v),5.83172747284622e-11,24,1,5,0,2.42950371789042e-15,2.91657809015078e-11,288,0
48552,wave,apv,wave,v*dy(v),5.83172293777311e-11,24,1,5,0,2.23760221791586e-15,2.91787705108959e-11,288,0
48552,wave,apv,wave,w*dz(v),6.10028805644657e-11,24,1,5,0,2.13474857662715e-15,4.26566559852404e-11,288,0
48552,wave,apv,wave,u*dx(w),0,1,1,-1,0,0,0,0,288
48552,wave,apv,wave,v*dy(w),0,1,1,-1,0,0,0,0,288
48552,wave,apv,wave,w*dz(w),0,1,1,-1,0,0,0,0,288
48552,wave,apv,wave,u*dx(eta),7.13382461608849e-12,24,1,5,0,1.18189044305685e-15,4.758171634478e-11,288,0
48552,wave,apv,wave,v*dy(eta),7.13383186846414e-12,24,1,5,0,1.43149725681807e-15,4.75944839095632e-11,288,0
48552,wave,apv,wave,w*dz(eta),6.95772199303976e-12,24,1,5,0,1.2279799119034e-15,2.34174013513666e-10,288,0
48552,wave,apv,wave,w*eta*dlogN2,1.6682934408275e-11,24,1,5,0,1.45247859648145e-15,4.35200764314914e-11,288,0
48552,apv,wave,wave,u*dx(u),5.8672653962781e-11,5,0,24,1,2.3167728136003e-15,4.24823509703742e-11,288,0
48552,apv,wave,wave,v*dy(u),5.86727231782676e-11,5,0,24,1,2.28092873200106e-15,4.24821289257693e-11,288,0
48552,apv,wave,wave,w*dz(u),0,-1,0,1,1,0,0,0,288
48552,apv,wave,wave,u*dx(v),5.83202037068243e-11,5,0,24,1,2.19889750191523e-15,4.24827950595841e-11,288,0
48552,apv,wave,wave,v*dy(v),5.83201635076738e-11,5,0,24,1,2.05979542594631e-15,4.24826840372816e-11,288,0
48552,apv,wave,wave,w*dz(v),0,-1,0,1,1,0,0,0,288
48552,apv,wave,wave,u*dx(w),1.20984583407809e-13,5,0,24,1,5.55111512312578e-16,4.64709382086426e-11,288,0
48552,apv,wave,wave,v*dy(w),1.20984798303934e-13,5,0,24,1,6.66133814775094e-16,4.64709382086426e-11,288,0
48552,apv,wave,wave,w*dz(w),0,-1,0,1,1,0,0,0,288
48552,apv,wave,wave,u*dx(eta),6.95694170879149e-12,5,0,24,1,1.56854605450054e-15,2.61921595523518e-11,288,0
48552,apv,wave,wave,v*dy(eta),6.95694930754357e-12,5,0,24,1,1.27141048029062e-15,2.61921595523518e-11,288,0
48552,apv,wave,wave,w*dz(eta),0,-1,0,1,1,0,0,0,288
48552,apv,wave,wave,w*eta*dlogN2,0,-1,0,1,1,0,0,0,288
48552,wave,boundary,wave,u*dx(u),2.14704122198131e-14,24,1,2,0,1.91709032800765e-15,3.08728598241714e-11,96,0
48552,wave,boundary,wave,v*dy(u),2.15226150903913e-14,24,1,2,0,2.19615746771362e-15,3.08857384112571e-11,96,0
48552,wave,boundary,wave,w*dz(u),2.93278062036473e-14,24,1,2,0,1.69379959987127e-15,2.92377233535035e-11,96,0
48552,wave,boundary,wave,u*dx(v),2.22563317149124e-14,24,1,2,0,2.07740806823512e-15,3.08729708464739e-11,96,0
48552,wave,boundary,wave,v*dy(v),2.30338090830648e-14,24,1,2,0,2.0221766288496e-15,3.08856273889546e-11,96,0
48552,wave,boundary,wave,w*dz(v),2.9272130090962e-14,24,1,2,0,1.56028388118033e-15,2.92377233535035e-11,96,0
48552,wave,boundary,wave,u*dx(w),0,1,1,1,0,0,0,0,96
48552,wave,boundary,wave,v*dy(w),0,1,1,1,0,0,0,0,96
48552,wave,boundary,wave,w*dz(w),0,1,1,1,0,0,0,0,96
48552,wave,boundary,wave,u*dx(eta),3.3405740059777e-15,24,1,2,0,6.38022511106482e-16,2.90134583025292e-11,96,0
48552,wave,boundary,wave,v*dy(eta),3.33318967083521e-15,24,1,2,0,7.7715611723761e-16,2.90261148450099e-11,96,0
48552,wave,boundary,wave,w*dz(eta),3.03604376419157e-15,24,1,2,0,1.24326169246063e-15,2.9212632313147e-11,96,0
48552,wave,boundary,wave,w*eta*dlogN2,2.29842484265337e-15,24,1,1,0,1.5152397565764e-15,2.92389445988306e-11,96,0
48552,boundary,wave,wave,u*dx(u),8.36290302999842e-14,2,0,24,1,1.89841859593809e-15,4.31604751938153e-11,96,0
48552,boundary,wave,wave,v*dy(u),8.38549436605991e-14,2,0,24,1,2.09301555977397e-15,4.31601421269079e-11,96,0
48552,boundary,wave,wave,w*dz(u),0,1,0,1,1,0,0,0,96
48552,boundary,wave,wave,u*dx(v),8.32489825180413e-14,2,0,24,1,1.73631988677092e-15,4.316114132763e-11,96,0
48552,boundary,wave,wave,v*dy(v),8.32366841953898e-14,2,0,24,1,1.81155114271171e-15,4.31609192830251e-11,96,0
48552,boundary,wave,wave,w*dz(v),0,1,0,1,1,0,0,0,96
48552,boundary,wave,wave,u*dx(w),1.27180295946214e-16,2,0,2,1,4.44089209850063e-16,4.64731586546918e-11,96,0
48552,boundary,wave,wave,v*dy(w),1.26417234240862e-16,2,0,24,1,4.44089209850063e-16,4.64734917215992e-11,96,0
48552,boundary,wave,wave,w*dz(w),0,1,0,1,1,0,0,0,96
48552,boundary,wave,wave,u*dx(eta),9.54268514215171e-15,2,0,24,1,9.33991484690548e-16,2.79463119312595e-11,96,0
48552,boundary,wave,wave,v*dy(eta),9.50914995380326e-15,2,0,24,1,1.39814011357521e-15,2.79462009089571e-11,96,0
48552,boundary,wave,wave,w*dz(eta),0,1,0,1,1,0,0,0,96
48552,boundary,wave,wave,w*eta*dlogN2,0,1,0,1,1,0,0,0,96
48552,apv,boundary,wave,u*dx(u),4.31220997187898e-15,5,0,1,0,1.50243413456377e-15,2.86232873849497e-11,12,0
48552,apv,boundary,wave,v*dy(u),4.29625239461524e-15,5,0,1,0,1.44450184018939e-15,2.86241670924187e-11,12,0
48552,apv,boundary,wave,w*dz(u),0,-1,0,1,0,0,0,0,12
48552,apv,boundary,wave,u*dx(v),2.8409184244311e-15,5,0,1,0,1.04485854983569e-15,2.75237610480872e-11,12,0
48552,apv,boundary,wave,v*dy(v),2.88141248845485e-15,5,0,1,0,1.06613340137971e-15,2.75235390034823e-11,12,0
48552,apv,boundary,wave,w*dz(v),0,-1,0,1,0,0,0,0,12
48552,apv,boundary,wave,u*dx(w),0,-1,0,1,0,0,0,0,12
48552,apv,boundary,wave,v*dy(w),0,-1,0,1,0,0,0,0,12
48552,apv,boundary,wave,w*dz(w),0,-1,0,1,0,0,0,0,12
48552,apv,boundary,wave,u*dx(eta),6.45002746774669e-16,-1,0,2,0,5.70092403698356e-16,2.28184138251208e-11,12,0
48552,apv,boundary,wave,v*dy(eta),5.16006611392505e-16,5,0,2,0,4.89421252809403e-16,2.28181917805159e-11,12,0
48552,apv,boundary,wave,w*dz(eta),0,-1,0,1,0,0,0,0,12
48552,apv,boundary,wave,w*eta*dlogN2,0,-1,0,1,0,0,0,0,12
48552,boundary,apv,wave,u*dx(u),4.18297614595643e-15,1,0,4,0,1.94292413192888e-15,1.96224995500977e-11,12,0
48552,boundary,apv,wave,v*dy(u),3.96966945871483e-15,1,0,4,0,1.95733968098973e-15,1.96218542791545e-11,12,0
48552,boundary,apv,wave,w*dz(u),0,1,0,-1,0,0,0,0,12
48552,boundary,apv,wave,u*dx(v),2.90165654180061e-15,1,0,4,0,1.16560680018518e-15,1.81128445575496e-11,12,0
48552,boundary,apv,wave,v*dy(v),2.99733439404657e-15,1,0,4,0,1.61344993449103e-15,1.81135106913644e-11,12,0
48552,boundary,apv,wave,w*dz(v),0,1,0,-1,0,0,0,0,12
48552,boundary,apv,wave,u*dx(w),0,1,0,-1,0,0,0,0,12
48552,boundary,apv,wave,v*dy(w),0,1,0,-1,0,0,0,0,12
48552,boundary,apv,wave,w*dz(w),0,1,0,-1,0,0,0,0,12
48552,boundary,apv,wave,u*dx(eta),1.16670912515713e-15,2,0,-1,0,9.91800891936349e-16,3.59044643439799e-11,12,0
48552,boundary,apv,wave,v*dy(eta),7.80248966286157e-16,2,0,2,0,1.04530415642035e-15,3.5904128458951e-11,12,0
48552,boundary,apv,wave,w*dz(eta),0,1,0,-1,0,0,0,0,12
48552,boundary,apv,wave,w*eta*dlogN2,0,1,0,-1,0,0,0,0,12
48552,boundary,boundary,wave,u*dx(u),4.35874088186013e-15,2,0,1,0,1.69487060584319e-15,2.6792543565285e-10,4,0
48552,boundary,boundary,wave,v*dy(u),4.43103767200073e-15,2,0,1,0,1.76802390875391e-15,2.67926350197009e-10,4,0
48552,boundary,boundary,wave,w*dz(u),0,1,0,1,0,0,0,0,4
48552,boundary,boundary,wave,u*dx(v),3.39914120818202e-15,2,0,1,0,1.43985336370518e-15,1.30097237951165e-10,4,0
48552,boundary,boundary,wave,v*dy(v),3.38892126984801e-15,2,0,1,0,1.3932584527097e-15,1.30097087937065e-10,4,0
48552,boundary,boundary,wave,w*dz(v),0,1,0,1,0,0,0,0,4
48552,boundary,boundary,wave,u*dx(w),0,1,0,1,0,0,0,0,4
48552,boundary,boundary,wave,v*dy(w),0,1,0,1,0,0,0,0,4
48552,boundary,boundary,wave,w*dz(w),0,1,0,1,0,0,0,0,4
48552,boundary,boundary,wave,u*dx(eta),6.94313062288735e-16,2,0,1,0,5.21076248428763e-16,8.58260129632527e-11,4,0
48552,boundary,boundary,wave,v*dy(eta),8.33737255920609e-16,1,0,2,0,6.90924744414298e-16,8.58255688740428e-11,4,0
48552,boundary,boundary,wave,w*dz(eta),0,1,0,1,0,0,0,0,4
48552,boundary,boundary,wave,w*eta*dlogN2,0,1,0,1,0,0,0,0,4
49527,wave,wave,wave,u*dx(u),7.85765584780513e-07,24,1,23,1,3.61490772395912e-15,3.02688984987753e-11,2304,0
49527,wave,wave,wave,v*dy(u),7.85765584779967e-07,24,1,23,1,3.58421621864342e-15,3.02704528110098e-11,2304,0
49527,wave,wave,wave,w*dz(u),7.86033084263497e-07,24,1,23,1,7.07021353601343e-15,7.11945698455119e-07,2304,0
49527,wave,wave,wave,u*dx(v),7.84415794485529e-07,24,-1,23,1,3.57732890581169e-15,3.02688984987753e-11,2304,0
49527,wave,wave,wave,v*dy(v),7.84415794497583e-07,24,1,23,1,3.57243391689298e-15,3.02706748556147e-11,2304,0
49527,wave,wave,wave,w*dz(v),7.84682608474046e-07,24,1,23,1,6.9652381542615e-15,6.93370531115849e-07,2304,0
49527,wave,wave,wave,u*dx(w),1.31175097145351e-09,24,1,24,1,9.99200722162641e-16,3.02426972353942e-11,2304,0
49527,wave,wave,wave,v*dy(w),1.31175097147798e-09,24,1,24,1,9.99200722162641e-16,3.02444735922336e-11,2304,0
49527,wave,wave,wave,w*dz(w),1.31175105559557e-09,24,1,24,1,9.99200722162641e-16,3.02782243721822e-11,2304,0
49527,wave,wave,wave,u*dx(eta),8.89583008323092e-08,24,1,24,1,1.37053295987321e-15,1.88351556573707e-11,2304,0
49527,wave,wave,wave,v*dy(eta),8.89583008328156e-08,24,1,24,1,1.66719858122777e-15,1.88364879250003e-11,2304,0
49527,wave,wave,wave,w*dz(eta),8.89583040428229e-08,24,1,24,1,1.21040336451612e-15,1.89017690388482e-11,2304,0
49527,wave,wave,wave,w*eta*dlogN2,5.37041618486609e-08,24,1,23,1,1.5752509510319e-15,1.89612769929681e-11,2304,0
49527,wave,apv,wave,u*dx(u),5.86711853097969e-11,24,1,5,0,2.28850863242114e-15,1.08697937697432e-11,288,0
49527,wave,apv,wave,v*dy(u),5.86712527501566e-11,24,1,5,0,2.2043928499995e-15,1.086998810806e-11,288,0
49527,wave,apv,wave,w*dz(u),6.13709523498809e-11,24,1,5,0,2.35561551414778e-15,2.48721391899585e-11,288,0
49527,wave,apv,wave,u*dx(v),5.86002034318792e-11,24,1,5,0,2.27646374877983e-15,8.04260598026444e-12,288,0
49527,wave,apv,wave,v*dy(v),5.86001490899789e-11,24,-1,5,0,2.73673876001519e-15,8.04255390066417e-12,288,0
49527,wave,apv,wave,w*dz(v),6.12971666772471e-11,24,1,5,0,2.38822924922825e-15,2.13615040859818e-11,288,0
49527,wave,apv,wave,u*dx(w),0,1,1,-1,0,0,0,0,288
49527,wave,apv,wave,v*dy(w),0,1,1,-1,0,0,0,0,288
49527,wave,apv,wave,w*dz(w),0,1,1,-1,0,0,0,0,288
49527,wave,apv,wave,u*dx(eta),3.88757197210393e-12,24,1,5,0,8.83931677436811e-16,1.94729787850179e-11,288,0
49527,wave,apv,wave,v*dy(eta),3.88757312492529e-12,24,1,5,0,9.51936833588492e-16,1.94532168151795e-11,288,0
49527,wave,apv,wave,w*dz(eta),3.79165566394794e-12,24,1,5,0,1.3065999766596e-15,1.97636351728647e-10,288,0
49527,wave,apv,wave,w*eta*dlogN2,9.08851768971957e-12,24,1,5,0,8.7644275124456e-16,2.56857868308202e-11,288,0
49527,apv,wave,wave,u*dx(u),5.86715125998596e-11,5,0,24,-1,2.28107894545127e-15,2.27313723399902e-11,288,0
49527,apv,wave,wave,v*dy(u),5.86715041218884e-11,5,0,24,1,2.23753782429725e-15,2.27311502953853e-11,288,0
49527,apv,wave,wave,w*dz(u),0,-1,0,1,1,0,0,0,288
49527,apv,wave,wave,u*dx(v),5.86005341347793e-11,5,0,24,1,2.19113944096592e-15,2.27311502953853e-11,288,0
49527,apv,wave,wave,v*dy(v),5.86005008004499e-11,5,0,24,1,2.27952085018254e-15,2.27311502953853e-11,288,0
49527,apv,wave,wave,w*dz(v),0,-1,0,1,1,0,0,0,288
49527,apv,wave,wave,u*dx(w),6.56139799111847e-14,5,0,24,1,5.55111512312578e-16,2.34596786441443e-11,288,0
49527,apv,wave,wave,v*dy(w),6.56138826029814e-14,5,0,24,1,5.55111512312578e-16,2.34596786441443e-11,288,0
49527,apv,wave,wave,w*dz(w),0,-1,0,1,1,0,0,0,288
49527,apv,wave,wave,u*dx(eta),3.79106393503448e-12,5,0,24,1,9.87584545461524e-16,1.21520571383371e-11,288,0
49527,apv,wave,wave,v*dy(eta),3.79107717619404e-12,5,0,24,1,7.86906048536119e-16,1.21518350937322e-11,288,0
49527,apv,wave,wave,w*dz(eta),0,-1,0,1,1,0,0,0,288
49527,apv,wave,wave,w*eta*dlogN2,0,-1,0,1,1,0,0,0,288
49527,wave,boundary,wave,u*dx(u),2.46610631042951e-14,1,1,1,0,2.04664532447089e-15,8.65686182227489e-12,96,0
49527,wave,boundary,wave,v*dy(u),2.46542371709068e-14,1,1,1,0,1.81978131463989e-15,8.65738430984583e-12,96,0
49527,wave,boundary,wave,w*dz(u),2.14787803144925e-14,24,1,2,0,1.88938085313978e-15,7.57327534017804e-12,96,0
49527,wave,boundary,wave,u*dx(v),2.37734446160981e-14,1,1,1,0,1.74316997538335e-15,8.45812309080429e-12,96,0
49527,wave,boundary,wave,v*dy(v),2.36911197581518e-14,1,1,1,0,1.68137556774782e-15,8.45989944764369e-12,96,0
49527,wave,boundary,wave,w*dz(v),2.14526720788571e-14,24,1,2,0,1.58069399253084e-15,7.57327534017804e-12,96,0
49527,wave,boundary,wave,u*dx(w),0,1,1,1,0,0,0,0,96
49527,wave,boundary,wave,v*dy(w),0,1,1,1,0,0,0,0,96
49527,wave,boundary,wave,w*dz(w),0,1,1,1,0,0,0,0,96
49527,wave,boundary,wave,u*dx(eta),1.31685050741373e-15,24,1,2,0,6.66133814775094e-16,7.63833440942108e-12,96,0
49527,wave,boundary,wave,v*dy(eta),1.32203258437928e-15,24,1,2,0,6.66133814775094e-16,7.63988872165555e-12,96,0
49527,wave,boundary,wave,w*dz(eta),9.4656316480464e-16,22,1,2,0,5.51159917284111e-16,7.59969864816412e-12,96,0
49527,wave,boundary,wave,w*eta*dlogN2,9.37879099040086e-16,22,1,2,0,9.1787497647844e-16,7.57283125096819e-12,96,0
49527,boundary,wave,wave,u*dx(u),2.21843131627803e-14,1,0,1,1,1.69192212189201e-15,2.65130140064684e-11,96,0
49527,boundary,wave,wave,v*dy(u),2.20820327838992e-14,1,0,1,1,1.95610064288797e-15,2.65130140064684e-11,96,0
49527,boundary,wave,wave,w*dz(u),0,1,0,1,1,0,0,0,96
49527,boundary,wave,wave,u*dx(v),2.1194718829623e-14,1,0,1,1,2.00175175717391e-15,2.65132360510734e-11,96,0
49527,boundary,wave,wave,v*dy(v),2.1292477663524e-14,1,0,1,1,1.65908675131259e-15,2.65130140064684e-11,96,0
49527,boundary,wave,wave,w*dz(v),0,1,0,1,1,0,0,0,96
49527,boundary,wave,wave,u*dx(w),3.26012471313677e-17,1,0,1,1,6.66133814775094e-16,2.66611177579534e-11,96,0
49527,boundary,wave,wave,v*dy(w),4.82276065188912e-17,1,0,3,1,6.66133814775094e-16,2.66611177579534e-11,96,0
49527,boundary,wave,wave,w*dz(w),0,1,0,1,1,0,0,0,96
49527,boundary,wave,wave,u*dx(eta),9.62376620029166e-16,2,0,22,1,5.88045949866608e-16,2.74917191352726e-11,96,0
49527,boundary,wave,wave,v*dy(eta),9.80075557050581e-16,2,0,22,1,6.93456744716585e-16,2.74915812517043e-11,96,0
49527,boundary,wave,wave,w*dz(eta),0,1,0,1,1,0,0,0,96
49527,boundary,wave,wave,w*eta*dlogN2,0,1,0,1,1,0,0,0,96
49527,apv,boundary,wave,u*dx(u),4.18628991931143e-15,5,0,1,0,1.67973810932204e-15,2.11075531396611e-11,12,0
49527,apv,boundary,wave,v*dy(u),4.03144848655958e-15,5,0,1,0,1.54025956734361e-15,2.11072606276289e-11,12,0
49527,apv,boundary,wave,w*dz(u),0,-1,0,1,0,0,0,0,12
49527,apv,boundary,wave,u*dx(v),3.41735216384667e-15,5,0,1,0,1.17752015419808e-15,2.10369499598073e-11,12,0
49527,apv,boundary,wave,v*dy(v),3.37821976170084e-15,5,0,1,0,1.42035705207754e-15,2.10367279152024e-11,12,0
49527,apv,boundary,wave,w*dz(v),0,-1,0,1,0,0,0,0,12
49527,apv,boundary,wave,u*dx(w),0,-1,0,1,0,0,0,0,12
49527,apv,boundary,wave,v*dy(w),0,-1,0,1,0,0,0,0,12
49527,apv,boundary,wave,w*dz(w),0,-1,0,1,0,0,0,0,12
49527,apv,boundary,wave,u*dx(eta),3.78439266816598e-16,-1,0,2,0,6.66133814775094e-16,2.31490382418542e-11,12,0
49527,apv,boundary,wave,v*dy(eta),3.02904787085448e-16,1,0,2,0,4.44089209850063e-16,2.31490382418542e-11,12,0
49527,apv,boundary,wave,w*dz(eta),0,-1,0,1,0,0,0,0,12
49527,apv,boundary,wave,w*eta*dlogN2,0,-1,0,1,0,0,0,0,12
49527,boundary,apv,wave,u*dx(u),4.25910034778029e-15,1,0,5,0,1.95953839254896e-15,2.45761189177074e-11,12,0
49527,boundary,apv,wave,v*dy(u),4.27715754467773e-15,1,0,5,0,1.28063761891631e-15,2.45756748284975e-11,12,0
49527,boundary,apv,wave,w*dz(u),0,1,0,-1,0,0,0,0,12
49527,boundary,apv,wave,u*dx(v),3.39979709129826e-15,1,0,5,0,1.24471684264092e-15,2.45756748284975e-11,12,0
49527,boundary,apv,wave,v*dy(v),3.55608405979621e-15,1,0,5,0,1.24062062493436e-15,2.45758968731025e-11,12,0
49527,boundary,apv,wave,w*dz(v),0,1,0,-1,0,0,0,0,12
49527,boundary,apv,wave,u*dx(w),0,1,0,-1,0,0,0,0,12
49527,boundary,apv,wave,v*dy(w),0,1,0,-1,0,0,0,0,12
49527,boundary,apv,wave,w*dz(w),0,1,0,-1,0,0,0,0,12
49527,boundary,apv,wave,u*dx(eta),9.54917089924573e-16,2,0,1,0,8.84525724036604e-16,1.35527145062042e-11,12,0
49527,boundary,apv,wave,v*dy(eta),6.30226378422353e-16,2,0,1,0,5.61178279475166e-16,1.35528255285067e-11,12,0
49527,boundary,apv,wave,w*dz(eta),0,1,0,-1,0,0,0,0,12
49527,boundary,apv,wave,w*eta*dlogN2,0,1,0,-1,0,0,0,0,12
49527,boundary,boundary,wave,u*dx(u),1.23947828142267e-13,1,0,2,0,6.91145969801757e-14,1.69252054032487e-08,4,0
49527,boundary,boundary,wave,v*dy(u),1.23899031603529e-13,1,0,2,0,6.92089601725798e-14,1.69252063253011e-08,4,0
49527,boundary,boundary,wave,w*dz(u),0,1,0,1,0,0,0,0,4
49527,boundary,boundary,wave,u*dx(v),1.22975365128735e-13,1,0,2,0,6.85319334818487e-14,1.34696066967731e-08,4,0
49527,boundary,boundary,wave,v*dy(v),1.22919393948932e-13,1,0,2,0,6.8514306740171e-14,1.34696066851569e-08,4,0
49527,boundary,boundary,wave,w*dz(v),0,1,0,1,0,0,0,0,4
49527,boundary,boundary,wave,u*dx(w),0,1,0,1,0,0,0,0,4
49527,boundary,boundary,wave,v*dy(w),0,1,0,1,0,0,0,0,4
49527,boundary,boundary,wave,w*dz(w),0,1,0,1,0,0,0,0,4
49527,boundary,boundary,wave,u*dx(eta),1.32693782687163e-14,1,0,2,0,7.32293737994761e-15,9.35982247263212e-09,4,0
49527,boundary,boundary,wave,v*dy(eta),1.33382070107881e-14,1,0,2,0,7.29675051197145e-15,9.35982225058751e-09,4,0
49527,boundary,boundary,wave,w*dz(eta),0,1,0,1,0,0,0,0,4
49527,boundary,boundary,wave,w*eta*dlogN2,0,1,0,1,0,0,0,0,4
49544,wave,wave,wave,u*dx(u),7.8520111536511e-07,23,1,24,1,3.58910457825431e-15,2.4480972804497e-11,2304,0
49544,wave,wave,wave,v*dy(u),7.85201115380526e-07,23,-1,24,1,3.55532558880186e-15,2.44867459642251e-11,2304,0
49544,wave,wave,wave,w*dz(u),7.85468284676497e-07,24,1,23,1,1.10997293080306e-14,1.16738787216685e-06,2304,0
49544,wave,wave,wave,u*dx(v),7.85764448109681e-07,23,1,24,1,3.59984790445725e-15,2.44818609829167e-11,2304,0
49544,wave,wave,wave,v*dy(v),7.8576444808975e-07,23,1,24,1,3.5725425234502e-15,2.44876341426448e-11,2304,0
49544,wave,wave,wave,w*dz(v),7.86031903727519e-07,24,1,23,1,1.13125297494368e-14,1.18312371610464e-06,2304,0
49544,wave,wave,wave,u*dx(w),1.05756756115502e-09,24,1,24,1,9.99200722162641e-16,2.44799736037749e-11,2304,0
49544,wave,wave,wave,v*dy(w),1.05756756113654e-09,24,1,24,1,1.11022302462516e-15,2.44602116339365e-11,2304,0
49544,wave,wave,wave,w*dz(w),1.05756696711427e-09,24,1,24,1,8.88178419700125e-16,2.44670950166892e-11,2304,0
49544,wave,wave,wave,u*dx(eta),7.18068866872073e-08,24,1,24,1,1.23289656597419e-15,1.24581456262263e-11,2304,0
49544,wave,wave,wave,v*dy(eta),7.18068866872148e-08,24,1,24,1,1.11022302462516e-15,1.24383836563879e-11,2304,0
49544,wave,wave,wave,w*dz(eta),7.18068640479288e-08,24,1,24,1,9.99200722162641e-16,1.24557031355721e-11,2304,0
49544,wave,wave,wave,w*eta*dlogN2,4.33460845279733e-08,23,1,24,1,1.4038871848483e-15,1.21781473794158e-11,2304,0
49544,wave,apv,wave,u*dx(u),5.86413943381424e-11,24,1,5,0,2.69141622133774e-15,8.19364496773543e-12,288,0
49544,wave,apv,wave,v*dy(u),5.86413745472012e-11,24,1,5,0,2.2780952078516e-15,8.20095588240536e-12,288,0
49544,wave,apv,wave,w*dz(u),6.13397363052616e-11,24,1,5,0,2.1785868634165e-15,2.14618179005191e-11,288,0
49544,wave,apv,wave,u*dx(v),5.86710276956592e-11,24,1,5,0,2.42173271849539e-15,1.0269686421935e-11,288,0
49544,wave,apv,wave,v*dy(v),5.86710161309597e-11,24,1,5,0,2.31115077949301e-15,1.02697567519143e-11,288,0
49544,wave,apv,wave,w*dz(v),6.13705042841288e-11,24,1,5,0,2.24549816432788e-15,2.38251078368134e-11,288,0
49544,wave,apv,wave,u*dx(w),0,1,1,-1,0,0,0,0,288
49544,wave,apv,wave,v*dy(w),0,1,1,-1,0,0,0,0,288
49544,wave,apv,wave,w*dz(w),0,1,1,-1,0,0,0,0,288
49544,wave,apv,wave,u*dx(eta),3.13644789334117e-12,24,1,5,0,1.00176016822649e-15,1.94730898073203e-11,288,0
49544,wave,apv,wave,v*dy(eta),3.13644121061586e-12,24,1,5,0,8.20705116463125e-16,1.94532168151795e-11,288,0
49544,wave,apv,wave,w*dz(eta),3.05907190703384e-12,24,1,5,0,8.40163382703687e-16,1.97636351728647e-10,288,0
49544,wave,apv,wave,w*eta*dlogN2,7.33221862129838e-12,24,1,5,0,7.10934389482842e-16,2.56857868308202e-11,288,0
49544,apv,wave,wave,u*dx(u),5.86396054328865e-11,5,0,24,1,2.30079301474269e-15,2.45778952745468e-11,288,0
49544,apv,wave,wave,v*dy(u),5.86397199814681e-11,5,0,24,1,2.39190570372216e-15,2.45777842522443e-11,288,0
49544,apv,wave,wave,w*dz(u),0,-1,0,1,1,0,0,0,288
49544,apv,wave,wave,u*dx(v),5.8669262792544e-11,5,0,24,1,2.3974489960824e-15,2.4578672430664e-11,288,0
49544,apv,wave,wave,v*dy(v),5.86692837363555e-11,5,0,24,1,2.23013528804165e-15,2.45790054975714e-11,288,0
49544,apv,wave,wave,w*dz(v),0,-1,0,1,1,0,0,0,288
49544,apv,wave,wave,u*dx(w),5.29010041532476e-14,5,0,24,1,6.66133814775094e-16,2.88601365028285e-11,288,0
49544,apv,wave,wave,v*dy(w),5.29010117119677e-14,5,0,24,1,5.55111512312578e-16,2.88602475251309e-11,288,0
49544,apv,wave,wave,w*dz(w),0,-1,0,1,1,0,0,0,288
49544,apv,wave,wave,u*dx(eta),3.05848901787317e-12,5,0,24,1,1.09894410353974e-15,1.74268377506337e-11,288,0
49544,apv,wave,wave,v*dy(eta),3.05849393363344e-12,5,0,24,1,8.02139129246029e-16,1.74266157060288e-11,288,0
49544,apv,wave,wave,w*dz(eta),0,-1,0,1,1,0,0,0,288
49544,apv,wave,wave,w*eta*dlogN2,0,-1,0,1,1,0,0,0,288
49544,wave,boundary,wave,u*dx(u),3.40444851268707e-14,24,1,2,0,1.8809545651521e-15,9.54947232401082e-12,96,0
49544,wave,boundary,wave,v*dy(u),3.33403172838103e-14,24,1,2,0,1.90144269282765e-15,9.55147072545515e-12,96,0
49544,wave,boundary,wave,w*dz(u),2.43064972158806e-14,24,1,2,0,1.53131352975454e-15,7.59259322080652e-12,96,0
49544,wave,boundary,wave,u*dx(v),3.35860340723609e-14,24,1,2,0,1.85302643970887e-15,9.60881587905999e-12,96,0
49544,wave,boundary,wave,v*dy(v),3.40854419613788e-14,24,1,2,0,2.03091300386506e-15,9.60949771735177e-12,96,0
49544,wave,boundary,wave,w*dz(v),2.42732801823322e-14,24,1,2,0,1.59886178887761e-15,7.59259322080652e-12,96,0
49544,wave,boundary,wave,u*dx(w),0,1,1,1,0,0,0,0,96
49544,wave,boundary,wave,v*dy(w),0,1,1,1,0,0,0,0,96
49544,wave,boundary,wave,w*dz(w),0,1,1,1,0,0,0,0,96
49544,wave,boundary,wave,u*dx(eta),1.29524935222925e-15,24,1,1,0,5.55111512312578e-16,7.56750218044999e-12,96,0
49544,wave,boundary,wave,v*dy(eta),1.29532303335136e-15,24,1,1,0,6.66133814775094e-16,7.56927853728939e-12,96,0
49544,wave,boundary,wave,w*dz(eta),1.88881244131207e-15,24,1,2,0,1.05718009976989e-15,7.58149099056027e-12,96,0
49544,wave,boundary,wave,w*eta*dlogN2,1.48002053873642e-15,24,1,1,0,6.66133814775094e-16,7.59303731001637e-12,96,0
49544,boundary,wave,wave,u*dx(u),2.1868035433634e-14,1,0,1,1,1.59840179930742e-15,2.19001483614534e-11,96,0
49544,boundary,wave,wave,v*dy(u),2.19380296527606e-14,1,0,1,1,1.60841415172368e-15,2.19007034729657e-11,96,0
49544,boundary,wave,wave,w*dz(u),0,1,0,1,1,0,0,0,96
49544,boundary,wave,wave,u*dx(v),2.24176847654725e-14,1,0,1,1,2.00565879315345e-15,2.23288484606642e-11,96,0
49544,boundary,wave,wave,v*dy(v),2.23938270237758e-14,1,0,1,1,1.67514277502475e-15,2.23289609514942e-11,96,0
49544,boundary,wave,wave,w*dz(v),0,1,0,1,1,0,0,0,96
49544,boundary,wave,wave,u*dx(w),2.91669388586087e-17,1,0,17,1,6.66133814775094e-16,2.04457561991944e-11,96,0
49544,boundary,wave,wave,v*dy(w),2.65522104766168e-17,1,0,17,1,6.66133814775094e-16,2.04459782437993e-11,96,0
49544,boundary,wave,wave,w*dz(w),0,1,0,1,1,0,0,0,96
49544,boundary,wave,wave,u*dx(eta),8.14665852666401e-16,2,0,22,1,6.66133814775094e-16,2.52804196018885e-11,96,0
49544,boundary,wave,wave,v*dy(eta),8.28847694777929e-16,2,0,22,1,5.88550990984978e-16,2.5280785331886e-11,96,0
49544,boundary,wave,wave,w*dz(eta),0,1,0,1,1,0,0,0,96
49544,boundary,wave,wave,w*eta*dlogN2,0,1,0,1,1,0,0,0,96
49544,apv,boundary,wave,u*dx(u),3.50398483606371e-15,5,0,1,0,1.27355970540701e-15,2.08810746471499e-11,12,0
49544,apv,boundary,wave,v*dy(u),3.67630813429861e-15,5,0,1,0,1.36581078169326e-15,2.0880852602545e-11,12,0
49544,apv,boundary,wave,w*dz(u),0,-1,0,1,0,0,0,0,12
49544,apv,boundary,wave,u*dx(v),4.09496897784284e-15,5,0,1,0,1.97254820027466e-15,2.08810746471499e-11,12,0
49544,apv,boundary,wave,v*dy(v),4.17578664332423e-15,5,0,1,0,1.56701962021597e-15,2.0880852602545e-11,12,0
49544,apv,boundary,wave,w*dz(v),0,-1,0,1,0,0,0,0,12
49544,apv,boundary,wave,u*dx(w),0,-1,0,1,0,0,0,0,12
49544,apv,boundary,wave,v*dy(w),0,-1,0,1,0,0,0,0,12
49544,apv,boundary,wave,w*dz(w),0,-1,0,1,0,0,0,0,12
49544,apv,boundary,wave,u*dx(eta),2.66738030990154e-16,1,0,2,0,4.07009646671468e-16,2.26150209670095e-11,12,0
49544,apv,boundary,wave,v*dy(eta),4.46863971663194e-16,-1,0,2,0,3.5875502347055e-16,2.26150209670095e-11,12,0
49544,apv,boundary,wave,w*dz(eta),0,-1,0,1,0,0,0,0,12
49544,apv,boundary,wave,w*eta*dlogN2,0,-1,0,1,0,0,0,0,12
49544,boundary,apv,wave,u*dx(u),3.74007624646557e-15,1,0,5,0,1.39684063531123e-15,2.45754527838926e-11,12,0
49544,boundary,apv,wave,v*dy(u),3.84611037149759e-15,1,0,5,0,1.45264337766925e-15,2.45761189177074e-11,12,0
49544,boundary,apv,wave,w*dz(u),0,1,0,-1,0,0,0,0,12
49544,boundary,apv,wave,u*dx(v),4.49263978763282e-15,1,0,5,0,1.41307295081158e-15,2.45758968731025e-11,12,0
49544,boundary,apv,wave,v*dy(v),4.53981334138268e-15,1,0,5,0,1.53850789068224e-15,2.45761189177074e-11,12,0
49544,boundary,apv,wave,w*dz(v),0,1,0,-1,0,0,0,0,12
49544,boundary,apv,wave,u*dx(w),0,1,0,-1,0,0,0,0,12
49544,boundary,apv,wave,v*dy(w),0,1,0,-1,0,0,0,0,12
49544,boundary,apv,wave,w*dz(w),0,1,0,-1,0,0,0,0,12
49544,boundary,apv,wave,u*dx(eta),3.91860002099898e-16,2,0,4,0,5.55111512312578e-16,1.35529365508091e-11,12,0
49544,boundary,apv,wave,v*dy(eta),3.98545306082986e-16,2,0,3,0,5.75706527567207e-16,1.35528255285067e-11,12,0
49544,boundary,apv,wave,w*dz(eta),0,1,0,-1,0,0,0,0,12
49544,boundary,apv,wave,w*eta*dlogN2,0,1,0,-1,0,0,0,0,12
49544,boundary,boundary,wave,u*dx(u),3.90624226665699e-14,2,0,1,0,1.87457311106406e-14,3.59132912089051e-09,4,0
49544,boundary,boundary,wave,v*dy(u),3.91152929309796e-14,2,0,1,0,1.87677100965628e-14,3.59132907876369e-09,4,0
49544,boundary,boundary,wave,w*dz(u),0,1,0,1,0,0,0,0,4
49544,boundary,boundary,wave,u*dx(v),3.93961977059917e-14,2,0,1,0,1.88535256492387e-14,4.15077723805384e-09,4,0
49544,boundary,boundary,wave,v*dy(v),3.92213896998835e-14,2,0,1,0,1.8842685582065e-14,4.1507766636668e-09,4,0
49544,boundary,boundary,wave,w*dz(v),0,1,0,1,0,0,0,0,4
49544,boundary,boundary,wave,u*dx(w),0,1,0,1,0,0,0,0,4
49544,boundary,boundary,wave,v*dy(w),0,1,0,1,0,0,0,0,4
49544,boundary,boundary,wave,w*dz(w),0,1,0,1,0,0,0,0,4
49544,boundary,boundary,wave,u*dx(eta),4.75898802858652e-15,2,0,1,0,2.65845076931299e-15,1.83610395252795e-09,4,0
49544,boundary,boundary,wave,v*dy(eta),4.83263525693751e-15,2,0,1,0,2.49222540883757e-15,1.83610357114988e-09,4,0
49544,boundary,boundary,wave,w*dz(eta),0,1,0,1,0,0,0,0,4
49544,boundary,boundary,wave,w*eta*dlogN2,0,1,0,1,0,0,0,0,4
51029,wave,wave,wave,u*dx(u),7.85762753264091e-07,24,1,23,1,3.58977112036586e-15,1.26576304992909e-10,2304,0
51029,wave,wave,wave,v*dy(u),7.85762753264978e-07,24,-1,23,1,3.53890274503181e-15,1.26576304992909e-10,2304,0
51029,wave,wave,wave,w*dz(u),7.86030362713859e-07,24,1,23,1,5.95722622351533e-14,6.22855356741374e-06,2304,0
51029,wave,wave,wave,u*dx(v),7.85762753228091e-07,24,-1,23,1,3.55121585556559e-15,1.26604504657735e-10,2304,0
51029,wave,wave,wave,v*dy(v),7.8576275321103e-07,24,1,23,1,3.56436742266351e-15,1.2660472670234e-10,2304,0
51029,wave,wave,wave,w*dz(v),7.86030362730058e-07,24,1,23,1,5.95251301897873e-14,6.22855356324465e-06,2304,0
51029,wave,wave,wave,u*dx(w),8.29622819346005e-10,24,1,24,1,8.88178419700125e-16,1.26532340161134e-10,2304,0
51029,wave,wave,wave,v*dy(w),8.29622819372822e-10,24,1,24,1,8.88178419700125e-16,1.26532562205739e-10,2304,0
51029,wave,wave,wave,w*dz(w),8.29622925857925e-10,24,1,24,1,9.99200722162641e-16,1.26540333766911e-10,2304,0
51029,wave,wave,wave,u*dx(eta),5.63784519151199e-08,24,1,24,1,1.11022302462516e-15,1.26442190051534e-10,2304,0
51029,wave,wave,wave,v*dy(eta),5.63784519153416e-08,24,1,24,1,9.99200722162641e-16,1.26442190051534e-10,2304,0
51029,wave,wave,wave,w*dz(eta),5.63784559822375e-08,24,1,24,1,1.13644592847295e-15,1.26556543023071e-10,2304,0
51029,wave,wave,wave,w*eta*dlogN2,3.40306027185053e-08,24,1,23,1,1.11022302462516e-15,1.26509913656037e-10,2304,0
51029,wave,apv,wave,u*dx(u),5.86659848195106e-11,24,1,5,0,2.32027426672737e-15,1.26463950422817e-10,288,0
51029,wave,apv,wave,v*dy(u),5.86659040506023e-11,24,1,5,0,2.25519130939329e-15,1.26463728378212e-10,288,0
51029,wave,apv,wave,w*dz(u),6.13651389313746e-11,24,1,5,0,2.21927059807838e-15,1.26453070237176e-10,288,0
51029,wave,apv,wave,u*dx(v),5.8665933318419e-11,24,1,5,0,2.34088984051329e-15,1.26463950422817e-10,288,0
51029,wave,apv,wave,v*dy(v),5.86659840580529e-11,24,1,5,0,2.32798493878136e-15,1.26463950422817e-10,288,0
51029,wave,apv,wave,w*dz(v),6.13651670795359e-11,24,1,5,0,2.53414288253762e-15,1.26452848192571e-10,288,0
51029,wave,apv,wave,u*dx(w),0,1,1,-1,0,0,0,0,288
51029,wave,apv,wave,v*dy(w),0,1,1,-1,0,0,0,0,288
51029,wave,apv,wave,w*dz(w),0,1,1,-1,0,0,0,0,288
51029,wave,apv,wave,u*dx(eta),2.46145530693243e-12,24,1,5,0,7.67818762554826e-16,1.26400667710413e-10,288,0
51029,wave,apv,wave,v*dy(eta),2.46145580033749e-12,24,1,5,0,6.73150763480664e-16,1.26400889755018e-10,288,0
51029,wave,apv,wave,w*dz(eta),2.40075161577297e-12,24,1,5,0,8.49963812424081e-16,1.53592027984928e-10,288,0
51029,wave,apv,wave,w*eta*dlogN2,5.75446720083915e-12,24,1,5,0,7.1485273210099e-16,1.26790133947452e-10,288,0
51029,apv,wave,wave,u*dx(u),5.86662702282701e-11,5,0,24,1,2.21789717051318e-15,9.29622876200669e-12,288,0
51029,apv,wave,wave,v*dy(u),5.86662381174649e-11,5,0,24,1,2.25198199715944e-15,9.29630324883534e-12,288,0
51029,apv,wave,wave,w*dz(u),0,-1,0,1,1,0,0,0,288
51029,apv,wave,wave,u*dx(v),5.8666285091146e-11,5,0,24,1,2.29201906205026e-15,9.29940877609248e-12,288,0
51029,apv,wave,wave,v*dy(v),5.86662113200194e-11,5,0,24,1,2.30014596170489e-15,9.29952055134777e-12,288,0
51029,apv,wave,wave,w*dz(v),0,-1,0,1,1,0,0,0,288
51029,apv,wave,wave,u*dx(w),4.15002608585533e-14,5,0,24,1,4.44089209850063e-16,9.9360519811853e-12,288,0
51029,apv,wave,wave,v*dy(w),4.15001869674773e-14,5,0,24,1,5.55111512312578e-16,9.93616300348776e-12,288,0
51029,apv,wave,wave,w*dz(w),0,-1,0,1,1,0,0,0,288
51029,apv,wave,wave,u*dx(eta),2.40037994948631e-12,5,0,24,1,8.88524025061628e-16,7.99704746867747e-12,288,0
51029,apv,wave,wave,v*dy(eta),2.40038503224816e-12,5,0,24,1,6.08213192010412e-16,7.99704746867747e-12,288,0
51029,apv,wave,wave,w*dz(eta),0,-1,0,1,1,0,0,0,288
51029,apv,wave,wave,w*eta*dlogN2,0,-1,0,1,1,0,0,0,288
51029,wave,boundary,wave,u*dx(u),8.41299993195298e-14,24,1,1,0,1.9469196414841e-15,1.2623457834593e-10,96,0
51029,wave,boundary,wave,v*dy(u),8.40277656368202e-14,24,1,1,0,1.72027385407069e-15,1.2623413425672e-10,96,0
51029,wave,boundary,wave,w*dz(u),1.29290548430541e-13,24,1,2,0,1.83216127303388e-15,1.26599619676426e-10,96,0
51029,wave,boundary,wave,u*dx(v),8.42287546831426e-14,24,1,1,0,2.03267311170281e-15,1.26234356301325e-10,96,0
51029,wave,boundary,wave,v*dy(v),8.41872847762166e-14,24,1,1,0,1.8594820110846e-15,1.2623457834593e-10,96,0
51029,wave,boundary,wave,w*dz(v),1.29385982154965e-13,24,1,2,0,1.9308212908521e-15,1.26599619676426e-10,96,0
51029,wave,boundary,wave,u*dx(w),0,1,1,1,0,0,0,0,96
51029,wave,boundary,wave,v*dy(w),0,1,1,1,0,0,0,0,96
51029,wave,boundary,wave,w*dz(w),0,1,1,1,0,0,0,0,96
51029,wave,boundary,wave,u*dx(eta),5.042937964209e-15,24,1,2,0,5.55111512312578e-16,1.26753496587639e-10,96,0
51029,wave,boundary,wave,v*dy(eta),5.04146140760082e-15,24,1,2,0,5.55111512312578e-16,1.26753940676849e-10,96,0
51029,wave,boundary,wave,w*dz(eta),3.32780847091687e-15,24,1,1,0,5.54881941787163e-16,1.26600507854846e-10,96,0
51029,wave,boundary,wave,w*eta*dlogN2,2.84984837685029e-15,24,1,2,0,5.68905088290963e-16,1.26656685139892e-10,96,0
51029,boundary,wave,wave,u*dx(u),7.97042664549071e-14,1,0,24,1,2.03273720972731e-15,6.39543973335321e-12,96,0
51029,boundary,wave,wave,v*dy(u),7.98635012617689e-14,1,0,24,1,2.00615099247242e-15,6.39521768874829e-12,96,0
51029,boundary,wave,wave,w*dz(u),0,1,0,1,1,0,0,0,96
51029,boundary,wave,wave,u*dx(v),7.96572751991489e-14,1,0,24,1,2.14041174949616e-15,6.40543174057484e-12,96,0
51029,boundary,wave,wave,v*dy(v),7.95401182995607e-14,1,0,24,1,2.1704877547107e-15,6.40565378517977e-12,96,0
51029,boundary,wave,wave,w*dz(v),0,1,0,1,1,0,0,0,96
51029,boundary,wave,wave,u*dx(w),5.41646934879838e-17,2,0,24,1,4.44089209850063e-16,7.8284045912369e-12,96,0
51029,boundary,wave,wave,v*dy(w),5.45704979861425e-17,2,0,24,1,4.44089209850063e-16,7.82796050202705e-12,96,0
51029,boundary,wave,wave,w*dz(w),0,1,0,1,1,0,0,0,96
51029,boundary,wave,wave,u*dx(eta),3.19264811615018e-15,1,0,24,1,1.33702891548643e-15,6.21602769257379e-12,96,0
51029,boundary,wave,wave,v*dy(eta),3.17739859791292e-15,1,0,24,1,1.20097086058688e-15,6.21602769257379e-12,96,0
51029,boundary,wave,wave,w*dz(eta),0,1,0,1,1,0,0,0,96
51029,boundary,wave,wave,w*eta*dlogN2,0,1,0,1,1,0,0,0,96
51029,apv,boundary,wave,u*dx(u),3.81559731594765e-15,4,0,1,0,1.2896979844871e-15,1.94706473166661e-11,12,0
51029,apv,boundary,wave,v*dy(u),3.82636460284383e-15,4,0,1,0,1.55910665106044e-15,1.94706473166661e-11,12,0
51029,apv,boundary,wave,w*dz(u),0,-1,0,1,0,0,0,0,12
51029,apv,boundary,wave,u*dx(v),3.84640288545798e-15,4,0,1,0,1.50826882638435e-15,1.94708693612711e-11,12,0
51029,apv,boundary,wave,v*dy(v),3.81718740276536e-15,4,0,1,0,1.28856253695812e-15,1.94704252720612e-11,12,0
51029,apv,boundary,wave,w*dz(v),0,-1,0,1,0,0,0,0,12
51029,apv,boundary,wave,u*dx(w),0,-1,0,1,0,0,0,0,12
51029,apv,boundary,wave,v*dy(w),0,-1,0,1,0,0,0,0,12
51029,apv,boundary,wave,w*dz(w),0,-1,0,1,0,0,0,0,12
51029,apv,boundary,wave,u*dx(eta),4.20058246123549e-16,-1,0,2,0,6.42469504952674e-16,2.00313099441018e-11,12,0
51029,apv,boundary,wave,v*dy(eta),5.06555639860775e-16,-1,0,2,0,3.30833018720269e-16,2.00315319887068e-11,12,0
51029,apv,boundary,wave,w*dz(eta),0,-1,0,1,0,0,0,0,12
51029,apv,boundary,wave,w*eta*dlogN2,0,-1,0,1,0,0,0,0,12
51029,boundary,apv,wave,u*dx(u),4.00413411277584e-15,1,0,4,0,1.60257756471424e-15,1.71613834254458e-11,12,0
51029,boundary,apv,wave,v*dy(u),3.93692075187405e-15,1,0,4,0,1.79495861335768e-15,1.71616054700507e-11,12,0
51029,boundary,apv,wave,w*dz(u),0,1,0,-1,0,0,0,0,12
51029,boundary,apv,wave,u*dx(v),4.05701485480207e-15,1,0,4,0,1.37655684364798e-15,1.71616054700507e-11,12,0
51029,boundary,apv,wave,v*dy(v),4.01386380033183e-15,1,0,4,0,1.67345754966371e-15,1.71613834254458e-11,12,0
51029,boundary,apv,wave,w*dz(v),0,1,0,-1,0,0,0,0,12
51029,boundary,apv,wave,u*dx(w),0,1,0,-1,0,0,0,0,12
51029,boundary,apv,wave,v*dy(w),0,1,0,-1,0,0,0,0,12
51029,boundary,apv,wave,w*dz(w),0,1,0,-1,0,0,0,0,12
51029,boundary,apv,wave,u*dx(eta),4.53526006014557e-16,2,0,-1,0,4.40767119524752e-16,3.28279625705363e-11,12,0
51029,boundary,apv,wave,v*dy(eta),7.47674404022491e-16,2,0,2,0,6.74235251027143e-16,3.28278515482339e-11,12,0
51029,boundary,apv,wave,w*dz(eta),0,1,0,-1,0,0,0,0,12
51029,boundary,apv,wave,w*eta*dlogN2,0,1,0,-1,0,0,0,0,12
51029,boundary,boundary,wave,u*dx(u),3.52288029715093e-15,2,0,1,0,1.37479174011341e-15,2.20322876091104e-11,4,0
51029,boundary,boundary,wave,v*dy(u),3.6725851549156e-15,2,0,1,0,1.39646577791479e-15,2.20328160397201e-11,4,0
51029,boundary,boundary,wave,w*dz(u),0,1,0,1,0,0,0,0,4
51029,boundary,boundary,wave,u*dx(v),3.52121644764733e-15,2,0,1,0,1.46740851926087e-15,2.20325099885119e-11,4,0
51029,boundary,boundary,wave,v*dy(v),3.56143357699928e-15,2,0,1,0,1.39073123869789e-15,2.20323079200459e-11,4,0
51029,boundary,boundary,wave,w*dz(v),0,1,0,1,0,0,0,0,4
51029,boundary,boundary,wave,u*dx(w),0,1,0,1,0,0,0,0,4
51029,boundary,boundary,wave,v*dy(w),0,1,0,1,0,0,0,0,4
51029,boundary,boundary,wave,w*dz(w),0,1,0,1,0,0,0,0,4
51029,boundary,boundary,wave,u*dx(eta),6.49729534313741e-16,1,0,2,0,2.77923213635098e-16,2.23228102669282e-11,4,0
51029,boundary,boundary,wave,v*dy(eta),5.80453909397298e-16,1,0,2,0,4.43136037193687e-16,2.23228102669282e-11,4,0
51029,boundary,boundary,wave,w*dz(eta),0,1,0,1,0,0,0,0,4
51029,boundary,boundary,wave,w*eta*dlogN2,0,1,0,1,0,0,0,0,4
52647,wave,wave,wave,u*dx(u),7.86213952477702e-07,24,-1,23,1,3.67241419394701e-15,2.05305550338153e-10,2304,0
52647,wave,wave,wave,v*dy(u),7.86213952407151e-07,24,-1,23,1,3.66726832418349e-15,2.05305772382758e-10,2304,0
52647,wave,wave,wave,w*dz(u),7.86481801547921e-07,24,1,23,1,4.74015582048769e-14,7.01279764100708e-06,2304,0
52647,wave,wave,wave,u*dx(v),7.8576233615778e-07,24,-1,23,1,3.61679185774148e-15,2.05294004018697e-10,2304,0
52647,wave,wave,wave,v*dy(v),7.85762336138949e-07,24,1,23,1,3.60466805487624e-15,2.05294004018697e-10,2304,0
52647,wave,wave,wave,w*dz(v),7.8602995537083e-07,24,1,23,1,4.71284397066649e-14,6.88573286909335e-06,2304,0
52647,wave,wave,wave,u*dx(w),5.86632013854635e-10,24,1,24,1,9.99200722162641e-16,2.05157002497458e-10,2304,0
52647,wave,wave,wave,v*dy(w),5.86632013864846e-10,24,1,24,1,8.88178419700125e-16,2.05157224542063e-10,2304,0
52647,wave,wave,wave,w*dz(w),5.86632164460065e-10,24,1,24,1,9.99200722162641e-16,2.05572225908668e-10,2304,0
52647,wave,wave,wave,u*dx(eta),3.98931488713695e-08,24,1,24,1,1.11022302462516e-15,1.65776281590979e-10,2304,0
52647,wave,wave,wave,v*dy(eta),3.98931488712133e-08,24,1,24,1,1.11022302462516e-15,1.65776281590979e-10,2304,0
52647,wave,wave,wave,w*dz(eta),3.98931546149226e-08,24,1,24,1,1.11022302462516e-15,1.66126667977551e-10,2304,0
52647,wave,wave,wave,w*eta*dlogN2,2.40786862269486e-08,24,1,23,1,9.99200722162641e-16,1.65845559507716e-10,2304,0
52647,wave,apv,wave,u*dx(u),5.86894584673512e-11,24,1,5,0,2.37880694678907e-15,1.26722214883417e-10,288,0
52647,wave,apv,wave,v*dy(u),5.86893902267374e-11,24,1,5,0,2.31198042404948e-15,1.26722364371541e-10,288,0
52647,wave,apv,wave,w*dz(u),6.13896802406093e-11,24,1,5,0,2.39603178192557e-15,1.26686433975174e-10,288,0
52647,wave,apv,wave,u*dx(v),5.8665689733375e-11,24,1,5,0,2.40255730331667e-15,1.26463728378212e-10,288,0
52647,wave,apv,wave,v*dy(v),5.86656893701203e-11,24,1,5,0,2.29318359909528e-15,1.26463950422817e-10,288,0
52647,wave,apv,wave,w*dz(v),6.13649338469884e-11,24,1,5,0,2.58989331037674e-15,1.26453070237176e-10,288,0
52647,wave,apv,wave,u*dx(w),0,1,1,-1,0,0,0,0,288
52647,wave,apv,wave,v*dy(w),0,1,1,-1,0,0,0,0,288
52647,wave,apv,wave,w*dz(w),0,1,1,-1,0,0,0,0,288
52647,wave,apv,wave,u*dx(eta),1.74120885952628e-12,24,1,5,0,6.66133814775094e-16,1.26400889755018e-10,288,0
52647,wave,apv,wave,v*dy(eta),1.74120978472788e-12,24,1,5,0,6.66133814775094e-16,1.26400667710413e-10,288,0
52647,wave,apv,wave,w*dz(eta),1.69826940865419e-12,24,1,5,0,6.26997716991931e-16,1.53592027984928e-10,288,0
52647,wave,apv,wave,w*eta*dlogN2,4.07055266923157e-12,24,1,5,0,8.77624045528027e-16,1.26790133947452e-10,288,0
52647,apv,wave,wave,u*dx(u),5.86902409604364e-11,5,0,24,1,2.31888038484897e-15,7.95225821435938e-11,288,0
52647,apv,wave,wave,v*dy(u),5.86903401028411e-11,5,0,24,1,2.28142307431986e-15,7.95235155409902e-11,288,0
52647,apv,wave,wave,w*dz(u),0,-1,0,1,1,0,0,0,288
52647,apv,wave,wave,u*dx(v),5.86665794567463e-11,5,0,24,1,2.25432387407996e-15,7.90079113244246e-11,288,0
52647,apv,wave,wave,v*dy(v),5.86666577843188e-11,5,0,24,1,2.33822643842423e-15,7.90076892798197e-11,288,0
52647,apv,wave,wave,w*dz(v),0,-1,0,1,1,0,0,0,288
52647,apv,wave,wave,u*dx(w),2.93450504450213e-14,5,0,24,1,5.55111512312578e-16,7.95452592683432e-11,288,0
52647,apv,wave,wave,v*dy(w),2.93450622327315e-14,5,0,24,1,6.66133814775094e-16,7.95454813129481e-11,288,0
52647,apv,wave,wave,w*dz(w),0,-1,0,1,1,0,0,0,288
52647,apv,wave,wave,u*dx(eta),1.69802284447597e-12,5,0,24,1,8.58344913808444e-16,4.01814137518386e-11,288,0
52647,apv,wave,wave,v*dy(eta),1.69802024519839e-12,5,0,24,1,6.52630460331144e-16,4.01814137518386e-11,288,0
52647,apv,wave,wave,w*dz(eta),0,-1,0,1,1,0,0,0,288
52647,apv,wave,wave,w*eta*dlogN2,0,-1,0,1,1,0,0,0,288
52647,wave,boundary,wave,u*dx(u),8.58720064235696e-14,24,1,2,0,1.92137463137609e-15,1.25875532219766e-10,96,0
52647,wave,boundary,wave,v*dy(u),8.5526192505171e-14,24,1,2,0,2.33506507599156e-15,1.25875310175161e-10,96,0
52647,wave,boundary,wave,w*dz(u),7.6962404715037e-14,24,1,2,0,1.91137320396144e-15,1.26663488988861e-10,96,0
52647,wave,boundary,wave,u*dx(v),8.56531412511757e-14,24,1,2,0,1.86763340448226e-15,1.25875310175161e-10,96,0
52647,wave,boundary,wave,v*dy(v),8.5271569212783e-14,24,1,2,0,2.00455002951985e-15,1.25875532219766e-10,96,0
52647,wave,boundary,wave,w*dz(v),7.68523352001543e-14,24,1,2,0,1.95882705757342e-15,1.26638921571498e-10,96,0
52647,wave,boundary,wave,u*dx(w),0,1,1,1,0,0,0,0,96
52647,wave,boundary,wave,v*dy(w),0,1,1,1,0,0,0,0,96
52647,wave,boundary,wave,w*dz(w),0,1,1,1,0,0,0,0,96
52647,wave,boundary,wave,u*dx(eta),2.13404759505055e-15,24,1,2,0,5.55111512312578e-16,1.26793686661131e-10,96,0
52647,wave,boundary,wave,v*dy(eta),2.13171642116747e-15,24,1,2,0,5.55111512312578e-16,1.26793242571921e-10,96,0
52647,wave,boundary,wave,w*dz(eta),2.39648676204087e-15,24,1,2,0,6.72036941200425e-16,1.26630039787301e-10,96,0
52647,wave,boundary,wave,w*eta*dlogN2,2.08858090750159e-15,24,1,1,0,6.94088490954881e-16,1.26688437518396e-10,96,0
52647,boundary,wave,wave,u*dx(u),7.97373063439868e-14,1,0,24,1,1.82288692405286e-15,8.0555784265357e-11,96,0
52647,boundary,wave,wave,v*dy(u),7.99113283792252e-14,1,0,24,1,2.24688195156291e-15,8.05555622207521e-11,96,0
52647,boundary,wave,wave,w*dz(u),0,1,0,1,1,0,0,0,96
52647,boundary,wave,wave,u*dx(v),7.90876002937139e-14,1,0,24,1,2.53139021161793e-15,8.0544015901296e-11,96,0
52647,boundary,wave,wave,v*dy(v),7.94275990508786e-14,1,0,24,1,1.6398217370859e-15,8.0544015901296e-11,96,0
52647,boundary,wave,wave,w*dz(v),0,1,0,1,1,0,0,0,96
52647,boundary,wave,wave,u*dx(w),3.82447761863335e-17,2,0,24,1,4.44089209850063e-16,8.01960720053785e-11,96,0
52647,boundary,wave,wave,v*dy(w),3.80201380530235e-17,2,0,24,1,4.44089209850063e-16,8.01958499607736e-11,96,0
52647,boundary,wave,wave,w*dz(w),0,1,0,1,1,0,0,0,96
52647,boundary,wave,wave,u*dx(eta),2.27257613955772e-15,1,0,24,1,5.02705418551638e-16,4.0651038091255e-11,96,0
52647,boundary,wave,wave,v*dy(eta),2.26375569186343e-15,1,0,24,1,7.63990121519553e-16,4.0651038091255e-11,96,0
52647,boundary,wave,wave,w*dz(eta),0,1,0,1,1,0,0,0,96
52647,boundary,wave,wave,w*eta*dlogN2,0,1,0,1,1,0,0,0,96
52647,apv,boundary,wave,u*dx(u),4.29188792380244e-15,4,0,1,0,1.88050532750654e-15,2.09952770853446e-11,12,0
52647,apv,boundary,wave,v*dy(u),4.14799470242073e-15,4,0,1,0,1.29337332833396e-15,2.09945939043811e-11,12,0
52647,apv,boundary,wave,w*dz(u),0,-1,0,1,0,0,0,0,12
52647,apv,boundary,wave,u*dx(v),3.23819063933566e-15,4,0,1,0,1.27537602978114e-15,1.99185112847999e-11,12,0
52647,apv,boundary,wave,v*dy(v),3.0187606494913e-15,4,0,1,0,1.36588998942564e-15,1.9918289240195e-11,12,0
52647,apv,boundary,wave,w*dz(v),0,-1,0,1,0,0,0,0,12
52647,apv,boundary,wave,u*dx(w),0,-1,0,1,0,0,0,0,12
52647,apv,boundary,wave,v*dy(w),0,-1,0,1,0,0,0,0,12
52647,apv,boundary,wave,w*dz(w),0,-1,0,1,0,0,0,0,12
52647,apv,boundary,wave,u*dx(eta),3.60712678076092e-16,-1,0,2,0,3.33066907387547e-16,2.09317008170729e-11,12,0
52647,apv,boundary,wave,v*dy(eta),3.72671030105497e-16,-1,0,2,0,3.20493621599477e-16,2.09319228616778e-11,12,0
52647,apv,boundary,wave,w*dz(eta),0,-1,0,1,0,0,0,0,12
52647,apv,boundary,wave,w*eta*dlogN2,0,-1,0,1,0,0,0,0,12
52647,boundary,apv,wave,u*dx(u),4.41784918928269e-15,1,0,4,0,2.56348379776787e-15,1.94716501104733e-11,12,0
52647,boundary,apv,wave,v*dy(u),4.38295702132166e-15,1,0,4,0,1.52139293658312e-15,1.94713279499227e-11,12,0
52647,boundary,apv,wave,w*dz(u),0,1,0,-1,0,0,0,0,12
52647,boundary,apv,wave,u*dx(v),3.63412511234353e-15,1,0,4,0,1.41843341456497e-15,1.71616054700507e-11,12,0
52647,boundary,apv,wave,v*dy(v),3.59792743450919e-15,1,0,4,0,2.06584035506984e-15,1.71616054700507e-11,12,0
52647,boundary,apv,wave,w*dz(v),0,1,0,-1,0,0,0,0,12
52647,boundary,apv,wave,u*dx(w),0,1,0,-1,0,0,0,0,12
52647,boundary,apv,wave,v*dy(w),0,1,0,-1,0,0,0,0,12
52647,boundary,apv,wave,w*dz(w),0,1,0,-1,0,0,0,0,12
52647,boundary,apv,wave,u*dx(eta),6.08508378100047e-16,2,0,1,0,5.5238246004134e-16,3.28278515482339e-11,12,0
52647,boundary,apv,wave,v*dy(eta),6.0330597928227e-16,2,0,1,0,8.25042218369908e-16,3.28279625705363e-11,12,0
52647,boundary,apv,wave,w*dz(eta),0,1,0,-1,0,0,0,0,12
52647,boundary,apv,wave,w*eta*dlogN2,0,1,0,-1,0,0,0,0,12
52647,boundary,boundary,wave,u*dx(u),4.19139138491245e-15,2,0,1,0,1.25916879350225e-15,4.84560696537872e-11,4,0
52647,boundary,boundary,wave,v*dy(u),3.8817344095231e-15,1,0,1,0,1.97603131128971e-15,4.84554727794668e-11,4,0
52647,boundary,boundary,wave,w*dz(u),0,1,0,1,0,0,0,0,4
52647,boundary,boundary,wave,u*dx(v),3.48915395121411e-15,2,0,1,0,1.54253000259079e-15,2.51495491099263e-11,4,0
52647,boundary,boundary,wave,v*dy(v),3.46423440510415e-15,2,0,1,0,1.2091345875138e-15,2.51495491099263e-11,4,0
52647,boundary,boundary,wave,w*dz(v),0,1,0,1,0,0,0,0,4
52647,boundary,boundary,wave,u*dx(w),0,1,0,1,0,0,0,0,4
52647,boundary,boundary,wave,v*dy(w),0,1,0,1,0,0,0,0,4
52647,boundary,boundary,wave,w*dz(w),0,1,0,1,0,0,0,0,4
52647,boundary,boundary,wave,u*dx(eta),2.05556823582235e-16,1,0,2,0,3.01532677216968e-16,2.65407695820841e-11,4,0
52647,boundary,boundary,wave,v*dy(eta),2.84644380464241e-16,1,0,2,0,2.22044604925031e-16,2.65407695820841e-11,4,0
52647,boundary,boundary,wave,w*dz(eta),0,1,0,1,0,0,0,0,4
52647,boundary,boundary,wave,w*eta*dlogN2,0,1,0,1,0,0,0,0,4
53594,wave,wave,wave,u*dx(u),7.80745296176911e-07,23,1,24,1,3.44308148789005e-15,5.05195885125431e-11,2304,0
53594,wave,wave,wave,v*dy(u),0,1,1,1,1,0,0,0,2304
53594,wave,wave,wave,w*dz(u),7.81010250549804e-07,23,1,24,1,6.31440317079931e-14,6.10968575699981e-06,2304,0
53594,wave,wave,wave,u*dx(v),7.85768381008206e-07,23,1,24,1,3.60043829997898e-15,2.52891041441217e-11,2304,0
53594,wave,wave,wave,v*dy(v),0,1,1,1,1,0,0,0,2304
53594,wave,wave,wave,w*dz(v),7.86035873986648e-07,23,1,24,1,6.57853492070122e-14,6.50724395265012e-06,2304,0
53594,wave,wave,wave,u*dx(w),2.13537086639343e-09,24,1,24,1,9.99200722162641e-16,5.05540054263065e-11,2304,0
53594,wave,wave,wave,v*dy(w),0,1,1,1,1,0,0,0,2304
53594,wave,wave,wave,w*dz(w),2.13536973506427e-09,24,1,24,1,1.11022302462516e-15,5.05742114853547e-11,2304,0
53594,wave,wave,wave,u*dx(eta),1.43999959442206e-07,24,1,24,1,1.5762485531838e-15,2.53419507600938e-11,2304,0
53594,wave,wave,wave,v*dy(eta),0,1,1,1,1,0,0,0,2304
53594,wave,wave,wave,w*dz(eta),1.43999916611153e-07,24,1,24,1,1.85454088993292e-15,2.5261348568506e-11,2304,0
53594,wave,wave,wave,w*eta*dlogN2,8.69685362882647e-08,23,1,24,1,1.14223676122176e-15,2.53197462996013e-11,2304,0
53594,wave,apv,wave,u*dx(u),0,1,1,-1,0,0,0,0,288
53594,wave,apv,wave,v*dy(u),0,1,1,-1,0,0,0,0,288
53594,wave,apv,wave,w*dz(u),0,1,1,-1,0,0,0,0,288
53594,wave,apv,wave,u*dx(v),5.86704419732003e-11,24,1,5,0,2.23870786793753e-15,1.71462183092095e-11,288,0
53594,wave,apv,wave,v*dy(v),0,1,1,-1,0,0,0,0,288
53594,wave,apv,wave,w*dz(v),6.13702905458764e-11,24,1,5,0,2.44299555037985e-15,2.83072806383373e-11,288,0
53594,wave,apv,wave,u*dx(w),0,1,1,-1,0,0,0,0,288
53594,wave,apv,wave,v*dy(w),0,1,1,-1,0,0,0,0,288
53594,wave,apv,wave,w*dz(w),0,1,1,-1,0,0,0,0,288
53594,wave,apv,wave,u*dx(eta),6.30754273923496e-12,24,1,5,0,1.27550478126395e-15,3.33677530051091e-11,288,0
53594,wave,apv,wave,v*dy(eta),0,1,1,-1,0,0,0,0,288
53594,wave,apv,wave,w*dz(eta),6.15185469768319e-12,24,1,5,0,9.97243143757278e-16,2.19654516797618e-10,288,0
53594,wave,apv,wave,w*eta*dlogN2,1.47491220476366e-11,24,1,5,0,1.15816986963005e-15,2.88761237143831e-11,288,0
53594,apv,wave,wave,u*dx(u),5.84038791448718e-11,5,0,24,1,2.20990169928555e-15,5.05104846837412e-11,288,0
53594,apv,wave,wave,v*dy(u),0,-1,0,1,1,0,0,0,288
53594,apv,wave,wave,w*dz(u),0,-1,0,1,1,0,0,0,288
53594,apv,wave,wave,u*dx(v),5.86687192750169e-11,5,0,24,1,2.50477321662148e-15,2.57532960601531e-11,288,0
53594,apv,wave,wave,v*dy(v),0,-1,0,1,1,0,0,0,288
53594,apv,wave,wave,w*dz(v),0,-1,0,1,1,0,0,0,288
53594,apv,wave,wave,u*dx(w),1.06815064598666e-13,5,0,24,1,6.66133814775094e-16,5.12638820282518e-11,288,0
53594,apv,wave,wave,v*dy(w),0,-1,0,1,1,0,0,0,288
53594,apv,wave,wave,w*dz(w),0,-1,0,1,1,0,0,0,288
53594,apv,wave,wave,u*dx(eta),6.15070465779308e-12,5,0,24,1,1.40519308576299e-15,2.60638177707051e-11,288,0
53594,apv,wave,wave,v*dy(eta),0,-1,0,1,1,0,0,0,288
53594,apv,wave,wave,w*dz(eta),0,-1,0,1,1,0,0,0,288
53594,apv,wave,wave,w*eta*dlogN2,0,-1,0,1,1,0,0,0,288
53594,wave,boundary,wave,u*dx(u),0,1,1,1,0,0,0,0,96
53594,wave,boundary,wave,v*dy(u),0,1,1,1,0,0,0,0,96
53594,wave,boundary,wave,w*dz(u),0,1,1,1,0,0,0,0,96
53594,wave,boundary,wave,u*dx(v),8.44784554478573e-14,24,1,1,0,1.91682025655105e-15,1.35603750450741e-11,96,0
53594,wave,boundary,wave,v*dy(v),0,1,1,1,0,0,0,0,96
53594,wave,boundary,wave,w*dz(v),1.38206322117874e-13,24,1,2,0,2.02356886633215e-15,1.46493928099289e-11,96,0
53594,wave,boundary,wave,u*dx(w),0,1,1,1,0,0,0,0,96
53594,wave,boundary,wave,v*dy(w),0,1,1,1,0,0,0,0,96
53594,wave,boundary,wave,w*dz(w),0,1,1,1,0,0,0,0,96
53594,wave,boundary,wave,u*dx(eta),1.37739786547469e-14,24,1,2,0,7.21157161671897e-16,1.4809264925475e-11,96,0
53594,wave,boundary,wave,v*dy(eta),0,1,1,1,0,0,0,0,96
53594,wave,boundary,wave,w*dz(eta),8.64096528539936e-15,24,1,1,0,9.81463639875175e-16,1.46607170847801e-11,96,0
53594,wave,boundary,wave,w*eta*dlogN2,7.27466546125151e-15,24,1,2,0,7.81936663066461e-16,1.46467282746698e-11,96,0
53594,boundary,wave,wave,u*dx(u),5.57858677108187e-14,2,0,24,1,1.78309984815513e-15,4.90294471688912e-11,96,0
53594,boundary,wave,wave,v*dy(u),0,1,0,1,1,0,0,0,96
53594,boundary,wave,wave,w*dz(u),0,1,0,1,1,0,0,0,96
53594,boundary,wave,wave,u*dx(v),5.56528372156277e-14,2,0,24,1,1.94159882857866e-15,2.37994068896796e-11,96,0
53594,boundary,wave,wave,v*dy(v),0,1,0,1,1,0,0,0,96
53594,boundary,wave,wave,w*dz(v),0,1,0,1,1,0,0,0,96
53594,boundary,wave,wave,u*dx(w),7.16986256600555e-17,1,0,24,1,6.66133814775094e-16,4.93156626646396e-11,96,0
53594,boundary,wave,wave,v*dy(w),0,1,0,1,1,0,0,0,96
53594,boundary,wave,wave,w*dz(w),0,1,0,1,1,0,0,0,96
53594,boundary,wave,wave,u*dx(eta),5.8079809124092e-15,2,0,24,1,1.20669157239604e-15,3.80356572840853e-11,96,0
53594,boundary,wave,wave,v*dy(eta),0,1,0,1,1,0,0,0,96
53594,boundary,wave,wave,w*dz(eta),0,1,0,1,1,0,0,0,96
53594,boundary,wave,wave,w*eta*dlogN2,0,1,0,1,1,0,0,0,96
53594,apv,boundary,wave,u*dx(u),0,-1,0,1,0,0,0,0,12
53594,apv,boundary,wave,v*dy(u),0,-1,0,1,0,0,0,0,12
53594,apv,boundary,wave,w*dz(u),0,-1,0,1,0,0,0,0,12
53594,apv,boundary,wave,u*dx(v),4.37443805200448e-15,4,0,1,0,1.5869041003111e-15,2.23701057677772e-11,12,0
53594,apv,boundary,wave,v*dy(v),0,-1,0,1,0,0,0,0,12
53594,apv,boundary,wave,w*dz(v),0,-1,0,1,0,0,0,0,12
53594,apv,boundary,wave,u*dx(w),0,-1,0,1,0,0,0,0,12
53594,apv,boundary,wave,v*dy(w),0,-1,0,1,0,0,0,0,12
53594,apv,boundary,wave,w*dz(w),0,-1,0,1,0,0,0,0,12
53594,apv,boundary,wave,u*dx(eta),6.50534843410874e-16,4,0,2,0,5.40713110996947e-16,1.98729921407903e-11,12,0
53594,apv,boundary,wave,v*dy(eta),0,-1,0,1,0,0,0,0,12
53594,apv,boundary,wave,w*dz(eta),0,-1,0,1,0,0,0,0,12
53594,apv,boundary,wave,w*eta*dlogN2,0,-1,0,1,0,0,0,0,12
53594,boundary,apv,wave,u*dx(u),0,1,0,-1,0,0,0,0,12
53594,boundary,apv,wave,v*dy(u),0,1,0,-1,0,0,0,0,12
53594,boundary,apv,wave,w*dz(u),0,1,0,-1,0,0,0,0,12
53594,boundary,apv,wave,u*dx(v),4.71119492448532e-15,1,0,5,0,1.69324921724631e-15,2.13989002744437e-11,12,0
53594,boundary,apv,wave,v*dy(v),0,1,0,-1,0,0,0,0,12
53594,boundary,apv,wave,w*dz(v),0,1,0,-1,0,0,0,0,12
53594,boundary,apv,wave,u*dx(w),0,1,0,-1,0,0,0,0,12
53594,boundary,apv,wave,v*dy(w),0,1,0,-1,0,0,0,0,12
53594,boundary,apv,wave,w*dz(w),0,1,0,-1,0,0,0,0,12
53594,boundary,apv,wave,u*dx(eta),8.45934079155672e-16,2,0,3,0,7.43688701942437e-16,3.83085319761869e-11,12,0
53594,boundary,apv,wave,v*dy(eta),0,1,0,-1,0,0,0,0,12
53594,boundary,apv,wave,w*dz(eta),0,1,0,-1,0,0,0,0,12
53594,boundary,apv,wave,w*eta*dlogN2,0,1,0,-1,0,0,0,0,12
53594,boundary,boundary,wave,u*dx(u),0,1,0,1,0,0,0,0,4
53594,boundary,boundary,wave,v*dy(u),0,1,0,1,0,0,0,0,4
53594,boundary,boundary,wave,w*dz(u),0,1,0,1,0,0,0,0,4
53594,boundary,boundary,wave,u*dx(v),4.25057625763027e-15,1,0,2,0,1.62360334311936e-15,1.7958585668383e-10,4,0
53594,boundary,boundary,wave,v*dy(v),0,1,0,1,0,0,0,0,4
53594,boundary,boundary,wave,w*dz(v),0,1,0,1,0,0,0,0,4
53594,boundary,boundary,wave,u*dx(w),0,1,0,1,0,0,0,0,4
53594,boundary,boundary,wave,v*dy(w),0,1,0,1,0,0,0,0,4
53594,boundary,boundary,wave,w*dz(w),0,1,0,1,0,0,0,0,4
53594,boundary,boundary,wave,u*dx(eta),1.14228502916074e-15,1,0,2,0,8.52299123974141e-16,1.88234391373542e-10,4,0
53594,boundary,boundary,wave,v*dy(eta),0,1,0,1,0,0,0,0,4
53594,boundary,boundary,wave,w*dz(eta),0,1,0,1,0,0,0,0,4
53594,boundary,boundary,wave,w*eta*dlogN2,0,1,0,1,0,0,0,0,4
54131,wave,wave,wave,u*dx(u),7.84413145567292e-07,23,1,24,1,3.46740607113442e-15,1.36914923842824e-11,2304,0
54131,wave,wave,wave,v*dy(u),7.84413145588038e-07,23,1,24,1,3.51410739205695e-15,1.36930466965168e-11,2304,0
54131,wave,wave,wave,w*dz(u),7.84679877722206e-07,23,1,24,1,2.31441005125201e-14,3.41846225359621e-06,2304,0
54131,wave,wave,wave,u*dx(v),7.86214546600641e-07,23,1,24,1,3.62122888919732e-15,1.36929382483345e-11,2304,0
54131,wave,wave,wave,v*dy(v),7.86214546580257e-07,23,1,24,1,3.57235674425703e-15,1.36954429016698e-11,2304,0
54131,wave,wave,wave,w*dz(v),7.86482193770499e-07,23,1,24,1,2.35804201348169e-14,3.5543896807266e-06,2304,0
54131,wave,wave,wave,u*dx(w),1.17326564459927e-09,24,1,24,1,8.88178419700125e-16,1.36701761022096e-11,2304,0
54131,wave,wave,wave,v*dy(w),1.17326564459315e-09,24,1,24,1,9.99200722162641e-16,1.3671952459049e-11,2304,0
54131,wave,wave,wave,w*dz(w),1.17326443923043e-09,24,1,24,1,1.11022302462516e-15,1.36930466965168e-11,2304,0
54131,wave,wave,wave,u*dx(eta),7.96214310859294e-08,24,1,24,1,1.26956309324505e-15,1.05491171353833e-11,2304,0
54131,wave,wave,wave,v*dy(eta),7.96214310872152e-08,24,1,24,1,1.11022302462516e-15,1.05508934922227e-11,2304,0
54131,wave,wave,wave,w*dz(eta),7.96213851704119e-08,24,1,24,1,1.53867919134782e-15,1.06066266880589e-11,2304,0
54131,wave,wave,wave,w*eta*dlogN2,4.80652068040144e-08,23,1,24,1,9.99200722162641e-16,1.06727959803266e-11,2304,0
54131,wave,apv,wave,u*dx(u),5.86000130622229e-11,24,1,5,0,2.29770712317535e-15,8.01194023360387e-12,288,0
54131,wave,apv,wave,v*dy(u),5.86000543786861e-11,24,1,5,0,2.68955739265465e-15,8.01217990072323e-12,288,0
54131,wave,apv,wave,w*dz(u),6.12969503755139e-11,24,1,5,0,2.24607337239339e-15,2.13453457184781e-11,288,0
54131,wave,apv,wave,u*dx(v),5.8694898331668e-11,24,1,5,0,2.64448513479878e-15,1.2017629079277e-11,288,0
54131,wave,apv,wave,v*dy(v),5.86948244903897e-11,24,1,5,0,2.71033791640367e-15,1.20176776043735e-11,288,0
54131,wave,apv,wave,w*dz(v),6.13954278983013e-11,24,1,5,0,3.03183174311178e-15,2.68027057504432e-11,288,0
54131,wave,apv,wave,u*dx(w),0,1,1,-1,0,0,0,0,288
54131,wave,apv,wave,v*dy(w),0,1,1,-1,0,0,0,0,288
54131,wave,apv,wave,w*dz(w),0,1,1,-1,0,0,0,0,288
54131,wave,apv,wave,u*dx(eta),3.47853258623096e-12,24,1,5,0,8.04364369003144e-16,1.94728677627154e-11,288,0
54131,wave,apv,wave,v*dy(eta),3.47853444938561e-12,24,1,5,0,8.22776621002928e-16,1.94529947705746e-11,288,0
54131,wave,apv,wave,w*dz(eta),3.39271462599548e-12,24,1,5,0,1.35900987701102e-15,1.97636351728647e-10,288,0
54131,wave,apv,wave,w*eta*dlogN2,8.13206670841916e-12,24,1,5,0,9.53222019977401e-16,2.56857868308202e-11,288,0
54131,apv,wave,wave,u*dx(u),5.85968151860297e-11,5,0,24,1,2.25580445406884e-15,8.0260436559576e-12,288,0
54131,apv,wave,wave,v*dy(u),5.85967276600811e-11,5,0,24,1,2.20498888346134e-15,8.0258467758588e-12,288,0
54131,apv,wave,wave,w*dz(u),0,-1,0,1,1,0,0,0,288
54131,apv,wave,wave,u*dx(v),5.86914908728506e-11,5,0,24,1,2.24831866859972e-15,1.12286090862788e-11,288,0
54131,apv,wave,wave,v*dy(v),5.86915502372821e-11,5,0,24,1,2.58125618716636e-15,1.12284980545208e-11,288,0
54131,apv,wave,wave,w*dz(v),0,-1,0,1,1,0,0,0,288
54131,apv,wave,wave,u*dx(w),5.86891819180779e-14,5,0,24,1,6.66133814775094e-16,6.88826773398432e-12,288,0
54131,apv,wave,wave,v*dy(w),5.86892802692952e-14,5,0,24,1,5.55111512312578e-16,6.8880456893794e-12,288,0
54131,apv,wave,wave,w*dz(w),0,-1,0,1,1,0,0,0,288
54131,apv,wave,wave,u*dx(eta),3.39199608638053e-12,5,0,24,1,8.30956808584248e-16,4.92050654706022e-12,288,0
54131,apv,wave,wave,v*dy(eta),3.39199962627476e-12,5,0,24,1,1.25511774766521e-15,4.92043862258902e-12,288,0
54131,apv,wave,wave,w*dz(eta),0,-1,0,1,1,0,0,0,288
54131,apv,wave,wave,w*eta*dlogN2,0,-1,0,1,1,0,0,0,288
54131,wave,boundary,wave,u*dx(u),7.61639417591233e-14,24,1,2,0,2.12678184310754e-15,9.81792425136518e-12,96,0
54131,wave,boundary,wave,v*dy(u),7.54061095975426e-14,24,1,2,0,1.92263511477654e-15,9.81970060820458e-12,96,0
54131,wave,boundary,wave,w*dz(u),3.1017412592946e-14,24,1,2,0,2.04634952127639e-15,7.58393348121444e-12,96,0
54131,wave,boundary,wave,u*dx(v),7.58125077850428e-14,24,1,2,0,1.85691219237288e-15,1.11777269645363e-11,96,0
54131,wave,boundary,wave,v*dy(v),7.57852469707099e-14,24,1,2,0,1.87246525360437e-15,1.11795653568703e-11,96,0
54131,wave,boundary,wave,w*dz(v),3.0798588441692e-14,24,1,2,0,2.42957289432394e-15,7.58393348121444e-12,96,0
54131,wave,boundary,wave,u*dx(w),0,1,1,1,0,0,0,0,96
54131,wave,boundary,wave,v*dy(w),0,1,1,1,0,0,0,0,96
54131,wave,boundary,wave,w*dz(w),0,1,1,1,0,0,0,0,96
54131,wave,boundary,wave,u*dx(eta),1.77328480064595e-15,24,1,2,0,5.55111512312578e-16,7.54751816600674e-12,96,0
54131,wave,boundary,wave,v*dy(eta),1.77945025968663e-15,24,1,2,0,6.66133814775094e-16,7.54885043363629e-12,96,0
54131,wave,boundary,wave,w*dz(eta),4.2933942765159e-15,24,1,2,0,7.48630690551269e-16,7.60191909421337e-12,96,0
54131,wave,boundary,wave,w*eta*dlogN2,3.70485105592741e-15,24,1,1,0,5.42705769138632e-16,7.58348939200459e-12,96,0
54131,boundary,wave,wave,u*dx(u),2.02246100342876e-14,1,0,1,1,1.8200377500447e-15,1.00484065512774e-11,96,0
54131,boundary,wave,wave,v*dy(u),2.02784066045489e-14,1,0,1,1,1.83449031108829e-15,1.00481845066724e-11,96,0
54131,boundary,wave,wave,w*dz(u),0,1,0,1,1,0,0,0,96
54131,boundary,wave,wave,u*dx(v),2.15717874352473e-14,1,0,1,1,1.61767366657544e-15,1.46233136275275e-11,96,0
54131,boundary,wave,wave,v*dy(v),2.14140755532899e-14,1,0,1,1,1.87730597122591e-15,1.46232595188161e-11,96,0
54131,boundary,wave,wave,w*dz(v),0,1,0,1,1,0,0,0,96
54131,boundary,wave,wave,u*dx(w),3.48843414393781e-17,1,0,18,1,4.44089209850063e-16,1.49369405733069e-11,96,0
54131,boundary,wave,wave,v*dy(w),4.98888554668463e-17,1,0,1,1,6.66133814775094e-16,1.49371626179118e-11,96,0
54131,boundary,wave,wave,w*dz(w),0,1,0,1,1,0,0,0,96
54131,boundary,wave,wave,u*dx(eta),8.74965365567015e-16,2,0,22,1,7.19607403530756e-16,2.64072167812634e-11,96,0
54131,boundary,wave,wave,v*dy(eta),8.46783972003226e-16,2,0,22,1,6.61094302388158e-16,2.64069380237938e-11,96,0
54131,boundary,wave,wave,w*dz(eta),0,1,0,1,1,0,0,0,96
54131,boundary,wave,wave,w*eta*dlogN2,0,1,0,1,1,0,0,0,96
54131,apv,boundary,wave,u*dx(u),2.9610803413841e-15,5,0,1,0,1.05635808636229e-15,1.99493754848845e-11,12,0
54131,apv,boundary,wave,v*dy(u),3.1267874230419e-15,3,0,1,0,1.25672325682951e-15,1.99493754848845e-11,12,0
54131,apv,boundary,wave,w*dz(u),0,-1,0,1,0,0,0,0,12
54131,apv,boundary,wave,u*dx(v),4.19517404539744e-15,5,0,1,0,1.40120879748415e-15,2.11117520791617e-11,12,0
54131,apv,boundary,wave,v*dy(v),4.19621709618177e-15,4,0,1,0,1.72104447365496e-15,2.11124264788539e-11,12,0
54131,apv,boundary,wave,w*dz(v),0,-1,0,1,0,0,0,0,12
54131,apv,boundary,wave,u*dx(w),0,-1,0,1,0,0,0,0,12
54131,apv,boundary,wave,v*dy(w),0,-1,0,1,0,0,0,0,12
54131,apv,boundary,wave,w*dz(w),0,-1,0,1,0,0,0,0,12
54131,apv,boundary,wave,u*dx(eta),3.86455555812691e-16,-1,0,2,0,4.44089209850063e-16,2.16791029572505e-11,12,0
54131,apv,boundary,wave,v*dy(eta),3.28121676697072e-16,1,0,2,0,3.68072433840121e-16,2.16795470464604e-11,12,0
54131,apv,boundary,wave,w*dz(eta),0,-1,0,1,0,0,0,0,12
54131,apv,boundary,wave,w*eta*dlogN2,0,-1,0,1,0,0,0,0,12
54131,boundary,apv,wave,u*dx(u),3.1424863923036e-15,1,0,5,0,1.53326264049477e-15,2.45758968731025e-11,12,0
54131,boundary,apv,wave,v*dy(u),3.22477654005207e-15,1,0,5,0,1.3595354618779e-15,2.45756748284975e-11,12,0
54131,boundary,apv,wave,w*dz(u),0,1,0,-1,0,0,0,0,12
54131,boundary,apv,wave,u*dx(v),4.53540732297681e-15,1,0,5,0,1.28521991776273e-15,2.49366108540991e-11,12,0
54131,boundary,apv,wave,v*dy(v),4.60768614962959e-15,1,0,5,0,1.7391074635786e-15,2.49363423008389e-11,12,0
54131,boundary,apv,wave,w*dz(v),0,1,0,-1,0,0,0,0,12
54131,boundary,apv,wave,u*dx(w),0,1,0,-1,0,0,0,0,12
54131,boundary,apv,wave,v*dy(w),0,1,0,-1,0,0,0,0,12
54131,boundary,apv,wave,w*dz(w),0,1,0,-1,0,0,0,0,12
54131,boundary,apv,wave,u*dx(eta),4.57629456953495e-16,2,0,5,0,4.67849392438938e-16,1.35528255285067e-11,12,0
54131,boundary,apv,wave,v*dy(eta),7.34657963315011e-16,2,0,2,0,9.42095150070512e-16,1.35529365508091e-11,12,0
54131,boundary,apv,wave,w*dz(eta),0,1,0,-1,0,0,0,0,12
54131,boundary,apv,wave,w*eta*dlogN2,0,1,0,-1,0,0,0,0,12
54131,boundary,boundary,wave,u*dx(u),6.91282043442911e-15,1,0,2,0,4.14619051918362e-15,6.59766241639659e-10,4,0
54131,boundary,boundary,wave,v*dy(u),6.9514208412244e-15,1,0,2,0,4.19991466795749e-15,6.59766019595054e-10,4,0
54131,boundary,boundary,wave,w*dz(u),0,1,0,1,0,0,0,0,4
54131,boundary,boundary,wave,u*dx(v),7.63086192704303e-15,1,0,2,0,4.24033348268421e-15,9.44796434900539e-10,4,0
54131,boundary,boundary,wave,v*dy(v),7.75240614473258e-15,1,0,2,0,4.40217608845569e-15,9.44796729798552e-10,4,0
54131,boundary,boundary,wave,w*dz(v),0,1,0,1,0,0,0,0,4
54131,boundary,boundary,wave,u*dx(w),0,1,0,1,0,0,0,0,4
54131,boundary,boundary,wave,v*dy(w),0,1,0,1,0,0,0,0,4
54131,boundary,boundary,wave,w*dz(w),0,1,0,1,0,0,0,0,4
54131,boundary,boundary,wave,u*dx(eta),1.28331031813119e-15,1,0,2,0,1.33226762955019e-15,6.57551532204763e-10,4,0
54131,boundary,boundary,wave,v*dy(eta),1.25560389625822e-15,1,0,2,0,1.66533453693773e-15,6.57551257143346e-10,4,0
54131,boundary,boundary,wave,w*dz(eta),0,1,0,1,0,0,0,0,4
54131,boundary,boundary,wave,w*eta*dlogN2,0,1,0,1,0,0,0,0,4
55790,wave,wave,wave,u*dx(u),7.86100937317765e-07,23,1,24,1,3.69203907154308e-15,4.8874571056956e-11,2304,0
55790,wave,wave,wave,v*dy(u),7.8610093730714e-07,23,-1,24,1,3.68002541811192e-15,4.8861359402963e-11,2304,0
55790,wave,wave,wave,w*dz(u),7.8636868850689e-07,23,1,24,1,2.11472728133168e-14,1.81152398629173e-06,2304,0
55790,wave,wave,wave,u*dx(v),7.85198974220907e-07,23,-1,24,1,3.54002768345101e-15,4.8874571056956e-11,2304,0
55790,wave,wave,wave,v*dy(v),7.85198974228571e-07,23,1,24,1,3.56174881349579e-15,4.8861359402963e-11,2304,0
55790,wave,wave,wave,w*dz(v),7.85466266706097e-07,23,1,24,1,2.08312400592307e-14,1.76848643257923e-06,2304,0
55790,wave,wave,wave,u*dx(w),9.27546414694722e-10,24,1,24,1,8.88178419700125e-16,4.89862594932333e-11,2304,0
55790,wave,wave,wave,v*dy(w),9.27546414713117e-10,24,1,24,1,9.99200722162641e-16,4.89732698838452e-11,2304,0
55790,wave,wave,wave,w*dz(w),9.27546146867042e-10,24,1,24,1,1.11022302462516e-15,4.89629448097162e-11,2304,0
55790,wave,wave,wave,u*dx(eta),6.30112655137528e-08,24,1,24,1,9.99200722162641e-16,4.16637835343181e-11,2304,0
55790,wave,wave,wave,v*dy(eta),6.30112655141439e-08,24,1,24,1,1.23249509489602e-15,4.16505718803251e-11,2304,0
55790,wave,wave,wave,w*dz(eta),6.3011255300292e-08,24,1,24,1,1.28144351919092e-15,4.16244816392464e-11,2304,0
55790,wave,wave,wave,w*eta*dlogN2,3.80352229049687e-08,23,1,24,1,9.99200722162641e-16,4.14519529812196e-11,2304,0
55790,wave,apv,wave,u*dx(u),5.86838471278206e-11,24,1,5,0,2.26226358549014e-15,3.42518235996181e-11,288,0
55790,wave,apv,wave,v*dy(u),5.86838999358653e-11,24,1,5,0,2.29077320285614e-15,3.42387229679275e-11,288,0
55790,wave,apv,wave,w*dz(u),6.13838170974393e-11,24,1,5,0,2.4010917637459e-15,4.74994488186553e-11,288,0
55790,wave,apv,wave,u*dx(v),5.86364082814369e-11,24,1,5,0,2.16615582418481e-15,3.42518235996181e-11,288,0
55790,wave,apv,wave,v*dy(v),5.86365354405883e-11,24,-1,5,0,2.29612876127633e-15,3.42387229679275e-11,288,0
55790,wave,apv,wave,w*dz(v),6.13345302769249e-11,24,1,5,0,2.27670954524633e-15,4.74994488186553e-11,288,0
55790,wave,apv,wave,u*dx(w),0,1,1,-1,0,0,0,0,288
55790,wave,apv,wave,v*dy(w),0,1,1,-1,0,0,0,0,288
55790,wave,apv,wave,w*dz(w),0,1,1,-1,0,0,0,0,288
55790,wave,apv,wave,u*dx(eta),2.7514501816194e-12,24,1,5,0,9.150446074083e-16,5.28105337238571e-11,288,0
55790,wave,apv,wave,v*dy(eta),2.75145054484897e-12,24,1,5,0,7.4832145083498e-16,5.2797544114469e-11,288,0
55790,wave,apv,wave,w*dz(eta),2.6835884188253e-12,24,1,5,0,1.0432091252182e-15,2.3897661627359e-10,288,0
55790,wave,apv,wave,w*eta*dlogN2,6.43248201082734e-12,24,1,5,0,1.04417809838025e-15,4.83485473878886e-11,288,0
55790,apv,wave,wave,u*dx(u),5.86829950181688e-11,5,0,24,1,2.30782989105541e-15,1.71272180555433e-11,288,0
55790,apv,wave,wave,v*dy(u),5.86829950181688e-11,5,0,24,1,2.30782989105541e-15,1.71272180555433e-11,288,0
55790,apv,wave,wave,w*dz(u),0,-1,0,1,1,0,0,0,288
55790,apv,wave,wave,u*dx(v),5.86355797650547e-11,5,0,24,1,2.33489566425115e-15,1.48493439766639e-11,288,0
55790,apv,wave,wave,v*dy(v),5.86355797650547e-11,5,0,24,1,2.33489566425115e-15,1.48493439766639e-11,288,0
55790,apv,wave,wave,w*dz(v),0,-1,0,1,1,0,0,0,288
55790,apv,wave,wave,u*dx(w),4.63991501921752e-14,5,0,24,1,6.66133814775094e-16,1.9374835069641e-11,288,0
55790,apv,wave,wave,v*dy(w),4.63991501921752e-14,5,0,24,1,6.66133814775094e-16,1.9374835069641e-11,288,0
55790,apv,wave,wave,w*dz(w),0,-1,0,1,1,0,0,0,288
55790,apv,wave,wave,u*dx(eta),2.68312859689329e-12,5,0,24,1,7.77060568713624e-16,1.27103882974211e-11,288,0
55790,apv,wave,wave,v*dy(eta),2.68312859689329e-12,5,0,24,1,7.77060568713624e-16,1.27103882974211e-11,288,0
55790,apv,wave,wave,w*dz(eta),0,-1,0,1,1,0,0,0,288
55790,apv,wave,wave,w*eta*dlogN2,0,-1,0,1,1,0,0,0,288
55790,wave,boundary,wave,u*dx(u),3.30167517777491e-13,24,1,2,0,2.39549273804739e-15,3.5168756795656e-11,96,0
55790,wave,boundary,wave,v*dy(u),3.30322515295286e-13,24,1,2,0,2.11510519167469e-15,3.51554341193605e-11,96,0
55790,wave,boundary,wave,w*dz(u),3.37421949138189e-13,24,1,1,0,2.11993174382914e-15,3.40932837517016e-11,96,0
55790,wave,boundary,wave,u*dx(v),3.29607923099279e-13,24,1,2,0,2.60020777811556e-15,3.5168756795656e-11,96,0
55790,wave,boundary,wave,v*dy(v),3.29609092569606e-13,24,1,2,0,2.17004444313247e-15,3.51554341193605e-11,96,0
55790,wave,boundary,wave,w*dz(v),3.37207832977302e-13,24,1,1,0,1.97869513485197e-15,3.40932837517016e-11,96,0
55790,wave,boundary,wave,u*dx(w),0,1,1,1,0,0,0,0,96
55790,wave,boundary,wave,v*dy(w),0,1,1,1,0,0,0,0,96
55790,wave,boundary,wave,w*dz(w),0,1,1,1,0,0,0,0,96
55790,wave,boundary,wave,u*dx(eta),1.47433668892422e-14,24,1,1,0,5.79900850749232e-16,3.43159944904414e-11,96,0
55790,wave,boundary,wave,v*dy(eta),1.47435824940657e-14,24,1,1,0,7.7715611723761e-16,3.43028938587508e-11,96,0
55790,wave,boundary,wave,w*dz(eta),1.44955941450396e-14,24,1,2,0,8.11720620423679e-16,3.40811823207332e-11,96,0
55790,wave,boundary,wave,w*eta*dlogN2,1.51413719325987e-14,24,1,1,0,5.87354033054341e-16,3.40859562797391e-11,96,0
55790,boundary,wave,wave,u*dx(u),8.29867565449564e-14,1,0,24,1,1.99851332510084e-15,1.70817804345802e-11,96,0
55790,boundary,wave,wave,v*dy(u),8.29867565449564e-14,1,0,24,1,1.99851332510084e-15,1.70817804345802e-11,96,0
55790,boundary,wave,wave,w*dz(u),0,1,0,1,1,0,0,0,96
55790,boundary,wave,wave,u*dx(v),8.27346824585485e-14,1,0,24,1,2.10901763565907e-15,1.70817804345802e-11,96,0
55790,boundary,wave,wave,v*dy(v),8.27346824585485e-14,1,0,24,1,2.10901763565907e-15,1.70817804345802e-11,96,0
55790,boundary,wave,wave,w*dz(v),0,1,0,1,1,0,0,0,96
55790,boundary,wave,wave,u*dx(w),5.9923577542742e-17,2,0,24,1,6.66133814775094e-16,1.65236713201011e-11,96,0
55790,boundary,wave,wave,v*dy(w),5.9923577542742e-17,2,0,24,1,6.66133814775094e-16,1.65236713201011e-11,96,0
55790,boundary,wave,wave,w*dz(w),0,1,0,1,1,0,0,0,96
55790,boundary,wave,wave,u*dx(eta),3.71049079861757e-15,1,0,24,1,6.66133814775094e-16,9.0143448261415e-12,96,0
55790,boundary,wave,wave,v*dy(eta),3.71049079861757e-15,1,0,24,1,6.66133814775094e-16,9.0143448261415e-12,96,0
55790,boundary,wave,wave,w*dz(eta),0,1,0,1,1,0,0,0,96
55790,boundary,wave,wave,w*eta*dlogN2,0,1,0,1,1,0,0,0,96
55790,apv,boundary,wave,u*dx(u),4.64963651793509e-15,4,0,1,0,1.60290395531531e-15,1.163596563142e-11,12,0
55790,apv,boundary,wave,v*dy(u),4.64963651793509e-15,4,0,1,0,1.60290395531531e-15,1.163596563142e-11,12,0
55790,apv,boundary,wave,w*dz(u),0,-1,0,1,0,0,0,0,12
55790,apv,boundary,wave,u*dx(v),4.27846170246327e-15,4,0,1,0,1.67955727360728e-15,8.34716561575607e-12,12,0
55790,apv,boundary,wave,v*dy(v),4.27846170246327e-15,4,0,1,0,1.67955727360728e-15,8.34716561575607e-12,12,0
55790,apv,boundary,wave,w*dz(v),0,-1,0,1,0,0,0,0,12
55790,apv,boundary,wave,u*dx(w),0,-1,0,1,0,0,0,0,12
55790,apv,boundary,wave,v*dy(w),0,-1,0,1,0,0,0,0,12
55790,apv,boundary,wave,w*dz(w),0,-1,0,1,0,0,0,0,12
55790,apv,boundary,wave,u*dx(eta),7.90843858647472e-16,-1,0,2,0,5.58443379290925e-16,1.030731056062e-11,12,0
55790,apv,boundary,wave,v*dy(eta),7.90843858647472e-16,-1,0,2,0,5.58443379290925e-16,1.030731056062e-11,12,0
55790,apv,boundary,wave,w*dz(eta),0,-1,0,1,0,0,0,0,12
55790,apv,boundary,wave,w*eta*dlogN2,0,-1,0,1,0,0,0,0,12
55790,boundary,apv,wave,u*dx(u),4.43751502291146e-15,1,0,4,0,1.65960960202116e-15,1.9821351432201e-11,12,0
55790,boundary,apv,wave,v*dy(u),4.43751502291146e-15,1,0,4,0,1.65960960202116e-15,1.9821351432201e-11,12,0
55790,boundary,apv,wave,w*dz(u),0,1,0,-1,0,0,0,0,12
55790,boundary,apv,wave,u*dx(v),3.47528676381072e-15,1,0,3,0,1.53302714389563e-15,1.89352977741919e-11,12,0
55790,boundary,apv,wave,v*dy(v),3.47528676381072e-15,1,0,3,0,1.53302714389563e-15,1.89352977741919e-11,12,0
55790,boundary,apv,wave,w*dz(v),0,1,0,-1,0,0,0,0,12
55790,boundary,apv,wave,u*dx(w),0,1,0,-1,0,0,0,0,12
55790,boundary,apv,wave,v*dy(w),0,1,0,-1,0,0,0,0,12
55790,boundary,apv,wave,w*dz(w),0,1,0,-1,0,0,0,0,12
55790,boundary,apv,wave,u*dx(eta),6.41485821773847e-16,2,0,2,0,4.22412077355205e-16,3.01770830546388e-11,12,0
55790,boundary,apv,wave,v*dy(eta),6.41485821773847e-16,2,0,2,0,4.22412077355205e-16,3.01770830546388e-11,12,0
55790,boundary,apv,wave,w*dz(eta),0,1,0,-1,0,0,0,0,12
55790,boundary,apv,wave,w*eta*dlogN2,0,1,0,-1,0,0,0,0,12
55790,boundary,boundary,wave,u*dx(u),3.69419524893898e-15,1,0,2,0,1.37177164331733e-15,5.06045713508349e-12,4,0
55790,boundary,boundary,wave,v*dy(u),3.69419524893898e-15,1,0,2,0,1.37177164331733e-15,5.06045713508349e-12,4,0
55790,boundary,boundary,wave,w*dz(u),0,1,0,1,0,0,0,0,4
55790,boundary,boundary,wave,u*dx(v),3.21101776290724e-15,1,0,2,0,1.29912050816018e-15,2.73514544346654e-12,4,0
55790,boundary,boundary,wave,v*dy(v),3.21101776290724e-15,1,0,2,0,1.29912050816018e-15,2.73514544346654e-12,4,0
55790,boundary,boundary,wave,w*dz(v),0,1,0,1,0,0,0,0,4
55790,boundary,boundary,wave,u*dx(w),0,1,0,1,0,0,0,0,4
55790,boundary,boundary,wave,v*dy(w),0,1,0,1,0,0,0,0,4
55790,boundary,boundary,wave,w*dz(w),0,1,0,1,0,0,0,0,4
55790,boundary,boundary,wave,u*dx(eta),4.14768378426922e-16,2,0,2,0,4.9113581340045e-16,7.93831667067479e-12,4,0
55790,boundary,boundary,wave,v*dy(eta),4.14768378426922e-16,2,0,2,0,4.9113581340045e-16,7.93831667067479e-12,4,0
55790,boundary,boundary,wave,w*dz(eta),0,1,0,1,0,0,0,0,4
55790,boundary,boundary,wave,w*eta*dlogN2,0,1,0,1,0,0,0,0,4
56813,wave,wave,wave,u*dx(u),7.77229245947651e-07,24,-1,23,1,3.49804913157144e-15,3.4367508838784e-11,2304,0
56813,wave,wave,wave,v*dy(u),7.77229245976855e-07,24,-1,23,1,3.47650265174003e-15,3.43541861624885e-11,2304,0
56813,wave,wave,wave,w*dz(u),7.77492548238023e-07,24,1,23,1,1.31436863665228e-14,1.63234415715774e-06,2304,0
56813,wave,wave,wave,u*dx(v),7.86212841980495e-07,24,-1,23,1,3.64815352951896e-15,3.43961525928194e-11,2304,0
56813,wave,wave,wave,v*dy(v),7.86212842008498e-07,24,1,23,1,3.83350317703627e-15,3.43831629834312e-11,2304,0
56813,wave,wave,wave,w*dz(v),7.86480668289457e-07,24,1,23,1,1.44834254534688e-14,1.791392167756e-06,2304,0
56813,wave,wave,wave,u*dx(w),2.6398376700929e-09,24,1,24,1,1.22124532708767e-15,3.4496405731943e-11,2304,0
56813,wave,wave,wave,v*dy(w),2.63983767012365e-09,24,1,24,1,1.22124532708767e-15,3.44834161225549e-11,2304,0
56813,wave,wave,wave,w*dz(w),2.63983957737353e-09,24,1,24,1,9.99200722162641e-16,3.45129480550099e-11,2304,0
56813,wave,wave,wave,u*dx(eta),1.77180387916205e-07,24,1,24,1,2.10719479356961e-15,3.44054784662262e-11,2304,0
56813,wave,wave,wave,v*dy(eta),1.77180387917613e-07,24,1,24,1,1.64900291502046e-15,3.43924888568381e-11,2304,0
56813,wave,wave,wave,w*dz(eta),1.77180459719595e-07,24,1,24,1,1.63828611796576e-15,3.45994344286282e-11,2304,0
56813,wave,wave,wave,w*eta*dlogN2,1.07043852422073e-07,24,1,23,1,1.564568796519e-15,3.42738060155057e-11,2304,0
56813,wave,apv,wave,u*dx(u),5.82183421760659e-11,24,1,5,0,2.2101105927824e-15,3.42519346219206e-11,288,0
56813,wave,apv,wave,v*dy(u),5.82183486655716e-11,24,1,5,0,2.20673083494808e-15,3.42389450125324e-11,288,0
56813,wave,apv,wave,w*dz(u),6.09000327543216e-11,24,1,5,0,2.60578423342647e-15,4.74995598409578e-11,288,0
56813,wave,apv,wave,u*dx(v),5.86933682366537e-11,24,1,5,0,2.47639604588982e-15,3.57154864526216e-11,288,0
56813,wave,apv,wave,v*dy(v),5.86933310874864e-11,24,1,5,0,2.30069954302566e-15,3.57066948696974e-11,288,0
56813,wave,apv,wave,w*dz(v),6.13940495710623e-11,24,1,5,0,2.42689892203584e-15,4.84888297974459e-11,288,0
56813,wave,apv,wave,u*dx(w),0,1,1,-1,0,0,0,0,288
56813,wave,apv,wave,v*dy(w),0,1,1,-1,0,0,0,0,288
56813,wave,apv,wave,w*dz(w),0,1,1,-1,0,0,0,0,288
56813,wave,apv,wave,u*dx(eta),7.77590131970458e-12,24,1,5,0,1.12634298075492e-15,5.28105337238571e-11,288,0
56813,wave,apv,wave,v*dy(eta),7.77589727008854e-12,24,1,5,0,1.23627556702021e-15,5.27972110475616e-11,288,0
56813,wave,apv,wave,w*dz(eta),7.58390940673636e-12,24,1,5,0,1.65423145476372e-15,2.3897661627359e-10,288,0
56813,wave,apv,wave,w*eta*dlogN2,1.81858678474883e-11,24,1,5,0,1.34832712569571e-15,4.83485473878886e-11,288,0
56813,apv,wave,wave,u*dx(u),5.82206182010268e-11,5,0,24,1,2.02522951719568e-15,2.59399168811569e-11,288,0
56813,apv,wave,wave,v*dy(u),5.82206649577048e-11,5,0,24,1,2.2701783416527e-15,2.5939694836552e-11,288,0
56813,apv,wave,wave,w*dz(u),0,-1,0,1,1,0,0,0,288
56813,apv,wave,wave,u*dx(v),5.86957131267283e-11,5,0,24,1,2.42404592988211e-15,2.72257793902908e-11,288,0
56813,apv,wave,wave,v*dy(v),5.8695691117855e-11,5,0,24,1,2.29048760322056e-15,2.72257743032784e-11,288,0
56813,apv,wave,wave,w*dz(v),0,-1,0,1,1,0,0,0,288
56813,apv,wave,wave,u*dx(w),1.32044406963652e-13,5,0,24,1,6.66133814775094e-16,2.66422439665348e-11,288,0
56813,apv,wave,wave,v*dy(w),1.32044452954e-13,5,0,24,1,5.55111512312578e-16,2.66422439665348e-11,288,0
56813,apv,wave,wave,w*dz(w),0,-1,0,1,1,0,0,0,288
56813,apv,wave,wave,u*dx(eta),7.58301587690799e-12,5,0,24,1,1.18205837047306e-15,1.37374556175018e-11,288,0
56813,apv,wave,wave,v*dy(eta),7.58300462835403e-12,5,0,24,1,1.56086803797758e-15,1.37374556175018e-11,288,0
56813,apv,wave,wave,w*dz(eta),0,-1,0,1,1,0,0,0,288
56813,apv,wave,wave,w*eta*dlogN2,0,-1,0,1,1,0,0,0,288
56813,wave,boundary,wave,u*dx(u),4.64238875641115e-14,24,1,2,0,2.27067377833993e-15,3.39656081038697e-11,96,0
56813,wave,boundary,wave,v*dy(u),4.57480976849334e-14,24,1,2,0,2.10511055174667e-15,3.39526184944816e-11,96,0
56813,wave,boundary,wave,w*dz(u),2.13809743360492e-14,24,1,1,0,1.78015007142365e-15,3.41178196805458e-11,96,0
56813,wave,boundary,wave,u*dx(v),4.61510243595064e-14,24,1,2,0,2.03358164729346e-15,3.39654970815673e-11,96,0
56813,wave,boundary,wave,v*dy(v),4.58611870513579e-14,24,1,2,0,2.3794955251366e-15,3.39525074721791e-11,96,0
56813,wave,boundary,wave,w*dz(v),2.1562241439673e-14,24,1,1,0,1.87999233408572e-15,3.44689374630246e-11,96,0
56813,wave,boundary,wave,u*dx(w),0,1,1,1,0,0,0,0,96
56813,wave,boundary,wave,v*dy(w),0,1,1,1,0,0,0,0,96
56813,wave,boundary,wave,w*dz(w),0,1,1,1,0,0,0,0,96
56813,wave,boundary,wave,u*dx(eta),2.85999071441813e-15,24,1,1,0,6.85491614343353e-16,3.43055583940099e-11,96,0
56813,wave,boundary,wave,v*dy(eta),2.86219928771451e-15,24,1,1,0,6.6574881265055e-16,3.42925687846218e-11,96,0
56813,wave,boundary,wave,w*dz(eta),5.97097105013583e-15,24,1,2,0,1.21713756850428e-15,3.41129346992375e-11,96,0
56813,wave,boundary,wave,w*eta*dlogN2,4.9784296913764e-15,24,1,1,0,8.33219627313646e-16,3.41168204798237e-11,96,0
56813,boundary,wave,wave,u*dx(u),8.22581554516603e-14,1,0,24,1,1.7192436382903e-15,2.585665015431e-11,96,0
56813,boundary,wave,wave,v*dy(u),8.25824071050544e-14,1,0,24,1,2.01546272801643e-15,2.585665015431e-11,96,0
56813,boundary,wave,wave,w*dz(u),0,1,0,1,1,0,0,0,96
56813,boundary,wave,wave,u*dx(v),8.30023585246895e-14,1,0,24,1,2.02528959749107e-15,2.61452255516954e-11,96,0
56813,boundary,wave,wave,v*dy(v),8.27676134606123e-14,1,0,24,1,2.10718436731837e-15,2.61452065702708e-11,96,0
56813,boundary,wave,wave,w*dz(v),0,1,0,1,1,0,0,0,96
56813,boundary,wave,wave,u*dx(w),1.66112465500416e-16,2,0,24,1,4.44089209850063e-16,2.5768054356945e-11,96,0
56813,boundary,wave,wave,v*dy(w),1.68390771662511e-16,2,0,24,1,4.44089209850063e-16,2.57684984461548e-11,96,0
56813,boundary,wave,wave,w*dz(w),0,1,0,1,1,0,0,0,96
56813,boundary,wave,wave,u*dx(eta),1.04416942230863e-14,1,0,24,1,1.59840544051747e-15,1.27611254896465e-11,96,0
56813,boundary,wave,wave,v*dy(eta),1.0486858972285e-14,1,0,24,1,1.1111447821345e-15,1.27611254896465e-11,96,0
56813,boundary,wave,wave,w*dz(eta),0,1,0,1,1,0,0,0,96
56813,boundary,wave,wave,w*eta*dlogN2,0,1,0,1,1,0,0,0,96
56813,apv,boundary,wave,u*dx(u),2.71439191564817e-15,3,0,1,0,1.48656117898813e-15,2.22155627227494e-11,12,0
56813,apv,boundary,wave,v*dy(u),2.69367440848981e-15,5,0,1,0,1.44337749796547e-15,2.22155627227494e-11,12,0
56813,apv,boundary,wave,w*dz(u),0,-1,0,1,0,0,0,0,12
56813,apv,boundary,wave,u*dx(v),4.48718426314399e-15,5,0,1,0,1.37322820829271e-15,2.27824577737952e-11,12,0
56813,apv,boundary,wave,v*dy(v),4.531917173839e-15,5,0,1,0,1.85014382617233e-15,2.27818884563573e-11,12,0
56813,apv,boundary,wave,w*dz(v),0,-1,0,1,0,0,0,0,12
56813,apv,boundary,wave,u*dx(w),0,-1,0,1,0,0,0,0,12
56813,apv,boundary,wave,v*dy(w),0,-1,0,1,0,0,0,0,12
56813,apv,boundary,wave,w*dz(w),0,-1,0,1,0,0,0,0,12
56813,apv,boundary,wave,u*dx(eta),6.46931687598335e-16,2,0,2,0,6.75529567923543e-16,2.24398277737237e-11,12,0
56813,apv,boundary,wave,v*dy(eta),6.41087501091995e-16,1,0,2,0,6.61144062051453e-16,2.24402718629335e-11,12,0
56813,apv,boundary,wave,w*dz(eta),0,-1,0,1,0,0,0,0,12
56813,apv,boundary,wave,w*eta*dlogN2,0,-1,0,1,0,0,0,0,12
56813,boundary,apv,wave,u*dx(u),3.15953039704976e-15,1,0,4,0,1.20917724027476e-15,1.8935075729587e-11,12,0
56813,boundary,apv,wave,v*dy(u),3.29005006096461e-15,1,0,4,0,1.27783696592991e-15,1.8935075729587e-11,12,0
56813,boundary,apv,wave,w*dz(u),0,1,0,-1,0,0,0,0,12
56813,boundary,apv,wave,u*dx(v),4.43942497193707e-15,1,0,4,0,1.34267499868674e-15,2.0552055408604e-11,12,0
56813,boundary,apv,wave,v*dy(v),4.34071896836697e-15,1,0,4,0,1.61099168146897e-15,2.05504772727163e-11,12,0
56813,boundary,apv,wave,w*dz(v),0,1,0,-1,0,0,0,0,12
56813,boundary,apv,wave,u*dx(w),0,1,0,-1,0,0,0,0,12
56813,boundary,apv,wave,v*dy(w),0,1,0,-1,0,0,0,0,12
56813,boundary,apv,wave,w*dz(w),0,1,0,-1,0,0,0,0,12
56813,boundary,apv,wave,u*dx(eta),8.89126583552446e-16,2,0,3,0,8.2976817664677e-16,3.48192488628988e-11,12,0
56813,boundary,apv,wave,v*dy(eta),1.82145256657414e-15,2,0,2,0,1.23424957373e-15,3.48179623783878e-11,12,0
56813,boundary,apv,wave,w*dz(eta),0,1,0,-1,0,0,0,0,12
56813,boundary,apv,wave,w*eta*dlogN2,0,1,0,-1,0,0,0,0,12
56813,boundary,boundary,wave,u*dx(u),2.96346249210041e-15,2,0,1,0,1.07594905274321e-15,5.50250955910769e-11,4,0
56813,boundary,boundary,wave,v*dy(u),2.89156613253739e-15,2,0,1,0,1.05544932475772e-15,5.50247625241695e-11,4,0
56813,boundary,boundary,wave,w*dz(u),0,1,0,1,0,0,0,0,4
56813,boundary,boundary,wave,u*dx(v),4.15832441212969e-15,1,0,1,0,1.14142813232125e-15,5.77708811326427e-11,4,0
56813,boundary,boundary,wave,v*dy(v),4.23100378397527e-15,1,0,1,0,1.30923827556384e-15,5.77710830226391e-11,4,0
56813,boundary,boundary,wave,w*dz(v),0,1,0,1,0,0,0,0,4
56813,boundary,boundary,wave,u*dx(w),0,1,0,1,0,0,0,0,4
56813,boundary,boundary,wave,v*dy(w),0,1,0,1,0,0,0,0,4
56813,boundary,boundary,wave,w*dz(w),0,1,0,1,0,0,0,0,4
56813,boundary,boundary,wave,u*dx(eta),7.75219668661318e-16,2,0,1,0,7.10072375942347e-16,5.39700506507756e-11,4,0
56813,boundary,boundary,wave,v*dy(eta),6.14306992038195e-16,1,0,2,0,5.86494997310221e-16,5.39698286061707e-11,4,0
56813,boundary,boundary,wave,w*dz(eta),0,1,0,1,0,0,0,0,4
56813,boundary,boundary,wave,w*eta*dlogN2,0,1,0,1,0,0,0,0,4
57478,wave,wave,wave,u*dx(u),7.86214355567331e-07,24,1,23,1,3.62900147360675e-15,1.55185198025265e-10,2304,0
57478,wave,wave,wave,v*dy(u),7.86214355567797e-07,24,1,23,1,3.74274967690566e-15,1.55186974382104e-10,2304,0
57478,wave,wave,wave,w*dz(u),7.86482202280304e-07,24,1,23,1,8.94113832310918e-15,1.0927693264277e-06,2304,0
57478,wave,wave,wave,u*dx(v),7.84412955283142e-07,24,-1,23,1,3.55729732576816e-15,1.55179202820932e-10,2304,0
57478,wave,wave,wave,v*dy(v),7.84412955280097e-07,24,1,23,1,3.52384885915296e-15,1.55180979177771e-10,2304,0
57478,wave,wave,wave,w*dz(v),7.84679886449189e-07,24,1,23,1,8.44101824923386e-15,1.05102836043286e-06,2304,0
57478,wave,wave,wave,u*dx(w),1.17326427688359e-09,24,1,24,1,8.88178419700125e-16,1.55338408802663e-10,2304,0
57478,wave,wave,wave,v*dy(w),1.17326427691313e-09,24,1,24,1,9.99200722162641e-16,1.55339963114898e-10,2304,0
57478,wave,wave,wave,w*dz(w),1.17326518060485e-09,24,1,24,1,1.11022302462516e-15,1.55032653381681e-10,2304,0
57478,wave,wave,wave,u*dx(eta),7.96213690661856e-08,24,1,24,1,1.2213252423977e-15,9.6366026269834e-11,2304,0
57478,wave,wave,wave,v*dy(eta),7.96213690672579e-08,24,1,24,1,1.03286137156902e-15,9.63678026266734e-11,2304,0
57478,wave,wave,wave,w*dz(eta),7.96214034920838e-08,24,1,24,1,1.38955354053333e-15,9.60898027813073e-11,2304,0
57478,wave,wave,wave,w*eta*dlogN2,4.80651750767631e-08,24,1,23,1,1.16516493270822e-15,9.62785406954936e-11,2304,0
57478,wave,apv,wave,u*dx(u),5.86915154211626e-11,24,1,5,0,2.22782825227177e-15,3.84533670264248e-11,288,0
57478,wave,apv,wave,v*dy(u),5.86914567187471e-11,24,1,5,0,2.41454616612316e-15,3.84549329555048e-11,288,0
57478,wave,apv,wave,w*dz(u),6.1391610045938e-11,24,1,5,0,2.36062470652437e-15,3.79879563492028e-11,288,0
57478,wave,apv,wave,u*dx(v),5.8596701598987e-11,24,1,5,0,2.27294594743998e-15,3.73883146664866e-11,288,0
57478,wave,apv,wave,v*dy(v),5.85966546731561e-11,24,1,5,0,2.32597941242409e-15,3.7390091023326e-11,288,0
57478,wave,apv,wave,w*dz(v),6.12930184135899e-11,24,1,5,0,2.40858220904994e-15,3.73141517684417e-11,288,0
57478,wave,apv,wave,u*dx(w),0,1,1,-1,0,0,0,0,288
57478,wave,apv,wave,v*dy(w),0,1,1,-1,0,0,0,0,288
57478,wave,apv,wave,w*dz(w),0,1,1,-1,0,0,0,0,288
57478,wave,apv,wave,u*dx(eta),3.47832335066545e-12,24,1,5,0,1.00352570161744e-15,3.7398972807523e-11,288,0
57478,wave,apv,wave,v*dy(eta),3.47832350380277e-12,24,1,5,0,8.41374153800131e-16,3.74007491643624e-11,288,0
57478,wave,apv,wave,w*dz(eta),3.39252356265057e-12,24,1,5,0,1.1243767712249e-15,1.67658664729231e-10,288,0
57478,wave,apv,wave,w*eta*dlogN2,8.13193892263393e-12,24,1,5,0,1.49261822338692e-15,3.76363384901879e-11,288,0
57478,apv,wave,wave,u*dx(u),5.86939161243675e-11,5,0,24,1,2.37769060517109e-15,1.18050210914594e-10,288,0
57478,apv,wave,wave,v*dy(u),5.86938761012984e-11,5,0,24,1,2.29536540806351e-15,1.18050210306491e-10,288,0
57478,apv,wave,wave,w*dz(u),0,-1,0,1,1,0,0,0,288
57478,apv,wave,wave,u*dx(v),5.85990551090399e-11,5,0,24,1,2.42124304274247e-15,1.17857279491318e-10,288,0
57478,apv,wave,wave,v*dy(v),5.85990508434475e-11,5,0,24,1,2.435275189445e-15,1.17857279491318e-10,288,0
57478,apv,wave,wave,w*dz(v),0,-1,0,1,1,0,0,0,288
57478,apv,wave,wave,u*dx(w),5.86878178095628e-14,5,0,24,1,5.55111512312578e-16,1.18662191184171e-10,288,0
57478,apv,wave,wave,v*dy(w),5.86878001548684e-14,5,0,24,1,5.55111512312578e-16,1.18662191184171e-10,288,0
57478,apv,wave,wave,w*dz(w),0,-1,0,1,1,0,0,0,288
57478,apv,wave,wave,u*dx(eta),3.39211223941096e-12,5,0,24,1,7.22604757573664e-16,5.97619731479426e-11,288,0
57478,apv,wave,wave,v*dy(eta),3.39211161070988e-12,5,0,24,1,7.73211804239397e-16,5.97619731479426e-11,288,0
57478,apv,wave,wave,w*dz(eta),0,-1,0,1,1,0,0,0,288
57478,apv,wave,wave,w*eta*dlogN2,0,-1,0,1,1,0,0,0,288
57478,wave,boundary,wave,u*dx(u),2.22620819195522e-14,1,1,1,0,2.16240456828719e-15,3.80240494852938e-11,96,0
57478,wave,boundary,wave,v*dy(u),2.22887856496318e-14,1,1,1,0,1.95569710250285e-15,3.80245279273505e-11,96,0
57478,wave,boundary,wave,w*dz(u),2.33840414870737e-14,24,1,2,0,1.79205852511182e-15,3.73376884965637e-11,96,0
57478,wave,boundary,wave,u*dx(v),2.09091716137957e-14,1,1,1,0,2.08204294552984e-15,3.78910236520369e-11,96,0
57478,wave,boundary,wave,v*dy(v),2.09560840732793e-14,1,1,1,0,1.65544550178038e-15,3.78930220534812e-11,96,0
57478,wave,boundary,wave,w*dz(v),2.33299623195941e-14,24,1,2,0,1.72970549013693e-15,3.73379105411686e-11,96,0
57478,wave,boundary,wave,u*dx(w),0,1,1,1,0,0,0,0,96
57478,wave,boundary,wave,v*dy(w),0,1,1,1,0,0,0,0,96
57478,wave,boundary,wave,w*dz(w),0,1,1,1,0,0,0,0,96
57478,wave,boundary,wave,u*dx(eta),1.28466705392269e-15,24,1,2,0,4.44089209850063e-16,3.70219410683603e-11,96,0
57478,wave,boundary,wave,v*dy(eta),1.28031095465212e-15,24,1,2,0,4.44089209850063e-16,3.70237174251997e-11,96,0
57478,wave,boundary,wave,w*dz(eta),1.29148404263583e-15,24,1,2,0,6.80748631291212e-16,3.73245878648731e-11,96,0
57478,wave,boundary,wave,w*eta*dlogN2,9.45899483318674e-16,24,1,1,0,6.66133814775094e-16,3.73379105411686e-11,96,0
57478,boundary,wave,wave,u*dx(u),8.09101304298571e-14,2,0,24,1,2.01356286814308e-15,1.1877032690677e-10,96,0
57478,boundary,wave,wave,v*dy(u),8.07930611779697e-14,2,0,24,1,1.94826109451887e-15,1.1877032690677e-10,96,0
57478,boundary,wave,wave,w*dz(u),0,1,0,1,1,0,0,0,96
57478,boundary,wave,wave,u*dx(v),8.07010542476261e-14,2,0,24,1,1.71062064382206e-15,1.18764331702437e-10,96,0
57478,boundary,wave,wave,v*dy(v),8.07212405786705e-14,2,0,24,1,1.7195325664389e-15,1.18764553747042e-10,96,0
57478,boundary,wave,wave,w*dz(v),0,1,0,1,1,0,0,0,96
57478,boundary,wave,wave,u*dx(w),4.7929580921006e-17,1,0,22,1,6.66133814775094e-16,1.18969056828178e-10,96,0
57478,boundary,wave,wave,v*dy(w),4.7893868061443e-17,1,0,22,1,5.55111512312578e-16,1.18969056828178e-10,96,0
57478,boundary,wave,wave,w*dz(w),0,1,0,1,1,0,0,0,96
57478,boundary,wave,wave,u*dx(eta),4.55835514978356e-15,2,0,24,1,9.34861043373221e-16,5.9962257381585e-11,96,0
57478,boundary,wave,wave,v*dy(eta),4.56499472447267e-15,2,0,24,1,9.70669890713497e-16,5.9962257381585e-11,96,0
57478,boundary,wave,wave,w*dz(eta),0,1,0,1,1,0,0,0,96
57478,boundary,wave,wave,w*eta*dlogN2,0,1,0,1,1,0,0,0,96
57478,apv,boundary,wave,u*dx(u),4.53340151324232e-15,5,0,1,0,1.91061187642986e-15,2.41007718995507e-11,12,0
57478,apv,boundary,wave,v*dy(u),4.57332975614823e-15,5,0,1,0,1.81811119682747e-15,2.41008196425633e-11,12,0
57478,apv,boundary,wave,w*dz(u),0,-1,0,1,0,0,0,0,12
57478,apv,boundary,wave,u*dx(v),2.972369841831e-15,5,0,1,0,1.72378358038751e-15,2.38979946942663e-11,12,0
57478,apv,boundary,wave,v*dy(v),2.97208367235696e-15,5,0,1,0,1.71384275023963e-15,2.38977726496614e-11,12,0
57478,apv,boundary,wave,w*dz(v),0,-1,0,1,0,0,0,0,12
57478,apv,boundary,wave,u*dx(w),0,-1,0,1,0,0,0,0,12
57478,apv,boundary,wave,v*dy(w),0,-1,0,1,0,0,0,0,12
57478,apv,boundary,wave,w*dz(w),0,-1,0,1,0,0,0,0,12
57478,apv,boundary,wave,u*dx(eta),3.17563492947378e-16,-1,0,2,0,4.59894083725802e-16,2.29221086556208e-11,12,0
57478,apv,boundary,wave,v*dy(eta),3.06670173628767e-16,1,0,2,0,4.61254847509816e-16,2.29223307002258e-11,12,0
57478,apv,boundary,wave,w*dz(eta),0,-1,0,1,0,0,0,0,12
57478,apv,boundary,wave,w*eta*dlogN2,0,-1,0,1,0,0,0,0,12
57478,boundary,apv,wave,u*dx(u),4.1976042461294e-15,1,0,4,0,1.54274668166537e-15,2.11605921131953e-11,12,0
57478,boundary,apv,wave,v*dy(u),4.1465023534174e-15,1,0,4,0,1.54192769449438e-15,2.11606300911756e-11,12,0
57478,boundary,apv,wave,w*dz(u),0,1,0,-1,0,0,0,0,12
57478,boundary,apv,wave,u*dx(v),2.95580063107683e-15,1,0,4,0,1.26559525162093e-15,2.00375271930398e-11,12,0
57478,boundary,apv,wave,v*dy(v),2.97086005838839e-15,1,0,3,0,1.2494721892794e-15,2.00375271930398e-11,12,0
57478,boundary,apv,wave,w*dz(v),0,1,0,-1,0,0,0,0,12
57478,boundary,apv,wave,u*dx(w),0,1,0,-1,0,0,0,0,12
57478,boundary,apv,wave,v*dy(w),0,1,0,-1,0,0,0,0,12
57478,boundary,apv,wave,w*dz(w),0,1,0,-1,0,0,0,0,12
57478,boundary,apv,wave,u*dx(eta),4.91277606619414e-16,2,0,1,0,4.12830151915748e-16,2.45118787887169e-11,12,0
57478,boundary,apv,wave,v*dy(eta),4.57079794963381e-16,2,0,1,0,3.33066907387547e-16,2.45118732928614e-11,12,0
57478,boundary,apv,wave,w*dz(eta),0,1,0,-1,0,0,0,0,12
57478,boundary,apv,wave,w*eta*dlogN2,0,1,0,-1,0,0,0,0,12
57478,boundary,boundary,wave,u*dx(u),6.07977280448009e-15,2,0,1,0,2.84866602933849e-15,7.43281449624167e-10,4,0
57478,boundary,boundary,wave,v*dy(u),6.08451879191523e-15,2,0,1,0,2.8231205345004e-15,7.4328145995817e-10,4,0
57478,boundary,boundary,wave,w*dz(u),0,1,0,1,0,0,0,0,4
57478,boundary,boundary,wave,u*dx(v),5.64015775987585e-15,2,0,1,0,2.84382305564082e-15,4.03988492324771e-10,4,0
57478,boundary,boundary,wave,v*dy(v),5.64002235854672e-15,2,0,1,0,2.82547058837768e-15,4.03988524346495e-10,4,0
57478,boundary,boundary,wave,w*dz(v),0,1,0,1,0,0,0,0,4
57478,boundary,boundary,wave,u*dx(w),0,1,0,1,0,0,0,0,4
57478,boundary,boundary,wave,v*dy(w),0,1,0,1,0,0,0,0,4
57478,boundary,boundary,wave,w*dz(w),0,1,0,1,0,0,0,0,4
57478,boundary,boundary,wave,u*dx(eta),6.99093702506465e-16,2,0,1,0,5.55111512312578e-16,1.90753857154391e-10,4,0
57478,boundary,boundary,wave,v*dy(eta),7.44299298731686e-16,1,0,2,0,5.55111512312578e-16,1.90753857154391e-10,4,0
57478,boundary,boundary,wave,w*dz(eta),0,1,0,1,0,0,0,0,4
57478,boundary,boundary,wave,w*eta*dlogN2,0,1,0,1,0,0,0,0,4
58769,wave,wave,wave,u*dx(u),7.85199636659298e-07,23,-1,24,1,3.62254003698444e-15,1.48035583791284e-10,2304,0
58769,wave,wave,wave,v*dy(u),7.8519963664542e-07,23,-1,24,1,3.56885259993078e-15,1.48035583791284e-10,2304,0
58769,wave,wave,wave,w*dz(u),7.85466836559576e-07,23,1,24,1,5.18089493394515e-14,8.83726294963793e-06,2304,0
58769,wave,wave,wave,u*dx(v),7.8610160099647e-07,23,1,24,1,3.61646972990286e-15,1.48035583791284e-10,2304,0
58769,wave,wave,wave,v*dy(v),7.86101600990338e-07,23,1,24,1,3.72851331489935e-15,1.48035583791284e-10,2304,0
58769,wave,wave,wave,w*dz(v),7.86369259543477e-07,23,1,24,1,5.22711587649203e-14,9.05260473674069e-06,2304,0
58769,wave,wave,wave,u*dx(w),9.27547460080175e-10,24,1,24,1,9.99200722162641e-16,1.48253853637925e-10,2304,0
58769,wave,wave,wave,v*dy(w),9.27547460043014e-10,24,1,24,1,9.99200722162641e-16,1.48252965459506e-10,2304,0
58769,wave,wave,wave,w*dz(w),9.27546834732895e-10,24,1,24,1,8.88178419700125e-16,1.48390189025349e-10,2304,0
58769,wave,wave,wave,u*dx(eta),6.30113329173238e-08,24,1,24,1,1.40618013630089e-15,7.41828820594037e-11,2304,0
58769,wave,wave,wave,v*dy(eta),6.30113329191471e-08,24,1,24,1,9.99200722162641e-16,7.41815497917742e-11,2304,0
58769,wave,wave,wave,w*dz(eta),6.30113090819223e-08,24,1,24,1,9.13651738399889e-16,7.40973948865076e-11,2304,0
58769,wave,wave,wave,w*eta*dlogN2,3.80352613574745e-08,23,1,24,1,1.27103951020972e-15,7.41919858882056e-11,2304,0
58769,wave,apv,wave,u*dx(u),5.86393568062691e-11,24,1,5,0,2.33013623181527e-15,2.45778952745468e-11,288,0
58769,wave,apv,wave,v*dy(u),5.86392715074596e-11,24,1,5,0,2.09561580096661e-15,2.4578894475269e-11,288,0
58769,wave,apv,wave,w*dz(u),6.13375275662978e-11,24,1,5,0,2.2889991960886e-15,3.76533249024646e-11,288,0
58769,wave,apv,wave,u*dx(v),5.86867136194353e-11,24,1,5,0,2.14960625184842e-15,2.54559051702272e-11,288,0
58769,wave,apv,wave,v*dy(v),5.86867379124342e-11,24,1,5,0,2.31874828230114e-15,2.54574903290197e-11,288,0
58769,wave,apv,wave,w*dz(v),6.13869440376223e-11,24,1,5,0,2.45168129980373e-15,3.76533249024646e-11,288,0
58769,wave,apv,wave,u*dx(w),0,1,1,-1,0,0,0,0,288
58769,wave,apv,wave,v*dy(w),0,1,1,-1,0,0,0,0,288
58769,wave,apv,wave,w*dz(w),0,1,1,-1,0,0,0,0,288
58769,wave,apv,wave,u*dx(eta),2.75157635577723e-12,24,1,5,0,7.19776601344457e-16,4.31249480570273e-11,288,0
58769,wave,apv,wave,v*dy(eta),2.75157270518504e-12,24,1,5,0,9.70975401386779e-16,4.31262803246568e-11,288,0
58769,wave,apv,wave,w*dz(eta),2.68370729234761e-12,24,1,5,0,6.38282214801705e-16,2.29333108059393e-10,288,0
58769,wave,apv,wave,w*eta*dlogN2,6.43256024017367e-12,24,1,5,0,1.03085406214307e-15,3.84910991968468e-11,288,0
58769,apv,wave,wave,u*dx(u),5.86371466883625e-11,5,0,24,1,2.28365267684906e-15,1.48166812152795e-10,288,0
58769,apv,wave,wave,v*dy(u),5.86371011293777e-11,5,0,24,1,2.24530237724648e-15,1.481670341974e-10,288,0
58769,apv,wave,wave,w*dz(u),0,-1,0,1,1,0,0,0,288
58769,apv,wave,wave,u*dx(v),5.86845100767995e-11,5,0,24,1,2.32116883158543e-15,1.48166812152795e-10,288,0
58769,apv,wave,wave,v*dy(v),5.86845666968726e-11,5,0,24,1,2.35713197509467e-15,1.481670341974e-10,288,0
58769,apv,wave,wave,w*dz(v),0,-1,0,1,1,0,0,0,288
58769,apv,wave,wave,u*dx(w),4.63984317460184e-14,5,0,24,1,4.44089209850063e-16,1.48971279756438e-10,288,0
58769,apv,wave,wave,v*dy(w),4.63984524741686e-14,5,0,24,1,5.55111512312578e-16,1.48971057711833e-10,288,0
58769,apv,wave,wave,w*dz(w),0,-1,0,1,1,0,0,0,288
58769,apv,wave,wave,u*dx(eta),2.68319800972759e-12,5,0,24,1,8.58140849848332e-16,7.49376116715439e-11,288,0
58769,apv,wave,wave,v*dy(eta),2.68319614718079e-12,5,0,24,1,6.55734112120943e-16,7.49376116715439e-11,288,0
58769,apv,wave,wave,w*dz(eta),0,-1,0,1,1,0,0,0,288
58769,apv,wave,wave,w*eta*dlogN2,0,-1,0,1,1,0,0,0,288
58769,wave,boundary,wave,u*dx(u),8.6009193242418e-14,24,1,2,0,2.12299491393958e-15,2.90147905701588e-11,96,0
58769,wave,boundary,wave,v*dy(u),8.52657337107027e-14,24,1,2,0,1.82334411668165e-15,2.9015567726276e-11,96,0
58769,wave,boundary,wave,w*dz(u),8.86564525354391e-14,24,1,2,0,2.06999933087267e-15,2.42784681248054e-11,96,0
58769,wave,boundary,wave,u*dx(v),8.5044866749229e-14,24,1,2,0,2.14487028395905e-15,2.90656510994008e-11,96,0
58769,wave,boundary,wave,v*dy(v),8.54330967548061e-14,24,1,2,0,2.56168037954426e-15,2.90659000680734e-11,96,0
58769,wave,boundary,wave,w*dz(v),8.86410179627687e-14,24,1,2,0,1.83610297930086e-15,2.42784681248054e-11,96,0
58769,wave,boundary,wave,u*dx(w),0,1,1,1,0,0,0,0,96
58769,wave,boundary,wave,v*dy(w),0,1,1,1,0,0,0,0,96
58769,wave,boundary,wave,w*dz(w),0,1,1,1,0,0,0,0,96
58769,wave,boundary,wave,u*dx(eta),3.87855211736427e-15,24,1,2,0,5.55111512312578e-16,2.47689646570848e-11,96,0
58769,wave,boundary,wave,v*dy(eta),3.87518155341592e-15,24,1,2,0,5.55111512312578e-16,2.47700748801094e-11,96,0
58769,wave,boundary,wave,w*dz(eta),3.74404311057496e-15,24,1,2,0,6.66133814775094e-16,2.42742492773118e-11,96,0
58769,wave,boundary,wave,w*eta*dlogN2,3.31651559281726e-15,24,1,1,0,6.12325038729665e-16,2.42760256341512e-11,96,0
58769,boundary,wave,wave,u*dx(u),3.38967426762016e-14,2,0,24,1,2.01303324742124e-15,1.50127021925073e-10,96,0
58769,boundary,wave,wave,v*dy(u),3.38433163571684e-14,2,0,24,1,1.79838521442846e-15,1.50127021925073e-10,96,0
58769,boundary,wave,wave,w*dz(u),0,1,0,1,1,0,0,0,96
58769,boundary,wave,wave,u*dx(v),3.41298628444109e-14,2,0,24,1,1.68702106870432e-15,1.50127021925073e-10,96,0
58769,boundary,wave,wave,v*dy(v),3.37932371853038e-14,2,0,24,1,1.95172527642453e-15,1.50127021925073e-10,96,0
58769,boundary,wave,wave,w*dz(v),0,1,0,1,1,0,0,0,96
58769,boundary,wave,wave,u*dx(w),3.26142142503657e-17,1,0,18,1,4.44089209850063e-16,1.50561341172306e-10,96,0
58769,boundary,wave,wave,v*dy(w),3.71540224594533e-17,1,0,2,1,6.66133814775094e-16,1.50561563216911e-10,96,0
58769,boundary,wave,wave,w*dz(w),0,1,0,1,1,0,0,0,96
58769,boundary,wave,wave,u*dx(eta),1.61671463345392e-15,2,0,24,1,6.66133814775094e-16,7.63742402654088e-11,96,0
58769,boundary,wave,wave,v*dy(eta),1.64357598171595e-15,2,0,24,1,8.33027581512553e-16,7.63742402654088e-11,96,0
58769,boundary,wave,wave,w*dz(eta),0,1,0,1,1,0,0,0,96
58769,boundary,wave,wave,w*eta*dlogN2,0,1,0,1,1,0,0,0,96
58769,apv,boundary,wave,u*dx(u),3.29262799456491e-15,4,0,1,0,1.54392056070791e-15,2.16311413225867e-11,12,0
58769,apv,boundary,wave,v*dy(u),3.28431468885525e-15,4,0,1,0,1.6221362492914e-15,2.16311413225867e-11,12,0
58769,apv,boundary,wave,w*dz(u),0,-1,0,1,0,0,0,0,12
58769,apv,boundary,wave,u*dx(v),4.33319218944008e-15,4,0,1,0,1.49584979908728e-15,2.16311413225867e-11,12,0
58769,apv,boundary,wave,v*dy(v),4.37740704230507e-15,4,0,1,0,1.85481867082828e-15,2.16311413225867e-11,12,0
58769,apv,boundary,wave,w*dz(v),0,-1,0,1,0,0,0,0,12
58769,apv,boundary,wave,u*dx(w),0,-1,0,1,0,0,0,0,12
58769,apv,boundary,wave,v*dy(w),0,-1,0,1,0,0,0,0,12
58769,apv,boundary,wave,w*dz(w),0,-1,0,1,0,0,0,0,12
58769,apv,boundary,wave,u*dx(eta),2.95145049153353e-16,4,0,1,0,5.02012785437987e-16,2.07400763230225e-11,12,0
58769,apv,boundary,wave,v*dy(eta),4.53118997174273e-16,-1,0,2,0,7.91111946290514e-16,2.07402983676275e-11,12,0
58769,apv,boundary,wave,w*dz(eta),0,-1,0,1,0,0,0,0,12
58769,apv,boundary,wave,w*eta*dlogN2,0,-1,0,1,0,0,0,0,12
58769,boundary,apv,wave,u*dx(u),3.25223991490615e-15,1,0,5,0,1.34474057735097e-15,2.08810746471499e-11,12,0
58769,boundary,apv,wave,v*dy(u),3.17905904144232e-15,1,0,5,0,1.59700113949035e-15,2.0880852602545e-11,12,0
58769,boundary,apv,wave,w*dz(u),0,1,0,-1,0,0,0,0,12
58769,boundary,apv,wave,u*dx(v),4.82792239186127e-15,1,0,5,0,2.04180476188567e-15,2.14066404665202e-11,12,0
58769,boundary,apv,wave,v*dy(v),4.79314928646468e-15,1,0,5,0,1.82876445742474e-15,2.14048974766324e-11,12,0
58769,boundary,apv,wave,w*dz(v),0,1,0,-1,0,0,0,0,12
58769,boundary,apv,wave,u*dx(w),0,1,0,-1,0,0,0,0,12
58769,boundary,apv,wave,v*dy(w),0,1,0,-1,0,0,0,0,12
58769,boundary,apv,wave,w*dz(w),0,1,0,-1,0,0,0,0,12
58769,boundary,apv,wave,u*dx(eta),6.95868874478803e-16,2,0,1,0,5.3520531968424e-16,1.90332194449638e-11,12,0
58769,boundary,apv,wave,v*dy(eta),5.38951944106576e-16,2,0,1,0,6.10511797192834e-16,1.90332194449638e-11,12,0
58769,boundary,apv,wave,w*dz(eta),0,1,0,-1,0,0,0,0,12
58769,boundary,apv,wave,w*eta*dlogN2,0,1,0,-1,0,0,0,0,12
58769,boundary,boundary,wave,u*dx(u),3.96874649968794e-15,1,0,2,0,1.79996102924383e-15,3.41264572156774e-10,4,0
58769,boundary,boundary,wave,v*dy(u),3.95203024416282e-15,1,0,2,0,1.79142659609686e-15,3.41264905223682e-10,4,0
58769,boundary,boundary,wave,w*dz(u),0,1,0,1,0,0,0,0,4
58769,boundary,boundary,wave,u*dx(v),4.96071605554127e-15,1,0,2,0,2.51810496466428e-15,3.52725167426931e-10,4,0
58769,boundary,boundary,wave,v*dy(v),4.72949668063565e-15,1,0,2,0,1.85327027123729e-15,3.52723436163529e-10,4,0
58769,boundary,boundary,wave,w*dz(v),0,1,0,1,0,0,0,0,4
58769,boundary,boundary,wave,u*dx(w),0,1,0,1,0,0,0,0,4
58769,boundary,boundary,wave,v*dy(w),0,1,0,1,0,0,0,0,4
58769,boundary,boundary,wave,w*dz(w),0,1,0,1,0,0,0,0,4
58769,boundary,boundary,wave,u*dx(eta),1.32657745979524e-15,2,0,1,0,9.20784185520047e-16,1.36998299938856e-10,4,0
58769,boundary,boundary,wave,v*dy(eta),6.93684146488763e-16,2,0,1,0,1.00416819091318e-15,1.36998931067921e-10,4,0
58769,boundary,boundary,wave,w*dz(eta),0,1,0,1,0,0,0,0,4
58769,boundary,boundary,wave,w*eta*dlogN2,0,1,0,1,0,0,0,0,4
59536,wave,wave,wave,u*dx(u),7.83408416014205e-07,24,1,23,1,3.55448552671203e-15,1.38714817410346e-10,2304,0
59536,wave,wave,wave,v*dy(u),7.83408415997111e-07,24,-1,23,1,3.52224043106438e-15,1.3870282700168e-10,2304,0
59536,wave,wave,wave,w*dz(u),7.83674811856309e-07,24,1,23,1,1.72431085650268e-14,2.51997082979949e-06,2304,0
59536,wave,wave,wave,u*dx(v),7.85765595694318e-07,24,1,23,1,3.60148644968859e-15,1.38685951611706e-10,2304,0
59536,wave,wave,wave,v*dy(v),7.85765595700831e-07,24,1,23,1,3.66418568846676e-15,1.38674627336854e-10,2304,0
59536,wave,wave,wave,w*dz(v),7.86033187250048e-07,24,1,23,1,1.7903523401348e-14,2.62002701427388e-06,2304,0
59536,wave,wave,wave,u*dx(w),1.57955430393217e-09,24,1,24,1,1.11022302462516e-15,1.39044775693264e-10,2304,0
59536,wave,wave,wave,v*dy(w),1.57955430391181e-09,24,1,24,1,1.11022302462516e-15,1.39033229373808e-10,2304,0
59536,wave,wave,wave,w*dz(w),1.57955478583121e-09,24,1,24,1,1.11022302462516e-15,1.3840661949871e-10,2304,0
59536,wave,wave,wave,u*dx(eta),1.06954586189216e-07,24,1,24,1,1.33986900636033e-15,1.09116049529234e-10,2304,0
59536,wave,wave,wave,v*dy(eta),1.06954586187698e-07,24,1,24,1,1.42931411654507e-15,1.09104281165173e-10,2304,0
59536,wave,wave,wave,w*dz(eta),1.06954604504192e-07,24,1,24,1,1.40655347296217e-15,1.08484110583618e-10,2304,0
59536,wave,wave,wave,w*eta*dlogN2,6.45759382306783e-08,24,1,23,1,1.15650598097517e-15,1.08820952249289e-10,2304,0
59536,wave,apv,wave,u*dx(u),5.85438045689104e-11,24,1,5,0,2.32194917202443e-15,7.90196796884857e-11,288,0
59536,wave,apv,wave,v*dy(u),5.85437805030051e-11,24,1,5,0,2.21247882522568e-15,7.90079113244246e-11,288,0
59536,wave,apv,wave,w*dz(u),6.12382383717128e-11,24,1,5,0,2.38688697726218e-15,7.88429321829653e-11,288,0
59536,wave,apv,wave,u*dx(v),5.86678766691947e-11,24,1,5,0,2.48006787005284e-15,7.90196796884857e-11,288,0
59536,wave,apv,wave,v*dy(v),5.86679319340818e-11,24,1,5,0,2.2903370260986e-15,7.90081333690296e-11,288,0
59536,wave,apv,wave,w*dz(v),6.13673265203675e-11,24,1,5,0,2.23789629963895e-15,7.88427101383604e-11,288,0
59536,wave,apv,wave,u*dx(w),0,1,1,-1,0,0,0,0,288
59536,wave,apv,wave,v*dy(w),0,1,1,-1,0,0,0,0,288
59536,wave,apv,wave,w*dz(w),0,1,1,-1,0,0,0,0,288
59536,wave,apv,wave,u*dx(eta),4.67675303932069e-12,24,1,5,0,1.05862172396528e-15,7.89903698006356e-11,288,0
59536,wave,apv,wave,v*dy(eta),4.67675762739558e-12,24,1,5,0,9.36176076740748e-16,7.89788234811795e-11,288,0
59536,wave,apv,wave,w*dz(eta),4.5613775685155e-12,24,1,5,0,9.20491085933715e-16,1.26086807661352e-10,288,0
59536,wave,apv,wave,w*eta*dlogN2,1.09345656641697e-11,24,1,5,0,8.61165057384382e-16,7.91560150759096e-11,288,0
59536,apv,wave,wave,u*dx(u),5.85446034126896e-11,5,0,24,1,2.18960051359101e-15,5.98470162316289e-11,288,0
59536,apv,wave,wave,v*dy(u),5.85446390177061e-11,5,0,24,1,2.18597805118766e-15,5.98472382762338e-11,288,0
59536,apv,wave,wave,w*dz(u),0,-1,0,1,1,0,0,0,288
59536,apv,wave,wave,u*dx(v),5.86688322781094e-11,5,0,24,1,2.34823305364639e-15,5.98188165668034e-11,288,0
59536,apv,wave,wave,v*dy(v),5.86687802377848e-11,5,0,24,1,2.54859445488713e-15,5.98185945221985e-11,288,0
59536,apv,wave,wave,w*dz(v),0,-1,0,1,1,0,0,0,288
59536,apv,wave,wave,u*dx(w),7.90116490264955e-14,5,0,24,1,4.44089209850063e-16,6.06614758424939e-11,288,0
59536,apv,wave,wave,v*dy(w),7.90117180270489e-14,5,0,24,1,7.7715611723761e-16,6.06614758424939e-11,288,0
59536,apv,wave,wave,w*dz(w),0,-1,0,1,1,0,0,0,288
59536,apv,wave,wave,u*dx(eta),4.56072003871353e-12,5,0,24,1,8.58221594506715e-16,3.07684988598567e-11,288,0
59536,apv,wave,wave,v*dy(eta),4.56072015507417e-12,5,0,24,1,1.10168833334794e-15,3.07684988598567e-11,288,0
59536,apv,wave,wave,w*dz(eta),0,-1,0,1,1,0,0,0,288
59536,apv,wave,wave,w*eta*dlogN2,0,-1,0,1,1,0,0,0,288
59536,wave,boundary,wave,u*dx(u),6.49189321667279e-14,24,1,2,0,2.0912286277552e-15,7.79873943201892e-11,96,0
59536,wave,boundary,wave,v*dy(u),6.36147773804427e-14,24,1,2,0,1.77251270714326e-15,7.79756259561282e-11,96,0
59536,wave,boundary,wave,w*dz(u),1.81308614939038e-14,24,1,1,0,2.06056336069581e-15,7.88928922190735e-11,96,0
59536,wave,boundary,wave,u*dx(v),6.4189826744265e-14,24,1,2,0,1.92470142733633e-15,7.79873943201892e-11,96,0
59536,wave,boundary,wave,v*dy(v),6.35586665219798e-14,24,1,2,0,2.27186643883733e-15,7.79756259561282e-11,96,0
59536,wave,boundary,wave,w*dz(v),1.82901667937575e-14,24,1,1,0,1.75362075914468e-15,7.88928922190735e-11,96,0
59536,wave,boundary,wave,u*dx(w),0,1,1,1,0,0,0,0,96
59536,wave,boundary,wave,v*dy(w),0,1,1,1,0,0,0,0,96
59536,wave,boundary,wave,w*dz(w),0,1,1,1,0,0,0,0,96
59536,wave,boundary,wave,u*dx(eta),1.70013106963071e-15,24,1,1,0,4.86100982084631e-16,7.87507836719215e-11,96,0
59536,wave,boundary,wave,v*dy(eta),1.71850317902416e-15,24,1,1,0,5.62771567066139e-16,7.87390153078604e-11,96,0
59536,wave,boundary,wave,w*dz(eta),4.87925800282874e-15,24,1,2,0,1.02831485897829e-15,7.89046605831345e-11,96,0
59536,wave,boundary,wave,w*eta*dlogN2,4.28589582466007e-15,24,1,1,0,9.9447501892804e-16,7.8891337906839e-11,96,0
59536,boundary,wave,wave,u*dx(u),8.52512307030814e-14,2,0,24,1,2.07110499550935e-15,5.93340931942521e-11,96,0
59536,boundary,wave,wave,v*dy(u),8.5333884867596e-14,2,0,24,1,1.86797831224528e-15,5.93334270604373e-11,96,0
59536,boundary,wave,wave,w*dz(u),0,1,0,1,1,0,0,0,96
59536,boundary,wave,wave,u*dx(v),8.54631207292181e-14,2,0,24,1,2.09452633400545e-15,5.93052273956118e-11,96,0
59536,boundary,wave,wave,v*dy(v),8.60138529818943e-14,2,0,24,1,1.92559496511049e-15,5.93056714848217e-11,96,0
59536,boundary,wave,wave,w*dz(v),0,1,0,1,1,0,0,0,96
59536,boundary,wave,wave,u*dx(w),7.246054279869e-17,1,0,2,1,4.44089209850063e-16,5.76725334155981e-11,96,0
59536,boundary,wave,wave,v*dy(w),7.22259545228274e-17,2,0,24,1,6.66133814775094e-16,5.76720893263882e-11,96,0
59536,boundary,wave,wave,w*dz(w),0,1,0,1,1,0,0,0,96
59536,boundary,wave,wave,u*dx(eta),6.43271205695824e-15,2,0,24,1,9.27588944861275e-16,2.78108647222552e-11,96,0
59536,boundary,wave,wave,v*dy(eta),6.35165035082167e-15,2,0,24,1,1.31715657109696e-15,2.78108647222552e-11,96,0
59536,boundary,wave,wave,w*dz(eta),0,1,0,1,1,0,0,0,96
59536,boundary,wave,wave,w*eta*dlogN2,0,1,0,1,1,0,0,0,96
59536,apv,boundary,wave,u*dx(u),3.05754308366243e-15,4,0,1,0,1.52488034164384e-15,2.14805950804475e-11,12,0
59536,apv,boundary,wave,v*dy(u),3.04880796985896e-15,5,0,1,0,1.31034994970192e-15,2.14805950804475e-11,12,0
59536,apv,boundary,wave,w*dz(u),0,-1,0,1,0,0,0,0,12
59536,apv,boundary,wave,u*dx(v),4.17611627099327e-15,4,0,1,0,1.84539474316675e-15,2.14805950804475e-11,12,0
59536,apv,boundary,wave,v*dy(v),4.20879461882146e-15,5,0,1,0,1.53294351784687e-15,2.14803730358426e-11,12,0
59536,apv,boundary,wave,w*dz(v),0,-1,0,1,0,0,0,0,12
59536,apv,boundary,wave,u*dx(w),0,-1,0,1,0,0,0,0,12
59536,apv,boundary,wave,v*dy(w),0,-1,0,1,0,0,0,0,12
59536,apv,boundary,wave,w*dz(w),0,-1,0,1,0,0,0,0,12
59536,apv,boundary,wave,u*dx(eta),4.07900595904731e-16,4,0,2,0,3.6854728652916e-16,2.20341522805256e-11,12,0
59536,apv,boundary,wave,v*dy(eta),4.67267912796485e-16,-1,0,2,0,5.85573742452953e-16,2.20339302359207e-11,12,0
59536,apv,boundary,wave,w*dz(eta),0,-1,0,1,0,0,0,0,12
59536,apv,boundary,wave,w*eta*dlogN2,0,-1,0,1,0,0,0,0,12
59536,boundary,apv,wave,u*dx(u),3.20757691538636e-15,1,0,4,0,1.71266265176292e-15,1.99187333294049e-11,12,0
59536,boundary,apv,wave,v*dy(u),3.14418864349025e-15,1,0,4,0,1.29071397969694e-15,1.99185112847999e-11,12,0
59536,boundary,apv,wave,w*dz(u),0,1,0,-1,0,0,0,0,12
59536,boundary,apv,wave,u*dx(v),4.1619790021027e-15,1,0,4,0,1.55602755593802e-15,1.99662349063753e-11,12,0
59536,boundary,apv,wave,v*dy(v),4.20558428307198e-15,1,0,4,0,1.42179385532031e-15,1.9966691454347e-11,12,0
59536,boundary,apv,wave,w*dz(v),0,1,0,-1,0,0,0,0,12
59536,boundary,apv,wave,u*dx(w),0,1,0,-1,0,0,0,0,12
59536,boundary,apv,wave,v*dy(w),0,1,0,-1,0,0,0,0,12
59536,boundary,apv,wave,w*dz(w),0,1,0,-1,0,0,0,0,12
59536,boundary,apv,wave,u*dx(eta),1.04600190390671e-15,2,0,2,0,1.02024410198012e-15,2.85497709571374e-11,12,0
59536,boundary,apv,wave,v*dy(eta),8.7627392367737e-16,2,0,2,0,7.01181489959045e-16,2.85494052737169e-11,12,0
59536,boundary,apv,wave,w*dz(eta),0,1,0,-1,0,0,0,0,12
59536,boundary,apv,wave,w*eta*dlogN2,0,1,0,-1,0,0,0,0,12
59536,boundary,boundary,wave,u*dx(u),3.96621138571307e-15,2,0,1,0,1.58007776354501e-15,1.83083437299558e-10,4,0
59536,boundary,boundary,wave,v*dy(u),3.99281654007744e-15,2,0,1,0,1.58086749162641e-15,1.83083437299558e-10,4,0
59536,boundary,boundary,wave,w*dz(u),0,1,0,1,0,0,0,0,4
59536,boundary,boundary,wave,u*dx(v),4.55844428078798e-15,2,0,1,0,2.02835173664666e-15,1.99246616411236e-10,4,0
59536,boundary,boundary,wave,v*dy(v),4.47229325169928e-15,2,0,1,0,2.31816319886786e-15,1.99246178680354e-10,4,0
59536,boundary,boundary,wave,w*dz(v),0,1,0,1,0,0,0,0,4
59536,boundary,boundary,wave,u*dx(w),0,1,0,1,0,0,0,0,4
59536,boundary,boundary,wave,v*dy(w),0,1,0,1,0,0,0,0,4
59536,boundary,boundary,wave,w*dz(w),0,1,0,1,0,0,0,0,4
59536,boundary,boundary,wave,u*dx(eta),5.25169800409215e-16,1,0,2,0,3.04100804487506e-16,1.76335945845096e-10,4,0
59536,boundary,boundary,wave,v*dy(eta),7.71451078838404e-16,1,0,2,0,4.27844169621599e-16,1.76335834822794e-10,4,0
59536,boundary,boundary,wave,w*dz(eta),0,1,0,1,0,0,0,0,4
59536,boundary,boundary,wave,w*eta*dlogN2,0,1,0,1,0,0,0,0,4
61295,wave,wave,wave,u*dx(u),7.84414953633297e-07,24,-1,23,1,3.5930896902016e-15,6.60353993708895e-11,2304,0
61295,wave,wave,wave,v*dy(u),7.84414953606887e-07,24,-1,23,1,3.56998072860003e-15,6.60334009694452e-11,2304,0
61295,wave,wave,wave,w*dz(u),7.8468186902997e-07,24,1,23,1,1.07304083905761e-14,1.20963818839995e-06,2304,0
61295,wave,wave,wave,u*dx(v),7.85764741539528e-07,24,1,23,1,3.62843381725517e-15,6.60409504860127e-11,2304,0
61295,wave,wave,wave,v*dy(v),7.85764741533678e-07,24,1,23,1,3.67646988986416e-15,6.60389520845683e-11,2304,0
61295,wave,wave,wave,w*dz(v),7.86032342543469e-07,24,1,23,1,1.11460339119729e-14,1.24208132719889e-06,2304,0
61295,wave,wave,wave,u*dx(w),1.31174910025575e-09,24,1,24,1,9.99200722162641e-16,6.62760957226283e-11,2304,0
61295,wave,wave,wave,v*dy(w),1.31174910022932e-09,24,1,24,1,9.99200722162641e-16,6.62743193657889e-11,2304,0
61295,wave,wave,wave,w*dz(w),1.31174977396736e-09,24,1,24,1,8.88178419700125e-16,6.57243148793896e-11,2304,0
61295,wave,wave,wave,u*dx(eta),8.89581797574988e-08,24,1,24,1,1.11686051821607e-15,5.18509679636736e-11,2304,0
61295,wave,wave,wave,v*dy(eta),8.89581797566461e-08,24,1,24,1,1.20580685884237e-15,5.18491916068342e-11,2304,0
61295,wave,wave,wave,w*dz(eta),8.89582054030943e-08,24,1,24,1,1.57898554572053e-15,5.13236120269767e-11,2304,0
61295,wave,wave,wave,w*eta*dlogN2,5.37042205137561e-08,24,1,23,1,1.2479011877761e-15,5.17434983748899e-11,2304,0
61295,wave,apv,wave,u*dx(u),5.85968225459258e-11,24,1,5,0,2.22270748198883e-15,3.73898689787211e-11,288,0
61295,wave,apv,wave,v*dy(u),5.85968150896291e-11,24,1,5,0,2.18009189424531e-15,3.73883146664866e-11,288,0
61295,wave,apv,wave,w*dz(u),6.12932036519322e-11,24,1,5,0,2.35261060494209e-15,3.73141517684417e-11,288,0
61295,wave,apv,wave,u*dx(v),5.86677586101728e-11,24,1,5,0,2.45629780722052e-15,3.7390091023326e-11,288,0
61295,wave,apv,wave,v*dy(v),5.86677558206451e-11,24,1,5,0,2.23566828164299e-15,3.73883146664866e-11,288,0
61295,wave,apv,wave,w*dz(v),6.13670961759929e-11,24,1,5,0,2.60834023439441e-15,3.73141517684417e-11,288,0
61295,wave,apv,wave,u*dx(w),0,1,1,-1,0,0,0,0,288
61295,wave,apv,wave,v*dy(w),0,1,1,-1,0,0,0,0,288
61295,wave,apv,wave,w*dz(w),0,1,1,-1,0,0,0,0,288
61295,wave,apv,wave,u*dx(eta),3.88733817412988e-12,24,1,5,0,9.23088977148656e-16,3.74009712089673e-11,288,0
61295,wave,apv,wave,v*dy(eta),3.88734019857478e-12,24,1,5,0,9.05849278011036e-16,3.7398972807523e-11,288,0
61295,wave,apv,wave,w*dz(eta),3.79144193291288e-12,24,1,5,0,8.78879557029955e-16,1.67658664729231e-10,288,0
61295,wave,apv,wave,w*eta*dlogN2,9.08836783053734e-12,24,1,5,0,7.96487679381543e-16,3.76363384901879e-11,288,0
61295,apv,wave,wave,u*dx(u),5.85983918677066e-11,5,0,24,1,2.16261393355505e-15,2.87452284197798e-11,288,0
61295,apv,wave,wave,v*dy(u),5.85983292654111e-11,5,0,24,1,2.35154096348923e-15,2.87454504643847e-11,288,0
61295,apv,wave,wave,w*dz(u),0,-1,0,1,1,0,0,0,288
61295,apv,wave,wave,u*dx(v),5.86693861269303e-11,5,0,24,1,2.28446276244808e-15,2.87510015795078e-11,288,0
61295,apv,wave,wave,v*dy(v),5.86694228712481e-11,5,0,24,1,2.2386207561719e-15,2.87510015795078e-11,288,0
61295,apv,wave,wave,w*dz(v),0,-1,0,1,1,0,0,0,288
61295,apv,wave,wave,u*dx(w),6.56155840168191e-14,5,0,24,1,6.66133814775094e-16,2.95852231602112e-11,288,0
61295,apv,wave,wave,v*dy(w),6.56153552811922e-14,5,0,24,1,5.55111512312578e-16,2.95852231602112e-11,288,0
61295,apv,wave,wave,w*dz(w),0,-1,0,1,1,0,0,0,288
61295,apv,wave,wave,u*dx(eta),3.7909426847984e-12,5,0,24,1,9.37659753235983e-16,1.52389212360049e-11,288,0
61295,apv,wave,wave,v*dy(eta),3.79094260350674e-12,5,0,24,1,1.03018321128769e-15,1.52389212360049e-11,288,0
61295,apv,wave,wave,w*dz(eta),0,-1,0,1,1,0,0,0,288
61295,apv,wave,wave,w*eta*dlogN2,0,-1,0,1,1,0,0,0,288
61295,wave,boundary,wave,u*dx(u),3.52920384290298e-14,24,1,2,0,1.95828767047829e-15,3.97961663622937e-11,96,0
61295,wave,boundary,wave,v*dy(u),3.50321991732687e-14,24,1,2,0,1.7160044130015e-15,3.97943900054543e-11,96,0
61295,wave,boundary,wave,w*dz(u),2.29516170854869e-14,24,1,2,0,1.61405407934284e-15,3.73336916936751e-11,96,0
61295,wave,boundary,wave,u*dx(v),3.51305932755937e-14,24,1,2,0,1.65307886656928e-15,3.97963884068986e-11,96,0
61295,wave,boundary,wave,v*dy(v),3.53429709341576e-14,24,1,2,0,1.83623605103181e-15,3.97946120500592e-11,96,0
61295,wave,boundary,wave,w*dz(v),2.30329802071629e-14,24,1,2,0,1.69663370024433e-15,3.73334696490701e-11,96,0
61295,wave,boundary,wave,u*dx(w),0,1,1,1,0,0,0,0,96
61295,wave,boundary,wave,v*dy(w),0,1,1,1,0,0,0,0,96
61295,wave,boundary,wave,w*dz(w),0,1,1,1,0,0,0,0,96
61295,wave,boundary,wave,u*dx(eta),1.53394762976415e-15,24,1,1,0,4.44089209850063e-16,3.70117270165338e-11,96,0
61295,wave,boundary,wave,v*dy(eta),1.5268829639713e-15,24,1,1,0,4.44089209850063e-16,3.70097286150894e-11,96,0
61295,wave,boundary,wave,w*dz(eta),2.40838198135646e-15,24,1,2,0,5.61839199318722e-16,3.7327918533947e-11,96,0
61295,wave,boundary,wave,w*eta*dlogN2,1.92956750413437e-15,24,1,1,0,8.08840480371388e-16,3.73343578274898e-11,96,0
61295,boundary,wave,wave,u*dx(u),8.03832655689027e-14,2,0,24,1,2.36181763501348e-15,2.92070811980238e-11,96,0
61295,boundary,wave,wave,v*dy(u),7.9831201990234e-14,2,0,24,1,1.91082616499452e-15,2.92068591534189e-11,96,0
61295,boundary,wave,wave,w*dz(u),0,1,0,1,1,0,0,0,96
61295,boundary,wave,wave,u*dx(v),8.08196550263599e-14,2,0,24,1,2.1199967323824e-15,2.9212632313147e-11,96,0
61295,boundary,wave,wave,v*dy(v),8.0807254261694e-14,2,0,24,1,1.77834501512736e-15,2.9212632313147e-11,96,0
61295,boundary,wave,wave,w*dz(v),0,1,0,1,1,0,0,0,96
61295,boundary,wave,wave,u*dx(w),5.22715403594519e-17,1,0,22,1,4.44089209850063e-16,2.98452373925784e-11,96,0
61295,boundary,wave,wave,v*dy(w),5.19377154561709e-17,1,0,22,1,4.44089209850063e-16,2.98452373925784e-11,96,0
61295,boundary,wave,wave,w*dz(w),0,1,0,1,1,0,0,0,96
61295,boundary,wave,wave,u*dx(eta),5.11189713481032e-15,2,0,24,1,7.21912302527198e-16,1.54083412695627e-11,96,0
61295,boundary,wave,wave,v*dy(eta),5.12686445147261e-15,2,0,24,1,4.74342621644114e-16,1.54083412695627e-11,96,0
61295,boundary,wave,wave,w*dz(eta),0,1,0,1,1,0,0,0,96
61295,boundary,wave,wave,w*eta*dlogN2,0,1,0,1,1,0,0,0,96
61295,apv,boundary,wave,u*dx(u),3.34769956693746e-15,5,0,1,0,1.28424140941469e-15,2.13116191360996e-11,12,0
61295,apv,boundary,wave,v*dy(u),3.2969074881068e-15,5,0,1,0,1.40852198464222e-15,2.13116191360996e-11,12,0
61295,apv,boundary,wave,w*dz(u),0,-1,0,1,0,0,0,0,12
61295,apv,boundary,wave,u*dx(v),4.06238540427304e-15,5,0,1,0,1.65458445357382e-15,2.13118411807045e-11,12,0
61295,apv,boundary,wave,v*dy(v),3.93995187381329e-15,5,0,1,0,1.44382131065561e-15,2.13118411807045e-11,12,0
61295,apv,boundary,wave,w*dz(v),0,-1,0,1,0,0,0,0,12
61295,apv,boundary,wave,u*dx(w),0,-1,0,1,0,0,0,0,12
61295,apv,boundary,wave,v*dy(w),0,-1,0,1,0,0,0,0,12
61295,apv,boundary,wave,w*dz(w),0,-1,0,1,0,0,0,0,12
61295,apv,boundary,wave,u*dx(eta),3.51433581456588e-16,1,0,2,0,3.29026310891584e-16,2.26179075468735e-11,12,0
61295,apv,boundary,wave,v*dy(eta),4.84266276155136e-16,1,0,2,0,5.76928663083817e-16,2.26179075468735e-11,12,0
61295,apv,boundary,wave,w*dz(eta),0,-1,0,1,0,0,0,0,12
61295,apv,boundary,wave,w*eta*dlogN2,0,-1,0,1,0,0,0,0,12
61295,boundary,apv,wave,u*dx(u),3.17245671784111e-15,1,0,5,0,1.42471425191891e-15,2.00377492376447e-11,12,0
61295,boundary,apv,wave,v*dy(u),3.155818373771e-15,1,0,3,0,1.30637561329275e-15,2.00375271930398e-11,12,0
61295,boundary,apv,wave,w*dz(u),0,1,0,-1,0,0,0,0,12
61295,boundary,apv,wave,u*dx(v),3.79675244629491e-15,1,0,4,0,1.40651659674083e-15,2.00377492376447e-11,12,0
61295,boundary,apv,wave,v*dy(v),3.69728550595088e-15,1,0,5,0,1.26007996044711e-15,2.00377492376447e-11,12,0
61295,boundary,apv,wave,w*dz(v),0,1,0,-1,0,0,0,0,12
61295,boundary,apv,wave,u*dx(w),0,1,0,-1,0,0,0,0,12
61295,boundary,apv,wave,v*dy(w),0,1,0,-1,0,0,0,0,12
61295,boundary,apv,wave,w*dz(w),0,1,0,-1,0,0,0,0,12
61295,boundary,apv,wave,u*dx(eta),1.04136560592317e-15,2,0,-1,0,1.1527814758766e-15,2.57727824709485e-11,12,0
61295,boundary,apv,wave,v*dy(eta),7.31652069132379e-16,2,0,2,0,9.4736321735002e-16,2.57730390049889e-11,12,0
61295,boundary,apv,wave,w*dz(eta),0,1,0,-1,0,0,0,0,12
61295,boundary,apv,wave,w*eta*dlogN2,0,1,0,-1,0,0,0,0,12
61295,boundary,boundary,wave,u*dx(u),5.03178145460984e-15,2,0,1,0,2.57376238748473e-15,2.94544089680739e-10,4,0
61295,boundary,boundary,wave,v*dy(u),5.05551468031858e-15,2,0,1,0,2.59922297868576e-15,2.9454388708196e-10,4,0
61295,boundary,boundary,wave,w*dz(u),0,1,0,1,0,0,0,0,4
61295,boundary,boundary,wave,u*dx(v),5.22700264874051e-15,2,0,1,0,2.6416560894295e-15,4.04328917784238e-10,4,0
61295,boundary,boundary,wave,v*dy(v),5.30310692387069e-15,2,0,1,0,2.65383124664111e-15,4.0432874248335e-10,4,0
61295,boundary,boundary,wave,w*dz(v),0,1,0,1,0,0,0,0,4
61295,boundary,boundary,wave,u*dx(w),0,1,0,1,0,0,0,0,4
61295,boundary,boundary,wave,v*dy(w),0,1,0,1,0,0,0,0,4
61295,boundary,boundary,wave,w*dz(w),0,1,0,1,0,0,0,0,4
61295,boundary,boundary,wave,u*dx(eta),5.52793731308346e-16,1,0,2,0,5.55111512312578e-16,1.65887747982651e-10,4,0
61295,boundary,boundary,wave,v*dy(eta),8.27990014470573e-16,2,0,1,0,6.66133814775094e-16,1.65887747982651e-10,4,0
61295,boundary,boundary,wave,w*dz(eta),0,1,0,1,0,0,0,0,4
61295,boundary,boundary,wave,w*eta*dlogN2,0,1,0,1,0,0,0,0,4
61372,wave,wave,wave,u*dx(u),7.79162854578562e-07,23,-1,24,1,3.51179536469766e-15,1.59633639640333e-10,2304,0
61372,wave,wave,wave,v*dy(u),7.79162854608324e-07,23,1,24,1,3.53524705650543e-15,1.59631863283494e-10,2304,0
61372,wave,wave,wave,w*dz(u),7.79427036250786e-07,23,1,24,1,6.2867772773741e-14,3.79292477171594e-06,2304,0
61372,wave,wave,wave,u*dx(v),7.82254798610022e-07,23,1,24,1,3.53365717761838e-15,1.59869673055368e-10,2304,0
61372,wave,wave,wave,v*dy(v),7.82254798628467e-07,23,1,24,1,3.60631302404216e-15,1.59868118743134e-10,2304,0
61372,wave,wave,wave,w*dz(v),7.82520532779335e-07,23,1,24,1,6.38021007770593e-14,3.90437507839947e-06,2304,0
61372,wave,wave,wave,u*dx(w),2.93315186162515e-09,24,1,24,1,9.99200722162641e-16,1.60188973197251e-10,2304,0
61372,wave,wave,wave,v*dy(w),2.93315186161212e-09,24,1,24,1,9.99200722162641e-16,1.60187196840411e-10,2304,0
61372,wave,wave,wave,w*dz(w),2.93315073116918e-09,24,1,24,1,8.88178419700125e-16,1.59391166931755e-10,2304,0
61372,wave,wave,wave,u*dx(eta),1.96242851690603e-07,24,1,24,1,1.77863623361728e-15,9.88227277787246e-11,2304,0
61372,wave,wave,wave,v*dy(eta),1.9624285169288e-07,24,1,24,1,1.69511247004745e-15,9.88209514218852e-11,2304,0
61372,wave,wave,wave,w*dz(eta),1.96242809262511e-07,24,1,24,1,1.66214994347298e-15,9.81306147451733e-11,2304,0
61372,wave,wave,wave,w*eta*dlogN2,1.18586801178049e-07,23,1,24,1,1.9909980466504e-15,9.86855042128809e-11,2304,0
61372,wave,apv,wave,u*dx(u),5.83219104511435e-11,24,1,5,0,2.101693893215e-15,3.73898689787211e-11,288,0
61372,wave,apv,wave,v*dy(u),5.83219441324534e-11,24,1,5,0,2.02450395431557e-15,3.73883146664866e-11,288,0
61372,wave,apv,wave,w*dz(u),6.10076819934555e-11,24,1,5,0,2.19905516649862e-15,3.73141517684417e-11,288,0
61372,wave,apv,wave,u*dx(v),5.84857701251593e-11,24,1,5,0,2.14152744606992e-15,3.73898689787211e-11,288,0
61372,wave,apv,wave,v*dy(v),5.8485766544227e-11,24,1,5,0,2.1638712953809e-15,3.73883146664866e-11,288,0
61372,wave,apv,wave,w*dz(v),6.11779286246669e-11,24,1,5,0,2.4742500593614e-15,3.73141517684417e-11,288,0
61372,wave,apv,wave,u*dx(w),0,1,1,-1,0,0,0,0,288
61372,wave,apv,wave,v*dy(w),0,1,1,-1,0,0,0,0,288
61372,wave,apv,wave,w*dz(w),0,1,1,-1,0,0,0,0,288
61372,wave,apv,wave,u*dx(eta),8.62397480711939e-12,24,1,5,0,1.32422296059869e-15,3.74009712089673e-11,288,0
61372,wave,apv,wave,v*dy(eta),8.62397899514567e-12,24,1,5,0,1.18789556453865e-15,3.7398972807523e-11,288,0
61372,wave,apv,wave,w*dz(eta),8.41096357482401e-12,24,1,5,0,1.20793496968519e-15,1.67658664729231e-10,288,0
61372,wave,apv,wave,w*eta*dlogN2,2.01710281742916e-11,24,1,5,0,1.12855043047469e-15,3.76363384901879e-11,288,0
61372,apv,wave,wave,u*dx(u),5.83205320053482e-11,5,0,24,1,2.18679083424411e-15,1.22537091584718e-10,288,0
61372,apv,wave,wave,v*dy(u),5.83205457462577e-11,5,0,24,1,2.10900050574041e-15,1.22537313629323e-10,288,0
61372,apv,wave,wave,w*dz(u),0,-1,0,1,1,0,0,0,288
61372,apv,wave,wave,u*dx(v),5.84842605887429e-11,5,0,24,1,2.21027473330647e-15,1.22773347044358e-10,288,0
61372,apv,wave,wave,v*dy(v),5.84842501598038e-11,5,0,24,1,2.12192161946181e-15,1.22773347044358e-10,288,0
61372,apv,wave,wave,w*dz(v),0,-1,0,1,1,0,0,0,288
61372,apv,wave,wave,u*dx(w),1.467186910709e-13,5,0,24,1,6.66133814775094e-16,1.23471899371452e-10,288,0
61372,apv,wave,wave,v*dy(w),1.46718477026065e-13,5,0,24,1,5.55111512312578e-16,1.23471677326847e-10,288,0
61372,apv,wave,wave,w*dz(w),0,-1,0,1,1,0,0,0,288
61372,apv,wave,wave,u*dx(eta),8.40946160429983e-12,5,0,24,1,1.09480399370806e-15,6.21966922409456e-11,288,0
61372,apv,wave,wave,v*dy(eta),8.40947156258595e-12,5,0,24,1,1.60277098181852e-15,6.21966922409456e-11,288,0
61372,apv,wave,wave,w*dz(eta),0,-1,0,1,1,0,0,0,288
61372,apv,wave,wave,w*eta*dlogN2,0,-1,0,1,1,0,0,0,288
61372,wave,boundary,wave,u*dx(u),7.6496660922119e-14,24,1,1,0,1.868625669452e-15,3.60733665161206e-11,96,0
61372,wave,boundary,wave,v*dy(u),7.639703552959e-14,24,1,1,0,2.13886713224498e-15,3.60718122038861e-11,96,0
61372,wave,boundary,wave,w*dz(u),2.08665888663585e-13,24,1,2,0,2.0787059305587e-15,3.73290287569716e-11,96,0
61372,wave,boundary,wave,u*dx(v),7.67864287098371e-14,24,1,1,0,1.86349589260678e-15,3.60733665161206e-11,96,0
61372,wave,boundary,wave,v*dy(v),7.67234693972165e-14,24,1,1,0,1.95848432753954e-15,3.60718122038861e-11,96,0
61372,wave,boundary,wave,w*dz(v),2.09220330095995e-13,24,1,2,0,2.06478268025934e-15,3.73290287569716e-11,96,0
61372,wave,boundary,wave,u*dx(w),0,1,1,1,0,0,0,0,96
61372,wave,boundary,wave,v*dy(w),0,1,1,1,0,0,0,0,96
61372,wave,boundary,wave,w*dz(w),0,1,1,1,0,0,0,0,96
61372,wave,boundary,wave,u*dx(eta),2.85742280525809e-14,24,1,2,0,8.86228757432774e-16,3.71638275709074e-11,96,0
61372,wave,boundary,wave,v*dy(eta),2.85738839238525e-14,24,1,2,0,8.8261799275621e-16,3.71622732586729e-11,96,0
61372,wave,boundary,wave,w*dz(eta),1.08994087645559e-14,24,1,1,0,1.37291294092656e-15,3.73314712476258e-11,96,0
61372,wave,boundary,wave,w*eta*dlogN2,9.07242376396542e-15,24,1,2,0,1.09605716361307e-15,3.73276964893421e-11,96,0
61372,boundary,wave,wave,u*dx(u),8.04398338477562e-14,2,0,24,1,1.73804674848847e-15,1.23084653580463e-10,96,0
61372,boundary,wave,wave,v*dy(u),8.05544706854568e-14,2,0,24,1,1.68441125113138e-15,1.23084431535858e-10,96,0
61372,boundary,wave,wave,w*dz(u),0,1,0,1,1,0,0,0,96
61372,boundary,wave,wave,u*dx(v),8.07036960072183e-14,2,0,24,1,1.87537873624537e-15,1.23320686995498e-10,96,0
61372,boundary,wave,wave,v*dy(v),8.06998291873223e-14,2,0,24,1,1.85374209638216e-15,1.23320686995498e-10,96,0
61372,boundary,wave,wave,w*dz(v),0,1,0,1,1,0,0,0,96
61372,boundary,wave,wave,u*dx(w),1.1204814736878e-16,1,0,24,1,6.66133814775094e-16,1.23662191597873e-10,96,0
61372,boundary,wave,wave,v*dy(w),1.19716024730447e-16,1,0,18,1,6.66133814775094e-16,1.23661969553268e-10,96,0
61372,boundary,wave,wave,w*dz(w),0,1,0,1,1,0,0,0,96
61372,boundary,wave,wave,u*dx(eta),1.11911743400719e-14,2,0,24,1,1.86882674729854e-15,6.23230356211479e-11,96,0
61372,boundary,wave,wave,v*dy(eta),1.13033626782974e-14,2,0,24,1,1.20778919200749e-15,6.2322813576543e-11,96,0
61372,boundary,wave,wave,w*dz(eta),0,1,0,1,1,0,0,0,96
61372,boundary,wave,wave,w*eta*dlogN2,0,1,0,1,1,0,0,0,96
61372,apv,boundary,wave,u*dx(u),3.8522950158172e-15,4,0,1,0,1.77463045043869e-15,1.6802337299282e-11,12,0
61372,apv,boundary,wave,v*dy(u),3.81497382804453e-15,4,0,1,0,1.5882085726496e-15,1.6802337299282e-11,12,0
61372,apv,boundary,wave,w*dz(u),0,-1,0,1,0,0,0,0,12
61372,apv,boundary,wave,u*dx(v),4.12482934561712e-15,4,0,1,0,2.53171757955006e-15,1.6802337299282e-11,12,0
61372,apv,boundary,wave,v*dy(v),4.29253352225824e-15,4,0,1,0,1.38989368340138e-15,1.6802337299282e-11,12,0
61372,apv,boundary,wave,w*dz(v),0,-1,0,1,0,0,0,0,12
61372,apv,boundary,wave,u*dx(w),0,-1,0,1,0,0,0,0,12
61372,apv,boundary,wave,v*dy(w),0,-1,0,1,0,0,0,0,12
61372,apv,boundary,wave,w*dz(w),0,-1,0,1,0,0,0,0,12
61372,apv,boundary,wave,u*dx(eta),7.7316173741829e-16,-1,0,2,0,1.06332635343293e-15,1.82573955953558e-11,12,0
61372,apv,boundary,wave,v*dy(eta),6.86236260126432e-16,4,0,2,0,6.71523089580056e-16,1.82573955953558e-11,12,0
61372,apv,boundary,wave,w*dz(eta),0,-1,0,1,0,0,0,0,12
61372,apv,boundary,wave,w*eta*dlogN2,0,-1,0,1,0,0,0,0,12
61372,boundary,apv,wave,u*dx(u),3.40635446155831e-15,1,0,4,0,1.88170504048627e-15,2.00375271930398e-11,12,0
61372,boundary,apv,wave,v*dy(u),3.43716700040337e-15,1,0,4,0,1.49213870257035e-15,2.00375271930398e-11,12,0
61372,boundary,apv,wave,w*dz(u),0,1,0,-1,0,0,0,0,12
61372,boundary,apv,wave,u*dx(v),3.91790356501903e-15,1,0,4,0,1.51280522477689e-15,2.00375271930398e-11,12,0
61372,boundary,apv,wave,v*dy(v),3.8279092903796e-15,1,0,4,0,1.06770615803283e-15,2.00375271930398e-11,12,0
61372,boundary,apv,wave,w*dz(v),0,1,0,-1,0,0,0,0,12
61372,boundary,apv,wave,u*dx(w),0,1,0,-1,0,0,0,0,12
61372,boundary,apv,wave,v*dy(w),0,1,0,-1,0,0,0,0,12
61372,boundary,apv,wave,w*dz(w),0,1,0,-1,0,0,0,0,12
61372,boundary,apv,wave,u*dx(eta),1.29476763805735e-15,2,0,2,0,1.15366868993758e-15,3.31688386196723e-11,12,0
61372,boundary,apv,wave,v*dy(eta),8.50331291350919e-16,2,0,3,0,7.73585540028954e-16,3.31687776465248e-11,12,0
61372,boundary,apv,wave,w*dz(eta),0,1,0,-1,0,0,0,0,12
61372,boundary,apv,wave,w*eta*dlogN2,0,1,0,-1,0,0,0,0,12
61372,boundary,boundary,wave,u*dx(u),3.30633443131882e-15,1,0,2,0,1.21767311512254e-15,4.43954872864083e-11,4,0
61372,boundary,boundary,wave,v*dy(u),3.36106573706264e-15,1,0,2,0,1.26126095038637e-15,4.43958203533157e-11,4,0
61372,boundary,boundary,wave,w*dz(u),0,1,0,1,0,0,0,0,4
61372,boundary,boundary,wave,u*dx(v),3.56441082811684e-15,1,0,2,0,1.28076509741583e-15,4.43954872864083e-11,4,0
61372,boundary,boundary,wave,v*dy(v),3.5125357397619e-15,1,0,1,0,1.38759266211926e-15,4.43958203533157e-11,4,0
61372,boundary,boundary,wave,w*dz(v),0,1,0,1,0,0,0,0,4
61372,boundary,boundary,wave,u*dx(w),0,1,0,1,0,0,0,0,4
61372,boundary,boundary,wave,v*dy(w),0,1,0,1,0,0,0,0,4
61372,boundary,boundary,wave,w*dz(w),0,1,0,1,0,0,0,0,4
61372,boundary,boundary,wave,u*dx(eta),1.61884458866351e-15,2,0,1,0,1.33746456190972e-15,2.85902111652981e-11,4,0
61372,boundary,boundary,wave,v*dy(eta),2.10161321207981e-15,2,0,1,0,1.84600916035284e-15,2.85890584107455e-11,4,0
61372,boundary,boundary,wave,w*dz(eta),0,1,0,1,0,0,0,0,4
61372,boundary,boundary,wave,w*eta*dlogN2,0,1,0,1,0,0,0,0,4
62200,wave,wave,wave,u*dx(u),7.85199822281651e-07,23,1,24,1,3.53719624111479e-15,9.024692104731e-11,2304,0
62200,wave,wave,wave,v*dy(u),7.85199822247335e-07,23,1,24,1,3.52499558570508e-15,9.02491414933593e-11,2304,0
62200,wave,wave,wave,w*dz(u),7.8546698370585e-07,24,1,23,1,1.60496152353475e-14,1.83948025504171e-06,2304,0
62200,wave,wave,wave,u*dx(v),7.86214770865878e-07,23,1,24,1,3.66699070375903e-15,9.02484753595445e-11,2304,0
62200,wave,wave,wave,v*dy(v),7.86214770849304e-07,23,-1,24,1,3.67308371828392e-15,9.02504737609888e-11,2304,0
62200,wave,wave,wave,w*dz(v),7.86482448407641e-07,24,1,23,1,1.64905001138931e-14,1.89242974500377e-06,2304,0
62200,wave,wave,wave,u*dx(w),8.79949431259423e-10,24,1,24,1,9.99200722162641e-16,9.0012886033719e-11,2304,0
62200,wave,wave,wave,v*dy(w),8.7994943120371e-10,24,1,24,1,9.99200722162641e-16,9.00146623905584e-11,2304,0
62200,wave,wave,wave,w*dz(w),8.7994879548757e-10,24,1,24,1,1.11022302462516e-15,9.03574992605627e-11,2304,0
62200,wave,wave,wave,u*dx(eta),5.97881564118702e-08,24,1,24,1,1.21508893719489e-15,6.34126084975151e-11,2304,0
62200,wave,wave,wave,v*dy(eta),5.97881564117636e-08,24,1,24,1,1.04946645479586e-15,6.34148289435643e-11,2304,0
62200,wave,wave,wave,w*dz(eta),5.97881321650877e-08,24,1,24,1,1.31830331991542e-15,6.37698782668394e-11,2304,0
62200,wave,wave,wave,w*eta*dlogN2,3.60891903508614e-08,23,1,24,1,1.12111261350836e-15,6.38180619461082e-11,2304,0
62200,wave,apv,wave,u*dx(u),5.8640953447867e-11,24,1,5,0,2.42697914309395e-15,3.72013531091397e-11,288,0
62200,wave,apv,wave,v*dy(u),5.86410134754472e-11,24,1,5,0,2.19245205150155e-15,3.7203573555189e-11,288,0
62200,wave,apv,wave,w*dz(u),6.13392849109408e-11,24,1,5,0,2.37842195050204e-15,3.73083786087136e-11,288,0
62200,wave,apv,wave,u*dx(v),5.86943535515848e-11,24,1,5,0,2.32305231723083e-15,3.81346455198899e-11,288,0
62200,wave,apv,wave,v*dy(v),5.86943790419692e-11,24,1,5,0,2.39391528397839e-15,3.81353058626624e-11,288,0
62200,wave,apv,wave,w*dz(v),6.13947408662418e-11,24,1,5,0,2.44927456208921e-15,3.79842393978727e-11,288,0
62200,wave,apv,wave,u*dx(w),0,1,1,-1,0,0,0,0,288
62200,wave,apv,wave,v*dy(w),0,1,1,-1,0,0,0,0,288
62200,wave,apv,wave,w*dz(w),0,1,1,-1,0,0,0,0,288
62200,wave,apv,wave,u*dx(eta),2.61070583597846e-12,24,1,5,0,1.19512575316719e-15,3.71329633708228e-11,288,0
62200,wave,apv,wave,v*dy(eta),2.61070694378526e-12,24,1,5,0,6.96748065377866e-16,3.71351838168721e-11,288,0
62200,wave,apv,wave,w*dz(eta),2.54631801531749e-12,24,1,5,0,1.13285880636668e-15,1.6794943213938e-10,288,0
62200,wave,apv,wave,w*eta*dlogN2,6.10305538284659e-12,24,1,5,0,7.7715611723761e-16,3.76589870398902e-11,288,0
62200,apv,wave,wave,u*dx(u),5.86386417359576e-11,5,0,24,1,2.27170289027797e-15,5.3102633401636e-11,288,0
62200,apv,wave,wave,v*dy(u),5.86386160967219e-11,5,0,24,1,2.59432693603586e-15,5.3102633401636e-11,288,0
62200,apv,wave,wave,w*dz(u),0,-1,0,1,1,0,0,0,288
62200,apv,wave,wave,u*dx(v),5.86920046848422e-11,5,0,24,1,2.46001110049486e-15,5.37845184255823e-11,288,0
62200,apv,wave,wave,v*dy(v),5.86919720751606e-11,5,0,24,1,2.38978572685922e-15,5.37864483258286e-11,288,0
62200,apv,wave,wave,w*dz(v),0,-1,0,1,1,0,0,0,288
62200,apv,wave,wave,u*dx(w),4.40165793580394e-14,5,0,24,1,6.66133814775094e-16,5.38158406726552e-11,288,0
62200,apv,wave,wave,v*dy(w),4.40166299024233e-14,5,0,24,1,6.66133814775094e-16,5.38160627172601e-11,288,0
62200,apv,wave,wave,w*dz(w),0,-1,0,1,1,0,0,0,288
62200,apv,wave,wave,u*dx(eta),2.54581195472222e-12,5,0,24,1,7.12954359781901e-16,2.73321365540369e-11,288,0
62200,apv,wave,wave,v*dy(eta),2.54580982379089e-12,5,0,24,1,1.37446391420062e-15,2.7331914509432e-11,288,0
62200,apv,wave,wave,w*dz(eta),0,-1,0,1,1,0,0,0,288
62200,apv,wave,wave,w*eta*dlogN2,0,-1,0,1,1,0,0,0,288
62200,wave,boundary,wave,u*dx(u),5.14751995237889e-14,24,1,2,0,1.98510317199071e-15,3.90247834047841e-11,96,0
62200,wave,boundary,wave,v*dy(u),5.12495640314688e-14,24,1,2,0,1.69066483825421e-15,3.90272258954383e-11,96,0
62200,wave,boundary,wave,w*dz(u),2.07718109403344e-14,24,1,1,0,1.63687039457273e-15,3.77773368143153e-11,96,0
62200,wave,boundary,wave,u*dx(v),5.23397019147742e-14,24,1,2,0,1.85658237355903e-15,3.91332617961201e-11,96,0
62200,wave,boundary,wave,v*dy(v),5.20012638853286e-14,24,1,2,0,2.06872884217031e-15,3.91351822289885e-11,96,0
62200,wave,boundary,wave,w*dz(v),2.08657668251249e-14,24,1,1,0,1.78684255737996e-15,3.77773368143153e-11,96,0
62200,wave,boundary,wave,u*dx(w),0,1,1,1,0,0,0,0,96
62200,wave,boundary,wave,v*dy(w),0,1,1,1,0,0,0,0,96
62200,wave,boundary,wave,w*dz(w),0,1,1,1,0,0,0,0,96
62200,wave,boundary,wave,u*dx(eta),1.07892000767576e-15,24,1,1,0,5.55111512312578e-16,3.80080411588324e-11,96,0
62200,wave,boundary,wave,v*dy(eta),1.07658966789906e-15,24,1,1,0,4.44089209850063e-16,3.80100395602767e-11,96,0
62200,wave,boundary,wave,w*dz(eta),2.23718445973219e-15,24,1,2,0,1.06163168681261e-15,3.76934039536536e-11,96,0
62200,wave,boundary,wave,w*eta*dlogN2,1.90648099214834e-15,24,1,1,0,8.84515446795227e-16,3.78217457353003e-11,96,0
62200,boundary,wave,wave,u*dx(u),2.23257411764819e-14,1,0,1,1,1.72077899278851e-15,5.54822854326176e-11,96,0
62200,boundary,wave,wave,v*dy(u),2.23134608404599e-14,1,0,1,1,1.65036417939111e-15,5.54822854326176e-11,96,0
62200,boundary,wave,wave,w*dz(u),0,1,0,1,1,0,0,0,96
62200,boundary,wave,wave,u*dx(v),2.34552819981506e-14,1,0,1,1,2.40148255633422e-15,5.56313325110099e-11,96,0
62200,boundary,wave,wave,v*dy(v),2.36635987221247e-14,1,0,1,1,1.78794976004195e-15,5.56309871578082e-11,96,0
62200,boundary,wave,wave,w*dz(v),0,1,0,1,1,0,0,0,96
62200,boundary,wave,wave,u*dx(w),2.27186888729804e-17,1,0,3,1,6.66133814775094e-16,5.55429036097621e-11,96,0
62200,boundary,wave,wave,v*dy(w),2.52871812901109e-17,1,0,1,1,4.44089209850063e-16,5.5543125654367e-11,96,0
62200,boundary,wave,wave,w*dz(w),0,1,0,1,1,0,0,0,96
62200,boundary,wave,wave,u*dx(eta),7.11403719643323e-16,2,0,1,1,6.66133814775094e-16,2.88900015021909e-11,96,0
62200,boundary,wave,wave,v*dy(eta),6.54006000577494e-16,2,0,22,1,7.02130533820333e-16,2.88900015021909e-11,96,0
62200,boundary,wave,wave,w*dz(eta),0,1,0,1,1,0,0,0,96
62200,boundary,wave,wave,w*eta*dlogN2,0,1,0,1,1,0,0,0,96
62200,apv,boundary,wave,u*dx(u),2.93867693430338e-15,5,0,1,0,1.52334437467113e-15,2.35131913939313e-11,12,0
62200,apv,boundary,wave,v*dy(u),2.86837367183665e-15,3,0,1,0,1.77162010752941e-15,2.35129693493263e-11,12,0
62200,apv,boundary,wave,w*dz(u),0,-1,0,1,0,0,0,0,12
62200,apv,boundary,wave,u*dx(v),4.80954201554579e-15,5,0,1,0,1.80685464959652e-15,2.37681985962843e-11,12,0
62200,apv,boundary,wave,v*dy(v),4.774414928649e-15,5,0,1,0,1.66479563335064e-15,2.37678032060353e-11,12,0
62200,apv,boundary,wave,w*dz(v),0,-1,0,1,0,0,0,0,12
62200,apv,boundary,wave,u*dx(w),0,-1,0,1,0,0,0,0,12
62200,apv,boundary,wave,v*dy(w),0,-1,0,1,0,0,0,0,12
62200,apv,boundary,wave,w*dz(w),0,-1,0,1,0,0,0,0,12
62200,apv,boundary,wave,u*dx(eta),4.41423996970877e-16,1,0,2,0,3.25968706892569e-16,2.23416840583468e-11,12,0
62200,apv,boundary,wave,v*dy(eta),3.23201317495902e-16,-1,0,2,0,6.66133814775094e-16,2.23421281475567e-11,12,0
62200,apv,boundary,wave,w*dz(eta),0,-1,0,1,0,0,0,0,12
62200,apv,boundary,wave,w*eta*dlogN2,0,-1,0,1,0,0,0,0,12
62200,boundary,apv,wave,u*dx(u),2.98042276445351e-15,1,0,5,0,1.35984785164562e-15,1.96833660481843e-11,12,0
62200,boundary,apv,wave,v*dy(u),2.98720673576441e-15,1,0,-1,0,1.41394928683636e-15,1.96831440035794e-11,12,0
62200,boundary,apv,wave,w*dz(u),0,1,0,-1,0,0,0,0,12
62200,boundary,apv,wave,u*dx(v),4.98555809247325e-15,1,0,5,0,1.49565076386455e-15,2.22740770238664e-11,12,0
62200,boundary,apv,wave,v*dy(v),5.10302757536681e-15,1,0,5,0,1.75336865032034e-15,2.22744902157019e-11,12,0
62200,boundary,apv,wave,w*dz(v),0,1,0,-1,0,0,0,0,12
62200,boundary,apv,wave,u*dx(w),0,1,0,-1,0,0,0,0,12
62200,boundary,apv,wave,v*dy(w),0,1,0,-1,0,0,0,0,12
62200,boundary,apv,wave,w*dz(w),0,1,0,-1,0,0,0,0,12
62200,boundary,apv,wave,u*dx(eta),5.76520835522975e-16,2,0,2,0,6.89634655951707e-16,2.50297560455692e-11,12,0
62200,boundary,apv,wave,v*dy(eta),4.79005794186324e-16,2,0,2,0,5.77498924049839e-16,2.50295340009643e-11,12,0
62200,boundary,apv,wave,w*dz(eta),0,1,0,-1,0,0,0,0,12
62200,boundary,apv,wave,w*eta*dlogN2,0,1,0,-1,0,0,0,0,12
62200,boundary,boundary,wave,u*dx(u),2.2499474397957e-14,2,0,1,0,9.47422453553116e-15,1.78506003167007e-09,4,0
62200,boundary,boundary,wave,v*dy(u),2.25074822585793e-14,2,0,1,0,9.23346172589552e-15,1.78506023773553e-09,4,0
62200,boundary,boundary,wave,w*dz(u),0,1,0,1,0,0,0,0,4
62200,boundary,boundary,wave,u*dx(v),2.26924774343568e-14,2,0,1,0,9.5065053286503e-15,2.24409459772175e-09,4,0
62200,boundary,boundary,wave,v*dy(v),2.2757066636835e-14,2,0,1,0,9.48766480513398e-15,2.24409376730029e-09,4,0
62200,boundary,boundary,wave,w*dz(v),0,1,0,1,0,0,0,0,4
62200,boundary,boundary,wave,u*dx(w),0,1,0,1,0,0,0,0,4
62200,boundary,boundary,wave,v*dy(w),0,1,0,1,0,0,0,0,4
62200,boundary,boundary,wave,w*dz(w),0,1,0,1,0,0,0,0,4
62200,boundary,boundary,wave,u*dx(eta),2.37046570438463e-15,2,0,1,0,1.03919860159097e-15,6.43518416601127e-10,4,0
62200,boundary,boundary,wave,v*dy(eta),3.28991771456068e-15,2,0,1,0,1.88606032205324e-15,6.43520503651626e-10,4,0
62200,boundary,boundary,wave,w*dz(eta),0,1,0,1,0,0,0,0,4
62200,boundary,boundary,wave,w*eta*dlogN2,0,1,0,1,0,0,0,0,4
62691,wave,wave,wave,u*dx(u),7.8218417620601e-07,23,1,24,1,3.44738013018722e-15,9.23809917452445e-11,2304,0
62691,wave,wave,wave,v*dy(u),0,1,1,1,1,0,0,0,2304
62691,wave,wave,wave,w*dz(u),7.82449824854769e-07,23,1,24,1,5.6001927875487e-14,3.25866188365382e-06,2304,0
62691,wave,wave,wave,u*dx(v),7.85766905409672e-07,23,1,24,1,3.47655899192033e-15,7.37987448928834e-11,2304,0
62691,wave,wave,wave,v*dy(v),0,1,1,1,1,0,0,0,2304
62691,wave,wave,wave,w*dz(v),7.86034367875515e-07,23,1,24,1,5.78915221889381e-14,3.42961263715969e-06,2304,0
62691,wave,wave,wave,u*dx(w),1.85509290991266e-09,24,1,24,1,1.11022302462516e-15,9.21360765460122e-11,2304,0
62691,wave,wave,wave,v*dy(w),0,1,1,1,1,0,0,0,2304
62691,wave,wave,wave,w*dz(w),1.85509124240679e-09,24,1,24,1,8.88178419700125e-16,9.24735843454982e-11,2304,0
62691,wave,wave,wave,u*dx(eta),1.25376012345451e-07,24,1,24,1,1.43215498057763e-15,7.35003169438642e-11,2304,0
62691,wave,wave,wave,v*dy(eta),0,1,1,1,1,0,0,0,2304
62691,wave,wave,wave,w*dz(eta),1.25375949080865e-07,24,1,24,1,1.37756174390558e-15,7.3826500468499e-11,2304,0
62691,wave,wave,wave,w*eta*dlogN2,7.57086417057043e-08,23,1,24,1,1.22244239892122e-15,7.38824557089401e-11,2304,0
62691,wave,apv,wave,u*dx(u),0,1,1,-1,0,0,0,0,288
62691,wave,apv,wave,v*dy(u),0,1,1,-1,0,0,0,0,288
62691,wave,apv,wave,w*dz(u),0,1,1,-1,0,0,0,0,288
62691,wave,apv,wave,u*dx(v),5.8670607815016e-11,24,1,5,0,2.18423478709852e-15,5.52708989687289e-11,288,0
62691,wave,apv,wave,v*dy(v),0,1,1,-1,0,0,0,0,288
62691,wave,apv,wave,w*dz(v),6.13701571226063e-11,24,1,5,0,2.32825342095781e-15,5.5323967629306e-11,288,0
62691,wave,apv,wave,u*dx(w),0,1,1,-1,0,0,0,0,288
62691,wave,apv,wave,v*dy(w),0,1,1,-1,0,0,0,0,288
62691,wave,apv,wave,w*dz(w),0,1,1,-1,0,0,0,0,288
62691,wave,apv,wave,u*dx(eta),5.48675960696509e-12,24,1,5,0,1.00536835116123e-15,5.51947376692397e-11,288,0
62691,wave,apv,wave,v*dy(eta),0,1,1,-1,0,0,0,0,288
62691,wave,apv,wave,w*dz(eta),5.35137281504601e-12,24,1,5,0,1.49472776710592e-15,1.49821821615603e-10,288,0
62691,wave,apv,wave,w*eta*dlogN2,1.28288765614893e-11,24,1,5,0,1.1171517461313e-15,5.56821255770501e-11,288,0
62691,apv,wave,wave,u*dx(u),5.84788113140187e-11,5,0,24,1,2.20051024442466e-15,3.72692987582468e-11,288,0
62691,apv,wave,wave,v*dy(u),0,-1,0,1,1,0,0,0,288
62691,apv,wave,wave,w*dz(u),0,-1,0,1,1,0,0,0,288
62691,apv,wave,wave,u*dx(v),5.86675861684518e-11,5,0,24,1,2.33123741560995e-15,1.96360382993257e-11,288,0
62691,apv,wave,wave,v*dy(v),0,-1,0,1,1,0,0,0,288
62691,apv,wave,wave,w*dz(v),0,-1,0,1,1,0,0,0,288
62691,apv,wave,wave,u*dx(w),9.27960252919092e-14,5,0,24,1,6.66133814775094e-16,3.79427600449844e-11,288,0
62691,apv,wave,wave,v*dy(w),0,-1,0,1,1,0,0,0,288
62691,apv,wave,wave,w*dz(w),0,-1,0,1,1,0,0,0,288
62691,apv,wave,wave,u*dx(eta),5.35026841491398e-12,5,0,24,1,8.772816388817e-16,1.93973725970409e-11,288,0
62691,apv,wave,wave,v*dy(eta),0,-1,0,1,1,0,0,0,288
62691,apv,wave,wave,w*dz(eta),0,-1,0,1,1,0,0,0,288
62691,apv,wave,wave,w*eta*dlogN2,0,-1,0,1,1,0,0,0,288
62691,wave,boundary,wave,u*dx(u),0,1,1,1,0,0,0,0,96
62691,wave,boundary,wave,v*dy(u),0,1,1,1,0,0,0,0,96
62691,wave,boundary,wave,w*dz(u),0,1,1,1,0,0,0,0,96
62691,wave,boundary,wave,u*dx(v),7.40722386924929e-14,24,1,1,0,2.16693898896686e-15,5.69386759963209e-11,96,0
62691,wave,boundary,wave,v*dy(v),0,1,1,1,0,0,0,0,96
62691,wave,boundary,wave,w*dz(v),2.19784817175906e-13,24,1,2,0,1.88115862468613e-15,5.54569723476561e-11,96,0
62691,wave,boundary,wave,u*dx(w),0,1,1,1,0,0,0,0,96
62691,wave,boundary,wave,v*dy(w),0,1,1,1,0,0,0,0,96
62691,wave,boundary,wave,w*dz(w),0,1,1,1,0,0,0,0,96
62691,wave,boundary,wave,u*dx(eta),1.90412185349414e-14,24,1,2,0,8.48778011592868e-16,5.55577805982921e-11,96,0
62691,wave,boundary,wave,v*dy(eta),0,1,1,1,0,0,0,0,96
62691,wave,boundary,wave,w*dz(eta),6.64563738392896e-15,24,1,1,0,1.3363747481726e-15,5.54627455073842e-11,96,0
62691,wave,boundary,wave,w*eta*dlogN2,5.51960985450541e-15,24,1,2,0,7.20317685844637e-16,5.55153700787514e-11,96,0
62691,boundary,wave,wave,u*dx(u),3.63261049011727e-14,2,0,24,1,1.78318789040396e-15,3.93411969668023e-11,96,0
62691,boundary,wave,wave,v*dy(u),0,1,0,1,1,0,0,0,96
62691,boundary,wave,wave,w*dz(u),0,1,0,1,1,0,0,0,96
62691,boundary,wave,wave,u*dx(v),3.61103021533385e-14,2,0,24,1,1.83665556853651e-15,2.07589501144412e-11,96,0
62691,boundary,wave,wave,v*dy(v),0,1,0,1,1,0,0,0,96
62691,boundary,wave,wave,w*dz(v),0,1,0,1,1,0,0,0,96
62691,boundary,wave,wave,u*dx(w),6.37311373728525e-17,1,0,18,1,6.66133814775094e-16,3.91469079374929e-11,96,0
62691,boundary,wave,wave,v*dy(w),0,1,0,1,1,0,0,0,96
62691,boundary,wave,wave,w*dz(w),0,1,0,1,1,0,0,0,96
62691,boundary,wave,wave,u*dx(eta),3.39293677141815e-15,2,0,24,1,7.94273359568442e-16,2.04507522028052e-11,96,0
62691,boundary,wave,wave,v*dy(eta),0,1,0,1,1,0,0,0,96
62691,boundary,wave,wave,w*dz(eta),0,1,0,1,1,0,0,0,96
62691,boundary,wave,wave,w*eta*dlogN2,0,1,0,1,1,0,0,0,96
62691,apv,boundary,wave,u*dx(u),0,-1,0,1,0,0,0,0,12
62691,apv,boundary,wave,v*dy(u),0,-1,0,1,0,0,0,0,12
62691,apv,boundary,wave,w*dz(u),0,-1,0,1,0,0,0,0,12
62691,apv,boundary,wave,u*dx(v),4.45694906405572e-15,4,0,1,0,1.30989277453377e-15,2.00154792179175e-11,12,0
62691,apv,boundary,wave,v*dy(v),0,-1,0,1,0,0,0,0,12
62691,apv,boundary,wave,w*dz(v),0,-1,0,1,0,0,0,0,12
62691,apv,boundary,wave,u*dx(w),0,-1,0,1,0,0,0,0,12
62691,apv,boundary,wave,v*dy(w),0,-1,0,1,0,0,0,0,12
62691,apv,boundary,wave,w*dz(w),0,-1,0,1,0,0,0,0,12
62691,apv,boundary,wave,u*dx(eta),6.04692120907886e-16,5,0,1,0,5.3788958393045e-16,1.79700698765828e-11,12,0
62691,apv,boundary,wave,v*dy(eta),0,-1,0,1,0,0,0,0,12
62691,apv,boundary,wave,w*dz(eta),0,-1,0,1,0,0,0,0,12
62691,apv,boundary,wave,w*eta*dlogN2,0,-1,0,1,0,0,0,0,12
62691,boundary,apv,wave,u*dx(u),0,1,0,-1,0,0,0,0,12
62691,boundary,apv,wave,v*dy(u),0,1,0,-1,0,0,0,0,12
62691,boundary,apv,wave,w*dz(u),0,1,0,-1,0,0,0,0,12
62691,boundary,apv,wave,u*dx(v),4.43805759953739e-15,1,0,5,0,1.64929898318075e-15,2.1591839427515e-11,12,0
62691,boundary,apv,wave,v*dy(v),0,1,0,-1,0,0,0,0,12
62691,boundary,apv,wave,w*dz(v),0,1,0,-1,0,0,0,0,12
62691,boundary,apv,wave,u*dx(w),0,1,0,-1,0,0,0,0,12
62691,boundary,apv,wave,v*dy(w),0,1,0,-1,0,0,0,0,12
62691,boundary,apv,wave,w*dz(w),0,1,0,-1,0,0,0,0,12
62691,boundary,apv,wave,u*dx(eta),8.80738280741105e-16,2,0,1,0,8.45899081637785e-16,2.28110791733999e-11,12,0
62691,boundary,apv,wave,v*dy(eta),0,1,0,-1,0,0,0,0,12
62691,boundary,apv,wave,w*dz(eta),0,1,0,-1,0,0,0,0,12
62691,boundary,apv,wave,w*eta*dlogN2,0,1,0,-1,0,0,0,0,12
62691,boundary,boundary,wave,u*dx(u),0,1,0,1,0,0,0,0,4
62691,boundary,boundary,wave,v*dy(u),0,1,0,1,0,0,0,0,4
62691,boundary,boundary,wave,w*dz(u),0,1,0,1,0,0,0,0,4
62691,boundary,boundary,wave,u*dx(v),4.05965149974228e-15,1,0,1,0,1.39374792451832e-15,4.60655624803054e-11,4,0
62691,boundary,boundary,wave,v*dy(v),0,1,0,1,0,0,0,0,4
62691,boundary,boundary,wave,w*dz(v),0,1,0,1,0,0,0,0,4
62691,boundary,boundary,wave,u*dx(w),0,1,0,1,0,0,0,0,4
62691,boundary,boundary,wave,v*dy(w),0,1,0,1,0,0,0,0,4
62691,boundary,boundary,wave,w*dz(w),0,1,0,1,0,0,0,0,4
62691,boundary,boundary,wave,u*dx(eta),1.22067863791203e-15,2,0,1,0,1.79777348537458e-15,6.73927365007427e-11,4,0
62691,boundary,boundary,wave,v*dy(eta),0,1,0,1,0,0,0,0,4
62691,boundary,boundary,wave,w*dz(eta),0,1,0,1,0,0,0,0,4
62691,boundary,boundary,wave,w*eta*dlogN2,0,1,0,1,0,0,0,0,4
63386,wave,wave,wave,u*dx(u),7.85770040488844e-07,23,-1,24,1,3.76141141176443e-15,2.92565971449221e-11,2304,0
63386,wave,wave,wave,v*dy(u),7.8577004047345e-07,23,-1,24,1,3.57598328279534e-15,2.92454949146759e-11,2304,0
63386,wave,wave,wave,w*dz(u),7.86037561511724e-07,24,1,23,1,5.93976148122757e-14,7.14699249127424e-06,2304,0
63386,wave,wave,wave,u*dx(v),7.79095687685236e-07,23,-1,24,1,3.44755673758204e-15,2.92693647097053e-11,2304,0
63386,wave,wave,wave,v*dy(v),7.79095687706033e-07,23,1,24,1,3.45049255503819e-15,2.92582624794591e-11,2304,0
63386,wave,wave,wave,w*dz(v),7.79359842476678e-07,24,1,23,1,5.72007632239107e-14,6.63217432206483e-06,2304,0
63386,wave,wave,wave,u*dx(w),2.41874183180484e-09,24,1,24,1,1.11022302462516e-15,2.97296631757149e-11,2304,0
63386,wave,wave,wave,v*dy(w),2.41874183174334e-09,24,1,24,1,8.88178419700125e-16,2.97182278785613e-11,2304,0
63386,wave,wave,wave,w*dz(w),2.41874121015483e-09,24,1,24,1,8.88178419700125e-16,2.94211321971716e-11,2304,0
63386,wave,wave,wave,u*dx(eta),1.62696126365217e-07,24,1,24,1,1.61180485184614e-15,1.52164947309075e-11,2304,0
63386,wave,wave,wave,v*dy(eta),1.62696126358111e-07,24,1,24,1,1.60148373939728e-15,1.52051704560563e-11,2304,0
63386,wave,wave,wave,w*dz(eta),1.62696102905045e-07,24,1,24,1,2.34665488576224e-15,1.47739598332919e-11,2304,0
63386,wave,wave,wave,w*eta*dlogN2,9.82778065516377e-08,23,1,24,1,1.69652769859692e-15,1.49180667818882e-11,2304,0
63386,wave,apv,wave,u*dx(u),5.86706600631719e-11,24,1,5,0,2.38225554908735e-15,1.09479645687403e-11,288,0
63386,wave,apv,wave,v*dy(u),5.86705060219336e-11,24,1,5,0,2.28565690917056e-15,1.09481618311296e-11,288,0
63386,wave,apv,wave,w*dz(u),6.13703121404726e-11,24,1,5,0,2.33858932325749e-15,2.62038573564948e-11,288,0
63386,wave,apv,wave,u*dx(v),5.83180275920398e-11,24,1,5,0,3.24080597979906e-15,7.99933669219487e-12,288,0
63386,wave,apv,wave,v*dy(v),5.83179977940979e-11,24,1,5,0,2.06253400836979e-15,7.99958869320825e-12,288,0
63386,wave,apv,wave,w*dz(v),6.10037360319071e-11,24,1,5,0,2.50328339668137e-15,2.09855915118164e-11,288,0
63386,wave,apv,wave,u*dx(w),0,1,1,-1,0,0,0,0,288
63386,wave,apv,wave,v*dy(w),0,1,1,-1,0,0,0,0,288
63386,wave,apv,wave,w*dz(w),0,1,1,-1,0,0,0,0,288
63386,wave,apv,wave,u*dx(eta),7.13392623078768e-12,24,1,5,0,1.60164455437887e-15,1.96519467365874e-11,288,0
63386,wave,apv,wave,v*dy(eta),7.1339263583316e-12,24,1,5,0,1.17094801393886e-15,1.96406224617363e-11,288,0
63386,wave,apv,wave,w*dz(eta),6.95781455786659e-12,24,1,5,0,1.18214746790368e-15,1.98841276777273e-10,288,0
63386,wave,apv,wave,w*eta*dlogN2,1.66830005504153e-11,24,1,5,0,1.16940460962514e-15,2.87934109333026e-11,288,0
63386,apv,wave,wave,u*dx(u),5.86698148462352e-11,5,0,24,-1,2.38866629801995e-15,2.96611239346653e-11,288,0
63386,apv,wave,wave,v*dy(u),5.86698451933567e-11,5,0,24,1,2.36102495164797e-15,2.9662063340256e-11,288,0
63386,apv,wave,wave,w*dz(u),0,-1,0,1,1,0,0,0,288
63386,apv,wave,wave,u*dx(v),5.83173102120425e-11,5,0,24,1,2.43012745958105e-15,2.91786594885934e-11,288,0
63386,apv,wave,wave,v*dy(v),5.83172987923337e-11,5,0,24,1,2.35982992737705e-15,2.91786594885934e-11,288,0
63386,apv,wave,wave,w*dz(v),0,-1,0,1,1,0,0,0,288
63386,apv,wave,wave,u*dx(w),1.20988538380854e-13,5,0,24,1,7.7715611723761e-16,3.39016592576513e-11,288,0
63386,apv,wave,wave,v*dy(w),1.20988149210775e-13,5,0,24,1,5.55111512312578e-16,3.39014372130464e-11,288,0
63386,apv,wave,wave,w*dz(w),0,-1,0,1,1,0,0,0,288
63386,apv,wave,wave,u*dx(eta),6.95662862286529e-12,5,0,24,1,1.03703467413358e-15,1.99824601310183e-11,288,0
63386,apv,wave,wave,v*dy(eta),6.95660964517914e-12,5,0,24,1,1.50347818692937e-15,1.99822380864134e-11,288,0
63386,apv,wave,wave,w*dz(eta),0,-1,0,1,1,0,0,0,288
63386,apv,wave,wave,w*eta*dlogN2,0,-1,0,1,1,0,0,0,288
63386,wave,boundary,wave,u*dx(u),8.37144749725728e-14,24,1,2,0,2.21595581362374e-15,7.415804567154e-12,96,0
63386,wave,boundary,wave,v*dy(u),8.38124335653314e-14,24,1,2,0,1.86603369872963e-15,7.41492130295551e-12,96,0
63386,wave,boundary,wave,w*dz(u),1.08573062832284e-13,24,1,2,0,1.71583160274882e-15,6.12732087290624e-12,96,0
63386,wave,boundary,wave,u*dx(v),8.36174388185787e-14,24,1,2,0,2.06849496595294e-15,7.32724991792111e-12,96,0
63386,wave,boundary,wave,v*dy(v),8.27405603950629e-14,24,1,2,0,1.78771084275132e-15,7.32613969489648e-12,96,0
63386,wave,boundary,wave,w*dz(v),1.07905904286917e-13,24,1,2,0,1.92941442482073e-15,6.12754291751116e-12,96,0
63386,wave,boundary,wave,u*dx(w),0,1,1,1,0,0,0,0,96
63386,wave,boundary,wave,v*dy(w),0,1,1,1,0,0,0,0,96
63386,wave,boundary,wave,w*dz(w),0,1,1,1,0,0,0,0,96
63386,wave,boundary,wave,u*dx(eta),1.22498721626194e-14,24,1,2,0,6.86409405233278e-16,6.05315797486128e-12,96,0
63386,wave,boundary,wave,v*dy(eta),1.22526861914842e-14,24,1,2,0,8.29741316626469e-16,6.05226979644158e-12,96,0
63386,wave,boundary,wave,w*dz(eta),9.55337633854388e-15,24,1,2,0,1.39634171543178e-15,6.16551254495334e-12,96,0
63386,wave,boundary,wave,w*eta*dlogN2,8.31804659356605e-15,24,1,1,0,1.32956896884932e-15,6.12665473909146e-12,96,0
63386,boundary,wave,wave,u*dx(u),7.53383606723041e-14,2,0,24,1,1.77476639334054e-15,3.0651925442271e-11,96,0
63386,boundary,wave,wave,v*dy(u),7.59715551639227e-14,2,0,24,1,1.83117461473216e-15,3.06520364645735e-11,96,0
63386,boundary,wave,wave,w*dz(u),0,1,0,1,1,0,0,0,96
63386,boundary,wave,wave,u*dx(v),7.55585739623558e-14,2,0,24,1,1.86123857188836e-15,3.06645819847517e-11,96,0
63386,boundary,wave,wave,v*dy(v),7.53067565777838e-14,2,0,24,1,1.90536213750894e-15,3.06649150516591e-11,96,0
63386,boundary,wave,wave,w*dz(v),0,1,0,1,1,0,0,0,96
63386,boundary,wave,wave,u*dx(w),9.39511667552588e-17,1,0,24,1,4.44089209850063e-16,3.34772209953371e-11,96,0
63386,boundary,wave,wave,v*dy(w),9.43098933365233e-17,1,0,24,1,6.66133814775094e-16,3.34772209953371e-11,96,0
63386,boundary,wave,wave,w*dz(w),0,1,0,1,1,0,0,0,96
63386,boundary,wave,wave,u*dx(eta),8.74276359674649e-15,2,0,24,1,1.160694923227e-15,2.12488577101078e-11,96,0
63386,boundary,wave,wave,v*dy(eta),8.75437595189593e-15,2,0,24,1,9.63199966123706e-16,2.12497843027729e-11,96,0
63386,boundary,wave,wave,w*dz(eta),0,1,0,1,1,0,0,0,96
63386,boundary,wave,wave,w*eta*dlogN2,0,1,0,1,1,0,0,0,96
63386,apv,boundary,wave,u*dx(u),3.99046102273166e-15,4,0,1,0,1.61949636931198e-15,1.96222478413927e-11,12,0
63386,apv,boundary,wave,v*dy(u),3.90810719760748e-15,4,0,1,0,1.36757754112135e-15,1.96227824177777e-11,12,0
63386,apv,boundary,wave,w*dz(u),0,-1,0,1,0,0,0,0,12
63386,apv,boundary,wave,u*dx(v),2.90694316742177e-15,4,0,1,0,1.9767781735818e-15,1.81130666021545e-11,12,0
63386,apv,boundary,wave,v*dy(v),3.08226865786298e-15,4,0,1,0,1.11431552202976e-15,1.81130666021545e-11,12,0
63386,apv,boundary,wave,w*dz(v),0,-1,0,1,0,0,0,0,12
63386,apv,boundary,wave,u*dx(w),0,-1,0,1,0,0,0,0,12
63386,apv,boundary,wave,v*dy(w),0,-1,0,1,0,0,0,0,12
63386,apv,boundary,wave,w*dz(w),0,-1,0,1,0,0,0,0,12
63386,apv,boundary,wave,u*dx(eta),7.88501568117986e-16,1,0,2,0,6.98002752599897e-16,2.04076755494498e-11,12,0
63386,apv,boundary,wave,v*dy(eta),8.90536481427327e-16,-1,0,2,0,1.2144945441011e-15,2.04076755494498e-11,12,0
63386,apv,boundary,wave,w*dz(eta),0,-1,0,1,0,0,0,0,12
63386,apv,boundary,wave,w*eta*dlogN2,0,-1,0,1,0,0,0,0,12
63386,boundary,apv,wave,u*dx(u),4.08216727165447e-15,1,0,4,0,1.47849906121888e-15,2.05570649692921e-11,12,0
63386,boundary,apv,wave,v*dy(u),4.21834446052793e-15,1,0,4,0,1.51972624807299e-15,2.05551045561055e-11,12,0
63386,boundary,apv,wave,w*dz(u),0,1,0,-1,0,0,0,0,12
63386,boundary,apv,wave,u*dx(v),2.85107355546056e-15,1,0,3,0,9.42486149343931e-16,1.99495975294894e-11,12,0
63386,boundary,apv,wave,v*dy(v),2.84818634169971e-15,1,0,4,0,1.1268852955343e-15,1.99493754848845e-11,12,0
63386,boundary,apv,wave,w*dz(v),0,1,0,-1,0,0,0,0,12
63386,boundary,apv,wave,u*dx(w),0,1,0,-1,0,0,0,0,12
63386,boundary,apv,wave,v*dy(w),0,1,0,-1,0,0,0,0,12
63386,boundary,apv,wave,w*dz(w),0,1,0,-1,0,0,0,0,12
63386,boundary,apv,wave,u*dx(eta),1.08385917953731e-15,2,0,-1,0,8.48464419401421e-16,3.13622668660888e-11,12,0
63386,boundary,apv,wave,v*dy(eta),9.99324078334474e-16,2,0,-1,0,8.85561019605944e-16,3.13624374656872e-11,12,0
63386,boundary,apv,wave,w*dz(eta),0,1,0,-1,0,0,0,0,12
63386,boundary,apv,wave,w*eta*dlogN2,0,1,0,-1,0,0,0,0,12
63386,boundary,boundary,wave,u*dx(u),4.22887220718171e-15,1,0,2,0,1.47918812845584e-15,1.40759409234578e-10,4,0
63386,boundary,boundary,wave,v*dy(u),4.2859697882816e-15,1,0,2,0,1.45801394265123e-15,1.407584572251e-10,4,0
63386,boundary,boundary,wave,w*dz(u),0,1,0,1,0,0,0,0,4
63386,boundary,boundary,wave,u*dx(v),3.72601902040037e-15,1,0,2,0,1.3512642837319e-15,6.56921783076027e-11,4,0
63386,boundary,boundary,wave,v*dy(v),3.76836954957155e-15,1,0,2,0,1.34911463444748e-15,6.5692486130741e-11,4,0
63386,boundary,boundary,wave,w*dz(v),0,1,0,1,0,0,0,0,4
63386,boundary,boundary,wave,u*dx(w),0,1,0,1,0,0,0,0,4
63386,boundary,boundary,wave,v*dy(w),0,1,0,1,0,0,0,0,4
63386,boundary,boundary,wave,w*dz(w),0,1,0,1,0,0,0,0,4
63386,boundary,boundary,wave,u*dx(eta),1.0019107213606e-15,1,0,2,0,6.82807556124911e-16,1.18324871335978e-10,4,0
63386,boundary,boundary,wave,v*dy(eta),8.12801834207881e-16,1,0,2,0,5.67256791269991e-16,1.18324308505589e-10,4,0
63386,boundary,boundary,wave,w*dz(eta),0,1,0,1,0,0,0,0,4
63386,boundary,boundary,wave,w*eta*dlogN2,0,1,0,1,0,0,0,0,4
63638,wave,wave,wave,u*dx(u),7.86214421113262e-07,24,-1,23,1,3.63682230993618e-15,4.56447796559651e-11,2304,0
63638,wave,wave,wave,v*dy(u),7.86214421088702e-07,24,1,23,1,3.71248052927864e-15,4.56445662053651e-11,2304,0
63638,wave,wave,wave,w*dz(u),7.86482288322287e-07,24,1,23,1,8.27789396406878e-15,8.205918085843e-07,2304,0
63638,wave,wave,wave,u*dx(v),7.84413020563731e-07,24,1,23,1,3.72858826257369e-15,4.55395721132845e-11,2304,0
63638,wave,wave,wave,v*dy(v),7.84413020552991e-07,24,1,23,1,3.49721957252418e-15,4.55381288233525e-11,2304,0
63638,wave,wave,wave,w*dz(v),7.84679972178689e-07,24,1,23,1,7.78941729260925e-15,7.89179643501535e-07,2304,0
63638,wave,wave,wave,u*dx(w),1.17326423036189e-09,24,1,24,1,9.99200722162641e-16,4.54252191417481e-11,2304,0
63638,wave,wave,wave,v*dy(w),1.17326423039081e-09,24,1,24,1,1.11022302462516e-15,4.54346560374574e-11,2304,0
63638,wave,wave,wave,w*dz(w),1.17326543577414e-09,24,1,24,1,9.99200722162641e-16,4.54123405546625e-11,2304,0
63638,wave,wave,wave,u*dx(eta),7.96213705882025e-08,24,1,24,1,1.24802776769011e-15,2.29215535441085e-11,2304,0
63638,wave,wave,wave,v*dy(eta),7.96213705878506e-08,24,1,24,1,1.33990199406604e-15,2.29311014621203e-11,2304,0
63638,wave,wave,wave,w*dz(eta),7.96214165118835e-08,24,1,24,1,1.30702412975486e-15,2.29840591003949e-11,2304,0
63638,wave,wave,wave,w*eta*dlogN2,4.80652064774035e-08,24,1,23,1,1.02464312982496e-15,2.25398588682424e-11,2304,0
63638,wave,apv,wave,u*dx(u),5.86910677654925e-11,24,1,5,0,2.5822985798321e-15,2.15602488006992e-11,288,0
63638,wave,apv,wave,v*dy(u),5.86910048284167e-11,24,1,5,0,2.41805471795806e-15,2.15336892596321e-11,288,0
63638,wave,apv,wave,w*dz(u),6.13913198744134e-11,24,1,5,0,2.86832339365057e-15,2.69167965363157e-11,288,0
63638,wave,apv,wave,u*dx(v),5.85963338160014e-11,24,1,5,0,2.36503178623021e-15,1.94422256072357e-11,288,0
63638,wave,apv,wave,v*dy(v),5.85962873304025e-11,24,1,5,0,2.17324800809801e-15,1.94033678013739e-11,288,0
63638,wave,apv,wave,w*dz(v),6.12927370872636e-11,24,1,5,0,2.32189222436409e-15,2.13343768813871e-11,288,0
63638,wave,apv,wave,u*dx(w),0,1,1,-1,0,0,0,0,288
63638,wave,apv,wave,v*dy(w),0,1,1,-1,0,0,0,0,288
63638,wave,apv,wave,w*dz(w),0,1,1,-1,0,0,0,0,288
63638,wave,apv,wave,u*dx(eta),3.47830903725527e-12,24,1,5,0,7.84594199651819e-16,1.95159444160709e-11,288,0
63638,wave,apv,wave,v*dy(eta),3.47830840613664e-12,24,1,5,0,8.25018824860894e-16,1.95252702894777e-11,288,0
63638,wave,apv,wave,w*dz(eta),3.39251055220073e-12,24,1,5,0,9.48125979945335e-16,1.85386594964143e-10,288,0
63638,wave,apv,wave,w*eta*dlogN2,8.13193354140373e-12,24,1,5,0,9.04907067095275e-16,2.58152388354915e-11,288,0
63638,apv,wave,wave,u*dx(u),5.86944351727516e-11,5,0,24,1,2.61055334437301e-15,4.69676219440714e-11,288,0
63638,apv,wave,wave,v*dy(u),5.8694488394474e-11,5,0,24,1,2.30697988808075e-15,4.69682873707147e-11,288,0
63638,apv,wave,wave,w*dz(u),0,-1,0,1,1,0,0,0,288
63638,apv,wave,wave,u*dx(v),5.85997279734745e-11,5,0,24,1,2.20712746353061e-15,4.57816007326528e-11,288,0
63638,apv,wave,wave,v*dy(v),5.85996715063183e-11,5,0,24,1,2.23059375196103e-15,4.57818227772577e-11,288,0
63638,apv,wave,wave,w*dz(v),0,-1,0,1,1,0,0,0,288
63638,apv,wave,wave,u*dx(w),5.86874797956151e-14,5,0,24,1,6.66133814775094e-16,4.97797358889329e-11,288,0
63638,apv,wave,wave,v*dy(w),5.86873920088622e-14,5,0,24,1,5.55111512312578e-16,4.97794028220255e-11,288,0
63638,apv,wave,wave,w*dz(w),0,-1,0,1,1,0,0,0,288
63638,apv,wave,wave,u*dx(eta),3.39215441145507e-12,5,0,24,1,8.88178419700125e-16,2.78497225281171e-11,288,0
63638,apv,wave,wave,v*dy(eta),3.39215938693893e-12,5,0,24,1,7.13730317606891e-16,2.78496115058147e-11,288,0
63638,apv,wave,wave,w*dz(eta),0,-1,0,1,1,0,0,0,288
63638,apv,wave,wave,w*eta*dlogN2,0,-1,0,1,1,0,0,0,288
63638,wave,boundary,wave,u*dx(u),2.12298346562916e-14,1,1,1,0,1.86152467895336e-15,2.01602446528475e-11,96,0
63638,wave,boundary,wave,v*dy(u),2.13178967021999e-14,1,1,1,0,2.0241207338757e-15,2.01314199472953e-11,96,0
63638,wave,boundary,wave,w*dz(u),2.16372596718721e-14,24,1,2,0,1.78668128695245e-15,1.95379268319584e-11,96,0
63638,wave,boundary,wave,u*dx(v),2.00393473581767e-14,1,1,1,0,1.78815695385529e-15,2.00415239959284e-11,96,0
63638,wave,boundary,wave,v*dy(v),1.99725165770198e-14,1,1,1,0,1.69645060598696e-15,2.00022221008567e-11,96,0
63638,wave,boundary,wave,w*dz(v),2.16712596720247e-14,24,1,2,0,1.45612653869448e-15,1.95379268319584e-11,96,0
63638,wave,boundary,wave,u*dx(w),0,1,1,1,0,0,0,0,96
63638,wave,boundary,wave,v*dy(w),0,1,1,1,0,0,0,0,96
63638,wave,boundary,wave,w*dz(w),0,1,1,1,0,0,0,0,96
63638,wave,boundary,wave,u*dx(eta),1.17914554927142e-15,24,1,2,0,6.66133814775094e-16,1.97364347087614e-11,96,0
63638,wave,boundary,wave,v*dy(eta),1.18311656252901e-15,24,1,2,0,7.7715611723761e-16,1.96977989475045e-11,96,0
63638,wave,boundary,wave,w*dz(eta),9.14894512673657e-16,24,1,2,0,6.06044355448709e-16,1.96649363459755e-11,96,0
63638,wave,boundary,wave,w*eta*dlogN2,8.77430784681445e-16,22,1,2,0,8.88178419700125e-16,1.95872207342518e-11,96,0
63638,boundary,wave,wave,u*dx(u),8.42798097343778e-14,2,0,24,1,2.22935667175546e-15,4.93036506018671e-11,96,0
63638,boundary,wave,wave,v*dy(u),8.50746371191334e-14,2,0,24,1,1.94233686056378e-15,4.93042882808051e-11,96,0
63638,boundary,wave,wave,w*dz(u),0,1,0,1,1,0,0,0,96
63638,boundary,wave,wave,u*dx(v),8.44950412940679e-14,2,0,24,1,2.05406845317476e-15,4.89327467434464e-11,96,0
63638,boundary,wave,wave,v*dy(v),8.39127121975182e-14,2,0,24,1,1.81550802303137e-15,4.89328577657488e-11,96,0
63638,boundary,wave,wave,w*dz(v),0,1,0,1,1,0,0,0,96
63638,boundary,wave,wave,u*dx(w),5.60402059499562e-17,1,0,18,1,4.44089209850063e-16,4.7316706108802e-11,96,0
63638,boundary,wave,wave,v*dy(w),5.33402849150661e-17,1,0,18,1,5.55111512312578e-16,4.73164840641971e-11,96,0
63638,boundary,wave,wave,w*dz(w),0,1,0,1,1,0,0,0,96
63638,boundary,wave,wave,u*dx(eta),4.64723387262899e-15,2,0,24,1,9.08488352183636e-16,2.4515056651353e-11,96,0
63638,boundary,wave,wave,v*dy(eta),4.74559144791014e-15,2,0,24,1,1.2012704841195e-15,2.45151676736555e-11,96,0
63638,boundary,wave,wave,w*dz(eta),0,1,0,1,1,0,0,0,96
63638,boundary,wave,wave,w*eta*dlogN2,0,1,0,1,1,0,0,0,96
63638,apv,boundary,wave,u*dx(u),4.40844437626242e-15,4,0,1,0,2.00117416567441e-15,2.35605467154505e-11,12,0
63638,apv,boundary,wave,v*dy(u),4.42273850735006e-15,5,0,1,0,1.3825984525543e-15,2.35600291208247e-11,12,0
63638,apv,boundary,wave,w*dz(u),0,-1,0,1,0,0,0,0,12
63638,apv,boundary,wave,u*dx(v),3.09955901169542e-15,3,0,1,0,1.13588773665662e-15,2.33824071216304e-11,12,0
63638,apv,boundary,wave,v*dy(v),3.06055542187437e-15,3,0,1,0,1.67217490205054e-15,2.33826291662353e-11,12,0
63638,apv,boundary,wave,w*dz(v),0,-1,0,1,0,0,0,0,12
63638,apv,boundary,wave,u*dx(w),0,-1,0,1,0,0,0,0,12
63638,apv,boundary,wave,v*dy(w),0,-1,0,1,0,0,0,0,12
63638,apv,boundary,wave,w*dz(w),0,-1,0,1,0,0,0,0,12
63638,apv,boundary,wave,u*dx(eta),4.25702905480103e-16,1,0,2,0,4.3344919893263e-16,2.3034019136503e-11,12,0
63638,apv,boundary,wave,v*dy(eta),3.08123020786565e-16,2,0,2,0,4.4482022387565e-16,2.30335750472932e-11,12,0
63638,apv,boundary,wave,w*dz(eta),0,-1,0,1,0,0,0,0,12
63638,apv,boundary,wave,w*eta*dlogN2,0,-1,0,1,0,0,0,0,12
63638,boundary,apv,wave,u*dx(u),4.06972054199763e-15,1,0,4,0,1.61259713581123e-15,2.23508722946542e-11,12,0
63638,boundary,apv,wave,v*dy(u),4.04170688899555e-15,1,0,4,0,1.61596106662913e-15,2.23507148505822e-11,12,0
63638,boundary,apv,wave,w*dz(u),0,1,0,-1,0,0,0,0,12
63638,boundary,apv,wave,u*dx(v),3.10059666862633e-15,1,0,3,0,1.17851020308623e-15,2.19240181564828e-11,12,0
63638,boundary,apv,wave,v*dy(v),3.06209050487271e-15,1,0,4,0,1.1105634272627e-15,2.19237961118779e-11,12,0
63638,boundary,apv,wave,w*dz(v),0,1,0,-1,0,0,0,0,12
63638,boundary,apv,wave,u*dx(w),0,1,0,-1,0,0,0,0,12
63638,boundary,apv,wave,v*dy(w),0,1,0,-1,0,0,0,0,12
63638,boundary,apv,wave,w*dz(w),0,1,0,-1,0,0,0,0,12
63638,boundary,apv,wave,u*dx(eta),4.53283193136921e-16,2,0,5,0,6.76285669747492e-16,2.16692598089336e-11,12,0
63638,boundary,apv,wave,v*dy(eta),1.0398871412154e-15,2,0,1,0,1.03424353082504e-15,2.16688047658958e-11,12,0
63638,boundary,apv,wave,w*dz(eta),0,1,0,-1,0,0,0,0,12
63638,boundary,apv,wave,w*eta*dlogN2,0,1,0,-1,0,0,0,0,12
63638,boundary,boundary,wave,u*dx(u),4.98660363755386e-15,2,0,1,0,2.66135165891644e-15,3.06340863051762e-10,4,0
63638,boundary,boundary,wave,v*dy(u),5.03569087711912e-15,2,0,1,0,2.58115803220874e-15,3.06341731190293e-10,4,0
63638,boundary,boundary,wave,w*dz(u),0,1,0,1,0,0,0,0,4
63638,boundary,boundary,wave,u*dx(v),4.4348091463523e-15,2,0,1,0,2.46758276232291e-15,2.88832624484314e-10,4,0
63638,boundary,boundary,wave,v*dy(v),4.44549291901813e-15,2,0,1,0,2.55386790076916e-15,2.88832624484314e-10,4,0
63638,boundary,boundary,wave,w*dz(v),0,1,0,1,0,0,0,0,4
63638,boundary,boundary,wave,u*dx(w),0,1,0,1,0,0,0,0,4
63638,boundary,boundary,wave,v*dy(w),0,1,0,1,0,0,0,0,4
63638,boundary,boundary,wave,w*dz(w),0,1,0,1,0,0,0,0,4
63638,boundary,boundary,wave,u*dx(eta),7.10210890176777e-16,2,0,1,0,5.80247171955921e-16,2.91067614455187e-10,4,0
63638,boundary,boundary,wave,v*dy(eta),8.41731299662497e-16,2,0,1,0,3.94668608323783e-16,2.91067947522095e-10,4,0
63638,boundary,boundary,wave,w*dz(eta),0,1,0,1,0,0,0,0,4
63638,boundary,boundary,wave,w*eta*dlogN2,0,1,0,1,0,0,0,0,4
68429,wave,wave,wave,u*dx(u),7.86103309367208e-07,23,1,24,1,3.63280272101772e-15,5.66588997941153e-11,2304,0
68429,wave,wave,wave,v*dy(u),7.86103309375834e-07,23,1,24,1,3.62418165979017e-15,5.6658344682603e-11,2304,0
68429,wave,wave,wave,w*dz(u),7.86370919100694e-07,24,1,23,1,1.60447700953467e-14,2.11516885771231e-06,2304,0
68429,wave,wave,wave,u*dx(v),7.75173307061647e-07,23,-1,24,1,3.45468543546079e-15,5.66617863739793e-11,2304,0
68429,wave,wave,wave,v*dy(v),7.75173307095293e-07,23,-1,24,1,3.39283501252567e-15,5.66608981955596e-11,2304,0
68429,wave,wave,wave,w*dz(v),7.75435429583902e-07,24,1,23,1,1.44801478541878e-14,1.90964602964055e-06,2304,0
68429,wave,wave,wave,u*dx(w),2.9477838991525e-09,24,1,24,1,9.99200722162641e-16,5.70364866447903e-11,2304,0
68429,wave,wave,wave,v*dy(w),2.94778389911224e-09,24,1,24,1,8.88178419700125e-16,5.7035931533278e-11,2304,0
68429,wave,wave,wave,w*dz(w),2.94778262161557e-09,24,1,24,1,9.99200722162641e-16,5.66425795156533e-11,2304,0
68429,wave,wave,wave,u*dx(eta),1.97188978936516e-07,24,1,24,1,1.72987511997804e-15,4.99272845289056e-11,2304,0
68429,wave,wave,wave,v*dy(eta),1.9718897893438e-07,24,1,24,1,1.71291660412135e-15,4.99267294173933e-11,2304,0
68429,wave,wave,wave,w*dz(eta),1.97188930999051e-07,24,1,24,1,1.77888559994821e-15,4.93802776446728e-11,2304,0
68429,wave,wave,wave,w*eta*dlogN2,1.19159818308411e-07,23,1,24,1,1.42798868544213e-15,4.9123483059077e-11,2304,0
68429,wave,apv,wave,u*dx(u),5.86920468051307e-11,24,1,5,0,2.26785957058621e-15,4.3567698230917e-11,288,0
68429,wave,apv,wave,v*dy(u),5.86919434557555e-11,24,1,5,0,2.30807289574663e-15,4.35673346408914e-11,288,0
68429,wave,apv,wave,w*dz(u),6.13928860649219e-11,24,1,5,0,2.4093385827222e-15,5.59169593775204e-11,288,0
68429,wave,apv,wave,u*dx(v),5.81131150846706e-11,24,1,5,0,1.90248160087514e-15,4.24826840372816e-11,288,0
68429,wave,apv,wave,v*dy(v),5.81131513544529e-11,24,1,5,0,2.08516612810584e-15,4.24821289257693e-11,288,0
68429,wave,apv,wave,w*dz(v),6.07908542066413e-11,24,1,5,0,2.63618041896518e-15,5.52644596751861e-11,288,0
68429,wave,apv,wave,u*dx(w),0,1,1,-1,0,0,0,0,288
68429,wave,apv,wave,v*dy(w),0,1,1,-1,0,0,0,0,288
68429,wave,apv,wave,w*dz(w),0,1,1,-1,0,0,0,0,288
68429,wave,apv,wave,u*dx(eta),8.66647396122688e-12,24,1,5,0,1.20755178476325e-15,6.1093574643678e-11,288,0
68429,wave,apv,wave,v*dy(eta),8.66646859656564e-12,24,1,5,0,1.2036601287425e-15,6.10934636213756e-11,288,0
68429,wave,apv,wave,w*dz(eta),8.45241117977555e-12,24,1,5,0,1.90995056414333e-15,2.46986098240143e-10,288,0
68429,wave,apv,wave,w*eta*dlogN2,2.02699205272433e-11,24,1,5,0,1.13212645559489e-15,5.60991253450993e-11,288,0
68429,apv,wave,wave,u*dx(u),5.86906352034925e-11,5,0,24,1,2.38146945291926e-15,1.77712540389282e-11,288,0
68429,apv,wave,wave,v*dy(u),5.86906461599881e-11,5,0,24,1,2.24709404776162e-15,1.77718639217713e-11,288,0
68429,apv,wave,wave,w*dz(u),0,-1,0,1,1,0,0,0,288
68429,apv,wave,wave,u*dx(v),5.81118296552047e-11,5,0,24,1,2.23770323753608e-15,1.48367984564857e-11,288,0
68429,apv,wave,wave,v*dy(v),5.81117622338148e-11,5,0,24,1,2.28456487436774e-15,1.48372425456955e-11,288,0
68429,apv,wave,wave,w*dz(v),0,-1,0,1,1,0,0,0,288
68429,apv,wave,wave,u*dx(w),1.47446680013091e-13,5,0,24,1,5.55111512312578e-16,1.92474924887165e-11,288,0
68429,apv,wave,wave,v*dy(w),1.47446717249147e-13,5,0,24,1,5.55111512312578e-16,1.92477145333214e-11,288,0
68429,apv,wave,wave,w*dz(w),0,-1,0,1,1,0,0,0,288
68429,apv,wave,wave,u*dx(eta),8.45086384134784e-12,5,0,24,1,1.29055263674138e-15,1.26300081504382e-11,288,0
68429,apv,wave,wave,v*dy(eta),8.45087125331776e-12,5,0,24,1,1.26563926702462e-15,1.26303412173456e-11,288,0
68429,apv,wave,wave,w*dz(eta),0,-1,0,1,1,0,0,0,288
68429,apv,wave,wave,w*eta*dlogN2,0,-1,0,1,1,0,0,0,288
68429,wave,boundary,wave,u*dx(u),5.64002559208176e-14,24,1,2,0,2.13965981483361e-15,4.58560966976052e-11,96,0
68429,wave,boundary,wave,v*dy(u),5.62998637435479e-14,24,1,2,0,1.90769289395996e-15,4.58556526083953e-11,96,0
68429,wave,boundary,wave,w*dz(u),1.97044285490737e-14,24,1,1,0,1.86705276753403e-15,4.21262572580112e-11,96,0
68429,wave,boundary,wave,u*dx(v),5.61554668292786e-14,24,1,2,0,1.93824192695283e-15,4.58562077199076e-11,96,0
68429,wave,boundary,wave,v*dy(v),5.63740536934635e-14,24,1,2,0,1.84430865244249e-15,4.58556526083953e-11,96,0
68429,wave,boundary,wave,w*dz(v),1.94775671375492e-14,24,1,1,0,1.67871960296963e-15,4.19075885105258e-11,96,0
68429,wave,boundary,wave,u*dx(w),0,1,1,1,0,0,0,0,96
68429,wave,boundary,wave,v*dy(w),0,1,1,1,0,0,0,0,96
68429,wave,boundary,wave,w*dz(w),0,1,1,1,0,0,0,0,96
68429,wave,boundary,wave,u*dx(eta),2.98212910951086e-15,24,1,1,0,8.60490595246718e-16,4.37999636559994e-11,96,0
68429,wave,boundary,wave,v*dy(eta),2.99258311562686e-15,24,1,1,0,9.05182711545503e-16,4.37991864998821e-11,96,0
68429,wave,boundary,wave,w*dz(eta),8.14140825933633e-15,24,1,2,0,9.55570607040096e-16,4.19326795508823e-11,96,0
68429,wave,boundary,wave,w*eta*dlogN2,6.92905864814182e-15,24,1,1,0,1.16530765898248e-15,4.1904035796847e-11,96,0
68429,boundary,wave,wave,u*dx(u),2.21749746728112e-14,1,0,1,1,1.88955356278026e-15,1.78674079287891e-11,96,0
68429,boundary,wave,wave,v*dy(u),2.25303417855972e-14,2,0,24,1,1.86848048573443e-15,1.78678426560313e-11,96,0
68429,boundary,wave,wave,w*dz(u),0,1,0,1,1,0,0,0,96
68429,boundary,wave,wave,u*dx(v),2.17694188156203e-14,2,0,24,1,1.80232472643281e-15,1.67913460913383e-11,96,0
68429,boundary,wave,wave,v*dy(v),2.16472054587772e-14,2,0,24,1,1.80462698669862e-15,1.67914571136407e-11,96,0
68429,boundary,wave,wave,w*dz(v),0,1,0,1,1,0,0,0,96
68429,boundary,wave,wave,u*dx(w),8.59604694901217e-17,1,0,1,1,6.66133814775094e-16,1.6550760761902e-11,96,0
68429,boundary,wave,wave,v*dy(w),7.36095878722157e-17,1,0,18,1,4.44089209850063e-16,1.6550760761902e-11,96,0
68429,boundary,wave,wave,w*dz(w),0,1,0,1,1,0,0,0,96
68429,boundary,wave,wave,u*dx(eta),3.55421244979821e-15,2,0,24,1,1.04516126823697e-15,5.34194246149595e-11,96,0
68429,boundary,wave,wave,v*dy(eta),3.57113806949076e-15,2,0,24,1,1.00554731516235e-15,5.34189079854353e-11,96,0
68429,boundary,wave,wave,w*dz(eta),0,1,0,1,1,0,0,0,96
68429,boundary,wave,wave,w*eta*dlogN2,0,1,0,1,1,0,0,0,96
68429,apv,boundary,wave,u*dx(u),4.47727495805811e-15,5,0,1,0,1.94975426643982e-15,2.18881856766409e-11,12,0
68429,apv,boundary,wave,v*dy(u),4.50069866678295e-15,5,0,1,0,1.55160021758203e-15,2.18880072806121e-11,12,0
68429,apv,boundary,wave,w*dz(u),0,-1,0,1,0,0,0,0,12
68429,apv,boundary,wave,u*dx(v),2.71234834620861e-15,4,0,1,0,9.05982264034763e-16,1.67985625409983e-11,12,0
68429,apv,boundary,wave,v*dy(v),2.70703547497495e-15,3,0,1,0,1.18066789171029e-15,1.67987845856032e-11,12,0
68429,apv,boundary,wave,w*dz(v),0,-1,0,1,0,0,0,0,12
68429,apv,boundary,wave,u*dx(w),0,-1,0,1,0,0,0,0,12
68429,apv,boundary,wave,v*dy(w),0,-1,0,1,0,0,0,0,12
68429,apv,boundary,wave,w*dz(w),0,-1,0,1,0,0,0,0,12
68429,apv,boundary,wave,u*dx(eta),6.20999404106534e-16,-1,0,2,0,6.98140751679726e-16,2.2231549934304e-11,12,0
68429,apv,boundary,wave,v*dy(eta),6.43180709719371e-16,1,0,2,0,7.00853543937271e-16,2.22313278896991e-11,12,0
68429,apv,boundary,wave,w*dz(eta),0,-1,0,1,0,0,0,0,12
68429,apv,boundary,wave,w*eta*dlogN2,0,-1,0,1,0,0,0,0,12
68429,boundary,apv,wave,u*dx(u),4.60420952073624e-15,1,0,5,0,1.76311701313864e-15,2.97462340706329e-11,12,0
68429,boundary,apv,wave,v*dy(u),4.54334137789098e-15,1,0,5,0,1.35580800832233e-15,2.97467675122683e-11,12,0
68429,boundary,apv,wave,w*dz(u),0,1,0,-1,0,0,0,0,12
68429,boundary,apv,wave,u*dx(v),2.68069618174832e-15,1,0,5,0,1.66080791409852e-15,2.75235390034823e-11,12,0
68429,boundary,apv,wave,v*dy(v),2.64763195243107e-15,1,0,5,0,1.43076019064247e-15,2.75239830926921e-11,12,0
68429,boundary,apv,wave,w*dz(v),0,1,0,-1,0,0,0,0,12
68429,boundary,apv,wave,u*dx(w),0,1,0,-1,0,0,0,0,12
68429,boundary,apv,wave,v*dy(w),0,1,0,-1,0,0,0,0,12
68429,boundary,apv,wave,w*dz(w),0,1,0,-1,0,0,0,0,12
68429,boundary,apv,wave,u*dx(eta),1.27379044518601e-15,2,0,2,0,1.41639009423557e-15,3.83755806030043e-11,12,0
68429,boundary,apv,wave,v*dy(eta),9.86699816990618e-16,2,0,5,0,9.74270968156235e-16,3.83762942707737e-11,12,0
68429,boundary,apv,wave,w*dz(eta),0,1,0,-1,0,0,0,0,12
68429,boundary,apv,wave,w*eta*dlogN2,0,1,0,-1,0,0,0,0,12
68429,boundary,boundary,wave,u*dx(u),1.39514943740308e-14,2,0,1,0,7.26515013234259e-15,1.6001627654696e-09,4,0
68429,boundary,boundary,wave,v*dy(u),1.37359357057225e-14,2,0,1,0,7.08474532138901e-15,1.60016326203973e-09,4,0
68429,boundary,boundary,wave,w*dz(u),0,1,0,1,0,0,0,0,4
68429,boundary,boundary,wave,u*dx(v),1.32426244480059e-14,2,0,1,0,6.70649162638137e-15,1.25114818505523e-09,4,0
68429,boundary,boundary,wave,v*dy(v),1.31469030941597e-14,2,0,1,0,6.69624177606867e-15,1.25114840709983e-09,4,0
68429,boundary,boundary,wave,w*dz(v),0,1,0,1,0,0,0,0,4
68429,boundary,boundary,wave,u*dx(w),0,1,0,1,0,0,0,0,4
68429,boundary,boundary,wave,v*dy(w),0,1,0,1,0,0,0,0,4
68429,boundary,boundary,wave,w*dz(w),0,1,0,1,0,0,0,0,4
68429,boundary,boundary,wave,u*dx(eta),3.46231483113653e-15,2,0,1,0,2.02180807074584e-15,1.09148380941111e-09,4,0
68429,boundary,boundary,wave,v*dy(eta),3.56394579220875e-15,2,0,1,0,2.04973211001046e-15,1.09148326409165e-09,4,0
68429,boundary,boundary,wave,w*dz(eta),0,1,0,1,0,0,0,0,4
68429,boundary,boundary,wave,w*eta*dlogN2,0,1,0,1,0,0,0,0,4
69402,wave,wave,wave,u*dx(u),7.85200535372317e-07,23,1,24,1,3.56837009602051e-15,2.86990431419554e-11,2304,0
69402,wave,wave,wave,v*dy(u),0,1,1,1,1,0,0,0,2304
69402,wave,wave,wave,w*dz(u),7.85467742187728e-07,24,1,23,1,4.82278009645144e-14,5.53362208379571e-06,2304,0
69402,wave,wave,wave,u*dx(v),7.85763867424079e-07,23,1,24,1,3.68650374699917e-15,2.86990431419554e-11,2304,0
69402,wave,wave,wave,v*dy(v),0,1,1,1,1,0,0,0,2304
69402,wave,wave,wave,w*dz(v),7.86031360549713e-07,24,1,23,1,4.83204879270457e-14,5.60798722890455e-06,2304,0
69402,wave,wave,wave,u*dx(w),1.05756670732503e-09,24,1,24,1,1.11022302462516e-15,2.8833380127935e-11,2304,0
69402,wave,wave,wave,v*dy(w),0,1,1,1,1,0,0,0,2304
69402,wave,wave,wave,w*dz(w),1.05756607904702e-09,24,1,24,1,1.11022302462516e-15,2.88791213165496e-11,2304,0
69402,wave,wave,wave,u*dx(eta),7.18068265131862e-08,24,1,24,1,1.11022302462516e-15,2.86435319907241e-11,2304,0
69402,wave,wave,wave,v*dy(eta),0,1,1,1,1,0,0,0,2304
69402,wave,wave,wave,w*dz(eta),7.18068025555531e-08,24,1,24,1,1.27327449084201e-15,2.8860025480526e-11,2304,0
69402,wave,wave,wave,w*eta*dlogN2,4.3346086681584e-08,23,1,24,1,1.36223985283603e-15,2.88620238819703e-11,2304,0
69402,wave,apv,wave,u*dx(u),0,1,1,-1,0,0,0,0,288
69402,wave,apv,wave,v*dy(u),0,1,1,-1,0,0,0,0,288
69402,wave,apv,wave,w*dz(u),0,1,1,-1,0,0,0,0,288
69402,wave,apv,wave,u*dx(v),5.86692314341102e-11,24,1,5,0,2.4670450864747e-15,2.87510015795078e-11,288,0
69402,wave,apv,wave,v*dy(v),0,1,1,-1,0,0,0,0,288
69402,wave,apv,wave,w*dz(v),6.1368455737579e-11,24,1,5,0,2.4167290811912e-15,2.88391532876631e-11,288,0
69402,wave,apv,wave,u*dx(w),0,1,1,-1,0,0,0,0,288
69402,wave,apv,wave,v*dy(w),0,1,1,-1,0,0,0,0,288
69402,wave,apv,wave,w*dz(w),0,1,1,-1,0,0,0,0,288
69402,wave,apv,wave,u*dx(eta),3.13634031369212e-12,24,1,5,0,9.04154038436912e-16,2.86741741462038e-11,288,0
69402,wave,apv,wave,v*dy(eta),0,1,1,-1,0,0,0,0,288
69402,wave,apv,wave,w*dz(eta),3.05897858662249e-12,24,1,5,0,7.30894100477378e-16,1.76299419507586e-10,288,0
69402,wave,apv,wave,w*eta*dlogN2,7.3321670405274e-12,24,1,5,0,7.77891503529209e-16,2.91928703433086e-11,288,0
69402,apv,wave,wave,u*dx(u),5.86377124904493e-11,5,0,24,1,2.28405150716537e-15,8.24639167646527e-12,288,0
69402,apv,wave,wave,v*dy(u),0,-1,0,1,1,0,0,0,288
69402,apv,wave,wave,w*dz(u),0,-1,0,1,1,0,0,0,288
69402,apv,wave,wave,u*dx(v),5.86673231067919e-11,5,0,24,1,2.25430669522766e-15,8.53469437253949e-12,288,0
69402,apv,wave,wave,v*dy(v),0,-1,0,1,1,0,0,0,288
69402,apv,wave,wave,w*dz(v),0,-1,0,1,1,0,0,0,288
69402,apv,wave,wave,u*dx(w),5.29021049899663e-14,5,0,24,1,6.66133814775094e-16,7.67430563541893e-12,288,0
69402,apv,wave,wave,v*dy(w),0,-1,0,1,1,0,0,0,288
69402,apv,wave,wave,w*dz(w),0,-1,0,1,1,0,0,0,288
69402,apv,wave,wave,u*dx(eta),3.05839313979679e-12,5,0,24,1,9.25619445463571e-16,6.8907102246385e-12,288,0
69402,apv,wave,wave,v*dy(eta),0,-1,0,1,1,0,0,0,288
69402,apv,wave,wave,w*dz(eta),0,-1,0,1,1,0,0,0,288
69402,apv,wave,wave,w*eta*dlogN2,0,-1,0,1,1,0,0,0,288
69402,wave,boundary,wave,u*dx(u),0,1,1,1,0,0,0,0,96
69402,wave,boundary,wave,v*dy(u),0,1,1,1,0,0,0,0,96
69402,wave,boundary,wave,w*dz(u),0,1,1,1,0,0,0,0,96
69402,wave,boundary,wave,u*dx(v),8.48620473336831e-14,24,1,2,0,1.7937716313333e-15,3.31372707051969e-11,96,0
69402,wave,boundary,wave,v*dy(v),0,1,1,1,0,0,0,0,96
69402,wave,boundary,wave,w*dz(v),6.61311286968473e-14,24,1,2,0,1.79282067999855e-15,2.91144885977701e-11,96,0
69402,wave,boundary,wave,u*dx(w),0,1,1,1,0,0,0,0,96
69402,wave,boundary,wave,v*dy(w),0,1,1,1,0,0,0,0,96
69402,wave,boundary,wave,w*dz(w),0,1,1,1,0,0,0,0,96
69402,wave,boundary,wave,u*dx(eta),3.31039626280519e-15,24,1,2,0,5.55111512312578e-16,2.93320923105966e-11,96,0
69402,wave,boundary,wave,v*dy(eta),0,1,1,1,0,0,0,0,96
69402,wave,boundary,wave,w*dz(eta),4.27575980201043e-15,24,1,2,0,6.6292101322291e-16,2.91009438768697e-11,96,0
69402,wave,boundary,wave,w*eta*dlogN2,3.7297168608385e-15,24,1,1,0,6.66133814775094e-16,2.91582313849403e-11,96,0
69402,boundary,wave,wave,u*dx(u),3.52803744425557e-14,2,0,24,1,1.90743613093957e-15,5.81966325867763e-12,96,0
69402,boundary,wave,wave,v*dy(u),0,1,0,1,1,0,0,0,96
69402,boundary,wave,wave,w*dz(u),0,1,0,1,1,0,0,0,96
69402,boundary,wave,wave,u*dx(v),3.55771734502218e-14,2,0,24,1,1.78247781980505e-15,5.82239954287048e-12,96,0
69402,boundary,wave,wave,v*dy(v),0,1,0,1,1,0,0,0,96
69402,boundary,wave,wave,w*dz(v),0,1,0,1,1,0,0,0,96
69402,boundary,wave,wave,u*dx(w),3.98857559981811e-17,1,0,18,1,6.66133814775094e-16,9.65938440344871e-12,96,0
69402,boundary,wave,wave,v*dy(w),0,1,0,1,1,0,0,0,96
69402,boundary,wave,wave,w*dz(w),0,1,0,1,1,0,0,0,96
69402,boundary,wave,wave,u*dx(eta),1.87059542437042e-15,2,0,24,1,4.44089209850063e-16,1.31908115271278e-11,96,0
69402,boundary,wave,wave,v*dy(eta),0,1,0,1,1,0,0,0,96
69402,boundary,wave,wave,w*dz(eta),0,1,0,1,1,0,0,0,96
69402,boundary,wave,wave,w*eta*dlogN2,0,1,0,1,1,0,0,0,96
69402,apv,boundary,wave,u*dx(u),0,-1,0,1,0,0,0,0,12
69402,apv,boundary,wave,v*dy(u),0,-1,0,1,0,0,0,0,12
69402,apv,boundary,wave,w*dz(u),0,-1,0,1,0,0,0,0,12
69402,apv,boundary,wave,u*dx(v),4.09191605752535e-15,4,0,1,0,1.4994401461198e-15,2.24886775868072e-11,12,0
69402,apv,boundary,wave,v*dy(v),0,-1,0,1,0,0,0,0,12
69402,apv,boundary,wave,w*dz(v),0,-1,0,1,0,0,0,0,12
69402,apv,boundary,wave,u*dx(w),0,-1,0,1,0,0,0,0,12
69402,apv,boundary,wave,v*dy(w),0,-1,0,1,0,0,0,0,12
69402,apv,boundary,wave,w*dz(w),0,-1,0,1,0,0,0,0,12
69402,apv,boundary,wave,u*dx(eta),4.39650608703978e-16,4,0,2,0,3.28576288053539e-16,2.10986783599765e-11,12,0
69402,apv,boundary,wave,v*dy(eta),0,-1,0,1,0,0,0,0,12
69402,apv,boundary,wave,w*dz(eta),0,-1,0,1,0,0,0,0,12
69402,apv,boundary,wave,w*eta*dlogN2,0,-1,0,1,0,0,0,0,12
69402,boundary,apv,wave,u*dx(u),0,1,0,-1,0,0,0,0,12
69402,boundary,apv,wave,v*dy(u),0,1,0,-1,0,0,0,0,12
69402,boundary,apv,wave,w*dz(u),0,1,0,-1,0,0,0,0,12
69402,boundary,apv,wave,u*dx(v),4.12277449926568e-15,1,0,5,0,1.41067354964216e-15,2.13116191360996e-11,12,0
69402,boundary,apv,wave,v*dy(v),0,1,0,-1,0,0,0,0,12
69402,boundary,apv,wave,w*dz(v),0,1,0,-1,0,0,0,0,12
69402,boundary,apv,wave,u*dx(w),0,1,0,-1,0,0,0,0,12
69402,boundary,apv,wave,v*dy(w),0,1,0,-1,0,0,0,0,12
69402,boundary,apv,wave,w*dz(w),0,1,0,-1,0,0,0,0,12
69402,boundary,apv,wave,u*dx(eta),9.40020041301947e-16,2,0,1,0,7.53393146910016e-16,1.82437358034542e-11,12,0
69402,boundary,apv,wave,v*dy(eta),0,1,0,-1,0,0,0,0,12
69402,boundary,apv,wave,w*dz(eta),0,1,0,-1,0,0,0,0,12
69402,boundary,apv,wave,w*eta*dlogN2,0,1,0,-1,0,0,0,0,12
69402,boundary,boundary,wave,u*dx(u),0,1,0,1,0,0,0,0,4
69402,boundary,boundary,wave,v*dy(u),0,1,0,1,0,0,0,0,4
69402,boundary,boundary,wave,w*dz(u),0,1,0,1,0,0,0,0,4
69402,boundary,boundary,wave,u*dx(v),4.94145312781089e-15,1,0,2,0,2.187775631346e-15,5.20392921671321e-10,4,0
69402,boundary,boundary,wave,v*dy(v),0,1,0,1,0,0,0,0,4
69402,boundary,boundary,wave,w*dz(v),0,1,0,1,0,0,0,0,4
69402,boundary,boundary,wave,u*dx(w),0,1,0,1,0,0,0,0,4
69402,boundary,boundary,wave,v*dy(w),0,1,0,1,0,0,0,0,4
69402,boundary,boundary,wave,w*dz(w),0,1,0,1,0,0,0,0,4
69402,boundary,boundary,wave,u*dx(eta),6.7207020308528e-16,1,0,2,0,7.06532810280849e-16,1.93979756381768e-10,4,0
69402,boundary,boundary,wave,v*dy(eta),0,1,0,1,0,0,0,0,4
69402,boundary,boundary,wave,w*dz(eta),0,1,0,1,0,0,0,0,4
69402,boundary,boundary,wave,w*eta*dlogN2,0,1,0,1,0,0,0,0,4
69806,wave,wave,wave,u*dx(u),7.86213978687372e-07,23,-1,24,1,3.66506306615406e-15,1.48462131477345e-10,2304,0
69806,wave,wave,wave,v*dy(u),7.86213978693046e-07,23,-1,24,1,3.62023142659368e-15,1.48409506905978e-10,2304,0
69806,wave,wave,wave,w*dz(u),7.86481698531492e-07,23,1,24,1,6.47894278433757e-14,4.04369296780891e-06,2304,0
69806,wave,wave,wave,u*dx(v),7.84412579778196e-07,23,-1,24,1,3.47436013385459e-15,1.4822609806231e-10,2304,0
69806,wave,wave,wave,v*dy(v),7.84412579800356e-07,23,-1,24,1,3.54284610383909e-15,1.48173251446337e-10,2304,0
69806,wave,wave,wave,w*dz(v),7.84679384501562e-07,23,1,24,1,6.38919880313861e-14,3.88920264847698e-06,2304,0
69806,wave,wave,wave,u*dx(w),1.17326455430807e-09,24,1,24,1,9.99200722162641e-16,1.48716372549984e-10,2304,0
69806,wave,wave,wave,v*dy(w),1.17326455432786e-09,24,1,24,1,8.88178419700125e-16,1.48663747978617e-10,2304,0
69806,wave,wave,wave,w*dz(w),1.17326365022398e-09,24,1,24,1,9.99200722162641e-16,1.48021150891964e-10,2304,0
69806,wave,wave,wave,u*dx(eta),7.96213597690909e-08,24,1,24,1,1.54367393294552e-15,8.73705552351112e-11,2304,0
69806,wave,wave,wave,v*dy(eta),7.96213597722395e-08,24,1,24,1,1.48975684476081e-15,8.7317708619139e-11,2304,0
69806,wave,wave,wave,w*dz(eta),7.96213253360693e-08,24,1,24,1,1.29201105118865e-15,8.6743279226198e-11,2304,0
69806,wave,wave,wave,w*eta*dlogN2,4.8065174110628e-08,23,1,24,1,1.10498834118016e-15,8.72846239730052e-11,2304,0
69806,wave,apv,wave,u*dx(u),5.86924429963147e-11,24,1,5,0,2.43056223760492e-15,2.75106267165597e-11,288,0
69806,wave,apv,wave,v*dy(u),5.86924412578424e-11,24,1,5,0,2.56247042245008e-15,2.74735278617048e-11,288,0
69806,wave,apv,wave,w*dz(u),6.13930011229147e-11,24,1,5,0,2.38051551654948e-15,2.71271357387982e-11,288,0
69806,wave,apv,wave,u*dx(v),5.85976824501597e-11,24,1,5,0,2.34805182119029e-15,2.5942581416416e-11,288,0
69806,wave,apv,wave,v*dy(v),5.85976854981105e-11,24,1,5,0,2.22327600559708e-15,2.58897348004439e-11,288,0
69806,wave,apv,wave,w*dz(v),6.12944683421229e-11,24,1,5,0,2.4358113876362e-15,2.59225974019728e-11,288,0
69806,wave,apv,wave,u*dx(w),0,1,1,-1,0,0,0,0,288
69806,wave,apv,wave,v*dy(w),0,1,1,-1,0,0,0,0,288
69806,wave,apv,wave,w*dz(w),0,1,1,-1,0,0,0,0,288
69806,wave,apv,wave,u*dx(eta),3.47839228026318e-12,24,1,5,0,8.80619231621087e-16,2.59492427545638e-11,288,0
69806,wave,apv,wave,v*dy(eta),3.47839417216262e-12,24,1,5,0,8.79011055210752e-16,2.58966181831966e-11,288,0
69806,wave,apv,wave,w*dz(eta),3.39259654546963e-12,24,1,5,0,8.10824078329797e-16,1.79152359613965e-10,288,0
69806,wave,apv,wave,w*eta*dlogN2,8.1319888377501e-12,24,1,5,0,1.1591647235179e-15,2.62543320417308e-11,288,0
69806,apv,wave,wave,u*dx(u),5.86899654147429e-11,5,0,24,1,2.32083377107787e-15,1.22773347044358e-10,288,0
69806,apv,wave,wave,v*dy(u),5.86899654147429e-11,5,0,24,1,2.32083377107787e-15,1.22773347044358e-10,288,0
69806,apv,wave,wave,w*dz(u),0,-1,0,1,1,0,0,0,288
69806,apv,wave,wave,u*dx(v),5.85952171167851e-11,5,0,24,1,2.16915610402439e-15,1.22537091584718e-10,288,0
69806,apv,wave,wave,v*dy(v),5.85952171167851e-11,5,0,24,1,2.16915610402439e-15,1.22537091584718e-10,288,0
69806,apv,wave,wave,w*dz(v),0,-1,0,1,1,0,0,0,288
69806,apv,wave,wave,u*dx(w),5.86901322421729e-14,5,0,24,1,6.66133814775094e-16,1.23471899371452e-10,288,0
69806,apv,wave,wave,v*dy(w),5.86901322421729e-14,5,0,24,1,6.66133814775094e-16,1.23471899371452e-10,288,0
69806,apv,wave,wave,w*dz(w),0,-1,0,1,1,0,0,0,288
69806,apv,wave,wave,u*dx(eta),3.39191882827912e-12,5,0,24,1,7.45326717426135e-16,6.21966922409456e-11,288,0
69806,apv,wave,wave,v*dy(eta),3.39191882827912e-12,5,0,24,1,7.45326717426135e-16,6.21966922409456e-11,288,0
69806,apv,wave,wave,w*dz(eta),0,-1,0,1,1,0,0,0,288
69806,apv,wave,wave,w*eta*dlogN2,0,-1,0,1,1,0,0,0,288
69806,wave,boundary,wave,u*dx(u),7.7120323087903e-14,24,1,1,0,2.78217555513146e-15,2.48798303968849e-11,96,0
69806,wave,boundary,wave,v*dy(u),7.75946273346495e-14,24,1,1,0,2.33567291150325e-15,2.48409347944099e-11,96,0
69806,wave,boundary,wave,w*dz(u),2.10006785373917e-13,24,1,2,0,2.01804876968023e-15,2.59152699300103e-11,96,0
69806,wave,boundary,wave,u*dx(v),7.69784388207302e-14,24,1,1,0,2.16582053497149e-15,2.48594478335917e-11,96,0
69806,wave,boundary,wave,v*dy(v),7.66854521898152e-14,24,1,1,0,1.9055593927005e-15,2.48066012176196e-11,96,0
69806,wave,boundary,wave,w*dz(v),2.09639448119748e-13,24,1,2,0,1.85256221016922e-15,2.59152699300103e-11,96,0
69806,wave,boundary,wave,u*dx(w),0,1,1,1,0,0,0,0,96
69806,wave,boundary,wave,v*dy(w),0,1,1,1,0,0,0,0,96
69806,wave,boundary,wave,w*dz(w),0,1,1,1,0,0,0,0,96
69806,wave,boundary,wave,u*dx(eta),1.15363658138407e-14,24,1,2,0,7.7715611723761e-16,2.58926213803079e-11,96,0
69806,wave,boundary,wave,v*dy(eta),1.15350532712077e-14,24,1,2,0,6.6625435775369e-16,2.58397747643357e-11,96,0
69806,wave,boundary,wave,w*dz(eta),4.39304159187233e-15,24,1,1,0,1.02895361745984e-15,2.59174903760595e-11,96,0
69806,wave,boundary,wave,w*eta*dlogN2,3.68273215132906e-15,24,1,2,0,6.66133814775094e-16,2.59150478854053e-11,96,0
69806,boundary,wave,wave,u*dx(u),4.59773366064921e-14,2,0,24,1,1.85701387169348e-15,1.24169341475522e-10,96,0
69806,boundary,wave,wave,v*dy(u),4.59773366064921e-14,2,0,24,1,1.85701387169348e-15,1.24169341475522e-10,96,0
69806,boundary,wave,wave,w*dz(u),0,1,0,1,1,0,0,0,96
69806,boundary,wave,wave,u*dx(v),4.58227086253768e-14,2,0,24,1,1.87697124757447e-15,1.23933308060487e-10,96,0
69806,boundary,wave,wave,v*dy(v),4.58227086253768e-14,2,0,24,1,1.87697124757447e-15,1.23933308060487e-10,96,0
69806,boundary,wave,wave,w*dz(v),0,1,0,1,1,0,0,0,96
69806,boundary,wave,wave,u*dx(w),4.40099543084058e-17,1,0,17,1,6.66133814775094e-16,1.24464438755467e-10,96,0
69806,boundary,wave,wave,v*dy(w),4.40099543084058e-17,1,0,17,1,6.66133814775094e-16,1.24464438755467e-10,96,0
69806,boundary,wave,wave,w*dz(w),0,1,0,1,1,0,0,0,96
69806,boundary,wave,wave,u*dx(eta),2.66520544002193e-15,2,0,24,1,7.09614314608367e-16,6.30864249728802e-11,96,0
69806,boundary,wave,wave,v*dy(eta),2.66520544002193e-15,2,0,24,1,7.09614314608367e-16,6.30864249728802e-11,96,0
69806,boundary,wave,wave,w*dz(eta),0,1,0,1,1,0,0,0,96
69806,boundary,wave,wave,w*eta*dlogN2,0,1,0,1,1,0,0,0,96
69806,apv,boundary,wave,u*dx(u),4.27900739771391e-15,4,0,1,0,1.71683316376678e-15,1.92666927506234e-11,12,0
69806,apv,boundary,wave,v*dy(u),4.27900739771391e-15,4,0,1,0,1.71683316376678e-15,1.92666927506234e-11,12,0
69806,apv,boundary,wave,w*dz(u),0,-1,0,1,0,0,0,0,12
69806,apv,boundary,wave,u*dx(v),3.6323384622899e-15,4,0,1,0,2.03833420318894e-15,1.6802337299282e-11,12,0
69806,apv,boundary,wave,v*dy(v),3.6323384622899e-15,4,0,1,0,2.03833420318894e-15,1.6802337299282e-11,12,0
69806,apv,boundary,wave,w*dz(v),0,-1,0,1,0,0,0,0,12
69806,apv,boundary,wave,u*dx(w),0,-1,0,1,0,0,0,0,12
69806,apv,boundary,wave,v*dy(w),0,-1,0,1,0,0,0,0,12
69806,apv,boundary,wave,w*dz(w),0,-1,0,1,0,0,0,0,12
69806,apv,boundary,wave,u*dx(eta),5.50097046033066e-16,-1,0,2,0,5.36234996876237e-16,1.82573955953558e-11,12,0
69806,apv,boundary,wave,v*dy(eta),5.50097046033066e-16,-1,0,2,0,5.36234996876237e-16,1.82573955953558e-11,12,0
69806,apv,boundary,wave,w*dz(eta),0,-1,0,1,0,0,0,0,12
69806,apv,boundary,wave,w*eta*dlogN2,0,-1,0,1,0,0,0,0,12
69806,boundary,apv,wave,u*dx(u),4.32383806069508e-15,1,0,5,0,1.88794105371265e-15,2.25465450486287e-11,12,0
69806,boundary,apv,wave,v*dy(u),4.32383806069508e-15,1,0,5,0,1.88794105371265e-15,2.25465450486287e-11,12,0
69806,boundary,apv,wave,w*dz(u),0,1,0,-1,0,0,0,0,12
69806,boundary,apv,wave,u*dx(v),3.02636234836189e-15,1,0,4,0,1.43571523740147e-15,2.22153406781445e-11,12,0
69806,boundary,apv,wave,v*dy(v),3.02636234836189e-15,1,0,4,0,1.43571523740147e-15,2.22153406781445e-11,12,0
69806,boundary,apv,wave,w*dz(v),0,1,0,-1,0,0,0,0,12
69806,boundary,apv,wave,u*dx(w),0,1,0,-1,0,0,0,0,12
69806,boundary,apv,wave,v*dy(w),0,1,0,-1,0,0,0,0,12
69806,boundary,apv,wave,w*dz(w),0,1,0,-1,0,0,0,0,12
69806,boundary,apv,wave,u*dx(eta),8.63394125197193e-16,2,0,1,0,6.98104736791181e-16,1.79767348955931e-11,12,0
69806,boundary,apv,wave,v*dy(eta),8.63394125197193e-16,2,0,1,0,6.98104736791181e-16,1.79767348955931e-11,12,0
69806,boundary,apv,wave,w*dz(eta),0,1,0,-1,0,0,0,0,12
69806,boundary,apv,wave,w*eta*dlogN2,0,1,0,-1,0,0,0,0,12
69806,boundary,boundary,wave,u*dx(u),4.04099700450467e-15,1,0,1,0,1.89188052697213e-15,4.49340073704468e-11,4,0
69806,boundary,boundary,wave,v*dy(u),4.04099700450467e-15,1,0,1,0,1.89188052697213e-15,4.49340073704468e-11,4,0
69806,boundary,boundary,wave,w*dz(u),0,1,0,1,0,0,0,0,4
69806,boundary,boundary,wave,u*dx(v),2.92942467491949e-15,1,0,2,0,1.17361061867422e-15,4.39756009384951e-11,4,0
69806,boundary,boundary,wave,v*dy(v),2.92942467491949e-15,1,0,2,0,1.17361061867422e-15,4.39756009384951e-11,4,0
69806,boundary,boundary,wave,w*dz(v),0,1,0,1,0,0,0,0,4
69806,boundary,boundary,wave,u*dx(w),0,1,0,1,0,0,0,0,4
69806,boundary,boundary,wave,v*dy(w),0,1,0,1,0,0,0,0,4
69806,boundary,boundary,wave,w*dz(w),0,1,0,1,0,0,0,0,4
69806,boundary,boundary,wave,u*dx(eta),8.65388053348846e-16,2,0,1,0,8.73804592349794e-16,5.14297781546358e-11,4,0
69806,boundary,boundary,wave,v*dy(eta),8.65388053348846e-16,2,0,1,0,8.73804592349794e-16,5.14297781546358e-11,4,0
69806,boundary,boundary,wave,w*dz(eta),0,1,0,1,0,0,0,0,4
69806,boundary,boundary,wave,w*eta*dlogN2,0,1,0,1,0,0,0,0,4
70199,wave,wave,wave,u*dx(u),7.84425905441419e-07,23,1,24,1,3.5770713154574e-15,1.04785513599381e-10,2304,0
70199,wave,wave,wave,v*dy(u),7.84425905435888e-07,23,-1,24,1,3.63093630589322e-15,1.04732889028014e-10,2304,0
70199,wave,wave,wave,w*dz(u),7.84692720474735e-07,24,1,23,1,4.68684300934693e-14,6.85154162177735e-06,2304,0
70199,wave,wave,wave,u*dx(v),7.83418498762886e-07,23,-1,24,1,3.54191845338731e-15,1.04797281963442e-10,2304,0
70199,wave,wave,wave,v*dy(v),7.83418498757029e-07,23,-1,24,1,3.63119839411943e-15,1.04744657392075e-10,2304,0
70199,wave,wave,wave,w*dz(v),7.83684803834641e-07,24,1,23,1,4.66275139376357e-14,6.75477212010192e-06,2304,0
70199,wave,wave,wave,u*dx(w),1.87813821751335e-09,24,1,24,1,1.22124532708767e-15,1.04724451333027e-10,2304,0
70199,wave,wave,wave,v*dy(w),1.8781382175088e-09,24,1,24,1,1.11022302462516e-15,1.0467182676166e-10,2304,0
70199,wave,wave,wave,w*dz(w),1.8781372825246e-09,24,1,24,1,1.11022302462516e-15,1.05011999096405e-10,2304,0
70199,wave,wave,wave,u*dx(eta),1.26911908396892e-07,24,1,24,1,1.35859446512589e-15,6.53150866725127e-11,2304,0
70199,wave,wave,wave,v*dy(eta),1.26911908399133e-07,24,1,24,1,1.34794423990774e-15,6.52624621011455e-11,2304,0
70199,wave,wave,wave,w*dz(eta),1.26911872933656e-07,24,1,24,1,1.62860963119607e-15,6.55873133581508e-11,2304,0
70199,wave,wave,wave,w*eta*dlogN2,7.66369620429343e-08,23,1,24,1,1.54233527914792e-15,6.53188614307965e-11,2304,0
70199,wave,apv,wave,u*dx(u),5.85994311774389e-11,24,1,5,0,2.3084065439656e-15,2.59423593718111e-11,288,0
70199,wave,apv,wave,v*dy(u),5.85993949786737e-11,24,1,5,0,2.17860712706148e-15,2.58897348004439e-11,288,0
70199,wave,apv,wave,w*dz(u),6.12962598159676e-11,24,1,5,0,2.23437240338903e-15,2.59225974019728e-11,288,0
70199,wave,apv,wave,u*dx(v),5.85463091564313e-11,24,1,5,0,2.17015968203812e-15,2.59423593718111e-11,288,0
70199,wave,apv,wave,v*dy(v),5.8546346273887e-11,24,1,5,0,2.14326330326617e-15,2.5889512755839e-11,288,0
70199,wave,apv,wave,w*dz(v),6.12411357912978e-11,24,1,5,0,2.24637368898606e-15,2.59228194465777e-11,288,0
70199,wave,apv,wave,u*dx(w),0,1,1,-1,0,0,0,0,288
70199,wave,apv,wave,v*dy(w),0,1,1,-1,0,0,0,0,288
70199,wave,apv,wave,w*dz(w),0,1,1,-1,0,0,0,0,288
70199,wave,apv,wave,u*dx(eta),5.55434623094504e-12,24,1,5,0,1.07969000354276e-15,2.59492427545638e-11,288,0
70199,wave,apv,wave,v*dy(eta),5.5543444789289e-12,24,1,5,0,1.17925963914911e-15,2.58966181831966e-11,288,0
70199,wave,apv,wave,w*dz(eta),5.41728318726144e-12,24,1,5,0,1.31056651134709e-15,1.79152359613965e-10,288,0
70199,wave,apv,wave,w*eta*dlogN2,1.29870017182572e-11,24,1,5,0,1.17968789889915e-15,2.7593450713427e-11,288,0
70199,apv,wave,wave,u*dx(u),5.8597967909679e-11,5,0,24,1,2.34635415697349e-15,7.90081333690296e-11,288,0
70199,apv,wave,wave,v*dy(u),5.85980581883955e-11,5,0,24,1,2.21824409271041e-15,7.90076892798197e-11,288,0
70199,apv,wave,wave,w*dz(u),0,-1,0,1,1,0,0,0,288
70199,apv,wave,wave,u*dx(v),5.85449019380458e-11,5,0,24,1,2.23600269715472e-15,7.90196796884857e-11,288,0
70199,apv,wave,wave,v*dy(v),5.85449026350056e-11,5,0,24,1,2.29786307543487e-15,7.90196796884857e-11,288,0
70199,apv,wave,wave,w*dz(v),0,-1,0,1,1,0,0,0,288
70199,apv,wave,wave,u*dx(w),9.39478191897888e-14,5,0,24,1,5.55111512312578e-16,7.95452592683432e-11,288,0
70199,apv,wave,wave,v*dy(w),9.39477674013799e-14,5,0,24,1,5.55111512312578e-16,7.95454813129481e-11,288,0
70199,apv,wave,wave,w*dz(w),0,-1,0,1,1,0,0,0,288
70199,apv,wave,wave,u*dx(eta),5.4162707311289e-12,5,0,24,1,8.89429126685843e-16,4.01814137518386e-11,288,0
70199,apv,wave,wave,v*dy(eta),5.4162877157726e-12,5,0,24,1,1.34511512063926e-15,4.01816357964435e-11,288,0
70199,apv,wave,wave,w*dz(eta),0,-1,0,1,1,0,0,0,288
70199,apv,wave,wave,w*eta*dlogN2,0,-1,0,1,1,0,0,0,288
70199,wave,boundary,wave,u*dx(u),8.53921534774576e-14,24,1,2,0,1.85196862303529e-15,2.499778162246e-11,96,0
70199,wave,boundary,wave,v*dy(u),8.47380085294832e-14,24,1,2,0,2.2579850245269e-15,2.49449350064879e-11,96,0
70199,wave,boundary,wave,w*dz(u),7.68226787295714e-14,24,1,2,0,1.68944911807596e-15,2.59199328667137e-11,96,0
70199,wave,boundary,wave,u*dx(v),8.5342912974303e-14,24,1,2,0,2.43845600473794e-15,2.49982257116699e-11,96,0
70199,wave,boundary,wave,v*dy(v),8.57292887041959e-14,24,1,2,0,2.17832813833747e-15,2.49451570510928e-11,96,0
70199,wave,boundary,wave,w*dz(v),7.66253451156584e-14,24,1,2,0,1.68721921808519e-15,2.59199328667137e-11,96,0
70199,wave,boundary,wave,u*dx(w),0,1,1,1,0,0,0,0,96
70199,wave,boundary,wave,v*dy(w),0,1,1,1,0,0,0,0,96
70199,wave,boundary,wave,w*dz(w),0,1,1,1,0,0,0,0,96
70199,wave,boundary,wave,u*dx(eta),6.78713130902895e-15,24,1,2,0,9.3538597584998e-16,2.59217092235531e-11,96,0
70199,wave,boundary,wave,v*dy(eta),6.79519861985867e-15,24,1,2,0,5.65049503643199e-16,2.58688626075809e-11,96,0
70199,wave,boundary,wave,w*dz(eta),7.62015543912635e-15,24,1,2,0,9.15628474457461e-16,2.59083865472576e-11,96,0
70199,wave,boundary,wave,w*eta*dlogN2,6.65870866614975e-15,24,1,1,0,8.61558917890954e-16,2.59197108221088e-11,96,0
70199,boundary,wave,wave,u*dx(u),4.56612186535052e-14,2,0,24,1,1.76310737718104e-15,8.07758304688377e-11,96,0
70199,boundary,wave,wave,v*dy(u),4.60005062855259e-14,2,0,24,1,1.76492000952282e-15,8.07756084242328e-11,96,0
70199,boundary,wave,wave,w*dz(u),0,1,0,1,1,0,0,0,96
70199,boundary,wave,wave,u*dx(v),4.63359147994155e-14,2,0,24,1,1.84320854663322e-15,8.07873767882938e-11,96,0
70199,boundary,wave,wave,v*dy(v),4.58858034641341e-14,2,0,24,1,1.74359916444987e-15,8.07875988328988e-11,96,0
70199,boundary,wave,wave,w*dz(v),0,1,0,1,1,0,0,0,96
70199,boundary,wave,wave,u*dx(w),6.627054586687e-17,1,0,17,1,4.44089209850063e-16,8.07878208775037e-11,96,0
70199,boundary,wave,wave,v*dy(w),6.99215339764579e-17,1,0,18,1,6.66133814775094e-16,8.07878208775037e-11,96,0
70199,boundary,wave,wave,w*dz(w),0,1,0,1,1,0,0,0,96
70199,boundary,wave,wave,u*dx(eta),4.18346671309453e-15,2,0,24,1,1.12019129912111e-15,4.12352374468128e-11,96,0
70199,boundary,wave,wave,v*dy(eta),4.25331040251145e-15,2,0,24,1,1.19601515960911e-15,4.12354594914177e-11,96,0
70199,boundary,wave,wave,w*dz(eta),0,1,0,1,1,0,0,0,96
70199,boundary,wave,wave,w*eta*dlogN2,0,1,0,1,1,0,0,0,96
70199,apv,boundary,wave,u*dx(u),3.83001642881535e-15,4,0,1,0,1.4440958850897e-15,1.99185112847999e-11,12,0
70199,apv,boundary,wave,v*dy(u),3.93432588985685e-15,4,0,1,0,1.37835878378115e-15,1.99187333294049e-11,12,0
70199,apv,boundary,wave,w*dz(u),0,-1,0,1,0,0,0,0,12
70199,apv,boundary,wave,u*dx(v),3.49437297864926e-15,4,0,1,0,1.28159389042189e-15,1.99185112847999e-11,12,0
70199,apv,boundary,wave,v*dy(v),3.53966770070721e-15,4,0,1,0,1.42640813344096e-15,1.99187333294049e-11,12,0
70199,apv,boundary,wave,w*dz(v),0,-1,0,1,0,0,0,0,12
70199,apv,boundary,wave,u*dx(w),0,-1,0,1,0,0,0,0,12
70199,apv,boundary,wave,v*dy(w),0,-1,0,1,0,0,0,0,12
70199,apv,boundary,wave,w*dz(w),0,-1,0,1,0,0,0,0,12
70199,apv,boundary,wave,u*dx(eta),6.61033354148961e-16,1,0,2,0,5.10959815898001e-16,2.09319228616778e-11,12,0
70199,apv,boundary,wave,v*dy(eta),6.47959809556202e-16,-1,0,2,0,5.93054573139111e-16,2.09319228616778e-11,12,0
70199,apv,boundary,wave,w*dz(eta),0,-1,0,1,0,0,0,0,12
70199,apv,boundary,wave,w*eta*dlogN2,0,-1,0,1,0,0,0,0,12
70199,boundary,apv,wave,u*dx(u),4.01755335455552e-15,1,0,5,0,1.70929752031894e-15,2.22155627227494e-11,12,0
70199,boundary,apv,wave,v*dy(u),3.96882097019433e-15,1,0,5,0,1.66503766200047e-15,2.22153406781445e-11,12,0
70199,boundary,apv,wave,w*dz(u),0,1,0,-1,0,0,0,0,12
70199,boundary,apv,wave,u*dx(v),3.55538329446463e-15,1,0,5,0,1.26202442766496e-15,2.22153406781445e-11,12,0
70199,boundary,apv,wave,v*dy(v),3.62027817412781e-15,1,0,5,0,1.3585828001648e-15,2.22155627227494e-11,12,0
70199,boundary,apv,wave,w*dz(v),0,1,0,-1,0,0,0,0,12
70199,boundary,apv,wave,u*dx(w),0,1,0,-1,0,0,0,0,12
70199,boundary,apv,wave,v*dy(w),0,1,0,-1,0,0,0,0,12
70199,boundary,apv,wave,w*dz(w),0,1,0,-1,0,0,0,0,12
70199,boundary,apv,wave,u*dx(eta),9.03704685560683e-16,2,0,1,0,5.48444018606492e-16,2.2311354154636e-11,12,0
70199,boundary,apv,wave,v*dy(eta),7.73064691282279e-16,2,0,5,0,8.98345568039831e-16,2.2311345840156e-11,12,0
70199,boundary,apv,wave,w*dz(eta),0,1,0,-1,0,0,0,0,12
70199,boundary,apv,wave,w*eta*dlogN2,0,1,0,-1,0,0,0,0,12
70199,boundary,boundary,wave,u*dx(u),4.53191903874321e-15,1,0,2,0,1.6267241455112e-15,2.14409712206987e-10,4,0
70199,boundary,boundary,wave,v*dy(u),4.59521042818707e-15,1,0,2,0,1.63736297844911e-15,2.14409823229289e-10,4,0
70199,boundary,boundary,wave,w*dz(u),0,1,0,1,0,0,0,0,4
70199,boundary,boundary,wave,u*dx(v),4.33258301162715e-15,1,0,2,0,1.71998879227316e-15,2.14409712206987e-10,4,0
70199,boundary,boundary,wave,v*dy(v),4.42320793553248e-15,1,0,2,0,1.6540977201148e-15,2.14409712206987e-10,4,0
70199,boundary,boundary,wave,w*dz(v),0,1,0,1,0,0,0,0,4
70199,boundary,boundary,wave,u*dx(w),0,1,0,1,0,0,0,0,4
70199,boundary,boundary,wave,v*dy(w),0,1,0,1,0,0,0,0,4
70199,boundary,boundary,wave,w*dz(w),0,1,0,1,0,0,0,0,4
70199,boundary,boundary,wave,u*dx(eta),1.14767777892927e-15,2,0,1,0,9.45978917012222e-16,1.49875915368103e-10,4,0
70199,boundary,boundary,wave,v*dy(eta),8.69356617794508e-16,2,0,1,0,1.44837351020276e-15,1.4987609481953e-10,4,0
70199,boundary,boundary,wave,w*dz(eta),0,1,0,1,0,0,0,0,4
70199,boundary,boundary,wave,w*eta*dlogN2,0,1,0,1,0,0,0,0,4
70717,wave,wave,wave,u*dx(u),7.82190350370384e-07,23,1,24,1,3.48404870155231e-15,5.0739190626814e-11,2304,0
70717,wave,wave,wave,v*dy(u),7.82190350361818e-07,23,-1,24,1,3.5021009569986e-15,5.07343056455056e-11,2304,0
70717,wave,wave,wave,w*dz(u),7.8245599414131e-07,23,1,24,1,5.81290799116654e-14,6.80751180737821e-06,2304,0
70717,wave,wave,wave,u*dx(v),7.85209775466913e-07,23,1,24,1,3.64735826085287e-15,5.07389685822091e-11,2304,0
70717,wave,wave,wave,v*dy(v),7.852097754648e-07,23,-1,24,1,3.60218945498498e-15,5.07340836009007e-11,2304,0
70717,wave,wave,wave,w*dz(v),7.85476946838858e-07,23,1,24,1,5.91348158697534e-14,7.09123810936213e-06,2304,0
70717,wave,wave,wave,u*dx(w),1.96762321908952e-09,24,1,24,1,8.88178419700125e-16,5.08877384675088e-11,2304,0
70717,wave,wave,wave,v*dy(w),1.96762321899508e-09,24,1,24,1,1.22124532708767e-15,5.08826314415955e-11,2304,0
70717,wave,wave,wave,w*dz(w),1.96762160766869e-09,24,1,24,1,8.88178419700125e-16,5.07744957189971e-11,2304,0
70717,wave,wave,wave,u*dx(eta),1.32868189323884e-07,24,1,24,1,1.43675353872887e-15,5.07298647534071e-11,2304,0
70717,wave,wave,wave,v*dy(eta),1.32868189327264e-07,24,1,24,1,1.50719276340592e-15,5.07249797720988e-11,2304,0
70717,wave,wave,wave,w*dz(eta),1.32868128254657e-07,24,1,24,1,1.54520781337075e-15,5.07713870945281e-11,2304,0
70717,wave,wave,wave,w*eta*dlogN2,8.023771105706e-08,23,1,24,1,1.2809488519295e-15,5.07709430053183e-11,2304,0
70717,wave,apv,wave,u*dx(u),5.84826399845984e-11,24,1,5,0,2.14462596930817e-15,5.06790165388793e-11,288,0
70717,wave,apv,wave,v*dy(u),5.84826429500212e-11,24,1,5,0,2.11718778195476e-15,5.06736874683611e-11,288,0
70717,wave,apv,wave,w*dz(u),6.11747339704734e-11,24,1,5,0,2.38287797312754e-15,5.07527353477144e-11,288,0
70717,wave,apv,wave,u*dx(v),5.86418101212943e-11,24,1,5,0,2.40355688736687e-15,5.06787944942744e-11,288,0
70717,wave,apv,wave,v*dy(v),5.86418138178349e-11,24,1,5,0,2.39867949334638e-15,5.0673909512966e-11,288,0
70717,wave,apv,wave,w*dz(v),6.13402316086944e-11,24,1,5,0,2.48908867535022e-15,5.07527353477144e-11,288,0
70717,wave,apv,wave,u*dx(w),0,1,1,-1,0,0,0,0,288
70717,wave,apv,wave,v*dy(w),0,1,1,-1,0,0,0,0,288
70717,wave,apv,wave,w*dz(w),0,1,1,-1,0,0,0,0,288
70717,wave,apv,wave,u*dx(eta),5.81674144752002e-12,24,1,5,0,1.11707005779804e-15,5.07296427088022e-11,288,0
70717,wave,apv,wave,v*dy(eta),5.81674231677234e-12,24,1,5,0,1.0467842934637e-15,5.07247577274939e-11,288,0
70717,wave,apv,wave,w*dz(eta),5.67319551784533e-12,24,1,5,0,1.39936300804507e-15,1.54398827056923e-10,288,0
70717,wave,apv,wave,w*eta*dlogN2,1.36007064131851e-11,24,1,5,0,1.20138631343559e-15,5.10969044853482e-11,288,0
70717,apv,wave,wave,u*dx(u),5.84800102293559e-11,5,0,24,1,2.19636748390341e-15,2.91786594885934e-11,288,0
70717,apv,wave,wave,v*dy(u),5.84799474256294e-11,5,0,24,1,2.23842291718745e-15,2.91787705108959e-11,288,0
70717,apv,wave,wave,w*dz(u),0,-1,0,1,1,0,0,0,288
70717,apv,wave,wave,u*dx(v),5.8639097670524e-11,5,0,24,1,2.47589037334711e-15,2.91657809015078e-11,288,0
70717,apv,wave,wave,v*dy(v),5.86391485933935e-11,5,0,24,1,2.37701531666908e-15,2.91660029461127e-11,288,0
70717,apv,wave,wave,w*dz(v),0,-1,0,1,1,0,0,0,288
70717,apv,wave,wave,u*dx(w),9.84240299366097e-14,5,0,24,1,6.66133814775094e-16,3.39014372130464e-11,288,0
70717,apv,wave,wave,v*dy(w),9.84241946340283e-14,5,0,24,1,5.55111512312578e-16,3.39014372130464e-11,288,0
70717,apv,wave,wave,w*dz(w),0,-1,0,1,1,0,0,0,288
70717,apv,wave,wave,u*dx(eta),5.67204506952148e-12,5,0,24,1,1.06791115055249e-15,1.99823491087159e-11,288,0
70717,apv,wave,wave,v*dy(eta),5.6720568767553e-12,5,0,24,1,9.44268039183957e-16,1.99824601310183e-11,288,0
70717,apv,wave,wave,w*dz(eta),0,-1,0,1,1,0,0,0,288
70717,apv,wave,wave,w*eta*dlogN2,0,-1,0,1,1,0,0,0,288
70717,wave,boundary,wave,u*dx(u),8.36538122001757e-14,24,1,2,0,1.73852355474934e-15,5.1707527148892e-11,96,0
70717,wave,boundary,wave,v*dy(u),8.35474751912302e-14,24,1,2,0,2.20549208998737e-15,5.17026421675837e-11,96,0
70717,wave,boundary,wave,w*dz(u),1.08231418471067e-13,24,1,2,0,1.98035447772112e-15,5.07853759046384e-11,96,0
70717,wave,boundary,wave,u*dx(v),8.4406134093789e-14,24,1,2,0,1.89137576733404e-15,5.1707527148892e-11,96,0
70717,wave,boundary,wave,v*dy(v),8.41906375593605e-14,24,1,2,0,2.14160565356394e-15,5.17026421675837e-11,96,0
70717,wave,boundary,wave,w*dz(v),1.08505756579647e-13,24,1,2,0,1.74291996756993e-15,5.07855979492433e-11,96,0
70717,wave,boundary,wave,u*dx(w),0,1,1,1,0,0,0,0,96
70717,wave,boundary,wave,v*dy(w),0,1,1,1,0,0,0,0,96
70717,wave,boundary,wave,w*dz(w),0,1,1,1,0,0,0,0,96
70717,wave,boundary,wave,u*dx(eta),9.99237465384861e-15,24,1,2,0,8.88178419700125e-16,5.08328934500923e-11,96,0
70717,wave,boundary,wave,v*dy(eta),1.00010706925828e-14,24,1,2,0,6.49368131480875e-16,5.0828008468784e-11,96,0
70717,wave,boundary,wave,w*dz(eta),7.83875654281032e-15,24,1,2,0,1.20448681212255e-15,5.07798247895153e-11,96,0
70717,wave,boundary,wave,w*eta*dlogN2,6.77900193821143e-15,24,1,1,0,8.77767319884758e-16,5.07873743060827e-11,96,0
70717,boundary,wave,wave,u*dx(u),2.77617442927825e-14,2,0,24,1,2.03803981779013e-15,2.83100209941267e-11,96,0
70717,boundary,wave,wave,v*dy(u),2.7543894878329e-14,2,0,24,1,1.95421809594869e-15,2.83100209941267e-11,96,0
70717,boundary,wave,wave,w*dz(u),0,1,0,1,1,0,0,0,96
70717,boundary,wave,wave,u*dx(v),2.67744718384064e-14,2,0,24,1,1.81102857287863e-15,2.8297364451646e-11,96,0
70717,boundary,wave,wave,v*dy(v),2.72499129093048e-14,2,0,24,1,1.64909772017784e-15,2.82978085408558e-11,96,0
70717,boundary,wave,wave,w*dz(v),0,1,0,1,1,0,0,0,96
70717,boundary,wave,wave,u*dx(w),6.32776771339717e-17,1,0,17,1,6.66133814775094e-16,2.70109490330128e-11,96,0
70717,boundary,wave,wave,v*dy(w),6.48759060748589e-17,1,0,17,1,6.66133814775094e-16,2.70111710776177e-11,96,0
70717,boundary,wave,wave,w*dz(w),0,1,0,1,1,0,0,0,96
70717,boundary,wave,wave,u*dx(eta),2.82359736612154e-15,2,0,24,1,1.30725272561502e-15,1.97327779337237e-11,96,0
70717,boundary,wave,wave,v*dy(eta),2.8610201302165e-15,2,0,24,1,9.46152978823633e-16,1.97332626884612e-11,96,0
70717,boundary,wave,wave,w*dz(eta),0,1,0,1,1,0,0,0,96
70717,boundary,wave,wave,w*eta*dlogN2,0,1,0,1,1,0,0,0,96
70717,apv,boundary,wave,u*dx(u),3.26441113529376e-15,4,0,1,0,1.11605096265697e-15,1.81130666021545e-11,12,0
70717,apv,boundary,wave,v*dy(u),3.3073413166751e-15,4,0,1,0,1.11786760502186e-15,1.81130666021545e-11,12,0
70717,apv,boundary,wave,w*dz(u),0,-1,0,1,0,0,0,0,12
70717,apv,boundary,wave,u*dx(v),4.01314373894936e-15,4,0,1,0,1.50969037620814e-15,1.86209084182215e-11,12,0
70717,apv,boundary,wave,v*dy(v),3.93644499513798e-15,4,0,1,0,1.44883957362659e-15,1.86231416899644e-11,12,0
70717,apv,boundary,wave,w*dz(v),0,-1,0,1,0,0,0,0,12
70717,apv,boundary,wave,u*dx(w),0,-1,0,1,0,0,0,0,12
70717,apv,boundary,wave,v*dy(w),0,-1,0,1,0,0,0,0,12
70717,apv,boundary,wave,w*dz(w),0,-1,0,1,0,0,0,0,12
70717,apv,boundary,wave,u*dx(eta),8.28065764867652e-16,1,0,2,0,9.06568624356482e-16,2.04076755494498e-11,12,0
70717,apv,boundary,wave,v*dy(eta),5.35767261580528e-16,-1,0,2,0,5.02615059072536e-16,2.04078975940547e-11,12,0
70717,apv,boundary,wave,w*dz(eta),0,-1,0,1,0,0,0,0,12
70717,apv,boundary,wave,w*eta*dlogN2,0,-1,0,1,0,0,0,0,12
70717,boundary,apv,wave,u*dx(u),3.2696031567175e-15,1,0,3,0,1.42461547942112e-15,2.35624852962246e-11,12,0
70717,boundary,apv,wave,v*dy(u),3.18812416458774e-15,1,0,3,0,1.48771952822152e-15,2.35624852962246e-11,12,0
70717,boundary,apv,wave,w*dz(u),0,1,0,-1,0,0,0,0,12
70717,boundary,apv,wave,u*dx(v),4.18060717917823e-15,1,0,4,0,1.43245058247343e-15,2.35624852962246e-11,12,0
70717,boundary,apv,wave,v*dy(v),4.26842211385286e-15,1,0,5,0,1.32834197975633e-15,2.35624852962246e-11,12,0
70717,boundary,apv,wave,w*dz(v),0,1,0,-1,0,0,0,0,12
70717,boundary,apv,wave,u*dx(w),0,1,0,-1,0,0,0,0,12
70717,boundary,apv,wave,v*dy(w),0,1,0,-1,0,0,0,0,12
70717,boundary,apv,wave,w*dz(w),0,1,0,-1,0,0,0,0,12
70717,boundary,apv,wave,u*dx(eta),8.89195031891971e-16,2,0,1,0,7.25170175698883e-16,1.83848915581183e-11,12,0
70717,boundary,apv,wave,v*dy(eta),1.04738462654767e-15,2,0,1,0,5.04325915657524e-16,1.83847200042357e-11,12,0
70717,boundary,apv,wave,w*dz(eta),0,1,0,-1,0,0,0,0,12
70717,boundary,apv,wave,w*eta*dlogN2,0,1,0,-1,0,0,0,0,12
70717,boundary,boundary,wave,u*dx(u),3.93103563792633e-15,1,0,2,0,1.49788272246293e-15,1.35447430888496e-10,4,0
70717,boundary,boundary,wave,v*dy(u),3.75248006633435e-15,1,0,2,0,1.50258062499125e-15,1.35447328324205e-10,4,0
70717,boundary,boundary,wave,w*dz(u),0,1,0,1,0,0,0,0,4
70717,boundary,boundary,wave,u*dx(v),4.37092470236178e-15,1,0,2,0,1.54768214991066e-15,2.09073253135038e-10,4,0
70717,boundary,boundary,wave,v*dy(v),4.61825643804137e-15,1,0,2,0,1.67409145625947e-15,2.0907393457562e-10,4,0
70717,boundary,boundary,wave,w*dz(v),0,1,0,1,0,0,0,0,4
70717,boundary,boundary,wave,u*dx(w),0,1,0,1,0,0,0,0,4
70717,boundary,boundary,wave,v*dy(w),0,1,0,1,0,0,0,0,4
70717,boundary,boundary,wave,w*dz(w),0,1,0,1,0,0,0,0,4
70717,boundary,boundary,wave,u*dx(eta),2.16674890178752e-15,2,0,1,0,1.2920675432177e-15,2.46233158451973e-10,4,0
70717,boundary,boundary,wave,v*dy(eta),1.58165166902571e-15,1,0,2,0,8.99732864589715e-16,2.46233160046259e-10,4,0
70717,boundary,boundary,wave,w*dz(eta),0,1,0,1,0,0,0,0,4
70717,boundary,boundary,wave,w*eta*dlogN2,0,1,0,1,0,0,0,0,4
71577,wave,wave,inertial,u*dx(u),3.33531865311437e-10,24,1,23,1,1.33226762955019e-15,1.90294557889104e-10,2304,0
71577,wave,wave,inertial,v*dy(u),3.33531801224665e-10,24,1,23,1,1.55650668493586e-15,1.90274684896963e-10,2304,0
71577,wave,wave,inertial,w*dz(u),4.59846188902653e-10,1,1,1,1,4.0071134252871e-15,3.26352823598669e-07,2304,0
71577,wave,wave,inertial,u*dx(v),3.33531765008403e-10,23,1,24,1,1.55100280402856e-15,1.90274906941568e-10,2304,0
71577,wave,wave,inertial,v*dy(v),3.33531772231286e-10,24,-1,23,1,1.36561935689386e-15,1.90255255994032e-10,2304,0
71577,wave,wave,inertial,w*dz(v),4.59846186677355e-10,1,1,1,1,3.98914172244963e-15,3.26352818453488e-07,2304,0
71577,wave,wave,mda,u*dx(eta),6.20507250286818e-12,24,1,24,1,3.2512784862668e-15,7.05966812321601e-10,2304,0
71577,wave,wave,mda,v*dy(eta),6.205109712546e-12,24,1,24,1,3.01401853965407e-15,7.05949143583713e-10,2304,0
71577,wave,wave,mda,w*dz(eta),6.20510868729248e-12,24,1,24,1,3.25158795276126e-15,7.05967688620283e-10,2304,0
71577,wave,wave,mda,w*eta*dlogN2,1.06669986952336e-12,24,1,23,1,2.62050308287751e-15,1.42765688160296e-10,2304,0
71577,wave,apv,inertial,u*dx(u),4.17536519451789e-15,23,1,3,0,1.18236033968599e-15,9.53587209195916e-11,288,0
71577,wave,apv,inertial,v*dy(u),4.18826652062908e-15,23,1,3,0,1.05362581603148e-15,9.53391809943582e-11,288,0
71577,wave,apv,inertial,w*dz(u),3.23471361058399e-15,22,1,5,0,1.15596549870337e-15,1.08613673610591e-10,288,0
71577,wave,apv,inertial,u*dx(v),4.18463914900743e-15,23,1,3,0,1.05215564860639e-15,9.53584988749867e-11,288,0
71577,wave,apv,inertial,v*dy(v),4.17820058670664e-15,23,1,3,0,1.04400819575995e-15,9.53389589497533e-11,288,0
71577,wave,apv,inertial,w*dz(v),3.24128382111737e-15,22,1,5,0,1.20315789117706e-15,1.08613784632894e-10,288,0
71577,wave,apv,mda,u*dx(eta),3.58318309247417e-15,24,1,2,0,2.56818215575001e-15,6.8904390738853e-10,288,0
71577,wave,apv,mda,v*dy(eta),3.83747238571813e-15,7,1,-1,0,2.47101239762917e-15,6.89029402520026e-10,288,0
71577,wave,apv,mda,w*dz(eta),1.28776758692555e-13,1,1,-1,0,2.04811936454106e-15,3.37053775030684e-07,288,0
71577,wave,apv,mda,w*eta*dlogN2,3.34459476169136e-15,6,1,5,0,4.13127607742149e-15,1.33109634425921e-10,288,0
71577,apv,wave,inertial,u*dx(u),4.17425498353346e-15,3,0,23,1,1.07292800922291e-15,9.53584988749867e-11,288,0
71577,apv,wave,inertial,v*dy(u),4.17835353178664e-15,3,0,23,1,1.06631543611986e-15,9.53586098972892e-11,288,0
71577,apv,wave,inertial,w*dz(u),0,-1,0,1,1,0,0,0,288
71577,apv,wave,inertial,u*dx(v),4.14331441200886e-15,3,0,23,1,1.03577215118371e-15,9.53389589497533e-11,288,0
71577,apv,wave,inertial,v*dy(v),4.18748618936212e-15,3,0,23,1,1.04767044007571e-15,9.53389589497533e-11,288,0
71577,apv,wave,inertial,w*dz(v),0,-1,0,1,1,0,0,0,288
71577,apv,wave,mda,u*dx(eta),3.19100237054753e-15,4,0,22,1,2.23020332681112e-15,6.06308969707419e-11,288,0
71577,apv,wave,mda,v*dy(eta),3.20455917203166e-15,4,0,22,1,2.22775800690381e-15,6.06310040372105e-11,288,0
71577,apv,wave,mda,w*dz(eta),0,-1,0,1,1,0,0,0,288
71577,apv,wave,mda,w*eta*dlogN2,0,-1,0,1,1,0,0,0,288
71577,wave,boundary,inertial,u*dx(u),7.95642204569312e-15,1,1,1,0,8.85098992408956e-16,9.39128774746223e-11,96,0
71577,wave,boundary,inertial,v*dy(u),7.76501098953676e-15,1,1,1,0,1.50139740267039e-15,9.38933375493889e-11,96,0
71577,wave,boundary,inertial,w*dz(u),2.57195321721366e-15,1,1,1,0,9.99832682762896e-16,9.61412061073474e-11,96,0
71577,wave,boundary,inertial,u*dx(v),8.08123859303297e-15,1,1,1,0,1.07468381649032e-15,9.39127664523198e-11,96,0
71577,wave,boundary,inertial,v*dy(v),7.99345917233927e-15,1,1,1,0,9.29696941924085e-16,9.38932265270864e-11,96,0
71577,wave,boundary,inertial,w*dz(v),2.50677970766905e-15,1,1,1,0,1.23623205106488e-15,9.61414281519524e-11,96,0
71577,wave,boundary,mda,u*dx(eta),3.43725298374966e-15,16,1,1,0,5.00684171445956e-16,7.9384937808807e-10,96,0
71577,wave,boundary,mda,v*dy(eta),3.79518311719871e-15,22,1,1,0,5.75697648005786e-16,7.9382829800616e-10,96,0
71577,wave,boundary,mda,w*dz(eta),2.10624187624882e-15,1,1,2,0,2.31716324214108e-15,9.59464729888282e-11,96,0
71577,wave,boundary,mda,w*eta*dlogN2,2.48910654439086e-15,1,1,1,0,2.44504466550793e-15,9.61579704750193e-11,96,0
71577,boundary,wave,inertial,u*dx(u),7.96760237929761e-15,1,0,1,1,8.60475200511696e-16,9.39127664523198e-11,96,0
71577,boundary,wave,inertial,v*dy(u),7.98256083082869e-15,1,0,1,1,8.75369687299357e-16,9.39127664523198e-11,96,0
71577,boundary,wave,inertial,w*dz(u),0,1,0,1,1,0,0,0,96
71577,boundary,wave,inertial,u*dx(v),7.96756416301594e-15,1,0,1,1,9.83353641199322e-16,9.38933375493889e-11,96,0
71577,boundary,wave,inertial,v*dy(v),8.01046694803495e-15,1,0,1,1,9.715179479594e-16,9.38932265270864e-11,96,0
71577,boundary,wave,inertial,w*dz(v),0,1,0,1,1,0,0,0,96
71577,boundary,wave,mda,u*dx(eta),2.4429608577326e-15,1,0,3,1,1.85621128051137e-15,1.29351006949338e-10,96,0
71577,boundary,wave,mda,v*dy(eta),2.78772572512188e-15,1,0,3,1,1.8875248370981e-15,1.29350981486845e-10,96,0
71577,boundary,wave,mda,w*dz(eta),0,1,0,1,1,0,0,0,96
71577,boundary,wave,mda,w*eta*dlogN2,0,1,0,1,1,0,0,0,96
71577,apv,boundary,inertial,u*dx(u),3.01698148986389e-15,5,0,1,0,9.51082851781481e-16,2.74964495616814e-11,12,0
71577,apv,boundary,inertial,v*dy(u),3.02181535827185e-15,5,0,1,0,9.75584425132672e-16,2.74962275170765e-11,12,0
71577,apv,boundary,inertial,w*dz(u),0,-1,0,1,0,0,0,0,12
71577,apv,boundary,inertial,u*dx(v),3.00732601250356e-15,5,0,1,0,1.34784545661185e-15,2.74964495616814e-11,12,0
71577,apv,boundary,inertial,v*dy(v),2.98734974753203e-15,5,0,1,0,1.27564666383103e-15,2.74962275170765e-11,12,0
71577,apv,boundary,inertial,w*dz(v),0,-1,0,1,0,0,0,0,12
71577,apv,boundary,mda,u*dx(eta),3.42056015280431e-15,5,0,1,0,3.88635421113557e-16,5.14552432962077e-11,12,0
71577,apv,boundary,mda,v*dy(eta),3.42056015280431e-15,5,0,1,0,3.7214712171056e-16,5.14551627300875e-11,12,0
71577,apv,boundary,mda,w*dz(eta),0,-1,0,1,0,0,0,0,12
71577,apv,boundary,mda,w*eta*dlogN2,0,-1,0,1,0,0,0,0,12
71577,boundary,apv,inertial,u*dx(u),3.02531494256486e-15,1,0,5,0,9.31589467537446e-16,2.74962275170765e-11,12,0
71577,boundary,apv,inertial,v*dy(u),3.03795402508028e-15,1,0,5,0,9.57335128940706e-16,2.74964495616814e-11,12,0
71577,boundary,apv,inertial,w*dz(u),0,1,0,-1,0,0,0,0,12
71577,boundary,apv,inertial,u*dx(v),3.03442464804192e-15,1,0,5,0,1.33992861984872e-15,2.74964495616814e-11,12,0
71577,boundary,apv,inertial,v*dy(v),3.00395800713863e-15,1,0,5,0,1.34592999060508e-15,2.74964495616814e-11,12,0
71577,boundary,apv,inertial,w*dz(v),0,1,0,-1,0,0,0,0,12
71577,boundary,apv,mda,u*dx(eta),2.73062570961713e-15,1,0,1,0,7.36234058972337e-16,2.02790007008957e-10,12,0
71577,boundary,apv,mda,v*dy(eta),3.2137673817042e-15,1,0,-1,0,7.72801410161341e-16,2.02790007008957e-10,12,0
71577,boundary,apv,mda,w*dz(eta),0,1,0,-1,0,0,0,0,12
71577,boundary,apv,mda,w*eta*dlogN2,0,1,0,-1,0,0,0,0,12
71577,boundary,boundary,inertial,u*dx(u),8.01654722949594e-15,2,0,1,0,5.43264834644219e-15,3.47414741419527e-09,4,0
71577,boundary,boundary,inertial,v*dy(u),7.98680623420228e-15,1,0,2,0,5.49484532534694e-15,3.47414741419527e-09,4,0
71577,boundary,boundary,inertial,w*dz(u),0,1,0,1,0,0,0,0,4
71577,boundary,boundary,inertial,u*dx(v),7.45661072184558e-15,2,0,1,0,5.43089780225428e-15,3.47414719215067e-09,4,0
71577,boundary,boundary,inertial,v*dy(v),7.44227314598612e-15,1,0,2,0,5.47844792238718e-15,3.47414719215067e-09,4,0
71577,boundary,boundary,inertial,w*dz(v),0,1,0,1,0,0,0,0,4
71577,boundary,boundary,mda,u*dx(eta),3.29473971840864e-15,2,0,1,0,1.95971840989309e-15,8.82205864962226e-09,4,0
71577,boundary,boundary,mda,v*dy(eta),3.25793517332541e-15,2,0,1,0,1.7593593491809e-15,8.82205867767458e-09,4,0
71577,boundary,boundary,mda,w*dz(eta),0,1,0,1,0,0,0,0,4
71577,boundary,boundary,mda,w*eta*dlogN2,0,1,0,1,0,0,0,0,4
71784,wave,wave,wave,u*dx(u),7.86101788855807e-07,23,1,24,1,3.63127916106965e-15,4.2397085842083e-11,2304,0
71784,wave,wave,wave,v*dy(u),7.86101788907197e-07,23,1,24,1,3.60935661815828e-15,4.23762136492201e-11,2304,0
71784,wave,wave,wave,w*dz(u),7.86369436884134e-07,24,1,23,1,2.3509065105861e-14,3.54229771802187e-06,2304,0
71784,wave,wave,wave,u*dx(v),7.85199824172606e-07,23,1,24,1,3.61806123111016e-15,4.23761026269176e-11,2304,0
71784,wave,wave,wave,v*dy(v),7.85199824171097e-07,23,1,24,1,3.60470902807081e-15,4.23554524786596e-11,2304,0
71784,wave,wave,wave,w*dz(v),7.85467013537197e-07,24,1,23,1,2.32716328061061e-14,3.45806918591501e-06,2304,0
71784,wave,wave,wave,u*dx(w),9.27547692736214e-10,24,1,24,1,1.11022302462516e-15,4.2177927817022e-11,2304,0
71784,wave,wave,wave,v*dy(w),9.27547692722585e-10,24,1,24,1,9.99200722162641e-16,4.21571666464615e-11,2304,0
71784,wave,wave,wave,w*dz(w),9.27547097114388e-10,24,1,24,1,8.88178419700125e-16,4.22650803244551e-11,2304,0
71784,wave,wave,wave,u*dx(eta),6.3011349672467e-08,24,1,24,1,1.15632173835211e-15,4.22291090984572e-11,2304,0
71784,wave,wave,wave,v*dy(eta),6.30113496711214e-08,24,1,24,1,1.11656376175458e-15,4.22081258832918e-11,2304,0
71784,wave,wave,wave,w*dz(eta),6.30113269551885e-08,24,1,24,1,1.11022302462516e-15,4.23899804147254e-11,2304,0
71784,wave,wave,wave,w*eta*dlogN2,3.80352586556643e-08,23,1,24,1,1.11022302462516e-15,4.19989598654524e-11,2304,0
71784,wave,apv,wave,u*dx(u),5.86873563577241e-11,24,1,5,0,2.57319543649556e-15,4.24837942603062e-11,288,0
71784,wave,apv,wave,v*dy(u),5.86873528700882e-11,24,1,5,0,2.47575712779776e-15,4.24625890005359e-11,288,0
71784,wave,apv,wave,w*dz(u),6.13874886739853e-11,24,1,5,0,2.63921923633321e-15,5.52644596751861e-11,288,0
71784,wave,apv,wave,u*dx(v),5.86399750133623e-11,24,1,5,0,2.2361897298597e-15,4.24837942603062e-11,288,0
71784,wave,apv,wave,v*dy(v),5.86399716928692e-11,24,1,5,0,2.13662744642195e-15,4.24625890005359e-11,288,0
71784,wave,apv,wave,w*dz(v),6.13381878737341e-11,24,1,5,0,2.26127449792592e-15,5.52644596751861e-11,288,0
71784,wave,apv,wave,u*dx(w),0,1,1,-1,0,0,0,0,288
71784,wave,apv,wave,v*dy(w),0,1,1,-1,0,0,0,0,288
71784,wave,apv,wave,w*dz(w),0,1,1,-1,0,0,0,0,288
71784,wave,apv,wave,u*dx(eta),2.75160750598486e-12,24,1,5,0,7.53621641938477e-16,6.10943517997953e-11,288,0
71784,wave,apv,wave,v*dy(eta),2.75160777044348e-12,24,1,5,0,7.71632830382918e-16,6.10735906292348e-11,288,0
71784,wave,apv,wave,w*dz(eta),2.68373529079355e-12,24,1,5,0,1.23833335097871e-15,2.46985876195538e-10,288,0
71784,wave,apv,wave,w*eta*dlogN2,6.43255814306203e-12,24,1,5,0,9.80256405125466e-16,5.60992363674018e-11,288,0
71784,apv,wave,wave,u*dx(u),5.86852225211698e-11,5,0,24,1,2.23643392914533e-15,1.07255212988663e-11,288,0
71784,apv,wave,wave,v*dy(u),5.86852971125056e-11,5,0,24,1,2.28940457630644e-15,1.07261664145341e-11,288,0
71784,apv,wave,wave,w*dz(u),0,-1,0,1,1,0,0,0,288
71784,apv,wave,wave,u*dx(v),5.86377550436441e-11,5,0,24,1,2.23809999860579e-15,8.1276849331987e-12,288,0
71784,apv,wave,wave,v*dy(v),5.86377845153198e-11,5,0,24,1,2.18091950993454e-15,8.12791361056776e-12,288,0
71784,apv,wave,wave,w*dz(v),0,-1,0,1,1,0,0,0,288
71784,apv,wave,wave,u*dx(w),4.63980629872039e-14,5,0,24,1,6.66133814775094e-16,6.88826773398432e-12,288,0
71784,apv,wave,wave,v*dy(w),4.63981603027929e-14,5,0,24,1,4.44089209850063e-16,6.88826773398432e-12,288,0
71784,apv,wave,wave,w*dz(w),0,-1,0,1,1,0,0,0,288
71784,apv,wave,wave,u*dx(eta),2.6832192299138e-12,5,0,24,1,8.00129923910278e-16,4.31491104437585e-12,288,0
71784,apv,wave,wave,v*dy(eta),2.68321678297126e-12,5,0,24,1,8.76624507653494e-16,4.3150987507688e-12,288,0
71784,apv,wave,wave,w*dz(eta),0,-1,0,1,1,0,0,0,288
71784,apv,wave,wave,w*eta*dlogN2,0,-1,0,1,1,0,0,0,288
71784,wave,boundary,wave,u*dx(u),7.60847079063101e-14,24,1,2,0,1.93566445821206e-15,4.26508828255123e-11,96,0
71784,wave,boundary,wave,v*dy(u),7.61273661853093e-14,24,1,2,0,1.92529954668298e-15,4.26300106326494e-11,96,0
71784,wave,boundary,wave,w*dz(u),3.08347501219929e-14,24,1,2,0,1.64244914800407e-15,4.19221324321484e-11,96,0
71784,wave,boundary,wave,u*dx(v),7.63412358116552e-14,24,1,2,0,1.73815833108089e-15,4.26508828255123e-11,96,0
71784,wave,boundary,wave,v*dy(v),7.5815622983398e-14,24,1,2,0,1.99584187195754e-15,4.26300106326494e-11,96,0
71784,wave,boundary,wave,w*dz(v),3.08901917005274e-14,24,1,2,0,1.97475901904587e-15,4.19221324321484e-11,96,0
71784,wave,boundary,wave,u*dx(w),0,1,1,1,0,0,0,0,96
71784,wave,boundary,wave,v*dy(w),0,1,1,1,0,0,0,0,96
71784,wave,boundary,wave,w*dz(w),0,1,1,1,0,0,0,0,96
71784,wave,boundary,wave,u*dx(eta),1.4146886178524e-15,24,1,2,0,6.66133814775094e-16,4.36997105168757e-11,96,0
71784,wave,boundary,wave,v*dy(eta),1.40727225030002e-15,24,1,2,0,4.90536303259969e-16,4.36792824132226e-11,96,0
71784,wave,boundary,wave,w*dz(eta),3.40074052724531e-15,24,1,2,0,7.05490979055447e-16,4.1904035796847e-11,96,0
71784,wave,boundary,wave,w*eta*dlogN2,2.90794916640636e-15,24,1,1,0,6.64175071404562e-16,4.19190238076794e-11,96,0
71784,boundary,wave,wave,u*dx(u),2.20149965717861e-14,2,0,24,1,1.88808647817817e-15,1.16494942952309e-11,96,0
71784,boundary,wave,wave,v*dy(u),2.19830776268442e-14,2,0,24,1,2.02924328834649e-15,1.16502323810815e-11,96,0
71784,boundary,wave,wave,w*dz(u),0,1,0,1,1,0,0,0,96
71784,boundary,wave,wave,u*dx(v),2.20996389383872e-14,2,0,24,1,2.14892041599188e-15,1.026267959503e-11,96,0
71784,boundary,wave,wave,v*dy(v),2.26581212565102e-14,2,0,24,1,1.80919594196605e-15,1.026267959503e-11,96,0
71784,boundary,wave,wave,w*dz(v),0,1,0,1,1,0,0,0,96
71784,boundary,wave,wave,u*dx(w),2.95301808055765e-17,1,0,17,1,6.66133814775094e-16,1.87827531306084e-11,96,0
71784,boundary,wave,wave,v*dy(w),2.88831894582736e-17,1,0,17,1,6.66133814775094e-16,1.87827531306084e-11,96,0
71784,boundary,wave,wave,w*dz(w),0,1,0,1,1,0,0,0,96
71784,boundary,wave,wave,u*dx(eta),1.12045777901803e-15,2,0,24,1,7.08220170129411e-16,3.92868985596917e-11,96,0
71784,boundary,wave,wave,v*dy(eta),1.14541919984672e-15,2,0,24,1,8.92050804366956e-16,3.9286274573121e-11,96,0
71784,boundary,wave,wave,w*dz(eta),0,1,0,1,1,0,0,0,96
71784,boundary,wave,wave,w*eta*dlogN2,0,1,0,1,1,0,0,0,96
71784,apv,boundary,wave,u*dx(u),4.52797443101976e-15,5,0,1,0,1.41192494510381e-15,2.06893862902036e-11,12,0
71784,apv,boundary,wave,v*dy(u),4.52337184200852e-15,5,0,1,0,2.28041811136589e-15,2.06900865375835e-11,12,0
71784,apv,boundary,wave,w*dz(u),0,-1,0,1,0,0,0,0,12
71784,apv,boundary,wave,u*dx(v),3.20362957316029e-15,3,0,1,0,1.6835845406274e-15,1.99491534402796e-11,12,0
71784,apv,boundary,wave,v*dy(v),3.17921973818159e-15,4,0,1,0,1.24008191720644e-15,1.99493754848845e-11,12,0
71784,apv,boundary,wave,w*dz(v),0,-1,0,1,0,0,0,0,12
71784,apv,boundary,wave,u*dx(w),0,-1,0,1,0,0,0,0,12
71784,apv,boundary,wave,v*dy(w),0,-1,0,1,0,0,0,0,12
71784,apv,boundary,wave,w*dz(w),0,-1,0,1,0,0,0,0,12
71784,apv,boundary,wave,u*dx(eta),2.99861684915857e-16,-1,0,1,0,2.23062172178378e-16,2.16793250018554e-11,12,0
71784,apv,boundary,wave,v*dy(eta),4.1760479925641e-16,-1,0,2,0,3.72773372874127e-16,2.16793250018554e-11,12,0
71784,apv,boundary,wave,w*dz(eta),0,-1,0,1,0,0,0,0,12
71784,apv,boundary,wave,w*eta*dlogN2,0,-1,0,1,0,0,0,0,12
71784,boundary,apv,wave,u*dx(u),4.70434308304884e-15,1,0,5,0,1.58331442900711e-15,2.85762404217913e-11,12,0
71784,boundary,apv,wave,v*dy(u),4.84358972140595e-15,1,0,5,0,1.75722939814915e-15,2.85761658904492e-11,12,0
71784,boundary,apv,wave,w*dz(u),0,1,0,-1,0,0,0,0,12
71784,boundary,apv,wave,u*dx(v),3.10230537594782e-15,1,0,3,0,1.63999712470955e-15,2.75237610480872e-11,12,0
71784,boundary,apv,wave,v*dy(v),3.16016688645154e-15,1,0,4,0,1.47157669754795e-15,2.75237610480872e-11,12,0
71784,boundary,apv,wave,w*dz(v),0,1,0,-1,0,0,0,0,12
71784,boundary,apv,wave,u*dx(w),0,1,0,-1,0,0,0,0,12
71784,boundary,apv,wave,v*dy(w),0,1,0,-1,0,0,0,0,12
71784,boundary,apv,wave,w*dz(w),0,1,0,-1,0,0,0,0,12
71784,boundary,apv,wave,u*dx(eta),3.44818240959904e-16,2,0,-1,0,7.25436992670564e-16,2.74705703653831e-11,12,0
71784,boundary,apv,wave,v*dy(eta),4.38407372986568e-16,2,0,3,0,5.33168852706029e-16,2.7470506032301e-11,12,0
71784,boundary,apv,wave,w*dz(eta),0,1,0,-1,0,0,0,0,12
71784,boundary,apv,wave,w*eta*dlogN2,0,1,0,-1,0,0,0,0,12
71784,boundary,boundary,wave,u*dx(u),6.56506063587622e-15,1,0,2,0,3.69116997399602e-15,9.54120732782002e-10,4,0
71784,boundary,boundary,wave,v*dy(u),6.6865870419524e-15,1,0,2,0,3.40259581537507e-15,9.54119759119324e-10,4,0
71784,boundary,boundary,wave,w*dz(u),0,1,0,1,0,0,0,0,4
71784,boundary,boundary,wave,u*dx(v),6.07685123929881e-15,1,0,2,0,3.37650365981527e-15,6.93723967160054e-10,4,0
71784,boundary,boundary,wave,v*dy(v),6.05835018628531e-15,1,0,2,0,3.35491779760539e-15,6.93724189204659e-10,4,0
71784,boundary,boundary,wave,w*dz(v),0,1,0,1,0,0,0,0,4
71784,boundary,boundary,wave,u*dx(w),0,1,0,1,0,0,0,0,4
71784,boundary,boundary,wave,v*dy(w),0,1,0,1,0,0,0,0,4
71784,boundary,boundary,wave,w*dz(w),0,1,0,1,0,0,0,0,4
71784,boundary,boundary,wave,u*dx(eta),1.11630643283547e-15,2,0,1,0,7.7715611723761e-16,3.76489457619135e-10,4,0
71784,boundary,boundary,wave,v*dy(eta),6.42418525539427e-16,1,0,2,0,7.76064197950379e-16,3.76489753099189e-10,4,0
71784,boundary,boundary,wave,w*dz(eta),0,1,0,1,0,0,0,0,4
71784,boundary,boundary,wave,w*eta*dlogN2,0,1,0,1,0,0,0,0,4
73827,wave,wave,wave,u*dx(u),7.86101994971265e-07,23,-1,24,1,3.65737910862237e-15,2.57920351742769e-11,2304,0
73827,wave,wave,wave,v*dy(u),7.86101994966074e-07,23,-1,24,1,3.85362476902538e-15,2.5788704505203e-11,2304,0
73827,wave,wave,wave,w*dz(u),7.86369588740427e-07,23,1,24,1,4.42470452483923e-14,6.12963682592372e-06,2304,0
73827,wave,wave,wave,u*dx(v),7.84413576555645e-07,23,1,24,1,3.57712820519041e-15,2.5753177368415e-11,2304,0
73827,wave,wave,wave,v*dy(v),7.84413576523323e-07,23,1,24,1,3.60799218631726e-15,2.57498466993411e-11,2304,0
73827,wave,wave,wave,w*dz(v),7.84680312740826e-07,23,1,24,1,4.35957487844694e-14,5.91510324822462e-06,2304,0
73827,wave,wave,wave,u*dx(w),1.20937435865968e-09,24,1,24,1,1.11022302462516e-15,2.59927634971291e-11,2304,0
73827,wave,wave,wave,v*dy(w),1.20937435864338e-09,24,1,24,1,9.99200722162641e-16,2.59896548726601e-11,2304,0
73827,wave,wave,wave,w*dz(w),1.20937305828945e-09,24,1,24,1,8.88178419700125e-16,2.55655496772533e-11,2304,0
73827,wave,wave,wave,u*dx(eta),8.2057761859307e-08,24,1,24,1,1.11022302462516e-15,1.62194702113538e-11,2304,0
73827,wave,wave,wave,v*dy(eta),8.20577618588191e-08,24,1,24,1,1.26771390830091e-15,1.62163615868849e-11,2304,0
73827,wave,wave,wave,w*dz(eta),8.20577123330194e-08,24,1,24,1,1.59491895809466e-15,1.5739187730901e-11,2304,0
73827,wave,wave,wave,w*eta*dlogN2,4.95365880861905e-08,23,1,24,1,1.09874441790739e-15,1.60875757160284e-11,2304,0
73827,wave,apv,wave,u*dx(u),5.86885319207921e-11,24,1,5,0,2.30666667827e-15,1.08313255667271e-11,288,0
73827,wave,apv,wave,v*dy(u),5.8688500147197e-11,24,1,5,0,2.21096604596179e-15,1.0830172805484e-11,288,0
73827,wave,apv,wave,w*dz(u),6.13889645627725e-11,24,1,5,0,2.37389399970141e-15,2.66559252198379e-11,288,0
73827,wave,apv,wave,u*dx(v),5.85997241353774e-11,24,1,5,0,2.16751419678997e-15,8.01879259502566e-12,288,0
73827,wave,apv,wave,v*dy(v),5.85996853978596e-11,24,1,5,0,2.27805814257434e-15,8.01850945840196e-12,288,0
73827,wave,apv,wave,w*dz(v),6.12966323958044e-11,24,1,5,0,2.49130161856505e-15,2.13224447744753e-11,288,0
73827,wave,apv,wave,u*dx(w),0,1,1,-1,0,0,0,0,288
73827,wave,apv,wave,v*dy(w),0,1,1,-1,0,0,0,0,288
73827,wave,apv,wave,w*dz(w),0,1,1,-1,0,0,0,0,288
73827,wave,apv,wave,u*dx(eta),3.58521258005122e-12,24,1,5,0,8.87333049832472e-16,1.96638261229509e-11,288,0
73827,wave,apv,wave,v*dy(eta),3.58521133285965e-12,24,1,5,0,9.06779935574142e-16,1.96337390789836e-11,288,0
73827,wave,apv,wave,w*dz(eta),3.49676811548153e-12,24,1,5,0,8.61210579687941e-16,1.98940197648767e-10,288,0
73827,wave,apv,wave,w*eta*dlogN2,8.38153527340615e-12,24,1,5,0,6.78472497713595e-16,2.59416932379963e-11,288,0
73827,apv,wave,wave,u*dx(u),5.86852388863808e-11,5,0,24,1,2.64257028007774e-15,2.08008407252163e-11,288,0
73827,apv,wave,wave,v*dy(u),5.8685329586269e-11,5,0,24,1,2.45954142849223e-15,2.08010388304148e-11,288,0
73827,apv,wave,wave,w*dz(u),0,-1,0,1,1,0,0,0,288
73827,apv,wave,wave,u*dx(v),5.85964348232464e-11,5,0,24,1,2.30297946444566e-15,1.94033678013739e-11,288,0
73827,apv,wave,wave,v*dy(v),5.85963403611441e-11,5,0,24,1,2.5701146752559e-15,1.94035898459788e-11,288,0
73827,apv,wave,wave,w*dz(v),0,-1,0,1,1,0,0,0,288
73827,apv,wave,wave,u*dx(w),6.0495780185192e-14,5,0,24,1,6.66133814775094e-16,2.03344008298245e-11,288,0
73827,apv,wave,wave,v*dy(w),6.0495761180324e-14,5,0,24,1,5.55111512312578e-16,2.03344008298245e-11,288,0
73827,apv,wave,wave,w*dz(w),0,-1,0,1,1,0,0,0,288
73827,apv,wave,wave,u*dx(eta),3.49601746839037e-12,5,0,24,1,9.50914646797521e-16,1.06112896247623e-11,288,0
73827,apv,wave,wave,v*dy(eta),3.49601799469122e-12,5,0,24,1,1.03759080886372e-15,1.06112896247623e-11,288,0
73827,apv,wave,wave,w*dz(eta),0,-1,0,1,1,0,0,0,288
73827,apv,wave,wave,w*eta*dlogN2,0,-1,0,1,1,0,0,0,288
73827,wave,boundary,wave,u*dx(u),8.3659539863988e-14,24,1,2,0,1.84527646138033e-15,6.77375556455123e-12,96,0
73827,wave,boundary,wave,v*dy(u),8.46088586204784e-14,24,1,2,0,1.97949014416592e-15,6.77052054682269e-12,96,0
73827,wave,boundary,wave,w*dz(u),6.25112046610673e-14,24,1,2,0,1.87730766731447e-15,6.28896934529166e-12,96,0
73827,wave,boundary,wave,u*dx(v),8.39180746202455e-14,24,1,2,0,2.23977330966361e-15,6.43685105217173e-12,96,0
73827,wave,boundary,wave,v*dy(v),8.39547386789305e-14,24,1,2,0,1.86639534459235e-15,6.43374242770278e-12,96,0
73827,wave,boundary,wave,w*dz(v),6.24832308261863e-14,24,1,2,0,1.85239538930399e-15,6.28874730068674e-12,96,0
73827,wave,boundary,wave,u*dx(w),0,1,1,1,0,0,0,0,96
73827,wave,boundary,wave,v*dy(w),0,1,1,1,0,0,0,0,96
73827,wave,boundary,wave,w*dz(w),0,1,1,1,0,0,0,0,96
73827,wave,boundary,wave,u*dx(eta),3.57746120055475e-15,24,1,2,0,5.55111512312578e-16,6.22479845446833e-12,96,0
73827,wave,boundary,wave,v*dy(eta),3.58643018296016e-15,24,1,2,0,8.88178419700125e-16,6.2219118746043e-12,96,0
73827,wave,boundary,wave,w*dz(eta),4.810277888628e-15,24,1,2,0,1.51113739982033e-15,6.28697094384734e-12,96,0
73827,wave,boundary,wave,w*eta*dlogN2,4.24542362038287e-15,24,1,1,0,7.89442148517521e-16,6.28785912226704e-12,96,0
73827,boundary,wave,wave,u*dx(u),2.1188466209794e-14,1,0,1,1,1.92271498902186e-15,1.90240818761141e-11,96,0
73827,boundary,wave,wave,v*dy(u),2.10997314351729e-14,1,0,1,1,1.76163796397794e-15,1.90232968826159e-11,96,0
73827,boundary,wave,wave,w*dz(u),0,1,0,1,1,0,0,0,96
73827,boundary,wave,wave,u*dx(v),2.0081357657078e-14,1,0,1,1,1.65039617172877e-15,1.88067339479403e-11,96,0
73827,boundary,wave,wave,v*dy(v),2.00564470340623e-14,1,0,1,1,1.68993389644333e-15,1.88067339479403e-11,96,0
73827,boundary,wave,wave,w*dz(v),0,1,0,1,1,0,0,0,96
73827,boundary,wave,wave,u*dx(w),3.95943273328361e-17,1,0,2,1,8.88178419700125e-16,1.69639857716675e-11,96,0
73827,boundary,wave,wave,v*dy(w),3.47710762031685e-17,1,0,17,1,4.44089209850063e-16,1.69642078162724e-11,96,0
73827,boundary,wave,wave,w*dz(w),0,1,0,1,1,0,0,0,96
73827,boundary,wave,wave,u*dx(eta),9.32384865940431e-16,2,0,19,1,9.1031540401813e-16,2.27105630900103e-11,96,0
73827,boundary,wave,wave,v*dy(eta),1.09035824585211e-15,2,0,2,1,8.30844360551538e-16,2.27108660907298e-11,96,0
73827,boundary,wave,wave,w*dz(eta),0,1,0,1,1,0,0,0,96
73827,boundary,wave,wave,w*eta*dlogN2,0,1,0,1,1,0,0,0,96
73827,apv,boundary,wave,u*dx(u),3.965270343905e-15,4,0,1,0,1.34283687693721e-15,2.22195238622944e-11,12,0
73827,apv,boundary,wave,v*dy(u),3.8921247192506e-15,4,0,1,0,1.31123969884303e-15,2.22182098280335e-11,12,0
73827,apv,boundary,wave,w*dz(u),0,-1,0,1,0,0,0,0,12
73827,apv,boundary,wave,u*dx(v),2.95402035173284e-15,4,0,1,0,1.4940434365214e-15,2.19242402010877e-11,12,0
73827,apv,boundary,wave,v*dy(v),3.03914428844672e-15,4,0,1,0,1.52660147046501e-15,2.19240181564828e-11,12,0
73827,apv,boundary,wave,w*dz(v),0,-1,0,1,0,0,0,0,12
73827,apv,boundary,wave,u*dx(w),0,-1,0,1,0,0,0,0,12
73827,apv,boundary,wave,v*dy(w),0,-1,0,1,0,0,0,0,12
73827,apv,boundary,wave,w*dz(w),0,-1,0,1,0,0,0,0,12
73827,apv,boundary,wave,u*dx(eta),4.65023483299568e-16,1,0,2,0,4.76839336665272e-16,2.11881623357613e-11,12,0
73827,apv,boundary,wave,v*dy(eta),4.98690882042048e-16,-1,0,2,0,3.93603546122157e-16,2.11883843803662e-11,12,0
73827,apv,boundary,wave,w*dz(eta),0,-1,0,1,0,0,0,0,12
73827,apv,boundary,wave,w*eta*dlogN2,0,-1,0,1,0,0,0,0,12
73827,boundary,apv,wave,u*dx(u),4.21915598996618e-15,1,0,5,0,1.53121104711746e-15,2.25389832338435e-11,12,0
73827,boundary,apv,wave,v*dy(u),4.357759347824e-15,1,0,5,0,1.38493339361662e-15,2.25372682628826e-11,12,0
73827,boundary,apv,wave,w*dz(u),0,1,0,-1,0,0,0,0,12
73827,boundary,apv,wave,u*dx(v),3.04974911435669e-15,1,0,5,0,1.56815473610284e-15,2.21125340260642e-11,12,0
73827,boundary,apv,wave,v*dy(v),3.03580462888873e-15,1,0,5,0,1.84450998413621e-15,2.21132001598789e-11,12,0
73827,boundary,apv,wave,w*dz(v),0,1,0,-1,0,0,0,0,12
73827,boundary,apv,wave,u*dx(w),0,1,0,-1,0,0,0,0,12
73827,boundary,apv,wave,v*dy(w),0,1,0,-1,0,0,0,0,12
73827,boundary,apv,wave,w*dz(w),0,1,0,-1,0,0,0,0,12
73827,boundary,apv,wave,u*dx(eta),5.62869288218049e-16,2,0,2,0,5.73241342558881e-16,2.02347028022132e-11,12,0
73827,boundary,apv,wave,v*dy(eta),5.17558282310064e-16,2,0,3,0,6.20395557363086e-16,2.02345917799107e-11,12,0
73827,boundary,apv,wave,w*dz(eta),0,1,0,-1,0,0,0,0,12
73827,boundary,apv,wave,w*eta*dlogN2,0,1,0,-1,0,0,0,0,12
73827,boundary,boundary,wave,u*dx(u),5.12395234627157e-15,1,0,2,0,2.55557000415337e-15,4.55961730984958e-10,4,0
73827,boundary,boundary,wave,v*dy(u),5.14880190737557e-15,1,0,2,0,2.60864376320553e-15,4.55962252088085e-10,4,0
73827,boundary,boundary,wave,w*dz(u),0,1,0,1,0,0,0,0,4
73827,boundary,boundary,wave,u*dx(v),4.40563451742232e-15,1,0,2,0,2.54305393177437e-15,3.04398839467979e-10,4,0
73827,boundary,boundary,wave,v*dy(v),4.4037299776268e-15,1,0,2,0,2.56306304931664e-15,3.04398728445676e-10,4,0
73827,boundary,boundary,wave,w*dz(v),0,1,0,1,0,0,0,0,4
73827,boundary,boundary,wave,u*dx(w),0,1,0,1,0,0,0,0,4
73827,boundary,boundary,wave,v*dy(w),0,1,0,1,0,0,0,0,4
73827,boundary,boundary,wave,w*dz(w),0,1,0,1,0,0,0,0,4
73827,boundary,boundary,wave,u*dx(eta),1.36995987528401e-15,1,0,2,0,1.08464842314465e-15,3.85264088847837e-10,4,0
73827,boundary,boundary,wave,v*dy(eta),1.27031203119513e-15,1,0,2,0,6.70903113139769e-16,3.85263990513522e-10,4,0
73827,boundary,boundary,wave,w*dz(eta),0,1,0,1,0,0,0,0,4
73827,boundary,boundary,wave,w*eta*dlogN2,0,1,0,1,0,0,0,0,4
