interaction,inputA,inputB,output,channel,error,modeA,signA,modeB,signB,referenceStability,eigenProductStability,productCount,zeroProductCount
192,wave,wave,wave,u*dx(u),9.54176125045317e-06,16,1,15,1,4.52517090460945e-15,5.01068075919875e-11,640,0
192,wave,wave,wave,v*dy(u),0,1,1,1,1,0,0,0,640
192,wave,wave,wave,w*dz(u),1.48723214233984e-05,16,1,15,1,3.49453799231014e-12,3.37186659005794e-06,640,0
192,wave,wave,wave,u*dx(v),9.47609258484314e-06,16,1,15,1,3.90229882900523e-15,3.75863784540797e-11,640,0
192,wave,wave,wave,v*dy(v),0,1,1,1,1,0,0,0,640
192,wave,wave,wave,w*dz(v),1.48024983360016e-05,16,1,15,1,3.49442697000768e-12,3.112399428478e-06,640,0
192,wave,wave,wave,u*dx(w),3.03487095698793e-07,15,1,16,1,1.33226762955019e-15,4.98394658876578e-11,640,0
192,wave,wave,wave,v*dy(w),0,1,1,1,1,0,0,0,640
192,wave,wave,wave,w*dz(w),3.03487095700435e-07,16,1,15,1,1.33226762955019e-15,4.98394658876578e-11,640,0
192,wave,wave,wave,u*dx(eta),2.51695104959836e-06,16,1,16,1,3.14327786019857e-15,3.74182906881515e-11,640,0
192,wave,wave,wave,v*dy(eta),0,1,1,1,1,0,0,0,640
192,wave,wave,wave,w*dz(eta),2.51695104958766e-06,16,1,16,1,2.81111670347872e-15,3.74180686435466e-11,640,0
192,wave,wave,wave,w*eta*dlogN2,5.84966752587675e-05,15,1,16,1,1.65974041641965e-15,3.82365250573002e-11,640,0
192,wave,apv,wave,u*dx(u),0,1,1,-1,0,0,0,0,128
192,wave,apv,wave,v*dy(u),0,1,1,-1,0,0,0,0,128
192,wave,apv,wave,w*dz(u),0,1,1,-1,0,0,0,0,128
192,wave,apv,wave,u*dx(v),2.87831127839356e-06,16,1,1,0,3.93086532773031e-15,6.09460577538421e-10,128,0
192,wave,apv,wave,v*dy(v),0,1,1,-1,0,0,0,0,128
192,wave,apv,wave,w*dz(v),1.82754137835975e-06,16,1,2,0,4.19993789031533e-15,7.68129448935895e-10,128,0
192,wave,apv,wave,u*dx(w),0,1,1,-1,0,0,0,0,128
192,wave,apv,wave,v*dy(w),0,1,1,-1,0,0,0,0,128
192,wave,apv,wave,w*dz(w),0,1,1,-1,0,0,0,0,128
192,wave,apv,wave,u*dx(eta),2.0741908334406e-07,16,1,2,0,1.99840144432528e-15,8.42768632658419e-10,128,0
192,wave,apv,wave,v*dy(eta),0,1,1,-1,0,0,0,0,128
192,wave,apv,wave,w*dz(eta),2.33243087624875e-07,16,1,3,0,1.66533453693773e-15,1.34006739038739e-09,128,0
192,wave,apv,wave,w*eta*dlogN2,7.61471963933884e-06,16,1,2,0,8.88178419700125e-16,7.80520204024526e-10,128,0
192,apv,wave,wave,u*dx(u),0,-1,0,1,1,0,0,0,128
192,apv,wave,wave,v*dy(u),0,-1,0,1,1,0,0,0,128
192,apv,wave,wave,w*dz(u),0,-1,0,1,1,0,0,0,128
192,apv,wave,wave,u*dx(v),0,-1,0,1,1,0,0,0,128
192,apv,wave,wave,v*dy(v),0,-1,0,1,1,0,0,0,128
192,apv,wave,wave,w*dz(v),0,-1,0,1,1,0,0,0,128
192,apv,wave,wave,u*dx(w),0,-1,0,1,1,0,0,0,128
192,apv,wave,wave,v*dy(w),0,-1,0,1,1,0,0,0,128
192,apv,wave,wave,w*dz(w),0,-1,0,1,1,0,0,0,128
192,apv,wave,wave,u*dx(eta),0,-1,0,1,1,0,0,0,128
192,apv,wave,wave,v*dy(eta),0,-1,0,1,1,0,0,0,128
192,apv,wave,wave,w*dz(eta),0,-1,0,1,1,0,0,0,128
192,apv,wave,wave,w*eta*dlogN2,0,-1,0,1,1,0,0,0,128
192,wave,boundary,wave,u*dx(u),0,1,1,1,0,0,0,0,64
192,wave,boundary,wave,v*dy(u),0,1,1,1,0,0,0,0,64
192,wave,boundary,wave,w*dz(u),0,1,1,1,0,0,0,0,64
192,wave,boundary,wave,u*dx(v),2.82774247189978e-06,16,1,2,0,2.83478972043016e-15,3.39305250562916e-10,64,0
192,wave,boundary,wave,v*dy(v),0,1,1,1,0,0,0,0,64
192,wave,boundary,wave,w*dz(v),1.14999260592721e-06,16,1,2,0,3.3745320543542e-15,5.45972489440771e-10,64,0
192,wave,boundary,wave,u*dx(w),0,1,1,1,0,0,0,0,64
192,wave,boundary,wave,v*dy(w),0,1,1,1,0,0,0,0,64
192,wave,boundary,wave,w*dz(w),0,1,1,1,0,0,0,0,64
192,wave,boundary,wave,u*dx(eta),1.318332493649e-07,16,1,2,0,1.38961748163213e-15,5.58737056621794e-10,64,0
192,wave,boundary,wave,v*dy(eta),0,1,1,1,0,0,0,0,64
192,wave,boundary,wave,w*dz(eta),2.19466210210235e-07,16,1,2,0,1.16661087138673e-15,3.02812885877302e-10,64,0
192,wave,boundary,wave,w*eta*dlogN2,7.35651877298092e-06,16,1,2,0,1.13118000046373e-15,5.42750622223309e-10,64,0
192,boundary,wave,wave,u*dx(u),0,1,0,1,1,0,0,0,64
192,boundary,wave,wave,v*dy(u),0,1,0,1,1,0,0,0,64
192,boundary,wave,wave,w*dz(u),0,1,0,1,1,0,0,0,64
192,boundary,wave,wave,u*dx(v),0,1,0,1,1,0,0,0,64
192,boundary,wave,wave,v*dy(v),0,1,0,1,1,0,0,0,64
192,boundary,wave,wave,w*dz(v),0,1,0,1,1,0,0,0,64
192,boundary,wave,wave,u*dx(w),0,1,0,1,1,0,0,0,64
192,boundary,wave,wave,v*dy(w),0,1,0,1,1,0,0,0,64
192,boundary,wave,wave,w*dz(w),0,1,0,1,1,0,0,0,64
192,boundary,wave,wave,u*dx(eta),0,1,0,1,1,0,0,0,64
192,boundary,wave,wave,v*dy(eta),0,1,0,1,1,0,0,0,64
192,boundary,wave,wave,w*dz(eta),0,1,0,1,1,0,0,0,64
192,boundary,wave,wave,w*eta*dlogN2,0,1,0,1,1,0,0,0,64
192,apv,boundary,wave,u*dx(u),0,-1,0,1,0,0,0,0,8
192,apv,boundary,wave,v*dy(u),0,-1,0,1,0,0,0,0,8
192,apv,boundary,wave,w*dz(u),0,-1,0,1,0,0,0,0,8
192,apv,boundary,wave,u*dx(v),0,-1,0,1,0,0,0,0,8
192,apv,boundary,wave,v*dy(v),0,-1,0,1,0,0,0,0,8
192,apv,boundary,wave,w*dz(v),0,-1,0,1,0,0,0,0,8
192,apv,boundary,wave,u*dx(w),0,-1,0,1,0,0,0,0,8
192,apv,boundary,wave,v*dy(w),0,-1,0,1,0,0,0,0,8
192,apv,boundary,wave,w*dz(w),0,-1,0,1,0,0,0,0,8
192,apv,boundary,wave,u*dx(eta),0,-1,0,1,0,0,0,0,8
192,apv,boundary,wave,v*dy(eta),0,-1,0,1,0,0,0,0,8
192,apv,boundary,wave,w*dz(eta),0,-1,0,1,0,0,0,0,8
192,apv,boundary,wave,w*eta*dlogN2,0,-1,0,1,0,0,0,0,8
192,boundary,apv,wave,u*dx(u),0,1,0,-1,0,0,0,0,8
192,boundary,apv,wave,v*dy(u),0,1,0,-1,0,0,0,0,8
192,boundary,apv,wave,w*dz(u),0,1,0,-1,0,0,0,0,8
192,boundary,apv,wave,u*dx(v),0,1,0,-1,0,0,0,0,8
192,boundary,apv,wave,v*dy(v),0,1,0,-1,0,0,0,0,8
192,boundary,apv,wave,w*dz(v),0,1,0,-1,0,0,0,0,8
192,boundary,apv,wave,u*dx(w),0,1,0,-1,0,0,0,0,8
192,boundary,apv,wave,v*dy(w),0,1,0,-1,0,0,0,0,8
192,boundary,apv,wave,w*dz(w),0,1,0,-1,0,0,0,0,8
192,boundary,apv,wave,u*dx(eta),0,1,0,-1,0,0,0,0,8
192,boundary,apv,wave,v*dy(eta),0,1,0,-1,0,0,0,0,8
192,boundary,apv,wave,w*dz(eta),0,1,0,-1,0,0,0,0,8
192,boundary,apv,wave,w*eta*dlogN2,0,1,0,-1,0,0,0,0,8
192,boundary,boundary,wave,u*dx(u),0,1,0,1,0,0,0,0,4
192,boundary,boundary,wave,v*dy(u),0,1,0,1,0,0,0,0,4
192,boundary,boundary,wave,w*dz(u),0,1,0,1,0,0,0,0,4
192,boundary,boundary,wave,u*dx(v),0,1,0,1,0,0,0,0,4
192,boundary,boundary,wave,v*dy(v),0,1,0,1,0,0,0,0,4
192,boundary,boundary,wave,w*dz(v),0,1,0,1,0,0,0,0,4
192,boundary,boundary,wave,u*dx(w),0,1,0,1,0,0,0,0,4
192,boundary,boundary,wave,v*dy(w),0,1,0,1,0,0,0,0,4
192,boundary,boundary,wave,w*dz(w),0,1,0,1,0,0,0,0,4
192,boundary,boundary,wave,u*dx(eta),0,1,0,1,0,0,0,0,4
192,boundary,boundary,wave,v*dy(eta),0,1,0,1,0,0,0,0,4
192,boundary,boundary,wave,w*dz(eta),0,1,0,1,0,0,0,0,4
192,boundary,boundary,wave,w*eta*dlogN2,0,1,0,1,0,0,0,0,4
201,wave,wave,inertial,u*dx(u),2.16422976942972e-06,16,1,16,1,2.07934317441662e-15,5.01068075919875e-11,640,0
201,wave,wave,inertial,v*dy(u),0,1,1,1,1,0,0,0,640
201,wave,wave,inertial,w*dz(u),1.76006990458173e-06,16,1,1,1,3.49453799231014e-12,1.40978661751378e-06,640,0
201,wave,wave,inertial,u*dx(v),2.16422976982329e-06,16,1,16,1,2.43851164620581e-15,3.75863784540797e-11,640,0
201,wave,wave,inertial,v*dy(v),0,1,1,1,1,0,0,0,640
201,wave,wave,inertial,w*dz(v),1.76006990457589e-06,16,1,1,1,3.49442697000768e-12,1.40978960939424e-06,640,0
201,wave,wave,mda,u*dx(eta),1.10993925350074e-06,16,1,16,1,4.97145398723371e-15,6.18771554814366e-10,640,0
201,wave,wave,mda,v*dy(eta),0,1,1,1,1,0,0,0,640
201,wave,wave,mda,w*dz(eta),1.10993925348822e-06,16,1,16,1,6.8813731593606e-15,6.18771373012099e-10,640,0
201,wave,wave,mda,w*eta*dlogN2,2.52699583039185e-05,16,1,16,1,6.22966537428686e-15,1.59561022015181e-10,640,0
201,wave,apv,inertial,u*dx(u),0,1,1,-1,0,0,0,0,128
201,wave,apv,inertial,v*dy(u),0,1,1,-1,0,0,0,0,128
201,wave,apv,inertial,w*dz(u),0,1,1,-1,0,0,0,0,128
201,wave,apv,inertial,u*dx(v),5.76318931822521e-07,15,1,1,0,1.88737914186277e-15,4.58646169106955e-10,128,0
201,wave,apv,inertial,v*dy(v),0,1,1,-1,0,0,0,0,128
201,wave,apv,inertial,w*dz(v),2.62904768553852e-07,16,1,2,0,1.92540566700948e-15,7.68129448935895e-10,128,0
201,wave,apv,mda,u*dx(eta),8.93871321782527e-08,15,1,2,0,3.29681443035544e-15,7.20183058288011e-10,128,0
201,wave,apv,mda,v*dy(eta),0,1,1,-1,0,0,0,0,128
201,wave,apv,mda,w*dz(eta),9.70133957264221e-08,14,1,3,0,5.38084574465695e-15,2.72811861933256e-05,128,0
201,wave,apv,mda,w*eta*dlogN2,3.47225150911304e-06,16,1,2,0,4.27959911985883e-15,7.80520093002224e-10,128,0
201,apv,wave,inertial,u*dx(u),0,-1,0,1,1,0,0,0,128
201,apv,wave,inertial,v*dy(u),0,-1,0,1,1,0,0,0,128
201,apv,wave,inertial,w*dz(u),0,-1,0,1,1,0,0,0,128
201,apv,wave,inertial,u*dx(v),0,-1,0,1,1,0,0,0,128
201,apv,wave,inertial,v*dy(v),0,-1,0,1,1,0,0,0,128
201,apv,wave,inertial,w*dz(v),0,-1,0,1,1,0,0,0,128
201,apv,wave,mda,u*dx(eta),0,-1,0,1,1,0,0,0,128
201,apv,wave,mda,v*dy(eta),0,-1,0,1,1,0,0,0,128
201,apv,wave,mda,w*dz(eta),0,-1,0,1,1,0,0,0,128
201,apv,wave,mda,w*eta*dlogN2,0,-1,0,1,1,0,0,0,128
201,wave,boundary,inertial,u*dx(u),0,1,1,1,0,0,0,0,64
201,wave,boundary,inertial,v*dy(u),0,1,1,1,0,0,0,0,64
201,wave,boundary,inertial,w*dz(u),0,1,1,1,0,0,0,0,64
201,wave,boundary,inertial,u*dx(v),5.61338786178646e-07,15,1,2,0,1.43388696292618e-15,3.39305250562916e-10,64,0
201,wave,boundary,inertial,v*dy(v),0,1,1,1,0,0,0,0,64
201,wave,boundary,inertial,w*dz(v),1.47296907628489e-07,16,1,2,0,1.84324716539588e-15,5.45972489440771e-10,64,0
201,wave,boundary,mda,u*dx(eta),1.85441290199889e-08,16,1,2,0,4.90296125114853e-16,7.26882665169626e-10,64,0
201,wave,boundary,mda,v*dy(eta),0,1,1,1,0,0,0,0,64
201,wave,boundary,mda,w*dz(eta),9.33677329316345e-08,14,1,2,0,2.68909573084501e-15,1.56473675086565e-05,64,0
201,wave,boundary,mda,w*eta*dlogN2,3.51634688259933e-06,16,1,2,0,2.57454209448526e-15,5.42750733245612e-10,64,0
201,boundary,wave,inertial,u*dx(u),0,1,0,1,1,0,0,0,64
201,boundary,wave,inertial,v*dy(u),0,1,0,1,1,0,0,0,64
201,boundary,wave,inertial,w*dz(u),0,1,0,1,1,0,0,0,64
201,boundary,wave,inertial,u*dx(v),0,1,0,1,1,0,0,0,64
201,boundary,wave,inertial,v*dy(v),0,1,0,1,1,0,0,0,64
201,boundary,wave,inertial,w*dz(v),0,1,0,1,1,0,0,0,64
201,boundary,wave,mda,u*dx(eta),0,1,0,1,1,0,0,0,64
201,boundary,wave,mda,v*dy(eta),0,1,0,1,1,0,0,0,64
201,boundary,wave,mda,w*dz(eta),0,1,0,1,1,0,0,0,64
201,boundary,wave,mda,w*eta*dlogN2,0,1,0,1,1,0,0,0,64
201,apv,boundary,inertial,u*dx(u),0,-1,0,1,0,0,0,0,8
201,apv,boundary,inertial,v*dy(u),0,-1,0,1,0,0,0,0,8
201,apv,boundary,inertial,w*dz(u),0,-1,0,1,0,0,0,0,8
201,apv,boundary,inertial,u*dx(v),0,-1,0,1,0,0,0,0,8
201,apv,boundary,inertial,v*dy(v),0,-1,0,1,0,0,0,0,8
201,apv,boundary,inertial,w*dz(v),0,-1,0,1,0,0,0,0,8
201,apv,boundary,mda,u*dx(eta),0,-1,0,1,0,0,0,0,8
201,apv,boundary,mda,v*dy(eta),0,-1,0,1,0,0,0,0,8
201,apv,boundary,mda,w*dz(eta),0,-1,0,1,0,0,0,0,8
201,apv,boundary,mda,w*eta*dlogN2,0,-1,0,1,0,0,0,0,8
201,boundary,apv,inertial,u*dx(u),0,1,0,-1,0,0,0,0,8
201,boundary,apv,inertial,v*dy(u),0,1,0,-1,0,0,0,0,8
201,boundary,apv,inertial,w*dz(u),0,1,0,-1,0,0,0,0,8
201,boundary,apv,inertial,u*dx(v),0,1,0,-1,0,0,0,0,8
201,boundary,apv,inertial,v*dy(v),0,1,0,-1,0,0,0,0,8
201,boundary,apv,inertial,w*dz(v),0,1,0,-1,0,0,0,0,8
201,boundary,apv,mda,u*dx(eta),0,1,0,-1,0,0,0,0,8
201,boundary,apv,mda,v*dy(eta),0,1,0,-1,0,0,0,0,8
201,boundary,apv,mda,w*dz(eta),0,1,0,-1,0,0,0,0,8
201,boundary,apv,mda,w*eta*dlogN2,0,1,0,-1,0,0,0,0,8
201,boundary,boundary,inertial,u*dx(u),0,1,0,1,0,0,0,0,4
201,boundary,boundary,inertial,v*dy(u),0,1,0,1,0,0,0,0,4
201,boundary,boundary,inertial,w*dz(u),0,1,0,1,0,0,0,0,4
201,boundary,boundary,inertial,u*dx(v),0,1,0,1,0,0,0,0,4
201,boundary,boundary,inertial,v*dy(v),0,1,0,1,0,0,0,0,4
201,boundary,boundary,inertial,w*dz(v),0,1,0,1,0,0,0,0,4
201,boundary,boundary,mda,u*dx(eta),0,1,0,1,0,0,0,0,4
201,boundary,boundary,mda,v*dy(eta),0,1,0,1,0,0,0,0,4
201,boundary,boundary,mda,w*dz(eta),0,1,0,1,0,0,0,0,4
201,boundary,boundary,mda,w*eta*dlogN2,0,1,0,1,0,0,0,0,4
378,wave,wave,inertial,u*dx(u),2.16422976942972e-06,16,1,16,1,2.07934317441662e-15,5.01068075919875e-11,640,0
378,wave,wave,inertial,v*dy(u),0,1,1,1,1,0,0,0,640
378,wave,wave,inertial,w*dz(u),1.76006990458173e-06,16,1,1,1,3.49453799231014e-12,1.40978661751378e-06,640,0
378,wave,wave,inertial,u*dx(v),2.16422976982329e-06,16,1,16,1,2.43851164620581e-15,3.75863784540797e-11,640,0
378,wave,wave,inertial,v*dy(v),0,1,1,1,1,0,0,0,640
378,wave,wave,inertial,w*dz(v),1.76006990457589e-06,16,1,1,1,3.49442697000768e-12,1.40978960939424e-06,640,0
378,wave,wave,mda,u*dx(eta),1.10993925350074e-06,16,1,16,1,4.97145398723371e-15,6.18771554814366e-10,640,0
378,wave,wave,mda,v*dy(eta),0,1,1,1,1,0,0,0,640
378,wave,wave,mda,w*dz(eta),1.10993925348822e-06,16,1,16,1,6.8813731593606e-15,6.18771373012099e-10,640,0
378,wave,wave,mda,w*eta*dlogN2,2.52699583039185e-05,16,1,16,1,6.22966537428686e-15,1.59561022015181e-10,640,0
378,wave,apv,inertial,u*dx(u),0,1,1,-1,0,0,0,0,128
378,wave,apv,inertial,v*dy(u),0,1,1,-1,0,0,0,0,128
378,wave,apv,inertial,w*dz(u),0,1,1,-1,0,0,0,0,128
378,wave,apv,inertial,u*dx(v),5.76318931822521e-07,15,1,1,0,1.88737914186277e-15,4.58646169106955e-10,128,0
378,wave,apv,inertial,v*dy(v),0,1,1,-1,0,0,0,0,128
378,wave,apv,inertial,w*dz(v),2.62904768553852e-07,16,1,2,0,1.92540566700948e-15,7.68129448935895e-10,128,0
378,wave,apv,mda,u*dx(eta),8.93871321782527e-08,15,1,2,0,3.29681443035544e-15,7.20183058288011e-10,128,0
378,wave,apv,mda,v*dy(eta),0,1,1,-1,0,0,0,0,128
378,wave,apv,mda,w*dz(eta),9.70133957264221e-08,14,1,3,0,5.38084574465695e-15,2.72811861933256e-05,128,0
378,wave,apv,mda,w*eta*dlogN2,3.47225150911304e-06,16,1,2,0,4.27959911985883e-15,7.80520093002224e-10,128,0
378,apv,wave,inertial,u*dx(u),0,-1,0,1,1,0,0,0,128
378,apv,wave,inertial,v*dy(u),0,-1,0,1,1,0,0,0,128
378,apv,wave,inertial,w*dz(u),0,-1,0,1,1,0,0,0,128
378,apv,wave,inertial,u*dx(v),0,-1,0,1,1,0,0,0,128
378,apv,wave,inertial,v*dy(v),0,-1,0,1,1,0,0,0,128
378,apv,wave,inertial,w*dz(v),0,-1,0,1,1,0,0,0,128
378,apv,wave,mda,u*dx(eta),0,-1,0,1,1,0,0,0,128
378,apv,wave,mda,v*dy(eta),0,-1,0,1,1,0,0,0,128
378,apv,wave,mda,w*dz(eta),0,-1,0,1,1,0,0,0,128
378,apv,wave,mda,w*eta*dlogN2,0,-1,0,1,1,0,0,0,128
378,wave,boundary,inertial,u*dx(u),0,1,1,1,0,0,0,0,64
378,wave,boundary,inertial,v*dy(u),0,1,1,1,0,0,0,0,64
378,wave,boundary,inertial,w*dz(u),0,1,1,1,0,0,0,0,64
378,wave,boundary,inertial,u*dx(v),5.61338786178646e-07,15,1,2,0,1.43388696292618e-15,3.39305250562916e-10,64,0
378,wave,boundary,inertial,v*dy(v),0,1,1,1,0,0,0,0,64
378,wave,boundary,inertial,w*dz(v),1.47296907628489e-07,16,1,2,0,1.84324716539588e-15,5.45972489440771e-10,64,0
378,wave,boundary,mda,u*dx(eta),1.85441290199889e-08,16,1,2,0,4.90296125114853e-16,7.26882665169626e-10,64,0
378,wave,boundary,mda,v*dy(eta),0,1,1,1,0,0,0,0,64
378,wave,boundary,mda,w*dz(eta),9.33677329316345e-08,14,1,2,0,2.68909573084501e-15,1.56473675086565e-05,64,0
378,wave,boundary,mda,w*eta*dlogN2,3.51634688259933e-06,16,1,2,0,2.57454209448526e-15,5.42750733245612e-10,64,0
378,boundary,wave,inertial,u*dx(u),0,1,0,1,1,0,0,0,64
378,boundary,wave,inertial,v*dy(u),0,1,0,1,1,0,0,0,64
378,boundary,wave,inertial,w*dz(u),0,1,0,1,1,0,0,0,64
378,boundary,wave,inertial,u*dx(v),0,1,0,1,1,0,0,0,64
378,boundary,wave,inertial,v*dy(v),0,1,0,1,1,0,0,0,64
378,boundary,wave,inertial,w*dz(v),0,1,0,1,1,0,0,0,64
378,boundary,wave,mda,u*dx(eta),0,1,0,1,1,0,0,0,64
378,boundary,wave,mda,v*dy(eta),0,1,0,1,1,0,0,0,64
378,boundary,wave,mda,w*dz(eta),0,1,0,1,1,0,0,0,64
378,boundary,wave,mda,w*eta*dlogN2,0,1,0,1,1,0,0,0,64
378,apv,boundary,inertial,u*dx(u),0,-1,0,1,0,0,0,0,8
378,apv,boundary,inertial,v*dy(u),0,-1,0,1,0,0,0,0,8
378,apv,boundary,inertial,w*dz(u),0,-1,0,1,0,0,0,0,8
378,apv,boundary,inertial,u*dx(v),0,-1,0,1,0,0,0,0,8
378,apv,boundary,inertial,v*dy(v),0,-1,0,1,0,0,0,0,8
378,apv,boundary,inertial,w*dz(v),0,-1,0,1,0,0,0,0,8
378,apv,boundary,mda,u*dx(eta),0,-1,0,1,0,0,0,0,8
378,apv,boundary,mda,v*dy(eta),0,-1,0,1,0,0,0,0,8
378,apv,boundary,mda,w*dz(eta),0,-1,0,1,0,0,0,0,8
378,apv,boundary,mda,w*eta*dlogN2,0,-1,0,1,0,0,0,0,8
378,boundary,apv,inertial,u*dx(u),0,1,0,-1,0,0,0,0,8
378,boundary,apv,inertial,v*dy(u),0,1,0,-1,0,0,0,0,8
378,boundary,apv,inertial,w*dz(u),0,1,0,-1,0,0,0,0,8
378,boundary,apv,inertial,u*dx(v),0,1,0,-1,0,0,0,0,8
378,boundary,apv,inertial,v*dy(v),0,1,0,-1,0,0,0,0,8
378,boundary,apv,inertial,w*dz(v),0,1,0,-1,0,0,0,0,8
378,boundary,apv,mda,u*dx(eta),0,1,0,-1,0,0,0,0,8
378,boundary,apv,mda,v*dy(eta),0,1,0,-1,0,0,0,0,8
378,boundary,apv,mda,w*dz(eta),0,1,0,-1,0,0,0,0,8
378,boundary,apv,mda,w*eta*dlogN2,0,1,0,-1,0,0,0,0,8
378,boundary,boundary,inertial,u*dx(u),0,1,0,1,0,0,0,0,4
378,boundary,boundary,inertial,v*dy(u),0,1,0,1,0,0,0,0,4
378,boundary,boundary,inertial,w*dz(u),0,1,0,1,0,0,0,0,4
378,boundary,boundary,inertial,u*dx(v),0,1,0,1,0,0,0,0,4
378,boundary,boundary,inertial,v*dy(v),0,1,0,1,0,0,0,0,4
378,boundary,boundary,inertial,w*dz(v),0,1,0,1,0,0,0,0,4
378,boundary,boundary,mda,u*dx(eta),0,1,0,1,0,0,0,0,4
378,boundary,boundary,mda,v*dy(eta),0,1,0,1,0,0,0,0,4
378,boundary,boundary,mda,w*dz(eta),0,1,0,1,0,0,0,0,4
378,boundary,boundary,mda,w*eta*dlogN2,0,1,0,1,0,0,0,0,4
387,wave,wave,wave,u*dx(u),9.54176125045317e-06,16,1,15,1,4.52517090460945e-15,5.01068075919875e-11,640,0
387,wave,wave,wave,v*dy(u),0,1,1,1,1,0,0,0,640
387,wave,wave,wave,w*dz(u),1.48723214233984e-05,16,1,15,1,3.49453799231014e-12,3.37186659005794e-06,640,0
387,wave,wave,wave,u*dx(v),9.47609258484314e-06,16,1,15,1,3.90229882900523e-15,3.75863784540797e-11,640,0
387,wave,wave,wave,v*dy(v),0,1,1,1,1,0,0,0,640
387,wave,wave,wave,w*dz(v),1.48024983360016e-05,16,1,15,1,3.49442697000768e-12,3.112399428478e-06,640,0
387,wave,wave,wave,u*dx(w),3.03487095698793e-07,15,1,16,1,1.33226762955019e-15,4.98394658876578e-11,640,0
387,wave,wave,wave,v*dy(w),0,1,1,1,1,0,0,0,640
387,wave,wave,wave,w*dz(w),3.03487095700435e-07,16,1,15,1,1.33226762955019e-15,4.98394658876578e-11,640,0
387,wave,wave,wave,u*dx(eta),2.51695104959836e-06,16,1,16,1,3.14327786019857e-15,3.74182906881515e-11,640,0
387,wave,wave,wave,v*dy(eta),0,1,1,1,1,0,0,0,640
387,wave,wave,wave,w*dz(eta),2.51695104958766e-06,16,1,16,1,2.81111670347872e-15,3.74180686435466e-11,640,0
387,wave,wave,wave,w*eta*dlogN2,5.84966752587675e-05,15,1,16,1,1.65974041641965e-15,3.82365250573002e-11,640,0
387,wave,apv,wave,u*dx(u),0,1,1,-1,0,0,0,0,128
387,wave,apv,wave,v*dy(u),0,1,1,-1,0,0,0,0,128
387,wave,apv,wave,w*dz(u),0,1,1,-1,0,0,0,0,128
387,wave,apv,wave,u*dx(v),2.87831127839356e-06,16,1,1,0,3.93086532773031e-15,6.09460577538421e-10,128,0
387,wave,apv,wave,v*dy(v),0,1,1,-1,0,0,0,0,128
387,wave,apv,wave,w*dz(v),1.82754137835975e-06,16,1,2,0,4.19993789031533e-15,7.68129448935895e-10,128,0
387,wave,apv,wave,u*dx(w),0,1,1,-1,0,0,0,0,128
387,wave,apv,wave,v*dy(w),0,1,1,-1,0,0,0,0,128
387,wave,apv,wave,w*dz(w),0,1,1,-1,0,0,0,0,128
387,wave,apv,wave,u*dx(eta),2.0741908334406e-07,16,1,2,0,1.99840144432528e-15,8.42768632658419e-10,128,0
387,wave,apv,wave,v*dy(eta),0,1,1,-1,0,0,0,0,128
387,wave,apv,wave,w*dz(eta),2.33243087624875e-07,16,1,3,0,1.66533453693773e-15,1.34006739038739e-09,128,0
387,wave,apv,wave,w*eta*dlogN2,7.61471963933884e-06,16,1,2,0,8.88178419700125e-16,7.80520204024526e-10,128,0
387,apv,wave,wave,u*dx(u),0,-1,0,1,1,0,0,0,128
387,apv,wave,wave,v*dy(u),0,-1,0,1,1,0,0,0,128
387,apv,wave,wave,w*dz(u),0,-1,0,1,1,0,0,0,128
387,apv,wave,wave,u*dx(v),0,-1,0,1,1,0,0,0,128
387,apv,wave,wave,v*dy(v),0,-1,0,1,1,0,0,0,128
387,apv,wave,wave,w*dz(v),0,-1,0,1,1,0,0,0,128
387,apv,wave,wave,u*dx(w),0,-1,0,1,1,0,0,0,128
387,apv,wave,wave,v*dy(w),0,-1,0,1,1,0,0,0,128
387,apv,wave,wave,w*dz(w),0,-1,0,1,1,0,0,0,128
387,apv,wave,wave,u*dx(eta),0,-1,0,1,1,0,0,0,128
387,apv,wave,wave,v*dy(eta),0,-1,0,1,1,0,0,0,128
387,apv,wave,wave,w*dz(eta),0,-1,0,1,1,0,0,0,128
387,apv,wave,wave,w*eta*dlogN2,0,-1,0,1,1,0,0,0,128
387,wave,boundary,wave,u*dx(u),0,1,1,1,0,0,0,0,64
387,wave,boundary,wave,v*dy(u),0,1,1,1,0,0,0,0,64
387,wave,boundary,wave,w*dz(u),0,1,1,1,0,0,0,0,64
387,wave,boundary,wave,u*dx(v),2.82774247189978e-06,16,1,2,0,2.83478972043016e-15,3.39305250562916e-10,64,0
387,wave,boundary,wave,v*dy(v),0,1,1,1,0,0,0,0,64
387,wave,boundary,wave,w*dz(v),1.14999260592721e-06,16,1,2,0,3.3745320543542e-15,5.45972489440771e-10,64,0
387,wave,boundary,wave,u*dx(w),0,1,1,1,0,0,0,0,64
387,wave,boundary,wave,v*dy(w),0,1,1,1,0,0,0,0,64
387,wave,boundary,wave,w*dz(w),0,1,1,1,0,0,0,0,64
387,wave,boundary,wave,u*dx(eta),1.318332493649e-07,16,1,2,0,1.38961748163213e-15,5.58737056621794e-10,64,0
387,wave,boundary,wave,v*dy(eta),0,1,1,1,0,0,0,0,64
387,wave,boundary,wave,w*dz(eta),2.19466210210235e-07,16,1,2,0,1.16661087138673e-15,3.02812885877302e-10,64,0
387,wave,boundary,wave,w*eta*dlogN2,7.35651877298092e-06,16,1,2,0,1.13118000046373e-15,5.42750622223309e-10,64,0
387,boundary,wave,wave,u*dx(u),0,1,0,1,1,0,0,0,64
387,boundary,wave,wave,v*dy(u),0,1,0,1,1,0,0,0,64
387,boundary,wave,wave,w*dz(u),0,1,0,1,1,0,0,0,64
387,boundary,wave,wave,u*dx(v),0,1,0,1,1,0,0,0,64
387,boundary,wave,wave,v*dy(v),0,1,0,1,1,0,0,0,64
387,boundary,wave,wave,w*dz(v),0,1,0,1,1,0,0,0,64
387,boundary,wave,wave,u*dx(w),0,1,0,1,1,0,0,0,64
387,boundary,wave,wave,v*dy(w),0,1,0,1,1,0,0,0,64
387,boundary,wave,wave,w*dz(w),0,1,0,1,1,0,0,0,64
387,boundary,wave,wave,u*dx(eta),0,1,0,1,1,0,0,0,64
387,boundary,wave,wave,v*dy(eta),0,1,0,1,1,0,0,0,64
387,boundary,wave,wave,w*dz(eta),0,1,0,1,1,0,0,0,64
387,boundary,wave,wave,w*eta*dlogN2,0,1,0,1,1,0,0,0,64
387,apv,boundary,wave,u*dx(u),0,-1,0,1,0,0,0,0,8
387,apv,boundary,wave,v*dy(u),0,-1,0,1,0,0,0,0,8
387,apv,boundary,wave,w*dz(u),0,-1,0,1,0,0,0,0,8
387,apv,boundary,wave,u*dx(v),0,-1,0,1,0,0,0,0,8
387,apv,boundary,wave,v*dy(v),0,-1,0,1,0,0,0,0,8
387,apv,boundary,wave,w*dz(v),0,-1,0,1,0,0,0,0,8
387,apv,boundary,wave,u*dx(w),0,-1,0,1,0,0,0,0,8
387,apv,boundary,wave,v*dy(w),0,-1,0,1,0,0,0,0,8
387,apv,boundary,wave,w*dz(w),0,-1,0,1,0,0,0,0,8
387,apv,boundary,wave,u*dx(eta),0,-1,0,1,0,0,0,0,8
387,apv,boundary,wave,v*dy(eta),0,-1,0,1,0,0,0,0,8
387,apv,boundary,wave,w*dz(eta),0,-1,0,1,0,0,0,0,8
387,apv,boundary,wave,w*eta*dlogN2,0,-1,0,1,0,0,0,0,8
387,boundary,apv,wave,u*dx(u),0,1,0,-1,0,0,0,0,8
387,boundary,apv,wave,v*dy(u),0,1,0,-1,0,0,0,0,8
387,boundary,apv,wave,w*dz(u),0,1,0,-1,0,0,0,0,8
387,boundary,apv,wave,u*dx(v),0,1,0,-1,0,0,0,0,8
387,boundary,apv,wave,v*dy(v),0,1,0,-1,0,0,0,0,8
387,boundary,apv,wave,w*dz(v),0,1,0,-1,0,0,0,0,8
387,boundary,apv,wave,u*dx(w),0,1,0,-1,0,0,0,0,8
387,boundary,apv,wave,v*dy(w),0,1,0,-1,0,0,0,0,8
387,boundary,apv,wave,w*dz(w),0,1,0,-1,0,0,0,0,8
387,boundary,apv,wave,u*dx(eta),0,1,0,-1,0,0,0,0,8
387,boundary,apv,wave,v*dy(eta),0,1,0,-1,0,0,0,0,8
387,boundary,apv,wave,w*dz(eta),0,1,0,-1,0,0,0,0,8
387,boundary,apv,wave,w*eta*dlogN2,0,1,0,-1,0,0,0,0,8
387,boundary,boundary,wave,u*dx(u),0,1,0,1,0,0,0,0,4
387,boundary,boundary,wave,v*dy(u),0,1,0,1,0,0,0,0,4
387,boundary,boundary,wave,w*dz(u),0,1,0,1,0,0,0,0,4
387,boundary,boundary,wave,u*dx(v),0,1,0,1,0,0,0,0,4
387,boundary,boundary,wave,v*dy(v),0,1,0,1,0,0,0,0,4
387,boundary,boundary,wave,w*dz(v),0,1,0,1,0,0,0,0,4
387,boundary,boundary,wave,u*dx(w),0,1,0,1,0,0,0,0,4
387,boundary,boundary,wave,v*dy(w),0,1,0,1,0,0,0,0,4
387,boundary,boundary,wave,w*dz(w),0,1,0,1,0,0,0,0,4
387,boundary,boundary,wave,u*dx(eta),0,1,0,1,0,0,0,0,4
387,boundary,boundary,wave,v*dy(eta),0,1,0,1,0,0,0,0,4
387,boundary,boundary,wave,w*dz(eta),0,1,0,1,0,0,0,0,4
387,boundary,boundary,wave,w*eta*dlogN2,0,1,0,1,0,0,0,0,4
167,wave,wave,wave,u*dx(u),9.42187516402214e-06,16,1,15,1,3.25392792176016e-15,9.22515397405732e-11,640,0
167,wave,wave,wave,v*dy(u),9.42187516398129e-06,15,1,16,1,3.88710415032431e-15,9.22575349449062e-11,640,0
167,wave,wave,wave,w*dz(u),1.47410217560603e-05,16,1,15,-1,7.72493180534184e-13,1.74735067474505e-06,640,0
167,wave,wave,wave,u*dx(v),9.48048028356738e-06,16,1,15,1,4.19005037723448e-15,9.2257979034116e-11,640,0
167,wave,wave,wave,v*dy(v),9.48048028355641e-06,15,1,16,1,3.50959857745096e-15,9.22635301492392e-11,640,0
167,wave,wave,wave,w*dz(v),1.48054592510434e-05,16,1,15,-1,7.72382158231721e-13,1.81646699967843e-06,640,0
167,wave,wave,wave,u*dx(w),5.21154305887338e-07,15,1,16,1,1.33226762955019e-15,9.22835141636824e-11,640,0
167,wave,wave,wave,v*dy(w),5.21154305921754e-07,15,1,16,1,1.11022302462516e-15,9.22886211895957e-11,640,0
167,wave,wave,wave,w*dz(w),5.21154305945521e-07,16,1,15,1,9.99200722162641e-16,9.22910636802499e-11,640,0
167,wave,wave,wave,u*dx(eta),4.04824097146924e-06,16,1,16,1,2.96162971722586e-15,6.9194427965158e-11,640,0
167,wave,wave,wave,v*dy(eta),4.04824097148138e-06,16,1,16,1,2.46154688365538e-15,6.92004231694909e-11,640,0
167,wave,wave,wave,w*dz(eta),4.04824097146368e-06,16,1,16,1,3.09152588725352e-15,6.92024215709353e-11,640,0
167,wave,wave,wave,w*eta*dlogN2,9.32418610509095e-05,15,1,16,1,1.52097112091407e-15,6.91282586728903e-11,640,0
167,wave,apv,wave,u*dx(u),2.86377915572296e-06,16,1,1,0,3.72255393968298e-15,5.98464688418509e-10,128,0
167,wave,apv,wave,v*dy(u),2.86377915586845e-06,16,-1,1,0,3.74264631768284e-15,5.98464953626794e-10,128,0
167,wave,apv,wave,w*dz(u),1.81976129336824e-06,16,1,2,0,4.11288154487784e-15,7.68219821090099e-10,128,0
167,wave,apv,wave,u*dx(v),2.88035103922532e-06,16,-1,1,0,4.376033907967e-15,6.13636645713292e-10,128,0
167,wave,apv,wave,v*dy(v),2.88035103904454e-06,16,1,1,0,4.08555962597701e-15,6.13636451630785e-10,128,0
167,wave,apv,wave,w*dz(v),1.83415258367092e-06,16,1,2,0,4.10380631577982e-15,7.68219599045494e-10,128,0
167,wave,apv,wave,u*dx(w),0,1,1,-1,0,0,0,0,128
167,wave,apv,wave,v*dy(w),0,1,1,-1,0,0,0,0,128
167,wave,apv,wave,w*dz(w),0,1,1,-1,0,0,0,0,128
167,wave,apv,wave,u*dx(eta),3.34128715784742e-07,16,1,2,0,2.39329756014316e-15,8.42815373047756e-10,128,0
167,wave,apv,wave,v*dy(eta),3.34128715799214e-07,16,1,2,0,1.8339327586952e-15,8.42814262824731e-10,128,0
167,wave,apv,wave,w*dz(eta),3.69615295091188e-07,16,1,3,0,1.88737914186277e-15,1.34024324971449e-09,128,0
167,wave,apv,wave,w*eta*dlogN2,1.2188538171897e-05,16,1,2,0,1.5833652605786e-15,7.80260300814462e-10,128,0
167,apv,wave,wave,u*dx(u),2.86377915574381e-06,1,0,16,1,3.75413543557849e-15,5.98464685588012e-10,128,0
167,apv,wave,wave,v*dy(u),2.86377915578156e-06,1,0,16,1,3.74231426047375e-15,5.98464692008375e-10,128,0
167,apv,wave,wave,w*dz(u),0,-1,0,1,1,0,0,0,128
167,apv,wave,wave,u*dx(v),2.88035103894602e-06,1,0,16,1,3.97263040891846e-15,6.136364737268e-10,128,0
167,apv,wave,wave,v*dy(v),2.88035103896958e-06,1,0,16,1,4.0631224084668e-15,6.13636399972379e-10,128,0
167,apv,wave,wave,w*dz(v),0,-1,0,1,1,0,0,0,128
167,apv,wave,wave,u*dx(w),1.2883407242901e-07,3,0,16,1,6.66133814775094e-16,5.11971576244719e-10,128,0
167,apv,wave,wave,v*dy(w),1.28834072427416e-07,3,0,16,1,5.55111512312578e-16,5.11971576244719e-10,128,0
167,apv,wave,wave,w*dz(w),0,-1,0,1,1,0,0,0,128
167,apv,wave,wave,u*dx(eta),3.69498674649506e-07,3,0,16,1,1.77635683940025e-15,8.18957278598442e-10,128,0
167,apv,wave,wave,v*dy(eta),3.69498674659249e-07,3,0,16,1,1.66533453693773e-15,8.18957256578961e-10,128,0
167,apv,wave,wave,w*dz(eta),0,-1,0,1,1,0,0,0,128
167,apv,wave,wave,w*eta*dlogN2,0,-1,0,1,1,0,0,0,128
167,wave,boundary,wave,u*dx(u),2.38416496492758e-06,16,1,2,0,2.93060938032224e-15,2.31475271896808e-10,64,0
167,wave,boundary,wave,v*dy(u),2.38416496543238e-06,16,-1,2,0,2.18309694283215e-15,2.31475558053754e-10,64,0
167,wave,boundary,wave,w*dz(u),9.33579415471735e-07,16,1,2,0,2.38787626517526e-15,2.88692736383211e-10,64,0
167,wave,boundary,wave,u*dx(v),2.39769414241241e-06,16,1,2,0,2.04314798211845e-15,2.32861326712643e-10,64,0
167,wave,boundary,wave,v*dy(v),2.39769414260966e-06,16,1,2,0,2.03694848154486e-15,2.32861551674751e-10,64,0
167,wave,boundary,wave,w*dz(v),9.40740030893859e-07,16,1,2,0,2.54571424751301e-15,2.88692625360909e-10,64,0
167,wave,boundary,wave,u*dx(w),0,1,1,1,0,0,0,0,64
167,wave,boundary,wave,v*dy(w),0,1,1,1,0,0,0,0,64
167,wave,boundary,wave,w*dz(w),0,1,1,1,0,0,0,0,64
167,wave,boundary,wave,u*dx(eta),1.68911932224617e-07,16,1,2,0,1.33354541232419e-15,2.9140856394605e-10,64,0
167,wave,boundary,wave,v*dy(eta),1.68911932196887e-07,16,1,2,0,1.09916274431265e-15,2.9140811985684e-10,64,0
167,wave,boundary,wave,w*dz(eta),2.99931605816113e-07,16,1,2,0,2.12596887006383e-15,2.21163091476556e-10,64,0
167,wave,boundary,wave,w*eta*dlogN2,1.34490670023493e-05,16,1,2,0,1.24401188831442e-15,2.84478551826339e-10,64,0
167,boundary,wave,wave,u*dx(u),2.38416496493275e-06,2,0,16,1,2.91890077516629e-15,2.31475320908128e-10,64,0
167,boundary,wave,wave,v*dy(u),2.38416496490651e-06,2,0,16,1,2.75333630627304e-15,2.31475339469413e-10,64,0
167,boundary,wave,wave,w*dz(u),0,1,0,1,1,0,0,0,64
167,boundary,wave,wave,u*dx(v),2.39769414259555e-06,2,0,16,1,1.9807816268188e-15,2.32861606953744e-10,64,0
167,boundary,wave,wave,v*dy(v),2.3976941425841e-06,2,0,16,1,2.01230001823355e-15,2.32861603537673e-10,64,0
167,boundary,wave,wave,w*dz(v),0,1,0,1,1,0,0,0,64
167,boundary,wave,wave,u*dx(w),6.95373791949195e-08,2,0,16,1,6.66133814775094e-16,2.21841101044618e-10,64,0
167,boundary,wave,wave,v*dy(w),6.95373791947725e-08,2,0,16,1,5.55111512312578e-16,2.21840990022315e-10,64,0
167,boundary,wave,wave,w*dz(w),0,1,0,1,1,0,0,0,64
167,boundary,wave,wave,u*dx(eta),2.99804321187794e-07,2,0,16,1,1.60825476286222e-15,2.16790474460993e-10,64,0
167,boundary,wave,wave,v*dy(eta),2.99804321219844e-07,2,0,16,1,1.45694437114596e-15,2.1679036343869e-10,64,0
167,boundary,wave,wave,w*dz(eta),0,1,0,1,1,0,0,0,64
167,boundary,wave,wave,w*eta*dlogN2,0,1,0,1,1,0,0,0,64
167,apv,boundary,wave,u*dx(u),4.92917823401533e-07,3,0,2,0,2.25974347913861e-15,5.9115112804875e-10,8,0
167,apv,boundary,wave,v*dy(u),4.92917823401763e-07,3,0,2,0,2.19413246808606e-15,5.9115112804875e-10,8,0
167,apv,boundary,wave,w*dz(u),0,-1,0,1,0,0,0,0,8
167,apv,boundary,wave,u*dx(v),4.98971251529856e-07,3,0,2,0,1.6821936206438e-15,5.91150461914935e-10,8,0
167,apv,boundary,wave,v*dy(v),4.98971251538367e-07,3,0,2,0,1.62982749508026e-15,5.91150461914935e-10,8,0
167,apv,boundary,wave,w*dz(v),0,-1,0,1,0,0,0,0,8
167,apv,boundary,wave,u*dx(w),0,-1,0,1,0,0,0,0,8
167,apv,boundary,wave,v*dy(w),0,-1,0,1,0,0,0,0,8
167,apv,boundary,wave,w*dz(w),0,-1,0,1,0,0,0,0,8
167,apv,boundary,wave,u*dx(eta),5.0214892837899e-08,-1,0,2,0,1.3225484058669e-15,5.07086594936368e-10,8,0
167,apv,boundary,wave,v*dy(eta),5.02148927412501e-08,-1,0,2,0,1.30169867867989e-15,5.07086594936368e-10,8,0
167,apv,boundary,wave,w*dz(eta),0,-1,0,1,0,0,0,0,8
167,apv,boundary,wave,w*eta*dlogN2,0,-1,0,1,0,0,0,0,8
167,boundary,apv,wave,u*dx(u),4.92917823432164e-07,2,0,3,0,2.1745451578843e-15,5.9115112804875e-10,8,0
167,boundary,apv,wave,v*dy(u),4.92917823433904e-07,2,0,3,0,2.16567640951786e-15,5.9115112804875e-10,8,0
167,boundary,apv,wave,w*dz(u),0,1,0,-1,0,0,0,0,8
167,boundary,apv,wave,u*dx(v),4.98971251517837e-07,2,0,3,0,1.59879049722467e-15,5.91150461914935e-10,8,0
167,boundary,apv,wave,v*dy(v),4.98971251530714e-07,2,0,3,0,1.68476143633209e-15,5.91150461914935e-10,8,0
167,boundary,apv,wave,w*dz(v),0,1,0,-1,0,0,0,0,8
167,boundary,apv,wave,u*dx(w),0,1,0,-1,0,0,0,0,8
167,boundary,apv,wave,v*dy(w),0,1,0,-1,0,0,0,0,8
167,boundary,apv,wave,w*dz(w),0,1,0,-1,0,0,0,0,8
167,boundary,apv,wave,u*dx(eta),6.94465155902058e-08,2,0,1,0,2.11201306768259e-15,1.08367070872362e-09,8,0
167,boundary,apv,wave,v*dy(eta),6.94465155814822e-08,2,0,1,0,1.96137327667948e-15,1.08367070872362e-09,8,0
167,boundary,apv,wave,w*dz(eta),0,1,0,-1,0,0,0,0,8
167,boundary,apv,wave,w*eta*dlogN2,0,1,0,-1,0,0,0,0,8
167,boundary,boundary,wave,u*dx(u),3.52924470042271e-07,1,0,2,0,8.25606411184713e-16,6.68111121981951e-10,4,0
167,boundary,boundary,wave,v*dy(u),3.52924470046425e-07,2,0,1,0,8.4041435213131e-16,6.68111121981951e-10,4,0
167,boundary,boundary,wave,w*dz(u),0,1,0,1,0,0,0,0,4
167,boundary,boundary,wave,u*dx(v),3.56602665587972e-07,2,0,1,0,1.16032276780373e-15,6.8726860893854e-10,4,0
167,boundary,boundary,wave,v*dy(v),3.56602665565489e-07,2,0,1,0,1.18346280915245e-15,6.87268674829828e-10,4,0
167,boundary,boundary,wave,w*dz(v),0,1,0,1,0,0,0,0,4
167,boundary,boundary,wave,u*dx(w),0,1,0,1,0,0,0,0,4
167,boundary,boundary,wave,v*dy(w),0,1,0,1,0,0,0,0,4
167,boundary,boundary,wave,w*dz(w),0,1,0,1,0,0,0,0,4
167,boundary,boundary,wave,u*dx(eta),6.19979593377621e-08,2,0,1,0,1.34500004166069e-15,4.78120413729991e-10,4,0
167,boundary,boundary,wave,v*dy(eta),6.19979593371828e-08,2,0,1,0,1.24554054641046e-15,4.78120520241609e-10,4,0
167,boundary,boundary,wave,w*dz(eta),0,1,0,1,0,0,0,0,4
167,boundary,boundary,wave,w*eta*dlogN2,0,1,0,1,0,0,0,0,4
176,wave,wave,inertial,u*dx(u),2.16418442530479e-06,16,1,16,1,2.17119529861395e-15,9.22517617851781e-11,640,0
176,wave,wave,inertial,v*dy(u),2.16418442592729e-06,16,1,16,1,3.15378297970112e-15,9.22575349449062e-11,640,0
176,wave,wave,inertial,w*dz(u),1.71965959894433e-06,16,1,1,1,7.72493180534184e-13,9.72364083473565e-07,640,0
176,wave,wave,inertial,u*dx(v),2.16418442554071e-06,16,1,16,1,2.74340452531136e-15,9.22577569895111e-11,640,0
176,wave,wave,inertial,v*dy(v),2.16418442605801e-06,16,1,16,1,2.53173734216954e-15,9.22635301492392e-11,640,0
176,wave,wave,inertial,w*dz(v),1.71965959888493e-06,16,1,1,1,7.72382158231721e-13,9.72364077700405e-07,640,0
176,wave,wave,mda,u*dx(eta),1.10995426470341e-06,16,1,16,1,5.46184824934122e-15,5.9432546406632e-10,640,0
176,wave,wave,mda,v*dy(eta),1.10995426463837e-06,16,1,16,1,7.97842223996129e-15,5.94320710882516e-10,640,0
176,wave,wave,mda,w*dz(eta),1.10995426474894e-06,16,1,16,1,4.69599499645466e-15,5.94320200545802e-10,640,0
176,wave,wave,mda,w*eta*dlogN2,2.52701932015433e-05,16,1,16,1,4.64358680859022e-15,1.59546365455947e-10,640,0
176,wave,apv,inertial,u*dx(u),5.76317040785852e-07,15,1,1,0,2.00154822632562e-15,4.58635479980551e-10,128,0
176,wave,apv,inertial,v*dy(u),5.76317040810964e-07,15,1,1,0,1.55431223447522e-15,4.58636024009467e-10,128,0
176,wave,apv,inertial,w*dz(u),2.62902954403252e-07,16,1,2,0,1.99840144432528e-15,7.68219821090099e-10,128,0
176,wave,apv,inertial,u*dx(v),5.76317040827015e-07,15,1,1,0,1.66533453693773e-15,4.58635069285293e-10,128,0
176,wave,apv,inertial,v*dy(v),5.7631704077604e-07,15,1,1,0,1.77635683940025e-15,4.5863490804187e-10,128,0
176,wave,apv,inertial,w*dz(v),2.62902954442939e-07,16,1,2,0,1.77635683940025e-15,7.68219599045494e-10,128,0
176,wave,apv,mda,u*dx(eta),8.93864967714656e-08,15,1,2,0,5.88641665919243e-15,7.1858442027562e-10,128,0
176,wave,apv,mda,v*dy(eta),8.93864965846945e-08,15,1,2,0,2.87936339103873e-15,7.1858344974898e-10,128,0
176,wave,apv,mda,w*dz(eta),9.70134043611744e-08,14,1,3,0,2.73403750187661e-15,2.72825959330246e-05,128,0
176,wave,apv,mda,w*eta*dlogN2,3.47227454679788e-06,16,1,2,0,3.50517557984901e-15,7.80260300814462e-10,128,0
176,apv,wave,inertial,u*dx(u),5.76317040792502e-07,1,0,15,1,2.0123689816401e-15,4.58635492720115e-10,128,0
176,apv,wave,inertial,v*dy(u),5.76317040785808e-07,1,0,15,1,1.86799005608494e-15,4.58635529178979e-10,128,0
176,apv,wave,inertial,w*dz(u),0,-1,0,1,1,0,0,0,128
176,apv,wave,inertial,u*dx(v),5.76317040806045e-07,1,0,15,1,1.77635683940025e-15,4.58634862633173e-10,128,0
176,apv,wave,inertial,v*dy(v),5.76317040772184e-07,1,0,15,1,1.78275515922824e-15,4.58634763843953e-10,128,0
176,apv,wave,inertial,w*dz(v),0,-1,0,1,1,0,0,0,128
176,apv,wave,mda,u*dx(eta),9.69928414426182e-08,3,0,14,1,2.78654260152618e-15,8.6826004891167e-10,128,0
176,apv,wave,mda,v*dy(eta),9.69928413663458e-08,3,0,14,1,2.48031146841285e-15,8.68260203380257e-10,128,0
176,apv,wave,mda,w*dz(eta),0,-1,0,1,1,0,0,0,128
176,apv,wave,mda,w*eta*dlogN2,0,-1,0,1,1,0,0,0,128
176,wave,boundary,inertial,u*dx(u),4.76069594259365e-07,15,1,2,0,1.38861606120247e-15,2.26770380251651e-10,64,0
176,wave,boundary,inertial,v*dy(u),4.76069594123748e-07,15,1,2,0,1.54712887084624e-15,2.26769159006324e-10,64,0
176,wave,boundary,inertial,w*dz(u),1.32494017841317e-07,16,1,2,0,1.54463685787658e-15,2.88692736383211e-10,64,0
176,wave,boundary,inertial,u*dx(v),4.76069594262072e-07,15,1,2,0,1.7891900166301e-15,2.26770380251651e-10,64,0
176,wave,boundary,inertial,v*dy(v),4.76069594164403e-07,15,1,2,0,2.11632282665329e-15,2.26769159006324e-10,64,0
176,wave,boundary,inertial,w*dz(v),1.32494017669434e-07,16,1,2,0,1.36406815369075e-15,2.88692625360909e-10,64,0
176,wave,boundary,mda,u*dx(eta),1.20339304336149e-08,15,1,2,0,1.82827871121906e-15,7.04303837473219e-10,64,0
176,wave,boundary,mda,v*dy(eta),1.20339303525162e-08,15,1,2,0,6.82557151482432e-16,7.04298286358096e-10,64,0
176,wave,boundary,mda,w*dz(eta),7.93642414800441e-08,14,1,2,0,3.1165653448904e-15,1.11274255997287e-05,64,0
176,wave,boundary,mda,w*eta*dlogN2,3.87784442095801e-06,16,1,2,0,2.60374533730758e-15,2.84478551826339e-10,64,0
176,boundary,wave,inertial,u*dx(u),4.76069594254738e-07,2,0,15,1,1.49008901156246e-15,2.26770380251651e-10,64,0
176,boundary,wave,inertial,v*dy(u),4.76069594239721e-07,2,0,15,1,1.40819580024013e-15,2.26770380251651e-10,64,0
176,boundary,wave,inertial,w*dz(u),0,1,0,1,1,0,0,0,64
176,boundary,wave,inertial,u*dx(v),4.76069594232266e-07,2,0,15,1,2.12143902256688e-15,2.26769047984021e-10,64,0
176,boundary,wave,inertial,v*dy(v),4.76069594174443e-07,2,0,15,1,2.12993350660993e-15,2.26769270028626e-10,64,0
176,boundary,wave,inertial,w*dz(v),0,1,0,1,1,0,0,0,64
176,boundary,wave,mda,u*dx(eta),7.93736670540215e-08,2,0,14,1,3.74650508361343e-15,6.70581617162175e-10,64,0
176,boundary,wave,mda,v*dy(eta),7.93736670489191e-08,2,0,14,1,3.41956272304629e-15,6.705813680927e-10,64,0
176,boundary,wave,mda,w*dz(eta),0,1,0,1,1,0,0,0,64
176,boundary,wave,mda,w*eta*dlogN2,0,1,0,1,1,0,0,0,64
176,apv,boundary,inertial,u*dx(u),1.03723198934365e-07,3,0,2,0,1.42329805924432e-15,5.9115112804875e-10,8,0
176,apv,boundary,inertial,v*dy(u),1.03723198984272e-07,3,0,2,0,1.39050859994131e-15,5.9115112804875e-10,8,0
176,apv,boundary,inertial,w*dz(u),0,-1,0,1,0,0,0,0,8
176,apv,boundary,inertial,u*dx(v),1.03723199360388e-07,3,0,2,0,1.73884181567241e-15,5.91150461914935e-10,8,0
176,apv,boundary,inertial,v*dy(v),1.03723199381146e-07,3,0,2,0,1.75597673076206e-15,5.91150461914935e-10,8,0
176,apv,boundary,inertial,w*dz(v),0,-1,0,1,0,0,0,0,8
176,apv,boundary,mda,u*dx(eta),4.50417034051953e-09,3,0,2,0,8.70350701739778e-16,8.19803085597042e-10,8,0
176,apv,boundary,mda,v*dy(eta),4.50417034051953e-09,3,0,2,0,9.11829197480502e-16,8.19803373571888e-10,8,0
176,apv,boundary,mda,w*dz(eta),0,-1,0,1,0,0,0,0,8
176,apv,boundary,mda,w*eta*dlogN2,0,-1,0,1,0,0,0,0,8
176,boundary,apv,inertial,u*dx(u),1.03723198944505e-07,2,0,3,0,1.28874068119267e-15,5.9115112804875e-10,8,0
176,boundary,apv,inertial,v*dy(u),1.03723198957642e-07,2,0,3,0,1.41862351424852e-15,5.9115112804875e-10,8,0
176,boundary,apv,inertial,w*dz(u),0,1,0,-1,0,0,0,0,8
176,boundary,apv,inertial,u*dx(v),1.03723199365482e-07,2,0,3,0,1.75626031879667e-15,5.91150461914935e-10,8,0
176,boundary,apv,inertial,v*dy(v),1.03723199351871e-07,2,0,3,0,1.75570216716073e-15,5.91150461914935e-10,8,0
176,boundary,apv,inertial,w*dz(v),0,1,0,-1,0,0,0,0,8
176,boundary,apv,mda,u*dx(eta),1.68021976503672e-08,2,0,2,0,3.76289960134244e-15,5.37151767251842e-10,8,0
176,boundary,apv,mda,v*dy(eta),1.6802197523545e-08,2,0,2,0,3.50069146742679e-15,5.37151408327865e-10,8,0
176,boundary,apv,mda,w*dz(eta),0,1,0,-1,0,0,0,0,8
176,boundary,apv,mda,w*eta*dlogN2,0,1,0,-1,0,0,0,0,8
176,boundary,boundary,inertial,u*dx(u),7.20683261599669e-08,2,0,1,0,1.09200802921665e-15,6.68111121981951e-10,4,0
176,boundary,boundary,inertial,v*dy(u),7.2068326216399e-08,2,0,1,0,1.08428321680556e-15,6.68111121981951e-10,4,0
176,boundary,boundary,inertial,w*dz(u),0,1,0,1,0,0,0,0,4
176,boundary,boundary,inertial,u*dx(v),7.2068326426233e-08,1,0,2,0,1.6190578627443e-15,6.68111344026556e-10,4,0
176,boundary,boundary,inertial,v*dy(v),7.20683264402547e-08,2,0,1,0,1.67577408132443e-15,6.68111344026556e-10,4,0
176,boundary,boundary,inertial,w*dz(v),0,1,0,1,0,0,0,0,4
176,boundary,boundary,mda,u*dx(eta),1.86429353129509e-09,1,0,2,0,2.80950949310162e-15,1.40988139346545e-09,4,0
176,boundary,boundary,mda,v*dy(eta),1.86429354597365e-09,1,0,2,0,2.32580508828123e-15,1.40988096933052e-09,4,0
176,boundary,boundary,mda,w*dz(eta),0,1,0,1,0,0,0,0,4
176,boundary,boundary,mda,w*eta*dlogN2,0,1,0,1,0,0,0,0,4
168,wave,wave,wave,u*dx(u),9.51032661544602e-06,15,1,16,1,3.56064260610575e-15,7.11783965101631e-11,640,0
168,wave,wave,wave,v*dy(u),0,1,1,1,1,0,0,0,640
168,wave,wave,wave,w*dz(u),1.48385653866619e-05,15,1,16,1,3.49453799231014e-12,3.27805208588911e-06,640,0
168,wave,wave,wave,u*dx(v),9.47768450836198e-06,15,1,16,1,3.56643531214471e-15,5.86579673722554e-11,640,0
168,wave,wave,wave,v*dy(v),0,1,1,1,1,0,0,0,640
168,wave,wave,wave,w*dz(v),1.48034107613339e-05,15,1,16,1,3.49442697000768e-12,3.17618486874017e-06,640,0
168,wave,wave,wave,u*dx(w),3.70276982531428e-07,15,1,16,1,9.99200722162641e-16,7.14959202952059e-11,640,0
168,wave,wave,wave,v*dy(w),0,1,1,1,1,0,0,0,640
168,wave,wave,wave,w*dz(w),3.70278858512864e-07,16,1,15,1,1.11022302462516e-15,7.06266156669244e-11,640,0
168,wave,wave,wave,u*dx(eta),2.99491629440178e-06,16,1,16,1,2.19061227018082e-15,5.90261173272211e-11,640,0
168,wave,wave,wave,v*dy(eta),0,1,1,1,1,0,0,0,640
168,wave,wave,wave,w*dz(eta),2.99491266480528e-06,16,1,16,1,2.62315252423123e-15,5.81290571233239e-11,640,0
168,wave,wave,wave,w*eta*dlogN2,6.94659759685541e-05,15,1,16,1,1.79592124578707e-15,5.89537307860155e-11,640,0
168,wave,apv,wave,u*dx(u),0,1,1,-1,0,0,0,0,128
168,wave,apv,wave,v*dy(u),0,1,1,-1,0,0,0,0,128
168,wave,apv,wave,w*dz(u),0,1,1,-1,0,0,0,0,128
168,wave,apv,wave,u*dx(v),2.87910681930688e-06,16,1,1,0,3.7188680104265e-15,6.09624774534581e-10,128,0
168,wave,apv,wave,v*dy(v),0,1,1,-1,0,0,0,0,128
168,wave,apv,wave,w*dz(v),1.83055501385245e-06,16,1,2,0,4.58471001321172e-15,7.68219599045494e-10,128,0
168,wave,apv,wave,u*dx(w),0,1,1,-1,0,0,0,0,128
168,wave,apv,wave,v*dy(w),0,1,1,-1,0,0,0,0,128
168,wave,apv,wave,w*dz(w),0,1,1,-1,0,0,0,0,128
168,wave,apv,wave,u*dx(eta),2.47007382976912e-07,16,1,2,0,1.69568420786937e-15,8.42815373047756e-10,128,0
168,wave,apv,wave,v*dy(eta),0,1,1,-1,0,0,0,0,128
168,wave,apv,wave,w*dz(eta),2.76474466737364e-07,16,1,3,0,1.88737914186277e-15,1.34024324971449e-09,128,0
168,wave,apv,wave,w*eta*dlogN2,9.04533381439081e-06,16,1,2,0,1.26389445949579e-15,7.80260300814462e-10,128,0
168,apv,wave,wave,u*dx(u),2.88856357152722e-06,1,0,16,1,3.62573214747504e-15,6.29120013482314e-10,128,0
168,apv,wave,wave,v*dy(u),0,-1,0,1,1,0,0,0,128
168,apv,wave,wave,w*dz(u),0,-1,0,1,1,0,0,0,128
168,apv,wave,wave,u*dx(v),2.87912097400278e-06,1,0,16,1,3.83415317401049e-15,6.09810638221124e-10,128,0
168,apv,wave,wave,v*dy(v),0,-1,0,1,1,0,0,0,128
168,apv,wave,wave,w*dz(v),0,-1,0,1,1,0,0,0,128
168,apv,wave,wave,u*dx(w),9.15399228704457e-08,3,0,16,1,7.7715611723761e-16,4.91024554349906e-10,128,0
168,apv,wave,wave,v*dy(w),0,-1,0,1,1,0,0,0,128
168,apv,wave,wave,w*dz(w),0,-1,0,1,1,0,0,0,128
168,apv,wave,wave,u*dx(eta),2.76388497151004e-07,3,0,16,1,1.66533453693773e-15,7.73086390339969e-10,128,0
168,apv,wave,wave,v*dy(eta),0,-1,0,1,1,0,0,0,128
168,apv,wave,wave,w*dz(eta),0,-1,0,1,1,0,0,0,128
168,apv,wave,wave,w*eta*dlogN2,0,-1,0,1,1,0,0,0,128
168,wave,boundary,wave,u*dx(u),0,1,1,1,0,0,0,0,64
168,wave,boundary,wave,v*dy(u),0,1,1,1,0,0,0,0,64
168,wave,boundary,wave,w*dz(u),0,1,1,1,0,0,0,0,64
168,wave,boundary,wave,u*dx(v),2.82860758572275e-06,16,1,2,0,2.35107472584297e-15,3.39341332811216e-10,64,0
168,wave,boundary,wave,v*dy(v),0,1,1,1,0,0,0,0,64
168,wave,boundary,wave,w*dz(v),1.15141615703581e-06,16,1,2,0,3.51681773051035e-15,5.45543721308661e-10,64,0
168,wave,boundary,wave,u*dx(w),0,1,1,1,0,0,0,0,64
168,wave,boundary,wave,v*dy(w),0,1,1,1,0,0,0,0,64
168,wave,boundary,wave,w*dz(w),0,1,1,1,0,0,0,0,64
168,wave,boundary,wave,u*dx(eta),1.56438930062248e-07,16,1,2,0,1.41086992458695e-15,5.5855065017596e-10,64,0
168,wave,boundary,wave,v*dy(eta),0,1,1,1,0,0,0,0,64
168,wave,boundary,wave,w*dz(eta),2.60625168952261e-07,16,1,2,0,1.52140912460527e-15,3.0304636577938e-10,64,0
168,wave,boundary,wave,w*eta*dlogN2,8.71441531470173e-06,16,1,2,0,1.0861575971061e-15,5.42796918523436e-10,64,0
168,boundary,wave,wave,u*dx(u),2.4044344281153e-06,2,0,16,1,2.45564785358273e-15,2.33782213163524e-10,64,0
168,boundary,wave,wave,v*dy(u),0,1,0,1,1,0,0,0,64
168,boundary,wave,wave,w*dz(u),0,1,0,1,1,0,0,0,64
168,boundary,wave,wave,u*dx(v),2.3967622910097e-06,2,0,16,1,3.48044690926681e-15,2.32858664174313e-10,64,0
168,boundary,wave,wave,v*dy(v),0,1,0,1,1,0,0,0,64
168,boundary,wave,wave,w*dz(v),0,1,0,1,1,0,0,0,64
168,boundary,wave,wave,u*dx(w),4.94076337588318e-08,2,0,16,1,4.44089209850063e-16,2.21480389583917e-10,64,0
168,boundary,wave,wave,v*dy(w),0,1,0,1,1,0,0,0,64
168,boundary,wave,wave,w*dz(w),0,1,0,1,1,0,0,0,64
168,boundary,wave,wave,u*dx(eta),2.24071347423182e-07,2,0,16,1,1.45884111730563e-15,2.16491602422764e-10,64,0
168,boundary,wave,wave,v*dy(eta),0,1,0,1,1,0,0,0,64
168,boundary,wave,wave,w*dz(eta),0,1,0,1,1,0,0,0,64
168,boundary,wave,wave,w*eta*dlogN2,0,1,0,1,1,0,0,0,64
168,apv,boundary,wave,u*dx(u),0,-1,0,1,0,0,0,0,8
168,apv,boundary,wave,v*dy(u),0,-1,0,1,0,0,0,0,8
168,apv,boundary,wave,w*dz(u),0,-1,0,1,0,0,0,0,8
168,apv,boundary,wave,u*dx(v),6.0177212503495e-07,3,0,2,0,2.02403008096959e-15,5.14420062103227e-10,8,0
168,apv,boundary,wave,v*dy(v),0,-1,0,1,0,0,0,0,8
168,apv,boundary,wave,w*dz(v),0,-1,0,1,0,0,0,0,8
168,apv,boundary,wave,u*dx(w),0,-1,0,1,0,0,0,0,8
168,apv,boundary,wave,v*dy(w),0,-1,0,1,0,0,0,0,8
168,apv,boundary,wave,w*dz(w),0,-1,0,1,0,0,0,0,8
168,apv,boundary,wave,u*dx(eta),5.14553846071893e-08,-1,0,2,0,1.05889906738218e-15,6.47226605643425e-10,8,0
168,apv,boundary,wave,v*dy(eta),0,-1,0,1,0,0,0,0,8
168,apv,boundary,wave,w*dz(eta),0,-1,0,1,0,0,0,0,8
168,apv,boundary,wave,w*eta*dlogN2,0,-1,0,1,0,0,0,0,8
168,boundary,apv,wave,u*dx(u),0,1,0,-1,0,0,0,0,8
168,boundary,apv,wave,v*dy(u),0,1,0,-1,0,0,0,0,8
168,boundary,apv,wave,w*dz(u),0,1,0,-1,0,0,0,0,8
168,boundary,apv,wave,u*dx(v),4.96386743559497e-07,2,0,3,0,1.95026794710107e-15,5.91150461914935e-10,8,0
168,boundary,apv,wave,v*dy(v),0,1,0,-1,0,0,0,0,8
168,boundary,apv,wave,w*dz(v),0,1,0,-1,0,0,0,0,8
168,boundary,apv,wave,u*dx(w),0,1,0,-1,0,0,0,0,8
168,boundary,apv,wave,v*dy(w),0,1,0,-1,0,0,0,0,8
168,boundary,apv,wave,w*dz(w),0,1,0,-1,0,0,0,0,8
168,boundary,apv,wave,u*dx(eta),6.00162115413764e-08,2,0,1,0,1.15809651729054e-15,1.08367070872362e-09,8,0
168,boundary,apv,wave,v*dy(eta),0,1,0,-1,0,0,0,0,8
168,boundary,apv,wave,w*dz(eta),0,1,0,-1,0,0,0,0,8
168,boundary,apv,wave,w*eta*dlogN2,0,1,0,-1,0,0,0,0,8
168,boundary,boundary,wave,u*dx(u),0,1,0,1,0,0,0,0,4
168,boundary,boundary,wave,v*dy(u),0,1,0,1,0,0,0,0,4
168,boundary,boundary,wave,w*dz(u),0,1,0,1,0,0,0,0,4
168,boundary,boundary,wave,u*dx(v),4.00386533651739e-07,2,0,1,0,1.02668288523422e-15,5.93140092597366e-10,4,0
168,boundary,boundary,wave,v*dy(v),0,1,0,1,0,0,0,0,4
168,boundary,boundary,wave,w*dz(v),0,1,0,1,0,0,0,0,4
168,boundary,boundary,wave,u*dx(w),0,1,0,1,0,0,0,0,4
168,boundary,boundary,wave,v*dy(w),0,1,0,1,0,0,0,0,4
168,boundary,boundary,wave,w*dz(w),0,1,0,1,0,0,0,0,4
168,boundary,boundary,wave,u*dx(eta),6.04519404809881e-08,2,0,1,0,8.86504970467054e-16,6.85097201191809e-10,4,0
168,boundary,boundary,wave,v*dy(eta),0,1,0,1,0,0,0,0,4
168,boundary,boundary,wave,w*dz(eta),0,1,0,1,0,0,0,0,4
168,boundary,boundary,wave,w*eta*dlogN2,0,1,0,1,0,0,0,0,4
169,wave,wave,wave,u*dx(u),9.5416257043154e-06,16,-1,15,1,4.70374021413163e-15,9.22515397405732e-11,640,0
169,wave,wave,wave,v*dy(u),9.5416257043089e-06,16,1,15,1,3.97033999208336e-15,9.22575349449062e-11,640,0
169,wave,wave,wave,w*dz(u),1.48723985858623e-05,16,1,15,1,7.72493180534184e-13,1.88576194103242e-06,640,0
169,wave,wave,wave,u*dx(v),9.47595857887568e-06,15,1,16,1,3.70721007176203e-15,9.2257979034116e-11,640,0
169,wave,wave,wave,v*dy(v),9.47595857883379e-06,15,1,16,1,3.83277716666241e-15,9.22635301492392e-11,640,0
169,wave,wave,wave,w*dz(v),1.48025747453066e-05,16,1,15,1,7.72382158231721e-13,1.74066777950544e-06,640,0
169,wave,wave,wave,u*dx(w),3.0348728165193e-07,15,1,16,1,1.33226762955019e-15,9.22835141636824e-11,640,0
169,wave,wave,wave,v*dy(w),3.03487281654408e-07,15,1,16,1,1.11022302462516e-15,9.22886211895957e-11,640,0
169,wave,wave,wave,w*dz(w),3.03487281606276e-07,16,1,15,1,9.99200722162641e-16,9.22910636802499e-11,640,0
169,wave,wave,wave,u*dx(eta),2.51696659620634e-06,16,1,16,1,2.50431091573141e-15,6.9194427965158e-11,640,0
169,wave,wave,wave,v*dy(eta),2.51696659620878e-06,16,1,16,1,3.03970136548615e-15,6.92004231694909e-11,640,0
169,wave,wave,wave,w*dz(eta),2.51696659620335e-06,16,1,16,1,2.75298881054039e-15,6.92024215709353e-11,640,0
169,wave,wave,wave,w*eta*dlogN2,5.84962544398787e-05,16,1,15,1,1.52431193560769e-15,6.91282586728903e-11,640,0
169,wave,apv,wave,u*dx(u),2.89761966342956e-06,16,1,1,0,3.46842426087487e-15,6.51374705677992e-10,128,0
169,wave,apv,wave,v*dy(u),2.89761966351884e-06,16,1,1,0,3.47017780369014e-15,6.51375838299864e-10,128,0
169,wave,apv,wave,w*dz(u),1.84907845454951e-06,16,1,2,0,4.07346469287988e-15,7.69990248701371e-10,128,0
169,wave,apv,wave,u*dx(v),2.87829705834815e-06,16,1,1,0,3.53165416845789e-15,6.09274699134173e-10,128,0
169,wave,apv,wave,v*dy(v),2.87829705830233e-06,16,1,1,0,3.23679086770194e-15,6.09274280611815e-10,128,0
169,wave,apv,wave,w*dz(v),1.82754288287234e-06,16,1,2,0,3.73974976108363e-15,7.68219599045494e-10,128,0
169,wave,apv,wave,u*dx(w),0,1,1,-1,0,0,0,0,128
169,wave,apv,wave,v*dy(w),0,1,1,-1,0,0,0,0,128
169,wave,apv,wave,w*dz(w),0,1,1,-1,0,0,0,0,128
169,wave,apv,wave,u*dx(eta),2.07419749221433e-07,16,1,2,0,1.55431223447522e-15,8.42815373047756e-10,128,0
169,wave,apv,wave,v*dy(eta),2.0741974921929e-07,16,1,2,0,1.66533453693773e-15,8.42814262824731e-10,128,0
169,wave,apv,wave,w*dz(eta),2.33242228070602e-07,16,1,3,0,1.88737914186277e-15,1.34024324971449e-09,128,0
169,wave,apv,wave,w*eta*dlogN2,7.61473830847267e-06,16,1,2,0,2.07934080461379e-15,7.80260300814462e-10,128,0
169,apv,wave,wave,u*dx(u),2.89761966351721e-06,1,0,16,1,3.43235273120833e-15,6.51374705057679e-10,128,0
169,apv,wave,wave,v*dy(u),2.89761966349494e-06,1,0,16,1,3.45604709655887e-15,6.51374635068629e-10,128,0
169,apv,wave,wave,w*dz(u),0,-1,0,1,1,0,0,0,128
169,apv,wave,wave,u*dx(v),2.8782970583081e-06,1,0,16,1,3.24789096565365e-15,6.0927428385442e-10,128,0
169,apv,wave,wave,v*dy(v),2.87829705831854e-06,1,0,16,1,3.27235069031857e-15,6.09274301134124e-10,128,0
169,apv,wave,wave,w*dz(v),0,-1,0,1,1,0,0,0,128
169,apv,wave,wave,u*dx(w),7.5028867331515e-08,3,0,16,1,6.66133814775094e-16,5.11971576244719e-10,128,0
169,apv,wave,wave,v*dy(w),7.50288673317548e-08,3,0,16,1,5.55111512312578e-16,5.11971576244719e-10,128,0
169,apv,wave,wave,w*dz(w),0,-1,0,1,1,0,0,0,128
169,apv,wave,wave,u*dx(eta),2.33168722760396e-07,3,0,16,1,1.77635683940025e-15,7.36171108937149e-10,128,0
169,apv,wave,wave,v*dy(eta),2.33168722767539e-07,3,0,16,1,1.66533453693773e-15,7.36171038722237e-10,128,0
169,apv,wave,wave,w*dz(eta),0,-1,0,1,1,0,0,0,128
169,apv,wave,wave,w*eta*dlogN2,0,-1,0,1,1,0,0,0,128
169,wave,boundary,wave,u*dx(u),2.41179319739813e-06,16,1,2,0,2.08291555206848e-15,2.52109128151326e-10,64,0
169,wave,boundary,wave,v*dy(u),2.41179319723773e-06,16,1,2,0,2.98307262779782e-15,2.52107973378679e-10,64,0
169,wave,boundary,wave,w*dz(u),9.48165196234621e-07,16,1,2,0,2.95070566345481e-15,3.1359007840476e-10,64,0
169,wave,boundary,wave,u*dx(v),2.39615453406344e-06,16,1,2,0,1.92421734823241e-15,2.32784631303913e-10,64,0
169,wave,boundary,wave,v*dy(v),2.39615453359921e-06,16,1,2,0,2.15594195118532e-15,2.32784302853139e-10,64,0
169,wave,boundary,wave,w*dz(v),9.37791718859735e-07,16,1,2,0,2.91367408561655e-15,2.88692625360909e-10,64,0
169,wave,boundary,wave,u*dx(w),0,1,1,1,0,0,0,0,64
169,wave,boundary,wave,v*dy(w),0,1,1,1,0,0,0,0,64
169,wave,boundary,wave,w*dz(w),0,1,1,1,0,0,0,0,64
169,wave,boundary,wave,u*dx(eta),1.05149317263815e-07,15,1,2,0,1.01461897596882e-15,2.9140856394605e-10,64,0
169,wave,boundary,wave,v*dy(eta),1.05149317259919e-07,15,1,2,0,7.7715611723761e-16,2.9140811985684e-10,64,0
169,wave,boundary,wave,w*dz(eta),1.8898463061999e-07,16,1,2,0,2.42692915907371e-15,2.16583750933808e-10,64,0
169,wave,boundary,wave,w*eta*dlogN2,8.41323574545886e-06,16,1,2,0,8.34190981135372e-16,2.84478551826339e-10,64,0
169,boundary,wave,wave,u*dx(u),2.411793197405e-06,2,0,16,1,2.10857313867456e-15,2.52109144480083e-10,64,0
169,boundary,wave,wave,v*dy(u),2.41179319726389e-06,2,0,16,1,2.10747747564813e-15,2.52109273912135e-10,64,0
169,boundary,wave,wave,w*dz(u),0,1,0,1,1,0,0,0,64
169,boundary,wave,wave,u*dx(v),2.3961545335813e-06,2,0,16,1,2.1604097005745e-15,2.32784257789773e-10,64,0
169,boundary,wave,wave,v*dy(v),2.39615453357277e-06,2,0,16,1,2.21875708691248e-15,2.3278424969993e-10,64,0
169,boundary,wave,wave,w*dz(v),0,1,0,1,1,0,0,0,64
169,boundary,wave,wave,u*dx(w),4.04958310920915e-08,2,0,16,1,6.66133814775094e-16,2.21841101044618e-10,64,0
169,boundary,wave,wave,v*dy(w),4.04958310927893e-08,2,0,16,1,5.55111512312578e-16,2.21840990022315e-10,64,0
169,boundary,wave,wave,w*dz(w),0,1,0,1,1,0,0,0,64
169,boundary,wave,wave,u*dx(eta),1.88924505232141e-07,2,0,16,1,1.96014447171604e-15,2.16790474460993e-10,64,0
169,boundary,wave,wave,v*dy(eta),1.88924505228782e-07,2,0,16,1,1.96781258347259e-15,2.1679036343869e-10,64,0
169,boundary,wave,wave,w*dz(eta),0,1,0,1,1,0,0,0,64
169,boundary,wave,wave,w*eta*dlogN2,0,1,0,1,1,0,0,0,64
169,apv,boundary,wave,u*dx(u),5.05251985769136e-07,3,0,2,0,2.15969228831834e-15,6.04123843612771e-10,8,0
169,apv,boundary,wave,v*dy(u),5.05251985777568e-07,3,0,2,0,2.06481008282054e-15,6.04123824574169e-10,8,0
169,apv,boundary,wave,w*dz(u),0,-1,0,1,0,0,0,0,8
169,apv,boundary,wave,u*dx(v),4.94040086631892e-07,3,0,2,0,1.94635644495418e-15,5.91150461914935e-10,8,0
169,apv,boundary,wave,v*dy(v),4.94040086693511e-07,3,0,2,0,1.9556019525647e-15,5.91150461914935e-10,8,0
169,apv,boundary,wave,w*dz(v),0,-1,0,1,0,0,0,0,8
169,apv,boundary,wave,u*dx(w),0,-1,0,1,0,0,0,0,8
169,apv,boundary,wave,v*dy(w),0,-1,0,1,0,0,0,0,8
169,apv,boundary,wave,w*dz(w),0,-1,0,1,0,0,0,0,8
169,apv,boundary,wave,u*dx(eta),3.98117912459882e-08,-1,0,2,0,7.22001583508134e-16,5.07086594936368e-10,8,0
169,apv,boundary,wave,v*dy(eta),3.981179122677e-08,-1,0,2,0,7.22284150725123e-16,5.07086594936368e-10,8,0
169,apv,boundary,wave,w*dz(eta),0,-1,0,1,0,0,0,0,8
169,apv,boundary,wave,w*eta*dlogN2,0,-1,0,1,0,0,0,0,8
169,boundary,apv,wave,u*dx(u),5.05251985782671e-07,2,0,3,0,2.16103685372434e-15,6.04123883631991e-10,8,0
169,boundary,apv,wave,v*dy(u),5.0525198579755e-07,2,0,3,0,2.11967440954226e-15,6.04123767383541e-10,8,0
169,boundary,apv,wave,w*dz(u),0,1,0,-1,0,0,0,0,8
169,boundary,apv,wave,u*dx(v),4.94040086621517e-07,2,0,3,0,1.93179746063445e-15,5.91150461914935e-10,8,0
169,boundary,apv,wave,v*dy(v),4.9404008669083e-07,2,0,3,0,1.93394545679193e-15,5.91150461914935e-10,8,0
169,boundary,apv,wave,w*dz(v),0,1,0,-1,0,0,0,0,8
169,boundary,apv,wave,u*dx(w),0,1,0,-1,0,0,0,0,8
169,boundary,apv,wave,v*dy(w),0,1,0,-1,0,0,0,0,8
169,boundary,apv,wave,w*dz(w),0,1,0,-1,0,0,0,0,8
169,boundary,apv,wave,u*dx(eta),5.50883262286633e-08,2,0,1,0,1.82310217561443e-15,1.08367070872362e-09,8,0
169,boundary,apv,wave,v*dy(eta),5.50883263169238e-08,2,0,1,0,1.82355730074596e-15,1.08367070872362e-09,8,0
169,boundary,apv,wave,w*dz(eta),0,1,0,-1,0,0,0,0,8
169,boundary,apv,wave,w*eta*dlogN2,0,1,0,-1,0,0,0,0,8
169,boundary,boundary,wave,u*dx(u),3.60403588077409e-07,1,0,2,0,1.6308024822656e-15,8.06716700559504e-10,4,0
169,boundary,boundary,wave,v*dy(u),3.60403588068436e-07,1,0,2,0,1.77487619960036e-15,8.06716729616247e-10,4,0
169,boundary,boundary,wave,w*dz(u),0,1,0,1,0,0,0,0,4
169,boundary,boundary,wave,u*dx(v),3.55136390617028e-07,2,0,1,0,8.99976441722707e-16,6.68111344026556e-10,4,0
169,boundary,boundary,wave,v*dy(v),3.55136390639946e-07,1,0,2,0,8.54891817894072e-16,6.68111344026556e-10,4,0
169,boundary,boundary,wave,w*dz(v),0,1,0,1,0,0,0,0,4
169,boundary,boundary,wave,u*dx(w),0,1,0,1,0,0,0,0,4
169,boundary,boundary,wave,v*dy(w),0,1,0,1,0,0,0,0,4
169,boundary,boundary,wave,w*dz(w),0,1,0,1,0,0,0,0,4
169,boundary,boundary,wave,u*dx(eta),5.17848647787071e-08,2,0,1,0,1.10464967930763e-15,4.7701687044821e-10,4,0
169,boundary,boundary,wave,v*dy(eta),5.17848647847389e-08,2,0,1,0,1.11002102497607e-15,4.77016759425908e-10,4,0
169,boundary,boundary,wave,w*dz(eta),0,1,0,1,0,0,0,0,4
169,boundary,boundary,wave,w*eta*dlogN2,0,1,0,1,0,0,0,0,4
74,wave,wave,wave,u*dx(u),9.54068195016645e-06,16,-1,15,1,4.12858183918353e-15,8.66204885596744e-11,640,0
74,wave,wave,wave,v*dy(u),9.54068195021264e-06,16,-1,15,1,4.06683071556077e-15,8.66173799352055e-11,640,0
74,wave,wave,wave,w*dz(u),1.48723424785898e-05,16,1,15,1,3.00449318571631e-13,7.97699804141339e-07,640,0
74,wave,wave,wave,u*dx(v),9.30229840369035e-06,15,-1,16,1,3.2869973492105e-15,8.66176019798104e-11,640,0
74,wave,wave,wave,v*dy(v),9.30229840368645e-06,16,1,15,1,3.33642473484941e-15,8.66147153999464e-11,640,0
74,wave,wave,wave,w*dz(v),1.46077517384746e-05,16,1,15,1,2.62482101435975e-13,6.96340494568026e-07,640,0
74,wave,wave,wave,u*dx(w),6.05227523900969e-07,15,1,16,1,1.33226762955019e-15,8.67010907512622e-11,640,0
74,wave,wave,wave,v*dy(w),6.05227523914572e-07,15,1,16,1,1.33226762955019e-15,8.66977600821883e-11,640,0
74,wave,wave,wave,w*dz(w),6.05227523932692e-07,16,1,15,1,1.22124532708767e-15,8.6701756885077e-11,640,0
74,wave,wave,wave,u*dx(eta),4.62062935189746e-06,16,1,16,1,3.21287948154203e-15,6.51636522519539e-11,640,0
74,wave,wave,wave,v*dy(eta),4.62062935191523e-06,16,1,16,1,2.89699629168244e-15,6.516032158288e-11,640,0
74,wave,wave,wave,w*dz(eta),4.62062935191009e-06,16,1,16,1,4.00997140918892e-15,6.51643183857686e-11,640,0
74,wave,wave,wave,w*eta*dlogN2,0.000105976223708724,16,1,15,1,1.81683646409618e-15,6.47655262753233e-11,640,0
74,wave,apv,wave,u*dx(u),2.89743445475417e-06,16,1,1,0,3.73381858455402e-15,6.51464212782326e-10,128,0
74,wave,apv,wave,v*dy(u),2.89743445450291e-06,16,1,1,0,3.46969047605278e-15,6.51464581573529e-10,128,0
74,wave,apv,wave,w*dz(u),1.8489980148562e-06,16,1,2,0,3.65063469052852e-15,7.70254459683859e-10,128,0
74,wave,apv,wave,u*dx(v),2.83056996657045e-06,16,1,1,0,4.01705051400654e-15,5.80235965340493e-10,128,0
74,wave,apv,wave,v*dy(v),2.83056996626104e-06,16,1,1,0,4.02046468170822e-15,5.8023666306926e-10,128,0
74,wave,apv,wave,w*dz(v),1.79370568544347e-06,16,1,2,0,4.09752127230412e-15,7.68383467963929e-10,128,0
74,wave,apv,wave,u*dx(w),0,1,1,-1,0,0,0,0,128
74,wave,apv,wave,v*dy(w),0,1,1,-1,0,0,0,0,128
74,wave,apv,wave,w*dz(w),0,1,1,-1,0,0,0,0,128
74,wave,apv,wave,u*dx(eta),3.81342119485278e-07,16,1,2,0,2.22044604925031e-15,8.4266316147108e-10,128,0
74,wave,apv,wave,v*dy(eta),3.81342119478438e-07,16,1,2,0,2.2322139221369e-15,8.42676595169678e-10,128,0
74,wave,apv,wave,w*dz(eta),4.19231822540371e-07,16,1,3,0,1.97565605968356e-15,1.3402345899749e-09,128,0
74,wave,apv,wave,w*eta*dlogN2,1.38905427539814e-05,16,1,2,0,1.58974376171976e-15,7.80095321673002e-10,128,0
74,apv,wave,wave,u*dx(u),2.89743445476368e-06,1,0,16,1,3.72542654775544e-15,6.51464156177341e-10,128,0
74,apv,wave,wave,v*dy(u),2.89743445475893e-06,1,0,16,1,3.79925431460144e-15,6.51464130424413e-10,128,0
74,apv,wave,wave,w*dz(u),0,-1,0,1,1,0,0,0,128
74,apv,wave,wave,u*dx(v),2.83056996620351e-06,1,0,16,1,4.00369348993872e-15,5.80236700329706e-10,128,0
74,apv,wave,wave,v*dy(v),2.83056996621064e-06,1,0,16,1,4.03388756281889e-15,5.80236583460316e-10,128,0
74,apv,wave,wave,w*dz(v),0,-1,0,1,1,0,0,0,128
74,apv,wave,wave,u*dx(w),1.496130095512e-07,3,0,16,1,5.55111512312578e-16,5.09305486673384e-10,128,0
74,apv,wave,wave,v*dy(w),1.49613009552135e-07,3,0,16,1,5.55111512312578e-16,5.09305486673384e-10,128,0
74,apv,wave,wave,w*dz(w),0,-1,0,1,1,0,0,0,128
74,apv,wave,wave,u*dx(eta),4.19098903007268e-07,3,0,16,1,1.33226762955019e-15,8.33611065776129e-10,128,0
74,apv,wave,wave,v*dy(eta),4.19098903004865e-07,3,0,16,1,1.55431223447522e-15,8.33611002445998e-10,128,0
74,apv,wave,wave,w*dz(eta),0,-1,0,1,1,0,0,0,128
74,apv,wave,wave,w*eta*dlogN2,0,-1,0,1,1,0,0,0,128
74,wave,boundary,wave,u*dx(u),1.78373655707101e-06,16,1,2,0,2.29701200287943e-15,1.70556356751522e-10,64,0
74,wave,boundary,wave,v*dy(u),1.78373655710916e-06,16,1,2,0,2.37504090605777e-15,1.70561954868756e-10,64,0
74,wave,boundary,wave,w*dz(u),6.97638550887702e-07,16,1,2,0,2.13127002456617e-15,1.82453485130726e-10,64,0
74,wave,boundary,wave,u*dx(v),1.74429690940958e-06,16,1,2,0,2.26435401942125e-15,1.43145022813051e-10,64,0
74,wave,boundary,wave,v*dy(v),1.74429691015953e-06,16,1,2,0,1.91494000643698e-15,1.4314448004735e-10,64,0
74,wave,boundary,wave,w*dz(v),6.76115304595036e-07,16,1,2,0,1.92707301171387e-15,1.63041691259025e-10,64,0
74,wave,boundary,wave,u*dx(w),0,1,1,1,0,0,0,0,64
74,wave,boundary,wave,v*dy(w),0,1,1,1,0,0,0,0,64
74,wave,boundary,wave,w*dz(w),0,1,1,1,0,0,0,0,64
74,wave,boundary,wave,u*dx(eta),1.42884471057099e-07,15,1,2,0,1.58011158295663e-15,1.5925882834722e-10,64,0
74,wave,boundary,wave,v*dy(eta),1.42884471095474e-07,15,1,2,0,8.54359260608699e-16,1.59266599908392e-10,64,0
74,wave,boundary,wave,w*dz(eta),2.55006947264569e-07,16,1,2,0,1.5584560639979e-15,8.80684263827117e-10,64,0
74,wave,boundary,wave,w*eta*dlogN2,1.73482158955551e-05,16,1,2,0,1.1140727595399e-15,1.59402047117396e-10,64,0
74,boundary,wave,wave,u*dx(u),1.78373655703167e-06,2,0,16,1,2.41341059381655e-15,1.70556324302334e-10,64,0
74,boundary,wave,wave,v*dy(u),1.78373655705976e-06,2,0,16,1,2.34998666973368e-15,1.70556312870017e-10,64,0
74,boundary,wave,wave,w*dz(u),0,1,0,1,1,0,0,0,64
74,boundary,wave,wave,u*dx(v),1.74429691013325e-06,2,0,16,1,1.96743394936435e-15,1.43144497732367e-10,64,0
74,boundary,wave,wave,v*dy(v),1.74429691014477e-06,2,0,16,1,1.94991747795887e-15,1.43144559508259e-10,64,0
74,boundary,wave,wave,w*dz(v),0,1,0,1,1,0,0,0,64
74,boundary,wave,wave,u*dx(w),5.79821877002202e-08,2,0,16,1,5.55111512312578e-16,1.37582611969833e-10,64,0
74,boundary,wave,wave,v*dy(w),5.79821877012818e-08,2,0,16,1,4.44089209850063e-16,1.37582611969833e-10,64,0
74,boundary,wave,wave,w*dz(w),0,1,0,1,1,0,0,0,64
74,boundary,wave,wave,u*dx(eta),2.5502692418429e-07,2,0,16,1,1.32065551343158e-15,1.35086719588173e-10,64,0
74,boundary,wave,wave,v*dy(eta),2.55026924178131e-07,2,0,16,1,1.32477182517331e-15,1.35086719588173e-10,64,0
74,boundary,wave,wave,w*dz(eta),0,1,0,1,1,0,0,0,64
74,boundary,wave,wave,w*eta*dlogN2,0,1,0,1,1,0,0,0,64
74,apv,boundary,wave,u*dx(u),3.5894918165211e-07,3,0,2,0,2.3015213268412e-15,6.30421348215321e-10,8,0
74,apv,boundary,wave,v*dy(u),3.58949181628589e-07,3,0,2,0,2.38166548985354e-15,6.3042137317978e-10,8,0
74,apv,boundary,wave,w*dz(u),0,-1,0,1,0,0,0,0,8
74,apv,boundary,wave,u*dx(v),3.41938607361692e-07,3,0,2,0,1.27209307159815e-15,6.22750073731027e-10,8,0
74,apv,boundary,wave,v*dy(v),3.41938607370874e-07,3,0,2,0,1.17009176448282e-15,6.22750073731027e-10,8,0
74,apv,boundary,wave,w*dz(v),0,-1,0,1,0,0,0,0,8
74,apv,boundary,wave,u*dx(w),0,-1,0,1,0,0,0,0,8
74,apv,boundary,wave,v*dy(w),0,-1,0,1,0,0,0,0,8
74,apv,boundary,wave,w*dz(w),0,-1,0,1,0,0,0,0,8
74,apv,boundary,wave,u*dx(eta),4.4613785886267e-08,-1,0,2,0,9.51249977090848e-16,6.33792796023158e-10,8,0
74,apv,boundary,wave,v*dy(eta),4.4613785933476e-08,-1,0,2,0,9.92394564826066e-16,6.33792796023158e-10,8,0
74,apv,boundary,wave,w*dz(eta),0,-1,0,1,0,0,0,0,8
74,apv,boundary,wave,w*eta*dlogN2,0,-1,0,1,0,0,0,0,8
74,boundary,apv,wave,u*dx(u),3.58949181619985e-07,2,0,3,0,2.24979125308296e-15,6.30421485793417e-10,8,0
74,boundary,apv,wave,v*dy(u),3.58949181667893e-07,2,0,3,0,2.30946195014413e-15,6.30421398117586e-10,8,0
74,boundary,apv,wave,w*dz(u),0,1,0,-1,0,0,0,0,8
74,boundary,apv,wave,u*dx(v),3.41938607360952e-07,2,0,3,0,1.2745302983483e-15,6.22750073731027e-10,8,0
74,boundary,apv,wave,v*dy(v),3.41938607382288e-07,2,0,3,0,1.16306179822565e-15,6.22750073731027e-10,8,0
74,boundary,apv,wave,w*dz(v),0,1,0,-1,0,0,0,0,8
74,boundary,apv,wave,u*dx(w),0,1,0,-1,0,0,0,0,8
74,boundary,apv,wave,v*dy(w),0,1,0,-1,0,0,0,0,8
74,boundary,apv,wave,w*dz(w),0,1,0,-1,0,0,0,0,8
74,boundary,apv,wave,u*dx(eta),7.35959554769607e-08,2,0,1,0,1.67537221133218e-15,1.02326103146311e-09,8,0
74,boundary,apv,wave,v*dy(eta),7.3595955586794e-08,2,0,1,0,1.67348346370389e-15,1.02326114248541e-09,8,0
74,boundary,apv,wave,w*dz(eta),0,1,0,-1,0,0,0,0,8
74,boundary,apv,wave,w*eta*dlogN2,0,1,0,-1,0,0,0,0,8
74,boundary,boundary,wave,u*dx(u),3.56858680889965e-07,2,0,1,0,2.25066297467624e-15,1.49911960693616e-09,4,0
74,boundary,boundary,wave,v*dy(u),3.56858680881826e-07,2,0,1,0,2.28465612476047e-15,1.49911952116557e-09,4,0
74,boundary,boundary,wave,w*dz(u),0,1,0,1,0,0,0,0,4
74,boundary,boundary,wave,u*dx(v),3.43197640702001e-07,1,0,2,0,1.00564945893777e-15,9.92968818280815e-10,4,0
74,boundary,boundary,wave,v*dy(v),3.43197640672207e-07,2,0,1,0,9.97185068095309e-16,9.92968818280815e-10,4,0
74,boundary,boundary,wave,w*dz(v),0,1,0,1,0,0,0,0,4
74,boundary,boundary,wave,u*dx(w),0,1,0,1,0,0,0,0,4
74,boundary,boundary,wave,v*dy(w),0,1,0,1,0,0,0,0,4
74,boundary,boundary,wave,w*dz(w),0,1,0,1,0,0,0,0,4
74,boundary,boundary,wave,u*dx(eta),6.60718870905098e-08,2,0,1,0,6.07573883831715e-16,7.42290562090616e-10,4,0
74,boundary,boundary,wave,v*dy(eta),6.60718870990924e-08,2,0,1,0,5.95174621209822e-16,7.42290521371111e-10,4,0
74,boundary,boundary,wave,w*dz(eta),0,1,0,1,0,0,0,0,4
74,boundary,boundary,wave,w*eta*dlogN2,0,1,0,1,0,0,0,0,4
87,wave,wave,inertial,u*dx(u),2.16411502073219e-06,16,-1,16,1,2.55476481613028e-15,8.66204885596744e-11,640,0
87,wave,wave,inertial,v*dy(u),2.16411502043987e-06,16,1,16,1,2.55318626467155e-15,8.66176019798104e-11,640,0
87,wave,wave,inertial,w*dz(u),1.4404966389914e-06,16,1,14,1,1.77635683940025e-13,4.06874900327203e-07,640,0
87,wave,wave,inertial,u*dx(v),2.16411502090914e-06,16,1,16,1,2.38233436006224e-15,8.66176019798104e-11,640,0
87,wave,wave,inertial,v*dy(v),2.16411502028418e-06,16,1,16,1,2.41492778723448e-15,8.66147153999464e-11,640,0
87,wave,wave,inertial,w*dz(v),1.44049663883769e-06,16,1,14,1,1.77746706242488e-13,4.06874903435828e-07,640,0
87,wave,wave,mda,u*dx(eta),1.10997724235343e-06,16,1,16,1,6.18164482514528e-15,5.60937162802027e-10,640,0
87,wave,wave,mda,v*dy(eta),1.1099772423107e-06,16,1,16,1,6.2227686655061e-15,5.60941688994282e-10,640,0
87,wave,wave,mda,w*dz(eta),1.1099772423469e-06,16,1,16,1,5.25692025003535e-15,5.60936531764183e-10,640,0
87,wave,wave,mda,w*eta*dlogN2,2.52705527109021e-05,16,1,16,1,2.94547597248711e-15,1.59505195878361e-10,640,0
87,wave,apv,inertial,u*dx(u),5.76314148585448e-07,15,1,1,0,1.88737914186277e-15,4.58683189652684e-10,128,0
87,wave,apv,inertial,v*dy(u),5.76314148681974e-07,15,1,1,0,1.59643155641334e-15,4.58683731037695e-10,128,0
87,wave,apv,inertial,w*dz(u),2.62900178091442e-07,16,1,2,0,1.77635683940025e-15,7.68383356941627e-10,128,0
87,wave,apv,inertial,u*dx(v),5.76314148634154e-07,15,1,1,0,2.0584794374981e-15,4.58683898829577e-10,128,0
87,wave,apv,inertial,v*dy(v),5.76314148616509e-07,15,1,1,0,1.77635683940025e-15,4.58683576694694e-10,128,0
87,wave,apv,inertial,w*dz(v),2.6290017808231e-07,16,1,2,0,1.77635683940025e-15,7.68383467963929e-10,128,0
87,wave,apv,mda,u*dx(eta),8.93855290409879e-08,15,1,2,0,4.36650892988423e-15,7.12354057610723e-10,128,0
87,wave,apv,mda,v*dy(eta),8.93855288679213e-08,15,1,2,0,3.06652116757493e-15,7.12353043227311e-10,128,0
87,wave,apv,mda,w*dz(eta),9.70134180509911e-08,14,1,3,0,3.77620354137551e-15,2.72847189099838e-05,128,0
87,wave,apv,mda,w*eta*dlogN2,3.47230980765311e-06,16,1,2,0,6.75138400943918e-15,7.80094988606095e-10,128,0
87,apv,wave,inertial,u*dx(u),5.76314148615719e-07,1,0,15,1,1.88737914186277e-15,4.58683139945177e-10,128,0
87,apv,wave,inertial,v*dy(u),5.76314148621462e-07,1,0,15,1,1.88737914186277e-15,4.58683163040817e-10,128,0
87,apv,wave,inertial,w*dz(u),0,-1,0,1,1,0,0,0,128
87,apv,wave,inertial,u*dx(v),5.76314148626918e-07,1,0,15,1,1.66533453693773e-15,4.58683693107666e-10,128,0
87,apv,wave,inertial,v*dy(v),5.76314148609864e-07,1,0,15,1,1.77635683940025e-15,4.58683601511516e-10,128,0
87,apv,wave,inertial,w*dz(v),0,-1,0,1,1,0,0,0,128
87,apv,wave,mda,u*dx(eta),9.69928548654562e-08,3,0,14,1,3.84526991683557e-15,8.68288570647459e-10,128,0
87,apv,wave,mda,v*dy(eta),9.69928549334934e-08,3,0,14,1,3.60325914986191e-15,8.68288571810911e-10,128,0
87,apv,wave,mda,w*dz(eta),0,-1,0,1,1,0,0,0,128
87,apv,wave,mda,w*eta*dlogN2,0,-1,0,1,1,0,0,0,128
87,wave,boundary,inertial,u*dx(u),3.50938137576325e-07,15,1,2,0,1.95313837630271e-15,1.38496103474495e-10,64,0
87,wave,boundary,inertial,v*dy(u),3.50938137600877e-07,15,1,2,0,1.40139352629045e-15,1.38509537173093e-10,64,0
87,wave,boundary,inertial,w*dz(u),1.05271328102962e-07,16,1,2,0,1.50119070077839e-15,1.63042024325932e-10,64,0
87,wave,boundary,inertial,u*dx(v),3.50938137598176e-07,15,1,2,0,1.32728794247308e-15,1.38496103474495e-10,64,0
87,wave,boundary,inertial,v*dy(v),3.50938137487535e-07,15,1,2,0,1.84496452691899e-15,1.3850942615079e-10,64,0
87,wave,boundary,inertial,w*dz(v),1.05271328012261e-07,16,1,2,0,1.42538218009133e-15,1.63041691259025e-10,64,0
87,wave,boundary,mda,u*dx(eta),9.06770530710047e-09,15,1,2,0,4.10665177490255e-16,6.74995614957652e-10,64,0
87,wave,boundary,mda,v*dy(eta),9.06770518304646e-09,15,1,2,0,5.32356897228408e-16,6.74998945626726e-10,64,0
87,wave,boundary,mda,w*dz(eta),5.94713816380826e-08,16,1,2,0,3.22634382323298e-15,6.30535456589312e-07,64,0
87,wave,boundary,mda,w*eta*dlogN2,4.13070920535035e-06,16,1,2,0,3.96057874712244e-15,1.87967394031712e-10,64,0
87,boundary,wave,inertial,u*dx(u),3.50938137562304e-07,2,0,15,1,2.10454605064241e-15,1.38495992452192e-10,64,0
87,boundary,wave,inertial,v*dy(u),3.50938137560145e-07,2,0,15,1,2.04819650366481e-15,1.38495992452192e-10,64,0
87,boundary,wave,inertial,w*dz(u),0,1,0,1,1,0,0,0,64
87,boundary,wave,inertial,u*dx(v),3.50938137484042e-07,2,0,15,1,1.69622558137559e-15,1.3850942615079e-10,64,0
87,boundary,wave,inertial,v*dy(v),3.50938137491468e-07,2,0,15,1,1.72358014057826e-15,1.3850942615079e-10,64,0
87,boundary,wave,inertial,w*dz(v),0,1,0,1,1,0,0,0,64
87,boundary,wave,mda,u*dx(eta),5.94757578553828e-08,2,0,16,1,3.27436782499762e-15,3.24689897321289e-10,64,0
87,boundary,wave,mda,v*dy(eta),5.94757578124768e-08,2,0,16,1,3.27436782499762e-15,3.24689742431158e-10,64,0
87,boundary,wave,mda,w*dz(eta),0,1,0,1,1,0,0,0,64
87,boundary,wave,mda,w*eta*dlogN2,0,1,0,1,1,0,0,0,64
87,apv,boundary,inertial,u*dx(u),7.91528262579288e-08,3,0,2,0,2.15159125184425e-15,6.22750295775631e-10,8,0
87,apv,boundary,inertial,v*dy(u),7.915282622801e-08,3,0,2,0,2.10042970458918e-15,6.22750295775631e-10,8,0
87,apv,boundary,inertial,w*dz(u),0,-1,0,1,0,0,0,0,8
87,apv,boundary,inertial,u*dx(v),7.91528261742966e-08,3,0,2,0,1.54154358166401e-15,6.22750073731027e-10,8,0
87,apv,boundary,inertial,v*dy(v),7.91528261659851e-08,3,0,2,0,1.57652838626785e-15,6.22750073731027e-10,8,0
87,apv,boundary,inertial,w*dz(v),0,-1,0,1,0,0,0,0,8
87,apv,boundary,mda,u*dx(eta),3.91333800150282e-09,3,0,2,0,5.21362752620594e-16,8.08194880002155e-10,8,0
87,apv,boundary,mda,v*dy(eta),3.91333800150282e-09,3,0,2,0,5.21362752620594e-16,8.08194880002155e-10,8,0
87,apv,boundary,mda,w*dz(eta),0,-1,0,1,0,0,0,0,8
87,apv,boundary,mda,w*eta*dlogN2,0,-1,0,1,0,0,0,0,8
87,boundary,apv,inertial,u*dx(u),7.91528263316021e-08,2,0,3,0,2.15038310748852e-15,6.22750295775631e-10,8,0
87,boundary,apv,inertial,v*dy(u),7.9152826240729e-08,2,0,3,0,2.12365888854826e-15,6.22750295775631e-10,8,0
87,boundary,apv,inertial,w*dz(u),0,1,0,-1,0,0,0,0,8
87,boundary,apv,inertial,u*dx(v),7.91528262354013e-08,2,0,3,0,1.60344921068263e-15,6.22750073731027e-10,8,0
87,boundary,apv,inertial,v*dy(v),7.91528262087814e-08,2,0,3,0,1.54436054513551e-15,6.22750073731027e-10,8,0
87,boundary,apv,inertial,w*dz(v),0,1,0,-1,0,0,0,0,8
87,boundary,apv,mda,u*dx(eta),1.55086927051645e-08,2,0,2,0,8.13402440660058e-16,6.22961601357554e-10,8,0
87,boundary,apv,mda,v*dy(eta),1.55086926239642e-08,2,0,2,0,9.99999557590519e-16,6.22961626208808e-10,8,0
87,boundary,apv,mda,w*dz(eta),0,1,0,-1,0,0,0,0,8
87,boundary,apv,mda,w*eta*dlogN2,0,1,0,-1,0,0,0,0,8
87,boundary,boundary,inertial,u*dx(u),7.05112807130261e-08,2,0,1,0,9.62786744844276e-16,1.03905592965427e-09,4,0
87,boundary,boundary,inertial,v*dy(u),7.05112806647913e-08,1,0,2,0,9.71432400870907e-16,1.03905595155128e-09,4,0
87,boundary,boundary,inertial,w*dz(u),0,1,0,1,0,0,0,0,4
87,boundary,boundary,inertial,u*dx(v),7.05112806126117e-08,1,0,2,0,1.42204544376651e-15,1.03905666352841e-09,4,0
87,boundary,boundary,inertial,v*dy(v),7.05112806275853e-08,2,0,1,0,1.3352657658097e-15,1.03905666401017e-09,4,0
87,boundary,boundary,inertial,w*dz(v),0,1,0,1,0,0,0,0,4
87,boundary,boundary,mda,u*dx(eta),2.47528186031422e-09,2,0,2,0,2.19466456620052e-15,3.72502159699916e-09,4,0
87,boundary,boundary,mda,v*dy(eta),2.47528150007217e-09,2,0,2,0,2.22946398853827e-15,3.72502157409376e-09,4,0
87,boundary,boundary,mda,w*dz(eta),0,1,0,1,0,0,0,0,4
87,boundary,boundary,mda,w*eta*dlogN2,0,1,0,1,0,0,0,0,4
75,wave,wave,wave,u*dx(u),9.51132053391627e-06,15,1,16,1,3.6375010034428e-15,6.83615386520842e-11,640,0
75,wave,wave,wave,v*dy(u),0,1,1,1,1,0,0,0,640
75,wave,wave,wave,w*dz(u),1.48393437037035e-05,15,1,16,1,3.49431594770522e-12,3.31152195488601e-06,640,0
75,wave,wave,wave,u*dx(v),9.40325676410166e-06,15,1,16,1,3.33315964184881e-15,5.58408874695715e-11,640,0
75,wave,wave,wave,v*dy(v),0,1,1,1,1,0,0,0,640
75,wave,wave,wave,w*dz(v),1.47208040674807e-05,15,1,16,1,3.49442697000768e-12,3.0734326436929e-06,640,0
75,wave,wave,wave,u*dx(w),5.01515924470494e-07,15,1,16,1,1.11022302462516e-15,6.87918610964289e-11,640,0
75,wave,wave,wave,v*dy(w),0,1,1,1,1,0,0,0,640
75,wave,wave,wave,w*dz(w),5.01522354422518e-07,16,1,15,1,1.11022302462516e-15,6.77473632748615e-11,640,0
75,wave,wave,wave,u*dx(eta),3.91306991418616e-06,16,1,16,1,3.22428177613292e-15,5.64872593145083e-11,640,0
75,wave,wave,wave,v*dy(eta),0,1,1,1,1,0,0,0,640
75,wave,wave,wave,w*dz(eta),3.91305807829093e-06,16,1,16,1,3.77169758822352e-15,5.52271561815587e-11,640,0
75,wave,wave,wave,w*eta*dlogN2,9.02174808061308e-05,15,1,16,1,1.45627693164617e-15,5.6067372966595e-11,640,0
75,wave,apv,wave,u*dx(u),0,1,1,-1,0,0,0,0,128
75,wave,apv,wave,v*dy(u),0,1,1,-1,0,0,0,0,128
75,wave,apv,wave,w*dz(u),0,1,1,-1,0,0,0,0,128
75,wave,apv,wave,u*dx(v),2.85840725911232e-06,16,1,1,0,3.90777529209194e-15,5.94740896632372e-10,128,0
75,wave,apv,wave,v*dy(v),0,1,1,-1,0,0,0,0,128
75,wave,apv,wave,w*dz(v),1.81462798956472e-06,16,1,2,0,3.60980161574363e-15,7.68383467963929e-10,128,0
75,wave,apv,wave,u*dx(w),0,1,1,-1,0,0,0,0,128
75,wave,apv,wave,v*dy(w),0,1,1,-1,0,0,0,0,128
75,wave,apv,wave,w*dz(w),0,1,1,-1,0,0,0,0,128
75,wave,apv,wave,u*dx(eta),3.22963942676638e-07,16,1,2,0,2.22044604925031e-15,8.4266316147108e-10,128,0
75,wave,apv,wave,v*dy(eta),0,1,1,-1,0,0,0,0,128
75,wave,apv,wave,w*dz(eta),3.578035027083e-07,16,1,3,0,2.14842362425404e-15,1.3402345899749e-09,128,0
75,wave,apv,wave,w*eta*dlogN2,1.17859446007908e-05,16,1,2,0,1.80287130526367e-15,7.80095321673002e-10,128,0
75,apv,wave,wave,u*dx(u),2.88906957970667e-06,1,0,16,1,4.24178973333154e-15,6.32643878437359e-10,128,0
75,apv,wave,wave,v*dy(u),0,-1,0,1,1,0,0,0,128
75,apv,wave,wave,w*dz(u),0,-1,0,1,1,0,0,0,128
75,apv,wave,wave,u*dx(v),2.8584432352e-06,1,0,16,1,3.41513035802476e-15,5.94894111826017e-10,128,0
75,apv,wave,wave,v*dy(v),0,-1,0,1,1,0,0,0,128
75,apv,wave,wave,w*dz(v),0,-1,0,1,1,0,0,0,128
75,apv,wave,wave,u*dx(w),1.23980977924917e-07,3,0,16,1,7.7715611723761e-16,4.91024554349906e-10,128,0
75,apv,wave,wave,v*dy(w),0,-1,0,1,1,0,0,0,128
75,apv,wave,wave,w*dz(w),0,-1,0,1,1,0,0,0,128
75,apv,wave,wave,u*dx(eta),3.57693464227457e-07,3,0,16,1,2.80493682546316e-15,8.14774406029556e-10,128,0
75,apv,wave,wave,v*dy(eta),0,-1,0,1,1,0,0,0,128
75,apv,wave,wave,w*dz(eta),0,-1,0,1,1,0,0,0,128
75,apv,wave,wave,w*eta*dlogN2,0,-1,0,1,1,0,0,0,128
75,wave,boundary,wave,u*dx(u),0,1,1,1,0,0,0,0,64
75,wave,boundary,wave,v*dy(u),0,1,1,1,0,0,0,0,64
75,wave,boundary,wave,w*dz(u),0,1,1,1,0,0,0,0,64
75,wave,boundary,wave,u*dx(v),2.80818744396031e-06,16,1,2,0,2.16845514616823e-15,3.3916658370714e-10,64,0
75,wave,boundary,wave,v*dy(v),0,1,1,1,0,0,0,0,64
75,wave,boundary,wave,w*dz(v),1.14214582726526e-06,16,1,2,0,3.13043237613082e-15,5.4542104166444e-10,64,0
75,wave,boundary,wave,u*dx(w),0,1,1,1,0,0,0,0,64
75,wave,boundary,wave,v*dy(w),0,1,1,1,0,0,0,0,64
75,wave,boundary,wave,w*dz(w),0,1,1,1,0,0,0,0,64
75,wave,boundary,wave,u*dx(eta),2.03551813590552e-07,16,1,2,0,1.22124532708767e-15,5.58404766870524e-10,64,0
75,wave,boundary,wave,v*dy(eta),0,1,1,1,0,0,0,0,64
75,wave,boundary,wave,w*dz(eta),3.38107787181917e-07,16,1,2,0,1.30583802441739e-15,3.03010061486475e-10,64,0
75,wave,boundary,wave,w*eta*dlogN2,1.13102115363936e-05,16,1,2,0,9.42269069065436e-16,5.42834888150878e-10,64,0
75,boundary,wave,wave,u*dx(u),1.77883318461719e-06,2,0,16,1,2.30021935908734e-15,1.62600044480402e-10,64,0
75,boundary,wave,wave,v*dy(u),0,1,0,1,1,0,0,0,64
75,boundary,wave,wave,w*dz(u),0,1,0,1,1,0,0,0,64
75,boundary,wave,wave,u*dx(v),1.76088668255589e-06,2,0,16,1,2.11764916593664e-15,1.44973104440062e-10,64,0
75,boundary,wave,wave,v*dy(v),0,1,0,1,1,0,0,0,64
75,boundary,wave,wave,w*dz(v),0,1,0,1,1,0,0,0,64
75,boundary,wave,wave,u*dx(w),4.80483842439452e-08,2,0,16,1,4.44089209850063e-16,1.374143021593e-10,64,0
75,boundary,wave,wave,v*dy(w),0,1,0,1,1,0,0,0,64
75,boundary,wave,wave,w*dz(w),0,1,0,1,1,0,0,0,64
75,boundary,wave,wave,u*dx(eta),2.17741915164361e-07,2,0,16,1,1.54896344245815e-15,1.34899202919314e-10,64,0
75,boundary,wave,wave,v*dy(eta),0,1,0,1,1,0,0,0,64
75,boundary,wave,wave,w*dz(eta),0,1,0,1,1,0,0,0,64
75,boundary,wave,wave,w*eta*dlogN2,0,1,0,1,1,0,0,0,64
75,apv,boundary,wave,u*dx(u),0,-1,0,1,0,0,0,0,8
75,apv,boundary,wave,v*dy(u),0,-1,0,1,0,0,0,0,8
75,apv,boundary,wave,w*dz(u),0,-1,0,1,0,0,0,0,8
75,apv,boundary,wave,u*dx(v),5.94811845276489e-07,3,0,2,0,1.68462249976861e-15,5.14420062103227e-10,8,0
75,apv,boundary,wave,v*dy(v),0,-1,0,1,0,0,0,0,8
75,apv,boundary,wave,w*dz(v),0,-1,0,1,0,0,0,0,8
75,apv,boundary,wave,u*dx(w),0,-1,0,1,0,0,0,0,8
75,apv,boundary,wave,v*dy(w),0,-1,0,1,0,0,0,0,8
75,apv,boundary,wave,w*dz(w),0,-1,0,1,0,0,0,0,8
75,apv,boundary,wave,u*dx(eta),5.70460036618076e-08,-1,0,2,0,1.27694110710099e-15,6.47226605643425e-10,8,0
75,apv,boundary,wave,v*dy(eta),0,-1,0,1,0,0,0,0,8
75,apv,boundary,wave,w*dz(eta),0,-1,0,1,0,0,0,0,8
75,apv,boundary,wave,w*eta*dlogN2,0,-1,0,1,0,0,0,0,8
75,boundary,apv,wave,u*dx(u),0,1,0,-1,0,0,0,0,8
75,boundary,apv,wave,v*dy(u),0,1,0,-1,0,0,0,0,8
75,boundary,apv,wave,w*dz(u),0,1,0,-1,0,0,0,0,8
75,boundary,apv,wave,u*dx(v),3.4754249191985e-07,2,0,3,0,1.74504645455848e-15,6.22750073731027e-10,8,0
75,boundary,apv,wave,v*dy(v),0,1,0,-1,0,0,0,0,8
75,boundary,apv,wave,w*dz(v),0,1,0,-1,0,0,0,0,8
75,boundary,apv,wave,u*dx(w),0,1,0,-1,0,0,0,0,8
75,boundary,apv,wave,v*dy(w),0,1,0,-1,0,0,0,0,8
75,boundary,apv,wave,w*dz(w),0,1,0,-1,0,0,0,0,8
75,boundary,apv,wave,u*dx(eta),6.68838062227728e-08,2,0,1,0,8.54387065763183e-16,1.02326103146311e-09,8,0
75,boundary,apv,wave,v*dy(eta),0,1,0,-1,0,0,0,0,8
75,boundary,apv,wave,w*dz(eta),0,1,0,-1,0,0,0,0,8
75,boundary,apv,wave,w*eta*dlogN2,0,1,0,-1,0,0,0,0,8
75,boundary,boundary,wave,u*dx(u),0,1,0,1,0,0,0,0,4
75,boundary,boundary,wave,v*dy(u),0,1,0,1,0,0,0,0,4
75,boundary,boundary,wave,w*dz(u),0,1,0,1,0,0,0,0,4
75,boundary,boundary,wave,u*dx(v),3.10858780815611e-07,2,0,1,0,1.19409012227864e-15,5.28074917127697e-10,4,0
75,boundary,boundary,wave,v*dy(v),0,1,0,1,0,0,0,0,4
75,boundary,boundary,wave,w*dz(v),0,1,0,1,0,0,0,0,4
75,boundary,boundary,wave,u*dx(w),0,1,0,1,0,0,0,0,4
75,boundary,boundary,wave,v*dy(w),0,1,0,1,0,0,0,0,4
75,boundary,boundary,wave,w*dz(w),0,1,0,1,0,0,0,0,4
75,boundary,boundary,wave,u*dx(eta),7.15723493984314e-08,2,0,1,0,5.2875496139602e-16,9.33743971032186e-10,4,0
75,boundary,boundary,wave,v*dy(eta),0,1,0,1,0,0,0,0,4
75,boundary,boundary,wave,w*dz(eta),0,1,0,1,0,0,0,0,4
75,boundary,boundary,wave,w*eta*dlogN2,0,1,0,1,0,0,0,0,4
76,wave,wave,wave,u*dx(u),9.54123082759753e-06,15,1,16,1,3.98617028290412e-15,8.94362361947287e-11,640,0
76,wave,wave,wave,v*dy(u),9.54123082749185e-06,15,-1,16,1,4.06441770257205e-15,8.94326834810499e-11,640,0
76,wave,wave,wave,w*dz(u),1.48722783248527e-05,16,1,15,1,7.72382158231721e-13,1.88621495969546e-06,640,0
76,wave,wave,wave,u*dx(v),9.40112446399415e-06,15,-1,16,1,5.17964847255599e-15,8.94420093544568e-11,640,0
76,wave,wave,wave,v*dy(v),9.40112446407741e-06,15,-1,16,1,3.63412585024062e-15,8.94386786853829e-11,640,0
76,wave,wave,wave,w*dz(v),1.47194936715546e-05,16,1,15,1,7.72493180534184e-13,1.69332653982486e-06,640,0
76,wave,wave,wave,u*dx(w),4.54680647783495e-07,15,1,16,1,1.33226762955019e-15,8.95798990541152e-11,640,0
76,wave,wave,wave,v*dy(w),4.54680647780638e-07,15,1,16,1,1.33226762955019e-15,8.95763463404364e-11,640,0
76,wave,wave,wave,w*dz(w),4.54684173503622e-07,16,1,15,1,9.99200722162641e-16,8.94120333327919e-11,640,0
76,wave,wave,wave,u*dx(eta),3.5883448655074e-06,16,1,16,1,2.44463220516407e-15,6.6656014041655e-11,640,0
76,wave,wave,wave,v*dy(eta),3.5883448655044e-06,16,1,16,1,2.81540945656412e-15,6.6652905417186e-11,640,0
76,wave,wave,wave,w*dz(eta),3.58833827306094e-06,16,1,16,1,3.0295430015974e-15,6.63002985845651e-11,640,0
76,wave,wave,wave,w*eta*dlogN2,8.29212756914718e-05,15,1,16,1,2.05026423490009e-15,6.62421228980747e-11,640,0
76,wave,apv,wave,u*dx(u),2.89753000082639e-06,16,1,1,0,4.34205412797944e-15,6.51488220380693e-10,128,0
76,wave,apv,wave,v*dy(u),2.89753000105077e-06,16,1,1,0,4.14724602458879e-15,6.51488854552022e-10,128,0
76,wave,apv,wave,w*dz(u),1.84904598118627e-06,16,1,2,0,3.87991957640654e-15,7.70057678713942e-10,128,0
76,wave,apv,wave,u*dx(v),2.85757895661207e-06,16,1,1,0,3.45221092915127e-15,5.94096265098855e-10,128,0
76,wave,apv,wave,v*dy(v),2.85757895657084e-06,16,1,1,0,3.72973706529349e-15,5.9409690875654e-10,128,0
76,wave,apv,wave,w*dz(v),1.8125147502907e-06,16,1,2,0,3.43583656431863e-15,7.68383467963929e-10,128,0
76,wave,apv,wave,u*dx(w),0,1,1,-1,0,0,0,0,128
76,wave,apv,wave,v*dy(w),0,1,1,-1,0,0,0,0,128
76,wave,apv,wave,w*dz(w),0,1,1,-1,0,0,0,0,128
76,wave,apv,wave,u*dx(eta),2.961205515747e-07,16,1,2,0,2.22044604925031e-15,8.4266316147108e-10,128,0
76,wave,apv,wave,v*dy(eta),2.96120551573322e-07,16,1,2,0,1.99840144432528e-15,8.42676595169678e-10,128,0
76,wave,apv,wave,w*dz(eta),3.29272570170931e-07,16,1,3,0,1.6812679578073e-15,1.3402345899749e-09,128,0
76,wave,apv,wave,w*eta*dlogN2,1.08178049554485e-05,16,1,2,0,1.41745719765686e-15,7.80095321673002e-10,128,0
76,apv,wave,wave,u*dx(u),2.89755140214099e-06,1,0,16,1,3.22016899309378e-15,6.51420721022836e-10,128,0
76,apv,wave,wave,v*dy(u),2.89755140228576e-06,1,0,16,1,3.19076514914341e-15,6.51420674555272e-10,128,0
76,apv,wave,wave,w*dz(u),0,-1,0,1,1,0,0,0,128
76,apv,wave,wave,u*dx(v),2.85760078678045e-06,1,0,16,1,3.8330750701318e-15,5.94067801307971e-10,128,0
76,apv,wave,wave,v*dy(v),2.8576007867047e-06,1,0,16,1,3.83164633142504e-15,5.94067836430762e-10,128,0
76,apv,wave,wave,w*dz(v),0,-1,0,1,1,0,0,0,128
76,apv,wave,wave,u*dx(w),1.12403763859854e-07,3,0,16,1,6.66133814775094e-16,5.11971576244719e-10,128,0
76,apv,wave,wave,v*dy(w),1.1240376385999e-07,3,0,16,1,5.55111512312578e-16,5.11971576244719e-10,128,0
76,apv,wave,wave,w*dz(w),0,-1,0,1,1,0,0,0,128
76,apv,wave,wave,u*dx(eta),3.2917054652753e-07,3,0,16,1,2.67126214634676e-15,8.03005710810634e-10,128,0
76,apv,wave,wave,v*dy(eta),3.29170546525153e-07,3,0,16,1,2.6715542184812e-15,8.03005728860954e-10,128,0
76,apv,wave,wave,w*dz(eta),0,-1,0,1,1,0,0,0,128
76,apv,wave,wave,w*eta*dlogN2,0,-1,0,1,1,0,0,0,128
76,wave,boundary,wave,u*dx(u),2.41172059950267e-06,16,1,2,0,2.45699046871916e-15,2.51903191810983e-10,64,0
76,wave,boundary,wave,v*dy(u),2.41172059883092e-06,16,1,2,0,2.38920850164446e-15,2.51908971252833e-10,64,0
76,wave,boundary,wave,w*dz(u),9.48150738137492e-07,16,1,2,0,2.54449528923493e-15,3.13392717483771e-10,64,0
76,wave,boundary,wave,u*dx(v),2.37915987205374e-06,16,1,2,0,2.67219298863353e-15,2.31264335107657e-10,64,0
76,wave,boundary,wave,v*dy(v),2.37915987217774e-06,16,1,2,0,2.2959642524797e-15,2.31264499974275e-10,64,0
76,wave,boundary,wave,w*dz(v),9.3008564832363e-07,16,1,2,0,2.5298891885189e-15,2.88553736460528e-10,64,0
76,wave,boundary,wave,u*dx(w),0,1,1,1,0,0,0,0,64
76,wave,boundary,wave,v*dy(w),0,1,1,1,0,0,0,0,64
76,wave,boundary,wave,w*dz(w),0,1,1,1,0,0,0,0,64
76,wave,boundary,wave,u*dx(eta),1.49751069591666e-07,16,1,2,0,9.61717200753272e-16,2.91270119134879e-10,64,0
76,wave,boundary,wave,v*dy(eta),1.49751069576888e-07,16,1,2,0,9.99200722162641e-16,2.91277890696051e-10,64,0
76,wave,boundary,wave,w*dz(eta),2.67105916715516e-07,16,1,2,0,1.83994970207667e-15,2.1662038829362e-10,64,0
76,wave,boundary,wave,w*eta*dlogN2,1.19400088185059e-05,16,1,2,0,1.00427616564214e-15,2.84475665246475e-10,64,0
76,boundary,wave,wave,u*dx(u),1.7838049846241e-06,2,0,16,1,2.23978474606312e-15,1.71033014619007e-10,64,0
76,boundary,wave,wave,v*dy(u),1.78380498456022e-06,2,0,16,1,2.29886960834655e-15,1.71033072151505e-10,64,0
76,boundary,wave,wave,w*dz(u),0,1,0,1,1,0,0,0,64
76,boundary,wave,wave,u*dx(v),1.76048564161128e-06,2,0,16,1,1.8309023661526e-15,1.44852388264202e-10,64,0
76,boundary,wave,wave,v*dy(v),1.76048564161782e-06,2,0,16,1,1.85243589175563e-15,1.44852398266337e-10,64,0
76,boundary,wave,wave,w*dz(v),0,1,0,1,1,0,0,0,64
76,boundary,wave,wave,u*dx(w),4.35616149186142e-08,2,0,16,1,4.44089209850063e-16,1.37794442522932e-10,64,0
76,boundary,wave,wave,v*dy(w),4.35616149191765e-08,2,0,16,1,4.44089209850063e-16,1.37794442522932e-10,64,0
76,boundary,wave,wave,w*dz(w),0,1,0,1,1,0,0,0,64
76,boundary,wave,wave,u*dx(eta),2.00423988924385e-07,2,0,16,1,9.66821651290319e-16,1.35231936759794e-10,64,0
76,boundary,wave,wave,v*dy(eta),2.00423988923346e-07,2,0,16,1,9.37459545743522e-16,1.35232047782097e-10,64,0
76,boundary,wave,wave,w*dz(eta),0,1,0,1,1,0,0,0,64
76,boundary,wave,wave,w*eta*dlogN2,0,1,0,1,1,0,0,0,64
76,apv,boundary,wave,u*dx(u),5.05218641264594e-07,3,0,2,0,3.35786476351961e-15,6.02705522188399e-10,8,0
76,apv,boundary,wave,v*dy(u),5.05218641307652e-07,3,0,2,0,3.18853247174525e-15,6.0270569002355e-10,8,0
76,apv,boundary,wave,w*dz(u),0,-1,0,1,0,0,0,0,8
76,apv,boundary,wave,u*dx(v),4.89076353959985e-07,3,0,2,0,1.37089582332271e-15,5.91150461914935e-10,8,0
76,apv,boundary,wave,v*dy(v),4.89076354015909e-07,3,0,2,0,1.30946264957124e-15,5.91150461914935e-10,8,0
76,apv,boundary,wave,w*dz(v),0,-1,0,1,0,0,0,0,8
76,apv,boundary,wave,u*dx(w),0,-1,0,1,0,0,0,0,8
76,apv,boundary,wave,v*dy(w),0,-1,0,1,0,0,0,0,8
76,apv,boundary,wave,w*dz(w),0,-1,0,1,0,0,0,0,8
76,apv,boundary,wave,u*dx(eta),4.75062209682e-08,-1,0,2,0,9.81845826500055e-16,5.07086594936368e-10,8,0
76,apv,boundary,wave,v*dy(eta),4.75062209353551e-08,-1,0,2,0,1.07824520953989e-15,5.07086594936368e-10,8,0
76,apv,boundary,wave,w*dz(eta),0,-1,0,1,0,0,0,0,8
76,apv,boundary,wave,w*eta*dlogN2,0,-1,0,1,0,0,0,0,8
76,boundary,apv,wave,u*dx(u),3.58989754741975e-07,2,0,3,0,1.76693865206618e-15,6.30860556595458e-10,8,0
76,boundary,apv,wave,v*dy(u),3.58989754748742e-07,2,0,3,0,1.82556650246984e-15,6.30860647756384e-10,8,0
76,boundary,apv,wave,w*dz(u),0,1,0,-1,0,0,0,0,8
76,boundary,apv,wave,u*dx(v),3.46263064637953e-07,2,0,3,0,1.27656737482986e-15,6.22750073731027e-10,8,0
76,boundary,apv,wave,v*dy(v),3.46263064656415e-07,2,0,3,0,1.30149309544564e-15,6.22750073731027e-10,8,0
76,boundary,apv,wave,w*dz(v),0,1,0,-1,0,0,0,0,8
76,boundary,apv,wave,u*dx(w),0,1,0,-1,0,0,0,0,8
76,boundary,apv,wave,v*dy(w),0,1,0,-1,0,0,0,0,8
76,boundary,apv,wave,w*dz(w),0,1,0,-1,0,0,0,0,8
76,boundary,apv,wave,u*dx(eta),6.37179538769699e-08,2,0,1,0,1.5912312617821e-15,1.02326103146311e-09,8,0
76,boundary,apv,wave,v*dy(eta),6.3717953897459e-08,2,0,1,0,1.57994484119155e-15,1.02326114248541e-09,8,0
76,boundary,apv,wave,w*dz(eta),0,1,0,-1,0,0,0,0,8
76,boundary,apv,wave,w*eta*dlogN2,0,1,0,-1,0,0,0,0,8
76,boundary,boundary,wave,u*dx(u),3.81133113700827e-07,2,0,1,0,1.30515501158845e-15,1.00415037433124e-09,4,0
76,boundary,boundary,wave,v*dy(u),3.81133113722737e-07,2,0,1,0,1.30752956696566e-15,1.00415049266712e-09,4,0
76,boundary,boundary,wave,w*dz(u),0,1,0,1,0,0,0,0,4
76,boundary,boundary,wave,u*dx(v),3.72278312742162e-07,2,0,1,0,6.79337347912931e-16,8.34385449621777e-10,4,0
76,boundary,boundary,wave,v*dy(v),3.72278312731543e-07,2,0,1,0,6.70543987284319e-16,8.34385227577172e-10,4,0
76,boundary,boundary,wave,w*dz(v),0,1,0,1,0,0,0,0,4
76,boundary,boundary,wave,u*dx(w),0,1,0,1,0,0,0,0,4
76,boundary,boundary,wave,v*dy(w),0,1,0,1,0,0,0,0,4
76,boundary,boundary,wave,w*dz(w),0,1,0,1,0,0,0,0,4
76,boundary,boundary,wave,u*dx(eta),6.61137129274855e-08,2,0,1,0,1.0996603008647e-15,6.61314551159754e-10,4,0
76,boundary,boundary,wave,v*dy(eta),6.61137128023982e-08,2,0,1,0,1.10560444316722e-15,6.6131441909983e-10,4,0
76,boundary,boundary,wave,w*dz(eta),0,1,0,1,0,0,0,0,4
76,boundary,boundary,wave,w*eta*dlogN2,0,1,0,1,0,0,0,0,4
150,wave,wave,wave,u*dx(u),9.42178219049774e-06,15,1,16,1,3.41886956996152e-15,9.23003895536567e-11,640,0
150,wave,wave,wave,v*dy(u),0,1,1,1,1,0,0,0,640
150,wave,wave,wave,w*dz(u),1.47408902468612e-05,15,1,16,1,3.49453799231014e-12,3.12872277485642e-06,640,0
150,wave,wave,wave,u*dx(v),9.48038669005508e-06,15,1,16,1,3.62631993859694e-15,7.9779960415749e-11,640,0
150,wave,wave,wave,v*dy(v),0,1,1,1,1,0,0,0,640
150,wave,wave,wave,w*dz(v),1.48053277830912e-05,15,1,16,1,3.49431594770522e-12,3.25245815981568e-06,640,0
150,wave,wave,wave,u*dx(w),5.21149342510749e-07,15,1,16,1,1.11022302462516e-15,9.249800925204e-11,640,0
150,wave,wave,wave,v*dy(w),0,1,1,1,1,0,0,0,640
150,wave,wave,wave,w*dz(w),5.21159904033566e-07,16,1,15,1,1.4432899320127e-15,9.18192188947842e-11,640,0
150,wave,wave,wave,u*dx(eta),4.04827154275929e-06,16,1,16,1,2.62928485178793e-15,8.01416710771718e-11,640,0
150,wave,wave,wave,v*dy(eta),0,1,1,1,1,0,0,0,640
150,wave,wave,wave,w*dz(eta),4.04825221833505e-06,16,1,16,1,3.21304731908261e-15,7.9341422321022e-11,640,0
150,wave,wave,wave,w*eta*dlogN2,9.32420354147097e-05,15,1,16,1,1.88080381517167e-15,8.01740895894909e-11,640,0
150,wave,apv,wave,u*dx(u),0,1,1,-1,0,0,0,0,128
150,wave,apv,wave,v*dy(u),0,1,1,-1,0,0,0,0,128
150,wave,apv,wave,w*dz(u),0,1,1,-1,0,0,0,0,128
150,wave,apv,wave,u*dx(v),2.88030880542664e-06,16,1,1,0,3.35053893061778e-15,6.13647207620186e-10,128,0
150,wave,apv,wave,v*dy(v),0,1,1,-1,0,0,0,0,128
150,wave,apv,wave,w*dz(v),1.83415686355545e-06,16,1,2,0,4.09564357023043e-15,7.6825323880314e-10,128,0
150,wave,apv,wave,u*dx(w),0,1,1,-1,0,0,0,0,128
150,wave,apv,wave,v*dy(w),0,1,1,-1,0,0,0,0,128
150,wave,apv,wave,w*dz(w),0,1,1,-1,0,0,0,0,128
150,wave,apv,wave,u*dx(eta),3.34131241015606e-07,16,1,2,0,1.90325409374091e-15,8.42768410613814e-10,128,0
150,wave,apv,wave,v*dy(eta),0,1,1,-1,0,0,0,0,128
150,wave,apv,wave,w*dz(eta),3.69611974428664e-07,16,1,3,0,1.76774213688351e-15,1.34020450293093e-09,128,0
150,wave,apv,wave,w*eta*dlogN2,1.21886064420714e-05,16,1,2,0,2.45585512516884e-15,7.80231546038124e-10,128,0
150,apv,wave,wave,u*dx(u),2.86379332619296e-06,1,0,16,1,3.77618616950225e-15,5.98648194003513e-10,128,0
150,apv,wave,wave,v*dy(u),0,-1,0,1,1,0,0,0,128
150,apv,wave,wave,w*dz(u),0,-1,0,1,1,0,0,0,128
150,apv,wave,wave,u*dx(v),2.88036511634364e-06,1,0,16,1,4.24813363598801e-15,6.13652391829057e-10,128,0
150,apv,wave,wave,v*dy(v),0,-1,0,1,1,0,0,0,128
150,apv,wave,wave,w*dz(v),0,-1,0,1,1,0,0,0,128
150,apv,wave,wave,u*dx(w),1.28834244376227e-07,3,0,16,1,7.7715611723761e-16,4.91024554349906e-10,128,0
150,apv,wave,wave,v*dy(w),0,-1,0,1,1,0,0,0,128
150,apv,wave,wave,w*dz(w),0,-1,0,1,1,0,0,0,128
150,apv,wave,wave,u*dx(eta),3.69499783108825e-07,3,0,16,1,1.66533453693773e-15,8.1893655796053e-10,128,0
150,apv,wave,wave,v*dy(eta),0,-1,0,1,1,0,0,0,128
150,apv,wave,wave,w*dz(eta),0,-1,0,1,1,0,0,0,128
150,apv,wave,wave,w*eta*dlogN2,0,-1,0,1,1,0,0,0,128
150,wave,boundary,wave,u*dx(u),0,1,1,1,0,0,0,0,64
150,wave,boundary,wave,v*dy(u),0,1,1,1,0,0,0,0,64
150,wave,boundary,wave,w*dz(u),0,1,1,1,0,0,0,0,64
150,wave,boundary,wave,u*dx(v),2.82989679430585e-06,16,1,2,0,2.52823311429918e-15,3.39294592421879e-10,64,0
150,wave,boundary,wave,v*dy(v),0,1,1,1,0,0,0,0,64
150,wave,boundary,wave,w*dz(v),1.1531566683107e-06,16,1,2,0,3.39071562220591e-15,5.45544498464778e-10,64,0
150,wave,boundary,wave,u*dx(w),0,1,1,1,0,0,0,0,64
150,wave,boundary,wave,v*dy(w),0,1,1,1,0,0,0,0,64
150,wave,boundary,wave,w*dz(w),0,1,1,1,0,0,0,0,64
150,wave,boundary,wave,u*dx(eta),2.10473185222799e-07,16,1,2,0,1.35498872772724e-15,5.58519452908968e-10,64,0
150,wave,boundary,wave,v*dy(eta),0,1,1,1,0,0,0,0,64
150,wave,boundary,wave,w*dz(eta),3.49360382116311e-07,16,1,2,0,9.61053380647193e-16,3.06598935396182e-10,64,0
150,wave,boundary,wave,w*eta*dlogN2,1.16912598209566e-05,16,1,2,0,2.26751668403265e-15,5.4263660231868e-10,64,0
150,boundary,wave,wave,u*dx(u),1.34322080100687e-06,2,0,16,1,2.97050170688765e-15,1.13137720834153e-10,64,0
150,boundary,wave,wave,v*dy(u),0,1,0,1,1,0,0,0,64
150,boundary,wave,wave,w*dz(u),0,1,0,1,1,0,0,0,64
150,boundary,wave,wave,u*dx(v),1.35046552798652e-06,2,0,16,1,2.16765556541655e-15,1.14154262670255e-10,64,0
150,boundary,wave,wave,v*dy(v),0,1,0,1,1,0,0,0,64
150,boundary,wave,wave,w*dz(v),0,1,0,1,1,0,0,0,64
150,boundary,wave,wave,u*dx(w),3.76273625522924e-08,2,0,16,1,3.33066907387547e-16,1.11377684852698e-10,64,0
150,boundary,wave,wave,v*dy(w),0,1,0,1,1,0,0,0,64
150,boundary,wave,wave,w*dz(w),0,1,0,1,1,0,0,0,64
150,boundary,wave,wave,u*dx(eta),1.73126767695667e-07,2,0,16,1,1.26827489834519e-15,1.1284706502579e-10,64,0
150,boundary,wave,wave,v*dy(eta),0,1,0,1,1,0,0,0,64
150,boundary,wave,wave,w*dz(eta),0,1,0,1,1,0,0,0,64
150,boundary,wave,wave,w*eta*dlogN2,0,1,0,1,1,0,0,0,64
150,apv,boundary,wave,u*dx(u),0,-1,0,1,0,0,0,0,8
150,apv,boundary,wave,v*dy(u),0,-1,0,1,0,0,0,0,8
150,apv,boundary,wave,w*dz(u),0,-1,0,1,0,0,0,0,8
150,apv,boundary,wave,u*dx(v),6.04570683135955e-07,3,0,2,0,1.42428894439257e-15,5.14420062103227e-10,8,0
150,apv,boundary,wave,v*dy(v),0,-1,0,1,0,0,0,0,8
150,apv,boundary,wave,w*dz(v),0,-1,0,1,0,0,0,0,8
150,apv,boundary,wave,u*dx(w),0,-1,0,1,0,0,0,0,8
150,apv,boundary,wave,v*dy(w),0,-1,0,1,0,0,0,0,8
150,apv,boundary,wave,w*dz(w),0,-1,0,1,0,0,0,0,8
150,apv,boundary,wave,u*dx(eta),5.77729344836171e-08,-1,0,2,0,1.26639436417299e-15,6.50497788460939e-10,8,0
150,apv,boundary,wave,v*dy(eta),0,-1,0,1,0,0,0,0,8
150,apv,boundary,wave,w*dz(eta),0,-1,0,1,0,0,0,0,8
150,apv,boundary,wave,w*eta*dlogN2,0,-1,0,1,0,0,0,0,8
150,boundary,apv,wave,u*dx(u),0,1,0,-1,0,0,0,0,8
150,boundary,apv,wave,v*dy(u),0,1,0,-1,0,0,0,0,8
150,boundary,apv,wave,w*dz(u),0,1,0,-1,0,0,0,0,8
150,boundary,apv,wave,u*dx(v),2.62315917172856e-07,2,0,3,0,2.0108035375644e-15,6.51752207758705e-10,8,0
150,boundary,apv,wave,v*dy(v),0,1,0,-1,0,0,0,0,8
150,boundary,apv,wave,w*dz(v),0,1,0,-1,0,0,0,0,8
150,boundary,apv,wave,u*dx(w),0,1,0,-1,0,0,0,0,8
150,boundary,apv,wave,v*dy(w),0,1,0,-1,0,0,0,0,8
150,boundary,apv,wave,w*dz(w),0,1,0,-1,0,0,0,0,8
150,boundary,apv,wave,u*dx(eta),6.24300355357645e-08,2,0,1,0,1.09702755004284e-15,1.0148071272198e-09,8,0
150,boundary,apv,wave,v*dy(eta),0,1,0,-1,0,0,0,0,8
150,boundary,apv,wave,w*dz(eta),0,1,0,-1,0,0,0,0,8
150,boundary,apv,wave,w*eta*dlogN2,0,1,0,-1,0,0,0,0,8
150,boundary,boundary,wave,u*dx(u),0,1,0,1,0,0,0,0,4
150,boundary,boundary,wave,v*dy(u),0,1,0,1,0,0,0,0,4
150,boundary,boundary,wave,w*dz(u),0,1,0,1,0,0,0,0,4
150,boundary,boundary,wave,u*dx(v),2.45137153031774e-07,2,0,1,0,1.31849558234441e-15,5.66421798353645e-10,4,0
150,boundary,boundary,wave,v*dy(v),0,1,0,1,0,0,0,0,4
150,boundary,boundary,wave,w*dz(v),0,1,0,1,0,0,0,0,4
150,boundary,boundary,wave,u*dx(w),0,1,0,1,0,0,0,0,4
150,boundary,boundary,wave,v*dy(w),0,1,0,1,0,0,0,0,4
150,boundary,boundary,wave,w*dz(w),0,1,0,1,0,0,0,0,4
150,boundary,boundary,wave,u*dx(eta),7.3006615286126e-08,2,0,1,0,5.77988379996687e-16,1.23101562277128e-09,4,0
150,boundary,boundary,wave,v*dy(eta),0,1,0,1,0,0,0,0,4
150,boundary,boundary,wave,w*dz(eta),0,1,0,1,0,0,0,0,4
150,boundary,boundary,wave,w*eta*dlogN2,0,1,0,1,0,0,0,0,4
157,wave,wave,inertial,u*dx(u),2.16404838922033e-06,16,-1,16,1,2.018764365998e-15,1.34498634452029e-10,640,0
157,wave,wave,inertial,v*dy(u),2.16404838961697e-06,16,-1,16,1,2.3481659464418e-15,1.34513733485164e-10,640,0
157,wave,wave,inertial,w*dz(u),1.44052618363635e-06,16,1,14,1,8.75965966429249e-14,2.65777164942804e-07,640,0
157,wave,wave,inertial,u*dx(v),2.16404838945715e-06,16,-1,16,1,2.22604753488676e-15,1.34513733485164e-10,640,0
157,wave,wave,inertial,v*dy(v),2.16404838914039e-06,16,-1,16,1,2.31523775928514e-15,1.34528610473694e-10,640,0
157,wave,wave,inertial,w*dz(v),1.4405261833228e-06,16,1,14,1,8.77076189453874e-14,2.65777149954793e-07,640,0
157,wave,wave,mda,u*dx(eta),1.10999929365921e-06,16,1,16,1,4.07556955855391e-15,5.6317477128291e-10,640,0
157,wave,wave,mda,v*dy(eta),1.10999929361483e-06,16,1,16,1,4.80328339050233e-15,5.63161760435143e-10,640,0
157,wave,wave,mda,w*dz(eta),1.10999929365564e-06,16,1,16,1,5.31696438945558e-15,5.63161230457872e-10,640,0
157,wave,wave,mda,w*eta*dlogN2,2.52708978096129e-05,16,1,16,1,3.10686841076121e-15,1.5951852801285e-10,640,0
157,wave,apv,inertial,u*dx(u),5.76311369237176e-07,15,1,1,0,1.82991768523533e-15,4.58645406058528e-10,128,0
157,wave,apv,inertial,v*dy(u),5.76311369159739e-07,15,1,1,0,2.06384073296159e-15,4.58644982584585e-10,128,0
157,wave,apv,inertial,w*dz(u),2.62897513043338e-07,16,1,2,0,1.77635683940025e-15,7.6825323880314e-10,128,0
157,wave,apv,inertial,u*dx(v),5.76311369218078e-07,15,1,1,0,2.00428239662318e-15,4.58644963149048e-10,128,0
157,wave,apv,inertial,v*dy(v),5.76311369183405e-07,15,1,1,0,1.77635683940025e-15,4.58645443151307e-10,128,0
157,wave,apv,inertial,w*dz(v),2.6289751299228e-07,16,1,2,0,2.1094237467878e-15,7.6825323880314e-10,128,0
157,wave,apv,mda,u*dx(eta),8.93845978543232e-08,15,1,2,0,2.34319124491056e-15,7.24831317022788e-10,128,0
157,wave,apv,mda,v*dy(eta),8.93845980264167e-08,15,1,2,0,4.33497482259563e-15,7.24828697163633e-10,128,0
157,wave,apv,mda,w*dz(eta),9.70134319777295e-08,14,1,3,0,4.15848945394631e-15,2.72867787516946e-05,128,0
157,wave,apv,mda,w*eta*dlogN2,3.47234365728728e-06,16,1,2,0,6.16810935235639e-15,7.80231212971216e-10,128,0
157,apv,wave,inertial,u*dx(u),5.76311369210975e-07,1,0,15,1,1.89136322242506e-15,4.58645396592445e-10,128,0
157,apv,wave,inertial,v*dy(u),5.76311369192755e-07,1,0,15,1,1.82772561147627e-15,4.58645462554981e-10,128,0
157,apv,wave,inertial,w*dz(u),0,-1,0,1,1,0,0,0,128
157,apv,wave,inertial,u*dx(v),5.76311369168922e-07,1,0,15,1,1.77635683940025e-15,4.58645499424787e-10,128,0
157,apv,wave,inertial,v*dy(v),5.76311369179252e-07,1,0,15,1,1.77635683940025e-15,4.58645317318413e-10,128,0
157,apv,wave,inertial,w*dz(v),0,-1,0,1,1,0,0,0,128
157,apv,wave,mda,u*dx(eta),9.69928688701994e-08,3,0,14,1,2.70582041141094e-15,8.68344900138921e-10,128,0
157,apv,wave,mda,v*dy(eta),9.69928688865845e-08,3,0,14,1,2.73363831102331e-15,8.68344953843688e-10,128,0
157,apv,wave,mda,w*dz(eta),0,-1,0,1,1,0,0,0,128
157,apv,wave,mda,w*eta*dlogN2,0,-1,0,1,1,0,0,0,128
157,wave,boundary,inertial,u*dx(u),2.6585837381996e-07,15,1,2,0,1.42935542314611e-15,1.24206644969149e-10,64,0
157,wave,boundary,inertial,v*dy(u),2.65858373821907e-07,15,1,2,0,1.49437059155732e-15,1.24221521957679e-10,64,0
157,wave,boundary,inertial,w*dz(u),8.5265012778784e-08,16,1,2,0,1.68289739205524e-15,1.15545795154048e-10,64,0
157,wave,boundary,inertial,u*dx(v),2.65858373819883e-07,15,1,2,0,1.32006345251148e-15,1.24206644969149e-10,64,0
157,wave,boundary,inertial,v*dy(v),2.65858373680327e-07,15,1,2,0,1.46139533427085e-15,1.24221744002284e-10,64,0
157,wave,boundary,inertial,w*dz(v),8.5265013184935e-08,16,1,2,0,2.01956868769788e-15,1.15545795154048e-10,64,0
157,wave,boundary,mda,u*dx(eta),7.59035060857934e-09,15,1,2,0,5.86726462869285e-16,6.85301593250642e-10,64,0
157,wave,boundary,mda,v*dy(eta),7.59035231089477e-09,15,1,2,0,7.57793796173958e-16,6.852861611506e-10,64,0
157,wave,boundary,mda,w*dz(eta),4.69198055415712e-08,16,1,2,0,2.32678987617174e-15,6.89924384790236e-07,64,0
157,wave,boundary,mda,w*eta*dlogN2,4.40313507583105e-06,15,1,2,0,3.35669821099251e-15,1.59585644922434e-10,64,0
157,boundary,wave,inertial,u*dx(u),2.6585837380074e-07,2,0,15,1,1.42595851788553e-15,1.24206644969149e-10,64,0
157,boundary,wave,inertial,v*dy(u),2.65858373803262e-07,2,0,15,1,1.41786097871505e-15,1.24206644969149e-10,64,0
157,boundary,wave,inertial,w*dz(u),0,1,0,1,1,0,0,0,64
157,boundary,wave,inertial,u*dx(v),2.65858373681641e-07,2,0,15,1,1.49315974769304e-15,1.24221966046889e-10,64,0
157,boundary,wave,inertial,v*dy(v),2.65858373632117e-07,2,0,15,1,1.52305219291144e-15,1.24221966046889e-10,64,0
157,boundary,wave,inertial,w*dz(v),0,1,0,1,1,0,0,0,64
157,boundary,wave,mda,u*dx(eta),4.69244170245337e-08,2,0,16,1,2.00603434146212e-15,2.40269519740499e-10,64,0
157,boundary,wave,mda,v*dy(eta),4.69244170772858e-08,2,0,16,1,1.89907048657078e-15,2.40269443699523e-10,64,0
157,boundary,wave,mda,w*dz(eta),0,1,0,1,1,0,0,0,64
157,boundary,wave,mda,w*eta*dlogN2,0,1,0,1,1,0,0,0,64
157,apv,boundary,inertial,u*dx(u),6.4227138659115e-08,3,0,2,0,1.31917012380826e-15,6.51752207758705e-10,8,0
157,apv,boundary,inertial,v*dy(u),6.42271386699412e-08,3,0,2,0,1.26300466247369e-15,6.51752207758705e-10,8,0
157,apv,boundary,inertial,w*dz(u),0,-1,0,1,0,0,0,0,8
157,apv,boundary,inertial,u*dx(v),6.42271388563578e-08,3,0,2,0,1.31827169224319e-15,6.51752207758705e-10,8,0
157,apv,boundary,inertial,v*dy(v),6.42271388865544e-08,3,0,2,0,1.25639350293932e-15,6.517519857141e-10,8,0
157,apv,boundary,inertial,w*dz(v),0,-1,0,1,0,0,0,0,8
157,apv,boundary,mda,u*dx(eta),3.65716204871953e-09,3,0,2,0,6.7003750224593e-16,8.05814940263185e-10,8,0
157,apv,boundary,mda,v*dy(eta),3.65716204871953e-09,3,0,2,0,6.7003750224593e-16,8.05815034105233e-10,8,0
157,apv,boundary,mda,w*dz(eta),0,-1,0,1,0,0,0,0,8
157,apv,boundary,mda,w*eta*dlogN2,0,-1,0,1,0,0,0,0,8
157,boundary,apv,inertial,u*dx(u),6.4227138642357e-08,2,0,3,0,1.35124292808641e-15,6.51752207758705e-10,8,0
157,boundary,apv,inertial,v*dy(u),6.42271386007361e-08,2,0,3,0,1.38265796909802e-15,6.51752207758705e-10,8,0
157,boundary,apv,inertial,w*dz(u),0,1,0,-1,0,0,0,0,8
157,boundary,apv,inertial,u*dx(v),6.42271388399409e-08,2,0,3,0,1.24471088834525e-15,6.51752207758705e-10,8,0
157,boundary,apv,inertial,v*dy(v),6.4227138851077e-08,2,0,3,0,1.21008616090921e-15,6.51752207758705e-10,8,0
157,boundary,apv,inertial,w*dz(v),0,1,0,-1,0,0,0,0,8
157,boundary,apv,mda,u*dx(eta),1.45450159327169e-08,2,0,2,0,1.16345919921609e-15,6.97524604065257e-10,8,0
157,boundary,apv,mda,v*dy(eta),1.4545016046713e-08,2,0,2,0,1.20030925671028e-15,6.97524616272846e-10,8,0
157,boundary,apv,mda,w*dz(eta),0,1,0,-1,0,0,0,0,8
157,boundary,apv,mda,w*eta*dlogN2,0,1,0,-1,0,0,0,0,8
157,boundary,boundary,inertial,u*dx(u),6.9581520636673e-08,2,0,1,0,1.3390505648034e-15,1.39431381848803e-09,4,0
157,boundary,boundary,inertial,v*dy(u),6.9581520686381e-08,2,0,1,0,1.35753354830927e-15,1.39431382965329e-09,4,0
157,boundary,boundary,inertial,w*dz(u),0,1,0,1,0,0,0,0,4
157,boundary,boundary,inertial,u*dx(v),6.95815200582395e-08,2,0,1,0,1.42714396482602e-15,1.39431373745673e-09,4,0
157,boundary,boundary,inertial,v*dy(v),6.95815199929447e-08,1,0,2,0,1.41191898788119e-15,1.39431376766931e-09,4,0
157,boundary,boundary,inertial,w*dz(v),0,1,0,1,0,0,0,0,4
157,boundary,boundary,mda,u*dx(eta),2.79766760047283e-09,2,0,2,0,1.18780648403008e-15,6.08110586697926e-09,4,0
157,boundary,boundary,mda,v*dy(eta),2.79766749133461e-09,2,0,2,0,1.16875700206783e-15,6.08110550264744e-09,4,0
157,boundary,boundary,mda,w*dz(eta),0,1,0,1,0,0,0,0,4
157,boundary,boundary,mda,w*eta*dlogN2,0,1,0,1,0,0,0,0,4
155,wave,wave,wave,u*dx(u),9.41809262919155e-06,15,1,16,1,3.42891267833115e-15,9.23003895536567e-11,640,0
155,wave,wave,wave,v*dy(u),0,1,1,1,1,0,0,0,640
155,wave,wave,wave,w*dz(u),1.47384121053224e-05,15,1,16,1,3.49453799231014e-12,3.04801914049001e-06,640,0
155,wave,wave,wave,u*dx(v),9.54129570628252e-06,15,1,16,1,3.83543511655043e-15,7.9779960415749e-11,640,0
155,wave,wave,wave,v*dy(v),0,1,1,1,1,0,0,0,640
155,wave,wave,wave,w*dz(v),1.48722114101932e-05,15,1,16,1,3.49431594770522e-12,3.37652039331436e-06,640,0
155,wave,wave,wave,u*dx(w),4.24484516442313e-07,15,1,16,1,1.11022302462516e-15,9.249800925204e-11,640,0
155,wave,wave,wave,v*dy(w),0,1,1,1,1,0,0,0,640
155,wave,wave,wave,w*dz(w),4.24493118819549e-07,16,1,15,1,1.4432899320127e-15,9.18192188947842e-11,640,0
155,wave,wave,wave,u*dx(eta),3.37731130704131e-06,16,1,16,1,2.57884135254799e-15,8.01416710771718e-11,640,0
155,wave,wave,wave,v*dy(eta),0,1,1,1,1,0,0,0,640
155,wave,wave,wave,w*dz(eta),3.377295043e-06,16,1,16,1,3.19639639910041e-15,7.9341422321022e-11,640,0
155,wave,wave,wave,w*eta*dlogN2,7.81554423628271e-05,15,1,16,1,1.83354323817577e-15,8.01740895894909e-11,640,0
155,wave,apv,wave,u*dx(u),0,1,1,-1,0,0,0,0,128
155,wave,apv,wave,v*dy(u),0,1,1,-1,0,0,0,0,128
155,wave,apv,wave,w*dz(u),0,1,1,-1,0,0,0,0,128
155,wave,apv,wave,u*dx(v),2.89752529240564e-06,16,1,1,0,3.82244120558197e-15,6.51485217483332e-10,128,0
155,wave,apv,wave,v*dy(v),0,1,1,-1,0,0,0,0,128
155,wave,apv,wave,w*dz(v),1.84905594658974e-06,16,1,2,0,5.19348677866429e-15,7.69833579223726e-10,128,0
155,wave,apv,wave,u*dx(w),0,1,1,-1,0,0,0,0,128
155,wave,apv,wave,v*dy(w),0,1,1,-1,0,0,0,0,128
155,wave,apv,wave,w*dz(w),0,1,1,-1,0,0,0,0,128
155,wave,apv,wave,u*dx(eta),2.78662603844346e-07,16,1,2,0,1.66533453693773e-15,8.42768410613814e-10,128,0
155,wave,apv,wave,v*dy(eta),0,1,1,-1,0,0,0,0,128
155,wave,apv,wave,w*dz(eta),3.10596966523601e-07,16,1,3,0,1.55431223447522e-15,1.34020450293093e-09,128,0
155,wave,apv,wave,w*eta*dlogN2,1.01879481175125e-05,16,1,2,0,1.37040906532505e-15,7.80231546038124e-10,128,0
155,apv,wave,wave,u*dx(u),2.86229034534191e-06,1,0,16,1,3.45378232541042e-15,5.97712471019326e-10,128,0
155,apv,wave,wave,v*dy(u),0,-1,0,1,1,0,0,0,128
155,apv,wave,wave,w*dz(u),0,-1,0,1,1,0,0,0,128
155,apv,wave,wave,u*dx(v),2.89758122066923e-06,1,0,16,1,3.94529551386115e-15,6.51492453677998e-10,128,0
155,apv,wave,wave,v*dy(v),0,-1,0,1,1,0,0,0,128
155,apv,wave,wave,w*dz(v),0,-1,0,1,1,0,0,0,128
155,apv,wave,wave,u*dx(w),1.04940455821183e-07,3,0,16,1,7.7715611723761e-16,4.91024554349906e-10,128,0
155,apv,wave,wave,v*dy(w),0,-1,0,1,1,0,0,0,128
155,apv,wave,wave,w*dz(w),0,-1,0,1,1,0,0,0,128
155,apv,wave,wave,u*dx(eta),3.10503318431199e-07,3,0,16,1,1.67120645157666e-15,7.93829541741132e-10,128,0
155,apv,wave,wave,v*dy(eta),0,-1,0,1,1,0,0,0,128
155,apv,wave,wave,w*dz(eta),0,-1,0,1,1,0,0,0,128
155,apv,wave,wave,w*eta*dlogN2,0,-1,0,1,1,0,0,0,128
155,wave,boundary,wave,u*dx(u),0,1,1,1,0,0,0,0,64
155,wave,boundary,wave,v*dy(u),0,1,1,1,0,0,0,0,64
155,wave,boundary,wave,w*dz(u),0,1,1,1,0,0,0,0,64
155,wave,boundary,wave,u*dx(v),2.84694418160783e-06,16,1,2,0,3.65550169616186e-15,3.59639135744565e-10,64,0
155,wave,boundary,wave,v*dy(v),0,1,1,1,0,0,0,0,64
155,wave,boundary,wave,w*dz(v),1.16160668954256e-06,16,1,2,0,3.18939670682026e-15,5.71701432569153e-10,64,0
155,wave,boundary,wave,u*dx(w),0,1,1,1,0,0,0,0,64
155,wave,boundary,wave,v*dy(w),0,1,1,1,0,0,0,0,64
155,wave,boundary,wave,w*dz(w),0,1,1,1,0,0,0,0,64
155,wave,boundary,wave,u*dx(eta),1.7608344665329e-07,16,1,2,0,1.17499639964616e-15,5.58519452908968e-10,64,0
155,wave,boundary,wave,v*dy(eta),0,1,1,1,0,0,0,0,64
155,wave,boundary,wave,w*dz(eta),2.93128415224413e-07,16,1,2,0,2.49959932217394e-15,3.02998293122414e-10,64,0
155,wave,boundary,wave,w*eta*dlogN2,9.79726453875091e-06,16,1,2,0,1.12517266947775e-15,5.4263660231868e-10,64,0
155,boundary,wave,wave,u*dx(u),1.34275572830111e-06,2,0,16,1,2.44831800244422e-15,1.131248042241e-10,64,0
155,boundary,wave,wave,v*dy(u),0,1,0,1,1,0,0,0,64
155,boundary,wave,wave,w*dz(u),0,1,0,1,1,0,0,0,64
155,boundary,wave,wave,u*dx(v),1.35799487925947e-06,2,0,16,1,2.74439175616238e-15,1.27290795789227e-10,64,0
155,boundary,wave,wave,v*dy(v),0,1,0,1,1,0,0,0,64
155,boundary,wave,wave,w*dz(v),0,1,0,1,1,0,0,0,64
155,boundary,wave,wave,u*dx(w),3.06489334382447e-08,2,0,16,1,3.33066907387547e-16,1.11377684852698e-10,64,0
155,boundary,wave,wave,v*dy(w),0,1,0,1,1,0,0,0,64
155,boundary,wave,wave,w*dz(w),0,1,0,1,1,0,0,0,64
155,boundary,wave,wave,u*dx(eta),1.45651534154014e-07,2,0,16,1,6.94990334122023e-16,1.1284706502579e-10,64,0
155,boundary,wave,wave,v*dy(eta),0,1,0,1,1,0,0,0,64
155,boundary,wave,wave,w*dz(eta),0,1,0,1,1,0,0,0,64
155,boundary,wave,wave,w*eta*dlogN2,0,1,0,1,1,0,0,0,64
155,apv,boundary,wave,u*dx(u),0,-1,0,1,0,0,0,0,8
155,apv,boundary,wave,v*dy(u),0,-1,0,1,0,0,0,0,8
155,apv,boundary,wave,w*dz(u),0,-1,0,1,0,0,0,0,8
155,apv,boundary,wave,u*dx(v),6.11850825689947e-07,3,0,2,0,1.6100942545587e-15,5.57104057899466e-10,8,0
155,apv,boundary,wave,v*dy(v),0,-1,0,1,0,0,0,0,8
155,apv,boundary,wave,w*dz(v),0,-1,0,1,0,0,0,0,8
155,apv,boundary,wave,u*dx(w),0,-1,0,1,0,0,0,0,8
155,apv,boundary,wave,v*dy(w),0,-1,0,1,0,0,0,0,8
155,apv,boundary,wave,w*dz(w),0,-1,0,1,0,0,0,0,8
155,apv,boundary,wave,u*dx(eta),5.39547178018889e-08,-1,0,2,0,9.82865686085827e-16,6.47226605643425e-10,8,0
155,apv,boundary,wave,v*dy(eta),0,-1,0,1,0,0,0,0,8
155,apv,boundary,wave,w*dz(eta),0,-1,0,1,0,0,0,0,8
155,apv,boundary,wave,w*eta*dlogN2,0,-1,0,1,0,0,0,0,8
155,boundary,apv,wave,u*dx(u),0,1,0,-1,0,0,0,0,8
155,boundary,apv,wave,v*dy(u),0,1,0,-1,0,0,0,0,8
155,boundary,apv,wave,w*dz(u),0,1,0,-1,0,0,0,0,8
155,boundary,apv,wave,u*dx(v),2.66382858582622e-07,2,0,3,0,1.90147909351672e-15,6.5670343472375e-10,8,0
155,boundary,apv,wave,v*dy(v),0,1,0,-1,0,0,0,0,8
155,boundary,apv,wave,w*dz(v),0,1,0,-1,0,0,0,0,8
155,boundary,apv,wave,u*dx(w),0,1,0,-1,0,0,0,0,8
155,boundary,apv,wave,v*dy(w),0,1,0,-1,0,0,0,0,8
155,boundary,apv,wave,w*dz(w),0,1,0,-1,0,0,0,0,8
155,boundary,apv,wave,u*dx(eta),5.59905797438454e-08,2,0,1,0,1.25999656117827e-15,1.0148071272198e-09,8,0
155,boundary,apv,wave,v*dy(eta),0,1,0,-1,0,0,0,0,8
155,boundary,apv,wave,w*dz(eta),0,1,0,-1,0,0,0,0,8
155,boundary,apv,wave,w*eta*dlogN2,0,1,0,-1,0,0,0,0,8
155,boundary,boundary,wave,u*dx(u),0,1,0,1,0,0,0,0,4
155,boundary,boundary,wave,v*dy(u),0,1,0,1,0,0,0,0,4
155,boundary,boundary,wave,w*dz(u),0,1,0,1,0,0,0,0,4
155,boundary,boundary,wave,u*dx(v),2.48202911832656e-07,2,0,1,0,1.74375387849609e-15,5.84037409478792e-10,4,0
155,boundary,boundary,wave,v*dy(v),0,1,0,1,0,0,0,0,4
155,boundary,boundary,wave,w*dz(v),0,1,0,1,0,0,0,0,4
155,boundary,boundary,wave,u*dx(w),0,1,0,1,0,0,0,0,4
155,boundary,boundary,wave,v*dy(w),0,1,0,1,0,0,0,0,4
155,boundary,boundary,wave,w*dz(w),0,1,0,1,0,0,0,0,4
155,boundary,boundary,wave,u*dx(eta),6.63435850352475e-08,2,0,1,0,2.30202541397177e-15,1.23101562277128e-09,4,0
155,boundary,boundary,wave,v*dy(eta),0,1,0,1,0,0,0,0,4
155,boundary,boundary,wave,w*dz(eta),0,1,0,1,0,0,0,0,4
155,boundary,boundary,wave,w*eta*dlogN2,0,1,0,1,0,0,0,0,4
77,wave,wave,wave,u*dx(u),9.51103942942925e-06,16,-1,15,1,3.79560144364239e-15,1.10560005595062e-10,640,0
77,wave,wave,wave,v*dy(u),9.51103942941328e-06,16,-1,15,1,3.73223754813372e-15,1.10557119015198e-10,640,0
77,wave,wave,wave,w*dz(u),1.48397394461105e-05,16,1,15,1,1.7546668618389e-13,5.22958707707003e-07,640,0
77,wave,wave,wave,u*dx(v),9.40297901193207e-06,16,-1,15,-1,3.30322176219046e-15,1.10575104628197e-10,640,0
77,wave,wave,wave,v*dy(v),9.4029790119607e-06,16,1,15,1,3.58891076447801e-15,1.10571773959123e-10,640,0
77,wave,wave,wave,w*dz(v),1.47211962880221e-05,16,1,15,1,1.64413242355959e-13,4.85367542338948e-07,640,0
77,wave,wave,wave,u*dx(w),5.01521616727204e-07,15,1,16,1,1.4432899320127e-15,1.10772502281975e-10,640,0
77,wave,wave,wave,v*dy(w),5.01521616737762e-07,15,1,16,1,1.11022302462516e-15,1.10769615702111e-10,640,0
77,wave,wave,wave,w*dz(w),5.01517883089756e-07,16,1,15,1,1.55431223447522e-15,1.10422782029218e-10,640,0
77,wave,wave,wave,u*dx(eta),3.91310149548283e-06,16,1,16,1,2.40994432058796e-15,7.72999442233413e-11,640,0
77,wave,wave,wave,v*dy(eta),3.9131014954815e-06,16,1,16,1,3.22222074791933e-15,7.72972796880822e-11,640,0
77,wave,wave,wave,w*dz(eta),3.91310836715985e-06,16,1,16,1,2.92603366374964e-15,7.68562991027011e-11,640,0
77,wave,wave,wave,w*eta*dlogN2,9.02161790394491e-05,16,1,15,1,2.4510176199306e-15,7.68947128193531e-11,640,0
77,wave,apv,wave,u*dx(u),2.8890340693129e-06,16,1,1,0,4.10302594734615e-15,6.32692828984522e-10,128,0
77,wave,apv,wave,v*dy(u),2.88903406933451e-06,16,1,1,0,3.82794888295411e-15,6.32691981732269e-10,128,0
77,wave,apv,wave,w*dz(u),1.84159471207208e-06,16,1,2,0,3.98112422620435e-15,7.68383356941627e-10,128,0
77,wave,apv,wave,u*dx(v),2.85840725911232e-06,16,-1,1,0,3.90777529209194e-15,5.94740896632372e-10,128,0
77,wave,apv,wave,v*dy(v),2.85840725944621e-06,16,1,1,0,3.95169723778175e-15,5.94740471320446e-10,128,0
77,wave,apv,wave,w*dz(v),1.81462798956472e-06,16,1,2,0,3.60980161574363e-15,7.68383467963929e-10,128,0
77,wave,apv,wave,u*dx(w),0,1,1,-1,0,0,0,0,128
77,wave,apv,wave,v*dy(w),0,1,1,-1,0,0,0,0,128
77,wave,apv,wave,w*dz(w),0,1,1,-1,0,0,0,0,128
77,wave,apv,wave,u*dx(eta),3.22963942676638e-07,16,1,2,0,2.22044604925031e-15,8.4266316147108e-10,128,0
77,wave,apv,wave,v*dy(eta),3.2296394268985e-07,16,1,2,0,1.99840144432528e-15,8.42676595169678e-10,128,0
77,wave,apv,wave,w*dz(eta),3.578035027083e-07,16,1,3,0,2.14842362425404e-15,1.3402345899749e-09,128,0
77,wave,apv,wave,w*eta*dlogN2,1.17859446007908e-05,16,1,2,0,1.80287130526367e-15,7.80095321673002e-10,128,0
77,apv,wave,wave,u*dx(u),2.88901345000765e-06,1,0,16,1,3.54824581455564e-15,6.32636411533612e-10,128,0
77,apv,wave,wave,v*dy(u),2.88901345005778e-06,1,0,16,1,3.56143641690111e-15,6.32636416886799e-10,128,0
77,apv,wave,wave,w*dz(u),0,-1,0,1,1,0,0,0,128
77,apv,wave,wave,u*dx(v),2.85838637035799e-06,1,0,16,-1,4.50187166626311e-15,5.94776080982018e-10,128,0
77,apv,wave,wave,v*dy(v),2.8583863703803e-06,1,0,16,-1,4.43856202112866e-15,5.94775972856823e-10,128,0
77,apv,wave,wave,w*dz(v),0,-1,0,1,1,0,0,0,128
77,apv,wave,wave,u*dx(w),1.23980315814323e-07,3,0,16,1,4.44089209850063e-16,5.33562083404604e-10,128,0
77,apv,wave,wave,v*dy(w),1.23980315815302e-07,3,0,16,1,4.44089209850063e-16,5.33562305449209e-10,128,0
77,apv,wave,wave,w*dz(w),0,-1,0,1,1,0,0,0,128
77,apv,wave,wave,u*dx(eta),3.57689113614585e-07,3,0,16,1,2.00511944108209e-15,8.14893775177715e-10,128,0
77,apv,wave,wave,v*dy(eta),3.5768911360637e-07,3,0,16,1,2.15815965952949e-15,8.1489369729736e-10,128,0
77,apv,wave,wave,w*dz(eta),0,-1,0,1,1,0,0,0,128
77,apv,wave,wave,w*eta*dlogN2,0,-1,0,1,1,0,0,0,128
77,wave,boundary,wave,u*dx(u),1.35426427658038e-06,16,1,2,0,2.74043444326516e-15,1.2024323036365e-10,64,0
77,wave,boundary,wave,v*dy(u),1.35426427610242e-06,16,1,2,0,2.19868173726305e-15,1.20250027561625e-10,64,0
77,wave,boundary,wave,w*dz(u),5.38488541909999e-07,16,1,2,0,2.28935800472669e-15,1.20268074690599e-10,64,0
77,wave,boundary,wave,u*dx(v),1.34090375667533e-06,16,-1,2,0,2.38968872769145e-15,1.12827696787804e-10,64,0
77,wave,boundary,wave,v*dy(v),1.34090375665536e-06,16,1,2,0,1.8756558493023e-15,1.12827630692838e-10,64,0
77,wave,boundary,wave,w*dz(v),5.30106953189907e-07,16,1,2,0,2.09037690636551e-15,1.13847931082489e-10,64,0
77,wave,boundary,wave,u*dx(w),0,1,1,1,0,0,0,0,64
77,wave,boundary,wave,v*dy(w),0,1,1,1,0,0,0,0,64
77,wave,boundary,wave,w*dz(w),0,1,1,1,0,0,0,0,64
77,wave,boundary,wave,u*dx(eta),9.52444765374658e-08,15,1,2,0,6.24210084158212e-16,1.1029888113967e-10,64,0
77,wave,boundary,wave,v*dy(eta),9.52444765669206e-08,15,1,2,0,8.49459501962594e-16,1.10306652700842e-10,64,0
77,wave,boundary,wave,w*dz(eta),1.67608512803664e-07,16,1,2,0,1.07876918629581e-15,5.34416485887946e-10,64,0
77,wave,boundary,wave,w*eta*dlogN2,1.57771825287678e-05,16,1,2,0,7.92720378127986e-16,1.11584852469093e-10,64,0
77,boundary,wave,wave,u*dx(u),1.77880033407751e-06,2,0,16,1,2.31911177703233e-15,1.62255776631451e-10,64,0
77,boundary,wave,wave,v*dy(u),1.77880033402636e-06,2,0,16,1,2.38788795415318e-15,1.6225576962703e-10,64,0
77,boundary,wave,wave,w*dz(u),0,1,0,1,1,0,0,0,64
77,boundary,wave,wave,u*dx(v),1.76085349813386e-06,2,0,16,1,1.97742510791399e-15,1.44949418639371e-10,64,0
77,boundary,wave,wave,v*dy(v),1.76085349816247e-06,2,0,16,1,1.93753806773579e-15,1.4494950837455e-10,64,0
77,boundary,wave,wave,w*dz(v),0,1,0,1,1,0,0,0,64
77,boundary,wave,wave,u*dx(w),4.80481221217402e-08,2,0,16,1,3.33066907387547e-16,1.37648781262101e-10,64,0
77,boundary,wave,wave,v*dy(w),4.80481221215675e-08,2,0,16,1,3.33066907387547e-16,1.37648781262101e-10,64,0
77,boundary,wave,wave,w*dz(w),0,1,0,1,1,0,0,0,64
77,boundary,wave,wave,u*dx(eta),2.1773899615155e-07,2,0,16,1,2.22055846855973e-15,1.35115252319906e-10,64,0
77,boundary,wave,wave,v*dy(eta),2.17738996133257e-07,2,0,16,1,2.22055846855973e-15,1.35115030275301e-10,64,0
77,boundary,wave,wave,w*dz(eta),0,1,0,1,1,0,0,0,64
77,boundary,wave,wave,w*eta*dlogN2,0,1,0,1,1,0,0,0,64
77,apv,boundary,wave,u*dx(u),2.6430359021283e-07,3,0,2,0,2.57530432710865e-15,6.51752207758705e-10,8,0
77,apv,boundary,wave,v*dy(u),2.64303590181797e-07,3,0,2,0,2.55901910462446e-15,6.51752207758705e-10,8,0
77,apv,boundary,wave,w*dz(u),0,-1,0,1,0,0,0,0,8
77,apv,boundary,wave,u*dx(v),2.56759220169915e-07,3,0,2,0,1.18202898691265e-15,6.51752207758705e-10,8,0
77,apv,boundary,wave,v*dy(v),2.56759220186564e-07,3,0,2,0,1.20302167627471e-15,6.517519857141e-10,8,0
77,apv,boundary,wave,w*dz(v),0,-1,0,1,0,0,0,0,8
77,apv,boundary,wave,u*dx(w),0,-1,0,1,0,0,0,0,8
77,apv,boundary,wave,v*dy(w),0,-1,0,1,0,0,0,0,8
77,apv,boundary,wave,w*dz(w),0,-1,0,1,0,0,0,0,8
77,apv,boundary,wave,u*dx(eta),3.58392014619552e-08,-1,0,2,0,7.61391943120233e-16,6.65823618462014e-10,8,0
77,apv,boundary,wave,v*dy(eta),3.58392013261274e-08,-1,0,2,0,7.83480679061467e-16,6.65823618462014e-10,8,0
77,apv,boundary,wave,w*dz(eta),0,-1,0,1,0,0,0,0,8
77,apv,boundary,wave,w*eta*dlogN2,0,-1,0,1,0,0,0,0,8
77,boundary,apv,wave,u*dx(u),3.56519124705451e-07,2,0,3,0,2.5145528346638e-15,6.22750295775631e-10,8,0
77,boundary,apv,wave,v*dy(u),3.56519124737547e-07,2,0,3,0,2.69715917183564e-15,6.22750295775631e-10,8,0
77,boundary,apv,wave,w*dz(u),0,1,0,-1,0,0,0,0,8
77,boundary,apv,wave,u*dx(v),3.4754249191985e-07,2,0,3,0,1.74504645455848e-15,6.22750073731027e-10,8,0
77,boundary,apv,wave,v*dy(v),3.47542491932774e-07,2,0,3,0,1.7874710957467e-15,6.22750073731027e-10,8,0
77,boundary,apv,wave,w*dz(v),0,1,0,-1,0,0,0,0,8
77,boundary,apv,wave,u*dx(w),0,1,0,-1,0,0,0,0,8
77,boundary,apv,wave,v*dy(w),0,1,0,-1,0,0,0,0,8
77,boundary,apv,wave,w*dz(w),0,1,0,-1,0,0,0,0,8
77,boundary,apv,wave,u*dx(eta),6.68838062227728e-08,2,0,1,0,8.54387065763183e-16,1.02326103146311e-09,8,0
77,boundary,apv,wave,v*dy(eta),6.68838063385075e-08,2,0,1,0,8.54160867691188e-16,1.02326114248541e-09,8,0
77,boundary,apv,wave,w*dz(eta),0,1,0,-1,0,0,0,0,8
77,boundary,apv,wave,w*eta*dlogN2,0,1,0,-1,0,0,0,0,8
77,boundary,boundary,wave,u*dx(u),3.80020389765014e-07,1,0,2,0,3.38385718319025e-15,1.99078303319281e-09,4,0
77,boundary,boundary,wave,v*dy(u),3.80020389760968e-07,1,0,2,0,3.29877653175591e-15,1.99078293112687e-09,4,0
77,boundary,boundary,wave,w*dz(u),0,1,0,1,0,0,0,0,4
77,boundary,boundary,wave,u*dx(v),3.73421227600532e-07,1,0,2,0,9.57450484025331e-16,1.52537515951678e-09,4,0
77,boundary,boundary,wave,v*dy(v),3.73421227584625e-07,1,0,2,0,1.00294489580424e-15,1.52537538156139e-09,4,0
77,boundary,boundary,wave,w*dz(v),0,1,0,1,0,0,0,0,4
77,boundary,boundary,wave,u*dx(w),0,1,0,1,0,0,0,0,4
77,boundary,boundary,wave,v*dy(w),0,1,0,1,0,0,0,0,4
77,boundary,boundary,wave,w*dz(w),0,1,0,1,0,0,0,0,4
77,boundary,boundary,wave,u*dx(eta),5.39320385744129e-08,2,0,1,0,1.65120675051559e-15,1.45269973828022e-09,4,0
77,boundary,boundary,wave,v*dy(eta),5.39320387758922e-08,2,0,1,0,1.54006334179723e-15,1.45269973828022e-09,4,0
77,boundary,boundary,wave,w*dz(eta),0,1,0,1,0,0,0,0,4
77,boundary,boundary,wave,w*eta*dlogN2,0,1,0,1,0,0,0,0,4
13,wave,wave,wave,u*dx(u),9.54065494827138e-06,15,-1,16,1,4.08302601511656e-15,6.82858214418047e-11,640,0
13,wave,wave,wave,v*dy(u),9.54065494824088e-06,15,1,16,1,4.0434447438922e-15,6.82833789511506e-11,640,0
13,wave,wave,wave,w*dz(u),1.48721543555224e-05,15,1,16,1,7.72604202836646e-13,1.88697617981063e-06,640,0
13,wave,wave,wave,u*dx(v),9.30227203515843e-06,15,1,16,1,3.24231815271274e-15,6.82918166461377e-11,640,0
13,wave,wave,wave,v*dy(v),9.30227203515159e-06,15,-1,16,1,3.11991263633561e-15,6.82895962000885e-11,640,0
13,wave,wave,wave,w*dz(v),1.46075651412815e-05,15,1,16,1,7.72382158231721e-13,1.64713438829586e-06,640,0
13,wave,wave,wave,u*dx(w),6.05221453394861e-07,15,1,16,1,1.22124532708767e-15,6.81696921134289e-11,640,0
13,wave,wave,wave,v*dy(w),6.05221453311146e-07,15,1,16,1,1.33226762955019e-15,6.81674716673797e-11,640,0
13,wave,wave,wave,w*dz(w),6.05233969073543e-07,16,1,15,1,1.11022302462516e-15,6.83901824061195e-11,640,0
13,wave,wave,wave,u*dx(eta),4.6206521560692e-06,16,1,16,1,3.18679994940008e-15,4.48503456595972e-11,640,0
13,wave,wave,wave,v*dy(eta),4.62065215606763e-06,16,1,16,1,3.43185683997015e-15,4.4847903168943e-11,640,0
13,wave,wave,wave,w*dz(eta),4.62062976887098e-06,16,1,16,1,3.50446682633493e-15,4.52784476578927e-11,640,0
13,wave,wave,wave,w*eta*dlogN2,0.000105976769235356,15,1,16,1,2.0279974280172e-15,4.51862991468488e-11,640,0
13,wave,apv,wave,u*dx(u),2.89739878116437e-06,16,1,1,0,3.91772812082675e-15,6.51424185653033e-10,128,0
13,wave,apv,wave,v*dy(u),2.89739878133644e-06,16,1,1,0,3.93630787554385e-15,6.51422695815613e-10,128,0
13,wave,apv,wave,w*dz(u),1.84900144887466e-06,16,1,2,0,4.03059138281575e-15,7.70173223102618e-10,128,0
13,wave,apv,wave,u*dx(v),2.83053355973868e-06,16,1,1,0,3.95681646917696e-15,5.80242056782859e-10,128,0
13,wave,apv,wave,v*dy(v),2.83053355969672e-06,16,1,1,0,3.53957202105884e-15,5.80241902839445e-10,128,0
13,wave,apv,wave,w*dz(v),1.79370981851037e-06,16,1,2,0,3.97152296086132e-15,7.68281327445663e-10,128,0
13,wave,apv,wave,u*dx(w),0,1,1,-1,0,0,0,0,128
13,wave,apv,wave,v*dy(w),0,1,1,-1,0,0,0,0,128
13,wave,apv,wave,w*dz(w),0,1,1,-1,0,0,0,0,128
13,wave,apv,wave,u*dx(eta),3.81344425011789e-07,16,1,2,0,1.88737914186277e-15,8.42454550564753e-10,128,0
13,wave,apv,wave,v*dy(eta),3.81344425052672e-07,16,1,2,0,2.20023306906246e-15,8.42501512998695e-10,128,0
13,wave,apv,wave,w*dz(eta),4.19228778928342e-07,16,1,3,0,2.97498917471497e-15,1.34034650045578e-09,128,0
13,wave,apv,wave,w*eta*dlogN2,1.38906041467556e-05,16,1,2,0,2.23670476561968e-15,7.80436271163865e-10,128,0
13,apv,wave,wave,u*dx(u),2.89745585762222e-06,1,0,16,1,3.74903682323418e-15,6.51396193584113e-10,128,0
13,apv,wave,wave,v*dy(u),2.89745585735482e-06,1,0,16,1,3.57419216221296e-15,6.51396056092483e-10,128,0
13,apv,wave,wave,w*dz(u),0,-1,0,1,1,0,0,0,128
13,apv,wave,wave,u*dx(v),2.83059180838714e-06,1,0,16,1,3.64096294159795e-15,5.80175835444497e-10,128,0
13,apv,wave,wave,v*dy(v),2.8305918090909e-06,1,0,16,1,3.76721564861664e-15,5.80175938944117e-10,128,0
13,apv,wave,wave,w*dz(v),0,-1,0,1,1,0,0,0,128
13,apv,wave,wave,u*dx(w),1.49613315021838e-07,3,0,16,1,6.66133814775094e-16,5.11971576244719e-10,128,0
13,apv,wave,wave,v*dy(w),1.49613315026029e-07,3,0,16,1,6.66133814775094e-16,5.11971132155509e-10,128,0
13,apv,wave,wave,w*dz(w),0,-1,0,1,1,0,0,0,128
13,apv,wave,wave,u*dx(eta),4.19100731812806e-07,3,0,16,1,1.77635683940025e-15,8.33561398984678e-10,128,0
13,apv,wave,wave,v*dy(eta),4.19100731970025e-07,3,0,16,1,1.77635683940025e-15,8.33561373745275e-10,128,0
13,apv,wave,wave,w*dz(eta),0,-1,0,1,1,0,0,0,128
13,apv,wave,wave,w*eta*dlogN2,0,-1,0,1,1,0,0,0,128
13,wave,boundary,wave,u*dx(u),2.41161439244452e-06,16,1,2,0,3.90056918746071e-15,2.51659934158461e-10,64,0
13,wave,boundary,wave,v*dy(u),2.41161439187052e-06,16,1,2,0,3.14259407779542e-15,2.51627426097241e-10,64,0
13,wave,boundary,wave,w*dz(u),9.48130841010563e-07,16,1,2,0,3.64505596999426e-15,3.13719446976299e-10,64,0
13,wave,boundary,wave,u*dx(v),2.35693834012666e-06,16,1,2,0,2.50815130582423e-15,2.29403846818486e-10,64,0
13,wave,boundary,wave,v*dy(v),2.35693833925097e-06,16,1,2,0,2.58283946762719e-15,2.29403416503044e-10,64,0
13,wave,boundary,wave,w*dz(v),9.20475252205234e-07,16,1,2,0,2.94425742322189e-15,2.88344348398084e-10,64,0
13,wave,boundary,wave,u*dx(w),0,1,1,1,0,0,0,0,64
13,wave,boundary,wave,v*dy(w),0,1,1,1,0,0,0,0,64
13,wave,boundary,wave,w*dz(w),0,1,1,1,0,0,0,0,64
13,wave,boundary,wave,u*dx(eta),1.92716649873597e-07,16,1,2,0,1.69095307270216e-15,2.91651258699233e-10,64,0
13,wave,boundary,wave,v*dy(eta),1.92716649810519e-07,16,1,2,0,9.61464569344873e-16,2.91606627733643e-10,64,0
13,wave,boundary,wave,w*dz(eta),3.40303751451814e-07,16,1,2,0,1.95811065161617e-15,2.16532125563162e-10,64,0
13,wave,boundary,wave,w*eta*dlogN2,1.53229240603937e-05,16,1,2,0,1.1994107882135e-15,2.84316792331651e-10,64,0
13,boundary,wave,wave,u*dx(u),1.12628821753641e-06,2,0,16,1,2.4888610171128e-15,1.13596327918373e-10,64,0
13,boundary,wave,wave,v*dy(u),1.12628821762627e-06,2,0,16,1,2.15864275307962e-15,1.13593778928812e-10,64,0
13,boundary,wave,wave,w*dz(u),0,1,0,1,1,0,0,0,64
13,boundary,wave,wave,u*dx(v),1.10215074098388e-06,2,0,16,1,2.46122624219102e-15,1.12910791827403e-10,64,0
13,boundary,wave,wave,v*dy(v),1.10215074091786e-06,2,0,16,1,1.99748936592576e-15,1.12911235916613e-10,64,0
13,boundary,wave,wave,w*dz(v),0,1,0,1,1,0,0,0,64
13,boundary,wave,wave,u*dx(w),3.60956304184526e-08,2,0,16,1,5.55111512312578e-16,1.19397824960288e-10,64,0
13,boundary,wave,wave,v*dy(w),3.60956304203678e-08,2,0,16,1,4.44089209850063e-16,1.19396936781868e-10,64,0
13,boundary,wave,wave,w*dz(w),0,1,0,1,1,0,0,0,64
13,boundary,wave,wave,u*dx(eta),1.63882320561423e-07,2,0,16,1,2.36165376819149e-15,1.03997921385712e-10,64,0
13,boundary,wave,wave,v*dy(eta),1.63882320530952e-07,2,0,16,1,2.1986325254479e-15,1.03997477296502e-10,64,0
13,boundary,wave,wave,w*dz(eta),0,1,0,1,1,0,0,0,64
13,boundary,wave,wave,w*eta*dlogN2,0,1,0,1,1,0,0,0,64
13,apv,boundary,wave,u*dx(u),5.05172289015033e-07,3,0,2,0,2.61918661420228e-15,6.02173836892537e-10,8,0
13,apv,boundary,wave,v*dy(u),5.05172289013334e-07,3,0,2,0,2.33783349977085e-15,6.02173054098885e-10,8,0
13,apv,boundary,wave,w*dz(u),0,-1,0,1,0,0,0,0,8
13,apv,boundary,wave,u*dx(v),4.83016899297981e-07,3,0,2,0,1.86558617385394e-15,5.91150461914935e-10,8,0
13,apv,boundary,wave,v*dy(v),4.8301689946912e-07,3,0,2,0,1.13502872580353e-15,5.91150461914935e-10,8,0
13,apv,boundary,wave,w*dz(v),0,-1,0,1,0,0,0,0,8
13,apv,boundary,wave,u*dx(w),0,-1,0,1,0,0,0,0,8
13,apv,boundary,wave,v*dy(w),0,-1,0,1,0,0,0,0,8
13,apv,boundary,wave,w*dz(w),0,-1,0,1,0,0,0,0,8
13,apv,boundary,wave,u*dx(eta),5.32861371711535e-08,-1,0,2,0,2.83765742657197e-15,5.07086594936368e-10,8,0
13,apv,boundary,wave,v*dy(eta),5.3286135882998e-08,-1,0,2,0,1.22072629735414e-15,5.07086594936368e-10,8,0
13,apv,boundary,wave,w*dz(eta),0,-1,0,1,0,0,0,0,8
13,apv,boundary,wave,w*eta*dlogN2,0,-1,0,1,0,0,0,0,8
13,boundary,apv,wave,u*dx(u),2.18594998143058e-07,2,0,3,0,1.38159486960212e-15,6.75127440942375e-10,8,0
13,boundary,apv,wave,v*dy(u),2.18594998516852e-07,2,0,3,0,1.42528447188727e-15,6.75126498143948e-10,8,0
13,boundary,apv,wave,w*dz(u),0,1,0,-1,0,0,0,0,8
13,boundary,apv,wave,u*dx(v),2.0586674922511e-07,2,0,3,0,1.8020079706699e-15,6.73557432051552e-10,8,0
13,boundary,apv,wave,v*dy(v),2.05866749263297e-07,2,0,3,0,1.45677054822493e-15,6.73557210006948e-10,8,0
13,boundary,apv,wave,w*dz(v),0,1,0,-1,0,0,0,0,8
13,boundary,apv,wave,u*dx(w),0,1,0,-1,0,0,0,0,8
13,boundary,apv,wave,v*dy(w),0,1,0,-1,0,0,0,0,8
13,boundary,apv,wave,w*dz(w),0,1,0,-1,0,0,0,0,8
13,boundary,apv,wave,u*dx(eta),6.16902244188605e-08,2,0,1,0,2.1982624565047e-15,1.14600728906566e-09,8,0
13,boundary,apv,wave,v*dy(eta),6.16902238344414e-08,2,0,1,0,1.66494646405468e-15,1.14600728906566e-09,8,0
13,boundary,apv,wave,w*dz(eta),0,1,0,-1,0,0,0,0,8
13,boundary,apv,wave,w*eta*dlogN2,0,1,0,-1,0,0,0,0,8
13,boundary,boundary,wave,u*dx(u),2.77709566054263e-07,2,0,1,0,1.68242718755896e-15,1.23290789238007e-09,4,0
13,boundary,boundary,wave,v*dy(u),2.77709565812355e-07,2,0,1,0,1.79172938769724e-15,1.23290871570631e-09,4,0
13,boundary,boundary,wave,w*dz(u),0,1,0,1,0,0,0,0,4
13,boundary,boundary,wave,u*dx(v),2.66026583700546e-07,2,0,1,0,7.59984884611048e-16,1.1409864164591e-09,4,0
13,boundary,boundary,wave,v*dy(v),2.66026583757216e-07,2,0,1,0,9.01291191251853e-16,1.1409861944145e-09,4,0
13,boundary,boundary,wave,w*dz(v),0,1,0,1,0,0,0,0,4
13,boundary,boundary,wave,u*dx(w),0,1,0,1,0,0,0,0,4
13,boundary,boundary,wave,v*dy(w),0,1,0,1,0,0,0,0,4
13,boundary,boundary,wave,w*dz(w),0,1,0,1,0,0,0,0,4
13,boundary,boundary,wave,u*dx(eta),7.72371986272893e-08,2,0,1,0,1.84167125778402e-15,1.18248432645384e-09,4,0
13,boundary,boundary,wave,v*dy(eta),7.72371979168619e-08,2,0,1,0,1.54915907596706e-15,1.18248342751572e-09,4,0
13,boundary,boundary,wave,w*dz(eta),0,1,0,1,0,0,0,0,4
13,boundary,boundary,wave,w*eta*dlogN2,0,1,0,1,0,0,0,0,4
26,wave,wave,inertial,u*dx(u),2.16399933978263e-06,16,-1,16,1,2.48899834965476e-15,4.43185488308018e-11,640,0
26,wave,wave,inertial,v*dy(u),2.16399933898742e-06,16,1,16,1,2.81263076707661e-15,4.43161063401476e-11,640,0
26,wave,wave,inertial,w*dz(u),1.44054794425623e-06,16,1,14,1,6.77435659838455e-14,1.827255824427e-07,640,0
26,wave,wave,inertial,u*dx(v),2.16399933943747e-06,16,-1,16,1,2.74107869391988e-15,4.43165504293574e-11,640,0
26,wave,wave,inertial,v*dy(v),2.16399933886375e-06,16,1,16,1,2.42588645660112e-15,4.43141079387033e-11,640,0
26,wave,wave,inertial,w*dz(v),1.44054794428739e-06,16,1,14,1,6.81055820786642e-14,1.82725584663146e-07,640,0
26,wave,wave,mda,u*dx(eta),1.11001553075687e-06,16,1,16,1,4.77695169964133e-15,5.29587224742438e-10,640,0
26,wave,wave,mda,v*dy(eta),1.11001553079986e-06,16,1,16,1,5.0669756123139e-15,5.29588925319793e-10,640,0
26,wave,wave,mda,w*dz(eta),1.11001553083069e-06,16,1,16,1,6.41281806137217e-15,5.29584854038984e-10,640,0
26,wave,wave,mda,w*eta*dlogN2,2.52711518208913e-05,16,1,16,1,3.4763899174424e-15,1.59489434794174e-10,640,0
26,wave,apv,inertial,u*dx(u),5.76309323997422e-07,15,1,1,0,1.88737914186277e-15,4.58656978503621e-10,128,0
26,wave,apv,inertial,v*dy(u),5.76309324058146e-07,15,1,1,0,1.99840144432528e-15,4.58657843367604e-10,128,0
26,wave,apv,inertial,w*dz(u),2.62895550897589e-07,16,1,2,0,1.66533453693773e-15,7.68281771534873e-10,128,0
26,wave,apv,inertial,u*dx(v),5.7630932406499e-07,15,1,1,0,1.93378378017432e-15,4.58657304593259e-10,128,0
26,wave,apv,inertial,v*dy(v),5.76309324075335e-07,15,1,1,0,1.77635683940025e-15,4.58657115800437e-10,128,0
26,wave,apv,inertial,w*dz(v),2.62895550876674e-07,16,1,2,0,1.77635683940025e-15,7.68281549490268e-10,128,0
26,wave,apv,mda,u*dx(eta),8.93839148795049e-08,15,1,2,0,2.44959898072397e-15,7.19507027973794e-10,128,0
26,wave,apv,mda,v*dy(eta),8.93839148764536e-08,15,1,2,0,3.42527809341222e-15,7.19509924563681e-10,128,0
26,wave,apv,mda,w*dz(eta),9.70134415456839e-08,14,1,3,0,3.984516365585e-15,2.72882354737779e-05,128,0
26,wave,apv,mda,w*eta*dlogN2,3.47236857314182e-06,16,1,2,0,4.00275694422229e-15,7.80436271163865e-10,128,0
26,apv,wave,inertial,u*dx(u),5.76309324027376e-07,1,0,15,1,1.77635683940025e-15,4.58656965717507e-10,128,0
26,apv,wave,inertial,v*dy(u),5.76309324007886e-07,1,0,15,1,1.88737914186277e-15,4.58656952905928e-10,128,0
26,apv,wave,inertial,w*dz(u),0,-1,0,1,1,0,0,0,128
26,apv,wave,inertial,u*dx(v),5.76309324103291e-07,1,0,15,1,1.66533453693773e-15,4.58656995158504e-10,128,0
26,apv,wave,inertial,v*dy(v),5.76309324072362e-07,1,0,15,1,1.77635683940025e-15,4.58657149001143e-10,128,0
26,apv,wave,inertial,w*dz(v),0,-1,0,1,1,0,0,0,128
26,apv,wave,mda,u*dx(eta),9.69928778506295e-08,3,0,14,1,2.37867654791099e-15,8.68388608387804e-10,128,0
26,apv,wave,mda,v*dy(eta),9.69928778251014e-08,3,0,14,1,2.49604438683113e-15,8.68388585399054e-10,128,0
26,apv,wave,mda,w*dz(eta),0,-1,0,1,1,0,0,0,128
26,apv,wave,mda,w*eta*dlogN2,0,-1,0,1,1,0,0,0,128
26,wave,boundary,inertial,u*dx(u),2.19584628164432e-07,15,1,2,0,1.72078885197533e-15,9.05762131964138e-11,64,0
26,wave,boundary,inertial,v*dy(u),2.19584628178271e-07,15,1,2,0,1.0829071104775e-15,9.05540087359213e-11,64,0
26,wave,boundary,inertial,w*dz(u),7.38240141032336e-08,16,1,2,0,1.19791840204726e-15,9.28329635385694e-11,64,0
26,wave,boundary,inertial,u*dx(v),2.19584628104476e-07,15,1,2,0,1.40298957393801e-15,9.05763242187163e-11,64,0
26,wave,boundary,inertial,v*dy(v),2.19584628241757e-07,15,1,2,0,1.0988326052493e-15,9.05538977136189e-11,64,0
26,wave,boundary,inertial,w*dz(v),7.38240141871997e-08,16,1,2,0,1.38411759370351e-15,9.28327414939645e-11,64,0
26,wave,boundary,mda,u*dx(eta),6.89051998645615e-09,15,1,2,0,6.3638964304045e-16,6.41372399634577e-10,64,0
26,wave,boundary,mda,v*dy(eta),6.8905224302519e-09,15,1,2,0,4.5595768107339e-16,6.41374842125231e-10,64,0
26,wave,boundary,mda,w*dz(eta),3.979936085484e-08,16,1,2,0,4.13908698095058e-15,4.5592751936154e-07,64,0
26,wave,boundary,mda,w*eta*dlogN2,4.70364518499123e-06,15,1,2,0,2.12896803241769e-15,1.48107921189277e-10,64,0
26,boundary,wave,inertial,u*dx(u),2.19584628150057e-07,2,0,15,1,1.75532600549388e-15,9.05762131964138e-11,64,0
26,boundary,wave,inertial,v*dy(u),2.19584628149267e-07,2,0,15,1,1.73331711365245e-15,9.05762131964138e-11,64,0
26,boundary,wave,inertial,w*dz(u),0,1,0,1,1,0,0,0,64
26,boundary,wave,inertial,u*dx(v),2.19584628259656e-07,2,0,15,1,1.0964359388858e-15,9.05540087359213e-11,64,0
26,boundary,wave,inertial,v*dy(v),2.19584628271333e-07,2,0,15,1,1.08423353648306e-15,9.05538977136189e-11,64,0
26,boundary,wave,inertial,w*dz(v),0,1,0,1,1,0,0,0,64
26,boundary,wave,mda,u*dx(eta),3.98036384137126e-08,2,0,16,1,3.82622440965548e-15,2.35163812231193e-10,64,0
26,boundary,wave,mda,v*dy(eta),3.98036383500918e-08,2,0,16,1,4.09413479122103e-15,2.35163890122396e-10,64,0
26,boundary,wave,mda,w*dz(eta),0,1,0,1,1,0,0,0,64
26,boundary,wave,mda,w*eta*dlogN2,0,1,0,1,1,0,0,0,64
26,apv,boundary,inertial,u*dx(u),5.69745643332154e-08,3,0,2,0,1.65031145965458e-15,6.73558098185367e-10,8,0
26,apv,boundary,inertial,v*dy(u),5.69745643654495e-08,3,0,2,0,1.45399379117781e-15,6.73558098185367e-10,8,0
26,apv,boundary,inertial,w*dz(u),0,-1,0,1,0,0,0,0,8
26,apv,boundary,inertial,u*dx(v),5.69745640977887e-08,3,0,2,0,1.70965286297565e-15,6.73558098185367e-10,8,0
26,apv,boundary,inertial,v*dy(v),5.69745641170027e-08,3,0,2,0,1.70524048236304e-15,6.73557876140762e-10,8,0
26,apv,boundary,inertial,w*dz(v),0,-1,0,1,0,0,0,0,8
26,apv,boundary,mda,u*dx(eta),3.54799174897567e-09,3,0,2,0,8.90192547501154e-16,8.0556511580537e-10,8,0
26,apv,boundary,mda,v*dy(eta),3.54799174897567e-09,3,0,2,0,6.47686233491953e-16,8.05565256568512e-10,8,0
26,apv,boundary,mda,w*dz(eta),0,-1,0,1,0,0,0,0,8
26,apv,boundary,mda,w*eta*dlogN2,0,-1,0,1,0,0,0,0,8
26,boundary,apv,inertial,u*dx(u),5.69745643677186e-08,2,0,3,0,1.65100358421281e-15,6.73558098185367e-10,8,0
26,boundary,apv,inertial,v*dy(u),5.69745644055368e-08,2,0,3,0,1.64902182567569e-15,6.73558098185367e-10,8,0
26,boundary,apv,inertial,w*dz(u),0,1,0,-1,0,0,0,0,8
26,boundary,apv,inertial,u*dx(v),5.69745641036718e-08,2,0,3,0,1.76359855987639e-15,6.73558098185367e-10,8,0
26,boundary,apv,inertial,v*dy(v),5.69745641053434e-08,2,0,3,0,1.76363557342624e-15,6.73558098185367e-10,8,0
26,boundary,apv,inertial,w*dz(v),0,1,0,-1,0,0,0,0,8
26,boundary,apv,mda,u*dx(eta),1.3953755689565e-08,2,0,2,0,1.32360962445021e-15,7.40876579929779e-10,8,0
26,boundary,apv,mda,v*dy(eta),1.39537555859003e-08,2,0,2,0,1.06156696745395e-15,7.40876193728613e-10,8,0
26,boundary,apv,mda,w*dz(eta),0,1,0,-1,0,0,0,0,8
26,boundary,apv,mda,w*eta*dlogN2,0,1,0,-1,0,0,0,0,8
26,boundary,boundary,inertial,u*dx(u),6.89869604891959e-08,2,0,1,0,1.90699443957518e-15,2.17855500250765e-09,4,0
26,boundary,boundary,inertial,v*dy(u),6.89869605025392e-08,1,0,2,0,1.91252886143208e-15,2.17855498636914e-09,4,0
26,boundary,boundary,inertial,w*dz(u),0,1,0,1,0,0,0,0,4
26,boundary,boundary,inertial,u*dx(v),6.89869610406394e-08,1,0,2,0,1.09802128758466e-15,2.17855360283965e-09,4,0
26,boundary,boundary,inertial,v*dy(v),6.89869610538569e-08,1,0,2,0,1.21261816521923e-15,2.17855345069294e-09,4,0
26,boundary,boundary,inertial,w*dz(v),0,1,0,1,0,0,0,0,4
26,boundary,boundary,mda,u*dx(eta),2.95626913770565e-09,2,0,2,0,1.77447026910727e-15,9.67590369646116e-09,4,0
26,boundary,boundary,mda,v*dy(eta),2.95626868723588e-09,2,0,2,0,1.72555175061978e-15,9.67590372669156e-09,4,0
26,boundary,boundary,mda,w*dz(eta),0,1,0,1,0,0,0,0,4
26,boundary,boundary,mda,w*eta*dlogN2,0,1,0,1,0,0,0,0,4
17,wave,wave,wave,u*dx(u),9.51009324290526e-06,15,-1,16,1,3.56173682861331e-15,4.72095695869257e-11,640,0
17,wave,wave,wave,v*dy(u),0,1,1,1,1,0,0,0,640
17,wave,wave,wave,w*dz(u),1.4838531713038e-05,15,1,16,1,3.49464901461261e-12,3.28266811709742e-06,640,0
17,wave,wave,wave,u*dx(v),9.47745228752333e-06,15,1,16,1,3.57088458154531e-15,3.46893624936229e-11,640,0
17,wave,wave,wave,v*dy(v),0,1,1,1,1,0,0,0,640
17,wave,wave,wave,w*dz(v),1.48033766239192e-05,15,1,16,1,3.49464901461261e-12,3.18065759083696e-06,640,0
17,wave,wave,wave,u*dx(w),3.70273616099393e-07,15,1,16,1,1.22124532708767e-15,4.73814321111377e-11,640,0
17,wave,wave,wave,v*dy(w),0,1,1,1,1,0,0,0,640
17,wave,wave,wave,w*dz(w),3.70283149041661e-07,16,1,15,1,1.11022302462516e-15,4.67255123481891e-11,640,0
17,wave,wave,wave,u*dx(eta),2.99495906009708e-06,16,1,16,1,2.89241486368901e-15,3.46809247986357e-11,640,0
17,wave,wave,wave,v*dy(eta),0,1,1,1,1,0,0,0,640
17,wave,wave,wave,w*dz(eta),2.99494061410288e-06,16,1,16,1,2.55247375788387e-15,3.42048611656764e-11,640,0
17,wave,wave,wave,w*eta*dlogN2,6.94655821849791e-05,15,1,16,1,1.6442143873014e-15,3.50111051261592e-11,640,0
17,wave,apv,wave,u*dx(u),0,1,1,-1,0,0,0,0,128
17,wave,apv,wave,v*dy(u),0,1,1,-1,0,0,0,0,128
17,wave,apv,wave,w*dz(u),0,1,1,-1,0,0,0,0,128
17,wave,apv,wave,u*dx(v),2.87904903689742e-06,16,1,1,0,3.79579074824838e-15,6.09536722926929e-10,128,0
17,wave,apv,wave,v*dy(v),0,1,1,-1,0,0,0,0,128
17,wave,apv,wave,w*dz(v),1.83056101006093e-06,16,1,2,0,4.0610206227863e-15,7.68281327445663e-10,128,0
17,wave,apv,wave,u*dx(w),0,1,1,-1,0,0,0,0,128
17,wave,apv,wave,v*dy(w),0,1,1,-1,0,0,0,0,128
17,wave,apv,wave,w*dz(w),0,1,1,-1,0,0,0,0,128
17,wave,apv,wave,u*dx(eta),2.47010339391961e-07,16,1,2,0,1.88737914186277e-15,8.42454550564753e-10,128,0
17,wave,apv,wave,v*dy(eta),0,1,1,-1,0,0,0,0,128
17,wave,apv,wave,w*dz(eta),2.76470624736485e-07,16,1,3,0,2.54328877821517e-15,1.34034650045578e-09,128,0
17,wave,apv,wave,w*eta*dlogN2,9.04541588361358e-06,16,1,2,0,1.33226762955019e-15,7.80436271163865e-10,128,0
17,apv,wave,wave,u*dx(u),2.88856357152722e-06,1,0,16,1,3.62573214747504e-15,6.29120013482314e-10,128,0
17,apv,wave,wave,v*dy(u),0,-1,0,1,1,0,0,0,128
17,apv,wave,wave,w*dz(u),0,-1,0,1,1,0,0,0,128
17,apv,wave,wave,u*dx(v),2.87912097400278e-06,1,0,16,1,3.83415317401049e-15,6.09810638221124e-10,128,0
17,apv,wave,wave,v*dy(v),0,-1,0,1,1,0,0,0,128
17,apv,wave,wave,w*dz(v),0,-1,0,1,1,0,0,0,128
17,apv,wave,wave,u*dx(w),9.15399228704457e-08,3,0,16,1,7.7715611723761e-16,4.91024554349906e-10,128,0
17,apv,wave,wave,v*dy(w),0,-1,0,1,1,0,0,0,128
17,apv,wave,wave,w*dz(w),0,-1,0,1,1,0,0,0,128
17,apv,wave,wave,u*dx(eta),2.76388497151004e-07,3,0,16,1,1.66533453693773e-15,7.73086390339969e-10,128,0
17,apv,wave,wave,v*dy(eta),0,-1,0,1,1,0,0,0,128
17,apv,wave,wave,w*dz(eta),0,-1,0,1,1,0,0,0,128
17,apv,wave,wave,w*eta*dlogN2,0,-1,0,1,1,0,0,0,128
17,wave,boundary,wave,u*dx(u),0,1,1,1,0,0,0,0,64
17,wave,boundary,wave,v*dy(u),0,1,1,1,0,0,0,0,64
17,wave,boundary,wave,w*dz(u),0,1,1,1,0,0,0,0,64
17,wave,boundary,wave,u*dx(v),2.82855122228296e-06,16,-1,2,0,3.09761399636034e-15,3.38987060644058e-10,64,0
17,wave,boundary,wave,v*dy(v),0,1,1,1,0,0,0,0,64
17,wave,boundary,wave,w*dz(v),1.151419268935e-06,16,1,2,0,3.36383601906091e-15,5.45840372900841e-10,64,0
17,wave,boundary,wave,u*dx(w),0,1,1,1,0,0,0,0,64
17,wave,boundary,wave,v*dy(w),0,1,1,1,0,0,0,0,64
17,wave,boundary,wave,w*dz(w),0,1,1,1,0,0,0,0,64
17,wave,boundary,wave,u*dx(eta),1.56440696523452e-07,16,1,2,0,1.55431223447522e-15,5.58739832179356e-10,64,0
17,wave,boundary,wave,v*dy(eta),0,1,1,1,0,0,0,0,64
17,wave,boundary,wave,w*dz(eta),2.60620979156146e-07,16,1,2,0,6.92156719132031e-16,3.03202019047433e-10,64,0
17,wave,boundary,wave,w*eta*dlogN2,8.71448483315285e-06,16,1,2,0,1.856459607481e-15,5.42645040013667e-10,64,0
17,boundary,wave,wave,u*dx(u),1.1231907097461e-06,2,0,16,1,2.2220444917291e-15,9.68695816595861e-11,64,0
17,boundary,wave,wave,v*dy(u),0,1,0,1,1,0,0,0,64
17,boundary,wave,wave,w*dz(u),0,1,0,1,1,0,0,0,64
17,boundary,wave,wave,u*dx(v),1.11990090914438e-06,2,0,16,1,2.38414965739877e-15,9.29088554117196e-11,64,0
17,boundary,wave,wave,v*dy(v),0,1,0,1,1,0,0,0,64
17,boundary,wave,wave,w*dz(v),0,1,0,1,1,0,0,0,64
17,boundary,wave,wave,u*dx(w),2.20849488689601e-08,2,0,16,1,6.66133814775094e-16,9.899925323964e-11,64,0
17,boundary,wave,wave,v*dy(w),0,1,0,1,1,0,0,0,64
17,boundary,wave,wave,w*dz(w),0,1,0,1,1,0,0,0,64
17,boundary,wave,wave,u*dx(eta),1.08475268521237e-07,2,0,16,1,1.04858791325076e-15,9.40896249801426e-11,64,0
17,boundary,wave,wave,v*dy(eta),0,1,0,1,1,0,0,0,64
17,boundary,wave,wave,w*dz(eta),0,1,0,1,1,0,0,0,64
17,boundary,wave,wave,w*eta*dlogN2,0,1,0,1,1,0,0,0,64
17,apv,boundary,wave,u*dx(u),0,-1,0,1,0,0,0,0,8
17,apv,boundary,wave,v*dy(u),0,-1,0,1,0,0,0,0,8
17,apv,boundary,wave,w*dz(u),0,-1,0,1,0,0,0,0,8
17,apv,boundary,wave,u*dx(v),6.0177212503495e-07,3,0,2,0,2.02403008096959e-15,5.14420062103227e-10,8,0
17,apv,boundary,wave,v*dy(v),0,-1,0,1,0,0,0,0,8
17,apv,boundary,wave,w*dz(v),0,-1,0,1,0,0,0,0,8
17,apv,boundary,wave,u*dx(w),0,-1,0,1,0,0,0,0,8
17,apv,boundary,wave,v*dy(w),0,-1,0,1,0,0,0,0,8
17,apv,boundary,wave,w*dz(w),0,-1,0,1,0,0,0,0,8
17,apv,boundary,wave,u*dx(eta),5.14553846071893e-08,-1,0,2,0,1.05889906738218e-15,6.47226605643425e-10,8,0
17,apv,boundary,wave,v*dy(eta),0,-1,0,1,0,0,0,0,8
17,apv,boundary,wave,w*dz(eta),0,-1,0,1,0,0,0,0,8
17,apv,boundary,wave,w*eta*dlogN2,0,-1,0,1,0,0,0,0,8
17,boundary,apv,wave,u*dx(u),0,1,0,-1,0,0,0,0,8
17,boundary,apv,wave,v*dy(u),0,1,0,-1,0,0,0,0,8
17,boundary,apv,wave,w*dz(u),0,1,0,-1,0,0,0,0,8
17,boundary,apv,wave,u*dx(v),2.12883486699453e-07,2,0,3,0,2.13465763860177e-15,6.73557432051552e-10,8,0
17,boundary,apv,wave,v*dy(v),0,1,0,-1,0,0,0,0,8
17,boundary,apv,wave,w*dz(v),0,1,0,-1,0,0,0,0,8
17,boundary,apv,wave,u*dx(w),0,1,0,-1,0,0,0,0,8
17,boundary,apv,wave,v*dy(w),0,1,0,-1,0,0,0,0,8
17,boundary,apv,wave,w*dz(w),0,1,0,-1,0,0,0,0,8
17,boundary,apv,wave,u*dx(eta),4.70097508666532e-08,2,0,1,0,9.47723184770177e-16,1.14600728906566e-09,8,0
17,boundary,apv,wave,v*dy(eta),0,1,0,-1,0,0,0,0,8
17,boundary,apv,wave,w*dz(eta),0,1,0,-1,0,0,0,0,8
17,boundary,apv,wave,w*eta*dlogN2,0,1,0,-1,0,0,0,0,8
17,boundary,boundary,wave,u*dx(u),0,1,0,1,0,0,0,0,4
17,boundary,boundary,wave,v*dy(u),0,1,0,1,0,0,0,0,4
17,boundary,boundary,wave,w*dz(u),0,1,0,1,0,0,0,0,4
17,boundary,boundary,wave,u*dx(v),2.0534022815346e-07,2,0,1,0,1.14038675963601e-15,5.9747606862004e-10,4,0
17,boundary,boundary,wave,v*dy(v),0,1,0,1,0,0,0,0,4
17,boundary,boundary,wave,w*dz(v),0,1,0,1,0,0,0,0,4
17,boundary,boundary,wave,u*dx(w),0,1,0,1,0,0,0,0,4
17,boundary,boundary,wave,v*dy(w),0,1,0,1,0,0,0,0,4
17,boundary,boundary,wave,w*dz(w),0,1,0,1,0,0,0,0,4
17,boundary,boundary,wave,u*dx(eta),6.0912992807198e-08,2,0,1,0,1.2613308000285e-15,1.41295530831087e-09,4,0
17,boundary,boundary,wave,v*dy(eta),0,1,0,1,0,0,0,0,4
17,boundary,boundary,wave,w*dz(eta),0,1,0,1,0,0,0,0,4
17,boundary,boundary,wave,w*eta*dlogN2,0,1,0,1,0,0,0,0,4
14,wave,wave,wave,u*dx(u),0,1,1,1,1,0,0,0,640
14,wave,wave,wave,v*dy(u),9.54112413212181e-06,15,1,16,1,3.75862658857106e-15,2.23474572180749e-11,640,0
14,wave,wave,wave,w*dz(u),1.48722201647684e-05,15,1,16,1,1.8268719870207e-12,2.85822184097665e-06,640,0
14,wave,wave,wave,u*dx(v),0,1,1,1,1,0,0,0,640
14,wave,wave,wave,v*dy(v),9.4010196439018e-06,15,1,16,1,3.25578838709829e-15,2.23583374037162e-11,640,0
14,wave,wave,wave,w*dz(v),1.47194345342747e-05,15,1,16,1,1.82642789781085e-12,2.56613681548562e-06,640,0
14,wave,wave,wave,u*dx(w),0,1,1,1,1,0,0,0,640
14,wave,wave,wave,v*dy(w),4.54677404704074e-07,15,1,16,1,1.11022302462516e-15,2.24715801522279e-11,640,0
14,wave,wave,wave,w*dz(w),4.54687982478188e-07,16,1,15,1,1.22124532708767e-15,2.25939267295416e-11,640,0
14,wave,wave,wave,u*dx(eta),0,1,1,1,1,0,0,0,640
14,wave,wave,wave,v*dy(eta),3.58837123549615e-06,16,1,16,1,2.811427805385e-15,2.21673790434807e-11,640,0
14,wave,wave,wave,w*dz(eta),3.58835145981352e-06,16,1,16,1,2.62058359621563e-15,2.25999219338746e-11,640,0
14,wave,wave,wave,w*eta*dlogN2,8.29212446420433e-05,15,1,16,1,1.56726768267185e-15,2.22519780379571e-11,640,0
14,wave,apv,wave,u*dx(u),0,1,1,-1,0,0,0,0,128
14,wave,apv,wave,v*dy(u),2.89749432927877e-06,16,1,1,0,3.84154527337792e-15,6.51448303286663e-10,128,0
14,wave,apv,wave,w*dz(u),1.84904941354194e-06,16,1,2,0,3.56462692604424e-15,7.69974327489267e-10,128,0
14,wave,apv,wave,u*dx(v),0,1,1,-1,0,0,0,0,128
14,wave,apv,wave,v*dy(v),0,1,1,-1,0,0,0,0,128
14,wave,apv,wave,w*dz(v),0,1,1,-1,0,0,0,0,128
14,wave,apv,wave,u*dx(w),0,1,1,-1,0,0,0,0,128
14,wave,apv,wave,v*dy(w),0,1,1,-1,0,0,0,0,128
14,wave,apv,wave,w*dz(w),0,1,1,-1,0,0,0,0,128
14,wave,apv,wave,u*dx(eta),0,1,1,-1,0,0,0,0,128
14,wave,apv,wave,v*dy(eta),2.96122570585821e-07,16,1,2,0,1.99840144432528e-15,8.42501512998695e-10,128,0
14,wave,apv,wave,w*dz(eta),3.29269927166474e-07,16,1,3,0,1.77635683940025e-15,1.34034650045578e-09,128,0
14,wave,apv,wave,w*eta*dlogN2,1.08178601972237e-05,16,1,2,0,1.50275207072985e-15,7.80436271163865e-10,128,0
14,apv,wave,wave,u*dx(u),0,-1,0,1,1,0,0,0,128
14,apv,wave,wave,v*dy(u),2.89755853589074e-06,1,0,16,1,3.11509966137965e-15,6.51457114293208e-10,128,0
14,apv,wave,wave,w*dz(u),0,-1,0,1,1,0,0,0,128
14,apv,wave,wave,u*dx(v),0,-1,0,1,1,0,0,0,128
14,apv,wave,wave,v*dy(v),2.85760806318802e-06,1,0,16,1,3.92321588837834e-15,5.94169975252467e-10,128,0
14,apv,wave,wave,w*dz(v),0,-1,0,1,1,0,0,0,128
14,apv,wave,wave,u*dx(w),0,-1,0,1,1,0,0,0,128
14,apv,wave,wave,v*dy(w),1.12403840443085e-07,3,0,16,1,7.7715611723761e-16,4.6550985288718e-10,128,0
14,apv,wave,wave,w*dz(w),0,-1,0,1,1,0,0,0,128
14,apv,wave,wave,u*dx(eta),0,-1,0,1,1,0,0,0,128
14,apv,wave,wave,v*dy(eta),3.2917107583526e-07,3,0,16,1,2.50371742652676e-15,8.03030458942666e-10,128,0
14,apv,wave,wave,w*dz(eta),0,-1,0,1,1,0,0,0,128
14,apv,wave,wave,w*eta*dlogN2,0,-1,0,1,1,0,0,0,128
14,wave,boundary,wave,u*dx(u),0,1,1,1,0,0,0,0,64
14,wave,boundary,wave,v*dy(u),2.65481134722896e-06,16,1,2,0,3.35769528161779e-15,2.90631347190552e-10,64,0
14,wave,boundary,wave,w*dz(u),1.05660252749116e-06,16,1,2,0,2.8068687742775e-15,4.08638261711744e-10,64,0
14,wave,boundary,wave,u*dx(v),0,1,1,1,0,0,0,0,64
14,wave,boundary,wave,v*dy(v),0,1,1,1,0,0,0,0,64
14,wave,boundary,wave,w*dz(v),0,1,1,1,0,0,0,0,64
14,wave,boundary,wave,u*dx(w),0,1,1,1,0,0,0,0,64
14,wave,boundary,wave,v*dy(w),0,1,1,1,0,0,0,0,64
14,wave,boundary,wave,w*dz(w),0,1,1,1,0,0,0,0,64
14,wave,boundary,wave,u*dx(eta),0,1,1,1,0,0,0,0,64
14,wave,boundary,wave,v*dy(eta),1.68359273412468e-07,16,1,2,0,1.22124532708767e-15,3.90026344554428e-10,64,0
14,wave,boundary,wave,w*dz(eta),2.92202263109824e-07,16,1,2,0,1.42547191584608e-15,2.58869037317311e-10,64,0
14,wave,boundary,wave,w*eta*dlogN2,1.12243945310568e-05,16,1,2,0,1.33226762955019e-15,3.78412967627639e-10,64,0
14,boundary,wave,wave,u*dx(u),0,1,0,1,1,0,0,0,64
14,boundary,wave,wave,v*dy(u),1.12632506830533e-06,2,0,16,1,2.59729410240139e-15,1.05295516255787e-10,64,0
14,boundary,wave,wave,w*dz(u),0,1,0,1,1,0,0,0,64
14,boundary,wave,wave,u*dx(v),0,1,0,1,1,0,0,0,64
14,boundary,wave,wave,v*dy(v),1.11217055188896e-06,2,0,16,1,3.08864082824101e-15,9.18077800338362e-11,64,0
14,boundary,wave,wave,w*dz(v),0,1,0,1,1,0,0,0,64
14,boundary,wave,wave,u*dx(w),0,1,0,1,1,0,0,0,64
14,boundary,wave,wave,v*dy(w),2.71185582565793e-08,2,0,16,1,4.44089209850063e-16,8.98786600700419e-11,64,0
14,boundary,wave,wave,w*dz(w),0,1,0,1,1,0,0,0,64
14,boundary,wave,wave,u*dx(eta),0,1,0,1,1,0,0,0,64
14,boundary,wave,wave,v*dy(eta),1.28965895622582e-07,2,0,16,1,8.52514136028551e-16,8.98845442520724e-11,64,0
14,boundary,wave,wave,w*dz(eta),0,1,0,1,1,0,0,0,64
14,boundary,wave,wave,w*eta*dlogN2,0,1,0,1,1,0,0,0,64
14,apv,boundary,wave,u*dx(u),0,-1,0,1,0,0,0,0,8
14,apv,boundary,wave,v*dy(u),5.64271119707718e-07,3,0,2,0,2.30098418945093e-15,5.7192618728438e-10,8,0
14,apv,boundary,wave,w*dz(u),0,-1,0,1,0,0,0,0,8
14,apv,boundary,wave,u*dx(v),0,-1,0,1,0,0,0,0,8
14,apv,boundary,wave,v*dy(v),0,-1,0,1,0,0,0,0,8
14,apv,boundary,wave,w*dz(v),0,-1,0,1,0,0,0,0,8
14,apv,boundary,wave,u*dx(w),0,-1,0,1,0,0,0,0,8
14,apv,boundary,wave,v*dy(w),0,-1,0,1,0,0,0,0,8
14,apv,boundary,wave,w*dz(w),0,-1,0,1,0,0,0,0,8
14,apv,boundary,wave,u*dx(eta),0,-1,0,1,0,0,0,0,8
14,apv,boundary,wave,v*dy(eta),5.13399207132185e-08,-1,0,2,0,1.99425161797702e-15,5.20213374759183e-10,8,0
14,apv,boundary,wave,w*dz(eta),0,-1,0,1,0,0,0,0,8
14,apv,boundary,wave,w*eta*dlogN2,0,-1,0,1,0,0,0,0,8
14,boundary,apv,wave,u*dx(u),0,1,0,-1,0,0,0,0,8
14,boundary,apv,wave,v*dy(u),2.18631862771714e-07,2,0,3,0,4.14127236834063e-15,6.75634743685711e-10,8,0
14,boundary,apv,wave,w*dz(u),0,1,0,-1,0,0,0,0,8
14,boundary,apv,wave,u*dx(v),0,1,0,-1,0,0,0,0,8
14,boundary,apv,wave,v*dy(v),0,1,0,-1,0,0,0,0,8
14,boundary,apv,wave,w*dz(v),0,1,0,-1,0,0,0,0,8
14,boundary,apv,wave,u*dx(w),0,1,0,-1,0,0,0,0,8
14,boundary,apv,wave,v*dy(w),0,1,0,-1,0,0,0,0,8
14,boundary,apv,wave,w*dz(w),0,1,0,-1,0,0,0,0,8
14,boundary,apv,wave,u*dx(eta),0,1,0,-1,0,0,0,0,8
14,boundary,apv,wave,v*dy(eta),5.25847822808118e-08,2,0,1,0,1.02232862453247e-15,1.14600728906566e-09,8,0
14,boundary,apv,wave,w*dz(eta),0,1,0,-1,0,0,0,0,8
14,boundary,apv,wave,w*eta*dlogN2,0,1,0,-1,0,0,0,0,8
14,boundary,boundary,wave,u*dx(u),0,1,0,1,0,0,0,0,4
14,boundary,boundary,wave,v*dy(u),2.43065619385522e-07,2,0,1,0,2.24126339097915e-15,8.39687020096895e-10,4,0
14,boundary,boundary,wave,w*dz(u),0,1,0,1,0,0,0,0,4
14,boundary,boundary,wave,u*dx(v),0,1,0,1,0,0,0,0,4
14,boundary,boundary,wave,v*dy(v),0,1,0,1,0,0,0,0,4
14,boundary,boundary,wave,w*dz(v),0,1,0,1,0,0,0,0,4
14,boundary,boundary,wave,u*dx(w),0,1,0,1,0,0,0,0,4
14,boundary,boundary,wave,v*dy(w),0,1,0,1,0,0,0,0,4
14,boundary,boundary,wave,w*dz(w),0,1,0,1,0,0,0,0,4
14,boundary,boundary,wave,u*dx(eta),0,1,0,1,0,0,0,0,4
14,boundary,boundary,wave,v*dy(eta),6.76347945867093e-08,2,0,1,0,1.38056123081342e-15,1.24085930419682e-09,4,0
14,boundary,boundary,wave,w*dz(eta),0,1,0,1,0,0,0,0,4
14,boundary,boundary,wave,w*eta*dlogN2,0,1,0,1,0,0,0,0,4
4,wave,wave,wave,u*dx(u),9.421148674407e-06,15,1,16,-1,3.65778060421498e-15,1.48885348494332e-11,640,0
4,wave,wave,wave,v*dy(u),9.42114867446225e-06,15,1,16,1,3.67560827043358e-15,8.35242985885998e-12,640,0
4,wave,wave,wave,w*dz(u),1.47412996422333e-05,16,1,15,1,1.22373610275579e-13,2.96231786498653e-07,640,0
4,wave,wave,wave,u*dx(v),9.47974913421758e-06,15,1,16,1,3.6008795553613e-15,1.48880907602233e-11,640,0
4,wave,wave,wave,v*dy(v),9.47974913421973e-06,15,1,16,1,3.69298096725627e-15,8.3526519034649e-12,640,0
4,wave,wave,wave,w*dz(v),1.48057398910783e-05,16,1,15,1,1.27159472263827e-13,3.07938979805651e-07,640,0
4,wave,wave,wave,u*dx(w),5.2115327418859e-07,15,1,16,1,1.22124532708767e-15,1.4871215370249e-11,640,0
4,wave,wave,wave,v*dy(w),5.21153274108002e-07,15,1,16,1,1.33226762955019e-15,8.33555446888568e-12,640,0
4,wave,wave,wave,w*dz(w),5.21158878348331e-07,16,1,15,1,1.22124532708767e-15,1.61912705465284e-11,640,0
4,wave,wave,wave,u*dx(eta),4.04836302912726e-06,16,1,16,1,3.1380690931227e-15,1.38267175486817e-11,640,0
4,wave,wave,wave,v*dy(eta),4.04836302914284e-06,16,1,16,1,2.79071632254626e-15,7.29105664731833e-12,640,0
4,wave,wave,wave,w*dz(eta),4.04835277503191e-06,16,1,16,1,2.73944687313585e-15,1.58617563528196e-11,640,0
4,wave,wave,wave,w*eta*dlogN2,9.32390764332156e-05,15,1,16,1,1.9679849455245e-15,1.5603074388082e-11,640,0
4,wave,apv,wave,u*dx(u),2.86368487059887e-06,16,1,1,0,3.63492288926032e-15,5.98638298522685e-10,128,0
4,wave,apv,wave,v*dy(u),2.86368487039891e-06,16,1,1,0,3.09212786890909e-15,5.98638413233959e-10,128,0
4,wave,apv,wave,w*dz(u),1.81977130870635e-06,16,1,2,0,3.53011965609011e-15,7.68236918524678e-10,128,0
4,wave,apv,wave,u*dx(v),2.88025737403156e-06,16,1,1,0,4.01596493510308e-15,6.1360852029351e-10,128,0
4,wave,apv,wave,v*dy(v),2.88025737419695e-06,16,1,1,0,3.19227794066667e-15,6.13609108272622e-10,128,0
4,wave,apv,wave,w*dz(v),1.83416207440693e-06,16,1,2,0,4.03851786302962e-15,7.68237029546981e-10,128,0
4,wave,apv,wave,u*dx(w),0,1,1,-1,0,0,0,0,128
4,wave,apv,wave,v*dy(w),0,1,1,-1,0,0,0,0,128
4,wave,apv,wave,w*dz(w),0,1,1,-1,0,0,0,0,128
4,wave,apv,wave,u*dx(eta),3.34134316610002e-07,16,1,2,0,1.66533453693773e-15,8.41873126766757e-10,128,0
4,wave,apv,wave,v*dy(eta),3.34134316637363e-07,16,1,2,0,1.9554283345232e-15,8.42315439619767e-10,128,0
4,wave,apv,wave,w*dz(eta),3.6960793081768e-07,16,1,3,0,1.82183063777081e-15,1.34012434482855e-09,128,0
4,wave,apv,wave,w*eta*dlogN2,1.21886895710402e-05,16,1,2,0,1.24781717800634e-15,7.80374986852905e-10,128,0
4,apv,wave,wave,u*dx(u),0,-1,0,1,1,0,0,0,128
4,apv,wave,wave,v*dy(u),2.86371494870848e-06,1,0,16,1,3.66425403112581e-15,5.9829566093128e-10,128,0
4,apv,wave,wave,w*dz(u),0,-1,0,1,1,0,0,0,128
4,apv,wave,wave,u*dx(v),0,-1,0,1,1,0,0,0,128
4,apv,wave,wave,v*dy(v),2.88028725436665e-06,1,0,16,-1,3.90789845855015e-15,6.13682100787441e-10,128,0
4,apv,wave,wave,w*dz(v),0,-1,0,1,1,0,0,0,128
4,apv,wave,wave,u*dx(w),0,-1,0,1,1,0,0,0,128
4,apv,wave,wave,v*dy(w),1.28833293168323e-07,3,0,16,1,7.7715611723761e-16,4.6826453825588e-10,128,0
4,apv,wave,wave,w*dz(w),0,-1,0,1,1,0,0,0,128
4,apv,wave,wave,u*dx(eta),0,-1,0,1,1,0,0,0,128
4,apv,wave,wave,v*dy(eta),3.69493653075884e-07,3,0,16,1,1.74541765412721e-15,8.19147499140195e-10,128,0
4,apv,wave,wave,w*dz(eta),0,-1,0,1,1,0,0,0,128
4,apv,wave,wave,w*eta*dlogN2,0,-1,0,1,1,0,0,0,128
4,wave,boundary,wave,u*dx(u),1.03437183331178e-06,16,1,2,0,1.82024143848803e-15,8.95434760707258e-11,64,0
4,wave,boundary,wave,v*dy(u),1.03437183354783e-06,16,1,2,0,2.45409876503464e-15,8.95433668439267e-11,64,0
4,wave,boundary,wave,w*dz(u),4.20458920872941e-07,16,1,2,0,1.83578436764463e-15,8.55704396229839e-11,64,0
4,wave,boundary,wave,u*dx(v),1.03984579494617e-06,16,1,2,0,2.26123562355245e-15,9.02719530377152e-11,64,0
4,wave,boundary,wave,v*dy(v),1.03984579529221e-06,16,1,2,0,2.59217629240755e-15,9.02718185517654e-11,64,0
4,wave,boundary,wave,w*dz(v),4.24086018995799e-07,16,1,2,0,2.05299244634646e-15,8.55707726898913e-11,64,0
4,wave,boundary,wave,u*dx(w),0,1,1,1,0,0,0,0,64
4,wave,boundary,wave,v*dy(w),0,1,1,1,0,0,0,0,64
4,wave,boundary,wave,w*dz(w),0,1,1,1,0,0,0,0,64
4,wave,boundary,wave,u*dx(eta),7.81130074081232e-08,15,1,2,0,9.21355428538203e-16,8.47846237661543e-11,64,0
4,wave,boundary,wave,v*dy(eta),7.81130074711153e-08,15,1,2,0,7.83771726275008e-16,8.4788398524438e-11,64,0
4,wave,boundary,wave,w*dz(eta),1.34602652710719e-07,16,1,2,0,1.32613372985708e-15,5.17592444743588e-10,64,0
4,wave,boundary,wave,w*eta*dlogN2,1.7196401612632e-05,16,1,2,0,1.01443475869748e-15,8.56632542678426e-11,64,0
4,boundary,wave,wave,u*dx(u),0,1,0,1,1,0,0,0,64
4,boundary,wave,wave,v*dy(u),7.44616946203542e-07,2,0,16,-1,1.97662632847675e-15,7.17630399549307e-11,64,0
4,boundary,wave,wave,w*dz(u),0,1,0,1,1,0,0,0,64
4,boundary,wave,wave,u*dx(v),0,1,0,1,1,0,0,0,64
4,boundary,wave,wave,v*dy(v),7.4847198817264e-07,2,0,16,1,2.22607825402478e-15,7.19896722416395e-11,64,0
4,boundary,wave,wave,w*dz(v),0,1,0,1,1,0,0,0,64
4,boundary,wave,wave,u*dx(w),0,1,0,1,1,0,0,0,64
4,boundary,wave,wave,v*dy(w),2.06250965248303e-08,2,0,16,1,7.7715611723761e-16,7.52397033565444e-11,64,0
4,boundary,wave,wave,w*dz(w),0,1,0,1,1,0,0,0,64
4,boundary,wave,wave,u*dx(eta),0,1,0,1,1,0,0,0,64
4,boundary,wave,wave,v*dy(eta),9.80297421065094e-08,2,0,16,1,1.04621841737881e-15,2.88990295128849e-10,64,0
4,boundary,wave,wave,w*dz(eta),0,1,0,1,1,0,0,0,64
4,boundary,wave,wave,w*eta*dlogN2,0,1,0,1,1,0,0,0,64
4,apv,boundary,wave,u*dx(u),0,-1,0,1,0,0,0,0,8
4,apv,boundary,wave,v*dy(u),1.95355490119581e-07,3,0,2,0,1.33909495367398e-15,6.63856747351588e-10,8,0
4,apv,boundary,wave,w*dz(u),0,-1,0,1,0,0,0,0,8
4,apv,boundary,wave,u*dx(v),0,-1,0,1,0,0,0,0,8
4,apv,boundary,wave,v*dy(v),1.98872649006782e-07,3,0,2,0,1.84986852990953e-15,6.63857413485403e-10,8,0
4,apv,boundary,wave,w*dz(v),0,-1,0,1,0,0,0,0,8
4,apv,boundary,wave,u*dx(w),0,-1,0,1,0,0,0,0,8
4,apv,boundary,wave,v*dy(w),0,-1,0,1,0,0,0,0,8
4,apv,boundary,wave,w*dz(w),0,-1,0,1,0,0,0,0,8
4,apv,boundary,wave,u*dx(eta),0,-1,0,1,0,0,0,0,8
4,apv,boundary,wave,v*dy(eta),3.28115257246185e-08,-1,0,2,0,1.1146420280983e-15,6.78989309221834e-10,8,0
4,apv,boundary,wave,w*dz(eta),0,-1,0,1,0,0,0,0,8
4,apv,boundary,wave,w*eta*dlogN2,0,-1,0,1,0,0,0,0,8
4,boundary,apv,wave,u*dx(u),0,1,0,-1,0,0,0,0,8
4,boundary,apv,wave,v*dy(u),1.3981777592466e-07,2,0,3,0,1.54285058671802e-15,6.49501785687789e-10,8,0
4,boundary,apv,wave,w*dz(u),0,1,0,-1,0,0,0,0,8
4,boundary,apv,wave,u*dx(v),0,1,0,-1,0,0,0,0,8
4,boundary,apv,wave,v*dy(v),1.43133269725914e-07,2,0,3,0,1.82971391094764e-15,6.49501785687789e-10,8,0
4,boundary,apv,wave,w*dz(v),0,1,0,-1,0,0,0,0,8
4,boundary,apv,wave,u*dx(w),0,1,0,-1,0,0,0,0,8
4,boundary,apv,wave,v*dy(w),0,1,0,-1,0,0,0,0,8
4,boundary,apv,wave,w*dz(w),0,1,0,-1,0,0,0,0,8
4,boundary,apv,wave,u*dx(eta),0,1,0,-1,0,0,0,0,8
4,boundary,apv,wave,v*dy(eta),4.58138487284568e-08,2,0,2,0,1.1038162656059e-15,1.42362210908686e-09,8,0
4,boundary,apv,wave,w*dz(eta),0,1,0,-1,0,0,0,0,8
4,boundary,apv,wave,w*eta*dlogN2,0,1,0,-1,0,0,0,0,8
4,boundary,boundary,wave,u*dx(u),0,1,0,1,0,0,0,0,4
4,boundary,boundary,wave,v*dy(u),3.67199922312866e-07,2,0,1,0,1.42101624183179e-15,5.1411792975015e-09,4,0
4,boundary,boundary,wave,w*dz(u),0,1,0,1,0,0,0,0,4
4,boundary,boundary,wave,u*dx(v),0,1,0,1,0,0,0,0,4
4,boundary,boundary,wave,v*dy(v),3.70610020978251e-07,2,0,1,0,1.64407147734068e-15,6.06221430591319e-09,4,0
4,boundary,boundary,wave,w*dz(v),0,1,0,1,0,0,0,0,4
4,boundary,boundary,wave,u*dx(w),0,1,0,1,0,0,0,0,4
4,boundary,boundary,wave,v*dy(w),0,1,0,1,0,0,0,0,4
4,boundary,boundary,wave,w*dz(w),0,1,0,1,0,0,0,0,4
4,boundary,boundary,wave,u*dx(eta),0,1,0,1,0,0,0,0,4
4,boundary,boundary,wave,v*dy(eta),6.79238500663889e-08,2,0,1,0,1.00377438892069e-15,3.12722203688054e-09,4,0
4,boundary,boundary,wave,w*dz(eta),0,1,0,1,0,0,0,0,4
4,boundary,boundary,wave,w*eta*dlogN2,0,1,0,1,0,0,0,0,4
12,wave,wave,inertial,u*dx(u),2.16388272922713e-06,16,1,16,1,2.31847278470763e-15,2.60678145735938e-11,640,0
12,wave,wave,inertial,v*dy(u),0,1,1,1,1,0,0,0,640
12,wave,wave,inertial,w*dz(u),1.44059964661792e-06,16,1,14,1,3.89438560147112e-14,1.25198516220948e-07,640,0
12,wave,wave,inertial,u*dx(v),2.16388272867379e-06,16,1,16,1,2.45099258381061e-15,1.95319316276255e-11,640,0
12,wave,wave,inertial,v*dy(v),0,1,1,1,1,0,0,0,640
12,wave,wave,inertial,w*dz(v),1.44059964620905e-06,16,1,14,1,3.93364476750328e-14,1.25205052103894e-07,640,0
12,wave,wave,mda,u*dx(eta),1.11005412066108e-06,16,1,16,1,7.67228324166488e-15,5.68033685450574e-10,640,0
12,wave,wave,mda,v*dy(eta),0,1,1,1,1,0,0,0,640
12,wave,wave,mda,w*dz(eta),1.11005412065343e-06,16,1,16,1,6.99320074098886e-15,5.68033036837453e-10,640,0
12,wave,wave,mda,w*eta*dlogN2,2.52717556299966e-05,16,1,16,1,3.4794411795392e-15,1.59230174932596e-10,640,0
12,wave,apv,inertial,u*dx(u),0,1,1,-1,0,0,0,0,128
12,wave,apv,inertial,v*dy(u),0,1,1,-1,0,0,0,0,128
12,wave,apv,inertial,w*dz(u),0,1,1,-1,0,0,0,0,128
12,wave,apv,inertial,u*dx(v),5.76304463107497e-07,15,1,1,0,1.63003026847321e-15,4.58609300787398e-10,128,0
12,wave,apv,inertial,v*dy(v),0,1,1,-1,0,0,0,0,128
12,wave,apv,inertial,w*dz(v),2.62890886402192e-07,16,1,2,0,1.99840144432528e-15,7.68237029546981e-10,128,0
12,wave,apv,mda,u*dx(eta),8.93822850780209e-08,15,1,2,0,4.36138723793079e-15,7.20678690962867e-10,128,0
12,wave,apv,mda,v*dy(eta),0,1,1,-1,0,0,0,0,128
12,wave,apv,mda,w*dz(eta),9.70134651036368e-08,14,1,3,0,2.75336106957449e-15,2.72917831152446e-05,128,0
12,wave,apv,mda,w*eta*dlogN2,3.47242780520833e-06,16,1,2,0,3.33414618411853e-15,7.80374875830603e-10,128,0
12,apv,wave,inertial,u*dx(u),0,-1,0,1,1,0,0,0,128
12,apv,wave,inertial,v*dy(u),0,-1,0,1,1,0,0,0,128
12,apv,wave,inertial,w*dz(u),0,-1,0,1,1,0,0,0,128
12,apv,wave,inertial,u*dx(v),0,-1,0,1,1,0,0,0,128
12,apv,wave,inertial,v*dy(v),0,-1,0,1,1,0,0,0,128
12,apv,wave,inertial,w*dz(v),0,-1,0,1,1,0,0,0,128
12,apv,wave,mda,u*dx(eta),0,-1,0,1,1,0,0,0,128
12,apv,wave,mda,v*dy(eta),0,-1,0,1,1,0,0,0,128
12,apv,wave,mda,w*dz(eta),0,-1,0,1,1,0,0,0,128
12,apv,wave,mda,w*eta*dlogN2,0,-1,0,1,1,0,0,0,128
12,wave,boundary,inertial,u*dx(u),0,1,1,1,0,0,0,0,64
12,wave,boundary,inertial,v*dy(u),0,1,1,1,0,0,0,0,64
12,wave,boundary,inertial,w*dz(u),0,1,1,1,0,0,0,0,64
12,wave,boundary,inertial,u*dx(v),1.4504688665172e-07,15,1,2,0,1.18261667417894e-15,7.14218684194634e-11,64,0
12,wave,boundary,inertial,v*dy(v),0,1,1,1,0,0,0,0,64
12,wave,boundary,inertial,w*dz(v),5.42570193038154e-08,16,1,2,0,1.54781839113783e-15,7.77644615368445e-11,64,0
12,wave,boundary,mda,u*dx(eta),5.89059950059626e-09,15,1,2,0,4.93245848061063e-16,6.83276657476029e-10,64,0
12,wave,boundary,mda,v*dy(eta),0,1,1,1,0,0,0,0,64
12,wave,boundary,mda,w*dz(eta),2.78265180838199e-08,16,1,2,0,2.20427679358033e-15,3.92300271703344e-07,64,0
12,wave,boundary,mda,w*eta*dlogN2,5.26315250875461e-06,15,1,2,0,2.41365630558407e-15,1.3269885140306e-10,64,0
12,boundary,wave,inertial,u*dx(u),0,1,0,1,1,0,0,0,64
12,boundary,wave,inertial,v*dy(u),0,1,0,1,1,0,0,0,64
12,boundary,wave,inertial,w*dz(u),0,1,0,1,1,0,0,0,64
12,boundary,wave,inertial,u*dx(v),0,1,0,1,1,0,0,0,64
12,boundary,wave,inertial,v*dy(v),0,1,0,1,1,0,0,0,64
12,boundary,wave,inertial,w*dz(v),0,1,0,1,1,0,0,0,64
12,boundary,wave,mda,u*dx(eta),0,1,0,1,1,0,0,0,64
12,boundary,wave,mda,v*dy(eta),0,1,0,1,1,0,0,0,64
12,boundary,wave,mda,w*dz(eta),0,1,0,1,1,0,0,0,64
12,boundary,wave,mda,w*eta*dlogN2,0,1,0,1,1,0,0,0,64
12,apv,boundary,inertial,u*dx(u),0,-1,0,1,0,0,0,0,8
12,apv,boundary,inertial,v*dy(u),0,-1,0,1,0,0,0,0,8
12,apv,boundary,inertial,w*dz(u),0,-1,0,1,0,0,0,0,8
12,apv,boundary,inertial,u*dx(v),0,-1,0,1,0,0,0,0,8
12,apv,boundary,inertial,v*dy(v),0,-1,0,1,0,0,0,0,8
12,apv,boundary,inertial,w*dz(v),0,-1,0,1,0,0,0,0,8
12,apv,boundary,mda,u*dx(eta),0,-1,0,1,0,0,0,0,8
12,apv,boundary,mda,v*dy(eta),0,-1,0,1,0,0,0,0,8
12,apv,boundary,mda,w*dz(eta),0,-1,0,1,0,0,0,0,8
12,apv,boundary,mda,w*eta*dlogN2,0,-1,0,1,0,0,0,0,8
12,boundary,apv,inertial,u*dx(u),0,1,0,-1,0,0,0,0,8
12,boundary,apv,inertial,v*dy(u),0,1,0,-1,0,0,0,0,8
12,boundary,apv,inertial,w*dz(u),0,1,0,-1,0,0,0,0,8
12,boundary,apv,inertial,u*dx(v),0,1,0,-1,0,0,0,0,8
12,boundary,apv,inertial,v*dy(v),0,1,0,-1,0,0,0,0,8
12,boundary,apv,inertial,w*dz(v),0,1,0,-1,0,0,0,0,8
12,boundary,apv,mda,u*dx(eta),0,1,0,-1,0,0,0,0,8
12,boundary,apv,mda,v*dy(eta),0,1,0,-1,0,0,0,0,8
12,boundary,apv,mda,w*dz(eta),0,1,0,-1,0,0,0,0,8
12,boundary,apv,mda,w*eta*dlogN2,0,1,0,-1,0,0,0,0,8
12,boundary,boundary,inertial,u*dx(u),0,1,0,1,0,0,0,0,4
12,boundary,boundary,inertial,v*dy(u),0,1,0,1,0,0,0,0,4
12,boundary,boundary,inertial,w*dz(u),0,1,0,1,0,0,0,0,4
12,boundary,boundary,inertial,u*dx(v),0,1,0,1,0,0,0,0,4
12,boundary,boundary,inertial,v*dy(v),0,1,0,1,0,0,0,0,4
12,boundary,boundary,inertial,w*dz(v),0,1,0,1,0,0,0,0,4
12,boundary,boundary,mda,u*dx(eta),0,1,0,1,0,0,0,0,4
12,boundary,boundary,mda,v*dy(eta),0,1,0,1,0,0,0,0,4
12,boundary,boundary,mda,w*dz(eta),0,1,0,1,0,0,0,0,4
12,boundary,boundary,mda,w*eta*dlogN2,0,1,0,1,0,0,0,0,4
2,wave,wave,wave,u*dx(u),9.54101466549642e-06,15,1,16,1,3.9254245576621e-15,3.81388060080017e-11,640,0
2,wave,wave,wave,v*dy(u),0,1,1,1,1,0,0,0,640
2,wave,wave,wave,w*dz(u),1.48721648161347e-05,15,1,16,1,3.49453799231014e-12,3.38077654457204e-06,640,0
2,wave,wave,wave,u*dx(v),9.40091209825385e-06,15,1,16,1,3.61580947276065e-15,2.55850896024867e-11,640,0
2,wave,wave,wave,v*dy(v),0,1,1,1,1,0,0,0,640
2,wave,wave,wave,w*dz(v),1.47193785818613e-05,15,1,16,1,3.49487105921753e-12,3.03509117756306e-06,640,0
2,wave,wave,wave,u*dx(w),4.54674167065109e-07,15,1,16,1,1.22124532708767e-15,3.60145246958155e-11,640,0
2,wave,wave,wave,v*dy(w),0,1,1,1,1,0,0,0,640
2,wave,wave,wave,w*dz(w),4.54691796920165e-07,16,1,15,1,1.4432899320127e-15,3.87778698041075e-11,640,0
2,wave,wave,wave,u*dx(eta),3.58839799812473e-06,16,1,16,1,3.35198892649259e-15,2.37536657010651e-11,640,0
2,wave,wave,wave,v*dy(eta),0,1,1,1,1,0,0,0,640
2,wave,wave,wave,w*dz(eta),3.58836503852856e-06,16,1,16,1,3.08810872588149e-15,2.66868749321247e-11,640,0
2,wave,wave,wave,w*eta*dlogN2,8.29212028435444e-05,15,1,16,1,1.84122103876364e-15,2.75448552855551e-11,640,0
2,wave,apv,wave,u*dx(u),0,1,1,-1,0,0,0,0,128
2,wave,apv,wave,v*dy(u),0,1,1,-1,0,0,0,0,128
2,wave,apv,wave,w*dz(u),0,1,1,-1,0,0,0,0,128
2,wave,apv,wave,u*dx(v),2.85750589849575e-06,16,1,1,0,4.10996774024592e-15,5.94239859997589e-10,128,0
2,wave,apv,wave,v*dy(v),0,1,1,-1,0,0,0,0,128
2,wave,apv,wave,w*dz(v),1.8125227585984e-06,16,1,2,0,4.172458721059e-15,7.68237029546981e-10,128,0
2,wave,apv,wave,u*dx(w),0,1,1,-1,0,0,0,0,128
2,wave,apv,wave,v*dy(w),0,1,1,-1,0,0,0,0,128
2,wave,apv,wave,w*dz(w),0,1,1,-1,0,0,0,0,128
2,wave,apv,wave,u*dx(eta),2.96124605614176e-07,16,1,2,0,1.77532936732251e-15,8.41873126766757e-10,128,0
2,wave,apv,wave,v*dy(eta),0,1,1,-1,0,0,0,0,128
2,wave,apv,wave,w*dz(eta),3.29267262765252e-07,16,1,3,0,2.18015799606333e-15,1.34012434482855e-09,128,0
2,wave,apv,wave,w*eta*dlogN2,1.08179158797557e-05,16,1,2,0,2.18444263838209e-15,7.80374986852905e-10,128,0
2,apv,wave,wave,u*dx(u),0,-1,0,1,1,0,0,0,128
2,apv,wave,wave,v*dy(u),0,-1,0,1,1,0,0,0,128
2,apv,wave,wave,w*dz(u),0,-1,0,1,1,0,0,0,128
2,apv,wave,wave,u*dx(v),0,-1,0,1,1,0,0,0,128
2,apv,wave,wave,v*dy(v),0,-1,0,1,1,0,0,0,128
2,apv,wave,wave,w*dz(v),0,-1,0,1,1,0,0,0,128
2,apv,wave,wave,u*dx(w),0,-1,0,1,1,0,0,0,128
2,apv,wave,wave,v*dy(w),0,-1,0,1,1,0,0,0,128
2,apv,wave,wave,w*dz(w),0,-1,0,1,1,0,0,0,128
2,apv,wave,wave,u*dx(eta),0,-1,0,1,1,0,0,0,128
2,apv,wave,wave,v*dy(eta),0,-1,0,1,1,0,0,0,128
2,apv,wave,wave,w*dz(eta),0,-1,0,1,1,0,0,0,128
2,apv,wave,wave,w*eta*dlogN2,0,-1,0,1,1,0,0,0,128
2,wave,boundary,wave,u*dx(u),0,1,1,1,0,0,0,0,64
2,wave,boundary,wave,v*dy(u),0,1,1,1,0,0,0,0,64
2,wave,boundary,wave,w*dz(u),0,1,1,1,0,0,0,0,64
2,wave,boundary,wave,u*dx(v),2.80723813756858e-06,16,1,2,0,2.29176172669608e-15,3.3814495647988e-10,64,0
2,wave,boundary,wave,v*dy(v),0,1,1,1,0,0,0,0,64
2,wave,boundary,wave,w*dz(v),1.14112050477601e-06,16,1,2,0,2.90865664554102e-15,5.45664735618345e-10,64,0
2,wave,boundary,wave,u*dx(w),0,1,1,1,0,0,0,0,64
2,wave,boundary,wave,v*dy(w),0,1,1,1,0,0,0,0,64
2,wave,boundary,wave,w*dz(w),0,1,1,1,0,0,0,0,64
2,wave,boundary,wave,u*dx(eta),1.86912966682447e-07,16,1,2,0,1.70135974958788e-15,5.58687873741803e-10,64,0
2,wave,boundary,wave,v*dy(eta),0,1,1,1,0,0,0,0,64
2,wave,boundary,wave,w*dz(eta),3.10915901720878e-07,16,1,2,0,9.74421185472696e-16,3.02856406619867e-10,64,0
2,wave,boundary,wave,w*eta*dlogN2,1.03938576248782e-05,16,1,2,0,1.00415588121777e-15,5.42833999972459e-10,64,0
2,boundary,wave,wave,u*dx(u),0,1,0,1,1,0,0,0,64
2,boundary,wave,wave,v*dy(u),0,1,0,1,1,0,0,0,64
2,boundary,wave,wave,w*dz(u),0,1,0,1,1,0,0,0,64
2,boundary,wave,wave,u*dx(v),0,1,0,1,1,0,0,0,64
2,boundary,wave,wave,v*dy(v),0,1,0,1,1,0,0,0,64
2,boundary,wave,wave,w*dz(v),0,1,0,1,1,0,0,0,64
2,boundary,wave,wave,u*dx(w),0,1,0,1,1,0,0,0,64
2,boundary,wave,wave,v*dy(w),0,1,0,1,1,0,0,0,64
2,boundary,wave,wave,w*dz(w),0,1,0,1,1,0,0,0,64
2,boundary,wave,wave,u*dx(eta),0,1,0,1,1,0,0,0,64
2,boundary,wave,wave,v*dy(eta),0,1,0,1,1,0,0,0,64
2,boundary,wave,wave,w*dz(eta),0,1,0,1,1,0,0,0,64
2,boundary,wave,wave,w*eta*dlogN2,0,1,0,1,1,0,0,0,64
2,apv,boundary,wave,u*dx(u),0,-1,0,1,0,0,0,0,8
2,apv,boundary,wave,v*dy(u),0,-1,0,1,0,0,0,0,8
2,apv,boundary,wave,w*dz(u),0,-1,0,1,0,0,0,0,8
2,apv,boundary,wave,u*dx(v),0,-1,0,1,0,0,0,0,8
2,apv,boundary,wave,v*dy(v),0,-1,0,1,0,0,0,0,8
2,apv,boundary,wave,w*dz(v),0,-1,0,1,0,0,0,0,8
2,apv,boundary,wave,u*dx(w),0,-1,0,1,0,0,0,0,8
2,apv,boundary,wave,v*dy(w),0,-1,0,1,0,0,0,0,8
2,apv,boundary,wave,w*dz(w),0,-1,0,1,0,0,0,0,8
2,apv,boundary,wave,u*dx(eta),0,-1,0,1,0,0,0,0,8
2,apv,boundary,wave,v*dy(eta),0,-1,0,1,0,0,0,0,8
2,apv,boundary,wave,w*dz(eta),0,-1,0,1,0,0,0,0,8
2,apv,boundary,wave,w*eta*dlogN2,0,-1,0,1,0,0,0,0,8
2,boundary,apv,wave,u*dx(u),0,1,0,-1,0,0,0,0,8
2,boundary,apv,wave,v*dy(u),0,1,0,-1,0,0,0,0,8
2,boundary,apv,wave,w*dz(u),0,1,0,-1,0,0,0,0,8
2,boundary,apv,wave,u*dx(v),0,1,0,-1,0,0,0,0,8
2,boundary,apv,wave,v*dy(v),0,1,0,-1,0,0,0,0,8
2,boundary,apv,wave,w*dz(v),0,1,0,-1,0,0,0,0,8
2,boundary,apv,wave,u*dx(w),0,1,0,-1,0,0,0,0,8
2,boundary,apv,wave,v*dy(w),0,1,0,-1,0,0,0,0,8
2,boundary,apv,wave,w*dz(w),0,1,0,-1,0,0,0,0,8
2,boundary,apv,wave,u*dx(eta),0,1,0,-1,0,0,0,0,8
2,boundary,apv,wave,v*dy(eta),0,1,0,-1,0,0,0,0,8
2,boundary,apv,wave,w*dz(eta),0,1,0,-1,0,0,0,0,8
2,boundary,apv,wave,w*eta*dlogN2,0,1,0,-1,0,0,0,0,8
2,boundary,boundary,wave,u*dx(u),0,1,0,1,0,0,0,0,4
2,boundary,boundary,wave,v*dy(u),0,1,0,1,0,0,0,0,4
2,boundary,boundary,wave,w*dz(u),0,1,0,1,0,0,0,0,4
2,boundary,boundary,wave,u*dx(v),0,1,0,1,0,0,0,0,4
2,boundary,boundary,wave,v*dy(v),0,1,0,1,0,0,0,0,4
2,boundary,boundary,wave,w*dz(v),0,1,0,1,0,0,0,0,4
2,boundary,boundary,wave,u*dx(w),0,1,0,1,0,0,0,0,4
2,boundary,boundary,wave,v*dy(w),0,1,0,1,0,0,0,0,4
2,boundary,boundary,wave,w*dz(w),0,1,0,1,0,0,0,0,4
2,boundary,boundary,wave,u*dx(eta),0,1,0,1,0,0,0,0,4
2,boundary,boundary,wave,v*dy(eta),0,1,0,1,0,0,0,0,4
2,boundary,boundary,wave,w*dz(eta),0,1,0,1,0,0,0,0,4
2,boundary,boundary,wave,w*eta*dlogN2,0,1,0,1,0,0,0,0,4
1,wave,wave,wave,u*dx(u),9.51094943587582e-06,15,1,16,-1,4.31465962668059e-15,5.91811044614587e-11,640,0
1,wave,wave,wave,v*dy(u),9.51094943586906e-06,15,1,16,1,3.69375151044552e-15,5.26452215154904e-11,640,0
1,wave,wave,wave,w*dz(u),1.48393716031756e-05,15,1,16,1,7.72382158231721e-13,1.85230828761193e-06,640,0
1,wave,wave,wave,u*dx(v),9.40289017437588e-06,15,1,16,1,3.25791176230255e-15,5.91868776211868e-11,640,0
1,wave,wave,wave,v*dy(v),9.40289017432975e-06,15,1,16,-1,3.65418432819637e-15,5.26507726306136e-11,640,0
1,wave,wave,wave,w*dz(v),1.47208297559126e-05,15,1,16,1,7.72493180534184e-13,1.71910493096158e-06,640,0
1,wave,wave,wave,u*dx(w),5.01511621155281e-07,15,1,16,1,1.33226762955019e-15,5.68032287873166e-11,640,0
1,wave,wave,wave,v*dy(w),5.01511621097212e-07,15,1,16,1,1.22124532708767e-15,5.02675678859532e-11,640,0
1,wave,wave,wave,w*dz(w),5.01528526104814e-07,16,1,15,1,1.22124532708767e-15,6.04423178174329e-11,640,0
1,wave,wave,wave,u*dx(eta),3.91314220436362e-06,16,1,16,1,3.21539461615288e-15,3.39230865620266e-11,640,0
1,wave,wave,wave,v*dy(eta),3.91314220438496e-06,16,1,16,1,2.88023080468343e-15,2.73869815714534e-11,640,0
1,wave,wave,wave,w*dz(eta),3.91311108793505e-06,16,1,16,1,2.77890263287741e-15,3.77597952905262e-11,640,0
1,wave,wave,wave,w*eta*dlogN2,9.02165201754916e-05,15,1,16,1,1.65448233526971e-15,3.77193831724298e-11,640,0
1,wave,apv,wave,u*dx(u),2.88896218494178e-06,16,1,1,0,3.74174041783489e-15,6.32596796783368e-10,128,0
1,wave,apv,wave,v*dy(u),2.88896218583838e-06,16,1,1,0,3.49356475158254e-15,6.32596873823596e-10,128,0
1,wave,apv,wave,w*dz(u),1.84160181723356e-06,16,1,2,0,3.69511072896922e-15,7.68236918524678e-10,128,0
1,wave,apv,wave,u*dx(v),2.85833443491056e-06,16,1,1,0,3.69994454834989e-15,5.94883732858843e-10,128,0
1,wave,apv,wave,v*dy(v),2.85833443506134e-06,16,1,1,0,3.68205363441329e-15,5.94884589308298e-10,128,0
1,wave,apv,wave,w*dz(v),1.81463587016306e-06,16,1,2,0,3.72614084545127e-15,7.68237029546981e-10,128,0
1,wave,apv,wave,u*dx(w),0,1,1,-1,0,0,0,0,128
1,wave,apv,wave,v*dy(w),0,1,1,-1,0,0,0,0,128
1,wave,apv,wave,w*dz(w),0,1,1,-1,0,0,0,0,128
1,wave,apv,wave,u*dx(eta),3.22968179188569e-07,16,1,2,0,1.66533453693773e-15,8.41873126766757e-10,128,0
1,wave,apv,wave,v*dy(eta),3.22968179217552e-07,16,1,2,0,2.60141967649843e-15,8.42315439619767e-10,128,0
1,wave,apv,wave,w*dz(eta),3.57797938422461e-07,16,1,3,0,3.05945134416671e-15,1.34012434482855e-09,128,0
1,wave,apv,wave,w*eta*dlogN2,1.17860595402838e-05,16,1,2,0,1.09500046335817e-15,7.80374986852905e-10,128,0
1,apv,wave,wave,u*dx(u),0,-1,0,1,1,0,0,0,128
1,apv,wave,wave,v*dy(u),2.88905554808027e-06,1,0,16,1,4.11633477734584e-15,6.32625640632433e-10,128,0
1,apv,wave,wave,w*dz(u),0,-1,0,1,1,0,0,0,128
1,apv,wave,wave,u*dx(v),0,-1,0,1,1,0,0,0,128
1,apv,wave,wave,v*dy(v),2.8584290189653e-06,1,0,16,1,3.95734449905972e-15,5.94711951610744e-10,128,0
1,apv,wave,wave,w*dz(v),0,-1,0,1,1,0,0,0,128
1,apv,wave,wave,u*dx(w),0,-1,0,1,1,0,0,0,128
1,apv,wave,wave,v*dy(w),1.23980812425636e-07,3,0,16,1,5.55111512312578e-16,5.11971576244719e-10,128,0
1,apv,wave,wave,w*dz(w),0,-1,0,1,1,0,0,0,128
1,apv,wave,wave,u*dx(eta),0,-1,0,1,1,0,0,0,128
1,apv,wave,wave,v*dy(eta),3.57692376515713e-07,3,0,16,1,1.66533453693773e-15,8.14795240065188e-10,128,0
1,apv,wave,wave,w*dz(eta),0,-1,0,1,1,0,0,0,128
1,apv,wave,wave,w*eta*dlogN2,0,-1,0,1,1,0,0,0,128
1,wave,boundary,wave,u*dx(u),2.40472916003259e-06,16,1,2,0,3.13835729785995e-15,2.39791529468101e-10,64,0
1,wave,boundary,wave,v*dy(u),2.40472916103409e-06,16,1,2,0,3.26047483297316e-15,2.39794622168863e-10,64,0
1,wave,boundary,wave,w*dz(u),9.44451251399182e-07,16,1,2,0,2.31139065000437e-15,2.95466231322967e-10,64,0
1,wave,boundary,wave,u*dx(v),2.37973620354875e-06,16,1,2,0,1.99789449652682e-15,2.31302978531043e-10,64,0
1,wave,boundary,wave,v*dy(v),2.37973620253867e-06,16,1,2,0,2.58619872914224e-15,2.31302459641308e-10,64,0
1,wave,boundary,wave,w*dz(v),9.31055334462628e-07,16,1,2,0,2.44946406621459e-15,2.87580737001747e-10,64,0
1,wave,boundary,wave,u*dx(w),0,1,1,1,0,0,0,0,64
1,wave,boundary,wave,v*dy(w),0,1,1,1,0,0,0,0,64
1,wave,boundary,wave,w*dz(w),0,1,1,1,0,0,0,0,64
1,wave,boundary,wave,u*dx(eta),1.63285766426086e-07,16,1,2,0,1.30664293345191e-15,2.91619173253821e-10,64,0
1,wave,boundary,wave,v*dy(eta),1.63285766442796e-07,16,1,2,0,1.11022302462516e-15,2.91622836989802e-10,64,0
1,wave,boundary,wave,w*dz(eta),2.90315112932244e-07,16,1,2,0,1.85752503582097e-15,2.16602957792134e-10,64,0
1,wave,boundary,wave,w*eta*dlogN2,1.30059706474092e-05,16,1,2,0,9.13005759629158e-16,2.84538392847367e-10,64,0
1,boundary,wave,wave,u*dx(u),0,1,0,1,1,0,0,0,64
1,boundary,wave,wave,v*dy(u),7.50519957633979e-07,2,0,16,1,2.14821702330308e-15,8.3246000741991e-11,64,0
1,boundary,wave,wave,w*dz(u),0,1,0,1,1,0,0,0,64
1,boundary,wave,wave,u*dx(v),0,1,0,1,1,0,0,0,64
1,boundary,wave,wave,v*dy(v),7.43419116616021e-07,2,0,16,1,1.82151809046786e-15,7.72146790950501e-11,64,0
1,boundary,wave,wave,w*dz(v),0,1,0,1,1,0,0,0,64
1,boundary,wave,wave,u*dx(w),0,1,0,1,1,0,0,0,64
1,boundary,wave,wave,v*dy(w),1.98481958579086e-08,2,0,16,1,4.44089209850063e-16,7.55493445581124e-11,64,0
1,boundary,wave,wave,w*dz(w),0,1,0,1,1,0,0,0,64
1,boundary,wave,wave,u*dx(eta),0,1,0,1,1,0,0,0,64
1,boundary,wave,wave,v*dy(eta),9.4934767922727e-08,2,0,16,1,1.0733680348036e-15,2.78266195141102e-10,64,0
1,boundary,wave,wave,w*dz(eta),0,1,0,1,1,0,0,0,64
1,boundary,wave,wave,w*eta*dlogN2,0,1,0,1,1,0,0,0,64
1,apv,boundary,wave,u*dx(u),0,-1,0,1,0,0,0,0,8
1,apv,boundary,wave,v*dy(u),5.02051425021446e-07,3,0,2,0,1.68245494284056e-15,5.9115112804875e-10,8,0
1,apv,boundary,wave,w*dz(u),0,-1,0,1,0,0,0,0,8
1,apv,boundary,wave,u*dx(v),0,-1,0,1,0,0,0,0,8
1,apv,boundary,wave,v*dy(v),4.90554853014325e-07,3,0,2,0,1.26062256652225e-15,5.91150461914935e-10,8,0
1,apv,boundary,wave,w*dz(v),0,-1,0,1,0,0,0,0,8
1,apv,boundary,wave,u*dx(w),0,-1,0,1,0,0,0,0,8
1,apv,boundary,wave,v*dy(w),0,-1,0,1,0,0,0,0,8
1,apv,boundary,wave,w*dz(w),0,-1,0,1,0,0,0,0,8
1,apv,boundary,wave,u*dx(eta),0,-1,0,1,0,0,0,0,8
1,apv,boundary,wave,v*dy(eta),4.94445330093161e-08,-1,0,2,0,1.25631726675658e-15,5.07086594936368e-10,8,0
1,apv,boundary,wave,w*dz(eta),0,-1,0,1,0,0,0,0,8
1,apv,boundary,wave,w*eta*dlogN2,0,-1,0,1,0,0,0,0,8
1,boundary,apv,wave,u*dx(u),0,1,0,-1,0,0,0,0,8
1,boundary,apv,wave,v*dy(u),1.4478163177776e-07,2,0,3,0,2.45536973532641e-15,6.49501785687789e-10,8,0
1,boundary,apv,wave,w*dz(u),0,1,0,-1,0,0,0,0,8
1,boundary,apv,wave,u*dx(v),0,1,0,-1,0,0,0,0,8
1,boundary,apv,wave,v*dy(v),1.38388545919535e-07,2,0,3,0,1.55158325443813e-15,6.49501785687789e-10,8,0
1,boundary,apv,wave,w*dz(v),0,1,0,-1,0,0,0,0,8
1,boundary,apv,wave,u*dx(w),0,1,0,-1,0,0,0,0,8
1,boundary,apv,wave,v*dy(w),0,1,0,-1,0,0,0,0,8
1,boundary,apv,wave,w*dz(w),0,1,0,-1,0,0,0,0,8
1,boundary,apv,wave,u*dx(eta),0,1,0,-1,0,0,0,0,8
1,boundary,apv,wave,v*dy(eta),4.48948731544636e-08,2,0,2,0,1.48033837840151e-15,1.42362210908686e-09,8,0
1,boundary,apv,wave,w*dz(eta),0,1,0,-1,0,0,0,0,8
1,boundary,apv,wave,w*eta*dlogN2,0,1,0,-1,0,0,0,0,8
1,boundary,boundary,wave,u*dx(u),0,1,0,1,0,0,0,0,4
1,boundary,boundary,wave,v*dy(u),1.94689343210258e-07,2,0,1,0,1.5857012946602e-15,1.28449591180234e-09,4,0
1,boundary,boundary,wave,w*dz(u),0,1,0,1,0,0,0,0,4
1,boundary,boundary,wave,u*dx(v),0,1,0,1,0,0,0,0,4
1,boundary,boundary,wave,v*dy(v),1.89355133072509e-07,2,0,1,0,1.08152805538342e-15,1.20729470864944e-09,4,0
1,boundary,boundary,wave,w*dz(v),0,1,0,1,0,0,0,0,4
1,boundary,boundary,wave,u*dx(w),0,1,0,1,0,0,0,0,4
1,boundary,boundary,wave,v*dy(w),0,1,0,1,0,0,0,0,4
1,boundary,boundary,wave,w*dz(w),0,1,0,1,0,0,0,0,4
1,boundary,boundary,wave,u*dx(eta),0,1,0,1,0,0,0,0,4
1,boundary,boundary,wave,v*dy(eta),6.75914809965954e-08,2,0,1,0,1.72014890760407e-15,2.11601769439795e-09,4,0
1,boundary,boundary,wave,w*dz(eta),0,1,0,1,0,0,0,0,4
1,boundary,boundary,wave,w*eta*dlogN2,0,1,0,1,0,0,0,0,4
