interaction,inputA,inputB,output,channel,error,modeA,signA,modeB,signB,referenceStability,eigenProductStability,productCount,zeroProductCount
52,wave,wave,wave,u*dx(u),0.480214656163055,16,1,15,1,2.19312043595752e-15,6.72488731368048e-11,640,0
52,wave,wave,wave,v*dy(u),0,1,1,1,1,0,0,0,640
52,wave,wave,wave,w*dz(u),0.480219206654587,15,1,16,1,2.42689708634678e-15,9.84676818080136e-07,640,0
52,wave,wave,wave,u*dx(v),0.459161262702137,15,1,16,1,2.4430061788156e-15,5.044009654398e-11,640,0
52,wave,wave,wave,v*dy(v),0,1,1,1,1,0,0,0,640
52,wave,wave,wave,w*dz(v),0.45916561014744,15,1,16,1,1.65577674532391e-15,7.99933103421344e-07,640,0
52,wave,wave,wave,u*dx(w),0.00226513246432619,16,1,16,1,6.66133814775094e-16,6.73536781903294e-11,640,0
52,wave,wave,wave,v*dy(w),0,1,1,1,1,0,0,0,640
52,wave,wave,wave,w*dz(w),0.00226513246432619,16,1,16,1,6.66133814775094e-16,6.73536781903294e-11,640,0
52,wave,wave,wave,u*dx(eta),0.214064606071784,16,1,16,1,1.56905016986698e-15,5.05451236421095e-11,640,0
52,wave,wave,wave,v*dy(eta),0,1,1,1,1,0,0,0,640
52,wave,wave,wave,w*dz(eta),0.214064606071784,16,1,16,1,1.59806424141945e-15,5.05451236421095e-11,640,0
52,wave,wave,wave,w*eta*dlogN2,0,1,1,1,1,0,0,0,640
52,wave,apv,wave,u*dx(u),0,1,1,-1,0,0,0,0,128
52,wave,apv,wave,v*dy(u),0,1,1,-1,0,0,0,0,128
52,wave,apv,wave,w*dz(u),0,1,1,-1,0,0,0,0,128
52,wave,apv,wave,u*dx(v),0.000225148064867211,16,1,3,0,1.4416668783985e-15,3.37414540751979e-11,128,0
52,wave,apv,wave,v*dy(v),0,1,1,-1,0,0,0,0,128
52,wave,apv,wave,w*dz(v),0.000190294431518942,16,1,2,0,1.78271924814572e-15,4.49120740597664e-11,128,0
52,wave,apv,wave,u*dx(w),0,1,1,-1,0,0,0,0,128
52,wave,apv,wave,v*dy(w),0,1,1,-1,0,0,0,0,128
52,wave,apv,wave,w*dz(w),0,1,1,-1,0,0,0,0,128
52,wave,apv,wave,u*dx(eta),5.74319209591913e-05,16,1,3,0,1.13550454046224e-15,4.64692728741056e-11,128,0
52,wave,apv,wave,v*dy(eta),0,1,1,-1,0,0,0,0,128
52,wave,apv,wave,w*dz(eta),6.71080262302179e-05,16,1,3,0,1.82790925063294e-15,5.24042809146863e-10,128,0
52,wave,apv,wave,w*eta*dlogN2,0,1,1,-1,0,0,0,0,128
52,apv,wave,wave,u*dx(u),0,-1,0,1,1,0,0,0,128
52,apv,wave,wave,v*dy(u),0,-1,0,1,1,0,0,0,128
52,apv,wave,wave,w*dz(u),0,-1,0,1,1,0,0,0,128
52,apv,wave,wave,u*dx(v),0,-1,0,1,1,0,0,0,128
52,apv,wave,wave,v*dy(v),0,-1,0,1,1,0,0,0,128
52,apv,wave,wave,w*dz(v),0,-1,0,1,1,0,0,0,128
52,apv,wave,wave,u*dx(w),0,-1,0,1,1,0,0,0,128
52,apv,wave,wave,v*dy(w),0,-1,0,1,1,0,0,0,128
52,apv,wave,wave,w*dz(w),0,-1,0,1,1,0,0,0,128
52,apv,wave,wave,u*dx(eta),0,-1,0,1,1,0,0,0,128
52,apv,wave,wave,v*dy(eta),0,-1,0,1,1,0,0,0,128
52,apv,wave,wave,w*dz(eta),0,-1,0,1,1,0,0,0,128
52,apv,wave,wave,w*eta*dlogN2,0,-1,0,1,1,0,0,0,128
52,wave,boundary,wave,u*dx(u),0,1,1,1,0,0,0,0,64
52,wave,boundary,wave,v*dy(u),0,1,1,1,0,0,0,0,64
52,wave,boundary,wave,w*dz(u),0,1,1,1,0,0,0,0,64
52,wave,boundary,wave,u*dx(v),2.84455075457465e-05,16,1,2,0,2.21268292292371e-15,3.33992833390084e-11,64,0
52,wave,boundary,wave,v*dy(v),0,1,1,1,0,0,0,0,64
52,wave,boundary,wave,w*dz(v),4.08638083682397e-05,16,1,1,0,1.42797445936312e-15,3.36015659740951e-11,64,0
52,wave,boundary,wave,u*dx(w),0,1,1,1,0,0,0,0,64
52,wave,boundary,wave,v*dy(w),0,1,1,1,0,0,0,0,64
52,wave,boundary,wave,w*dz(w),0,1,1,1,0,0,0,0,64
52,wave,boundary,wave,u*dx(eta),1.30972824334448e-05,16,1,2,0,6.83198079910527e-16,3.38500338870062e-11,64,0
52,wave,boundary,wave,v*dy(eta),0,1,1,1,0,0,0,0,64
52,wave,boundary,wave,w*dz(eta),1.08063944845629e-05,16,1,1,0,1.61939275964121e-15,3.36206618101187e-11,64,0
52,wave,boundary,wave,w*eta*dlogN2,0,1,1,1,0,0,0,0,64
52,boundary,wave,wave,u*dx(u),0,1,0,1,1,0,0,0,64
52,boundary,wave,wave,v*dy(u),0,1,0,1,1,0,0,0,64
52,boundary,wave,wave,w*dz(u),0,1,0,1,1,0,0,0,64
52,boundary,wave,wave,u*dx(v),0,1,0,1,1,0,0,0,64
52,boundary,wave,wave,v*dy(v),0,1,0,1,1,0,0,0,64
52,boundary,wave,wave,w*dz(v),0,1,0,1,1,0,0,0,64
52,boundary,wave,wave,u*dx(w),0,1,0,1,1,0,0,0,64
52,boundary,wave,wave,v*dy(w),0,1,0,1,1,0,0,0,64
52,boundary,wave,wave,w*dz(w),0,1,0,1,1,0,0,0,64
52,boundary,wave,wave,u*dx(eta),0,1,0,1,1,0,0,0,64
52,boundary,wave,wave,v*dy(eta),0,1,0,1,1,0,0,0,64
52,boundary,wave,wave,w*dz(eta),0,1,0,1,1,0,0,0,64
52,boundary,wave,wave,w*eta*dlogN2,0,1,0,1,1,0,0,0,64
52,apv,boundary,wave,u*dx(u),0,-1,0,1,0,0,0,0,8
52,apv,boundary,wave,v*dy(u),0,-1,0,1,0,0,0,0,8
52,apv,boundary,wave,w*dz(u),0,-1,0,1,0,0,0,0,8
52,apv,boundary,wave,u*dx(v),0,-1,0,1,0,0,0,0,8
52,apv,boundary,wave,v*dy(v),0,-1,0,1,0,0,0,0,8
52,apv,boundary,wave,w*dz(v),0,-1,0,1,0,0,0,0,8
52,apv,boundary,wave,u*dx(w),0,-1,0,1,0,0,0,0,8
52,apv,boundary,wave,v*dy(w),0,-1,0,1,0,0,0,0,8
52,apv,boundary,wave,w*dz(w),0,-1,0,1,0,0,0,0,8
52,apv,boundary,wave,u*dx(eta),0,-1,0,1,0,0,0,0,8
52,apv,boundary,wave,v*dy(eta),0,-1,0,1,0,0,0,0,8
52,apv,boundary,wave,w*dz(eta),0,-1,0,1,0,0,0,0,8
52,apv,boundary,wave,w*eta*dlogN2,0,-1,0,1,0,0,0,0,8
52,boundary,apv,wave,u*dx(u),0,1,0,-1,0,0,0,0,8
52,boundary,apv,wave,v*dy(u),0,1,0,-1,0,0,0,0,8
52,boundary,apv,wave,w*dz(u),0,1,0,-1,0,0,0,0,8
52,boundary,apv,wave,u*dx(v),0,1,0,-1,0,0,0,0,8
52,boundary,apv,wave,v*dy(v),0,1,0,-1,0,0,0,0,8
52,boundary,apv,wave,w*dz(v),0,1,0,-1,0,0,0,0,8
52,boundary,apv,wave,u*dx(w),0,1,0,-1,0,0,0,0,8
52,boundary,apv,wave,v*dy(w),0,1,0,-1,0,0,0,0,8
52,boundary,apv,wave,w*dz(w),0,1,0,-1,0,0,0,0,8
52,boundary,apv,wave,u*dx(eta),0,1,0,-1,0,0,0,0,8
52,boundary,apv,wave,v*dy(eta),0,1,0,-1,0,0,0,0,8
52,boundary,apv,wave,w*dz(eta),0,1,0,-1,0,0,0,0,8
52,boundary,apv,wave,w*eta*dlogN2,0,1,0,-1,0,0,0,0,8
52,boundary,boundary,wave,u*dx(u),0,1,0,1,0,0,0,0,4
52,boundary,boundary,wave,v*dy(u),0,1,0,1,0,0,0,0,4
52,boundary,boundary,wave,w*dz(u),0,1,0,1,0,0,0,0,4
52,boundary,boundary,wave,u*dx(v),0,1,0,1,0,0,0,0,4
52,boundary,boundary,wave,v*dy(v),0,1,0,1,0,0,0,0,4
52,boundary,boundary,wave,w*dz(v),0,1,0,1,0,0,0,0,4
52,boundary,boundary,wave,u*dx(w),0,1,0,1,0,0,0,0,4
52,boundary,boundary,wave,v*dy(w),0,1,0,1,0,0,0,0,4
52,boundary,boundary,wave,w*dz(w),0,1,0,1,0,0,0,0,4
52,boundary,boundary,wave,u*dx(eta),0,1,0,1,0,0,0,0,4
52,boundary,boundary,wave,v*dy(eta),0,1,0,1,0,0,0,0,4
52,boundary,boundary,wave,w*dz(eta),0,1,0,1,0,0,0,0,4
52,boundary,boundary,wave,w*eta*dlogN2,0,1,0,1,0,0,0,0,4
60,wave,wave,inertial,u*dx(u),0.00154421202522601,15,1,16,1,1.16701548844523e-15,6.72488731368048e-11,640,0
60,wave,wave,inertial,v*dy(u),0,1,1,1,1,0,0,0,640
60,wave,wave,inertial,w*dz(u),0.00154422724945134,15,1,16,1,1.29389924433695e-15,4.14708544080613e-07,640,0
60,wave,wave,inertial,u*dx(v),0.00154421202522597,16,1,15,1,1.36870671104713e-15,5.044009654398e-11,640,0
60,wave,wave,inertial,v*dy(v),0,1,1,1,1,0,0,0,640
60,wave,wave,inertial,w*dz(v),0.00154422724945142,15,1,16,1,1.44882143599647e-15,4.1470112477412e-07,640,0
60,wave,wave,mda,u*dx(eta),3.75299154939381e-05,16,1,15,1,3.21968388383181e-15,4.31033527220229e-10,640,0
60,wave,wave,mda,v*dy(eta),0,1,1,1,1,0,0,0,640
60,wave,wave,mda,w*dz(eta),3.75299154958795e-05,15,1,16,1,5.8153382135256e-15,4.31033133082951e-10,640,0
60,wave,wave,mda,w*eta*dlogN2,0,1,1,1,1,0,0,0,640
60,wave,apv,inertial,u*dx(u),0,1,1,-1,0,0,0,0,128
60,wave,apv,inertial,v*dy(u),0,1,1,-1,0,0,0,0,128
60,wave,apv,inertial,w*dz(u),0,1,1,-1,0,0,0,0,128
60,wave,apv,inertial,u*dx(v),1.72440355052806e-05,16,1,2,0,1.07954106687976e-15,3.37414540751979e-11,128,0
60,wave,apv,inertial,v*dy(v),0,1,1,-1,0,0,0,0,128
60,wave,apv,inertial,w*dz(v),1.63946352206584e-05,16,1,3,0,1.11767026885046e-15,4.49120740597664e-11,128,0
60,wave,apv,mda,u*dx(eta),1.92341941444317e-06,15,1,3,0,1.29263867284218e-15,3.17905067355981e-10,128,0
60,wave,apv,mda,v*dy(eta),0,1,1,-1,0,0,0,0,128
60,wave,apv,mda,w*dz(eta),2.00598212811578e-06,15,1,3,0,1.85628579702119e-15,2.02879898643333e-06,128,0
60,wave,apv,mda,w*eta*dlogN2,0,1,1,-1,0,0,0,0,128
60,apv,wave,inertial,u*dx(u),0,-1,0,1,1,0,0,0,128
60,apv,wave,inertial,v*dy(u),0,-1,0,1,1,0,0,0,128
60,apv,wave,inertial,w*dz(u),0,-1,0,1,1,0,0,0,128
60,apv,wave,inertial,u*dx(v),0,-1,0,1,1,0,0,0,128
60,apv,wave,inertial,v*dy(v),0,-1,0,1,1,0,0,0,128
60,apv,wave,inertial,w*dz(v),0,-1,0,1,1,0,0,0,128
60,apv,wave,mda,u*dx(eta),0,-1,0,1,1,0,0,0,128
60,apv,wave,mda,v*dy(eta),0,-1,0,1,1,0,0,0,128
60,apv,wave,mda,w*dz(eta),0,-1,0,1,1,0,0,0,128
60,apv,wave,mda,w*eta*dlogN2,0,-1,0,1,1,0,0,0,128
60,wave,boundary,inertial,u*dx(u),0,1,1,1,0,0,0,0,64
60,wave,boundary,inertial,v*dy(u),0,1,1,1,0,0,0,0,64
60,wave,boundary,inertial,w*dz(u),0,1,1,1,0,0,0,0,64
60,wave,boundary,inertial,u*dx(v),1.17951791084306e-06,16,1,1,0,1.30388932319833e-15,3.33992833390084e-11,64,0
60,wave,boundary,inertial,v*dy(v),0,1,1,1,0,0,0,0,64
60,wave,boundary,inertial,w*dz(v),2.14900889357571e-06,16,1,2,0,9.96582106881973e-16,3.36015659740951e-11,64,0
60,wave,boundary,mda,u*dx(eta),5.53172531155102e-09,16,1,2,0,7.70893888585513e-16,4.79546928496137e-10,64,0
60,wave,boundary,mda,v*dy(eta),0,1,1,1,0,0,0,0,64
60,wave,boundary,mda,w*dz(eta),5.8394916522539e-08,16,1,1,0,2.63315907729638e-15,1.21426012747259e-10,64,0
60,wave,boundary,mda,w*eta*dlogN2,0,1,1,1,0,0,0,0,64
60,boundary,wave,inertial,u*dx(u),0,1,0,1,1,0,0,0,64
60,boundary,wave,inertial,v*dy(u),0,1,0,1,1,0,0,0,64
60,boundary,wave,inertial,w*dz(u),0,1,0,1,1,0,0,0,64
60,boundary,wave,inertial,u*dx(v),0,1,0,1,1,0,0,0,64
60,boundary,wave,inertial,v*dy(v),0,1,0,1,1,0,0,0,64
60,boundary,wave,inertial,w*dz(v),0,1,0,1,1,0,0,0,64
60,boundary,wave,mda,u*dx(eta),0,1,0,1,1,0,0,0,64
60,boundary,wave,mda,v*dy(eta),0,1,0,1,1,0,0,0,64
60,boundary,wave,mda,w*dz(eta),0,1,0,1,1,0,0,0,64
60,boundary,wave,mda,w*eta*dlogN2,0,1,0,1,1,0,0,0,64
60,apv,boundary,inertial,u*dx(u),0,-1,0,1,0,0,0,0,8
60,apv,boundary,inertial,v*dy(u),0,-1,0,1,0,0,0,0,8
60,apv,boundary,inertial,w*dz(u),0,-1,0,1,0,0,0,0,8
60,apv,boundary,inertial,u*dx(v),0,-1,0,1,0,0,0,0,8
60,apv,boundary,inertial,v*dy(v),0,-1,0,1,0,0,0,0,8
60,apv,boundary,inertial,w*dz(v),0,-1,0,1,0,0,0,0,8
60,apv,boundary,mda,u*dx(eta),0,-1,0,1,0,0,0,0,8
60,apv,boundary,mda,v*dy(eta),0,-1,0,1,0,0,0,0,8
60,apv,boundary,mda,w*dz(eta),0,-1,0,1,0,0,0,0,8
60,apv,boundary,mda,w*eta*dlogN2,0,-1,0,1,0,0,0,0,8
60,boundary,apv,inertial,u*dx(u),0,1,0,-1,0,0,0,0,8
60,boundary,apv,inertial,v*dy(u),0,1,0,-1,0,0,0,0,8
60,boundary,apv,inertial,w*dz(u),0,1,0,-1,0,0,0,0,8
60,boundary,apv,inertial,u*dx(v),0,1,0,-1,0,0,0,0,8
60,boundary,apv,inertial,v*dy(v),0,1,0,-1,0,0,0,0,8
60,boundary,apv,inertial,w*dz(v),0,1,0,-1,0,0,0,0,8
60,boundary,apv,mda,u*dx(eta),0,1,0,-1,0,0,0,0,8
60,boundary,apv,mda,v*dy(eta),0,1,0,-1,0,0,0,0,8
60,boundary,apv,mda,w*dz(eta),0,1,0,-1,0,0,0,0,8
60,boundary,apv,mda,w*eta*dlogN2,0,1,0,-1,0,0,0,0,8
60,boundary,boundary,inertial,u*dx(u),0,1,0,1,0,0,0,0,4
60,boundary,boundary,inertial,v*dy(u),0,1,0,1,0,0,0,0,4
60,boundary,boundary,inertial,w*dz(u),0,1,0,1,0,0,0,0,4
60,boundary,boundary,inertial,u*dx(v),0,1,0,1,0,0,0,0,4
60,boundary,boundary,inertial,v*dy(v),0,1,0,1,0,0,0,0,4
60,boundary,boundary,inertial,w*dz(v),0,1,0,1,0,0,0,0,4
60,boundary,boundary,mda,u*dx(eta),0,1,0,1,0,0,0,0,4
60,boundary,boundary,mda,v*dy(eta),0,1,0,1,0,0,0,0,4
60,boundary,boundary,mda,w*dz(eta),0,1,0,1,0,0,0,0,4
60,boundary,boundary,mda,w*eta*dlogN2,0,1,0,1,0,0,0,0,4
55,wave,wave,wave,u*dx(u),0,1,1,1,1,0,0,0,640
55,wave,wave,wave,v*dy(u),0.474792238779052,16,1,15,1,1.88439485327293e-15,3.36317640403649e-11,640,0
55,wave,wave,wave,w*dz(u),0.474796736950897,15,1,16,1,1.74356246979745e-15,9.20153533578294e-07,640,0
55,wave,wave,wave,u*dx(v),0,1,1,1,1,0,0,0,640
55,wave,wave,wave,v*dy(v),0.474792238779052,16,1,15,1,1.86477843877746e-15,5.04403185885849e-11,640,0
55,wave,wave,wave,w*dz(v),0.474796736950897,15,1,16,1,1.73960014733596e-15,9.20157679012142e-07,640,0
55,wave,wave,wave,u*dx(w),0,1,1,1,1,0,0,0,640
55,wave,wave,wave,v*dy(w),0.00160169538106427,16,1,16,1,6.66133814775094e-16,5.05449015975046e-11,640,0
55,wave,wave,wave,w*dz(w),0.00160169538106427,16,1,16,1,6.66133814775094e-16,6.73536781903294e-11,640,0
55,wave,wave,wave,u*dx(eta),0,1,1,1,1,0,0,0,640
55,wave,wave,wave,v*dy(eta),0.155556579094215,16,1,16,1,2.07294474464994e-15,3.37365690938896e-11,640,0
55,wave,wave,wave,w*dz(eta),0.155556579094215,16,1,16,1,1.48182153578238e-15,5.05451236421095e-11,640,0
55,wave,wave,wave,w*eta*dlogN2,0,1,1,1,1,0,0,0,640
55,wave,apv,wave,u*dx(u),0,1,1,-1,0,0,0,0,128
55,wave,apv,wave,v*dy(u),0.000232380868978985,16,1,3,0,1.58550628394008e-15,1.6932899526978e-11,128,0
55,wave,apv,wave,w*dz(u),0.000196487870830031,16,1,3,0,1.78279913571598e-15,4.49120740597664e-11,128,0
55,wave,apv,wave,u*dx(v),0,1,1,-1,0,0,0,0,128
55,wave,apv,wave,v*dy(v),0,1,1,-1,0,0,0,0,128
55,wave,apv,wave,w*dz(v),0,1,1,-1,0,0,0,0,128
55,wave,apv,wave,u*dx(w),0,1,1,-1,0,0,0,0,128
55,wave,apv,wave,v*dy(w),0,1,1,-1,0,0,0,0,128
55,wave,apv,wave,w*dz(w),0,1,1,-1,0,0,0,0,128
55,wave,apv,wave,u*dx(eta),0,1,1,-1,0,0,0,0,128
55,wave,apv,wave,v*dy(eta),4.21018485093625e-05,16,1,3,0,1.59274584317814e-15,2.96604962812808e-11,128,0
55,wave,apv,wave,w*dz(eta),4.89909090950172e-05,16,1,3,0,1.52680378642115e-15,5.24042809146863e-10,128,0
55,wave,apv,wave,w*eta*dlogN2,0,1,1,-1,0,0,0,0,128
55,apv,wave,wave,u*dx(u),0,-1,0,1,1,0,0,0,128
55,apv,wave,wave,v*dy(u),0.000232380868978983,3,0,16,1,1.60142616759491e-15,1.69331215715829e-11,128,0
55,apv,wave,wave,w*dz(u),0,-1,0,1,1,0,0,0,128
55,apv,wave,wave,u*dx(v),0,-1,0,1,1,0,0,0,128
55,apv,wave,wave,v*dy(v),0.000232380868978927,3,0,16,1,1.64234778744037e-15,3.37414540751979e-11,128,0
55,apv,wave,wave,w*dz(v),0,-1,0,1,1,0,0,0,128
55,apv,wave,wave,u*dx(w),0,-1,0,1,1,0,0,0,128
55,apv,wave,wave,v*dy(w),5.2509507191076e-07,3,0,16,1,3.33066907387547e-16,3.57203155942898e-11,128,0
55,apv,wave,wave,w*dz(w),0,-1,0,1,1,0,0,0,128
55,apv,wave,wave,u*dx(eta),0,-1,0,1,1,0,0,0,128
55,apv,wave,wave,v*dy(eta),4.89909092671989e-05,3,0,16,1,1.6124157166431e-15,1.89115390014649e-11,128,0
55,apv,wave,wave,w*dz(eta),0,-1,0,1,1,0,0,0,128
55,apv,wave,wave,w*eta*dlogN2,0,-1,0,1,1,0,0,0,128
55,wave,boundary,wave,u*dx(u),0,1,1,1,0,0,0,0,64
55,wave,boundary,wave,v*dy(u),2.98571736319942e-05,16,1,2,0,1.66705292885298e-15,1.65907287907885e-11,64,0
55,wave,boundary,wave,w*dz(u),4.2429033053036e-05,16,1,1,0,1.41726908032344e-15,3.36015659740951e-11,64,0
55,wave,boundary,wave,u*dx(v),0,1,1,1,0,0,0,0,64
55,wave,boundary,wave,v*dy(v),0,1,1,1,0,0,0,0,64
55,wave,boundary,wave,w*dz(v),0,1,1,1,0,0,0,0,64
55,wave,boundary,wave,u*dx(w),0,1,1,1,0,0,0,0,64
55,wave,boundary,wave,v*dy(w),0,1,1,1,0,0,0,0,64
55,wave,boundary,wave,w*dz(w),0,1,1,1,0,0,0,0,64
55,wave,boundary,wave,u*dx(eta),0,1,1,1,0,0,0,0,64
55,wave,boundary,wave,v*dy(eta),9.55484112584745e-06,16,1,2,0,7.04198655091652e-16,1.70414793387863e-11,64,0
55,wave,boundary,wave,w*dz(eta),7.94240909444991e-06,16,1,1,0,8.70691993264003e-16,3.36206618101187e-11,64,0
55,wave,boundary,wave,w*eta*dlogN2,0,1,1,1,0,0,0,0,64
55,boundary,wave,wave,u*dx(u),0,1,0,1,1,0,0,0,64
55,boundary,wave,wave,v*dy(u),2.9857173631977e-05,2,0,16,1,1.68402921192357e-15,1.65907287907885e-11,64,0
55,boundary,wave,wave,w*dz(u),0,1,0,1,1,0,0,0,64
55,boundary,wave,wave,u*dx(v),0,1,0,1,1,0,0,0,64
55,boundary,wave,wave,v*dy(v),2.98571736324631e-05,2,0,16,1,1.75309898175279e-15,3.33992833390084e-11,64,0
55,boundary,wave,wave,w*dz(v),0,1,0,1,1,0,0,0,64
55,boundary,wave,wave,u*dx(w),0,1,0,1,1,0,0,0,64
55,boundary,wave,wave,v*dy(w),8.30655549110688e-08,1,0,16,1,6.66133814775094e-16,3.32134320046862e-11,64,0
55,boundary,wave,wave,w*dz(w),0,1,0,1,1,0,0,0,64
55,boundary,wave,wave,u*dx(eta),0,1,0,1,1,0,0,0,64
55,boundary,wave,wave,v*dy(eta),7.94240909462858e-06,1,0,16,1,2.27154778778982e-15,1.64046554118613e-11,64,0
55,boundary,wave,wave,w*dz(eta),0,1,0,1,1,0,0,0,64
55,boundary,wave,wave,w*eta*dlogN2,0,1,0,1,1,0,0,0,64
55,apv,boundary,wave,u*dx(u),0,-1,0,1,0,0,0,0,8
55,apv,boundary,wave,v*dy(u),3.00328948245146e-07,3,0,1,0,1.91216768823766e-15,1.06293862600637e-11,8,0
55,apv,boundary,wave,w*dz(u),0,-1,0,1,0,0,0,0,8
55,apv,boundary,wave,u*dx(v),0,-1,0,1,0,0,0,0,8
55,apv,boundary,wave,v*dy(v),0,-1,0,1,0,0,0,0,8
55,apv,boundary,wave,w*dz(v),0,-1,0,1,0,0,0,0,8
55,apv,boundary,wave,u*dx(w),0,-1,0,1,0,0,0,0,8
55,apv,boundary,wave,v*dy(w),0,-1,0,1,0,0,0,0,8
55,apv,boundary,wave,w*dz(w),0,-1,0,1,0,0,0,0,8
55,apv,boundary,wave,u*dx(eta),0,-1,0,1,0,0,0,0,8
55,apv,boundary,wave,v*dy(eta),8.48316386898128e-08,3,0,2,0,8.93175796535267e-16,9.61664081700064e-12,8,0
55,apv,boundary,wave,w*dz(eta),0,-1,0,1,0,0,0,0,8
55,apv,boundary,wave,w*eta*dlogN2,0,-1,0,1,0,0,0,0,8
55,boundary,apv,wave,u*dx(u),0,1,0,-1,0,0,0,0,8
55,boundary,apv,wave,v*dy(u),3.00328948202178e-07,1,0,3,0,1.90682318435847e-15,1.06293862600637e-11,8,0
55,boundary,apv,wave,w*dz(u),0,1,0,-1,0,0,0,0,8
55,boundary,apv,wave,u*dx(v),0,1,0,-1,0,0,0,0,8
55,boundary,apv,wave,v*dy(v),0,1,0,-1,0,0,0,0,8
55,boundary,apv,wave,w*dz(v),0,1,0,-1,0,0,0,0,8
55,boundary,apv,wave,u*dx(w),0,1,0,-1,0,0,0,0,8
55,boundary,apv,wave,v*dy(w),0,1,0,-1,0,0,0,0,8
55,boundary,apv,wave,w*dz(w),0,1,0,-1,0,0,0,0,8
55,boundary,apv,wave,u*dx(eta),0,1,0,-1,0,0,0,0,8
55,boundary,apv,wave,v*dy(eta),6.9855938969714e-08,1,0,3,0,8.13302711676421e-16,3.76996930948264e-11,8,0
55,boundary,apv,wave,w*dz(eta),0,1,0,-1,0,0,0,0,8
55,boundary,apv,wave,w*eta*dlogN2,0,1,0,-1,0,0,0,0,8
55,boundary,boundary,wave,u*dx(u),0,1,0,1,0,0,0,0,4
55,boundary,boundary,wave,v*dy(u),1.04480480365289e-08,2,0,1,0,8.81102395285959e-16,5.19810861021597e-11,4,0
55,boundary,boundary,wave,w*dz(u),0,1,0,1,0,0,0,0,4
55,boundary,boundary,wave,u*dx(v),0,1,0,1,0,0,0,0,4
55,boundary,boundary,wave,v*dy(v),0,1,0,1,0,0,0,0,4
55,boundary,boundary,wave,w*dz(v),0,1,0,1,0,0,0,0,4
55,boundary,boundary,wave,u*dx(w),0,1,0,1,0,0,0,0,4
55,boundary,boundary,wave,v*dy(w),0,1,0,1,0,0,0,0,4
55,boundary,boundary,wave,w*dz(w),0,1,0,1,0,0,0,0,4
55,boundary,boundary,wave,u*dx(eta),0,1,0,1,0,0,0,0,4
55,boundary,boundary,wave,v*dy(eta),1.23018334263232e-08,2,0,1,0,1.15323668073723e-15,4.41353620317386e-11,4,0
55,boundary,boundary,wave,w*dz(eta),0,1,0,1,0,0,0,0,4
55,boundary,boundary,wave,w*eta*dlogN2,0,1,0,1,0,0,0,0,4
56,wave,wave,wave,u*dx(u),0,1,1,1,1,0,0,0,640
56,wave,wave,wave,v*dy(u),0.474792238779052,16,1,15,1,1.88439485327293e-15,3.36317640403649e-11,640,0
56,wave,wave,wave,w*dz(u),0.474796736950897,15,1,16,1,1.74356246979745e-15,9.20153533578294e-07,640,0
56,wave,wave,wave,u*dx(v),0,1,1,1,1,0,0,0,640
56,wave,wave,wave,v*dy(v),0.474792238779052,16,1,15,1,1.86477843877746e-15,5.04403185885849e-11,640,0
56,wave,wave,wave,w*dz(v),0.474796736950897,15,1,16,1,1.73960014733596e-15,9.20157679012142e-07,640,0
56,wave,wave,wave,u*dx(w),0,1,1,1,1,0,0,0,640
56,wave,wave,wave,v*dy(w),0.00160169538106427,16,1,16,1,6.66133814775094e-16,5.05449015975046e-11,640,0
56,wave,wave,wave,w*dz(w),0.00160169538106427,16,1,16,1,6.66133814775094e-16,6.73536781903294e-11,640,0
56,wave,wave,wave,u*dx(eta),0,1,1,1,1,0,0,0,640
56,wave,wave,wave,v*dy(eta),0.155556579094215,16,1,16,1,2.07294474464994e-15,3.37365690938896e-11,640,0
56,wave,wave,wave,w*dz(eta),0.155556579094215,16,1,16,1,1.48182153578238e-15,5.05451236421095e-11,640,0
56,wave,wave,wave,w*eta*dlogN2,0,1,1,1,1,0,0,0,640
56,wave,apv,wave,u*dx(u),0,1,1,-1,0,0,0,0,128
56,wave,apv,wave,v*dy(u),0.000232380868978985,16,1,3,0,1.58550628394008e-15,1.6932899526978e-11,128,0
56,wave,apv,wave,w*dz(u),0.000196487870830031,16,1,3,0,1.78279913571598e-15,4.49120740597664e-11,128,0
56,wave,apv,wave,u*dx(v),0,1,1,-1,0,0,0,0,128
56,wave,apv,wave,v*dy(v),0,1,1,-1,0,0,0,0,128
56,wave,apv,wave,w*dz(v),0,1,1,-1,0,0,0,0,128
56,wave,apv,wave,u*dx(w),0,1,1,-1,0,0,0,0,128
56,wave,apv,wave,v*dy(w),0,1,1,-1,0,0,0,0,128
56,wave,apv,wave,w*dz(w),0,1,1,-1,0,0,0,0,128
56,wave,apv,wave,u*dx(eta),0,1,1,-1,0,0,0,0,128
56,wave,apv,wave,v*dy(eta),4.21018485093625e-05,16,1,3,0,1.59274584317814e-15,2.96604962812808e-11,128,0
56,wave,apv,wave,w*dz(eta),4.89909090950172e-05,16,1,3,0,1.52680378642115e-15,5.24042809146863e-10,128,0
56,wave,apv,wave,w*eta*dlogN2,0,1,1,-1,0,0,0,0,128
56,apv,wave,wave,u*dx(u),0,-1,0,1,1,0,0,0,128
56,apv,wave,wave,v*dy(u),0.000232380868978983,3,0,16,1,1.60142616759491e-15,1.69331215715829e-11,128,0
56,apv,wave,wave,w*dz(u),0,-1,0,1,1,0,0,0,128
56,apv,wave,wave,u*dx(v),0,-1,0,1,1,0,0,0,128
56,apv,wave,wave,v*dy(v),0.000232380868978927,3,0,16,1,1.64234778744037e-15,3.37414540751979e-11,128,0
56,apv,wave,wave,w*dz(v),0,-1,0,1,1,0,0,0,128
56,apv,wave,wave,u*dx(w),0,-1,0,1,1,0,0,0,128
56,apv,wave,wave,v*dy(w),5.2509507191076e-07,3,0,16,1,3.33066907387547e-16,3.57203155942898e-11,128,0
56,apv,wave,wave,w*dz(w),0,-1,0,1,1,0,0,0,128
56,apv,wave,wave,u*dx(eta),0,-1,0,1,1,0,0,0,128
56,apv,wave,wave,v*dy(eta),4.89909092671989e-05,3,0,16,1,1.6124157166431e-15,1.89115390014649e-11,128,0
56,apv,wave,wave,w*dz(eta),0,-1,0,1,1,0,0,0,128
56,apv,wave,wave,w*eta*dlogN2,0,-1,0,1,1,0,0,0,128
56,wave,boundary,wave,u*dx(u),0,1,1,1,0,0,0,0,64
56,wave,boundary,wave,v*dy(u),2.98571736319942e-05,16,1,2,0,1.66705292885298e-15,1.65907287907885e-11,64,0
56,wave,boundary,wave,w*dz(u),4.2429033053036e-05,16,1,1,0,1.41726908032344e-15,3.36015659740951e-11,64,0
56,wave,boundary,wave,u*dx(v),0,1,1,1,0,0,0,0,64
56,wave,boundary,wave,v*dy(v),0,1,1,1,0,0,0,0,64
56,wave,boundary,wave,w*dz(v),0,1,1,1,0,0,0,0,64
56,wave,boundary,wave,u*dx(w),0,1,1,1,0,0,0,0,64
56,wave,boundary,wave,v*dy(w),0,1,1,1,0,0,0,0,64
56,wave,boundary,wave,w*dz(w),0,1,1,1,0,0,0,0,64
56,wave,boundary,wave,u*dx(eta),0,1,1,1,0,0,0,0,64
56,wave,boundary,wave,v*dy(eta),9.55484112584745e-06,16,1,2,0,7.04198655091652e-16,1.70414793387863e-11,64,0
56,wave,boundary,wave,w*dz(eta),7.94240909444991e-06,16,1,1,0,8.70691993264003e-16,3.36206618101187e-11,64,0
56,wave,boundary,wave,w*eta*dlogN2,0,1,1,1,0,0,0,0,64
56,boundary,wave,wave,u*dx(u),0,1,0,1,1,0,0,0,64
56,boundary,wave,wave,v*dy(u),2.9857173631977e-05,2,0,16,1,1.68402921192357e-15,1.65907287907885e-11,64,0
56,boundary,wave,wave,w*dz(u),0,1,0,1,1,0,0,0,64
56,boundary,wave,wave,u*dx(v),0,1,0,1,1,0,0,0,64
56,boundary,wave,wave,v*dy(v),2.98571736324631e-05,2,0,16,1,1.75309898175279e-15,3.33992833390084e-11,64,0
56,boundary,wave,wave,w*dz(v),0,1,0,1,1,0,0,0,64
56,boundary,wave,wave,u*dx(w),0,1,0,1,1,0,0,0,64
56,boundary,wave,wave,v*dy(w),8.30655549110688e-08,1,0,16,1,6.66133814775094e-16,3.32134320046862e-11,64,0
56,boundary,wave,wave,w*dz(w),0,1,0,1,1,0,0,0,64
56,boundary,wave,wave,u*dx(eta),0,1,0,1,1,0,0,0,64
56,boundary,wave,wave,v*dy(eta),7.94240909462858e-06,1,0,16,1,2.27154778778982e-15,1.64046554118613e-11,64,0
56,boundary,wave,wave,w*dz(eta),0,1,0,1,1,0,0,0,64
56,boundary,wave,wave,w*eta*dlogN2,0,1,0,1,1,0,0,0,64
56,apv,boundary,wave,u*dx(u),0,-1,0,1,0,0,0,0,8
56,apv,boundary,wave,v*dy(u),3.00328948245146e-07,3,0,1,0,1.91216768823766e-15,1.06293862600637e-11,8,0
56,apv,boundary,wave,w*dz(u),0,-1,0,1,0,0,0,0,8
56,apv,boundary,wave,u*dx(v),0,-1,0,1,0,0,0,0,8
56,apv,boundary,wave,v*dy(v),0,-1,0,1,0,0,0,0,8
56,apv,boundary,wave,w*dz(v),0,-1,0,1,0,0,0,0,8
56,apv,boundary,wave,u*dx(w),0,-1,0,1,0,0,0,0,8
56,apv,boundary,wave,v*dy(w),0,-1,0,1,0,0,0,0,8
56,apv,boundary,wave,w*dz(w),0,-1,0,1,0,0,0,0,8
56,apv,boundary,wave,u*dx(eta),0,-1,0,1,0,0,0,0,8
56,apv,boundary,wave,v*dy(eta),8.48316386898128e-08,3,0,2,0,8.93175796535267e-16,9.61664081700064e-12,8,0
56,apv,boundary,wave,w*dz(eta),0,-1,0,1,0,0,0,0,8
56,apv,boundary,wave,w*eta*dlogN2,0,-1,0,1,0,0,0,0,8
56,boundary,apv,wave,u*dx(u),0,1,0,-1,0,0,0,0,8
56,boundary,apv,wave,v*dy(u),3.00328948202178e-07,1,0,3,0,1.90682318435847e-15,1.06293862600637e-11,8,0
56,boundary,apv,wave,w*dz(u),0,1,0,-1,0,0,0,0,8
56,boundary,apv,wave,u*dx(v),0,1,0,-1,0,0,0,0,8
56,boundary,apv,wave,v*dy(v),0,1,0,-1,0,0,0,0,8
56,boundary,apv,wave,w*dz(v),0,1,0,-1,0,0,0,0,8
56,boundary,apv,wave,u*dx(w),0,1,0,-1,0,0,0,0,8
56,boundary,apv,wave,v*dy(w),0,1,0,-1,0,0,0,0,8
56,boundary,apv,wave,w*dz(w),0,1,0,-1,0,0,0,0,8
56,boundary,apv,wave,u*dx(eta),0,1,0,-1,0,0,0,0,8
56,boundary,apv,wave,v*dy(eta),6.9855938969714e-08,1,0,3,0,8.13302711676421e-16,3.76996930948264e-11,8,0
56,boundary,apv,wave,w*dz(eta),0,1,0,-1,0,0,0,0,8
56,boundary,apv,wave,w*eta*dlogN2,0,1,0,-1,0,0,0,0,8
56,boundary,boundary,wave,u*dx(u),0,1,0,1,0,0,0,0,4
56,boundary,boundary,wave,v*dy(u),1.04480480365289e-08,2,0,1,0,8.81102395285959e-16,5.19810861021597e-11,4,0
56,boundary,boundary,wave,w*dz(u),0,1,0,1,0,0,0,0,4
56,boundary,boundary,wave,u*dx(v),0,1,0,1,0,0,0,0,4
56,boundary,boundary,wave,v*dy(v),0,1,0,1,0,0,0,0,4
56,boundary,boundary,wave,w*dz(v),0,1,0,1,0,0,0,0,4
56,boundary,boundary,wave,u*dx(w),0,1,0,1,0,0,0,0,4
56,boundary,boundary,wave,v*dy(w),0,1,0,1,0,0,0,0,4
56,boundary,boundary,wave,w*dz(w),0,1,0,1,0,0,0,0,4
56,boundary,boundary,wave,u*dx(eta),0,1,0,1,0,0,0,0,4
56,boundary,boundary,wave,v*dy(eta),1.23018334263232e-08,2,0,1,0,1.15323668073723e-15,4.41353620317386e-11,4,0
56,boundary,boundary,wave,w*dz(eta),0,1,0,1,0,0,0,0,4
56,boundary,boundary,wave,w*eta*dlogN2,0,1,0,1,0,0,0,0,4
38,wave,wave,wave,u*dx(u),0.475153230485324,16,1,15,1,1.98372428912865e-15,3.386868563382e-11,640,0
38,wave,wave,wave,v*dy(u),0,1,1,1,1,0,0,0,640
38,wave,wave,wave,w*dz(u),0.475157732190638,16,1,15,1,1.82263326267544e-15,9.47498850739553e-07,640,0
38,wave,wave,wave,u*dx(v),0.459636436746089,16,1,15,1,1.87891713698826e-15,1.70599090409951e-11,640,0
38,wave,wave,wave,v*dy(v),0,1,1,1,1,0,0,0,640
38,wave,wave,wave,w*dz(v),0.459640788843104,16,1,15,1,1.65771037704212e-15,8.25385228966894e-07,640,0
38,wave,wave,wave,u*dx(w),0.00253249124574229,16,1,16,1,5.55111512312578e-16,3.37465611011112e-11,640,0
38,wave,wave,wave,v*dy(w),0,1,1,1,1,0,0,0,640
38,wave,wave,wave,w*dz(w),0.00253249124570097,16,1,16,1,5.55111512312578e-16,3.3898217566275e-11,640,0
38,wave,wave,wave,u*dx(eta),0.236234294209015,16,1,16,1,1.30023373314391e-15,1.69382285974962e-11,640,0
38,wave,wave,wave,v*dy(eta),0,1,1,1,1,0,0,0,640
38,wave,wave,wave,w*dz(eta),0.236234294205161,16,1,16,1,1.86590064690038e-15,1.70894409734501e-11,640,0
38,wave,wave,wave,w*eta*dlogN2,0,1,1,1,1,0,0,0,640
38,wave,apv,wave,u*dx(u),0,1,1,-1,0,0,0,0,128
38,wave,apv,wave,v*dy(u),0,1,1,-1,0,0,0,0,128
38,wave,apv,wave,w*dz(u),0,1,1,-1,0,0,0,0,128
38,wave,apv,wave,u*dx(v),0.000225416441359367,16,1,3,0,1.44535889948796e-15,1.38443700947732e-11,128,0
38,wave,apv,wave,v*dy(v),0,1,1,-1,0,0,0,0,128
38,wave,apv,wave,w*dz(v),0.000190491011792957,16,1,3,0,1.57213267414228e-15,1.79326553606529e-11,128,0
38,wave,apv,wave,u*dx(w),0,1,1,-1,0,0,0,0,128
38,wave,apv,wave,v*dy(w),0,1,1,-1,0,0,0,0,128
38,wave,apv,wave,w*dz(w),0,1,1,-1,0,0,0,0,128
38,wave,apv,wave,u*dx(eta),6.32750889148262e-05,16,1,3,0,1.21221382765784e-15,1.79543070170819e-11,128,0
38,wave,apv,wave,v*dy(eta),0,1,1,-1,0,0,0,0,128
38,wave,apv,wave,w*dz(eta),7.40308764830687e-05,16,1,3,0,2.1309555793274e-15,4.76820360972852e-10,128,0
38,wave,apv,wave,w*eta*dlogN2,0,1,1,-1,0,0,0,0,128
38,apv,wave,wave,u*dx(u),0.000232609580844788,3,0,16,1,2.8651429812618e-15,3.37414540751979e-11,128,0
38,apv,wave,wave,v*dy(u),0,-1,0,1,1,0,0,0,128
38,apv,wave,wave,w*dz(u),0,-1,0,1,1,0,0,0,128
38,apv,wave,wave,u*dx(v),0.00022541644135216,3,0,16,1,1.53582035823109e-15,1.69331215715829e-11,128,0
38,apv,wave,wave,v*dy(v),0,-1,0,1,1,0,0,0,128
38,apv,wave,wave,w*dz(v),0,-1,0,1,1,0,0,0,128
38,apv,wave,wave,u*dx(w),8.30176686204272e-07,3,0,16,1,3.33066907387547e-16,3.57203155942898e-11,128,0
38,apv,wave,wave,v*dy(w),0,-1,0,1,1,0,0,0,128
38,apv,wave,wave,w*dz(w),0,-1,0,1,1,0,0,0,128
38,apv,wave,wave,u*dx(eta),7.40308767472415e-05,3,0,16,1,1.16717374464305e-15,1.89115390014649e-11,128,0
38,apv,wave,wave,v*dy(eta),0,-1,0,1,1,0,0,0,128
38,apv,wave,wave,w*dz(eta),0,-1,0,1,1,0,0,0,128
38,apv,wave,wave,w*eta*dlogN2,0,-1,0,1,1,0,0,0,128
38,wave,boundary,wave,u*dx(u),0,1,1,1,0,0,0,0,64
38,wave,boundary,wave,v*dy(u),0,1,1,1,0,0,0,0,64
38,wave,boundary,wave,w*dz(u),0,1,1,1,0,0,0,0,64
38,wave,boundary,wave,u*dx(v),2.85144624053791e-05,16,1,2,0,1.64917215160033e-15,1.46561651703792e-11,64,0
38,wave,boundary,wave,v*dy(v),0,1,1,1,0,0,0,0,64
38,wave,boundary,wave,w*dz(v),4.09255290306232e-05,16,1,1,0,1.42282808956055e-15,1.39882549987647e-11,64,0
38,wave,boundary,wave,u*dx(w),0,1,1,1,0,0,0,0,64
38,wave,boundary,wave,v*dy(w),0,1,1,1,0,0,0,0,64
38,wave,boundary,wave,w*dz(w),0,1,1,1,0,0,0,0,64
38,wave,boundary,wave,u*dx(eta),1.4433445601029e-05,16,1,2,0,1.5153794894975e-15,1.38211664335586e-11,64,0
38,wave,boundary,wave,v*dy(eta),0,1,1,1,0,0,0,0,64
38,wave,boundary,wave,w*dz(eta),1.18694490936065e-05,16,1,1,0,1.27718326815827e-15,1.39761535677962e-11,64,0
38,wave,boundary,wave,w*eta*dlogN2,0,1,1,1,0,0,0,0,64
38,boundary,wave,wave,u*dx(u),2.36188442243313e-05,2,0,16,1,1.40326552199494e-15,3.3607783223033e-11,64,0
38,boundary,wave,wave,v*dy(u),0,1,0,1,1,0,0,0,64
38,boundary,wave,wave,w*dz(u),0,1,0,1,1,0,0,0,64
38,boundary,wave,wave,u*dx(v),2.26749865521485e-05,2,0,16,1,1.42254082182959e-15,1.67990066302082e-11,64,0
38,boundary,wave,wave,v*dy(v),0,1,0,1,1,0,0,0,64
38,boundary,wave,wave,w*dz(v),0,1,0,1,1,0,0,0,64
38,boundary,wave,wave,u*dx(w),9.60362687280042e-08,2,0,16,1,4.44089209850063e-16,3.35553806962707e-11,64,0
38,boundary,wave,wave,v*dy(w),0,1,0,1,1,0,0,0,64
38,boundary,wave,wave,w*dz(w),0,1,0,1,1,0,0,0,64
38,boundary,wave,wave,u*dx(eta),8.83245991501932e-06,2,0,16,1,1.12390875740753e-15,1.67468261480508e-11,64,0
38,boundary,wave,wave,v*dy(eta),0,1,0,1,1,0,0,0,64
38,boundary,wave,wave,w*dz(eta),0,1,0,1,1,0,0,0,64
38,boundary,wave,wave,w*eta*dlogN2,0,1,0,1,1,0,0,0,64
38,apv,boundary,wave,u*dx(u),0,-1,0,1,0,0,0,0,8
38,apv,boundary,wave,v*dy(u),0,-1,0,1,0,0,0,0,8
38,apv,boundary,wave,w*dz(u),0,-1,0,1,0,0,0,0,8
38,apv,boundary,wave,u*dx(v),2.92731452433031e-07,3,0,1,0,8.14161446905431e-16,1.06293862600637e-11,8,0
38,apv,boundary,wave,v*dy(v),0,-1,0,1,0,0,0,0,8
38,apv,boundary,wave,w*dz(v),0,-1,0,1,0,0,0,0,8
38,apv,boundary,wave,u*dx(w),0,-1,0,1,0,0,0,0,8
38,apv,boundary,wave,v*dy(w),0,-1,0,1,0,0,0,0,8
38,apv,boundary,wave,w*dz(w),0,-1,0,1,0,0,0,0,8
38,apv,boundary,wave,u*dx(eta),1.30773746990178e-07,3,0,2,0,8.68423428092762e-16,9.61664081700064e-12,8,0
38,apv,boundary,wave,v*dy(eta),0,-1,0,1,0,0,0,0,8
38,apv,boundary,wave,w*dz(eta),0,-1,0,1,0,0,0,0,8
38,apv,boundary,wave,w*eta*dlogN2,0,-1,0,1,0,0,0,0,8
38,boundary,apv,wave,u*dx(u),0,1,0,-1,0,0,0,0,8
38,boundary,apv,wave,v*dy(u),0,1,0,-1,0,0,0,0,8
38,boundary,apv,wave,w*dz(u),0,1,0,-1,0,0,0,0,8
38,boundary,apv,wave,u*dx(v),2.18160222688884e-07,1,0,3,0,1.21446264125496e-15,1.05134789762928e-11,8,0
38,boundary,apv,wave,v*dy(v),0,1,0,-1,0,0,0,0,8
38,boundary,apv,wave,w*dz(v),0,1,0,-1,0,0,0,0,8
38,boundary,apv,wave,u*dx(w),0,1,0,-1,0,0,0,0,8
38,boundary,apv,wave,v*dy(w),0,1,0,-1,0,0,0,0,8
38,boundary,apv,wave,w*dz(w),0,1,0,-1,0,0,0,0,8
38,boundary,apv,wave,u*dx(eta),1.0774361946928e-07,2,0,3,0,7.03881894251728e-16,4.81019668541194e-11,8,0
38,boundary,apv,wave,v*dy(eta),0,1,0,-1,0,0,0,0,8
38,boundary,apv,wave,w*dz(eta),0,1,0,-1,0,0,0,0,8
38,boundary,apv,wave,w*eta*dlogN2,0,1,0,-1,0,0,0,0,8
38,boundary,boundary,wave,u*dx(u),0,1,0,1,0,0,0,0,4
38,boundary,boundary,wave,v*dy(u),0,1,0,1,0,0,0,0,4
38,boundary,boundary,wave,w*dz(u),0,1,0,1,0,0,0,0,4
38,boundary,boundary,wave,u*dx(v),3.32238476452283e-08,1,0,2,0,1.41282641701832e-15,1.04661723732136e-10,4,0
38,boundary,boundary,wave,v*dy(v),0,1,0,1,0,0,0,0,4
38,boundary,boundary,wave,w*dz(v),0,1,0,1,0,0,0,0,4
38,boundary,boundary,wave,u*dx(w),0,1,0,1,0,0,0,0,4
38,boundary,boundary,wave,v*dy(w),0,1,0,1,0,0,0,0,4
38,boundary,boundary,wave,w*dz(w),0,1,0,1,0,0,0,0,4
38,boundary,boundary,wave,u*dx(eta),5.04531770468822e-09,2,0,1,0,1.79461014397843e-15,1.51355002473195e-10,4,0
38,boundary,boundary,wave,v*dy(eta),0,1,0,1,0,0,0,0,4
38,boundary,boundary,wave,w*dz(eta),0,1,0,1,0,0,0,0,4
38,boundary,boundary,wave,w*eta*dlogN2,0,1,0,1,0,0,0,0,4
46,wave,wave,inertial,u*dx(u),0.00154421202479446,16,1,15,1,1.24049955109504e-15,2.7585156381349e-11,640,0
46,wave,wave,inertial,v*dy(u),0.00154421202479446,16,-1,15,1,1.24049955109504e-15,2.7585156381349e-11,640,0
46,wave,wave,inertial,w*dz(u),0.00154422724898875,16,1,15,1,1.4198980506734e-15,1.26400740889829e-06,640,0
46,wave,wave,inertial,u*dx(v),0.00154421202479446,16,-1,15,1,1.24049955109504e-15,2.7585156381349e-11,640,0
46,wave,wave,inertial,v*dy(v),0.00154421202479446,16,1,15,1,1.24049955109504e-15,2.7585156381349e-11,640,0
46,wave,wave,inertial,w*dz(v),0.00154422724898875,16,1,15,1,1.4198980506734e-15,1.26400740889829e-06,640,0
46,wave,wave,mda,u*dx(eta),3.75299154878899e-05,16,1,15,1,3.28972551288924e-15,5.54016297198058e-10,640,0
46,wave,wave,mda,v*dy(eta),3.75299154878899e-05,16,1,15,1,3.28972551288924e-15,5.54016297198058e-10,640,0
46,wave,wave,mda,w*dz(eta),3.75299154873383e-05,15,1,16,1,3.17784484196778e-15,5.54017641497499e-10,640,0
46,wave,wave,mda,w*eta*dlogN2,0,1,1,1,1,0,0,0,640
46,wave,apv,inertial,u*dx(u),1.72440355047508e-05,16,1,2,0,1.2923451107467e-15,1.38445921393782e-11,128,0
46,wave,apv,inertial,v*dy(u),1.72440355047508e-05,16,1,2,0,1.2923451107467e-15,1.38445921393782e-11,128,0
46,wave,apv,inertial,w*dz(u),1.63946352199364e-05,16,1,3,0,1.29009831544393e-15,1.79326553606529e-11,128,0
46,wave,apv,inertial,u*dx(v),1.72440355047508e-05,16,1,2,0,1.2923451107467e-15,1.38445921393782e-11,128,0
46,wave,apv,inertial,v*dy(v),1.72440355047508e-05,16,1,2,0,1.2923451107467e-15,1.38445921393782e-11,128,0
46,wave,apv,inertial,w*dz(v),1.63946352199364e-05,16,1,3,0,1.29009831544393e-15,1.79326553606529e-11,128,0
46,wave,apv,mda,u*dx(eta),1.9234194136682e-06,15,1,3,0,2.17326385594338e-15,4.07359683534885e-10,128,0
46,wave,apv,mda,v*dy(eta),1.9234194136682e-06,15,1,3,0,2.17326385594338e-15,4.07359683534885e-10,128,0
46,wave,apv,mda,w*dz(eta),2.00598212761982e-06,15,1,3,0,3.05461157399773e-15,2.02891888297705e-06,128,0
46,wave,apv,mda,w*eta*dlogN2,0,1,1,-1,0,0,0,0,128
46,apv,wave,inertial,u*dx(u),1.72440355047445e-05,2,0,16,1,1.46995300956207e-15,1.38445921393782e-11,128,0
46,apv,wave,inertial,v*dy(u),1.72440355047445e-05,2,0,16,1,1.46995300956207e-15,1.38445921393782e-11,128,0
46,apv,wave,inertial,w*dz(u),0,-1,0,1,1,0,0,0,128
46,apv,wave,inertial,u*dx(v),1.72440355047445e-05,2,0,16,1,1.46995300956207e-15,1.38445921393782e-11,128,0
46,apv,wave,inertial,v*dy(v),1.72440355047445e-05,2,0,16,1,1.46995300956207e-15,1.38445921393782e-11,128,0
46,apv,wave,inertial,w*dz(v),0,-1,0,1,1,0,0,0,128
46,apv,wave,mda,u*dx(eta),2.00598224589963e-06,3,0,15,1,1.49622408639499e-15,9.92970038782984e-11,128,0
46,apv,wave,mda,v*dy(eta),2.00598224589963e-06,3,0,15,1,1.49622408639499e-15,9.92970038782984e-11,128,0
46,apv,wave,mda,w*dz(eta),0,-1,0,1,1,0,0,0,128
46,apv,wave,mda,w*eta*dlogN2,0,-1,0,1,1,0,0,0,128
46,wave,boundary,inertial,u*dx(u),4.69510581940711e-07,16,1,2,0,1.40397529045507e-15,1.44904088728026e-11,64,0
46,wave,boundary,inertial,v*dy(u),4.69510581940711e-07,16,1,2,0,1.40397529045507e-15,1.44904088728026e-11,64,0
46,wave,boundary,inertial,w*dz(u),1.07636100907002e-06,16,1,1,0,1.19768317114131e-15,1.39935840692829e-11,64,0
46,wave,boundary,inertial,u*dx(v),4.69510581940711e-07,16,1,2,0,1.40397529045507e-15,1.44904088728026e-11,64,0
46,wave,boundary,inertial,v*dy(v),4.69510581940711e-07,16,1,2,0,1.40397529045507e-15,1.44904088728026e-11,64,0
46,wave,boundary,inertial,w*dz(v),1.07636100907002e-06,16,1,1,0,1.19768317114131e-15,1.39935840692829e-11,64,0
46,wave,boundary,mda,u*dx(eta),3.85778377502102e-09,16,1,1,0,4.56441984580462e-16,5.99879115755622e-10,64,0
46,wave,boundary,mda,v*dy(eta),3.85778377502102e-09,16,1,1,0,4.56441984580462e-16,5.99879115755622e-10,64,0
46,wave,boundary,mda,w*dz(eta),2.12870517922695e-08,16,1,2,0,5.60154531103162e-15,9.05270098943961e-11,64,0
46,wave,boundary,mda,w*eta*dlogN2,0,1,1,1,0,0,0,0,64
46,boundary,wave,inertial,u*dx(u),4.69510581907994e-07,2,0,16,1,1.44942405628144e-15,1.44902978505002e-11,64,0
46,boundary,wave,inertial,v*dy(u),4.69510581907994e-07,2,0,16,1,1.44942405628144e-15,1.44902978505002e-11,64,0
46,boundary,wave,inertial,w*dz(u),0,1,0,1,1,0,0,0,64
46,boundary,wave,inertial,u*dx(v),4.69510581907994e-07,2,0,16,1,1.44942405628144e-15,1.44902978505002e-11,64,0
46,boundary,wave,inertial,v*dy(v),4.69510581907994e-07,2,0,16,1,1.44942405628144e-15,1.44902978505002e-11,64,0
46,boundary,wave,inertial,w*dz(v),0,1,0,1,1,0,0,0,64
46,boundary,wave,mda,u*dx(eta),2.12870531225587e-08,2,0,16,1,1.05074241571636e-15,9.43924361813444e-11,64,0
46,boundary,wave,mda,v*dy(eta),2.12870531225587e-08,2,0,16,1,1.05074241571636e-15,9.43924361813444e-11,64,0
46,boundary,wave,mda,w*dz(eta),0,1,0,1,1,0,0,0,64
46,boundary,wave,mda,w*eta*dlogN2,0,1,0,1,1,0,0,0,64
46,apv,boundary,inertial,u*dx(u),4.01467046994474e-14,-1,0,1,0,1.07086509952777e-15,1.05134789762928e-11,8,0
46,apv,boundary,inertial,v*dy(u),4.01467046994474e-14,-1,0,1,0,1.07086509952777e-15,1.05134789762928e-11,8,0
46,apv,boundary,inertial,w*dz(u),0,-1,0,1,0,0,0,0,8
46,apv,boundary,inertial,u*dx(v),4.0184868240162e-14,-1,0,1,0,1.07086509952777e-15,1.05134789762928e-11,8,0
46,apv,boundary,inertial,v*dy(v),4.0184868240162e-14,-1,0,1,0,1.07086509952777e-15,1.05134789762928e-11,8,0
46,apv,boundary,inertial,w*dz(v),0,-1,0,1,0,0,0,0,8
46,apv,boundary,mda,u*dx(eta),8.30865937538962e-15,3,0,1,0,5.16486603306519e-16,1.04812451182041e-10,8,0
46,apv,boundary,mda,v*dy(eta),8.30865937538962e-15,3,0,1,0,5.16486603306519e-16,1.04812451182041e-10,8,0
46,apv,boundary,mda,w*dz(eta),0,-1,0,1,0,0,0,0,8
46,apv,boundary,mda,w*eta*dlogN2,0,-1,0,1,0,0,0,0,8
46,boundary,apv,inertial,u*dx(u),4.01449594473123e-14,1,0,-1,0,1.0841041137112e-15,1.05134789762928e-11,8,0
46,boundary,apv,inertial,v*dy(u),4.01449594473123e-14,1,0,-1,0,1.0841041137112e-15,1.05134789762928e-11,8,0
46,boundary,apv,inertial,w*dz(u),0,1,0,-1,0,0,0,0,8
46,boundary,apv,inertial,u*dx(v),4.01440494037125e-14,1,0,-1,0,1.0841041137112e-15,1.05134789762928e-11,8,0
46,boundary,apv,inertial,v*dy(v),4.01440494037125e-14,1,0,-1,0,1.0841041137112e-15,1.05134789762928e-11,8,0
46,boundary,apv,inertial,w*dz(v),0,1,0,-1,0,0,0,0,8
46,boundary,apv,mda,u*dx(eta),1.08273450640209e-13,2,0,-1,0,9.27634317030026e-16,2.66120937345009e-10,8,0
46,boundary,apv,mda,v*dy(eta),1.08273450640209e-13,2,0,-1,0,9.27634317030026e-16,2.66120937345009e-10,8,0
46,boundary,apv,mda,w*dz(eta),0,1,0,-1,0,0,0,0,8
46,boundary,apv,mda,w*eta*dlogN2,0,1,0,-1,0,0,0,0,8
46,boundary,boundary,inertial,u*dx(u),5.72841167209879e-14,2,0,1,0,2.92169806711103e-15,5.16552998783864e-10,4,0
46,boundary,boundary,inertial,v*dy(u),5.72841167209879e-14,2,0,1,0,2.92169806711103e-15,5.16552998783864e-10,4,0
46,boundary,boundary,inertial,w*dz(u),0,1,0,1,0,0,0,0,4
46,boundary,boundary,inertial,u*dx(v),5.71849558627324e-14,2,0,1,0,2.92169806711103e-15,5.16552998783864e-10,4,0
46,boundary,boundary,inertial,v*dy(v),5.71849558627324e-14,2,0,1,0,2.92169806711103e-15,5.16552998783864e-10,4,0
46,boundary,boundary,inertial,w*dz(v),0,1,0,1,0,0,0,0,4
46,boundary,boundary,mda,u*dx(eta),7.8861427113945e-13,1,0,2,0,5.32247837531062e-16,1.64154456700383e-09,4,0
46,boundary,boundary,mda,v*dy(eta),7.8861427113945e-13,1,0,2,0,5.32247837531062e-16,1.64154456700383e-09,4,0
46,boundary,boundary,mda,w*dz(eta),0,1,0,1,0,0,0,0,4
46,boundary,boundary,mda,w*eta*dlogN2,0,1,0,1,0,0,0,0,4
41,wave,wave,wave,u*dx(u),0,1,1,1,1,0,0,0,640
41,wave,wave,wave,v*dy(u),0.459636436746089,16,1,15,1,1.87891713698826e-15,1.70599090409951e-11,640,0
41,wave,wave,wave,w*dz(u),0.459640788843104,16,1,15,1,1.65771037704212e-15,8.25385228966894e-07,640,0
41,wave,wave,wave,u*dx(v),0,1,1,1,1,0,0,0,640
41,wave,wave,wave,v*dy(v),0.475153230485324,16,1,15,1,1.98372428912865e-15,3.386868563382e-11,640,0
41,wave,wave,wave,w*dz(v),0.475157732190638,16,1,15,1,1.82263326267544e-15,9.47498850739553e-07,640,0
41,wave,wave,wave,u*dx(w),0,1,1,1,1,0,0,0,640
41,wave,wave,wave,v*dy(w),0.00253249124574229,16,1,16,1,5.55111512312578e-16,3.37465611011112e-11,640,0
41,wave,wave,wave,w*dz(w),0.00253249124570097,16,1,16,1,5.55111512312578e-16,3.3898217566275e-11,640,0
41,wave,wave,wave,u*dx(eta),0,1,1,1,1,0,0,0,640
41,wave,wave,wave,v*dy(eta),0.236234294209015,16,1,16,1,1.30023373314391e-15,1.69382285974962e-11,640,0
41,wave,wave,wave,w*dz(eta),0.236234294205161,16,1,16,1,1.86590064690038e-15,1.70894409734501e-11,640,0
41,wave,wave,wave,w*eta*dlogN2,0,1,1,1,1,0,0,0,640
41,wave,apv,wave,u*dx(u),0,1,1,-1,0,0,0,0,128
41,wave,apv,wave,v*dy(u),0.000225416441359367,16,1,3,0,1.44535889948796e-15,1.38443700947732e-11,128,0
41,wave,apv,wave,w*dz(u),0.000190491011792957,16,1,3,0,1.57213267414228e-15,1.79326553606529e-11,128,0
41,wave,apv,wave,u*dx(v),0,1,1,-1,0,0,0,0,128
41,wave,apv,wave,v*dy(v),0,1,1,-1,0,0,0,0,128
41,wave,apv,wave,w*dz(v),0,1,1,-1,0,0,0,0,128
41,wave,apv,wave,u*dx(w),0,1,1,-1,0,0,0,0,128
41,wave,apv,wave,v*dy(w),0,1,1,-1,0,0,0,0,128
41,wave,apv,wave,w*dz(w),0,1,1,-1,0,0,0,0,128
41,wave,apv,wave,u*dx(eta),0,1,1,-1,0,0,0,0,128
41,wave,apv,wave,v*dy(eta),6.32750889148262e-05,16,1,3,0,1.21221382765784e-15,1.79543070170819e-11,128,0
41,wave,apv,wave,w*dz(eta),7.40308764830687e-05,16,1,3,0,2.1309555793274e-15,4.76820360972852e-10,128,0
41,wave,apv,wave,w*eta*dlogN2,0,1,1,-1,0,0,0,0,128
41,apv,wave,wave,u*dx(u),0,-1,0,1,1,0,0,0,128
41,apv,wave,wave,v*dy(u),0.00022541644135216,3,0,16,1,1.53582035823109e-15,1.69331215715829e-11,128,0
41,apv,wave,wave,w*dz(u),0,-1,0,1,1,0,0,0,128
41,apv,wave,wave,u*dx(v),0,-1,0,1,1,0,0,0,128
41,apv,wave,wave,v*dy(v),0.000232609580844788,3,0,16,1,2.8651429812618e-15,3.37414540751979e-11,128,0
41,apv,wave,wave,w*dz(v),0,-1,0,1,1,0,0,0,128
41,apv,wave,wave,u*dx(w),0,-1,0,1,1,0,0,0,128
41,apv,wave,wave,v*dy(w),8.30176686204272e-07,3,0,16,1,3.33066907387547e-16,3.57203155942898e-11,128,0
41,apv,wave,wave,w*dz(w),0,-1,0,1,1,0,0,0,128
41,apv,wave,wave,u*dx(eta),0,-1,0,1,1,0,0,0,128
41,apv,wave,wave,v*dy(eta),7.40308767472415e-05,3,0,16,1,1.16717374464305e-15,1.89115390014649e-11,128,0
41,apv,wave,wave,w*dz(eta),0,-1,0,1,1,0,0,0,128
41,apv,wave,wave,w*eta*dlogN2,0,-1,0,1,1,0,0,0,128
41,wave,boundary,wave,u*dx(u),0,1,1,1,0,0,0,0,64
41,wave,boundary,wave,v*dy(u),2.85144624053791e-05,16,1,2,0,1.64917215160033e-15,1.46561651703792e-11,64,0
41,wave,boundary,wave,w*dz(u),4.09255290306232e-05,16,1,1,0,1.42282808956055e-15,1.39882549987647e-11,64,0
41,wave,boundary,wave,u*dx(v),0,1,1,1,0,0,0,0,64
41,wave,boundary,wave,v*dy(v),0,1,1,1,0,0,0,0,64
41,wave,boundary,wave,w*dz(v),0,1,1,1,0,0,0,0,64
41,wave,boundary,wave,u*dx(w),0,1,1,1,0,0,0,0,64
41,wave,boundary,wave,v*dy(w),0,1,1,1,0,0,0,0,64
41,wave,boundary,wave,w*dz(w),0,1,1,1,0,0,0,0,64
41,wave,boundary,wave,u*dx(eta),0,1,1,1,0,0,0,0,64
41,wave,boundary,wave,v*dy(eta),1.4433445601029e-05,16,1,2,0,1.5153794894975e-15,1.38211664335586e-11,64,0
41,wave,boundary,wave,w*dz(eta),1.18694490936065e-05,16,1,1,0,1.27718326815827e-15,1.39761535677962e-11,64,0
41,wave,boundary,wave,w*eta*dlogN2,0,1,1,1,0,0,0,0,64
41,boundary,wave,wave,u*dx(u),0,1,0,1,1,0,0,0,64
41,boundary,wave,wave,v*dy(u),2.26749865521485e-05,2,0,16,1,1.42254082182959e-15,1.67990066302082e-11,64,0
41,boundary,wave,wave,w*dz(u),0,1,0,1,1,0,0,0,64
41,boundary,wave,wave,u*dx(v),0,1,0,1,1,0,0,0,64
41,boundary,wave,wave,v*dy(v),2.36188442243313e-05,2,0,16,1,1.40326552199494e-15,3.3607783223033e-11,64,0
41,boundary,wave,wave,w*dz(v),0,1,0,1,1,0,0,0,64
41,boundary,wave,wave,u*dx(w),0,1,0,1,1,0,0,0,64
41,boundary,wave,wave,v*dy(w),9.60362687280042e-08,2,0,16,1,4.44089209850063e-16,3.35553806962707e-11,64,0
41,boundary,wave,wave,w*dz(w),0,1,0,1,1,0,0,0,64
41,boundary,wave,wave,u*dx(eta),0,1,0,1,1,0,0,0,64
41,boundary,wave,wave,v*dy(eta),8.83245991501932e-06,2,0,16,1,1.12390875740753e-15,1.67468261480508e-11,64,0
41,boundary,wave,wave,w*dz(eta),0,1,0,1,1,0,0,0,64
41,boundary,wave,wave,w*eta*dlogN2,0,1,0,1,1,0,0,0,64
41,apv,boundary,wave,u*dx(u),0,-1,0,1,0,0,0,0,8
41,apv,boundary,wave,v*dy(u),2.92731452433031e-07,3,0,1,0,8.14161446905431e-16,1.06293862600637e-11,8,0
41,apv,boundary,wave,w*dz(u),0,-1,0,1,0,0,0,0,8
41,apv,boundary,wave,u*dx(v),0,-1,0,1,0,0,0,0,8
41,apv,boundary,wave,v*dy(v),0,-1,0,1,0,0,0,0,8
41,apv,boundary,wave,w*dz(v),0,-1,0,1,0,0,0,0,8
41,apv,boundary,wave,u*dx(w),0,-1,0,1,0,0,0,0,8
41,apv,boundary,wave,v*dy(w),0,-1,0,1,0,0,0,0,8
41,apv,boundary,wave,w*dz(w),0,-1,0,1,0,0,0,0,8
41,apv,boundary,wave,u*dx(eta),0,-1,0,1,0,0,0,0,8
41,apv,boundary,wave,v*dy(eta),1.30773746990178e-07,3,0,2,0,8.68423428092762e-16,9.61664081700064e-12,8,0
41,apv,boundary,wave,w*dz(eta),0,-1,0,1,0,0,0,0,8
41,apv,boundary,wave,w*eta*dlogN2,0,-1,0,1,0,0,0,0,8
41,boundary,apv,wave,u*dx(u),0,1,0,-1,0,0,0,0,8
41,boundary,apv,wave,v*dy(u),2.18160222688884e-07,1,0,3,0,1.21446264125496e-15,1.05134789762928e-11,8,0
41,boundary,apv,wave,w*dz(u),0,1,0,-1,0,0,0,0,8
41,boundary,apv,wave,u*dx(v),0,1,0,-1,0,0,0,0,8
41,boundary,apv,wave,v*dy(v),0,1,0,-1,0,0,0,0,8
41,boundary,apv,wave,w*dz(v),0,1,0,-1,0,0,0,0,8
41,boundary,apv,wave,u*dx(w),0,1,0,-1,0,0,0,0,8
41,boundary,apv,wave,v*dy(w),0,1,0,-1,0,0,0,0,8
41,boundary,apv,wave,w*dz(w),0,1,0,-1,0,0,0,0,8
41,boundary,apv,wave,u*dx(eta),0,1,0,-1,0,0,0,0,8
41,boundary,apv,wave,v*dy(eta),1.0774361946928e-07,2,0,3,0,7.03881894251728e-16,4.81019668541194e-11,8,0
41,boundary,apv,wave,w*dz(eta),0,1,0,-1,0,0,0,0,8
41,boundary,apv,wave,w*eta*dlogN2,0,1,0,-1,0,0,0,0,8
41,boundary,boundary,wave,u*dx(u),0,1,0,1,0,0,0,0,4
41,boundary,boundary,wave,v*dy(u),3.32238476452283e-08,1,0,2,0,1.41282641701832e-15,1.04661723732136e-10,4,0
41,boundary,boundary,wave,w*dz(u),0,1,0,1,0,0,0,0,4
41,boundary,boundary,wave,u*dx(v),0,1,0,1,0,0,0,0,4
41,boundary,boundary,wave,v*dy(v),0,1,0,1,0,0,0,0,4
41,boundary,boundary,wave,w*dz(v),0,1,0,1,0,0,0,0,4
41,boundary,boundary,wave,u*dx(w),0,1,0,1,0,0,0,0,4
41,boundary,boundary,wave,v*dy(w),0,1,0,1,0,0,0,0,4
41,boundary,boundary,wave,w*dz(w),0,1,0,1,0,0,0,0,4
41,boundary,boundary,wave,u*dx(eta),0,1,0,1,0,0,0,0,4
41,boundary,boundary,wave,v*dy(eta),5.04531770468822e-09,2,0,1,0,1.79461014397843e-15,1.51355002473195e-10,4,0
41,boundary,boundary,wave,w*dz(eta),0,1,0,1,0,0,0,0,4
41,boundary,boundary,wave,w*eta*dlogN2,0,1,0,1,0,0,0,0,4
39,wave,wave,wave,u*dx(u),0.48021465616485,16,1,15,1,1.98081181861251e-15,2.7585156381349e-11,640,0
39,wave,wave,wave,v*dy(u),0.48021465616485,16,1,15,1,1.98081181861251e-15,2.7585156381349e-11,640,0
39,wave,wave,wave,w*dz(u),0.480219206647297,15,1,16,1,2.1531389583326e-15,3.00098305161787e-06,640,0
39,wave,wave,wave,u*dx(v),0.459161262704653,15,-1,16,1,1.9030425588343e-15,2.7585156381349e-11,640,0
39,wave,wave,wave,v*dy(v),0.459161262704653,15,1,16,1,1.9030425588343e-15,2.7585156381349e-11,640,0
39,wave,wave,wave,w*dz(v),0.459165610141269,15,1,16,1,1.59174047316608e-15,2.43786680346887e-06,640,0
39,wave,wave,wave,u*dx(w),0.002265132464269,16,1,16,1,5.55111512312578e-16,2.74837930192007e-11,640,0
39,wave,wave,wave,v*dy(w),0.002265132464269,16,1,16,1,5.55111512312578e-16,2.74837930192007e-11,640,0
39,wave,wave,wave,w*dz(w),0.002265132464269,16,1,16,1,6.66133814775094e-16,2.74850142645278e-11,640,0
39,wave,wave,wave,u*dx(eta),0.214064606066892,16,1,16,1,1.48219522145277e-15,2.05876427017415e-11,640,0
39,wave,wave,wave,v*dy(eta),0.214064606066892,16,1,16,1,1.48219522145277e-15,2.05876427017415e-11,640,0
39,wave,wave,wave,w*dz(eta),0.214064606066892,16,1,16,1,2.30519470143458e-15,2.05887529247661e-11,640,0
39,wave,wave,wave,w*eta*dlogN2,0,1,1,1,1,0,0,0,640
39,wave,apv,wave,u*dx(u),0.000234958677519518,16,1,3,0,1.83415408763766e-15,1.58472598389519e-11,128,0
39,wave,apv,wave,v*dy(u),0.000234958677519518,16,1,3,0,1.83415408763766e-15,1.58472598389519e-11,128,0
39,wave,apv,wave,w*dz(u),0.000198742412677462,16,1,3,0,1.92911430267674e-15,1.87089207318997e-11,128,0
39,wave,apv,wave,u*dx(v),0.000225148064874434,16,1,3,0,1.35155333002663e-15,1.38443700947732e-11,128,0
39,wave,apv,wave,v*dy(v),0.000225148064874434,16,1,3,0,1.35155333002663e-15,1.38443700947732e-11,128,0
39,wave,apv,wave,w*dz(v),0.000190294431484722,16,1,2,0,1.74717451203816e-15,1.79326553606529e-11,128,0
39,wave,apv,wave,u*dx(w),0,1,1,-1,0,0,0,0,128
39,wave,apv,wave,v*dy(w),0,1,1,-1,0,0,0,0,128
39,wave,apv,wave,w*dz(w),0,1,1,-1,0,0,0,0,128
39,wave,apv,wave,u*dx(eta),5.74319209614742e-05,16,1,3,0,1.40548953365779e-15,1.7667153373708e-11,128,0
39,wave,apv,wave,v*dy(eta),5.74319209614742e-05,16,1,3,0,1.40548953365779e-15,1.7667153373708e-11,128,0
39,wave,apv,wave,w*dz(eta),6.71080262298977e-05,16,1,3,0,1.3484022742284e-15,4.76820360972852e-10,128,0
39,wave,apv,wave,w*eta*dlogN2,0,1,1,-1,0,0,0,0,128
39,apv,wave,wave,u*dx(u),0.000234958677519539,3,0,16,1,1.76781524517273e-15,1.58472949603587e-11,128,0
39,apv,wave,wave,v*dy(u),0.000234958677519539,3,0,16,1,1.76781524517273e-15,1.58472949603587e-11,128,0
39,apv,wave,wave,w*dz(u),0,-1,0,1,1,0,0,0,128
39,apv,wave,wave,u*dx(v),0.000225148064874439,3,0,16,1,1.31843184162221e-15,1.38443700947732e-11,128,0
39,apv,wave,wave,v*dy(v),0.000225148064874439,3,0,16,1,1.31843184162221e-15,1.38443700947732e-11,128,0
39,apv,wave,wave,w*dz(v),0,-1,0,1,1,0,0,0,128
39,apv,wave,wave,u*dx(w),7.42553869208502e-07,3,0,16,1,3.33066907387547e-16,1.38041800212818e-11,128,0
39,apv,wave,wave,v*dy(w),7.42553869208502e-07,3,0,16,1,3.33066907387547e-16,1.38041800212818e-11,128,0
39,apv,wave,wave,w*dz(w),0,-1,0,1,1,0,0,0,128
39,apv,wave,wave,u*dx(eta),6.71080264683688e-05,3,0,16,1,1.34550100775594e-15,1.11908454008953e-11,128,0
39,apv,wave,wave,v*dy(eta),6.71080264683688e-05,3,0,16,1,1.34550100775594e-15,1.11908454008953e-11,128,0
39,apv,wave,wave,w*dz(eta),0,-1,0,1,1,0,0,0,128
39,apv,wave,wave,w*eta*dlogN2,0,-1,0,1,1,0,0,0,128
39,wave,boundary,wave,u*dx(u),2.3925226307695e-05,16,1,2,0,1.77181357145633e-15,1.4670822788957e-11,64,0
39,wave,boundary,wave,v*dy(u),2.3925226307695e-05,16,1,2,0,1.77181357145633e-15,1.4670822788957e-11,64,0
39,wave,boundary,wave,w*dz(u),3.53014816131468e-05,16,1,1,0,1.52213564025852e-15,1.39935840692829e-11,64,0
39,wave,boundary,wave,u*dx(v),2.2635640840082e-05,16,1,2,0,1.35661276290369e-15,1.44904088728026e-11,64,0
39,wave,boundary,wave,v*dy(v),2.2635640840082e-05,16,1,2,0,1.35661276290369e-15,1.44904088728026e-11,64,0
39,wave,boundary,wave,w*dz(v),3.37148038541238e-05,16,1,1,0,1.13216978027204e-15,1.39935840692829e-11,64,0
39,wave,boundary,wave,u*dx(w),0,1,1,1,0,0,0,0,64
39,wave,boundary,wave,v*dy(w),0,1,1,1,0,0,0,0,64
39,wave,boundary,wave,w*dz(w),0,1,1,1,0,0,0,0,64
39,wave,boundary,wave,u*dx(eta),1.01109795737999e-05,16,1,1,0,7.15882421613141e-16,1.37011513245966e-11,64,0
39,wave,boundary,wave,v*dy(eta),1.01109795737999e-05,16,1,1,0,7.15882421613141e-16,1.37011513245966e-11,64,0
39,wave,boundary,wave,w*dz(eta),8.02005336633931e-06,16,1,2,0,1.18147842442923e-15,1.38874467481287e-11,64,0
39,wave,boundary,wave,w*eta*dlogN2,0,1,1,1,0,0,0,0,64
39,boundary,wave,wave,u*dx(u),2.39252263077133e-05,2,0,16,1,1.74522980988971e-15,1.46708227919127e-11,64,0
39,boundary,wave,wave,v*dy(u),2.39252263077133e-05,2,0,16,1,1.74522980988971e-15,1.46708227919127e-11,64,0
39,boundary,wave,wave,w*dz(u),0,1,0,1,1,0,0,0,64
39,boundary,wave,wave,u*dx(v),2.26356408401382e-05,2,0,16,1,1.40398715269233e-15,1.44902978505002e-11,64,0
39,boundary,wave,wave,v*dy(v),2.26356408401382e-05,2,0,16,1,1.40398715269233e-15,1.44902978505002e-11,64,0
39,boundary,wave,wave,w*dz(v),0,1,0,1,1,0,0,0,64
39,boundary,wave,wave,u*dx(w),8.58976225808625e-08,2,0,16,1,4.44089209850063e-16,1.47004630690617e-11,64,0
39,boundary,wave,wave,v*dy(w),8.58976225808625e-08,2,0,16,1,4.44089209850063e-16,1.47004630690617e-11,64,0
39,boundary,wave,wave,w*dz(w),0,1,0,1,1,0,0,0,64
39,boundary,wave,wave,u*dx(eta),8.02005335479723e-06,2,0,16,1,1.0979576803184e-15,7.80431275160254e-12,64,0
39,boundary,wave,wave,v*dy(eta),8.02005335479723e-06,2,0,16,1,1.0979576803184e-15,7.80431275160254e-12,64,0
39,boundary,wave,wave,w*dz(eta),0,1,0,1,1,0,0,0,64
39,boundary,wave,wave,w*eta*dlogN2,0,1,0,1,1,0,0,0,64
39,apv,boundary,wave,u*dx(u),2.25677271400931e-07,3,0,1,0,1.67339162718485e-15,1.0599999909578e-11,8,0
39,apv,boundary,wave,v*dy(u),2.25677271400931e-07,3,0,1,0,1.67339162718485e-15,1.0599999909578e-11,8,0
39,apv,boundary,wave,w*dz(u),0,-1,0,1,0,0,0,0,8
39,apv,boundary,wave,u*dx(v),2.18032978816058e-07,3,0,1,0,7.65256299628964e-16,1.05134789762928e-11,8,0
39,apv,boundary,wave,v*dy(v),2.18032978816058e-07,3,0,1,0,7.65256299628964e-16,1.05134789762928e-11,8,0
39,apv,boundary,wave,w*dz(v),0,-1,0,1,0,0,0,0,8
39,apv,boundary,wave,u*dx(w),0,-1,0,1,0,0,0,0,8
39,apv,boundary,wave,v*dy(w),0,-1,0,1,0,0,0,0,8
39,apv,boundary,wave,w*dz(w),0,-1,0,1,0,0,0,0,8
39,apv,boundary,wave,u*dx(eta),2.63981786903151e-08,3,0,2,0,7.51567646990977e-16,1.04884989582388e-11,8,0
39,apv,boundary,wave,v*dy(eta),2.63981786903151e-08,3,0,2,0,7.51567646990977e-16,1.04884989582388e-11,8,0
39,apv,boundary,wave,w*dz(eta),0,-1,0,1,0,0,0,0,8
39,apv,boundary,wave,w*eta*dlogN2,0,-1,0,1,0,0,0,0,8
39,boundary,apv,wave,u*dx(u),2.25677271402222e-07,1,0,3,0,1.67361293203701e-15,1.05999800701396e-11,8,0
39,boundary,apv,wave,v*dy(u),2.25677271402222e-07,1,0,3,0,1.67361293203701e-15,1.05999800701396e-11,8,0
39,boundary,apv,wave,w*dz(u),0,1,0,-1,0,0,0,0,8
39,boundary,apv,wave,u*dx(v),2.18032978817324e-07,1,0,3,0,7.32342076240194e-16,1.05134789762928e-11,8,0
39,boundary,apv,wave,v*dy(v),2.18032978817324e-07,1,0,3,0,7.32342076240194e-16,1.05134789762928e-11,8,0
39,boundary,apv,wave,w*dz(v),0,1,0,-1,0,0,0,0,8
39,boundary,apv,wave,u*dx(w),0,1,0,-1,0,0,0,0,8
39,boundary,apv,wave,v*dy(w),0,1,0,-1,0,0,0,0,8
39,boundary,apv,wave,w*dz(w),0,1,0,-1,0,0,0,0,8
39,boundary,apv,wave,u*dx(eta),9.71676609496299e-08,2,0,3,0,1.17172451151267e-15,4.81019668541194e-11,8,0
39,boundary,apv,wave,v*dy(eta),9.71676609496299e-08,2,0,3,0,1.17172451151267e-15,4.81019668541194e-11,8,0
39,boundary,apv,wave,w*dz(eta),0,1,0,-1,0,0,0,0,8
39,boundary,apv,wave,w*eta*dlogN2,0,1,0,-1,0,0,0,0,8
39,boundary,boundary,wave,u*dx(u),1.07772432563705e-08,2,0,1,0,7.95177291092743e-15,7.4476570532413e-10,4,0
39,boundary,boundary,wave,v*dy(u),1.07772432563705e-08,2,0,1,0,7.95177291092743e-15,7.4476570532413e-10,4,0
39,boundary,boundary,wave,w*dz(u),0,1,0,1,0,0,0,0,4
39,boundary,boundary,wave,u*dx(v),1.03625888881825e-08,2,0,1,0,6.43839960345228e-15,3.82075371341273e-10,4,0
39,boundary,boundary,wave,v*dy(v),1.03625888881825e-08,2,0,1,0,6.43839960345228e-15,3.82075371341273e-10,4,0
39,boundary,boundary,wave,w*dz(v),0,1,0,1,0,0,0,0,4
39,boundary,boundary,wave,u*dx(w),0,1,0,1,0,0,0,0,4
39,boundary,boundary,wave,v*dy(w),0,1,0,1,0,0,0,0,4
39,boundary,boundary,wave,w*dz(w),0,1,0,1,0,0,0,0,4
39,boundary,boundary,wave,u*dx(eta),1.72913492330752e-08,2,0,1,0,5.07624323891366e-15,5.0195692047339e-10,4,0
39,boundary,boundary,wave,v*dy(eta),1.72913492330752e-08,2,0,1,0,5.07624323891366e-15,5.0195692047339e-10,4,0
39,boundary,boundary,wave,w*dz(eta),0,1,0,1,0,0,0,0,4
39,boundary,boundary,wave,w*eta*dlogN2,0,1,0,1,0,0,0,0,4
10,wave,wave,wave,u*dx(u),0,1,1,1,1,0,0,0,640
10,wave,wave,wave,v*dy(u),0.475153230519015,16,1,15,1,2.23496798860585e-15,2.39399611245972e-11,640,0
10,wave,wave,wave,w*dz(u),0.475157732216573,16,1,15,1,1.854635016261e-15,9.47857683496581e-07,640,0
10,wave,wave,wave,u*dx(v),0,1,1,1,1,0,0,0,640
10,wave,wave,wave,v*dy(v),0.459636436779203,16,1,15,1,1.76392109867857e-15,4.07482936282122e-11,640,0
10,wave,wave,wave,w*dz(v),0.459640788868716,16,1,15,1,1.5228856245421e-15,8.25700567650717e-07,640,0
10,wave,wave,wave,u*dx(w),0,1,1,1,1,0,0,0,640
10,wave,wave,wave,v*dy(w),0.00253249124571978,16,1,16,1,5.55111512312578e-16,4.06106259731587e-11,640,0
10,wave,wave,wave,w*dz(w),0.00253249124559581,16,1,16,1,6.66133814775094e-16,4.80939732483421e-11,640,0
10,wave,wave,wave,u*dx(eta),0,1,1,1,1,0,0,0,640
10,wave,wave,wave,v*dy(eta),0.236234294207598,16,1,16,1,1.50634137901609e-15,2.38018493803338e-11,640,0
10,wave,wave,wave,w*dz(eta),0.236234294196034,16,1,16,1,2.11397345411066e-15,3.12854187001221e-11,640,0
10,wave,wave,wave,w*eta*dlogN2,0,1,1,1,1,0,0,0,640
10,wave,apv,wave,u*dx(u),0,1,1,-1,0,0,0,0,128
10,wave,apv,wave,v*dy(u),0.00023260958087106,16,1,3,0,1.61667809340485e-15,9.61083497058672e-12,128,0
10,wave,apv,wave,w*dz(u),0.000196711793908888,16,1,3,0,1.90600033561456e-15,2.56143994903368e-11,128,0
10,wave,apv,wave,u*dx(v),0,1,1,-1,0,0,0,0,128
10,wave,apv,wave,v*dy(v),0,1,1,-1,0,0,0,0,128
10,wave,apv,wave,w*dz(v),0,1,1,-1,0,0,0,0,128
10,wave,apv,wave,u*dx(w),0,1,1,-1,0,0,0,0,128
10,wave,apv,wave,v*dy(w),0,1,1,-1,0,0,0,0,128
10,wave,apv,wave,w*dz(w),0,1,1,-1,0,0,0,0,128
10,wave,apv,wave,u*dx(eta),0,1,1,-1,0,0,0,0,128
10,wave,apv,wave,v*dy(eta),6.32750889195565e-05,16,1,3,0,1.40441567570792e-15,1.98121519190408e-11,128,0
10,wave,apv,wave,w*dz(eta),7.40308764820865e-05,16,1,3,0,1.73764185687476e-15,5.05351538393484e-10,128,0
10,wave,apv,wave,w*eta*dlogN2,0,1,1,-1,0,0,0,0,128
10,apv,wave,wave,u*dx(u),0,-1,0,1,1,0,0,0,128
10,apv,wave,wave,v*dy(u),0.000232609580844791,3,0,16,1,2.02203637699254e-15,1.69331215715829e-11,128,0
10,apv,wave,wave,w*dz(u),0,-1,0,1,1,0,0,0,128
10,apv,wave,wave,u*dx(v),0,-1,0,1,1,0,0,0,128
10,apv,wave,wave,v*dy(v),0.000225416441352194,3,0,16,1,1.59266900924818e-15,3.37414540751979e-11,128,0
10,apv,wave,wave,w*dz(v),0,-1,0,1,1,0,0,0,128
10,apv,wave,wave,u*dx(w),0,-1,0,1,1,0,0,0,128
10,apv,wave,wave,v*dy(w),8.30176686204272e-07,3,0,16,1,3.33066907387547e-16,3.57203155942898e-11,128,0
10,apv,wave,wave,w*dz(w),0,-1,0,1,1,0,0,0,128
10,apv,wave,wave,u*dx(eta),0,-1,0,1,1,0,0,0,128
10,apv,wave,wave,v*dy(eta),7.40308767472415e-05,3,0,16,1,1.16717374464305e-15,1.89115390014649e-11,128,0
10,apv,wave,wave,w*dz(eta),0,-1,0,1,1,0,0,0,128
10,apv,wave,wave,w*eta*dlogN2,0,-1,0,1,1,0,0,0,128
10,wave,boundary,wave,u*dx(u),0,1,1,1,0,0,0,0,64
10,wave,boundary,wave,v*dy(u),2.99113552148369e-05,16,1,2,0,1.85581894294378e-15,6.57918164392868e-12,64,0
10,wave,boundary,wave,w*dz(u),4.2477431434801e-05,16,1,1,0,1.56664596795392e-15,1.43987044509686e-11,64,0
10,wave,boundary,wave,u*dx(v),0,1,1,1,0,0,0,0,64
10,wave,boundary,wave,v*dy(v),0,1,1,1,0,0,0,0,64
10,wave,boundary,wave,w*dz(v),0,1,1,1,0,0,0,0,64
10,wave,boundary,wave,u*dx(w),0,1,1,1,0,0,0,0,64
10,wave,boundary,wave,v*dy(w),0,1,1,1,0,0,0,0,64
10,wave,boundary,wave,w*dz(w),0,1,1,1,0,0,0,0,64
10,wave,boundary,wave,u*dx(eta),0,1,1,1,0,0,0,0,64
10,wave,boundary,wave,v*dy(eta),1.44334456009825e-05,16,1,2,0,6.66133814775094e-16,7.30127069914488e-12,64,0
10,wave,boundary,wave,w*dz(eta),1.18694490919398e-05,16,1,1,0,1.08004776800175e-15,1.44095846366099e-11,64,0
10,wave,boundary,wave,w*eta*dlogN2,0,1,1,1,0,0,0,0,64
10,boundary,wave,wave,u*dx(u),0,1,0,1,1,0,0,0,64
10,boundary,wave,wave,v*dy(u),1.76512923313263e-05,2,0,16,1,1.53290130103625e-15,1.55904178456012e-11,64,0
10,boundary,wave,wave,w*dz(u),0,1,0,1,1,0,0,0,64
10,boundary,wave,wave,u*dx(v),0,1,0,1,1,0,0,0,64
10,boundary,wave,wave,v*dy(v),1.70644592626677e-05,2,0,16,1,1.24227956722778e-15,3.23985283046113e-11,64,0
10,boundary,wave,wave,w*dz(v),0,1,0,1,1,0,0,0,64
10,boundary,wave,wave,u*dx(w),0,1,0,1,1,0,0,0,64
10,boundary,wave,wave,v*dy(w),6.66105746877023e-08,2,0,16,1,6.66133814775094e-16,3.21527249269593e-11,64,0
10,boundary,wave,wave,w*dz(w),0,1,0,1,1,0,0,0,64
10,boundary,wave,wave,u*dx(eta),0,1,0,1,1,0,0,0,64
10,boundary,wave,wave,v*dy(eta),6.22794773986673e-06,2,0,16,1,9.3236321765985e-16,3.16363148718465e-11,64,0
10,boundary,wave,wave,w*dz(eta),0,1,0,1,1,0,0,0,64
10,boundary,wave,wave,w*eta*dlogN2,0,1,0,1,1,0,0,0,64
10,apv,boundary,wave,u*dx(u),0,-1,0,1,0,0,0,0,8
10,apv,boundary,wave,v*dy(u),3.00462406067689e-07,3,0,1,0,1.06771781852951e-15,1.06293862600637e-11,8,0
10,apv,boundary,wave,w*dz(u),0,-1,0,1,0,0,0,0,8
10,apv,boundary,wave,u*dx(v),0,-1,0,1,0,0,0,0,8
10,apv,boundary,wave,v*dy(v),0,-1,0,1,0,0,0,0,8
10,apv,boundary,wave,w*dz(v),0,-1,0,1,0,0,0,0,8
10,apv,boundary,wave,u*dx(w),0,-1,0,1,0,0,0,0,8
10,apv,boundary,wave,v*dy(w),0,-1,0,1,0,0,0,0,8
10,apv,boundary,wave,w*dz(w),0,-1,0,1,0,0,0,0,8
10,apv,boundary,wave,u*dx(eta),0,-1,0,1,0,0,0,0,8
10,apv,boundary,wave,v*dy(eta),1.30773746990178e-07,3,0,2,0,8.68423428092762e-16,9.61664081700064e-12,8,0
10,apv,boundary,wave,w*dz(eta),0,-1,0,1,0,0,0,0,8
10,apv,boundary,wave,w*eta*dlogN2,0,-1,0,1,0,0,0,0,8
10,boundary,apv,wave,u*dx(u),0,1,0,-1,0,0,0,0,8
10,boundary,apv,wave,v*dy(u),5.64629167127248e-08,2,0,3,0,1.52657515268221e-15,1.25991439503537e-11,8,0
10,boundary,apv,wave,w*dz(u),0,1,0,-1,0,0,0,0,8
10,boundary,apv,wave,u*dx(v),0,1,0,-1,0,0,0,0,8
10,boundary,apv,wave,v*dy(v),0,1,0,-1,0,0,0,0,8
10,boundary,apv,wave,w*dz(v),0,1,0,-1,0,0,0,0,8
10,boundary,apv,wave,u*dx(w),0,1,0,-1,0,0,0,0,8
10,boundary,apv,wave,v*dy(w),0,1,0,-1,0,0,0,0,8
10,boundary,apv,wave,w*dz(w),0,1,0,-1,0,0,0,0,8
10,boundary,apv,wave,u*dx(eta),0,1,0,-1,0,0,0,0,8
10,boundary,apv,wave,v*dy(eta),4.14825304293309e-08,2,0,3,0,9.64318364887407e-16,6.42614850221435e-11,8,0
10,boundary,apv,wave,w*dz(eta),0,1,0,-1,0,0,0,0,8
10,boundary,apv,wave,w*eta*dlogN2,0,1,0,-1,0,0,0,0,8
10,boundary,boundary,wave,u*dx(u),0,1,0,1,0,0,0,0,4
10,boundary,boundary,wave,v*dy(u),1.87792528183504e-09,1,0,2,0,2.11682400838107e-15,2.69747289179599e-10,4,0
10,boundary,boundary,wave,w*dz(u),0,1,0,1,0,0,0,0,4
10,boundary,boundary,wave,u*dx(v),0,1,0,1,0,0,0,0,4
10,boundary,boundary,wave,v*dy(v),0,1,0,1,0,0,0,0,4
10,boundary,boundary,wave,w*dz(v),0,1,0,1,0,0,0,0,4
10,boundary,boundary,wave,u*dx(w),0,1,0,1,0,0,0,0,4
10,boundary,boundary,wave,v*dy(w),0,1,0,1,0,0,0,0,4
10,boundary,boundary,wave,w*dz(w),0,1,0,1,0,0,0,0,4
10,boundary,boundary,wave,u*dx(eta),0,1,0,1,0,0,0,0,4
10,boundary,boundary,wave,v*dy(eta),7.63006181352135e-09,2,0,1,0,3.29224815292958e-15,5.04388990849555e-10,4,0
10,boundary,boundary,wave,w*dz(eta),0,1,0,1,0,0,0,0,4
10,boundary,boundary,wave,w*eta*dlogN2,0,1,0,1,0,0,0,0,4
18,wave,wave,inertial,u*dx(u),0.00154421202392678,16,1,15,1,1.24413268496027e-15,2.84907653025357e-11,640,0
18,wave,wave,inertial,v*dy(u),0,1,1,1,1,0,0,0,640
18,wave,wave,inertial,w*dz(u),0.00154422724807066,15,1,16,1,1.44651810731089e-15,5.09941638977322e-07,640,0
18,wave,wave,inertial,u*dx(v),0.00154421202392687,16,1,15,1,1.16690327392314e-15,2.13686845995653e-11,640,0
18,wave,wave,inertial,v*dy(v),0,1,1,1,1,0,0,0,640
18,wave,wave,inertial,w*dz(v),0.00154422724807073,15,1,16,1,1.58770119335728e-15,5.09944785280873e-07,640,0
18,wave,wave,mda,u*dx(eta),3.75299154729634e-05,16,1,15,1,4.06570378255463e-15,5.05827496819605e-10,640,0
18,wave,wave,mda,v*dy(eta),0,1,1,1,1,0,0,0,640
18,wave,wave,mda,w*dz(eta),3.75299154710041e-05,15,1,16,1,4.51715355111024e-15,5.05827841128704e-10,640,0
18,wave,wave,mda,w*eta*dlogN2,0,1,1,1,1,0,0,0,640
18,wave,apv,inertial,u*dx(u),0,1,1,-1,0,0,0,0,128
18,wave,apv,inertial,v*dy(u),0,1,1,-1,0,0,0,0,128
18,wave,apv,inertial,w*dz(u),0,1,1,-1,0,0,0,0,128
18,wave,apv,inertial,u*dx(v),1.72440355026277e-05,16,1,2,0,1.19413889980392e-15,1.43207667946399e-11,128,0
18,wave,apv,inertial,v*dy(v),0,1,1,-1,0,0,0,0,128
18,wave,apv,inertial,w*dz(v),1.63946352192151e-05,16,1,3,0,1.29654124684101e-15,2.56143994903368e-11,128,0
18,wave,apv,mda,u*dx(eta),1.92341941254479e-06,15,1,3,0,1.41322384459962e-15,3.75248007000417e-10,128,0
18,wave,apv,mda,v*dy(eta),0,1,1,-1,0,0,0,0,128
18,wave,apv,mda,w*dz(eta),2.00598212690183e-06,15,1,3,0,1.85211054172545e-15,2.02904075575244e-06,128,0
18,wave,apv,mda,w*eta*dlogN2,0,1,1,-1,0,0,0,0,128
18,apv,wave,inertial,u*dx(u),0,-1,0,1,1,0,0,0,128
18,apv,wave,inertial,v*dy(u),0,-1,0,1,1,0,0,0,128
18,apv,wave,inertial,w*dz(u),0,-1,0,1,1,0,0,0,128
18,apv,wave,inertial,u*dx(v),0,-1,0,1,1,0,0,0,128
18,apv,wave,inertial,v*dy(v),0,-1,0,1,1,0,0,0,128
18,apv,wave,inertial,w*dz(v),0,-1,0,1,1,0,0,0,128
18,apv,wave,mda,u*dx(eta),0,-1,0,1,1,0,0,0,128
18,apv,wave,mda,v*dy(eta),0,-1,0,1,1,0,0,0,128
18,apv,wave,mda,w*dz(eta),0,-1,0,1,1,0,0,0,128
18,apv,wave,mda,w*eta*dlogN2,0,-1,0,1,1,0,0,0,128
18,wave,boundary,inertial,u*dx(u),0,1,1,1,0,0,0,0,64
18,wave,boundary,inertial,v*dy(u),0,1,1,1,0,0,0,0,64
18,wave,boundary,inertial,w*dz(u),0,1,1,1,0,0,0,0,64
18,wave,boundary,inertial,u*dx(v),3.64624162138303e-07,16,1,2,0,1.26081147196253e-15,1.31010757797867e-11,64,0
18,wave,boundary,inertial,v*dy(v),0,1,1,1,0,0,0,0,64
18,wave,boundary,inertial,w*dz(v),2.65469824747041e-07,16,1,1,0,1.50730133350196e-15,1.44813050440007e-11,64,0
18,wave,boundary,mda,u*dx(eta),1.15353343011895e-09,16,1,2,0,5.6563733295427e-16,5.60327234372465e-10,64,0
18,wave,boundary,mda,v*dy(eta),0,1,1,1,0,0,0,0,64
18,wave,boundary,mda,w*dz(eta),9.85746349885949e-09,16,1,1,0,2.24049775369125e-15,1.13031264523402e-10,64,0
18,wave,boundary,mda,w*eta*dlogN2,0,1,1,1,0,0,0,0,64
18,boundary,wave,inertial,u*dx(u),0,1,0,1,1,0,0,0,64
18,boundary,wave,inertial,v*dy(u),0,1,0,1,1,0,0,0,64
18,boundary,wave,inertial,w*dz(u),0,1,0,1,1,0,0,0,64
18,boundary,wave,inertial,u*dx(v),0,1,0,1,1,0,0,0,64
18,boundary,wave,inertial,v*dy(v),0,1,0,1,1,0,0,0,64
18,boundary,wave,inertial,w*dz(v),0,1,0,1,1,0,0,0,64
18,boundary,wave,mda,u*dx(eta),0,1,0,1,1,0,0,0,64
18,boundary,wave,mda,v*dy(eta),0,1,0,1,1,0,0,0,64
18,boundary,wave,mda,w*dz(eta),0,1,0,1,1,0,0,0,64
18,boundary,wave,mda,w*eta*dlogN2,0,1,0,1,1,0,0,0,64
18,apv,boundary,inertial,u*dx(u),0,-1,0,1,0,0,0,0,8
18,apv,boundary,inertial,v*dy(u),0,-1,0,1,0,0,0,0,8
18,apv,boundary,inertial,w*dz(u),0,-1,0,1,0,0,0,0,8
18,apv,boundary,inertial,u*dx(v),0,-1,0,1,0,0,0,0,8
18,apv,boundary,inertial,v*dy(v),0,-1,0,1,0,0,0,0,8
18,apv,boundary,inertial,w*dz(v),0,-1,0,1,0,0,0,0,8
18,apv,boundary,mda,u*dx(eta),0,-1,0,1,0,0,0,0,8
18,apv,boundary,mda,v*dy(eta),0,-1,0,1,0,0,0,0,8
18,apv,boundary,mda,w*dz(eta),0,-1,0,1,0,0,0,0,8
18,apv,boundary,mda,w*eta*dlogN2,0,-1,0,1,0,0,0,0,8
18,boundary,apv,inertial,u*dx(u),0,1,0,-1,0,0,0,0,8
18,boundary,apv,inertial,v*dy(u),0,1,0,-1,0,0,0,0,8
18,boundary,apv,inertial,w*dz(u),0,1,0,-1,0,0,0,0,8
18,boundary,apv,inertial,u*dx(v),0,1,0,-1,0,0,0,0,8
18,boundary,apv,inertial,v*dy(v),0,1,0,-1,0,0,0,0,8
18,boundary,apv,inertial,w*dz(v),0,1,0,-1,0,0,0,0,8
18,boundary,apv,mda,u*dx(eta),0,1,0,-1,0,0,0,0,8
18,boundary,apv,mda,v*dy(eta),0,1,0,-1,0,0,0,0,8
18,boundary,apv,mda,w*dz(eta),0,1,0,-1,0,0,0,0,8
18,boundary,apv,mda,w*eta*dlogN2,0,1,0,-1,0,0,0,0,8
18,boundary,boundary,inertial,u*dx(u),0,1,0,1,0,0,0,0,4
18,boundary,boundary,inertial,v*dy(u),0,1,0,1,0,0,0,0,4
18,boundary,boundary,inertial,w*dz(u),0,1,0,1,0,0,0,0,4
18,boundary,boundary,inertial,u*dx(v),0,1,0,1,0,0,0,0,4
18,boundary,boundary,inertial,v*dy(v),0,1,0,1,0,0,0,0,4
18,boundary,boundary,inertial,w*dz(v),0,1,0,1,0,0,0,0,4
18,boundary,boundary,mda,u*dx(eta),0,1,0,1,0,0,0,0,4
18,boundary,boundary,mda,v*dy(eta),0,1,0,1,0,0,0,0,4
18,boundary,boundary,mda,w*dz(eta),0,1,0,1,0,0,0,0,4
18,boundary,boundary,mda,w*eta*dlogN2,0,1,0,1,0,0,0,0,4
11,wave,wave,wave,u*dx(u),0,1,1,1,1,0,0,0,640
11,wave,wave,wave,v*dy(u),0.475153230519015,16,1,15,1,2.23496798860585e-15,2.39399611245972e-11,640,0
11,wave,wave,wave,w*dz(u),0.475157732216573,16,1,15,1,1.854635016261e-15,9.47857683496581e-07,640,0
11,wave,wave,wave,u*dx(v),0,1,1,1,1,0,0,0,640
11,wave,wave,wave,v*dy(v),0.459636436779203,16,1,15,1,1.76392109867857e-15,4.07482936282122e-11,640,0
11,wave,wave,wave,w*dz(v),0.459640788868716,16,1,15,1,1.5228856245421e-15,8.25700567650717e-07,640,0
11,wave,wave,wave,u*dx(w),0,1,1,1,1,0,0,0,640
11,wave,wave,wave,v*dy(w),0.00253249124571978,16,1,16,1,5.55111512312578e-16,4.06106259731587e-11,640,0
11,wave,wave,wave,w*dz(w),0.00253249124559581,16,1,16,1,6.66133814775094e-16,4.80939732483421e-11,640,0
11,wave,wave,wave,u*dx(eta),0,1,1,1,1,0,0,0,640
11,wave,wave,wave,v*dy(eta),0.236234294207598,16,1,16,1,1.50634137901609e-15,2.38018493803338e-11,640,0
11,wave,wave,wave,w*dz(eta),0.236234294196034,16,1,16,1,2.11397345411066e-15,3.12854187001221e-11,640,0
11,wave,wave,wave,w*eta*dlogN2,0,1,1,1,1,0,0,0,640
11,wave,apv,wave,u*dx(u),0,1,1,-1,0,0,0,0,128
11,wave,apv,wave,v*dy(u),0.00023260958087106,16,1,3,0,1.61667809340485e-15,9.61083497058672e-12,128,0
11,wave,apv,wave,w*dz(u),0.000196711793908888,16,1,3,0,1.90600033561456e-15,2.56143994903368e-11,128,0
11,wave,apv,wave,u*dx(v),0,1,1,-1,0,0,0,0,128
11,wave,apv,wave,v*dy(v),0,1,1,-1,0,0,0,0,128
11,wave,apv,wave,w*dz(v),0,1,1,-1,0,0,0,0,128
11,wave,apv,wave,u*dx(w),0,1,1,-1,0,0,0,0,128
11,wave,apv,wave,v*dy(w),0,1,1,-1,0,0,0,0,128
11,wave,apv,wave,w*dz(w),0,1,1,-1,0,0,0,0,128
11,wave,apv,wave,u*dx(eta),0,1,1,-1,0,0,0,0,128
11,wave,apv,wave,v*dy(eta),6.32750889195565e-05,16,1,3,0,1.40441567570792e-15,1.98121519190408e-11,128,0
11,wave,apv,wave,w*dz(eta),7.40308764820865e-05,16,1,3,0,1.73764185687476e-15,5.05351538393484e-10,128,0
11,wave,apv,wave,w*eta*dlogN2,0,1,1,-1,0,0,0,0,128
11,apv,wave,wave,u*dx(u),0,-1,0,1,1,0,0,0,128
11,apv,wave,wave,v*dy(u),0.000232609580844791,3,0,16,1,2.02203637699254e-15,1.69331215715829e-11,128,0
11,apv,wave,wave,w*dz(u),0,-1,0,1,1,0,0,0,128
11,apv,wave,wave,u*dx(v),0,-1,0,1,1,0,0,0,128
11,apv,wave,wave,v*dy(v),0.000225416441352194,3,0,16,1,1.59266900924818e-15,3.37414540751979e-11,128,0
11,apv,wave,wave,w*dz(v),0,-1,0,1,1,0,0,0,128
11,apv,wave,wave,u*dx(w),0,-1,0,1,1,0,0,0,128
11,apv,wave,wave,v*dy(w),8.30176686204272e-07,3,0,16,1,3.33066907387547e-16,3.57203155942898e-11,128,0
11,apv,wave,wave,w*dz(w),0,-1,0,1,1,0,0,0,128
11,apv,wave,wave,u*dx(eta),0,-1,0,1,1,0,0,0,128
11,apv,wave,wave,v*dy(eta),7.40308767472415e-05,3,0,16,1,1.16717374464305e-15,1.89115390014649e-11,128,0
11,apv,wave,wave,w*dz(eta),0,-1,0,1,1,0,0,0,128
11,apv,wave,wave,w*eta*dlogN2,0,-1,0,1,1,0,0,0,128
11,wave,boundary,wave,u*dx(u),0,1,1,1,0,0,0,0,64
11,wave,boundary,wave,v*dy(u),2.99113552148369e-05,16,1,2,0,1.85581894294378e-15,6.57918164392868e-12,64,0
11,wave,boundary,wave,w*dz(u),4.2477431434801e-05,16,1,1,0,1.56664596795392e-15,1.43987044509686e-11,64,0
11,wave,boundary,wave,u*dx(v),0,1,1,1,0,0,0,0,64
11,wave,boundary,wave,v*dy(v),0,1,1,1,0,0,0,0,64
11,wave,boundary,wave,w*dz(v),0,1,1,1,0,0,0,0,64
11,wave,boundary,wave,u*dx(w),0,1,1,1,0,0,0,0,64
11,wave,boundary,wave,v*dy(w),0,1,1,1,0,0,0,0,64
11,wave,boundary,wave,w*dz(w),0,1,1,1,0,0,0,0,64
11,wave,boundary,wave,u*dx(eta),0,1,1,1,0,0,0,0,64
11,wave,boundary,wave,v*dy(eta),1.44334456009825e-05,16,1,2,0,6.66133814775094e-16,7.30127069914488e-12,64,0
11,wave,boundary,wave,w*dz(eta),1.18694490919398e-05,16,1,1,0,1.08004776800175e-15,1.44095846366099e-11,64,0
11,wave,boundary,wave,w*eta*dlogN2,0,1,1,1,0,0,0,0,64
11,boundary,wave,wave,u*dx(u),0,1,0,1,1,0,0,0,64
11,boundary,wave,wave,v*dy(u),1.76512923313263e-05,2,0,16,1,1.53290130103625e-15,1.55904178456012e-11,64,0
11,boundary,wave,wave,w*dz(u),0,1,0,1,1,0,0,0,64
11,boundary,wave,wave,u*dx(v),0,1,0,1,1,0,0,0,64
11,boundary,wave,wave,v*dy(v),1.70644592626677e-05,2,0,16,1,1.24227956722778e-15,3.23985283046113e-11,64,0
11,boundary,wave,wave,w*dz(v),0,1,0,1,1,0,0,0,64
11,boundary,wave,wave,u*dx(w),0,1,0,1,1,0,0,0,64
11,boundary,wave,wave,v*dy(w),6.66105746877023e-08,2,0,16,1,6.66133814775094e-16,3.21527249269593e-11,64,0
11,boundary,wave,wave,w*dz(w),0,1,0,1,1,0,0,0,64
11,boundary,wave,wave,u*dx(eta),0,1,0,1,1,0,0,0,64
11,boundary,wave,wave,v*dy(eta),6.22794773986673e-06,2,0,16,1,9.3236321765985e-16,3.16363148718465e-11,64,0
11,boundary,wave,wave,w*dz(eta),0,1,0,1,1,0,0,0,64
11,boundary,wave,wave,w*eta*dlogN2,0,1,0,1,1,0,0,0,64
11,apv,boundary,wave,u*dx(u),0,-1,0,1,0,0,0,0,8
11,apv,boundary,wave,v*dy(u),3.00462406067689e-07,3,0,1,0,1.06771781852951e-15,1.06293862600637e-11,8,0
11,apv,boundary,wave,w*dz(u),0,-1,0,1,0,0,0,0,8
11,apv,boundary,wave,u*dx(v),0,-1,0,1,0,0,0,0,8
11,apv,boundary,wave,v*dy(v),0,-1,0,1,0,0,0,0,8
11,apv,boundary,wave,w*dz(v),0,-1,0,1,0,0,0,0,8
11,apv,boundary,wave,u*dx(w),0,-1,0,1,0,0,0,0,8
11,apv,boundary,wave,v*dy(w),0,-1,0,1,0,0,0,0,8
11,apv,boundary,wave,w*dz(w),0,-1,0,1,0,0,0,0,8
11,apv,boundary,wave,u*dx(eta),0,-1,0,1,0,0,0,0,8
11,apv,boundary,wave,v*dy(eta),1.30773746990178e-07,3,0,2,0,8.68423428092762e-16,9.61664081700064e-12,8,0
11,apv,boundary,wave,w*dz(eta),0,-1,0,1,0,0,0,0,8
11,apv,boundary,wave,w*eta*dlogN2,0,-1,0,1,0,0,0,0,8
11,boundary,apv,wave,u*dx(u),0,1,0,-1,0,0,0,0,8
11,boundary,apv,wave,v*dy(u),5.64629167127248e-08,2,0,3,0,1.52657515268221e-15,1.25991439503537e-11,8,0
11,boundary,apv,wave,w*dz(u),0,1,0,-1,0,0,0,0,8
11,boundary,apv,wave,u*dx(v),0,1,0,-1,0,0,0,0,8
11,boundary,apv,wave,v*dy(v),0,1,0,-1,0,0,0,0,8
11,boundary,apv,wave,w*dz(v),0,1,0,-1,0,0,0,0,8
11,boundary,apv,wave,u*dx(w),0,1,0,-1,0,0,0,0,8
11,boundary,apv,wave,v*dy(w),0,1,0,-1,0,0,0,0,8
11,boundary,apv,wave,w*dz(w),0,1,0,-1,0,0,0,0,8
11,boundary,apv,wave,u*dx(eta),0,1,0,-1,0,0,0,0,8
11,boundary,apv,wave,v*dy(eta),4.14825304293309e-08,2,0,3,0,9.64318364887407e-16,6.42614850221435e-11,8,0
11,boundary,apv,wave,w*dz(eta),0,1,0,-1,0,0,0,0,8
11,boundary,apv,wave,w*eta*dlogN2,0,1,0,-1,0,0,0,0,8
11,boundary,boundary,wave,u*dx(u),0,1,0,1,0,0,0,0,4
11,boundary,boundary,wave,v*dy(u),1.87792528183504e-09,1,0,2,0,2.11682400838107e-15,2.69747289179599e-10,4,0
11,boundary,boundary,wave,w*dz(u),0,1,0,1,0,0,0,0,4
11,boundary,boundary,wave,u*dx(v),0,1,0,1,0,0,0,0,4
11,boundary,boundary,wave,v*dy(v),0,1,0,1,0,0,0,0,4
11,boundary,boundary,wave,w*dz(v),0,1,0,1,0,0,0,0,4
11,boundary,boundary,wave,u*dx(w),0,1,0,1,0,0,0,0,4
11,boundary,boundary,wave,v*dy(w),0,1,0,1,0,0,0,0,4
11,boundary,boundary,wave,w*dz(w),0,1,0,1,0,0,0,0,4
11,boundary,boundary,wave,u*dx(eta),0,1,0,1,0,0,0,0,4
11,boundary,boundary,wave,v*dy(eta),7.63006181352135e-09,2,0,1,0,3.29224815292958e-15,5.04388990849555e-10,4,0
11,boundary,boundary,wave,w*dz(eta),0,1,0,1,0,0,0,0,4
11,boundary,boundary,wave,w*eta*dlogN2,0,1,0,1,0,0,0,0,4
54,wave,wave,wave,u*dx(u),0,1,1,1,1,0,0,0,640
54,wave,wave,wave,v*dy(u),0.459636436779203,15,1,16,1,1.57953816300097e-15,2.39399611245972e-11,640,0
54,wave,wave,wave,w*dz(u),0.459640788868713,15,1,16,1,1.60097941221895e-15,1.01366838234191e-06,640,0
54,wave,wave,wave,u*dx(v),0,1,1,1,1,0,0,0,640
54,wave,wave,wave,v*dy(v),0.475153230519015,15,1,16,1,2.09338563910717e-15,3.10620418275676e-11,640,0
54,wave,wave,wave,w*dz(v),0.47515773221657,15,1,16,1,1.94570125713717e-15,1.1637295855035e-06,640,0
54,wave,wave,wave,u*dx(w),0,1,1,1,1,0,0,0,640
54,wave,wave,wave,v*dy(w),0.0025324912455958,16,1,16,1,5.55111512312578e-16,3.12854187001221e-11,640,0
54,wave,wave,wave,w*dz(w),0.00253249124571978,16,1,16,1,5.55111512312578e-16,4.7732928720734e-11,640,0
54,wave,wave,wave,u*dx(eta),0,1,1,1,1,0,0,0,640
54,wave,wave,wave,v*dy(eta),0.236234294196034,16,1,16,1,1.35701758797162e-15,2.41631159525468e-11,640,0
54,wave,wave,wave,w*dz(eta),0.236234294207599,16,1,16,1,1.63626441670058e-15,4.06106259731587e-11,640,0
54,wave,wave,wave,w*eta*dlogN2,0,1,1,1,1,0,0,0,640
54,wave,apv,wave,u*dx(u),0,1,1,-1,0,0,0,0,128
54,wave,apv,wave,v*dy(u),0.000225416441352182,16,1,3,0,1.56017183252638e-15,1.6932899526978e-11,128,0
54,wave,apv,wave,w*dz(u),0.000190491011778336,16,1,3,0,1.63072696735387e-15,4.49120740597664e-11,128,0
54,wave,apv,wave,u*dx(v),0,1,1,-1,0,0,0,0,128
54,wave,apv,wave,v*dy(v),0,1,1,-1,0,0,0,0,128
54,wave,apv,wave,w*dz(v),0,1,1,-1,0,0,0,0,128
54,wave,apv,wave,u*dx(w),0,1,1,-1,0,0,0,0,128
54,wave,apv,wave,v*dy(w),0,1,1,-1,0,0,0,0,128
54,wave,apv,wave,w*dz(w),0,1,1,-1,0,0,0,0,128
54,wave,apv,wave,u*dx(eta),0,1,1,-1,0,0,0,0,128
54,wave,apv,wave,v*dy(eta),6.3275088912045e-05,16,1,3,0,1.15722575858115e-15,2.96604962812808e-11,128,0
54,wave,apv,wave,w*dz(eta),7.40308764833731e-05,16,1,3,0,1.82720508818145e-15,5.24042809146863e-10,128,0
54,wave,apv,wave,w*eta*dlogN2,0,1,1,-1,0,0,0,0,128
54,apv,wave,wave,u*dx(u),0,-1,0,1,1,0,0,0,128
54,apv,wave,wave,v*dy(u),0.000225416441378639,3,0,16,1,1.33042470989221e-15,7.30350443832796e-12,128,0
54,apv,wave,wave,w*dz(u),0,-1,0,1,1,0,0,0,128
54,apv,wave,wave,u*dx(v),0,-1,0,1,1,0,0,0,128
54,apv,wave,wave,v*dy(v),0.000232609580871231,3,0,16,1,2.26726703279251e-15,1.46853296157254e-11,128,0
54,apv,wave,wave,w*dz(v),0,-1,0,1,1,0,0,0,128
54,apv,wave,wave,u*dx(w),0,-1,0,1,1,0,0,0,128
54,apv,wave,wave,v*dy(w),8.30176686178354e-07,3,0,16,1,4.44089209850063e-16,1.64259716939341e-11,128,0
54,apv,wave,wave,w*dz(w),0,-1,0,1,1,0,0,0,128
54,apv,wave,wave,u*dx(eta),0,-1,0,1,1,0,0,0,128
54,apv,wave,wave,v*dy(eta),7.40308767459769e-05,3,0,16,1,1.40980654018837e-15,1.13199517264842e-11,128,0
54,apv,wave,wave,w*dz(eta),0,-1,0,1,1,0,0,0,128
54,apv,wave,wave,w*eta*dlogN2,0,-1,0,1,1,0,0,0,128
54,wave,boundary,wave,u*dx(u),0,1,1,1,0,0,0,0,64
54,wave,boundary,wave,v*dy(u),1.70644592634254e-05,16,1,2,0,1.55632875192504e-15,1.55904178456012e-11,64,0
54,wave,boundary,wave,w*dz(u),2.26624402829819e-05,16,1,1,0,1.19750646345454e-15,3.36892735930405e-11,64,0
54,wave,boundary,wave,u*dx(v),0,1,1,1,0,0,0,0,64
54,wave,boundary,wave,v*dy(v),0,1,1,1,0,0,0,0,64
54,wave,boundary,wave,w*dz(v),0,1,1,1,0,0,0,0,64
54,wave,boundary,wave,u*dx(w),0,1,1,1,0,0,0,0,64
54,wave,boundary,wave,v*dy(w),0,1,1,1,0,0,0,0,64
54,wave,boundary,wave,w*dz(w),0,1,1,1,0,0,0,0,64
54,wave,boundary,wave,u*dx(eta),0,1,1,1,0,0,0,0,64
54,wave,boundary,wave,v*dy(eta),7.17070940605722e-06,16,1,1,0,7.63518627820417e-16,1.69533276306311e-11,64,0
54,wave,boundary,wave,w*dz(eta),6.22794776048386e-06,16,1,2,0,1.43323019844708e-15,3.36859429239666e-11,64,0
54,wave,boundary,wave,w*eta*dlogN2,0,1,1,1,0,0,0,0,64
54,boundary,wave,wave,u*dx(u),0,1,0,1,1,0,0,0,64
54,boundary,wave,wave,v*dy(u),2.85144624061494e-05,2,0,16,1,1.66883931317293e-15,6.5794036885336e-12,64,0
54,boundary,wave,wave,w*dz(u),0,1,0,1,1,0,0,0,64
54,boundary,wave,wave,u*dx(v),0,1,0,1,1,0,0,0,64
54,boundary,wave,wave,v*dy(v),2.99113552152805e-05,2,0,16,1,1.51522446996968e-15,1.3701484391504e-11,64,0
54,boundary,wave,wave,w*dz(v),0,1,0,1,1,0,0,0,64
54,boundary,wave,wave,u*dx(w),0,1,0,1,1,0,0,0,64
54,boundary,wave,wave,v*dy(w),1.31337120384999e-07,1,0,16,1,4.44089209850063e-16,1.38580258379761e-11,64,0
54,boundary,wave,wave,w*dz(w),0,1,0,1,1,0,0,0,64
54,boundary,wave,wave,u*dx(eta),0,1,0,1,1,0,0,0,64
54,boundary,wave,wave,v*dy(eta),1.18694490921844e-05,1,0,16,1,1.47786228126624e-15,6.82236848677126e-12,64,0
54,boundary,wave,wave,w*dz(eta),0,1,0,1,1,0,0,0,64
54,boundary,wave,wave,w*eta*dlogN2,0,1,0,1,1,0,0,0,64
54,apv,boundary,wave,u*dx(u),0,-1,0,1,0,0,0,0,8
54,apv,boundary,wave,v*dy(u),5.4995901738461e-08,3,0,2,0,1.03517459459289e-15,1.25991439503537e-11,8,0
54,apv,boundary,wave,w*dz(u),0,-1,0,1,0,0,0,0,8
54,apv,boundary,wave,u*dx(v),0,-1,0,1,0,0,0,0,8
54,apv,boundary,wave,v*dy(v),0,-1,0,1,0,0,0,0,8
54,apv,boundary,wave,w*dz(v),0,-1,0,1,0,0,0,0,8
54,apv,boundary,wave,u*dx(w),0,-1,0,1,0,0,0,0,8
54,apv,boundary,wave,v*dy(w),0,-1,0,1,0,0,0,0,8
54,apv,boundary,wave,w*dz(w),0,-1,0,1,0,0,0,0,8
54,apv,boundary,wave,u*dx(eta),0,-1,0,1,0,0,0,0,8
54,apv,boundary,wave,v*dy(eta),2.05974038643566e-08,3,0,1,0,9.4354499209978e-16,1.11010090009245e-11,8,0
54,apv,boundary,wave,w*dz(eta),0,-1,0,1,0,0,0,0,8
54,apv,boundary,wave,w*eta*dlogN2,0,-1,0,1,0,0,0,0,8
54,boundary,apv,wave,u*dx(u),0,1,0,-1,0,0,0,0,8
54,boundary,apv,wave,v*dy(u),2.92731452405459e-07,1,0,3,0,7.69917393338935e-16,1.06293862600637e-11,8,0
54,boundary,apv,wave,w*dz(u),0,1,0,-1,0,0,0,0,8
54,boundary,apv,wave,u*dx(v),0,1,0,-1,0,0,0,0,8
54,boundary,apv,wave,v*dy(v),0,1,0,-1,0,0,0,0,8
54,boundary,apv,wave,w*dz(v),0,1,0,-1,0,0,0,0,8
54,boundary,apv,wave,u*dx(w),0,1,0,-1,0,0,0,0,8
54,boundary,apv,wave,v*dy(w),0,1,0,-1,0,0,0,0,8
54,boundary,apv,wave,w*dz(w),0,1,0,-1,0,0,0,0,8
54,boundary,apv,wave,u*dx(eta),0,1,0,-1,0,0,0,0,8
54,boundary,apv,wave,v*dy(eta),1.07647974128226e-07,1,0,3,0,1.0969672658432e-15,4.60541547551191e-11,8,0
54,boundary,apv,wave,w*dz(eta),0,1,0,-1,0,0,0,0,8
54,boundary,apv,wave,w*eta*dlogN2,0,1,0,-1,0,0,0,0,8
54,boundary,boundary,wave,u*dx(u),0,1,0,1,0,0,0,0,4
54,boundary,boundary,wave,v*dy(u),1.82459412632994e-09,2,0,1,0,1.98163702933193e-15,1.59644852439366e-10,4,0
54,boundary,boundary,wave,w*dz(u),0,1,0,1,0,0,0,0,4
54,boundary,boundary,wave,u*dx(v),0,1,0,1,0,0,0,0,4
54,boundary,boundary,wave,v*dy(v),0,1,0,1,0,0,0,0,4
54,boundary,boundary,wave,w*dz(v),0,1,0,1,0,0,0,0,4
54,boundary,boundary,wave,u*dx(w),0,1,0,1,0,0,0,0,4
54,boundary,boundary,wave,v*dy(w),0,1,0,1,0,0,0,0,4
54,boundary,boundary,wave,w*dz(w),0,1,0,1,0,0,0,0,4
54,boundary,boundary,wave,u*dx(eta),0,1,0,1,0,0,0,0,4
54,boundary,boundary,wave,v*dy(eta),3.13990194394157e-09,2,0,1,0,1.50191592121097e-15,1.03865138711967e-10,4,0
54,boundary,boundary,wave,w*dz(eta),0,1,0,1,0,0,0,0,4
54,boundary,boundary,wave,w*eta*dlogN2,0,1,0,1,0,0,0,0,4
2,wave,wave,wave,u*dx(u),0,1,1,1,1,0,0,0,640
2,wave,wave,wave,v*dy(u),0.475153230491228,16,1,15,1,1.83530958867841e-15,1.83149051480314e-11,640,0
2,wave,wave,wave,w*dz(u),0.475157732169578,16,1,15,1,2.32017545861917e-15,1.16462134287257e-06,640,0
2,wave,wave,wave,u*dx(v),0,1,1,1,1,0,0,0,640
2,wave,wave,wave,v*dy(v),0.459636436753551,16,1,15,1,1.52864884915399e-15,1.83643100726272e-11,640,0
2,wave,wave,wave,w*dz(v),0.459640788824483,16,1,15,1,1.83762954468131e-15,1.01443404640659e-06,640,0
2,wave,wave,wave,u*dx(w),0,1,1,1,1,0,0,0,640
2,wave,wave,wave,v*dy(w),0.00253249124555069,16,1,16,1,5.55111512312578e-16,1.82615034205469e-11,640,0
2,wave,wave,wave,w*dz(w),0.00253249124550935,16,1,16,1,5.55111512312578e-16,1.86394233381293e-11,640,0
2,wave,wave,wave,u*dx(eta),0,1,1,1,1,0,0,0,640
2,wave,wave,wave,v*dy(eta),0.236234294193193,16,1,16,1,1.55009157477196e-15,1.82249770830367e-11,640,0
2,wave,wave,wave,w*dz(eta),0.236234294189337,16,1,16,1,1.61302669462766e-15,1.86290982640003e-11,640,0
2,wave,wave,wave,w*eta*dlogN2,0,1,1,1,1,0,0,0,640
2,wave,apv,wave,u*dx(u),0,1,1,-1,0,0,0,0,128
2,wave,apv,wave,v*dy(u),0.00023260958087599,16,1,3,0,1.659341088929e-15,1.82565074169361e-11,128,0
2,wave,apv,wave,w*dz(u),0.000196711793924124,16,1,3,0,1.78736099757487e-15,2.22444285213896e-11,128,0
2,wave,apv,wave,u*dx(v),0,1,1,-1,0,0,0,0,128
2,wave,apv,wave,v*dy(v),0,1,1,-1,0,0,0,0,128
2,wave,apv,wave,w*dz(v),0,1,1,-1,0,0,0,0,128
2,wave,apv,wave,u*dx(w),0,1,1,-1,0,0,0,0,128
2,wave,apv,wave,v*dy(w),0,1,1,-1,0,0,0,0,128
2,wave,apv,wave,w*dz(w),0,1,1,-1,0,0,0,0,128
2,wave,apv,wave,u*dx(eta),0,1,1,-1,0,0,0,0,128
2,wave,apv,wave,v*dy(eta),6.32750889224585e-05,16,1,3,0,1.03213599986813e-15,2.14382828127258e-11,128,0
2,wave,apv,wave,w*dz(eta),7.40308764816663e-05,16,1,3,0,1.74496641462755e-15,4.73090455699321e-10,128,0
2,wave,apv,wave,w*eta*dlogN2,0,1,1,-1,0,0,0,0,128
2,apv,wave,wave,u*dx(u),0,-1,0,1,1,0,0,0,128
2,apv,wave,wave,v*dy(u),0.000232609580871017,3,0,16,1,1.583128001785e-15,9.61079420505601e-12,128,0
2,apv,wave,wave,w*dz(u),0,-1,0,1,1,0,0,0,128
2,apv,wave,wave,u*dx(v),0,-1,0,1,1,0,0,0,128
2,apv,wave,wave,v*dy(v),0.000225416441378802,3,0,16,1,1.84247068857873e-15,1.43207667946399e-11,128,0
2,apv,wave,wave,w*dz(v),0,-1,0,1,1,0,0,0,128
2,apv,wave,wave,u*dx(w),0,-1,0,1,1,0,0,0,128
2,apv,wave,wave,v*dy(w),8.30176686178354e-07,3,0,16,1,4.44089209850063e-16,1.64259716939341e-11,128,0
2,apv,wave,wave,w*dz(w),0,-1,0,1,1,0,0,0,128
2,apv,wave,wave,u*dx(eta),0,-1,0,1,1,0,0,0,128
2,apv,wave,wave,v*dy(eta),7.40308767459769e-05,3,0,16,1,1.40980654018837e-15,1.13199517264842e-11,128,0
2,apv,wave,wave,w*dz(eta),0,-1,0,1,1,0,0,0,128
2,apv,wave,wave,w*eta*dlogN2,0,-1,0,1,1,0,0,0,128
2,wave,boundary,wave,u*dx(u),0,1,1,1,0,0,0,0,64
2,wave,boundary,wave,v*dy(u),1.76512923267173e-05,16,1,2,0,1.64605049416339e-15,2.00932603888759e-11,64,0
2,wave,boundary,wave,w*dz(u),2.34271000152223e-05,16,1,1,0,1.40146295179753e-15,1.85559345666775e-11,64,0
2,wave,boundary,wave,u*dx(v),0,1,1,1,0,0,0,0,64
2,wave,boundary,wave,v*dy(v),0,1,1,1,0,0,0,0,64
2,wave,boundary,wave,w*dz(v),0,1,1,1,0,0,0,0,64
2,wave,boundary,wave,u*dx(w),0,1,1,1,0,0,0,0,64
2,wave,boundary,wave,v*dy(w),0,1,1,1,0,0,0,0,64
2,wave,boundary,wave,w*dz(w),0,1,1,1,0,0,0,0,64
2,wave,boundary,wave,u*dx(eta),0,1,1,1,0,0,0,0,64
2,wave,boundary,wave,v*dy(eta),7.17070940579871e-06,16,1,1,0,7.05491312744503e-16,1.87300175369387e-11,64,0
2,wave,boundary,wave,w*dz(eta),6.22794775943573e-06,16,1,2,0,1.07067782845348e-15,1.85592652357514e-11,64,0
2,wave,boundary,wave,w*eta*dlogN2,0,1,1,1,0,0,0,0,64
2,boundary,wave,wave,u*dx(u),0,1,0,1,1,0,0,0,64
2,boundary,wave,wave,v*dy(u),1.57076297042461e-05,2,0,16,1,1.57200289249507e-15,7.02393698759352e-12,64,0
2,boundary,wave,wave,w*dz(u),0,1,0,1,1,0,0,0,64
2,boundary,wave,wave,u*dx(v),0,1,0,1,1,0,0,0,64
2,boundary,wave,wave,v*dy(v),1.52118978935011e-05,2,0,16,1,1.47239977612792e-15,1.41462397351688e-11,64,0
2,boundary,wave,wave,w*dz(v),0,1,0,1,1,0,0,0,64
2,boundary,wave,wave,u*dx(w),0,1,0,1,1,0,0,0,64
2,boundary,wave,wave,v*dy(w),5.84044198939794e-08,2,0,16,1,4.44089209850063e-16,1.43607348235264e-11,64,0
2,boundary,wave,wave,w*dz(w),0,1,0,1,1,0,0,0,64
2,boundary,wave,wave,u*dx(eta),0,1,0,1,1,0,0,0,64
2,boundary,wave,wave,v*dy(eta),5.48554998740642e-06,2,0,16,1,1.02303282183722e-15,1.96802724373998e-11,64,0
2,boundary,wave,wave,w*dz(eta),0,1,0,1,1,0,0,0,64
2,boundary,wave,wave,w*eta*dlogN2,0,1,0,1,1,0,0,0,64
2,apv,boundary,wave,u*dx(u),0,-1,0,1,0,0,0,0,8
2,apv,boundary,wave,v*dy(u),5.64629167059836e-08,3,0,2,0,1.46215305894121e-15,1.25991439503537e-11,8,0
2,apv,boundary,wave,w*dz(u),0,-1,0,1,0,0,0,0,8
2,apv,boundary,wave,u*dx(v),0,-1,0,1,0,0,0,0,8
2,apv,boundary,wave,v*dy(v),0,-1,0,1,0,0,0,0,8
2,apv,boundary,wave,w*dz(v),0,-1,0,1,0,0,0,0,8
2,apv,boundary,wave,u*dx(w),0,-1,0,1,0,0,0,0,8
2,apv,boundary,wave,v*dy(w),0,-1,0,1,0,0,0,0,8
2,apv,boundary,wave,w*dz(w),0,-1,0,1,0,0,0,0,8
2,apv,boundary,wave,u*dx(eta),0,-1,0,1,0,0,0,0,8
2,apv,boundary,wave,v*dy(eta),2.05974038643566e-08,3,0,1,0,9.4354499209978e-16,1.11010090009245e-11,8,0
2,apv,boundary,wave,w*dz(eta),0,-1,0,1,0,0,0,0,8
2,apv,boundary,wave,w*eta*dlogN2,0,-1,0,1,0,0,0,0,8
2,boundary,apv,wave,u*dx(u),0,1,0,-1,0,0,0,0,8
2,boundary,apv,wave,v*dy(u),2.0639496269553e-08,2,0,3,0,1.01206045543741e-15,1.20947696302665e-11,8,0
2,boundary,apv,wave,w*dz(u),0,1,0,-1,0,0,0,0,8
2,boundary,apv,wave,u*dx(v),0,1,0,-1,0,0,0,0,8
2,boundary,apv,wave,v*dy(v),0,1,0,-1,0,0,0,0,8
2,boundary,apv,wave,w*dz(v),0,1,0,-1,0,0,0,0,8
2,boundary,apv,wave,u*dx(w),0,1,0,-1,0,0,0,0,8
2,boundary,apv,wave,v*dy(w),0,1,0,-1,0,0,0,0,8
2,boundary,apv,wave,w*dz(w),0,1,0,-1,0,0,0,0,8
2,boundary,apv,wave,u*dx(eta),0,1,0,-1,0,0,0,0,8
2,boundary,apv,wave,v*dy(eta),2.13722663492553e-08,2,0,2,0,7.20229815652461e-16,6.50894893539089e-11,8,0
2,boundary,apv,wave,w*dz(eta),0,1,0,-1,0,0,0,0,8
2,boundary,apv,wave,w*eta*dlogN2,0,1,0,-1,0,0,0,0,8
2,boundary,boundary,wave,u*dx(u),0,1,0,1,0,0,0,0,4
2,boundary,boundary,wave,v*dy(u),3.62735283251723e-08,2,0,1,0,4.1819436203434e-13,6.71995625749218e-08,4,0
2,boundary,boundary,wave,w*dz(u),0,1,0,1,0,0,0,0,4
2,boundary,boundary,wave,u*dx(v),0,1,0,1,0,0,0,0,4
2,boundary,boundary,wave,v*dy(v),0,1,0,1,0,0,0,0,4
2,boundary,boundary,wave,w*dz(v),0,1,0,1,0,0,0,0,4
2,boundary,boundary,wave,u*dx(w),0,1,0,1,0,0,0,0,4
2,boundary,boundary,wave,v*dy(w),0,1,0,1,0,0,0,0,4
2,boundary,boundary,wave,w*dz(w),0,1,0,1,0,0,0,0,4
2,boundary,boundary,wave,u*dx(eta),0,1,0,1,0,0,0,0,4
2,boundary,boundary,wave,v*dy(eta),1.36145978924804e-08,1,0,2,0,3.32726186584066e-13,2.03752974744752e-08,4,0
2,boundary,boundary,wave,w*dz(eta),0,1,0,1,0,0,0,0,4
2,boundary,boundary,wave,w*eta*dlogN2,0,1,0,1,0,0,0,0,4
9,wave,wave,inertial,u*dx(u),0.00154421202349392,15,-1,16,1,1.26455918189548e-15,3.63350460830247e-11,640,0
9,wave,wave,inertial,v*dy(u),0.00154421202349397,16,-1,15,1,1.19748978538305e-15,3.63330476815804e-11,640,0
9,wave,wave,inertial,w*dz(u),0.00154422724761023,16,1,15,1,1.47588184450912e-15,2.95070176393238e-07,640,0
9,wave,wave,inertial,u*dx(v),0.00154421202349398,15,-1,16,1,1.14560766133069e-15,3.63330476815804e-11,640,0
9,wave,wave,inertial,v*dy(v),0.00154421202349386,16,1,15,1,1.14197238639389e-15,3.63316043916484e-11,640,0
9,wave,wave,inertial,w*dz(v),0.00154422724761022,16,1,15,1,1.27330534217832e-15,2.95070175615553e-07,640,0
9,wave,wave,mda,u*dx(eta),3.75299154656393e-05,16,1,15,1,3.12704182609926e-15,5.40583363436622e-10,640,0
9,wave,wave,mda,v*dy(eta),3.75299154660727e-05,16,1,15,1,3.08584619406668e-15,5.40580747060052e-10,640,0
9,wave,wave,mda,w*dz(eta),3.75299154659532e-05,15,1,16,1,3.51485953271714e-15,5.4058314318427e-10,640,0
9,wave,wave,mda,w*eta*dlogN2,0,1,1,1,1,0,0,0,640
9,wave,apv,inertial,u*dx(u),1.7244035501626e-05,16,1,2,0,1.19084830665227e-15,1.8258172751473e-11,128,0
9,wave,apv,inertial,v*dy(u),1.72440355015818e-05,16,1,2,0,1.65338059647824e-15,1.82565074169361e-11,128,0
9,wave,apv,inertial,w*dz(u),1.63946352183675e-05,16,1,3,0,1.72585819520382e-15,2.22444285213896e-11,128,0
9,wave,apv,inertial,u*dx(v),1.7244035501626e-05,16,1,2,0,1.19084830665227e-15,1.8258172751473e-11,128,0
9,wave,apv,inertial,v*dy(v),1.72440355015818e-05,16,1,2,0,1.65338059647824e-15,1.82565074169361e-11,128,0
9,wave,apv,inertial,w*dz(v),1.63946352183675e-05,16,1,3,0,1.72585819520382e-15,2.22444285213896e-11,128,0
9,wave,apv,mda,u*dx(eta),1.92341941224922e-06,15,1,3,0,1.82232200562264e-15,3.94394193473866e-10,128,0
9,wave,apv,mda,v*dy(eta),1.92341941225268e-06,15,1,3,0,2.16478967292588e-15,3.94392813183306e-10,128,0
9,wave,apv,mda,w*dz(eta),2.00598212664765e-06,15,1,3,0,1.84833128274651e-15,2.02914607438357e-06,128,0
9,wave,apv,mda,w*eta*dlogN2,0,1,1,-1,0,0,0,0,128
9,apv,wave,inertial,u*dx(u),1.72440355016467e-05,2,0,16,1,1.09681961259631e-15,1.8258172751473e-11,128,0
9,apv,wave,inertial,v*dy(u),1.72440355016467e-05,2,0,16,1,1.09681961259631e-15,1.8258172751473e-11,128,0
9,apv,wave,inertial,w*dz(u),0,-1,0,1,1,0,0,0,128
9,apv,wave,inertial,u*dx(v),1.72440355015945e-05,2,0,16,1,1.54204458372663e-15,1.82565074169361e-11,128,0
9,apv,wave,inertial,v*dy(v),1.72440355015945e-05,2,0,16,1,1.54204458372663e-15,1.82565074169361e-11,128,0
9,apv,wave,inertial,w*dz(v),0,-1,0,1,1,0,0,0,128
9,apv,wave,mda,u*dx(eta),2.00598224484307e-06,3,0,15,1,1.9917281378284e-15,9.82212870606057e-11,128,0
9,apv,wave,mda,v*dy(eta),2.00598224484307e-06,3,0,15,1,1.9917281378284e-15,9.82212870606057e-11,128,0
9,apv,wave,mda,w*dz(eta),0,-1,0,1,1,0,0,0,128
9,apv,wave,mda,w*eta*dlogN2,0,-1,0,1,1,0,0,0,128
9,wave,boundary,inertial,u*dx(u),2.91865140810147e-07,16,1,2,0,1.3008254518742e-15,1.95166105498856e-11,64,0
9,wave,boundary,inertial,v*dy(u),2.91865140709946e-07,16,1,2,0,6.95498556760179e-16,1.95146121484413e-11,64,0
9,wave,boundary,inertial,w*dz(u),1.22989468039774e-07,16,1,1,0,1.07083621295325e-15,1.87032611620452e-11,64,0
9,wave,boundary,inertial,u*dx(v),2.91865140810147e-07,16,1,2,0,1.3008254518742e-15,1.95166105498856e-11,64,0
9,wave,boundary,inertial,v*dy(v),2.91865140709946e-07,16,1,2,0,6.95498556760179e-16,1.95146121484413e-11,64,0
9,wave,boundary,inertial,w*dz(v),1.22989468039774e-07,16,1,1,0,1.07083621295325e-15,1.87032611620452e-11,64,0
9,wave,boundary,mda,u*dx(eta),4.01380033842565e-10,16,1,2,0,5.74301826066164e-16,5.86753419490828e-10,64,0
9,wave,boundary,mda,v*dy(eta),4.01380051273437e-10,16,1,2,0,5.29324721801801e-16,5.86751937299774e-10,64,0
9,wave,boundary,mda,w*dz(eta),8.82604991634847e-09,16,1,1,0,1.39200306932693e-15,1.09950863590286e-10,64,0
9,wave,boundary,mda,w*eta*dlogN2,0,1,1,1,0,0,0,0,64
9,boundary,wave,inertial,u*dx(u),2.91865140820988e-07,2,0,16,1,1.30374266927112e-15,1.95164995275832e-11,64,0
9,boundary,wave,inertial,v*dy(u),2.91865140820988e-07,2,0,16,1,1.30374266927112e-15,1.95164995275832e-11,64,0
9,boundary,wave,inertial,w*dz(u),0,1,0,1,1,0,0,0,64
9,boundary,wave,inertial,u*dx(v),2.91865140710785e-07,2,0,16,1,6.98280868699477e-16,1.95146121484413e-11,64,0
9,boundary,wave,inertial,v*dy(v),2.91865140710785e-07,2,0,16,1,6.98280868699477e-16,1.95146121484413e-11,64,0
9,boundary,wave,inertial,w*dz(v),0,1,0,1,1,0,0,0,64
9,boundary,wave,mda,u*dx(eta),8.82605031214508e-09,1,0,16,1,1.25306445988452e-15,9.75033857576698e-11,64,0
9,boundary,wave,mda,v*dy(eta),8.82605031214508e-09,1,0,16,1,1.25306445988452e-15,9.75033857576698e-11,64,0
9,boundary,wave,mda,w*dz(eta),0,1,0,1,1,0,0,0,64
9,boundary,wave,mda,w*eta*dlogN2,0,1,0,1,1,0,0,0,64
9,apv,boundary,inertial,u*dx(u),2.44276669720991e-14,3,0,1,0,7.30171033002841e-16,1.20947696302665e-11,8,0
9,apv,boundary,inertial,v*dy(u),2.44276669720991e-14,3,0,1,0,7.30171033002841e-16,1.20947696302665e-11,8,0
9,apv,boundary,inertial,w*dz(u),0,-1,0,1,0,0,0,0,8
9,apv,boundary,inertial,u*dx(v),2.44285970232264e-14,3,0,1,0,7.30171033002841e-16,1.20947696302665e-11,8,0
9,apv,boundary,inertial,v*dy(v),2.44285970232264e-14,3,0,1,0,7.30171033002841e-16,1.20947696302665e-11,8,0
9,apv,boundary,inertial,w*dz(v),0,-1,0,1,0,0,0,0,8
9,apv,boundary,mda,u*dx(eta),8.49651807727366e-15,2,0,1,0,3.86559305535476e-16,1.0604304787821e-10,8,0
9,apv,boundary,mda,v*dy(eta),8.49651807727366e-15,2,0,1,0,3.86559305535476e-16,1.0604304787821e-10,8,0
9,apv,boundary,mda,w*dz(eta),0,-1,0,1,0,0,0,0,8
9,apv,boundary,mda,w*eta*dlogN2,0,-1,0,1,0,0,0,0,8
9,boundary,apv,inertial,u*dx(u),2.44357388158651e-14,1,0,3,0,7.19900223585445e-16,1.20947696302665e-11,8,0
9,boundary,apv,inertial,v*dy(u),2.44357388158651e-14,1,0,3,0,7.19900223585445e-16,1.20947696302665e-11,8,0
9,boundary,apv,inertial,w*dz(u),0,1,0,-1,0,0,0,0,8
9,boundary,apv,inertial,u*dx(v),2.44366685597809e-14,1,0,3,0,7.19900223585445e-16,1.20947696302665e-11,8,0
9,boundary,apv,inertial,v*dy(v),2.44366685597809e-14,1,0,3,0,7.19900223585445e-16,1.20947696302665e-11,8,0
9,boundary,apv,inertial,w*dz(v),0,1,0,-1,0,0,0,0,8
9,boundary,apv,mda,u*dx(eta),1.31372693210608e-13,2,0,-1,0,2.89430873225938e-16,3.14401294921574e-10,8,0
9,boundary,apv,mda,v*dy(eta),1.31372693210608e-13,2,0,-1,0,2.89430873225938e-16,3.14401294921574e-10,8,0
9,boundary,apv,mda,w*dz(eta),0,1,0,-1,0,0,0,0,8
9,boundary,apv,mda,w*eta*dlogN2,0,1,0,-1,0,0,0,0,8
9,boundary,boundary,inertial,u*dx(u),1.58435072084237e-11,1,0,2,0,3.80947304311795e-13,5.10296999958604e-08,4,0
9,boundary,boundary,inertial,v*dy(u),1.58435072084237e-11,1,0,2,0,3.80947304311795e-13,5.10296999958604e-08,4,0
9,boundary,boundary,inertial,w*dz(u),0,1,0,1,0,0,0,0,4
9,boundary,boundary,inertial,u*dx(v),1.58434753338095e-11,2,0,1,0,3.80947304311795e-13,5.10296999958604e-08,4,0
9,boundary,boundary,inertial,v*dy(v),1.58434753338095e-11,2,0,1,0,3.80947304311795e-13,5.10296999958604e-08,4,0
9,boundary,boundary,inertial,w*dz(v),0,1,0,1,0,0,0,0,4
9,boundary,boundary,mda,u*dx(eta),5.55697619658005e-11,1,0,2,0,9.24653769950629e-14,2.11165020604351e-07,4,0
9,boundary,boundary,mda,v*dy(eta),5.55697619658005e-11,1,0,2,0,9.24653769950629e-14,2.11165020604351e-07,4,0
9,boundary,boundary,mda,w*dz(eta),0,1,0,1,0,0,0,0,4
9,boundary,boundary,mda,w*eta*dlogN2,0,1,0,1,0,0,0,0,4
1,wave,wave,wave,u*dx(u),0,1,1,1,1,0,0,0,640
1,wave,wave,wave,v*dy(u),0.48021465623081,16,1,15,1,2.02779295024695e-15,1.82593031236279e-11,640,0
1,wave,wave,wave,w*dz(u),0.480219206706672,16,1,15,1,2.17920788093031e-15,9.85388151020357e-07,640,0
1,wave,wave,wave,u*dx(v),0,1,1,1,1,0,0,0,640
1,wave,wave,wave,v*dy(v),0.459161262768356,16,1,15,1,1.52147922623342e-15,3.38469252625373e-11,640,0
1,wave,wave,wave,w*dz(v),0.459165610198675,16,1,15,1,1.83382307065403e-15,8.00530668437625e-07,640,0
1,wave,wave,wave,u*dx(w),0,1,1,1,1,0,0,0,640
1,wave,wave,wave,v*dy(w),0.00226513246428584,16,1,16,1,5.55111512312578e-16,3.37743166767268e-11,640,0
1,wave,wave,wave,w*dz(w),0.00226513246413798,16,1,16,1,5.55111512312578e-16,3.38993277892996e-11,640,0
1,wave,wave,wave,u*dx(eta),0,1,1,1,1,0,0,0,640
1,wave,wave,wave,v*dy(eta),0.214064606068997,16,1,16,1,1.84592689085841e-15,1.82155401873274e-11,640,0
1,wave,wave,wave,w*dz(eta),0.214064606055023,16,1,16,1,1.70390081426814e-15,1.8550050384647e-11,640,0
1,wave,wave,wave,w*eta*dlogN2,0,1,1,1,1,0,0,0,640
1,wave,apv,wave,u*dx(u),0,1,1,-1,0,0,0,0,128
1,wave,apv,wave,v*dy(u),0.000234958677543584,16,1,3,0,1.75716085913216e-15,1.96733940441378e-11,128,0
1,wave,apv,wave,w*dz(u),0.000198742412722255,16,1,3,0,2.28859207813553e-15,2.28751515335926e-11,128,0
1,wave,apv,wave,u*dx(v),0,1,1,-1,0,0,0,0,128
1,wave,apv,wave,v*dy(v),0,1,1,-1,0,0,0,0,128
1,wave,apv,wave,w*dz(v),0,1,1,-1,0,0,0,0,128
1,wave,apv,wave,u*dx(w),0,1,1,-1,0,0,0,0,128
1,wave,apv,wave,v*dy(w),0,1,1,-1,0,0,0,0,128
1,wave,apv,wave,w*dz(w),0,1,1,-1,0,0,0,0,128
1,wave,apv,wave,u*dx(eta),0,1,1,-1,0,0,0,0,128
1,wave,apv,wave,v*dy(eta),5.74319209681875e-05,16,1,3,0,1.65930168566396e-15,2.11463381098249e-11,128,0
1,wave,apv,wave,w*dz(eta),6.71080262285207e-05,16,1,3,0,1.35818088153521e-15,4.73090455699321e-10,128,0
1,wave,apv,wave,w*eta*dlogN2,0,1,1,-1,0,0,0,0,128
1,apv,wave,wave,u*dx(u),0,-1,0,1,1,0,0,0,128
1,apv,wave,wave,v*dy(u),0.000234958677512755,3,0,16,1,2.14528520049473e-15,1.8447922813621e-11,128,0
1,apv,wave,wave,w*dz(u),0,-1,0,1,1,0,0,0,128
1,apv,wave,wave,u*dx(v),0,-1,0,1,1,0,0,0,128
1,apv,wave,wave,v*dy(v),0.000225148064867217,3,0,16,1,1.38135803765636e-15,3.37414540751979e-11,128,0
1,apv,wave,wave,w*dz(v),0,-1,0,1,1,0,0,0,128
1,apv,wave,wave,u*dx(w),0,-1,0,1,1,0,0,0,128
1,apv,wave,wave,v*dy(w),7.42553869218075e-07,3,0,16,1,3.33066907387547e-16,3.57203155942898e-11,128,0
1,apv,wave,wave,w*dz(w),0,-1,0,1,1,0,0,0,128
1,apv,wave,wave,u*dx(eta),0,-1,0,1,1,0,0,0,128
1,apv,wave,wave,v*dy(eta),6.71080264686324e-05,3,0,16,1,1.51683201868246e-15,1.89115390014649e-11,128,0
1,apv,wave,wave,w*dz(eta),0,-1,0,1,1,0,0,0,128
1,apv,wave,wave,w*eta*dlogN2,0,-1,0,1,1,0,0,0,128
1,wave,boundary,wave,u*dx(u),0,1,1,1,0,0,0,0,64
1,wave,boundary,wave,v*dy(u),3.0362762881468e-05,16,1,2,0,2.19510426285372e-15,1.94038118905837e-11,64,0
1,wave,boundary,wave,w*dz(u),4.29823414576231e-05,16,1,1,0,1.57126739621665e-15,1.84420256843509e-11,64,0
1,wave,boundary,wave,u*dx(v),0,1,1,1,0,0,0,0,64
1,wave,boundary,wave,v*dy(v),0,1,1,1,0,0,0,0,64
1,wave,boundary,wave,w*dz(v),0,1,1,1,0,0,0,0,64
1,wave,boundary,wave,u*dx(w),0,1,1,1,0,0,0,0,64
1,wave,boundary,wave,v*dy(w),0,1,1,1,0,0,0,0,64
1,wave,boundary,wave,w*dz(w),0,1,1,1,0,0,0,0,64
1,wave,boundary,wave,u*dx(eta),0,1,1,1,0,0,0,0,64
1,wave,boundary,wave,v*dy(eta),1.30972824321931e-05,16,1,2,0,7.71356927897578e-16,1.85688131537631e-11,64,0
1,wave,boundary,wave,w*dz(eta),1.08063944821944e-05,16,1,1,0,1.34597392268063e-15,1.84294801641727e-11,64,0
1,wave,boundary,wave,w*eta*dlogN2,0,1,1,1,0,0,0,0,64
1,boundary,wave,wave,u*dx(u),0,1,0,1,1,0,0,0,64
1,boundary,wave,wave,v*dy(u),1.58694509907515e-05,2,0,16,1,2.43687387889984e-15,1.70368164020829e-11,64,0
1,boundary,wave,wave,w*dz(u),0,1,0,1,1,0,0,0,64
1,boundary,wave,wave,u*dx(v),0,1,0,1,1,0,0,0,64
1,boundary,wave,wave,v*dy(v),1.51960774801197e-05,2,0,16,1,1.46920713857079e-15,3.38453709503028e-11,64,0
1,boundary,wave,wave,w*dz(v),0,1,0,1,1,0,0,0,64
1,boundary,wave,wave,u*dx(w),0,1,0,1,1,0,0,0,64
1,boundary,wave,wave,v*dy(w),5.22385747005759e-08,2,0,16,1,4.44089209850063e-16,3.37303518449517e-11,64,0
1,boundary,wave,wave,w*dz(w),0,1,0,1,1,0,0,0,64
1,boundary,wave,wave,u*dx(eta),0,1,0,1,1,0,0,0,64
1,boundary,wave,wave,v*dy(eta),4.96389744638512e-06,2,0,16,1,1.15475970502582e-15,2.12955262758909e-11,64,0
1,boundary,wave,wave,w*dz(eta),0,1,0,1,1,0,0,0,64
1,boundary,wave,wave,w*eta*dlogN2,0,1,0,1,1,0,0,0,64
1,apv,boundary,wave,u*dx(u),0,-1,0,1,0,0,0,0,8
1,apv,boundary,wave,v*dy(u),3.02995836849944e-07,3,0,1,0,1.3483052012201e-15,1.07982341873252e-11,8,0
1,apv,boundary,wave,w*dz(u),0,-1,0,1,0,0,0,0,8
1,apv,boundary,wave,u*dx(v),0,-1,0,1,0,0,0,0,8
1,apv,boundary,wave,v*dy(v),0,-1,0,1,0,0,0,0,8
1,apv,boundary,wave,w*dz(v),0,-1,0,1,0,0,0,0,8
1,apv,boundary,wave,u*dx(w),0,-1,0,1,0,0,0,0,8
1,apv,boundary,wave,v*dy(w),0,-1,0,1,0,0,0,0,8
1,apv,boundary,wave,w*dz(w),0,-1,0,1,0,0,0,0,8
1,apv,boundary,wave,u*dx(eta),0,-1,0,1,0,0,0,0,8
1,apv,boundary,wave,v*dy(eta),1.17943182882512e-07,3,0,2,0,9.38294210711417e-16,9.61664081700064e-12,8,0
1,apv,boundary,wave,w*dz(eta),0,-1,0,1,0,0,0,0,8
1,apv,boundary,wave,w*eta*dlogN2,0,-1,0,1,0,0,0,0,8
1,boundary,apv,wave,u*dx(u),0,1,0,-1,0,0,0,0,8
1,boundary,apv,wave,v*dy(u),2.08264856083569e-08,2,0,3,0,1.41955732346258e-15,1.23051349021922e-11,8,0
1,boundary,apv,wave,w*dz(u),0,1,0,-1,0,0,0,0,8
1,boundary,apv,wave,u*dx(v),0,1,0,-1,0,0,0,0,8
1,boundary,apv,wave,v*dy(v),0,1,0,-1,0,0,0,0,8
1,boundary,apv,wave,w*dz(v),0,1,0,-1,0,0,0,0,8
1,boundary,apv,wave,u*dx(w),0,1,0,-1,0,0,0,0,8
1,boundary,apv,wave,v*dy(w),0,1,0,-1,0,0,0,0,8
1,boundary,apv,wave,w*dz(w),0,1,0,-1,0,0,0,0,8
1,boundary,apv,wave,u*dx(eta),0,1,0,-1,0,0,0,0,8
1,boundary,apv,wave,v*dy(eta),1.92762199988985e-08,2,0,2,0,1.37134032458192e-15,6.50894893539089e-11,8,0
1,boundary,apv,wave,w*dz(eta),0,1,0,-1,0,0,0,0,8
1,boundary,apv,wave,w*eta*dlogN2,0,1,0,-1,0,0,0,0,8
1,boundary,boundary,wave,u*dx(u),0,1,0,1,0,0,0,0,4
1,boundary,boundary,wave,v*dy(u),5.05734838731689e-09,1,0,2,0,2.42122208561339e-15,1.44792170274805e-10,4,0
1,boundary,boundary,wave,w*dz(u),0,1,0,1,0,0,0,0,4
1,boundary,boundary,wave,u*dx(v),0,1,0,1,0,0,0,0,4
1,boundary,boundary,wave,v*dy(v),0,1,0,1,0,0,0,0,4
1,boundary,boundary,wave,w*dz(v),0,1,0,1,0,0,0,0,4
1,boundary,boundary,wave,u*dx(w),0,1,0,1,0,0,0,0,4
1,boundary,boundary,wave,v*dy(w),0,1,0,1,0,0,0,0,4
1,boundary,boundary,wave,w*dz(w),0,1,0,1,0,0,0,0,4
1,boundary,boundary,wave,u*dx(eta),0,1,0,1,0,0,0,0,4
1,boundary,boundary,wave,v*dy(eta),3.40702212332392e-09,2,0,1,0,4.1854544330419e-15,2.76735670318723e-10,4,0
1,boundary,boundary,wave,w*dz(eta),0,1,0,1,0,0,0,0,4
1,boundary,boundary,wave,w*eta*dlogN2,0,1,0,1,0,0,0,0,4
3,wave,wave,wave,u*dx(u),0.459636436781679,16,1,15,1,2.02546931303499e-15,3.19597681652795e-11,640,0
3,wave,wave,wave,v*dy(u),0.459636436781679,16,1,15,1,1.90289351662876e-15,3.19579918084401e-11,640,0
3,wave,wave,wave,w*dz(u),0.459640788862496,16,1,15,1,2.09923496407134e-15,2.5164033612915e-06,640,0
3,wave,wave,wave,u*dx(v),0.475153230520971,16,1,15,1,1.81682988211011e-15,3.19597681652795e-11,640,0
3,wave,wave,wave,v*dy(v),0.475153230520971,16,-1,15,1,2.36115071963449e-15,3.19579918084401e-11,640,0
3,wave,wave,wave,w*dz(v),0.47515773220954,16,1,15,1,1.78128759506675e-15,2.888787559517e-06,640,0
3,wave,wave,wave,u*dx(w),0.00253249124565586,16,1,16,1,5.55111512312578e-16,3.19559934069957e-11,640,0
3,wave,wave,wave,v*dy(w),0.00253249124565586,16,1,16,1,6.66133814775094e-16,3.19544390947613e-11,640,0
3,wave,wave,wave,w*dz(w),0.00253249124553187,16,1,16,1,5.55111512312578e-16,3.18091109008378e-11,640,0
3,wave,wave,wave,u*dx(eta),0.23623429420232,16,1,16,1,1.52023563575549e-15,2.50597320672341e-11,640,0
3,wave,wave,wave,v*dy(eta),0.23623429420232,16,1,16,1,1.52015573011281e-15,2.50582887773021e-11,640,0
3,wave,wave,wave,w*dz(eta),0.236234294190754,16,1,16,1,1.56174439165579e-15,2.49126275164713e-11,640,0
3,wave,wave,wave,w*eta*dlogN2,0,1,1,1,1,0,0,0,640
3,wave,apv,wave,u*dx(u),0.000225416441383676,16,1,3,0,1.52046352234551e-15,1.8258172751473e-11,128,0
3,wave,apv,wave,v*dy(u),0.00022541644138373,16,1,3,0,1.61681552538211e-15,1.82565074169361e-11,128,0
3,wave,apv,wave,w*dz(u),0.000190491011837583,16,1,3,0,1.53094163864395e-15,2.22444285213896e-11,128,0
3,wave,apv,wave,u*dx(v),0.000232609580875962,16,1,3,0,1.74504087451589e-15,1.8258172751473e-11,128,0
3,wave,apv,wave,v*dy(v),0.00023260958087599,16,1,3,0,1.659341088929e-15,1.82565074169361e-11,128,0
3,wave,apv,wave,w*dz(v),0.000196711793924124,16,1,3,0,1.78736099757487e-15,2.22444285213896e-11,128,0
3,wave,apv,wave,u*dx(w),0,1,1,-1,0,0,0,0,128
3,wave,apv,wave,v*dy(w),0,1,1,-1,0,0,0,0,128
3,wave,apv,wave,w*dz(w),0,1,1,-1,0,0,0,0,128
3,wave,apv,wave,u*dx(eta),6.32750889224695e-05,16,1,3,0,9.75444338397677e-16,2.14393703199627e-11,128,0
3,wave,apv,wave,v*dy(eta),6.32750889224585e-05,16,1,3,0,1.03213599986813e-15,2.14382828127258e-11,128,0
3,wave,apv,wave,w*dz(eta),7.40308764816663e-05,16,1,3,0,1.74496641462755e-15,4.73090455699321e-10,128,0
3,wave,apv,wave,w*eta*dlogN2,0,1,1,-1,0,0,0,0,128
3,apv,wave,wave,u*dx(u),0.000225416441359339,3,0,16,1,1.44410066115498e-15,1.38443700947732e-11,128,0
3,apv,wave,wave,v*dy(u),0.000225416441359339,3,0,16,1,1.44410066115498e-15,1.38443700947732e-11,128,0
3,apv,wave,wave,w*dz(u),0,-1,0,1,1,0,0,0,128
3,apv,wave,wave,u*dx(v),0.000232609580851908,3,0,16,1,1.579495727575e-15,1.43532856650237e-11,128,0
3,apv,wave,wave,v*dy(v),0.000232609580851908,3,0,16,1,1.579495727575e-15,1.43532856650237e-11,128,0
3,apv,wave,wave,w*dz(v),0,-1,0,1,1,0,0,0,128
3,apv,wave,wave,u*dx(w),8.30176686194336e-07,3,0,16,1,3.33066907387547e-16,1.38041800212818e-11,128,0
3,apv,wave,wave,v*dy(w),8.30176686194336e-07,3,0,16,1,3.33066907387547e-16,1.38041800212818e-11,128,0
3,apv,wave,wave,w*dz(w),0,-1,0,1,1,0,0,0,128
3,apv,wave,wave,u*dx(eta),7.40308767469925e-05,3,0,16,1,1.24175255880093e-15,1.128753816819e-11,128,0
3,apv,wave,wave,v*dy(eta),7.40308767469925e-05,3,0,16,1,1.24175255880093e-15,1.128753816819e-11,128,0
3,apv,wave,wave,w*dz(eta),0,-1,0,1,1,0,0,0,128
3,apv,wave,wave,w*eta*dlogN2,0,-1,0,1,1,0,0,0,128
3,wave,boundary,wave,u*dx(u),2.26749865491388e-05,16,1,2,0,1.64533959621802e-15,1.91303639596185e-11,64,0
3,wave,boundary,wave,v*dy(u),2.26749865489738e-05,16,1,2,0,1.80617773963988e-15,1.91284765804767e-11,64,0
3,wave,boundary,wave,w*dz(u),3.37544520284714e-05,16,1,1,0,1.66101802132045e-15,1.86098914056743e-11,64,0
3,wave,boundary,wave,u*dx(v),2.36188442209419e-05,16,1,2,0,1.67961494383986e-15,1.91303639596185e-11,64,0
3,wave,boundary,wave,v*dy(v),2.36188442213678e-05,16,1,2,0,1.69938988354218e-15,1.91284765804767e-11,64,0
3,wave,boundary,wave,w*dz(v),3.49211170598561e-05,16,1,1,0,1.5753744684326e-15,1.86098914056743e-11,64,0
3,wave,boundary,wave,u*dx(w),0,1,1,1,0,0,0,0,64
3,wave,boundary,wave,v*dy(w),0,1,1,1,0,0,0,0,64
3,wave,boundary,wave,w*dz(w),0,1,1,1,0,0,0,0,64
3,wave,boundary,wave,u*dx(eta),1.11653476163726e-05,16,1,1,0,8.80828207791247e-16,1.8671508783541e-11,64,0
3,wave,boundary,wave,v*dy(eta),1.11653476163655e-05,16,1,1,0,8.16609283379054e-16,1.86692883374917e-11,64,0
3,wave,boundary,wave,w*dz(eta),8.83245992706703e-06,16,1,2,0,1.38801870187991e-15,1.85034210176127e-11,64,0
3,wave,boundary,wave,w*eta*dlogN2,0,1,1,1,0,0,0,0,64
3,boundary,wave,wave,u*dx(u),1.52118978966443e-05,2,0,16,1,1.29249417412839e-15,1.42207357001212e-11,64,0
3,boundary,wave,wave,v*dy(u),1.52118978966443e-05,2,0,16,1,1.29249417412839e-15,1.42207357001212e-11,64,0
3,boundary,wave,wave,w*dz(u),0,1,0,1,1,0,0,0,64
3,boundary,wave,wave,u*dx(v),1.57076297075667e-05,2,0,16,-1,1.48595190857648e-15,1.42207357001212e-11,64,0
3,boundary,wave,wave,v*dy(v),1.57076297075667e-05,2,0,16,-1,1.48595190857648e-15,1.42207357001212e-11,64,0
3,boundary,wave,wave,w*dz(v),0,1,0,1,1,0,0,0,64
3,boundary,wave,wave,u*dx(w),5.84044199017316e-08,2,0,16,1,4.44089209850063e-16,1.66288094405331e-11,64,0
3,boundary,wave,wave,v*dy(w),5.84044199017316e-08,2,0,16,1,4.44089209850063e-16,1.66288094405331e-11,64,0
3,boundary,wave,wave,w*dz(w),0,1,0,1,1,0,0,0,64
3,boundary,wave,wave,u*dx(eta),5.48554998786137e-06,2,0,16,1,1.26145220254054e-15,2.15777059533294e-11,64,0
3,boundary,wave,wave,v*dy(eta),5.48554998786137e-06,2,0,16,1,1.26145220254054e-15,2.15777059533294e-11,64,0
3,boundary,wave,wave,w*dz(eta),0,1,0,1,1,0,0,0,64
3,boundary,wave,wave,w*eta*dlogN2,0,1,0,1,1,0,0,0,64
3,apv,boundary,wave,u*dx(u),2.18160222703633e-07,3,0,1,0,1.18603882465144e-15,1.05134789762928e-11,8,0
3,apv,boundary,wave,v*dy(u),2.18160222703633e-07,3,0,1,0,1.18603882465144e-15,1.05134789762928e-11,8,0
3,apv,boundary,wave,w*dz(u),0,-1,0,1,0,0,0,0,8
3,apv,boundary,wave,u*dx(v),2.23821524233415e-07,3,0,1,0,2.0323348298283e-15,1.05134789762928e-11,8,0
3,apv,boundary,wave,v*dy(v),2.23821524233415e-07,3,0,1,0,2.0323348298283e-15,1.05134789762928e-11,8,0
3,apv,boundary,wave,w*dz(v),0,-1,0,1,0,0,0,0,8
3,apv,boundary,wave,u*dx(w),0,-1,0,1,0,0,0,0,8
3,apv,boundary,wave,v*dy(w),0,-1,0,1,0,0,0,0,8
3,apv,boundary,wave,w*dz(w),0,-1,0,1,0,0,0,0,8
3,apv,boundary,wave,u*dx(eta),2.92542910473067e-08,3,0,2,0,7.86196993114723e-16,1.04884989582388e-11,8,0
3,apv,boundary,wave,v*dy(eta),2.92542910473067e-08,3,0,2,0,7.86196993114723e-16,1.04884989582388e-11,8,0
3,apv,boundary,wave,w*dz(eta),0,-1,0,1,0,0,0,0,8
3,apv,boundary,wave,w*eta*dlogN2,0,-1,0,1,0,0,0,0,8
3,boundary,apv,wave,u*dx(u),2.00681446869304e-08,2,0,3,0,8.53638340874219e-16,1.20947696302665e-11,8,0
3,boundary,apv,wave,v*dy(u),2.00681446869304e-08,2,0,3,0,8.53638340874219e-16,1.20947696302665e-11,8,0
3,boundary,apv,wave,w*dz(u),0,1,0,-1,0,0,0,0,8
3,boundary,apv,wave,u*dx(v),2.0639496269553e-08,2,0,3,0,1.01206045543741e-15,1.20947696302665e-11,8,0
3,boundary,apv,wave,v*dy(v),2.0639496269553e-08,2,0,3,0,1.01206045543741e-15,1.20947696302665e-11,8,0
3,boundary,apv,wave,w*dz(v),0,1,0,-1,0,0,0,0,8
3,boundary,apv,wave,u*dx(w),0,1,0,-1,0,0,0,0,8
3,boundary,apv,wave,v*dy(w),0,1,0,-1,0,0,0,0,8
3,boundary,apv,wave,w*dz(w),0,1,0,-1,0,0,0,0,8
3,boundary,apv,wave,u*dx(eta),2.13722663492553e-08,2,0,2,0,7.20229815652461e-16,6.50894893539089e-11,8,0
3,boundary,apv,wave,v*dy(eta),2.13722663492553e-08,2,0,2,0,7.20229815652461e-16,6.50894893539089e-11,8,0
3,boundary,apv,wave,w*dz(eta),0,1,0,-1,0,0,0,0,8
3,boundary,apv,wave,w*eta*dlogN2,0,1,0,-1,0,0,0,0,8
3,boundary,boundary,wave,u*dx(u),7.57224127373162e-09,1,0,2,0,1.80135395094011e-14,1.50459555925408e-09,4,0
3,boundary,boundary,wave,v*dy(u),7.57224127373162e-09,1,0,2,0,1.80135395094011e-14,1.50459555925408e-09,4,0
3,boundary,boundary,wave,w*dz(u),0,1,0,1,0,0,0,0,4
3,boundary,boundary,wave,u*dx(v),7.77166705647964e-09,1,0,2,0,2.15016803307024e-14,1.8824148967506e-09,4,0
3,boundary,boundary,wave,v*dy(v),7.77166705647964e-09,1,0,2,0,2.15016803307024e-14,1.8824148967506e-09,4,0
3,boundary,boundary,wave,w*dz(v),0,1,0,1,0,0,0,0,4
3,boundary,boundary,wave,u*dx(w),0,1,0,1,0,0,0,0,4
3,boundary,boundary,wave,v*dy(w),0,1,0,1,0,0,0,0,4
3,boundary,boundary,wave,w*dz(w),0,1,0,1,0,0,0,0,4
3,boundary,boundary,wave,u*dx(eta),7.98183915549208e-09,2,0,1,0,2.9440920902364e-14,1.73713803999588e-09,4,0
3,boundary,boundary,wave,v*dy(eta),7.98183915549208e-09,2,0,1,0,2.9440920902364e-14,1.73713803999588e-09,4,0
3,boundary,boundary,wave,w*dz(eta),0,1,0,1,0,0,0,0,4
3,boundary,boundary,wave,w*eta*dlogN2,0,1,0,1,0,0,0,0,4
